开始时间,结束时间,持续分钟数,硬异常来源,硬异常来源说明
2023-09-25 10:19:00,2023-09-25 10:19:00,1,物理超额定,风机功率之和或 ACTIVE_POWER_STATION 超过额定功率上限；明细保留但汇总剔除
2023-09-28 09:15:00,2023-09-28 09:19:00,5,风机联合连续重复,风机联合连续重复；用于计算重复风机功率扣减量，是否并入最终异常由参数控制
2023-09-28 09:15:00,2023-09-28 09:19:00,5,风机联合连续重复,风机联合连续重复；用于计算重复风机功率扣减量，是否并入最终异常由参数控制
2023-09-28 09:15:00,2023-09-28 09:19:00,5,风机联合连续重复,风机联合连续重复；用于计算重复风机功率扣减量，是否并入最终异常由参数控制
2023-09-28 09:15:00,2023-09-28 09:19:00,5,风机联合连续重复,风机联合连续重复；用于计算重复风机功率扣减量，是否并入最终异常由参数控制
2023-09-28 09:15:00,2023-09-28 09:19:00,5,风机联合连续重复,风机联合连续重复；用于计算重复风机功率扣减量，是否并入最终异常由参数控制
2023-09-28 09:15:00,2023-09-28 09:19:00,5,风机联合连续重复,风机联合连续重复；用于计算重复风机功率扣减量，是否并入最终异常由参数控制
2023-09-28 09:15:00,2023-09-28 09:19:00,5,风机联合连续重复,风机联合连续重复；用于计算重复风机功率扣减量，是否并入最终异常由参数控制
2023-09-28 09:15:00,2023-09-28 09:19:00,5,风机联合连续重复,风机联合连续重复；用于计算重复风机功率扣减量，是否并入最终异常由参数控制
2023-09-28 09:15:00,2023-09-28 09:19:00,5,风机联合连续重复,风机联合连续重复；用于计算重复风机功率扣减量，是否并入最终异常由参数控制
2023-09-28 09:15:00,2023-09-28 09:19:00,5,风机联合连续重复,风机联合连续重复；用于计算重复风机功率扣减量，是否并入最终异常由参数控制
2023-09-28 09:15:00,2023-09-28 09:19:00,5,风机联合连续重复,风机联合连续重复；用于计算重复风机功率扣减量，是否并入最终异常由参数控制
2023-09-28 09:15:00,2023-09-28 09:19:00,5,风机联合连续重复,风机联合连续重复；用于计算重复风机功率扣减量，是否并入最终异常由参数控制
2023-09-28 09:15:00,2023-09-28 09:19:00,5,风机联合连续重复,风机联合连续重复；用于计算重复风机功率扣减量，是否并入最终异常由参数控制
2023-09-28 09:15:00,2023-09-28 09:19:00,5,风机联合连续重复,风机联合连续重复；用于计算重复风机功率扣减量，是否并入最终异常由参数控制
2023-09-28 09:15:00,2023-09-28 09:19:00,5,风机联合连续重复,风机联合连续重复；用于计算重复风机功率扣减量，是否并入最终异常由参数控制
2023-09-28 09:15:00,2023-09-28 09:19:00,5,风机联合连续重复,风机联合连续重复；用于计算重复风机功率扣减量，是否并入最终异常由参数控制
2023-09-28 09:15:00,2023-09-28 09:19:00,5,风机联合连续重复,风机联合连续重复；用于计算重复风机功率扣减量，是否并入最终异常由参数控制
2023-09-28 09:15:00,2023-09-28 09:19:00,5,风机联合连续重复,风机联合连续重复；用于计算重复风机功率扣减量，是否并入最终异常由参数控制
2023-09-28 09:15:00,2023-09-28 09:19:00,5,风机联合连续重复,风机联合连续重复；用于计算重复风机功率扣减量，是否并入最终异常由参数控制
2023-09-28 09:15:00,2023-09-28 09:19:00,5,风机联合连续重复,风机联合连续重复；用于计算重复风机功率扣减量，是否并入最终异常由参数控制
2023-09-28 09:15:00,2023-09-28 09:19:00,5,风机联合连续重复,风机联合连续重复；用于计算重复风机功率扣减量，是否并入最终异常由参数控制
2023-09-28 09:15:00,2023-09-28 09:19:00,5,风机联合连续重复,风机联合连续重复；用于计算重复风机功率扣减量，是否并入最终异常由参数控制
2023-09-28 09:15:00,2023-09-28 09:19:00,5,风机联合连续重复,风机联合连续重复；用于计算重复风机功率扣减量，是否并入最终异常由参数控制
2023-09-28 09:15:00,2023-09-28 09:19:00,5,风机联合连续重复,风机联合连续重复；用于计算重复风机功率扣减量，是否并入最终异常由参数控制
2023-09-28 09:15:00,2023-09-28 09:19:00,5,风机联合连续重复,风机联合连续重复；用于计算重复风机功率扣减量，是否并入最终异常由参数控制
2023-09-28 09:15:00,2023-09-28 09:19:00,5,风机联合连续重复,风机联合连续重复；用于计算重复风机功率扣减量，是否并入最终异常由参数控制
2023-09-28 09:15:00,2023-09-28 09:19:00,5,风机联合连续重复,风机联合连续重复；用于计算重复风机功率扣减量，是否并入最终异常由参数控制
2023-09-28 09:15:00,2023-09-28 09:19:00,5,风机联合连续重复,风机联合连续重复；用于计算重复风机功率扣减量，是否并入最终异常由参数控制
2023-09-28 09:15:00,2023-09-28 09:19:00,5,风机联合连续重复,风机联合连续重复；用于计算重复风机功率扣减量，是否并入最终异常由参数控制
2023-09-28 09:15:00,2023-09-28 09:19:00,5,风机联合连续重复,风机联合连续重复；用于计算重复风机功率扣减量，是否并入最终异常由参数控制
2023-09-28 09:15:00,2023-09-28 09:19:00,5,风机联合连续重复,风机联合连续重复；用于计算重复风机功率扣减量，是否并入最终异常由参数控制
2023-09-28 09:15:00,2023-09-28 09:19:00,5,风机联合连续重复,风机联合连续重复；用于计算重复风机功率扣减量，是否并入最终异常由参数控制
2023-09-28 09:15:00,2023-09-28 09:19:00,5,风机联合连续重复,风机联合连续重复；用于计算重复风机功率扣减量，是否并入最终异常由参数控制
2023-09-28 09:15:00,2023-09-28 09:19:00,5,风机联合连续重复,风机联合连续重复；用于计算重复风机功率扣减量，是否并入最终异常由参数控制
2023-09-28 09:15:00,2023-09-28 09:19:00,5,风机联合连续重复,风机联合连续重复；用于计算重复风机功率扣减量，是否并入最终异常由参数控制
2023-09-28 09:15:00,2023-09-28 09:19:00,5,风机联合连续重复,风机联合连续重复；用于计算重复风机功率扣减量，是否并入最终异常由参数控制
2023-09-28 09:15:00,2023-09-28 09:19:00,5,风机联合连续重复,风机联合连续重复；用于计算重复风机功率扣减量，是否并入最终异常由参数控制
2023-09-28 09:15:00,2023-09-28 09:19:00,5,风机联合连续重复,风机联合连续重复；用于计算重复风机功率扣减量，是否并入最终异常由参数控制
2023-09-28 09:15:00,2023-09-28 09:19:00,5,风机联合连续重复,风机联合连续重复；用于计算重复风机功率扣减量，是否并入最终异常由参数控制
2023-09-28 09:15:00,2023-09-28 09:19:00,5,风机联合连续重复,风机联合连续重复；用于计算重复风机功率扣减量，是否并入最终异常由参数控制
2023-09-28 09:15:00,2023-09-28 09:19:00,5,风机联合连续重复,风机联合连续重复；用于计算重复风机功率扣减量，是否并入最终异常由参数控制
2023-09-28 09:15:00,2023-09-28 09:19:00,5,风机联合连续重复,风机联合连续重复；用于计算重复风机功率扣减量，是否并入最终异常由参数控制
2023-09-28 09:15:00,2023-09-28 09:19:00,5,风机联合连续重复,风机联合连续重复；用于计算重复风机功率扣减量，是否并入最终异常由参数控制
2023-09-28 09:15:00,2023-09-28 09:19:00,5,风机联合连续重复,风机联合连续重复；用于计算重复风机功率扣减量，是否并入最终异常由参数控制
2023-09-28 09:15:00,2023-09-28 09:19:00,5,风机联合连续重复,风机联合连续重复；用于计算重复风机功率扣减量，是否并入最终异常由参数控制
2023-09-28 09:15:00,2023-09-28 09:19:00,5,风机联合连续重复,风机联合连续重复；用于计算重复风机功率扣减量，是否并入最终异常由参数控制
2023-09-28 09:15:00,2023-09-28 09:19:00,5,风机联合连续重复,风机联合连续重复；用于计算重复风机功率扣减量，是否并入最终异常由参数控制
2023-09-28 09:15:00,2023-09-28 09:19:00,5,风机联合连续重复,风机联合连续重复；用于计算重复风机功率扣减量，是否并入最终异常由参数控制
2023-09-28 09:15:00,2023-09-28 09:19:00,5,风机联合连续重复,风机联合连续重复；用于计算重复风机功率扣减量，是否并入最终异常由参数控制
2023-09-28 09:15:00,2023-09-28 09:19:00,5,风机联合连续重复,风机联合连续重复；用于计算重复风机功率扣减量，是否并入最终异常由参数控制
2023-09-28 09:15:00,2023-09-28 09:19:00,5,风机联合连续重复,风机联合连续重复；用于计算重复风机功率扣减量，是否并入最终异常由参数控制
2023-09-28 09:15:00,2023-09-28 09:19:00,5,风机联合连续重复,风机联合连续重复；用于计算重复风机功率扣减量，是否并入最终异常由参数控制
2023-09-28 09:15:00,2023-09-28 09:19:00,5,风机联合连续重复,风机联合连续重复；用于计算重复风机功率扣减量，是否并入最终异常由参数控制
2023-09-28 09:15:00,2023-09-28 09:19:00,5,风机联合连续重复,风机联合连续重复；用于计算重复风机功率扣减量，是否并入最终异常由参数控制
2023-09-28 09:15:00,2023-09-28 09:19:00,5,风机联合连续重复,风机联合连续重复；用于计算重复风机功率扣减量，是否并入最终异常由参数控制
2023-09-28 09:15:00,2023-09-28 09:19:00,5,风机联合连续重复,风机联合连续重复；用于计算重复风机功率扣减量，是否并入最终异常由参数控制
2023-09-28 09:15:00,2023-09-28 09:19:00,5,风机联合连续重复,风机联合连续重复；用于计算重复风机功率扣减量，是否并入最终异常由参数控制
2023-09-28 09:15:00,2023-09-28 09:19:00,5,风机联合连续重复,风机联合连续重复；用于计算重复风机功率扣减量，是否并入最终异常由参数控制
2023-09-28 09:15:00,2023-09-28 09:19:00,5,风机联合连续重复,风机联合连续重复；用于计算重复风机功率扣减量，是否并入最终异常由参数控制
2023-09-28 09:15:00,2023-09-28 09:19:00,5,风机联合连续重复,风机联合连续重复；用于计算重复风机功率扣减量，是否并入最终异常由参数控制
2023-09-28 09:15:00,2023-09-28 09:19:00,5,风机联合连续重复,风机联合连续重复；用于计算重复风机功率扣减量，是否并入最终异常由参数控制
2023-09-28 09:15:00,2023-09-28 09:19:00,5,风机联合连续重复,风机联合连续重复；用于计算重复风机功率扣减量，是否并入最终异常由参数控制
2023-09-28 09:15:00,2023-09-28 09:19:00,5,风机联合连续重复,风机联合连续重复；用于计算重复风机功率扣减量，是否并入最终异常由参数控制
2023-09-28 09:15:00,2023-09-28 09:19:00,5,风机联合连续重复,风机联合连续重复；用于计算重复风机功率扣减量，是否并入最终异常由参数控制
2023-09-28 09:15:00,2023-09-28 09:19:00,5,风机联合连续重复,风机联合连续重复；用于计算重复风机功率扣减量，是否并入最终异常由参数控制
2023-09-28 09:15:00,2023-09-28 09:19:00,5,风机联合连续重复,风机联合连续重复；用于计算重复风机功率扣减量，是否并入最终异常由参数控制
2023-09-28 09:15:00,2023-09-28 09:19:00,5,风机联合连续重复,风机联合连续重复；用于计算重复风机功率扣减量，是否并入最终异常由参数控制
2023-09-28 09:15:00,2023-09-28 09:19:00,5,风机联合连续重复,风机联合连续重复；用于计算重复风机功率扣减量，是否并入最终异常由参数控制
2023-09-28 09:15:00,2023-09-28 09:19:00,5,风机联合连续重复,风机联合连续重复；用于计算重复风机功率扣减量，是否并入最终异常由参数控制
2023-09-28 09:15:00,2023-09-28 09:19:00,5,风机联合连续重复,风机联合连续重复；用于计算重复风机功率扣减量，是否并入最终异常由参数控制
2023-09-28 09:15:00,2023-09-28 09:19:00,5,风机联合连续重复,风机联合连续重复；用于计算重复风机功率扣减量，是否并入最终异常由参数控制
2023-09-28 09:15:00,2023-09-28 09:19:00,5,风机联合连续重复,风机联合连续重复；用于计算重复风机功率扣减量，是否并入最终异常由参数控制
2023-09-28 09:15:00,2023-09-28 09:19:00,5,风机联合连续重复,风机联合连续重复；用于计算重复风机功率扣减量，是否并入最终异常由参数控制
2023-09-28 09:15:00,2023-09-28 09:19:00,5,风机联合连续重复,风机联合连续重复；用于计算重复风机功率扣减量，是否并入最终异常由参数控制
2023-09-28 09:15:00,2023-09-28 09:19:00,5,风机联合连续重复,风机联合连续重复；用于计算重复风机功率扣减量，是否并入最终异常由参数控制
2023-09-28 09:15:00,2023-09-28 09:19:00,5,风机联合连续重复,风机联合连续重复；用于计算重复风机功率扣减量，是否并入最终异常由参数控制
2023-09-28 09:15:00,2023-09-28 09:19:00,5,风机联合连续重复,风机联合连续重复；用于计算重复风机功率扣减量，是否并入最终异常由参数控制
2023-09-28 09:15:00,2023-09-28 09:19:00,5,风机联合连续重复,风机联合连续重复；用于计算重复风机功率扣减量，是否并入最终异常由参数控制
2023-09-28 09:15:00,2023-09-28 09:19:00,5,风机联合连续重复,风机联合连续重复；用于计算重复风机功率扣减量，是否并入最终异常由参数控制
2023-09-28 09:15:00,2023-09-28 09:19:00,5,风机联合连续重复,风机联合连续重复；用于计算重复风机功率扣减量，是否并入最终异常由参数控制
2023-09-28 09:15:00,2023-09-28 09:19:00,5,风机联合连续重复,风机联合连续重复；用于计算重复风机功率扣减量，是否并入最终异常由参数控制
2023-09-28 09:15:00,2023-09-28 09:19:00,5,风机联合连续重复,风机联合连续重复；用于计算重复风机功率扣减量，是否并入最终异常由参数控制
2023-09-28 09:15:00,2023-09-28 09:19:00,5,风机联合连续重复,风机联合连续重复；用于计算重复风机功率扣减量，是否并入最终异常由参数控制
2023-09-28 09:15:00,2023-09-28 09:19:00,5,风机联合连续重复,风机联合连续重复；用于计算重复风机功率扣减量，是否并入最终异常由参数控制
2023-09-28 09:15:00,2023-09-28 09:19:00,5,风机联合连续重复,风机联合连续重复；用于计算重复风机功率扣减量，是否并入最终异常由参数控制
2023-09-28 09:15:00,2023-09-28 09:19:00,5,风机联合连续重复,风机联合连续重复；用于计算重复风机功率扣减量，是否并入最终异常由参数控制
2023-09-28 09:15:00,2023-09-28 09:19:00,5,风机联合连续重复,风机联合连续重复；用于计算重复风机功率扣减量，是否并入最终异常由参数控制
2023-09-28 09:15:00,2023-09-28 09:19:00,5,风机联合连续重复,风机联合连续重复；用于计算重复风机功率扣减量，是否并入最终异常由参数控制
2023-09-28 09:15:00,2023-09-28 09:19:00,5,风机联合连续重复,风机联合连续重复；用于计算重复风机功率扣减量，是否并入最终异常由参数控制
2023-09-28 09:15:00,2023-09-28 09:19:00,5,站端功率连续重复,ACTIVE_POWER_STATION 重复值大于阈值且持续长度大于阈值
2023-09-28 09:23:00,2023-09-28 09:27:00,5,风机联合连续重复,风机联合连续重复；用于计算重复风机功率扣减量，是否并入最终异常由参数控制
2023-09-28 09:23:00,2023-09-28 09:27:00,5,风机联合连续重复,风机联合连续重复；用于计算重复风机功率扣减量，是否并入最终异常由参数控制
2023-09-28 09:23:00,2023-09-28 09:27:00,5,风机联合连续重复,风机联合连续重复；用于计算重复风机功率扣减量，是否并入最终异常由参数控制
2023-09-28 09:23:00,2023-09-28 09:27:00,5,风机联合连续重复,风机联合连续重复；用于计算重复风机功率扣减量，是否并入最终异常由参数控制
2023-09-28 09:23:00,2023-09-28 09:27:00,5,风机联合连续重复,风机联合连续重复；用于计算重复风机功率扣减量，是否并入最终异常由参数控制
2023-09-28 09:23:00,2023-09-28 09:27:00,5,风机联合连续重复,风机联合连续重复；用于计算重复风机功率扣减量，是否并入最终异常由参数控制
2023-09-28 09:23:00,2023-09-28 09:27:00,5,风机联合连续重复,风机联合连续重复；用于计算重复风机功率扣减量，是否并入最终异常由参数控制
2023-09-28 09:23:00,2023-09-28 09:27:00,5,风机联合连续重复,风机联合连续重复；用于计算重复风机功率扣减量，是否并入最终异常由参数控制
2023-09-28 09:23:00,2023-09-28 09:27:00,5,风机联合连续重复,风机联合连续重复；用于计算重复风机功率扣减量，是否并入最终异常由参数控制
2023-09-28 09:23:00,2023-09-28 09:27:00,5,风机联合连续重复,风机联合连续重复；用于计算重复风机功率扣减量，是否并入最终异常由参数控制
2023-09-28 09:23:00,2023-09-28 09:27:00,5,风机联合连续重复,风机联合连续重复；用于计算重复风机功率扣减量，是否并入最终异常由参数控制
2023-09-28 09:23:00,2023-09-28 09:27:00,5,风机联合连续重复,风机联合连续重复；用于计算重复风机功率扣减量，是否并入最终异常由参数控制
2023-09-28 09:23:00,2023-09-28 09:27:00,5,风机联合连续重复,风机联合连续重复；用于计算重复风机功率扣减量，是否并入最终异常由参数控制
2023-09-28 09:23:00,2023-09-28 09:27:00,5,风机联合连续重复,风机联合连续重复；用于计算重复风机功率扣减量，是否并入最终异常由参数控制
2023-09-28 09:23:00,2023-09-28 09:27:00,5,风机联合连续重复,风机联合连续重复；用于计算重复风机功率扣减量，是否并入最终异常由参数控制
2023-09-28 09:23:00,2023-09-28 09:27:00,5,风机联合连续重复,风机联合连续重复；用于计算重复风机功率扣减量，是否并入最终异常由参数控制
2023-09-28 09:23:00,2023-09-28 09:27:00,5,风机联合连续重复,风机联合连续重复；用于计算重复风机功率扣减量，是否并入最终异常由参数控制
2023-09-28 09:23:00,2023-09-28 09:27:00,5,风机联合连续重复,风机联合连续重复；用于计算重复风机功率扣减量，是否并入最终异常由参数控制
2023-09-28 09:23:00,2023-09-28 09:27:00,5,风机联合连续重复,风机联合连续重复；用于计算重复风机功率扣减量，是否并入最终异常由参数控制
2023-09-28 09:23:00,2023-09-28 09:27:00,5,风机联合连续重复,风机联合连续重复；用于计算重复风机功率扣减量，是否并入最终异常由参数控制
2023-09-28 09:23:00,2023-09-28 09:27:00,5,风机联合连续重复,风机联合连续重复；用于计算重复风机功率扣减量，是否并入最终异常由参数控制
2023-09-28 09:23:00,2023-09-28 09:27:00,5,风机联合连续重复,风机联合连续重复；用于计算重复风机功率扣减量，是否并入最终异常由参数控制
2023-09-28 09:23:00,2023-09-28 09:27:00,5,风机联合连续重复,风机联合连续重复；用于计算重复风机功率扣减量，是否并入最终异常由参数控制
2023-09-28 09:23:00,2023-09-28 09:27:00,5,风机联合连续重复,风机联合连续重复；用于计算重复风机功率扣减量，是否并入最终异常由参数控制
2023-09-28 09:23:00,2023-09-28 09:27:00,5,风机联合连续重复,风机联合连续重复；用于计算重复风机功率扣减量，是否并入最终异常由参数控制
2023-09-28 09:23:00,2023-09-28 09:27:00,5,风机联合连续重复,风机联合连续重复；用于计算重复风机功率扣减量，是否并入最终异常由参数控制
2023-09-28 09:23:00,2023-09-28 09:27:00,5,风机联合连续重复,风机联合连续重复；用于计算重复风机功率扣减量，是否并入最终异常由参数控制
2023-09-28 09:23:00,2023-09-28 09:27:00,5,风机联合连续重复,风机联合连续重复；用于计算重复风机功率扣减量，是否并入最终异常由参数控制
2023-09-28 09:23:00,2023-09-28 09:27:00,5,风机联合连续重复,风机联合连续重复；用于计算重复风机功率扣减量，是否并入最终异常由参数控制
2023-09-28 09:23:00,2023-09-28 09:27:00,5,风机联合连续重复,风机联合连续重复；用于计算重复风机功率扣减量，是否并入最终异常由参数控制
2023-09-28 09:23:00,2023-09-28 09:27:00,5,风机联合连续重复,风机联合连续重复；用于计算重复风机功率扣减量，是否并入最终异常由参数控制
2023-09-28 09:23:00,2023-09-28 09:27:00,5,风机联合连续重复,风机联合连续重复；用于计算重复风机功率扣减量，是否并入最终异常由参数控制
2023-09-28 09:23:00,2023-09-28 09:27:00,5,风机联合连续重复,风机联合连续重复；用于计算重复风机功率扣减量，是否并入最终异常由参数控制
2023-09-28 09:23:00,2023-09-28 09:27:00,5,风机联合连续重复,风机联合连续重复；用于计算重复风机功率扣减量，是否并入最终异常由参数控制
2023-09-28 09:23:00,2023-09-28 09:27:00,5,风机联合连续重复,风机联合连续重复；用于计算重复风机功率扣减量，是否并入最终异常由参数控制
2023-09-28 09:23:00,2023-09-28 09:27:00,5,风机联合连续重复,风机联合连续重复；用于计算重复风机功率扣减量，是否并入最终异常由参数控制
2023-09-28 09:23:00,2023-09-28 09:27:00,5,风机联合连续重复,风机联合连续重复；用于计算重复风机功率扣减量，是否并入最终异常由参数控制
2023-09-28 09:23:00,2023-09-28 09:27:00,5,风机联合连续重复,风机联合连续重复；用于计算重复风机功率扣减量，是否并入最终异常由参数控制
2023-09-28 09:23:00,2023-09-28 09:27:00,5,风机联合连续重复,风机联合连续重复；用于计算重复风机功率扣减量，是否并入最终异常由参数控制
2023-09-28 09:23:00,2023-09-28 09:27:00,5,风机联合连续重复,风机联合连续重复；用于计算重复风机功率扣减量，是否并入最终异常由参数控制
2023-09-28 09:23:00,2023-09-28 09:27:00,5,风机联合连续重复,风机联合连续重复；用于计算重复风机功率扣减量，是否并入最终异常由参数控制
2023-09-28 09:23:00,2023-09-28 09:27:00,5,风机联合连续重复,风机联合连续重复；用于计算重复风机功率扣减量，是否并入最终异常由参数控制
2023-09-28 09:23:00,2023-09-28 09:27:00,5,风机联合连续重复,风机联合连续重复；用于计算重复风机功率扣减量，是否并入最终异常由参数控制
2023-09-28 09:23:00,2023-09-28 09:27:00,5,风机联合连续重复,风机联合连续重复；用于计算重复风机功率扣减量，是否并入最终异常由参数控制
2023-09-28 09:23:00,2023-09-28 09:27:00,5,风机联合连续重复,风机联合连续重复；用于计算重复风机功率扣减量，是否并入最终异常由参数控制
2023-09-28 09:23:00,2023-09-28 09:27:00,5,风机联合连续重复,风机联合连续重复；用于计算重复风机功率扣减量，是否并入最终异常由参数控制
2023-09-28 09:23:00,2023-09-28 09:27:00,5,风机联合连续重复,风机联合连续重复；用于计算重复风机功率扣减量，是否并入最终异常由参数控制
2023-09-28 09:23:00,2023-09-28 09:27:00,5,风机联合连续重复,风机联合连续重复；用于计算重复风机功率扣减量，是否并入最终异常由参数控制
2023-09-28 09:23:00,2023-09-28 09:27:00,5,风机联合连续重复,风机联合连续重复；用于计算重复风机功率扣减量，是否并入最终异常由参数控制
2023-09-28 09:23:00,2023-09-28 09:27:00,5,风机联合连续重复,风机联合连续重复；用于计算重复风机功率扣减量，是否并入最终异常由参数控制
2023-09-28 09:23:00,2023-09-28 09:27:00,5,风机联合连续重复,风机联合连续重复；用于计算重复风机功率扣减量，是否并入最终异常由参数控制
2023-09-28 09:23:00,2023-09-28 09:27:00,5,风机联合连续重复,风机联合连续重复；用于计算重复风机功率扣减量，是否并入最终异常由参数控制
2023-09-28 09:23:00,2023-09-28 09:27:00,5,风机联合连续重复,风机联合连续重复；用于计算重复风机功率扣减量，是否并入最终异常由参数控制
2023-09-28 09:23:00,2023-09-28 09:27:00,5,风机联合连续重复,风机联合连续重复；用于计算重复风机功率扣减量，是否并入最终异常由参数控制
2023-09-28 09:23:00,2023-09-28 09:27:00,5,风机联合连续重复,风机联合连续重复；用于计算重复风机功率扣减量，是否并入最终异常由参数控制
2023-09-28 09:23:00,2023-09-28 09:27:00,5,风机联合连续重复,风机联合连续重复；用于计算重复风机功率扣减量，是否并入最终异常由参数控制
2023-09-28 09:23:00,2023-09-28 09:27:00,5,风机联合连续重复,风机联合连续重复；用于计算重复风机功率扣减量，是否并入最终异常由参数控制
2023-09-28 09:23:00,2023-09-28 09:27:00,5,风机联合连续重复,风机联合连续重复；用于计算重复风机功率扣减量，是否并入最终异常由参数控制
2023-09-28 09:23:00,2023-09-28 09:27:00,5,风机联合连续重复,风机联合连续重复；用于计算重复风机功率扣减量，是否并入最终异常由参数控制
2023-09-28 09:23:00,2023-09-28 09:27:00,5,风机联合连续重复,风机联合连续重复；用于计算重复风机功率扣减量，是否并入最终异常由参数控制
2023-09-28 09:23:00,2023-09-28 09:27:00,5,风机联合连续重复,风机联合连续重复；用于计算重复风机功率扣减量，是否并入最终异常由参数控制
2023-09-28 09:23:00,2023-09-28 09:27:00,5,风机联合连续重复,风机联合连续重复；用于计算重复风机功率扣减量，是否并入最终异常由参数控制
2023-09-28 09:23:00,2023-09-28 09:27:00,5,风机联合连续重复,风机联合连续重复；用于计算重复风机功率扣减量，是否并入最终异常由参数控制
2023-09-28 09:23:00,2023-09-28 09:27:00,5,风机联合连续重复,风机联合连续重复；用于计算重复风机功率扣减量，是否并入最终异常由参数控制
2023-09-28 09:23:00,2023-09-28 09:27:00,5,站端功率连续重复,ACTIVE_POWER_STATION 重复值大于阈值且持续长度大于阈值
2023-09-28 09:24:00,2023-09-28 09:27:00,4,风机联合连续重复,风机联合连续重复；用于计算重复风机功率扣减量，是否并入最终异常由参数控制
2023-09-28 09:24:00,2023-09-28 09:27:00,4,风机联合连续重复,风机联合连续重复；用于计算重复风机功率扣减量，是否并入最终异常由参数控制
2023-09-28 09:24:00,2023-09-28 09:27:00,4,风机联合连续重复,风机联合连续重复；用于计算重复风机功率扣减量，是否并入最终异常由参数控制
2023-09-28 09:24:00,2023-09-28 09:27:00,4,风机联合连续重复,风机联合连续重复；用于计算重复风机功率扣减量，是否并入最终异常由参数控制
2023-09-28 09:24:00,2023-09-28 09:27:00,4,风机联合连续重复,风机联合连续重复；用于计算重复风机功率扣减量，是否并入最终异常由参数控制
2023-09-28 09:24:00,2023-09-28 09:27:00,4,风机联合连续重复,风机联合连续重复；用于计算重复风机功率扣减量，是否并入最终异常由参数控制
2023-09-28 09:24:00,2023-09-28 09:27:00,4,风机联合连续重复,风机联合连续重复；用于计算重复风机功率扣减量，是否并入最终异常由参数控制
2023-09-28 09:24:00,2023-09-28 09:27:00,4,风机联合连续重复,风机联合连续重复；用于计算重复风机功率扣减量，是否并入最终异常由参数控制
2023-09-28 09:24:00,2023-09-28 09:27:00,4,风机联合连续重复,风机联合连续重复；用于计算重复风机功率扣减量，是否并入最终异常由参数控制
2023-09-28 09:24:00,2023-09-28 09:27:00,4,风机联合连续重复,风机联合连续重复；用于计算重复风机功率扣减量，是否并入最终异常由参数控制
2023-09-28 09:24:00,2023-09-28 09:27:00,4,风机联合连续重复,风机联合连续重复；用于计算重复风机功率扣减量，是否并入最终异常由参数控制
2023-09-28 09:24:00,2023-09-28 09:27:00,4,风机联合连续重复,风机联合连续重复；用于计算重复风机功率扣减量，是否并入最终异常由参数控制
2023-09-28 09:24:00,2023-09-28 09:27:00,4,风机联合连续重复,风机联合连续重复；用于计算重复风机功率扣减量，是否并入最终异常由参数控制
2023-09-28 09:24:00,2023-09-28 09:27:00,4,风机联合连续重复,风机联合连续重复；用于计算重复风机功率扣减量，是否并入最终异常由参数控制
2023-09-28 09:24:00,2023-09-28 09:27:00,4,风机联合连续重复,风机联合连续重复；用于计算重复风机功率扣减量，是否并入最终异常由参数控制
2023-09-28 09:24:00,2023-09-28 09:27:00,4,风机联合连续重复,风机联合连续重复；用于计算重复风机功率扣减量，是否并入最终异常由参数控制
2023-09-28 09:24:00,2023-09-28 09:27:00,4,风机联合连续重复,风机联合连续重复；用于计算重复风机功率扣减量，是否并入最终异常由参数控制
2023-09-28 09:24:00,2023-09-28 09:27:00,4,风机联合连续重复,风机联合连续重复；用于计算重复风机功率扣减量，是否并入最终异常由参数控制
2023-09-28 09:24:00,2023-09-28 09:27:00,4,风机联合连续重复,风机联合连续重复；用于计算重复风机功率扣减量，是否并入最终异常由参数控制
2023-09-28 09:24:00,2023-09-28 09:27:00,4,风机联合连续重复,风机联合连续重复；用于计算重复风机功率扣减量，是否并入最终异常由参数控制
2023-09-28 09:24:00,2023-09-28 09:27:00,4,风机联合连续重复,风机联合连续重复；用于计算重复风机功率扣减量，是否并入最终异常由参数控制
2023-09-28 09:24:00,2023-09-28 09:27:00,4,风机联合连续重复,风机联合连续重复；用于计算重复风机功率扣减量，是否并入最终异常由参数控制
2023-09-28 09:24:00,2023-09-28 09:27:00,4,风机联合连续重复,风机联合连续重复；用于计算重复风机功率扣减量，是否并入最终异常由参数控制
2023-09-28 09:24:00,2023-09-28 09:27:00,4,风机联合连续重复,风机联合连续重复；用于计算重复风机功率扣减量，是否并入最终异常由参数控制
2023-09-28 09:24:00,2023-09-28 09:27:00,4,风机联合连续重复,风机联合连续重复；用于计算重复风机功率扣减量，是否并入最终异常由参数控制
2023-09-28 09:24:00,2023-09-28 09:27:00,4,风机联合连续重复,风机联合连续重复；用于计算重复风机功率扣减量，是否并入最终异常由参数控制
2023-09-28 09:24:00,2023-09-28 09:27:00,4,风机联合连续重复,风机联合连续重复；用于计算重复风机功率扣减量，是否并入最终异常由参数控制
2023-09-28 09:24:00,2023-09-28 09:27:00,4,风机联合连续重复,风机联合连续重复；用于计算重复风机功率扣减量，是否并入最终异常由参数控制
2023-09-28 09:34:00,2023-09-28 09:37:00,4,风机联合连续重复,风机联合连续重复；用于计算重复风机功率扣减量，是否并入最终异常由参数控制
2023-09-28 09:34:00,2023-09-28 09:37:00,4,风机联合连续重复,风机联合连续重复；用于计算重复风机功率扣减量，是否并入最终异常由参数控制
2023-09-28 09:34:00,2023-09-28 09:37:00,4,风机联合连续重复,风机联合连续重复；用于计算重复风机功率扣减量，是否并入最终异常由参数控制
2023-09-28 09:34:00,2023-09-28 09:37:00,4,风机联合连续重复,风机联合连续重复；用于计算重复风机功率扣减量，是否并入最终异常由参数控制
2023-09-28 09:34:00,2023-09-28 09:37:00,4,风机联合连续重复,风机联合连续重复；用于计算重复风机功率扣减量，是否并入最终异常由参数控制
2023-09-28 09:34:00,2023-09-28 09:37:00,4,风机联合连续重复,风机联合连续重复；用于计算重复风机功率扣减量，是否并入最终异常由参数控制
2023-09-28 09:34:00,2023-09-28 09:37:00,4,风机联合连续重复,风机联合连续重复；用于计算重复风机功率扣减量，是否并入最终异常由参数控制
2023-09-28 09:34:00,2023-09-28 09:37:00,4,风机联合连续重复,风机联合连续重复；用于计算重复风机功率扣减量，是否并入最终异常由参数控制
2023-09-28 09:34:00,2023-09-28 09:37:00,4,风机联合连续重复,风机联合连续重复；用于计算重复风机功率扣减量，是否并入最终异常由参数控制
2023-09-28 09:34:00,2023-09-28 09:37:00,4,风机联合连续重复,风机联合连续重复；用于计算重复风机功率扣减量，是否并入最终异常由参数控制
2023-09-28 09:34:00,2023-09-28 09:37:00,4,风机联合连续重复,风机联合连续重复；用于计算重复风机功率扣减量，是否并入最终异常由参数控制
2023-09-28 09:34:00,2023-09-28 09:37:00,4,风机联合连续重复,风机联合连续重复；用于计算重复风机功率扣减量，是否并入最终异常由参数控制
2023-09-28 09:34:00,2023-09-28 09:37:00,4,风机联合连续重复,风机联合连续重复；用于计算重复风机功率扣减量，是否并入最终异常由参数控制
2023-09-28 09:34:00,2023-09-28 09:37:00,4,风机联合连续重复,风机联合连续重复；用于计算重复风机功率扣减量，是否并入最终异常由参数控制
2023-09-28 09:34:00,2023-09-28 09:37:00,4,风机联合连续重复,风机联合连续重复；用于计算重复风机功率扣减量，是否并入最终异常由参数控制
2023-09-28 09:34:00,2023-09-28 09:37:00,4,风机联合连续重复,风机联合连续重复；用于计算重复风机功率扣减量，是否并入最终异常由参数控制
2023-09-28 09:34:00,2023-09-28 09:37:00,4,风机联合连续重复,风机联合连续重复；用于计算重复风机功率扣减量，是否并入最终异常由参数控制
2023-09-28 09:34:00,2023-09-28 09:37:00,4,风机联合连续重复,风机联合连续重复；用于计算重复风机功率扣减量，是否并入最终异常由参数控制
2023-09-28 09:34:00,2023-09-28 09:37:00,4,风机联合连续重复,风机联合连续重复；用于计算重复风机功率扣减量，是否并入最终异常由参数控制
2023-09-28 09:34:00,2023-09-28 09:37:00,4,风机联合连续重复,风机联合连续重复；用于计算重复风机功率扣减量，是否并入最终异常由参数控制
2023-09-28 09:34:00,2023-09-28 09:37:00,4,风机联合连续重复,风机联合连续重复；用于计算重复风机功率扣减量，是否并入最终异常由参数控制
2023-09-28 09:34:00,2023-09-28 09:37:00,4,风机联合连续重复,风机联合连续重复；用于计算重复风机功率扣减量，是否并入最终异常由参数控制
2023-09-28 09:34:00,2023-09-28 09:37:00,4,风机联合连续重复,风机联合连续重复；用于计算重复风机功率扣减量，是否并入最终异常由参数控制
2023-09-28 09:34:00,2023-09-28 09:37:00,4,风机联合连续重复,风机联合连续重复；用于计算重复风机功率扣减量，是否并入最终异常由参数控制
2023-09-28 09:34:00,2023-09-28 09:37:00,4,风机联合连续重复,风机联合连续重复；用于计算重复风机功率扣减量，是否并入最终异常由参数控制
2023-09-28 09:34:00,2023-09-28 09:37:00,4,风机联合连续重复,风机联合连续重复；用于计算重复风机功率扣减量，是否并入最终异常由参数控制
2023-09-28 09:34:00,2023-09-28 09:37:00,4,风机联合连续重复,风机联合连续重复；用于计算重复风机功率扣减量，是否并入最终异常由参数控制
2023-09-28 09:34:00,2023-09-28 09:37:00,4,风机联合连续重复,风机联合连续重复；用于计算重复风机功率扣减量，是否并入最终异常由参数控制
2023-09-28 09:34:00,2023-09-28 09:37:00,4,风机联合连续重复,风机联合连续重复；用于计算重复风机功率扣减量，是否并入最终异常由参数控制
2023-09-28 09:34:00,2023-09-28 09:37:00,4,风机联合连续重复,风机联合连续重复；用于计算重复风机功率扣减量，是否并入最终异常由参数控制
2023-09-28 09:34:00,2023-09-28 09:37:00,4,风机联合连续重复,风机联合连续重复；用于计算重复风机功率扣减量，是否并入最终异常由参数控制
2023-09-28 09:34:00,2023-09-28 09:37:00,4,风机联合连续重复,风机联合连续重复；用于计算重复风机功率扣减量，是否并入最终异常由参数控制
2023-09-28 09:34:00,2023-09-28 09:37:00,4,风机联合连续重复,风机联合连续重复；用于计算重复风机功率扣减量，是否并入最终异常由参数控制
2023-09-28 09:34:00,2023-09-28 09:37:00,4,风机联合连续重复,风机联合连续重复；用于计算重复风机功率扣减量，是否并入最终异常由参数控制
2023-09-28 09:34:00,2023-09-28 09:37:00,4,风机联合连续重复,风机联合连续重复；用于计算重复风机功率扣减量，是否并入最终异常由参数控制
2023-09-28 09:34:00,2023-09-28 09:37:00,4,风机联合连续重复,风机联合连续重复；用于计算重复风机功率扣减量，是否并入最终异常由参数控制
2023-09-28 09:34:00,2023-09-28 09:37:00,4,风机联合连续重复,风机联合连续重复；用于计算重复风机功率扣减量，是否并入最终异常由参数控制
2023-09-28 09:34:00,2023-09-28 09:37:00,4,风机联合连续重复,风机联合连续重复；用于计算重复风机功率扣减量，是否并入最终异常由参数控制
2023-09-28 09:34:00,2023-09-28 09:37:00,4,风机联合连续重复,风机联合连续重复；用于计算重复风机功率扣减量，是否并入最终异常由参数控制
2023-09-28 09:34:00,2023-09-28 09:37:00,4,风机联合连续重复,风机联合连续重复；用于计算重复风机功率扣减量，是否并入最终异常由参数控制
2023-09-28 09:34:00,2023-09-28 09:37:00,4,风机联合连续重复,风机联合连续重复；用于计算重复风机功率扣减量，是否并入最终异常由参数控制
2023-09-28 09:34:00,2023-09-28 09:37:00,4,风机联合连续重复,风机联合连续重复；用于计算重复风机功率扣减量，是否并入最终异常由参数控制
2023-09-28 09:34:00,2023-09-28 09:37:00,4,风机联合连续重复,风机联合连续重复；用于计算重复风机功率扣减量，是否并入最终异常由参数控制
2023-09-28 09:34:00,2023-09-28 09:37:00,4,风机联合连续重复,风机联合连续重复；用于计算重复风机功率扣减量，是否并入最终异常由参数控制
2023-09-28 09:34:00,2023-09-28 09:37:00,4,风机联合连续重复,风机联合连续重复；用于计算重复风机功率扣减量，是否并入最终异常由参数控制
2023-09-28 09:34:00,2023-09-28 09:37:00,4,风机联合连续重复,风机联合连续重复；用于计算重复风机功率扣减量，是否并入最终异常由参数控制
2023-09-28 09:34:00,2023-09-28 09:37:00,4,风机联合连续重复,风机联合连续重复；用于计算重复风机功率扣减量，是否并入最终异常由参数控制
2023-09-28 09:34:00,2023-09-28 09:37:00,4,风机联合连续重复,风机联合连续重复；用于计算重复风机功率扣减量，是否并入最终异常由参数控制
2023-09-28 09:34:00,2023-09-28 09:37:00,4,风机联合连续重复,风机联合连续重复；用于计算重复风机功率扣减量，是否并入最终异常由参数控制
2023-09-28 09:34:00,2023-09-28 09:37:00,4,风机联合连续重复,风机联合连续重复；用于计算重复风机功率扣减量，是否并入最终异常由参数控制
2023-09-28 09:34:00,2023-09-28 09:37:00,4,风机联合连续重复,风机联合连续重复；用于计算重复风机功率扣减量，是否并入最终异常由参数控制
2023-09-28 09:34:00,2023-09-28 09:37:00,4,风机联合连续重复,风机联合连续重复；用于计算重复风机功率扣减量，是否并入最终异常由参数控制
2023-09-28 09:34:00,2023-09-28 09:37:00,4,风机联合连续重复,风机联合连续重复；用于计算重复风机功率扣减量，是否并入最终异常由参数控制
2023-09-28 09:34:00,2023-09-28 09:37:00,4,风机联合连续重复,风机联合连续重复；用于计算重复风机功率扣减量，是否并入最终异常由参数控制
2023-09-28 09:34:00,2023-09-28 09:37:00,4,风机联合连续重复,风机联合连续重复；用于计算重复风机功率扣减量，是否并入最终异常由参数控制
2023-09-28 09:34:00,2023-09-28 09:37:00,4,风机联合连续重复,风机联合连续重复；用于计算重复风机功率扣减量，是否并入最终异常由参数控制
2023-09-28 09:34:00,2023-09-28 09:37:00,4,风机联合连续重复,风机联合连续重复；用于计算重复风机功率扣减量，是否并入最终异常由参数控制
2023-09-28 09:34:00,2023-09-28 09:37:00,4,风机联合连续重复,风机联合连续重复；用于计算重复风机功率扣减量，是否并入最终异常由参数控制
2023-09-28 09:34:00,2023-09-28 09:37:00,4,风机联合连续重复,风机联合连续重复；用于计算重复风机功率扣减量，是否并入最终异常由参数控制
2023-09-28 09:34:00,2023-09-28 09:37:00,4,风机联合连续重复,风机联合连续重复；用于计算重复风机功率扣减量，是否并入最终异常由参数控制
2023-09-28 09:34:00,2023-09-28 09:37:00,4,风机联合连续重复,风机联合连续重复；用于计算重复风机功率扣减量，是否并入最终异常由参数控制
2023-09-28 09:34:00,2023-09-28 09:37:00,4,风机联合连续重复,风机联合连续重复；用于计算重复风机功率扣减量，是否并入最终异常由参数控制
2023-09-28 09:34:00,2023-09-28 09:37:00,4,风机联合连续重复,风机联合连续重复；用于计算重复风机功率扣减量，是否并入最终异常由参数控制
2023-09-28 09:34:00,2023-09-28 09:37:00,4,风机联合连续重复,风机联合连续重复；用于计算重复风机功率扣减量，是否并入最终异常由参数控制
2023-09-28 09:34:00,2023-09-28 09:37:00,4,风机联合连续重复,风机联合连续重复；用于计算重复风机功率扣减量，是否并入最终异常由参数控制
2023-09-28 09:34:00,2023-09-28 09:37:00,4,风机联合连续重复,风机联合连续重复；用于计算重复风机功率扣减量，是否并入最终异常由参数控制
2023-09-28 09:34:00,2023-09-28 09:37:00,4,风机联合连续重复,风机联合连续重复；用于计算重复风机功率扣减量，是否并入最终异常由参数控制
2023-09-28 09:34:00,2023-09-28 09:37:00,4,风机联合连续重复,风机联合连续重复；用于计算重复风机功率扣减量，是否并入最终异常由参数控制
2023-09-28 09:34:00,2023-09-28 09:37:00,4,风机联合连续重复,风机联合连续重复；用于计算重复风机功率扣减量，是否并入最终异常由参数控制
2023-09-28 09:34:00,2023-09-28 09:37:00,4,风机联合连续重复,风机联合连续重复；用于计算重复风机功率扣减量，是否并入最终异常由参数控制
2023-09-28 09:34:00,2023-09-28 09:37:00,4,风机联合连续重复,风机联合连续重复；用于计算重复风机功率扣减量，是否并入最终异常由参数控制
2023-09-28 09:34:00,2023-09-28 09:37:00,4,风机联合连续重复,风机联合连续重复；用于计算重复风机功率扣减量，是否并入最终异常由参数控制
2023-09-28 09:34:00,2023-09-28 09:37:00,4,风机联合连续重复,风机联合连续重复；用于计算重复风机功率扣减量，是否并入最终异常由参数控制
2023-09-28 09:34:00,2023-09-28 09:37:00,4,风机联合连续重复,风机联合连续重复；用于计算重复风机功率扣减量，是否并入最终异常由参数控制
2023-09-28 09:34:00,2023-09-28 09:37:00,4,风机联合连续重复,风机联合连续重复；用于计算重复风机功率扣减量，是否并入最终异常由参数控制
2023-09-28 09:34:00,2023-09-28 09:37:00,4,风机联合连续重复,风机联合连续重复；用于计算重复风机功率扣减量，是否并入最终异常由参数控制
2023-09-28 09:34:00,2023-09-28 09:37:00,4,风机联合连续重复,风机联合连续重复；用于计算重复风机功率扣减量，是否并入最终异常由参数控制
2023-09-28 09:34:00,2023-09-28 09:37:00,4,风机联合连续重复,风机联合连续重复；用于计算重复风机功率扣减量，是否并入最终异常由参数控制
2023-09-28 09:34:00,2023-09-28 09:37:00,4,风机联合连续重复,风机联合连续重复；用于计算重复风机功率扣减量，是否并入最终异常由参数控制
2023-09-28 09:34:00,2023-09-28 09:37:00,4,风机联合连续重复,风机联合连续重复；用于计算重复风机功率扣减量，是否并入最终异常由参数控制
2023-09-28 09:34:00,2023-09-28 09:37:00,4,风机联合连续重复,风机联合连续重复；用于计算重复风机功率扣减量，是否并入最终异常由参数控制
2023-09-28 09:34:00,2023-09-28 09:37:00,4,风机联合连续重复,风机联合连续重复；用于计算重复风机功率扣减量，是否并入最终异常由参数控制
2023-09-28 09:34:00,2023-09-28 09:37:00,4,风机联合连续重复,风机联合连续重复；用于计算重复风机功率扣减量，是否并入最终异常由参数控制
2023-09-28 09:34:00,2023-09-28 09:37:00,4,风机联合连续重复,风机联合连续重复；用于计算重复风机功率扣减量，是否并入最终异常由参数控制
2023-09-28 09:34:00,2023-09-28 09:37:00,4,风机联合连续重复,风机联合连续重复；用于计算重复风机功率扣减量，是否并入最终异常由参数控制
2023-09-28 09:34:00,2023-09-28 09:37:00,4,风机联合连续重复,风机联合连续重复；用于计算重复风机功率扣减量，是否并入最终异常由参数控制
2023-09-28 09:34:00,2023-09-28 09:37:00,4,风机联合连续重复,风机联合连续重复；用于计算重复风机功率扣减量，是否并入最终异常由参数控制
2023-09-28 09:34:00,2023-09-28 09:37:00,4,风机联合连续重复,风机联合连续重复；用于计算重复风机功率扣减量，是否并入最终异常由参数控制
2023-09-28 09:34:00,2023-09-28 09:37:00,4,风机联合连续重复,风机联合连续重复；用于计算重复风机功率扣减量，是否并入最终异常由参数控制
2023-09-28 09:34:00,2023-09-28 09:37:00,4,风机联合连续重复,风机联合连续重复；用于计算重复风机功率扣减量，是否并入最终异常由参数控制
2023-09-28 09:34:00,2023-09-28 09:37:00,4,风机联合连续重复,风机联合连续重复；用于计算重复风机功率扣减量，是否并入最终异常由参数控制
2023-09-28 09:34:00,2023-09-28 09:37:00,4,风机联合连续重复,风机联合连续重复；用于计算重复风机功率扣减量，是否并入最终异常由参数控制
2023-09-28 09:34:00,2023-09-28 09:37:00,4,站端功率连续重复,ACTIVE_POWER_STATION 重复值大于阈值且持续长度大于阈值
2023-10-05 06:24:00,2023-10-05 06:28:00,5,站端功率连续重复,ACTIVE_POWER_STATION 重复值大于阈值且持续长度大于阈值
2023-10-20 02:09:00,2023-10-20 02:13:00,5,站端功率连续重复,ACTIVE_POWER_STATION 重复值大于阈值且持续长度大于阈值
2023-10-20 07:11:00,2023-11-04 07:15:00,21605,风机联合连续重复,风机联合连续重复；用于计算重复风机功率扣减量，是否并入最终异常由参数控制
2023-10-21 12:00:00,2023-10-21 12:03:00,4,风机联合连续重复,风机联合连续重复；用于计算重复风机功率扣减量，是否并入最终异常由参数控制
2023-10-21 12:00:00,2023-10-21 12:03:00,4,风机联合连续重复,风机联合连续重复；用于计算重复风机功率扣减量，是否并入最终异常由参数控制
2023-10-21 12:00:00,2023-10-21 12:03:00,4,风机联合连续重复,风机联合连续重复；用于计算重复风机功率扣减量，是否并入最终异常由参数控制
2023-10-21 12:00:00,2023-10-21 12:03:00,4,风机联合连续重复,风机联合连续重复；用于计算重复风机功率扣减量，是否并入最终异常由参数控制
2023-10-21 12:00:00,2023-10-21 12:03:00,4,风机联合连续重复,风机联合连续重复；用于计算重复风机功率扣减量，是否并入最终异常由参数控制
2023-10-21 12:00:00,2023-10-21 12:03:00,4,风机联合连续重复,风机联合连续重复；用于计算重复风机功率扣减量，是否并入最终异常由参数控制
2023-10-21 12:00:00,2023-10-21 12:03:00,4,风机联合连续重复,风机联合连续重复；用于计算重复风机功率扣减量，是否并入最终异常由参数控制
2023-10-21 12:00:00,2023-10-21 12:03:00,4,风机联合连续重复,风机联合连续重复；用于计算重复风机功率扣减量，是否并入最终异常由参数控制
2023-10-21 12:00:00,2023-10-21 12:03:00,4,风机联合连续重复,风机联合连续重复；用于计算重复风机功率扣减量，是否并入最终异常由参数控制
2023-10-21 12:00:00,2023-10-21 12:03:00,4,风机联合连续重复,风机联合连续重复；用于计算重复风机功率扣减量，是否并入最终异常由参数控制
2023-10-21 12:00:00,2023-10-21 12:03:00,4,风机联合连续重复,风机联合连续重复；用于计算重复风机功率扣减量，是否并入最终异常由参数控制
2023-10-21 12:00:00,2023-10-21 12:03:00,4,风机联合连续重复,风机联合连续重复；用于计算重复风机功率扣减量，是否并入最终异常由参数控制
2023-10-21 12:00:00,2023-10-21 12:03:00,4,风机联合连续重复,风机联合连续重复；用于计算重复风机功率扣减量，是否并入最终异常由参数控制
2023-10-21 12:00:00,2023-10-21 12:03:00,4,风机联合连续重复,风机联合连续重复；用于计算重复风机功率扣减量，是否并入最终异常由参数控制
2023-10-21 12:00:00,2023-10-21 12:03:00,4,风机联合连续重复,风机联合连续重复；用于计算重复风机功率扣减量，是否并入最终异常由参数控制
2023-10-21 12:00:00,2023-10-21 12:03:00,4,风机联合连续重复,风机联合连续重复；用于计算重复风机功率扣减量，是否并入最终异常由参数控制
2023-10-21 12:00:00,2023-10-21 12:03:00,4,风机联合连续重复,风机联合连续重复；用于计算重复风机功率扣减量，是否并入最终异常由参数控制
2023-10-21 12:00:00,2023-10-21 12:03:00,4,风机联合连续重复,风机联合连续重复；用于计算重复风机功率扣减量，是否并入最终异常由参数控制
2023-10-21 12:00:00,2023-10-21 12:03:00,4,风机联合连续重复,风机联合连续重复；用于计算重复风机功率扣减量，是否并入最终异常由参数控制
2023-10-21 12:00:00,2023-10-21 12:03:00,4,风机联合连续重复,风机联合连续重复；用于计算重复风机功率扣减量，是否并入最终异常由参数控制
2023-10-21 12:00:00,2023-10-21 12:03:00,4,风机联合连续重复,风机联合连续重复；用于计算重复风机功率扣减量，是否并入最终异常由参数控制
2023-10-21 12:00:00,2023-10-21 12:03:00,4,风机联合连续重复,风机联合连续重复；用于计算重复风机功率扣减量，是否并入最终异常由参数控制
2023-10-21 12:00:00,2023-10-21 12:03:00,4,风机联合连续重复,风机联合连续重复；用于计算重复风机功率扣减量，是否并入最终异常由参数控制
2023-10-21 12:00:00,2023-10-21 12:03:00,4,风机联合连续重复,风机联合连续重复；用于计算重复风机功率扣减量，是否并入最终异常由参数控制
2023-10-21 12:00:00,2023-10-21 12:03:00,4,风机联合连续重复,风机联合连续重复；用于计算重复风机功率扣减量，是否并入最终异常由参数控制
2023-10-21 12:00:00,2023-10-21 12:03:00,4,风机联合连续重复,风机联合连续重复；用于计算重复风机功率扣减量，是否并入最终异常由参数控制
2023-10-21 12:00:00,2023-10-21 12:03:00,4,风机联合连续重复,风机联合连续重复；用于计算重复风机功率扣减量，是否并入最终异常由参数控制
2023-10-21 12:00:00,2023-10-21 12:03:00,4,风机联合连续重复,风机联合连续重复；用于计算重复风机功率扣减量，是否并入最终异常由参数控制
2023-10-21 12:00:00,2023-10-21 12:03:00,4,风机联合连续重复,风机联合连续重复；用于计算重复风机功率扣减量，是否并入最终异常由参数控制
2023-10-21 12:00:00,2023-10-21 12:03:00,4,风机联合连续重复,风机联合连续重复；用于计算重复风机功率扣减量，是否并入最终异常由参数控制
2023-10-21 12:00:00,2023-10-21 12:03:00,4,风机联合连续重复,风机联合连续重复；用于计算重复风机功率扣减量，是否并入最终异常由参数控制
2023-10-21 12:00:00,2023-10-21 12:03:00,4,风机联合连续重复,风机联合连续重复；用于计算重复风机功率扣减量，是否并入最终异常由参数控制
2023-10-21 12:00:00,2023-10-21 12:03:00,4,风机联合连续重复,风机联合连续重复；用于计算重复风机功率扣减量，是否并入最终异常由参数控制
2023-10-21 12:00:00,2023-10-21 12:03:00,4,风机联合连续重复,风机联合连续重复；用于计算重复风机功率扣减量，是否并入最终异常由参数控制
2023-10-21 12:00:00,2023-10-21 12:03:00,4,风机联合连续重复,风机联合连续重复；用于计算重复风机功率扣减量，是否并入最终异常由参数控制
2023-10-21 12:00:00,2023-10-21 12:03:00,4,风机联合连续重复,风机联合连续重复；用于计算重复风机功率扣减量，是否并入最终异常由参数控制
2023-10-21 12:00:00,2023-10-21 12:03:00,4,风机联合连续重复,风机联合连续重复；用于计算重复风机功率扣减量，是否并入最终异常由参数控制
2023-10-21 12:00:00,2023-10-21 12:03:00,4,风机联合连续重复,风机联合连续重复；用于计算重复风机功率扣减量，是否并入最终异常由参数控制
2023-10-21 12:00:00,2023-10-21 12:03:00,4,风机联合连续重复,风机联合连续重复；用于计算重复风机功率扣减量，是否并入最终异常由参数控制
2023-10-21 12:00:00,2023-10-21 12:03:00,4,风机联合连续重复,风机联合连续重复；用于计算重复风机功率扣减量，是否并入最终异常由参数控制
2023-10-21 12:00:00,2023-10-21 12:03:00,4,风机联合连续重复,风机联合连续重复；用于计算重复风机功率扣减量，是否并入最终异常由参数控制
2023-10-21 12:00:00,2023-10-21 12:03:00,4,风机联合连续重复,风机联合连续重复；用于计算重复风机功率扣减量，是否并入最终异常由参数控制
2023-10-21 12:00:00,2023-10-21 12:03:00,4,风机联合连续重复,风机联合连续重复；用于计算重复风机功率扣减量，是否并入最终异常由参数控制
2023-10-21 12:00:00,2023-10-21 12:03:00,4,风机联合连续重复,风机联合连续重复；用于计算重复风机功率扣减量，是否并入最终异常由参数控制
2023-10-21 12:00:00,2023-10-21 12:03:00,4,风机联合连续重复,风机联合连续重复；用于计算重复风机功率扣减量，是否并入最终异常由参数控制
2023-10-21 12:00:00,2023-10-21 12:03:00,4,风机联合连续重复,风机联合连续重复；用于计算重复风机功率扣减量，是否并入最终异常由参数控制
2023-10-21 12:00:00,2023-10-21 12:03:00,4,风机联合连续重复,风机联合连续重复；用于计算重复风机功率扣减量，是否并入最终异常由参数控制
2023-10-21 12:00:00,2023-10-21 12:03:00,4,风机联合连续重复,风机联合连续重复；用于计算重复风机功率扣减量，是否并入最终异常由参数控制
2023-10-21 12:00:00,2023-10-21 12:03:00,4,风机联合连续重复,风机联合连续重复；用于计算重复风机功率扣减量，是否并入最终异常由参数控制
2023-10-21 12:00:00,2023-10-21 12:03:00,4,风机联合连续重复,风机联合连续重复；用于计算重复风机功率扣减量，是否并入最终异常由参数控制
2023-10-21 12:00:00,2023-10-21 12:03:00,4,风机联合连续重复,风机联合连续重复；用于计算重复风机功率扣减量，是否并入最终异常由参数控制
2023-10-21 12:00:00,2023-10-21 12:03:00,4,风机联合连续重复,风机联合连续重复；用于计算重复风机功率扣减量，是否并入最终异常由参数控制
2023-10-21 12:00:00,2023-10-21 12:03:00,4,风机联合连续重复,风机联合连续重复；用于计算重复风机功率扣减量，是否并入最终异常由参数控制
2023-10-21 12:00:00,2023-10-21 12:03:00,4,风机联合连续重复,风机联合连续重复；用于计算重复风机功率扣减量，是否并入最终异常由参数控制
2023-10-21 12:00:00,2023-10-21 12:03:00,4,风机联合连续重复,风机联合连续重复；用于计算重复风机功率扣减量，是否并入最终异常由参数控制
2023-10-21 12:00:00,2023-10-21 12:03:00,4,风机联合连续重复,风机联合连续重复；用于计算重复风机功率扣减量，是否并入最终异常由参数控制
2023-10-21 12:00:00,2023-10-21 12:03:00,4,风机联合连续重复,风机联合连续重复；用于计算重复风机功率扣减量，是否并入最终异常由参数控制
2023-10-21 12:00:00,2023-10-21 12:03:00,4,风机联合连续重复,风机联合连续重复；用于计算重复风机功率扣减量，是否并入最终异常由参数控制
2023-10-21 12:00:00,2023-10-21 12:03:00,4,风机联合连续重复,风机联合连续重复；用于计算重复风机功率扣减量，是否并入最终异常由参数控制
2023-10-21 12:00:00,2023-10-21 12:03:00,4,风机联合连续重复,风机联合连续重复；用于计算重复风机功率扣减量，是否并入最终异常由参数控制
2023-10-21 12:00:00,2023-10-21 12:03:00,4,风机联合连续重复,风机联合连续重复；用于计算重复风机功率扣减量，是否并入最终异常由参数控制
2023-10-21 12:00:00,2023-10-21 12:03:00,4,风机联合连续重复,风机联合连续重复；用于计算重复风机功率扣减量，是否并入最终异常由参数控制
2023-10-21 12:00:00,2023-10-21 12:03:00,4,风机联合连续重复,风机联合连续重复；用于计算重复风机功率扣减量，是否并入最终异常由参数控制
2023-10-21 12:00:00,2023-10-21 12:03:00,4,风机联合连续重复,风机联合连续重复；用于计算重复风机功率扣减量，是否并入最终异常由参数控制
2023-10-21 12:00:00,2023-10-21 12:03:00,4,风机联合连续重复,风机联合连续重复；用于计算重复风机功率扣减量，是否并入最终异常由参数控制
2023-10-21 12:00:00,2023-10-21 12:03:00,4,风机联合连续重复,风机联合连续重复；用于计算重复风机功率扣减量，是否并入最终异常由参数控制
2023-10-21 14:35:00,2023-10-21 14:38:00,4,风机联合连续重复,风机联合连续重复；用于计算重复风机功率扣减量，是否并入最终异常由参数控制
2023-10-21 14:35:00,2023-10-21 14:38:00,4,风机联合连续重复,风机联合连续重复；用于计算重复风机功率扣减量，是否并入最终异常由参数控制
2023-10-21 14:35:00,2023-10-21 14:38:00,4,风机联合连续重复,风机联合连续重复；用于计算重复风机功率扣减量，是否并入最终异常由参数控制
2023-10-21 14:35:00,2023-10-21 14:38:00,4,风机联合连续重复,风机联合连续重复；用于计算重复风机功率扣减量，是否并入最终异常由参数控制
2023-10-21 14:35:00,2023-10-21 14:38:00,4,风机联合连续重复,风机联合连续重复；用于计算重复风机功率扣减量，是否并入最终异常由参数控制
2023-10-21 14:35:00,2023-10-21 14:38:00,4,风机联合连续重复,风机联合连续重复；用于计算重复风机功率扣减量，是否并入最终异常由参数控制
2023-10-21 14:35:00,2023-10-21 14:38:00,4,风机联合连续重复,风机联合连续重复；用于计算重复风机功率扣减量，是否并入最终异常由参数控制
2023-10-21 14:35:00,2023-10-21 14:38:00,4,风机联合连续重复,风机联合连续重复；用于计算重复风机功率扣减量，是否并入最终异常由参数控制
2023-10-21 14:35:00,2023-10-21 14:38:00,4,风机联合连续重复,风机联合连续重复；用于计算重复风机功率扣减量，是否并入最终异常由参数控制
2023-10-21 14:35:00,2023-10-21 14:38:00,4,风机联合连续重复,风机联合连续重复；用于计算重复风机功率扣减量，是否并入最终异常由参数控制
2023-10-21 14:35:00,2023-10-21 14:38:00,4,风机联合连续重复,风机联合连续重复；用于计算重复风机功率扣减量，是否并入最终异常由参数控制
2023-10-21 14:35:00,2023-10-21 14:38:00,4,风机联合连续重复,风机联合连续重复；用于计算重复风机功率扣减量，是否并入最终异常由参数控制
2023-10-21 14:35:00,2023-10-21 14:38:00,4,风机联合连续重复,风机联合连续重复；用于计算重复风机功率扣减量，是否并入最终异常由参数控制
2023-10-21 14:35:00,2023-10-21 14:38:00,4,风机联合连续重复,风机联合连续重复；用于计算重复风机功率扣减量，是否并入最终异常由参数控制
2023-10-21 14:35:00,2023-10-21 14:38:00,4,风机联合连续重复,风机联合连续重复；用于计算重复风机功率扣减量，是否并入最终异常由参数控制
2023-10-21 14:35:00,2023-10-21 14:38:00,4,风机联合连续重复,风机联合连续重复；用于计算重复风机功率扣减量，是否并入最终异常由参数控制
2023-10-21 14:35:00,2023-10-21 14:38:00,4,风机联合连续重复,风机联合连续重复；用于计算重复风机功率扣减量，是否并入最终异常由参数控制
2023-10-21 14:35:00,2023-10-21 14:38:00,4,风机联合连续重复,风机联合连续重复；用于计算重复风机功率扣减量，是否并入最终异常由参数控制
2023-10-21 14:35:00,2023-10-21 14:38:00,4,风机联合连续重复,风机联合连续重复；用于计算重复风机功率扣减量，是否并入最终异常由参数控制
2023-10-21 14:35:00,2023-10-21 14:38:00,4,风机联合连续重复,风机联合连续重复；用于计算重复风机功率扣减量，是否并入最终异常由参数控制
2023-10-21 14:35:00,2023-10-21 14:38:00,4,风机联合连续重复,风机联合连续重复；用于计算重复风机功率扣减量，是否并入最终异常由参数控制
2023-10-21 14:35:00,2023-10-21 14:38:00,4,风机联合连续重复,风机联合连续重复；用于计算重复风机功率扣减量，是否并入最终异常由参数控制
2023-10-21 14:35:00,2023-10-21 14:38:00,4,风机联合连续重复,风机联合连续重复；用于计算重复风机功率扣减量，是否并入最终异常由参数控制
2023-10-21 14:35:00,2023-10-21 14:38:00,4,风机联合连续重复,风机联合连续重复；用于计算重复风机功率扣减量，是否并入最终异常由参数控制
2023-10-21 14:35:00,2023-10-21 14:38:00,4,风机联合连续重复,风机联合连续重复；用于计算重复风机功率扣减量，是否并入最终异常由参数控制
2023-10-21 14:35:00,2023-10-21 14:38:00,4,风机联合连续重复,风机联合连续重复；用于计算重复风机功率扣减量，是否并入最终异常由参数控制
2023-10-21 14:35:00,2023-10-21 14:38:00,4,风机联合连续重复,风机联合连续重复；用于计算重复风机功率扣减量，是否并入最终异常由参数控制
2023-10-21 14:35:00,2023-10-21 14:38:00,4,风机联合连续重复,风机联合连续重复；用于计算重复风机功率扣减量，是否并入最终异常由参数控制
2023-10-21 14:35:00,2023-10-21 14:38:00,4,风机联合连续重复,风机联合连续重复；用于计算重复风机功率扣减量，是否并入最终异常由参数控制
2023-10-21 14:35:00,2023-10-21 14:38:00,4,风机联合连续重复,风机联合连续重复；用于计算重复风机功率扣减量，是否并入最终异常由参数控制
2023-10-21 14:35:00,2023-10-21 14:38:00,4,风机联合连续重复,风机联合连续重复；用于计算重复风机功率扣减量，是否并入最终异常由参数控制
2023-10-21 14:35:00,2023-10-21 14:38:00,4,风机联合连续重复,风机联合连续重复；用于计算重复风机功率扣减量，是否并入最终异常由参数控制
2023-10-21 14:35:00,2023-10-21 14:38:00,4,风机联合连续重复,风机联合连续重复；用于计算重复风机功率扣减量，是否并入最终异常由参数控制
2023-10-21 14:35:00,2023-10-21 14:38:00,4,风机联合连续重复,风机联合连续重复；用于计算重复风机功率扣减量，是否并入最终异常由参数控制
2023-10-21 14:35:00,2023-10-21 14:38:00,4,风机联合连续重复,风机联合连续重复；用于计算重复风机功率扣减量，是否并入最终异常由参数控制
2023-10-21 14:35:00,2023-10-21 14:38:00,4,风机联合连续重复,风机联合连续重复；用于计算重复风机功率扣减量，是否并入最终异常由参数控制
2023-10-21 14:35:00,2023-10-21 14:38:00,4,风机联合连续重复,风机联合连续重复；用于计算重复风机功率扣减量，是否并入最终异常由参数控制
2023-10-21 14:35:00,2023-10-21 14:38:00,4,风机联合连续重复,风机联合连续重复；用于计算重复风机功率扣减量，是否并入最终异常由参数控制
2023-10-21 14:35:00,2023-10-21 14:38:00,4,风机联合连续重复,风机联合连续重复；用于计算重复风机功率扣减量，是否并入最终异常由参数控制
2023-10-21 14:35:00,2023-10-21 14:38:00,4,风机联合连续重复,风机联合连续重复；用于计算重复风机功率扣减量，是否并入最终异常由参数控制
2023-10-21 14:35:00,2023-10-21 14:38:00,4,风机联合连续重复,风机联合连续重复；用于计算重复风机功率扣减量，是否并入最终异常由参数控制
2023-10-21 14:35:00,2023-10-21 14:38:00,4,风机联合连续重复,风机联合连续重复；用于计算重复风机功率扣减量，是否并入最终异常由参数控制
2023-10-21 14:35:00,2023-10-21 14:38:00,4,风机联合连续重复,风机联合连续重复；用于计算重复风机功率扣减量，是否并入最终异常由参数控制
2023-10-21 14:35:00,2023-10-21 14:38:00,4,风机联合连续重复,风机联合连续重复；用于计算重复风机功率扣减量，是否并入最终异常由参数控制
2023-10-21 14:35:00,2023-10-21 14:38:00,4,风机联合连续重复,风机联合连续重复；用于计算重复风机功率扣减量，是否并入最终异常由参数控制
2023-10-21 14:35:00,2023-10-21 14:38:00,4,风机联合连续重复,风机联合连续重复；用于计算重复风机功率扣减量，是否并入最终异常由参数控制
2023-10-21 14:35:00,2023-10-21 14:38:00,4,风机联合连续重复,风机联合连续重复；用于计算重复风机功率扣减量，是否并入最终异常由参数控制
2023-10-21 14:35:00,2023-10-21 14:38:00,4,风机联合连续重复,风机联合连续重复；用于计算重复风机功率扣减量，是否并入最终异常由参数控制
2023-10-21 14:35:00,2023-10-21 14:38:00,4,风机联合连续重复,风机联合连续重复；用于计算重复风机功率扣减量，是否并入最终异常由参数控制
2023-10-21 14:35:00,2023-10-21 14:38:00,4,风机联合连续重复,风机联合连续重复；用于计算重复风机功率扣减量，是否并入最终异常由参数控制
2023-10-21 14:35:00,2023-10-21 14:38:00,4,风机联合连续重复,风机联合连续重复；用于计算重复风机功率扣减量，是否并入最终异常由参数控制
2023-10-21 14:35:00,2023-10-21 14:38:00,4,风机联合连续重复,风机联合连续重复；用于计算重复风机功率扣减量，是否并入最终异常由参数控制
2023-10-21 14:35:00,2023-10-21 14:38:00,4,风机联合连续重复,风机联合连续重复；用于计算重复风机功率扣减量，是否并入最终异常由参数控制
2023-10-21 14:35:00,2023-10-21 14:38:00,4,风机联合连续重复,风机联合连续重复；用于计算重复风机功率扣减量，是否并入最终异常由参数控制
2023-10-21 14:35:00,2023-10-21 14:38:00,4,风机联合连续重复,风机联合连续重复；用于计算重复风机功率扣减量，是否并入最终异常由参数控制
2023-10-21 14:35:00,2023-10-21 14:38:00,4,风机联合连续重复,风机联合连续重复；用于计算重复风机功率扣减量，是否并入最终异常由参数控制
2023-10-21 14:35:00,2023-10-21 14:38:00,4,风机联合连续重复,风机联合连续重复；用于计算重复风机功率扣减量，是否并入最终异常由参数控制
2023-10-21 14:35:00,2023-10-21 14:38:00,4,风机联合连续重复,风机联合连续重复；用于计算重复风机功率扣减量，是否并入最终异常由参数控制
2023-10-21 14:35:00,2023-10-21 14:38:00,4,风机联合连续重复,风机联合连续重复；用于计算重复风机功率扣减量，是否并入最终异常由参数控制
2023-10-21 14:35:00,2023-10-21 14:38:00,4,风机联合连续重复,风机联合连续重复；用于计算重复风机功率扣减量，是否并入最终异常由参数控制
2023-10-21 14:35:00,2023-10-21 14:38:00,4,风机联合连续重复,风机联合连续重复；用于计算重复风机功率扣减量，是否并入最终异常由参数控制
2023-10-21 14:35:00,2023-10-21 14:38:00,4,风机联合连续重复,风机联合连续重复；用于计算重复风机功率扣减量，是否并入最终异常由参数控制
2023-10-21 14:35:00,2023-10-21 14:38:00,4,风机联合连续重复,风机联合连续重复；用于计算重复风机功率扣减量，是否并入最终异常由参数控制
2023-10-21 14:35:00,2023-10-21 14:38:00,4,风机联合连续重复,风机联合连续重复；用于计算重复风机功率扣减量，是否并入最终异常由参数控制
2023-10-21 14:35:00,2023-10-21 14:38:00,4,风机联合连续重复,风机联合连续重复；用于计算重复风机功率扣减量，是否并入最终异常由参数控制
2023-10-21 14:35:00,2023-10-21 14:38:00,4,风机联合连续重复,风机联合连续重复；用于计算重复风机功率扣减量，是否并入最终异常由参数控制
2023-10-21 14:35:00,2023-10-21 14:38:00,4,风机联合连续重复,风机联合连续重复；用于计算重复风机功率扣减量，是否并入最终异常由参数控制
2023-10-21 14:35:00,2023-10-21 14:38:00,4,风机联合连续重复,风机联合连续重复；用于计算重复风机功率扣减量，是否并入最终异常由参数控制
2023-10-21 14:35:00,2023-10-21 14:38:00,4,风机联合连续重复,风机联合连续重复；用于计算重复风机功率扣减量，是否并入最终异常由参数控制
2023-10-21 14:35:00,2023-10-21 14:38:00,4,风机联合连续重复,风机联合连续重复；用于计算重复风机功率扣减量，是否并入最终异常由参数控制
2023-10-21 14:35:00,2023-10-21 14:38:00,4,风机联合连续重复,风机联合连续重复；用于计算重复风机功率扣减量，是否并入最终异常由参数控制
2023-10-21 14:35:00,2023-10-21 14:38:00,4,风机联合连续重复,风机联合连续重复；用于计算重复风机功率扣减量，是否并入最终异常由参数控制
2023-10-21 14:35:00,2023-10-21 14:38:00,4,风机联合连续重复,风机联合连续重复；用于计算重复风机功率扣减量，是否并入最终异常由参数控制
2023-10-21 14:35:00,2023-10-21 14:38:00,4,风机联合连续重复,风机联合连续重复；用于计算重复风机功率扣减量，是否并入最终异常由参数控制
2023-10-21 14:35:00,2023-10-21 14:38:00,4,风机联合连续重复,风机联合连续重复；用于计算重复风机功率扣减量，是否并入最终异常由参数控制
2023-10-21 14:35:00,2023-10-21 14:38:00,4,风机联合连续重复,风机联合连续重复；用于计算重复风机功率扣减量，是否并入最终异常由参数控制
2023-10-21 14:35:00,2023-10-21 14:38:00,4,风机联合连续重复,风机联合连续重复；用于计算重复风机功率扣减量，是否并入最终异常由参数控制
2023-10-21 14:35:00,2023-10-21 14:38:00,4,风机联合连续重复,风机联合连续重复；用于计算重复风机功率扣减量，是否并入最终异常由参数控制
2023-10-21 14:35:00,2023-10-21 14:38:00,4,风机联合连续重复,风机联合连续重复；用于计算重复风机功率扣减量，是否并入最终异常由参数控制
2023-10-21 14:35:00,2023-10-21 14:38:00,4,风机联合连续重复,风机联合连续重复；用于计算重复风机功率扣减量，是否并入最终异常由参数控制
2023-10-21 14:35:00,2023-10-21 14:38:00,4,风机联合连续重复,风机联合连续重复；用于计算重复风机功率扣减量，是否并入最终异常由参数控制
2023-10-21 14:35:00,2023-10-21 14:38:00,4,风机联合连续重复,风机联合连续重复；用于计算重复风机功率扣减量，是否并入最终异常由参数控制
2023-10-21 14:35:00,2023-10-21 14:38:00,4,风机联合连续重复,风机联合连续重复；用于计算重复风机功率扣减量，是否并入最终异常由参数控制
2023-10-21 14:35:00,2023-10-21 14:38:00,4,风机联合连续重复,风机联合连续重复；用于计算重复风机功率扣减量，是否并入最终异常由参数控制
2023-10-21 14:35:00,2023-10-21 14:38:00,4,风机联合连续重复,风机联合连续重复；用于计算重复风机功率扣减量，是否并入最终异常由参数控制
2023-10-21 14:35:00,2023-10-21 14:38:00,4,风机联合连续重复,风机联合连续重复；用于计算重复风机功率扣减量，是否并入最终异常由参数控制
2023-10-21 14:35:00,2023-10-21 14:38:00,4,风机联合连续重复,风机联合连续重复；用于计算重复风机功率扣减量，是否并入最终异常由参数控制
2023-10-21 14:35:00,2023-10-21 14:38:00,4,风机联合连续重复,风机联合连续重复；用于计算重复风机功率扣减量，是否并入最终异常由参数控制
2023-10-21 14:35:00,2023-10-21 14:38:00,4,风机联合连续重复,风机联合连续重复；用于计算重复风机功率扣减量，是否并入最终异常由参数控制
2023-10-21 14:35:00,2023-10-21 14:38:00,4,风机联合连续重复,风机联合连续重复；用于计算重复风机功率扣减量，是否并入最终异常由参数控制
2023-10-21 14:35:00,2023-10-21 14:38:00,4,风机联合连续重复,风机联合连续重复；用于计算重复风机功率扣减量，是否并入最终异常由参数控制
2023-10-21 14:35:00,2023-10-21 14:38:00,4,风机联合连续重复,风机联合连续重复；用于计算重复风机功率扣减量，是否并入最终异常由参数控制
2023-10-21 14:35:00,2023-10-21 14:38:00,4,站端功率连续重复,ACTIVE_POWER_STATION 重复值大于阈值且持续长度大于阈值
2023-10-22 00:55:00,2023-10-22 00:55:00,1,物理超额定,风机功率之和或 ACTIVE_POWER_STATION 超过额定功率上限；明细保留但汇总剔除
2023-10-22 12:48:00,2023-10-22 13:52:00,65,风机联合连续重复,风机联合连续重复；用于计算重复风机功率扣减量，是否并入最终异常由参数控制
2023-10-22 16:00:00,2023-10-22 17:10:00,71,风机联合连续重复,风机联合连续重复；用于计算重复风机功率扣减量，是否并入最终异常由参数控制
2023-10-23 17:11:00,2023-10-23 19:03:00,113,风机联合连续重复,风机联合连续重复；用于计算重复风机功率扣减量，是否并入最终异常由参数控制
2023-10-23 17:11:00,2023-10-23 19:03:00,113,风机联合连续重复,风机联合连续重复；用于计算重复风机功率扣减量，是否并入最终异常由参数控制
2023-10-23 20:26:00,2023-10-23 20:32:00,7,风机联合连续重复,风机联合连续重复；用于计算重复风机功率扣减量，是否并入最终异常由参数控制
2023-10-23 20:26:00,2023-10-23 20:32:00,7,风机联合连续重复,风机联合连续重复；用于计算重复风机功率扣减量，是否并入最终异常由参数控制
2023-10-23 20:51:00,2023-10-23 21:01:00,11,风机联合连续重复,风机联合连续重复；用于计算重复风机功率扣减量，是否并入最终异常由参数控制
2023-10-23 20:51:00,2023-10-23 21:01:00,11,风机联合连续重复,风机联合连续重复；用于计算重复风机功率扣减量，是否并入最终异常由参数控制
2023-10-30 11:58:00,2023-10-30 12:03:00,6,风机联合连续重复,风机联合连续重复；用于计算重复风机功率扣减量，是否并入最终异常由参数控制
2023-11-05 12:01:00,2023-11-05 12:06:00,6,站端功率连续重复,ACTIVE_POWER_STATION 重复值大于阈值且持续长度大于阈值
2023-11-05 12:07:00,2023-11-05 12:12:00,6,站端功率连续重复,ACTIVE_POWER_STATION 重复值大于阈值且持续长度大于阈值
2023-11-05 12:31:00,2023-11-05 12:34:00,4,站端功率连续重复,ACTIVE_POWER_STATION 重复值大于阈值且持续长度大于阈值
2023-11-05 12:44:00,2023-11-05 12:47:00,4,站端功率连续重复,ACTIVE_POWER_STATION 重复值大于阈值且持续长度大于阈值
2023-11-05 13:32:00,2023-11-05 13:36:00,5,站端功率连续重复,ACTIVE_POWER_STATION 重复值大于阈值且持续长度大于阈值
2023-11-05 13:49:00,2023-11-05 13:53:00,5,站端功率连续重复,ACTIVE_POWER_STATION 重复值大于阈值且持续长度大于阈值
2023-11-06 20:38:00,2023-11-06 20:41:00,4,站端功率连续重复,ACTIVE_POWER_STATION 重复值大于阈值且持续长度大于阈值
2023-11-08 11:57:00,2023-11-08 12:02:00,6,风机联合连续重复,风机联合连续重复；用于计算重复风机功率扣减量，是否并入最终异常由参数控制
2023-11-08 11:57:00,2023-11-08 12:02:00,6,风机联合连续重复,风机联合连续重复；用于计算重复风机功率扣减量，是否并入最终异常由参数控制
2023-11-10 13:51:00,2023-11-10 13:54:00,4,站端功率连续重复,ACTIVE_POWER_STATION 重复值大于阈值且持续长度大于阈值
2023-11-10 14:33:00,2023-11-10 14:36:00,4,站端功率连续重复,ACTIVE_POWER_STATION 重复值大于阈值且持续长度大于阈值
2023-11-10 18:26:00,2023-11-10 18:29:00,4,站端功率连续重复,ACTIVE_POWER_STATION 重复值大于阈值且持续长度大于阈值
2023-11-10 18:45:00,2023-11-10 18:48:00,4,站端功率连续重复,ACTIVE_POWER_STATION 重复值大于阈值且持续长度大于阈值
2023-11-12 14:38:00,2023-11-12 14:41:00,4,站端功率连续重复,ACTIVE_POWER_STATION 重复值大于阈值且持续长度大于阈值
2023-11-16 06:11:00,2023-11-16 06:15:00,5,站端功率连续重复,ACTIVE_POWER_STATION 重复值大于阈值且持续长度大于阈值
2023-11-16 06:16:00,2023-11-16 06:19:00,4,站端功率连续重复,ACTIVE_POWER_STATION 重复值大于阈值且持续长度大于阈值
2023-11-16 11:22:00,2023-11-16 11:27:00,6,站端功率连续重复,ACTIVE_POWER_STATION 重复值大于阈值且持续长度大于阈值
2023-11-16 13:12:00,2023-11-16 13:15:00,4,站端功率连续重复,ACTIVE_POWER_STATION 重复值大于阈值且持续长度大于阈值
2023-11-16 18:40:00,2023-11-16 18:44:00,5,站端功率连续重复,ACTIVE_POWER_STATION 重复值大于阈值且持续长度大于阈值
2023-11-16 22:23:00,2023-11-16 22:26:00,4,站端功率连续重复,ACTIVE_POWER_STATION 重复值大于阈值且持续长度大于阈值
2023-11-17 09:52:00,2023-11-17 09:56:00,5,站端功率连续重复,ACTIVE_POWER_STATION 重复值大于阈值且持续长度大于阈值
2023-11-17 10:16:00,2023-11-17 10:21:00,6,站端功率连续重复,ACTIVE_POWER_STATION 重复值大于阈值且持续长度大于阈值
2023-11-17 10:22:00,2023-11-17 10:27:00,6,站端功率连续重复,ACTIVE_POWER_STATION 重复值大于阈值且持续长度大于阈值
2023-11-17 12:46:00,2023-11-17 12:51:00,6,站端功率连续重复,ACTIVE_POWER_STATION 重复值大于阈值且持续长度大于阈值
2023-11-20 12:02:00,2023-11-20 15:06:00,185,风机联合连续重复,风机联合连续重复；用于计算重复风机功率扣减量，是否并入最终异常由参数控制
2023-11-21 11:16:00,2023-11-21 12:12:00,57,风机联合连续重复,风机联合连续重复；用于计算重复风机功率扣减量，是否并入最终异常由参数控制
2023-11-21 11:17:00,2023-11-21 12:11:00,55,风机联合连续重复,风机联合连续重复；用于计算重复风机功率扣减量，是否并入最终异常由参数控制
2023-11-21 11:17:00,2023-11-21 12:12:00,56,风机联合连续重复,风机联合连续重复；用于计算重复风机功率扣减量，是否并入最终异常由参数控制
2023-11-21 11:17:00,2023-11-21 12:12:00,56,风机联合连续重复,风机联合连续重复；用于计算重复风机功率扣减量，是否并入最终异常由参数控制
2023-11-23 14:37:00,2023-11-23 14:41:00,5,站端功率连续重复,ACTIVE_POWER_STATION 重复值大于阈值且持续长度大于阈值
2023-11-23 17:25:00,2023-11-23 17:30:00,6,站端功率连续重复,ACTIVE_POWER_STATION 重复值大于阈值且持续长度大于阈值
2023-11-23 20:38:00,2023-11-23 20:41:00,4,站端功率连续重复,ACTIVE_POWER_STATION 重复值大于阈值且持续长度大于阈值
2023-11-29 15:52:00,2023-11-29 15:56:00,5,站端功率连续重复,ACTIVE_POWER_STATION 重复值大于阈值且持续长度大于阈值
2023-11-29 16:05:00,2023-11-29 16:08:00,4,站端功率连续重复,ACTIVE_POWER_STATION 重复值大于阈值且持续长度大于阈值
2023-11-29 18:11:00,2023-11-29 18:14:00,4,站端功率连续重复,ACTIVE_POWER_STATION 重复值大于阈值且持续长度大于阈值
2023-11-29 19:46:00,2023-11-29 19:51:00,6,站端功率连续重复,ACTIVE_POWER_STATION 重复值大于阈值且持续长度大于阈值
2023-11-29 20:23:00,2023-11-29 20:26:00,4,站端功率连续重复,ACTIVE_POWER_STATION 重复值大于阈值且持续长度大于阈值
2023-11-29 20:29:00,2023-11-29 20:33:00,5,站端功率连续重复,ACTIVE_POWER_STATION 重复值大于阈值且持续长度大于阈值
2023-11-30 15:13:00,2023-11-30 15:13:00,1,物理超额定,风机功率之和或 ACTIVE_POWER_STATION 超过额定功率上限；明细保留但汇总剔除
2023-12-02 07:01:00,2023-12-02 07:01:00,1,物理超额定,风机功率之和或 ACTIVE_POWER_STATION 超过额定功率上限；明细保留但汇总剔除
2023-12-06 11:37:00,2023-12-06 11:41:00,5,站端功率连续重复,ACTIVE_POWER_STATION 重复值大于阈值且持续长度大于阈值
2023-12-06 11:43:00,2023-12-06 11:47:00,5,站端功率连续重复,ACTIVE_POWER_STATION 重复值大于阈值且持续长度大于阈值
2023-12-06 15:08:00,2023-12-06 15:11:00,4,站端功率连续重复,ACTIVE_POWER_STATION 重复值大于阈值且持续长度大于阈值
2023-12-06 15:50:00,2023-12-06 15:54:00,5,站端功率连续重复,ACTIVE_POWER_STATION 重复值大于阈值且持续长度大于阈值
2023-12-06 15:56:00,2023-12-06 16:01:00,6,站端功率连续重复,ACTIVE_POWER_STATION 重复值大于阈值且持续长度大于阈值
2023-12-07 18:39:00,2023-12-07 18:44:00,6,站端功率连续重复,ACTIVE_POWER_STATION 重复值大于阈值且持续长度大于阈值
2023-12-07 18:50:00,2023-12-07 18:55:00,6,站端功率连续重复,ACTIVE_POWER_STATION 重复值大于阈值且持续长度大于阈值
2023-12-07 19:26:00,2023-12-07 19:29:00,4,站端功率连续重复,ACTIVE_POWER_STATION 重复值大于阈值且持续长度大于阈值
2023-12-07 19:56:00,2023-12-07 20:01:00,6,站端功率连续重复,ACTIVE_POWER_STATION 重复值大于阈值且持续长度大于阈值
2023-12-07 20:02:00,2023-12-07 20:07:00,6,站端功率连续重复,ACTIVE_POWER_STATION 重复值大于阈值且持续长度大于阈值
2023-12-07 20:20:00,2023-12-07 20:23:00,4,站端功率连续重复,ACTIVE_POWER_STATION 重复值大于阈值且持续长度大于阈值
2023-12-07 20:38:00,2023-12-07 20:42:00,5,站端功率连续重复,ACTIVE_POWER_STATION 重复值大于阈值且持续长度大于阈值
2023-12-07 21:02:00,2023-12-07 21:07:00,6,站端功率连续重复,ACTIVE_POWER_STATION 重复值大于阈值且持续长度大于阈值
2023-12-07 22:27:00,2023-12-07 22:31:00,5,站端功率连续重复,ACTIVE_POWER_STATION 重复值大于阈值且持续长度大于阈值
2023-12-07 22:50:00,2023-12-07 22:55:00,6,站端功率连续重复,ACTIVE_POWER_STATION 重复值大于阈值且持续长度大于阈值
2023-12-07 23:15:00,2023-12-07 23:18:00,4,站端功率连续重复,ACTIVE_POWER_STATION 重复值大于阈值且持续长度大于阈值
2023-12-08 00:26:00,2023-12-08 00:29:00,4,站端功率连续重复,ACTIVE_POWER_STATION 重复值大于阈值且持续长度大于阈值
2023-12-08 00:32:00,2023-12-08 00:37:00,6,站端功率连续重复,ACTIVE_POWER_STATION 重复值大于阈值且持续长度大于阈值
2023-12-08 00:38:00,2023-12-08 00:43:00,6,站端功率连续重复,ACTIVE_POWER_STATION 重复值大于阈值且持续长度大于阈值
2023-12-08 00:52:00,2023-12-08 00:55:00,4,站端功率连续重复,ACTIVE_POWER_STATION 重复值大于阈值且持续长度大于阈值
2023-12-08 00:58:00,2023-12-08 01:01:00,4,站端功率连续重复,ACTIVE_POWER_STATION 重复值大于阈值且持续长度大于阈值
2023-12-08 01:26:00,2023-12-08 01:31:00,6,站端功率连续重复,ACTIVE_POWER_STATION 重复值大于阈值且持续长度大于阈值
2023-12-08 01:33:00,2023-12-08 01:37:00,5,站端功率连续重复,ACTIVE_POWER_STATION 重复值大于阈值且持续长度大于阈值
2023-12-10 07:51:00,2023-12-10 07:56:00,6,站端功率连续重复,ACTIVE_POWER_STATION 重复值大于阈值且持续长度大于阈值
2023-12-10 07:57:00,2023-12-10 08:02:00,6,站端功率连续重复,ACTIVE_POWER_STATION 重复值大于阈值且持续长度大于阈值
2023-12-10 08:09:00,2023-12-10 08:14:00,6,站端功率连续重复,ACTIVE_POWER_STATION 重复值大于阈值且持续长度大于阈值
2023-12-10 08:15:00,2023-12-10 08:18:00,4,站端功率连续重复,ACTIVE_POWER_STATION 重复值大于阈值且持续长度大于阈值
2023-12-10 08:21:00,2023-12-10 08:26:00,6,站端功率连续重复,ACTIVE_POWER_STATION 重复值大于阈值且持续长度大于阈值
2023-12-10 08:40:00,2023-12-10 08:43:00,4,站端功率连续重复,ACTIVE_POWER_STATION 重复值大于阈值且持续长度大于阈值
2023-12-10 08:51:00,2023-12-10 08:56:00,6,站端功率连续重复,ACTIVE_POWER_STATION 重复值大于阈值且持续长度大于阈值
2023-12-10 08:59:00,2023-12-10 09:02:00,4,站端功率连续重复,ACTIVE_POWER_STATION 重复值大于阈值且持续长度大于阈值
2023-12-10 21:10:00,2023-12-10 21:13:00,4,站端功率连续重复,ACTIVE_POWER_STATION 重复值大于阈值且持续长度大于阈值
2023-12-10 21:16:00,2023-12-10 21:19:00,4,站端功率连续重复,ACTIVE_POWER_STATION 重复值大于阈值且持续长度大于阈值
2023-12-10 21:22:00,2023-12-10 21:26:00,5,站端功率连续重复,ACTIVE_POWER_STATION 重复值大于阈值且持续长度大于阈值
2023-12-11 18:41:00,2023-12-11 18:44:00,4,站端功率连续重复,ACTIVE_POWER_STATION 重复值大于阈值且持续长度大于阈值
2023-12-11 22:00:00,2023-12-11 22:03:00,4,站端功率连续重复,ACTIVE_POWER_STATION 重复值大于阈值且持续长度大于阈值
2023-12-15 05:56:00,2023-12-15 05:59:00,4,站端功率连续重复,ACTIVE_POWER_STATION 重复值大于阈值且持续长度大于阈值
2023-12-15 07:01:00,2023-12-15 07:05:00,5,站端功率连续重复,ACTIVE_POWER_STATION 重复值大于阈值且持续长度大于阈值
2023-12-15 08:18:00,2023-12-15 08:21:00,4,站端功率连续重复,ACTIVE_POWER_STATION 重复值大于阈值且持续长度大于阈值
2023-12-15 08:26:00,2023-12-15 08:29:00,4,站端功率连续重复,ACTIVE_POWER_STATION 重复值大于阈值且持续长度大于阈值
2023-12-15 09:02:00,2023-12-15 09:05:00,4,站端功率连续重复,ACTIVE_POWER_STATION 重复值大于阈值且持续长度大于阈值
2023-12-15 10:13:00,2023-12-15 10:17:00,5,站端功率连续重复,ACTIVE_POWER_STATION 重复值大于阈值且持续长度大于阈值
2023-12-15 13:55:00,2023-12-15 13:59:00,5,站端功率连续重复,ACTIVE_POWER_STATION 重复值大于阈值且持续长度大于阈值
2023-12-15 14:36:00,2023-12-15 14:39:00,4,站端功率连续重复,ACTIVE_POWER_STATION 重复值大于阈值且持续长度大于阈值
2023-12-15 16:12:00,2023-12-15 16:16:00,5,站端功率连续重复,ACTIVE_POWER_STATION 重复值大于阈值且持续长度大于阈值
2023-12-18 11:59:00,2023-12-18 12:02:00,4,风机联合连续重复,风机联合连续重复；用于计算重复风机功率扣减量，是否并入最终异常由参数控制
2023-12-18 11:59:00,2023-12-18 12:02:00,4,风机联合连续重复,风机联合连续重复；用于计算重复风机功率扣减量，是否并入最终异常由参数控制
2023-12-18 11:59:00,2023-12-18 12:02:00,4,风机联合连续重复,风机联合连续重复；用于计算重复风机功率扣减量，是否并入最终异常由参数控制
2023-12-18 11:59:00,2023-12-18 12:02:00,4,风机联合连续重复,风机联合连续重复；用于计算重复风机功率扣减量，是否并入最终异常由参数控制
2023-12-18 11:59:00,2023-12-18 12:02:00,4,风机联合连续重复,风机联合连续重复；用于计算重复风机功率扣减量，是否并入最终异常由参数控制
2023-12-18 11:59:00,2023-12-18 12:02:00,4,风机联合连续重复,风机联合连续重复；用于计算重复风机功率扣减量，是否并入最终异常由参数控制
2023-12-18 11:59:00,2023-12-18 12:02:00,4,风机联合连续重复,风机联合连续重复；用于计算重复风机功率扣减量，是否并入最终异常由参数控制
2023-12-18 11:59:00,2023-12-18 12:02:00,4,风机联合连续重复,风机联合连续重复；用于计算重复风机功率扣减量，是否并入最终异常由参数控制
2023-12-18 11:59:00,2023-12-18 12:02:00,4,风机联合连续重复,风机联合连续重复；用于计算重复风机功率扣减量，是否并入最终异常由参数控制
2023-12-18 11:59:00,2023-12-18 12:02:00,4,风机联合连续重复,风机联合连续重复；用于计算重复风机功率扣减量，是否并入最终异常由参数控制
2023-12-18 11:59:00,2023-12-18 12:02:00,4,风机联合连续重复,风机联合连续重复；用于计算重复风机功率扣减量，是否并入最终异常由参数控制
2023-12-18 11:59:00,2023-12-18 12:02:00,4,风机联合连续重复,风机联合连续重复；用于计算重复风机功率扣减量，是否并入最终异常由参数控制
2023-12-18 11:59:00,2023-12-18 12:02:00,4,风机联合连续重复,风机联合连续重复；用于计算重复风机功率扣减量，是否并入最终异常由参数控制
2023-12-18 11:59:00,2023-12-18 12:02:00,4,风机联合连续重复,风机联合连续重复；用于计算重复风机功率扣减量，是否并入最终异常由参数控制
2023-12-18 11:59:00,2023-12-18 12:02:00,4,风机联合连续重复,风机联合连续重复；用于计算重复风机功率扣减量，是否并入最终异常由参数控制
2023-12-18 11:59:00,2023-12-18 12:02:00,4,风机联合连续重复,风机联合连续重复；用于计算重复风机功率扣减量，是否并入最终异常由参数控制
2023-12-18 11:59:00,2023-12-18 12:02:00,4,风机联合连续重复,风机联合连续重复；用于计算重复风机功率扣减量，是否并入最终异常由参数控制
2023-12-18 11:59:00,2023-12-18 12:02:00,4,风机联合连续重复,风机联合连续重复；用于计算重复风机功率扣减量，是否并入最终异常由参数控制
2023-12-18 11:59:00,2023-12-18 12:02:00,4,风机联合连续重复,风机联合连续重复；用于计算重复风机功率扣减量，是否并入最终异常由参数控制
2023-12-18 11:59:00,2023-12-18 12:02:00,4,风机联合连续重复,风机联合连续重复；用于计算重复风机功率扣减量，是否并入最终异常由参数控制
2023-12-18 11:59:00,2023-12-18 12:02:00,4,风机联合连续重复,风机联合连续重复；用于计算重复风机功率扣减量，是否并入最终异常由参数控制
2023-12-18 11:59:00,2023-12-18 12:02:00,4,风机联合连续重复,风机联合连续重复；用于计算重复风机功率扣减量，是否并入最终异常由参数控制
2023-12-18 11:59:00,2023-12-18 12:02:00,4,风机联合连续重复,风机联合连续重复；用于计算重复风机功率扣减量，是否并入最终异常由参数控制
2023-12-18 11:59:00,2023-12-18 12:02:00,4,风机联合连续重复,风机联合连续重复；用于计算重复风机功率扣减量，是否并入最终异常由参数控制
2023-12-18 11:59:00,2023-12-18 12:02:00,4,风机联合连续重复,风机联合连续重复；用于计算重复风机功率扣减量，是否并入最终异常由参数控制
2023-12-18 11:59:00,2023-12-18 12:02:00,4,风机联合连续重复,风机联合连续重复；用于计算重复风机功率扣减量，是否并入最终异常由参数控制
2023-12-18 11:59:00,2023-12-18 12:02:00,4,风机联合连续重复,风机联合连续重复；用于计算重复风机功率扣减量，是否并入最终异常由参数控制
2023-12-18 11:59:00,2023-12-18 12:02:00,4,风机联合连续重复,风机联合连续重复；用于计算重复风机功率扣减量，是否并入最终异常由参数控制
2023-12-18 11:59:00,2023-12-18 12:02:00,4,风机联合连续重复,风机联合连续重复；用于计算重复风机功率扣减量，是否并入最终异常由参数控制
2023-12-18 11:59:00,2023-12-18 12:02:00,4,风机联合连续重复,风机联合连续重复；用于计算重复风机功率扣减量，是否并入最终异常由参数控制
2023-12-20 14:38:00,2023-12-20 14:41:00,4,站端功率连续重复,ACTIVE_POWER_STATION 重复值大于阈值且持续长度大于阈值
2023-12-20 14:58:00,2023-12-20 15:02:00,5,站端功率连续重复,ACTIVE_POWER_STATION 重复值大于阈值且持续长度大于阈值
2023-12-20 15:04:00,2023-12-20 15:07:00,4,风机联合连续重复,风机联合连续重复；用于计算重复风机功率扣减量，是否并入最终异常由参数控制
2023-12-20 15:04:00,2023-12-20 15:07:00,4,风机联合连续重复,风机联合连续重复；用于计算重复风机功率扣减量，是否并入最终异常由参数控制
2023-12-20 15:04:00,2023-12-20 15:07:00,4,风机联合连续重复,风机联合连续重复；用于计算重复风机功率扣减量，是否并入最终异常由参数控制
2023-12-20 15:04:00,2023-12-20 15:07:00,4,风机联合连续重复,风机联合连续重复；用于计算重复风机功率扣减量，是否并入最终异常由参数控制
2023-12-20 15:04:00,2023-12-20 15:07:00,4,风机联合连续重复,风机联合连续重复；用于计算重复风机功率扣减量，是否并入最终异常由参数控制
2023-12-20 15:04:00,2023-12-20 15:07:00,4,风机联合连续重复,风机联合连续重复；用于计算重复风机功率扣减量，是否并入最终异常由参数控制
2023-12-20 15:04:00,2023-12-20 15:07:00,4,风机联合连续重复,风机联合连续重复；用于计算重复风机功率扣减量，是否并入最终异常由参数控制
2023-12-20 15:04:00,2023-12-20 15:07:00,4,风机联合连续重复,风机联合连续重复；用于计算重复风机功率扣减量，是否并入最终异常由参数控制
2023-12-20 15:04:00,2023-12-20 15:07:00,4,风机联合连续重复,风机联合连续重复；用于计算重复风机功率扣减量，是否并入最终异常由参数控制
2023-12-20 15:04:00,2023-12-20 15:07:00,4,风机联合连续重复,风机联合连续重复；用于计算重复风机功率扣减量，是否并入最终异常由参数控制
2023-12-20 15:04:00,2023-12-20 15:07:00,4,风机联合连续重复,风机联合连续重复；用于计算重复风机功率扣减量，是否并入最终异常由参数控制
2023-12-20 15:04:00,2023-12-20 15:07:00,4,风机联合连续重复,风机联合连续重复；用于计算重复风机功率扣减量，是否并入最终异常由参数控制
2023-12-20 15:04:00,2023-12-20 15:07:00,4,风机联合连续重复,风机联合连续重复；用于计算重复风机功率扣减量，是否并入最终异常由参数控制
2023-12-20 15:04:00,2023-12-20 15:07:00,4,风机联合连续重复,风机联合连续重复；用于计算重复风机功率扣减量，是否并入最终异常由参数控制
2023-12-20 15:04:00,2023-12-20 15:07:00,4,风机联合连续重复,风机联合连续重复；用于计算重复风机功率扣减量，是否并入最终异常由参数控制
2023-12-20 15:04:00,2023-12-20 15:07:00,4,风机联合连续重复,风机联合连续重复；用于计算重复风机功率扣减量，是否并入最终异常由参数控制
2023-12-20 15:04:00,2023-12-20 15:07:00,4,风机联合连续重复,风机联合连续重复；用于计算重复风机功率扣减量，是否并入最终异常由参数控制
2023-12-20 15:04:00,2023-12-20 15:07:00,4,风机联合连续重复,风机联合连续重复；用于计算重复风机功率扣减量，是否并入最终异常由参数控制
2023-12-20 15:04:00,2023-12-20 15:07:00,4,风机联合连续重复,风机联合连续重复；用于计算重复风机功率扣减量，是否并入最终异常由参数控制
2023-12-20 15:04:00,2023-12-20 15:07:00,4,风机联合连续重复,风机联合连续重复；用于计算重复风机功率扣减量，是否并入最终异常由参数控制
2023-12-20 15:04:00,2023-12-20 15:07:00,4,风机联合连续重复,风机联合连续重复；用于计算重复风机功率扣减量，是否并入最终异常由参数控制
2023-12-20 15:04:00,2023-12-20 15:07:00,4,风机联合连续重复,风机联合连续重复；用于计算重复风机功率扣减量，是否并入最终异常由参数控制
2023-12-20 15:04:00,2023-12-20 15:07:00,4,风机联合连续重复,风机联合连续重复；用于计算重复风机功率扣减量，是否并入最终异常由参数控制
2023-12-20 15:04:00,2023-12-20 15:07:00,4,风机联合连续重复,风机联合连续重复；用于计算重复风机功率扣减量，是否并入最终异常由参数控制
2023-12-20 15:04:00,2023-12-20 15:07:00,4,风机联合连续重复,风机联合连续重复；用于计算重复风机功率扣减量，是否并入最终异常由参数控制
2023-12-20 15:04:00,2023-12-20 15:07:00,4,风机联合连续重复,风机联合连续重复；用于计算重复风机功率扣减量，是否并入最终异常由参数控制
2023-12-20 15:04:00,2023-12-20 15:07:00,4,风机联合连续重复,风机联合连续重复；用于计算重复风机功率扣减量，是否并入最终异常由参数控制
2023-12-20 15:04:00,2023-12-20 15:07:00,4,风机联合连续重复,风机联合连续重复；用于计算重复风机功率扣减量，是否并入最终异常由参数控制
2023-12-20 15:04:00,2023-12-20 15:07:00,4,风机联合连续重复,风机联合连续重复；用于计算重复风机功率扣减量，是否并入最终异常由参数控制
2023-12-20 15:04:00,2023-12-20 15:07:00,4,风机联合连续重复,风机联合连续重复；用于计算重复风机功率扣减量，是否并入最终异常由参数控制
2023-12-20 15:04:00,2023-12-20 15:07:00,4,风机联合连续重复,风机联合连续重复；用于计算重复风机功率扣减量，是否并入最终异常由参数控制
2023-12-20 15:04:00,2023-12-20 15:07:00,4,风机联合连续重复,风机联合连续重复；用于计算重复风机功率扣减量，是否并入最终异常由参数控制
2023-12-20 15:04:00,2023-12-20 15:07:00,4,风机联合连续重复,风机联合连续重复；用于计算重复风机功率扣减量，是否并入最终异常由参数控制
2023-12-20 15:04:00,2023-12-20 15:07:00,4,风机联合连续重复,风机联合连续重复；用于计算重复风机功率扣减量，是否并入最终异常由参数控制
2023-12-20 15:04:00,2023-12-20 15:07:00,4,风机联合连续重复,风机联合连续重复；用于计算重复风机功率扣减量，是否并入最终异常由参数控制
2023-12-20 15:04:00,2023-12-20 15:07:00,4,风机联合连续重复,风机联合连续重复；用于计算重复风机功率扣减量，是否并入最终异常由参数控制
2023-12-20 15:04:00,2023-12-20 15:07:00,4,风机联合连续重复,风机联合连续重复；用于计算重复风机功率扣减量，是否并入最终异常由参数控制
2023-12-20 15:04:00,2023-12-20 15:07:00,4,风机联合连续重复,风机联合连续重复；用于计算重复风机功率扣减量，是否并入最终异常由参数控制
2023-12-20 15:04:00,2023-12-20 15:07:00,4,风机联合连续重复,风机联合连续重复；用于计算重复风机功率扣减量，是否并入最终异常由参数控制
2023-12-20 15:04:00,2023-12-20 15:07:00,4,风机联合连续重复,风机联合连续重复；用于计算重复风机功率扣减量，是否并入最终异常由参数控制
2023-12-20 15:04:00,2023-12-20 15:07:00,4,风机联合连续重复,风机联合连续重复；用于计算重复风机功率扣减量，是否并入最终异常由参数控制
2023-12-20 15:04:00,2023-12-20 15:07:00,4,风机联合连续重复,风机联合连续重复；用于计算重复风机功率扣减量，是否并入最终异常由参数控制
2023-12-20 15:04:00,2023-12-20 15:07:00,4,风机联合连续重复,风机联合连续重复；用于计算重复风机功率扣减量，是否并入最终异常由参数控制
2023-12-20 15:04:00,2023-12-20 15:07:00,4,风机联合连续重复,风机联合连续重复；用于计算重复风机功率扣减量，是否并入最终异常由参数控制
2023-12-20 15:04:00,2023-12-20 15:07:00,4,风机联合连续重复,风机联合连续重复；用于计算重复风机功率扣减量，是否并入最终异常由参数控制
2023-12-20 15:04:00,2023-12-20 15:07:00,4,风机联合连续重复,风机联合连续重复；用于计算重复风机功率扣减量，是否并入最终异常由参数控制
2023-12-20 15:04:00,2023-12-20 15:07:00,4,风机联合连续重复,风机联合连续重复；用于计算重复风机功率扣减量，是否并入最终异常由参数控制
2023-12-20 15:04:00,2023-12-20 15:07:00,4,风机联合连续重复,风机联合连续重复；用于计算重复风机功率扣减量，是否并入最终异常由参数控制
2023-12-20 15:04:00,2023-12-20 15:07:00,4,风机联合连续重复,风机联合连续重复；用于计算重复风机功率扣减量，是否并入最终异常由参数控制
2023-12-20 15:04:00,2023-12-20 15:07:00,4,风机联合连续重复,风机联合连续重复；用于计算重复风机功率扣减量，是否并入最终异常由参数控制
2023-12-20 15:04:00,2023-12-20 15:07:00,4,风机联合连续重复,风机联合连续重复；用于计算重复风机功率扣减量，是否并入最终异常由参数控制
2023-12-20 15:04:00,2023-12-20 15:07:00,4,风机联合连续重复,风机联合连续重复；用于计算重复风机功率扣减量，是否并入最终异常由参数控制
2023-12-20 15:04:00,2023-12-20 15:07:00,4,风机联合连续重复,风机联合连续重复；用于计算重复风机功率扣减量，是否并入最终异常由参数控制
2023-12-20 15:04:00,2023-12-20 15:07:00,4,风机联合连续重复,风机联合连续重复；用于计算重复风机功率扣减量，是否并入最终异常由参数控制
2023-12-20 15:04:00,2023-12-20 15:07:00,4,风机联合连续重复,风机联合连续重复；用于计算重复风机功率扣减量，是否并入最终异常由参数控制
2023-12-20 15:04:00,2023-12-20 15:07:00,4,风机联合连续重复,风机联合连续重复；用于计算重复风机功率扣减量，是否并入最终异常由参数控制
2023-12-20 15:04:00,2023-12-20 15:07:00,4,风机联合连续重复,风机联合连续重复；用于计算重复风机功率扣减量，是否并入最终异常由参数控制
2023-12-20 15:04:00,2023-12-20 15:07:00,4,风机联合连续重复,风机联合连续重复；用于计算重复风机功率扣减量，是否并入最终异常由参数控制
2023-12-20 15:04:00,2023-12-20 15:07:00,4,风机联合连续重复,风机联合连续重复；用于计算重复风机功率扣减量，是否并入最终异常由参数控制
2023-12-20 15:04:00,2023-12-20 15:07:00,4,风机联合连续重复,风机联合连续重复；用于计算重复风机功率扣减量，是否并入最终异常由参数控制
2023-12-20 15:04:00,2023-12-20 15:07:00,4,风机联合连续重复,风机联合连续重复；用于计算重复风机功率扣减量，是否并入最终异常由参数控制
2023-12-20 15:04:00,2023-12-20 15:07:00,4,风机联合连续重复,风机联合连续重复；用于计算重复风机功率扣减量，是否并入最终异常由参数控制
2023-12-20 15:04:00,2023-12-20 15:07:00,4,风机联合连续重复,风机联合连续重复；用于计算重复风机功率扣减量，是否并入最终异常由参数控制
2023-12-20 15:04:00,2023-12-20 15:07:00,4,风机联合连续重复,风机联合连续重复；用于计算重复风机功率扣减量，是否并入最终异常由参数控制
2023-12-20 15:04:00,2023-12-20 15:07:00,4,风机联合连续重复,风机联合连续重复；用于计算重复风机功率扣减量，是否并入最终异常由参数控制
2023-12-20 15:04:00,2023-12-20 15:07:00,4,风机联合连续重复,风机联合连续重复；用于计算重复风机功率扣减量，是否并入最终异常由参数控制
2023-12-20 15:04:00,2023-12-20 15:07:00,4,风机联合连续重复,风机联合连续重复；用于计算重复风机功率扣减量，是否并入最终异常由参数控制
2023-12-20 15:04:00,2023-12-20 15:07:00,4,风机联合连续重复,风机联合连续重复；用于计算重复风机功率扣减量，是否并入最终异常由参数控制
2023-12-20 15:04:00,2023-12-20 15:07:00,4,风机联合连续重复,风机联合连续重复；用于计算重复风机功率扣减量，是否并入最终异常由参数控制
2023-12-20 15:04:00,2023-12-20 15:07:00,4,风机联合连续重复,风机联合连续重复；用于计算重复风机功率扣减量，是否并入最终异常由参数控制
2023-12-20 15:04:00,2023-12-20 15:07:00,4,风机联合连续重复,风机联合连续重复；用于计算重复风机功率扣减量，是否并入最终异常由参数控制
2023-12-20 15:04:00,2023-12-20 15:07:00,4,风机联合连续重复,风机联合连续重复；用于计算重复风机功率扣减量，是否并入最终异常由参数控制
2023-12-20 15:04:00,2023-12-20 15:07:00,4,风机联合连续重复,风机联合连续重复；用于计算重复风机功率扣减量，是否并入最终异常由参数控制
2023-12-20 15:04:00,2023-12-20 15:07:00,4,风机联合连续重复,风机联合连续重复；用于计算重复风机功率扣减量，是否并入最终异常由参数控制
2023-12-20 15:04:00,2023-12-20 15:07:00,4,风机联合连续重复,风机联合连续重复；用于计算重复风机功率扣减量，是否并入最终异常由参数控制
2023-12-20 15:04:00,2023-12-20 15:07:00,4,风机联合连续重复,风机联合连续重复；用于计算重复风机功率扣减量，是否并入最终异常由参数控制
2023-12-20 15:04:00,2023-12-20 15:07:00,4,风机联合连续重复,风机联合连续重复；用于计算重复风机功率扣减量，是否并入最终异常由参数控制
2023-12-20 15:04:00,2023-12-20 15:07:00,4,风机联合连续重复,风机联合连续重复；用于计算重复风机功率扣减量，是否并入最终异常由参数控制
2023-12-20 15:04:00,2023-12-20 15:07:00,4,风机联合连续重复,风机联合连续重复；用于计算重复风机功率扣减量，是否并入最终异常由参数控制
2023-12-20 15:04:00,2023-12-20 15:07:00,4,风机联合连续重复,风机联合连续重复；用于计算重复风机功率扣减量，是否并入最终异常由参数控制
2023-12-20 15:04:00,2023-12-20 15:07:00,4,风机联合连续重复,风机联合连续重复；用于计算重复风机功率扣减量，是否并入最终异常由参数控制
2023-12-20 15:04:00,2023-12-20 15:07:00,4,风机联合连续重复,风机联合连续重复；用于计算重复风机功率扣减量，是否并入最终异常由参数控制
2023-12-20 15:04:00,2023-12-20 15:07:00,4,风机联合连续重复,风机联合连续重复；用于计算重复风机功率扣减量，是否并入最终异常由参数控制
2023-12-20 15:04:00,2023-12-20 15:07:00,4,风机联合连续重复,风机联合连续重复；用于计算重复风机功率扣减量，是否并入最终异常由参数控制
2023-12-20 15:04:00,2023-12-20 15:07:00,4,风机联合连续重复,风机联合连续重复；用于计算重复风机功率扣减量，是否并入最终异常由参数控制
2023-12-20 15:04:00,2023-12-20 15:07:00,4,风机联合连续重复,风机联合连续重复；用于计算重复风机功率扣减量，是否并入最终异常由参数控制
2023-12-20 15:04:00,2023-12-20 15:07:00,4,风机联合连续重复,风机联合连续重复；用于计算重复风机功率扣减量，是否并入最终异常由参数控制
2023-12-20 15:04:00,2023-12-20 15:07:00,4,风机联合连续重复,风机联合连续重复；用于计算重复风机功率扣减量，是否并入最终异常由参数控制
2023-12-20 15:04:00,2023-12-20 15:07:00,4,风机联合连续重复,风机联合连续重复；用于计算重复风机功率扣减量，是否并入最终异常由参数控制
2023-12-20 15:04:00,2023-12-20 15:07:00,4,风机联合连续重复,风机联合连续重复；用于计算重复风机功率扣减量，是否并入最终异常由参数控制
2023-12-20 15:04:00,2023-12-20 15:07:00,4,风机联合连续重复,风机联合连续重复；用于计算重复风机功率扣减量，是否并入最终异常由参数控制
2023-12-20 15:04:00,2023-12-20 15:07:00,4,风机联合连续重复,风机联合连续重复；用于计算重复风机功率扣减量，是否并入最终异常由参数控制
2023-12-20 15:04:00,2023-12-20 15:07:00,4,风机联合连续重复,风机联合连续重复；用于计算重复风机功率扣减量，是否并入最终异常由参数控制
2023-12-20 15:04:00,2023-12-20 15:07:00,4,风机联合连续重复,风机联合连续重复；用于计算重复风机功率扣减量，是否并入最终异常由参数控制
2023-12-20 15:04:00,2023-12-20 15:07:00,4,风机联合连续重复,风机联合连续重复；用于计算重复风机功率扣减量，是否并入最终异常由参数控制
2023-12-20 15:04:00,2023-12-20 15:07:00,4,站端功率连续重复,ACTIVE_POWER_STATION 重复值大于阈值且持续长度大于阈值
2024-01-05 15:33:00,2024-01-05 15:36:00,4,风机联合连续重复,风机联合连续重复；用于计算重复风机功率扣减量，是否并入最终异常由参数控制
2024-01-05 15:33:00,2024-01-05 15:36:00,4,风机联合连续重复,风机联合连续重复；用于计算重复风机功率扣减量，是否并入最终异常由参数控制
2024-01-05 15:33:00,2024-01-05 15:36:00,4,风机联合连续重复,风机联合连续重复；用于计算重复风机功率扣减量，是否并入最终异常由参数控制
2024-01-05 15:33:00,2024-01-05 15:36:00,4,风机联合连续重复,风机联合连续重复；用于计算重复风机功率扣减量，是否并入最终异常由参数控制
2024-01-05 15:33:00,2024-01-05 15:36:00,4,风机联合连续重复,风机联合连续重复；用于计算重复风机功率扣减量，是否并入最终异常由参数控制
2024-01-05 15:33:00,2024-01-05 15:36:00,4,风机联合连续重复,风机联合连续重复；用于计算重复风机功率扣减量，是否并入最终异常由参数控制
2024-01-05 15:33:00,2024-01-05 15:36:00,4,风机联合连续重复,风机联合连续重复；用于计算重复风机功率扣减量，是否并入最终异常由参数控制
2024-01-05 15:33:00,2024-01-05 15:36:00,4,风机联合连续重复,风机联合连续重复；用于计算重复风机功率扣减量，是否并入最终异常由参数控制
2024-01-05 15:33:00,2024-01-05 15:36:00,4,风机联合连续重复,风机联合连续重复；用于计算重复风机功率扣减量，是否并入最终异常由参数控制
2024-01-05 15:33:00,2024-01-05 15:36:00,4,风机联合连续重复,风机联合连续重复；用于计算重复风机功率扣减量，是否并入最终异常由参数控制
2024-01-05 15:33:00,2024-01-05 15:36:00,4,风机联合连续重复,风机联合连续重复；用于计算重复风机功率扣减量，是否并入最终异常由参数控制
2024-01-05 15:33:00,2024-01-05 15:36:00,4,风机联合连续重复,风机联合连续重复；用于计算重复风机功率扣减量，是否并入最终异常由参数控制
2024-01-05 15:33:00,2024-01-05 15:36:00,4,风机联合连续重复,风机联合连续重复；用于计算重复风机功率扣减量，是否并入最终异常由参数控制
2024-01-05 15:33:00,2024-01-05 15:36:00,4,风机联合连续重复,风机联合连续重复；用于计算重复风机功率扣减量，是否并入最终异常由参数控制
2024-01-05 15:33:00,2024-01-05 15:36:00,4,风机联合连续重复,风机联合连续重复；用于计算重复风机功率扣减量，是否并入最终异常由参数控制
2024-01-05 15:33:00,2024-01-05 15:36:00,4,风机联合连续重复,风机联合连续重复；用于计算重复风机功率扣减量，是否并入最终异常由参数控制
2024-01-05 15:33:00,2024-01-05 15:36:00,4,风机联合连续重复,风机联合连续重复；用于计算重复风机功率扣减量，是否并入最终异常由参数控制
2024-01-05 15:33:00,2024-01-05 15:36:00,4,风机联合连续重复,风机联合连续重复；用于计算重复风机功率扣减量，是否并入最终异常由参数控制
2024-01-05 15:33:00,2024-01-05 15:36:00,4,风机联合连续重复,风机联合连续重复；用于计算重复风机功率扣减量，是否并入最终异常由参数控制
2024-01-05 15:33:00,2024-01-05 15:36:00,4,风机联合连续重复,风机联合连续重复；用于计算重复风机功率扣减量，是否并入最终异常由参数控制
2024-01-05 15:33:00,2024-01-05 15:36:00,4,风机联合连续重复,风机联合连续重复；用于计算重复风机功率扣减量，是否并入最终异常由参数控制
2024-01-05 15:33:00,2024-01-05 15:36:00,4,风机联合连续重复,风机联合连续重复；用于计算重复风机功率扣减量，是否并入最终异常由参数控制
2024-01-05 15:33:00,2024-01-05 15:36:00,4,风机联合连续重复,风机联合连续重复；用于计算重复风机功率扣减量，是否并入最终异常由参数控制
2024-01-05 15:33:00,2024-01-05 15:36:00,4,风机联合连续重复,风机联合连续重复；用于计算重复风机功率扣减量，是否并入最终异常由参数控制
2024-01-05 15:33:00,2024-01-05 15:36:00,4,风机联合连续重复,风机联合连续重复；用于计算重复风机功率扣减量，是否并入最终异常由参数控制
2024-01-05 15:33:00,2024-01-05 15:36:00,4,风机联合连续重复,风机联合连续重复；用于计算重复风机功率扣减量，是否并入最终异常由参数控制
2024-01-05 15:33:00,2024-01-05 15:36:00,4,风机联合连续重复,风机联合连续重复；用于计算重复风机功率扣减量，是否并入最终异常由参数控制
2024-01-05 15:33:00,2024-01-05 15:36:00,4,风机联合连续重复,风机联合连续重复；用于计算重复风机功率扣减量，是否并入最终异常由参数控制
2024-01-05 15:33:00,2024-01-05 15:36:00,4,风机联合连续重复,风机联合连续重复；用于计算重复风机功率扣减量，是否并入最终异常由参数控制
2024-01-05 15:33:00,2024-01-05 15:36:00,4,风机联合连续重复,风机联合连续重复；用于计算重复风机功率扣减量，是否并入最终异常由参数控制
2024-01-05 15:33:00,2024-01-05 15:36:00,4,风机联合连续重复,风机联合连续重复；用于计算重复风机功率扣减量，是否并入最终异常由参数控制
2024-01-05 15:33:00,2024-01-05 15:36:00,4,风机联合连续重复,风机联合连续重复；用于计算重复风机功率扣减量，是否并入最终异常由参数控制
2024-01-05 15:33:00,2024-01-05 15:36:00,4,风机联合连续重复,风机联合连续重复；用于计算重复风机功率扣减量，是否并入最终异常由参数控制
2024-01-05 15:33:00,2024-01-05 15:36:00,4,风机联合连续重复,风机联合连续重复；用于计算重复风机功率扣减量，是否并入最终异常由参数控制
2024-01-05 15:33:00,2024-01-05 15:36:00,4,风机联合连续重复,风机联合连续重复；用于计算重复风机功率扣减量，是否并入最终异常由参数控制
2024-01-05 15:33:00,2024-01-05 15:36:00,4,风机联合连续重复,风机联合连续重复；用于计算重复风机功率扣减量，是否并入最终异常由参数控制
2024-01-05 15:33:00,2024-01-05 15:36:00,4,风机联合连续重复,风机联合连续重复；用于计算重复风机功率扣减量，是否并入最终异常由参数控制
2024-01-05 15:33:00,2024-01-05 15:36:00,4,站端功率连续重复,ACTIVE_POWER_STATION 重复值大于阈值且持续长度大于阈值
2024-01-06 01:42:00,2024-01-06 08:32:00,411,风机联合连续重复,风机联合连续重复；用于计算重复风机功率扣减量，是否并入最终异常由参数控制
2024-01-06 17:01:00,2024-01-06 17:04:00,4,风机联合连续重复,风机联合连续重复；用于计算重复风机功率扣减量，是否并入最终异常由参数控制
2024-01-06 17:01:00,2024-01-06 17:04:00,4,风机联合连续重复,风机联合连续重复；用于计算重复风机功率扣减量，是否并入最终异常由参数控制
2024-01-06 17:01:00,2024-01-06 17:04:00,4,风机联合连续重复,风机联合连续重复；用于计算重复风机功率扣减量，是否并入最终异常由参数控制
2024-01-06 17:01:00,2024-01-06 17:04:00,4,风机联合连续重复,风机联合连续重复；用于计算重复风机功率扣减量，是否并入最终异常由参数控制
2024-01-06 17:01:00,2024-01-06 17:04:00,4,风机联合连续重复,风机联合连续重复；用于计算重复风机功率扣减量，是否并入最终异常由参数控制
2024-01-06 17:01:00,2024-01-06 17:04:00,4,风机联合连续重复,风机联合连续重复；用于计算重复风机功率扣减量，是否并入最终异常由参数控制
2024-01-06 17:01:00,2024-01-06 17:04:00,4,风机联合连续重复,风机联合连续重复；用于计算重复风机功率扣减量，是否并入最终异常由参数控制
2024-01-06 17:01:00,2024-01-06 17:04:00,4,风机联合连续重复,风机联合连续重复；用于计算重复风机功率扣减量，是否并入最终异常由参数控制
2024-01-06 17:01:00,2024-01-06 17:04:00,4,风机联合连续重复,风机联合连续重复；用于计算重复风机功率扣减量，是否并入最终异常由参数控制
2024-01-06 17:01:00,2024-01-06 17:04:00,4,风机联合连续重复,风机联合连续重复；用于计算重复风机功率扣减量，是否并入最终异常由参数控制
2024-01-06 17:01:00,2024-01-06 17:04:00,4,风机联合连续重复,风机联合连续重复；用于计算重复风机功率扣减量，是否并入最终异常由参数控制
2024-01-06 17:01:00,2024-01-06 17:04:00,4,风机联合连续重复,风机联合连续重复；用于计算重复风机功率扣减量，是否并入最终异常由参数控制
2024-01-06 17:01:00,2024-01-06 17:04:00,4,风机联合连续重复,风机联合连续重复；用于计算重复风机功率扣减量，是否并入最终异常由参数控制
2024-01-06 17:01:00,2024-01-06 17:04:00,4,风机联合连续重复,风机联合连续重复；用于计算重复风机功率扣减量，是否并入最终异常由参数控制
2024-01-06 17:01:00,2024-01-06 17:04:00,4,风机联合连续重复,风机联合连续重复；用于计算重复风机功率扣减量，是否并入最终异常由参数控制
2024-01-06 17:01:00,2024-01-06 17:04:00,4,风机联合连续重复,风机联合连续重复；用于计算重复风机功率扣减量，是否并入最终异常由参数控制
2024-01-06 17:01:00,2024-01-06 17:04:00,4,风机联合连续重复,风机联合连续重复；用于计算重复风机功率扣减量，是否并入最终异常由参数控制
2024-01-06 17:01:00,2024-01-06 17:04:00,4,风机联合连续重复,风机联合连续重复；用于计算重复风机功率扣减量，是否并入最终异常由参数控制
2024-01-06 17:01:00,2024-01-06 17:04:00,4,风机联合连续重复,风机联合连续重复；用于计算重复风机功率扣减量，是否并入最终异常由参数控制
2024-01-06 17:01:00,2024-01-06 17:04:00,4,风机联合连续重复,风机联合连续重复；用于计算重复风机功率扣减量，是否并入最终异常由参数控制
2024-01-06 17:01:00,2024-01-06 17:04:00,4,风机联合连续重复,风机联合连续重复；用于计算重复风机功率扣减量，是否并入最终异常由参数控制
2024-01-06 17:01:00,2024-01-06 17:04:00,4,风机联合连续重复,风机联合连续重复；用于计算重复风机功率扣减量，是否并入最终异常由参数控制
2024-01-06 17:01:00,2024-01-06 17:04:00,4,风机联合连续重复,风机联合连续重复；用于计算重复风机功率扣减量，是否并入最终异常由参数控制
2024-01-06 17:01:00,2024-01-06 17:04:00,4,风机联合连续重复,风机联合连续重复；用于计算重复风机功率扣减量，是否并入最终异常由参数控制
2024-01-06 17:01:00,2024-01-06 17:04:00,4,风机联合连续重复,风机联合连续重复；用于计算重复风机功率扣减量，是否并入最终异常由参数控制
2024-01-06 17:01:00,2024-01-06 17:04:00,4,风机联合连续重复,风机联合连续重复；用于计算重复风机功率扣减量，是否并入最终异常由参数控制
2024-01-06 17:01:00,2024-01-06 17:04:00,4,风机联合连续重复,风机联合连续重复；用于计算重复风机功率扣减量，是否并入最终异常由参数控制
2024-01-06 17:01:00,2024-01-06 17:04:00,4,风机联合连续重复,风机联合连续重复；用于计算重复风机功率扣减量，是否并入最终异常由参数控制
2024-01-06 17:01:00,2024-01-06 17:04:00,4,风机联合连续重复,风机联合连续重复；用于计算重复风机功率扣减量，是否并入最终异常由参数控制
2024-01-06 17:01:00,2024-01-06 17:04:00,4,风机联合连续重复,风机联合连续重复；用于计算重复风机功率扣减量，是否并入最终异常由参数控制
2024-01-06 17:01:00,2024-01-06 17:04:00,4,风机联合连续重复,风机联合连续重复；用于计算重复风机功率扣减量，是否并入最终异常由参数控制
2024-01-06 17:01:00,2024-01-06 17:04:00,4,风机联合连续重复,风机联合连续重复；用于计算重复风机功率扣减量，是否并入最终异常由参数控制
2024-01-06 17:01:00,2024-01-06 17:04:00,4,风机联合连续重复,风机联合连续重复；用于计算重复风机功率扣减量，是否并入最终异常由参数控制
2024-01-06 17:01:00,2024-01-06 17:04:00,4,风机联合连续重复,风机联合连续重复；用于计算重复风机功率扣减量，是否并入最终异常由参数控制
2024-01-06 17:01:00,2024-01-06 17:04:00,4,风机联合连续重复,风机联合连续重复；用于计算重复风机功率扣减量，是否并入最终异常由参数控制
2024-01-06 17:01:00,2024-01-06 17:04:00,4,风机联合连续重复,风机联合连续重复；用于计算重复风机功率扣减量，是否并入最终异常由参数控制
2024-01-06 17:01:00,2024-01-06 17:04:00,4,风机联合连续重复,风机联合连续重复；用于计算重复风机功率扣减量，是否并入最终异常由参数控制
2024-01-06 17:01:00,2024-01-06 17:04:00,4,风机联合连续重复,风机联合连续重复；用于计算重复风机功率扣减量，是否并入最终异常由参数控制
2024-01-06 17:01:00,2024-01-06 17:04:00,4,风机联合连续重复,风机联合连续重复；用于计算重复风机功率扣减量，是否并入最终异常由参数控制
2024-01-06 17:01:00,2024-01-06 17:04:00,4,风机联合连续重复,风机联合连续重复；用于计算重复风机功率扣减量，是否并入最终异常由参数控制
2024-01-06 17:01:00,2024-01-06 17:04:00,4,风机联合连续重复,风机联合连续重复；用于计算重复风机功率扣减量，是否并入最终异常由参数控制
2024-01-06 17:01:00,2024-01-06 17:04:00,4,风机联合连续重复,风机联合连续重复；用于计算重复风机功率扣减量，是否并入最终异常由参数控制
2024-01-06 17:01:00,2024-01-06 17:04:00,4,风机联合连续重复,风机联合连续重复；用于计算重复风机功率扣减量，是否并入最终异常由参数控制
2024-01-06 17:01:00,2024-01-06 17:04:00,4,风机联合连续重复,风机联合连续重复；用于计算重复风机功率扣减量，是否并入最终异常由参数控制
2024-01-06 17:01:00,2024-01-06 17:04:00,4,风机联合连续重复,风机联合连续重复；用于计算重复风机功率扣减量，是否并入最终异常由参数控制
2024-01-06 17:01:00,2024-01-06 17:04:00,4,风机联合连续重复,风机联合连续重复；用于计算重复风机功率扣减量，是否并入最终异常由参数控制
2024-01-06 17:01:00,2024-01-06 17:04:00,4,风机联合连续重复,风机联合连续重复；用于计算重复风机功率扣减量，是否并入最终异常由参数控制
2024-01-06 17:01:00,2024-01-06 17:04:00,4,风机联合连续重复,风机联合连续重复；用于计算重复风机功率扣减量，是否并入最终异常由参数控制
2024-01-06 17:01:00,2024-01-06 17:04:00,4,风机联合连续重复,风机联合连续重复；用于计算重复风机功率扣减量，是否并入最终异常由参数控制
2024-01-06 17:01:00,2024-01-06 17:04:00,4,风机联合连续重复,风机联合连续重复；用于计算重复风机功率扣减量，是否并入最终异常由参数控制
2024-01-06 17:01:00,2024-01-06 17:04:00,4,风机联合连续重复,风机联合连续重复；用于计算重复风机功率扣减量，是否并入最终异常由参数控制
2024-01-06 17:01:00,2024-01-06 17:04:00,4,风机联合连续重复,风机联合连续重复；用于计算重复风机功率扣减量，是否并入最终异常由参数控制
2024-01-06 17:01:00,2024-01-06 17:04:00,4,风机联合连续重复,风机联合连续重复；用于计算重复风机功率扣减量，是否并入最终异常由参数控制
2024-01-06 17:01:00,2024-01-06 17:04:00,4,风机联合连续重复,风机联合连续重复；用于计算重复风机功率扣减量，是否并入最终异常由参数控制
2024-01-06 17:01:00,2024-01-06 17:04:00,4,风机联合连续重复,风机联合连续重复；用于计算重复风机功率扣减量，是否并入最终异常由参数控制
2024-01-06 17:01:00,2024-01-06 17:04:00,4,风机联合连续重复,风机联合连续重复；用于计算重复风机功率扣减量，是否并入最终异常由参数控制
2024-01-06 17:01:00,2024-01-06 17:04:00,4,风机联合连续重复,风机联合连续重复；用于计算重复风机功率扣减量，是否并入最终异常由参数控制
2024-01-06 17:01:00,2024-01-06 17:04:00,4,风机联合连续重复,风机联合连续重复；用于计算重复风机功率扣减量，是否并入最终异常由参数控制
2024-01-06 17:01:00,2024-01-06 17:04:00,4,风机联合连续重复,风机联合连续重复；用于计算重复风机功率扣减量，是否并入最终异常由参数控制
2024-01-06 17:01:00,2024-01-06 17:04:00,4,风机联合连续重复,风机联合连续重复；用于计算重复风机功率扣减量，是否并入最终异常由参数控制
2024-01-14 00:44:00,2024-01-14 00:47:00,4,站端功率连续重复,ACTIVE_POWER_STATION 重复值大于阈值且持续长度大于阈值
2024-01-14 00:54:00,2024-01-14 00:57:00,4,站端功率连续重复,ACTIVE_POWER_STATION 重复值大于阈值且持续长度大于阈值
2024-01-14 01:30:00,2024-01-14 01:33:00,4,站端功率连续重复,ACTIVE_POWER_STATION 重复值大于阈值且持续长度大于阈值
2024-01-14 01:36:00,2024-01-14 01:41:00,6,站端功率连续重复,ACTIVE_POWER_STATION 重复值大于阈值且持续长度大于阈值
2024-01-14 02:30:00,2024-01-14 02:34:00,5,站端功率连续重复,ACTIVE_POWER_STATION 重复值大于阈值且持续长度大于阈值
2024-01-14 02:36:00,2024-01-14 02:41:00,6,站端功率连续重复,ACTIVE_POWER_STATION 重复值大于阈值且持续长度大于阈值
2024-01-14 02:42:00,2024-01-14 02:47:00,6,站端功率连续重复,ACTIVE_POWER_STATION 重复值大于阈值且持续长度大于阈值
2024-01-14 02:54:00,2024-01-14 02:59:00,6,站端功率连续重复,ACTIVE_POWER_STATION 重复值大于阈值且持续长度大于阈值
2024-01-14 03:30:00,2024-01-14 03:35:00,6,站端功率连续重复,ACTIVE_POWER_STATION 重复值大于阈值且持续长度大于阈值
2024-01-14 03:36:00,2024-01-14 03:41:00,6,站端功率连续重复,ACTIVE_POWER_STATION 重复值大于阈值且持续长度大于阈值
2024-01-14 03:48:00,2024-01-14 03:51:00,4,站端功率连续重复,ACTIVE_POWER_STATION 重复值大于阈值且持续长度大于阈值
2024-01-14 03:54:00,2024-01-14 03:59:00,6,站端功率连续重复,ACTIVE_POWER_STATION 重复值大于阈值且持续长度大于阈值
2024-01-14 04:06:00,2024-01-14 04:09:00,4,站端功率连续重复,ACTIVE_POWER_STATION 重复值大于阈值且持续长度大于阈值
2024-01-14 04:12:00,2024-01-14 04:15:00,4,站端功率连续重复,ACTIVE_POWER_STATION 重复值大于阈值且持续长度大于阈值
2024-01-14 04:24:00,2024-01-14 04:29:00,6,站端功率连续重复,ACTIVE_POWER_STATION 重复值大于阈值且持续长度大于阈值
2024-01-14 04:30:00,2024-01-14 04:33:00,4,站端功率连续重复,ACTIVE_POWER_STATION 重复值大于阈值且持续长度大于阈值
2024-01-14 04:36:00,2024-01-14 04:40:00,5,站端功率连续重复,ACTIVE_POWER_STATION 重复值大于阈值且持续长度大于阈值
2024-01-14 04:42:00,2024-01-14 04:46:00,5,站端功率连续重复,ACTIVE_POWER_STATION 重复值大于阈值且持续长度大于阈值
2024-01-14 04:54:00,2024-01-14 04:58:00,5,站端功率连续重复,ACTIVE_POWER_STATION 重复值大于阈值且持续长度大于阈值
2024-01-14 05:00:00,2024-01-14 05:05:00,6,站端功率连续重复,ACTIVE_POWER_STATION 重复值大于阈值且持续长度大于阈值
2024-01-14 05:12:00,2024-01-14 05:17:00,6,站端功率连续重复,ACTIVE_POWER_STATION 重复值大于阈值且持续长度大于阈值
2024-01-14 05:18:00,2024-01-14 05:22:00,5,站端功率连续重复,ACTIVE_POWER_STATION 重复值大于阈值且持续长度大于阈值
2024-01-14 05:36:00,2024-01-14 05:39:00,4,站端功率连续重复,ACTIVE_POWER_STATION 重复值大于阈值且持续长度大于阈值
2024-01-14 17:43:00,2024-01-14 17:47:00,5,站端功率连续重复,ACTIVE_POWER_STATION 重复值大于阈值且持续长度大于阈值
2024-01-14 17:54:00,2024-01-14 17:58:00,5,站端功率连续重复,ACTIVE_POWER_STATION 重复值大于阈值且持续长度大于阈值
2024-01-14 18:02:00,2024-01-14 18:05:00,4,站端功率连续重复,ACTIVE_POWER_STATION 重复值大于阈值且持续长度大于阈值
2024-01-14 18:06:00,2024-01-14 18:11:00,6,站端功率连续重复,ACTIVE_POWER_STATION 重复值大于阈值且持续长度大于阈值
2024-01-14 18:20:00,2024-01-14 18:23:00,4,站端功率连续重复,ACTIVE_POWER_STATION 重复值大于阈值且持续长度大于阈值
2024-01-14 18:48:00,2024-01-14 18:51:00,4,站端功率连续重复,ACTIVE_POWER_STATION 重复值大于阈值且持续长度大于阈值
2024-01-14 20:00:00,2024-01-14 20:05:00,6,站端功率连续重复,ACTIVE_POWER_STATION 重复值大于阈值且持续长度大于阈值
2024-01-14 20:56:00,2024-01-14 21:00:00,5,站端功率连续重复,ACTIVE_POWER_STATION 重复值大于阈值且持续长度大于阈值
2024-01-14 21:03:00,2024-01-14 21:06:00,4,站端功率连续重复,ACTIVE_POWER_STATION 重复值大于阈值且持续长度大于阈值
2024-01-14 21:07:00,2024-01-14 21:10:00,4,站端功率连续重复,ACTIVE_POWER_STATION 重复值大于阈值且持续长度大于阈值
2024-01-14 21:18:00,2024-01-14 21:24:00,7,站端功率连续重复,ACTIVE_POWER_STATION 重复值大于阈值且持续长度大于阈值
2024-01-14 22:36:00,2024-01-14 22:39:00,4,站端功率连续重复,ACTIVE_POWER_STATION 重复值大于阈值且持续长度大于阈值
2024-01-20 09:15:00,2024-01-20 09:19:00,5,站端功率连续重复,ACTIVE_POWER_STATION 重复值大于阈值且持续长度大于阈值
2024-01-20 09:45:00,2024-01-20 09:50:00,6,站端功率连续重复,ACTIVE_POWER_STATION 重复值大于阈值且持续长度大于阈值
2024-01-20 09:52:00,2024-01-20 09:56:00,5,站端功率连续重复,ACTIVE_POWER_STATION 重复值大于阈值且持续长度大于阈值
2024-01-20 14:03:00,2024-01-20 14:08:00,6,站端功率连续重复,ACTIVE_POWER_STATION 重复值大于阈值且持续长度大于阈值
2024-01-20 14:41:00,2024-01-20 14:44:00,4,站端功率连续重复,ACTIVE_POWER_STATION 重复值大于阈值且持续长度大于阈值
2024-01-20 14:45:00,2024-01-20 14:48:00,4,站端功率连续重复,ACTIVE_POWER_STATION 重复值大于阈值且持续长度大于阈值
2024-01-20 16:22:00,2024-01-20 16:25:00,4,站端功率连续重复,ACTIVE_POWER_STATION 重复值大于阈值且持续长度大于阈值
2024-01-20 17:00:00,2024-01-20 17:00:00,1,物理超额定,风机功率之和或 ACTIVE_POWER_STATION 超过额定功率上限；明细保留但汇总剔除
2024-01-20 19:10:00,2024-01-20 19:14:00,5,站端功率连续重复,ACTIVE_POWER_STATION 重复值大于阈值且持续长度大于阈值
2024-01-20 21:17:00,2024-01-20 21:20:00,4,站端功率连续重复,ACTIVE_POWER_STATION 重复值大于阈值且持续长度大于阈值
2024-01-21 12:10:00,2024-01-21 12:13:00,4,站端功率连续重复,ACTIVE_POWER_STATION 重复值大于阈值且持续长度大于阈值
2024-01-21 12:46:00,2024-01-21 12:51:00,6,站端功率连续重复,ACTIVE_POWER_STATION 重复值大于阈值且持续长度大于阈值
2024-01-21 13:34:00,2024-01-21 13:39:00,6,站端功率连续重复,ACTIVE_POWER_STATION 重复值大于阈值且持续长度大于阈值
2024-01-21 14:52:00,2024-01-21 14:57:00,6,站端功率连续重复,ACTIVE_POWER_STATION 重复值大于阈值且持续长度大于阈值
2024-01-21 15:10:00,2024-01-21 15:14:00,5,站端功率连续重复,ACTIVE_POWER_STATION 重复值大于阈值且持续长度大于阈值
2024-01-21 15:28:00,2024-01-21 15:31:00,4,站端功率连续重复,ACTIVE_POWER_STATION 重复值大于阈值且持续长度大于阈值
2024-01-21 15:41:00,2024-01-21 15:45:00,5,站端功率连续重复,ACTIVE_POWER_STATION 重复值大于阈值且持续长度大于阈值
2024-01-21 15:59:00,2024-01-21 16:03:00,5,站端功率连续重复,ACTIVE_POWER_STATION 重复值大于阈值且持续长度大于阈值
2024-01-21 16:22:00,2024-01-21 16:26:00,5,站端功率连续重复,ACTIVE_POWER_STATION 重复值大于阈值且持续长度大于阈值
2024-01-21 18:23:00,2024-01-21 18:26:00,4,站端功率连续重复,ACTIVE_POWER_STATION 重复值大于阈值且持续长度大于阈值
2024-01-22 00:10:00,2024-01-22 00:14:00,5,站端功率连续重复,ACTIVE_POWER_STATION 重复值大于阈值且持续长度大于阈值
2024-01-30 11:04:00,2024-01-30 11:04:00,1,物理超额定,风机功率之和或 ACTIVE_POWER_STATION 超过额定功率上限；明细保留但汇总剔除
2024-02-01 00:45:00,2024-02-01 00:50:00,6,站端功率连续重复,ACTIVE_POWER_STATION 重复值大于阈值且持续长度大于阈值
2024-02-01 00:51:00,2024-02-01 00:56:00,6,站端功率连续重复,ACTIVE_POWER_STATION 重复值大于阈值且持续长度大于阈值
2024-02-01 00:57:00,2024-02-01 01:00:00,4,站端功率连续重复,ACTIVE_POWER_STATION 重复值大于阈值且持续长度大于阈值
2024-02-01 01:39:00,2024-02-01 01:44:00,6,站端功率连续重复,ACTIVE_POWER_STATION 重复值大于阈值且持续长度大于阈值
2024-02-01 01:58:00,2024-02-01 02:02:00,5,站端功率连续重复,ACTIVE_POWER_STATION 重复值大于阈值且持续长度大于阈值
2024-02-01 02:09:00,2024-02-01 02:14:00,6,站端功率连续重复,ACTIVE_POWER_STATION 重复值大于阈值且持续长度大于阈值
2024-02-01 02:21:00,2024-02-01 02:24:00,4,站端功率连续重复,ACTIVE_POWER_STATION 重复值大于阈值且持续长度大于阈值
2024-02-01 02:45:00,2024-02-01 02:50:00,6,站端功率连续重复,ACTIVE_POWER_STATION 重复值大于阈值且持续长度大于阈值
2024-02-01 17:53:00,2024-02-01 17:56:00,4,站端功率连续重复,ACTIVE_POWER_STATION 重复值大于阈值且持续长度大于阈值
2024-02-01 18:33:00,2024-02-01 18:36:00,4,站端功率连续重复,ACTIVE_POWER_STATION 重复值大于阈值且持续长度大于阈值
2024-02-01 18:40:00,2024-02-01 18:43:00,4,站端功率连续重复,ACTIVE_POWER_STATION 重复值大于阈值且持续长度大于阈值
2024-02-01 19:39:00,2024-02-01 19:43:00,5,站端功率连续重复,ACTIVE_POWER_STATION 重复值大于阈值且持续长度大于阈值
2024-02-01 20:17:00,2024-02-01 20:20:00,4,站端功率连续重复,ACTIVE_POWER_STATION 重复值大于阈值且持续长度大于阈值
2024-02-01 21:22:00,2024-02-01 21:25:00,4,站端功率连续重复,ACTIVE_POWER_STATION 重复值大于阈值且持续长度大于阈值
2024-02-04 19:00:00,2024-02-04 19:03:00,4,站端功率连续重复,ACTIVE_POWER_STATION 重复值大于阈值且持续长度大于阈值
2024-02-07 14:37:00,2024-02-20 07:51:00,18315,风机联合连续重复,风机联合连续重复；用于计算重复风机功率扣减量，是否并入最终异常由参数控制
2024-02-12 18:41:00,2024-02-12 18:44:00,4,站端功率连续重复,ACTIVE_POWER_STATION 重复值大于阈值且持续长度大于阈值
2024-02-12 19:39:00,2024-02-12 19:43:00,5,站端功率连续重复,ACTIVE_POWER_STATION 重复值大于阈值且持续长度大于阈值
2024-02-13 07:57:00,2024-02-13 08:02:00,6,站端功率连续重复,ACTIVE_POWER_STATION 重复值大于阈值且持续长度大于阈值
2024-02-13 08:23:00,2024-02-13 08:26:00,4,站端功率连续重复,ACTIVE_POWER_STATION 重复值大于阈值且持续长度大于阈值
2024-02-13 12:39:00,2024-02-13 12:43:00,5,站端功率连续重复,ACTIVE_POWER_STATION 重复值大于阈值且持续长度大于阈值
2024-02-13 14:16:00,2024-02-13 14:19:00,4,站端功率连续重复,ACTIVE_POWER_STATION 重复值大于阈值且持续长度大于阈值
2024-02-13 15:27:00,2024-02-13 15:30:00,4,站端功率连续重复,ACTIVE_POWER_STATION 重复值大于阈值且持续长度大于阈值
2024-02-13 16:35:00,2024-02-13 16:38:00,4,站端功率连续重复,ACTIVE_POWER_STATION 重复值大于阈值且持续长度大于阈值
2024-02-13 16:39:00,2024-02-13 16:42:00,4,站端功率连续重复,ACTIVE_POWER_STATION 重复值大于阈值且持续长度大于阈值
2024-02-13 17:09:00,2024-02-13 17:13:00,5,站端功率连续重复,ACTIVE_POWER_STATION 重复值大于阈值且持续长度大于阈值
2024-02-13 17:29:00,2024-02-13 17:32:00,4,站端功率连续重复,ACTIVE_POWER_STATION 重复值大于阈值且持续长度大于阈值
2024-02-13 19:11:00,2024-02-13 19:14:00,4,站端功率连续重复,ACTIVE_POWER_STATION 重复值大于阈值且持续长度大于阈值
2024-02-13 20:41:00,2024-02-13 20:44:00,4,站端功率连续重复,ACTIVE_POWER_STATION 重复值大于阈值且持续长度大于阈值
2024-02-13 20:52:00,2024-02-13 20:56:00,5,站端功率连续重复,ACTIVE_POWER_STATION 重复值大于阈值且持续长度大于阈值
2024-02-14 00:57:00,2024-02-14 01:02:00,6,站端功率连续重复,ACTIVE_POWER_STATION 重复值大于阈值且持续长度大于阈值
2024-02-14 01:03:00,2024-02-14 01:06:00,4,站端功率连续重复,ACTIVE_POWER_STATION 重复值大于阈值且持续长度大于阈值
2024-02-15 16:36:00,2024-02-15 16:39:00,4,站端功率连续重复,ACTIVE_POWER_STATION 重复值大于阈值且持续长度大于阈值
2024-02-17 15:29:00,2024-02-17 15:34:00,6,站端功率连续重复,ACTIVE_POWER_STATION 重复值大于阈值且持续长度大于阈值
2024-02-17 22:13:00,2024-02-17 22:16:00,4,站端功率连续重复,ACTIVE_POWER_STATION 重复值大于阈值且持续长度大于阈值
2024-02-18 07:29:00,2024-02-18 07:32:00,4,站端功率连续重复,ACTIVE_POWER_STATION 重复值大于阈值且持续长度大于阈值
2024-02-18 10:54:00,2024-02-18 10:58:00,5,站端功率连续重复,ACTIVE_POWER_STATION 重复值大于阈值且持续长度大于阈值
2024-02-18 11:42:00,2024-02-18 11:45:00,4,站端功率连续重复,ACTIVE_POWER_STATION 重复值大于阈值且持续长度大于阈值
2024-02-18 19:24:00,2024-02-18 19:28:00,5,站端功率连续重复,ACTIVE_POWER_STATION 重复值大于阈值且持续长度大于阈值
2024-02-18 19:49:00,2024-02-18 19:52:00,4,站端功率连续重复,ACTIVE_POWER_STATION 重复值大于阈值且持续长度大于阈值
2024-02-18 20:11:00,2024-02-18 20:16:00,6,站端功率连续重复,ACTIVE_POWER_STATION 重复值大于阈值且持续长度大于阈值
2024-02-18 20:17:00,2024-02-18 20:22:00,6,站端功率连续重复,ACTIVE_POWER_STATION 重复值大于阈值且持续长度大于阈值
2024-02-18 20:37:00,2024-02-18 20:41:00,5,站端功率连续重复,ACTIVE_POWER_STATION 重复值大于阈值且持续长度大于阈值
2024-02-18 22:00:00,2024-02-18 22:03:00,4,站端功率连续重复,ACTIVE_POWER_STATION 重复值大于阈值且持续长度大于阈值
2024-02-18 23:00:00,2024-02-18 23:05:00,6,站端功率连续重复,ACTIVE_POWER_STATION 重复值大于阈值且持续长度大于阈值
2024-02-18 23:06:00,2024-02-18 23:10:00,5,站端功率连续重复,ACTIVE_POWER_STATION 重复值大于阈值且持续长度大于阈值
2024-02-18 23:18:00,2024-02-18 23:21:00,4,站端功率连续重复,ACTIVE_POWER_STATION 重复值大于阈值且持续长度大于阈值
2024-02-19 16:54:00,2024-02-19 16:58:00,5,站端功率连续重复,ACTIVE_POWER_STATION 重复值大于阈值且持续长度大于阈值
2024-02-19 21:13:00,2024-02-19 21:16:00,4,站端功率连续重复,ACTIVE_POWER_STATION 重复值大于阈值且持续长度大于阈值
2024-02-20 00:54:00,2024-02-20 00:58:00,5,站端功率连续重复,ACTIVE_POWER_STATION 重复值大于阈值且持续长度大于阈值
2024-02-20 09:38:00,2024-02-20 09:41:00,4,站端功率连续重复,ACTIVE_POWER_STATION 重复值大于阈值且持续长度大于阈值
2024-02-26 10:01:00,2024-02-26 10:04:00,4,风机联合连续重复,风机联合连续重复；用于计算重复风机功率扣减量，是否并入最终异常由参数控制
2024-02-26 10:01:00,2024-02-26 10:04:00,4,风机联合连续重复,风机联合连续重复；用于计算重复风机功率扣减量，是否并入最终异常由参数控制
2024-02-26 10:01:00,2024-02-26 10:04:00,4,风机联合连续重复,风机联合连续重复；用于计算重复风机功率扣减量，是否并入最终异常由参数控制
2024-02-26 10:01:00,2024-02-26 10:04:00,4,风机联合连续重复,风机联合连续重复；用于计算重复风机功率扣减量，是否并入最终异常由参数控制
2024-02-26 10:01:00,2024-02-26 10:04:00,4,风机联合连续重复,风机联合连续重复；用于计算重复风机功率扣减量，是否并入最终异常由参数控制
2024-02-26 10:01:00,2024-02-26 10:04:00,4,风机联合连续重复,风机联合连续重复；用于计算重复风机功率扣减量，是否并入最终异常由参数控制
2024-02-26 10:01:00,2024-02-26 10:04:00,4,风机联合连续重复,风机联合连续重复；用于计算重复风机功率扣减量，是否并入最终异常由参数控制
2024-02-26 10:01:00,2024-02-26 10:04:00,4,风机联合连续重复,风机联合连续重复；用于计算重复风机功率扣减量，是否并入最终异常由参数控制
2024-02-26 10:01:00,2024-02-26 10:04:00,4,风机联合连续重复,风机联合连续重复；用于计算重复风机功率扣减量，是否并入最终异常由参数控制
2024-02-26 10:01:00,2024-02-26 10:04:00,4,风机联合连续重复,风机联合连续重复；用于计算重复风机功率扣减量，是否并入最终异常由参数控制
2024-02-26 10:01:00,2024-02-26 10:04:00,4,风机联合连续重复,风机联合连续重复；用于计算重复风机功率扣减量，是否并入最终异常由参数控制
2024-02-26 10:01:00,2024-02-26 10:04:00,4,风机联合连续重复,风机联合连续重复；用于计算重复风机功率扣减量，是否并入最终异常由参数控制
2024-02-26 10:01:00,2024-02-26 10:04:00,4,风机联合连续重复,风机联合连续重复；用于计算重复风机功率扣减量，是否并入最终异常由参数控制
2024-02-26 10:01:00,2024-02-26 10:04:00,4,风机联合连续重复,风机联合连续重复；用于计算重复风机功率扣减量，是否并入最终异常由参数控制
2024-02-26 10:01:00,2024-02-26 10:04:00,4,风机联合连续重复,风机联合连续重复；用于计算重复风机功率扣减量，是否并入最终异常由参数控制
2024-02-26 10:01:00,2024-02-26 10:04:00,4,风机联合连续重复,风机联合连续重复；用于计算重复风机功率扣减量，是否并入最终异常由参数控制
2024-02-26 10:01:00,2024-02-26 10:04:00,4,风机联合连续重复,风机联合连续重复；用于计算重复风机功率扣减量，是否并入最终异常由参数控制
2024-02-26 10:01:00,2024-02-26 10:04:00,4,风机联合连续重复,风机联合连续重复；用于计算重复风机功率扣减量，是否并入最终异常由参数控制
2024-02-26 10:01:00,2024-02-26 10:04:00,4,风机联合连续重复,风机联合连续重复；用于计算重复风机功率扣减量，是否并入最终异常由参数控制
2024-02-26 10:01:00,2024-02-26 10:04:00,4,风机联合连续重复,风机联合连续重复；用于计算重复风机功率扣减量，是否并入最终异常由参数控制
2024-02-26 10:01:00,2024-02-26 10:04:00,4,风机联合连续重复,风机联合连续重复；用于计算重复风机功率扣减量，是否并入最终异常由参数控制
2024-02-26 10:01:00,2024-02-26 10:04:00,4,风机联合连续重复,风机联合连续重复；用于计算重复风机功率扣减量，是否并入最终异常由参数控制
2024-02-26 10:01:00,2024-02-26 10:04:00,4,风机联合连续重复,风机联合连续重复；用于计算重复风机功率扣减量，是否并入最终异常由参数控制
2024-02-26 10:01:00,2024-02-26 10:04:00,4,风机联合连续重复,风机联合连续重复；用于计算重复风机功率扣减量，是否并入最终异常由参数控制
2024-02-26 10:01:00,2024-02-26 10:04:00,4,风机联合连续重复,风机联合连续重复；用于计算重复风机功率扣减量，是否并入最终异常由参数控制
2024-02-26 10:01:00,2024-02-26 10:04:00,4,风机联合连续重复,风机联合连续重复；用于计算重复风机功率扣减量，是否并入最终异常由参数控制
2024-02-26 10:01:00,2024-02-26 10:04:00,4,风机联合连续重复,风机联合连续重复；用于计算重复风机功率扣减量，是否并入最终异常由参数控制
2024-02-26 10:01:00,2024-02-26 10:04:00,4,风机联合连续重复,风机联合连续重复；用于计算重复风机功率扣减量，是否并入最终异常由参数控制
2024-02-26 10:01:00,2024-02-26 10:04:00,4,风机联合连续重复,风机联合连续重复；用于计算重复风机功率扣减量，是否并入最终异常由参数控制
2024-02-26 10:01:00,2024-02-26 10:04:00,4,风机联合连续重复,风机联合连续重复；用于计算重复风机功率扣减量，是否并入最终异常由参数控制
2024-02-26 10:01:00,2024-02-26 10:04:00,4,风机联合连续重复,风机联合连续重复；用于计算重复风机功率扣减量，是否并入最终异常由参数控制
2024-02-26 10:01:00,2024-02-26 10:04:00,4,风机联合连续重复,风机联合连续重复；用于计算重复风机功率扣减量，是否并入最终异常由参数控制
2024-02-26 10:01:00,2024-02-26 10:04:00,4,风机联合连续重复,风机联合连续重复；用于计算重复风机功率扣减量，是否并入最终异常由参数控制
2024-02-26 10:01:00,2024-02-26 10:04:00,4,风机联合连续重复,风机联合连续重复；用于计算重复风机功率扣减量，是否并入最终异常由参数控制
2024-02-26 10:01:00,2024-02-26 10:04:00,4,风机联合连续重复,风机联合连续重复；用于计算重复风机功率扣减量，是否并入最终异常由参数控制
2024-02-26 10:01:00,2024-02-26 10:04:00,4,风机联合连续重复,风机联合连续重复；用于计算重复风机功率扣减量，是否并入最终异常由参数控制
2024-02-26 10:01:00,2024-02-26 10:04:00,4,风机联合连续重复,风机联合连续重复；用于计算重复风机功率扣减量，是否并入最终异常由参数控制
2024-02-26 10:01:00,2024-02-26 10:04:00,4,风机联合连续重复,风机联合连续重复；用于计算重复风机功率扣减量，是否并入最终异常由参数控制
2024-02-26 10:01:00,2024-02-26 10:04:00,4,风机联合连续重复,风机联合连续重复；用于计算重复风机功率扣减量，是否并入最终异常由参数控制
2024-02-26 10:01:00,2024-02-26 10:04:00,4,风机联合连续重复,风机联合连续重复；用于计算重复风机功率扣减量，是否并入最终异常由参数控制
2024-02-26 10:01:00,2024-02-26 10:04:00,4,风机联合连续重复,风机联合连续重复；用于计算重复风机功率扣减量，是否并入最终异常由参数控制
2024-02-26 10:01:00,2024-02-26 10:04:00,4,风机联合连续重复,风机联合连续重复；用于计算重复风机功率扣减量，是否并入最终异常由参数控制
2024-02-26 10:01:00,2024-02-26 10:04:00,4,风机联合连续重复,风机联合连续重复；用于计算重复风机功率扣减量，是否并入最终异常由参数控制
2024-02-26 10:01:00,2024-02-26 10:04:00,4,风机联合连续重复,风机联合连续重复；用于计算重复风机功率扣减量，是否并入最终异常由参数控制
2024-02-26 10:01:00,2024-02-26 10:04:00,4,风机联合连续重复,风机联合连续重复；用于计算重复风机功率扣减量，是否并入最终异常由参数控制
2024-02-26 10:01:00,2024-02-26 10:04:00,4,风机联合连续重复,风机联合连续重复；用于计算重复风机功率扣减量，是否并入最终异常由参数控制
2024-02-26 10:01:00,2024-02-26 10:04:00,4,风机联合连续重复,风机联合连续重复；用于计算重复风机功率扣减量，是否并入最终异常由参数控制
2024-02-26 10:01:00,2024-02-26 10:04:00,4,风机联合连续重复,风机联合连续重复；用于计算重复风机功率扣减量，是否并入最终异常由参数控制
2024-02-26 10:01:00,2024-02-26 10:04:00,4,风机联合连续重复,风机联合连续重复；用于计算重复风机功率扣减量，是否并入最终异常由参数控制
2024-02-26 10:01:00,2024-02-26 10:04:00,4,风机联合连续重复,风机联合连续重复；用于计算重复风机功率扣减量，是否并入最终异常由参数控制
2024-02-26 10:01:00,2024-02-26 10:04:00,4,风机联合连续重复,风机联合连续重复；用于计算重复风机功率扣减量，是否并入最终异常由参数控制
2024-02-26 10:01:00,2024-02-26 10:04:00,4,风机联合连续重复,风机联合连续重复；用于计算重复风机功率扣减量，是否并入最终异常由参数控制
2024-02-26 10:01:00,2024-02-26 10:04:00,4,风机联合连续重复,风机联合连续重复；用于计算重复风机功率扣减量，是否并入最终异常由参数控制
2024-02-26 10:01:00,2024-02-26 10:04:00,4,风机联合连续重复,风机联合连续重复；用于计算重复风机功率扣减量，是否并入最终异常由参数控制
2024-02-26 10:01:00,2024-02-26 10:04:00,4,风机联合连续重复,风机联合连续重复；用于计算重复风机功率扣减量，是否并入最终异常由参数控制
2024-02-26 10:01:00,2024-02-26 10:04:00,4,风机联合连续重复,风机联合连续重复；用于计算重复风机功率扣减量，是否并入最终异常由参数控制
2024-02-26 10:01:00,2024-02-26 10:04:00,4,风机联合连续重复,风机联合连续重复；用于计算重复风机功率扣减量，是否并入最终异常由参数控制
2024-02-26 10:01:00,2024-02-26 10:04:00,4,风机联合连续重复,风机联合连续重复；用于计算重复风机功率扣减量，是否并入最终异常由参数控制
2024-02-26 10:01:00,2024-02-26 10:04:00,4,风机联合连续重复,风机联合连续重复；用于计算重复风机功率扣减量，是否并入最终异常由参数控制
2024-02-26 10:01:00,2024-02-26 10:04:00,4,风机联合连续重复,风机联合连续重复；用于计算重复风机功率扣减量，是否并入最终异常由参数控制
2024-02-26 10:01:00,2024-02-26 10:04:00,4,风机联合连续重复,风机联合连续重复；用于计算重复风机功率扣减量，是否并入最终异常由参数控制
2024-02-26 10:01:00,2024-02-26 10:04:00,4,风机联合连续重复,风机联合连续重复；用于计算重复风机功率扣减量，是否并入最终异常由参数控制
2024-02-26 10:01:00,2024-02-26 10:04:00,4,风机联合连续重复,风机联合连续重复；用于计算重复风机功率扣减量，是否并入最终异常由参数控制
2024-02-26 10:01:00,2024-02-26 10:04:00,4,风机联合连续重复,风机联合连续重复；用于计算重复风机功率扣减量，是否并入最终异常由参数控制
2024-02-26 10:01:00,2024-02-26 10:04:00,4,风机联合连续重复,风机联合连续重复；用于计算重复风机功率扣减量，是否并入最终异常由参数控制
2024-02-26 10:01:00,2024-02-26 10:04:00,4,风机联合连续重复,风机联合连续重复；用于计算重复风机功率扣减量，是否并入最终异常由参数控制
2024-02-26 10:01:00,2024-02-26 10:04:00,4,风机联合连续重复,风机联合连续重复；用于计算重复风机功率扣减量，是否并入最终异常由参数控制
2024-02-26 10:01:00,2024-02-26 10:04:00,4,风机联合连续重复,风机联合连续重复；用于计算重复风机功率扣减量，是否并入最终异常由参数控制
2024-02-26 10:01:00,2024-02-26 10:04:00,4,风机联合连续重复,风机联合连续重复；用于计算重复风机功率扣减量，是否并入最终异常由参数控制
2024-02-26 10:01:00,2024-02-26 10:04:00,4,风机联合连续重复,风机联合连续重复；用于计算重复风机功率扣减量，是否并入最终异常由参数控制
2024-02-26 10:01:00,2024-02-26 10:04:00,4,风机联合连续重复,风机联合连续重复；用于计算重复风机功率扣减量，是否并入最终异常由参数控制
2024-02-26 10:01:00,2024-02-26 10:04:00,4,风机联合连续重复,风机联合连续重复；用于计算重复风机功率扣减量，是否并入最终异常由参数控制
2024-02-26 10:01:00,2024-02-26 10:04:00,4,风机联合连续重复,风机联合连续重复；用于计算重复风机功率扣减量，是否并入最终异常由参数控制
2024-02-26 10:01:00,2024-02-26 10:04:00,4,风机联合连续重复,风机联合连续重复；用于计算重复风机功率扣减量，是否并入最终异常由参数控制
2024-02-26 10:01:00,2024-02-26 10:04:00,4,风机联合连续重复,风机联合连续重复；用于计算重复风机功率扣减量，是否并入最终异常由参数控制
2024-02-26 10:01:00,2024-02-26 10:04:00,4,风机联合连续重复,风机联合连续重复；用于计算重复风机功率扣减量，是否并入最终异常由参数控制
2024-02-26 10:01:00,2024-02-26 10:04:00,4,风机联合连续重复,风机联合连续重复；用于计算重复风机功率扣减量，是否并入最终异常由参数控制
2024-02-26 10:01:00,2024-02-26 10:04:00,4,风机联合连续重复,风机联合连续重复；用于计算重复风机功率扣减量，是否并入最终异常由参数控制
2024-02-26 10:01:00,2024-02-26 10:04:00,4,风机联合连续重复,风机联合连续重复；用于计算重复风机功率扣减量，是否并入最终异常由参数控制
2024-02-26 10:01:00,2024-02-26 10:04:00,4,风机联合连续重复,风机联合连续重复；用于计算重复风机功率扣减量，是否并入最终异常由参数控制
2024-02-26 10:01:00,2024-02-26 10:04:00,4,风机联合连续重复,风机联合连续重复；用于计算重复风机功率扣减量，是否并入最终异常由参数控制
2024-02-26 10:01:00,2024-02-26 10:04:00,4,风机联合连续重复,风机联合连续重复；用于计算重复风机功率扣减量，是否并入最终异常由参数控制
2024-02-26 10:01:00,2024-02-26 10:04:00,4,风机联合连续重复,风机联合连续重复；用于计算重复风机功率扣减量，是否并入最终异常由参数控制
2024-02-26 10:01:00,2024-02-26 10:04:00,4,风机联合连续重复,风机联合连续重复；用于计算重复风机功率扣减量，是否并入最终异常由参数控制
2024-02-26 10:01:00,2024-02-26 10:04:00,4,风机联合连续重复,风机联合连续重复；用于计算重复风机功率扣减量，是否并入最终异常由参数控制
2024-02-26 10:01:00,2024-02-26 10:04:00,4,风机联合连续重复,风机联合连续重复；用于计算重复风机功率扣减量，是否并入最终异常由参数控制
2024-02-26 10:01:00,2024-02-26 10:04:00,4,风机联合连续重复,风机联合连续重复；用于计算重复风机功率扣减量，是否并入最终异常由参数控制
2024-02-26 10:01:00,2024-02-26 10:04:00,4,风机联合连续重复,风机联合连续重复；用于计算重复风机功率扣减量，是否并入最终异常由参数控制
2024-02-26 10:01:00,2024-02-26 10:04:00,4,站端功率连续重复,ACTIVE_POWER_STATION 重复值大于阈值且持续长度大于阈值
2024-02-26 10:13:00,2024-02-26 10:16:00,4,风机联合连续重复,风机联合连续重复；用于计算重复风机功率扣减量，是否并入最终异常由参数控制
2024-02-26 10:13:00,2024-02-26 10:16:00,4,风机联合连续重复,风机联合连续重复；用于计算重复风机功率扣减量，是否并入最终异常由参数控制
2024-02-26 10:13:00,2024-02-26 10:16:00,4,风机联合连续重复,风机联合连续重复；用于计算重复风机功率扣减量，是否并入最终异常由参数控制
2024-02-26 10:13:00,2024-02-26 10:16:00,4,风机联合连续重复,风机联合连续重复；用于计算重复风机功率扣减量，是否并入最终异常由参数控制
2024-02-26 10:13:00,2024-02-26 10:16:00,4,风机联合连续重复,风机联合连续重复；用于计算重复风机功率扣减量，是否并入最终异常由参数控制
2024-02-26 10:13:00,2024-02-26 10:16:00,4,风机联合连续重复,风机联合连续重复；用于计算重复风机功率扣减量，是否并入最终异常由参数控制
2024-02-26 10:13:00,2024-02-26 10:16:00,4,风机联合连续重复,风机联合连续重复；用于计算重复风机功率扣减量，是否并入最终异常由参数控制
2024-02-26 10:13:00,2024-02-26 10:16:00,4,风机联合连续重复,风机联合连续重复；用于计算重复风机功率扣减量，是否并入最终异常由参数控制
2024-02-26 10:13:00,2024-02-26 10:16:00,4,风机联合连续重复,风机联合连续重复；用于计算重复风机功率扣减量，是否并入最终异常由参数控制
2024-02-26 10:13:00,2024-02-26 10:16:00,4,风机联合连续重复,风机联合连续重复；用于计算重复风机功率扣减量，是否并入最终异常由参数控制
2024-02-26 10:13:00,2024-02-26 10:16:00,4,风机联合连续重复,风机联合连续重复；用于计算重复风机功率扣减量，是否并入最终异常由参数控制
2024-02-26 10:13:00,2024-02-26 10:16:00,4,风机联合连续重复,风机联合连续重复；用于计算重复风机功率扣减量，是否并入最终异常由参数控制
2024-02-26 10:13:00,2024-02-26 10:16:00,4,风机联合连续重复,风机联合连续重复；用于计算重复风机功率扣减量，是否并入最终异常由参数控制
2024-02-26 10:13:00,2024-02-26 10:16:00,4,风机联合连续重复,风机联合连续重复；用于计算重复风机功率扣减量，是否并入最终异常由参数控制
2024-02-26 10:13:00,2024-02-26 10:16:00,4,风机联合连续重复,风机联合连续重复；用于计算重复风机功率扣减量，是否并入最终异常由参数控制
2024-02-26 10:13:00,2024-02-26 10:16:00,4,风机联合连续重复,风机联合连续重复；用于计算重复风机功率扣减量，是否并入最终异常由参数控制
2024-02-26 10:13:00,2024-02-26 10:16:00,4,风机联合连续重复,风机联合连续重复；用于计算重复风机功率扣减量，是否并入最终异常由参数控制
2024-02-26 10:13:00,2024-02-26 10:16:00,4,风机联合连续重复,风机联合连续重复；用于计算重复风机功率扣减量，是否并入最终异常由参数控制
2024-02-26 10:13:00,2024-02-26 10:16:00,4,风机联合连续重复,风机联合连续重复；用于计算重复风机功率扣减量，是否并入最终异常由参数控制
2024-02-26 10:13:00,2024-02-26 10:16:00,4,风机联合连续重复,风机联合连续重复；用于计算重复风机功率扣减量，是否并入最终异常由参数控制
2024-02-26 10:13:00,2024-02-26 10:16:00,4,风机联合连续重复,风机联合连续重复；用于计算重复风机功率扣减量，是否并入最终异常由参数控制
2024-02-26 10:13:00,2024-02-26 10:16:00,4,风机联合连续重复,风机联合连续重复；用于计算重复风机功率扣减量，是否并入最终异常由参数控制
2024-02-26 10:13:00,2024-02-26 10:16:00,4,风机联合连续重复,风机联合连续重复；用于计算重复风机功率扣减量，是否并入最终异常由参数控制
2024-02-26 10:13:00,2024-02-26 10:16:00,4,风机联合连续重复,风机联合连续重复；用于计算重复风机功率扣减量，是否并入最终异常由参数控制
2024-02-26 10:13:00,2024-02-26 10:16:00,4,风机联合连续重复,风机联合连续重复；用于计算重复风机功率扣减量，是否并入最终异常由参数控制
2024-02-26 10:13:00,2024-02-26 10:16:00,4,风机联合连续重复,风机联合连续重复；用于计算重复风机功率扣减量，是否并入最终异常由参数控制
2024-02-26 10:13:00,2024-02-26 10:16:00,4,风机联合连续重复,风机联合连续重复；用于计算重复风机功率扣减量，是否并入最终异常由参数控制
2024-02-26 10:13:00,2024-02-26 10:16:00,4,风机联合连续重复,风机联合连续重复；用于计算重复风机功率扣减量，是否并入最终异常由参数控制
2024-02-26 10:13:00,2024-02-26 10:16:00,4,风机联合连续重复,风机联合连续重复；用于计算重复风机功率扣减量，是否并入最终异常由参数控制
2024-02-26 10:13:00,2024-02-26 10:16:00,4,风机联合连续重复,风机联合连续重复；用于计算重复风机功率扣减量，是否并入最终异常由参数控制
2024-02-26 10:13:00,2024-02-26 10:16:00,4,风机联合连续重复,风机联合连续重复；用于计算重复风机功率扣减量，是否并入最终异常由参数控制
2024-02-26 10:13:00,2024-02-26 10:16:00,4,风机联合连续重复,风机联合连续重复；用于计算重复风机功率扣减量，是否并入最终异常由参数控制
2024-02-26 10:13:00,2024-02-26 10:16:00,4,风机联合连续重复,风机联合连续重复；用于计算重复风机功率扣减量，是否并入最终异常由参数控制
2024-02-26 10:13:00,2024-02-26 10:16:00,4,风机联合连续重复,风机联合连续重复；用于计算重复风机功率扣减量，是否并入最终异常由参数控制
2024-02-26 10:13:00,2024-02-26 10:16:00,4,风机联合连续重复,风机联合连续重复；用于计算重复风机功率扣减量，是否并入最终异常由参数控制
2024-02-26 10:13:00,2024-02-26 10:16:00,4,风机联合连续重复,风机联合连续重复；用于计算重复风机功率扣减量，是否并入最终异常由参数控制
2024-02-26 10:13:00,2024-02-26 10:16:00,4,风机联合连续重复,风机联合连续重复；用于计算重复风机功率扣减量，是否并入最终异常由参数控制
2024-02-26 10:13:00,2024-02-26 10:16:00,4,风机联合连续重复,风机联合连续重复；用于计算重复风机功率扣减量，是否并入最终异常由参数控制
2024-02-26 10:13:00,2024-02-26 10:16:00,4,风机联合连续重复,风机联合连续重复；用于计算重复风机功率扣减量，是否并入最终异常由参数控制
2024-02-26 10:13:00,2024-02-26 10:16:00,4,风机联合连续重复,风机联合连续重复；用于计算重复风机功率扣减量，是否并入最终异常由参数控制
2024-02-26 10:13:00,2024-02-26 10:16:00,4,风机联合连续重复,风机联合连续重复；用于计算重复风机功率扣减量，是否并入最终异常由参数控制
2024-02-26 10:13:00,2024-02-26 10:16:00,4,风机联合连续重复,风机联合连续重复；用于计算重复风机功率扣减量，是否并入最终异常由参数控制
2024-02-26 10:13:00,2024-02-26 10:16:00,4,风机联合连续重复,风机联合连续重复；用于计算重复风机功率扣减量，是否并入最终异常由参数控制
2024-02-26 10:13:00,2024-02-26 10:16:00,4,风机联合连续重复,风机联合连续重复；用于计算重复风机功率扣减量，是否并入最终异常由参数控制
2024-02-26 10:13:00,2024-02-26 10:16:00,4,风机联合连续重复,风机联合连续重复；用于计算重复风机功率扣减量，是否并入最终异常由参数控制
2024-02-26 10:13:00,2024-02-26 10:16:00,4,风机联合连续重复,风机联合连续重复；用于计算重复风机功率扣减量，是否并入最终异常由参数控制
2024-02-26 10:13:00,2024-02-26 10:16:00,4,风机联合连续重复,风机联合连续重复；用于计算重复风机功率扣减量，是否并入最终异常由参数控制
2024-02-26 10:13:00,2024-02-26 10:16:00,4,风机联合连续重复,风机联合连续重复；用于计算重复风机功率扣减量，是否并入最终异常由参数控制
2024-02-26 10:13:00,2024-02-26 10:16:00,4,风机联合连续重复,风机联合连续重复；用于计算重复风机功率扣减量，是否并入最终异常由参数控制
2024-02-26 10:13:00,2024-02-26 10:16:00,4,风机联合连续重复,风机联合连续重复；用于计算重复风机功率扣减量，是否并入最终异常由参数控制
2024-02-26 10:13:00,2024-02-26 10:16:00,4,风机联合连续重复,风机联合连续重复；用于计算重复风机功率扣减量，是否并入最终异常由参数控制
2024-02-26 10:13:00,2024-02-26 10:16:00,4,风机联合连续重复,风机联合连续重复；用于计算重复风机功率扣减量，是否并入最终异常由参数控制
2024-02-26 10:13:00,2024-02-26 10:16:00,4,风机联合连续重复,风机联合连续重复；用于计算重复风机功率扣减量，是否并入最终异常由参数控制
2024-02-26 10:13:00,2024-02-26 10:16:00,4,风机联合连续重复,风机联合连续重复；用于计算重复风机功率扣减量，是否并入最终异常由参数控制
2024-02-26 10:13:00,2024-02-26 10:16:00,4,风机联合连续重复,风机联合连续重复；用于计算重复风机功率扣减量，是否并入最终异常由参数控制
2024-02-26 10:13:00,2024-02-26 10:16:00,4,风机联合连续重复,风机联合连续重复；用于计算重复风机功率扣减量，是否并入最终异常由参数控制
2024-02-26 10:13:00,2024-02-26 10:16:00,4,风机联合连续重复,风机联合连续重复；用于计算重复风机功率扣减量，是否并入最终异常由参数控制
2024-02-26 10:13:00,2024-02-26 10:16:00,4,风机联合连续重复,风机联合连续重复；用于计算重复风机功率扣减量，是否并入最终异常由参数控制
2024-02-26 10:13:00,2024-02-26 10:16:00,4,风机联合连续重复,风机联合连续重复；用于计算重复风机功率扣减量，是否并入最终异常由参数控制
2024-02-26 10:13:00,2024-02-26 10:16:00,4,风机联合连续重复,风机联合连续重复；用于计算重复风机功率扣减量，是否并入最终异常由参数控制
2024-02-26 10:13:00,2024-02-26 10:16:00,4,风机联合连续重复,风机联合连续重复；用于计算重复风机功率扣减量，是否并入最终异常由参数控制
2024-02-26 10:13:00,2024-02-26 10:16:00,4,风机联合连续重复,风机联合连续重复；用于计算重复风机功率扣减量，是否并入最终异常由参数控制
2024-02-26 10:13:00,2024-02-26 10:16:00,4,风机联合连续重复,风机联合连续重复；用于计算重复风机功率扣减量，是否并入最终异常由参数控制
2024-02-26 10:13:00,2024-02-26 10:16:00,4,风机联合连续重复,风机联合连续重复；用于计算重复风机功率扣减量，是否并入最终异常由参数控制
2024-02-26 10:13:00,2024-02-26 10:16:00,4,风机联合连续重复,风机联合连续重复；用于计算重复风机功率扣减量，是否并入最终异常由参数控制
2024-02-26 10:13:00,2024-02-26 10:16:00,4,风机联合连续重复,风机联合连续重复；用于计算重复风机功率扣减量，是否并入最终异常由参数控制
2024-02-26 10:13:00,2024-02-26 10:16:00,4,风机联合连续重复,风机联合连续重复；用于计算重复风机功率扣减量，是否并入最终异常由参数控制
2024-02-26 10:13:00,2024-02-26 10:16:00,4,风机联合连续重复,风机联合连续重复；用于计算重复风机功率扣减量，是否并入最终异常由参数控制
2024-02-26 10:13:00,2024-02-26 10:16:00,4,风机联合连续重复,风机联合连续重复；用于计算重复风机功率扣减量，是否并入最终异常由参数控制
2024-02-26 10:13:00,2024-02-26 10:16:00,4,风机联合连续重复,风机联合连续重复；用于计算重复风机功率扣减量，是否并入最终异常由参数控制
2024-02-26 10:13:00,2024-02-26 10:16:00,4,风机联合连续重复,风机联合连续重复；用于计算重复风机功率扣减量，是否并入最终异常由参数控制
2024-02-26 10:13:00,2024-02-26 10:16:00,4,风机联合连续重复,风机联合连续重复；用于计算重复风机功率扣减量，是否并入最终异常由参数控制
2024-02-26 10:13:00,2024-02-26 10:16:00,4,风机联合连续重复,风机联合连续重复；用于计算重复风机功率扣减量，是否并入最终异常由参数控制
2024-02-26 10:13:00,2024-02-26 10:16:00,4,风机联合连续重复,风机联合连续重复；用于计算重复风机功率扣减量，是否并入最终异常由参数控制
2024-02-26 10:13:00,2024-02-26 10:16:00,4,风机联合连续重复,风机联合连续重复；用于计算重复风机功率扣减量，是否并入最终异常由参数控制
2024-02-26 10:13:00,2024-02-26 10:16:00,4,风机联合连续重复,风机联合连续重复；用于计算重复风机功率扣减量，是否并入最终异常由参数控制
2024-02-26 10:13:00,2024-02-26 10:16:00,4,风机联合连续重复,风机联合连续重复；用于计算重复风机功率扣减量，是否并入最终异常由参数控制
2024-02-26 10:13:00,2024-02-26 10:16:00,4,风机联合连续重复,风机联合连续重复；用于计算重复风机功率扣减量，是否并入最终异常由参数控制
2024-02-26 10:13:00,2024-02-26 10:16:00,4,风机联合连续重复,风机联合连续重复；用于计算重复风机功率扣减量，是否并入最终异常由参数控制
2024-02-26 10:13:00,2024-02-26 10:16:00,4,风机联合连续重复,风机联合连续重复；用于计算重复风机功率扣减量，是否并入最终异常由参数控制
2024-02-26 10:13:00,2024-02-26 10:16:00,4,风机联合连续重复,风机联合连续重复；用于计算重复风机功率扣减量，是否并入最终异常由参数控制
2024-02-26 10:13:00,2024-02-26 10:16:00,4,风机联合连续重复,风机联合连续重复；用于计算重复风机功率扣减量，是否并入最终异常由参数控制
2024-02-26 10:13:00,2024-02-26 10:16:00,4,风机联合连续重复,风机联合连续重复；用于计算重复风机功率扣减量，是否并入最终异常由参数控制
2024-02-26 10:13:00,2024-02-26 10:16:00,4,风机联合连续重复,风机联合连续重复；用于计算重复风机功率扣减量，是否并入最终异常由参数控制
2024-02-26 10:13:00,2024-02-26 10:16:00,4,风机联合连续重复,风机联合连续重复；用于计算重复风机功率扣减量，是否并入最终异常由参数控制
2024-02-26 10:13:00,2024-02-26 10:16:00,4,风机联合连续重复,风机联合连续重复；用于计算重复风机功率扣减量，是否并入最终异常由参数控制
2024-02-26 10:13:00,2024-02-26 10:16:00,4,风机联合连续重复,风机联合连续重复；用于计算重复风机功率扣减量，是否并入最终异常由参数控制
2024-02-26 10:13:00,2024-02-26 10:16:00,4,风机联合连续重复,风机联合连续重复；用于计算重复风机功率扣减量，是否并入最终异常由参数控制
2024-02-26 10:13:00,2024-02-26 10:16:00,4,站端功率连续重复,ACTIVE_POWER_STATION 重复值大于阈值且持续长度大于阈值
2024-02-28 10:54:00,2024-02-28 10:57:00,4,风机联合连续重复,风机联合连续重复；用于计算重复风机功率扣减量，是否并入最终异常由参数控制
2024-02-28 10:54:00,2024-02-28 10:57:00,4,风机联合连续重复,风机联合连续重复；用于计算重复风机功率扣减量，是否并入最终异常由参数控制
2024-02-28 10:54:00,2024-02-28 10:57:00,4,风机联合连续重复,风机联合连续重复；用于计算重复风机功率扣减量，是否并入最终异常由参数控制
2024-02-28 10:54:00,2024-02-28 10:57:00,4,风机联合连续重复,风机联合连续重复；用于计算重复风机功率扣减量，是否并入最终异常由参数控制
2024-02-28 10:54:00,2024-02-28 10:57:00,4,风机联合连续重复,风机联合连续重复；用于计算重复风机功率扣减量，是否并入最终异常由参数控制
2024-02-28 10:54:00,2024-02-28 10:57:00,4,风机联合连续重复,风机联合连续重复；用于计算重复风机功率扣减量，是否并入最终异常由参数控制
2024-02-28 10:54:00,2024-02-28 10:57:00,4,风机联合连续重复,风机联合连续重复；用于计算重复风机功率扣减量，是否并入最终异常由参数控制
2024-02-28 10:54:00,2024-02-28 10:57:00,4,风机联合连续重复,风机联合连续重复；用于计算重复风机功率扣减量，是否并入最终异常由参数控制
2024-02-28 10:54:00,2024-02-28 10:57:00,4,风机联合连续重复,风机联合连续重复；用于计算重复风机功率扣减量，是否并入最终异常由参数控制
2024-02-28 10:54:00,2024-02-28 10:57:00,4,风机联合连续重复,风机联合连续重复；用于计算重复风机功率扣减量，是否并入最终异常由参数控制
2024-02-28 10:54:00,2024-02-28 10:57:00,4,风机联合连续重复,风机联合连续重复；用于计算重复风机功率扣减量，是否并入最终异常由参数控制
2024-02-28 10:54:00,2024-02-28 10:57:00,4,风机联合连续重复,风机联合连续重复；用于计算重复风机功率扣减量，是否并入最终异常由参数控制
2024-02-28 10:54:00,2024-02-28 10:57:00,4,风机联合连续重复,风机联合连续重复；用于计算重复风机功率扣减量，是否并入最终异常由参数控制
2024-02-28 10:54:00,2024-02-28 10:57:00,4,风机联合连续重复,风机联合连续重复；用于计算重复风机功率扣减量，是否并入最终异常由参数控制
2024-02-28 10:54:00,2024-02-28 10:57:00,4,风机联合连续重复,风机联合连续重复；用于计算重复风机功率扣减量，是否并入最终异常由参数控制
2024-02-28 10:54:00,2024-02-28 10:57:00,4,风机联合连续重复,风机联合连续重复；用于计算重复风机功率扣减量，是否并入最终异常由参数控制
2024-02-28 10:54:00,2024-02-28 10:57:00,4,风机联合连续重复,风机联合连续重复；用于计算重复风机功率扣减量，是否并入最终异常由参数控制
2024-02-28 10:54:00,2024-02-28 10:57:00,4,风机联合连续重复,风机联合连续重复；用于计算重复风机功率扣减量，是否并入最终异常由参数控制
2024-02-28 10:54:00,2024-02-28 10:57:00,4,风机联合连续重复,风机联合连续重复；用于计算重复风机功率扣减量，是否并入最终异常由参数控制
2024-02-28 10:54:00,2024-02-28 10:57:00,4,风机联合连续重复,风机联合连续重复；用于计算重复风机功率扣减量，是否并入最终异常由参数控制
2024-02-28 10:54:00,2024-02-28 10:57:00,4,风机联合连续重复,风机联合连续重复；用于计算重复风机功率扣减量，是否并入最终异常由参数控制
2024-02-28 10:54:00,2024-02-28 10:57:00,4,风机联合连续重复,风机联合连续重复；用于计算重复风机功率扣减量，是否并入最终异常由参数控制
2024-02-28 10:54:00,2024-02-28 10:57:00,4,风机联合连续重复,风机联合连续重复；用于计算重复风机功率扣减量，是否并入最终异常由参数控制
2024-02-28 10:54:00,2024-02-28 10:57:00,4,风机联合连续重复,风机联合连续重复；用于计算重复风机功率扣减量，是否并入最终异常由参数控制
2024-02-28 10:54:00,2024-02-28 10:57:00,4,风机联合连续重复,风机联合连续重复；用于计算重复风机功率扣减量，是否并入最终异常由参数控制
2024-02-28 10:54:00,2024-02-28 10:57:00,4,风机联合连续重复,风机联合连续重复；用于计算重复风机功率扣减量，是否并入最终异常由参数控制
2024-02-28 10:54:00,2024-02-28 10:57:00,4,风机联合连续重复,风机联合连续重复；用于计算重复风机功率扣减量，是否并入最终异常由参数控制
2024-02-28 10:54:00,2024-02-28 10:57:00,4,风机联合连续重复,风机联合连续重复；用于计算重复风机功率扣减量，是否并入最终异常由参数控制
2024-02-28 10:54:00,2024-02-28 10:57:00,4,风机联合连续重复,风机联合连续重复；用于计算重复风机功率扣减量，是否并入最终异常由参数控制
2024-02-28 10:54:00,2024-02-28 10:57:00,4,风机联合连续重复,风机联合连续重复；用于计算重复风机功率扣减量，是否并入最终异常由参数控制
2024-02-28 10:54:00,2024-02-28 10:57:00,4,风机联合连续重复,风机联合连续重复；用于计算重复风机功率扣减量，是否并入最终异常由参数控制
2024-02-28 10:54:00,2024-02-28 10:57:00,4,风机联合连续重复,风机联合连续重复；用于计算重复风机功率扣减量，是否并入最终异常由参数控制
2024-02-28 10:54:00,2024-02-28 10:57:00,4,风机联合连续重复,风机联合连续重复；用于计算重复风机功率扣减量，是否并入最终异常由参数控制
2024-02-28 10:54:00,2024-02-28 10:57:00,4,风机联合连续重复,风机联合连续重复；用于计算重复风机功率扣减量，是否并入最终异常由参数控制
2024-02-28 10:54:00,2024-02-28 10:57:00,4,风机联合连续重复,风机联合连续重复；用于计算重复风机功率扣减量，是否并入最终异常由参数控制
2024-02-28 10:54:00,2024-02-28 10:57:00,4,风机联合连续重复,风机联合连续重复；用于计算重复风机功率扣减量，是否并入最终异常由参数控制
2024-02-28 10:54:00,2024-02-28 10:57:00,4,风机联合连续重复,风机联合连续重复；用于计算重复风机功率扣减量，是否并入最终异常由参数控制
2024-02-28 10:54:00,2024-02-28 10:57:00,4,风机联合连续重复,风机联合连续重复；用于计算重复风机功率扣减量，是否并入最终异常由参数控制
2024-02-28 10:54:00,2024-02-28 10:57:00,4,风机联合连续重复,风机联合连续重复；用于计算重复风机功率扣减量，是否并入最终异常由参数控制
2024-02-28 10:54:00,2024-02-28 10:57:00,4,风机联合连续重复,风机联合连续重复；用于计算重复风机功率扣减量，是否并入最终异常由参数控制
2024-02-28 10:54:00,2024-02-28 10:57:00,4,风机联合连续重复,风机联合连续重复；用于计算重复风机功率扣减量，是否并入最终异常由参数控制
2024-02-28 10:54:00,2024-02-28 10:57:00,4,风机联合连续重复,风机联合连续重复；用于计算重复风机功率扣减量，是否并入最终异常由参数控制
2024-02-28 10:54:00,2024-02-28 10:57:00,4,风机联合连续重复,风机联合连续重复；用于计算重复风机功率扣减量，是否并入最终异常由参数控制
2024-02-28 10:54:00,2024-02-28 10:57:00,4,风机联合连续重复,风机联合连续重复；用于计算重复风机功率扣减量，是否并入最终异常由参数控制
2024-02-28 10:54:00,2024-02-28 10:57:00,4,风机联合连续重复,风机联合连续重复；用于计算重复风机功率扣减量，是否并入最终异常由参数控制
2024-02-28 10:54:00,2024-02-28 10:57:00,4,风机联合连续重复,风机联合连续重复；用于计算重复风机功率扣减量，是否并入最终异常由参数控制
2024-02-28 10:54:00,2024-02-28 10:57:00,4,风机联合连续重复,风机联合连续重复；用于计算重复风机功率扣减量，是否并入最终异常由参数控制
2024-02-28 10:54:00,2024-02-28 10:57:00,4,风机联合连续重复,风机联合连续重复；用于计算重复风机功率扣减量，是否并入最终异常由参数控制
2024-02-28 10:54:00,2024-02-28 10:57:00,4,风机联合连续重复,风机联合连续重复；用于计算重复风机功率扣减量，是否并入最终异常由参数控制
2024-02-28 10:54:00,2024-02-28 10:57:00,4,风机联合连续重复,风机联合连续重复；用于计算重复风机功率扣减量，是否并入最终异常由参数控制
2024-02-28 10:54:00,2024-02-28 10:57:00,4,风机联合连续重复,风机联合连续重复；用于计算重复风机功率扣减量，是否并入最终异常由参数控制
2024-02-28 10:54:00,2024-02-28 10:57:00,4,风机联合连续重复,风机联合连续重复；用于计算重复风机功率扣减量，是否并入最终异常由参数控制
2024-02-28 10:54:00,2024-02-28 10:57:00,4,风机联合连续重复,风机联合连续重复；用于计算重复风机功率扣减量，是否并入最终异常由参数控制
2024-02-28 10:54:00,2024-02-28 10:57:00,4,风机联合连续重复,风机联合连续重复；用于计算重复风机功率扣减量，是否并入最终异常由参数控制
2024-02-28 10:54:00,2024-02-28 10:57:00,4,风机联合连续重复,风机联合连续重复；用于计算重复风机功率扣减量，是否并入最终异常由参数控制
2024-02-28 10:54:00,2024-02-28 10:57:00,4,风机联合连续重复,风机联合连续重复；用于计算重复风机功率扣减量，是否并入最终异常由参数控制
2024-02-28 10:54:00,2024-02-28 10:57:00,4,风机联合连续重复,风机联合连续重复；用于计算重复风机功率扣减量，是否并入最终异常由参数控制
2024-02-28 10:54:00,2024-02-28 10:57:00,4,风机联合连续重复,风机联合连续重复；用于计算重复风机功率扣减量，是否并入最终异常由参数控制
2024-02-28 10:54:00,2024-02-28 10:57:00,4,风机联合连续重复,风机联合连续重复；用于计算重复风机功率扣减量，是否并入最终异常由参数控制
2024-02-28 10:54:00,2024-02-28 10:57:00,4,风机联合连续重复,风机联合连续重复；用于计算重复风机功率扣减量，是否并入最终异常由参数控制
2024-02-28 10:54:00,2024-02-28 10:57:00,4,风机联合连续重复,风机联合连续重复；用于计算重复风机功率扣减量，是否并入最终异常由参数控制
2024-02-28 10:54:00,2024-02-28 10:57:00,4,风机联合连续重复,风机联合连续重复；用于计算重复风机功率扣减量，是否并入最终异常由参数控制
2024-02-28 10:54:00,2024-02-28 10:57:00,4,风机联合连续重复,风机联合连续重复；用于计算重复风机功率扣减量，是否并入最终异常由参数控制
2024-02-28 10:54:00,2024-02-28 10:57:00,4,风机联合连续重复,风机联合连续重复；用于计算重复风机功率扣减量，是否并入最终异常由参数控制
2024-02-28 10:54:00,2024-02-28 10:57:00,4,风机联合连续重复,风机联合连续重复；用于计算重复风机功率扣减量，是否并入最终异常由参数控制
2024-02-28 10:54:00,2024-02-28 10:57:00,4,风机联合连续重复,风机联合连续重复；用于计算重复风机功率扣减量，是否并入最终异常由参数控制
2024-02-28 10:54:00,2024-02-28 10:57:00,4,风机联合连续重复,风机联合连续重复；用于计算重复风机功率扣减量，是否并入最终异常由参数控制
2024-02-28 10:54:00,2024-02-28 10:57:00,4,风机联合连续重复,风机联合连续重复；用于计算重复风机功率扣减量，是否并入最终异常由参数控制
2024-02-28 10:54:00,2024-02-28 10:57:00,4,风机联合连续重复,风机联合连续重复；用于计算重复风机功率扣减量，是否并入最终异常由参数控制
2024-02-28 10:54:00,2024-02-28 10:57:00,4,风机联合连续重复,风机联合连续重复；用于计算重复风机功率扣减量，是否并入最终异常由参数控制
2024-02-28 10:54:00,2024-02-28 10:57:00,4,风机联合连续重复,风机联合连续重复；用于计算重复风机功率扣减量，是否并入最终异常由参数控制
2024-02-28 10:54:00,2024-02-28 10:57:00,4,风机联合连续重复,风机联合连续重复；用于计算重复风机功率扣减量，是否并入最终异常由参数控制
2024-02-28 10:54:00,2024-02-28 10:57:00,4,风机联合连续重复,风机联合连续重复；用于计算重复风机功率扣减量，是否并入最终异常由参数控制
2024-02-28 10:54:00,2024-02-28 10:57:00,4,风机联合连续重复,风机联合连续重复；用于计算重复风机功率扣减量，是否并入最终异常由参数控制
2024-02-28 10:54:00,2024-02-28 10:57:00,4,风机联合连续重复,风机联合连续重复；用于计算重复风机功率扣减量，是否并入最终异常由参数控制
2024-02-28 10:54:00,2024-02-28 10:57:00,4,风机联合连续重复,风机联合连续重复；用于计算重复风机功率扣减量，是否并入最终异常由参数控制
2024-02-28 10:54:00,2024-02-28 10:57:00,4,风机联合连续重复,风机联合连续重复；用于计算重复风机功率扣减量，是否并入最终异常由参数控制
2024-02-28 10:54:00,2024-02-28 10:57:00,4,风机联合连续重复,风机联合连续重复；用于计算重复风机功率扣减量，是否并入最终异常由参数控制
2024-02-28 10:54:00,2024-02-28 10:57:00,4,风机联合连续重复,风机联合连续重复；用于计算重复风机功率扣减量，是否并入最终异常由参数控制
2024-02-28 10:54:00,2024-02-28 10:57:00,4,风机联合连续重复,风机联合连续重复；用于计算重复风机功率扣减量，是否并入最终异常由参数控制
2024-02-28 10:54:00,2024-02-28 10:57:00,4,风机联合连续重复,风机联合连续重复；用于计算重复风机功率扣减量，是否并入最终异常由参数控制
2024-02-28 10:54:00,2024-02-28 10:57:00,4,风机联合连续重复,风机联合连续重复；用于计算重复风机功率扣减量，是否并入最终异常由参数控制
2024-02-28 10:54:00,2024-02-28 10:57:00,4,风机联合连续重复,风机联合连续重复；用于计算重复风机功率扣减量，是否并入最终异常由参数控制
2024-02-28 10:54:00,2024-02-28 10:57:00,4,风机联合连续重复,风机联合连续重复；用于计算重复风机功率扣减量，是否并入最终异常由参数控制
2024-02-28 10:54:00,2024-02-28 10:57:00,4,风机联合连续重复,风机联合连续重复；用于计算重复风机功率扣减量，是否并入最终异常由参数控制
2024-02-28 10:54:00,2024-02-28 10:57:00,4,风机联合连续重复,风机联合连续重复；用于计算重复风机功率扣减量，是否并入最终异常由参数控制
2024-02-28 10:54:00,2024-02-28 10:57:00,4,风机联合连续重复,风机联合连续重复；用于计算重复风机功率扣减量，是否并入最终异常由参数控制
2024-02-28 10:54:00,2024-02-28 10:57:00,4,风机联合连续重复,风机联合连续重复；用于计算重复风机功率扣减量，是否并入最终异常由参数控制
2024-02-28 10:54:00,2024-02-28 10:57:00,4,风机联合连续重复,风机联合连续重复；用于计算重复风机功率扣减量，是否并入最终异常由参数控制
2024-02-28 10:54:00,2024-02-28 10:57:00,4,风机联合连续重复,风机联合连续重复；用于计算重复风机功率扣减量，是否并入最终异常由参数控制
2024-02-28 10:54:00,2024-02-28 10:57:00,4,站端功率连续重复,ACTIVE_POWER_STATION 重复值大于阈值且持续长度大于阈值
2024-02-29 09:18:00,2024-02-29 09:22:00,5,站端功率连续重复,ACTIVE_POWER_STATION 重复值大于阈值且持续长度大于阈值
2024-02-29 11:41:00,2024-02-29 11:44:00,4,站端功率连续重复,ACTIVE_POWER_STATION 重复值大于阈值且持续长度大于阈值
2024-02-29 11:48:00,2024-02-29 11:51:00,4,站端功率连续重复,ACTIVE_POWER_STATION 重复值大于阈值且持续长度大于阈值
2024-02-29 12:06:00,2024-02-29 12:09:00,4,站端功率连续重复,ACTIVE_POWER_STATION 重复值大于阈值且持续长度大于阈值
2024-03-04 07:31:00,2024-03-04 07:34:00,4,站端功率连续重复,ACTIVE_POWER_STATION 重复值大于阈值且持续长度大于阈值
2024-03-04 08:07:00,2024-03-04 08:10:00,4,站端功率连续重复,ACTIVE_POWER_STATION 重复值大于阈值且持续长度大于阈值
2024-03-04 08:15:00,2024-03-04 08:18:00,4,站端功率连续重复,ACTIVE_POWER_STATION 重复值大于阈值且持续长度大于阈值
2024-03-04 08:31:00,2024-03-04 08:35:00,5,站端功率连续重复,ACTIVE_POWER_STATION 重复值大于阈值且持续长度大于阈值
2024-03-04 08:43:00,2024-03-04 08:46:00,4,站端功率连续重复,ACTIVE_POWER_STATION 重复值大于阈值且持续长度大于阈值
2024-03-04 09:43:00,2024-03-04 09:46:00,4,站端功率连续重复,ACTIVE_POWER_STATION 重复值大于阈值且持续长度大于阈值
2024-03-04 10:38:00,2024-03-04 10:42:00,5,站端功率连续重复,ACTIVE_POWER_STATION 重复值大于阈值且持续长度大于阈值
2024-03-04 10:39:00,2024-03-04 10:42:00,4,风机联合连续重复,风机联合连续重复；用于计算重复风机功率扣减量，是否并入最终异常由参数控制
2024-03-04 10:39:00,2024-03-04 10:42:00,4,风机联合连续重复,风机联合连续重复；用于计算重复风机功率扣减量，是否并入最终异常由参数控制
2024-03-04 10:39:00,2024-03-04 10:42:00,4,风机联合连续重复,风机联合连续重复；用于计算重复风机功率扣减量，是否并入最终异常由参数控制
2024-03-04 10:39:00,2024-03-04 10:42:00,4,风机联合连续重复,风机联合连续重复；用于计算重复风机功率扣减量，是否并入最终异常由参数控制
2024-03-04 10:39:00,2024-03-04 10:42:00,4,风机联合连续重复,风机联合连续重复；用于计算重复风机功率扣减量，是否并入最终异常由参数控制
2024-03-04 10:39:00,2024-03-04 10:42:00,4,风机联合连续重复,风机联合连续重复；用于计算重复风机功率扣减量，是否并入最终异常由参数控制
2024-03-04 10:39:00,2024-03-04 10:42:00,4,风机联合连续重复,风机联合连续重复；用于计算重复风机功率扣减量，是否并入最终异常由参数控制
2024-03-04 10:39:00,2024-03-04 10:42:00,4,风机联合连续重复,风机联合连续重复；用于计算重复风机功率扣减量，是否并入最终异常由参数控制
2024-03-04 10:39:00,2024-03-04 10:42:00,4,风机联合连续重复,风机联合连续重复；用于计算重复风机功率扣减量，是否并入最终异常由参数控制
2024-03-04 10:39:00,2024-03-04 10:42:00,4,风机联合连续重复,风机联合连续重复；用于计算重复风机功率扣减量，是否并入最终异常由参数控制
2024-03-04 10:39:00,2024-03-04 10:42:00,4,风机联合连续重复,风机联合连续重复；用于计算重复风机功率扣减量，是否并入最终异常由参数控制
2024-03-04 10:39:00,2024-03-04 10:42:00,4,风机联合连续重复,风机联合连续重复；用于计算重复风机功率扣减量，是否并入最终异常由参数控制
2024-03-04 10:39:00,2024-03-04 10:42:00,4,风机联合连续重复,风机联合连续重复；用于计算重复风机功率扣减量，是否并入最终异常由参数控制
2024-03-04 10:39:00,2024-03-04 10:42:00,4,风机联合连续重复,风机联合连续重复；用于计算重复风机功率扣减量，是否并入最终异常由参数控制
2024-03-04 10:39:00,2024-03-04 10:42:00,4,风机联合连续重复,风机联合连续重复；用于计算重复风机功率扣减量，是否并入最终异常由参数控制
2024-03-04 10:39:00,2024-03-04 10:42:00,4,风机联合连续重复,风机联合连续重复；用于计算重复风机功率扣减量，是否并入最终异常由参数控制
2024-03-04 10:39:00,2024-03-04 10:42:00,4,风机联合连续重复,风机联合连续重复；用于计算重复风机功率扣减量，是否并入最终异常由参数控制
2024-03-04 10:39:00,2024-03-04 10:42:00,4,风机联合连续重复,风机联合连续重复；用于计算重复风机功率扣减量，是否并入最终异常由参数控制
2024-03-04 10:39:00,2024-03-04 10:42:00,4,风机联合连续重复,风机联合连续重复；用于计算重复风机功率扣减量，是否并入最终异常由参数控制
2024-03-04 10:39:00,2024-03-04 10:42:00,4,风机联合连续重复,风机联合连续重复；用于计算重复风机功率扣减量，是否并入最终异常由参数控制
2024-03-04 10:39:00,2024-03-04 10:42:00,4,风机联合连续重复,风机联合连续重复；用于计算重复风机功率扣减量，是否并入最终异常由参数控制
2024-03-04 10:39:00,2024-03-04 10:42:00,4,风机联合连续重复,风机联合连续重复；用于计算重复风机功率扣减量，是否并入最终异常由参数控制
2024-03-04 10:39:00,2024-03-04 10:42:00,4,风机联合连续重复,风机联合连续重复；用于计算重复风机功率扣减量，是否并入最终异常由参数控制
2024-03-04 10:39:00,2024-03-04 10:42:00,4,风机联合连续重复,风机联合连续重复；用于计算重复风机功率扣减量，是否并入最终异常由参数控制
2024-03-04 10:39:00,2024-03-04 10:42:00,4,风机联合连续重复,风机联合连续重复；用于计算重复风机功率扣减量，是否并入最终异常由参数控制
2024-03-04 10:39:00,2024-03-04 10:42:00,4,风机联合连续重复,风机联合连续重复；用于计算重复风机功率扣减量，是否并入最终异常由参数控制
2024-03-04 10:39:00,2024-03-04 10:42:00,4,风机联合连续重复,风机联合连续重复；用于计算重复风机功率扣减量，是否并入最终异常由参数控制
2024-03-04 10:39:00,2024-03-04 10:42:00,4,风机联合连续重复,风机联合连续重复；用于计算重复风机功率扣减量，是否并入最终异常由参数控制
2024-03-04 10:39:00,2024-03-04 10:42:00,4,风机联合连续重复,风机联合连续重复；用于计算重复风机功率扣减量，是否并入最终异常由参数控制
2024-03-04 10:39:00,2024-03-04 10:42:00,4,风机联合连续重复,风机联合连续重复；用于计算重复风机功率扣减量，是否并入最终异常由参数控制
2024-03-04 10:39:00,2024-03-04 10:42:00,4,风机联合连续重复,风机联合连续重复；用于计算重复风机功率扣减量，是否并入最终异常由参数控制
2024-03-04 10:39:00,2024-03-04 10:42:00,4,风机联合连续重复,风机联合连续重复；用于计算重复风机功率扣减量，是否并入最终异常由参数控制
2024-03-04 10:39:00,2024-03-04 10:42:00,4,风机联合连续重复,风机联合连续重复；用于计算重复风机功率扣减量，是否并入最终异常由参数控制
2024-03-04 10:39:00,2024-03-04 10:42:00,4,风机联合连续重复,风机联合连续重复；用于计算重复风机功率扣减量，是否并入最终异常由参数控制
2024-03-04 10:39:00,2024-03-04 10:42:00,4,风机联合连续重复,风机联合连续重复；用于计算重复风机功率扣减量，是否并入最终异常由参数控制
2024-03-04 10:39:00,2024-03-04 10:42:00,4,风机联合连续重复,风机联合连续重复；用于计算重复风机功率扣减量，是否并入最终异常由参数控制
2024-03-04 10:39:00,2024-03-04 10:42:00,4,风机联合连续重复,风机联合连续重复；用于计算重复风机功率扣减量，是否并入最终异常由参数控制
2024-03-04 10:39:00,2024-03-04 10:42:00,4,风机联合连续重复,风机联合连续重复；用于计算重复风机功率扣减量，是否并入最终异常由参数控制
2024-03-04 10:39:00,2024-03-04 10:42:00,4,风机联合连续重复,风机联合连续重复；用于计算重复风机功率扣减量，是否并入最终异常由参数控制
2024-03-04 10:39:00,2024-03-04 10:42:00,4,风机联合连续重复,风机联合连续重复；用于计算重复风机功率扣减量，是否并入最终异常由参数控制
2024-03-04 10:39:00,2024-03-04 10:42:00,4,风机联合连续重复,风机联合连续重复；用于计算重复风机功率扣减量，是否并入最终异常由参数控制
2024-03-04 10:39:00,2024-03-04 10:42:00,4,风机联合连续重复,风机联合连续重复；用于计算重复风机功率扣减量，是否并入最终异常由参数控制
2024-03-04 10:39:00,2024-03-04 10:42:00,4,风机联合连续重复,风机联合连续重复；用于计算重复风机功率扣减量，是否并入最终异常由参数控制
2024-03-04 10:39:00,2024-03-04 10:42:00,4,风机联合连续重复,风机联合连续重复；用于计算重复风机功率扣减量，是否并入最终异常由参数控制
2024-03-04 10:39:00,2024-03-04 10:42:00,4,风机联合连续重复,风机联合连续重复；用于计算重复风机功率扣减量，是否并入最终异常由参数控制
2024-03-04 10:39:00,2024-03-04 10:42:00,4,风机联合连续重复,风机联合连续重复；用于计算重复风机功率扣减量，是否并入最终异常由参数控制
2024-03-04 10:39:00,2024-03-04 10:42:00,4,风机联合连续重复,风机联合连续重复；用于计算重复风机功率扣减量，是否并入最终异常由参数控制
2024-03-04 10:39:00,2024-03-04 10:42:00,4,风机联合连续重复,风机联合连续重复；用于计算重复风机功率扣减量，是否并入最终异常由参数控制
2024-03-04 10:39:00,2024-03-04 10:42:00,4,风机联合连续重复,风机联合连续重复；用于计算重复风机功率扣减量，是否并入最终异常由参数控制
2024-03-04 10:39:00,2024-03-04 10:42:00,4,风机联合连续重复,风机联合连续重复；用于计算重复风机功率扣减量，是否并入最终异常由参数控制
2024-03-04 10:39:00,2024-03-04 10:42:00,4,风机联合连续重复,风机联合连续重复；用于计算重复风机功率扣减量，是否并入最终异常由参数控制
2024-03-04 10:39:00,2024-03-04 10:42:00,4,风机联合连续重复,风机联合连续重复；用于计算重复风机功率扣减量，是否并入最终异常由参数控制
2024-03-04 10:39:00,2024-03-04 10:42:00,4,风机联合连续重复,风机联合连续重复；用于计算重复风机功率扣减量，是否并入最终异常由参数控制
2024-03-04 10:39:00,2024-03-04 10:42:00,4,风机联合连续重复,风机联合连续重复；用于计算重复风机功率扣减量，是否并入最终异常由参数控制
2024-03-04 10:39:00,2024-03-04 10:42:00,4,风机联合连续重复,风机联合连续重复；用于计算重复风机功率扣减量，是否并入最终异常由参数控制
2024-03-04 10:39:00,2024-03-04 10:42:00,4,风机联合连续重复,风机联合连续重复；用于计算重复风机功率扣减量，是否并入最终异常由参数控制
2024-03-04 10:39:00,2024-03-04 10:42:00,4,风机联合连续重复,风机联合连续重复；用于计算重复风机功率扣减量，是否并入最终异常由参数控制
2024-03-04 10:39:00,2024-03-04 10:42:00,4,风机联合连续重复,风机联合连续重复；用于计算重复风机功率扣减量，是否并入最终异常由参数控制
2024-03-04 10:39:00,2024-03-04 10:42:00,4,风机联合连续重复,风机联合连续重复；用于计算重复风机功率扣减量，是否并入最终异常由参数控制
2024-03-04 10:39:00,2024-03-04 10:42:00,4,风机联合连续重复,风机联合连续重复；用于计算重复风机功率扣减量，是否并入最终异常由参数控制
2024-03-04 10:39:00,2024-03-04 10:42:00,4,风机联合连续重复,风机联合连续重复；用于计算重复风机功率扣减量，是否并入最终异常由参数控制
2024-03-04 10:39:00,2024-03-04 10:42:00,4,风机联合连续重复,风机联合连续重复；用于计算重复风机功率扣减量，是否并入最终异常由参数控制
2024-03-04 10:39:00,2024-03-04 10:42:00,4,风机联合连续重复,风机联合连续重复；用于计算重复风机功率扣减量，是否并入最终异常由参数控制
2024-03-04 10:39:00,2024-03-04 10:42:00,4,风机联合连续重复,风机联合连续重复；用于计算重复风机功率扣减量，是否并入最终异常由参数控制
2024-03-04 10:39:00,2024-03-04 10:42:00,4,风机联合连续重复,风机联合连续重复；用于计算重复风机功率扣减量，是否并入最终异常由参数控制
2024-03-04 10:39:00,2024-03-04 10:42:00,4,风机联合连续重复,风机联合连续重复；用于计算重复风机功率扣减量，是否并入最终异常由参数控制
2024-03-04 10:39:00,2024-03-04 10:42:00,4,风机联合连续重复,风机联合连续重复；用于计算重复风机功率扣减量，是否并入最终异常由参数控制
2024-03-04 10:39:00,2024-03-04 10:42:00,4,风机联合连续重复,风机联合连续重复；用于计算重复风机功率扣减量，是否并入最终异常由参数控制
2024-03-04 10:39:00,2024-03-04 10:42:00,4,风机联合连续重复,风机联合连续重复；用于计算重复风机功率扣减量，是否并入最终异常由参数控制
2024-03-04 10:39:00,2024-03-04 10:42:00,4,风机联合连续重复,风机联合连续重复；用于计算重复风机功率扣减量，是否并入最终异常由参数控制
2024-03-04 10:39:00,2024-03-04 10:42:00,4,风机联合连续重复,风机联合连续重复；用于计算重复风机功率扣减量，是否并入最终异常由参数控制
2024-03-04 10:39:00,2024-03-04 10:42:00,4,风机联合连续重复,风机联合连续重复；用于计算重复风机功率扣减量，是否并入最终异常由参数控制
2024-03-04 10:39:00,2024-03-04 10:42:00,4,风机联合连续重复,风机联合连续重复；用于计算重复风机功率扣减量，是否并入最终异常由参数控制
2024-03-04 10:39:00,2024-03-04 10:42:00,4,风机联合连续重复,风机联合连续重复；用于计算重复风机功率扣减量，是否并入最终异常由参数控制
2024-03-04 10:39:00,2024-03-04 10:42:00,4,风机联合连续重复,风机联合连续重复；用于计算重复风机功率扣减量，是否并入最终异常由参数控制
2024-03-04 10:39:00,2024-03-04 10:42:00,4,风机联合连续重复,风机联合连续重复；用于计算重复风机功率扣减量，是否并入最终异常由参数控制
2024-03-04 10:39:00,2024-03-04 10:42:00,4,风机联合连续重复,风机联合连续重复；用于计算重复风机功率扣减量，是否并入最终异常由参数控制
2024-03-04 10:39:00,2024-03-04 10:42:00,4,风机联合连续重复,风机联合连续重复；用于计算重复风机功率扣减量，是否并入最终异常由参数控制
2024-03-04 10:39:00,2024-03-04 10:42:00,4,风机联合连续重复,风机联合连续重复；用于计算重复风机功率扣减量，是否并入最终异常由参数控制
2024-03-04 10:39:00,2024-03-04 10:42:00,4,风机联合连续重复,风机联合连续重复；用于计算重复风机功率扣减量，是否并入最终异常由参数控制
2024-03-04 10:39:00,2024-03-04 10:42:00,4,风机联合连续重复,风机联合连续重复；用于计算重复风机功率扣减量，是否并入最终异常由参数控制
2024-03-04 10:39:00,2024-03-04 10:42:00,4,风机联合连续重复,风机联合连续重复；用于计算重复风机功率扣减量，是否并入最终异常由参数控制
2024-03-04 10:39:00,2024-03-04 10:42:00,4,风机联合连续重复,风机联合连续重复；用于计算重复风机功率扣减量，是否并入最终异常由参数控制
2024-03-04 10:39:00,2024-03-04 10:42:00,4,风机联合连续重复,风机联合连续重复；用于计算重复风机功率扣减量，是否并入最终异常由参数控制
2024-03-04 10:39:00,2024-03-04 10:42:00,4,风机联合连续重复,风机联合连续重复；用于计算重复风机功率扣减量，是否并入最终异常由参数控制
2024-03-04 10:39:00,2024-03-04 10:42:00,4,风机联合连续重复,风机联合连续重复；用于计算重复风机功率扣减量，是否并入最终异常由参数控制
2024-03-04 10:39:00,2024-03-04 10:42:00,4,风机联合连续重复,风机联合连续重复；用于计算重复风机功率扣减量，是否并入最终异常由参数控制
2024-03-04 10:39:00,2024-03-04 10:42:00,4,风机联合连续重复,风机联合连续重复；用于计算重复风机功率扣减量，是否并入最终异常由参数控制
2024-03-04 10:39:00,2024-03-04 10:42:00,4,风机联合连续重复,风机联合连续重复；用于计算重复风机功率扣减量，是否并入最终异常由参数控制
2024-03-04 10:39:00,2024-03-04 10:42:00,4,风机联合连续重复,风机联合连续重复；用于计算重复风机功率扣减量，是否并入最终异常由参数控制
2024-03-04 10:39:00,2024-03-04 10:42:00,4,风机联合连续重复,风机联合连续重复；用于计算重复风机功率扣减量，是否并入最终异常由参数控制
2024-03-04 10:39:00,2024-03-04 10:42:00,4,风机联合连续重复,风机联合连续重复；用于计算重复风机功率扣减量，是否并入最终异常由参数控制
2024-03-04 10:39:00,2024-03-04 10:42:00,4,风机联合连续重复,风机联合连续重复；用于计算重复风机功率扣减量，是否并入最终异常由参数控制
2024-03-04 10:39:00,2024-03-04 10:42:00,4,风机联合连续重复,风机联合连续重复；用于计算重复风机功率扣减量，是否并入最终异常由参数控制
2024-03-04 10:39:00,2024-03-04 10:42:00,4,风机联合连续重复,风机联合连续重复；用于计算重复风机功率扣减量，是否并入最终异常由参数控制
2024-03-04 10:39:00,2024-03-04 10:42:00,4,风机联合连续重复,风机联合连续重复；用于计算重复风机功率扣减量，是否并入最终异常由参数控制
2024-03-04 10:39:00,2024-03-04 10:42:00,4,风机联合连续重复,风机联合连续重复；用于计算重复风机功率扣减量，是否并入最终异常由参数控制
2024-03-04 10:39:00,2024-03-04 10:42:00,4,风机联合连续重复,风机联合连续重复；用于计算重复风机功率扣减量，是否并入最终异常由参数控制
2024-03-04 10:57:00,2024-03-04 11:00:00,4,站端功率连续重复,ACTIVE_POWER_STATION 重复值大于阈值且持续长度大于阈值
2024-03-04 11:13:00,2024-03-04 11:17:00,5,站端功率连续重复,ACTIVE_POWER_STATION 重复值大于阈值且持续长度大于阈值
2024-03-04 14:14:00,2024-03-04 14:17:00,4,站端功率连续重复,ACTIVE_POWER_STATION 重复值大于阈值且持续长度大于阈值
2024-03-04 14:50:00,2024-03-04 14:54:00,5,站端功率连续重复,ACTIVE_POWER_STATION 重复值大于阈值且持续长度大于阈值
2024-03-04 15:14:00,2024-03-04 15:18:00,5,站端功率连续重复,ACTIVE_POWER_STATION 重复值大于阈值且持续长度大于阈值
2024-03-04 15:33:00,2024-03-04 15:36:00,4,站端功率连续重复,ACTIVE_POWER_STATION 重复值大于阈值且持续长度大于阈值
2024-03-04 16:13:00,2024-03-04 16:16:00,4,站端功率连续重复,ACTIVE_POWER_STATION 重复值大于阈值且持续长度大于阈值
2024-03-04 16:32:00,2024-03-04 16:35:00,4,站端功率连续重复,ACTIVE_POWER_STATION 重复值大于阈值且持续长度大于阈值
2024-03-04 16:37:00,2024-03-04 16:41:00,5,站端功率连续重复,ACTIVE_POWER_STATION 重复值大于阈值且持续长度大于阈值
2024-03-04 16:56:00,2024-03-04 17:00:00,5,站端功率连续重复,ACTIVE_POWER_STATION 重复值大于阈值且持续长度大于阈值
2024-03-04 19:37:00,2024-03-04 19:40:00,4,站端功率连续重复,ACTIVE_POWER_STATION 重复值大于阈值且持续长度大于阈值
2024-03-04 19:49:00,2024-03-04 19:54:00,6,站端功率连续重复,ACTIVE_POWER_STATION 重复值大于阈值且持续长度大于阈值
2024-03-04 20:03:00,2024-03-04 20:06:00,4,站端功率连续重复,ACTIVE_POWER_STATION 重复值大于阈值且持续长度大于阈值
2024-03-04 20:49:00,2024-03-04 20:54:00,6,站端功率连续重复,ACTIVE_POWER_STATION 重复值大于阈值且持续长度大于阈值
2024-03-04 20:55:00,2024-03-04 21:00:00,6,站端功率连续重复,ACTIVE_POWER_STATION 重复值大于阈值且持续长度大于阈值
2024-03-04 21:01:00,2024-03-04 21:06:00,6,站端功率连续重复,ACTIVE_POWER_STATION 重复值大于阈值且持续长度大于阈值
2024-03-04 21:07:00,2024-03-04 21:12:00,6,站端功率连续重复,ACTIVE_POWER_STATION 重复值大于阈值且持续长度大于阈值
2024-03-04 21:13:00,2024-03-04 21:18:00,6,站端功率连续重复,ACTIVE_POWER_STATION 重复值大于阈值且持续长度大于阈值
2024-03-04 21:19:00,2024-03-04 21:24:00,6,站端功率连续重复,ACTIVE_POWER_STATION 重复值大于阈值且持续长度大于阈值
2024-03-05 20:15:00,2024-03-05 20:18:00,4,站端功率连续重复,ACTIVE_POWER_STATION 重复值大于阈值且持续长度大于阈值
2024-03-08 08:27:00,2024-03-08 08:30:00,4,风机联合连续重复,风机联合连续重复；用于计算重复风机功率扣减量，是否并入最终异常由参数控制
2024-03-09 20:08:00,2024-03-09 20:08:00,1,物理超额定,风机功率之和或 ACTIVE_POWER_STATION 超过额定功率上限；明细保留但汇总剔除
2024-03-14 06:12:00,2024-03-14 06:12:00,1,物理超额定,风机功率之和或 ACTIVE_POWER_STATION 超过额定功率上限；明细保留但汇总剔除
2024-03-17 12:02:00,2024-03-17 12:05:00,4,站端功率连续重复,ACTIVE_POWER_STATION 重复值大于阈值且持续长度大于阈值
2024-03-17 12:45:00,2024-03-17 12:48:00,4,站端功率连续重复,ACTIVE_POWER_STATION 重复值大于阈值且持续长度大于阈值
2024-03-22 10:51:00,2024-03-22 10:54:00,4,站端功率连续重复,ACTIVE_POWER_STATION 重复值大于阈值且持续长度大于阈值
2024-03-22 11:21:00,2024-03-22 11:25:00,5,站端功率连续重复,ACTIVE_POWER_STATION 重复值大于阈值且持续长度大于阈值
2024-03-23 15:22:00,2024-03-23 15:25:00,4,风机联合连续重复,风机联合连续重复；用于计算重复风机功率扣减量，是否并入最终异常由参数控制
2024-03-23 15:22:00,2024-03-23 15:25:00,4,风机联合连续重复,风机联合连续重复；用于计算重复风机功率扣减量，是否并入最终异常由参数控制
2024-03-23 15:22:00,2024-03-23 15:25:00,4,风机联合连续重复,风机联合连续重复；用于计算重复风机功率扣减量，是否并入最终异常由参数控制
2024-03-23 15:22:00,2024-03-23 15:25:00,4,风机联合连续重复,风机联合连续重复；用于计算重复风机功率扣减量，是否并入最终异常由参数控制
2024-03-23 15:22:00,2024-03-23 15:25:00,4,风机联合连续重复,风机联合连续重复；用于计算重复风机功率扣减量，是否并入最终异常由参数控制
2024-03-23 15:22:00,2024-03-23 15:25:00,4,风机联合连续重复,风机联合连续重复；用于计算重复风机功率扣减量，是否并入最终异常由参数控制
2024-03-23 15:22:00,2024-03-23 15:25:00,4,风机联合连续重复,风机联合连续重复；用于计算重复风机功率扣减量，是否并入最终异常由参数控制
2024-03-23 15:22:00,2024-03-23 15:25:00,4,风机联合连续重复,风机联合连续重复；用于计算重复风机功率扣减量，是否并入最终异常由参数控制
2024-03-23 15:22:00,2024-03-23 15:25:00,4,风机联合连续重复,风机联合连续重复；用于计算重复风机功率扣减量，是否并入最终异常由参数控制
2024-03-23 15:22:00,2024-03-23 15:25:00,4,风机联合连续重复,风机联合连续重复；用于计算重复风机功率扣减量，是否并入最终异常由参数控制
2024-03-23 15:22:00,2024-03-23 15:25:00,4,风机联合连续重复,风机联合连续重复；用于计算重复风机功率扣减量，是否并入最终异常由参数控制
2024-03-23 15:22:00,2024-03-23 15:25:00,4,风机联合连续重复,风机联合连续重复；用于计算重复风机功率扣减量，是否并入最终异常由参数控制
2024-03-23 15:22:00,2024-03-23 15:25:00,4,风机联合连续重复,风机联合连续重复；用于计算重复风机功率扣减量，是否并入最终异常由参数控制
2024-03-23 15:22:00,2024-03-23 15:25:00,4,风机联合连续重复,风机联合连续重复；用于计算重复风机功率扣减量，是否并入最终异常由参数控制
2024-03-23 15:22:00,2024-03-23 15:25:00,4,风机联合连续重复,风机联合连续重复；用于计算重复风机功率扣减量，是否并入最终异常由参数控制
2024-03-23 15:22:00,2024-03-23 15:25:00,4,风机联合连续重复,风机联合连续重复；用于计算重复风机功率扣减量，是否并入最终异常由参数控制
2024-03-23 15:22:00,2024-03-23 15:25:00,4,风机联合连续重复,风机联合连续重复；用于计算重复风机功率扣减量，是否并入最终异常由参数控制
2024-03-23 15:22:00,2024-03-23 15:25:00,4,风机联合连续重复,风机联合连续重复；用于计算重复风机功率扣减量，是否并入最终异常由参数控制
2024-03-23 15:22:00,2024-03-23 15:25:00,4,风机联合连续重复,风机联合连续重复；用于计算重复风机功率扣减量，是否并入最终异常由参数控制
2024-03-23 15:22:00,2024-03-23 15:25:00,4,风机联合连续重复,风机联合连续重复；用于计算重复风机功率扣减量，是否并入最终异常由参数控制
2024-03-23 15:22:00,2024-03-23 15:25:00,4,风机联合连续重复,风机联合连续重复；用于计算重复风机功率扣减量，是否并入最终异常由参数控制
2024-03-23 15:22:00,2024-03-23 15:25:00,4,风机联合连续重复,风机联合连续重复；用于计算重复风机功率扣减量，是否并入最终异常由参数控制
2024-03-23 15:22:00,2024-03-23 15:25:00,4,风机联合连续重复,风机联合连续重复；用于计算重复风机功率扣减量，是否并入最终异常由参数控制
2024-03-23 15:22:00,2024-03-23 15:25:00,4,风机联合连续重复,风机联合连续重复；用于计算重复风机功率扣减量，是否并入最终异常由参数控制
2024-03-23 15:22:00,2024-03-23 15:25:00,4,风机联合连续重复,风机联合连续重复；用于计算重复风机功率扣减量，是否并入最终异常由参数控制
2024-03-23 15:22:00,2024-03-23 15:25:00,4,风机联合连续重复,风机联合连续重复；用于计算重复风机功率扣减量，是否并入最终异常由参数控制
2024-03-23 15:22:00,2024-03-23 15:25:00,4,风机联合连续重复,风机联合连续重复；用于计算重复风机功率扣减量，是否并入最终异常由参数控制
2024-03-23 15:22:00,2024-03-23 15:25:00,4,风机联合连续重复,风机联合连续重复；用于计算重复风机功率扣减量，是否并入最终异常由参数控制
2024-03-24 00:16:00,2024-03-24 00:21:00,6,站端功率连续重复,ACTIVE_POWER_STATION 重复值大于阈值且持续长度大于阈值
2024-03-24 00:34:00,2024-03-24 00:39:00,6,站端功率连续重复,ACTIVE_POWER_STATION 重复值大于阈值且持续长度大于阈值
2024-03-24 00:48:00,2024-03-24 00:51:00,4,站端功率连续重复,ACTIVE_POWER_STATION 重复值大于阈值且持续长度大于阈值
2024-03-25 15:17:00,2024-03-25 15:22:00,6,站端功率连续重复,ACTIVE_POWER_STATION 重复值大于阈值且持续长度大于阈值
2024-03-25 15:36:00,2024-03-25 15:40:00,5,站端功率连续重复,ACTIVE_POWER_STATION 重复值大于阈值且持续长度大于阈值
2024-03-25 17:23:00,2024-03-25 17:27:00,5,站端功率连续重复,ACTIVE_POWER_STATION 重复值大于阈值且持续长度大于阈值
2024-03-25 20:29:00,2024-03-25 20:33:00,5,站端功率连续重复,ACTIVE_POWER_STATION 重复值大于阈值且持续长度大于阈值
2024-03-29 04:48:00,2024-03-29 04:52:00,5,站端功率连续重复,ACTIVE_POWER_STATION 重复值大于阈值且持续长度大于阈值
2024-03-29 04:54:00,2024-03-29 04:58:00,5,站端功率连续重复,ACTIVE_POWER_STATION 重复值大于阈值且持续长度大于阈值
2024-03-29 07:18:00,2024-03-29 07:22:00,5,站端功率连续重复,ACTIVE_POWER_STATION 重复值大于阈值且持续长度大于阈值
2024-03-29 08:02:00,2024-03-29 08:05:00,4,站端功率连续重复,ACTIVE_POWER_STATION 重复值大于阈值且持续长度大于阈值
2024-03-29 08:30:00,2024-03-29 08:34:00,5,站端功率连续重复,ACTIVE_POWER_STATION 重复值大于阈值且持续长度大于阈值
2024-03-29 08:48:00,2024-03-29 08:53:00,6,站端功率连续重复,ACTIVE_POWER_STATION 重复值大于阈值且持续长度大于阈值
2024-03-29 09:57:00,2024-03-29 10:01:00,5,站端功率连续重复,ACTIVE_POWER_STATION 重复值大于阈值且持续长度大于阈值
2024-03-30 20:49:00,2024-03-30 20:52:00,4,站端功率连续重复,ACTIVE_POWER_STATION 重复值大于阈值且持续长度大于阈值
2024-04-01 21:32:00,2024-04-01 21:35:00,4,站端功率连续重复,ACTIVE_POWER_STATION 重复值大于阈值且持续长度大于阈值
2024-04-01 21:45:00,2024-04-01 21:48:00,4,站端功率连续重复,ACTIVE_POWER_STATION 重复值大于阈值且持续长度大于阈值
2024-04-01 22:34:00,2024-04-01 22:37:00,4,站端功率连续重复,ACTIVE_POWER_STATION 重复值大于阈值且持续长度大于阈值
2024-04-11 01:24:00,2024-04-11 01:27:00,4,站端功率连续重复,ACTIVE_POWER_STATION 重复值大于阈值且持续长度大于阈值
2024-04-11 09:52:00,2024-04-11 09:52:00,1,物理超额定,风机功率之和或 ACTIVE_POWER_STATION 超过额定功率上限；明细保留但汇总剔除
2024-04-14 00:20:00,2024-04-14 00:23:00,4,站端功率连续重复,ACTIVE_POWER_STATION 重复值大于阈值且持续长度大于阈值
2024-04-14 00:38:00,2024-04-14 00:43:00,6,站端功率连续重复,ACTIVE_POWER_STATION 重复值大于阈值且持续长度大于阈值
2024-04-14 00:50:00,2024-04-14 00:55:00,6,站端功率连续重复,ACTIVE_POWER_STATION 重复值大于阈值且持续长度大于阈值
2024-04-14 01:14:00,2024-04-14 01:19:00,6,站端功率连续重复,ACTIVE_POWER_STATION 重复值大于阈值且持续长度大于阈值
2024-04-14 06:56:00,2024-04-14 07:01:00,6,站端功率连续重复,ACTIVE_POWER_STATION 重复值大于阈值且持续长度大于阈值
2024-04-14 07:02:00,2024-04-14 07:07:00,6,站端功率连续重复,ACTIVE_POWER_STATION 重复值大于阈值且持续长度大于阈值
2024-04-14 14:47:00,2024-04-14 15:14:00,28,站端功率连续重复,ACTIVE_POWER_STATION 重复值大于阈值且持续长度大于阈值
2024-04-14 14:50:00,2024-04-14 15:15:00,26,风机联合连续重复,风机联合连续重复；用于计算重复风机功率扣减量，是否并入最终异常由参数控制
2024-04-14 14:50:00,2024-04-14 15:15:00,26,风机联合连续重复,风机联合连续重复；用于计算重复风机功率扣减量，是否并入最终异常由参数控制
2024-04-14 14:50:00,2024-04-14 15:15:00,26,风机联合连续重复,风机联合连续重复；用于计算重复风机功率扣减量，是否并入最终异常由参数控制
2024-04-14 14:50:00,2024-04-14 15:15:00,26,风机联合连续重复,风机联合连续重复；用于计算重复风机功率扣减量，是否并入最终异常由参数控制
2024-04-14 14:50:00,2024-04-14 15:15:00,26,风机联合连续重复,风机联合连续重复；用于计算重复风机功率扣减量，是否并入最终异常由参数控制
2024-04-14 14:50:00,2024-04-14 15:15:00,26,风机联合连续重复,风机联合连续重复；用于计算重复风机功率扣减量，是否并入最终异常由参数控制
2024-04-14 14:50:00,2024-04-14 15:15:00,26,风机联合连续重复,风机联合连续重复；用于计算重复风机功率扣减量，是否并入最终异常由参数控制
2024-04-14 14:50:00,2024-04-14 15:15:00,26,风机联合连续重复,风机联合连续重复；用于计算重复风机功率扣减量，是否并入最终异常由参数控制
2024-04-14 14:50:00,2024-04-14 15:15:00,26,风机联合连续重复,风机联合连续重复；用于计算重复风机功率扣减量，是否并入最终异常由参数控制
2024-04-14 14:50:00,2024-04-14 15:15:00,26,风机联合连续重复,风机联合连续重复；用于计算重复风机功率扣减量，是否并入最终异常由参数控制
2024-04-14 14:50:00,2024-04-14 15:15:00,26,风机联合连续重复,风机联合连续重复；用于计算重复风机功率扣减量，是否并入最终异常由参数控制
2024-04-14 14:50:00,2024-04-14 15:15:00,26,风机联合连续重复,风机联合连续重复；用于计算重复风机功率扣减量，是否并入最终异常由参数控制
2024-04-14 14:50:00,2024-04-14 15:15:00,26,风机联合连续重复,风机联合连续重复；用于计算重复风机功率扣减量，是否并入最终异常由参数控制
2024-04-14 14:50:00,2024-04-14 15:15:00,26,风机联合连续重复,风机联合连续重复；用于计算重复风机功率扣减量，是否并入最终异常由参数控制
2024-04-14 14:50:00,2024-04-14 15:15:00,26,风机联合连续重复,风机联合连续重复；用于计算重复风机功率扣减量，是否并入最终异常由参数控制
2024-04-14 14:50:00,2024-04-14 15:15:00,26,风机联合连续重复,风机联合连续重复；用于计算重复风机功率扣减量，是否并入最终异常由参数控制
2024-04-14 14:50:00,2024-04-14 15:15:00,26,风机联合连续重复,风机联合连续重复；用于计算重复风机功率扣减量，是否并入最终异常由参数控制
2024-04-14 14:50:00,2024-04-14 15:15:00,26,风机联合连续重复,风机联合连续重复；用于计算重复风机功率扣减量，是否并入最终异常由参数控制
2024-04-14 14:50:00,2024-04-14 15:15:00,26,风机联合连续重复,风机联合连续重复；用于计算重复风机功率扣减量，是否并入最终异常由参数控制
2024-04-14 14:50:00,2024-04-14 15:15:00,26,风机联合连续重复,风机联合连续重复；用于计算重复风机功率扣减量，是否并入最终异常由参数控制
2024-04-14 14:50:00,2024-04-14 15:15:00,26,风机联合连续重复,风机联合连续重复；用于计算重复风机功率扣减量，是否并入最终异常由参数控制
2024-04-14 14:50:00,2024-04-14 15:15:00,26,风机联合连续重复,风机联合连续重复；用于计算重复风机功率扣减量，是否并入最终异常由参数控制
2024-04-14 14:50:00,2024-04-14 15:15:00,26,风机联合连续重复,风机联合连续重复；用于计算重复风机功率扣减量，是否并入最终异常由参数控制
2024-04-14 14:50:00,2024-04-14 15:15:00,26,风机联合连续重复,风机联合连续重复；用于计算重复风机功率扣减量，是否并入最终异常由参数控制
2024-04-14 14:50:00,2024-04-14 15:15:00,26,风机联合连续重复,风机联合连续重复；用于计算重复风机功率扣减量，是否并入最终异常由参数控制
2024-04-14 14:50:00,2024-04-14 15:15:00,26,风机联合连续重复,风机联合连续重复；用于计算重复风机功率扣减量，是否并入最终异常由参数控制
2024-04-14 14:50:00,2024-04-14 15:15:00,26,风机联合连续重复,风机联合连续重复；用于计算重复风机功率扣减量，是否并入最终异常由参数控制
2024-04-14 14:50:00,2024-04-14 15:15:00,26,风机联合连续重复,风机联合连续重复；用于计算重复风机功率扣减量，是否并入最终异常由参数控制
2024-04-14 14:50:00,2024-04-14 15:15:00,26,风机联合连续重复,风机联合连续重复；用于计算重复风机功率扣减量，是否并入最终异常由参数控制
2024-04-14 14:50:00,2024-04-14 15:15:00,26,风机联合连续重复,风机联合连续重复；用于计算重复风机功率扣减量，是否并入最终异常由参数控制
2024-04-14 14:50:00,2024-04-14 15:15:00,26,风机联合连续重复,风机联合连续重复；用于计算重复风机功率扣减量，是否并入最终异常由参数控制
2024-04-14 14:50:00,2024-04-14 15:15:00,26,风机联合连续重复,风机联合连续重复；用于计算重复风机功率扣减量，是否并入最终异常由参数控制
2024-04-14 14:50:00,2024-04-14 15:15:00,26,风机联合连续重复,风机联合连续重复；用于计算重复风机功率扣减量，是否并入最终异常由参数控制
2024-04-14 14:50:00,2024-04-14 15:15:00,26,风机联合连续重复,风机联合连续重复；用于计算重复风机功率扣减量，是否并入最终异常由参数控制
2024-04-14 14:50:00,2024-04-14 15:15:00,26,风机联合连续重复,风机联合连续重复；用于计算重复风机功率扣减量，是否并入最终异常由参数控制
2024-04-14 14:50:00,2024-04-14 15:15:00,26,风机联合连续重复,风机联合连续重复；用于计算重复风机功率扣减量，是否并入最终异常由参数控制
2024-04-14 14:50:00,2024-04-14 15:15:00,26,风机联合连续重复,风机联合连续重复；用于计算重复风机功率扣减量，是否并入最终异常由参数控制
2024-04-14 14:50:00,2024-04-14 15:15:00,26,风机联合连续重复,风机联合连续重复；用于计算重复风机功率扣减量，是否并入最终异常由参数控制
2024-04-14 14:50:00,2024-04-14 15:15:00,26,风机联合连续重复,风机联合连续重复；用于计算重复风机功率扣减量，是否并入最终异常由参数控制
2024-04-14 14:50:00,2024-04-14 15:15:00,26,风机联合连续重复,风机联合连续重复；用于计算重复风机功率扣减量，是否并入最终异常由参数控制
2024-04-14 14:50:00,2024-04-14 15:15:00,26,风机联合连续重复,风机联合连续重复；用于计算重复风机功率扣减量，是否并入最终异常由参数控制
2024-04-14 14:50:00,2024-04-14 15:15:00,26,风机联合连续重复,风机联合连续重复；用于计算重复风机功率扣减量，是否并入最终异常由参数控制
2024-04-14 14:50:00,2024-04-14 15:15:00,26,风机联合连续重复,风机联合连续重复；用于计算重复风机功率扣减量，是否并入最终异常由参数控制
2024-04-14 14:50:00,2024-04-14 15:15:00,26,风机联合连续重复,风机联合连续重复；用于计算重复风机功率扣减量，是否并入最终异常由参数控制
2024-04-14 14:50:00,2024-04-14 15:15:00,26,风机联合连续重复,风机联合连续重复；用于计算重复风机功率扣减量，是否并入最终异常由参数控制
2024-04-14 14:50:00,2024-04-14 15:15:00,26,风机联合连续重复,风机联合连续重复；用于计算重复风机功率扣减量，是否并入最终异常由参数控制
2024-04-14 14:50:00,2024-04-14 15:15:00,26,风机联合连续重复,风机联合连续重复；用于计算重复风机功率扣减量，是否并入最终异常由参数控制
2024-04-14 14:50:00,2024-04-14 15:15:00,26,风机联合连续重复,风机联合连续重复；用于计算重复风机功率扣减量，是否并入最终异常由参数控制
2024-04-14 14:50:00,2024-04-14 15:15:00,26,风机联合连续重复,风机联合连续重复；用于计算重复风机功率扣减量，是否并入最终异常由参数控制
2024-04-14 14:50:00,2024-04-14 15:15:00,26,风机联合连续重复,风机联合连续重复；用于计算重复风机功率扣减量，是否并入最终异常由参数控制
2024-04-14 14:50:00,2024-04-14 15:15:00,26,风机联合连续重复,风机联合连续重复；用于计算重复风机功率扣减量，是否并入最终异常由参数控制
2024-04-14 14:50:00,2024-04-14 15:15:00,26,风机联合连续重复,风机联合连续重复；用于计算重复风机功率扣减量，是否并入最终异常由参数控制
2024-04-14 14:50:00,2024-04-14 15:15:00,26,风机联合连续重复,风机联合连续重复；用于计算重复风机功率扣减量，是否并入最终异常由参数控制
2024-04-14 14:50:00,2024-04-14 15:15:00,26,风机联合连续重复,风机联合连续重复；用于计算重复风机功率扣减量，是否并入最终异常由参数控制
2024-04-14 14:50:00,2024-04-14 15:15:00,26,风机联合连续重复,风机联合连续重复；用于计算重复风机功率扣减量，是否并入最终异常由参数控制
2024-04-14 14:50:00,2024-04-14 15:15:00,26,风机联合连续重复,风机联合连续重复；用于计算重复风机功率扣减量，是否并入最终异常由参数控制
2024-04-14 14:50:00,2024-04-14 15:15:00,26,风机联合连续重复,风机联合连续重复；用于计算重复风机功率扣减量，是否并入最终异常由参数控制
2024-04-14 14:50:00,2024-04-14 15:15:00,26,风机联合连续重复,风机联合连续重复；用于计算重复风机功率扣减量，是否并入最终异常由参数控制
2024-04-14 14:50:00,2024-04-14 15:15:00,26,风机联合连续重复,风机联合连续重复；用于计算重复风机功率扣减量，是否并入最终异常由参数控制
2024-04-14 14:50:00,2024-04-14 15:15:00,26,风机联合连续重复,风机联合连续重复；用于计算重复风机功率扣减量，是否并入最终异常由参数控制
2024-04-14 14:50:00,2024-04-14 15:15:00,26,风机联合连续重复,风机联合连续重复；用于计算重复风机功率扣减量，是否并入最终异常由参数控制
2024-04-14 14:50:00,2024-04-14 15:15:00,26,风机联合连续重复,风机联合连续重复；用于计算重复风机功率扣减量，是否并入最终异常由参数控制
2024-04-14 14:50:00,2024-04-14 15:15:00,26,风机联合连续重复,风机联合连续重复；用于计算重复风机功率扣减量，是否并入最终异常由参数控制
2024-04-14 14:50:00,2024-04-14 15:15:00,26,风机联合连续重复,风机联合连续重复；用于计算重复风机功率扣减量，是否并入最终异常由参数控制
2024-04-14 14:50:00,2024-04-14 15:15:00,26,风机联合连续重复,风机联合连续重复；用于计算重复风机功率扣减量，是否并入最终异常由参数控制
2024-04-14 14:50:00,2024-04-14 15:15:00,26,风机联合连续重复,风机联合连续重复；用于计算重复风机功率扣减量，是否并入最终异常由参数控制
2024-04-14 14:50:00,2024-04-14 15:15:00,26,风机联合连续重复,风机联合连续重复；用于计算重复风机功率扣减量，是否并入最终异常由参数控制
2024-04-14 14:50:00,2024-04-14 15:15:00,26,风机联合连续重复,风机联合连续重复；用于计算重复风机功率扣减量，是否并入最终异常由参数控制
2024-04-14 14:50:00,2024-04-14 15:15:00,26,风机联合连续重复,风机联合连续重复；用于计算重复风机功率扣减量，是否并入最终异常由参数控制
2024-04-14 14:50:00,2024-04-14 15:15:00,26,风机联合连续重复,风机联合连续重复；用于计算重复风机功率扣减量，是否并入最终异常由参数控制
2024-04-14 14:50:00,2024-04-14 15:15:00,26,风机联合连续重复,风机联合连续重复；用于计算重复风机功率扣减量，是否并入最终异常由参数控制
2024-04-14 14:50:00,2024-04-14 15:15:00,26,风机联合连续重复,风机联合连续重复；用于计算重复风机功率扣减量，是否并入最终异常由参数控制
2024-04-14 14:50:00,2024-04-14 15:15:00,26,风机联合连续重复,风机联合连续重复；用于计算重复风机功率扣减量，是否并入最终异常由参数控制
2024-04-14 14:50:00,2024-04-14 15:15:00,26,风机联合连续重复,风机联合连续重复；用于计算重复风机功率扣减量，是否并入最终异常由参数控制
2024-04-14 14:50:00,2024-04-14 15:15:00,26,风机联合连续重复,风机联合连续重复；用于计算重复风机功率扣减量，是否并入最终异常由参数控制
2024-04-14 14:50:00,2024-04-14 15:15:00,26,风机联合连续重复,风机联合连续重复；用于计算重复风机功率扣减量，是否并入最终异常由参数控制
2024-04-14 14:50:00,2024-04-14 15:15:00,26,风机联合连续重复,风机联合连续重复；用于计算重复风机功率扣减量，是否并入最终异常由参数控制
2024-04-14 14:50:00,2024-04-14 15:15:00,26,风机联合连续重复,风机联合连续重复；用于计算重复风机功率扣减量，是否并入最终异常由参数控制
2024-04-14 14:50:00,2024-04-14 15:15:00,26,风机联合连续重复,风机联合连续重复；用于计算重复风机功率扣减量，是否并入最终异常由参数控制
2024-04-14 14:50:00,2024-04-14 15:15:00,26,风机联合连续重复,风机联合连续重复；用于计算重复风机功率扣减量，是否并入最终异常由参数控制
2024-04-14 14:50:00,2024-04-14 15:15:00,26,风机联合连续重复,风机联合连续重复；用于计算重复风机功率扣减量，是否并入最终异常由参数控制
2024-04-14 14:50:00,2024-04-14 15:15:00,26,风机联合连续重复,风机联合连续重复；用于计算重复风机功率扣减量，是否并入最终异常由参数控制
2024-04-14 14:50:00,2024-04-14 15:15:00,26,风机联合连续重复,风机联合连续重复；用于计算重复风机功率扣减量，是否并入最终异常由参数控制
2024-04-14 14:50:00,2024-04-14 15:15:00,26,风机联合连续重复,风机联合连续重复；用于计算重复风机功率扣减量，是否并入最终异常由参数控制
2024-04-14 14:50:00,2024-04-14 15:15:00,26,风机联合连续重复,风机联合连续重复；用于计算重复风机功率扣减量，是否并入最终异常由参数控制
2024-04-14 14:50:00,2024-04-14 15:15:00,26,风机联合连续重复,风机联合连续重复；用于计算重复风机功率扣减量，是否并入最终异常由参数控制
2024-04-14 14:50:00,2024-04-14 15:15:00,26,风机联合连续重复,风机联合连续重复；用于计算重复风机功率扣减量，是否并入最终异常由参数控制
2024-04-14 14:50:00,2024-04-14 15:15:00,26,风机联合连续重复,风机联合连续重复；用于计算重复风机功率扣减量，是否并入最终异常由参数控制
2024-04-14 14:50:00,2024-04-14 15:15:00,26,风机联合连续重复,风机联合连续重复；用于计算重复风机功率扣减量，是否并入最终异常由参数控制
2024-04-14 14:50:00,2024-04-14 15:15:00,26,风机联合连续重复,风机联合连续重复；用于计算重复风机功率扣减量，是否并入最终异常由参数控制
2024-04-14 14:50:00,2024-04-14 15:15:00,26,风机联合连续重复,风机联合连续重复；用于计算重复风机功率扣减量，是否并入最终异常由参数控制
2024-04-14 14:50:00,2024-04-14 15:15:00,26,风机联合连续重复,风机联合连续重复；用于计算重复风机功率扣减量，是否并入最终异常由参数控制
2024-04-14 14:50:00,2024-04-14 15:15:00,26,风机联合连续重复,风机联合连续重复；用于计算重复风机功率扣减量，是否并入最终异常由参数控制
2024-04-14 14:50:00,2024-04-14 15:15:00,26,风机联合连续重复,风机联合连续重复；用于计算重复风机功率扣减量，是否并入最终异常由参数控制
2024-04-14 14:50:00,2024-04-14 15:15:00,26,风机联合连续重复,风机联合连续重复；用于计算重复风机功率扣减量，是否并入最终异常由参数控制
2024-04-14 14:50:00,2024-04-14 15:15:00,26,风机联合连续重复,风机联合连续重复；用于计算重复风机功率扣减量，是否并入最终异常由参数控制
2024-04-14 14:50:00,2024-04-14 15:15:00,26,风机联合连续重复,风机联合连续重复；用于计算重复风机功率扣减量，是否并入最终异常由参数控制
2024-04-14 14:50:00,2024-04-14 15:15:00,26,风机联合连续重复,风机联合连续重复；用于计算重复风机功率扣减量，是否并入最终异常由参数控制
2024-04-14 14:50:00,2024-04-14 15:15:00,26,风机联合连续重复,风机联合连续重复；用于计算重复风机功率扣减量，是否并入最终异常由参数控制
2024-04-14 15:16:00,2024-04-14 15:19:00,4,站端功率连续重复,ACTIVE_POWER_STATION 重复值大于阈值且持续长度大于阈值
2024-04-14 15:37:00,2024-04-14 15:40:00,4,风机联合连续重复,风机联合连续重复；用于计算重复风机功率扣减量，是否并入最终异常由参数控制
2024-04-14 15:37:00,2024-04-14 15:40:00,4,风机联合连续重复,风机联合连续重复；用于计算重复风机功率扣减量，是否并入最终异常由参数控制
2024-04-14 15:37:00,2024-04-14 15:40:00,4,风机联合连续重复,风机联合连续重复；用于计算重复风机功率扣减量，是否并入最终异常由参数控制
2024-04-14 15:37:00,2024-04-14 15:40:00,4,风机联合连续重复,风机联合连续重复；用于计算重复风机功率扣减量，是否并入最终异常由参数控制
2024-04-14 15:37:00,2024-04-14 15:40:00,4,风机联合连续重复,风机联合连续重复；用于计算重复风机功率扣减量，是否并入最终异常由参数控制
2024-04-14 15:37:00,2024-04-14 15:40:00,4,风机联合连续重复,风机联合连续重复；用于计算重复风机功率扣减量，是否并入最终异常由参数控制
2024-04-14 15:37:00,2024-04-14 15:40:00,4,风机联合连续重复,风机联合连续重复；用于计算重复风机功率扣减量，是否并入最终异常由参数控制
2024-04-14 15:37:00,2024-04-14 15:40:00,4,风机联合连续重复,风机联合连续重复；用于计算重复风机功率扣减量，是否并入最终异常由参数控制
2024-04-14 15:37:00,2024-04-14 15:40:00,4,风机联合连续重复,风机联合连续重复；用于计算重复风机功率扣减量，是否并入最终异常由参数控制
2024-04-14 15:37:00,2024-04-14 15:40:00,4,风机联合连续重复,风机联合连续重复；用于计算重复风机功率扣减量，是否并入最终异常由参数控制
2024-04-14 15:37:00,2024-04-14 15:40:00,4,风机联合连续重复,风机联合连续重复；用于计算重复风机功率扣减量，是否并入最终异常由参数控制
2024-04-14 15:37:00,2024-04-14 15:40:00,4,风机联合连续重复,风机联合连续重复；用于计算重复风机功率扣减量，是否并入最终异常由参数控制
2024-04-14 15:37:00,2024-04-14 15:40:00,4,风机联合连续重复,风机联合连续重复；用于计算重复风机功率扣减量，是否并入最终异常由参数控制
2024-04-14 15:37:00,2024-04-14 15:40:00,4,风机联合连续重复,风机联合连续重复；用于计算重复风机功率扣减量，是否并入最终异常由参数控制
2024-04-14 15:37:00,2024-04-14 15:40:00,4,风机联合连续重复,风机联合连续重复；用于计算重复风机功率扣减量，是否并入最终异常由参数控制
2024-04-14 15:37:00,2024-04-14 15:40:00,4,风机联合连续重复,风机联合连续重复；用于计算重复风机功率扣减量，是否并入最终异常由参数控制
2024-04-14 15:37:00,2024-04-14 15:40:00,4,风机联合连续重复,风机联合连续重复；用于计算重复风机功率扣减量，是否并入最终异常由参数控制
2024-04-14 15:37:00,2024-04-14 15:40:00,4,风机联合连续重复,风机联合连续重复；用于计算重复风机功率扣减量，是否并入最终异常由参数控制
2024-04-14 15:37:00,2024-04-14 15:40:00,4,风机联合连续重复,风机联合连续重复；用于计算重复风机功率扣减量，是否并入最终异常由参数控制
2024-04-14 15:37:00,2024-04-14 15:40:00,4,风机联合连续重复,风机联合连续重复；用于计算重复风机功率扣减量，是否并入最终异常由参数控制
2024-04-14 15:37:00,2024-04-14 15:40:00,4,风机联合连续重复,风机联合连续重复；用于计算重复风机功率扣减量，是否并入最终异常由参数控制
2024-04-14 15:37:00,2024-04-14 15:40:00,4,风机联合连续重复,风机联合连续重复；用于计算重复风机功率扣减量，是否并入最终异常由参数控制
2024-04-14 15:37:00,2024-04-14 15:40:00,4,风机联合连续重复,风机联合连续重复；用于计算重复风机功率扣减量，是否并入最终异常由参数控制
2024-04-14 15:37:00,2024-04-14 15:40:00,4,风机联合连续重复,风机联合连续重复；用于计算重复风机功率扣减量，是否并入最终异常由参数控制
2024-04-14 15:37:00,2024-04-14 15:40:00,4,风机联合连续重复,风机联合连续重复；用于计算重复风机功率扣减量，是否并入最终异常由参数控制
2024-04-14 15:37:00,2024-04-14 15:40:00,4,风机联合连续重复,风机联合连续重复；用于计算重复风机功率扣减量，是否并入最终异常由参数控制
2024-04-14 15:37:00,2024-04-14 15:40:00,4,风机联合连续重复,风机联合连续重复；用于计算重复风机功率扣减量，是否并入最终异常由参数控制
2024-04-14 15:37:00,2024-04-14 15:40:00,4,风机联合连续重复,风机联合连续重复；用于计算重复风机功率扣减量，是否并入最终异常由参数控制
2024-04-14 15:37:00,2024-04-14 15:40:00,4,风机联合连续重复,风机联合连续重复；用于计算重复风机功率扣减量，是否并入最终异常由参数控制
2024-04-14 15:37:00,2024-04-14 15:40:00,4,风机联合连续重复,风机联合连续重复；用于计算重复风机功率扣减量，是否并入最终异常由参数控制
2024-04-14 15:37:00,2024-04-14 15:40:00,4,风机联合连续重复,风机联合连续重复；用于计算重复风机功率扣减量，是否并入最终异常由参数控制
2024-04-14 15:37:00,2024-04-14 15:40:00,4,风机联合连续重复,风机联合连续重复；用于计算重复风机功率扣减量，是否并入最终异常由参数控制
2024-04-14 15:37:00,2024-04-14 15:40:00,4,风机联合连续重复,风机联合连续重复；用于计算重复风机功率扣减量，是否并入最终异常由参数控制
2024-04-14 15:37:00,2024-04-14 15:40:00,4,风机联合连续重复,风机联合连续重复；用于计算重复风机功率扣减量，是否并入最终异常由参数控制
2024-04-14 15:37:00,2024-04-14 15:40:00,4,风机联合连续重复,风机联合连续重复；用于计算重复风机功率扣减量，是否并入最终异常由参数控制
2024-04-14 15:37:00,2024-04-14 15:40:00,4,风机联合连续重复,风机联合连续重复；用于计算重复风机功率扣减量，是否并入最终异常由参数控制
2024-04-14 15:37:00,2024-04-14 15:40:00,4,风机联合连续重复,风机联合连续重复；用于计算重复风机功率扣减量，是否并入最终异常由参数控制
2024-04-14 15:37:00,2024-04-14 15:40:00,4,风机联合连续重复,风机联合连续重复；用于计算重复风机功率扣减量，是否并入最终异常由参数控制
2024-04-14 15:37:00,2024-04-14 15:40:00,4,风机联合连续重复,风机联合连续重复；用于计算重复风机功率扣减量，是否并入最终异常由参数控制
2024-04-14 15:37:00,2024-04-14 15:40:00,4,风机联合连续重复,风机联合连续重复；用于计算重复风机功率扣减量，是否并入最终异常由参数控制
2024-04-14 15:37:00,2024-04-14 15:40:00,4,风机联合连续重复,风机联合连续重复；用于计算重复风机功率扣减量，是否并入最终异常由参数控制
2024-04-14 15:37:00,2024-04-14 15:40:00,4,风机联合连续重复,风机联合连续重复；用于计算重复风机功率扣减量，是否并入最终异常由参数控制
2024-04-14 15:37:00,2024-04-14 15:40:00,4,风机联合连续重复,风机联合连续重复；用于计算重复风机功率扣减量，是否并入最终异常由参数控制
2024-04-14 15:37:00,2024-04-14 15:40:00,4,风机联合连续重复,风机联合连续重复；用于计算重复风机功率扣减量，是否并入最终异常由参数控制
2024-04-14 15:37:00,2024-04-14 15:40:00,4,风机联合连续重复,风机联合连续重复；用于计算重复风机功率扣减量，是否并入最终异常由参数控制
2024-04-14 15:37:00,2024-04-14 15:40:00,4,风机联合连续重复,风机联合连续重复；用于计算重复风机功率扣减量，是否并入最终异常由参数控制
2024-04-14 15:37:00,2024-04-14 15:40:00,4,风机联合连续重复,风机联合连续重复；用于计算重复风机功率扣减量，是否并入最终异常由参数控制
2024-04-14 15:37:00,2024-04-14 15:40:00,4,风机联合连续重复,风机联合连续重复；用于计算重复风机功率扣减量，是否并入最终异常由参数控制
2024-04-14 15:37:00,2024-04-14 15:40:00,4,风机联合连续重复,风机联合连续重复；用于计算重复风机功率扣减量，是否并入最终异常由参数控制
2024-04-14 15:37:00,2024-04-14 15:40:00,4,风机联合连续重复,风机联合连续重复；用于计算重复风机功率扣减量，是否并入最终异常由参数控制
2024-04-14 15:37:00,2024-04-14 15:40:00,4,风机联合连续重复,风机联合连续重复；用于计算重复风机功率扣减量，是否并入最终异常由参数控制
2024-04-14 15:37:00,2024-04-14 15:40:00,4,风机联合连续重复,风机联合连续重复；用于计算重复风机功率扣减量，是否并入最终异常由参数控制
2024-04-14 15:37:00,2024-04-14 15:40:00,4,风机联合连续重复,风机联合连续重复；用于计算重复风机功率扣减量，是否并入最终异常由参数控制
2024-04-14 15:37:00,2024-04-14 15:40:00,4,风机联合连续重复,风机联合连续重复；用于计算重复风机功率扣减量，是否并入最终异常由参数控制
2024-04-14 15:37:00,2024-04-14 15:40:00,4,风机联合连续重复,风机联合连续重复；用于计算重复风机功率扣减量，是否并入最终异常由参数控制
2024-04-14 15:37:00,2024-04-14 15:40:00,4,风机联合连续重复,风机联合连续重复；用于计算重复风机功率扣减量，是否并入最终异常由参数控制
2024-04-14 15:37:00,2024-04-14 15:40:00,4,风机联合连续重复,风机联合连续重复；用于计算重复风机功率扣减量，是否并入最终异常由参数控制
2024-04-14 15:37:00,2024-04-14 15:40:00,4,风机联合连续重复,风机联合连续重复；用于计算重复风机功率扣减量，是否并入最终异常由参数控制
2024-04-14 15:37:00,2024-04-14 15:40:00,4,风机联合连续重复,风机联合连续重复；用于计算重复风机功率扣减量，是否并入最终异常由参数控制
2024-04-14 15:37:00,2024-04-14 15:40:00,4,风机联合连续重复,风机联合连续重复；用于计算重复风机功率扣减量，是否并入最终异常由参数控制
2024-04-14 15:37:00,2024-04-14 15:40:00,4,风机联合连续重复,风机联合连续重复；用于计算重复风机功率扣减量，是否并入最终异常由参数控制
2024-04-14 15:37:00,2024-04-14 15:40:00,4,风机联合连续重复,风机联合连续重复；用于计算重复风机功率扣减量，是否并入最终异常由参数控制
2024-04-14 15:37:00,2024-04-14 15:40:00,4,风机联合连续重复,风机联合连续重复；用于计算重复风机功率扣减量，是否并入最终异常由参数控制
2024-04-14 15:37:00,2024-04-14 15:40:00,4,风机联合连续重复,风机联合连续重复；用于计算重复风机功率扣减量，是否并入最终异常由参数控制
2024-04-14 15:37:00,2024-04-14 15:40:00,4,风机联合连续重复,风机联合连续重复；用于计算重复风机功率扣减量，是否并入最终异常由参数控制
2024-04-14 15:37:00,2024-04-14 15:40:00,4,风机联合连续重复,风机联合连续重复；用于计算重复风机功率扣减量，是否并入最终异常由参数控制
2024-04-14 15:37:00,2024-04-14 15:40:00,4,风机联合连续重复,风机联合连续重复；用于计算重复风机功率扣减量，是否并入最终异常由参数控制
2024-04-14 15:37:00,2024-04-14 15:40:00,4,风机联合连续重复,风机联合连续重复；用于计算重复风机功率扣减量，是否并入最终异常由参数控制
2024-04-14 15:37:00,2024-04-14 15:40:00,4,风机联合连续重复,风机联合连续重复；用于计算重复风机功率扣减量，是否并入最终异常由参数控制
2024-04-14 15:37:00,2024-04-14 15:40:00,4,风机联合连续重复,风机联合连续重复；用于计算重复风机功率扣减量，是否并入最终异常由参数控制
2024-04-14 15:37:00,2024-04-14 15:40:00,4,风机联合连续重复,风机联合连续重复；用于计算重复风机功率扣减量，是否并入最终异常由参数控制
2024-04-14 15:37:00,2024-04-14 15:40:00,4,风机联合连续重复,风机联合连续重复；用于计算重复风机功率扣减量，是否并入最终异常由参数控制
2024-04-14 15:37:00,2024-04-14 15:40:00,4,风机联合连续重复,风机联合连续重复；用于计算重复风机功率扣减量，是否并入最终异常由参数控制
2024-04-14 15:37:00,2024-04-14 15:40:00,4,风机联合连续重复,风机联合连续重复；用于计算重复风机功率扣减量，是否并入最终异常由参数控制
2024-04-14 15:37:00,2024-04-14 15:40:00,4,风机联合连续重复,风机联合连续重复；用于计算重复风机功率扣减量，是否并入最终异常由参数控制
2024-04-14 15:37:00,2024-04-14 15:40:00,4,风机联合连续重复,风机联合连续重复；用于计算重复风机功率扣减量，是否并入最终异常由参数控制
2024-04-14 15:37:00,2024-04-14 15:40:00,4,风机联合连续重复,风机联合连续重复；用于计算重复风机功率扣减量，是否并入最终异常由参数控制
2024-04-14 15:37:00,2024-04-14 15:40:00,4,风机联合连续重复,风机联合连续重复；用于计算重复风机功率扣减量，是否并入最终异常由参数控制
2024-04-14 15:37:00,2024-04-14 15:40:00,4,风机联合连续重复,风机联合连续重复；用于计算重复风机功率扣减量，是否并入最终异常由参数控制
2024-04-14 15:37:00,2024-04-14 15:40:00,4,风机联合连续重复,风机联合连续重复；用于计算重复风机功率扣减量，是否并入最终异常由参数控制
2024-04-14 15:37:00,2024-04-14 15:40:00,4,风机联合连续重复,风机联合连续重复；用于计算重复风机功率扣减量，是否并入最终异常由参数控制
2024-04-14 15:37:00,2024-04-14 15:40:00,4,风机联合连续重复,风机联合连续重复；用于计算重复风机功率扣减量，是否并入最终异常由参数控制
2024-04-14 15:37:00,2024-04-14 15:40:00,4,风机联合连续重复,风机联合连续重复；用于计算重复风机功率扣减量，是否并入最终异常由参数控制
2024-04-14 15:37:00,2024-04-14 15:40:00,4,风机联合连续重复,风机联合连续重复；用于计算重复风机功率扣减量，是否并入最终异常由参数控制
2024-04-14 15:37:00,2024-04-14 15:40:00,4,风机联合连续重复,风机联合连续重复；用于计算重复风机功率扣减量，是否并入最终异常由参数控制
2024-04-14 15:37:00,2024-04-14 15:40:00,4,风机联合连续重复,风机联合连续重复；用于计算重复风机功率扣减量，是否并入最终异常由参数控制
2024-04-14 15:37:00,2024-04-14 15:40:00,4,风机联合连续重复,风机联合连续重复；用于计算重复风机功率扣减量，是否并入最终异常由参数控制
2024-04-14 15:37:00,2024-04-14 15:40:00,4,风机联合连续重复,风机联合连续重复；用于计算重复风机功率扣减量，是否并入最终异常由参数控制
2024-04-14 15:37:00,2024-04-14 15:40:00,4,风机联合连续重复,风机联合连续重复；用于计算重复风机功率扣减量，是否并入最终异常由参数控制
2024-04-14 15:37:00,2024-04-14 15:40:00,4,风机联合连续重复,风机联合连续重复；用于计算重复风机功率扣减量，是否并入最终异常由参数控制
2024-04-14 15:37:00,2024-04-14 15:40:00,4,风机联合连续重复,风机联合连续重复；用于计算重复风机功率扣减量，是否并入最终异常由参数控制
2024-04-14 15:37:00,2024-04-14 15:40:00,4,风机联合连续重复,风机联合连续重复；用于计算重复风机功率扣减量，是否并入最终异常由参数控制
2024-04-14 15:37:00,2024-04-14 15:40:00,4,风机联合连续重复,风机联合连续重复；用于计算重复风机功率扣减量，是否并入最终异常由参数控制
2024-04-14 15:37:00,2024-04-14 15:40:00,4,风机联合连续重复,风机联合连续重复；用于计算重复风机功率扣减量，是否并入最终异常由参数控制
2024-04-14 15:37:00,2024-04-14 15:40:00,4,风机联合连续重复,风机联合连续重复；用于计算重复风机功率扣减量，是否并入最终异常由参数控制
2024-04-14 15:37:00,2024-04-14 15:40:00,4,风机联合连续重复,风机联合连续重复；用于计算重复风机功率扣减量，是否并入最终异常由参数控制
2024-04-14 15:37:00,2024-04-14 15:40:00,4,风机联合连续重复,风机联合连续重复；用于计算重复风机功率扣减量，是否并入最终异常由参数控制
2024-04-14 15:37:00,2024-04-14 15:40:00,4,风机联合连续重复,风机联合连续重复；用于计算重复风机功率扣减量，是否并入最终异常由参数控制
2024-04-14 15:37:00,2024-04-14 15:40:00,4,风机联合连续重复,风机联合连续重复；用于计算重复风机功率扣减量，是否并入最终异常由参数控制
2024-04-14 15:37:00,2024-04-14 15:40:00,4,站端功率连续重复,ACTIVE_POWER_STATION 重复值大于阈值且持续长度大于阈值
2024-04-19 14:46:00,2024-04-19 14:51:00,6,站端功率连续重复,ACTIVE_POWER_STATION 重复值大于阈值且持续长度大于阈值
2024-04-19 14:54:00,2024-04-19 14:57:00,4,站端功率连续重复,ACTIVE_POWER_STATION 重复值大于阈值且持续长度大于阈值
2024-04-19 15:52:00,2024-04-19 15:58:00,7,站端功率连续重复,ACTIVE_POWER_STATION 重复值大于阈值且持续长度大于阈值
2024-04-19 16:04:00,2024-04-19 16:07:00,4,站端功率连续重复,ACTIVE_POWER_STATION 重复值大于阈值且持续长度大于阈值
2024-04-19 16:17:00,2024-04-19 16:21:00,5,站端功率连续重复,ACTIVE_POWER_STATION 重复值大于阈值且持续长度大于阈值
2024-04-19 16:24:00,2024-04-19 16:27:00,4,站端功率连续重复,ACTIVE_POWER_STATION 重复值大于阈值且持续长度大于阈值
2024-04-19 16:34:00,2024-04-19 16:39:00,6,站端功率连续重复,ACTIVE_POWER_STATION 重复值大于阈值且持续长度大于阈值
2024-04-20 03:35:00,2024-04-20 03:40:00,6,站端功率连续重复,ACTIVE_POWER_STATION 重复值大于阈值且持续长度大于阈值
2024-04-20 04:00:00,2024-04-20 04:03:00,4,站端功率连续重复,ACTIVE_POWER_STATION 重复值大于阈值且持续长度大于阈值
2024-04-20 04:35:00,2024-04-20 04:38:00,4,站端功率连续重复,ACTIVE_POWER_STATION 重复值大于阈值且持续长度大于阈值
2024-04-20 04:41:00,2024-04-20 04:46:00,6,站端功率连续重复,ACTIVE_POWER_STATION 重复值大于阈值且持续长度大于阈值
2024-04-23 10:06:00,2024-04-23 10:12:00,7,风机联合连续重复,风机联合连续重复；用于计算重复风机功率扣减量，是否并入最终异常由参数控制
2024-04-23 10:06:00,2024-04-23 10:12:00,7,风机联合连续重复,风机联合连续重复；用于计算重复风机功率扣减量，是否并入最终异常由参数控制
2024-04-23 10:06:00,2024-04-23 10:12:00,7,风机联合连续重复,风机联合连续重复；用于计算重复风机功率扣减量，是否并入最终异常由参数控制
2024-04-23 10:06:00,2024-04-23 10:12:00,7,风机联合连续重复,风机联合连续重复；用于计算重复风机功率扣减量，是否并入最终异常由参数控制
2024-04-23 10:06:00,2024-04-23 10:12:00,7,风机联合连续重复,风机联合连续重复；用于计算重复风机功率扣减量，是否并入最终异常由参数控制
2024-04-23 10:06:00,2024-04-23 10:12:00,7,风机联合连续重复,风机联合连续重复；用于计算重复风机功率扣减量，是否并入最终异常由参数控制
2024-04-26 11:34:00,2024-04-26 11:38:00,5,风机联合连续重复,风机联合连续重复；用于计算重复风机功率扣减量，是否并入最终异常由参数控制
2024-04-26 11:34:00,2024-04-26 11:38:00,5,风机联合连续重复,风机联合连续重复；用于计算重复风机功率扣减量，是否并入最终异常由参数控制
2024-04-26 11:34:00,2024-04-26 11:38:00,5,风机联合连续重复,风机联合连续重复；用于计算重复风机功率扣减量，是否并入最终异常由参数控制
2024-04-26 11:34:00,2024-04-26 11:38:00,5,风机联合连续重复,风机联合连续重复；用于计算重复风机功率扣减量，是否并入最终异常由参数控制
2024-04-26 11:34:00,2024-04-26 11:38:00,5,风机联合连续重复,风机联合连续重复；用于计算重复风机功率扣减量，是否并入最终异常由参数控制
2024-04-26 11:34:00,2024-04-26 11:38:00,5,风机联合连续重复,风机联合连续重复；用于计算重复风机功率扣减量，是否并入最终异常由参数控制
2024-04-26 11:34:00,2024-04-26 11:38:00,5,风机联合连续重复,风机联合连续重复；用于计算重复风机功率扣减量，是否并入最终异常由参数控制
2024-04-26 11:34:00,2024-04-26 11:38:00,5,风机联合连续重复,风机联合连续重复；用于计算重复风机功率扣减量，是否并入最终异常由参数控制
2024-04-26 11:34:00,2024-04-26 11:38:00,5,风机联合连续重复,风机联合连续重复；用于计算重复风机功率扣减量，是否并入最终异常由参数控制
2024-04-26 11:34:00,2024-04-26 11:38:00,5,风机联合连续重复,风机联合连续重复；用于计算重复风机功率扣减量，是否并入最终异常由参数控制
2024-04-26 11:34:00,2024-04-26 11:38:00,5,风机联合连续重复,风机联合连续重复；用于计算重复风机功率扣减量，是否并入最终异常由参数控制
2024-04-26 11:34:00,2024-04-26 11:38:00,5,风机联合连续重复,风机联合连续重复；用于计算重复风机功率扣减量，是否并入最终异常由参数控制
2024-04-26 11:34:00,2024-04-26 11:38:00,5,风机联合连续重复,风机联合连续重复；用于计算重复风机功率扣减量，是否并入最终异常由参数控制
2024-04-26 11:34:00,2024-04-26 11:38:00,5,风机联合连续重复,风机联合连续重复；用于计算重复风机功率扣减量，是否并入最终异常由参数控制
2024-04-26 11:34:00,2024-04-26 11:38:00,5,风机联合连续重复,风机联合连续重复；用于计算重复风机功率扣减量，是否并入最终异常由参数控制
2024-04-26 11:34:00,2024-04-26 11:38:00,5,风机联合连续重复,风机联合连续重复；用于计算重复风机功率扣减量，是否并入最终异常由参数控制
2024-04-26 11:34:00,2024-04-26 11:38:00,5,风机联合连续重复,风机联合连续重复；用于计算重复风机功率扣减量，是否并入最终异常由参数控制
2024-04-26 11:34:00,2024-04-26 11:38:00,5,风机联合连续重复,风机联合连续重复；用于计算重复风机功率扣减量，是否并入最终异常由参数控制
2024-04-26 11:34:00,2024-04-26 11:38:00,5,风机联合连续重复,风机联合连续重复；用于计算重复风机功率扣减量，是否并入最终异常由参数控制
2024-04-26 11:34:00,2024-04-26 11:38:00,5,风机联合连续重复,风机联合连续重复；用于计算重复风机功率扣减量，是否并入最终异常由参数控制
2024-04-26 11:34:00,2024-04-26 11:38:00,5,风机联合连续重复,风机联合连续重复；用于计算重复风机功率扣减量，是否并入最终异常由参数控制
2024-04-26 11:34:00,2024-04-26 11:38:00,5,风机联合连续重复,风机联合连续重复；用于计算重复风机功率扣减量，是否并入最终异常由参数控制
2024-04-26 11:34:00,2024-04-26 11:38:00,5,风机联合连续重复,风机联合连续重复；用于计算重复风机功率扣减量，是否并入最终异常由参数控制
2024-04-26 11:34:00,2024-04-26 11:38:00,5,风机联合连续重复,风机联合连续重复；用于计算重复风机功率扣减量，是否并入最终异常由参数控制
2024-04-26 11:34:00,2024-04-26 11:38:00,5,风机联合连续重复,风机联合连续重复；用于计算重复风机功率扣减量，是否并入最终异常由参数控制
2024-04-26 11:34:00,2024-04-26 11:38:00,5,风机联合连续重复,风机联合连续重复；用于计算重复风机功率扣减量，是否并入最终异常由参数控制
2024-04-26 11:34:00,2024-04-26 11:38:00,5,风机联合连续重复,风机联合连续重复；用于计算重复风机功率扣减量，是否并入最终异常由参数控制
2024-04-26 11:34:00,2024-04-26 11:38:00,5,风机联合连续重复,风机联合连续重复；用于计算重复风机功率扣减量，是否并入最终异常由参数控制
2024-04-26 11:34:00,2024-04-26 11:38:00,5,风机联合连续重复,风机联合连续重复；用于计算重复风机功率扣减量，是否并入最终异常由参数控制
2024-04-26 11:34:00,2024-04-26 11:38:00,5,风机联合连续重复,风机联合连续重复；用于计算重复风机功率扣减量，是否并入最终异常由参数控制
2024-04-26 11:34:00,2024-04-26 11:38:00,5,风机联合连续重复,风机联合连续重复；用于计算重复风机功率扣减量，是否并入最终异常由参数控制
2024-04-26 11:34:00,2024-04-26 11:38:00,5,风机联合连续重复,风机联合连续重复；用于计算重复风机功率扣减量，是否并入最终异常由参数控制
2024-04-26 11:34:00,2024-04-26 11:38:00,5,风机联合连续重复,风机联合连续重复；用于计算重复风机功率扣减量，是否并入最终异常由参数控制
2024-04-26 11:34:00,2024-04-26 11:38:00,5,风机联合连续重复,风机联合连续重复；用于计算重复风机功率扣减量，是否并入最终异常由参数控制
2024-04-26 11:34:00,2024-04-26 11:38:00,5,风机联合连续重复,风机联合连续重复；用于计算重复风机功率扣减量，是否并入最终异常由参数控制
2024-04-26 11:34:00,2024-04-26 11:38:00,5,风机联合连续重复,风机联合连续重复；用于计算重复风机功率扣减量，是否并入最终异常由参数控制
2024-04-26 11:34:00,2024-04-26 11:38:00,5,风机联合连续重复,风机联合连续重复；用于计算重复风机功率扣减量，是否并入最终异常由参数控制
2024-04-26 11:34:00,2024-04-26 11:38:00,5,风机联合连续重复,风机联合连续重复；用于计算重复风机功率扣减量，是否并入最终异常由参数控制
2024-04-26 11:34:00,2024-04-26 11:38:00,5,风机联合连续重复,风机联合连续重复；用于计算重复风机功率扣减量，是否并入最终异常由参数控制
2024-04-26 11:34:00,2024-04-26 11:38:00,5,风机联合连续重复,风机联合连续重复；用于计算重复风机功率扣减量，是否并入最终异常由参数控制
2024-04-26 11:34:00,2024-04-26 11:38:00,5,风机联合连续重复,风机联合连续重复；用于计算重复风机功率扣减量，是否并入最终异常由参数控制
2024-04-26 11:34:00,2024-04-26 11:38:00,5,风机联合连续重复,风机联合连续重复；用于计算重复风机功率扣减量，是否并入最终异常由参数控制
2024-04-26 11:34:00,2024-04-26 11:38:00,5,风机联合连续重复,风机联合连续重复；用于计算重复风机功率扣减量，是否并入最终异常由参数控制
2024-04-26 11:34:00,2024-04-26 11:38:00,5,风机联合连续重复,风机联合连续重复；用于计算重复风机功率扣减量，是否并入最终异常由参数控制
2024-04-26 11:34:00,2024-04-26 11:38:00,5,风机联合连续重复,风机联合连续重复；用于计算重复风机功率扣减量，是否并入最终异常由参数控制
2024-04-26 11:34:00,2024-04-26 11:38:00,5,风机联合连续重复,风机联合连续重复；用于计算重复风机功率扣减量，是否并入最终异常由参数控制
2024-04-26 11:34:00,2024-04-26 11:38:00,5,风机联合连续重复,风机联合连续重复；用于计算重复风机功率扣减量，是否并入最终异常由参数控制
2024-04-26 11:34:00,2024-04-26 11:38:00,5,风机联合连续重复,风机联合连续重复；用于计算重复风机功率扣减量，是否并入最终异常由参数控制
2024-04-26 11:34:00,2024-04-26 11:38:00,5,风机联合连续重复,风机联合连续重复；用于计算重复风机功率扣减量，是否并入最终异常由参数控制
2024-04-26 11:34:00,2024-04-26 11:38:00,5,风机联合连续重复,风机联合连续重复；用于计算重复风机功率扣减量，是否并入最终异常由参数控制
2024-04-26 11:34:00,2024-04-26 11:38:00,5,风机联合连续重复,风机联合连续重复；用于计算重复风机功率扣减量，是否并入最终异常由参数控制
2024-04-26 11:34:00,2024-04-26 11:38:00,5,风机联合连续重复,风机联合连续重复；用于计算重复风机功率扣减量，是否并入最终异常由参数控制
2024-04-26 11:34:00,2024-04-26 11:38:00,5,风机联合连续重复,风机联合连续重复；用于计算重复风机功率扣减量，是否并入最终异常由参数控制
2024-04-26 11:34:00,2024-04-26 11:38:00,5,风机联合连续重复,风机联合连续重复；用于计算重复风机功率扣减量，是否并入最终异常由参数控制
2024-04-26 11:34:00,2024-04-26 11:38:00,5,风机联合连续重复,风机联合连续重复；用于计算重复风机功率扣减量，是否并入最终异常由参数控制
2024-04-26 11:34:00,2024-04-26 11:38:00,5,风机联合连续重复,风机联合连续重复；用于计算重复风机功率扣减量，是否并入最终异常由参数控制
2024-04-26 11:34:00,2024-04-26 11:38:00,5,风机联合连续重复,风机联合连续重复；用于计算重复风机功率扣减量，是否并入最终异常由参数控制
2024-04-26 11:34:00,2024-04-26 11:38:00,5,风机联合连续重复,风机联合连续重复；用于计算重复风机功率扣减量，是否并入最终异常由参数控制
2024-04-26 11:34:00,2024-04-26 11:38:00,5,风机联合连续重复,风机联合连续重复；用于计算重复风机功率扣减量，是否并入最终异常由参数控制
2024-04-26 11:34:00,2024-04-26 11:38:00,5,风机联合连续重复,风机联合连续重复；用于计算重复风机功率扣减量，是否并入最终异常由参数控制
2024-04-26 11:34:00,2024-04-26 11:38:00,5,风机联合连续重复,风机联合连续重复；用于计算重复风机功率扣减量，是否并入最终异常由参数控制
2024-04-26 11:34:00,2024-04-26 11:38:00,5,风机联合连续重复,风机联合连续重复；用于计算重复风机功率扣减量，是否并入最终异常由参数控制
2024-04-26 11:34:00,2024-04-26 11:38:00,5,风机联合连续重复,风机联合连续重复；用于计算重复风机功率扣减量，是否并入最终异常由参数控制
2024-04-26 11:34:00,2024-04-26 11:38:00,5,风机联合连续重复,风机联合连续重复；用于计算重复风机功率扣减量，是否并入最终异常由参数控制
2024-04-26 11:34:00,2024-04-26 11:38:00,5,风机联合连续重复,风机联合连续重复；用于计算重复风机功率扣减量，是否并入最终异常由参数控制
2024-04-26 11:34:00,2024-04-26 11:38:00,5,风机联合连续重复,风机联合连续重复；用于计算重复风机功率扣减量，是否并入最终异常由参数控制
2024-04-26 11:34:00,2024-04-26 11:38:00,5,风机联合连续重复,风机联合连续重复；用于计算重复风机功率扣减量，是否并入最终异常由参数控制
2024-04-26 11:34:00,2024-04-26 11:38:00,5,风机联合连续重复,风机联合连续重复；用于计算重复风机功率扣减量，是否并入最终异常由参数控制
2024-04-26 11:34:00,2024-04-26 11:38:00,5,风机联合连续重复,风机联合连续重复；用于计算重复风机功率扣减量，是否并入最终异常由参数控制
2024-04-26 11:34:00,2024-04-26 11:38:00,5,风机联合连续重复,风机联合连续重复；用于计算重复风机功率扣减量，是否并入最终异常由参数控制
2024-04-26 11:34:00,2024-04-26 11:38:00,5,风机联合连续重复,风机联合连续重复；用于计算重复风机功率扣减量，是否并入最终异常由参数控制
2024-04-26 11:34:00,2024-04-26 11:38:00,5,风机联合连续重复,风机联合连续重复；用于计算重复风机功率扣减量，是否并入最终异常由参数控制
2024-04-26 11:34:00,2024-04-26 11:38:00,5,风机联合连续重复,风机联合连续重复；用于计算重复风机功率扣减量，是否并入最终异常由参数控制
2024-04-26 11:34:00,2024-04-26 11:38:00,5,风机联合连续重复,风机联合连续重复；用于计算重复风机功率扣减量，是否并入最终异常由参数控制
2024-04-26 11:34:00,2024-04-26 11:38:00,5,风机联合连续重复,风机联合连续重复；用于计算重复风机功率扣减量，是否并入最终异常由参数控制
2024-04-26 11:34:00,2024-04-26 11:38:00,5,风机联合连续重复,风机联合连续重复；用于计算重复风机功率扣减量，是否并入最终异常由参数控制
2024-04-26 11:34:00,2024-04-26 11:38:00,5,风机联合连续重复,风机联合连续重复；用于计算重复风机功率扣减量，是否并入最终异常由参数控制
2024-04-26 11:34:00,2024-04-26 11:38:00,5,风机联合连续重复,风机联合连续重复；用于计算重复风机功率扣减量，是否并入最终异常由参数控制
2024-04-26 11:34:00,2024-04-26 11:38:00,5,风机联合连续重复,风机联合连续重复；用于计算重复风机功率扣减量，是否并入最终异常由参数控制
2024-04-26 11:34:00,2024-04-26 11:38:00,5,风机联合连续重复,风机联合连续重复；用于计算重复风机功率扣减量，是否并入最终异常由参数控制
2024-04-26 11:34:00,2024-04-26 11:38:00,5,风机联合连续重复,风机联合连续重复；用于计算重复风机功率扣减量，是否并入最终异常由参数控制
2024-04-26 11:34:00,2024-04-26 11:38:00,5,风机联合连续重复,风机联合连续重复；用于计算重复风机功率扣减量，是否并入最终异常由参数控制
2024-04-26 11:34:00,2024-04-26 11:38:00,5,风机联合连续重复,风机联合连续重复；用于计算重复风机功率扣减量，是否并入最终异常由参数控制
2024-04-26 11:34:00,2024-04-26 11:38:00,5,风机联合连续重复,风机联合连续重复；用于计算重复风机功率扣减量，是否并入最终异常由参数控制
2024-04-26 11:34:00,2024-04-26 11:38:00,5,风机联合连续重复,风机联合连续重复；用于计算重复风机功率扣减量，是否并入最终异常由参数控制
2024-04-26 11:34:00,2024-04-26 11:38:00,5,风机联合连续重复,风机联合连续重复；用于计算重复风机功率扣减量，是否并入最终异常由参数控制
2024-04-26 11:34:00,2024-04-26 11:38:00,5,风机联合连续重复,风机联合连续重复；用于计算重复风机功率扣减量，是否并入最终异常由参数控制
2024-04-26 11:34:00,2024-04-26 11:38:00,5,风机联合连续重复,风机联合连续重复；用于计算重复风机功率扣减量，是否并入最终异常由参数控制
2024-04-26 11:34:00,2024-04-26 11:38:00,5,风机联合连续重复,风机联合连续重复；用于计算重复风机功率扣减量，是否并入最终异常由参数控制
2024-04-26 11:34:00,2024-04-26 11:38:00,5,风机联合连续重复,风机联合连续重复；用于计算重复风机功率扣减量，是否并入最终异常由参数控制
2024-04-26 11:34:00,2024-04-26 11:38:00,5,风机联合连续重复,风机联合连续重复；用于计算重复风机功率扣减量，是否并入最终异常由参数控制
2024-04-26 11:34:00,2024-04-26 11:38:00,5,风机联合连续重复,风机联合连续重复；用于计算重复风机功率扣减量，是否并入最终异常由参数控制
2024-04-26 11:34:00,2024-04-26 11:38:00,5,风机联合连续重复,风机联合连续重复；用于计算重复风机功率扣减量，是否并入最终异常由参数控制
2024-04-26 11:34:00,2024-04-26 11:38:00,5,站端功率连续重复,ACTIVE_POWER_STATION 重复值大于阈值且持续长度大于阈值
2024-05-02 07:00:00,2024-05-02 07:00:00,1,物理超额定,风机功率之和或 ACTIVE_POWER_STATION 超过额定功率上限；明细保留但汇总剔除
2024-05-06 16:46:00,2024-05-06 16:50:00,5,风机联合连续重复,风机联合连续重复；用于计算重复风机功率扣减量，是否并入最终异常由参数控制
2024-05-06 16:46:00,2024-05-06 16:50:00,5,风机联合连续重复,风机联合连续重复；用于计算重复风机功率扣减量，是否并入最终异常由参数控制
2024-05-06 16:46:00,2024-05-06 16:50:00,5,风机联合连续重复,风机联合连续重复；用于计算重复风机功率扣减量，是否并入最终异常由参数控制
2024-05-06 16:46:00,2024-05-06 16:50:00,5,风机联合连续重复,风机联合连续重复；用于计算重复风机功率扣减量，是否并入最终异常由参数控制
2024-05-06 16:46:00,2024-05-06 16:50:00,5,风机联合连续重复,风机联合连续重复；用于计算重复风机功率扣减量，是否并入最终异常由参数控制
2024-05-06 16:46:00,2024-05-06 16:50:00,5,风机联合连续重复,风机联合连续重复；用于计算重复风机功率扣减量，是否并入最终异常由参数控制
2024-05-06 16:46:00,2024-05-06 16:50:00,5,风机联合连续重复,风机联合连续重复；用于计算重复风机功率扣减量，是否并入最终异常由参数控制
2024-05-06 16:46:00,2024-05-06 16:50:00,5,风机联合连续重复,风机联合连续重复；用于计算重复风机功率扣减量，是否并入最终异常由参数控制
2024-05-06 16:46:00,2024-05-06 16:50:00,5,风机联合连续重复,风机联合连续重复；用于计算重复风机功率扣减量，是否并入最终异常由参数控制
2024-05-06 16:46:00,2024-05-06 16:50:00,5,风机联合连续重复,风机联合连续重复；用于计算重复风机功率扣减量，是否并入最终异常由参数控制
2024-05-06 16:46:00,2024-05-06 16:50:00,5,风机联合连续重复,风机联合连续重复；用于计算重复风机功率扣减量，是否并入最终异常由参数控制
2024-05-06 16:46:00,2024-05-06 16:50:00,5,风机联合连续重复,风机联合连续重复；用于计算重复风机功率扣减量，是否并入最终异常由参数控制
2024-05-06 16:46:00,2024-05-06 16:50:00,5,风机联合连续重复,风机联合连续重复；用于计算重复风机功率扣减量，是否并入最终异常由参数控制
2024-05-06 16:46:00,2024-05-06 16:50:00,5,风机联合连续重复,风机联合连续重复；用于计算重复风机功率扣减量，是否并入最终异常由参数控制
2024-05-06 16:46:00,2024-05-06 16:50:00,5,风机联合连续重复,风机联合连续重复；用于计算重复风机功率扣减量，是否并入最终异常由参数控制
2024-05-06 16:46:00,2024-05-06 16:50:00,5,风机联合连续重复,风机联合连续重复；用于计算重复风机功率扣减量，是否并入最终异常由参数控制
2024-05-06 16:46:00,2024-05-06 16:50:00,5,风机联合连续重复,风机联合连续重复；用于计算重复风机功率扣减量，是否并入最终异常由参数控制
2024-05-06 16:46:00,2024-05-06 16:50:00,5,风机联合连续重复,风机联合连续重复；用于计算重复风机功率扣减量，是否并入最终异常由参数控制
2024-05-06 16:46:00,2024-05-06 16:50:00,5,风机联合连续重复,风机联合连续重复；用于计算重复风机功率扣减量，是否并入最终异常由参数控制
2024-05-06 16:46:00,2024-05-06 16:50:00,5,风机联合连续重复,风机联合连续重复；用于计算重复风机功率扣减量，是否并入最终异常由参数控制
2024-05-06 16:46:00,2024-05-06 16:50:00,5,风机联合连续重复,风机联合连续重复；用于计算重复风机功率扣减量，是否并入最终异常由参数控制
2024-05-06 16:46:00,2024-05-06 16:50:00,5,风机联合连续重复,风机联合连续重复；用于计算重复风机功率扣减量，是否并入最终异常由参数控制
2024-05-06 16:46:00,2024-05-06 16:50:00,5,风机联合连续重复,风机联合连续重复；用于计算重复风机功率扣减量，是否并入最终异常由参数控制
2024-05-06 16:46:00,2024-05-06 16:50:00,5,风机联合连续重复,风机联合连续重复；用于计算重复风机功率扣减量，是否并入最终异常由参数控制
2024-05-06 16:46:00,2024-05-06 16:50:00,5,风机联合连续重复,风机联合连续重复；用于计算重复风机功率扣减量，是否并入最终异常由参数控制
2024-05-06 16:46:00,2024-05-06 16:50:00,5,风机联合连续重复,风机联合连续重复；用于计算重复风机功率扣减量，是否并入最终异常由参数控制
2024-05-06 16:46:00,2024-05-06 16:50:00,5,风机联合连续重复,风机联合连续重复；用于计算重复风机功率扣减量，是否并入最终异常由参数控制
2024-05-06 16:46:00,2024-05-06 16:50:00,5,风机联合连续重复,风机联合连续重复；用于计算重复风机功率扣减量，是否并入最终异常由参数控制
2024-05-06 16:46:00,2024-05-06 16:50:00,5,风机联合连续重复,风机联合连续重复；用于计算重复风机功率扣减量，是否并入最终异常由参数控制
2024-05-06 16:46:00,2024-05-06 16:50:00,5,风机联合连续重复,风机联合连续重复；用于计算重复风机功率扣减量，是否并入最终异常由参数控制
2024-05-06 16:46:00,2024-05-06 16:50:00,5,风机联合连续重复,风机联合连续重复；用于计算重复风机功率扣减量，是否并入最终异常由参数控制
2024-05-06 16:46:00,2024-05-06 16:50:00,5,风机联合连续重复,风机联合连续重复；用于计算重复风机功率扣减量，是否并入最终异常由参数控制
2024-05-06 16:46:00,2024-05-06 16:50:00,5,风机联合连续重复,风机联合连续重复；用于计算重复风机功率扣减量，是否并入最终异常由参数控制
2024-05-06 16:46:00,2024-05-06 16:50:00,5,风机联合连续重复,风机联合连续重复；用于计算重复风机功率扣减量，是否并入最终异常由参数控制
2024-05-06 16:46:00,2024-05-06 16:50:00,5,风机联合连续重复,风机联合连续重复；用于计算重复风机功率扣减量，是否并入最终异常由参数控制
2024-05-06 16:46:00,2024-05-06 16:50:00,5,风机联合连续重复,风机联合连续重复；用于计算重复风机功率扣减量，是否并入最终异常由参数控制
2024-05-06 16:46:00,2024-05-06 16:50:00,5,风机联合连续重复,风机联合连续重复；用于计算重复风机功率扣减量，是否并入最终异常由参数控制
2024-05-06 16:46:00,2024-05-06 16:50:00,5,风机联合连续重复,风机联合连续重复；用于计算重复风机功率扣减量，是否并入最终异常由参数控制
2024-05-06 16:46:00,2024-05-06 16:50:00,5,风机联合连续重复,风机联合连续重复；用于计算重复风机功率扣减量，是否并入最终异常由参数控制
2024-05-06 16:46:00,2024-05-06 16:50:00,5,风机联合连续重复,风机联合连续重复；用于计算重复风机功率扣减量，是否并入最终异常由参数控制
2024-05-06 16:46:00,2024-05-06 16:50:00,5,风机联合连续重复,风机联合连续重复；用于计算重复风机功率扣减量，是否并入最终异常由参数控制
2024-05-06 16:46:00,2024-05-06 16:50:00,5,风机联合连续重复,风机联合连续重复；用于计算重复风机功率扣减量，是否并入最终异常由参数控制
2024-05-06 16:46:00,2024-05-06 16:50:00,5,风机联合连续重复,风机联合连续重复；用于计算重复风机功率扣减量，是否并入最终异常由参数控制
2024-05-06 16:46:00,2024-05-06 16:50:00,5,风机联合连续重复,风机联合连续重复；用于计算重复风机功率扣减量，是否并入最终异常由参数控制
2024-05-06 16:46:00,2024-05-06 16:50:00,5,风机联合连续重复,风机联合连续重复；用于计算重复风机功率扣减量，是否并入最终异常由参数控制
2024-05-06 16:46:00,2024-05-06 16:50:00,5,风机联合连续重复,风机联合连续重复；用于计算重复风机功率扣减量，是否并入最终异常由参数控制
2024-05-06 16:46:00,2024-05-06 16:50:00,5,风机联合连续重复,风机联合连续重复；用于计算重复风机功率扣减量，是否并入最终异常由参数控制
2024-05-06 16:46:00,2024-05-06 16:50:00,5,风机联合连续重复,风机联合连续重复；用于计算重复风机功率扣减量，是否并入最终异常由参数控制
2024-05-06 16:46:00,2024-05-06 16:50:00,5,风机联合连续重复,风机联合连续重复；用于计算重复风机功率扣减量，是否并入最终异常由参数控制
2024-05-06 16:46:00,2024-05-06 16:50:00,5,风机联合连续重复,风机联合连续重复；用于计算重复风机功率扣减量，是否并入最终异常由参数控制
2024-05-06 16:46:00,2024-05-06 16:50:00,5,风机联合连续重复,风机联合连续重复；用于计算重复风机功率扣减量，是否并入最终异常由参数控制
2024-05-06 16:46:00,2024-05-06 16:50:00,5,风机联合连续重复,风机联合连续重复；用于计算重复风机功率扣减量，是否并入最终异常由参数控制
2024-05-06 16:46:00,2024-05-06 16:50:00,5,风机联合连续重复,风机联合连续重复；用于计算重复风机功率扣减量，是否并入最终异常由参数控制
2024-05-06 16:46:00,2024-05-06 16:50:00,5,风机联合连续重复,风机联合连续重复；用于计算重复风机功率扣减量，是否并入最终异常由参数控制
2024-05-06 16:46:00,2024-05-06 16:50:00,5,风机联合连续重复,风机联合连续重复；用于计算重复风机功率扣减量，是否并入最终异常由参数控制
2024-05-06 16:46:00,2024-05-06 16:50:00,5,风机联合连续重复,风机联合连续重复；用于计算重复风机功率扣减量，是否并入最终异常由参数控制
2024-05-06 16:46:00,2024-05-06 16:50:00,5,风机联合连续重复,风机联合连续重复；用于计算重复风机功率扣减量，是否并入最终异常由参数控制
2024-05-06 16:46:00,2024-05-06 16:50:00,5,风机联合连续重复,风机联合连续重复；用于计算重复风机功率扣减量，是否并入最终异常由参数控制
2024-05-06 16:46:00,2024-05-06 16:50:00,5,风机联合连续重复,风机联合连续重复；用于计算重复风机功率扣减量，是否并入最终异常由参数控制
2024-05-06 16:46:00,2024-05-06 16:50:00,5,风机联合连续重复,风机联合连续重复；用于计算重复风机功率扣减量，是否并入最终异常由参数控制
2024-05-06 16:46:00,2024-05-06 16:50:00,5,风机联合连续重复,风机联合连续重复；用于计算重复风机功率扣减量，是否并入最终异常由参数控制
2024-05-06 16:46:00,2024-05-06 16:50:00,5,风机联合连续重复,风机联合连续重复；用于计算重复风机功率扣减量，是否并入最终异常由参数控制
2024-05-06 16:46:00,2024-05-06 16:50:00,5,风机联合连续重复,风机联合连续重复；用于计算重复风机功率扣减量，是否并入最终异常由参数控制
2024-05-06 16:46:00,2024-05-06 16:50:00,5,风机联合连续重复,风机联合连续重复；用于计算重复风机功率扣减量，是否并入最终异常由参数控制
2024-05-06 16:46:00,2024-05-06 16:50:00,5,风机联合连续重复,风机联合连续重复；用于计算重复风机功率扣减量，是否并入最终异常由参数控制
2024-05-06 16:46:00,2024-05-06 16:50:00,5,风机联合连续重复,风机联合连续重复；用于计算重复风机功率扣减量，是否并入最终异常由参数控制
2024-05-06 16:46:00,2024-05-06 16:50:00,5,风机联合连续重复,风机联合连续重复；用于计算重复风机功率扣减量，是否并入最终异常由参数控制
2024-05-06 16:46:00,2024-05-06 16:50:00,5,风机联合连续重复,风机联合连续重复；用于计算重复风机功率扣减量，是否并入最终异常由参数控制
2024-05-06 16:46:00,2024-05-06 16:50:00,5,风机联合连续重复,风机联合连续重复；用于计算重复风机功率扣减量，是否并入最终异常由参数控制
2024-05-06 16:46:00,2024-05-06 16:50:00,5,风机联合连续重复,风机联合连续重复；用于计算重复风机功率扣减量，是否并入最终异常由参数控制
2024-05-06 16:46:00,2024-05-06 16:50:00,5,风机联合连续重复,风机联合连续重复；用于计算重复风机功率扣减量，是否并入最终异常由参数控制
2024-05-06 16:46:00,2024-05-06 16:50:00,5,风机联合连续重复,风机联合连续重复；用于计算重复风机功率扣减量，是否并入最终异常由参数控制
2024-05-06 16:46:00,2024-05-06 16:50:00,5,风机联合连续重复,风机联合连续重复；用于计算重复风机功率扣减量，是否并入最终异常由参数控制
2024-05-06 16:46:00,2024-05-06 16:50:00,5,风机联合连续重复,风机联合连续重复；用于计算重复风机功率扣减量，是否并入最终异常由参数控制
2024-05-06 16:46:00,2024-05-06 16:50:00,5,风机联合连续重复,风机联合连续重复；用于计算重复风机功率扣减量，是否并入最终异常由参数控制
2024-05-06 16:46:00,2024-05-06 16:50:00,5,风机联合连续重复,风机联合连续重复；用于计算重复风机功率扣减量，是否并入最终异常由参数控制
2024-05-06 16:46:00,2024-05-06 16:50:00,5,风机联合连续重复,风机联合连续重复；用于计算重复风机功率扣减量，是否并入最终异常由参数控制
2024-05-06 16:46:00,2024-05-06 16:50:00,5,风机联合连续重复,风机联合连续重复；用于计算重复风机功率扣减量，是否并入最终异常由参数控制
2024-05-06 16:46:00,2024-05-06 16:50:00,5,风机联合连续重复,风机联合连续重复；用于计算重复风机功率扣减量，是否并入最终异常由参数控制
2024-05-06 16:46:00,2024-05-06 16:50:00,5,风机联合连续重复,风机联合连续重复；用于计算重复风机功率扣减量，是否并入最终异常由参数控制
2024-05-06 16:46:00,2024-05-06 16:50:00,5,风机联合连续重复,风机联合连续重复；用于计算重复风机功率扣减量，是否并入最终异常由参数控制
2024-05-06 16:46:00,2024-05-06 16:50:00,5,风机联合连续重复,风机联合连续重复；用于计算重复风机功率扣减量，是否并入最终异常由参数控制
2024-05-06 16:46:00,2024-05-06 16:50:00,5,风机联合连续重复,风机联合连续重复；用于计算重复风机功率扣减量，是否并入最终异常由参数控制
2024-05-06 16:46:00,2024-05-06 16:50:00,5,风机联合连续重复,风机联合连续重复；用于计算重复风机功率扣减量，是否并入最终异常由参数控制
2024-05-06 16:46:00,2024-05-06 16:50:00,5,风机联合连续重复,风机联合连续重复；用于计算重复风机功率扣减量，是否并入最终异常由参数控制
2024-05-06 16:46:00,2024-05-06 16:50:00,5,风机联合连续重复,风机联合连续重复；用于计算重复风机功率扣减量，是否并入最终异常由参数控制
2024-05-06 16:46:00,2024-05-06 16:50:00,5,风机联合连续重复,风机联合连续重复；用于计算重复风机功率扣减量，是否并入最终异常由参数控制
2024-05-06 16:46:00,2024-05-06 16:50:00,5,风机联合连续重复,风机联合连续重复；用于计算重复风机功率扣减量，是否并入最终异常由参数控制
2024-05-06 16:46:00,2024-05-06 16:50:00,5,风机联合连续重复,风机联合连续重复；用于计算重复风机功率扣减量，是否并入最终异常由参数控制
2024-05-06 16:46:00,2024-05-06 16:50:00,5,风机联合连续重复,风机联合连续重复；用于计算重复风机功率扣减量，是否并入最终异常由参数控制
2024-05-06 16:46:00,2024-05-06 16:50:00,5,风机联合连续重复,风机联合连续重复；用于计算重复风机功率扣减量，是否并入最终异常由参数控制
2024-05-06 16:46:00,2024-05-06 16:50:00,5,风机联合连续重复,风机联合连续重复；用于计算重复风机功率扣减量，是否并入最终异常由参数控制
2024-05-06 16:46:00,2024-05-06 16:50:00,5,站端功率连续重复,ACTIVE_POWER_STATION 重复值大于阈值且持续长度大于阈值
2024-05-07 15:25:00,2024-05-07 15:28:00,4,风机联合连续重复,风机联合连续重复；用于计算重复风机功率扣减量，是否并入最终异常由参数控制
2024-05-07 15:25:00,2024-05-07 15:28:00,4,风机联合连续重复,风机联合连续重复；用于计算重复风机功率扣减量，是否并入最终异常由参数控制
2024-05-07 15:25:00,2024-05-07 15:28:00,4,风机联合连续重复,风机联合连续重复；用于计算重复风机功率扣减量，是否并入最终异常由参数控制
2024-05-07 15:25:00,2024-05-07 15:28:00,4,风机联合连续重复,风机联合连续重复；用于计算重复风机功率扣减量，是否并入最终异常由参数控制
2024-05-07 15:25:00,2024-05-07 15:28:00,4,风机联合连续重复,风机联合连续重复；用于计算重复风机功率扣减量，是否并入最终异常由参数控制
2024-05-10 13:29:00,2024-05-10 13:32:00,4,站端功率连续重复,ACTIVE_POWER_STATION 重复值大于阈值且持续长度大于阈值
2024-05-10 13:47:00,2024-05-10 13:50:00,4,站端功率连续重复,ACTIVE_POWER_STATION 重复值大于阈值且持续长度大于阈值
2024-05-10 14:17:00,2024-05-10 14:20:00,4,站端功率连续重复,ACTIVE_POWER_STATION 重复值大于阈值且持续长度大于阈值
2024-05-10 15:53:00,2024-05-10 15:56:00,4,站端功率连续重复,ACTIVE_POWER_STATION 重复值大于阈值且持续长度大于阈值
2024-05-11 02:11:00,2024-05-11 02:16:00,6,站端功率连续重复,ACTIVE_POWER_STATION 重复值大于阈值且持续长度大于阈值
2024-05-16 20:56:00,2024-05-16 21:01:00,6,站端功率连续重复,ACTIVE_POWER_STATION 重复值大于阈值且持续长度大于阈值
2024-05-16 21:56:00,2024-05-16 22:01:00,6,站端功率连续重复,ACTIVE_POWER_STATION 重复值大于阈值且持续长度大于阈值
2024-05-16 22:08:00,2024-05-16 22:11:00,4,站端功率连续重复,ACTIVE_POWER_STATION 重复值大于阈值且持续长度大于阈值
2024-05-16 23:56:00,2024-05-16 23:59:00,4,站端功率连续重复,ACTIVE_POWER_STATION 重复值大于阈值且持续长度大于阈值
2024-05-17 01:08:00,2024-05-17 01:12:00,5,站端功率连续重复,ACTIVE_POWER_STATION 重复值大于阈值且持续长度大于阈值
2024-05-17 21:59:00,2024-05-17 22:02:00,4,站端功率连续重复,ACTIVE_POWER_STATION 重复值大于阈值且持续长度大于阈值
2024-05-17 23:39:00,2024-05-17 23:43:00,5,站端功率连续重复,ACTIVE_POWER_STATION 重复值大于阈值且持续长度大于阈值
2024-05-18 00:53:00,2024-05-18 00:56:00,4,站端功率连续重复,ACTIVE_POWER_STATION 重复值大于阈值且持续长度大于阈值
2024-05-18 11:27:00,2024-05-18 11:31:00,5,站端功率连续重复,ACTIVE_POWER_STATION 重复值大于阈值且持续长度大于阈值
2024-05-18 12:17:00,2024-05-18 12:20:00,4,站端功率连续重复,ACTIVE_POWER_STATION 重复值大于阈值且持续长度大于阈值
2024-05-18 12:21:00,2024-05-18 12:24:00,4,站端功率连续重复,ACTIVE_POWER_STATION 重复值大于阈值且持续长度大于阈值
2024-05-18 12:39:00,2024-05-18 12:42:00,4,站端功率连续重复,ACTIVE_POWER_STATION 重复值大于阈值且持续长度大于阈值
2024-05-18 12:51:00,2024-05-18 12:54:00,4,站端功率连续重复,ACTIVE_POWER_STATION 重复值大于阈值且持续长度大于阈值
2024-05-18 13:11:00,2024-05-18 13:14:00,4,站端功率连续重复,ACTIVE_POWER_STATION 重复值大于阈值且持续长度大于阈值
2024-06-09 06:04:00,2024-06-09 13:17:00,434,风机联合连续重复,风机联合连续重复；用于计算重复风机功率扣减量，是否并入最终异常由参数控制
2024-06-12 17:20:00,2024-06-12 18:43:00,84,风机联合连续重复,风机联合连续重复；用于计算重复风机功率扣减量，是否并入最终异常由参数控制
2024-06-19 09:44:00,2024-06-19 09:47:00,4,站端功率连续重复,ACTIVE_POWER_STATION 重复值大于阈值且持续长度大于阈值
2024-06-22 05:20:00,2024-06-22 05:25:00,6,站端功率连续重复,ACTIVE_POWER_STATION 重复值大于阈值且持续长度大于阈值
2024-06-22 05:26:00,2024-06-22 05:31:00,6,站端功率连续重复,ACTIVE_POWER_STATION 重复值大于阈值且持续长度大于阈值
2024-06-22 05:39:00,2024-06-22 05:42:00,4,站端功率连续重复,ACTIVE_POWER_STATION 重复值大于阈值且持续长度大于阈值
2024-06-22 09:50:00,2024-06-22 09:54:00,5,站端功率连续重复,ACTIVE_POWER_STATION 重复值大于阈值且持续长度大于阈值
2024-06-23 17:16:00,2024-06-23 17:19:00,4,站端功率连续重复,ACTIVE_POWER_STATION 重复值大于阈值且持续长度大于阈值
2024-06-26 11:25:00,2024-06-26 11:32:00,8,风机联合连续重复,风机联合连续重复；用于计算重复风机功率扣减量，是否并入最终异常由参数控制
2024-06-26 11:25:00,2024-06-26 11:32:00,8,风机联合连续重复,风机联合连续重复；用于计算重复风机功率扣减量，是否并入最终异常由参数控制
2024-06-26 11:25:00,2024-06-26 11:32:00,8,风机联合连续重复,风机联合连续重复；用于计算重复风机功率扣减量，是否并入最终异常由参数控制
2024-06-26 11:25:00,2024-06-26 11:32:00,8,风机联合连续重复,风机联合连续重复；用于计算重复风机功率扣减量，是否并入最终异常由参数控制
2024-06-26 11:25:00,2024-06-26 11:32:00,8,风机联合连续重复,风机联合连续重复；用于计算重复风机功率扣减量，是否并入最终异常由参数控制
2024-06-26 11:25:00,2024-06-26 11:32:00,8,风机联合连续重复,风机联合连续重复；用于计算重复风机功率扣减量，是否并入最终异常由参数控制
2024-06-26 11:25:00,2024-06-26 11:32:00,8,风机联合连续重复,风机联合连续重复；用于计算重复风机功率扣减量，是否并入最终异常由参数控制
2024-06-26 11:25:00,2024-06-26 11:32:00,8,风机联合连续重复,风机联合连续重复；用于计算重复风机功率扣减量，是否并入最终异常由参数控制
2024-06-26 11:25:00,2024-06-26 11:32:00,8,风机联合连续重复,风机联合连续重复；用于计算重复风机功率扣减量，是否并入最终异常由参数控制
2024-06-26 11:25:00,2024-06-26 11:32:00,8,风机联合连续重复,风机联合连续重复；用于计算重复风机功率扣减量，是否并入最终异常由参数控制
2024-06-26 11:25:00,2024-06-26 11:32:00,8,风机联合连续重复,风机联合连续重复；用于计算重复风机功率扣减量，是否并入最终异常由参数控制
2024-06-26 11:25:00,2024-06-26 11:32:00,8,风机联合连续重复,风机联合连续重复；用于计算重复风机功率扣减量，是否并入最终异常由参数控制
2024-06-26 11:25:00,2024-06-26 11:32:00,8,风机联合连续重复,风机联合连续重复；用于计算重复风机功率扣减量，是否并入最终异常由参数控制
2024-06-26 11:25:00,2024-06-26 11:32:00,8,风机联合连续重复,风机联合连续重复；用于计算重复风机功率扣减量，是否并入最终异常由参数控制
2024-06-26 11:25:00,2024-06-26 11:32:00,8,风机联合连续重复,风机联合连续重复；用于计算重复风机功率扣减量，是否并入最终异常由参数控制
2024-06-26 11:25:00,2024-06-26 11:32:00,8,风机联合连续重复,风机联合连续重复；用于计算重复风机功率扣减量，是否并入最终异常由参数控制
2024-07-01 10:57:00,2024-07-03 18:30:00,3334,风机联合连续重复,风机联合连续重复；用于计算重复风机功率扣减量，是否并入最终异常由参数控制
2024-07-01 11:24:00,2024-07-01 12:43:00,80,风机联合连续重复,风机联合连续重复；用于计算重复风机功率扣减量，是否并入最终异常由参数控制
2024-07-01 11:24:00,2024-07-01 12:43:00,80,风机联合连续重复,风机联合连续重复；用于计算重复风机功率扣减量，是否并入最终异常由参数控制
2024-07-01 11:24:00,2024-07-01 12:43:00,80,风机联合连续重复,风机联合连续重复；用于计算重复风机功率扣减量，是否并入最终异常由参数控制
2024-07-01 11:24:00,2024-07-01 12:43:00,80,风机联合连续重复,风机联合连续重复；用于计算重复风机功率扣减量，是否并入最终异常由参数控制
2024-07-01 11:24:00,2024-07-01 12:43:00,80,风机联合连续重复,风机联合连续重复；用于计算重复风机功率扣减量，是否并入最终异常由参数控制
2024-07-01 11:24:00,2024-07-01 12:43:00,80,风机联合连续重复,风机联合连续重复；用于计算重复风机功率扣减量，是否并入最终异常由参数控制
2024-07-01 11:24:00,2024-07-01 12:43:00,80,风机联合连续重复,风机联合连续重复；用于计算重复风机功率扣减量，是否并入最终异常由参数控制
2024-07-01 11:24:00,2024-07-01 12:43:00,80,风机联合连续重复,风机联合连续重复；用于计算重复风机功率扣减量，是否并入最终异常由参数控制
2024-07-01 11:24:00,2024-07-01 12:43:00,80,风机联合连续重复,风机联合连续重复；用于计算重复风机功率扣减量，是否并入最终异常由参数控制
2024-07-01 11:24:00,2024-07-01 12:43:00,80,风机联合连续重复,风机联合连续重复；用于计算重复风机功率扣减量，是否并入最终异常由参数控制
2024-07-01 11:24:00,2024-07-01 12:43:00,80,风机联合连续重复,风机联合连续重复；用于计算重复风机功率扣减量，是否并入最终异常由参数控制
2024-07-01 11:24:00,2024-07-01 12:43:00,80,风机联合连续重复,风机联合连续重复；用于计算重复风机功率扣减量，是否并入最终异常由参数控制
2024-07-01 11:24:00,2024-07-01 12:43:00,80,风机联合连续重复,风机联合连续重复；用于计算重复风机功率扣减量，是否并入最终异常由参数控制
2024-07-01 11:24:00,2024-07-01 12:43:00,80,风机联合连续重复,风机联合连续重复；用于计算重复风机功率扣减量，是否并入最终异常由参数控制
2024-07-01 11:24:00,2024-07-01 12:43:00,80,风机联合连续重复,风机联合连续重复；用于计算重复风机功率扣减量，是否并入最终异常由参数控制
2024-07-01 11:24:00,2024-07-01 12:43:00,80,风机联合连续重复,风机联合连续重复；用于计算重复风机功率扣减量，是否并入最终异常由参数控制
2024-07-01 11:24:00,2024-07-01 12:43:00,80,风机联合连续重复,风机联合连续重复；用于计算重复风机功率扣减量，是否并入最终异常由参数控制
2024-07-01 11:24:00,2024-07-01 12:43:00,80,风机联合连续重复,风机联合连续重复；用于计算重复风机功率扣减量，是否并入最终异常由参数控制
2024-07-01 11:24:00,2024-07-01 12:43:00,80,风机联合连续重复,风机联合连续重复；用于计算重复风机功率扣减量，是否并入最终异常由参数控制
2024-07-01 11:24:00,2024-07-01 12:43:00,80,风机联合连续重复,风机联合连续重复；用于计算重复风机功率扣减量，是否并入最终异常由参数控制
2024-07-01 11:24:00,2024-07-01 12:43:00,80,风机联合连续重复,风机联合连续重复；用于计算重复风机功率扣减量，是否并入最终异常由参数控制
2024-07-01 11:24:00,2024-07-01 12:43:00,80,风机联合连续重复,风机联合连续重复；用于计算重复风机功率扣减量，是否并入最终异常由参数控制
2024-07-01 11:24:00,2024-07-01 12:43:00,80,风机联合连续重复,风机联合连续重复；用于计算重复风机功率扣减量，是否并入最终异常由参数控制
2024-07-01 11:24:00,2024-07-01 12:43:00,80,风机联合连续重复,风机联合连续重复；用于计算重复风机功率扣减量，是否并入最终异常由参数控制
2024-07-01 11:24:00,2024-07-01 12:43:00,80,风机联合连续重复,风机联合连续重复；用于计算重复风机功率扣减量，是否并入最终异常由参数控制
2024-07-01 11:24:00,2024-07-01 12:43:00,80,风机联合连续重复,风机联合连续重复；用于计算重复风机功率扣减量，是否并入最终异常由参数控制
2024-07-01 11:24:00,2024-07-01 12:43:00,80,风机联合连续重复,风机联合连续重复；用于计算重复风机功率扣减量，是否并入最终异常由参数控制
2024-07-01 11:24:00,2024-07-01 12:43:00,80,风机联合连续重复,风机联合连续重复；用于计算重复风机功率扣减量，是否并入最终异常由参数控制
2024-07-01 11:24:00,2024-07-01 12:43:00,80,风机联合连续重复,风机联合连续重复；用于计算重复风机功率扣减量，是否并入最终异常由参数控制
2024-07-01 11:24:00,2024-07-01 12:43:00,80,风机联合连续重复,风机联合连续重复；用于计算重复风机功率扣减量，是否并入最终异常由参数控制
2024-07-01 11:24:00,2024-07-01 12:43:00,80,风机联合连续重复,风机联合连续重复；用于计算重复风机功率扣减量，是否并入最终异常由参数控制
2024-07-01 11:24:00,2024-07-01 12:43:00,80,风机联合连续重复,风机联合连续重复；用于计算重复风机功率扣减量，是否并入最终异常由参数控制
2024-07-01 11:24:00,2024-07-01 12:43:00,80,风机联合连续重复,风机联合连续重复；用于计算重复风机功率扣减量，是否并入最终异常由参数控制
2024-07-01 11:24:00,2024-07-01 12:43:00,80,风机联合连续重复,风机联合连续重复；用于计算重复风机功率扣减量，是否并入最终异常由参数控制
2024-07-01 11:24:00,2024-07-01 12:43:00,80,风机联合连续重复,风机联合连续重复；用于计算重复风机功率扣减量，是否并入最终异常由参数控制
2024-07-01 11:24:00,2024-07-01 12:43:00,80,风机联合连续重复,风机联合连续重复；用于计算重复风机功率扣减量，是否并入最终异常由参数控制
2024-07-01 11:24:00,2024-07-01 12:43:00,80,风机联合连续重复,风机联合连续重复；用于计算重复风机功率扣减量，是否并入最终异常由参数控制
2024-07-01 11:24:00,2024-07-01 12:43:00,80,风机联合连续重复,风机联合连续重复；用于计算重复风机功率扣减量，是否并入最终异常由参数控制
2024-07-01 11:24:00,2024-07-01 12:43:00,80,风机联合连续重复,风机联合连续重复；用于计算重复风机功率扣减量，是否并入最终异常由参数控制
2024-07-01 11:24:00,2024-07-01 12:43:00,80,风机联合连续重复,风机联合连续重复；用于计算重复风机功率扣减量，是否并入最终异常由参数控制
2024-07-01 11:24:00,2024-07-01 12:43:00,80,风机联合连续重复,风机联合连续重复；用于计算重复风机功率扣减量，是否并入最终异常由参数控制
2024-07-01 11:24:00,2024-07-01 12:43:00,80,风机联合连续重复,风机联合连续重复；用于计算重复风机功率扣减量，是否并入最终异常由参数控制
2024-07-01 11:24:00,2024-07-01 12:43:00,80,风机联合连续重复,风机联合连续重复；用于计算重复风机功率扣减量，是否并入最终异常由参数控制
2024-07-01 11:24:00,2024-07-01 12:43:00,80,风机联合连续重复,风机联合连续重复；用于计算重复风机功率扣减量，是否并入最终异常由参数控制
2024-07-01 11:24:00,2024-07-01 12:43:00,80,风机联合连续重复,风机联合连续重复；用于计算重复风机功率扣减量，是否并入最终异常由参数控制
2024-07-01 11:24:00,2024-07-01 12:43:00,80,风机联合连续重复,风机联合连续重复；用于计算重复风机功率扣减量，是否并入最终异常由参数控制
2024-07-01 11:24:00,2024-07-01 12:43:00,80,风机联合连续重复,风机联合连续重复；用于计算重复风机功率扣减量，是否并入最终异常由参数控制
2024-07-01 11:24:00,2024-07-01 12:43:00,80,风机联合连续重复,风机联合连续重复；用于计算重复风机功率扣减量，是否并入最终异常由参数控制
2024-07-01 11:24:00,2024-07-01 12:43:00,80,风机联合连续重复,风机联合连续重复；用于计算重复风机功率扣减量，是否并入最终异常由参数控制
2024-07-01 11:24:00,2024-07-01 12:43:00,80,风机联合连续重复,风机联合连续重复；用于计算重复风机功率扣减量，是否并入最终异常由参数控制
2024-07-01 11:24:00,2024-07-01 12:43:00,80,风机联合连续重复,风机联合连续重复；用于计算重复风机功率扣减量，是否并入最终异常由参数控制
2024-07-01 11:24:00,2024-07-01 12:43:00,80,风机联合连续重复,风机联合连续重复；用于计算重复风机功率扣减量，是否并入最终异常由参数控制
2024-07-01 11:24:00,2024-07-01 12:43:00,80,风机联合连续重复,风机联合连续重复；用于计算重复风机功率扣减量，是否并入最终异常由参数控制
2024-07-01 11:24:00,2024-07-01 12:43:00,80,风机联合连续重复,风机联合连续重复；用于计算重复风机功率扣减量，是否并入最终异常由参数控制
2024-07-01 11:24:00,2024-07-01 12:43:00,80,风机联合连续重复,风机联合连续重复；用于计算重复风机功率扣减量，是否并入最终异常由参数控制
2024-07-01 11:24:00,2024-07-01 12:43:00,80,风机联合连续重复,风机联合连续重复；用于计算重复风机功率扣减量，是否并入最终异常由参数控制
2024-07-01 11:24:00,2024-07-01 12:43:00,80,风机联合连续重复,风机联合连续重复；用于计算重复风机功率扣减量，是否并入最终异常由参数控制
2024-07-01 11:24:00,2024-07-01 12:43:00,80,风机联合连续重复,风机联合连续重复；用于计算重复风机功率扣减量，是否并入最终异常由参数控制
2024-07-01 11:24:00,2024-07-01 12:43:00,80,风机联合连续重复,风机联合连续重复；用于计算重复风机功率扣减量，是否并入最终异常由参数控制
2024-07-01 11:24:00,2024-07-01 12:43:00,80,风机联合连续重复,风机联合连续重复；用于计算重复风机功率扣减量，是否并入最终异常由参数控制
2024-07-01 11:24:00,2024-07-01 12:43:00,80,风机联合连续重复,风机联合连续重复；用于计算重复风机功率扣减量，是否并入最终异常由参数控制
2024-07-01 11:24:00,2024-07-01 12:43:00,80,风机联合连续重复,风机联合连续重复；用于计算重复风机功率扣减量，是否并入最终异常由参数控制
2024-07-01 11:24:00,2024-07-01 12:43:00,80,风机联合连续重复,风机联合连续重复；用于计算重复风机功率扣减量，是否并入最终异常由参数控制
2024-07-01 11:24:00,2024-07-01 12:43:00,80,风机联合连续重复,风机联合连续重复；用于计算重复风机功率扣减量，是否并入最终异常由参数控制
2024-07-01 11:24:00,2024-07-01 12:43:00,80,风机联合连续重复,风机联合连续重复；用于计算重复风机功率扣减量，是否并入最终异常由参数控制
2024-07-01 11:24:00,2024-07-01 12:43:00,80,风机联合连续重复,风机联合连续重复；用于计算重复风机功率扣减量，是否并入最终异常由参数控制
2024-07-01 11:24:00,2024-07-01 12:43:00,80,风机联合连续重复,风机联合连续重复；用于计算重复风机功率扣减量，是否并入最终异常由参数控制
2024-07-01 11:24:00,2024-07-01 12:43:00,80,风机联合连续重复,风机联合连续重复；用于计算重复风机功率扣减量，是否并入最终异常由参数控制
2024-07-01 11:24:00,2024-07-01 12:43:00,80,风机联合连续重复,风机联合连续重复；用于计算重复风机功率扣减量，是否并入最终异常由参数控制
2024-07-01 11:24:00,2024-07-01 12:43:00,80,风机联合连续重复,风机联合连续重复；用于计算重复风机功率扣减量，是否并入最终异常由参数控制
2024-07-01 11:24:00,2024-07-01 12:43:00,80,风机联合连续重复,风机联合连续重复；用于计算重复风机功率扣减量，是否并入最终异常由参数控制
2024-07-01 11:24:00,2024-07-01 12:43:00,80,风机联合连续重复,风机联合连续重复；用于计算重复风机功率扣减量，是否并入最终异常由参数控制
2024-07-01 11:24:00,2024-07-01 12:43:00,80,风机联合连续重复,风机联合连续重复；用于计算重复风机功率扣减量，是否并入最终异常由参数控制
2024-07-01 11:24:00,2024-07-01 12:44:00,81,风机联合连续重复,风机联合连续重复；用于计算重复风机功率扣减量，是否并入最终异常由参数控制
2024-07-01 11:24:00,2024-07-01 12:44:00,81,风机联合连续重复,风机联合连续重复；用于计算重复风机功率扣减量，是否并入最终异常由参数控制
2024-07-01 11:24:00,2024-07-01 12:44:00,81,风机联合连续重复,风机联合连续重复；用于计算重复风机功率扣减量，是否并入最终异常由参数控制
2024-07-01 11:24:00,2024-07-01 12:44:00,81,风机联合连续重复,风机联合连续重复；用于计算重复风机功率扣减量，是否并入最终异常由参数控制
2024-07-01 11:24:00,2024-07-01 12:44:00,81,风机联合连续重复,风机联合连续重复；用于计算重复风机功率扣减量，是否并入最终异常由参数控制
2024-07-01 11:24:00,2024-07-01 12:44:00,81,风机联合连续重复,风机联合连续重复；用于计算重复风机功率扣减量，是否并入最终异常由参数控制
2024-07-01 11:24:00,2024-07-01 12:44:00,81,风机联合连续重复,风机联合连续重复；用于计算重复风机功率扣减量，是否并入最终异常由参数控制
2024-07-01 11:24:00,2024-07-01 12:44:00,81,风机联合连续重复,风机联合连续重复；用于计算重复风机功率扣减量，是否并入最终异常由参数控制
2024-07-01 11:24:00,2024-07-01 12:44:00,81,风机联合连续重复,风机联合连续重复；用于计算重复风机功率扣减量，是否并入最终异常由参数控制
2024-07-01 11:24:00,2024-07-01 12:44:00,81,风机联合连续重复,风机联合连续重复；用于计算重复风机功率扣减量，是否并入最终异常由参数控制
2024-07-01 11:24:00,2024-07-01 12:44:00,81,风机联合连续重复,风机联合连续重复；用于计算重复风机功率扣减量，是否并入最终异常由参数控制
2024-07-01 11:24:00,2024-07-01 12:44:00,81,风机联合连续重复,风机联合连续重复；用于计算重复风机功率扣减量，是否并入最终异常由参数控制
2024-07-01 11:24:00,2024-07-01 12:44:00,81,风机联合连续重复,风机联合连续重复；用于计算重复风机功率扣减量，是否并入最终异常由参数控制
2024-07-01 11:24:00,2024-07-01 12:44:00,81,风机联合连续重复,风机联合连续重复；用于计算重复风机功率扣减量，是否并入最终异常由参数控制
2024-07-01 11:24:00,2024-07-01 12:44:00,81,风机联合连续重复,风机联合连续重复；用于计算重复风机功率扣减量，是否并入最终异常由参数控制
2024-07-01 11:24:00,2024-07-01 12:44:00,81,风机联合连续重复,风机联合连续重复；用于计算重复风机功率扣减量，是否并入最终异常由参数控制
2024-07-01 11:24:00,2024-07-01 12:44:00,81,风机联合连续重复,风机联合连续重复；用于计算重复风机功率扣减量，是否并入最终异常由参数控制
2024-07-01 11:24:00,2024-07-01 12:44:00,81,风机联合连续重复,风机联合连续重复；用于计算重复风机功率扣减量，是否并入最终异常由参数控制
2024-07-01 11:24:00,2024-07-01 12:44:00,81,风机联合连续重复,风机联合连续重复；用于计算重复风机功率扣减量，是否并入最终异常由参数控制
2024-07-01 11:24:00,2024-07-01 12:44:00,81,风机联合连续重复,风机联合连续重复；用于计算重复风机功率扣减量，是否并入最终异常由参数控制
2024-07-01 11:24:00,2024-07-01 12:44:00,81,风机联合连续重复,风机联合连续重复；用于计算重复风机功率扣减量，是否并入最终异常由参数控制
2024-07-01 11:24:00,2024-07-01 12:44:00,81,风机联合连续重复,风机联合连续重复；用于计算重复风机功率扣减量，是否并入最终异常由参数控制
2024-07-01 11:24:00,2024-07-01 12:44:00,81,站端功率连续重复,ACTIVE_POWER_STATION 重复值大于阈值且持续长度大于阈值
2024-07-01 12:46:00,2024-07-01 12:50:00,5,站端功率连续重复,ACTIVE_POWER_STATION 重复值大于阈值且持续长度大于阈值
2024-07-01 13:08:00,2024-07-01 13:12:00,5,风机联合连续重复,风机联合连续重复；用于计算重复风机功率扣减量，是否并入最终异常由参数控制
2024-07-01 13:08:00,2024-07-01 13:12:00,5,风机联合连续重复,风机联合连续重复；用于计算重复风机功率扣减量，是否并入最终异常由参数控制
2024-07-01 13:08:00,2024-07-01 13:12:00,5,风机联合连续重复,风机联合连续重复；用于计算重复风机功率扣减量，是否并入最终异常由参数控制
2024-07-01 13:08:00,2024-07-01 13:12:00,5,风机联合连续重复,风机联合连续重复；用于计算重复风机功率扣减量，是否并入最终异常由参数控制
2024-07-01 13:08:00,2024-07-01 13:12:00,5,风机联合连续重复,风机联合连续重复；用于计算重复风机功率扣减量，是否并入最终异常由参数控制
2024-07-01 13:08:00,2024-07-01 13:12:00,5,风机联合连续重复,风机联合连续重复；用于计算重复风机功率扣减量，是否并入最终异常由参数控制
2024-07-01 13:08:00,2024-07-01 13:12:00,5,风机联合连续重复,风机联合连续重复；用于计算重复风机功率扣减量，是否并入最终异常由参数控制
2024-07-01 13:08:00,2024-07-01 13:12:00,5,风机联合连续重复,风机联合连续重复；用于计算重复风机功率扣减量，是否并入最终异常由参数控制
2024-07-01 13:08:00,2024-07-01 13:12:00,5,风机联合连续重复,风机联合连续重复；用于计算重复风机功率扣减量，是否并入最终异常由参数控制
2024-07-01 13:08:00,2024-07-01 13:12:00,5,风机联合连续重复,风机联合连续重复；用于计算重复风机功率扣减量，是否并入最终异常由参数控制
2024-07-01 13:08:00,2024-07-01 13:12:00,5,风机联合连续重复,风机联合连续重复；用于计算重复风机功率扣减量，是否并入最终异常由参数控制
2024-07-01 13:08:00,2024-07-01 13:12:00,5,风机联合连续重复,风机联合连续重复；用于计算重复风机功率扣减量，是否并入最终异常由参数控制
2024-07-01 13:08:00,2024-07-01 13:12:00,5,风机联合连续重复,风机联合连续重复；用于计算重复风机功率扣减量，是否并入最终异常由参数控制
2024-07-01 13:08:00,2024-07-01 13:12:00,5,风机联合连续重复,风机联合连续重复；用于计算重复风机功率扣减量，是否并入最终异常由参数控制
2024-07-01 13:08:00,2024-07-01 13:12:00,5,风机联合连续重复,风机联合连续重复；用于计算重复风机功率扣减量，是否并入最终异常由参数控制
2024-07-01 13:08:00,2024-07-01 13:12:00,5,风机联合连续重复,风机联合连续重复；用于计算重复风机功率扣减量，是否并入最终异常由参数控制
2024-07-01 13:08:00,2024-07-01 13:12:00,5,风机联合连续重复,风机联合连续重复；用于计算重复风机功率扣减量，是否并入最终异常由参数控制
2024-07-01 13:08:00,2024-07-01 13:12:00,5,风机联合连续重复,风机联合连续重复；用于计算重复风机功率扣减量，是否并入最终异常由参数控制
2024-07-01 13:08:00,2024-07-01 13:12:00,5,风机联合连续重复,风机联合连续重复；用于计算重复风机功率扣减量，是否并入最终异常由参数控制
2024-07-01 13:08:00,2024-07-01 13:12:00,5,风机联合连续重复,风机联合连续重复；用于计算重复风机功率扣减量，是否并入最终异常由参数控制
2024-07-01 13:08:00,2024-07-01 13:12:00,5,风机联合连续重复,风机联合连续重复；用于计算重复风机功率扣减量，是否并入最终异常由参数控制
2024-07-01 13:08:00,2024-07-01 13:12:00,5,风机联合连续重复,风机联合连续重复；用于计算重复风机功率扣减量，是否并入最终异常由参数控制
2024-07-01 13:08:00,2024-07-01 13:12:00,5,风机联合连续重复,风机联合连续重复；用于计算重复风机功率扣减量，是否并入最终异常由参数控制
2024-07-01 13:08:00,2024-07-01 13:12:00,5,风机联合连续重复,风机联合连续重复；用于计算重复风机功率扣减量，是否并入最终异常由参数控制
2024-07-01 13:08:00,2024-07-01 13:12:00,5,风机联合连续重复,风机联合连续重复；用于计算重复风机功率扣减量，是否并入最终异常由参数控制
2024-07-01 13:08:00,2024-07-01 13:12:00,5,风机联合连续重复,风机联合连续重复；用于计算重复风机功率扣减量，是否并入最终异常由参数控制
2024-07-01 13:08:00,2024-07-01 13:12:00,5,风机联合连续重复,风机联合连续重复；用于计算重复风机功率扣减量，是否并入最终异常由参数控制
2024-07-01 13:08:00,2024-07-01 13:12:00,5,风机联合连续重复,风机联合连续重复；用于计算重复风机功率扣减量，是否并入最终异常由参数控制
2024-07-01 13:08:00,2024-07-01 13:12:00,5,风机联合连续重复,风机联合连续重复；用于计算重复风机功率扣减量，是否并入最终异常由参数控制
2024-07-01 13:08:00,2024-07-01 13:12:00,5,风机联合连续重复,风机联合连续重复；用于计算重复风机功率扣减量，是否并入最终异常由参数控制
2024-07-01 13:08:00,2024-07-01 13:12:00,5,风机联合连续重复,风机联合连续重复；用于计算重复风机功率扣减量，是否并入最终异常由参数控制
2024-07-01 13:08:00,2024-07-01 13:12:00,5,风机联合连续重复,风机联合连续重复；用于计算重复风机功率扣减量，是否并入最终异常由参数控制
2024-07-01 13:08:00,2024-07-01 13:12:00,5,风机联合连续重复,风机联合连续重复；用于计算重复风机功率扣减量，是否并入最终异常由参数控制
2024-07-01 13:08:00,2024-07-01 13:12:00,5,风机联合连续重复,风机联合连续重复；用于计算重复风机功率扣减量，是否并入最终异常由参数控制
2024-07-01 13:08:00,2024-07-01 13:12:00,5,风机联合连续重复,风机联合连续重复；用于计算重复风机功率扣减量，是否并入最终异常由参数控制
2024-07-01 13:08:00,2024-07-01 13:12:00,5,风机联合连续重复,风机联合连续重复；用于计算重复风机功率扣减量，是否并入最终异常由参数控制
2024-07-01 13:08:00,2024-07-01 13:12:00,5,风机联合连续重复,风机联合连续重复；用于计算重复风机功率扣减量，是否并入最终异常由参数控制
2024-07-01 13:08:00,2024-07-01 13:12:00,5,风机联合连续重复,风机联合连续重复；用于计算重复风机功率扣减量，是否并入最终异常由参数控制
2024-07-01 13:08:00,2024-07-01 13:12:00,5,风机联合连续重复,风机联合连续重复；用于计算重复风机功率扣减量，是否并入最终异常由参数控制
2024-07-01 13:08:00,2024-07-01 13:12:00,5,风机联合连续重复,风机联合连续重复；用于计算重复风机功率扣减量，是否并入最终异常由参数控制
2024-07-01 13:08:00,2024-07-01 13:12:00,5,风机联合连续重复,风机联合连续重复；用于计算重复风机功率扣减量，是否并入最终异常由参数控制
2024-07-01 13:08:00,2024-07-01 13:12:00,5,风机联合连续重复,风机联合连续重复；用于计算重复风机功率扣减量，是否并入最终异常由参数控制
2024-07-01 13:08:00,2024-07-01 13:12:00,5,风机联合连续重复,风机联合连续重复；用于计算重复风机功率扣减量，是否并入最终异常由参数控制
2024-07-01 13:08:00,2024-07-01 13:12:00,5,风机联合连续重复,风机联合连续重复；用于计算重复风机功率扣减量，是否并入最终异常由参数控制
2024-07-01 13:08:00,2024-07-01 13:12:00,5,风机联合连续重复,风机联合连续重复；用于计算重复风机功率扣减量，是否并入最终异常由参数控制
2024-07-01 13:08:00,2024-07-01 13:12:00,5,风机联合连续重复,风机联合连续重复；用于计算重复风机功率扣减量，是否并入最终异常由参数控制
2024-07-01 13:08:00,2024-07-01 13:12:00,5,风机联合连续重复,风机联合连续重复；用于计算重复风机功率扣减量，是否并入最终异常由参数控制
2024-07-01 13:08:00,2024-07-01 13:12:00,5,风机联合连续重复,风机联合连续重复；用于计算重复风机功率扣减量，是否并入最终异常由参数控制
2024-07-01 13:08:00,2024-07-01 13:12:00,5,风机联合连续重复,风机联合连续重复；用于计算重复风机功率扣减量，是否并入最终异常由参数控制
2024-07-01 13:08:00,2024-07-01 13:12:00,5,风机联合连续重复,风机联合连续重复；用于计算重复风机功率扣减量，是否并入最终异常由参数控制
2024-07-01 13:08:00,2024-07-01 13:12:00,5,风机联合连续重复,风机联合连续重复；用于计算重复风机功率扣减量，是否并入最终异常由参数控制
2024-07-01 13:08:00,2024-07-01 13:12:00,5,风机联合连续重复,风机联合连续重复；用于计算重复风机功率扣减量，是否并入最终异常由参数控制
2024-07-01 13:08:00,2024-07-01 13:12:00,5,风机联合连续重复,风机联合连续重复；用于计算重复风机功率扣减量，是否并入最终异常由参数控制
2024-07-01 13:08:00,2024-07-01 13:12:00,5,风机联合连续重复,风机联合连续重复；用于计算重复风机功率扣减量，是否并入最终异常由参数控制
2024-07-01 13:08:00,2024-07-01 13:12:00,5,风机联合连续重复,风机联合连续重复；用于计算重复风机功率扣减量，是否并入最终异常由参数控制
2024-07-01 13:08:00,2024-07-01 13:12:00,5,风机联合连续重复,风机联合连续重复；用于计算重复风机功率扣减量，是否并入最终异常由参数控制
2024-07-01 13:08:00,2024-07-01 13:12:00,5,风机联合连续重复,风机联合连续重复；用于计算重复风机功率扣减量，是否并入最终异常由参数控制
2024-07-01 13:08:00,2024-07-01 13:12:00,5,风机联合连续重复,风机联合连续重复；用于计算重复风机功率扣减量，是否并入最终异常由参数控制
2024-07-01 13:08:00,2024-07-01 13:12:00,5,风机联合连续重复,风机联合连续重复；用于计算重复风机功率扣减量，是否并入最终异常由参数控制
2024-07-01 13:08:00,2024-07-01 13:12:00,5,风机联合连续重复,风机联合连续重复；用于计算重复风机功率扣减量，是否并入最终异常由参数控制
2024-07-01 13:08:00,2024-07-01 13:12:00,5,风机联合连续重复,风机联合连续重复；用于计算重复风机功率扣减量，是否并入最终异常由参数控制
2024-07-01 13:08:00,2024-07-01 13:12:00,5,风机联合连续重复,风机联合连续重复；用于计算重复风机功率扣减量，是否并入最终异常由参数控制
2024-07-01 13:08:00,2024-07-01 13:12:00,5,风机联合连续重复,风机联合连续重复；用于计算重复风机功率扣减量，是否并入最终异常由参数控制
2024-07-01 13:08:00,2024-07-01 13:12:00,5,风机联合连续重复,风机联合连续重复；用于计算重复风机功率扣减量，是否并入最终异常由参数控制
2024-07-01 13:08:00,2024-07-01 13:12:00,5,风机联合连续重复,风机联合连续重复；用于计算重复风机功率扣减量，是否并入最终异常由参数控制
2024-07-01 13:08:00,2024-07-01 13:12:00,5,风机联合连续重复,风机联合连续重复；用于计算重复风机功率扣减量，是否并入最终异常由参数控制
2024-07-01 13:08:00,2024-07-01 13:12:00,5,风机联合连续重复,风机联合连续重复；用于计算重复风机功率扣减量，是否并入最终异常由参数控制
2024-07-01 13:08:00,2024-07-01 13:12:00,5,风机联合连续重复,风机联合连续重复；用于计算重复风机功率扣减量，是否并入最终异常由参数控制
2024-07-01 13:08:00,2024-07-01 13:12:00,5,风机联合连续重复,风机联合连续重复；用于计算重复风机功率扣减量，是否并入最终异常由参数控制
2024-07-01 13:08:00,2024-07-01 13:12:00,5,风机联合连续重复,风机联合连续重复；用于计算重复风机功率扣减量，是否并入最终异常由参数控制
2024-07-01 13:08:00,2024-07-01 13:12:00,5,风机联合连续重复,风机联合连续重复；用于计算重复风机功率扣减量，是否并入最终异常由参数控制
2024-07-01 13:08:00,2024-07-01 13:12:00,5,风机联合连续重复,风机联合连续重复；用于计算重复风机功率扣减量，是否并入最终异常由参数控制
2024-07-01 13:08:00,2024-07-01 13:12:00,5,风机联合连续重复,风机联合连续重复；用于计算重复风机功率扣减量，是否并入最终异常由参数控制
2024-07-01 13:08:00,2024-07-01 13:12:00,5,风机联合连续重复,风机联合连续重复；用于计算重复风机功率扣减量，是否并入最终异常由参数控制
2024-07-01 13:08:00,2024-07-01 13:12:00,5,风机联合连续重复,风机联合连续重复；用于计算重复风机功率扣减量，是否并入最终异常由参数控制
2024-07-01 13:08:00,2024-07-01 13:12:00,5,风机联合连续重复,风机联合连续重复；用于计算重复风机功率扣减量，是否并入最终异常由参数控制
2024-07-01 13:08:00,2024-07-01 13:12:00,5,风机联合连续重复,风机联合连续重复；用于计算重复风机功率扣减量，是否并入最终异常由参数控制
2024-07-01 13:08:00,2024-07-01 13:12:00,5,风机联合连续重复,风机联合连续重复；用于计算重复风机功率扣减量，是否并入最终异常由参数控制
2024-07-01 13:08:00,2024-07-01 13:12:00,5,风机联合连续重复,风机联合连续重复；用于计算重复风机功率扣减量，是否并入最终异常由参数控制
2024-07-01 13:08:00,2024-07-01 13:12:00,5,风机联合连续重复,风机联合连续重复；用于计算重复风机功率扣减量，是否并入最终异常由参数控制
2024-07-01 13:08:00,2024-07-01 13:12:00,5,风机联合连续重复,风机联合连续重复；用于计算重复风机功率扣减量，是否并入最终异常由参数控制
2024-07-01 13:08:00,2024-07-01 13:12:00,5,站端功率连续重复,ACTIVE_POWER_STATION 重复值大于阈值且持续长度大于阈值
2024-07-01 13:13:00,2024-07-01 13:16:00,4,风机联合连续重复,风机联合连续重复；用于计算重复风机功率扣减量，是否并入最终异常由参数控制
2024-07-01 13:13:00,2024-07-01 13:16:00,4,风机联合连续重复,风机联合连续重复；用于计算重复风机功率扣减量，是否并入最终异常由参数控制
2024-07-01 13:13:00,2024-07-01 13:16:00,4,风机联合连续重复,风机联合连续重复；用于计算重复风机功率扣减量，是否并入最终异常由参数控制
2024-07-01 13:13:00,2024-07-01 13:16:00,4,风机联合连续重复,风机联合连续重复；用于计算重复风机功率扣减量，是否并入最终异常由参数控制
2024-07-01 13:13:00,2024-07-01 13:16:00,4,风机联合连续重复,风机联合连续重复；用于计算重复风机功率扣减量，是否并入最终异常由参数控制
2024-07-01 13:13:00,2024-07-01 13:16:00,4,风机联合连续重复,风机联合连续重复；用于计算重复风机功率扣减量，是否并入最终异常由参数控制
2024-07-01 13:13:00,2024-07-01 13:16:00,4,风机联合连续重复,风机联合连续重复；用于计算重复风机功率扣减量，是否并入最终异常由参数控制
2024-07-01 13:13:00,2024-07-01 13:16:00,4,风机联合连续重复,风机联合连续重复；用于计算重复风机功率扣减量，是否并入最终异常由参数控制
2024-07-01 13:13:00,2024-07-01 13:16:00,4,风机联合连续重复,风机联合连续重复；用于计算重复风机功率扣减量，是否并入最终异常由参数控制
2024-07-01 13:13:00,2024-07-01 13:16:00,4,风机联合连续重复,风机联合连续重复；用于计算重复风机功率扣减量，是否并入最终异常由参数控制
2024-07-01 13:13:00,2024-07-01 13:16:00,4,风机联合连续重复,风机联合连续重复；用于计算重复风机功率扣减量，是否并入最终异常由参数控制
2024-07-01 13:13:00,2024-07-01 13:16:00,4,风机联合连续重复,风机联合连续重复；用于计算重复风机功率扣减量，是否并入最终异常由参数控制
2024-07-01 13:13:00,2024-07-01 13:16:00,4,风机联合连续重复,风机联合连续重复；用于计算重复风机功率扣减量，是否并入最终异常由参数控制
2024-07-01 13:13:00,2024-07-01 13:16:00,4,风机联合连续重复,风机联合连续重复；用于计算重复风机功率扣减量，是否并入最终异常由参数控制
2024-07-01 13:13:00,2024-07-01 13:16:00,4,风机联合连续重复,风机联合连续重复；用于计算重复风机功率扣减量，是否并入最终异常由参数控制
2024-07-01 13:13:00,2024-07-01 13:16:00,4,风机联合连续重复,风机联合连续重复；用于计算重复风机功率扣减量，是否并入最终异常由参数控制
2024-07-01 13:13:00,2024-07-01 13:16:00,4,风机联合连续重复,风机联合连续重复；用于计算重复风机功率扣减量，是否并入最终异常由参数控制
2024-07-01 13:13:00,2024-07-01 13:16:00,4,风机联合连续重复,风机联合连续重复；用于计算重复风机功率扣减量，是否并入最终异常由参数控制
2024-07-01 13:13:00,2024-07-01 13:16:00,4,风机联合连续重复,风机联合连续重复；用于计算重复风机功率扣减量，是否并入最终异常由参数控制
2024-07-01 13:13:00,2024-07-01 13:16:00,4,风机联合连续重复,风机联合连续重复；用于计算重复风机功率扣减量，是否并入最终异常由参数控制
2024-07-01 13:13:00,2024-07-01 13:16:00,4,风机联合连续重复,风机联合连续重复；用于计算重复风机功率扣减量，是否并入最终异常由参数控制
2024-07-01 13:13:00,2024-07-01 13:16:00,4,风机联合连续重复,风机联合连续重复；用于计算重复风机功率扣减量，是否并入最终异常由参数控制
2024-07-01 13:13:00,2024-07-01 13:16:00,4,风机联合连续重复,风机联合连续重复；用于计算重复风机功率扣减量，是否并入最终异常由参数控制
2024-07-01 13:13:00,2024-07-01 13:16:00,4,风机联合连续重复,风机联合连续重复；用于计算重复风机功率扣减量，是否并入最终异常由参数控制
2024-07-01 13:13:00,2024-07-01 13:16:00,4,风机联合连续重复,风机联合连续重复；用于计算重复风机功率扣减量，是否并入最终异常由参数控制
2024-07-01 13:13:00,2024-07-01 13:16:00,4,风机联合连续重复,风机联合连续重复；用于计算重复风机功率扣减量，是否并入最终异常由参数控制
2024-07-01 13:13:00,2024-07-01 13:16:00,4,风机联合连续重复,风机联合连续重复；用于计算重复风机功率扣减量，是否并入最终异常由参数控制
2024-07-01 13:13:00,2024-07-01 13:16:00,4,风机联合连续重复,风机联合连续重复；用于计算重复风机功率扣减量，是否并入最终异常由参数控制
2024-07-01 13:13:00,2024-07-01 13:16:00,4,风机联合连续重复,风机联合连续重复；用于计算重复风机功率扣减量，是否并入最终异常由参数控制
2024-07-01 13:13:00,2024-07-01 13:16:00,4,风机联合连续重复,风机联合连续重复；用于计算重复风机功率扣减量，是否并入最终异常由参数控制
2024-07-01 13:13:00,2024-07-01 13:16:00,4,风机联合连续重复,风机联合连续重复；用于计算重复风机功率扣减量，是否并入最终异常由参数控制
2024-07-01 13:13:00,2024-07-01 13:16:00,4,风机联合连续重复,风机联合连续重复；用于计算重复风机功率扣减量，是否并入最终异常由参数控制
2024-07-01 13:13:00,2024-07-01 13:16:00,4,风机联合连续重复,风机联合连续重复；用于计算重复风机功率扣减量，是否并入最终异常由参数控制
2024-07-01 13:13:00,2024-07-01 13:16:00,4,风机联合连续重复,风机联合连续重复；用于计算重复风机功率扣减量，是否并入最终异常由参数控制
2024-07-01 13:13:00,2024-07-01 13:16:00,4,风机联合连续重复,风机联合连续重复；用于计算重复风机功率扣减量，是否并入最终异常由参数控制
2024-07-01 13:13:00,2024-07-01 13:16:00,4,风机联合连续重复,风机联合连续重复；用于计算重复风机功率扣减量，是否并入最终异常由参数控制
2024-07-01 13:13:00,2024-07-01 13:16:00,4,风机联合连续重复,风机联合连续重复；用于计算重复风机功率扣减量，是否并入最终异常由参数控制
2024-07-01 13:13:00,2024-07-01 13:16:00,4,风机联合连续重复,风机联合连续重复；用于计算重复风机功率扣减量，是否并入最终异常由参数控制
2024-07-01 13:13:00,2024-07-01 13:16:00,4,风机联合连续重复,风机联合连续重复；用于计算重复风机功率扣减量，是否并入最终异常由参数控制
2024-07-01 13:13:00,2024-07-01 13:16:00,4,风机联合连续重复,风机联合连续重复；用于计算重复风机功率扣减量，是否并入最终异常由参数控制
2024-07-01 13:13:00,2024-07-01 13:16:00,4,风机联合连续重复,风机联合连续重复；用于计算重复风机功率扣减量，是否并入最终异常由参数控制
2024-07-01 13:13:00,2024-07-01 13:16:00,4,风机联合连续重复,风机联合连续重复；用于计算重复风机功率扣减量，是否并入最终异常由参数控制
2024-07-01 13:13:00,2024-07-01 13:16:00,4,风机联合连续重复,风机联合连续重复；用于计算重复风机功率扣减量，是否并入最终异常由参数控制
2024-07-01 13:13:00,2024-07-01 13:16:00,4,风机联合连续重复,风机联合连续重复；用于计算重复风机功率扣减量，是否并入最终异常由参数控制
2024-07-01 13:13:00,2024-07-01 13:16:00,4,风机联合连续重复,风机联合连续重复；用于计算重复风机功率扣减量，是否并入最终异常由参数控制
2024-07-01 13:13:00,2024-07-01 13:16:00,4,风机联合连续重复,风机联合连续重复；用于计算重复风机功率扣减量，是否并入最终异常由参数控制
2024-07-01 13:13:00,2024-07-01 13:16:00,4,风机联合连续重复,风机联合连续重复；用于计算重复风机功率扣减量，是否并入最终异常由参数控制
2024-07-01 13:13:00,2024-07-01 13:16:00,4,风机联合连续重复,风机联合连续重复；用于计算重复风机功率扣减量，是否并入最终异常由参数控制
2024-07-01 13:13:00,2024-07-01 13:16:00,4,风机联合连续重复,风机联合连续重复；用于计算重复风机功率扣减量，是否并入最终异常由参数控制
2024-07-01 13:13:00,2024-07-01 13:16:00,4,风机联合连续重复,风机联合连续重复；用于计算重复风机功率扣减量，是否并入最终异常由参数控制
2024-07-01 13:13:00,2024-07-01 13:16:00,4,风机联合连续重复,风机联合连续重复；用于计算重复风机功率扣减量，是否并入最终异常由参数控制
2024-07-01 13:13:00,2024-07-01 13:16:00,4,风机联合连续重复,风机联合连续重复；用于计算重复风机功率扣减量，是否并入最终异常由参数控制
2024-07-01 13:13:00,2024-07-01 13:16:00,4,风机联合连续重复,风机联合连续重复；用于计算重复风机功率扣减量，是否并入最终异常由参数控制
2024-07-01 13:13:00,2024-07-01 13:16:00,4,风机联合连续重复,风机联合连续重复；用于计算重复风机功率扣减量，是否并入最终异常由参数控制
2024-07-01 13:13:00,2024-07-01 13:16:00,4,风机联合连续重复,风机联合连续重复；用于计算重复风机功率扣减量，是否并入最终异常由参数控制
2024-07-01 13:13:00,2024-07-01 13:16:00,4,风机联合连续重复,风机联合连续重复；用于计算重复风机功率扣减量，是否并入最终异常由参数控制
2024-07-01 13:13:00,2024-07-01 13:16:00,4,风机联合连续重复,风机联合连续重复；用于计算重复风机功率扣减量，是否并入最终异常由参数控制
2024-07-01 13:13:00,2024-07-01 13:16:00,4,风机联合连续重复,风机联合连续重复；用于计算重复风机功率扣减量，是否并入最终异常由参数控制
2024-07-01 13:13:00,2024-07-01 13:16:00,4,风机联合连续重复,风机联合连续重复；用于计算重复风机功率扣减量，是否并入最终异常由参数控制
2024-07-01 13:13:00,2024-07-01 13:16:00,4,风机联合连续重复,风机联合连续重复；用于计算重复风机功率扣减量，是否并入最终异常由参数控制
2024-07-01 13:13:00,2024-07-01 13:16:00,4,风机联合连续重复,风机联合连续重复；用于计算重复风机功率扣减量，是否并入最终异常由参数控制
2024-07-01 13:13:00,2024-07-01 13:16:00,4,风机联合连续重复,风机联合连续重复；用于计算重复风机功率扣减量，是否并入最终异常由参数控制
2024-07-01 13:13:00,2024-07-01 13:16:00,4,风机联合连续重复,风机联合连续重复；用于计算重复风机功率扣减量，是否并入最终异常由参数控制
2024-07-01 13:13:00,2024-07-01 13:16:00,4,风机联合连续重复,风机联合连续重复；用于计算重复风机功率扣减量，是否并入最终异常由参数控制
2024-07-01 13:13:00,2024-07-01 13:16:00,4,风机联合连续重复,风机联合连续重复；用于计算重复风机功率扣减量，是否并入最终异常由参数控制
2024-07-01 13:13:00,2024-07-01 13:16:00,4,风机联合连续重复,风机联合连续重复；用于计算重复风机功率扣减量，是否并入最终异常由参数控制
2024-07-01 13:13:00,2024-07-01 13:16:00,4,风机联合连续重复,风机联合连续重复；用于计算重复风机功率扣减量，是否并入最终异常由参数控制
2024-07-01 13:13:00,2024-07-01 13:16:00,4,风机联合连续重复,风机联合连续重复；用于计算重复风机功率扣减量，是否并入最终异常由参数控制
2024-07-01 13:13:00,2024-07-01 13:16:00,4,风机联合连续重复,风机联合连续重复；用于计算重复风机功率扣减量，是否并入最终异常由参数控制
2024-07-01 13:13:00,2024-07-01 13:16:00,4,风机联合连续重复,风机联合连续重复；用于计算重复风机功率扣减量，是否并入最终异常由参数控制
2024-07-01 13:13:00,2024-07-01 13:16:00,4,风机联合连续重复,风机联合连续重复；用于计算重复风机功率扣减量，是否并入最终异常由参数控制
2024-07-01 13:13:00,2024-07-01 13:16:00,4,风机联合连续重复,风机联合连续重复；用于计算重复风机功率扣减量，是否并入最终异常由参数控制
2024-07-01 13:13:00,2024-07-01 13:16:00,4,风机联合连续重复,风机联合连续重复；用于计算重复风机功率扣减量，是否并入最终异常由参数控制
2024-07-01 13:13:00,2024-07-01 13:16:00,4,风机联合连续重复,风机联合连续重复；用于计算重复风机功率扣减量，是否并入最终异常由参数控制
2024-07-01 13:13:00,2024-07-01 13:16:00,4,风机联合连续重复,风机联合连续重复；用于计算重复风机功率扣减量，是否并入最终异常由参数控制
2024-07-01 13:13:00,2024-07-01 13:16:00,4,风机联合连续重复,风机联合连续重复；用于计算重复风机功率扣减量，是否并入最终异常由参数控制
2024-07-01 13:13:00,2024-07-01 13:16:00,4,风机联合连续重复,风机联合连续重复；用于计算重复风机功率扣减量，是否并入最终异常由参数控制
2024-07-01 13:13:00,2024-07-01 13:16:00,4,风机联合连续重复,风机联合连续重复；用于计算重复风机功率扣减量，是否并入最终异常由参数控制
2024-07-01 13:13:00,2024-07-01 13:16:00,4,风机联合连续重复,风机联合连续重复；用于计算重复风机功率扣减量，是否并入最终异常由参数控制
2024-07-01 13:13:00,2024-07-01 13:16:00,4,风机联合连续重复,风机联合连续重复；用于计算重复风机功率扣减量，是否并入最终异常由参数控制
2024-07-01 13:13:00,2024-07-01 13:16:00,4,风机联合连续重复,风机联合连续重复；用于计算重复风机功率扣减量，是否并入最终异常由参数控制
2024-07-01 13:13:00,2024-07-01 13:16:00,4,风机联合连续重复,风机联合连续重复；用于计算重复风机功率扣减量，是否并入最终异常由参数控制
2024-07-01 13:13:00,2024-07-01 13:16:00,4,风机联合连续重复,风机联合连续重复；用于计算重复风机功率扣减量，是否并入最终异常由参数控制
2024-07-01 13:13:00,2024-07-01 13:16:00,4,风机联合连续重复,风机联合连续重复；用于计算重复风机功率扣减量，是否并入最终异常由参数控制
2024-07-01 13:13:00,2024-07-01 13:16:00,4,风机联合连续重复,风机联合连续重复；用于计算重复风机功率扣减量，是否并入最终异常由参数控制
2024-07-01 13:13:00,2024-07-01 13:16:00,4,风机联合连续重复,风机联合连续重复；用于计算重复风机功率扣减量，是否并入最终异常由参数控制
2024-07-01 13:13:00,2024-07-01 13:16:00,4,站端功率连续重复,ACTIVE_POWER_STATION 重复值大于阈值且持续长度大于阈值
2024-07-01 16:22:00,2024-07-01 16:28:00,7,风机联合连续重复,风机联合连续重复；用于计算重复风机功率扣减量，是否并入最终异常由参数控制
2024-07-01 16:22:00,2024-07-01 16:28:00,7,风机联合连续重复,风机联合连续重复；用于计算重复风机功率扣减量，是否并入最终异常由参数控制
2024-07-01 16:22:00,2024-07-01 16:28:00,7,风机联合连续重复,风机联合连续重复；用于计算重复风机功率扣减量，是否并入最终异常由参数控制
2024-07-01 16:22:00,2024-07-01 16:28:00,7,风机联合连续重复,风机联合连续重复；用于计算重复风机功率扣减量，是否并入最终异常由参数控制
2024-07-01 16:22:00,2024-07-01 16:28:00,7,风机联合连续重复,风机联合连续重复；用于计算重复风机功率扣减量，是否并入最终异常由参数控制
2024-07-01 16:22:00,2024-07-01 16:28:00,7,风机联合连续重复,风机联合连续重复；用于计算重复风机功率扣减量，是否并入最终异常由参数控制
2024-07-01 16:22:00,2024-07-01 16:28:00,7,风机联合连续重复,风机联合连续重复；用于计算重复风机功率扣减量，是否并入最终异常由参数控制
2024-07-01 16:22:00,2024-07-01 16:28:00,7,风机联合连续重复,风机联合连续重复；用于计算重复风机功率扣减量，是否并入最终异常由参数控制
2024-07-01 16:22:00,2024-07-01 16:28:00,7,风机联合连续重复,风机联合连续重复；用于计算重复风机功率扣减量，是否并入最终异常由参数控制
2024-07-01 16:22:00,2024-07-01 16:28:00,7,风机联合连续重复,风机联合连续重复；用于计算重复风机功率扣减量，是否并入最终异常由参数控制
2024-07-01 16:22:00,2024-07-01 16:28:00,7,风机联合连续重复,风机联合连续重复；用于计算重复风机功率扣减量，是否并入最终异常由参数控制
2024-07-01 16:22:00,2024-07-01 16:28:00,7,风机联合连续重复,风机联合连续重复；用于计算重复风机功率扣减量，是否并入最终异常由参数控制
2024-07-01 16:22:00,2024-07-01 16:28:00,7,风机联合连续重复,风机联合连续重复；用于计算重复风机功率扣减量，是否并入最终异常由参数控制
2024-07-01 16:22:00,2024-07-01 16:28:00,7,风机联合连续重复,风机联合连续重复；用于计算重复风机功率扣减量，是否并入最终异常由参数控制
2024-07-01 16:22:00,2024-07-01 16:28:00,7,风机联合连续重复,风机联合连续重复；用于计算重复风机功率扣减量，是否并入最终异常由参数控制
2024-07-01 16:22:00,2024-07-01 16:28:00,7,风机联合连续重复,风机联合连续重复；用于计算重复风机功率扣减量，是否并入最终异常由参数控制
2024-07-01 16:22:00,2024-07-01 16:28:00,7,风机联合连续重复,风机联合连续重复；用于计算重复风机功率扣减量，是否并入最终异常由参数控制
2024-07-01 16:22:00,2024-07-01 16:28:00,7,风机联合连续重复,风机联合连续重复；用于计算重复风机功率扣减量，是否并入最终异常由参数控制
2024-07-01 16:22:00,2024-07-01 16:28:00,7,风机联合连续重复,风机联合连续重复；用于计算重复风机功率扣减量，是否并入最终异常由参数控制
2024-07-01 16:22:00,2024-07-01 16:28:00,7,风机联合连续重复,风机联合连续重复；用于计算重复风机功率扣减量，是否并入最终异常由参数控制
2024-07-01 16:22:00,2024-07-01 16:28:00,7,风机联合连续重复,风机联合连续重复；用于计算重复风机功率扣减量，是否并入最终异常由参数控制
2024-07-01 16:22:00,2024-07-01 16:28:00,7,风机联合连续重复,风机联合连续重复；用于计算重复风机功率扣减量，是否并入最终异常由参数控制
2024-07-01 16:22:00,2024-07-01 16:28:00,7,风机联合连续重复,风机联合连续重复；用于计算重复风机功率扣减量，是否并入最终异常由参数控制
2024-07-01 16:22:00,2024-07-01 16:28:00,7,风机联合连续重复,风机联合连续重复；用于计算重复风机功率扣减量，是否并入最终异常由参数控制
2024-07-01 16:22:00,2024-07-01 16:28:00,7,风机联合连续重复,风机联合连续重复；用于计算重复风机功率扣减量，是否并入最终异常由参数控制
2024-07-01 16:22:00,2024-07-01 16:28:00,7,风机联合连续重复,风机联合连续重复；用于计算重复风机功率扣减量，是否并入最终异常由参数控制
2024-07-01 16:22:00,2024-07-01 16:28:00,7,风机联合连续重复,风机联合连续重复；用于计算重复风机功率扣减量，是否并入最终异常由参数控制
2024-07-01 16:22:00,2024-07-01 16:28:00,7,风机联合连续重复,风机联合连续重复；用于计算重复风机功率扣减量，是否并入最终异常由参数控制
2024-07-01 16:22:00,2024-07-01 16:28:00,7,风机联合连续重复,风机联合连续重复；用于计算重复风机功率扣减量，是否并入最终异常由参数控制
2024-07-01 16:22:00,2024-07-01 16:28:00,7,风机联合连续重复,风机联合连续重复；用于计算重复风机功率扣减量，是否并入最终异常由参数控制
2024-07-01 16:22:00,2024-07-01 16:28:00,7,风机联合连续重复,风机联合连续重复；用于计算重复风机功率扣减量，是否并入最终异常由参数控制
2024-07-01 16:22:00,2024-07-01 16:28:00,7,风机联合连续重复,风机联合连续重复；用于计算重复风机功率扣减量，是否并入最终异常由参数控制
2024-07-01 16:22:00,2024-07-01 16:28:00,7,风机联合连续重复,风机联合连续重复；用于计算重复风机功率扣减量，是否并入最终异常由参数控制
2024-07-01 16:22:00,2024-07-01 16:28:00,7,风机联合连续重复,风机联合连续重复；用于计算重复风机功率扣减量，是否并入最终异常由参数控制
2024-07-01 16:22:00,2024-07-01 16:28:00,7,风机联合连续重复,风机联合连续重复；用于计算重复风机功率扣减量，是否并入最终异常由参数控制
2024-07-01 16:22:00,2024-07-01 16:28:00,7,风机联合连续重复,风机联合连续重复；用于计算重复风机功率扣减量，是否并入最终异常由参数控制
2024-07-01 16:22:00,2024-07-01 16:28:00,7,风机联合连续重复,风机联合连续重复；用于计算重复风机功率扣减量，是否并入最终异常由参数控制
2024-07-01 16:22:00,2024-07-01 16:28:00,7,风机联合连续重复,风机联合连续重复；用于计算重复风机功率扣减量，是否并入最终异常由参数控制
2024-07-01 16:22:00,2024-07-01 16:28:00,7,风机联合连续重复,风机联合连续重复；用于计算重复风机功率扣减量，是否并入最终异常由参数控制
2024-07-01 16:22:00,2024-07-01 16:28:00,7,风机联合连续重复,风机联合连续重复；用于计算重复风机功率扣减量，是否并入最终异常由参数控制
2024-07-01 16:22:00,2024-07-01 16:28:00,7,风机联合连续重复,风机联合连续重复；用于计算重复风机功率扣减量，是否并入最终异常由参数控制
2024-07-01 16:22:00,2024-07-01 16:28:00,7,风机联合连续重复,风机联合连续重复；用于计算重复风机功率扣减量，是否并入最终异常由参数控制
2024-07-01 16:22:00,2024-07-01 16:28:00,7,风机联合连续重复,风机联合连续重复；用于计算重复风机功率扣减量，是否并入最终异常由参数控制
2024-07-01 16:22:00,2024-07-01 16:28:00,7,风机联合连续重复,风机联合连续重复；用于计算重复风机功率扣减量，是否并入最终异常由参数控制
2024-07-01 16:22:00,2024-07-01 16:28:00,7,风机联合连续重复,风机联合连续重复；用于计算重复风机功率扣减量，是否并入最终异常由参数控制
2024-07-01 16:22:00,2024-07-01 16:28:00,7,风机联合连续重复,风机联合连续重复；用于计算重复风机功率扣减量，是否并入最终异常由参数控制
2024-07-01 16:22:00,2024-07-01 16:28:00,7,风机联合连续重复,风机联合连续重复；用于计算重复风机功率扣减量，是否并入最终异常由参数控制
2024-07-01 16:22:00,2024-07-01 16:28:00,7,风机联合连续重复,风机联合连续重复；用于计算重复风机功率扣减量，是否并入最终异常由参数控制
2024-07-01 16:22:00,2024-07-01 16:28:00,7,风机联合连续重复,风机联合连续重复；用于计算重复风机功率扣减量，是否并入最终异常由参数控制
2024-07-01 16:22:00,2024-07-01 16:28:00,7,风机联合连续重复,风机联合连续重复；用于计算重复风机功率扣减量，是否并入最终异常由参数控制
2024-07-01 16:22:00,2024-07-01 16:28:00,7,风机联合连续重复,风机联合连续重复；用于计算重复风机功率扣减量，是否并入最终异常由参数控制
2024-07-01 16:22:00,2024-07-01 16:28:00,7,风机联合连续重复,风机联合连续重复；用于计算重复风机功率扣减量，是否并入最终异常由参数控制
2024-07-01 16:22:00,2024-07-01 16:28:00,7,风机联合连续重复,风机联合连续重复；用于计算重复风机功率扣减量，是否并入最终异常由参数控制
2024-07-01 16:22:00,2024-07-01 16:28:00,7,风机联合连续重复,风机联合连续重复；用于计算重复风机功率扣减量，是否并入最终异常由参数控制
2024-07-01 16:22:00,2024-07-01 16:28:00,7,风机联合连续重复,风机联合连续重复；用于计算重复风机功率扣减量，是否并入最终异常由参数控制
2024-07-01 16:22:00,2024-07-01 16:28:00,7,风机联合连续重复,风机联合连续重复；用于计算重复风机功率扣减量，是否并入最终异常由参数控制
2024-07-01 16:22:00,2024-07-01 16:28:00,7,风机联合连续重复,风机联合连续重复；用于计算重复风机功率扣减量，是否并入最终异常由参数控制
2024-07-01 16:22:00,2024-07-01 16:28:00,7,风机联合连续重复,风机联合连续重复；用于计算重复风机功率扣减量，是否并入最终异常由参数控制
2024-07-01 16:22:00,2024-07-01 16:28:00,7,风机联合连续重复,风机联合连续重复；用于计算重复风机功率扣减量，是否并入最终异常由参数控制
2024-07-01 16:22:00,2024-07-01 16:28:00,7,风机联合连续重复,风机联合连续重复；用于计算重复风机功率扣减量，是否并入最终异常由参数控制
2024-07-01 16:22:00,2024-07-01 16:28:00,7,风机联合连续重复,风机联合连续重复；用于计算重复风机功率扣减量，是否并入最终异常由参数控制
2024-07-01 16:22:00,2024-07-01 16:28:00,7,风机联合连续重复,风机联合连续重复；用于计算重复风机功率扣减量，是否并入最终异常由参数控制
2024-07-01 16:22:00,2024-07-01 16:28:00,7,风机联合连续重复,风机联合连续重复；用于计算重复风机功率扣减量，是否并入最终异常由参数控制
2024-07-01 16:22:00,2024-07-01 16:28:00,7,风机联合连续重复,风机联合连续重复；用于计算重复风机功率扣减量，是否并入最终异常由参数控制
2024-07-01 16:22:00,2024-07-01 16:28:00,7,风机联合连续重复,风机联合连续重复；用于计算重复风机功率扣减量，是否并入最终异常由参数控制
2024-07-01 16:22:00,2024-07-01 16:28:00,7,风机联合连续重复,风机联合连续重复；用于计算重复风机功率扣减量，是否并入最终异常由参数控制
2024-07-01 16:22:00,2024-07-01 16:28:00,7,风机联合连续重复,风机联合连续重复；用于计算重复风机功率扣减量，是否并入最终异常由参数控制
2024-07-01 16:22:00,2024-07-01 16:28:00,7,风机联合连续重复,风机联合连续重复；用于计算重复风机功率扣减量，是否并入最终异常由参数控制
2024-07-01 16:22:00,2024-07-01 16:28:00,7,风机联合连续重复,风机联合连续重复；用于计算重复风机功率扣减量，是否并入最终异常由参数控制
2024-07-01 16:22:00,2024-07-01 16:28:00,7,风机联合连续重复,风机联合连续重复；用于计算重复风机功率扣减量，是否并入最终异常由参数控制
2024-07-01 16:22:00,2024-07-01 16:28:00,7,风机联合连续重复,风机联合连续重复；用于计算重复风机功率扣减量，是否并入最终异常由参数控制
2024-07-01 16:22:00,2024-07-01 16:28:00,7,风机联合连续重复,风机联合连续重复；用于计算重复风机功率扣减量，是否并入最终异常由参数控制
2024-07-01 16:22:00,2024-07-01 16:28:00,7,风机联合连续重复,风机联合连续重复；用于计算重复风机功率扣减量，是否并入最终异常由参数控制
2024-07-01 16:22:00,2024-07-01 16:28:00,7,风机联合连续重复,风机联合连续重复；用于计算重复风机功率扣减量，是否并入最终异常由参数控制
2024-07-01 16:22:00,2024-07-01 16:28:00,7,风机联合连续重复,风机联合连续重复；用于计算重复风机功率扣减量，是否并入最终异常由参数控制
2024-07-01 16:22:00,2024-07-01 16:28:00,7,风机联合连续重复,风机联合连续重复；用于计算重复风机功率扣减量，是否并入最终异常由参数控制
2024-07-01 16:22:00,2024-07-01 16:28:00,7,风机联合连续重复,风机联合连续重复；用于计算重复风机功率扣减量，是否并入最终异常由参数控制
2024-07-01 16:22:00,2024-07-01 16:28:00,7,风机联合连续重复,风机联合连续重复；用于计算重复风机功率扣减量，是否并入最终异常由参数控制
2024-07-01 16:22:00,2024-07-01 16:28:00,7,风机联合连续重复,风机联合连续重复；用于计算重复风机功率扣减量，是否并入最终异常由参数控制
2024-07-01 16:22:00,2024-07-01 16:28:00,7,风机联合连续重复,风机联合连续重复；用于计算重复风机功率扣减量，是否并入最终异常由参数控制
2024-07-01 16:22:00,2024-07-01 16:28:00,7,风机联合连续重复,风机联合连续重复；用于计算重复风机功率扣减量，是否并入最终异常由参数控制
2024-07-01 16:22:00,2024-07-01 16:28:00,7,风机联合连续重复,风机联合连续重复；用于计算重复风机功率扣减量，是否并入最终异常由参数控制
2024-07-01 16:22:00,2024-07-01 16:28:00,7,风机联合连续重复,风机联合连续重复；用于计算重复风机功率扣减量，是否并入最终异常由参数控制
2024-07-01 16:22:00,2024-07-01 16:28:00,7,风机联合连续重复,风机联合连续重复；用于计算重复风机功率扣减量，是否并入最终异常由参数控制
2024-07-01 16:22:00,2024-07-01 16:28:00,7,风机联合连续重复,风机联合连续重复；用于计算重复风机功率扣减量，是否并入最终异常由参数控制
2024-07-01 16:22:00,2024-07-01 16:28:00,7,风机联合连续重复,风机联合连续重复；用于计算重复风机功率扣减量，是否并入最终异常由参数控制
2024-07-01 16:22:00,2024-07-01 16:28:00,7,风机联合连续重复,风机联合连续重复；用于计算重复风机功率扣减量，是否并入最终异常由参数控制
2024-07-01 16:22:00,2024-07-01 16:28:00,7,风机联合连续重复,风机联合连续重复；用于计算重复风机功率扣减量，是否并入最终异常由参数控制
2024-07-01 16:22:00,2024-07-01 16:28:00,7,风机联合连续重复,风机联合连续重复；用于计算重复风机功率扣减量，是否并入最终异常由参数控制
2024-07-01 16:22:00,2024-07-01 16:28:00,7,风机联合连续重复,风机联合连续重复；用于计算重复风机功率扣减量，是否并入最终异常由参数控制
2024-07-01 16:22:00,2024-07-01 16:28:00,7,风机联合连续重复,风机联合连续重复；用于计算重复风机功率扣减量，是否并入最终异常由参数控制
2024-07-01 16:22:00,2024-07-01 16:28:00,7,风机联合连续重复,风机联合连续重复；用于计算重复风机功率扣减量，是否并入最终异常由参数控制
2024-07-01 16:22:00,2024-07-01 16:28:00,7,风机联合连续重复,风机联合连续重复；用于计算重复风机功率扣减量，是否并入最终异常由参数控制
2024-07-01 16:22:00,2024-07-01 16:28:00,7,风机联合连续重复,风机联合连续重复；用于计算重复风机功率扣减量，是否并入最终异常由参数控制
2024-07-01 16:22:00,2024-07-01 16:28:00,7,站端功率连续重复,ACTIVE_POWER_STATION 重复值大于阈值且持续长度大于阈值
2024-07-01 22:26:00,2024-07-01 22:29:00,4,站端功率连续重复,ACTIVE_POWER_STATION 重复值大于阈值且持续长度大于阈值
2024-07-01 22:31:00,2024-07-01 22:35:00,5,站端功率连续重复,ACTIVE_POWER_STATION 重复值大于阈值且持续长度大于阈值
2024-07-01 22:42:00,2024-07-01 22:45:00,4,站端功率连续重复,ACTIVE_POWER_STATION 重复值大于阈值且持续长度大于阈值
2024-07-01 23:01:00,2024-07-01 23:04:00,4,站端功率连续重复,ACTIVE_POWER_STATION 重复值大于阈值且持续长度大于阈值
2024-07-02 13:49:00,2024-07-02 13:52:00,4,站端功率连续重复,ACTIVE_POWER_STATION 重复值大于阈值且持续长度大于阈值
2024-07-02 17:05:00,2024-07-02 17:08:00,4,风机联合连续重复,风机联合连续重复；用于计算重复风机功率扣减量，是否并入最终异常由参数控制
2024-07-02 17:05:00,2024-07-02 17:08:00,4,风机联合连续重复,风机联合连续重复；用于计算重复风机功率扣减量，是否并入最终异常由参数控制
2024-07-02 17:05:00,2024-07-02 17:08:00,4,风机联合连续重复,风机联合连续重复；用于计算重复风机功率扣减量，是否并入最终异常由参数控制
2024-07-02 17:05:00,2024-07-02 17:08:00,4,风机联合连续重复,风机联合连续重复；用于计算重复风机功率扣减量，是否并入最终异常由参数控制
2024-07-02 17:05:00,2024-07-02 17:08:00,4,风机联合连续重复,风机联合连续重复；用于计算重复风机功率扣减量，是否并入最终异常由参数控制
2024-07-02 17:05:00,2024-07-02 17:08:00,4,风机联合连续重复,风机联合连续重复；用于计算重复风机功率扣减量，是否并入最终异常由参数控制
2024-07-02 17:05:00,2024-07-02 17:08:00,4,风机联合连续重复,风机联合连续重复；用于计算重复风机功率扣减量，是否并入最终异常由参数控制
2024-07-02 17:05:00,2024-07-02 17:08:00,4,风机联合连续重复,风机联合连续重复；用于计算重复风机功率扣减量，是否并入最终异常由参数控制
2024-07-02 17:05:00,2024-07-02 17:08:00,4,风机联合连续重复,风机联合连续重复；用于计算重复风机功率扣减量，是否并入最终异常由参数控制
2024-07-02 17:05:00,2024-07-02 17:08:00,4,风机联合连续重复,风机联合连续重复；用于计算重复风机功率扣减量，是否并入最终异常由参数控制
2024-07-02 17:05:00,2024-07-02 17:08:00,4,风机联合连续重复,风机联合连续重复；用于计算重复风机功率扣减量，是否并入最终异常由参数控制
2024-07-02 17:05:00,2024-07-02 17:08:00,4,风机联合连续重复,风机联合连续重复；用于计算重复风机功率扣减量，是否并入最终异常由参数控制
2024-07-02 17:05:00,2024-07-02 17:08:00,4,风机联合连续重复,风机联合连续重复；用于计算重复风机功率扣减量，是否并入最终异常由参数控制
2024-07-02 17:05:00,2024-07-02 17:08:00,4,风机联合连续重复,风机联合连续重复；用于计算重复风机功率扣减量，是否并入最终异常由参数控制
2024-07-02 17:05:00,2024-07-02 17:08:00,4,风机联合连续重复,风机联合连续重复；用于计算重复风机功率扣减量，是否并入最终异常由参数控制
2024-07-02 17:05:00,2024-07-02 17:08:00,4,风机联合连续重复,风机联合连续重复；用于计算重复风机功率扣减量，是否并入最终异常由参数控制
2024-07-02 17:05:00,2024-07-02 17:08:00,4,风机联合连续重复,风机联合连续重复；用于计算重复风机功率扣减量，是否并入最终异常由参数控制
2024-07-02 17:05:00,2024-07-02 17:08:00,4,风机联合连续重复,风机联合连续重复；用于计算重复风机功率扣减量，是否并入最终异常由参数控制
2024-07-02 17:05:00,2024-07-02 17:08:00,4,风机联合连续重复,风机联合连续重复；用于计算重复风机功率扣减量，是否并入最终异常由参数控制
2024-07-02 17:05:00,2024-07-02 17:08:00,4,风机联合连续重复,风机联合连续重复；用于计算重复风机功率扣减量，是否并入最终异常由参数控制
2024-07-02 17:05:00,2024-07-02 17:08:00,4,风机联合连续重复,风机联合连续重复；用于计算重复风机功率扣减量，是否并入最终异常由参数控制
2024-07-02 17:05:00,2024-07-02 17:08:00,4,风机联合连续重复,风机联合连续重复；用于计算重复风机功率扣减量，是否并入最终异常由参数控制
2024-07-02 17:05:00,2024-07-02 17:08:00,4,风机联合连续重复,风机联合连续重复；用于计算重复风机功率扣减量，是否并入最终异常由参数控制
2024-07-02 17:05:00,2024-07-02 17:08:00,4,风机联合连续重复,风机联合连续重复；用于计算重复风机功率扣减量，是否并入最终异常由参数控制
2024-07-02 17:05:00,2024-07-02 17:08:00,4,风机联合连续重复,风机联合连续重复；用于计算重复风机功率扣减量，是否并入最终异常由参数控制
2024-07-02 17:05:00,2024-07-02 17:08:00,4,风机联合连续重复,风机联合连续重复；用于计算重复风机功率扣减量，是否并入最终异常由参数控制
2024-07-02 17:05:00,2024-07-02 17:08:00,4,风机联合连续重复,风机联合连续重复；用于计算重复风机功率扣减量，是否并入最终异常由参数控制
2024-07-02 17:05:00,2024-07-02 17:08:00,4,风机联合连续重复,风机联合连续重复；用于计算重复风机功率扣减量，是否并入最终异常由参数控制
2024-07-02 17:05:00,2024-07-02 17:08:00,4,风机联合连续重复,风机联合连续重复；用于计算重复风机功率扣减量，是否并入最终异常由参数控制
2024-07-02 17:05:00,2024-07-02 17:08:00,4,风机联合连续重复,风机联合连续重复；用于计算重复风机功率扣减量，是否并入最终异常由参数控制
2024-07-02 17:05:00,2024-07-02 17:08:00,4,风机联合连续重复,风机联合连续重复；用于计算重复风机功率扣减量，是否并入最终异常由参数控制
2024-07-02 17:05:00,2024-07-02 17:08:00,4,风机联合连续重复,风机联合连续重复；用于计算重复风机功率扣减量，是否并入最终异常由参数控制
2024-07-02 17:05:00,2024-07-02 17:08:00,4,风机联合连续重复,风机联合连续重复；用于计算重复风机功率扣减量，是否并入最终异常由参数控制
2024-07-02 17:05:00,2024-07-02 17:08:00,4,风机联合连续重复,风机联合连续重复；用于计算重复风机功率扣减量，是否并入最终异常由参数控制
2024-07-02 17:05:00,2024-07-02 17:08:00,4,风机联合连续重复,风机联合连续重复；用于计算重复风机功率扣减量，是否并入最终异常由参数控制
2024-07-02 17:05:00,2024-07-02 17:08:00,4,风机联合连续重复,风机联合连续重复；用于计算重复风机功率扣减量，是否并入最终异常由参数控制
2024-07-02 17:05:00,2024-07-02 17:08:00,4,风机联合连续重复,风机联合连续重复；用于计算重复风机功率扣减量，是否并入最终异常由参数控制
2024-07-02 17:05:00,2024-07-02 17:08:00,4,风机联合连续重复,风机联合连续重复；用于计算重复风机功率扣减量，是否并入最终异常由参数控制
2024-07-02 17:05:00,2024-07-02 17:08:00,4,风机联合连续重复,风机联合连续重复；用于计算重复风机功率扣减量，是否并入最终异常由参数控制
2024-07-02 17:05:00,2024-07-02 17:08:00,4,风机联合连续重复,风机联合连续重复；用于计算重复风机功率扣减量，是否并入最终异常由参数控制
2024-07-02 17:05:00,2024-07-02 17:08:00,4,风机联合连续重复,风机联合连续重复；用于计算重复风机功率扣减量，是否并入最终异常由参数控制
2024-07-02 17:05:00,2024-07-02 17:08:00,4,风机联合连续重复,风机联合连续重复；用于计算重复风机功率扣减量，是否并入最终异常由参数控制
2024-07-02 17:05:00,2024-07-02 17:08:00,4,风机联合连续重复,风机联合连续重复；用于计算重复风机功率扣减量，是否并入最终异常由参数控制
2024-07-02 17:05:00,2024-07-02 17:08:00,4,风机联合连续重复,风机联合连续重复；用于计算重复风机功率扣减量，是否并入最终异常由参数控制
2024-07-02 17:05:00,2024-07-02 17:08:00,4,风机联合连续重复,风机联合连续重复；用于计算重复风机功率扣减量，是否并入最终异常由参数控制
2024-07-02 17:05:00,2024-07-02 17:08:00,4,风机联合连续重复,风机联合连续重复；用于计算重复风机功率扣减量，是否并入最终异常由参数控制
2024-07-02 17:05:00,2024-07-02 17:08:00,4,风机联合连续重复,风机联合连续重复；用于计算重复风机功率扣减量，是否并入最终异常由参数控制
2024-07-02 17:05:00,2024-07-02 17:08:00,4,风机联合连续重复,风机联合连续重复；用于计算重复风机功率扣减量，是否并入最终异常由参数控制
2024-07-02 17:05:00,2024-07-02 17:08:00,4,风机联合连续重复,风机联合连续重复；用于计算重复风机功率扣减量，是否并入最终异常由参数控制
2024-07-02 17:05:00,2024-07-02 17:08:00,4,风机联合连续重复,风机联合连续重复；用于计算重复风机功率扣减量，是否并入最终异常由参数控制
2024-07-02 17:05:00,2024-07-02 17:08:00,4,风机联合连续重复,风机联合连续重复；用于计算重复风机功率扣减量，是否并入最终异常由参数控制
2024-07-02 17:05:00,2024-07-02 17:08:00,4,风机联合连续重复,风机联合连续重复；用于计算重复风机功率扣减量，是否并入最终异常由参数控制
2024-07-02 17:05:00,2024-07-02 17:08:00,4,风机联合连续重复,风机联合连续重复；用于计算重复风机功率扣减量，是否并入最终异常由参数控制
2024-07-02 17:05:00,2024-07-02 17:08:00,4,风机联合连续重复,风机联合连续重复；用于计算重复风机功率扣减量，是否并入最终异常由参数控制
2024-07-02 17:05:00,2024-07-02 17:08:00,4,风机联合连续重复,风机联合连续重复；用于计算重复风机功率扣减量，是否并入最终异常由参数控制
2024-07-02 17:05:00,2024-07-02 17:08:00,4,风机联合连续重复,风机联合连续重复；用于计算重复风机功率扣减量，是否并入最终异常由参数控制
2024-07-02 17:05:00,2024-07-02 17:08:00,4,风机联合连续重复,风机联合连续重复；用于计算重复风机功率扣减量，是否并入最终异常由参数控制
2024-07-02 17:05:00,2024-07-02 17:08:00,4,风机联合连续重复,风机联合连续重复；用于计算重复风机功率扣减量，是否并入最终异常由参数控制
2024-07-02 17:05:00,2024-07-02 17:08:00,4,风机联合连续重复,风机联合连续重复；用于计算重复风机功率扣减量，是否并入最终异常由参数控制
2024-07-02 17:05:00,2024-07-02 17:08:00,4,风机联合连续重复,风机联合连续重复；用于计算重复风机功率扣减量，是否并入最终异常由参数控制
2024-07-02 17:05:00,2024-07-02 17:08:00,4,风机联合连续重复,风机联合连续重复；用于计算重复风机功率扣减量，是否并入最终异常由参数控制
2024-07-02 17:05:00,2024-07-02 17:08:00,4,风机联合连续重复,风机联合连续重复；用于计算重复风机功率扣减量，是否并入最终异常由参数控制
2024-07-02 17:05:00,2024-07-02 17:08:00,4,风机联合连续重复,风机联合连续重复；用于计算重复风机功率扣减量，是否并入最终异常由参数控制
2024-07-02 17:05:00,2024-07-02 17:08:00,4,风机联合连续重复,风机联合连续重复；用于计算重复风机功率扣减量，是否并入最终异常由参数控制
2024-07-02 17:05:00,2024-07-02 17:08:00,4,风机联合连续重复,风机联合连续重复；用于计算重复风机功率扣减量，是否并入最终异常由参数控制
2024-07-02 17:05:00,2024-07-02 17:08:00,4,风机联合连续重复,风机联合连续重复；用于计算重复风机功率扣减量，是否并入最终异常由参数控制
2024-07-02 17:05:00,2024-07-02 17:08:00,4,风机联合连续重复,风机联合连续重复；用于计算重复风机功率扣减量，是否并入最终异常由参数控制
2024-07-02 17:05:00,2024-07-02 17:08:00,4,风机联合连续重复,风机联合连续重复；用于计算重复风机功率扣减量，是否并入最终异常由参数控制
2024-07-02 17:05:00,2024-07-02 17:08:00,4,风机联合连续重复,风机联合连续重复；用于计算重复风机功率扣减量，是否并入最终异常由参数控制
2024-07-02 17:05:00,2024-07-02 17:08:00,4,风机联合连续重复,风机联合连续重复；用于计算重复风机功率扣减量，是否并入最终异常由参数控制
2024-07-02 17:05:00,2024-07-02 17:08:00,4,风机联合连续重复,风机联合连续重复；用于计算重复风机功率扣减量，是否并入最终异常由参数控制
2024-07-02 17:05:00,2024-07-02 17:08:00,4,风机联合连续重复,风机联合连续重复；用于计算重复风机功率扣减量，是否并入最终异常由参数控制
2024-07-02 17:05:00,2024-07-02 17:08:00,4,风机联合连续重复,风机联合连续重复；用于计算重复风机功率扣减量，是否并入最终异常由参数控制
2024-07-02 17:05:00,2024-07-02 17:08:00,4,风机联合连续重复,风机联合连续重复；用于计算重复风机功率扣减量，是否并入最终异常由参数控制
2024-07-02 17:05:00,2024-07-02 17:08:00,4,风机联合连续重复,风机联合连续重复；用于计算重复风机功率扣减量，是否并入最终异常由参数控制
2024-07-02 17:05:00,2024-07-02 17:08:00,4,风机联合连续重复,风机联合连续重复；用于计算重复风机功率扣减量，是否并入最终异常由参数控制
2024-07-02 17:05:00,2024-07-02 17:08:00,4,风机联合连续重复,风机联合连续重复；用于计算重复风机功率扣减量，是否并入最终异常由参数控制
2024-07-02 17:05:00,2024-07-02 17:08:00,4,风机联合连续重复,风机联合连续重复；用于计算重复风机功率扣减量，是否并入最终异常由参数控制
2024-07-02 17:05:00,2024-07-02 17:08:00,4,风机联合连续重复,风机联合连续重复；用于计算重复风机功率扣减量，是否并入最终异常由参数控制
2024-07-02 17:05:00,2024-07-02 17:08:00,4,风机联合连续重复,风机联合连续重复；用于计算重复风机功率扣减量，是否并入最终异常由参数控制
2024-07-02 17:05:00,2024-07-02 17:08:00,4,风机联合连续重复,风机联合连续重复；用于计算重复风机功率扣减量，是否并入最终异常由参数控制
2024-07-02 17:05:00,2024-07-02 17:08:00,4,风机联合连续重复,风机联合连续重复；用于计算重复风机功率扣减量，是否并入最终异常由参数控制
2024-07-02 17:05:00,2024-07-02 17:08:00,4,风机联合连续重复,风机联合连续重复；用于计算重复风机功率扣减量，是否并入最终异常由参数控制
2024-07-02 17:05:00,2024-07-02 17:08:00,4,风机联合连续重复,风机联合连续重复；用于计算重复风机功率扣减量，是否并入最终异常由参数控制
2024-07-02 17:05:00,2024-07-02 17:08:00,4,风机联合连续重复,风机联合连续重复；用于计算重复风机功率扣减量，是否并入最终异常由参数控制
2024-07-02 17:05:00,2024-07-02 17:08:00,4,风机联合连续重复,风机联合连续重复；用于计算重复风机功率扣减量，是否并入最终异常由参数控制
2024-07-02 17:05:00,2024-07-02 17:08:00,4,风机联合连续重复,风机联合连续重复；用于计算重复风机功率扣减量，是否并入最终异常由参数控制
2024-07-02 17:05:00,2024-07-02 17:08:00,4,风机联合连续重复,风机联合连续重复；用于计算重复风机功率扣减量，是否并入最终异常由参数控制
2024-07-02 17:05:00,2024-07-02 17:08:00,4,风机联合连续重复,风机联合连续重复；用于计算重复风机功率扣减量，是否并入最终异常由参数控制
2024-07-02 17:05:00,2024-07-02 17:08:00,4,风机联合连续重复,风机联合连续重复；用于计算重复风机功率扣减量，是否并入最终异常由参数控制
2024-07-02 17:05:00,2024-07-02 17:08:00,4,风机联合连续重复,风机联合连续重复；用于计算重复风机功率扣减量，是否并入最终异常由参数控制
2024-07-02 17:05:00,2024-07-02 17:08:00,4,站端功率连续重复,ACTIVE_POWER_STATION 重复值大于阈值且持续长度大于阈值
2024-07-02 17:46:00,2024-07-02 17:51:00,6,风机联合连续重复,风机联合连续重复；用于计算重复风机功率扣减量，是否并入最终异常由参数控制
2024-07-02 17:46:00,2024-07-02 17:51:00,6,风机联合连续重复,风机联合连续重复；用于计算重复风机功率扣减量，是否并入最终异常由参数控制
2024-07-02 17:46:00,2024-07-02 17:51:00,6,风机联合连续重复,风机联合连续重复；用于计算重复风机功率扣减量，是否并入最终异常由参数控制
2024-07-02 17:46:00,2024-07-02 17:51:00,6,风机联合连续重复,风机联合连续重复；用于计算重复风机功率扣减量，是否并入最终异常由参数控制
2024-07-02 17:46:00,2024-07-02 17:51:00,6,风机联合连续重复,风机联合连续重复；用于计算重复风机功率扣减量，是否并入最终异常由参数控制
2024-07-02 17:46:00,2024-07-02 17:51:00,6,风机联合连续重复,风机联合连续重复；用于计算重复风机功率扣减量，是否并入最终异常由参数控制
2024-07-02 17:46:00,2024-07-02 17:51:00,6,风机联合连续重复,风机联合连续重复；用于计算重复风机功率扣减量，是否并入最终异常由参数控制
2024-07-02 17:46:00,2024-07-02 17:51:00,6,风机联合连续重复,风机联合连续重复；用于计算重复风机功率扣减量，是否并入最终异常由参数控制
2024-07-02 17:46:00,2024-07-02 17:51:00,6,风机联合连续重复,风机联合连续重复；用于计算重复风机功率扣减量，是否并入最终异常由参数控制
2024-07-02 17:46:00,2024-07-02 17:51:00,6,风机联合连续重复,风机联合连续重复；用于计算重复风机功率扣减量，是否并入最终异常由参数控制
2024-07-02 17:46:00,2024-07-02 17:51:00,6,风机联合连续重复,风机联合连续重复；用于计算重复风机功率扣减量，是否并入最终异常由参数控制
2024-07-02 17:46:00,2024-07-02 17:51:00,6,风机联合连续重复,风机联合连续重复；用于计算重复风机功率扣减量，是否并入最终异常由参数控制
2024-07-02 17:46:00,2024-07-02 17:51:00,6,风机联合连续重复,风机联合连续重复；用于计算重复风机功率扣减量，是否并入最终异常由参数控制
2024-07-02 17:46:00,2024-07-02 17:51:00,6,风机联合连续重复,风机联合连续重复；用于计算重复风机功率扣减量，是否并入最终异常由参数控制
2024-07-02 17:46:00,2024-07-02 17:51:00,6,风机联合连续重复,风机联合连续重复；用于计算重复风机功率扣减量，是否并入最终异常由参数控制
2024-07-02 17:46:00,2024-07-02 17:51:00,6,风机联合连续重复,风机联合连续重复；用于计算重复风机功率扣减量，是否并入最终异常由参数控制
2024-07-02 17:46:00,2024-07-02 17:51:00,6,风机联合连续重复,风机联合连续重复；用于计算重复风机功率扣减量，是否并入最终异常由参数控制
2024-07-02 17:46:00,2024-07-02 17:51:00,6,风机联合连续重复,风机联合连续重复；用于计算重复风机功率扣减量，是否并入最终异常由参数控制
2024-07-02 17:46:00,2024-07-02 17:51:00,6,风机联合连续重复,风机联合连续重复；用于计算重复风机功率扣减量，是否并入最终异常由参数控制
2024-07-02 17:46:00,2024-07-02 17:51:00,6,风机联合连续重复,风机联合连续重复；用于计算重复风机功率扣减量，是否并入最终异常由参数控制
2024-07-02 17:46:00,2024-07-02 17:51:00,6,风机联合连续重复,风机联合连续重复；用于计算重复风机功率扣减量，是否并入最终异常由参数控制
2024-07-02 17:46:00,2024-07-02 17:51:00,6,风机联合连续重复,风机联合连续重复；用于计算重复风机功率扣减量，是否并入最终异常由参数控制
2024-07-02 17:46:00,2024-07-02 17:51:00,6,风机联合连续重复,风机联合连续重复；用于计算重复风机功率扣减量，是否并入最终异常由参数控制
2024-07-02 17:46:00,2024-07-02 17:51:00,6,风机联合连续重复,风机联合连续重复；用于计算重复风机功率扣减量，是否并入最终异常由参数控制
2024-07-02 17:46:00,2024-07-02 17:51:00,6,风机联合连续重复,风机联合连续重复；用于计算重复风机功率扣减量，是否并入最终异常由参数控制
2024-07-02 17:46:00,2024-07-02 17:51:00,6,风机联合连续重复,风机联合连续重复；用于计算重复风机功率扣减量，是否并入最终异常由参数控制
2024-07-02 17:46:00,2024-07-02 17:51:00,6,风机联合连续重复,风机联合连续重复；用于计算重复风机功率扣减量，是否并入最终异常由参数控制
2024-07-02 17:46:00,2024-07-02 17:51:00,6,风机联合连续重复,风机联合连续重复；用于计算重复风机功率扣减量，是否并入最终异常由参数控制
2024-07-02 17:46:00,2024-07-02 17:51:00,6,风机联合连续重复,风机联合连续重复；用于计算重复风机功率扣减量，是否并入最终异常由参数控制
2024-07-02 17:46:00,2024-07-02 17:51:00,6,风机联合连续重复,风机联合连续重复；用于计算重复风机功率扣减量，是否并入最终异常由参数控制
2024-07-02 17:46:00,2024-07-02 17:51:00,6,风机联合连续重复,风机联合连续重复；用于计算重复风机功率扣减量，是否并入最终异常由参数控制
2024-07-02 17:46:00,2024-07-02 17:51:00,6,风机联合连续重复,风机联合连续重复；用于计算重复风机功率扣减量，是否并入最终异常由参数控制
2024-07-02 17:46:00,2024-07-02 17:51:00,6,风机联合连续重复,风机联合连续重复；用于计算重复风机功率扣减量，是否并入最终异常由参数控制
2024-07-02 17:46:00,2024-07-02 17:51:00,6,风机联合连续重复,风机联合连续重复；用于计算重复风机功率扣减量，是否并入最终异常由参数控制
2024-07-02 17:46:00,2024-07-02 17:51:00,6,风机联合连续重复,风机联合连续重复；用于计算重复风机功率扣减量，是否并入最终异常由参数控制
2024-07-02 17:46:00,2024-07-02 17:51:00,6,风机联合连续重复,风机联合连续重复；用于计算重复风机功率扣减量，是否并入最终异常由参数控制
2024-07-02 17:46:00,2024-07-02 17:51:00,6,风机联合连续重复,风机联合连续重复；用于计算重复风机功率扣减量，是否并入最终异常由参数控制
2024-07-02 17:46:00,2024-07-02 17:51:00,6,风机联合连续重复,风机联合连续重复；用于计算重复风机功率扣减量，是否并入最终异常由参数控制
2024-07-02 17:46:00,2024-07-02 17:51:00,6,风机联合连续重复,风机联合连续重复；用于计算重复风机功率扣减量，是否并入最终异常由参数控制
2024-07-02 17:46:00,2024-07-02 17:51:00,6,风机联合连续重复,风机联合连续重复；用于计算重复风机功率扣减量，是否并入最终异常由参数控制
2024-07-02 17:46:00,2024-07-02 17:51:00,6,风机联合连续重复,风机联合连续重复；用于计算重复风机功率扣减量，是否并入最终异常由参数控制
2024-07-02 17:46:00,2024-07-02 17:51:00,6,风机联合连续重复,风机联合连续重复；用于计算重复风机功率扣减量，是否并入最终异常由参数控制
2024-07-02 17:46:00,2024-07-02 17:51:00,6,风机联合连续重复,风机联合连续重复；用于计算重复风机功率扣减量，是否并入最终异常由参数控制
2024-07-02 17:46:00,2024-07-02 17:51:00,6,风机联合连续重复,风机联合连续重复；用于计算重复风机功率扣减量，是否并入最终异常由参数控制
2024-07-02 17:46:00,2024-07-02 17:51:00,6,风机联合连续重复,风机联合连续重复；用于计算重复风机功率扣减量，是否并入最终异常由参数控制
2024-07-02 17:46:00,2024-07-02 17:51:00,6,风机联合连续重复,风机联合连续重复；用于计算重复风机功率扣减量，是否并入最终异常由参数控制
2024-07-02 17:46:00,2024-07-02 17:51:00,6,风机联合连续重复,风机联合连续重复；用于计算重复风机功率扣减量，是否并入最终异常由参数控制
2024-07-02 17:46:00,2024-07-02 17:51:00,6,风机联合连续重复,风机联合连续重复；用于计算重复风机功率扣减量，是否并入最终异常由参数控制
2024-07-02 17:46:00,2024-07-02 17:51:00,6,风机联合连续重复,风机联合连续重复；用于计算重复风机功率扣减量，是否并入最终异常由参数控制
2024-07-02 17:46:00,2024-07-02 17:51:00,6,风机联合连续重复,风机联合连续重复；用于计算重复风机功率扣减量，是否并入最终异常由参数控制
2024-07-02 17:46:00,2024-07-02 17:51:00,6,风机联合连续重复,风机联合连续重复；用于计算重复风机功率扣减量，是否并入最终异常由参数控制
2024-07-02 17:46:00,2024-07-02 17:51:00,6,风机联合连续重复,风机联合连续重复；用于计算重复风机功率扣减量，是否并入最终异常由参数控制
2024-07-02 17:46:00,2024-07-02 17:51:00,6,风机联合连续重复,风机联合连续重复；用于计算重复风机功率扣减量，是否并入最终异常由参数控制
2024-07-02 17:46:00,2024-07-02 17:51:00,6,风机联合连续重复,风机联合连续重复；用于计算重复风机功率扣减量，是否并入最终异常由参数控制
2024-07-02 17:46:00,2024-07-02 17:51:00,6,风机联合连续重复,风机联合连续重复；用于计算重复风机功率扣减量，是否并入最终异常由参数控制
2024-07-02 17:46:00,2024-07-02 17:51:00,6,风机联合连续重复,风机联合连续重复；用于计算重复风机功率扣减量，是否并入最终异常由参数控制
2024-07-02 17:46:00,2024-07-02 17:51:00,6,风机联合连续重复,风机联合连续重复；用于计算重复风机功率扣减量，是否并入最终异常由参数控制
2024-07-02 17:46:00,2024-07-02 17:51:00,6,风机联合连续重复,风机联合连续重复；用于计算重复风机功率扣减量，是否并入最终异常由参数控制
2024-07-02 17:46:00,2024-07-02 17:51:00,6,风机联合连续重复,风机联合连续重复；用于计算重复风机功率扣减量，是否并入最终异常由参数控制
2024-07-02 17:46:00,2024-07-02 17:51:00,6,风机联合连续重复,风机联合连续重复；用于计算重复风机功率扣减量，是否并入最终异常由参数控制
2024-07-02 17:46:00,2024-07-02 17:51:00,6,风机联合连续重复,风机联合连续重复；用于计算重复风机功率扣减量，是否并入最终异常由参数控制
2024-07-02 17:46:00,2024-07-02 17:51:00,6,风机联合连续重复,风机联合连续重复；用于计算重复风机功率扣减量，是否并入最终异常由参数控制
2024-07-02 17:46:00,2024-07-02 17:51:00,6,风机联合连续重复,风机联合连续重复；用于计算重复风机功率扣减量，是否并入最终异常由参数控制
2024-07-02 17:46:00,2024-07-02 17:51:00,6,风机联合连续重复,风机联合连续重复；用于计算重复风机功率扣减量，是否并入最终异常由参数控制
2024-07-02 17:46:00,2024-07-02 17:51:00,6,风机联合连续重复,风机联合连续重复；用于计算重复风机功率扣减量，是否并入最终异常由参数控制
2024-07-02 17:46:00,2024-07-02 17:51:00,6,风机联合连续重复,风机联合连续重复；用于计算重复风机功率扣减量，是否并入最终异常由参数控制
2024-07-02 17:46:00,2024-07-02 17:51:00,6,风机联合连续重复,风机联合连续重复；用于计算重复风机功率扣减量，是否并入最终异常由参数控制
2024-07-02 17:46:00,2024-07-02 17:51:00,6,风机联合连续重复,风机联合连续重复；用于计算重复风机功率扣减量，是否并入最终异常由参数控制
2024-07-02 17:46:00,2024-07-02 17:51:00,6,风机联合连续重复,风机联合连续重复；用于计算重复风机功率扣减量，是否并入最终异常由参数控制
2024-07-02 17:46:00,2024-07-02 17:51:00,6,风机联合连续重复,风机联合连续重复；用于计算重复风机功率扣减量，是否并入最终异常由参数控制
2024-07-02 17:46:00,2024-07-02 17:51:00,6,风机联合连续重复,风机联合连续重复；用于计算重复风机功率扣减量，是否并入最终异常由参数控制
2024-07-02 17:46:00,2024-07-02 17:51:00,6,风机联合连续重复,风机联合连续重复；用于计算重复风机功率扣减量，是否并入最终异常由参数控制
2024-07-02 17:46:00,2024-07-02 17:51:00,6,风机联合连续重复,风机联合连续重复；用于计算重复风机功率扣减量，是否并入最终异常由参数控制
2024-07-02 17:46:00,2024-07-02 17:51:00,6,风机联合连续重复,风机联合连续重复；用于计算重复风机功率扣减量，是否并入最终异常由参数控制
2024-07-02 17:46:00,2024-07-02 17:51:00,6,风机联合连续重复,风机联合连续重复；用于计算重复风机功率扣减量，是否并入最终异常由参数控制
2024-07-02 17:46:00,2024-07-02 17:51:00,6,风机联合连续重复,风机联合连续重复；用于计算重复风机功率扣减量，是否并入最终异常由参数控制
2024-07-02 17:46:00,2024-07-02 17:51:00,6,风机联合连续重复,风机联合连续重复；用于计算重复风机功率扣减量，是否并入最终异常由参数控制
2024-07-02 17:46:00,2024-07-02 17:51:00,6,风机联合连续重复,风机联合连续重复；用于计算重复风机功率扣减量，是否并入最终异常由参数控制
2024-07-02 17:46:00,2024-07-02 17:51:00,6,风机联合连续重复,风机联合连续重复；用于计算重复风机功率扣减量，是否并入最终异常由参数控制
2024-07-02 17:46:00,2024-07-02 17:51:00,6,风机联合连续重复,风机联合连续重复；用于计算重复风机功率扣减量，是否并入最终异常由参数控制
2024-07-02 17:46:00,2024-07-02 17:51:00,6,风机联合连续重复,风机联合连续重复；用于计算重复风机功率扣减量，是否并入最终异常由参数控制
2024-07-02 17:46:00,2024-07-02 17:51:00,6,风机联合连续重复,风机联合连续重复；用于计算重复风机功率扣减量，是否并入最终异常由参数控制
2024-07-02 17:46:00,2024-07-02 17:51:00,6,风机联合连续重复,风机联合连续重复；用于计算重复风机功率扣减量，是否并入最终异常由参数控制
2024-07-02 17:46:00,2024-07-02 17:51:00,6,风机联合连续重复,风机联合连续重复；用于计算重复风机功率扣减量，是否并入最终异常由参数控制
2024-07-02 17:46:00,2024-07-02 17:51:00,6,风机联合连续重复,风机联合连续重复；用于计算重复风机功率扣减量，是否并入最终异常由参数控制
2024-07-02 17:46:00,2024-07-02 17:51:00,6,风机联合连续重复,风机联合连续重复；用于计算重复风机功率扣减量，是否并入最终异常由参数控制
2024-07-02 17:46:00,2024-07-02 17:51:00,6,风机联合连续重复,风机联合连续重复；用于计算重复风机功率扣减量，是否并入最终异常由参数控制
2024-07-02 17:46:00,2024-07-02 17:51:00,6,风机联合连续重复,风机联合连续重复；用于计算重复风机功率扣减量，是否并入最终异常由参数控制
2024-07-02 17:46:00,2024-07-02 17:51:00,6,风机联合连续重复,风机联合连续重复；用于计算重复风机功率扣减量，是否并入最终异常由参数控制
2024-07-02 17:46:00,2024-07-02 17:51:00,6,风机联合连续重复,风机联合连续重复；用于计算重复风机功率扣减量，是否并入最终异常由参数控制
2024-07-02 17:46:00,2024-07-02 17:51:00,6,风机联合连续重复,风机联合连续重复；用于计算重复风机功率扣减量，是否并入最终异常由参数控制
2024-07-02 17:46:00,2024-07-02 17:51:00,6,站端功率连续重复,ACTIVE_POWER_STATION 重复值大于阈值且持续长度大于阈值
2024-07-04 15:05:00,2024-07-04 15:05:00,1,物理超额定,风机功率之和或 ACTIVE_POWER_STATION 超过额定功率上限；明细保留但汇总剔除
2024-07-05 11:14:00,2024-07-05 11:17:00,4,风机联合连续重复,风机联合连续重复；用于计算重复风机功率扣减量，是否并入最终异常由参数控制
2024-07-05 11:14:00,2024-07-05 11:17:00,4,风机联合连续重复,风机联合连续重复；用于计算重复风机功率扣减量，是否并入最终异常由参数控制
2024-07-05 11:14:00,2024-07-05 11:17:00,4,风机联合连续重复,风机联合连续重复；用于计算重复风机功率扣减量，是否并入最终异常由参数控制
2024-07-05 11:14:00,2024-07-05 11:17:00,4,风机联合连续重复,风机联合连续重复；用于计算重复风机功率扣减量，是否并入最终异常由参数控制
2024-07-05 11:14:00,2024-07-05 11:17:00,4,风机联合连续重复,风机联合连续重复；用于计算重复风机功率扣减量，是否并入最终异常由参数控制
2024-07-05 11:14:00,2024-07-05 11:17:00,4,风机联合连续重复,风机联合连续重复；用于计算重复风机功率扣减量，是否并入最终异常由参数控制
2024-07-05 11:14:00,2024-07-05 11:17:00,4,风机联合连续重复,风机联合连续重复；用于计算重复风机功率扣减量，是否并入最终异常由参数控制
2024-07-05 11:14:00,2024-07-05 11:17:00,4,风机联合连续重复,风机联合连续重复；用于计算重复风机功率扣减量，是否并入最终异常由参数控制
2024-07-05 11:14:00,2024-07-05 11:17:00,4,风机联合连续重复,风机联合连续重复；用于计算重复风机功率扣减量，是否并入最终异常由参数控制
2024-07-05 11:14:00,2024-07-05 11:17:00,4,风机联合连续重复,风机联合连续重复；用于计算重复风机功率扣减量，是否并入最终异常由参数控制
2024-07-05 11:14:00,2024-07-05 11:17:00,4,风机联合连续重复,风机联合连续重复；用于计算重复风机功率扣减量，是否并入最终异常由参数控制
2024-07-05 11:14:00,2024-07-05 11:17:00,4,风机联合连续重复,风机联合连续重复；用于计算重复风机功率扣减量，是否并入最终异常由参数控制
2024-07-05 11:14:00,2024-07-05 11:17:00,4,风机联合连续重复,风机联合连续重复；用于计算重复风机功率扣减量，是否并入最终异常由参数控制
2024-07-05 11:14:00,2024-07-05 11:17:00,4,风机联合连续重复,风机联合连续重复；用于计算重复风机功率扣减量，是否并入最终异常由参数控制
2024-07-05 11:14:00,2024-07-05 11:17:00,4,风机联合连续重复,风机联合连续重复；用于计算重复风机功率扣减量，是否并入最终异常由参数控制
2024-07-05 11:14:00,2024-07-05 11:17:00,4,风机联合连续重复,风机联合连续重复；用于计算重复风机功率扣减量，是否并入最终异常由参数控制
2024-07-05 11:14:00,2024-07-05 11:17:00,4,风机联合连续重复,风机联合连续重复；用于计算重复风机功率扣减量，是否并入最终异常由参数控制
2024-07-05 11:14:00,2024-07-05 11:17:00,4,风机联合连续重复,风机联合连续重复；用于计算重复风机功率扣减量，是否并入最终异常由参数控制
2024-07-05 11:14:00,2024-07-05 11:17:00,4,风机联合连续重复,风机联合连续重复；用于计算重复风机功率扣减量，是否并入最终异常由参数控制
2024-07-05 11:14:00,2024-07-05 11:17:00,4,风机联合连续重复,风机联合连续重复；用于计算重复风机功率扣减量，是否并入最终异常由参数控制
2024-07-05 11:14:00,2024-07-05 11:17:00,4,风机联合连续重复,风机联合连续重复；用于计算重复风机功率扣减量，是否并入最终异常由参数控制
2024-07-05 11:14:00,2024-07-05 11:17:00,4,风机联合连续重复,风机联合连续重复；用于计算重复风机功率扣减量，是否并入最终异常由参数控制
2024-07-05 11:14:00,2024-07-05 11:17:00,4,风机联合连续重复,风机联合连续重复；用于计算重复风机功率扣减量，是否并入最终异常由参数控制
2024-07-05 11:14:00,2024-07-05 11:17:00,4,风机联合连续重复,风机联合连续重复；用于计算重复风机功率扣减量，是否并入最终异常由参数控制
2024-07-05 11:14:00,2024-07-05 11:17:00,4,风机联合连续重复,风机联合连续重复；用于计算重复风机功率扣减量，是否并入最终异常由参数控制
2024-07-05 11:14:00,2024-07-05 11:17:00,4,风机联合连续重复,风机联合连续重复；用于计算重复风机功率扣减量，是否并入最终异常由参数控制
2024-07-05 11:14:00,2024-07-05 11:17:00,4,风机联合连续重复,风机联合连续重复；用于计算重复风机功率扣减量，是否并入最终异常由参数控制
2024-07-05 11:14:00,2024-07-05 11:17:00,4,风机联合连续重复,风机联合连续重复；用于计算重复风机功率扣减量，是否并入最终异常由参数控制
2024-07-05 11:14:00,2024-07-05 11:17:00,4,风机联合连续重复,风机联合连续重复；用于计算重复风机功率扣减量，是否并入最终异常由参数控制
2024-07-05 11:14:00,2024-07-05 11:17:00,4,风机联合连续重复,风机联合连续重复；用于计算重复风机功率扣减量，是否并入最终异常由参数控制
2024-07-05 11:14:00,2024-07-05 11:17:00,4,风机联合连续重复,风机联合连续重复；用于计算重复风机功率扣减量，是否并入最终异常由参数控制
2024-07-05 11:14:00,2024-07-05 11:17:00,4,风机联合连续重复,风机联合连续重复；用于计算重复风机功率扣减量，是否并入最终异常由参数控制
2024-07-05 11:14:00,2024-07-05 11:17:00,4,风机联合连续重复,风机联合连续重复；用于计算重复风机功率扣减量，是否并入最终异常由参数控制
2024-07-05 11:14:00,2024-07-05 11:17:00,4,风机联合连续重复,风机联合连续重复；用于计算重复风机功率扣减量，是否并入最终异常由参数控制
2024-07-05 11:14:00,2024-07-05 11:17:00,4,风机联合连续重复,风机联合连续重复；用于计算重复风机功率扣减量，是否并入最终异常由参数控制
2024-07-05 11:14:00,2024-07-05 11:17:00,4,风机联合连续重复,风机联合连续重复；用于计算重复风机功率扣减量，是否并入最终异常由参数控制
2024-07-05 11:14:00,2024-07-05 11:17:00,4,风机联合连续重复,风机联合连续重复；用于计算重复风机功率扣减量，是否并入最终异常由参数控制
2024-07-05 11:14:00,2024-07-05 11:17:00,4,风机联合连续重复,风机联合连续重复；用于计算重复风机功率扣减量，是否并入最终异常由参数控制
2024-07-05 11:14:00,2024-07-05 11:17:00,4,风机联合连续重复,风机联合连续重复；用于计算重复风机功率扣减量，是否并入最终异常由参数控制
2024-07-05 11:14:00,2024-07-05 11:17:00,4,风机联合连续重复,风机联合连续重复；用于计算重复风机功率扣减量，是否并入最终异常由参数控制
2024-07-05 11:14:00,2024-07-05 11:17:00,4,风机联合连续重复,风机联合连续重复；用于计算重复风机功率扣减量，是否并入最终异常由参数控制
2024-07-05 11:14:00,2024-07-05 11:17:00,4,风机联合连续重复,风机联合连续重复；用于计算重复风机功率扣减量，是否并入最终异常由参数控制
2024-07-05 11:14:00,2024-07-05 11:17:00,4,风机联合连续重复,风机联合连续重复；用于计算重复风机功率扣减量，是否并入最终异常由参数控制
2024-07-05 11:14:00,2024-07-05 11:17:00,4,风机联合连续重复,风机联合连续重复；用于计算重复风机功率扣减量，是否并入最终异常由参数控制
2024-07-05 11:14:00,2024-07-05 11:17:00,4,风机联合连续重复,风机联合连续重复；用于计算重复风机功率扣减量，是否并入最终异常由参数控制
2024-07-05 11:14:00,2024-07-05 11:17:00,4,风机联合连续重复,风机联合连续重复；用于计算重复风机功率扣减量，是否并入最终异常由参数控制
2024-07-05 11:14:00,2024-07-05 11:17:00,4,风机联合连续重复,风机联合连续重复；用于计算重复风机功率扣减量，是否并入最终异常由参数控制
2024-07-05 11:14:00,2024-07-05 11:17:00,4,风机联合连续重复,风机联合连续重复；用于计算重复风机功率扣减量，是否并入最终异常由参数控制
2024-07-05 11:14:00,2024-07-05 11:17:00,4,风机联合连续重复,风机联合连续重复；用于计算重复风机功率扣减量，是否并入最终异常由参数控制
2024-07-05 11:14:00,2024-07-05 11:17:00,4,风机联合连续重复,风机联合连续重复；用于计算重复风机功率扣减量，是否并入最终异常由参数控制
2024-07-05 11:14:00,2024-07-05 11:17:00,4,风机联合连续重复,风机联合连续重复；用于计算重复风机功率扣减量，是否并入最终异常由参数控制
2024-07-05 11:14:00,2024-07-05 11:17:00,4,风机联合连续重复,风机联合连续重复；用于计算重复风机功率扣减量，是否并入最终异常由参数控制
2024-07-05 11:14:00,2024-07-05 11:17:00,4,风机联合连续重复,风机联合连续重复；用于计算重复风机功率扣减量，是否并入最终异常由参数控制
2024-07-05 11:14:00,2024-07-05 11:17:00,4,风机联合连续重复,风机联合连续重复；用于计算重复风机功率扣减量，是否并入最终异常由参数控制
2024-07-05 11:14:00,2024-07-05 11:17:00,4,风机联合连续重复,风机联合连续重复；用于计算重复风机功率扣减量，是否并入最终异常由参数控制
2024-07-05 11:14:00,2024-07-05 11:17:00,4,风机联合连续重复,风机联合连续重复；用于计算重复风机功率扣减量，是否并入最终异常由参数控制
2024-07-05 11:14:00,2024-07-05 11:17:00,4,风机联合连续重复,风机联合连续重复；用于计算重复风机功率扣减量，是否并入最终异常由参数控制
2024-07-05 11:14:00,2024-07-05 11:17:00,4,风机联合连续重复,风机联合连续重复；用于计算重复风机功率扣减量，是否并入最终异常由参数控制
2024-07-05 11:14:00,2024-07-05 11:17:00,4,风机联合连续重复,风机联合连续重复；用于计算重复风机功率扣减量，是否并入最终异常由参数控制
2024-07-05 11:14:00,2024-07-05 11:17:00,4,风机联合连续重复,风机联合连续重复；用于计算重复风机功率扣减量，是否并入最终异常由参数控制
2024-07-05 11:14:00,2024-07-05 11:17:00,4,风机联合连续重复,风机联合连续重复；用于计算重复风机功率扣减量，是否并入最终异常由参数控制
2024-07-05 11:14:00,2024-07-05 11:17:00,4,风机联合连续重复,风机联合连续重复；用于计算重复风机功率扣减量，是否并入最终异常由参数控制
2024-07-05 11:14:00,2024-07-05 11:17:00,4,风机联合连续重复,风机联合连续重复；用于计算重复风机功率扣减量，是否并入最终异常由参数控制
2024-07-05 11:14:00,2024-07-05 11:17:00,4,风机联合连续重复,风机联合连续重复；用于计算重复风机功率扣减量，是否并入最终异常由参数控制
2024-07-05 11:14:00,2024-07-05 11:17:00,4,风机联合连续重复,风机联合连续重复；用于计算重复风机功率扣减量，是否并入最终异常由参数控制
2024-07-05 11:14:00,2024-07-05 11:17:00,4,风机联合连续重复,风机联合连续重复；用于计算重复风机功率扣减量，是否并入最终异常由参数控制
2024-07-05 11:14:00,2024-07-05 11:17:00,4,风机联合连续重复,风机联合连续重复；用于计算重复风机功率扣减量，是否并入最终异常由参数控制
2024-07-05 11:14:00,2024-07-05 11:17:00,4,风机联合连续重复,风机联合连续重复；用于计算重复风机功率扣减量，是否并入最终异常由参数控制
2024-07-05 11:14:00,2024-07-05 11:17:00,4,风机联合连续重复,风机联合连续重复；用于计算重复风机功率扣减量，是否并入最终异常由参数控制
2024-07-05 11:14:00,2024-07-05 11:17:00,4,风机联合连续重复,风机联合连续重复；用于计算重复风机功率扣减量，是否并入最终异常由参数控制
2024-07-05 11:14:00,2024-07-05 11:17:00,4,风机联合连续重复,风机联合连续重复；用于计算重复风机功率扣减量，是否并入最终异常由参数控制
2024-07-05 11:14:00,2024-07-05 11:17:00,4,风机联合连续重复,风机联合连续重复；用于计算重复风机功率扣减量，是否并入最终异常由参数控制
2024-07-05 11:14:00,2024-07-05 11:17:00,4,风机联合连续重复,风机联合连续重复；用于计算重复风机功率扣减量，是否并入最终异常由参数控制
2024-07-05 11:14:00,2024-07-05 11:17:00,4,风机联合连续重复,风机联合连续重复；用于计算重复风机功率扣减量，是否并入最终异常由参数控制
2024-07-05 11:14:00,2024-07-05 11:17:00,4,风机联合连续重复,风机联合连续重复；用于计算重复风机功率扣减量，是否并入最终异常由参数控制
2024-07-05 11:14:00,2024-07-05 11:17:00,4,风机联合连续重复,风机联合连续重复；用于计算重复风机功率扣减量，是否并入最终异常由参数控制
2024-07-05 11:14:00,2024-07-05 11:17:00,4,风机联合连续重复,风机联合连续重复；用于计算重复风机功率扣减量，是否并入最终异常由参数控制
2024-07-05 11:14:00,2024-07-05 11:17:00,4,风机联合连续重复,风机联合连续重复；用于计算重复风机功率扣减量，是否并入最终异常由参数控制
2024-07-05 11:14:00,2024-07-05 11:17:00,4,风机联合连续重复,风机联合连续重复；用于计算重复风机功率扣减量，是否并入最终异常由参数控制
2024-07-05 11:14:00,2024-07-05 11:17:00,4,风机联合连续重复,风机联合连续重复；用于计算重复风机功率扣减量，是否并入最终异常由参数控制
2024-07-05 11:14:00,2024-07-05 11:17:00,4,风机联合连续重复,风机联合连续重复；用于计算重复风机功率扣减量，是否并入最终异常由参数控制
2024-07-05 11:14:00,2024-07-05 11:17:00,4,风机联合连续重复,风机联合连续重复；用于计算重复风机功率扣减量，是否并入最终异常由参数控制
2024-07-05 11:14:00,2024-07-05 11:17:00,4,风机联合连续重复,风机联合连续重复；用于计算重复风机功率扣减量，是否并入最终异常由参数控制
2024-07-05 11:14:00,2024-07-05 11:17:00,4,风机联合连续重复,风机联合连续重复；用于计算重复风机功率扣减量，是否并入最终异常由参数控制
2024-07-05 11:14:00,2024-07-05 11:17:00,4,风机联合连续重复,风机联合连续重复；用于计算重复风机功率扣减量，是否并入最终异常由参数控制
2024-07-05 11:14:00,2024-07-05 11:17:00,4,风机联合连续重复,风机联合连续重复；用于计算重复风机功率扣减量，是否并入最终异常由参数控制
2024-07-05 11:14:00,2024-07-05 11:17:00,4,风机联合连续重复,风机联合连续重复；用于计算重复风机功率扣减量，是否并入最终异常由参数控制
2024-07-05 11:14:00,2024-07-05 11:17:00,4,风机联合连续重复,风机联合连续重复；用于计算重复风机功率扣减量，是否并入最终异常由参数控制
2024-07-05 11:14:00,2024-07-05 11:17:00,4,风机联合连续重复,风机联合连续重复；用于计算重复风机功率扣减量，是否并入最终异常由参数控制
2024-07-05 11:14:00,2024-07-05 11:17:00,4,风机联合连续重复,风机联合连续重复；用于计算重复风机功率扣减量，是否并入最终异常由参数控制
2024-07-05 11:14:00,2024-07-05 11:17:00,4,风机联合连续重复,风机联合连续重复；用于计算重复风机功率扣减量，是否并入最终异常由参数控制
2024-07-05 11:14:00,2024-07-05 11:17:00,4,风机联合连续重复,风机联合连续重复；用于计算重复风机功率扣减量，是否并入最终异常由参数控制
2024-07-05 11:14:00,2024-07-05 11:17:00,4,风机联合连续重复,风机联合连续重复；用于计算重复风机功率扣减量，是否并入最终异常由参数控制
2024-07-05 11:14:00,2024-07-05 11:17:00,4,站端功率连续重复,ACTIVE_POWER_STATION 重复值大于阈值且持续长度大于阈值
2024-07-05 11:29:00,2024-07-05 11:32:00,4,站端功率连续重复,ACTIVE_POWER_STATION 重复值大于阈值且持续长度大于阈值
2024-07-05 16:49:00,2024-07-05 16:55:00,7,风机联合连续重复,风机联合连续重复；用于计算重复风机功率扣减量，是否并入最终异常由参数控制
2024-07-05 16:49:00,2024-07-05 16:55:00,7,风机联合连续重复,风机联合连续重复；用于计算重复风机功率扣减量，是否并入最终异常由参数控制
2024-07-05 16:49:00,2024-07-05 16:55:00,7,风机联合连续重复,风机联合连续重复；用于计算重复风机功率扣减量，是否并入最终异常由参数控制
2024-07-05 16:49:00,2024-07-05 16:55:00,7,风机联合连续重复,风机联合连续重复；用于计算重复风机功率扣减量，是否并入最终异常由参数控制
2024-07-05 16:49:00,2024-07-05 16:55:00,7,风机联合连续重复,风机联合连续重复；用于计算重复风机功率扣减量，是否并入最终异常由参数控制
2024-07-05 16:49:00,2024-07-05 16:55:00,7,风机联合连续重复,风机联合连续重复；用于计算重复风机功率扣减量，是否并入最终异常由参数控制
2024-07-05 16:49:00,2024-07-05 16:55:00,7,风机联合连续重复,风机联合连续重复；用于计算重复风机功率扣减量，是否并入最终异常由参数控制
2024-07-05 16:49:00,2024-07-05 16:55:00,7,风机联合连续重复,风机联合连续重复；用于计算重复风机功率扣减量，是否并入最终异常由参数控制
2024-07-05 16:49:00,2024-07-05 16:55:00,7,风机联合连续重复,风机联合连续重复；用于计算重复风机功率扣减量，是否并入最终异常由参数控制
2024-07-05 16:49:00,2024-07-05 16:55:00,7,风机联合连续重复,风机联合连续重复；用于计算重复风机功率扣减量，是否并入最终异常由参数控制
2024-07-05 16:49:00,2024-07-05 16:55:00,7,风机联合连续重复,风机联合连续重复；用于计算重复风机功率扣减量，是否并入最终异常由参数控制
2024-07-05 16:49:00,2024-07-05 16:55:00,7,风机联合连续重复,风机联合连续重复；用于计算重复风机功率扣减量，是否并入最终异常由参数控制
2024-07-05 16:49:00,2024-07-05 16:55:00,7,风机联合连续重复,风机联合连续重复；用于计算重复风机功率扣减量，是否并入最终异常由参数控制
2024-07-05 16:49:00,2024-07-05 16:55:00,7,风机联合连续重复,风机联合连续重复；用于计算重复风机功率扣减量，是否并入最终异常由参数控制
2024-07-05 16:49:00,2024-07-05 16:55:00,7,风机联合连续重复,风机联合连续重复；用于计算重复风机功率扣减量，是否并入最终异常由参数控制
2024-07-05 16:49:00,2024-07-05 16:55:00,7,风机联合连续重复,风机联合连续重复；用于计算重复风机功率扣减量，是否并入最终异常由参数控制
2024-07-05 16:49:00,2024-07-05 16:55:00,7,风机联合连续重复,风机联合连续重复；用于计算重复风机功率扣减量，是否并入最终异常由参数控制
2024-07-05 16:49:00,2024-07-05 16:55:00,7,风机联合连续重复,风机联合连续重复；用于计算重复风机功率扣减量，是否并入最终异常由参数控制
2024-07-05 16:49:00,2024-07-05 16:55:00,7,风机联合连续重复,风机联合连续重复；用于计算重复风机功率扣减量，是否并入最终异常由参数控制
2024-07-05 16:49:00,2024-07-05 16:55:00,7,风机联合连续重复,风机联合连续重复；用于计算重复风机功率扣减量，是否并入最终异常由参数控制
2024-07-05 16:49:00,2024-07-05 16:55:00,7,风机联合连续重复,风机联合连续重复；用于计算重复风机功率扣减量，是否并入最终异常由参数控制
2024-07-05 16:49:00,2024-07-05 16:55:00,7,风机联合连续重复,风机联合连续重复；用于计算重复风机功率扣减量，是否并入最终异常由参数控制
2024-07-05 16:49:00,2024-07-05 16:55:00,7,风机联合连续重复,风机联合连续重复；用于计算重复风机功率扣减量，是否并入最终异常由参数控制
2024-07-05 16:49:00,2024-07-05 16:55:00,7,风机联合连续重复,风机联合连续重复；用于计算重复风机功率扣减量，是否并入最终异常由参数控制
2024-07-05 16:49:00,2024-07-05 16:55:00,7,风机联合连续重复,风机联合连续重复；用于计算重复风机功率扣减量，是否并入最终异常由参数控制
2024-07-05 16:49:00,2024-07-05 16:55:00,7,风机联合连续重复,风机联合连续重复；用于计算重复风机功率扣减量，是否并入最终异常由参数控制
2024-07-05 16:49:00,2024-07-05 16:55:00,7,风机联合连续重复,风机联合连续重复；用于计算重复风机功率扣减量，是否并入最终异常由参数控制
2024-07-05 16:49:00,2024-07-05 16:55:00,7,风机联合连续重复,风机联合连续重复；用于计算重复风机功率扣减量，是否并入最终异常由参数控制
2024-07-05 16:49:00,2024-07-05 16:55:00,7,风机联合连续重复,风机联合连续重复；用于计算重复风机功率扣减量，是否并入最终异常由参数控制
2024-07-05 16:49:00,2024-07-05 16:55:00,7,风机联合连续重复,风机联合连续重复；用于计算重复风机功率扣减量，是否并入最终异常由参数控制
2024-07-05 16:49:00,2024-07-05 16:55:00,7,风机联合连续重复,风机联合连续重复；用于计算重复风机功率扣减量，是否并入最终异常由参数控制
2024-07-05 16:49:00,2024-07-05 16:55:00,7,风机联合连续重复,风机联合连续重复；用于计算重复风机功率扣减量，是否并入最终异常由参数控制
2024-07-05 16:49:00,2024-07-05 16:55:00,7,风机联合连续重复,风机联合连续重复；用于计算重复风机功率扣减量，是否并入最终异常由参数控制
2024-07-05 16:49:00,2024-07-05 16:55:00,7,风机联合连续重复,风机联合连续重复；用于计算重复风机功率扣减量，是否并入最终异常由参数控制
2024-07-05 16:49:00,2024-07-05 16:55:00,7,风机联合连续重复,风机联合连续重复；用于计算重复风机功率扣减量，是否并入最终异常由参数控制
2024-07-05 16:49:00,2024-07-05 16:55:00,7,风机联合连续重复,风机联合连续重复；用于计算重复风机功率扣减量，是否并入最终异常由参数控制
2024-07-05 16:49:00,2024-07-05 16:55:00,7,风机联合连续重复,风机联合连续重复；用于计算重复风机功率扣减量，是否并入最终异常由参数控制
2024-07-05 16:49:00,2024-07-05 16:55:00,7,风机联合连续重复,风机联合连续重复；用于计算重复风机功率扣减量，是否并入最终异常由参数控制
2024-07-05 16:49:00,2024-07-05 16:55:00,7,风机联合连续重复,风机联合连续重复；用于计算重复风机功率扣减量，是否并入最终异常由参数控制
2024-07-05 16:49:00,2024-07-05 16:55:00,7,风机联合连续重复,风机联合连续重复；用于计算重复风机功率扣减量，是否并入最终异常由参数控制
2024-07-05 16:49:00,2024-07-05 16:55:00,7,风机联合连续重复,风机联合连续重复；用于计算重复风机功率扣减量，是否并入最终异常由参数控制
2024-07-05 16:49:00,2024-07-05 16:55:00,7,风机联合连续重复,风机联合连续重复；用于计算重复风机功率扣减量，是否并入最终异常由参数控制
2024-07-05 16:49:00,2024-07-05 16:55:00,7,风机联合连续重复,风机联合连续重复；用于计算重复风机功率扣减量，是否并入最终异常由参数控制
2024-07-05 16:49:00,2024-07-05 16:55:00,7,风机联合连续重复,风机联合连续重复；用于计算重复风机功率扣减量，是否并入最终异常由参数控制
2024-07-05 16:49:00,2024-07-05 16:55:00,7,风机联合连续重复,风机联合连续重复；用于计算重复风机功率扣减量，是否并入最终异常由参数控制
2024-07-05 16:49:00,2024-07-05 16:55:00,7,风机联合连续重复,风机联合连续重复；用于计算重复风机功率扣减量，是否并入最终异常由参数控制
2024-07-05 16:49:00,2024-07-05 16:55:00,7,风机联合连续重复,风机联合连续重复；用于计算重复风机功率扣减量，是否并入最终异常由参数控制
2024-07-05 16:49:00,2024-07-05 16:55:00,7,风机联合连续重复,风机联合连续重复；用于计算重复风机功率扣减量，是否并入最终异常由参数控制
2024-07-05 16:49:00,2024-07-05 16:55:00,7,风机联合连续重复,风机联合连续重复；用于计算重复风机功率扣减量，是否并入最终异常由参数控制
2024-07-05 16:49:00,2024-07-05 16:55:00,7,风机联合连续重复,风机联合连续重复；用于计算重复风机功率扣减量，是否并入最终异常由参数控制
2024-07-05 16:49:00,2024-07-05 16:55:00,7,风机联合连续重复,风机联合连续重复；用于计算重复风机功率扣减量，是否并入最终异常由参数控制
2024-07-05 16:49:00,2024-07-05 16:55:00,7,风机联合连续重复,风机联合连续重复；用于计算重复风机功率扣减量，是否并入最终异常由参数控制
2024-07-05 16:49:00,2024-07-05 16:55:00,7,风机联合连续重复,风机联合连续重复；用于计算重复风机功率扣减量，是否并入最终异常由参数控制
2024-07-05 16:49:00,2024-07-05 16:55:00,7,风机联合连续重复,风机联合连续重复；用于计算重复风机功率扣减量，是否并入最终异常由参数控制
2024-07-05 16:49:00,2024-07-05 16:55:00,7,风机联合连续重复,风机联合连续重复；用于计算重复风机功率扣减量，是否并入最终异常由参数控制
2024-07-05 16:49:00,2024-07-05 16:55:00,7,风机联合连续重复,风机联合连续重复；用于计算重复风机功率扣减量，是否并入最终异常由参数控制
2024-07-05 16:49:00,2024-07-05 16:55:00,7,风机联合连续重复,风机联合连续重复；用于计算重复风机功率扣减量，是否并入最终异常由参数控制
2024-07-05 16:49:00,2024-07-05 16:55:00,7,风机联合连续重复,风机联合连续重复；用于计算重复风机功率扣减量，是否并入最终异常由参数控制
2024-07-05 16:49:00,2024-07-05 16:55:00,7,风机联合连续重复,风机联合连续重复；用于计算重复风机功率扣减量，是否并入最终异常由参数控制
2024-07-05 16:49:00,2024-07-05 16:55:00,7,风机联合连续重复,风机联合连续重复；用于计算重复风机功率扣减量，是否并入最终异常由参数控制
2024-07-05 16:49:00,2024-07-05 16:55:00,7,风机联合连续重复,风机联合连续重复；用于计算重复风机功率扣减量，是否并入最终异常由参数控制
2024-07-05 16:49:00,2024-07-05 16:55:00,7,风机联合连续重复,风机联合连续重复；用于计算重复风机功率扣减量，是否并入最终异常由参数控制
2024-07-05 16:49:00,2024-07-05 16:55:00,7,风机联合连续重复,风机联合连续重复；用于计算重复风机功率扣减量，是否并入最终异常由参数控制
2024-07-05 16:49:00,2024-07-05 16:55:00,7,风机联合连续重复,风机联合连续重复；用于计算重复风机功率扣减量，是否并入最终异常由参数控制
2024-07-05 16:49:00,2024-07-05 16:55:00,7,风机联合连续重复,风机联合连续重复；用于计算重复风机功率扣减量，是否并入最终异常由参数控制
2024-07-05 16:49:00,2024-07-05 16:55:00,7,风机联合连续重复,风机联合连续重复；用于计算重复风机功率扣减量，是否并入最终异常由参数控制
2024-07-05 16:49:00,2024-07-05 16:55:00,7,风机联合连续重复,风机联合连续重复；用于计算重复风机功率扣减量，是否并入最终异常由参数控制
2024-07-05 16:49:00,2024-07-05 16:55:00,7,风机联合连续重复,风机联合连续重复；用于计算重复风机功率扣减量，是否并入最终异常由参数控制
2024-07-05 16:49:00,2024-07-05 16:55:00,7,风机联合连续重复,风机联合连续重复；用于计算重复风机功率扣减量，是否并入最终异常由参数控制
2024-07-05 16:49:00,2024-07-05 16:55:00,7,风机联合连续重复,风机联合连续重复；用于计算重复风机功率扣减量，是否并入最终异常由参数控制
2024-07-05 16:49:00,2024-07-05 16:55:00,7,风机联合连续重复,风机联合连续重复；用于计算重复风机功率扣减量，是否并入最终异常由参数控制
2024-07-05 16:49:00,2024-07-05 16:55:00,7,风机联合连续重复,风机联合连续重复；用于计算重复风机功率扣减量，是否并入最终异常由参数控制
2024-07-05 16:49:00,2024-07-05 16:55:00,7,风机联合连续重复,风机联合连续重复；用于计算重复风机功率扣减量，是否并入最终异常由参数控制
2024-07-05 16:49:00,2024-07-05 16:55:00,7,风机联合连续重复,风机联合连续重复；用于计算重复风机功率扣减量，是否并入最终异常由参数控制
2024-07-05 16:49:00,2024-07-05 16:55:00,7,风机联合连续重复,风机联合连续重复；用于计算重复风机功率扣减量，是否并入最终异常由参数控制
2024-07-05 16:49:00,2024-07-05 16:55:00,7,风机联合连续重复,风机联合连续重复；用于计算重复风机功率扣减量，是否并入最终异常由参数控制
2024-07-05 16:49:00,2024-07-05 16:55:00,7,风机联合连续重复,风机联合连续重复；用于计算重复风机功率扣减量，是否并入最终异常由参数控制
2024-07-05 16:49:00,2024-07-05 16:55:00,7,风机联合连续重复,风机联合连续重复；用于计算重复风机功率扣减量，是否并入最终异常由参数控制
2024-07-05 16:49:00,2024-07-05 16:55:00,7,风机联合连续重复,风机联合连续重复；用于计算重复风机功率扣减量，是否并入最终异常由参数控制
2024-07-05 16:49:00,2024-07-05 16:55:00,7,风机联合连续重复,风机联合连续重复；用于计算重复风机功率扣减量，是否并入最终异常由参数控制
2024-07-05 16:49:00,2024-07-05 16:55:00,7,风机联合连续重复,风机联合连续重复；用于计算重复风机功率扣减量，是否并入最终异常由参数控制
2024-07-05 16:49:00,2024-07-05 16:55:00,7,风机联合连续重复,风机联合连续重复；用于计算重复风机功率扣减量，是否并入最终异常由参数控制
2024-07-05 16:49:00,2024-07-05 16:55:00,7,风机联合连续重复,风机联合连续重复；用于计算重复风机功率扣减量，是否并入最终异常由参数控制
2024-07-05 16:49:00,2024-07-05 16:55:00,7,风机联合连续重复,风机联合连续重复；用于计算重复风机功率扣减量，是否并入最终异常由参数控制
2024-07-05 16:49:00,2024-07-05 16:55:00,7,风机联合连续重复,风机联合连续重复；用于计算重复风机功率扣减量，是否并入最终异常由参数控制
2024-07-05 16:49:00,2024-07-05 16:55:00,7,风机联合连续重复,风机联合连续重复；用于计算重复风机功率扣减量，是否并入最终异常由参数控制
2024-07-05 16:49:00,2024-07-05 16:55:00,7,风机联合连续重复,风机联合连续重复；用于计算重复风机功率扣减量，是否并入最终异常由参数控制
2024-07-05 16:49:00,2024-07-05 16:55:00,7,风机联合连续重复,风机联合连续重复；用于计算重复风机功率扣减量，是否并入最终异常由参数控制
2024-07-05 16:49:00,2024-07-05 16:55:00,7,风机联合连续重复,风机联合连续重复；用于计算重复风机功率扣减量，是否并入最终异常由参数控制
2024-07-05 16:49:00,2024-07-05 16:55:00,7,风机联合连续重复,风机联合连续重复；用于计算重复风机功率扣减量，是否并入最终异常由参数控制
2024-07-05 16:49:00,2024-07-05 16:55:00,7,风机联合连续重复,风机联合连续重复；用于计算重复风机功率扣减量，是否并入最终异常由参数控制
2024-07-05 16:49:00,2024-07-05 16:55:00,7,风机联合连续重复,风机联合连续重复；用于计算重复风机功率扣减量，是否并入最终异常由参数控制
2024-07-05 16:49:00,2024-07-05 16:55:00,7,风机联合连续重复,风机联合连续重复；用于计算重复风机功率扣减量，是否并入最终异常由参数控制
2024-07-05 16:49:00,2024-07-05 16:55:00,7,风机联合连续重复,风机联合连续重复；用于计算重复风机功率扣减量，是否并入最终异常由参数控制
2024-07-05 16:49:00,2024-07-05 16:55:00,7,风机联合连续重复,风机联合连续重复；用于计算重复风机功率扣减量，是否并入最终异常由参数控制
2024-07-05 16:49:00,2024-07-05 16:55:00,7,风机联合连续重复,风机联合连续重复；用于计算重复风机功率扣减量，是否并入最终异常由参数控制
2024-07-05 16:49:00,2024-07-05 16:55:00,7,站端功率连续重复,ACTIVE_POWER_STATION 重复值大于阈值且持续长度大于阈值
2024-07-05 18:54:00,2024-07-05 18:57:00,4,风机联合连续重复,风机联合连续重复；用于计算重复风机功率扣减量，是否并入最终异常由参数控制
2024-07-05 18:54:00,2024-07-05 18:57:00,4,风机联合连续重复,风机联合连续重复；用于计算重复风机功率扣减量，是否并入最终异常由参数控制
2024-07-05 18:54:00,2024-07-05 18:57:00,4,风机联合连续重复,风机联合连续重复；用于计算重复风机功率扣减量，是否并入最终异常由参数控制
2024-07-05 18:54:00,2024-07-05 18:57:00,4,风机联合连续重复,风机联合连续重复；用于计算重复风机功率扣减量，是否并入最终异常由参数控制
2024-07-05 18:54:00,2024-07-05 18:57:00,4,风机联合连续重复,风机联合连续重复；用于计算重复风机功率扣减量，是否并入最终异常由参数控制
2024-07-05 18:54:00,2024-07-05 18:57:00,4,风机联合连续重复,风机联合连续重复；用于计算重复风机功率扣减量，是否并入最终异常由参数控制
2024-07-05 18:54:00,2024-07-05 18:57:00,4,风机联合连续重复,风机联合连续重复；用于计算重复风机功率扣减量，是否并入最终异常由参数控制
2024-07-05 18:54:00,2024-07-05 18:57:00,4,风机联合连续重复,风机联合连续重复；用于计算重复风机功率扣减量，是否并入最终异常由参数控制
2024-07-05 18:54:00,2024-07-05 18:57:00,4,风机联合连续重复,风机联合连续重复；用于计算重复风机功率扣减量，是否并入最终异常由参数控制
2024-07-05 18:54:00,2024-07-05 18:57:00,4,风机联合连续重复,风机联合连续重复；用于计算重复风机功率扣减量，是否并入最终异常由参数控制
2024-07-05 18:54:00,2024-07-05 18:57:00,4,风机联合连续重复,风机联合连续重复；用于计算重复风机功率扣减量，是否并入最终异常由参数控制
2024-07-05 18:54:00,2024-07-05 18:57:00,4,风机联合连续重复,风机联合连续重复；用于计算重复风机功率扣减量，是否并入最终异常由参数控制
2024-07-05 18:54:00,2024-07-05 18:57:00,4,风机联合连续重复,风机联合连续重复；用于计算重复风机功率扣减量，是否并入最终异常由参数控制
2024-07-05 18:54:00,2024-07-05 18:57:00,4,风机联合连续重复,风机联合连续重复；用于计算重复风机功率扣减量，是否并入最终异常由参数控制
2024-07-05 18:54:00,2024-07-05 18:57:00,4,风机联合连续重复,风机联合连续重复；用于计算重复风机功率扣减量，是否并入最终异常由参数控制
2024-07-05 18:54:00,2024-07-05 18:57:00,4,风机联合连续重复,风机联合连续重复；用于计算重复风机功率扣减量，是否并入最终异常由参数控制
2024-07-05 18:54:00,2024-07-05 18:57:00,4,风机联合连续重复,风机联合连续重复；用于计算重复风机功率扣减量，是否并入最终异常由参数控制
2024-07-05 18:54:00,2024-07-05 18:57:00,4,风机联合连续重复,风机联合连续重复；用于计算重复风机功率扣减量，是否并入最终异常由参数控制
2024-07-05 18:54:00,2024-07-05 18:57:00,4,风机联合连续重复,风机联合连续重复；用于计算重复风机功率扣减量，是否并入最终异常由参数控制
2024-07-05 18:54:00,2024-07-05 18:57:00,4,风机联合连续重复,风机联合连续重复；用于计算重复风机功率扣减量，是否并入最终异常由参数控制
2024-07-05 18:54:00,2024-07-05 18:57:00,4,风机联合连续重复,风机联合连续重复；用于计算重复风机功率扣减量，是否并入最终异常由参数控制
2024-07-05 18:54:00,2024-07-05 18:57:00,4,风机联合连续重复,风机联合连续重复；用于计算重复风机功率扣减量，是否并入最终异常由参数控制
2024-07-05 18:54:00,2024-07-05 18:57:00,4,风机联合连续重复,风机联合连续重复；用于计算重复风机功率扣减量，是否并入最终异常由参数控制
2024-07-05 18:54:00,2024-07-05 18:57:00,4,风机联合连续重复,风机联合连续重复；用于计算重复风机功率扣减量，是否并入最终异常由参数控制
2024-07-05 18:54:00,2024-07-05 18:57:00,4,风机联合连续重复,风机联合连续重复；用于计算重复风机功率扣减量，是否并入最终异常由参数控制
2024-07-05 18:54:00,2024-07-05 18:57:00,4,风机联合连续重复,风机联合连续重复；用于计算重复风机功率扣减量，是否并入最终异常由参数控制
2024-07-05 18:54:00,2024-07-05 18:57:00,4,风机联合连续重复,风机联合连续重复；用于计算重复风机功率扣减量，是否并入最终异常由参数控制
2024-07-05 18:54:00,2024-07-05 18:57:00,4,风机联合连续重复,风机联合连续重复；用于计算重复风机功率扣减量，是否并入最终异常由参数控制
2024-07-05 18:54:00,2024-07-05 18:57:00,4,风机联合连续重复,风机联合连续重复；用于计算重复风机功率扣减量，是否并入最终异常由参数控制
2024-07-05 18:54:00,2024-07-05 18:57:00,4,站端功率连续重复,ACTIVE_POWER_STATION 重复值大于阈值且持续长度大于阈值
2024-07-05 19:52:00,2024-07-05 19:55:00,4,站端功率连续重复,ACTIVE_POWER_STATION 重复值大于阈值且持续长度大于阈值
2024-07-05 19:56:00,2024-07-05 20:01:00,6,站端功率连续重复,ACTIVE_POWER_STATION 重复值大于阈值且持续长度大于阈值
2024-07-05 20:20:00,2024-07-05 20:24:00,5,站端功率连续重复,ACTIVE_POWER_STATION 重复值大于阈值且持续长度大于阈值
2024-07-05 20:32:00,2024-07-05 20:36:00,5,站端功率连续重复,ACTIVE_POWER_STATION 重复值大于阈值且持续长度大于阈值
2024-07-05 21:02:00,2024-07-05 21:07:00,6,站端功率连续重复,ACTIVE_POWER_STATION 重复值大于阈值且持续长度大于阈值
2024-07-05 22:04:00,2024-07-05 22:07:00,4,站端功率连续重复,ACTIVE_POWER_STATION 重复值大于阈值且持续长度大于阈值
2024-07-05 23:08:00,2024-07-05 23:12:00,5,站端功率连续重复,ACTIVE_POWER_STATION 重复值大于阈值且持续长度大于阈值
2024-07-05 23:27:00,2024-07-05 23:30:00,4,站端功率连续重复,ACTIVE_POWER_STATION 重复值大于阈值且持续长度大于阈值
2024-07-06 00:58:00,2024-07-06 01:01:00,4,站端功率连续重复,ACTIVE_POWER_STATION 重复值大于阈值且持续长度大于阈值
2024-07-06 02:45:00,2024-07-06 02:48:00,4,站端功率连续重复,ACTIVE_POWER_STATION 重复值大于阈值且持续长度大于阈值
2024-07-06 03:38:00,2024-07-06 03:42:00,5,站端功率连续重复,ACTIVE_POWER_STATION 重复值大于阈值且持续长度大于阈值
2024-07-06 03:45:00,2024-07-06 03:48:00,4,站端功率连续重复,ACTIVE_POWER_STATION 重复值大于阈值且持续长度大于阈值
2024-07-06 04:08:00,2024-07-06 04:11:00,4,站端功率连续重复,ACTIVE_POWER_STATION 重复值大于阈值且持续长度大于阈值
2024-07-06 04:33:00,2024-07-06 04:37:00,5,站端功率连续重复,ACTIVE_POWER_STATION 重复值大于阈值且持续长度大于阈值
2024-07-06 04:42:00,2024-07-07 10:47:00,1806,风机联合连续重复,风机联合连续重复；用于计算重复风机功率扣减量，是否并入最终异常由参数控制
2024-07-06 04:50:00,2024-07-06 04:55:00,6,站端功率连续重复,ACTIVE_POWER_STATION 重复值大于阈值且持续长度大于阈值
2024-07-07 10:48:00,2024-07-07 11:20:00,33,风机联合连续重复,风机联合连续重复；用于计算重复风机功率扣减量，是否并入最终异常由参数控制
2024-07-07 20:39:00,2024-07-07 20:44:00,6,站端功率连续重复,ACTIVE_POWER_STATION 重复值大于阈值且持续长度大于阈值
2024-07-07 20:45:00,2024-07-07 20:50:00,6,站端功率连续重复,ACTIVE_POWER_STATION 重复值大于阈值且持续长度大于阈值
2024-07-07 22:45:00,2024-07-07 22:50:00,6,站端功率连续重复,ACTIVE_POWER_STATION 重复值大于阈值且持续长度大于阈值
2024-07-08 21:52:00,2024-07-08 21:57:00,6,站端功率连续重复,ACTIVE_POWER_STATION 重复值大于阈值且持续长度大于阈值
2024-07-08 22:28:00,2024-07-08 22:33:00,6,站端功率连续重复,ACTIVE_POWER_STATION 重复值大于阈值且持续长度大于阈值
2024-07-08 22:34:00,2024-07-08 22:39:00,6,站端功率连续重复,ACTIVE_POWER_STATION 重复值大于阈值且持续长度大于阈值
2024-07-08 22:40:00,2024-07-08 22:45:00,6,站端功率连续重复,ACTIVE_POWER_STATION 重复值大于阈值且持续长度大于阈值
2024-07-08 22:52:00,2024-07-08 22:57:00,6,站端功率连续重复,ACTIVE_POWER_STATION 重复值大于阈值且持续长度大于阈值
2024-07-08 22:58:00,2024-07-08 23:03:00,6,站端功率连续重复,ACTIVE_POWER_STATION 重复值大于阈值且持续长度大于阈值
2024-07-11 01:25:00,2024-07-11 01:28:00,4,风机联合连续重复,风机联合连续重复；用于计算重复风机功率扣减量，是否并入最终异常由参数控制
2024-07-11 01:25:00,2024-07-11 01:28:00,4,风机联合连续重复,风机联合连续重复；用于计算重复风机功率扣减量，是否并入最终异常由参数控制
2024-07-11 01:25:00,2024-07-11 01:28:00,4,风机联合连续重复,风机联合连续重复；用于计算重复风机功率扣减量，是否并入最终异常由参数控制
2024-07-11 01:25:00,2024-07-11 01:28:00,4,风机联合连续重复,风机联合连续重复；用于计算重复风机功率扣减量，是否并入最终异常由参数控制
2024-07-11 01:25:00,2024-07-11 01:28:00,4,风机联合连续重复,风机联合连续重复；用于计算重复风机功率扣减量，是否并入最终异常由参数控制
2024-07-11 01:25:00,2024-07-11 01:28:00,4,风机联合连续重复,风机联合连续重复；用于计算重复风机功率扣减量，是否并入最终异常由参数控制
2024-07-11 13:25:00,2024-07-11 13:28:00,4,风机联合连续重复,风机联合连续重复；用于计算重复风机功率扣减量，是否并入最终异常由参数控制
2024-07-11 13:25:00,2024-07-11 13:28:00,4,风机联合连续重复,风机联合连续重复；用于计算重复风机功率扣减量，是否并入最终异常由参数控制
2024-07-11 13:25:00,2024-07-11 13:28:00,4,风机联合连续重复,风机联合连续重复；用于计算重复风机功率扣减量，是否并入最终异常由参数控制
2024-07-11 13:25:00,2024-07-11 13:28:00,4,风机联合连续重复,风机联合连续重复；用于计算重复风机功率扣减量，是否并入最终异常由参数控制
2024-07-11 13:25:00,2024-07-11 13:28:00,4,风机联合连续重复,风机联合连续重复；用于计算重复风机功率扣减量，是否并入最终异常由参数控制
2024-07-11 13:25:00,2024-07-11 13:28:00,4,风机联合连续重复,风机联合连续重复；用于计算重复风机功率扣减量，是否并入最终异常由参数控制
2024-07-11 13:25:00,2024-07-11 13:28:00,4,风机联合连续重复,风机联合连续重复；用于计算重复风机功率扣减量，是否并入最终异常由参数控制
2024-07-11 13:25:00,2024-07-11 13:28:00,4,风机联合连续重复,风机联合连续重复；用于计算重复风机功率扣减量，是否并入最终异常由参数控制
2024-07-11 13:25:00,2024-07-11 13:28:00,4,风机联合连续重复,风机联合连续重复；用于计算重复风机功率扣减量，是否并入最终异常由参数控制
2024-07-11 13:25:00,2024-07-11 13:28:00,4,风机联合连续重复,风机联合连续重复；用于计算重复风机功率扣减量，是否并入最终异常由参数控制
2024-07-11 13:25:00,2024-07-11 13:28:00,4,风机联合连续重复,风机联合连续重复；用于计算重复风机功率扣减量，是否并入最终异常由参数控制
2024-07-11 13:25:00,2024-07-11 13:28:00,4,风机联合连续重复,风机联合连续重复；用于计算重复风机功率扣减量，是否并入最终异常由参数控制
2024-07-11 13:25:00,2024-07-11 13:28:00,4,风机联合连续重复,风机联合连续重复；用于计算重复风机功率扣减量，是否并入最终异常由参数控制
2024-07-11 13:25:00,2024-07-11 13:28:00,4,风机联合连续重复,风机联合连续重复；用于计算重复风机功率扣减量，是否并入最终异常由参数控制
2024-07-11 13:25:00,2024-07-11 13:28:00,4,风机联合连续重复,风机联合连续重复；用于计算重复风机功率扣减量，是否并入最终异常由参数控制
2024-07-11 13:25:00,2024-07-11 13:28:00,4,风机联合连续重复,风机联合连续重复；用于计算重复风机功率扣减量，是否并入最终异常由参数控制
2024-07-11 13:25:00,2024-07-11 13:28:00,4,风机联合连续重复,风机联合连续重复；用于计算重复风机功率扣减量，是否并入最终异常由参数控制
2024-07-11 13:25:00,2024-07-11 13:28:00,4,风机联合连续重复,风机联合连续重复；用于计算重复风机功率扣减量，是否并入最终异常由参数控制
2024-07-11 13:25:00,2024-07-11 13:28:00,4,风机联合连续重复,风机联合连续重复；用于计算重复风机功率扣减量，是否并入最终异常由参数控制
2024-07-11 13:25:00,2024-07-11 13:28:00,4,风机联合连续重复,风机联合连续重复；用于计算重复风机功率扣减量，是否并入最终异常由参数控制
2024-07-11 13:25:00,2024-07-11 13:28:00,4,风机联合连续重复,风机联合连续重复；用于计算重复风机功率扣减量，是否并入最终异常由参数控制
2024-07-11 13:25:00,2024-07-11 13:28:00,4,风机联合连续重复,风机联合连续重复；用于计算重复风机功率扣减量，是否并入最终异常由参数控制
2024-07-11 13:25:00,2024-07-11 13:28:00,4,风机联合连续重复,风机联合连续重复；用于计算重复风机功率扣减量，是否并入最终异常由参数控制
2024-07-11 13:25:00,2024-07-11 13:28:00,4,风机联合连续重复,风机联合连续重复；用于计算重复风机功率扣减量，是否并入最终异常由参数控制
2024-07-11 13:25:00,2024-07-11 13:28:00,4,风机联合连续重复,风机联合连续重复；用于计算重复风机功率扣减量，是否并入最终异常由参数控制
2024-07-11 13:25:00,2024-07-11 13:28:00,4,风机联合连续重复,风机联合连续重复；用于计算重复风机功率扣减量，是否并入最终异常由参数控制
2024-07-11 13:25:00,2024-07-11 13:28:00,4,风机联合连续重复,风机联合连续重复；用于计算重复风机功率扣减量，是否并入最终异常由参数控制
2024-07-11 13:25:00,2024-07-11 13:28:00,4,风机联合连续重复,风机联合连续重复；用于计算重复风机功率扣减量，是否并入最终异常由参数控制
2024-07-11 13:25:00,2024-07-11 13:28:00,4,风机联合连续重复,风机联合连续重复；用于计算重复风机功率扣减量，是否并入最终异常由参数控制
2024-07-11 13:25:00,2024-07-11 13:28:00,4,风机联合连续重复,风机联合连续重复；用于计算重复风机功率扣减量，是否并入最终异常由参数控制
2024-07-11 13:25:00,2024-07-11 13:28:00,4,风机联合连续重复,风机联合连续重复；用于计算重复风机功率扣减量，是否并入最终异常由参数控制
2024-07-11 13:25:00,2024-07-11 13:28:00,4,风机联合连续重复,风机联合连续重复；用于计算重复风机功率扣减量，是否并入最终异常由参数控制
2024-07-11 13:25:00,2024-07-11 13:28:00,4,风机联合连续重复,风机联合连续重复；用于计算重复风机功率扣减量，是否并入最终异常由参数控制
2024-07-11 13:25:00,2024-07-11 13:28:00,4,风机联合连续重复,风机联合连续重复；用于计算重复风机功率扣减量，是否并入最终异常由参数控制
2024-07-11 13:25:00,2024-07-11 13:28:00,4,风机联合连续重复,风机联合连续重复；用于计算重复风机功率扣减量，是否并入最终异常由参数控制
2024-07-11 13:25:00,2024-07-11 13:28:00,4,风机联合连续重复,风机联合连续重复；用于计算重复风机功率扣减量，是否并入最终异常由参数控制
2024-07-11 13:25:00,2024-07-11 13:28:00,4,风机联合连续重复,风机联合连续重复；用于计算重复风机功率扣减量，是否并入最终异常由参数控制
2024-07-11 13:25:00,2024-07-11 13:28:00,4,风机联合连续重复,风机联合连续重复；用于计算重复风机功率扣减量，是否并入最终异常由参数控制
2024-07-11 13:25:00,2024-07-11 13:28:00,4,风机联合连续重复,风机联合连续重复；用于计算重复风机功率扣减量，是否并入最终异常由参数控制
2024-07-11 13:25:00,2024-07-11 13:28:00,4,风机联合连续重复,风机联合连续重复；用于计算重复风机功率扣减量，是否并入最终异常由参数控制
2024-07-11 13:25:00,2024-07-11 13:28:00,4,风机联合连续重复,风机联合连续重复；用于计算重复风机功率扣减量，是否并入最终异常由参数控制
2024-07-11 13:25:00,2024-07-11 13:28:00,4,风机联合连续重复,风机联合连续重复；用于计算重复风机功率扣减量，是否并入最终异常由参数控制
2024-07-11 13:25:00,2024-07-11 13:28:00,4,风机联合连续重复,风机联合连续重复；用于计算重复风机功率扣减量，是否并入最终异常由参数控制
2024-07-11 13:25:00,2024-07-11 13:28:00,4,风机联合连续重复,风机联合连续重复；用于计算重复风机功率扣减量，是否并入最终异常由参数控制
2024-07-11 13:25:00,2024-07-11 13:28:00,4,风机联合连续重复,风机联合连续重复；用于计算重复风机功率扣减量，是否并入最终异常由参数控制
2024-07-11 13:25:00,2024-07-11 13:28:00,4,风机联合连续重复,风机联合连续重复；用于计算重复风机功率扣减量，是否并入最终异常由参数控制
2024-07-11 13:25:00,2024-07-11 13:28:00,4,风机联合连续重复,风机联合连续重复；用于计算重复风机功率扣减量，是否并入最终异常由参数控制
2024-07-11 13:25:00,2024-07-11 13:28:00,4,风机联合连续重复,风机联合连续重复；用于计算重复风机功率扣减量，是否并入最终异常由参数控制
2024-07-11 13:25:00,2024-07-11 13:28:00,4,站端功率连续重复,ACTIVE_POWER_STATION 重复值大于阈值且持续长度大于阈值
2024-07-11 15:10:00,2024-07-11 15:13:00,4,风机联合连续重复,风机联合连续重复；用于计算重复风机功率扣减量，是否并入最终异常由参数控制
2024-07-11 15:10:00,2024-07-11 15:13:00,4,风机联合连续重复,风机联合连续重复；用于计算重复风机功率扣减量，是否并入最终异常由参数控制
2024-07-11 15:10:00,2024-07-11 15:13:00,4,风机联合连续重复,风机联合连续重复；用于计算重复风机功率扣减量，是否并入最终异常由参数控制
2024-07-11 15:10:00,2024-07-11 15:13:00,4,风机联合连续重复,风机联合连续重复；用于计算重复风机功率扣减量，是否并入最终异常由参数控制
2024-07-11 15:10:00,2024-07-11 15:13:00,4,风机联合连续重复,风机联合连续重复；用于计算重复风机功率扣减量，是否并入最终异常由参数控制
2024-07-11 15:10:00,2024-07-11 15:13:00,4,风机联合连续重复,风机联合连续重复；用于计算重复风机功率扣减量，是否并入最终异常由参数控制
2024-07-11 15:10:00,2024-07-11 15:13:00,4,风机联合连续重复,风机联合连续重复；用于计算重复风机功率扣减量，是否并入最终异常由参数控制
2024-07-11 15:10:00,2024-07-11 15:13:00,4,风机联合连续重复,风机联合连续重复；用于计算重复风机功率扣减量，是否并入最终异常由参数控制
2024-07-11 15:10:00,2024-07-11 15:13:00,4,风机联合连续重复,风机联合连续重复；用于计算重复风机功率扣减量，是否并入最终异常由参数控制
2024-07-11 15:10:00,2024-07-11 15:13:00,4,风机联合连续重复,风机联合连续重复；用于计算重复风机功率扣减量，是否并入最终异常由参数控制
2024-07-11 15:10:00,2024-07-11 15:13:00,4,风机联合连续重复,风机联合连续重复；用于计算重复风机功率扣减量，是否并入最终异常由参数控制
2024-07-11 15:10:00,2024-07-11 15:13:00,4,风机联合连续重复,风机联合连续重复；用于计算重复风机功率扣减量，是否并入最终异常由参数控制
2024-07-11 15:10:00,2024-07-11 15:13:00,4,风机联合连续重复,风机联合连续重复；用于计算重复风机功率扣减量，是否并入最终异常由参数控制
2024-07-11 15:10:00,2024-07-11 15:13:00,4,风机联合连续重复,风机联合连续重复；用于计算重复风机功率扣减量，是否并入最终异常由参数控制
2024-07-11 15:10:00,2024-07-11 15:13:00,4,风机联合连续重复,风机联合连续重复；用于计算重复风机功率扣减量，是否并入最终异常由参数控制
2024-07-11 15:10:00,2024-07-11 15:13:00,4,风机联合连续重复,风机联合连续重复；用于计算重复风机功率扣减量，是否并入最终异常由参数控制
2024-07-11 15:10:00,2024-07-11 15:13:00,4,风机联合连续重复,风机联合连续重复；用于计算重复风机功率扣减量，是否并入最终异常由参数控制
2024-07-11 15:10:00,2024-07-11 15:13:00,4,风机联合连续重复,风机联合连续重复；用于计算重复风机功率扣减量，是否并入最终异常由参数控制
2024-07-11 15:10:00,2024-07-11 15:13:00,4,风机联合连续重复,风机联合连续重复；用于计算重复风机功率扣减量，是否并入最终异常由参数控制
2024-07-11 15:10:00,2024-07-11 15:13:00,4,风机联合连续重复,风机联合连续重复；用于计算重复风机功率扣减量，是否并入最终异常由参数控制
2024-07-11 15:10:00,2024-07-11 15:13:00,4,风机联合连续重复,风机联合连续重复；用于计算重复风机功率扣减量，是否并入最终异常由参数控制
2024-07-11 15:10:00,2024-07-11 15:13:00,4,风机联合连续重复,风机联合连续重复；用于计算重复风机功率扣减量，是否并入最终异常由参数控制
2024-07-11 15:10:00,2024-07-11 15:13:00,4,风机联合连续重复,风机联合连续重复；用于计算重复风机功率扣减量，是否并入最终异常由参数控制
2024-07-11 15:10:00,2024-07-11 15:13:00,4,风机联合连续重复,风机联合连续重复；用于计算重复风机功率扣减量，是否并入最终异常由参数控制
2024-07-11 15:10:00,2024-07-11 15:13:00,4,风机联合连续重复,风机联合连续重复；用于计算重复风机功率扣减量，是否并入最终异常由参数控制
2024-07-11 15:10:00,2024-07-11 15:13:00,4,站端功率连续重复,ACTIVE_POWER_STATION 重复值大于阈值且持续长度大于阈值
2024-07-12 11:18:00,2024-07-12 11:24:00,7,风机联合连续重复,风机联合连续重复；用于计算重复风机功率扣减量，是否并入最终异常由参数控制
2024-07-12 11:18:00,2024-07-12 11:24:00,7,风机联合连续重复,风机联合连续重复；用于计算重复风机功率扣减量，是否并入最终异常由参数控制
2024-07-12 11:18:00,2024-07-12 11:24:00,7,风机联合连续重复,风机联合连续重复；用于计算重复风机功率扣减量，是否并入最终异常由参数控制
2024-07-12 11:18:00,2024-07-12 11:24:00,7,风机联合连续重复,风机联合连续重复；用于计算重复风机功率扣减量，是否并入最终异常由参数控制
2024-07-12 11:18:00,2024-07-12 11:24:00,7,风机联合连续重复,风机联合连续重复；用于计算重复风机功率扣减量，是否并入最终异常由参数控制
2024-07-12 11:18:00,2024-07-12 11:24:00,7,风机联合连续重复,风机联合连续重复；用于计算重复风机功率扣减量，是否并入最终异常由参数控制
2024-07-12 11:18:00,2024-07-12 11:24:00,7,风机联合连续重复,风机联合连续重复；用于计算重复风机功率扣减量，是否并入最终异常由参数控制
2024-07-12 11:18:00,2024-07-12 11:24:00,7,风机联合连续重复,风机联合连续重复；用于计算重复风机功率扣减量，是否并入最终异常由参数控制
2024-07-12 11:18:00,2024-07-12 11:24:00,7,风机联合连续重复,风机联合连续重复；用于计算重复风机功率扣减量，是否并入最终异常由参数控制
2024-07-12 11:18:00,2024-07-12 11:24:00,7,风机联合连续重复,风机联合连续重复；用于计算重复风机功率扣减量，是否并入最终异常由参数控制
2024-07-12 11:18:00,2024-07-12 11:24:00,7,风机联合连续重复,风机联合连续重复；用于计算重复风机功率扣减量，是否并入最终异常由参数控制
2024-07-12 11:18:00,2024-07-12 11:24:00,7,风机联合连续重复,风机联合连续重复；用于计算重复风机功率扣减量，是否并入最终异常由参数控制
2024-07-12 11:18:00,2024-07-12 11:24:00,7,风机联合连续重复,风机联合连续重复；用于计算重复风机功率扣减量，是否并入最终异常由参数控制
2024-07-12 11:18:00,2024-07-12 11:24:00,7,风机联合连续重复,风机联合连续重复；用于计算重复风机功率扣减量，是否并入最终异常由参数控制
2024-07-12 11:18:00,2024-07-12 11:24:00,7,风机联合连续重复,风机联合连续重复；用于计算重复风机功率扣减量，是否并入最终异常由参数控制
2024-07-12 11:18:00,2024-07-12 11:24:00,7,风机联合连续重复,风机联合连续重复；用于计算重复风机功率扣减量，是否并入最终异常由参数控制
2024-07-12 11:18:00,2024-07-12 11:24:00,7,风机联合连续重复,风机联合连续重复；用于计算重复风机功率扣减量，是否并入最终异常由参数控制
2024-07-12 11:18:00,2024-07-12 11:24:00,7,风机联合连续重复,风机联合连续重复；用于计算重复风机功率扣减量，是否并入最终异常由参数控制
2024-07-12 11:18:00,2024-07-12 11:24:00,7,风机联合连续重复,风机联合连续重复；用于计算重复风机功率扣减量，是否并入最终异常由参数控制
2024-07-12 11:18:00,2024-07-12 11:24:00,7,风机联合连续重复,风机联合连续重复；用于计算重复风机功率扣减量，是否并入最终异常由参数控制
2024-07-12 11:18:00,2024-07-12 11:24:00,7,风机联合连续重复,风机联合连续重复；用于计算重复风机功率扣减量，是否并入最终异常由参数控制
2024-07-12 11:18:00,2024-07-12 11:24:00,7,风机联合连续重复,风机联合连续重复；用于计算重复风机功率扣减量，是否并入最终异常由参数控制
2024-07-12 11:18:00,2024-07-12 11:24:00,7,风机联合连续重复,风机联合连续重复；用于计算重复风机功率扣减量，是否并入最终异常由参数控制
2024-07-12 11:18:00,2024-07-12 11:24:00,7,风机联合连续重复,风机联合连续重复；用于计算重复风机功率扣减量，是否并入最终异常由参数控制
2024-07-12 11:18:00,2024-07-12 11:24:00,7,风机联合连续重复,风机联合连续重复；用于计算重复风机功率扣减量，是否并入最终异常由参数控制
2024-07-12 11:18:00,2024-07-12 11:24:00,7,风机联合连续重复,风机联合连续重复；用于计算重复风机功率扣减量，是否并入最终异常由参数控制
2024-07-12 11:18:00,2024-07-12 11:24:00,7,风机联合连续重复,风机联合连续重复；用于计算重复风机功率扣减量，是否并入最终异常由参数控制
2024-07-12 11:18:00,2024-07-12 11:24:00,7,风机联合连续重复,风机联合连续重复；用于计算重复风机功率扣减量，是否并入最终异常由参数控制
2024-07-12 11:18:00,2024-07-12 11:24:00,7,风机联合连续重复,风机联合连续重复；用于计算重复风机功率扣减量，是否并入最终异常由参数控制
2024-07-12 11:18:00,2024-07-12 11:24:00,7,风机联合连续重复,风机联合连续重复；用于计算重复风机功率扣减量，是否并入最终异常由参数控制
2024-07-12 11:18:00,2024-07-12 11:24:00,7,风机联合连续重复,风机联合连续重复；用于计算重复风机功率扣减量，是否并入最终异常由参数控制
2024-07-12 11:18:00,2024-07-12 11:24:00,7,风机联合连续重复,风机联合连续重复；用于计算重复风机功率扣减量，是否并入最终异常由参数控制
2024-07-12 11:18:00,2024-07-12 11:24:00,7,风机联合连续重复,风机联合连续重复；用于计算重复风机功率扣减量，是否并入最终异常由参数控制
2024-07-12 11:18:00,2024-07-12 11:24:00,7,风机联合连续重复,风机联合连续重复；用于计算重复风机功率扣减量，是否并入最终异常由参数控制
2024-07-12 11:18:00,2024-07-12 11:24:00,7,风机联合连续重复,风机联合连续重复；用于计算重复风机功率扣减量，是否并入最终异常由参数控制
2024-07-12 11:18:00,2024-07-12 11:24:00,7,风机联合连续重复,风机联合连续重复；用于计算重复风机功率扣减量，是否并入最终异常由参数控制
2024-07-12 11:18:00,2024-07-12 11:24:00,7,风机联合连续重复,风机联合连续重复；用于计算重复风机功率扣减量，是否并入最终异常由参数控制
2024-07-12 11:18:00,2024-07-12 11:24:00,7,风机联合连续重复,风机联合连续重复；用于计算重复风机功率扣减量，是否并入最终异常由参数控制
2024-07-12 11:18:00,2024-07-12 11:24:00,7,风机联合连续重复,风机联合连续重复；用于计算重复风机功率扣减量，是否并入最终异常由参数控制
2024-07-12 11:18:00,2024-07-12 11:24:00,7,风机联合连续重复,风机联合连续重复；用于计算重复风机功率扣减量，是否并入最终异常由参数控制
2024-07-12 11:18:00,2024-07-12 11:24:00,7,风机联合连续重复,风机联合连续重复；用于计算重复风机功率扣减量，是否并入最终异常由参数控制
2024-07-12 11:18:00,2024-07-12 11:24:00,7,风机联合连续重复,风机联合连续重复；用于计算重复风机功率扣减量，是否并入最终异常由参数控制
2024-07-12 11:18:00,2024-07-12 11:24:00,7,风机联合连续重复,风机联合连续重复；用于计算重复风机功率扣减量，是否并入最终异常由参数控制
2024-07-12 11:18:00,2024-07-12 11:24:00,7,风机联合连续重复,风机联合连续重复；用于计算重复风机功率扣减量，是否并入最终异常由参数控制
2024-07-12 11:18:00,2024-07-12 11:24:00,7,风机联合连续重复,风机联合连续重复；用于计算重复风机功率扣减量，是否并入最终异常由参数控制
2024-07-12 11:18:00,2024-07-12 11:24:00,7,风机联合连续重复,风机联合连续重复；用于计算重复风机功率扣减量，是否并入最终异常由参数控制
2024-07-12 11:18:00,2024-07-12 11:24:00,7,风机联合连续重复,风机联合连续重复；用于计算重复风机功率扣减量，是否并入最终异常由参数控制
2024-07-12 11:18:00,2024-07-12 11:24:00,7,风机联合连续重复,风机联合连续重复；用于计算重复风机功率扣减量，是否并入最终异常由参数控制
2024-07-12 11:18:00,2024-07-12 11:24:00,7,风机联合连续重复,风机联合连续重复；用于计算重复风机功率扣减量，是否并入最终异常由参数控制
2024-07-12 11:18:00,2024-07-12 11:24:00,7,风机联合连续重复,风机联合连续重复；用于计算重复风机功率扣减量，是否并入最终异常由参数控制
2024-07-12 11:18:00,2024-07-12 11:24:00,7,风机联合连续重复,风机联合连续重复；用于计算重复风机功率扣减量，是否并入最终异常由参数控制
2024-07-12 11:18:00,2024-07-12 11:24:00,7,风机联合连续重复,风机联合连续重复；用于计算重复风机功率扣减量，是否并入最终异常由参数控制
2024-07-12 11:18:00,2024-07-12 11:24:00,7,风机联合连续重复,风机联合连续重复；用于计算重复风机功率扣减量，是否并入最终异常由参数控制
2024-07-12 11:18:00,2024-07-12 11:24:00,7,风机联合连续重复,风机联合连续重复；用于计算重复风机功率扣减量，是否并入最终异常由参数控制
2024-07-12 11:18:00,2024-07-12 11:24:00,7,风机联合连续重复,风机联合连续重复；用于计算重复风机功率扣减量，是否并入最终异常由参数控制
2024-07-12 11:18:00,2024-07-12 11:24:00,7,风机联合连续重复,风机联合连续重复；用于计算重复风机功率扣减量，是否并入最终异常由参数控制
2024-07-12 11:18:00,2024-07-12 11:24:00,7,风机联合连续重复,风机联合连续重复；用于计算重复风机功率扣减量，是否并入最终异常由参数控制
2024-07-12 11:18:00,2024-07-12 11:24:00,7,风机联合连续重复,风机联合连续重复；用于计算重复风机功率扣减量，是否并入最终异常由参数控制
2024-07-12 11:18:00,2024-07-12 11:24:00,7,风机联合连续重复,风机联合连续重复；用于计算重复风机功率扣减量，是否并入最终异常由参数控制
2024-07-12 11:18:00,2024-07-12 11:24:00,7,风机联合连续重复,风机联合连续重复；用于计算重复风机功率扣减量，是否并入最终异常由参数控制
2024-07-12 11:18:00,2024-07-12 11:24:00,7,风机联合连续重复,风机联合连续重复；用于计算重复风机功率扣减量，是否并入最终异常由参数控制
2024-07-12 11:18:00,2024-07-12 11:24:00,7,风机联合连续重复,风机联合连续重复；用于计算重复风机功率扣减量，是否并入最终异常由参数控制
2024-07-12 11:18:00,2024-07-12 11:24:00,7,风机联合连续重复,风机联合连续重复；用于计算重复风机功率扣减量，是否并入最终异常由参数控制
2024-07-12 11:18:00,2024-07-12 11:24:00,7,风机联合连续重复,风机联合连续重复；用于计算重复风机功率扣减量，是否并入最终异常由参数控制
2024-07-12 11:18:00,2024-07-12 11:24:00,7,风机联合连续重复,风机联合连续重复；用于计算重复风机功率扣减量，是否并入最终异常由参数控制
2024-07-12 11:18:00,2024-07-12 11:24:00,7,风机联合连续重复,风机联合连续重复；用于计算重复风机功率扣减量，是否并入最终异常由参数控制
2024-07-12 11:18:00,2024-07-12 11:24:00,7,风机联合连续重复,风机联合连续重复；用于计算重复风机功率扣减量，是否并入最终异常由参数控制
2024-07-12 11:18:00,2024-07-12 11:24:00,7,风机联合连续重复,风机联合连续重复；用于计算重复风机功率扣减量，是否并入最终异常由参数控制
2024-07-12 11:18:00,2024-07-12 11:24:00,7,风机联合连续重复,风机联合连续重复；用于计算重复风机功率扣减量，是否并入最终异常由参数控制
2024-07-12 11:18:00,2024-07-12 11:24:00,7,风机联合连续重复,风机联合连续重复；用于计算重复风机功率扣减量，是否并入最终异常由参数控制
2024-07-12 11:18:00,2024-07-12 11:24:00,7,风机联合连续重复,风机联合连续重复；用于计算重复风机功率扣减量，是否并入最终异常由参数控制
2024-07-12 11:18:00,2024-07-12 11:24:00,7,风机联合连续重复,风机联合连续重复；用于计算重复风机功率扣减量，是否并入最终异常由参数控制
2024-07-12 11:18:00,2024-07-12 11:24:00,7,风机联合连续重复,风机联合连续重复；用于计算重复风机功率扣减量，是否并入最终异常由参数控制
2024-07-12 11:18:00,2024-07-12 11:24:00,7,风机联合连续重复,风机联合连续重复；用于计算重复风机功率扣减量，是否并入最终异常由参数控制
2024-07-12 11:18:00,2024-07-12 11:24:00,7,风机联合连续重复,风机联合连续重复；用于计算重复风机功率扣减量，是否并入最终异常由参数控制
2024-07-12 11:18:00,2024-07-12 11:24:00,7,风机联合连续重复,风机联合连续重复；用于计算重复风机功率扣减量，是否并入最终异常由参数控制
2024-07-12 11:18:00,2024-07-12 11:24:00,7,风机联合连续重复,风机联合连续重复；用于计算重复风机功率扣减量，是否并入最终异常由参数控制
2024-07-12 11:18:00,2024-07-12 11:24:00,7,风机联合连续重复,风机联合连续重复；用于计算重复风机功率扣减量，是否并入最终异常由参数控制
2024-07-12 11:18:00,2024-07-12 11:24:00,7,风机联合连续重复,风机联合连续重复；用于计算重复风机功率扣减量，是否并入最终异常由参数控制
2024-07-12 11:18:00,2024-07-12 11:24:00,7,风机联合连续重复,风机联合连续重复；用于计算重复风机功率扣减量，是否并入最终异常由参数控制
2024-07-12 11:18:00,2024-07-12 11:24:00,7,风机联合连续重复,风机联合连续重复；用于计算重复风机功率扣减量，是否并入最终异常由参数控制
2024-07-12 11:18:00,2024-07-12 11:24:00,7,风机联合连续重复,风机联合连续重复；用于计算重复风机功率扣减量，是否并入最终异常由参数控制
2024-07-12 11:18:00,2024-07-12 11:24:00,7,风机联合连续重复,风机联合连续重复；用于计算重复风机功率扣减量，是否并入最终异常由参数控制
2024-07-12 11:18:00,2024-07-12 11:24:00,7,风机联合连续重复,风机联合连续重复；用于计算重复风机功率扣减量，是否并入最终异常由参数控制
2024-07-12 11:18:00,2024-07-12 11:24:00,7,风机联合连续重复,风机联合连续重复；用于计算重复风机功率扣减量，是否并入最终异常由参数控制
2024-07-12 11:18:00,2024-07-12 11:24:00,7,风机联合连续重复,风机联合连续重复；用于计算重复风机功率扣减量，是否并入最终异常由参数控制
2024-07-12 11:18:00,2024-07-12 11:24:00,7,风机联合连续重复,风机联合连续重复；用于计算重复风机功率扣减量，是否并入最终异常由参数控制
2024-07-12 11:18:00,2024-07-12 11:24:00,7,风机联合连续重复,风机联合连续重复；用于计算重复风机功率扣减量，是否并入最终异常由参数控制
2024-07-12 11:18:00,2024-07-12 11:24:00,7,风机联合连续重复,风机联合连续重复；用于计算重复风机功率扣减量，是否并入最终异常由参数控制
2024-07-12 11:18:00,2024-07-12 11:24:00,7,风机联合连续重复,风机联合连续重复；用于计算重复风机功率扣减量，是否并入最终异常由参数控制
2024-07-12 11:18:00,2024-07-12 11:24:00,7,风机联合连续重复,风机联合连续重复；用于计算重复风机功率扣减量，是否并入最终异常由参数控制
2024-07-12 11:18:00,2024-07-12 11:24:00,7,风机联合连续重复,风机联合连续重复；用于计算重复风机功率扣减量，是否并入最终异常由参数控制
2024-07-12 11:18:00,2024-07-12 11:24:00,7,风机联合连续重复,风机联合连续重复；用于计算重复风机功率扣减量，是否并入最终异常由参数控制
2024-07-12 11:18:00,2024-07-12 11:24:00,7,风机联合连续重复,风机联合连续重复；用于计算重复风机功率扣减量，是否并入最终异常由参数控制
2024-07-12 11:18:00,2024-07-12 11:24:00,7,风机联合连续重复,风机联合连续重复；用于计算重复风机功率扣减量，是否并入最终异常由参数控制
2024-07-12 11:18:00,2024-07-12 11:24:00,7,风机联合连续重复,风机联合连续重复；用于计算重复风机功率扣减量，是否并入最终异常由参数控制
2024-07-12 11:18:00,2024-07-12 11:24:00,7,风机联合连续重复,风机联合连续重复；用于计算重复风机功率扣减量，是否并入最终异常由参数控制
2024-07-12 11:18:00,2024-07-12 11:24:00,7,站端功率连续重复,ACTIVE_POWER_STATION 重复值大于阈值且持续长度大于阈值
2024-07-16 16:25:00,2024-07-16 16:28:00,4,站端功率连续重复,ACTIVE_POWER_STATION 重复值大于阈值且持续长度大于阈值
2024-07-16 16:50:00,2024-07-16 16:54:00,5,站端功率连续重复,ACTIVE_POWER_STATION 重复值大于阈值且持续长度大于阈值
2024-07-16 16:55:00,2024-07-16 17:00:00,6,站端功率连续重复,ACTIVE_POWER_STATION 重复值大于阈值且持续长度大于阈值
2024-07-16 19:38:00,2024-07-16 19:42:00,5,站端功率连续重复,ACTIVE_POWER_STATION 重复值大于阈值且持续长度大于阈值
2024-07-17 02:14:00,2024-07-17 02:17:00,4,站端功率连续重复,ACTIVE_POWER_STATION 重复值大于阈值且持续长度大于阈值
2024-07-17 03:56:00,2024-07-17 03:59:00,4,站端功率连续重复,ACTIVE_POWER_STATION 重复值大于阈值且持续长度大于阈值
2024-07-18 00:02:00,2024-07-18 00:07:00,6,站端功率连续重复,ACTIVE_POWER_STATION 重复值大于阈值且持续长度大于阈值
2024-07-18 00:32:00,2024-07-18 00:35:00,4,站端功率连续重复,ACTIVE_POWER_STATION 重复值大于阈值且持续长度大于阈值
2024-07-18 00:45:00,2024-07-18 00:49:00,5,站端功率连续重复,ACTIVE_POWER_STATION 重复值大于阈值且持续长度大于阈值
2024-07-18 01:02:00,2024-07-18 01:07:00,6,站端功率连续重复,ACTIVE_POWER_STATION 重复值大于阈值且持续长度大于阈值
2024-07-18 01:28:00,2024-07-18 01:31:00,4,站端功率连续重复,ACTIVE_POWER_STATION 重复值大于阈值且持续长度大于阈值
2024-07-18 01:56:00,2024-07-18 02:01:00,6,站端功率连续重复,ACTIVE_POWER_STATION 重复值大于阈值且持续长度大于阈值
2024-07-18 02:02:00,2024-07-18 02:07:00,6,站端功率连续重复,ACTIVE_POWER_STATION 重复值大于阈值且持续长度大于阈值
2024-07-18 02:08:00,2024-07-18 02:13:00,6,站端功率连续重复,ACTIVE_POWER_STATION 重复值大于阈值且持续长度大于阈值
2024-07-18 02:32:00,2024-07-18 02:37:00,6,站端功率连续重复,ACTIVE_POWER_STATION 重复值大于阈值且持续长度大于阈值
2024-07-21 20:34:00,2024-07-21 20:39:00,6,站端功率连续重复,ACTIVE_POWER_STATION 重复值大于阈值且持续长度大于阈值
2024-07-21 23:41:00,2024-07-21 23:45:00,5,站端功率连续重复,ACTIVE_POWER_STATION 重复值大于阈值且持续长度大于阈值
2024-07-24 19:39:00,2024-07-24 19:39:00,1,物理超额定,风机功率之和或 ACTIVE_POWER_STATION 超过额定功率上限；明细保留但汇总剔除
2024-07-25 10:43:00,2024-07-25 11:14:00,32,站端功率连续重复,ACTIVE_POWER_STATION 重复值大于阈值且持续长度大于阈值
2024-07-25 10:43:00,2024-07-25 11:18:00,36,风机联合连续重复,风机联合连续重复；用于计算重复风机功率扣减量，是否并入最终异常由参数控制
2024-07-25 10:43:00,2024-07-25 11:18:00,36,风机联合连续重复,风机联合连续重复；用于计算重复风机功率扣减量，是否并入最终异常由参数控制
2024-07-25 10:43:00,2024-07-25 11:18:00,36,风机联合连续重复,风机联合连续重复；用于计算重复风机功率扣减量，是否并入最终异常由参数控制
2024-07-25 10:43:00,2024-07-25 11:18:00,36,风机联合连续重复,风机联合连续重复；用于计算重复风机功率扣减量，是否并入最终异常由参数控制
2024-07-25 10:43:00,2024-07-25 11:18:00,36,风机联合连续重复,风机联合连续重复；用于计算重复风机功率扣减量，是否并入最终异常由参数控制
2024-07-25 10:43:00,2024-07-25 11:18:00,36,风机联合连续重复,风机联合连续重复；用于计算重复风机功率扣减量，是否并入最终异常由参数控制
2024-07-25 10:43:00,2024-07-25 11:18:00,36,风机联合连续重复,风机联合连续重复；用于计算重复风机功率扣减量，是否并入最终异常由参数控制
2024-07-25 10:43:00,2024-07-25 11:18:00,36,风机联合连续重复,风机联合连续重复；用于计算重复风机功率扣减量，是否并入最终异常由参数控制
2024-07-25 10:43:00,2024-07-25 11:18:00,36,风机联合连续重复,风机联合连续重复；用于计算重复风机功率扣减量，是否并入最终异常由参数控制
2024-07-25 10:43:00,2024-07-25 11:18:00,36,风机联合连续重复,风机联合连续重复；用于计算重复风机功率扣减量，是否并入最终异常由参数控制
2024-07-25 10:43:00,2024-07-25 11:18:00,36,风机联合连续重复,风机联合连续重复；用于计算重复风机功率扣减量，是否并入最终异常由参数控制
2024-07-25 10:43:00,2024-07-25 11:18:00,36,风机联合连续重复,风机联合连续重复；用于计算重复风机功率扣减量，是否并入最终异常由参数控制
2024-07-25 10:43:00,2024-07-25 11:18:00,36,风机联合连续重复,风机联合连续重复；用于计算重复风机功率扣减量，是否并入最终异常由参数控制
2024-07-25 10:43:00,2024-07-25 11:18:00,36,风机联合连续重复,风机联合连续重复；用于计算重复风机功率扣减量，是否并入最终异常由参数控制
2024-07-25 10:43:00,2024-07-25 11:18:00,36,风机联合连续重复,风机联合连续重复；用于计算重复风机功率扣减量，是否并入最终异常由参数控制
2024-07-25 10:43:00,2024-07-25 11:18:00,36,风机联合连续重复,风机联合连续重复；用于计算重复风机功率扣减量，是否并入最终异常由参数控制
2024-07-25 10:43:00,2024-07-25 11:18:00,36,风机联合连续重复,风机联合连续重复；用于计算重复风机功率扣减量，是否并入最终异常由参数控制
2024-07-25 10:43:00,2024-07-25 11:18:00,36,风机联合连续重复,风机联合连续重复；用于计算重复风机功率扣减量，是否并入最终异常由参数控制
2024-07-25 10:43:00,2024-07-25 11:18:00,36,风机联合连续重复,风机联合连续重复；用于计算重复风机功率扣减量，是否并入最终异常由参数控制
2024-07-25 10:43:00,2024-07-25 11:18:00,36,风机联合连续重复,风机联合连续重复；用于计算重复风机功率扣减量，是否并入最终异常由参数控制
2024-07-25 10:43:00,2024-07-25 11:18:00,36,风机联合连续重复,风机联合连续重复；用于计算重复风机功率扣减量，是否并入最终异常由参数控制
2024-07-25 10:43:00,2024-07-25 11:18:00,36,风机联合连续重复,风机联合连续重复；用于计算重复风机功率扣减量，是否并入最终异常由参数控制
2024-07-25 10:43:00,2024-07-25 11:18:00,36,风机联合连续重复,风机联合连续重复；用于计算重复风机功率扣减量，是否并入最终异常由参数控制
2024-07-25 10:43:00,2024-07-25 11:18:00,36,风机联合连续重复,风机联合连续重复；用于计算重复风机功率扣减量，是否并入最终异常由参数控制
2024-07-25 10:43:00,2024-07-25 11:18:00,36,风机联合连续重复,风机联合连续重复；用于计算重复风机功率扣减量，是否并入最终异常由参数控制
2024-07-25 10:43:00,2024-07-25 11:18:00,36,风机联合连续重复,风机联合连续重复；用于计算重复风机功率扣减量，是否并入最终异常由参数控制
2024-07-25 10:43:00,2024-07-25 11:18:00,36,风机联合连续重复,风机联合连续重复；用于计算重复风机功率扣减量，是否并入最终异常由参数控制
2024-07-25 10:43:00,2024-07-25 11:18:00,36,风机联合连续重复,风机联合连续重复；用于计算重复风机功率扣减量，是否并入最终异常由参数控制
2024-07-25 10:43:00,2024-07-25 11:18:00,36,风机联合连续重复,风机联合连续重复；用于计算重复风机功率扣减量，是否并入最终异常由参数控制
2024-07-25 10:43:00,2024-07-25 11:18:00,36,风机联合连续重复,风机联合连续重复；用于计算重复风机功率扣减量，是否并入最终异常由参数控制
2024-07-25 10:43:00,2024-07-25 11:18:00,36,风机联合连续重复,风机联合连续重复；用于计算重复风机功率扣减量，是否并入最终异常由参数控制
2024-07-25 10:43:00,2024-07-25 11:18:00,36,风机联合连续重复,风机联合连续重复；用于计算重复风机功率扣减量，是否并入最终异常由参数控制
2024-07-25 10:43:00,2024-07-25 11:18:00,36,风机联合连续重复,风机联合连续重复；用于计算重复风机功率扣减量，是否并入最终异常由参数控制
2024-07-25 10:43:00,2024-07-25 11:18:00,36,风机联合连续重复,风机联合连续重复；用于计算重复风机功率扣减量，是否并入最终异常由参数控制
2024-07-25 10:43:00,2024-07-25 11:18:00,36,风机联合连续重复,风机联合连续重复；用于计算重复风机功率扣减量，是否并入最终异常由参数控制
2024-07-25 10:43:00,2024-07-25 11:18:00,36,风机联合连续重复,风机联合连续重复；用于计算重复风机功率扣减量，是否并入最终异常由参数控制
2024-07-25 10:43:00,2024-07-25 11:18:00,36,风机联合连续重复,风机联合连续重复；用于计算重复风机功率扣减量，是否并入最终异常由参数控制
2024-07-25 10:43:00,2024-07-25 11:18:00,36,风机联合连续重复,风机联合连续重复；用于计算重复风机功率扣减量，是否并入最终异常由参数控制
2024-07-25 10:43:00,2024-07-25 11:18:00,36,风机联合连续重复,风机联合连续重复；用于计算重复风机功率扣减量，是否并入最终异常由参数控制
2024-07-25 10:43:00,2024-07-25 11:18:00,36,风机联合连续重复,风机联合连续重复；用于计算重复风机功率扣减量，是否并入最终异常由参数控制
2024-07-25 10:43:00,2024-07-25 11:18:00,36,风机联合连续重复,风机联合连续重复；用于计算重复风机功率扣减量，是否并入最终异常由参数控制
2024-07-25 10:43:00,2024-07-25 11:18:00,36,风机联合连续重复,风机联合连续重复；用于计算重复风机功率扣减量，是否并入最终异常由参数控制
2024-07-25 10:43:00,2024-07-25 11:18:00,36,风机联合连续重复,风机联合连续重复；用于计算重复风机功率扣减量，是否并入最终异常由参数控制
2024-07-25 10:43:00,2024-07-25 11:18:00,36,风机联合连续重复,风机联合连续重复；用于计算重复风机功率扣减量，是否并入最终异常由参数控制
2024-07-25 10:43:00,2024-07-25 11:18:00,36,风机联合连续重复,风机联合连续重复；用于计算重复风机功率扣减量，是否并入最终异常由参数控制
2024-07-25 10:43:00,2024-07-25 11:18:00,36,风机联合连续重复,风机联合连续重复；用于计算重复风机功率扣减量，是否并入最终异常由参数控制
2024-07-25 10:43:00,2024-07-25 11:18:00,36,风机联合连续重复,风机联合连续重复；用于计算重复风机功率扣减量，是否并入最终异常由参数控制
2024-07-25 10:43:00,2024-07-25 11:18:00,36,风机联合连续重复,风机联合连续重复；用于计算重复风机功率扣减量，是否并入最终异常由参数控制
2024-07-25 10:43:00,2024-07-25 11:18:00,36,风机联合连续重复,风机联合连续重复；用于计算重复风机功率扣减量，是否并入最终异常由参数控制
2024-07-25 10:43:00,2024-07-25 11:18:00,36,风机联合连续重复,风机联合连续重复；用于计算重复风机功率扣减量，是否并入最终异常由参数控制
2024-07-25 10:43:00,2024-07-25 11:18:00,36,风机联合连续重复,风机联合连续重复；用于计算重复风机功率扣减量，是否并入最终异常由参数控制
2024-07-25 10:43:00,2024-07-25 11:18:00,36,风机联合连续重复,风机联合连续重复；用于计算重复风机功率扣减量，是否并入最终异常由参数控制
2024-07-25 10:43:00,2024-07-25 11:18:00,36,风机联合连续重复,风机联合连续重复；用于计算重复风机功率扣减量，是否并入最终异常由参数控制
2024-07-25 10:43:00,2024-07-25 11:18:00,36,风机联合连续重复,风机联合连续重复；用于计算重复风机功率扣减量，是否并入最终异常由参数控制
2024-07-25 10:43:00,2024-07-25 11:18:00,36,风机联合连续重复,风机联合连续重复；用于计算重复风机功率扣减量，是否并入最终异常由参数控制
2024-07-25 10:43:00,2024-07-25 11:18:00,36,风机联合连续重复,风机联合连续重复；用于计算重复风机功率扣减量，是否并入最终异常由参数控制
2024-07-25 10:43:00,2024-07-25 11:18:00,36,风机联合连续重复,风机联合连续重复；用于计算重复风机功率扣减量，是否并入最终异常由参数控制
2024-07-25 10:43:00,2024-07-25 11:18:00,36,风机联合连续重复,风机联合连续重复；用于计算重复风机功率扣减量，是否并入最终异常由参数控制
2024-07-25 10:43:00,2024-07-25 11:18:00,36,风机联合连续重复,风机联合连续重复；用于计算重复风机功率扣减量，是否并入最终异常由参数控制
2024-07-25 10:43:00,2024-07-25 11:18:00,36,风机联合连续重复,风机联合连续重复；用于计算重复风机功率扣减量，是否并入最终异常由参数控制
2024-07-25 10:43:00,2024-07-25 11:18:00,36,风机联合连续重复,风机联合连续重复；用于计算重复风机功率扣减量，是否并入最终异常由参数控制
2024-07-25 10:43:00,2024-07-25 11:18:00,36,风机联合连续重复,风机联合连续重复；用于计算重复风机功率扣减量，是否并入最终异常由参数控制
2024-07-25 10:43:00,2024-07-25 11:18:00,36,风机联合连续重复,风机联合连续重复；用于计算重复风机功率扣减量，是否并入最终异常由参数控制
2024-07-25 10:43:00,2024-07-25 11:18:00,36,风机联合连续重复,风机联合连续重复；用于计算重复风机功率扣减量，是否并入最终异常由参数控制
2024-07-25 10:43:00,2024-07-25 11:18:00,36,风机联合连续重复,风机联合连续重复；用于计算重复风机功率扣减量，是否并入最终异常由参数控制
2024-07-25 10:43:00,2024-07-25 11:18:00,36,风机联合连续重复,风机联合连续重复；用于计算重复风机功率扣减量，是否并入最终异常由参数控制
2024-07-25 10:43:00,2024-07-25 11:18:00,36,风机联合连续重复,风机联合连续重复；用于计算重复风机功率扣减量，是否并入最终异常由参数控制
2024-07-25 10:43:00,2024-07-25 11:18:00,36,风机联合连续重复,风机联合连续重复；用于计算重复风机功率扣减量，是否并入最终异常由参数控制
2024-07-25 10:43:00,2024-07-25 11:18:00,36,风机联合连续重复,风机联合连续重复；用于计算重复风机功率扣减量，是否并入最终异常由参数控制
2024-07-25 10:43:00,2024-07-25 11:18:00,36,风机联合连续重复,风机联合连续重复；用于计算重复风机功率扣减量，是否并入最终异常由参数控制
2024-07-25 10:43:00,2024-07-25 11:18:00,36,风机联合连续重复,风机联合连续重复；用于计算重复风机功率扣减量，是否并入最终异常由参数控制
2024-07-25 10:43:00,2024-07-25 11:18:00,36,风机联合连续重复,风机联合连续重复；用于计算重复风机功率扣减量，是否并入最终异常由参数控制
2024-07-25 10:43:00,2024-07-25 11:18:00,36,风机联合连续重复,风机联合连续重复；用于计算重复风机功率扣减量，是否并入最终异常由参数控制
2024-07-25 10:43:00,2024-07-25 11:18:00,36,风机联合连续重复,风机联合连续重复；用于计算重复风机功率扣减量，是否并入最终异常由参数控制
2024-07-25 10:43:00,2024-07-25 11:18:00,36,风机联合连续重复,风机联合连续重复；用于计算重复风机功率扣减量，是否并入最终异常由参数控制
2024-07-25 10:43:00,2024-07-25 11:18:00,36,风机联合连续重复,风机联合连续重复；用于计算重复风机功率扣减量，是否并入最终异常由参数控制
2024-07-25 10:43:00,2024-07-25 11:18:00,36,风机联合连续重复,风机联合连续重复；用于计算重复风机功率扣减量，是否并入最终异常由参数控制
2024-07-25 10:43:00,2024-07-25 11:18:00,36,风机联合连续重复,风机联合连续重复；用于计算重复风机功率扣减量，是否并入最终异常由参数控制
2024-07-25 10:43:00,2024-07-25 11:18:00,36,风机联合连续重复,风机联合连续重复；用于计算重复风机功率扣减量，是否并入最终异常由参数控制
2024-07-25 10:43:00,2024-07-25 11:18:00,36,风机联合连续重复,风机联合连续重复；用于计算重复风机功率扣减量，是否并入最终异常由参数控制
2024-07-25 10:43:00,2024-07-25 11:18:00,36,风机联合连续重复,风机联合连续重复；用于计算重复风机功率扣减量，是否并入最终异常由参数控制
2024-07-25 10:43:00,2024-07-25 11:18:00,36,风机联合连续重复,风机联合连续重复；用于计算重复风机功率扣减量，是否并入最终异常由参数控制
2024-07-25 10:43:00,2024-07-25 11:18:00,36,风机联合连续重复,风机联合连续重复；用于计算重复风机功率扣减量，是否并入最终异常由参数控制
2024-07-25 10:43:00,2024-07-25 11:18:00,36,风机联合连续重复,风机联合连续重复；用于计算重复风机功率扣减量，是否并入最终异常由参数控制
2024-07-25 10:43:00,2024-07-25 11:18:00,36,风机联合连续重复,风机联合连续重复；用于计算重复风机功率扣减量，是否并入最终异常由参数控制
2024-07-25 10:43:00,2024-07-25 11:18:00,36,风机联合连续重复,风机联合连续重复；用于计算重复风机功率扣减量，是否并入最终异常由参数控制
2024-07-25 10:43:00,2024-07-25 11:18:00,36,风机联合连续重复,风机联合连续重复；用于计算重复风机功率扣减量，是否并入最终异常由参数控制
2024-07-25 10:43:00,2024-07-25 11:18:00,36,风机联合连续重复,风机联合连续重复；用于计算重复风机功率扣减量，是否并入最终异常由参数控制
2024-07-25 10:43:00,2024-07-25 11:18:00,36,风机联合连续重复,风机联合连续重复；用于计算重复风机功率扣减量，是否并入最终异常由参数控制
2024-07-25 10:43:00,2024-07-25 11:18:00,36,风机联合连续重复,风机联合连续重复；用于计算重复风机功率扣减量，是否并入最终异常由参数控制
2024-07-25 10:43:00,2024-07-25 11:18:00,36,风机联合连续重复,风机联合连续重复；用于计算重复风机功率扣减量，是否并入最终异常由参数控制
2024-07-25 10:43:00,2024-07-25 11:18:00,36,风机联合连续重复,风机联合连续重复；用于计算重复风机功率扣减量，是否并入最终异常由参数控制
2024-07-25 10:43:00,2024-07-25 11:18:00,36,风机联合连续重复,风机联合连续重复；用于计算重复风机功率扣减量，是否并入最终异常由参数控制
2024-07-25 11:15:00,2024-07-25 11:29:00,15,站端功率连续重复,ACTIVE_POWER_STATION 重复值大于阈值且持续长度大于阈值
2024-07-25 13:18:00,2024-07-25 13:25:00,8,风机联合连续重复,风机联合连续重复；用于计算重复风机功率扣减量，是否并入最终异常由参数控制
2024-07-25 13:18:00,2024-07-25 13:25:00,8,风机联合连续重复,风机联合连续重复；用于计算重复风机功率扣减量，是否并入最终异常由参数控制
2024-07-25 13:18:00,2024-07-25 13:25:00,8,风机联合连续重复,风机联合连续重复；用于计算重复风机功率扣减量，是否并入最终异常由参数控制
2024-07-25 13:18:00,2024-07-25 13:25:00,8,风机联合连续重复,风机联合连续重复；用于计算重复风机功率扣减量，是否并入最终异常由参数控制
2024-07-25 13:18:00,2024-07-25 13:25:00,8,风机联合连续重复,风机联合连续重复；用于计算重复风机功率扣减量，是否并入最终异常由参数控制
2024-07-25 13:18:00,2024-07-25 13:25:00,8,风机联合连续重复,风机联合连续重复；用于计算重复风机功率扣减量，是否并入最终异常由参数控制
2024-07-25 13:18:00,2024-07-25 13:25:00,8,风机联合连续重复,风机联合连续重复；用于计算重复风机功率扣减量，是否并入最终异常由参数控制
2024-07-25 13:18:00,2024-07-25 13:25:00,8,风机联合连续重复,风机联合连续重复；用于计算重复风机功率扣减量，是否并入最终异常由参数控制
2024-07-25 13:18:00,2024-07-25 13:25:00,8,风机联合连续重复,风机联合连续重复；用于计算重复风机功率扣减量，是否并入最终异常由参数控制
2024-07-25 13:18:00,2024-07-25 13:25:00,8,风机联合连续重复,风机联合连续重复；用于计算重复风机功率扣减量，是否并入最终异常由参数控制
2024-07-25 13:18:00,2024-07-25 13:25:00,8,风机联合连续重复,风机联合连续重复；用于计算重复风机功率扣减量，是否并入最终异常由参数控制
2024-07-25 13:18:00,2024-07-25 13:25:00,8,风机联合连续重复,风机联合连续重复；用于计算重复风机功率扣减量，是否并入最终异常由参数控制
2024-07-25 13:18:00,2024-07-25 13:25:00,8,风机联合连续重复,风机联合连续重复；用于计算重复风机功率扣减量，是否并入最终异常由参数控制
2024-07-25 13:18:00,2024-07-25 13:25:00,8,风机联合连续重复,风机联合连续重复；用于计算重复风机功率扣减量，是否并入最终异常由参数控制
2024-07-25 13:18:00,2024-07-25 13:25:00,8,风机联合连续重复,风机联合连续重复；用于计算重复风机功率扣减量，是否并入最终异常由参数控制
2024-07-25 13:18:00,2024-07-25 13:25:00,8,风机联合连续重复,风机联合连续重复；用于计算重复风机功率扣减量，是否并入最终异常由参数控制
2024-07-25 13:18:00,2024-07-25 13:25:00,8,风机联合连续重复,风机联合连续重复；用于计算重复风机功率扣减量，是否并入最终异常由参数控制
2024-07-25 13:18:00,2024-07-25 13:25:00,8,风机联合连续重复,风机联合连续重复；用于计算重复风机功率扣减量，是否并入最终异常由参数控制
2024-07-25 13:18:00,2024-07-25 13:25:00,8,风机联合连续重复,风机联合连续重复；用于计算重复风机功率扣减量，是否并入最终异常由参数控制
2024-07-25 13:18:00,2024-07-25 13:25:00,8,风机联合连续重复,风机联合连续重复；用于计算重复风机功率扣减量，是否并入最终异常由参数控制
2024-07-25 13:18:00,2024-07-25 13:25:00,8,风机联合连续重复,风机联合连续重复；用于计算重复风机功率扣减量，是否并入最终异常由参数控制
2024-07-25 13:18:00,2024-07-25 13:50:00,33,站端功率连续重复,ACTIVE_POWER_STATION 重复值大于阈值且持续长度大于阈值
2024-07-25 13:22:00,2024-07-25 13:25:00,4,风机联合连续重复,风机联合连续重复；用于计算重复风机功率扣减量，是否并入最终异常由参数控制
2024-07-25 13:22:00,2024-07-25 13:25:00,4,风机联合连续重复,风机联合连续重复；用于计算重复风机功率扣减量，是否并入最终异常由参数控制
2024-07-25 13:22:00,2024-07-25 13:25:00,4,风机联合连续重复,风机联合连续重复；用于计算重复风机功率扣减量，是否并入最终异常由参数控制
2024-07-25 13:22:00,2024-07-25 13:25:00,4,风机联合连续重复,风机联合连续重复；用于计算重复风机功率扣减量，是否并入最终异常由参数控制
2024-07-25 13:22:00,2024-07-25 13:25:00,4,风机联合连续重复,风机联合连续重复；用于计算重复风机功率扣减量，是否并入最终异常由参数控制
2024-07-25 13:22:00,2024-07-25 13:25:00,4,风机联合连续重复,风机联合连续重复；用于计算重复风机功率扣减量，是否并入最终异常由参数控制
2024-07-25 13:22:00,2024-07-25 13:25:00,4,风机联合连续重复,风机联合连续重复；用于计算重复风机功率扣减量，是否并入最终异常由参数控制
2024-07-25 13:22:00,2024-07-25 13:25:00,4,风机联合连续重复,风机联合连续重复；用于计算重复风机功率扣减量，是否并入最终异常由参数控制
2024-07-25 13:22:00,2024-07-25 13:25:00,4,风机联合连续重复,风机联合连续重复；用于计算重复风机功率扣减量，是否并入最终异常由参数控制
2024-07-25 13:22:00,2024-07-25 13:25:00,4,风机联合连续重复,风机联合连续重复；用于计算重复风机功率扣减量，是否并入最终异常由参数控制
2024-07-25 13:22:00,2024-07-25 13:25:00,4,风机联合连续重复,风机联合连续重复；用于计算重复风机功率扣减量，是否并入最终异常由参数控制
2024-07-25 13:22:00,2024-07-25 13:25:00,4,风机联合连续重复,风机联合连续重复；用于计算重复风机功率扣减量，是否并入最终异常由参数控制
2024-07-25 13:22:00,2024-07-25 13:25:00,4,风机联合连续重复,风机联合连续重复；用于计算重复风机功率扣减量，是否并入最终异常由参数控制
2024-07-25 13:22:00,2024-07-25 13:25:00,4,风机联合连续重复,风机联合连续重复；用于计算重复风机功率扣减量，是否并入最终异常由参数控制
2024-07-25 13:22:00,2024-07-25 13:25:00,4,风机联合连续重复,风机联合连续重复；用于计算重复风机功率扣减量，是否并入最终异常由参数控制
2024-07-25 13:22:00,2024-07-25 13:25:00,4,风机联合连续重复,风机联合连续重复；用于计算重复风机功率扣减量，是否并入最终异常由参数控制
2024-07-25 13:22:00,2024-07-25 13:25:00,4,风机联合连续重复,风机联合连续重复；用于计算重复风机功率扣减量，是否并入最终异常由参数控制
2024-07-25 13:22:00,2024-07-25 13:25:00,4,风机联合连续重复,风机联合连续重复；用于计算重复风机功率扣减量，是否并入最终异常由参数控制
2024-07-25 13:22:00,2024-07-25 13:25:00,4,风机联合连续重复,风机联合连续重复；用于计算重复风机功率扣减量，是否并入最终异常由参数控制
2024-07-25 13:22:00,2024-07-25 13:25:00,4,风机联合连续重复,风机联合连续重复；用于计算重复风机功率扣减量，是否并入最终异常由参数控制
2024-07-25 13:22:00,2024-07-25 13:25:00,4,风机联合连续重复,风机联合连续重复；用于计算重复风机功率扣减量，是否并入最终异常由参数控制
2024-07-25 13:22:00,2024-07-25 13:25:00,4,风机联合连续重复,风机联合连续重复；用于计算重复风机功率扣减量，是否并入最终异常由参数控制
2024-07-25 13:22:00,2024-07-25 13:25:00,4,风机联合连续重复,风机联合连续重复；用于计算重复风机功率扣减量，是否并入最终异常由参数控制
2024-07-25 13:22:00,2024-07-25 13:25:00,4,风机联合连续重复,风机联合连续重复；用于计算重复风机功率扣减量，是否并入最终异常由参数控制
2024-07-25 13:22:00,2024-07-25 13:25:00,4,风机联合连续重复,风机联合连续重复；用于计算重复风机功率扣减量，是否并入最终异常由参数控制
2024-07-25 13:22:00,2024-07-25 13:25:00,4,风机联合连续重复,风机联合连续重复；用于计算重复风机功率扣减量，是否并入最终异常由参数控制
2024-07-25 13:22:00,2024-07-25 13:25:00,4,风机联合连续重复,风机联合连续重复；用于计算重复风机功率扣减量，是否并入最终异常由参数控制
2024-07-25 13:22:00,2024-07-25 13:25:00,4,风机联合连续重复,风机联合连续重复；用于计算重复风机功率扣减量，是否并入最终异常由参数控制
2024-07-25 13:22:00,2024-07-25 13:25:00,4,风机联合连续重复,风机联合连续重复；用于计算重复风机功率扣减量，是否并入最终异常由参数控制
2024-07-25 13:22:00,2024-07-25 13:25:00,4,风机联合连续重复,风机联合连续重复；用于计算重复风机功率扣减量，是否并入最终异常由参数控制
2024-07-25 13:22:00,2024-07-25 13:25:00,4,风机联合连续重复,风机联合连续重复；用于计算重复风机功率扣减量，是否并入最终异常由参数控制
2024-07-25 13:22:00,2024-07-25 13:25:00,4,风机联合连续重复,风机联合连续重复；用于计算重复风机功率扣减量，是否并入最终异常由参数控制
2024-07-25 13:22:00,2024-07-25 13:25:00,4,风机联合连续重复,风机联合连续重复；用于计算重复风机功率扣减量，是否并入最终异常由参数控制
2024-07-25 13:22:00,2024-07-25 13:25:00,4,风机联合连续重复,风机联合连续重复；用于计算重复风机功率扣减量，是否并入最终异常由参数控制
2024-07-25 13:22:00,2024-07-25 13:25:00,4,风机联合连续重复,风机联合连续重复；用于计算重复风机功率扣减量，是否并入最终异常由参数控制
2024-07-25 13:22:00,2024-07-25 13:25:00,4,风机联合连续重复,风机联合连续重复；用于计算重复风机功率扣减量，是否并入最终异常由参数控制
2024-07-25 13:22:00,2024-07-25 13:25:00,4,风机联合连续重复,风机联合连续重复；用于计算重复风机功率扣减量，是否并入最终异常由参数控制
2024-07-25 13:22:00,2024-07-25 13:25:00,4,风机联合连续重复,风机联合连续重复；用于计算重复风机功率扣减量，是否并入最终异常由参数控制
2024-07-25 13:22:00,2024-07-25 13:25:00,4,风机联合连续重复,风机联合连续重复；用于计算重复风机功率扣减量，是否并入最终异常由参数控制
2024-07-25 13:22:00,2024-07-25 13:25:00,4,风机联合连续重复,风机联合连续重复；用于计算重复风机功率扣减量，是否并入最终异常由参数控制
2024-07-25 13:22:00,2024-07-25 13:25:00,4,风机联合连续重复,风机联合连续重复；用于计算重复风机功率扣减量，是否并入最终异常由参数控制
2024-07-25 13:22:00,2024-07-25 13:25:00,4,风机联合连续重复,风机联合连续重复；用于计算重复风机功率扣减量，是否并入最终异常由参数控制
2024-07-25 13:22:00,2024-07-25 13:25:00,4,风机联合连续重复,风机联合连续重复；用于计算重复风机功率扣减量，是否并入最终异常由参数控制
2024-07-25 13:22:00,2024-07-25 13:25:00,4,风机联合连续重复,风机联合连续重复；用于计算重复风机功率扣减量，是否并入最终异常由参数控制
2024-07-25 13:22:00,2024-07-25 13:25:00,4,风机联合连续重复,风机联合连续重复；用于计算重复风机功率扣减量，是否并入最终异常由参数控制
2024-07-25 13:22:00,2024-07-25 13:25:00,4,风机联合连续重复,风机联合连续重复；用于计算重复风机功率扣减量，是否并入最终异常由参数控制
2024-07-25 13:22:00,2024-07-25 13:25:00,4,风机联合连续重复,风机联合连续重复；用于计算重复风机功率扣减量，是否并入最终异常由参数控制
2024-07-25 13:22:00,2024-07-25 13:25:00,4,风机联合连续重复,风机联合连续重复；用于计算重复风机功率扣减量，是否并入最终异常由参数控制
2024-07-25 13:22:00,2024-07-25 13:25:00,4,风机联合连续重复,风机联合连续重复；用于计算重复风机功率扣减量，是否并入最终异常由参数控制
2024-07-25 13:22:00,2024-07-25 13:25:00,4,风机联合连续重复,风机联合连续重复；用于计算重复风机功率扣减量，是否并入最终异常由参数控制
2024-07-25 13:22:00,2024-07-25 13:25:00,4,风机联合连续重复,风机联合连续重复；用于计算重复风机功率扣减量，是否并入最终异常由参数控制
2024-07-25 13:22:00,2024-07-25 13:25:00,4,风机联合连续重复,风机联合连续重复；用于计算重复风机功率扣减量，是否并入最终异常由参数控制
2024-07-25 13:22:00,2024-07-25 13:25:00,4,风机联合连续重复,风机联合连续重复；用于计算重复风机功率扣减量，是否并入最终异常由参数控制
2024-07-25 13:22:00,2024-07-25 13:25:00,4,风机联合连续重复,风机联合连续重复；用于计算重复风机功率扣减量，是否并入最终异常由参数控制
2024-07-25 13:22:00,2024-07-25 13:25:00,4,风机联合连续重复,风机联合连续重复；用于计算重复风机功率扣减量，是否并入最终异常由参数控制
2024-07-25 13:22:00,2024-07-25 13:25:00,4,风机联合连续重复,风机联合连续重复；用于计算重复风机功率扣减量，是否并入最终异常由参数控制
2024-07-25 13:22:00,2024-07-25 13:25:00,4,风机联合连续重复,风机联合连续重复；用于计算重复风机功率扣减量，是否并入最终异常由参数控制
2024-07-25 13:22:00,2024-07-25 13:25:00,4,风机联合连续重复,风机联合连续重复；用于计算重复风机功率扣减量，是否并入最终异常由参数控制
2024-07-25 13:22:00,2024-07-25 13:25:00,4,风机联合连续重复,风机联合连续重复；用于计算重复风机功率扣减量，是否并入最终异常由参数控制
2024-07-25 13:22:00,2024-07-25 13:25:00,4,风机联合连续重复,风机联合连续重复；用于计算重复风机功率扣减量，是否并入最终异常由参数控制
2024-07-25 13:22:00,2024-07-25 13:25:00,4,风机联合连续重复,风机联合连续重复；用于计算重复风机功率扣减量，是否并入最终异常由参数控制
2024-07-25 13:22:00,2024-07-25 13:25:00,4,风机联合连续重复,风机联合连续重复；用于计算重复风机功率扣减量，是否并入最终异常由参数控制
2024-07-25 13:22:00,2024-07-25 13:25:00,4,风机联合连续重复,风机联合连续重复；用于计算重复风机功率扣减量，是否并入最终异常由参数控制
2024-07-25 13:22:00,2024-07-25 13:25:00,4,风机联合连续重复,风机联合连续重复；用于计算重复风机功率扣减量，是否并入最终异常由参数控制
2024-07-25 13:22:00,2024-07-25 13:25:00,4,风机联合连续重复,风机联合连续重复；用于计算重复风机功率扣减量，是否并入最终异常由参数控制
2024-07-25 13:22:00,2024-07-25 13:25:00,4,风机联合连续重复,风机联合连续重复；用于计算重复风机功率扣减量，是否并入最终异常由参数控制
2024-07-25 13:22:00,2024-07-25 13:25:00,4,风机联合连续重复,风机联合连续重复；用于计算重复风机功率扣减量，是否并入最终异常由参数控制
2024-07-25 13:22:00,2024-07-25 13:25:00,4,风机联合连续重复,风机联合连续重复；用于计算重复风机功率扣减量，是否并入最终异常由参数控制
2024-07-25 13:22:00,2024-07-25 13:25:00,4,风机联合连续重复,风机联合连续重复；用于计算重复风机功率扣减量，是否并入最终异常由参数控制
2024-07-25 13:22:00,2024-07-25 13:25:00,4,风机联合连续重复,风机联合连续重复；用于计算重复风机功率扣减量，是否并入最终异常由参数控制
2024-07-25 13:22:00,2024-07-25 13:25:00,4,风机联合连续重复,风机联合连续重复；用于计算重复风机功率扣减量，是否并入最终异常由参数控制
2024-07-25 13:22:00,2024-07-25 13:25:00,4,风机联合连续重复,风机联合连续重复；用于计算重复风机功率扣减量，是否并入最终异常由参数控制
2024-07-25 13:26:00,2024-07-25 13:50:00,25,风机联合连续重复,风机联合连续重复；用于计算重复风机功率扣减量，是否并入最终异常由参数控制
2024-07-25 13:26:00,2024-07-25 13:50:00,25,风机联合连续重复,风机联合连续重复；用于计算重复风机功率扣减量，是否并入最终异常由参数控制
2024-07-25 13:26:00,2024-07-25 13:50:00,25,风机联合连续重复,风机联合连续重复；用于计算重复风机功率扣减量，是否并入最终异常由参数控制
2024-07-25 13:26:00,2024-07-25 13:50:00,25,风机联合连续重复,风机联合连续重复；用于计算重复风机功率扣减量，是否并入最终异常由参数控制
2024-07-25 13:26:00,2024-07-25 13:50:00,25,风机联合连续重复,风机联合连续重复；用于计算重复风机功率扣减量，是否并入最终异常由参数控制
2024-07-25 13:26:00,2024-07-25 13:50:00,25,风机联合连续重复,风机联合连续重复；用于计算重复风机功率扣减量，是否并入最终异常由参数控制
2024-07-25 13:26:00,2024-07-25 13:50:00,25,风机联合连续重复,风机联合连续重复；用于计算重复风机功率扣减量，是否并入最终异常由参数控制
2024-07-25 13:26:00,2024-07-25 13:50:00,25,风机联合连续重复,风机联合连续重复；用于计算重复风机功率扣减量，是否并入最终异常由参数控制
2024-07-25 13:26:00,2024-07-25 13:50:00,25,风机联合连续重复,风机联合连续重复；用于计算重复风机功率扣减量，是否并入最终异常由参数控制
2024-07-25 13:26:00,2024-07-25 13:50:00,25,风机联合连续重复,风机联合连续重复；用于计算重复风机功率扣减量，是否并入最终异常由参数控制
2024-07-25 13:26:00,2024-07-25 13:50:00,25,风机联合连续重复,风机联合连续重复；用于计算重复风机功率扣减量，是否并入最终异常由参数控制
2024-07-25 13:26:00,2024-07-25 13:50:00,25,风机联合连续重复,风机联合连续重复；用于计算重复风机功率扣减量，是否并入最终异常由参数控制
2024-07-25 13:26:00,2024-07-25 13:50:00,25,风机联合连续重复,风机联合连续重复；用于计算重复风机功率扣减量，是否并入最终异常由参数控制
2024-07-25 13:26:00,2024-07-25 13:50:00,25,风机联合连续重复,风机联合连续重复；用于计算重复风机功率扣减量，是否并入最终异常由参数控制
2024-07-25 13:26:00,2024-07-25 13:50:00,25,风机联合连续重复,风机联合连续重复；用于计算重复风机功率扣减量，是否并入最终异常由参数控制
2024-07-25 13:26:00,2024-07-25 13:50:00,25,风机联合连续重复,风机联合连续重复；用于计算重复风机功率扣减量，是否并入最终异常由参数控制
2024-07-25 13:26:00,2024-07-25 13:50:00,25,风机联合连续重复,风机联合连续重复；用于计算重复风机功率扣减量，是否并入最终异常由参数控制
2024-07-25 13:26:00,2024-07-25 13:50:00,25,风机联合连续重复,风机联合连续重复；用于计算重复风机功率扣减量，是否并入最终异常由参数控制
2024-07-25 13:26:00,2024-07-25 13:50:00,25,风机联合连续重复,风机联合连续重复；用于计算重复风机功率扣减量，是否并入最终异常由参数控制
2024-07-25 13:26:00,2024-07-25 13:50:00,25,风机联合连续重复,风机联合连续重复；用于计算重复风机功率扣减量，是否并入最终异常由参数控制
2024-07-25 13:26:00,2024-07-25 13:50:00,25,风机联合连续重复,风机联合连续重复；用于计算重复风机功率扣减量，是否并入最终异常由参数控制
2024-07-25 13:26:00,2024-07-25 13:50:00,25,风机联合连续重复,风机联合连续重复；用于计算重复风机功率扣减量，是否并入最终异常由参数控制
2024-07-25 13:26:00,2024-07-25 13:50:00,25,风机联合连续重复,风机联合连续重复；用于计算重复风机功率扣减量，是否并入最终异常由参数控制
2024-07-25 13:26:00,2024-07-25 13:50:00,25,风机联合连续重复,风机联合连续重复；用于计算重复风机功率扣减量，是否并入最终异常由参数控制
2024-07-25 13:26:00,2024-07-25 13:50:00,25,风机联合连续重复,风机联合连续重复；用于计算重复风机功率扣减量，是否并入最终异常由参数控制
2024-07-25 13:26:00,2024-07-25 13:50:00,25,风机联合连续重复,风机联合连续重复；用于计算重复风机功率扣减量，是否并入最终异常由参数控制
2024-07-25 13:26:00,2024-07-25 13:50:00,25,风机联合连续重复,风机联合连续重复；用于计算重复风机功率扣减量，是否并入最终异常由参数控制
2024-07-25 13:26:00,2024-07-25 13:50:00,25,风机联合连续重复,风机联合连续重复；用于计算重复风机功率扣减量，是否并入最终异常由参数控制
2024-07-25 13:26:00,2024-07-25 13:50:00,25,风机联合连续重复,风机联合连续重复；用于计算重复风机功率扣减量，是否并入最终异常由参数控制
2024-07-25 13:26:00,2024-07-25 13:50:00,25,风机联合连续重复,风机联合连续重复；用于计算重复风机功率扣减量，是否并入最终异常由参数控制
2024-07-25 13:26:00,2024-07-25 13:50:00,25,风机联合连续重复,风机联合连续重复；用于计算重复风机功率扣减量，是否并入最终异常由参数控制
2024-07-25 13:26:00,2024-07-25 13:50:00,25,风机联合连续重复,风机联合连续重复；用于计算重复风机功率扣减量，是否并入最终异常由参数控制
2024-07-25 13:26:00,2024-07-25 13:50:00,25,风机联合连续重复,风机联合连续重复；用于计算重复风机功率扣减量，是否并入最终异常由参数控制
2024-07-25 13:26:00,2024-07-25 13:50:00,25,风机联合连续重复,风机联合连续重复；用于计算重复风机功率扣减量，是否并入最终异常由参数控制
2024-07-25 13:26:00,2024-07-25 13:50:00,25,风机联合连续重复,风机联合连续重复；用于计算重复风机功率扣减量，是否并入最终异常由参数控制
2024-07-25 13:26:00,2024-07-25 13:50:00,25,风机联合连续重复,风机联合连续重复；用于计算重复风机功率扣减量，是否并入最终异常由参数控制
2024-07-25 13:26:00,2024-07-25 13:50:00,25,风机联合连续重复,风机联合连续重复；用于计算重复风机功率扣减量，是否并入最终异常由参数控制
2024-07-25 13:26:00,2024-07-25 13:50:00,25,风机联合连续重复,风机联合连续重复；用于计算重复风机功率扣减量，是否并入最终异常由参数控制
2024-07-25 13:26:00,2024-07-25 13:50:00,25,风机联合连续重复,风机联合连续重复；用于计算重复风机功率扣减量，是否并入最终异常由参数控制
2024-07-25 13:26:00,2024-07-25 13:50:00,25,风机联合连续重复,风机联合连续重复；用于计算重复风机功率扣减量，是否并入最终异常由参数控制
2024-07-25 13:26:00,2024-07-25 13:50:00,25,风机联合连续重复,风机联合连续重复；用于计算重复风机功率扣减量，是否并入最终异常由参数控制
2024-07-25 13:26:00,2024-07-25 13:50:00,25,风机联合连续重复,风机联合连续重复；用于计算重复风机功率扣减量，是否并入最终异常由参数控制
2024-07-25 13:26:00,2024-07-25 13:50:00,25,风机联合连续重复,风机联合连续重复；用于计算重复风机功率扣减量，是否并入最终异常由参数控制
2024-07-25 13:26:00,2024-07-25 13:50:00,25,风机联合连续重复,风机联合连续重复；用于计算重复风机功率扣减量，是否并入最终异常由参数控制
2024-07-25 13:26:00,2024-07-25 13:50:00,25,风机联合连续重复,风机联合连续重复；用于计算重复风机功率扣减量，是否并入最终异常由参数控制
2024-07-25 13:26:00,2024-07-25 13:50:00,25,风机联合连续重复,风机联合连续重复；用于计算重复风机功率扣减量，是否并入最终异常由参数控制
2024-07-25 13:26:00,2024-07-25 13:50:00,25,风机联合连续重复,风机联合连续重复；用于计算重复风机功率扣减量，是否并入最终异常由参数控制
2024-07-25 13:26:00,2024-07-25 13:50:00,25,风机联合连续重复,风机联合连续重复；用于计算重复风机功率扣减量，是否并入最终异常由参数控制
2024-07-25 13:26:00,2024-07-25 13:50:00,25,风机联合连续重复,风机联合连续重复；用于计算重复风机功率扣减量，是否并入最终异常由参数控制
2024-07-25 13:26:00,2024-07-25 13:50:00,25,风机联合连续重复,风机联合连续重复；用于计算重复风机功率扣减量，是否并入最终异常由参数控制
2024-07-25 13:26:00,2024-07-25 13:50:00,25,风机联合连续重复,风机联合连续重复；用于计算重复风机功率扣减量，是否并入最终异常由参数控制
2024-07-25 13:26:00,2024-07-25 13:50:00,25,风机联合连续重复,风机联合连续重复；用于计算重复风机功率扣减量，是否并入最终异常由参数控制
2024-07-25 13:26:00,2024-07-25 13:50:00,25,风机联合连续重复,风机联合连续重复；用于计算重复风机功率扣减量，是否并入最终异常由参数控制
2024-07-25 13:26:00,2024-07-25 13:50:00,25,风机联合连续重复,风机联合连续重复；用于计算重复风机功率扣减量，是否并入最终异常由参数控制
2024-07-25 13:26:00,2024-07-25 13:50:00,25,风机联合连续重复,风机联合连续重复；用于计算重复风机功率扣减量，是否并入最终异常由参数控制
2024-07-25 13:26:00,2024-07-25 13:50:00,25,风机联合连续重复,风机联合连续重复；用于计算重复风机功率扣减量，是否并入最终异常由参数控制
2024-07-25 13:26:00,2024-07-25 13:50:00,25,风机联合连续重复,风机联合连续重复；用于计算重复风机功率扣减量，是否并入最终异常由参数控制
2024-07-25 13:26:00,2024-07-25 13:50:00,25,风机联合连续重复,风机联合连续重复；用于计算重复风机功率扣减量，是否并入最终异常由参数控制
2024-07-25 13:26:00,2024-07-25 13:50:00,25,风机联合连续重复,风机联合连续重复；用于计算重复风机功率扣减量，是否并入最终异常由参数控制
2024-07-25 13:26:00,2024-07-25 13:50:00,25,风机联合连续重复,风机联合连续重复；用于计算重复风机功率扣减量，是否并入最终异常由参数控制
2024-07-25 13:26:00,2024-07-25 13:50:00,25,风机联合连续重复,风机联合连续重复；用于计算重复风机功率扣减量，是否并入最终异常由参数控制
2024-07-25 13:26:00,2024-07-25 13:50:00,25,风机联合连续重复,风机联合连续重复；用于计算重复风机功率扣减量，是否并入最终异常由参数控制
2024-07-25 13:26:00,2024-07-25 13:50:00,25,风机联合连续重复,风机联合连续重复；用于计算重复风机功率扣减量，是否并入最终异常由参数控制
2024-07-25 13:26:00,2024-07-25 13:50:00,25,风机联合连续重复,风机联合连续重复；用于计算重复风机功率扣减量，是否并入最终异常由参数控制
2024-07-25 13:26:00,2024-07-25 13:50:00,25,风机联合连续重复,风机联合连续重复；用于计算重复风机功率扣减量，是否并入最终异常由参数控制
2024-07-25 13:26:00,2024-07-25 13:50:00,25,风机联合连续重复,风机联合连续重复；用于计算重复风机功率扣减量，是否并入最终异常由参数控制
2024-07-25 13:26:00,2024-07-25 13:50:00,25,风机联合连续重复,风机联合连续重复；用于计算重复风机功率扣减量，是否并入最终异常由参数控制
2024-07-25 13:26:00,2024-07-25 13:50:00,25,风机联合连续重复,风机联合连续重复；用于计算重复风机功率扣减量，是否并入最终异常由参数控制
2024-07-25 13:26:00,2024-07-25 13:50:00,25,风机联合连续重复,风机联合连续重复；用于计算重复风机功率扣减量，是否并入最终异常由参数控制
2024-07-25 13:26:00,2024-07-25 13:50:00,25,风机联合连续重复,风机联合连续重复；用于计算重复风机功率扣减量，是否并入最终异常由参数控制
2024-07-25 13:26:00,2024-07-25 13:50:00,25,风机联合连续重复,风机联合连续重复；用于计算重复风机功率扣减量，是否并入最终异常由参数控制
2024-07-25 13:26:00,2024-07-25 13:50:00,25,风机联合连续重复,风机联合连续重复；用于计算重复风机功率扣减量，是否并入最终异常由参数控制
2024-07-25 13:26:00,2024-07-25 13:50:00,25,风机联合连续重复,风机联合连续重复；用于计算重复风机功率扣减量，是否并入最终异常由参数控制
2024-07-25 13:26:00,2024-07-25 13:50:00,25,风机联合连续重复,风机联合连续重复；用于计算重复风机功率扣减量，是否并入最终异常由参数控制
2024-07-25 13:26:00,2024-07-25 13:50:00,25,风机联合连续重复,风机联合连续重复；用于计算重复风机功率扣减量，是否并入最终异常由参数控制
2024-07-25 13:26:00,2024-07-25 13:50:00,25,风机联合连续重复,风机联合连续重复；用于计算重复风机功率扣减量，是否并入最终异常由参数控制
2024-07-25 13:26:00,2024-07-25 13:50:00,25,风机联合连续重复,风机联合连续重复；用于计算重复风机功率扣减量，是否并入最终异常由参数控制
2024-07-25 13:26:00,2024-07-25 13:50:00,25,风机联合连续重复,风机联合连续重复；用于计算重复风机功率扣减量，是否并入最终异常由参数控制
2024-07-25 13:26:00,2024-07-25 13:50:00,25,风机联合连续重复,风机联合连续重复；用于计算重复风机功率扣减量，是否并入最终异常由参数控制
2024-07-25 13:26:00,2024-07-25 13:50:00,25,风机联合连续重复,风机联合连续重复；用于计算重复风机功率扣减量，是否并入最终异常由参数控制
2024-07-25 13:26:00,2024-07-25 13:50:00,25,风机联合连续重复,风机联合连续重复；用于计算重复风机功率扣减量，是否并入最终异常由参数控制
2024-07-25 13:26:00,2024-07-25 13:50:00,25,风机联合连续重复,风机联合连续重复；用于计算重复风机功率扣减量，是否并入最终异常由参数控制
2024-07-25 13:26:00,2024-07-25 13:50:00,25,风机联合连续重复,风机联合连续重复；用于计算重复风机功率扣减量，是否并入最终异常由参数控制
2024-07-25 13:26:00,2024-07-25 13:50:00,25,风机联合连续重复,风机联合连续重复；用于计算重复风机功率扣减量，是否并入最终异常由参数控制
2024-07-25 13:26:00,2024-07-25 13:50:00,25,风机联合连续重复,风机联合连续重复；用于计算重复风机功率扣减量，是否并入最终异常由参数控制
2024-07-25 13:26:00,2024-07-25 13:50:00,25,风机联合连续重复,风机联合连续重复；用于计算重复风机功率扣减量，是否并入最终异常由参数控制
2024-07-25 13:26:00,2024-07-25 13:50:00,25,风机联合连续重复,风机联合连续重复；用于计算重复风机功率扣减量，是否并入最终异常由参数控制
2024-07-25 13:26:00,2024-07-25 13:50:00,25,风机联合连续重复,风机联合连续重复；用于计算重复风机功率扣减量，是否并入最终异常由参数控制
2024-07-25 13:26:00,2024-07-25 13:50:00,25,风机联合连续重复,风机联合连续重复；用于计算重复风机功率扣减量，是否并入最终异常由参数控制
2024-07-25 13:26:00,2024-07-25 13:50:00,25,风机联合连续重复,风机联合连续重复；用于计算重复风机功率扣减量，是否并入最终异常由参数控制
2024-07-25 13:26:00,2024-07-25 13:50:00,25,风机联合连续重复,风机联合连续重复；用于计算重复风机功率扣减量，是否并入最终异常由参数控制
2024-07-25 13:26:00,2024-07-25 13:50:00,25,风机联合连续重复,风机联合连续重复；用于计算重复风机功率扣减量，是否并入最终异常由参数控制
2024-07-25 13:26:00,2024-07-25 13:50:00,25,风机联合连续重复,风机联合连续重复；用于计算重复风机功率扣减量，是否并入最终异常由参数控制
2024-07-25 13:52:00,2024-07-25 14:06:00,15,站端功率连续重复,ACTIVE_POWER_STATION 重复值大于阈值且持续长度大于阈值
2024-07-25 15:08:00,2024-07-25 15:38:00,31,风机联合连续重复,风机联合连续重复；用于计算重复风机功率扣减量，是否并入最终异常由参数控制
2024-07-25 15:08:00,2024-07-25 15:38:00,31,风机联合连续重复,风机联合连续重复；用于计算重复风机功率扣减量，是否并入最终异常由参数控制
2024-07-25 15:08:00,2024-07-25 15:38:00,31,风机联合连续重复,风机联合连续重复；用于计算重复风机功率扣减量，是否并入最终异常由参数控制
2024-07-25 15:08:00,2024-07-25 15:38:00,31,风机联合连续重复,风机联合连续重复；用于计算重复风机功率扣减量，是否并入最终异常由参数控制
2024-07-25 15:08:00,2024-07-25 15:38:00,31,风机联合连续重复,风机联合连续重复；用于计算重复风机功率扣减量，是否并入最终异常由参数控制
2024-07-25 15:08:00,2024-07-25 15:38:00,31,风机联合连续重复,风机联合连续重复；用于计算重复风机功率扣减量，是否并入最终异常由参数控制
2024-07-25 15:08:00,2024-07-25 15:38:00,31,风机联合连续重复,风机联合连续重复；用于计算重复风机功率扣减量，是否并入最终异常由参数控制
2024-07-25 15:08:00,2024-07-25 15:38:00,31,风机联合连续重复,风机联合连续重复；用于计算重复风机功率扣减量，是否并入最终异常由参数控制
2024-07-25 15:08:00,2024-07-25 15:38:00,31,风机联合连续重复,风机联合连续重复；用于计算重复风机功率扣减量，是否并入最终异常由参数控制
2024-07-25 15:08:00,2024-07-25 15:38:00,31,风机联合连续重复,风机联合连续重复；用于计算重复风机功率扣减量，是否并入最终异常由参数控制
2024-07-25 15:08:00,2024-07-25 15:38:00,31,风机联合连续重复,风机联合连续重复；用于计算重复风机功率扣减量，是否并入最终异常由参数控制
2024-07-25 15:08:00,2024-07-25 15:38:00,31,风机联合连续重复,风机联合连续重复；用于计算重复风机功率扣减量，是否并入最终异常由参数控制
2024-07-25 15:08:00,2024-07-25 15:38:00,31,风机联合连续重复,风机联合连续重复；用于计算重复风机功率扣减量，是否并入最终异常由参数控制
2024-07-25 15:08:00,2024-07-25 15:38:00,31,风机联合连续重复,风机联合连续重复；用于计算重复风机功率扣减量，是否并入最终异常由参数控制
2024-07-25 15:08:00,2024-07-25 15:38:00,31,风机联合连续重复,风机联合连续重复；用于计算重复风机功率扣减量，是否并入最终异常由参数控制
2024-07-25 15:08:00,2024-07-25 15:38:00,31,风机联合连续重复,风机联合连续重复；用于计算重复风机功率扣减量，是否并入最终异常由参数控制
2024-07-25 15:08:00,2024-07-25 15:38:00,31,风机联合连续重复,风机联合连续重复；用于计算重复风机功率扣减量，是否并入最终异常由参数控制
2024-07-25 15:08:00,2024-07-25 15:38:00,31,风机联合连续重复,风机联合连续重复；用于计算重复风机功率扣减量，是否并入最终异常由参数控制
2024-07-25 15:08:00,2024-07-25 15:38:00,31,风机联合连续重复,风机联合连续重复；用于计算重复风机功率扣减量，是否并入最终异常由参数控制
2024-07-25 15:08:00,2024-07-25 15:38:00,31,风机联合连续重复,风机联合连续重复；用于计算重复风机功率扣减量，是否并入最终异常由参数控制
2024-07-25 15:08:00,2024-07-25 15:38:00,31,风机联合连续重复,风机联合连续重复；用于计算重复风机功率扣减量，是否并入最终异常由参数控制
2024-07-25 15:08:00,2024-07-25 15:38:00,31,风机联合连续重复,风机联合连续重复；用于计算重复风机功率扣减量，是否并入最终异常由参数控制
2024-07-25 15:08:00,2024-07-25 15:38:00,31,风机联合连续重复,风机联合连续重复；用于计算重复风机功率扣减量，是否并入最终异常由参数控制
2024-07-25 15:08:00,2024-07-25 15:38:00,31,风机联合连续重复,风机联合连续重复；用于计算重复风机功率扣减量，是否并入最终异常由参数控制
2024-07-25 15:08:00,2024-07-25 15:38:00,31,风机联合连续重复,风机联合连续重复；用于计算重复风机功率扣减量，是否并入最终异常由参数控制
2024-07-25 15:08:00,2024-07-25 15:38:00,31,风机联合连续重复,风机联合连续重复；用于计算重复风机功率扣减量，是否并入最终异常由参数控制
2024-07-25 15:08:00,2024-07-25 15:38:00,31,风机联合连续重复,风机联合连续重复；用于计算重复风机功率扣减量，是否并入最终异常由参数控制
2024-07-25 15:08:00,2024-07-25 15:38:00,31,风机联合连续重复,风机联合连续重复；用于计算重复风机功率扣减量，是否并入最终异常由参数控制
2024-07-25 15:08:00,2024-07-25 15:38:00,31,风机联合连续重复,风机联合连续重复；用于计算重复风机功率扣减量，是否并入最终异常由参数控制
2024-07-25 15:08:00,2024-07-25 15:38:00,31,风机联合连续重复,风机联合连续重复；用于计算重复风机功率扣减量，是否并入最终异常由参数控制
2024-07-25 15:08:00,2024-07-25 15:38:00,31,风机联合连续重复,风机联合连续重复；用于计算重复风机功率扣减量，是否并入最终异常由参数控制
2024-07-25 15:08:00,2024-07-25 15:38:00,31,风机联合连续重复,风机联合连续重复；用于计算重复风机功率扣减量，是否并入最终异常由参数控制
2024-07-25 15:08:00,2024-07-25 15:38:00,31,风机联合连续重复,风机联合连续重复；用于计算重复风机功率扣减量，是否并入最终异常由参数控制
2024-07-25 15:08:00,2024-07-25 15:38:00,31,风机联合连续重复,风机联合连续重复；用于计算重复风机功率扣减量，是否并入最终异常由参数控制
2024-07-25 15:08:00,2024-07-25 15:38:00,31,风机联合连续重复,风机联合连续重复；用于计算重复风机功率扣减量，是否并入最终异常由参数控制
2024-07-25 15:08:00,2024-07-25 15:38:00,31,风机联合连续重复,风机联合连续重复；用于计算重复风机功率扣减量，是否并入最终异常由参数控制
2024-07-25 15:08:00,2024-07-25 15:38:00,31,风机联合连续重复,风机联合连续重复；用于计算重复风机功率扣减量，是否并入最终异常由参数控制
2024-07-25 15:08:00,2024-07-25 15:38:00,31,风机联合连续重复,风机联合连续重复；用于计算重复风机功率扣减量，是否并入最终异常由参数控制
2024-07-25 15:08:00,2024-07-25 15:38:00,31,风机联合连续重复,风机联合连续重复；用于计算重复风机功率扣减量，是否并入最终异常由参数控制
2024-07-25 15:08:00,2024-07-25 15:38:00,31,风机联合连续重复,风机联合连续重复；用于计算重复风机功率扣减量，是否并入最终异常由参数控制
2024-07-25 15:08:00,2024-07-25 15:38:00,31,风机联合连续重复,风机联合连续重复；用于计算重复风机功率扣减量，是否并入最终异常由参数控制
2024-07-25 15:08:00,2024-07-25 15:38:00,31,风机联合连续重复,风机联合连续重复；用于计算重复风机功率扣减量，是否并入最终异常由参数控制
2024-07-25 15:08:00,2024-07-25 15:38:00,31,风机联合连续重复,风机联合连续重复；用于计算重复风机功率扣减量，是否并入最终异常由参数控制
2024-07-25 15:08:00,2024-07-25 15:38:00,31,风机联合连续重复,风机联合连续重复；用于计算重复风机功率扣减量，是否并入最终异常由参数控制
2024-07-25 15:08:00,2024-07-25 15:38:00,31,风机联合连续重复,风机联合连续重复；用于计算重复风机功率扣减量，是否并入最终异常由参数控制
2024-07-25 15:08:00,2024-07-25 15:38:00,31,风机联合连续重复,风机联合连续重复；用于计算重复风机功率扣减量，是否并入最终异常由参数控制
2024-07-25 15:08:00,2024-07-25 15:38:00,31,风机联合连续重复,风机联合连续重复；用于计算重复风机功率扣减量，是否并入最终异常由参数控制
2024-07-25 15:08:00,2024-07-25 15:38:00,31,风机联合连续重复,风机联合连续重复；用于计算重复风机功率扣减量，是否并入最终异常由参数控制
2024-07-25 15:08:00,2024-07-25 15:38:00,31,风机联合连续重复,风机联合连续重复；用于计算重复风机功率扣减量，是否并入最终异常由参数控制
2024-07-25 15:08:00,2024-07-25 15:38:00,31,风机联合连续重复,风机联合连续重复；用于计算重复风机功率扣减量，是否并入最终异常由参数控制
2024-07-25 15:08:00,2024-07-25 15:38:00,31,风机联合连续重复,风机联合连续重复；用于计算重复风机功率扣减量，是否并入最终异常由参数控制
2024-07-25 15:08:00,2024-07-25 15:38:00,31,风机联合连续重复,风机联合连续重复；用于计算重复风机功率扣减量，是否并入最终异常由参数控制
2024-07-25 15:08:00,2024-07-25 15:38:00,31,风机联合连续重复,风机联合连续重复；用于计算重复风机功率扣减量，是否并入最终异常由参数控制
2024-07-25 15:08:00,2024-07-25 15:38:00,31,风机联合连续重复,风机联合连续重复；用于计算重复风机功率扣减量，是否并入最终异常由参数控制
2024-07-25 15:08:00,2024-07-25 15:38:00,31,风机联合连续重复,风机联合连续重复；用于计算重复风机功率扣减量，是否并入最终异常由参数控制
2024-07-25 15:08:00,2024-07-25 15:38:00,31,风机联合连续重复,风机联合连续重复；用于计算重复风机功率扣减量，是否并入最终异常由参数控制
2024-07-25 15:08:00,2024-07-25 15:38:00,31,风机联合连续重复,风机联合连续重复；用于计算重复风机功率扣减量，是否并入最终异常由参数控制
2024-07-25 15:08:00,2024-07-25 15:38:00,31,风机联合连续重复,风机联合连续重复；用于计算重复风机功率扣减量，是否并入最终异常由参数控制
2024-07-25 15:08:00,2024-07-25 15:38:00,31,风机联合连续重复,风机联合连续重复；用于计算重复风机功率扣减量，是否并入最终异常由参数控制
2024-07-25 15:08:00,2024-07-25 15:38:00,31,风机联合连续重复,风机联合连续重复；用于计算重复风机功率扣减量，是否并入最终异常由参数控制
2024-07-25 15:08:00,2024-07-25 15:38:00,31,风机联合连续重复,风机联合连续重复；用于计算重复风机功率扣减量，是否并入最终异常由参数控制
2024-07-25 15:08:00,2024-07-25 15:38:00,31,风机联合连续重复,风机联合连续重复；用于计算重复风机功率扣减量，是否并入最终异常由参数控制
2024-07-25 15:08:00,2024-07-25 15:38:00,31,风机联合连续重复,风机联合连续重复；用于计算重复风机功率扣减量，是否并入最终异常由参数控制
2024-07-25 15:08:00,2024-07-25 15:38:00,31,风机联合连续重复,风机联合连续重复；用于计算重复风机功率扣减量，是否并入最终异常由参数控制
2024-07-25 15:08:00,2024-07-25 15:38:00,31,风机联合连续重复,风机联合连续重复；用于计算重复风机功率扣减量，是否并入最终异常由参数控制
2024-07-25 15:08:00,2024-07-25 15:38:00,31,风机联合连续重复,风机联合连续重复；用于计算重复风机功率扣减量，是否并入最终异常由参数控制
2024-07-25 15:08:00,2024-07-25 15:38:00,31,风机联合连续重复,风机联合连续重复；用于计算重复风机功率扣减量，是否并入最终异常由参数控制
2024-07-25 15:08:00,2024-07-25 15:38:00,31,风机联合连续重复,风机联合连续重复；用于计算重复风机功率扣减量，是否并入最终异常由参数控制
2024-07-25 15:08:00,2024-07-25 15:38:00,31,风机联合连续重复,风机联合连续重复；用于计算重复风机功率扣减量，是否并入最终异常由参数控制
2024-07-25 15:08:00,2024-07-25 15:38:00,31,风机联合连续重复,风机联合连续重复；用于计算重复风机功率扣减量，是否并入最终异常由参数控制
2024-07-25 15:08:00,2024-07-25 15:38:00,31,风机联合连续重复,风机联合连续重复；用于计算重复风机功率扣减量，是否并入最终异常由参数控制
2024-07-25 15:08:00,2024-07-25 15:38:00,31,风机联合连续重复,风机联合连续重复；用于计算重复风机功率扣减量，是否并入最终异常由参数控制
2024-07-25 15:08:00,2024-07-25 15:38:00,31,风机联合连续重复,风机联合连续重复；用于计算重复风机功率扣减量，是否并入最终异常由参数控制
2024-07-25 15:08:00,2024-07-25 15:38:00,31,风机联合连续重复,风机联合连续重复；用于计算重复风机功率扣减量，是否并入最终异常由参数控制
2024-07-25 15:08:00,2024-07-25 15:38:00,31,风机联合连续重复,风机联合连续重复；用于计算重复风机功率扣减量，是否并入最终异常由参数控制
2024-07-25 15:08:00,2024-07-25 15:38:00,31,风机联合连续重复,风机联合连续重复；用于计算重复风机功率扣减量，是否并入最终异常由参数控制
2024-07-25 15:08:00,2024-07-25 15:38:00,31,风机联合连续重复,风机联合连续重复；用于计算重复风机功率扣减量，是否并入最终异常由参数控制
2024-07-25 15:08:00,2024-07-25 15:38:00,31,风机联合连续重复,风机联合连续重复；用于计算重复风机功率扣减量，是否并入最终异常由参数控制
2024-07-25 15:08:00,2024-07-25 15:38:00,31,风机联合连续重复,风机联合连续重复；用于计算重复风机功率扣减量，是否并入最终异常由参数控制
2024-07-25 15:08:00,2024-07-25 15:38:00,31,风机联合连续重复,风机联合连续重复；用于计算重复风机功率扣减量，是否并入最终异常由参数控制
2024-07-25 15:08:00,2024-07-25 15:38:00,31,风机联合连续重复,风机联合连续重复；用于计算重复风机功率扣减量，是否并入最终异常由参数控制
2024-07-25 15:08:00,2024-07-25 15:38:00,31,风机联合连续重复,风机联合连续重复；用于计算重复风机功率扣减量，是否并入最终异常由参数控制
2024-07-25 15:08:00,2024-07-25 15:38:00,31,风机联合连续重复,风机联合连续重复；用于计算重复风机功率扣减量，是否并入最终异常由参数控制
2024-07-25 15:08:00,2024-07-25 15:38:00,31,风机联合连续重复,风机联合连续重复；用于计算重复风机功率扣减量，是否并入最终异常由参数控制
2024-07-25 15:08:00,2024-07-25 15:38:00,31,风机联合连续重复,风机联合连续重复；用于计算重复风机功率扣减量，是否并入最终异常由参数控制
2024-07-25 15:08:00,2024-07-25 15:38:00,31,风机联合连续重复,风机联合连续重复；用于计算重复风机功率扣减量，是否并入最终异常由参数控制
2024-07-25 15:08:00,2024-07-25 15:38:00,31,风机联合连续重复,风机联合连续重复；用于计算重复风机功率扣减量，是否并入最终异常由参数控制
2024-07-25 15:08:00,2024-07-25 15:38:00,31,风机联合连续重复,风机联合连续重复；用于计算重复风机功率扣减量，是否并入最终异常由参数控制
2024-07-25 15:08:00,2024-07-25 15:38:00,31,风机联合连续重复,风机联合连续重复；用于计算重复风机功率扣减量，是否并入最终异常由参数控制
2024-07-25 15:08:00,2024-07-25 15:38:00,31,风机联合连续重复,风机联合连续重复；用于计算重复风机功率扣减量，是否并入最终异常由参数控制
2024-07-25 15:08:00,2024-07-25 15:38:00,31,风机联合连续重复,风机联合连续重复；用于计算重复风机功率扣减量，是否并入最终异常由参数控制
2024-07-25 15:08:00,2024-07-25 15:38:00,31,风机联合连续重复,风机联合连续重复；用于计算重复风机功率扣减量，是否并入最终异常由参数控制
2024-07-25 15:08:00,2024-07-25 15:38:00,31,风机联合连续重复,风机联合连续重复；用于计算重复风机功率扣减量，是否并入最终异常由参数控制
2024-07-25 15:08:00,2024-07-25 15:38:00,31,站端功率连续重复,ACTIVE_POWER_STATION 重复值大于阈值且持续长度大于阈值
2024-07-25 15:40:00,2024-07-25 15:54:00,15,站端功率连续重复,ACTIVE_POWER_STATION 重复值大于阈值且持续长度大于阈值
2024-07-25 17:43:00,2024-07-25 17:47:00,5,风机联合连续重复,风机联合连续重复；用于计算重复风机功率扣减量，是否并入最终异常由参数控制
2024-07-25 17:43:00,2024-07-25 17:47:00,5,风机联合连续重复,风机联合连续重复；用于计算重复风机功率扣减量，是否并入最终异常由参数控制
2024-07-25 17:43:00,2024-07-25 17:47:00,5,风机联合连续重复,风机联合连续重复；用于计算重复风机功率扣减量，是否并入最终异常由参数控制
2024-07-25 17:43:00,2024-07-25 17:47:00,5,风机联合连续重复,风机联合连续重复；用于计算重复风机功率扣减量，是否并入最终异常由参数控制
2024-07-25 17:43:00,2024-07-25 17:47:00,5,风机联合连续重复,风机联合连续重复；用于计算重复风机功率扣减量，是否并入最终异常由参数控制
2024-07-25 17:43:00,2024-07-25 17:47:00,5,风机联合连续重复,风机联合连续重复；用于计算重复风机功率扣减量，是否并入最终异常由参数控制
2024-07-25 17:43:00,2024-07-25 17:47:00,5,风机联合连续重复,风机联合连续重复；用于计算重复风机功率扣减量，是否并入最终异常由参数控制
2024-07-25 17:43:00,2024-07-25 17:47:00,5,风机联合连续重复,风机联合连续重复；用于计算重复风机功率扣减量，是否并入最终异常由参数控制
2024-07-25 17:43:00,2024-07-25 17:47:00,5,风机联合连续重复,风机联合连续重复；用于计算重复风机功率扣减量，是否并入最终异常由参数控制
2024-07-25 17:43:00,2024-07-25 17:47:00,5,风机联合连续重复,风机联合连续重复；用于计算重复风机功率扣减量，是否并入最终异常由参数控制
2024-07-25 17:43:00,2024-07-25 17:47:00,5,风机联合连续重复,风机联合连续重复；用于计算重复风机功率扣减量，是否并入最终异常由参数控制
2024-07-25 17:43:00,2024-07-25 17:47:00,5,风机联合连续重复,风机联合连续重复；用于计算重复风机功率扣减量，是否并入最终异常由参数控制
2024-07-25 17:43:00,2024-07-25 17:47:00,5,风机联合连续重复,风机联合连续重复；用于计算重复风机功率扣减量，是否并入最终异常由参数控制
2024-07-25 17:43:00,2024-07-25 17:47:00,5,风机联合连续重复,风机联合连续重复；用于计算重复风机功率扣减量，是否并入最终异常由参数控制
2024-07-25 17:43:00,2024-07-25 17:47:00,5,风机联合连续重复,风机联合连续重复；用于计算重复风机功率扣减量，是否并入最终异常由参数控制
2024-07-25 17:43:00,2024-07-25 17:47:00,5,风机联合连续重复,风机联合连续重复；用于计算重复风机功率扣减量，是否并入最终异常由参数控制
2024-07-25 17:43:00,2024-07-25 17:47:00,5,风机联合连续重复,风机联合连续重复；用于计算重复风机功率扣减量，是否并入最终异常由参数控制
2024-07-25 17:43:00,2024-07-25 17:47:00,5,风机联合连续重复,风机联合连续重复；用于计算重复风机功率扣减量，是否并入最终异常由参数控制
2024-07-25 17:43:00,2024-07-25 17:47:00,5,风机联合连续重复,风机联合连续重复；用于计算重复风机功率扣减量，是否并入最终异常由参数控制
2024-07-25 17:43:00,2024-07-25 17:47:00,5,风机联合连续重复,风机联合连续重复；用于计算重复风机功率扣减量，是否并入最终异常由参数控制
2024-07-25 17:43:00,2024-07-25 17:47:00,5,风机联合连续重复,风机联合连续重复；用于计算重复风机功率扣减量，是否并入最终异常由参数控制
2024-07-25 17:43:00,2024-07-25 17:47:00,5,风机联合连续重复,风机联合连续重复；用于计算重复风机功率扣减量，是否并入最终异常由参数控制
2024-07-25 17:43:00,2024-07-25 17:47:00,5,风机联合连续重复,风机联合连续重复；用于计算重复风机功率扣减量，是否并入最终异常由参数控制
2024-07-25 17:43:00,2024-07-25 17:47:00,5,风机联合连续重复,风机联合连续重复；用于计算重复风机功率扣减量，是否并入最终异常由参数控制
2024-07-25 17:43:00,2024-07-25 17:47:00,5,风机联合连续重复,风机联合连续重复；用于计算重复风机功率扣减量，是否并入最终异常由参数控制
2024-07-25 17:43:00,2024-07-25 17:47:00,5,风机联合连续重复,风机联合连续重复；用于计算重复风机功率扣减量，是否并入最终异常由参数控制
2024-07-25 17:43:00,2024-07-25 17:47:00,5,风机联合连续重复,风机联合连续重复；用于计算重复风机功率扣减量，是否并入最终异常由参数控制
2024-07-25 17:43:00,2024-07-25 17:47:00,5,风机联合连续重复,风机联合连续重复；用于计算重复风机功率扣减量，是否并入最终异常由参数控制
2024-07-25 17:43:00,2024-07-25 17:47:00,5,风机联合连续重复,风机联合连续重复；用于计算重复风机功率扣减量，是否并入最终异常由参数控制
2024-07-25 17:43:00,2024-07-25 17:47:00,5,风机联合连续重复,风机联合连续重复；用于计算重复风机功率扣减量，是否并入最终异常由参数控制
2024-07-25 17:43:00,2024-07-25 17:47:00,5,风机联合连续重复,风机联合连续重复；用于计算重复风机功率扣减量，是否并入最终异常由参数控制
2024-07-25 17:43:00,2024-07-25 17:47:00,5,风机联合连续重复,风机联合连续重复；用于计算重复风机功率扣减量，是否并入最终异常由参数控制
2024-07-25 17:43:00,2024-07-25 17:47:00,5,风机联合连续重复,风机联合连续重复；用于计算重复风机功率扣减量，是否并入最终异常由参数控制
2024-07-25 17:43:00,2024-07-25 17:47:00,5,风机联合连续重复,风机联合连续重复；用于计算重复风机功率扣减量，是否并入最终异常由参数控制
2024-07-25 17:43:00,2024-07-25 17:47:00,5,风机联合连续重复,风机联合连续重复；用于计算重复风机功率扣减量，是否并入最终异常由参数控制
2024-07-25 17:43:00,2024-07-25 17:47:00,5,风机联合连续重复,风机联合连续重复；用于计算重复风机功率扣减量，是否并入最终异常由参数控制
2024-07-25 17:43:00,2024-07-25 17:47:00,5,风机联合连续重复,风机联合连续重复；用于计算重复风机功率扣减量，是否并入最终异常由参数控制
2024-07-25 17:43:00,2024-07-25 17:47:00,5,风机联合连续重复,风机联合连续重复；用于计算重复风机功率扣减量，是否并入最终异常由参数控制
2024-07-25 17:43:00,2024-07-25 17:47:00,5,风机联合连续重复,风机联合连续重复；用于计算重复风机功率扣减量，是否并入最终异常由参数控制
2024-07-25 17:43:00,2024-07-25 17:47:00,5,风机联合连续重复,风机联合连续重复；用于计算重复风机功率扣减量，是否并入最终异常由参数控制
2024-07-25 17:43:00,2024-07-25 17:47:00,5,风机联合连续重复,风机联合连续重复；用于计算重复风机功率扣减量，是否并入最终异常由参数控制
2024-07-25 17:43:00,2024-07-25 17:47:00,5,风机联合连续重复,风机联合连续重复；用于计算重复风机功率扣减量，是否并入最终异常由参数控制
2024-07-25 17:43:00,2024-07-25 17:47:00,5,风机联合连续重复,风机联合连续重复；用于计算重复风机功率扣减量，是否并入最终异常由参数控制
2024-07-25 17:43:00,2024-07-25 17:47:00,5,风机联合连续重复,风机联合连续重复；用于计算重复风机功率扣减量，是否并入最终异常由参数控制
2024-07-25 17:43:00,2024-07-25 17:47:00,5,风机联合连续重复,风机联合连续重复；用于计算重复风机功率扣减量，是否并入最终异常由参数控制
2024-07-25 17:43:00,2024-07-25 17:47:00,5,风机联合连续重复,风机联合连续重复；用于计算重复风机功率扣减量，是否并入最终异常由参数控制
2024-07-25 17:43:00,2024-07-25 17:47:00,5,风机联合连续重复,风机联合连续重复；用于计算重复风机功率扣减量，是否并入最终异常由参数控制
2024-07-25 17:43:00,2024-07-25 17:47:00,5,风机联合连续重复,风机联合连续重复；用于计算重复风机功率扣减量，是否并入最终异常由参数控制
2024-07-25 17:43:00,2024-07-25 17:47:00,5,风机联合连续重复,风机联合连续重复；用于计算重复风机功率扣减量，是否并入最终异常由参数控制
2024-07-25 17:43:00,2024-07-25 17:47:00,5,风机联合连续重复,风机联合连续重复；用于计算重复风机功率扣减量，是否并入最终异常由参数控制
2024-07-25 17:43:00,2024-07-25 17:47:00,5,风机联合连续重复,风机联合连续重复；用于计算重复风机功率扣减量，是否并入最终异常由参数控制
2024-07-25 17:43:00,2024-07-25 17:47:00,5,风机联合连续重复,风机联合连续重复；用于计算重复风机功率扣减量，是否并入最终异常由参数控制
2024-07-25 17:43:00,2024-07-25 17:47:00,5,风机联合连续重复,风机联合连续重复；用于计算重复风机功率扣减量，是否并入最终异常由参数控制
2024-07-25 17:43:00,2024-07-25 17:47:00,5,风机联合连续重复,风机联合连续重复；用于计算重复风机功率扣减量，是否并入最终异常由参数控制
2024-07-25 17:43:00,2024-07-25 17:47:00,5,风机联合连续重复,风机联合连续重复；用于计算重复风机功率扣减量，是否并入最终异常由参数控制
2024-07-25 17:43:00,2024-07-25 17:47:00,5,风机联合连续重复,风机联合连续重复；用于计算重复风机功率扣减量，是否并入最终异常由参数控制
2024-07-25 17:43:00,2024-07-25 17:47:00,5,风机联合连续重复,风机联合连续重复；用于计算重复风机功率扣减量，是否并入最终异常由参数控制
2024-07-25 17:43:00,2024-07-25 17:47:00,5,风机联合连续重复,风机联合连续重复；用于计算重复风机功率扣减量，是否并入最终异常由参数控制
2024-07-25 17:43:00,2024-07-25 17:47:00,5,风机联合连续重复,风机联合连续重复；用于计算重复风机功率扣减量，是否并入最终异常由参数控制
2024-07-25 17:43:00,2024-07-25 17:47:00,5,风机联合连续重复,风机联合连续重复；用于计算重复风机功率扣减量，是否并入最终异常由参数控制
2024-07-25 17:43:00,2024-07-25 17:47:00,5,风机联合连续重复,风机联合连续重复；用于计算重复风机功率扣减量，是否并入最终异常由参数控制
2024-07-25 17:43:00,2024-07-25 17:47:00,5,风机联合连续重复,风机联合连续重复；用于计算重复风机功率扣减量，是否并入最终异常由参数控制
2024-07-25 17:43:00,2024-07-25 17:47:00,5,风机联合连续重复,风机联合连续重复；用于计算重复风机功率扣减量，是否并入最终异常由参数控制
2024-07-25 17:43:00,2024-07-25 17:47:00,5,风机联合连续重复,风机联合连续重复；用于计算重复风机功率扣减量，是否并入最终异常由参数控制
2024-07-25 17:43:00,2024-07-25 17:47:00,5,风机联合连续重复,风机联合连续重复；用于计算重复风机功率扣减量，是否并入最终异常由参数控制
2024-07-25 17:43:00,2024-07-25 17:47:00,5,风机联合连续重复,风机联合连续重复；用于计算重复风机功率扣减量，是否并入最终异常由参数控制
2024-07-25 17:43:00,2024-07-25 17:47:00,5,风机联合连续重复,风机联合连续重复；用于计算重复风机功率扣减量，是否并入最终异常由参数控制
2024-07-25 17:43:00,2024-07-25 17:47:00,5,风机联合连续重复,风机联合连续重复；用于计算重复风机功率扣减量，是否并入最终异常由参数控制
2024-07-25 17:43:00,2024-07-25 17:47:00,5,风机联合连续重复,风机联合连续重复；用于计算重复风机功率扣减量，是否并入最终异常由参数控制
2024-07-25 17:43:00,2024-07-25 17:47:00,5,风机联合连续重复,风机联合连续重复；用于计算重复风机功率扣减量，是否并入最终异常由参数控制
2024-07-25 17:43:00,2024-07-25 17:47:00,5,风机联合连续重复,风机联合连续重复；用于计算重复风机功率扣减量，是否并入最终异常由参数控制
2024-07-25 17:43:00,2024-07-25 17:47:00,5,风机联合连续重复,风机联合连续重复；用于计算重复风机功率扣减量，是否并入最终异常由参数控制
2024-07-25 17:43:00,2024-07-25 17:47:00,5,风机联合连续重复,风机联合连续重复；用于计算重复风机功率扣减量，是否并入最终异常由参数控制
2024-07-25 17:43:00,2024-07-25 17:47:00,5,风机联合连续重复,风机联合连续重复；用于计算重复风机功率扣减量，是否并入最终异常由参数控制
2024-07-25 17:43:00,2024-07-25 17:47:00,5,风机联合连续重复,风机联合连续重复；用于计算重复风机功率扣减量，是否并入最终异常由参数控制
2024-07-25 17:43:00,2024-07-25 17:47:00,5,风机联合连续重复,风机联合连续重复；用于计算重复风机功率扣减量，是否并入最终异常由参数控制
2024-07-25 17:43:00,2024-07-25 17:47:00,5,风机联合连续重复,风机联合连续重复；用于计算重复风机功率扣减量，是否并入最终异常由参数控制
2024-07-25 17:43:00,2024-07-25 17:47:00,5,风机联合连续重复,风机联合连续重复；用于计算重复风机功率扣减量，是否并入最终异常由参数控制
2024-07-25 17:43:00,2024-07-25 17:47:00,5,风机联合连续重复,风机联合连续重复；用于计算重复风机功率扣减量，是否并入最终异常由参数控制
2024-07-25 17:43:00,2024-07-25 17:47:00,5,风机联合连续重复,风机联合连续重复；用于计算重复风机功率扣减量，是否并入最终异常由参数控制
2024-07-25 17:43:00,2024-07-25 17:47:00,5,风机联合连续重复,风机联合连续重复；用于计算重复风机功率扣减量，是否并入最终异常由参数控制
2024-07-25 17:43:00,2024-07-25 17:47:00,5,风机联合连续重复,风机联合连续重复；用于计算重复风机功率扣减量，是否并入最终异常由参数控制
2024-07-25 17:43:00,2024-07-25 17:47:00,5,风机联合连续重复,风机联合连续重复；用于计算重复风机功率扣减量，是否并入最终异常由参数控制
2024-07-25 17:43:00,2024-07-25 17:47:00,5,风机联合连续重复,风机联合连续重复；用于计算重复风机功率扣减量，是否并入最终异常由参数控制
2024-07-25 17:43:00,2024-07-25 17:47:00,5,风机联合连续重复,风机联合连续重复；用于计算重复风机功率扣减量，是否并入最终异常由参数控制
2024-07-25 17:43:00,2024-07-25 17:47:00,5,风机联合连续重复,风机联合连续重复；用于计算重复风机功率扣减量，是否并入最终异常由参数控制
2024-07-25 17:43:00,2024-07-25 17:47:00,5,风机联合连续重复,风机联合连续重复；用于计算重复风机功率扣减量，是否并入最终异常由参数控制
2024-07-25 17:43:00,2024-07-25 17:47:00,5,风机联合连续重复,风机联合连续重复；用于计算重复风机功率扣减量，是否并入最终异常由参数控制
2024-07-25 17:43:00,2024-07-25 17:47:00,5,风机联合连续重复,风机联合连续重复；用于计算重复风机功率扣减量，是否并入最终异常由参数控制
2024-07-25 17:43:00,2024-07-25 17:47:00,5,风机联合连续重复,风机联合连续重复；用于计算重复风机功率扣减量，是否并入最终异常由参数控制
2024-07-25 17:43:00,2024-07-25 17:47:00,5,风机联合连续重复,风机联合连续重复；用于计算重复风机功率扣减量，是否并入最终异常由参数控制
2024-07-25 17:43:00,2024-07-25 17:47:00,5,风机联合连续重复,风机联合连续重复；用于计算重复风机功率扣减量，是否并入最终异常由参数控制
2024-07-25 17:43:00,2024-07-25 17:47:00,5,风机联合连续重复,风机联合连续重复；用于计算重复风机功率扣减量，是否并入最终异常由参数控制
2024-07-25 17:43:00,2024-07-25 17:47:00,5,站端功率连续重复,ACTIVE_POWER_STATION 重复值大于阈值且持续长度大于阈值
2024-07-29 08:21:00,2024-07-29 08:25:00,5,站端功率连续重复,ACTIVE_POWER_STATION 重复值大于阈值且持续长度大于阈值
