字段名,重复值,开始时间,结束时间,持续长度
ACTIVE_POWER_STATION,0.0,2023-09-25 12:01:00,2023-09-25 12:04:00,4
ACTIVE_POWER_STATION,0.0,2023-09-25 14:15:00,2023-09-25 14:19:00,5
ACTIVE_POWER_STATION,0.0,2023-09-25 14:25:00,2023-09-25 14:28:00,4
ACTIVE_POWER_STATION,0.0,2023-09-25 16:21:00,2023-09-25 16:24:00,4
ACTIVE_POWER_STATION,0.0,2023-09-25 20:15:00,2023-09-25 20:23:00,9
ACTIVE_POWER_STATION,0.0,2023-09-25 21:00:00,2023-09-25 21:04:00,5
ACTIVE_POWER_STATION,0.0,2023-09-25 23:49:00,2023-09-25 23:52:00,4
ACTIVE_POWER_STATION,0.0,2023-09-26 00:00:00,2023-09-26 00:03:00,4
ACTIVE_POWER_STATION,0.0,2023-09-26 00:05:00,2023-09-26 00:08:00,4
ACTIVE_POWER_STATION,0.0,2023-09-26 09:31:00,2023-09-26 09:37:00,7
ACTIVE_POWER_STATION,0.0,2023-09-26 11:48:00,2023-09-26 11:57:00,10
ACTIVE_POWER_STATION,0.0,2023-09-26 13:06:00,2023-09-26 13:10:00,5
ACTIVE_POWER_STATION,0.0,2023-09-26 13:22:00,2023-09-26 13:32:00,11
ACTIVE_POWER_STATION,0.0,2023-09-26 13:40:00,2023-09-26 13:44:00,5
ACTIVE_POWER_STATION,0.0,2023-09-26 19:35:00,2023-09-26 19:45:00,11
ACTIVE_POWER_STATION,0.0,2023-09-27 12:09:00,2023-09-27 12:14:00,6
ACTIVE_POWER_STATION,0.0,2023-09-27 13:01:00,2023-09-27 13:12:00,12
ACTIVE_POWER_STATION,0.0,2023-09-27 16:08:00,2023-09-27 16:12:00,5
ACTIVE_POWER_STATION,0.0,2023-09-27 16:48:00,2023-09-27 16:53:00,6
ACTIVE_POWER_STATION,0.0,2023-09-27 17:03:00,2023-09-27 17:06:00,4
ACTIVE_POWER_STATION,0.0,2023-09-27 18:03:00,2023-09-27 18:08:00,6
ACTIVE_POWER_STATION,0.0,2023-09-27 18:34:00,2023-09-27 18:40:00,7
ACTIVE_POWER_STATION,0.0,2023-09-27 21:10:00,2023-09-27 21:15:00,6
ACTIVE_POWER_STATION,0.0,2023-09-28 04:24:00,2023-09-28 04:30:00,7
ACTIVE_POWER_STATION,20.150639,2023-09-28 09:15:00,2023-09-28 09:19:00,5
ACTIVE_POWER_STATION,14.459442,2023-09-28 09:24:00,2023-09-28 09:27:00,4
ACTIVE_POWER_STATION,9.818231,2023-09-28 09:34:00,2023-09-28 09:37:00,4
ACTIVE_POWER_STATION,0.0,2023-09-28 10:29:00,2023-09-28 10:50:00,22
ACTIVE_POWER_STATION,0.0,2023-09-28 10:58:00,2023-09-28 11:01:00,4
ACTIVE_POWER_STATION,0.0,2023-09-28 12:38:00,2023-09-28 12:48:00,11
ACTIVE_POWER_STATION,0.0,2023-09-28 13:01:00,2023-09-28 13:14:00,14
ACTIVE_POWER_STATION,0.0,2023-09-28 15:06:00,2023-09-28 15:37:00,32
ACTIVE_POWER_STATION,0.0,2023-09-28 17:26:00,2023-09-28 17:41:00,16
ACTIVE_POWER_STATION,0.0,2023-09-28 17:57:00,2023-09-28 18:10:00,14
ACTIVE_POWER_STATION,0.0,2023-09-28 20:54:00,2023-09-28 21:04:00,11
ACTIVE_POWER_STATION,0.0,2023-09-28 21:53:00,2023-09-28 21:57:00,5
ACTIVE_POWER_STATION,0.0,2023-09-28 22:15:00,2023-09-28 22:18:00,4
ACTIVE_POWER_STATION,0.0,2023-09-28 23:32:00,2023-09-28 23:38:00,7
ACTIVE_POWER_STATION,0.0,2023-09-28 23:41:00,2023-09-28 23:44:00,4
ACTIVE_POWER_STATION,0.0,2023-09-29 01:54:00,2023-09-29 02:02:00,9
ACTIVE_POWER_STATION,0.0,2023-09-29 06:47:00,2023-09-29 06:50:00,4
ACTIVE_POWER_STATION,0.0,2023-09-29 07:31:00,2023-09-29 07:37:00,7
ACTIVE_POWER_STATION,0.0,2023-09-29 07:39:00,2023-09-29 07:46:00,8
ACTIVE_POWER_STATION,0.0,2023-09-29 07:54:00,2023-09-29 07:58:00,5
ACTIVE_POWER_STATION,0.0,2023-09-29 08:00:00,2023-09-29 08:08:00,9
ACTIVE_POWER_STATION,0.0,2023-09-29 08:19:00,2023-09-29 08:45:00,27
ACTIVE_POWER_STATION,0.0,2023-09-29 08:54:00,2023-09-29 09:03:00,10
ACTIVE_POWER_STATION,0.0,2023-09-29 09:08:00,2023-09-29 09:12:00,5
ACTIVE_POWER_STATION,0.0,2023-09-29 09:25:00,2023-09-29 09:30:00,6
ACTIVE_POWER_STATION,0.0,2023-09-29 10:06:00,2023-09-29 10:09:00,4
ACTIVE_POWER_STATION,0.0,2023-09-30 03:33:00,2023-09-30 03:36:00,4
ACTIVE_POWER_STATION,0.0,2023-09-30 04:32:00,2023-09-30 04:57:00,26
ACTIVE_POWER_STATION,0.0,2023-09-30 21:27:00,2023-09-30 21:31:00,5
ACTIVE_POWER_STATION,0.0,2023-09-30 21:35:00,2023-09-30 21:39:00,5
ACTIVE_POWER_STATION,0.0,2023-10-02 20:06:00,2023-10-02 20:30:00,25
ACTIVE_POWER_STATION,0.0,2023-10-02 20:39:00,2023-10-02 20:42:00,4
ACTIVE_POWER_STATION,0.0,2023-10-02 21:27:00,2023-10-02 21:31:00,5
ACTIVE_POWER_STATION,0.0,2023-10-02 21:38:00,2023-10-02 21:47:00,10
ACTIVE_POWER_STATION,0.0,2023-10-02 22:11:00,2023-10-02 22:14:00,4
ACTIVE_POWER_STATION,0.0,2023-10-03 00:14:00,2023-10-03 00:17:00,4
ACTIVE_POWER_STATION,0.0,2023-10-03 00:19:00,2023-10-03 00:24:00,6
ACTIVE_POWER_STATION,0.0,2023-10-03 00:35:00,2023-10-03 00:38:00,4
ACTIVE_POWER_STATION,0.0,2023-10-03 02:30:00,2023-10-03 02:35:00,6
ACTIVE_POWER_STATION,0.0,2023-10-03 02:37:00,2023-10-03 02:59:00,23
ACTIVE_POWER_STATION,0.0,2023-10-03 03:05:00,2023-10-03 03:12:00,8
ACTIVE_POWER_STATION,0.0,2023-10-03 03:41:00,2023-10-03 03:53:00,13
ACTIVE_POWER_STATION,0.0,2023-10-03 04:11:00,2023-10-03 04:18:00,8
ACTIVE_POWER_STATION,0.0,2023-10-03 11:47:00,2023-10-03 11:51:00,5
ACTIVE_POWER_STATION,0.0,2023-10-03 11:55:00,2023-10-03 11:58:00,4
ACTIVE_POWER_STATION,0.0,2023-10-03 16:20:00,2023-10-03 16:25:00,6
ACTIVE_POWER_STATION,0.0,2023-10-03 16:31:00,2023-10-03 16:35:00,5
ACTIVE_POWER_STATION,0.0,2023-10-03 17:31:00,2023-10-03 17:34:00,4
ACTIVE_POWER_STATION,0.0,2023-10-03 17:44:00,2023-10-03 17:49:00,6
ACTIVE_POWER_STATION,0.0,2023-10-03 18:18:00,2023-10-03 18:23:00,6
ACTIVE_POWER_STATION,0.0,2023-10-03 19:14:00,2023-10-03 19:21:00,8
ACTIVE_POWER_STATION,0.0,2023-10-03 20:11:00,2023-10-03 20:17:00,7
ACTIVE_POWER_STATION,0.0,2023-10-07 18:57:00,2023-10-07 19:03:00,7
ACTIVE_POWER_STATION,0.0,2023-10-07 20:42:00,2023-10-07 20:48:00,7
ACTIVE_POWER_STATION,0.0,2023-10-07 20:50:00,2023-10-07 20:57:00,8
ACTIVE_POWER_STATION,0.0,2023-10-07 21:05:00,2023-10-07 21:19:00,15
ACTIVE_POWER_STATION,0.0,2023-10-07 21:50:00,2023-10-07 21:53:00,4
ACTIVE_POWER_STATION,0.0,2023-10-07 23:02:00,2023-10-07 23:07:00,6
ACTIVE_POWER_STATION,0.0,2023-10-08 09:12:00,2023-10-08 09:19:00,8
ACTIVE_POWER_STATION,0.0,2023-10-08 09:39:00,2023-10-08 09:54:00,16
ACTIVE_POWER_STATION,0.0,2023-10-08 09:56:00,2023-10-08 10:05:00,10
ACTIVE_POWER_STATION,0.0,2023-10-08 10:13:00,2023-10-08 10:20:00,8
ACTIVE_POWER_STATION,0.0,2023-10-08 10:27:00,2023-10-08 10:48:00,22
ACTIVE_POWER_STATION,0.0,2023-10-08 10:53:00,2023-10-08 11:19:00,27
ACTIVE_POWER_STATION,0.0,2023-10-08 11:25:00,2023-10-08 11:35:00,11
ACTIVE_POWER_STATION,0.0,2023-10-08 11:37:00,2023-10-08 11:47:00,11
ACTIVE_POWER_STATION,0.0,2023-10-08 11:49:00,2023-10-08 12:05:00,17
ACTIVE_POWER_STATION,0.0,2023-10-08 12:12:00,2023-10-08 12:16:00,5
ACTIVE_POWER_STATION,0.0,2023-10-08 12:42:00,2023-10-08 12:54:00,13
ACTIVE_POWER_STATION,0.0,2023-10-08 13:04:00,2023-10-08 13:07:00,4
ACTIVE_POWER_STATION,0.0,2023-10-08 13:15:00,2023-10-08 13:34:00,20
ACTIVE_POWER_STATION,0.0,2023-10-08 15:07:00,2023-10-08 15:18:00,12
ACTIVE_POWER_STATION,0.0,2023-10-10 23:31:00,2023-10-10 23:34:00,4
ACTIVE_POWER_STATION,0.0,2023-10-11 03:43:00,2023-10-11 03:55:00,13
ACTIVE_POWER_STATION,0.0,2023-10-11 03:57:00,2023-10-11 04:02:00,6
ACTIVE_POWER_STATION,0.0,2023-10-11 09:11:00,2023-10-11 09:15:00,5
ACTIVE_POWER_STATION,0.0,2023-10-11 09:17:00,2023-10-11 09:27:00,11
ACTIVE_POWER_STATION,0.0,2023-10-11 09:33:00,2023-10-11 09:50:00,18
ACTIVE_POWER_STATION,0.0,2023-10-11 09:52:00,2023-10-11 10:00:00,9
ACTIVE_POWER_STATION,0.0,2023-10-11 10:21:00,2023-10-11 10:47:00,27
ACTIVE_POWER_STATION,0.0,2023-10-11 10:52:00,2023-10-11 10:56:00,5
ACTIVE_POWER_STATION,0.0,2023-10-11 11:09:00,2023-10-11 11:18:00,10
ACTIVE_POWER_STATION,0.0,2023-10-11 13:04:00,2023-10-11 13:19:00,16
ACTIVE_POWER_STATION,0.0,2023-10-11 13:24:00,2023-10-11 13:31:00,8
ACTIVE_POWER_STATION,0.0,2023-10-11 13:45:00,2023-10-11 13:48:00,4
ACTIVE_POWER_STATION,0.0,2023-10-11 13:53:00,2023-10-11 14:01:00,9
ACTIVE_POWER_STATION,0.0,2023-10-12 15:18:00,2023-10-12 15:24:00,7
ACTIVE_POWER_STATION,0.0,2023-10-12 15:45:00,2023-10-12 15:50:00,6
ACTIVE_POWER_STATION,0.0,2023-10-12 15:59:00,2023-10-12 16:02:00,4
ACTIVE_POWER_STATION,0.0,2023-10-12 17:18:00,2023-10-12 17:23:00,6
ACTIVE_POWER_STATION,0.0,2023-10-12 17:47:00,2023-10-12 17:51:00,5
ACTIVE_POWER_STATION,0.0,2023-10-12 17:55:00,2023-10-12 18:00:00,6
ACTIVE_POWER_STATION,0.0,2023-10-12 18:02:00,2023-10-12 18:07:00,6
ACTIVE_POWER_STATION,0.0,2023-10-12 18:22:00,2023-10-12 18:28:00,7
ACTIVE_POWER_STATION,0.0,2023-10-12 22:51:00,2023-10-12 22:56:00,6
ACTIVE_POWER_STATION,0.0,2023-10-13 02:17:00,2023-10-13 02:24:00,8
ACTIVE_POWER_STATION,0.0,2023-10-13 02:26:00,2023-10-13 02:31:00,6
ACTIVE_POWER_STATION,0.0,2023-10-13 06:41:00,2023-10-13 06:44:00,4
ACTIVE_POWER_STATION,0.0,2023-10-13 09:59:00,2023-10-13 10:04:00,6
ACTIVE_POWER_STATION,0.0,2023-10-13 10:09:00,2023-10-13 10:12:00,4
ACTIVE_POWER_STATION,0.0,2023-10-13 22:24:00,2023-10-13 22:28:00,5
ACTIVE_POWER_STATION,0.0,2023-10-13 22:33:00,2023-10-13 22:41:00,9
ACTIVE_POWER_STATION,0.0,2023-10-13 23:13:00,2023-10-13 23:17:00,5
ACTIVE_POWER_STATION,0.0,2023-10-13 23:25:00,2023-10-13 23:30:00,6
ACTIVE_POWER_STATION,0.0,2023-10-13 23:43:00,2023-10-13 23:49:00,7
ACTIVE_POWER_STATION,0.0,2023-10-13 23:51:00,2023-10-13 23:54:00,4
ACTIVE_POWER_STATION,0.0,2023-10-13 23:59:00,2023-10-14 00:03:00,5
ACTIVE_POWER_STATION,0.0,2023-10-14 19:51:00,2023-10-14 19:58:00,8
ACTIVE_POWER_STATION,0.0,2023-10-15 05:04:00,2023-10-15 05:13:00,10
ACTIVE_POWER_STATION,0.0,2023-10-15 06:36:00,2023-10-15 06:40:00,5
ACTIVE_POWER_STATION,0.0,2023-10-15 06:44:00,2023-10-15 06:47:00,4
ACTIVE_POWER_STATION,0.0,2023-10-15 07:32:00,2023-10-15 07:41:00,10
ACTIVE_POWER_STATION,0.0,2023-10-15 08:15:00,2023-10-15 08:23:00,9
ACTIVE_POWER_STATION,0.0,2023-10-15 09:17:00,2023-10-15 09:25:00,9
ACTIVE_POWER_STATION,0.0,2023-10-15 09:35:00,2023-10-15 09:45:00,11
ACTIVE_POWER_STATION,0.0,2023-10-15 11:40:00,2023-10-15 11:43:00,4
ACTIVE_POWER_STATION,0.0,2023-10-15 12:11:00,2023-10-15 12:34:00,24
ACTIVE_POWER_STATION,0.0,2023-10-16 01:51:00,2023-10-16 01:55:00,5
ACTIVE_POWER_STATION,0.0,2023-10-16 23:55:00,2023-10-17 00:00:00,6
ACTIVE_POWER_STATION,0.0,2023-10-17 00:03:00,2023-10-17 00:08:00,6
ACTIVE_POWER_STATION,0.0,2023-10-17 13:37:00,2023-10-17 13:51:00,15
ACTIVE_POWER_STATION,0.0,2023-10-17 13:53:00,2023-10-17 13:59:00,7
ACTIVE_POWER_STATION,0.0,2023-10-19 05:06:00,2023-10-19 05:11:00,6
ACTIVE_POWER_STATION,0.0,2023-10-19 13:21:00,2023-10-19 13:35:00,15
ACTIVE_POWER_STATION,0.0,2023-10-19 14:00:00,2023-10-19 14:03:00,4
ACTIVE_POWER_STATION,4.5927186,2023-10-21 14:35:00,2023-10-21 14:38:00,4
ACTIVE_POWER_STATION,0.0,2023-10-21 15:11:00,2023-10-21 15:14:00,4
ACTIVE_POWER_STATION,0.0,2023-10-22 05:43:00,2023-10-22 05:46:00,4
ACTIVE_POWER_STATION,0.0,2023-10-22 06:16:00,2023-10-22 06:19:00,4
ACTIVE_POWER_STATION,0.0,2023-10-22 06:23:00,2023-10-22 06:31:00,9
ACTIVE_POWER_STATION,0.0,2023-10-22 06:51:00,2023-10-22 06:54:00,4
ACTIVE_POWER_STATION,0.0,2023-10-22 14:40:00,2023-10-22 14:49:00,10
ACTIVE_POWER_STATION,0.0,2023-10-22 14:51:00,2023-10-22 14:55:00,5
ACTIVE_POWER_STATION,0.0,2023-10-22 16:12:00,2023-10-22 16:15:00,4
ACTIVE_POWER_STATION,0.0,2023-10-22 16:25:00,2023-10-22 16:36:00,12
ACTIVE_POWER_STATION,0.0,2023-10-23 06:52:00,2023-10-23 06:58:00,7
ACTIVE_POWER_STATION,0.0,2023-10-23 07:21:00,2023-10-23 07:30:00,10
ACTIVE_POWER_STATION,0.0,2023-10-23 14:01:00,2023-10-23 14:05:00,5
ACTIVE_POWER_STATION,0.0,2023-10-23 15:12:00,2023-10-23 15:16:00,5
ACTIVE_POWER_STATION,0.0,2023-10-23 15:18:00,2023-10-23 15:22:00,5
ACTIVE_POWER_STATION,0.0,2023-10-24 09:34:00,2023-10-24 10:04:00,31
ACTIVE_POWER_STATION,0.0,2023-10-24 21:58:00,2023-10-24 22:04:00,7
ACTIVE_POWER_STATION,0.0,2023-10-24 22:07:00,2023-10-24 22:13:00,7
ACTIVE_POWER_STATION,0.0,2023-10-24 22:18:00,2023-10-24 22:23:00,6
ACTIVE_POWER_STATION,0.0,2023-10-24 22:42:00,2023-10-24 22:45:00,4
ACTIVE_POWER_STATION,0.0,2023-10-25 18:58:00,2023-10-25 19:01:00,4
ACTIVE_POWER_STATION,0.0,2023-10-25 22:35:00,2023-10-25 22:42:00,8
ACTIVE_POWER_STATION,0.0,2023-10-26 03:29:00,2023-10-26 03:40:00,12
ACTIVE_POWER_STATION,0.0,2023-10-26 08:50:00,2023-10-26 08:56:00,7
ACTIVE_POWER_STATION,0.0,2023-10-26 15:05:00,2023-10-26 15:17:00,13
ACTIVE_POWER_STATION,0.0,2023-10-27 12:49:00,2023-10-27 12:55:00,7
ACTIVE_POWER_STATION,0.0,2023-10-28 10:57:00,2023-10-28 11:11:00,15
ACTIVE_POWER_STATION,0.0,2023-10-28 22:38:00,2023-10-28 22:49:00,12
ACTIVE_POWER_STATION,0.0,2023-10-29 02:21:00,2023-10-29 02:25:00,5
ACTIVE_POWER_STATION,0.0,2023-10-29 05:00:00,2023-10-29 05:09:00,10
ACTIVE_POWER_STATION,0.0,2023-10-29 05:37:00,2023-10-29 05:47:00,11
ACTIVE_POWER_STATION,0.0,2023-10-29 05:49:00,2023-10-29 05:53:00,5
ACTIVE_POWER_STATION,0.0,2023-10-29 09:21:00,2023-10-29 09:31:00,11
ACTIVE_POWER_STATION,0.0,2023-10-29 13:18:00,2023-10-29 13:21:00,4
ACTIVE_POWER_STATION,0.0,2023-10-29 14:26:00,2023-10-29 14:41:00,16
ACTIVE_POWER_STATION,0.0,2023-10-29 14:48:00,2023-10-29 15:14:00,27
ACTIVE_POWER_STATION,0.0,2023-10-30 08:10:00,2023-10-30 08:13:00,4
ACTIVE_POWER_STATION,0.0,2023-10-30 09:53:00,2023-10-30 10:03:00,11
ACTIVE_POWER_STATION,0.0,2023-10-30 10:07:00,2023-10-30 10:23:00,17
ACTIVE_POWER_STATION,0.0,2023-11-03 08:54:00,2023-11-03 09:05:00,12
ACTIVE_POWER_STATION,0.0,2023-11-03 22:39:00,2023-11-03 22:49:00,11
ACTIVE_POWER_STATION,0.0,2023-11-04 00:12:00,2023-11-04 00:16:00,5
ACTIVE_POWER_STATION,0.0,2023-11-07 18:49:00,2023-11-07 18:53:00,5
ACTIVE_POWER_STATION,0.0,2023-11-09 04:03:00,2023-11-09 04:10:00,8
ACTIVE_POWER_STATION,0.0,2023-11-09 09:04:00,2023-11-09 09:14:00,11
ACTIVE_POWER_STATION,0.0,2023-11-09 11:36:00,2023-11-09 11:40:00,5
ACTIVE_POWER_STATION,0.0,2023-11-13 18:21:00,2023-11-13 18:24:00,4
ACTIVE_POWER_STATION,0.0,2023-11-13 18:34:00,2023-11-13 18:37:00,4
ACTIVE_POWER_STATION,0.0,2023-11-13 21:35:00,2023-11-13 21:43:00,9
ACTIVE_POWER_STATION,0.0,2023-11-14 01:05:00,2023-11-14 01:09:00,5
ACTIVE_POWER_STATION,0.0,2023-11-14 06:58:00,2023-11-14 07:01:00,4
ACTIVE_POWER_STATION,0.0,2023-11-14 09:10:00,2023-11-14 09:13:00,4
ACTIVE_POWER_STATION,0.0,2023-11-14 10:04:00,2023-11-14 10:08:00,5
ACTIVE_POWER_STATION,0.0,2023-11-15 02:35:00,2023-11-15 02:40:00,6
ACTIVE_POWER_STATION,0.0,2023-11-15 02:42:00,2023-11-15 02:55:00,14
ACTIVE_POWER_STATION,0.0,2023-11-15 02:57:00,2023-11-15 03:04:00,8
ACTIVE_POWER_STATION,0.0,2023-11-15 03:35:00,2023-11-15 03:40:00,6
ACTIVE_POWER_STATION,0.0,2023-11-15 04:04:00,2023-11-15 04:07:00,4
ACTIVE_POWER_STATION,0.0,2023-11-15 04:47:00,2023-11-15 05:01:00,15
ACTIVE_POWER_STATION,0.0,2023-11-15 05:24:00,2023-11-15 05:29:00,6
ACTIVE_POWER_STATION,0.0,2023-11-15 20:03:00,2023-11-15 20:07:00,5
ACTIVE_POWER_STATION,0.0,2023-11-15 21:06:00,2023-11-15 21:09:00,4
ACTIVE_POWER_STATION,0.0,2023-11-16 01:27:00,2023-11-16 01:31:00,5
ACTIVE_POWER_STATION,0.0,2023-11-19 16:50:00,2023-11-19 16:56:00,7
ACTIVE_POWER_STATION,0.0,2023-11-19 17:27:00,2023-11-19 17:52:00,26
ACTIVE_POWER_STATION,0.0,2023-11-19 17:59:00,2023-11-19 18:06:00,8
ACTIVE_POWER_STATION,0.0,2023-11-19 18:13:00,2023-11-19 18:25:00,13
ACTIVE_POWER_STATION,0.0,2023-11-19 18:30:00,2023-11-19 18:38:00,9
ACTIVE_POWER_STATION,0.0,2023-11-19 18:40:00,2023-11-19 18:43:00,4
ACTIVE_POWER_STATION,0.0,2023-11-19 19:56:00,2023-11-19 20:05:00,10
ACTIVE_POWER_STATION,0.0,2023-11-19 20:11:00,2023-11-19 20:24:00,14
ACTIVE_POWER_STATION,0.0,2023-11-23 04:17:00,2023-11-23 04:22:00,6
ACTIVE_POWER_STATION,0.0,2023-11-23 08:11:00,2023-11-23 08:14:00,4
ACTIVE_POWER_STATION,0.0,2023-11-27 16:58:00,2023-11-27 17:01:00,4
ACTIVE_POWER_STATION,0.0,2023-11-27 17:04:00,2023-11-27 17:15:00,12
ACTIVE_POWER_STATION,0.0,2023-11-27 19:11:00,2023-11-27 19:14:00,4
ACTIVE_POWER_STATION,0.0,2023-11-27 19:41:00,2023-11-27 19:45:00,5
ACTIVE_POWER_STATION,0.0,2023-11-27 19:53:00,2023-11-27 20:41:00,49
ACTIVE_POWER_STATION,0.0,2023-11-28 20:07:00,2023-11-28 20:13:00,7
ACTIVE_POWER_STATION,0.0,2023-11-28 20:23:00,2023-11-28 20:27:00,5
ACTIVE_POWER_STATION,0.0,2023-12-02 17:09:00,2023-12-02 17:12:00,4
ACTIVE_POWER_STATION,0.0,2023-12-02 21:15:00,2023-12-02 21:18:00,4
ACTIVE_POWER_STATION,0.0,2023-12-02 22:40:00,2023-12-02 22:43:00,4
ACTIVE_POWER_STATION,0.0,2023-12-03 04:40:00,2023-12-03 04:44:00,5
ACTIVE_POWER_STATION,0.0,2023-12-04 01:04:00,2023-12-04 01:12:00,9
ACTIVE_POWER_STATION,0.0,2023-12-04 09:24:00,2023-12-04 09:28:00,5
ACTIVE_POWER_STATION,0.0,2023-12-04 09:43:00,2023-12-04 09:49:00,7
ACTIVE_POWER_STATION,0.0,2023-12-04 10:02:00,2023-12-04 10:08:00,7
ACTIVE_POWER_STATION,0.0,2023-12-04 10:22:00,2023-12-04 10:29:00,8
ACTIVE_POWER_STATION,0.0,2023-12-04 10:33:00,2023-12-04 10:37:00,5
ACTIVE_POWER_STATION,0.0,2023-12-04 10:42:00,2023-12-04 10:45:00,4
ACTIVE_POWER_STATION,0.0,2023-12-04 13:00:00,2023-12-04 13:03:00,4
ACTIVE_POWER_STATION,0.0,2023-12-04 16:09:00,2023-12-04 16:12:00,4
ACTIVE_POWER_STATION,0.0,2023-12-05 05:30:00,2023-12-05 05:40:00,11
ACTIVE_POWER_STATION,0.0,2023-12-05 14:18:00,2023-12-05 14:22:00,5
ACTIVE_POWER_STATION,0.0,2023-12-05 18:14:00,2023-12-05 18:17:00,4
ACTIVE_POWER_STATION,0.0,2023-12-09 06:39:00,2023-12-09 06:44:00,6
ACTIVE_POWER_STATION,0.0,2023-12-09 10:17:00,2023-12-09 10:24:00,8
ACTIVE_POWER_STATION,0.0,2023-12-09 10:29:00,2023-12-09 10:32:00,4
ACTIVE_POWER_STATION,0.0,2023-12-14 14:31:00,2023-12-14 14:34:00,4
ACTIVE_POWER_STATION,0.0,2023-12-14 18:13:00,2023-12-14 18:19:00,7
ACTIVE_POWER_STATION,0.0,2023-12-14 19:58:00,2023-12-14 20:04:00,7
ACTIVE_POWER_STATION,0.0,2023-12-14 20:08:00,2023-12-14 20:12:00,5
ACTIVE_POWER_STATION,0.0,2023-12-18 01:55:00,2023-12-18 02:03:00,9
ACTIVE_POWER_STATION,53.155403,2023-12-18 11:59:00,2023-12-18 12:02:00,4
ACTIVE_POWER_STATION,281.92532,2023-12-20 14:38:00,2023-12-20 14:41:00,4
ACTIVE_POWER_STATION,282.6878,2023-12-20 15:04:00,2023-12-20 15:07:00,4
ACTIVE_POWER_STATION,282.57855,2023-12-20 15:09:00,2023-12-20 15:12:00,4
ACTIVE_POWER_STATION,0.0,2023-12-25 14:02:00,2023-12-25 14:05:00,4
ACTIVE_POWER_STATION,0.0,2023-12-26 06:15:00,2023-12-26 06:18:00,4
ACTIVE_POWER_STATION,0.0,2023-12-26 06:20:00,2023-12-26 06:23:00,4
ACTIVE_POWER_STATION,0.0,2023-12-26 14:07:00,2023-12-26 14:10:00,4
ACTIVE_POWER_STATION,0.0,2023-12-27 03:16:00,2023-12-27 03:19:00,4
ACTIVE_POWER_STATION,0.0,2023-12-28 00:30:00,2023-12-28 00:35:00,6
ACTIVE_POWER_STATION,0.0,2023-12-28 00:37:00,2023-12-28 00:42:00,6
ACTIVE_POWER_STATION,0.0,2023-12-28 14:04:00,2023-12-28 14:09:00,6
ACTIVE_POWER_STATION,0.0,2023-12-28 14:17:00,2023-12-28 14:24:00,8
ACTIVE_POWER_STATION,0.0,2023-12-28 14:30:00,2023-12-28 14:38:00,9
ACTIVE_POWER_STATION,7.5332074,2023-12-28 17:38:00,2023-12-28 17:41:00,4
ACTIVE_POWER_STATION,0.0,2023-12-28 21:15:00,2023-12-28 21:19:00,5
ACTIVE_POWER_STATION,0.0,2023-12-28 21:26:00,2023-12-28 21:32:00,7
ACTIVE_POWER_STATION,0.0,2023-12-28 21:34:00,2023-12-28 21:41:00,8
ACTIVE_POWER_STATION,0.0,2023-12-28 22:05:00,2023-12-28 22:12:00,8
ACTIVE_POWER_STATION,-4.0260262,2023-12-29 14:29:00,2023-12-29 14:32:00,4
ACTIVE_POWER_STATION,9.378817,2023-12-29 15:53:00,2023-12-29 15:56:00,4
ACTIVE_POWER_STATION,0.0,2024-01-01 08:16:00,2024-01-01 08:23:00,8
ACTIVE_POWER_STATION,0.0,2024-01-01 15:37:00,2024-01-01 15:40:00,4
ACTIVE_POWER_STATION,0.0,2024-01-05 06:14:00,2024-01-05 06:20:00,7
ACTIVE_POWER_STATION,0.0,2024-01-05 06:28:00,2024-01-05 06:34:00,7
ACTIVE_POWER_STATION,0.0,2024-01-05 07:16:00,2024-01-05 07:25:00,10
ACTIVE_POWER_STATION,0.0,2024-01-05 14:09:00,2024-01-05 14:22:00,14
ACTIVE_POWER_STATION,0.0,2024-01-05 15:14:00,2024-01-05 15:40:00,27
ACTIVE_POWER_STATION,0.0,2024-01-05 17:07:00,2024-01-05 17:18:00,12
ACTIVE_POWER_STATION,0.0,2024-01-05 18:51:00,2024-01-05 19:09:00,19
ACTIVE_POWER_STATION,0.0,2024-01-05 20:09:00,2024-01-05 20:20:00,12
ACTIVE_POWER_STATION,0.0,2024-01-06 07:22:00,2024-01-06 07:37:00,16
ACTIVE_POWER_STATION,0.0,2024-01-06 12:28:00,2024-01-06 12:48:00,21
ACTIVE_POWER_STATION,0.0,2024-01-07 20:40:00,2024-01-07 20:43:00,4
ACTIVE_POWER_STATION,0.0,2024-01-08 04:54:00,2024-01-08 04:58:00,5
ACTIVE_POWER_STATION,0.0,2024-01-08 07:40:00,2024-01-08 07:43:00,4
ACTIVE_POWER_STATION,0.0,2024-01-08 10:13:00,2024-01-08 10:16:00,4
ACTIVE_POWER_STATION,0.0,2024-01-08 22:47:00,2024-01-08 22:50:00,4
ACTIVE_POWER_STATION,0.0,2024-01-08 22:55:00,2024-01-08 23:10:00,16
ACTIVE_POWER_STATION,0.0,2024-01-09 12:52:00,2024-01-09 12:57:00,6
ACTIVE_POWER_STATION,0.0,2024-01-09 13:08:00,2024-01-09 13:12:00,5
ACTIVE_POWER_STATION,0.0,2024-01-09 14:09:00,2024-01-09 14:14:00,6
ACTIVE_POWER_STATION,0.0,2024-01-10 22:22:00,2024-01-10 22:27:00,6
ACTIVE_POWER_STATION,0.0,2024-01-12 07:29:00,2024-01-12 07:33:00,5
ACTIVE_POWER_STATION,0.0,2024-01-12 08:36:00,2024-01-12 08:45:00,10
ACTIVE_POWER_STATION,0.0,2024-01-13 02:45:00,2024-01-13 02:48:00,4
ACTIVE_POWER_STATION,0.0,2024-01-13 06:51:00,2024-01-13 06:54:00,4
ACTIVE_POWER_STATION,0.0,2024-01-13 06:56:00,2024-01-13 07:00:00,5
ACTIVE_POWER_STATION,0.0,2024-01-13 10:40:00,2024-01-13 10:46:00,7
ACTIVE_POWER_STATION,287.1995,2024-01-14 02:01:00,2024-01-14 02:04:00,4
ACTIVE_POWER_STATION,287.10272,2024-01-14 02:07:00,2024-01-14 02:10:00,4
ACTIVE_POWER_STATION,287.00516,2024-01-14 02:41:00,2024-01-14 02:46:00,6
ACTIVE_POWER_STATION,287.45377,2024-01-14 03:17:00,2024-01-14 03:21:00,5
ACTIVE_POWER_STATION,0.0,2024-01-15 17:51:00,2024-01-15 17:56:00,6
ACTIVE_POWER_STATION,0.0,2024-01-15 19:37:00,2024-01-15 19:42:00,6
ACTIVE_POWER_STATION,283.31158,2024-01-18 14:32:00,2024-01-18 14:35:00,4
ACTIVE_POWER_STATION,0.0,2024-01-25 11:22:00,2024-01-25 11:26:00,5
ACTIVE_POWER_STATION,0.0,2024-01-25 13:14:00,2024-01-25 14:19:00,66
ACTIVE_POWER_STATION,0.0,2024-01-25 14:21:00,2024-01-25 14:24:00,4
ACTIVE_POWER_STATION,0.0,2024-01-25 14:26:00,2024-01-25 14:55:00,30
ACTIVE_POWER_STATION,0.0,2024-01-25 14:57:00,2024-01-25 15:06:00,10
ACTIVE_POWER_STATION,0.0,2024-01-25 15:11:00,2024-01-25 15:16:00,6
ACTIVE_POWER_STATION,0.0,2024-01-26 05:04:00,2024-01-26 05:07:00,4
ACTIVE_POWER_STATION,0.0,2024-01-26 09:10:00,2024-01-26 10:07:00,58
ACTIVE_POWER_STATION,0.0,2024-01-26 10:09:00,2024-01-26 10:16:00,8
ACTIVE_POWER_STATION,0.0,2024-01-26 10:19:00,2024-01-26 10:23:00,5
ACTIVE_POWER_STATION,0.0,2024-01-26 10:26:00,2024-01-26 10:38:00,13
ACTIVE_POWER_STATION,0.0,2024-01-26 10:40:00,2024-01-26 11:10:00,30
ACTIVE_POWER_STATION,0.0,2024-01-26 11:12:00,2024-01-26 11:18:00,7
ACTIVE_POWER_STATION,0.0,2024-01-26 11:20:00,2024-01-26 11:23:00,4
ACTIVE_POWER_STATION,0.0,2024-01-26 11:27:00,2024-01-26 12:37:00,71
ACTIVE_POWER_STATION,0.0,2024-01-26 12:39:00,2024-01-26 12:58:00,20
ACTIVE_POWER_STATION,0.0,2024-01-26 13:00:00,2024-01-26 14:05:00,66
ACTIVE_POWER_STATION,0.0,2024-01-26 14:07:00,2024-01-26 14:22:00,16
ACTIVE_POWER_STATION,0.0,2024-01-26 14:28:00,2024-01-26 14:31:00,4
ACTIVE_POWER_STATION,0.0,2024-01-27 08:38:00,2024-01-27 08:42:00,5
ACTIVE_POWER_STATION,0.0,2024-01-27 08:53:00,2024-01-27 09:06:00,14
ACTIVE_POWER_STATION,0.0,2024-01-27 09:10:00,2024-01-27 09:15:00,6
ACTIVE_POWER_STATION,0.0,2024-01-27 09:20:00,2024-01-27 09:36:00,17
ACTIVE_POWER_STATION,0.0,2024-01-27 09:38:00,2024-01-27 09:42:00,5
ACTIVE_POWER_STATION,0.0,2024-01-27 09:44:00,2024-01-27 09:51:00,8
ACTIVE_POWER_STATION,0.0,2024-01-27 09:53:00,2024-01-27 10:05:00,13
ACTIVE_POWER_STATION,0.0,2024-01-27 10:13:00,2024-01-27 10:17:00,5
ACTIVE_POWER_STATION,0.0,2024-01-27 10:19:00,2024-01-27 10:28:00,10
ACTIVE_POWER_STATION,0.0,2024-01-27 10:30:00,2024-01-27 10:34:00,5
ACTIVE_POWER_STATION,0.0,2024-01-27 10:36:00,2024-01-27 10:39:00,4
ACTIVE_POWER_STATION,0.0,2024-01-27 10:59:00,2024-01-27 11:03:00,5
ACTIVE_POWER_STATION,0.0,2024-01-27 11:06:00,2024-01-27 11:10:00,5
ACTIVE_POWER_STATION,0.0,2024-01-27 11:21:00,2024-01-27 11:29:00,9
ACTIVE_POWER_STATION,0.0,2024-01-27 11:31:00,2024-01-27 11:34:00,4
ACTIVE_POWER_STATION,0.0,2024-01-27 11:38:00,2024-01-27 11:43:00,6
ACTIVE_POWER_STATION,0.0,2024-01-27 11:47:00,2024-01-27 11:50:00,4
ACTIVE_POWER_STATION,0.0,2024-01-27 11:54:00,2024-01-27 11:58:00,5
ACTIVE_POWER_STATION,0.0,2024-01-27 12:18:00,2024-01-27 12:22:00,5
ACTIVE_POWER_STATION,0.0,2024-01-27 12:29:00,2024-01-27 12:35:00,7
ACTIVE_POWER_STATION,0.0,2024-01-27 12:42:00,2024-01-27 12:46:00,5
ACTIVE_POWER_STATION,0.0,2024-01-27 12:54:00,2024-01-27 13:01:00,8
ACTIVE_POWER_STATION,0.0,2024-01-27 13:03:00,2024-01-27 14:57:00,115
ACTIVE_POWER_STATION,0.0,2024-01-27 14:59:00,2024-01-27 15:07:00,9
ACTIVE_POWER_STATION,0.0,2024-01-27 15:09:00,2024-01-27 15:13:00,5
ACTIVE_POWER_STATION,0.0,2024-01-27 15:15:00,2024-01-27 15:19:00,5
ACTIVE_POWER_STATION,0.0,2024-01-27 22:20:00,2024-01-27 22:24:00,5
ACTIVE_POWER_STATION,0.0,2024-01-27 22:29:00,2024-01-27 22:32:00,4
ACTIVE_POWER_STATION,0.0,2024-01-27 23:32:00,2024-01-27 23:35:00,4
ACTIVE_POWER_STATION,0.0,2024-01-28 03:08:00,2024-01-28 03:17:00,10
ACTIVE_POWER_STATION,0.0,2024-01-28 03:39:00,2024-01-28 03:45:00,7
ACTIVE_POWER_STATION,0.0,2024-01-28 03:49:00,2024-01-28 03:53:00,5
ACTIVE_POWER_STATION,0.0,2024-01-28 04:01:00,2024-01-28 04:07:00,7
ACTIVE_POWER_STATION,0.0,2024-01-28 04:09:00,2024-01-28 04:17:00,9
ACTIVE_POWER_STATION,0.0,2024-01-28 04:21:00,2024-01-28 04:30:00,10
ACTIVE_POWER_STATION,0.0,2024-01-28 04:40:00,2024-01-28 04:43:00,4
ACTIVE_POWER_STATION,0.0,2024-01-28 09:14:00,2024-01-28 09:24:00,11
ACTIVE_POWER_STATION,0.0,2024-01-28 09:26:00,2024-01-28 09:31:00,6
ACTIVE_POWER_STATION,0.0,2024-01-28 09:33:00,2024-01-28 15:07:00,335
ACTIVE_POWER_STATION,0.0,2024-01-28 15:14:00,2024-01-28 15:17:00,4
ACTIVE_POWER_STATION,0.0,2024-01-28 15:19:00,2024-01-28 15:25:00,7
ACTIVE_POWER_STATION,0.0,2024-01-28 15:30:00,2024-01-28 15:35:00,6
ACTIVE_POWER_STATION,0.0,2024-01-29 00:10:00,2024-01-29 00:13:00,4
ACTIVE_POWER_STATION,0.0,2024-01-29 08:22:00,2024-01-29 08:26:00,5
ACTIVE_POWER_STATION,0.0,2024-01-29 09:20:00,2024-01-29 09:26:00,7
ACTIVE_POWER_STATION,0.0,2024-01-29 09:37:00,2024-01-29 09:42:00,6
ACTIVE_POWER_STATION,0.0,2024-01-29 09:48:00,2024-01-29 09:51:00,4
ACTIVE_POWER_STATION,0.0,2024-01-29 09:57:00,2024-01-29 10:01:00,5
ACTIVE_POWER_STATION,0.0,2024-01-29 10:06:00,2024-01-29 10:10:00,5
ACTIVE_POWER_STATION,0.0,2024-01-29 10:12:00,2024-01-29 10:15:00,4
ACTIVE_POWER_STATION,0.0,2024-01-29 10:17:00,2024-01-29 10:28:00,12
ACTIVE_POWER_STATION,0.0,2024-01-29 10:47:00,2024-01-29 12:26:00,100
ACTIVE_POWER_STATION,0.0,2024-01-29 12:28:00,2024-01-30 17:49:00,1762
ACTIVE_POWER_STATION,0.0,2024-01-30 17:51:00,2024-01-30 17:55:00,5
ACTIVE_POWER_STATION,0.0,2024-01-30 17:57:00,2024-01-30 18:04:00,8
ACTIVE_POWER_STATION,0.0,2024-01-30 18:09:00,2024-01-30 18:21:00,13
ACTIVE_POWER_STATION,0.0,2024-01-30 18:23:00,2024-01-30 18:38:00,16
ACTIVE_POWER_STATION,0.0,2024-01-30 18:40:00,2024-01-30 18:43:00,4
ACTIVE_POWER_STATION,0.0,2024-01-30 18:46:00,2024-01-30 18:51:00,6
ACTIVE_POWER_STATION,0.0,2024-01-30 18:58:00,2024-01-30 19:02:00,5
ACTIVE_POWER_STATION,0.0,2024-01-30 20:08:00,2024-01-30 20:12:00,5
ACTIVE_POWER_STATION,0.0,2024-01-31 05:54:00,2024-01-31 05:58:00,5
ACTIVE_POWER_STATION,0.0,2024-01-31 06:14:00,2024-01-31 06:17:00,4
ACTIVE_POWER_STATION,0.0,2024-01-31 18:21:00,2024-01-31 18:24:00,4
ACTIVE_POWER_STATION,0.0,2024-01-31 18:33:00,2024-01-31 18:36:00,4
ACTIVE_POWER_STATION,0.0,2024-01-31 18:38:00,2024-01-31 18:48:00,11
ACTIVE_POWER_STATION,0.0,2024-01-31 18:52:00,2024-01-31 18:58:00,7
ACTIVE_POWER_STATION,0.0,2024-01-31 19:01:00,2024-02-01 10:06:00,906
ACTIVE_POWER_STATION,0.0,2024-02-01 10:08:00,2024-02-01 10:22:00,15
ACTIVE_POWER_STATION,0.0,2024-02-01 10:24:00,2024-02-01 12:02:00,99
ACTIVE_POWER_STATION,0.0,2024-02-01 12:04:00,2024-02-01 12:13:00,10
ACTIVE_POWER_STATION,0.0,2024-02-01 12:15:00,2024-02-01 12:32:00,18
ACTIVE_POWER_STATION,0.0,2024-02-01 12:34:00,2024-02-01 13:47:00,74
ACTIVE_POWER_STATION,0.0,2024-02-01 13:49:00,2024-02-01 15:06:00,78
ACTIVE_POWER_STATION,0.0,2024-02-01 15:08:00,2024-02-01 23:29:00,502
ACTIVE_POWER_STATION,0.0,2024-02-01 23:31:00,2024-02-02 04:02:00,272
ACTIVE_POWER_STATION,0.0,2024-02-02 04:04:00,2024-02-02 07:37:00,214
ACTIVE_POWER_STATION,0.0,2024-02-02 07:39:00,2024-02-02 16:35:00,537
ACTIVE_POWER_STATION,0.0,2024-02-09 07:17:00,2024-02-09 07:22:00,6
ACTIVE_POWER_STATION,0.0,2024-02-09 08:10:00,2024-02-09 08:15:00,6
ACTIVE_POWER_STATION,0.0,2024-02-09 12:36:00,2024-02-09 12:44:00,9
ACTIVE_POWER_STATION,0.0,2024-02-09 14:28:00,2024-02-09 14:42:00,15
ACTIVE_POWER_STATION,0.0,2024-02-09 15:40:00,2024-02-09 15:44:00,5
ACTIVE_POWER_STATION,0.0,2024-02-09 18:15:00,2024-02-09 18:21:00,7
ACTIVE_POWER_STATION,0.0,2024-02-09 19:00:00,2024-02-09 19:07:00,8
ACTIVE_POWER_STATION,0.0,2024-02-10 09:27:00,2024-02-10 09:30:00,4
ACTIVE_POWER_STATION,0.0,2024-02-10 09:45:00,2024-02-10 10:04:00,20
ACTIVE_POWER_STATION,0.0,2024-02-10 10:40:00,2024-02-10 10:43:00,4
ACTIVE_POWER_STATION,0.0,2024-02-10 10:45:00,2024-02-10 10:54:00,10
ACTIVE_POWER_STATION,0.0,2024-02-10 13:06:00,2024-02-10 13:54:00,49
ACTIVE_POWER_STATION,0.0,2024-02-10 14:26:00,2024-02-10 14:30:00,5
ACTIVE_POWER_STATION,0.0,2024-02-10 14:52:00,2024-02-10 14:56:00,5
ACTIVE_POWER_STATION,0.0,2024-02-11 01:14:00,2024-02-11 01:20:00,7
ACTIVE_POWER_STATION,0.0,2024-02-11 02:32:00,2024-02-11 02:40:00,9
ACTIVE_POWER_STATION,0.0,2024-02-11 02:42:00,2024-02-11 02:47:00,6
ACTIVE_POWER_STATION,0.0,2024-02-11 03:00:00,2024-02-11 03:03:00,4
ACTIVE_POWER_STATION,0.0,2024-02-11 08:56:00,2024-02-11 09:00:00,5
ACTIVE_POWER_STATION,0.0,2024-02-11 09:38:00,2024-02-11 09:51:00,14
ACTIVE_POWER_STATION,0.0,2024-02-11 09:59:00,2024-02-11 10:11:00,13
ACTIVE_POWER_STATION,0.0,2024-02-11 20:10:00,2024-02-11 20:13:00,4
ACTIVE_POWER_STATION,217.72952,2024-02-12 20:18:00,2024-02-12 20:21:00,4
ACTIVE_POWER_STATION,0.0,2024-02-14 10:57:00,2024-02-14 11:03:00,7
ACTIVE_POWER_STATION,0.0,2024-02-14 11:21:00,2024-02-14 11:28:00,8
ACTIVE_POWER_STATION,0.0,2024-02-14 12:28:00,2024-02-14 12:45:00,18
ACTIVE_POWER_STATION,0.0,2024-02-14 12:52:00,2024-02-14 13:03:00,12
ACTIVE_POWER_STATION,0.0,2024-02-14 19:27:00,2024-02-14 19:30:00,4
ACTIVE_POWER_STATION,0.0,2024-02-16 06:31:00,2024-02-16 06:38:00,8
ACTIVE_POWER_STATION,0.0,2024-02-16 06:47:00,2024-02-16 06:50:00,4
ACTIVE_POWER_STATION,0.0,2024-02-16 07:05:00,2024-02-16 07:12:00,8
ACTIVE_POWER_STATION,0.0,2024-02-16 07:36:00,2024-02-16 07:44:00,9
ACTIVE_POWER_STATION,0.0,2024-02-16 08:02:00,2024-02-16 08:12:00,11
ACTIVE_POWER_STATION,0.0,2024-02-16 14:38:00,2024-02-16 14:49:00,12
ACTIVE_POWER_STATION,0.0,2024-02-16 15:44:00,2024-02-16 15:52:00,9
ACTIVE_POWER_STATION,0.0,2024-02-16 15:54:00,2024-02-16 16:03:00,10
ACTIVE_POWER_STATION,91.00392,2024-02-26 10:01:00,2024-02-26 10:04:00,4
ACTIVE_POWER_STATION,83.5399,2024-02-26 10:13:00,2024-02-26 10:16:00,4
ACTIVE_POWER_STATION,0.0,2024-02-27 13:01:00,2024-02-27 13:05:00,5
ACTIVE_POWER_STATION,0.0,2024-02-27 13:07:00,2024-02-27 13:10:00,4
ACTIVE_POWER_STATION,0.0,2024-02-27 13:23:00,2024-02-27 13:36:00,14
ACTIVE_POWER_STATION,0.0,2024-02-27 15:26:00,2024-02-27 15:29:00,4
ACTIVE_POWER_STATION,0.0,2024-02-27 16:15:00,2024-02-27 16:18:00,4
ACTIVE_POWER_STATION,85.22584,2024-02-28 10:54:00,2024-02-28 10:57:00,4
ACTIVE_POWER_STATION,271.47037,2024-02-29 13:59:00,2024-02-29 14:03:00,5
ACTIVE_POWER_STATION,0.0,2024-03-02 00:24:00,2024-03-02 00:33:00,10
ACTIVE_POWER_STATION,0.0,2024-03-02 00:48:00,2024-03-02 00:52:00,5
ACTIVE_POWER_STATION,281.5054,2024-03-04 10:38:00,2024-03-04 10:42:00,5
ACTIVE_POWER_STATION,0.0,2024-03-07 05:24:00,2024-03-07 05:28:00,5
ACTIVE_POWER_STATION,0.0,2024-03-07 12:40:00,2024-03-07 12:43:00,4
ACTIVE_POWER_STATION,0.0,2024-03-07 19:20:00,2024-03-07 19:24:00,5
ACTIVE_POWER_STATION,0.0,2024-03-09 10:28:00,2024-03-09 10:32:00,5
ACTIVE_POWER_STATION,0.0,2024-03-09 10:36:00,2024-03-09 10:42:00,7
ACTIVE_POWER_STATION,0.0,2024-03-09 11:00:00,2024-03-09 11:03:00,4
ACTIVE_POWER_STATION,-4.0725937,2024-03-09 16:55:00,2024-03-09 17:00:00,6
ACTIVE_POWER_STATION,0.0,2024-03-09 19:11:00,2024-03-09 19:14:00,4
ACTIVE_POWER_STATION,0.0,2024-03-11 15:07:00,2024-03-11 15:11:00,5
ACTIVE_POWER_STATION,0.0,2024-03-11 16:10:00,2024-03-11 16:15:00,6
ACTIVE_POWER_STATION,0.0,2024-03-11 16:17:00,2024-03-11 16:20:00,4
ACTIVE_POWER_STATION,0.0,2024-03-11 16:40:00,2024-03-11 16:43:00,4
ACTIVE_POWER_STATION,0.0,2024-03-11 17:12:00,2024-03-11 17:15:00,4
ACTIVE_POWER_STATION,0.0,2024-03-11 17:26:00,2024-03-11 17:30:00,5
ACTIVE_POWER_STATION,0.0,2024-03-12 21:23:00,2024-03-12 21:26:00,4
ACTIVE_POWER_STATION,0.0,2024-03-13 06:04:00,2024-03-13 06:08:00,5
ACTIVE_POWER_STATION,0.0,2024-03-13 13:02:00,2024-03-13 13:12:00,11
ACTIVE_POWER_STATION,0.0,2024-03-13 13:36:00,2024-03-13 13:50:00,15
ACTIVE_POWER_STATION,0.0,2024-03-14 15:59:00,2024-03-14 16:02:00,4
ACTIVE_POWER_STATION,0.0,2024-03-14 16:14:00,2024-03-14 16:17:00,4
ACTIVE_POWER_STATION,0.0,2024-03-14 23:48:00,2024-03-14 23:51:00,4
ACTIVE_POWER_STATION,0.0,2024-03-15 00:20:00,2024-03-15 00:25:00,6
ACTIVE_POWER_STATION,0.0,2024-03-16 14:41:00,2024-03-16 14:48:00,8
ACTIVE_POWER_STATION,0.0,2024-03-18 19:29:00,2024-03-18 19:34:00,6
ACTIVE_POWER_STATION,0.0,2024-03-20 16:29:00,2024-03-20 16:33:00,5
ACTIVE_POWER_STATION,0.0,2024-03-20 22:51:00,2024-03-20 22:54:00,4
ACTIVE_POWER_STATION,0.0,2024-03-22 23:21:00,2024-03-22 23:27:00,7
ACTIVE_POWER_STATION,0.0,2024-03-28 05:39:00,2024-03-28 05:44:00,6
ACTIVE_POWER_STATION,0.0,2024-03-29 13:43:00,2024-03-29 13:53:00,11
ACTIVE_POWER_STATION,0.0,2024-03-29 14:04:00,2024-03-29 14:09:00,6
ACTIVE_POWER_STATION,35.038277,2024-03-29 15:28:00,2024-03-29 15:31:00,4
ACTIVE_POWER_STATION,282.76724,2024-03-30 00:42:00,2024-03-30 00:45:00,4
ACTIVE_POWER_STATION,282.921,2024-03-30 01:18:00,2024-03-30 01:21:00,4
ACTIVE_POWER_STATION,0.0,2024-04-02 23:37:00,2024-04-02 23:41:00,5
ACTIVE_POWER_STATION,0.0,2024-04-03 22:23:00,2024-04-03 22:26:00,4
ACTIVE_POWER_STATION,0.0,2024-04-05 15:00:00,2024-04-05 15:10:00,11
ACTIVE_POWER_STATION,0.0,2024-04-05 17:20:00,2024-04-05 17:30:00,11
ACTIVE_POWER_STATION,0.0,2024-04-05 18:22:00,2024-04-05 18:33:00,12
ACTIVE_POWER_STATION,0.0,2024-04-05 18:44:00,2024-04-05 18:47:00,4
ACTIVE_POWER_STATION,0.0,2024-04-06 01:57:00,2024-04-06 02:02:00,6
ACTIVE_POWER_STATION,0.0,2024-04-06 12:34:00,2024-04-06 12:41:00,8
ACTIVE_POWER_STATION,0.0,2024-04-06 13:12:00,2024-04-06 13:19:00,8
ACTIVE_POWER_STATION,0.0,2024-04-06 13:34:00,2024-04-06 13:37:00,4
ACTIVE_POWER_STATION,0.0,2024-04-06 13:52:00,2024-04-06 13:58:00,7
ACTIVE_POWER_STATION,0.0,2024-04-06 14:15:00,2024-04-06 14:21:00,7
ACTIVE_POWER_STATION,0.0,2024-04-07 08:53:00,2024-04-07 08:56:00,4
ACTIVE_POWER_STATION,0.0,2024-04-07 11:59:00,2024-04-07 12:02:00,4
ACTIVE_POWER_STATION,0.0,2024-04-07 12:45:00,2024-04-07 12:49:00,5
ACTIVE_POWER_STATION,0.0,2024-04-08 04:36:00,2024-04-08 04:39:00,4
ACTIVE_POWER_STATION,0.0,2024-04-08 04:48:00,2024-04-08 04:52:00,5
ACTIVE_POWER_STATION,125.080795,2024-04-09 01:16:00,2024-04-09 01:30:00,15
ACTIVE_POWER_STATION,0.0,2024-04-09 14:08:00,2024-04-09 14:12:00,5
ACTIVE_POWER_STATION,0.0,2024-04-09 15:34:00,2024-04-09 15:37:00,4
ACTIVE_POWER_STATION,0.0,2024-04-09 15:56:00,2024-04-09 16:00:00,5
ACTIVE_POWER_STATION,0.0,2024-04-09 16:02:00,2024-04-09 16:06:00,5
ACTIVE_POWER_STATION,60.45677,2024-04-10 12:13:00,2024-04-10 12:16:00,4
ACTIVE_POWER_STATION,287.2376,2024-04-14 14:50:00,2024-04-14 15:14:00,25
ACTIVE_POWER_STATION,286.45737,2024-04-14 15:15:00,2024-04-14 15:18:00,4
ACTIVE_POWER_STATION,287.03198,2024-04-14 15:37:00,2024-04-14 15:40:00,4
ACTIVE_POWER_STATION,0.0,2024-04-15 12:38:00,2024-04-15 12:42:00,5
ACTIVE_POWER_STATION,0.0,2024-04-15 13:16:00,2024-04-15 13:19:00,4
ACTIVE_POWER_STATION,0.0,2024-04-15 13:41:00,2024-04-15 13:44:00,4
ACTIVE_POWER_STATION,0.0,2024-04-16 09:05:00,2024-04-16 09:15:00,11
ACTIVE_POWER_STATION,0.0,2024-04-17 19:32:00,2024-04-17 19:35:00,4
ACTIVE_POWER_STATION,0.0,2024-04-18 02:30:00,2024-04-18 02:37:00,8
ACTIVE_POWER_STATION,0.0,2024-04-18 02:39:00,2024-04-18 02:46:00,8
ACTIVE_POWER_STATION,0.0,2024-04-18 03:56:00,2024-04-18 04:03:00,8
ACTIVE_POWER_STATION,0.0,2024-04-18 05:17:00,2024-04-18 05:24:00,8
ACTIVE_POWER_STATION,0.0,2024-04-18 14:54:00,2024-04-18 14:58:00,5
ACTIVE_POWER_STATION,0.0,2024-04-18 19:33:00,2024-04-18 19:36:00,4
ACTIVE_POWER_STATION,0.0,2024-04-22 04:06:00,2024-04-22 04:09:00,4
ACTIVE_POWER_STATION,0.0,2024-04-22 05:46:00,2024-04-22 05:49:00,4
ACTIVE_POWER_STATION,0.0,2024-04-22 08:18:00,2024-04-22 08:31:00,14
ACTIVE_POWER_STATION,0.0,2024-04-22 08:46:00,2024-04-22 09:03:00,18
ACTIVE_POWER_STATION,0.0,2024-04-22 09:07:00,2024-04-22 09:15:00,9
ACTIVE_POWER_STATION,0.0,2024-04-22 09:56:00,2024-04-22 10:08:00,13
ACTIVE_POWER_STATION,-4.1128488,2024-04-22 14:30:00,2024-04-22 14:34:00,5
ACTIVE_POWER_STATION,0.0,2024-04-22 15:02:00,2024-04-22 15:06:00,5
ACTIVE_POWER_STATION,0.0,2024-04-22 23:51:00,2024-04-22 23:56:00,6
ACTIVE_POWER_STATION,0.0,2024-04-23 00:11:00,2024-04-23 00:14:00,4
ACTIVE_POWER_STATION,0.0,2024-04-23 00:54:00,2024-04-23 00:59:00,6
ACTIVE_POWER_STATION,0.0,2024-04-23 02:14:00,2024-04-23 02:18:00,5
ACTIVE_POWER_STATION,0.0,2024-04-23 08:31:00,2024-04-23 08:48:00,18
ACTIVE_POWER_STATION,0.0,2024-04-23 09:45:00,2024-04-23 09:49:00,5
ACTIVE_POWER_STATION,-0.68958855,2024-04-23 10:06:00,2024-04-23 10:12:00,7
ACTIVE_POWER_STATION,0.0,2024-04-23 10:53:00,2024-04-23 10:57:00,5
ACTIVE_POWER_STATION,0.0,2024-04-23 11:01:00,2024-04-23 11:11:00,11
ACTIVE_POWER_STATION,0.0,2024-04-23 15:52:00,2024-04-23 16:04:00,13
ACTIVE_POWER_STATION,0.0,2024-04-23 16:22:00,2024-04-23 16:25:00,4
ACTIVE_POWER_STATION,0.0,2024-04-24 12:46:00,2024-04-24 12:49:00,4
ACTIVE_POWER_STATION,0.0,2024-04-24 18:32:00,2024-04-24 18:38:00,7
ACTIVE_POWER_STATION,0.0,2024-04-24 18:45:00,2024-04-24 18:53:00,9
ACTIVE_POWER_STATION,0.0,2024-04-24 19:01:00,2024-04-24 19:04:00,4
ACTIVE_POWER_STATION,100.15015,2024-04-26 17:41:00,2024-04-26 17:48:00,8
ACTIVE_POWER_STATION,0.0,2024-04-27 05:33:00,2024-04-27 05:36:00,4
ACTIVE_POWER_STATION,0.0,2024-04-27 06:19:00,2024-04-27 06:24:00,6
ACTIVE_POWER_STATION,0.0,2024-04-27 07:44:00,2024-04-27 07:52:00,9
ACTIVE_POWER_STATION,0.0,2024-05-01 15:58:00,2024-05-01 16:06:00,9
ACTIVE_POWER_STATION,0.0,2024-05-01 22:37:00,2024-05-01 22:41:00,5
ACTIVE_POWER_STATION,0.0,2024-05-02 02:40:00,2024-05-02 02:45:00,6
ACTIVE_POWER_STATION,0.0,2024-05-02 03:04:00,2024-05-02 03:07:00,4
ACTIVE_POWER_STATION,0.0,2024-05-02 03:22:00,2024-05-02 03:30:00,9
ACTIVE_POWER_STATION,0.0,2024-05-02 04:00:00,2024-05-02 04:06:00,7
ACTIVE_POWER_STATION,0.0,2024-05-02 04:36:00,2024-05-02 04:39:00,4
ACTIVE_POWER_STATION,0.0,2024-05-02 05:30:00,2024-05-02 05:33:00,4
ACTIVE_POWER_STATION,0.0,2024-05-02 06:51:00,2024-05-02 06:55:00,5
ACTIVE_POWER_STATION,0.0,2024-05-02 07:58:00,2024-05-02 08:05:00,8
ACTIVE_POWER_STATION,0.0,2024-05-02 08:33:00,2024-05-02 08:46:00,14
ACTIVE_POWER_STATION,0.0,2024-05-02 08:52:00,2024-05-02 08:58:00,7
ACTIVE_POWER_STATION,0.0,2024-05-02 11:00:00,2024-05-02 11:03:00,4
ACTIVE_POWER_STATION,0.0,2024-05-02 16:14:00,2024-05-02 16:21:00,8
ACTIVE_POWER_STATION,0.0,2024-05-02 16:59:00,2024-05-02 17:05:00,7
ACTIVE_POWER_STATION,0.0,2024-05-02 17:45:00,2024-05-02 18:06:00,22
ACTIVE_POWER_STATION,0.0,2024-05-02 18:16:00,2024-05-02 18:22:00,7
ACTIVE_POWER_STATION,0.0,2024-05-02 18:34:00,2024-05-02 18:38:00,5
ACTIVE_POWER_STATION,0.0,2024-05-02 19:09:00,2024-05-02 19:18:00,10
ACTIVE_POWER_STATION,0.0,2024-05-02 19:37:00,2024-05-02 19:49:00,13
ACTIVE_POWER_STATION,0.0,2024-05-02 19:51:00,2024-05-02 19:56:00,6
ACTIVE_POWER_STATION,0.0,2024-05-02 20:05:00,2024-05-02 20:16:00,12
ACTIVE_POWER_STATION,0.0,2024-05-02 22:17:00,2024-05-02 22:25:00,9
ACTIVE_POWER_STATION,0.0,2024-05-03 00:36:00,2024-05-03 00:43:00,8
ACTIVE_POWER_STATION,0.0,2024-05-03 00:51:00,2024-05-03 00:55:00,5
ACTIVE_POWER_STATION,0.0,2024-05-03 05:05:00,2024-05-03 05:17:00,13
ACTIVE_POWER_STATION,0.0,2024-05-03 05:19:00,2024-05-03 05:24:00,6
ACTIVE_POWER_STATION,0.0,2024-05-03 09:55:00,2024-05-03 10:12:00,18
ACTIVE_POWER_STATION,0.0,2024-05-03 10:25:00,2024-05-03 10:31:00,7
ACTIVE_POWER_STATION,0.0,2024-05-03 10:57:00,2024-05-03 11:08:00,12
ACTIVE_POWER_STATION,0.0,2024-05-03 12:21:00,2024-05-03 12:26:00,6
ACTIVE_POWER_STATION,0.0,2024-05-03 12:28:00,2024-05-03 12:40:00,13
ACTIVE_POWER_STATION,0.0,2024-05-03 13:21:00,2024-05-03 13:26:00,6
ACTIVE_POWER_STATION,0.0,2024-05-03 14:12:00,2024-05-03 14:20:00,9
ACTIVE_POWER_STATION,0.0,2024-05-05 22:11:00,2024-05-05 22:19:00,9
ACTIVE_POWER_STATION,0.0,2024-05-05 22:42:00,2024-05-05 22:46:00,5
ACTIVE_POWER_STATION,0.0,2024-05-06 13:02:00,2024-05-06 13:10:00,9
ACTIVE_POWER_STATION,100.09329,2024-05-06 16:46:00,2024-05-06 16:50:00,4
ACTIVE_POWER_STATION,0.0,2024-05-06 21:04:00,2024-05-06 21:14:00,11
ACTIVE_POWER_STATION,0.0,2024-05-07 13:30:00,2024-05-07 13:39:00,10
ACTIVE_POWER_STATION,0.0,2024-05-07 13:41:00,2024-05-07 13:45:00,5
ACTIVE_POWER_STATION,0.0,2024-05-07 14:25:00,2024-05-07 14:34:00,10
ACTIVE_POWER_STATION,0.0,2024-05-07 14:36:00,2024-05-07 14:45:00,10
ACTIVE_POWER_STATION,0.0,2024-05-07 15:25:00,2024-05-07 15:28:00,4
ACTIVE_POWER_STATION,0.0,2024-05-08 00:32:00,2024-05-08 00:36:00,5
ACTIVE_POWER_STATION,0.0,2024-05-08 01:08:00,2024-05-08 01:20:00,13
ACTIVE_POWER_STATION,0.0,2024-05-08 02:23:00,2024-05-08 02:28:00,6
ACTIVE_POWER_STATION,0.0,2024-05-08 14:08:00,2024-05-08 14:14:00,7
ACTIVE_POWER_STATION,0.0,2024-05-08 14:28:00,2024-05-08 14:32:00,5
ACTIVE_POWER_STATION,0.0,2024-05-08 14:38:00,2024-05-08 14:43:00,6
ACTIVE_POWER_STATION,0.0,2024-05-08 14:49:00,2024-05-08 14:53:00,5
ACTIVE_POWER_STATION,0.0,2024-05-09 04:31:00,2024-05-09 04:41:00,11
ACTIVE_POWER_STATION,0.0,2024-05-09 07:17:00,2024-05-09 07:21:00,5
ACTIVE_POWER_STATION,0.0,2024-05-09 08:32:00,2024-05-09 08:38:00,7
ACTIVE_POWER_STATION,0.0,2024-05-09 09:06:00,2024-05-09 09:10:00,5
ACTIVE_POWER_STATION,0.0,2024-05-09 09:17:00,2024-05-09 09:25:00,9
ACTIVE_POWER_STATION,0.0,2024-05-09 09:51:00,2024-05-09 09:59:00,9
ACTIVE_POWER_STATION,0.0,2024-05-12 20:00:00,2024-05-12 20:03:00,4
ACTIVE_POWER_STATION,0.0,2024-05-13 07:09:00,2024-05-13 07:17:00,9
ACTIVE_POWER_STATION,0.0,2024-05-13 07:28:00,2024-05-13 07:40:00,13
ACTIVE_POWER_STATION,0.0,2024-05-13 07:43:00,2024-05-13 07:55:00,13
ACTIVE_POWER_STATION,0.0,2024-05-13 08:18:00,2024-05-13 08:31:00,14
ACTIVE_POWER_STATION,0.0,2024-05-13 08:42:00,2024-05-13 08:58:00,17
ACTIVE_POWER_STATION,0.0,2024-05-13 12:31:00,2024-05-13 12:37:00,7
ACTIVE_POWER_STATION,0.0,2024-05-13 12:39:00,2024-05-13 12:46:00,8
ACTIVE_POWER_STATION,0.0,2024-05-20 06:50:00,2024-05-20 07:16:00,27
ACTIVE_POWER_STATION,0.0,2024-05-22 10:03:00,2024-05-22 10:07:00,5
ACTIVE_POWER_STATION,0.0,2024-05-22 10:24:00,2024-05-22 10:27:00,4
ACTIVE_POWER_STATION,0.0,2024-05-22 11:07:00,2024-05-22 11:11:00,5
ACTIVE_POWER_STATION,0.0,2024-05-22 12:21:00,2024-05-22 12:25:00,5
ACTIVE_POWER_STATION,0.0,2024-05-23 10:03:00,2024-05-23 10:09:00,7
ACTIVE_POWER_STATION,-2.8924465,2024-05-23 10:35:00,2024-05-23 10:38:00,4
ACTIVE_POWER_STATION,0.0,2024-05-23 10:56:00,2024-05-23 11:10:00,15
ACTIVE_POWER_STATION,0.0,2024-05-23 11:38:00,2024-05-23 11:45:00,8
ACTIVE_POWER_STATION,0.0,2024-05-23 11:54:00,2024-05-23 11:57:00,4
ACTIVE_POWER_STATION,0.0,2024-05-23 12:37:00,2024-05-23 12:41:00,5
ACTIVE_POWER_STATION,0.0,2024-05-23 13:14:00,2024-05-23 13:18:00,5
ACTIVE_POWER_STATION,0.0,2024-05-24 07:58:00,2024-05-24 08:03:00,6
ACTIVE_POWER_STATION,0.0,2024-05-24 12:02:00,2024-05-24 12:11:00,10
ACTIVE_POWER_STATION,0.0,2024-05-24 12:54:00,2024-05-24 12:57:00,4
ACTIVE_POWER_STATION,0.0,2024-05-26 11:53:00,2024-05-26 11:58:00,6
ACTIVE_POWER_STATION,0.0,2024-05-26 13:14:00,2024-05-26 13:28:00,15
ACTIVE_POWER_STATION,0.0,2024-05-26 14:37:00,2024-05-26 14:40:00,4
ACTIVE_POWER_STATION,0.0,2024-05-26 15:05:00,2024-05-26 15:10:00,6
ACTIVE_POWER_STATION,0.0,2024-05-26 15:29:00,2024-05-26 15:32:00,4
ACTIVE_POWER_STATION,0.0,2024-05-27 10:29:00,2024-05-27 10:33:00,5
ACTIVE_POWER_STATION,0.0,2024-05-27 10:35:00,2024-05-27 10:38:00,4
ACTIVE_POWER_STATION,0.0,2024-05-27 17:08:00,2024-05-27 17:15:00,8
ACTIVE_POWER_STATION,0.0,2024-05-28 16:11:00,2024-05-28 16:20:00,10
ACTIVE_POWER_STATION,0.0,2024-05-28 16:30:00,2024-05-28 16:51:00,22
ACTIVE_POWER_STATION,0.0,2024-05-28 17:51:00,2024-05-28 17:56:00,6
ACTIVE_POWER_STATION,0.0,2024-05-28 18:06:00,2024-05-28 18:09:00,4
ACTIVE_POWER_STATION,0.0,2024-05-29 03:46:00,2024-05-29 03:56:00,11
ACTIVE_POWER_STATION,0.0,2024-05-29 04:12:00,2024-05-29 04:15:00,4
ACTIVE_POWER_STATION,0.0,2024-05-29 04:43:00,2024-05-29 04:55:00,13
ACTIVE_POWER_STATION,0.0,2024-05-29 05:39:00,2024-05-29 06:03:00,25
ACTIVE_POWER_STATION,0.0,2024-05-30 12:45:00,2024-05-30 12:52:00,8
ACTIVE_POWER_STATION,0.0,2024-05-30 14:31:00,2024-05-30 14:39:00,9
ACTIVE_POWER_STATION,0.0,2024-05-30 14:41:00,2024-05-30 15:05:00,25
ACTIVE_POWER_STATION,0.0,2024-05-30 15:18:00,2024-05-30 15:36:00,19
ACTIVE_POWER_STATION,0.0,2024-05-30 16:22:00,2024-05-30 16:26:00,5
ACTIVE_POWER_STATION,0.0,2024-05-31 00:42:00,2024-05-31 00:48:00,7
ACTIVE_POWER_STATION,0.0,2024-05-31 22:49:00,2024-05-31 22:58:00,10
ACTIVE_POWER_STATION,0.0,2024-06-01 15:08:00,2024-06-01 15:17:00,10
ACTIVE_POWER_STATION,0.0,2024-06-01 16:02:00,2024-06-01 16:11:00,10
ACTIVE_POWER_STATION,0.0,2024-06-01 23:15:00,2024-06-01 23:18:00,4
ACTIVE_POWER_STATION,0.0,2024-06-02 00:41:00,2024-06-02 00:57:00,17
ACTIVE_POWER_STATION,0.0,2024-06-02 01:13:00,2024-06-02 01:19:00,7
ACTIVE_POWER_STATION,0.0,2024-06-02 01:31:00,2024-06-02 01:41:00,11
ACTIVE_POWER_STATION,0.0,2024-06-02 03:41:00,2024-06-02 03:44:00,4
ACTIVE_POWER_STATION,0.0,2024-06-02 05:00:00,2024-06-02 05:09:00,10
ACTIVE_POWER_STATION,0.0,2024-06-02 05:11:00,2024-06-02 05:28:00,18
ACTIVE_POWER_STATION,0.0,2024-06-02 11:04:00,2024-06-02 11:08:00,5
ACTIVE_POWER_STATION,0.0,2024-06-02 11:13:00,2024-06-02 11:18:00,6
ACTIVE_POWER_STATION,0.0,2024-06-02 12:11:00,2024-06-02 12:19:00,9
ACTIVE_POWER_STATION,0.0,2024-06-02 12:32:00,2024-06-02 12:55:00,24
ACTIVE_POWER_STATION,0.0,2024-06-02 14:05:00,2024-06-02 14:10:00,6
ACTIVE_POWER_STATION,0.0,2024-06-02 14:15:00,2024-06-02 14:23:00,9
ACTIVE_POWER_STATION,0.0,2024-06-04 13:42:00,2024-06-04 13:47:00,6
ACTIVE_POWER_STATION,0.0,2024-06-04 13:50:00,2024-06-04 13:57:00,8
ACTIVE_POWER_STATION,0.0,2024-06-04 14:04:00,2024-06-04 14:08:00,5
ACTIVE_POWER_STATION,0.0,2024-06-04 14:48:00,2024-06-04 14:55:00,8
ACTIVE_POWER_STATION,0.0,2024-06-04 16:39:00,2024-06-04 16:42:00,4
ACTIVE_POWER_STATION,0.0,2024-06-06 03:09:00,2024-06-06 03:12:00,4
ACTIVE_POWER_STATION,-3.7053084,2024-06-06 14:15:00,2024-06-06 14:20:00,6
ACTIVE_POWER_STATION,0.0,2024-06-06 14:21:00,2024-06-06 14:24:00,4
ACTIVE_POWER_STATION,0.0,2024-06-06 14:36:00,2024-06-06 14:42:00,7
ACTIVE_POWER_STATION,0.0,2024-06-08 05:42:00,2024-06-08 05:54:00,13
ACTIVE_POWER_STATION,0.0,2024-06-08 17:43:00,2024-06-08 17:46:00,4
ACTIVE_POWER_STATION,0.0,2024-06-09 10:44:00,2024-06-09 10:47:00,4
ACTIVE_POWER_STATION,0.0,2024-06-12 05:06:00,2024-06-12 05:12:00,7
ACTIVE_POWER_STATION,0.0,2024-06-12 05:26:00,2024-06-12 05:30:00,5
ACTIVE_POWER_STATION,0.0,2024-06-13 06:21:00,2024-06-13 06:25:00,5
ACTIVE_POWER_STATION,0.0,2024-06-13 08:22:00,2024-06-13 08:31:00,10
ACTIVE_POWER_STATION,0.0,2024-06-13 11:25:00,2024-06-13 11:31:00,7
ACTIVE_POWER_STATION,0.0,2024-06-15 06:47:00,2024-06-15 06:56:00,10
ACTIVE_POWER_STATION,0.0,2024-06-15 15:05:00,2024-06-15 15:14:00,10
ACTIVE_POWER_STATION,0.0,2024-06-15 15:18:00,2024-06-15 15:27:00,10
ACTIVE_POWER_STATION,0.0,2024-06-16 06:41:00,2024-06-16 06:45:00,5
ACTIVE_POWER_STATION,0.0,2024-06-16 06:48:00,2024-06-16 06:54:00,7
ACTIVE_POWER_STATION,0.0,2024-06-16 07:15:00,2024-06-16 07:19:00,5
ACTIVE_POWER_STATION,0.0,2024-06-16 13:48:00,2024-06-16 13:54:00,7
ACTIVE_POWER_STATION,0.0,2024-06-16 15:53:00,2024-06-16 15:56:00,4
ACTIVE_POWER_STATION,0.0,2024-06-16 17:39:00,2024-06-16 17:42:00,4
ACTIVE_POWER_STATION,0.0,2024-06-16 17:50:00,2024-06-16 17:53:00,4
ACTIVE_POWER_STATION,0.0,2024-06-16 18:01:00,2024-06-16 18:05:00,5
ACTIVE_POWER_STATION,0.0,2024-06-17 00:02:00,2024-06-17 00:07:00,6
ACTIVE_POWER_STATION,0.0,2024-06-17 00:09:00,2024-06-17 00:12:00,4
ACTIVE_POWER_STATION,0.0,2024-06-17 01:18:00,2024-06-17 01:32:00,15
ACTIVE_POWER_STATION,0.0,2024-06-17 10:43:00,2024-06-17 10:48:00,6
ACTIVE_POWER_STATION,0.0,2024-06-17 10:57:00,2024-06-17 11:04:00,8
ACTIVE_POWER_STATION,0.0,2024-06-17 11:15:00,2024-06-17 11:22:00,8
ACTIVE_POWER_STATION,0.0,2024-06-17 16:29:00,2024-06-17 16:32:00,4
ACTIVE_POWER_STATION,0.0,2024-06-18 01:28:00,2024-06-18 01:35:00,8
ACTIVE_POWER_STATION,0.0,2024-06-18 03:20:00,2024-06-18 03:24:00,5
ACTIVE_POWER_STATION,0.0,2024-06-18 04:52:00,2024-06-18 04:57:00,6
ACTIVE_POWER_STATION,0.0,2024-06-18 06:49:00,2024-06-18 06:53:00,5
ACTIVE_POWER_STATION,0.0,2024-06-18 09:03:00,2024-06-18 09:06:00,4
ACTIVE_POWER_STATION,0.0,2024-06-18 09:29:00,2024-06-18 09:33:00,5
ACTIVE_POWER_STATION,0.0,2024-06-18 09:35:00,2024-06-18 09:41:00,7
ACTIVE_POWER_STATION,0.0,2024-06-18 11:44:00,2024-06-18 12:04:00,21
ACTIVE_POWER_STATION,282.60992,2024-06-19 10:14:00,2024-06-19 10:20:00,7
ACTIVE_POWER_STATION,0.0,2024-06-20 07:32:00,2024-06-20 07:37:00,6
ACTIVE_POWER_STATION,0.0,2024-06-20 08:39:00,2024-06-20 08:42:00,4
ACTIVE_POWER_STATION,0.0,2024-06-20 09:17:00,2024-06-20 09:22:00,6
ACTIVE_POWER_STATION,0.0,2024-06-20 14:53:00,2024-06-20 14:58:00,6
ACTIVE_POWER_STATION,0.0,2024-06-20 16:00:00,2024-06-20 16:03:00,4
ACTIVE_POWER_STATION,0.0,2024-06-20 18:42:00,2024-06-20 18:46:00,5
ACTIVE_POWER_STATION,0.0,2024-06-20 23:40:00,2024-06-20 23:44:00,5
ACTIVE_POWER_STATION,0.0,2024-06-20 23:49:00,2024-06-20 23:55:00,7
ACTIVE_POWER_STATION,0.0,2024-06-21 11:14:00,2024-06-21 11:20:00,7
ACTIVE_POWER_STATION,0.0,2024-06-22 15:03:00,2024-06-22 15:08:00,6
ACTIVE_POWER_STATION,0.0,2024-06-22 15:34:00,2024-06-22 15:37:00,4
ACTIVE_POWER_STATION,0.0,2024-06-22 21:10:00,2024-06-22 21:13:00,4
ACTIVE_POWER_STATION,0.0,2024-06-22 23:18:00,2024-06-22 23:21:00,4
ACTIVE_POWER_STATION,0.0,2024-06-23 02:38:00,2024-06-23 02:46:00,9
ACTIVE_POWER_STATION,68.21749,2024-06-26 11:25:00,2024-06-26 11:32:00,7
ACTIVE_POWER_STATION,27.607643,2024-07-01 11:24:00,2024-07-01 12:44:00,75
ACTIVE_POWER_STATION,80.9822,2024-07-01 12:46:00,2024-07-01 12:50:00,5
ACTIVE_POWER_STATION,60.219154,2024-07-01 13:08:00,2024-07-01 13:12:00,5
ACTIVE_POWER_STATION,41.060543,2024-07-01 13:13:00,2024-07-01 13:16:00,4
ACTIVE_POWER_STATION,42.668518,2024-07-01 16:22:00,2024-07-01 16:29:00,8
ACTIVE_POWER_STATION,272.42633,2024-07-02 17:05:00,2024-07-02 17:08:00,4
ACTIVE_POWER_STATION,275.43625,2024-07-02 17:46:00,2024-07-02 17:51:00,6
ACTIVE_POWER_STATION,0.0,2024-07-03 13:36:00,2024-07-03 13:45:00,10
ACTIVE_POWER_STATION,0.0,2024-07-05 01:33:00,2024-07-05 01:36:00,4
ACTIVE_POWER_STATION,0.0,2024-07-05 01:59:00,2024-07-05 02:03:00,5
ACTIVE_POWER_STATION,0.0,2024-07-05 04:31:00,2024-07-05 04:34:00,4
ACTIVE_POWER_STATION,0.0,2024-07-05 05:21:00,2024-07-05 05:24:00,4
ACTIVE_POWER_STATION,0.0,2024-07-05 05:43:00,2024-07-05 05:46:00,4
ACTIVE_POWER_STATION,0.0,2024-07-05 06:54:00,2024-07-05 06:59:00,6
ACTIVE_POWER_STATION,45.58332,2024-07-05 11:14:00,2024-07-05 11:17:00,4
ACTIVE_POWER_STATION,180.54306,2024-07-05 16:49:00,2024-07-05 16:55:00,7
ACTIVE_POWER_STATION,272.50302,2024-07-05 18:54:00,2024-07-05 18:57:00,4
ACTIVE_POWER_STATION,0.0,2024-07-07 13:37:00,2024-07-07 13:40:00,4
ACTIVE_POWER_STATION,0.0,2024-07-07 14:01:00,2024-07-07 14:04:00,4
ACTIVE_POWER_STATION,0.0,2024-07-07 14:09:00,2024-07-07 14:16:00,8
ACTIVE_POWER_STATION,0.0,2024-07-07 14:26:00,2024-07-07 14:31:00,6
ACTIVE_POWER_STATION,-4.322987,2024-07-09 05:50:00,2024-07-09 05:53:00,4
ACTIVE_POWER_STATION,-4.2881064,2024-07-10 12:31:00,2024-07-10 13:54:00,8
ACTIVE_POWER_STATION,-1.0466883,2024-07-10 16:22:00,2024-07-10 16:29:00,8
ACTIVE_POWER_STATION,0.0,2024-07-11 08:42:00,2024-07-11 08:46:00,5
ACTIVE_POWER_STATION,0.0,2024-07-11 09:44:00,2024-07-11 09:50:00,7
ACTIVE_POWER_STATION,6.111467,2024-07-11 15:10:00,2024-07-11 15:13:00,4
ACTIVE_POWER_STATION,0.0,2024-07-11 22:58:00,2024-07-11 23:03:00,6
ACTIVE_POWER_STATION,0.0,2024-07-11 23:13:00,2024-07-11 23:17:00,5
ACTIVE_POWER_STATION,-4.5460806,2024-07-12 01:25:00,2024-07-12 01:28:00,4
ACTIVE_POWER_STATION,56.80592,2024-07-12 11:18:00,2024-07-12 11:24:00,7
ACTIVE_POWER_STATION,0.0,2024-07-13 22:26:00,2024-07-13 22:29:00,4
ACTIVE_POWER_STATION,0.0,2024-07-13 23:47:00,2024-07-13 23:55:00,9
ACTIVE_POWER_STATION,0.0,2024-07-15 04:21:00,2024-07-15 04:25:00,5
ACTIVE_POWER_STATION,0.0,2024-07-16 02:12:00,2024-07-16 02:15:00,4
ACTIVE_POWER_STATION,0.0,2024-07-16 02:31:00,2024-07-16 02:34:00,4
ACTIVE_POWER_STATION,0.0,2024-07-16 05:12:00,2024-07-16 05:20:00,9
ACTIVE_POWER_STATION,252.13347,2024-07-25 10:43:00,2024-07-25 11:14:00,28
ACTIVE_POWER_STATION,250.99219,2024-07-25 11:16:00,2024-07-25 11:30:00,15
ACTIVE_POWER_STATION,254.00713,2024-07-25 13:22:00,2024-07-25 13:25:00,4
ACTIVE_POWER_STATION,253.40717,2024-07-25 13:26:00,2024-07-25 14:04:00,39
ACTIVE_POWER_STATION,247.11876,2024-07-25 15:08:00,2024-07-25 15:38:00,28
ACTIVE_POWER_STATION,236.18549,2024-07-25 15:40:00,2024-07-25 15:54:00,15
ACTIVE_POWER_STATION,246.44351,2024-07-25 17:35:00,2024-07-25 17:47:00,6
LIMIT_POWER,299.99084,2023-09-21 00:00:00,2023-09-24 02:28:00,4469
LIMIT_POWER,300.0,2023-09-24 02:29:00,2023-09-24 03:22:00,54
LIMIT_POWER,299.94693,2023-09-24 03:23:00,2023-09-24 03:34:00,12
LIMIT_POWER,299.99084,2023-09-24 03:35:00,2023-09-24 03:46:00,12
LIMIT_POWER,300.0,2023-09-24 03:47:00,2023-09-24 04:04:00,18
LIMIT_POWER,299.99084,2023-09-24 04:05:00,2023-09-25 09:47:00,1776
LIMIT_POWER,299.82608,2023-09-25 09:48:00,2023-09-25 09:59:00,12
LIMIT_POWER,300.0,2023-09-25 10:00:00,2023-09-25 10:05:00,6
LIMIT_POWER,299.99084,2023-09-25 10:06:00,2023-09-25 10:29:00,24
LIMIT_POWER,300.0,2023-09-25 10:30:00,2023-09-25 11:11:00,42
LIMIT_POWER,299.99084,2023-09-25 11:12:00,2023-09-25 12:17:00,66
LIMIT_POWER,300.0,2023-09-25 12:18:00,2023-09-25 12:23:00,6
LIMIT_POWER,299.99084,2023-09-25 12:25:00,2023-09-25 12:59:00,35
LIMIT_POWER,299.99084,2023-09-25 13:01:00,2023-09-25 13:17:00,17
LIMIT_POWER,299.77115,2023-09-25 13:18:00,2023-09-25 13:23:00,6
LIMIT_POWER,299.99084,2023-09-25 13:24:00,2023-09-25 13:29:00,6
LIMIT_POWER,299.55142,2023-09-25 13:30:00,2023-09-25 13:41:00,12
LIMIT_POWER,299.99084,2023-09-25 13:43:00,2023-09-25 14:09:00,27
LIMIT_POWER,298.76035,2023-09-25 14:10:00,2023-09-25 14:24:00,15
LIMIT_POWER,300.0,2023-09-25 14:25:00,2023-09-25 14:30:00,6
LIMIT_POWER,299.99084,2023-09-25 14:32:00,2023-09-25 15:47:00,76
LIMIT_POWER,299.7272,2023-09-25 15:48:00,2023-09-25 15:59:00,12
LIMIT_POWER,300.0,2023-09-25 16:00:00,2023-09-25 16:29:00,30
LIMIT_POWER,299.99084,2023-09-25 16:30:00,2023-09-25 16:33:00,4
LIMIT_POWER,299.99084,2023-09-25 16:35:00,2023-09-25 17:11:00,37
LIMIT_POWER,300.0,2023-09-25 17:12:00,2023-09-25 20:30:00,199
LIMIT_POWER,299.99084,2023-09-25 20:32:00,2023-09-25 20:38:00,7
LIMIT_POWER,299.50742,2023-09-25 20:42:00,2023-09-25 20:59:00,18
LIMIT_POWER,300.0,2023-09-25 21:00:00,2023-09-26 00:17:00,198
LIMIT_POWER,299.58435,2023-09-26 00:18:00,2023-09-26 00:23:00,6
LIMIT_POWER,299.99084,2023-09-26 00:24:00,2023-09-26 08:18:00,475
LIMIT_POWER,299.7052,2023-09-26 08:19:00,2023-09-26 08:30:00,12
LIMIT_POWER,300.0,2023-09-26 08:31:00,2023-09-26 08:42:00,12
LIMIT_POWER,299.99084,2023-09-26 08:43:00,2023-09-26 08:56:00,14
LIMIT_POWER,299.99084,2023-09-26 08:58:00,2023-09-26 09:48:00,51
LIMIT_POWER,300.0,2023-09-26 09:49:00,2023-09-26 10:30:00,42
LIMIT_POWER,299.99084,2023-09-26 10:31:00,2023-09-26 12:06:00,96
LIMIT_POWER,300.0,2023-09-26 12:07:00,2023-09-26 12:36:00,30
LIMIT_POWER,299.99084,2023-09-26 12:38:00,2023-09-26 12:56:00,19
LIMIT_POWER,299.99084,2023-09-26 12:58:00,2023-09-26 13:36:00,39
LIMIT_POWER,300.0,2023-09-26 13:37:00,2023-09-26 13:54:00,18
LIMIT_POWER,299.99084,2023-09-26 13:55:00,2023-09-26 14:00:00,6
LIMIT_POWER,299.87003,2023-09-26 14:01:00,2023-09-26 14:12:00,12
LIMIT_POWER,299.99084,2023-09-26 14:13:00,2023-09-26 14:27:00,15
LIMIT_POWER,299.99084,2023-09-26 14:29:00,2023-09-26 19:29:00,301
LIMIT_POWER,299.99084,2023-09-26 19:31:00,2023-09-26 19:48:00,18
LIMIT_POWER,300.0,2023-09-26 19:49:00,2023-09-27 12:24:00,996
LIMIT_POWER,299.99084,2023-09-27 12:25:00,2023-09-27 13:06:00,42
LIMIT_POWER,300.0,2023-09-27 13:07:00,2023-09-27 16:18:00,192
LIMIT_POWER,299.99084,2023-09-27 16:19:00,2023-09-27 16:42:00,24
LIMIT_POWER,299.77115,2023-09-27 16:43:00,2023-09-27 16:48:00,6
LIMIT_POWER,299.99084,2023-09-27 16:49:00,2023-09-27 17:00:00,12
LIMIT_POWER,300.0,2023-09-27 17:01:00,2023-09-27 17:54:00,54
LIMIT_POWER,299.99084,2023-09-27 17:55:00,2023-09-27 18:12:00,18
LIMIT_POWER,300.0,2023-09-27 18:13:00,2023-09-27 18:30:00,18
LIMIT_POWER,299.55142,2023-09-27 18:31:00,2023-09-27 18:42:00,12
LIMIT_POWER,300.0,2023-09-27 18:43:00,2023-09-27 19:03:00,21
LIMIT_POWER,299.3756,2023-09-27 19:04:00,2023-09-27 19:11:00,8
LIMIT_POWER,299.99084,2023-09-27 19:12:00,2023-09-27 19:18:00,7
LIMIT_POWER,299.69424,2023-09-27 19:19:00,2023-09-27 19:24:00,6
LIMIT_POWER,299.99084,2023-09-27 19:25:00,2023-09-27 21:18:00,114
LIMIT_POWER,300.0,2023-09-27 21:19:00,2023-09-28 03:43:00,385
LIMIT_POWER,299.99084,2023-09-28 03:44:00,2023-09-28 04:19:00,36
LIMIT_POWER,299.9359,2023-09-28 04:20:00,2023-09-28 04:25:00,6
LIMIT_POWER,299.99084,2023-09-28 04:26:00,2023-09-28 04:37:00,12
LIMIT_POWER,300.0,2023-09-28 04:38:00,2023-09-28 04:43:00,6
LIMIT_POWER,299.99084,2023-09-28 04:44:00,2023-09-28 10:43:00,360
LIMIT_POWER,300.0,2023-09-28 10:44:00,2023-09-28 13:25:00,162
LIMIT_POWER,299.99084,2023-09-28 13:26:00,2023-09-28 14:56:00,91
LIMIT_POWER,299.23276,2023-09-28 14:57:00,2023-09-28 15:12:00,16
LIMIT_POWER,300.0,2023-09-28 15:13:00,2023-09-28 15:41:00,29
LIMIT_POWER,299.99084,2023-09-28 15:43:00,2023-09-28 16:49:00,67
LIMIT_POWER,299.7821,2023-09-28 16:50:00,2023-09-28 16:55:00,6
LIMIT_POWER,299.99084,2023-09-28 16:56:00,2023-09-28 17:01:00,6
LIMIT_POWER,299.7272,2023-09-28 17:02:00,2023-09-28 17:07:00,6
LIMIT_POWER,299.74918,2023-09-28 17:08:00,2023-09-28 17:19:00,12
LIMIT_POWER,300.0,2023-09-28 17:20:00,2023-09-28 18:19:00,60
LIMIT_POWER,299.99084,2023-09-28 18:20:00,2023-09-28 20:40:00,141
LIMIT_POWER,299.99084,2023-09-28 20:42:00,2023-09-28 21:01:00,20
LIMIT_POWER,300.0,2023-09-28 21:02:00,2023-09-28 21:25:00,24
LIMIT_POWER,299.63928,2023-09-28 21:26:00,2023-09-28 21:37:00,12
LIMIT_POWER,299.99084,2023-09-28 21:38:00,2023-09-28 22:13:00,36
LIMIT_POWER,299.74918,2023-09-28 22:14:00,2023-09-28 22:25:00,12
LIMIT_POWER,300.0,2023-09-28 22:26:00,2023-09-29 02:13:00,228
LIMIT_POWER,299.99084,2023-09-29 02:14:00,2023-09-29 03:31:00,78
LIMIT_POWER,299.90298,2023-09-29 03:32:00,2023-09-29 03:37:00,6
LIMIT_POWER,299.99084,2023-09-29 03:38:00,2023-09-29 04:01:00,24
LIMIT_POWER,300.0,2023-09-29 04:02:00,2023-09-29 06:55:00,174
LIMIT_POWER,299.99084,2023-09-29 06:56:00,2023-09-29 07:31:00,36
LIMIT_POWER,300.0,2023-09-29 07:32:00,2023-09-29 09:13:00,102
LIMIT_POWER,299.2877,2023-09-29 09:14:00,2023-09-29 09:19:00,6
LIMIT_POWER,299.99084,2023-09-29 09:20:00,2023-09-29 09:37:00,18
LIMIT_POWER,300.0,2023-09-29 09:38:00,2023-09-29 10:13:00,36
LIMIT_POWER,299.99084,2023-09-29 10:14:00,2023-09-30 03:50:00,1057
LIMIT_POWER,300.0,2023-09-30 03:51:00,2023-09-30 05:08:00,78
LIMIT_POWER,299.99084,2023-09-30 05:09:00,2023-09-30 21:24:00,976
LIMIT_POWER,299.99084,2023-09-30 21:26:00,2023-10-02 19:52:00,2787
LIMIT_POWER,299.69424,2023-10-02 19:53:00,2023-10-02 19:58:00,6
LIMIT_POWER,299.99084,2023-10-02 19:59:00,2023-10-02 20:22:00,24
LIMIT_POWER,300.0,2023-10-02 20:23:00,2023-10-02 20:46:00,24
LIMIT_POWER,299.76013,2023-10-02 20:47:00,2023-10-02 20:50:00,4
LIMIT_POWER,299.1449,2023-10-02 20:53:00,2023-10-02 21:06:00,14
LIMIT_POWER,300.0,2023-10-02 21:07:00,2023-10-02 22:15:00,69
LIMIT_POWER,299.99084,2023-10-02 22:16:00,2023-10-02 22:31:00,16
LIMIT_POWER,299.99084,2023-10-02 22:34:00,2023-10-03 00:22:00,109
LIMIT_POWER,300.0,2023-10-03 00:23:00,2023-10-03 00:34:00,12
LIMIT_POWER,299.99084,2023-10-03 00:35:00,2023-10-03 00:52:00,18
LIMIT_POWER,300.0,2023-10-03 00:53:00,2023-10-03 03:04:00,132
LIMIT_POWER,299.99084,2023-10-03 03:05:00,2023-10-03 03:24:00,20
LIMIT_POWER,299.99084,2023-10-03 03:26:00,2023-10-03 03:40:00,15
LIMIT_POWER,300.0,2023-10-03 03:41:00,2023-10-03 05:10:00,90
LIMIT_POWER,299.6503,2023-10-03 05:11:00,2023-10-03 05:16:00,6
LIMIT_POWER,299.99084,2023-10-03 05:17:00,2023-10-03 11:46:00,390
LIMIT_POWER,299.84805,2023-10-03 11:47:00,2023-10-03 12:04:00,18
LIMIT_POWER,299.99084,2023-10-03 12:05:00,2023-10-03 12:46:00,42
LIMIT_POWER,300.0,2023-10-03 12:47:00,2023-10-03 16:51:00,245
LIMIT_POWER,299.99084,2023-10-03 16:54:00,2023-10-03 17:22:00,29
LIMIT_POWER,299.58435,2023-10-03 17:23:00,2023-10-03 17:28:00,6
LIMIT_POWER,299.51846,2023-10-03 17:29:00,2023-10-03 17:40:00,12
LIMIT_POWER,300.0,2023-10-03 17:41:00,2023-10-03 17:58:00,18
LIMIT_POWER,299.99084,2023-10-03 17:59:00,2023-10-03 18:10:00,12
LIMIT_POWER,299.9689,2023-10-03 18:11:00,2023-10-03 18:22:00,12
LIMIT_POWER,300.0,2023-10-03 18:23:00,2023-10-03 18:34:00,12
LIMIT_POWER,299.99084,2023-10-03 18:35:00,2023-10-03 19:22:00,48
LIMIT_POWER,300.0,2023-10-03 19:23:00,2023-10-03 20:28:00,66
LIMIT_POWER,299.82608,2023-10-03 20:29:00,2023-10-03 20:34:00,6
LIMIT_POWER,299.99084,2023-10-03 20:35:00,2023-10-04 03:13:00,399
LIMIT_POWER,299.9579,2023-10-04 03:18:00,2023-10-04 03:23:00,6
LIMIT_POWER,299.99084,2023-10-04 03:24:00,2023-10-04 03:35:00,12
LIMIT_POWER,299.77115,2023-10-04 03:36:00,2023-10-04 03:41:00,6
LIMIT_POWER,299.67227,2023-10-04 03:42:00,2023-10-04 03:47:00,6
LIMIT_POWER,299.99084,2023-10-04 03:48:00,2023-10-05 12:16:00,1949
LIMIT_POWER,59.99817,2023-10-05 12:25:00,2023-10-05 13:31:00,67
LIMIT_POWER,299.99084,2023-10-05 13:39:00,2023-10-05 13:46:00,8
LIMIT_POWER,59.99817,2023-10-05 13:54:00,2023-10-05 14:24:00,31
LIMIT_POWER,299.99084,2023-10-05 14:32:00,2023-10-07 07:01:00,2430
LIMIT_POWER,300.0,2023-10-07 07:02:00,2023-10-07 13:37:00,396
LIMIT_POWER,299.99084,2023-10-07 13:38:00,2023-10-07 18:41:00,304
LIMIT_POWER,299.99084,2023-10-07 18:43:00,2023-10-07 18:52:00,10
LIMIT_POWER,299.99084,2023-10-07 18:55:00,2023-10-07 19:01:00,7
LIMIT_POWER,299.50742,2023-10-07 19:02:00,2023-10-07 19:13:00,12
LIMIT_POWER,300.0,2023-10-07 19:14:00,2023-10-07 21:03:00,110
LIMIT_POWER,299.39758,2023-10-07 21:04:00,2023-10-07 21:18:00,15
LIMIT_POWER,299.99084,2023-10-07 21:23:00,2023-10-07 22:01:00,39
LIMIT_POWER,300.0,2023-10-07 22:02:00,2023-10-07 23:13:00,72
LIMIT_POWER,299.99084,2023-10-07 23:14:00,2023-10-08 09:07:00,594
LIMIT_POWER,299.89197,2023-10-08 09:08:00,2023-10-08 09:25:00,18
LIMIT_POWER,300.0,2023-10-08 09:26:00,2023-10-08 15:37:00,372
LIMIT_POWER,299.99084,2023-10-08 15:38:00,2023-10-10 00:08:00,1951
LIMIT_POWER,299.9359,2023-10-10 00:09:00,2023-10-10 00:14:00,6
LIMIT_POWER,299.99084,2023-10-10 00:15:00,2023-10-10 00:20:00,6
LIMIT_POWER,299.5404,2023-10-10 00:21:00,2023-10-10 00:26:00,6
LIMIT_POWER,299.99084,2023-10-10 00:27:00,2023-10-10 23:45:00,1399
LIMIT_POWER,300.0,2023-10-10 23:46:00,2023-10-11 04:20:00,275
LIMIT_POWER,299.99084,2023-10-11 04:23:00,2023-10-11 04:27:00,5
LIMIT_POWER,299.50742,2023-10-11 04:28:00,2023-10-11 04:33:00,6
LIMIT_POWER,299.99084,2023-10-11 04:34:00,2023-10-11 09:21:00,288
LIMIT_POWER,300.0,2023-10-11 09:22:00,2023-10-11 14:15:00,294
LIMIT_POWER,299.99084,2023-10-11 14:16:00,2023-10-11 15:09:00,54
LIMIT_POWER,299.81506,2023-10-11 15:10:00,2023-10-11 15:21:00,12
LIMIT_POWER,299.99084,2023-10-11 15:22:00,2023-10-11 15:45:00,24
LIMIT_POWER,299.97986,2023-10-11 15:46:00,2023-10-11 15:51:00,6
LIMIT_POWER,299.99084,2023-10-11 15:52:00,2023-10-11 16:15:00,24
LIMIT_POWER,299.99084,2023-10-11 16:17:00,2023-10-12 14:10:00,1291
LIMIT_POWER,300.0,2023-10-12 14:11:00,2023-10-12 17:27:00,197
LIMIT_POWER,299.99084,2023-10-12 17:29:00,2023-10-12 17:46:00,18
LIMIT_POWER,299.79312,2023-10-12 17:47:00,2023-10-12 17:58:00,12
LIMIT_POWER,300.0,2023-10-12 17:59:00,2023-10-12 18:16:00,18
LIMIT_POWER,299.89197,2023-10-12 18:17:00,2023-10-12 18:28:00,12
LIMIT_POWER,300.0,2023-10-12 18:29:00,2023-10-12 18:34:00,6
LIMIT_POWER,299.99084,2023-10-12 18:35:00,2023-10-12 19:10:00,36
LIMIT_POWER,299.66125,2023-10-12 19:11:00,2023-10-12 19:16:00,6
LIMIT_POWER,299.63928,2023-10-12 19:17:00,2023-10-12 19:22:00,6
LIMIT_POWER,299.99084,2023-10-12 19:23:00,2023-10-12 22:36:00,194
LIMIT_POWER,299.99084,2023-10-12 22:38:00,2023-10-12 22:52:00,15
LIMIT_POWER,300.0,2023-10-12 22:53:00,2023-10-12 23:10:00,18
LIMIT_POWER,299.99084,2023-10-12 23:11:00,2023-10-13 00:09:00,59
LIMIT_POWER,299.2218,2023-10-13 00:10:00,2023-10-13 00:24:00,15
LIMIT_POWER,299.44153,2023-10-13 00:29:00,2023-10-13 00:34:00,6
LIMIT_POWER,299.99084,2023-10-13 00:35:00,2023-10-13 01:52:00,78
LIMIT_POWER,299.77115,2023-10-13 01:53:00,2023-10-13 02:04:00,12
LIMIT_POWER,299.82608,2023-10-13 02:05:00,2023-10-13 02:10:00,6
LIMIT_POWER,299.99084,2023-10-13 02:11:00,2023-10-13 02:28:00,18
LIMIT_POWER,300.0,2023-10-13 02:29:00,2023-10-13 02:46:00,18
LIMIT_POWER,299.76013,2023-10-13 02:47:00,2023-10-13 02:52:00,6
LIMIT_POWER,299.99084,2023-10-13 02:53:00,2023-10-13 02:58:00,6
LIMIT_POWER,299.59537,2023-10-13 02:59:00,2023-10-13 03:04:00,6
LIMIT_POWER,299.99084,2023-10-13 03:05:00,2023-10-13 03:16:00,12
LIMIT_POWER,299.7052,2023-10-13 03:17:00,2023-10-13 03:28:00,12
LIMIT_POWER,300.0,2023-10-13 03:29:00,2023-10-13 03:40:00,12
LIMIT_POWER,299.99084,2023-10-13 03:41:00,2023-10-13 04:28:00,48
LIMIT_POWER,300.0,2023-10-13 04:29:00,2023-10-13 06:53:00,145
LIMIT_POWER,299.99084,2023-10-13 06:54:00,2023-10-13 08:15:00,82
LIMIT_POWER,299.24377,2023-10-13 08:18:00,2023-10-13 08:22:00,5
LIMIT_POWER,299.99084,2023-10-13 08:23:00,2023-10-13 08:29:00,7
LIMIT_POWER,299.63928,2023-10-13 08:30:00,2023-10-13 08:47:00,18
LIMIT_POWER,300.0,2023-10-13 08:48:00,2023-10-13 10:35:00,108
LIMIT_POWER,299.99084,2023-10-13 10:36:00,2023-10-13 13:16:00,161
LIMIT_POWER,299.99084,2023-10-13 13:18:00,2023-10-13 13:23:00,6
LIMIT_POWER,299.81506,2023-10-13 13:24:00,2023-10-13 13:29:00,6
LIMIT_POWER,299.99084,2023-10-13 13:30:00,2023-10-13 21:11:00,462
LIMIT_POWER,299.74918,2023-10-13 21:12:00,2023-10-13 21:17:00,6
LIMIT_POWER,299.99084,2023-10-13 21:18:00,2023-10-13 22:15:00,58
LIMIT_POWER,299.99084,2023-10-13 22:17:00,2023-10-13 22:35:00,19
LIMIT_POWER,300.0,2023-10-13 22:36:00,2023-10-14 00:11:00,96
LIMIT_POWER,299.99084,2023-10-14 00:12:00,2023-10-14 00:31:00,20
LIMIT_POWER,299.99084,2023-10-14 00:34:00,2023-10-14 01:48:00,75
LIMIT_POWER,299.99084,2023-10-14 01:55:00,2023-10-14 20:06:00,1092
LIMIT_POWER,300.0,2023-10-14 20:07:00,2023-10-15 01:04:00,298
LIMIT_POWER,299.99084,2023-10-15 01:06:00,2023-10-15 05:18:00,253
LIMIT_POWER,300.0,2023-10-15 05:19:00,2023-10-15 06:54:00,96
LIMIT_POWER,299.99084,2023-10-15 06:55:00,2023-10-15 07:48:00,54
LIMIT_POWER,300.0,2023-10-15 07:49:00,2023-10-15 08:30:00,42
LIMIT_POWER,299.89197,2023-10-15 08:31:00,2023-10-15 08:36:00,6
LIMIT_POWER,299.99084,2023-10-15 08:37:00,2023-10-15 08:48:00,12
LIMIT_POWER,299.80408,2023-10-15 08:49:00,2023-10-15 08:54:00,6
LIMIT_POWER,299.99084,2023-10-15 08:55:00,2023-10-15 09:06:00,12
LIMIT_POWER,299.859,2023-10-15 09:07:00,2023-10-15 09:12:00,6
LIMIT_POWER,299.9579,2023-10-15 09:13:00,2023-10-15 09:24:00,12
LIMIT_POWER,300.0,2023-10-15 09:25:00,2023-10-15 09:54:00,30
LIMIT_POWER,299.99084,2023-10-15 09:55:00,2023-10-15 10:18:00,24
LIMIT_POWER,299.99084,2023-10-15 10:23:00,2023-10-15 11:00:00,38
LIMIT_POWER,299.9359,2023-10-15 11:01:00,2023-10-15 11:06:00,6
LIMIT_POWER,299.99084,2023-10-15 11:07:00,2023-10-15 11:18:00,12
LIMIT_POWER,299.82608,2023-10-15 11:19:00,2023-10-15 11:24:00,6
LIMIT_POWER,299.79312,2023-10-15 11:25:00,2023-10-15 11:36:00,12
LIMIT_POWER,300.0,2023-10-15 11:37:00,2023-10-15 12:00:00,24
LIMIT_POWER,299.99084,2023-10-15 12:01:00,2023-10-15 12:06:00,6
LIMIT_POWER,299.49646,2023-10-15 12:07:00,2023-10-15 12:24:00,18
LIMIT_POWER,300.0,2023-10-15 12:25:00,2023-10-16 02:12:00,828
LIMIT_POWER,299.99084,2023-10-16 02:13:00,2023-10-16 02:44:00,32
LIMIT_POWER,299.99084,2023-10-16 02:46:00,2023-10-16 04:00:00,75
LIMIT_POWER,299.87003,2023-10-16 04:01:00,2023-10-16 04:06:00,6
LIMIT_POWER,299.99084,2023-10-16 04:07:00,2023-10-16 23:13:00,1147
LIMIT_POWER,299.69424,2023-10-16 23:14:00,2023-10-16 23:19:00,6
LIMIT_POWER,299.80408,2023-10-16 23:20:00,2023-10-16 23:31:00,12
LIMIT_POWER,299.99084,2023-10-16 23:32:00,2023-10-16 23:55:00,24
LIMIT_POWER,300.0,2023-10-16 23:56:00,2023-10-17 14:07:00,852
LIMIT_POWER,299.99084,2023-10-17 14:08:00,2023-10-17 15:31:00,84
LIMIT_POWER,299.99084,2023-10-17 15:33:00,2023-10-19 05:14:00,2262
LIMIT_POWER,300.0,2023-10-19 05:15:00,2023-10-19 13:14:00,480
LIMIT_POWER,299.99084,2023-10-19 13:15:00,2023-10-19 13:20:00,6
LIMIT_POWER,299.82608,2023-10-19 13:21:00,2023-10-19 13:32:00,12
LIMIT_POWER,300.0,2023-10-19 13:33:00,2023-10-19 15:00:00,88
LIMIT_POWER,299.99084,2023-10-19 15:02:00,2023-10-19 15:43:00,42
LIMIT_POWER,299.99084,2023-10-19 15:45:00,2023-10-20 10:59:00,1155
LIMIT_POWER,59.99817,2023-10-20 11:06:00,2023-10-20 13:38:00,153
LIMIT_POWER,299.99084,2023-10-20 13:46:00,2023-10-21 14:46:00,1500
LIMIT_POWER,299.859,2023-10-21 14:47:00,2023-10-21 14:52:00,6
LIMIT_POWER,299.99084,2023-10-21 14:53:00,2023-10-21 14:58:00,6
LIMIT_POWER,299.74918,2023-10-21 14:59:00,2023-10-21 15:16:00,18
LIMIT_POWER,300.0,2023-10-21 15:17:00,2023-10-22 07:04:00,948
LIMIT_POWER,299.58435,2023-10-22 07:05:00,2023-10-22 07:22:00,18
LIMIT_POWER,300.0,2023-10-22 07:23:00,2023-10-22 07:28:00,6
LIMIT_POWER,299.76013,2023-10-22 07:29:00,2023-10-22 07:34:00,6
LIMIT_POWER,299.7272,2023-10-22 07:35:00,2023-10-22 07:40:00,6
LIMIT_POWER,299.99084,2023-10-22 07:41:00,2023-10-22 07:47:00,7
LIMIT_POWER,299.99084,2023-10-22 07:53:00,2023-10-22 07:59:00,7
LIMIT_POWER,299.99084,2023-10-22 08:01:00,2023-10-22 14:11:00,371
LIMIT_POWER,299.99084,2023-10-22 14:13:00,2023-10-22 14:52:00,40
LIMIT_POWER,300.0,2023-10-22 14:53:00,2023-10-22 16:46:00,114
LIMIT_POWER,299.99084,2023-10-22 16:47:00,2023-10-23 06:29:00,823
LIMIT_POWER,299.34265,2023-10-23 06:30:00,2023-10-23 06:33:00,4
LIMIT_POWER,299.99084,2023-10-23 06:34:00,2023-10-23 06:37:00,4
LIMIT_POWER,299.32068,2023-10-23 06:38:00,2023-10-23 06:52:00,15
LIMIT_POWER,300.0,2023-10-23 06:53:00,2023-10-23 15:26:00,514
LIMIT_POWER,299.99084,2023-10-23 15:28:00,2023-10-24 08:35:00,1028
LIMIT_POWER,299.88098,2023-10-24 08:36:00,2023-10-24 08:41:00,6
LIMIT_POWER,299.83704,2023-10-24 08:42:00,2023-10-24 08:53:00,12
LIMIT_POWER,300.0,2023-10-24 08:54:00,2023-10-24 09:05:00,12
LIMIT_POWER,299.94693,2023-10-24 09:06:00,2023-10-24 09:11:00,6
LIMIT_POWER,299.99084,2023-10-24 09:12:00,2023-10-24 09:16:00,5
LIMIT_POWER,299.40854,2023-10-24 09:18:00,2023-10-24 09:35:00,18
LIMIT_POWER,300.0,2023-10-24 09:36:00,2023-10-24 17:18:00,463
LIMIT_POWER,299.63928,2023-10-24 17:19:00,2023-10-24 17:24:00,6
LIMIT_POWER,299.99084,2023-10-24 17:25:00,2023-10-24 22:06:00,282
LIMIT_POWER,300.0,2023-10-24 22:07:00,2023-10-25 19:18:00,1272
LIMIT_POWER,299.79312,2023-10-25 19:19:00,2023-10-25 19:36:00,18
LIMIT_POWER,299.99084,2023-10-25 19:37:00,2023-10-25 22:24:00,168
LIMIT_POWER,299.49646,2023-10-25 22:25:00,2023-10-25 22:36:00,12
LIMIT_POWER,300.0,2023-10-25 22:37:00,2023-10-25 22:45:00,9
LIMIT_POWER,299.99084,2023-10-25 22:47:00,2023-10-26 01:54:00,188
LIMIT_POWER,299.76013,2023-10-26 01:55:00,2023-10-26 02:00:00,6
LIMIT_POWER,299.99084,2023-10-26 02:01:00,2023-10-26 03:12:00,72
LIMIT_POWER,299.67227,2023-10-26 03:13:00,2023-10-26 03:18:00,6
LIMIT_POWER,299.83704,2023-10-26 03:19:00,2023-10-26 03:25:00,7
LIMIT_POWER,299.92496,2023-10-26 03:26:00,2023-10-26 03:37:00,12
LIMIT_POWER,300.0,2023-10-26 03:38:00,2023-10-26 03:55:00,18
LIMIT_POWER,299.99084,2023-10-26 03:56:00,2023-10-26 08:19:00,264
LIMIT_POWER,299.92496,2023-10-26 08:20:00,2023-10-26 08:25:00,6
LIMIT_POWER,299.88098,2023-10-26 08:26:00,2023-10-26 08:43:00,18
LIMIT_POWER,300.0,2023-10-26 08:44:00,2023-10-26 09:07:00,24
LIMIT_POWER,299.99084,2023-10-26 09:08:00,2023-10-26 14:07:00,300
LIMIT_POWER,300.0,2023-10-26 14:08:00,2023-10-26 14:19:00,12
LIMIT_POWER,299.99084,2023-10-26 14:20:00,2023-10-26 15:13:00,54
LIMIT_POWER,300.0,2023-10-26 15:14:00,2023-10-26 17:43:00,150
LIMIT_POWER,299.99084,2023-10-26 17:44:00,2023-10-27 13:01:00,1157
LIMIT_POWER,300.0,2023-10-27 13:02:00,2023-10-28 22:59:00,2038
LIMIT_POWER,299.99084,2023-10-28 23:01:00,2023-10-29 02:14:00,194
LIMIT_POWER,299.59537,2023-10-29 02:15:00,2023-10-29 02:32:00,18
LIMIT_POWER,299.58435,2023-10-29 02:33:00,2023-10-29 02:38:00,6
LIMIT_POWER,299.99084,2023-10-29 02:39:00,2023-10-29 03:38:00,60
LIMIT_POWER,299.99084,2023-10-29 03:44:00,2023-10-29 04:08:00,25
LIMIT_POWER,299.69424,2023-10-29 04:09:00,2023-10-29 04:20:00,12
LIMIT_POWER,300.0,2023-10-29 04:21:00,2023-10-29 08:56:00,276
LIMIT_POWER,299.99084,2023-10-29 08:57:00,2023-10-29 09:03:00,7
LIMIT_POWER,299.74918,2023-10-29 09:04:00,2023-10-29 09:09:00,6
LIMIT_POWER,299.92496,2023-10-29 09:10:00,2023-10-29 09:14:00,5
LIMIT_POWER,299.79312,2023-10-29 09:15:00,2023-10-29 09:20:00,6
LIMIT_POWER,299.99084,2023-10-29 09:21:00,2023-10-29 09:32:00,12
LIMIT_POWER,300.0,2023-10-29 09:33:00,2023-10-29 15:27:00,355
LIMIT_POWER,299.99084,2023-10-29 15:28:00,2023-10-29 15:33:00,6
LIMIT_POWER,299.9579,2023-10-29 15:34:00,2023-10-29 15:45:00,12
LIMIT_POWER,299.99084,2023-10-29 15:49:00,2023-10-29 15:57:00,9
LIMIT_POWER,299.66125,2023-10-29 15:58:00,2023-10-29 16:09:00,12
LIMIT_POWER,300.0,2023-10-29 16:10:00,2023-10-29 16:15:00,6
LIMIT_POWER,299.99084,2023-10-29 16:16:00,2023-10-30 07:20:00,905
LIMIT_POWER,299.99084,2023-10-30 07:22:00,2023-10-30 07:39:00,18
LIMIT_POWER,300.0,2023-10-30 07:40:00,2023-10-30 07:45:00,6
LIMIT_POWER,299.80408,2023-10-30 07:46:00,2023-10-30 07:51:00,6
LIMIT_POWER,299.99084,2023-10-30 07:52:00,2023-10-30 08:21:00,30
LIMIT_POWER,300.0,2023-10-30 08:22:00,2023-10-30 10:33:00,132
LIMIT_POWER,299.7821,2023-10-30 10:34:00,2023-10-30 10:39:00,6
LIMIT_POWER,299.99084,2023-10-30 10:40:00,2023-10-30 12:50:00,131
LIMIT_POWER,299.16687,2023-10-30 12:52:00,2023-10-30 12:57:00,6
LIMIT_POWER,299.26575,2023-10-30 12:58:00,2023-10-30 13:09:00,12
LIMIT_POWER,300.0,2023-10-30 13:10:00,2023-10-30 13:14:00,5
LIMIT_POWER,299.99084,2023-10-30 13:16:00,2023-11-03 08:48:00,5493
LIMIT_POWER,299.81506,2023-11-03 08:49:00,2023-11-03 09:00:00,12
LIMIT_POWER,300.0,2023-11-03 09:01:00,2023-11-03 15:30:00,390
LIMIT_POWER,299.99084,2023-11-03 15:31:00,2023-11-03 22:54:00,444
LIMIT_POWER,300.0,2023-11-03 22:55:00,2023-11-04 00:18:00,84
LIMIT_POWER,299.99084,2023-11-04 00:19:00,2023-11-06 10:25:00,3487
LIMIT_POWER,60.064087,2023-11-06 10:32:00,2023-11-06 10:38:00,7
LIMIT_POWER,59.99817,2023-11-06 10:39:00,2023-11-06 15:02:00,264
LIMIT_POWER,299.99084,2023-11-06 15:10:00,2023-11-07 06:56:00,947
LIMIT_POWER,299.9579,2023-11-07 06:57:00,2023-11-07 07:02:00,6
LIMIT_POWER,299.3756,2023-11-07 07:03:00,2023-11-07 07:08:00,6
LIMIT_POWER,299.51846,2023-11-07 07:09:00,2023-11-07 07:26:00,18
LIMIT_POWER,300.0,2023-11-07 07:27:00,2023-11-07 19:02:00,696
LIMIT_POWER,299.99084,2023-11-07 19:05:00,2023-11-09 04:03:00,1979
LIMIT_POWER,300.0,2023-11-09 04:04:00,2023-11-09 04:36:00,33
LIMIT_POWER,299.99084,2023-11-09 04:37:00,2023-11-09 04:45:00,9
LIMIT_POWER,299.91394,2023-11-09 04:46:00,2023-11-09 04:51:00,6
LIMIT_POWER,299.99084,2023-11-09 04:52:00,2023-11-09 05:03:00,12
LIMIT_POWER,299.80408,2023-11-09 05:04:00,2023-11-09 05:15:00,12
LIMIT_POWER,300.0,2023-11-09 05:16:00,2023-11-09 08:57:00,222
LIMIT_POWER,299.82608,2023-11-09 08:58:00,2023-11-09 09:15:00,18
LIMIT_POWER,300.0,2023-11-09 09:16:00,2023-11-09 11:46:00,151
LIMIT_POWER,299.99084,2023-11-09 11:47:00,2023-11-10 09:53:00,1327
LIMIT_POWER,59.99817,2023-11-10 10:01:00,2023-11-10 11:08:00,68
LIMIT_POWER,299.99084,2023-11-10 11:16:00,2023-11-10 12:38:00,83
LIMIT_POWER,59.99817,2023-11-10 12:46:00,2023-11-10 14:41:00,116
LIMIT_POWER,299.99084,2023-11-10 14:49:00,2023-11-12 12:58:00,2770
LIMIT_POWER,59.99817,2023-11-12 13:06:00,2023-11-12 14:43:00,98
LIMIT_POWER,299.99084,2023-11-12 14:51:00,2023-11-13 18:12:00,1642
LIMIT_POWER,299.89197,2023-11-13 18:13:00,2023-11-13 18:30:00,18
LIMIT_POWER,300.0,2023-11-13 18:31:00,2023-11-13 18:48:00,18
LIMIT_POWER,299.99084,2023-11-13 18:53:00,2023-11-13 19:09:00,17
LIMIT_POWER,299.50742,2023-11-13 19:13:00,2023-11-13 19:18:00,6
LIMIT_POWER,299.99084,2023-11-13 19:19:00,2023-11-13 20:55:00,97
LIMIT_POWER,298.6285,2023-11-13 20:56:00,2023-11-13 21:00:00,5
LIMIT_POWER,298.58456,2023-11-13 21:01:00,2023-11-13 21:10:00,10
LIMIT_POWER,300.0,2023-11-13 21:11:00,2023-11-13 21:47:00,37
LIMIT_POWER,299.99084,2023-11-13 21:49:00,2023-11-13 21:55:00,7
LIMIT_POWER,299.38657,2023-11-13 21:56:00,2023-11-13 22:00:00,5
LIMIT_POWER,299.58435,2023-11-13 22:01:00,2023-11-13 22:06:00,6
LIMIT_POWER,299.46347,2023-11-13 22:07:00,2023-11-13 22:18:00,12
LIMIT_POWER,299.99084,2023-11-13 22:19:00,2023-11-13 22:27:00,9
LIMIT_POWER,299.99084,2023-11-13 22:29:00,2023-11-13 22:35:00,7
LIMIT_POWER,299.99084,2023-11-13 22:38:00,2023-11-13 23:39:00,62
LIMIT_POWER,299.99084,2023-11-13 23:41:00,2023-11-13 23:49:00,9
LIMIT_POWER,298.85922,2023-11-13 23:50:00,2023-11-13 23:54:00,5
LIMIT_POWER,299.99084,2023-11-13 23:56:00,2023-11-14 00:00:00,5
LIMIT_POWER,299.99084,2023-11-14 00:03:00,2023-11-14 00:21:00,19
LIMIT_POWER,299.99084,2023-11-14 00:23:00,2023-11-14 01:18:00,56
LIMIT_POWER,300.0,2023-11-14 01:19:00,2023-11-14 03:22:00,124
LIMIT_POWER,299.99084,2023-11-14 03:26:00,2023-11-14 05:11:00,106
LIMIT_POWER,299.99084,2023-11-14 05:16:00,2023-11-14 06:43:00,88
LIMIT_POWER,299.97986,2023-11-14 06:44:00,2023-11-14 06:49:00,6
LIMIT_POWER,299.99084,2023-11-14 06:50:00,2023-11-14 07:01:00,12
LIMIT_POWER,300.0,2023-11-14 07:02:00,2023-11-14 10:13:00,192
LIMIT_POWER,299.99084,2023-11-14 10:14:00,2023-11-14 16:00:00,347
LIMIT_POWER,299.00204,2023-11-14 16:01:00,2023-11-14 16:07:00,7
LIMIT_POWER,299.035,2023-11-14 16:08:00,2023-11-14 16:20:00,13
LIMIT_POWER,300.0,2023-11-14 16:21:00,2023-11-14 22:33:00,373
LIMIT_POWER,299.02405,2023-11-14 22:34:00,2023-11-14 22:43:00,10
LIMIT_POWER,299.46347,2023-11-14 22:44:00,2023-11-14 22:55:00,12
LIMIT_POWER,300.0,2023-11-14 22:56:00,2023-11-15 03:25:00,270
LIMIT_POWER,299.92496,2023-11-15 03:26:00,2023-11-15 03:31:00,6
LIMIT_POWER,299.99084,2023-11-15 03:32:00,2023-11-15 03:49:00,18
LIMIT_POWER,300.0,2023-11-15 03:50:00,2023-11-15 20:19:00,990
LIMIT_POWER,299.9689,2023-11-15 20:20:00,2023-11-15 20:25:00,6
LIMIT_POWER,299.99084,2023-11-15 20:26:00,2023-11-15 21:19:00,54
LIMIT_POWER,300.0,2023-11-15 21:20:00,2023-11-15 23:02:00,103
LIMIT_POWER,299.99084,2023-11-15 23:03:00,2023-11-16 01:17:00,135
LIMIT_POWER,299.07895,2023-11-16 01:21:00,2023-11-16 01:32:00,12
LIMIT_POWER,299.99084,2023-11-16 01:37:00,2023-11-16 02:09:00,33
LIMIT_POWER,299.99084,2023-11-16 02:11:00,2023-11-19 16:46:00,5196
LIMIT_POWER,299.4305,2023-11-19 16:47:00,2023-11-19 16:52:00,6
LIMIT_POWER,299.41956,2023-11-19 16:53:00,2023-11-19 17:04:00,12
LIMIT_POWER,300.0,2023-11-19 17:05:00,2023-11-19 20:28:00,204
LIMIT_POWER,299.99084,2023-11-19 20:29:00,2023-11-23 04:07:00,4779
LIMIT_POWER,299.99084,2023-11-23 04:09:00,2023-11-23 04:24:00,16
LIMIT_POWER,300.0,2023-11-23 04:25:00,2023-11-23 04:48:00,24
LIMIT_POWER,299.99084,2023-11-23 04:49:00,2023-11-23 08:04:00,196
LIMIT_POWER,299.2767,2023-11-23 08:07:00,2023-11-23 08:12:00,6
LIMIT_POWER,299.15585,2023-11-23 08:13:00,2023-11-23 08:22:00,10
LIMIT_POWER,300.0,2023-11-23 08:23:00,2023-11-23 08:40:00,18
LIMIT_POWER,299.99084,2023-11-23 08:42:00,2023-11-23 09:48:00,67
LIMIT_POWER,300.0,2023-11-23 09:49:00,2023-11-23 09:54:00,6
LIMIT_POWER,299.94693,2023-11-23 09:55:00,2023-11-23 10:00:00,6
LIMIT_POWER,299.99084,2023-11-23 10:01:00,2023-11-23 13:49:00,229
LIMIT_POWER,59.99817,2023-11-23 13:57:00,2023-11-23 15:04:00,68
LIMIT_POWER,299.99084,2023-11-23 15:12:00,2023-11-27 14:37:00,5726
LIMIT_POWER,299.99084,2023-11-27 14:39:00,2023-11-27 14:45:00,7
LIMIT_POWER,299.80408,2023-11-27 14:46:00,2023-11-27 14:51:00,6
LIMIT_POWER,299.99084,2023-11-27 14:52:00,2023-11-27 17:15:00,144
LIMIT_POWER,300.0,2023-11-27 17:16:00,2023-11-27 19:15:00,120
LIMIT_POWER,299.90298,2023-11-27 19:16:00,2023-11-27 19:21:00,6
LIMIT_POWER,299.99084,2023-11-27 19:22:00,2023-11-27 19:57:00,36
LIMIT_POWER,300.0,2023-11-27 19:58:00,2023-11-28 00:33:00,276
LIMIT_POWER,299.99084,2023-11-28 00:34:00,2023-11-28 00:38:00,5
LIMIT_POWER,299.99084,2023-11-28 00:40:00,2023-11-28 14:21:00,822
LIMIT_POWER,299.9359,2023-11-28 14:22:00,2023-11-28 14:34:00,13
LIMIT_POWER,299.99084,2023-11-28 14:35:00,2023-11-28 15:10:00,36
LIMIT_POWER,300.0,2023-11-28 15:11:00,2023-11-28 20:22:00,312
LIMIT_POWER,299.99084,2023-11-28 20:23:00,2023-11-28 20:34:00,12
LIMIT_POWER,299.88098,2023-11-28 20:35:00,2023-11-28 20:46:00,12
LIMIT_POWER,299.99084,2023-11-28 20:47:00,2023-12-02 03:06:00,4700
LIMIT_POWER,300.0,2023-12-02 03:07:00,2023-12-02 04:10:00,64
LIMIT_POWER,299.99084,2023-12-02 04:14:00,2023-12-02 05:24:00,71
LIMIT_POWER,300.0,2023-12-02 05:25:00,2023-12-02 05:30:00,6
LIMIT_POWER,299.88098,2023-12-02 05:31:00,2023-12-02 05:36:00,6
LIMIT_POWER,299.99084,2023-12-02 05:37:00,2023-12-02 17:00:00,684
LIMIT_POWER,299.7821,2023-12-02 17:01:00,2023-12-02 17:06:00,6
LIMIT_POWER,299.99084,2023-12-02 17:07:00,2023-12-02 17:12:00,6
LIMIT_POWER,299.7821,2023-12-02 17:13:00,2023-12-02 17:24:00,12
LIMIT_POWER,300.0,2023-12-02 17:25:00,2023-12-02 21:24:00,240
LIMIT_POWER,299.9689,2023-12-02 21:25:00,2023-12-02 21:30:00,6
LIMIT_POWER,299.9579,2023-12-02 21:31:00,2023-12-02 21:36:00,6
LIMIT_POWER,299.7821,2023-12-02 21:37:00,2023-12-02 21:42:00,6
LIMIT_POWER,299.99084,2023-12-02 21:43:00,2023-12-02 21:48:00,6
LIMIT_POWER,299.7272,2023-12-02 21:49:00,2023-12-02 21:54:00,6
LIMIT_POWER,299.99084,2023-12-02 21:55:00,2023-12-02 22:24:00,30
LIMIT_POWER,300.0,2023-12-02 22:25:00,2023-12-02 22:54:00,30
LIMIT_POWER,299.99084,2023-12-02 22:55:00,2023-12-02 22:58:00,4
LIMIT_POWER,299.99084,2023-12-02 23:00:00,2023-12-02 23:06:00,7
LIMIT_POWER,299.99084,2023-12-02 23:08:00,2023-12-03 00:23:00,76
LIMIT_POWER,299.76013,2023-12-03 00:25:00,2023-12-03 00:42:00,18
LIMIT_POWER,300.0,2023-12-03 00:43:00,2023-12-03 01:06:00,24
LIMIT_POWER,299.99084,2023-12-03 01:07:00,2023-12-03 01:36:00,30
LIMIT_POWER,299.84805,2023-12-03 01:37:00,2023-12-03 01:42:00,6
LIMIT_POWER,299.99084,2023-12-03 01:43:00,2023-12-03 04:06:00,144
LIMIT_POWER,299.77115,2023-12-03 04:07:00,2023-12-03 04:12:00,6
LIMIT_POWER,299.99084,2023-12-03 04:13:00,2023-12-03 04:31:00,19
LIMIT_POWER,299.66125,2023-12-03 04:37:00,2023-12-03 04:54:00,18
LIMIT_POWER,300.0,2023-12-03 04:55:00,2023-12-04 01:14:00,1220
LIMIT_POWER,299.25473,2023-12-04 01:15:00,2023-12-04 01:19:00,5
LIMIT_POWER,299.99084,2023-12-04 01:28:00,2023-12-04 01:31:00,4
LIMIT_POWER,299.7162,2023-12-04 01:32:00,2023-12-04 01:49:00,18
LIMIT_POWER,300.0,2023-12-04 01:50:00,2023-12-04 02:01:00,12
LIMIT_POWER,299.99084,2023-12-04 02:02:00,2023-12-04 02:19:00,18
LIMIT_POWER,299.92496,2023-12-04 02:20:00,2023-12-04 02:37:00,18
LIMIT_POWER,300.0,2023-12-04 02:38:00,2023-12-04 02:43:00,6
LIMIT_POWER,299.99084,2023-12-04 02:44:00,2023-12-04 03:01:00,18
LIMIT_POWER,299.44153,2023-12-04 03:02:00,2023-12-04 03:13:00,12
LIMIT_POWER,299.99084,2023-12-04 03:14:00,2023-12-04 06:19:00,186
LIMIT_POWER,300.0,2023-12-04 06:20:00,2023-12-04 06:25:00,6
LIMIT_POWER,299.99084,2023-12-04 06:26:00,2023-12-04 06:33:00,8
LIMIT_POWER,299.10092,2023-12-04 06:34:00,2023-12-04 06:43:00,10
LIMIT_POWER,298.94714,2023-12-04 06:44:00,2023-12-04 06:57:00,14
LIMIT_POWER,300.0,2023-12-04 06:58:00,2023-12-04 09:38:00,161
LIMIT_POWER,299.99084,2023-12-04 09:41:00,2023-12-04 10:01:00,21
LIMIT_POWER,300.0,2023-12-04 10:02:00,2023-12-04 10:55:00,54
LIMIT_POWER,299.99084,2023-12-04 10:56:00,2023-12-04 13:01:00,126
LIMIT_POWER,299.58435,2023-12-04 13:02:00,2023-12-04 13:13:00,12
LIMIT_POWER,299.7162,2023-12-04 13:14:00,2023-12-04 13:19:00,6
LIMIT_POWER,299.99084,2023-12-04 13:20:00,2023-12-04 13:25:00,6
LIMIT_POWER,299.7821,2023-12-04 13:26:00,2023-12-04 13:43:00,18
LIMIT_POWER,300.0,2023-12-04 13:44:00,2023-12-04 14:43:00,60
LIMIT_POWER,299.99084,2023-12-04 14:44:00,2023-12-04 14:53:00,10
LIMIT_POWER,298.50763,2023-12-04 14:56:00,2023-12-04 15:09:00,14
LIMIT_POWER,300.0,2023-12-04 15:10:00,2023-12-04 17:05:00,116
LIMIT_POWER,299.99084,2023-12-04 17:06:00,2023-12-05 05:20:00,735
LIMIT_POWER,299.99084,2023-12-05 05:22:00,2023-12-05 05:25:00,4
LIMIT_POWER,299.89197,2023-12-05 05:26:00,2023-12-05 05:37:00,12
LIMIT_POWER,300.0,2023-12-05 05:38:00,2023-12-05 05:49:00,12
LIMIT_POWER,299.99084,2023-12-05 05:50:00,2023-12-05 12:49:00,420
LIMIT_POWER,298.7384,2023-12-05 12:50:00,2023-12-05 13:04:00,15
LIMIT_POWER,300.0,2023-12-05 13:05:00,2023-12-05 17:58:00,294
LIMIT_POWER,298.91418,2023-12-05 17:59:00,2023-12-05 18:04:00,6
LIMIT_POWER,299.99084,2023-12-05 18:05:00,2023-12-05 18:18:00,14
LIMIT_POWER,299.99084,2023-12-05 18:20:00,2023-12-06 21:08:00,1609
LIMIT_POWER,300.0,2023-12-06 21:09:00,2023-12-06 22:56:00,108
LIMIT_POWER,299.99084,2023-12-06 22:58:00,2023-12-09 06:22:00,3325
LIMIT_POWER,299.859,2023-12-09 06:23:00,2023-12-09 06:28:00,6
LIMIT_POWER,299.99084,2023-12-09 06:29:00,2023-12-09 06:52:00,24
LIMIT_POWER,300.0,2023-12-09 06:53:00,2023-12-09 07:22:00,30
LIMIT_POWER,299.99084,2023-12-09 07:23:00,2023-12-09 10:28:00,186
LIMIT_POWER,300.0,2023-12-09 10:29:00,2023-12-09 16:46:00,378
LIMIT_POWER,299.99084,2023-12-09 16:47:00,2023-12-13 01:31:00,4845
LIMIT_POWER,299.5734,2023-12-13 01:37:00,2023-12-13 01:42:00,6
LIMIT_POWER,299.99084,2023-12-13 01:43:00,2023-12-13 01:46:00,4
LIMIT_POWER,299.19983,2023-12-13 01:49:00,2023-12-13 01:54:00,6
LIMIT_POWER,299.04602,2023-12-13 01:55:00,2023-12-13 02:02:00,8
LIMIT_POWER,299.99084,2023-12-13 02:03:00,2023-12-13 03:42:00,100
LIMIT_POWER,299.9359,2023-12-13 03:43:00,2023-12-13 03:48:00,6
LIMIT_POWER,299.9579,2023-12-13 03:49:00,2023-12-13 04:00:00,12
LIMIT_POWER,300.0,2023-12-13 04:01:00,2023-12-13 07:36:00,216
LIMIT_POWER,299.99084,2023-12-13 07:37:00,2023-12-13 09:12:00,96
LIMIT_POWER,300.0,2023-12-13 09:13:00,2023-12-13 10:24:00,72
LIMIT_POWER,299.99084,2023-12-13 10:26:00,2023-12-13 10:48:00,23
LIMIT_POWER,300.0,2023-12-13 10:49:00,2023-12-13 10:54:00,6
LIMIT_POWER,299.99084,2023-12-13 10:55:00,2023-12-13 11:12:00,18
LIMIT_POWER,299.9359,2023-12-13 11:13:00,2023-12-13 11:24:00,12
LIMIT_POWER,299.99084,2023-12-13 11:25:00,2023-12-13 12:23:00,59
LIMIT_POWER,299.99084,2023-12-13 12:25:00,2023-12-14 03:31:00,905
LIMIT_POWER,299.76013,2023-12-14 03:32:00,2023-12-14 03:37:00,6
LIMIT_POWER,299.59537,2023-12-14 03:38:00,2023-12-14 03:49:00,12
LIMIT_POWER,300.0,2023-12-14 03:50:00,2023-12-14 04:13:00,24
LIMIT_POWER,299.99084,2023-12-14 04:14:00,2023-12-14 06:10:00,117
LIMIT_POWER,299.08997,2023-12-14 06:11:00,2023-12-14 06:25:00,15
LIMIT_POWER,300.0,2023-12-14 06:26:00,2023-12-14 09:13:00,168
LIMIT_POWER,299.99084,2023-12-14 09:14:00,2023-12-14 11:51:00,158
LIMIT_POWER,299.76013,2023-12-14 11:56:00,2023-12-14 12:01:00,6
LIMIT_POWER,299.99084,2023-12-14 12:02:00,2023-12-14 13:19:00,78
LIMIT_POWER,299.45248,2023-12-14 13:20:00,2023-12-14 13:25:00,6
LIMIT_POWER,299.99084,2023-12-14 13:26:00,2023-12-14 13:37:00,12
LIMIT_POWER,299.48544,2023-12-14 13:38:00,2023-12-14 13:49:00,12
LIMIT_POWER,300.0,2023-12-14 13:50:00,2023-12-14 14:19:00,30
LIMIT_POWER,299.99084,2023-12-14 14:20:00,2023-12-14 14:23:00,4
LIMIT_POWER,299.5404,2023-12-14 14:26:00,2023-12-14 14:43:00,18
LIMIT_POWER,300.0,2023-12-14 14:44:00,2023-12-14 17:55:00,192
LIMIT_POWER,299.99084,2023-12-14 17:58:00,2023-12-14 18:13:00,16
LIMIT_POWER,300.0,2023-12-14 18:14:00,2023-12-14 18:25:00,12
LIMIT_POWER,299.99084,2023-12-14 18:26:00,2023-12-14 19:31:00,66
LIMIT_POWER,299.77115,2023-12-14 19:32:00,2023-12-14 19:37:00,6
LIMIT_POWER,299.6283,2023-12-14 19:38:00,2023-12-14 19:43:00,6
LIMIT_POWER,299.94693,2023-12-14 19:44:00,2023-12-14 19:55:00,12
LIMIT_POWER,300.0,2023-12-14 19:56:00,2023-12-14 20:43:00,48
LIMIT_POWER,299.99084,2023-12-14 20:44:00,2023-12-14 21:37:00,54
LIMIT_POWER,299.99084,2023-12-14 21:39:00,2023-12-18 00:39:00,4501
LIMIT_POWER,300.0,2023-12-18 00:40:00,2023-12-18 02:45:00,126
LIMIT_POWER,299.99084,2023-12-18 02:46:00,2023-12-18 03:02:00,17
LIMIT_POWER,299.73816,2023-12-18 03:10:00,2023-12-18 03:15:00,6
LIMIT_POWER,299.74918,2023-12-18 03:16:00,2023-12-18 03:21:00,6
LIMIT_POWER,299.99084,2023-12-18 03:22:00,2023-12-18 03:28:00,7
LIMIT_POWER,299.99084,2023-12-18 03:30:00,2023-12-18 06:42:00,193
LIMIT_POWER,299.99084,2023-12-18 06:44:00,2023-12-18 07:00:00,17
LIMIT_POWER,299.99084,2023-12-18 07:02:00,2023-12-18 07:15:00,14
LIMIT_POWER,299.9579,2023-12-18 07:16:00,2023-12-18 07:21:00,6
LIMIT_POWER,299.99084,2023-12-18 07:22:00,2023-12-18 07:33:00,12
LIMIT_POWER,300.0,2023-12-18 07:34:00,2023-12-18 09:09:00,96
LIMIT_POWER,299.99084,2023-12-18 09:10:00,2023-12-19 07:15:00,1326
LIMIT_POWER,299.99084,2023-12-19 07:17:00,2023-12-23 09:00:00,5864
LIMIT_POWER,300.0,2023-12-23 09:01:00,2023-12-23 11:12:00,132
LIMIT_POWER,299.99084,2023-12-23 11:13:00,2023-12-23 15:12:00,240
LIMIT_POWER,299.50742,2023-12-23 15:13:00,2023-12-23 15:30:00,18
LIMIT_POWER,299.99084,2023-12-23 15:31:00,2023-12-25 10:24:00,2574
LIMIT_POWER,299.99084,2023-12-25 10:28:00,2023-12-25 10:35:00,8
LIMIT_POWER,299.99084,2023-12-25 10:37:00,2023-12-25 10:48:00,12
LIMIT_POWER,299.99084,2023-12-25 10:51:00,2023-12-25 11:07:00,17
LIMIT_POWER,299.94693,2023-12-25 11:08:00,2023-12-25 11:13:00,6
LIMIT_POWER,299.99084,2023-12-25 11:14:00,2023-12-25 11:25:00,12
LIMIT_POWER,299.97986,2023-12-25 11:26:00,2023-12-25 11:31:00,6
LIMIT_POWER,299.99084,2023-12-25 11:32:00,2023-12-25 13:43:00,132
LIMIT_POWER,299.83704,2023-12-25 13:44:00,2023-12-25 13:48:00,5
LIMIT_POWER,299.23276,2023-12-25 13:49:00,2023-12-25 14:03:00,15
LIMIT_POWER,300.0,2023-12-25 14:04:00,2023-12-25 23:14:00,551
LIMIT_POWER,299.90298,2023-12-25 23:15:00,2023-12-25 23:20:00,6
LIMIT_POWER,299.99084,2023-12-25 23:21:00,2023-12-25 23:24:00,4
LIMIT_POWER,299.99084,2023-12-25 23:26:00,2023-12-25 23:32:00,7
LIMIT_POWER,299.66125,2023-12-25 23:33:00,2023-12-25 23:38:00,6
LIMIT_POWER,299.99084,2023-12-25 23:41:00,2023-12-26 06:02:00,382
LIMIT_POWER,299.83704,2023-12-26 06:03:00,2023-12-26 06:08:00,6
LIMIT_POWER,299.9579,2023-12-26 06:09:00,2023-12-26 06:20:00,12
LIMIT_POWER,300.0,2023-12-26 06:21:00,2023-12-26 06:32:00,12
LIMIT_POWER,299.99084,2023-12-26 06:33:00,2023-12-26 07:14:00,42
LIMIT_POWER,299.7821,2023-12-26 07:15:00,2023-12-26 07:20:00,6
LIMIT_POWER,299.99084,2023-12-26 07:21:00,2023-12-26 07:26:00,6
LIMIT_POWER,299.52942,2023-12-26 07:27:00,2023-12-26 07:32:00,6
LIMIT_POWER,299.48544,2023-12-26 07:33:00,2023-12-26 07:44:00,12
LIMIT_POWER,300.0,2023-12-26 07:45:00,2023-12-26 08:08:00,24
LIMIT_POWER,299.90298,2023-12-26 08:09:00,2023-12-26 08:14:00,6
LIMIT_POWER,299.44153,2023-12-26 08:15:00,2023-12-26 08:20:00,6
LIMIT_POWER,299.99084,2023-12-26 08:21:00,2023-12-26 12:44:00,264
LIMIT_POWER,300.0,2023-12-26 12:45:00,2023-12-26 12:56:00,12
LIMIT_POWER,299.99084,2023-12-26 12:57:00,2023-12-26 13:14:00,18
LIMIT_POWER,299.52942,2023-12-26 13:15:00,2023-12-26 13:32:00,18
LIMIT_POWER,299.99084,2023-12-26 13:33:00,2023-12-26 13:51:00,19
LIMIT_POWER,297.36505,2023-12-26 13:52:00,2023-12-26 13:56:00,5
LIMIT_POWER,299.99084,2023-12-26 13:58:00,2023-12-26 14:20:00,23
LIMIT_POWER,300.0,2023-12-26 14:21:00,2023-12-26 14:44:00,24
LIMIT_POWER,299.99084,2023-12-26 14:45:00,2023-12-26 15:18:00,34
LIMIT_POWER,299.99084,2023-12-26 15:20:00,2023-12-26 18:32:00,193
LIMIT_POWER,300.0,2023-12-26 18:33:00,2023-12-26 19:38:00,66
LIMIT_POWER,299.59537,2023-12-26 19:39:00,2023-12-26 19:50:00,12
LIMIT_POWER,300.0,2023-12-26 19:51:00,2023-12-26 20:08:00,18
LIMIT_POWER,299.99084,2023-12-26 20:09:00,2023-12-26 20:26:00,18
LIMIT_POWER,299.9359,2023-12-26 20:27:00,2023-12-26 20:32:00,6
LIMIT_POWER,299.02405,2023-12-26 20:34:00,2023-12-26 20:37:00,4
LIMIT_POWER,299.99084,2023-12-26 20:38:00,2023-12-27 00:55:00,258
LIMIT_POWER,299.99084,2023-12-27 00:58:00,2023-12-27 01:02:00,5
LIMIT_POWER,299.97986,2023-12-27 01:03:00,2023-12-27 01:08:00,6
LIMIT_POWER,299.99084,2023-12-27 01:09:00,2023-12-27 01:20:00,12
LIMIT_POWER,300.0,2023-12-27 01:21:00,2023-12-27 02:14:00,54
LIMIT_POWER,299.99084,2023-12-27 02:15:00,2023-12-27 02:26:00,12
LIMIT_POWER,300.0,2023-12-27 02:27:00,2023-12-27 03:26:00,60
LIMIT_POWER,299.7821,2023-12-27 03:27:00,2023-12-27 03:32:00,6
LIMIT_POWER,299.99084,2023-12-27 03:33:00,2023-12-27 22:27:00,1135
LIMIT_POWER,299.94693,2023-12-27 22:28:00,2023-12-27 22:45:00,18
LIMIT_POWER,300.0,2023-12-27 22:46:00,2023-12-27 22:57:00,12
LIMIT_POWER,299.50742,2023-12-27 22:58:00,2023-12-27 23:03:00,6
LIMIT_POWER,299.5734,2023-12-27 23:04:00,2023-12-27 23:15:00,12
LIMIT_POWER,300.0,2023-12-27 23:16:00,2023-12-27 23:27:00,12
LIMIT_POWER,299.99084,2023-12-27 23:28:00,2023-12-28 00:45:00,78
LIMIT_POWER,300.0,2023-12-28 00:46:00,2023-12-28 00:51:00,6
LIMIT_POWER,299.88098,2023-12-28 00:52:00,2023-12-28 01:09:00,18
LIMIT_POWER,300.0,2023-12-28 01:10:00,2023-12-28 14:51:00,822
LIMIT_POWER,299.99084,2023-12-28 14:52:00,2023-12-28 18:05:00,194
LIMIT_POWER,299.80408,2023-12-28 18:06:00,2023-12-28 18:11:00,6
LIMIT_POWER,299.99084,2023-12-28 18:12:00,2023-12-28 18:23:00,12
LIMIT_POWER,299.51846,2023-12-28 18:24:00,2023-12-28 18:41:00,18
LIMIT_POWER,300.0,2023-12-28 18:42:00,2023-12-28 19:00:00,19
LIMIT_POWER,299.99084,2023-12-28 19:01:00,2023-12-28 19:11:00,11
LIMIT_POWER,299.80408,2023-12-28 19:12:00,2023-12-28 19:18:00,7
LIMIT_POWER,299.99084,2023-12-28 19:19:00,2023-12-28 19:36:00,18
LIMIT_POWER,300.0,2023-12-28 19:37:00,2023-12-28 19:42:00,6
LIMIT_POWER,299.90298,2023-12-28 19:43:00,2023-12-28 19:47:00,5
LIMIT_POWER,299.99084,2023-12-28 19:48:00,2023-12-28 21:00:00,73
LIMIT_POWER,300.0,2023-12-28 21:01:00,2023-12-28 21:11:00,11
LIMIT_POWER,299.80408,2023-12-28 21:12:00,2023-12-28 21:23:00,12
LIMIT_POWER,300.0,2023-12-28 21:24:00,2023-12-29 15:30:00,1087
LIMIT_POWER,299.99084,2023-12-29 15:31:00,2023-12-29 16:26:00,56
LIMIT_POWER,300.0,2023-12-29 16:27:00,2023-12-29 16:38:00,12
LIMIT_POWER,299.99084,2023-12-29 16:39:00,2023-12-30 05:26:00,768
LIMIT_POWER,300.0,2023-12-30 05:27:00,2023-12-30 05:32:00,6
LIMIT_POWER,299.99084,2023-12-30 05:34:00,2023-12-30 05:38:00,5
LIMIT_POWER,299.83704,2023-12-30 05:39:00,2023-12-30 05:44:00,6
LIMIT_POWER,299.99084,2023-12-30 05:45:00,2024-01-01 08:03:00,3019
LIMIT_POWER,299.99084,2024-01-01 08:06:00,2024-01-01 08:33:00,28
LIMIT_POWER,300.0,2024-01-01 08:34:00,2024-01-02 15:28:00,1855
LIMIT_POWER,299.99084,2024-01-02 15:29:00,2024-01-02 15:34:00,6
LIMIT_POWER,299.13388,2024-01-02 15:35:00,2024-01-02 15:49:00,15
LIMIT_POWER,300.0,2024-01-02 15:50:00,2024-01-02 16:47:00,58
LIMIT_POWER,299.99084,2024-01-02 16:49:00,2024-01-02 19:52:00,184
LIMIT_POWER,300.0,2024-01-02 19:53:00,2024-01-02 22:10:00,138
LIMIT_POWER,299.99084,2024-01-02 22:11:00,2024-01-04 04:46:00,1836
LIMIT_POWER,299.99084,2024-01-04 04:48:00,2024-01-04 05:03:00,16
LIMIT_POWER,299.30966,2024-01-04 05:07:00,2024-01-04 05:11:00,5
LIMIT_POWER,299.77115,2024-01-04 05:12:00,2024-01-04 05:16:00,5
LIMIT_POWER,299.99084,2024-01-04 05:18:00,2024-01-05 06:05:00,1488
LIMIT_POWER,299.5734,2024-01-05 06:06:00,2024-01-05 06:11:00,6
LIMIT_POWER,299.69424,2024-01-05 06:12:00,2024-01-05 06:23:00,12
LIMIT_POWER,300.0,2024-01-05 06:24:00,2024-01-05 06:59:00,36
LIMIT_POWER,299.67227,2024-01-05 07:00:00,2024-01-05 07:17:00,18
LIMIT_POWER,300.0,2024-01-05 07:18:00,2024-01-05 16:42:00,565
LIMIT_POWER,299.99084,2024-01-05 16:43:00,2024-01-05 17:06:00,24
LIMIT_POWER,299.77115,2024-01-05 17:07:00,2024-01-05 17:24:00,18
LIMIT_POWER,300.0,2024-01-05 17:25:00,2024-01-05 18:06:00,42
LIMIT_POWER,299.99084,2024-01-05 18:07:00,2024-01-05 18:42:00,36
LIMIT_POWER,299.7052,2024-01-05 18:43:00,2024-01-05 19:00:00,18
LIMIT_POWER,300.0,2024-01-05 19:01:00,2024-01-05 19:18:00,18
LIMIT_POWER,299.99084,2024-01-05 19:19:00,2024-01-05 19:42:00,24
LIMIT_POWER,299.4305,2024-01-05 19:43:00,2024-01-05 20:00:00,18
LIMIT_POWER,299.48544,2024-01-05 20:01:00,2024-01-05 20:06:00,6
LIMIT_POWER,299.44153,2024-01-05 20:07:00,2024-01-05 20:18:00,12
LIMIT_POWER,300.0,2024-01-05 20:19:00,2024-01-05 23:20:00,182
LIMIT_POWER,299.99084,2024-01-05 23:21:00,2024-01-06 07:36:00,496
LIMIT_POWER,300.0,2024-01-06 07:37:00,2024-01-06 12:24:00,288
LIMIT_POWER,299.99084,2024-01-06 12:25:00,2024-01-06 12:42:00,18
LIMIT_POWER,300.0,2024-01-06 12:43:00,2024-01-06 12:54:00,12
LIMIT_POWER,299.9689,2024-01-06 12:55:00,2024-01-06 13:00:00,6
LIMIT_POWER,299.9579,2024-01-06 13:01:00,2024-01-06 13:06:00,6
LIMIT_POWER,299.99084,2024-01-06 13:07:00,2024-01-07 19:44:00,1838
LIMIT_POWER,299.99084,2024-01-07 19:46:00,2024-01-07 20:07:00,22
LIMIT_POWER,300.0,2024-01-07 20:08:00,2024-01-08 04:37:00,510
LIMIT_POWER,299.99084,2024-01-08 04:38:00,2024-01-08 04:55:00,18
LIMIT_POWER,299.77115,2024-01-08 04:56:00,2024-01-08 05:07:00,12
LIMIT_POWER,299.99084,2024-01-08 05:08:00,2024-01-08 05:55:00,48
LIMIT_POWER,300.0,2024-01-08 05:56:00,2024-01-08 06:07:00,12
LIMIT_POWER,299.6283,2024-01-08 06:14:00,2024-01-08 06:31:00,18
LIMIT_POWER,299.99084,2024-01-08 06:35:00,2024-01-08 07:33:00,59
LIMIT_POWER,299.99084,2024-01-08 07:36:00,2024-01-08 07:55:00,20
LIMIT_POWER,300.0,2024-01-08 07:56:00,2024-01-08 09:13:00,78
LIMIT_POWER,299.99084,2024-01-08 09:14:00,2024-01-08 13:37:00,264
LIMIT_POWER,299.76013,2024-01-08 13:38:00,2024-01-08 13:49:00,12
LIMIT_POWER,299.99084,2024-01-08 13:50:00,2024-01-08 21:17:00,448
LIMIT_POWER,299.99084,2024-01-08 21:20:00,2024-01-08 22:19:00,60
LIMIT_POWER,300.0,2024-01-08 22:20:00,2024-01-09 10:26:00,727
LIMIT_POWER,299.99084,2024-01-09 10:27:00,2024-01-09 11:58:00,92
LIMIT_POWER,299.99084,2024-01-09 12:00:00,2024-01-09 12:14:00,15
LIMIT_POWER,300.0,2024-01-09 12:15:00,2024-01-09 12:19:00,5
LIMIT_POWER,299.99084,2024-01-09 12:21:00,2024-01-09 12:50:00,30
LIMIT_POWER,300.0,2024-01-09 12:51:00,2024-01-09 13:15:00,25
LIMIT_POWER,299.99084,2024-01-09 13:17:00,2024-01-09 14:02:00,46
LIMIT_POWER,299.89197,2024-01-09 14:03:00,2024-01-09 14:20:00,18
LIMIT_POWER,299.99084,2024-01-09 14:21:00,2024-01-10 22:21:00,1921
LIMIT_POWER,299.6503,2024-01-10 22:22:00,2024-01-10 22:39:00,18
LIMIT_POWER,300.0,2024-01-10 22:40:00,2024-01-10 22:57:00,18
LIMIT_POWER,299.99084,2024-01-10 22:58:00,2024-01-10 23:45:00,48
LIMIT_POWER,299.9359,2024-01-10 23:46:00,2024-01-11 00:03:00,18
LIMIT_POWER,300.0,2024-01-11 00:04:00,2024-01-11 00:51:00,48
LIMIT_POWER,299.99084,2024-01-11 00:52:00,2024-01-12 07:27:00,1836
LIMIT_POWER,299.39758,2024-01-12 07:28:00,2024-01-12 07:39:00,12
LIMIT_POWER,300.0,2024-01-12 07:40:00,2024-01-12 23:34:00,954
LIMIT_POWER,299.6283,2024-01-12 23:35:00,2024-01-12 23:40:00,6
LIMIT_POWER,299.99084,2024-01-12 23:41:00,2024-01-13 00:16:00,36
LIMIT_POWER,300.0,2024-01-13 00:17:00,2024-01-13 02:58:00,162
LIMIT_POWER,299.99084,2024-01-13 02:59:00,2024-01-13 03:06:00,8
LIMIT_POWER,299.99084,2024-01-13 03:08:00,2024-01-13 03:22:00,15
LIMIT_POWER,299.80408,2024-01-13 03:23:00,2024-01-13 03:28:00,6
LIMIT_POWER,299.99084,2024-01-13 03:29:00,2024-01-13 03:34:00,6
LIMIT_POWER,299.45248,2024-01-13 03:35:00,2024-01-13 03:40:00,6
LIMIT_POWER,299.99084,2024-01-13 03:41:00,2024-01-13 04:34:00,54
LIMIT_POWER,300.0,2024-01-13 04:35:00,2024-01-13 04:40:00,6
LIMIT_POWER,299.99084,2024-01-13 04:41:00,2024-01-13 05:04:00,24
LIMIT_POWER,300.0,2024-01-13 05:05:00,2024-01-13 10:28:00,324
LIMIT_POWER,299.99084,2024-01-13 10:29:00,2024-01-15 17:11:00,3282
LIMIT_POWER,300.0,2024-01-15 17:12:00,2024-01-15 17:44:00,33
LIMIT_POWER,298.78232,2024-01-15 17:48:00,2024-01-15 17:53:00,6
LIMIT_POWER,299.10092,2024-01-15 17:54:00,2024-01-15 18:03:00,10
LIMIT_POWER,299.99084,2024-01-15 18:05:00,2024-01-15 19:17:00,73
LIMIT_POWER,299.99084,2024-01-15 19:19:00,2024-01-15 19:35:00,17
LIMIT_POWER,300.0,2024-01-15 19:36:00,2024-01-15 19:47:00,12
LIMIT_POWER,299.08997,2024-01-15 19:48:00,2024-01-15 19:51:00,4
LIMIT_POWER,299.99084,2024-01-15 19:52:00,2024-01-15 20:23:00,32
LIMIT_POWER,299.7162,2024-01-15 20:24:00,2024-01-15 20:29:00,6
LIMIT_POWER,299.99084,2024-01-15 20:30:00,2024-01-16 11:46:00,917
LIMIT_POWER,299.99084,2024-01-16 11:48:00,2024-01-16 12:22:00,35
LIMIT_POWER,299.99084,2024-01-16 12:24:00,2024-01-16 12:32:00,9
LIMIT_POWER,299.9689,2024-01-16 12:37:00,2024-01-16 12:42:00,6
LIMIT_POWER,299.99084,2024-01-16 12:43:00,2024-01-16 14:28:00,106
LIMIT_POWER,299.99084,2024-01-16 14:32:00,2024-01-17 09:12:00,1121
LIMIT_POWER,300.0,2024-01-17 09:13:00,2024-01-17 09:26:00,14
LIMIT_POWER,299.99084,2024-01-17 09:28:00,2024-01-17 14:54:00,326
LIMIT_POWER,300.0,2024-01-17 14:55:00,2024-01-17 15:24:00,30
LIMIT_POWER,299.99084,2024-01-17 15:25:00,2024-01-18 15:51:00,1467
LIMIT_POWER,300.0,2024-01-18 15:52:00,2024-01-18 17:07:00,76
LIMIT_POWER,299.99084,2024-01-18 17:09:00,2024-01-22 03:06:00,4918
LIMIT_POWER,59.99817,2024-01-22 03:14:00,2024-01-22 03:28:00,15
LIMIT_POWER,299.99084,2024-01-22 03:36:00,2024-01-22 04:26:00,51
LIMIT_POWER,59.99817,2024-01-22 04:36:00,2024-01-22 05:37:00,62
LIMIT_POWER,299.99084,2024-01-22 05:45:00,2024-01-22 13:33:00,469
LIMIT_POWER,59.99817,2024-01-22 13:42:00,2024-01-22 14:21:00,40
LIMIT_POWER,299.99084,2024-01-22 14:29:00,2024-01-23 10:34:00,1206
LIMIT_POWER,59.99817,2024-01-23 10:44:00,2024-01-23 14:13:00,210
LIMIT_POWER,299.99084,2024-01-23 14:21:00,2024-01-25 08:19:00,2519
LIMIT_POWER,300.0,2024-01-25 08:20:00,2024-02-02 22:04:00,12335
LIMIT_POWER,299.99084,2024-02-02 22:06:00,2024-02-08 12:36:00,8071
LIMIT_POWER,29.993593,2024-02-08 12:39:00,2024-02-08 14:04:00,86
LIMIT_POWER,299.99084,2024-02-08 14:09:00,2024-02-09 07:02:00,1014
LIMIT_POWER,299.99084,2024-02-09 07:05:00,2024-02-09 07:19:00,15
LIMIT_POWER,300.0,2024-02-09 07:20:00,2024-02-09 07:37:00,18
LIMIT_POWER,299.84805,2024-02-09 07:38:00,2024-02-09 07:43:00,6
LIMIT_POWER,299.89197,2024-02-09 07:44:00,2024-02-09 07:49:00,6
LIMIT_POWER,299.77115,2024-02-09 07:50:00,2024-02-09 07:55:00,6
LIMIT_POWER,299.99084,2024-02-09 08:02:00,2024-02-09 08:19:00,18
LIMIT_POWER,300.0,2024-02-09 08:20:00,2024-02-09 08:25:00,6
LIMIT_POWER,299.99084,2024-02-09 08:26:00,2024-02-09 11:14:00,169
LIMIT_POWER,299.99084,2024-02-09 11:16:00,2024-02-09 11:23:00,8
LIMIT_POWER,299.99084,2024-02-09 11:25:00,2024-02-09 11:30:00,6
LIMIT_POWER,299.99084,2024-02-09 11:32:00,2024-02-09 11:59:00,28
LIMIT_POWER,299.99084,2024-02-09 12:01:00,2024-02-09 12:06:00,6
LIMIT_POWER,299.99084,2024-02-09 12:09:00,2024-02-09 12:25:00,17
LIMIT_POWER,299.7821,2024-02-09 12:26:00,2024-02-09 12:31:00,6
LIMIT_POWER,299.81506,2024-02-09 12:32:00,2024-02-09 12:43:00,12
LIMIT_POWER,300.0,2024-02-09 12:44:00,2024-02-09 14:25:00,102
LIMIT_POWER,299.99084,2024-02-09 14:26:00,2024-02-09 14:43:00,18
LIMIT_POWER,300.0,2024-02-09 14:44:00,2024-02-09 19:20:00,277
LIMIT_POWER,299.99084,2024-02-09 19:21:00,2024-02-10 09:38:00,858
LIMIT_POWER,300.0,2024-02-10 09:39:00,2024-02-10 14:31:00,293
LIMIT_POWER,299.99084,2024-02-10 14:34:00,2024-02-10 15:08:00,35
LIMIT_POWER,300.0,2024-02-10 15:09:00,2024-02-10 22:53:00,465
LIMIT_POWER,299.2877,2024-02-10 22:54:00,2024-02-10 23:08:00,15
LIMIT_POWER,300.0,2024-02-10 23:09:00,2024-02-10 23:18:00,10
LIMIT_POWER,299.99084,2024-02-10 23:20:00,2024-02-11 00:00:00,41
LIMIT_POWER,298.96912,2024-02-11 00:01:00,2024-02-11 00:15:00,15
LIMIT_POWER,300.0,2024-02-11 00:16:00,2024-02-11 03:07:00,172
LIMIT_POWER,299.99084,2024-02-11 03:12:00,2024-02-11 09:03:00,352
LIMIT_POWER,299.99084,2024-02-11 09:05:00,2024-02-11 09:20:00,16
LIMIT_POWER,299.84805,2024-02-11 09:21:00,2024-02-11 09:26:00,6
LIMIT_POWER,299.99084,2024-02-11 09:27:00,2024-02-11 09:32:00,6
LIMIT_POWER,299.91394,2024-02-11 09:33:00,2024-02-11 09:50:00,18
LIMIT_POWER,300.0,2024-02-11 09:51:00,2024-02-11 20:21:00,631
LIMIT_POWER,299.99084,2024-02-11 20:22:00,2024-02-12 09:47:00,806
LIMIT_POWER,29.993593,2024-02-12 09:51:00,2024-02-12 17:00:00,430
LIMIT_POWER,299.99084,2024-02-12 17:09:00,2024-02-13 08:53:00,945
LIMIT_POWER,29.993593,2024-02-13 09:00:00,2024-02-13 11:38:00,159
LIMIT_POWER,299.99084,2024-02-13 11:47:00,2024-02-14 11:10:00,1404
LIMIT_POWER,300.0,2024-02-14 11:11:00,2024-02-14 11:34:00,24
LIMIT_POWER,299.99084,2024-02-14 11:35:00,2024-02-14 12:40:00,66
LIMIT_POWER,300.0,2024-02-14 12:41:00,2024-02-14 12:49:00,9
LIMIT_POWER,299.1119,2024-02-14 12:50:00,2024-02-14 13:04:00,15
LIMIT_POWER,300.0,2024-02-14 13:05:00,2024-02-14 19:34:00,390
LIMIT_POWER,299.99084,2024-02-14 19:35:00,2024-02-14 23:58:00,264
LIMIT_POWER,299.859,2024-02-14 23:59:00,2024-02-15 00:04:00,6
LIMIT_POWER,299.99084,2024-02-15 00:05:00,2024-02-15 00:16:00,12
LIMIT_POWER,299.4305,2024-02-15 00:17:00,2024-02-15 00:28:00,12
LIMIT_POWER,300.0,2024-02-15 00:29:00,2024-02-15 01:28:00,60
LIMIT_POWER,299.99084,2024-02-15 01:29:00,2024-02-15 08:01:00,393
LIMIT_POWER,29.993593,2024-02-15 08:07:00,2024-02-15 09:02:00,56
LIMIT_POWER,299.99084,2024-02-15 09:12:00,2024-02-16 06:05:00,1254
LIMIT_POWER,299.84805,2024-02-16 06:06:00,2024-02-16 06:11:00,6
LIMIT_POWER,299.99084,2024-02-16 06:12:00,2024-02-16 06:41:00,30
LIMIT_POWER,300.0,2024-02-16 06:42:00,2024-02-16 06:47:00,6
LIMIT_POWER,299.80408,2024-02-16 06:48:00,2024-02-16 06:59:00,10
LIMIT_POWER,300.0,2024-02-16 07:00:00,2024-02-16 07:05:00,6
LIMIT_POWER,299.76013,2024-02-16 07:06:00,2024-02-16 07:17:00,12
LIMIT_POWER,299.84805,2024-02-16 07:18:00,2024-02-16 07:23:00,6
LIMIT_POWER,299.99084,2024-02-16 07:24:00,2024-02-16 08:11:00,48
LIMIT_POWER,300.0,2024-02-16 08:12:00,2024-02-16 15:09:00,418
LIMIT_POWER,299.2987,2024-02-16 15:12:00,2024-02-16 15:23:00,12
LIMIT_POWER,299.99084,2024-02-16 15:26:00,2024-02-16 15:47:00,22
LIMIT_POWER,300.0,2024-02-16 15:48:00,2024-02-16 16:04:00,17
LIMIT_POWER,299.99084,2024-02-16 16:06:00,2024-02-17 09:34:00,1041
LIMIT_POWER,29.993593,2024-02-17 09:39:00,2024-02-17 15:49:00,371
LIMIT_POWER,299.99084,2024-02-17 15:58:00,2024-02-18 07:04:00,907
LIMIT_POWER,29.993593,2024-02-18 07:14:00,2024-02-18 07:21:00,8
LIMIT_POWER,299.99084,2024-02-18 07:30:00,2024-02-20 04:27:00,2696
LIMIT_POWER,29.993593,2024-02-20 04:33:00,2024-02-20 05:28:00,56
LIMIT_POWER,299.99084,2024-02-20 05:36:00,2024-02-26 11:50:00,9012
LIMIT_POWER,29.993593,2024-02-26 11:53:00,2024-02-26 13:36:00,104
LIMIT_POWER,299.99084,2024-02-26 13:41:00,2024-02-27 13:18:00,1418
LIMIT_POWER,300.0,2024-02-27 13:19:00,2024-02-27 13:42:00,24
LIMIT_POWER,299.99084,2024-02-27 13:43:00,2024-02-27 14:00:00,18
LIMIT_POWER,300.0,2024-02-27 14:01:00,2024-02-27 15:51:00,111
LIMIT_POWER,299.99084,2024-02-27 15:53:00,2024-02-27 16:12:00,20
LIMIT_POWER,300.0,2024-02-27 16:13:00,2024-02-27 16:42:00,30
LIMIT_POWER,299.99084,2024-02-27 16:43:00,2024-02-28 03:30:00,648
LIMIT_POWER,299.61734,2024-02-28 03:31:00,2024-02-28 03:36:00,6
LIMIT_POWER,299.99084,2024-02-28 03:37:00,2024-02-28 14:00:00,624
LIMIT_POWER,299.94693,2024-02-28 14:01:00,2024-02-28 14:12:00,12
LIMIT_POWER,300.0,2024-02-28 14:13:00,2024-02-28 14:48:00,36
LIMIT_POWER,299.99084,2024-02-28 14:49:00,2024-02-28 14:54:00,6
LIMIT_POWER,299.45248,2024-02-28 14:55:00,2024-02-28 15:06:00,12
LIMIT_POWER,300.0,2024-02-28 15:07:00,2024-02-28 18:50:00,224
LIMIT_POWER,299.99084,2024-02-28 18:51:00,2024-02-28 19:47:00,57
LIMIT_POWER,298.74936,2024-02-28 19:48:00,2024-02-28 20:02:00,15
LIMIT_POWER,300.0,2024-02-28 20:03:00,2024-02-28 20:07:00,5
LIMIT_POWER,299.99084,2024-02-28 20:09:00,2024-03-02 00:01:00,3113
LIMIT_POWER,299.99084,2024-03-02 00:05:00,2024-03-02 00:32:00,28
LIMIT_POWER,300.0,2024-03-02 00:33:00,2024-03-02 03:32:00,180
LIMIT_POWER,299.56238,2024-03-02 03:33:00,2024-03-02 03:38:00,6
LIMIT_POWER,299.4305,2024-03-02 03:39:00,2024-03-02 03:50:00,12
LIMIT_POWER,299.99084,2024-03-02 03:51:00,2024-03-06 13:25:00,6335
LIMIT_POWER,59.99817,2024-03-06 13:33:00,2024-03-06 14:28:00,56
LIMIT_POWER,299.99084,2024-03-06 14:36:00,2024-03-07 04:57:00,862
LIMIT_POWER,299.99084,2024-03-07 05:01:00,2024-03-07 05:11:00,11
LIMIT_POWER,299.69424,2024-03-07 05:12:00,2024-03-07 05:29:00,18
LIMIT_POWER,300.0,2024-03-07 05:30:00,2024-03-07 05:59:00,30
LIMIT_POWER,299.90298,2024-03-07 06:00:00,2024-03-07 06:05:00,6
LIMIT_POWER,299.99084,2024-03-07 06:06:00,2024-03-07 06:11:00,6
LIMIT_POWER,299.84805,2024-03-07 06:12:00,2024-03-07 06:23:00,12
LIMIT_POWER,300.0,2024-03-07 06:24:00,2024-03-07 12:14:00,351
LIMIT_POWER,299.83704,2024-03-07 12:18:00,2024-03-07 12:23:00,6
LIMIT_POWER,299.99084,2024-03-07 12:24:00,2024-03-07 12:50:00,27
LIMIT_POWER,299.58435,2024-03-07 12:54:00,2024-03-07 12:59:00,6
LIMIT_POWER,299.94693,2024-03-07 13:00:00,2024-03-07 13:05:00,6
LIMIT_POWER,299.99084,2024-03-07 13:06:00,2024-03-07 13:53:00,48
LIMIT_POWER,300.0,2024-03-07 13:54:00,2024-03-07 17:35:00,222
LIMIT_POWER,299.99084,2024-03-07 17:36:00,2024-03-07 19:16:00,101
LIMIT_POWER,299.7272,2024-03-07 19:18:00,2024-03-07 19:29:00,12
LIMIT_POWER,299.99084,2024-03-07 19:30:00,2024-03-08 23:30:00,1681
LIMIT_POWER,299.9579,2024-03-08 23:31:00,2024-03-08 23:42:00,12
LIMIT_POWER,300.0,2024-03-08 23:43:00,2024-03-09 04:54:00,312
LIMIT_POWER,299.99084,2024-03-09 04:55:00,2024-03-09 10:36:00,342
LIMIT_POWER,300.0,2024-03-09 10:37:00,2024-03-09 19:16:00,520
LIMIT_POWER,299.99084,2024-03-09 19:19:00,2024-03-09 20:07:00,49
LIMIT_POWER,299.99084,2024-03-09 20:09:00,2024-03-09 20:22:00,14
LIMIT_POWER,299.99084,2024-03-09 20:25:00,2024-03-11 15:19:00,2575
LIMIT_POWER,300.0,2024-03-11 15:20:00,2024-03-11 17:49:00,150
LIMIT_POWER,299.99084,2024-03-11 17:50:00,2024-03-12 02:43:00,534
LIMIT_POWER,300.0,2024-03-12 02:44:00,2024-03-12 04:01:00,78
LIMIT_POWER,299.99084,2024-03-12 04:02:00,2024-03-12 11:26:00,445
LIMIT_POWER,59.99817,2024-03-12 11:34:00,2024-03-12 14:47:00,194
LIMIT_POWER,299.99084,2024-03-12 14:55:00,2024-03-12 21:32:00,398
LIMIT_POWER,300.0,2024-03-12 21:33:00,2024-03-12 22:45:00,73
LIMIT_POWER,299.99084,2024-03-12 22:47:00,2024-03-12 23:32:00,46
LIMIT_POWER,300.0,2024-03-12 23:33:00,2024-03-13 00:02:00,30
LIMIT_POWER,299.99084,2024-03-13 00:03:00,2024-03-13 01:56:00,114
LIMIT_POWER,300.0,2024-03-13 01:57:00,2024-03-13 05:20:00,204
LIMIT_POWER,299.84805,2024-03-13 05:21:00,2024-03-13 05:26:00,6
LIMIT_POWER,299.99084,2024-03-13 05:27:00,2024-03-13 05:56:00,30
LIMIT_POWER,299.74918,2024-03-13 05:57:00,2024-03-13 06:14:00,18
LIMIT_POWER,300.0,2024-03-13 06:15:00,2024-03-13 07:02:00,48
LIMIT_POWER,299.99084,2024-03-13 07:03:00,2024-03-13 09:14:00,132
LIMIT_POWER,300.0,2024-03-13 09:15:00,2024-03-13 13:56:00,282
LIMIT_POWER,299.99084,2024-03-13 13:57:00,2024-03-13 15:57:00,121
LIMIT_POWER,inf,2024-03-13 15:58:00,2024-03-13 16:02:00,5
LIMIT_POWER,300.0,2024-03-13 16:03:00,2024-03-13 17:10:00,68
LIMIT_POWER,inf,2024-03-13 17:11:00,2024-03-13 17:14:00,4
LIMIT_POWER,300.0,2024-03-13 17:15:00,2024-03-13 17:31:00,17
LIMIT_POWER,300.0,2024-03-13 17:33:00,2024-03-13 17:41:00,9
LIMIT_POWER,300.0,2024-03-13 17:44:00,2024-03-13 18:08:00,25
LIMIT_POWER,299.99084,2024-03-13 18:09:00,2024-03-13 18:58:00,50
LIMIT_POWER,75.0,2024-03-13 19:01:00,2024-03-13 19:08:00,8
LIMIT_POWER,80.0,2024-03-13 19:09:00,2024-03-13 19:13:00,5
LIMIT_POWER,79.0,2024-03-13 19:14:00,2024-03-13 19:27:00,14
LIMIT_POWER,87.00001,2024-03-13 19:28:00,2024-03-13 19:39:00,12
LIMIT_POWER,86.00001,2024-03-13 19:40:00,2024-03-13 19:49:00,10
LIMIT_POWER,75.0,2024-03-13 19:50:00,2024-03-13 19:54:00,5
LIMIT_POWER,80.0,2024-03-13 19:55:00,2024-03-13 19:59:00,5
LIMIT_POWER,85.00001,2024-03-13 20:00:00,2024-03-13 20:09:00,10
LIMIT_POWER,70.0,2024-03-13 20:10:00,2024-03-13 20:17:00,8
LIMIT_POWER,91.57384,2024-03-13 20:20:00,2024-03-13 20:30:00,11
LIMIT_POWER,78.66452,2024-03-13 20:31:00,2024-03-13 20:50:00,20
LIMIT_POWER,78.7634,2024-03-13 20:51:00,2024-03-13 20:56:00,6
LIMIT_POWER,299.99084,2024-03-13 20:58:00,2024-03-14 05:08:00,491
LIMIT_POWER,299.6283,2024-03-14 05:09:00,2024-03-14 05:44:00,36
LIMIT_POWER,299.99084,2024-03-14 05:45:00,2024-03-14 14:09:00,505
LIMIT_POWER,299.7162,2024-03-14 14:10:00,2024-03-14 15:09:00,60
LIMIT_POWER,299.99084,2024-03-14 15:10:00,2024-03-14 15:51:00,42
LIMIT_POWER,299.87003,2024-03-14 15:52:00,2024-03-14 16:45:00,54
LIMIT_POWER,299.7821,2024-03-14 16:46:00,2024-03-14 16:57:00,12
LIMIT_POWER,299.99084,2024-03-14 16:58:00,2024-03-14 17:39:00,42
LIMIT_POWER,299.73816,2024-03-14 17:40:00,2024-03-14 17:51:00,12
LIMIT_POWER,299.99084,2024-03-14 17:52:00,2024-03-14 23:15:00,324
LIMIT_POWER,299.69424,2024-03-14 23:16:00,2024-03-15 00:03:00,48
LIMIT_POWER,299.99084,2024-03-15 00:04:00,2024-03-16 14:40:00,2317
LIMIT_POWER,299.77115,2024-03-16 14:41:00,2024-03-16 18:52:00,252
LIMIT_POWER,299.99084,2024-03-16 18:53:00,2024-03-16 18:58:00,6
LIMIT_POWER,299.56238,2024-03-16 18:59:00,2024-03-16 19:10:00,12
LIMIT_POWER,299.7272,2024-03-16 19:11:00,2024-03-16 19:16:00,6
LIMIT_POWER,299.99084,2024-03-16 19:17:00,2024-03-16 21:28:00,132
LIMIT_POWER,298.7054,2024-03-16 21:29:00,2024-03-16 21:34:00,6
LIMIT_POWER,299.99084,2024-03-16 21:36:00,2024-03-16 22:46:00,71
LIMIT_POWER,299.99084,2024-03-16 22:48:00,2024-03-18 10:53:00,2166
LIMIT_POWER,299.59537,2024-03-18 10:54:00,2024-03-18 10:59:00,6
LIMIT_POWER,299.99084,2024-03-18 11:00:00,2024-03-18 14:29:00,210
LIMIT_POWER,299.81506,2024-03-18 14:30:00,2024-03-18 19:17:00,288
LIMIT_POWER,299.99084,2024-03-18 19:18:00,2024-03-18 19:29:00,12
LIMIT_POWER,299.7821,2024-03-18 19:30:00,2024-03-18 19:35:00,6
LIMIT_POWER,299.76013,2024-03-18 19:36:00,2024-03-18 19:41:00,6
LIMIT_POWER,299.99084,2024-03-18 19:42:00,2024-03-18 21:11:00,90
LIMIT_POWER,299.63928,2024-03-18 21:12:00,2024-03-18 21:23:00,12
LIMIT_POWER,299.99084,2024-03-18 21:24:00,2024-03-19 11:04:00,821
LIMIT_POWER,59.99817,2024-03-19 11:06:00,2024-03-19 12:04:00,59
LIMIT_POWER,299.99084,2024-03-19 12:11:00,2024-03-19 13:49:00,99
LIMIT_POWER,59.99817,2024-03-19 13:58:00,2024-03-19 15:04:00,67
LIMIT_POWER,299.99084,2024-03-19 15:12:00,2024-03-19 21:35:00,373
LIMIT_POWER,299.39758,2024-03-19 21:36:00,2024-03-19 23:24:00,109
LIMIT_POWER,299.99084,2024-03-19 23:25:00,2024-03-20 11:31:00,727
LIMIT_POWER,59.99817,2024-03-20 11:35:00,2024-03-20 12:36:00,62
LIMIT_POWER,299.99084,2024-03-20 12:41:00,2024-03-20 16:18:00,218
LIMIT_POWER,299.9359,2024-03-20 16:19:00,2024-03-20 23:00:00,402
LIMIT_POWER,299.99084,2024-03-20 23:01:00,2024-03-20 23:06:00,6
LIMIT_POWER,299.79312,2024-03-20 23:07:00,2024-03-20 23:12:00,6
LIMIT_POWER,299.99084,2024-03-20 23:13:00,2024-03-21 00:12:00,60
LIMIT_POWER,299.4305,2024-03-21 00:13:00,2024-03-21 00:24:00,12
LIMIT_POWER,299.7052,2024-03-21 00:25:00,2024-03-21 00:30:00,6
LIMIT_POWER,299.99084,2024-03-21 00:31:00,2024-03-21 12:24:00,714
LIMIT_POWER,59.99817,2024-03-21 12:29:00,2024-03-21 15:00:00,152
LIMIT_POWER,299.99084,2024-03-21 15:08:00,2024-03-22 11:35:00,1228
LIMIT_POWER,59.99817,2024-03-22 11:42:00,2024-03-22 12:41:00,60
LIMIT_POWER,299.99084,2024-03-22 12:49:00,2024-03-22 22:39:00,591
LIMIT_POWER,298.78232,2024-03-22 22:40:00,2024-03-22 23:07:00,28
LIMIT_POWER,299.99084,2024-03-22 23:08:00,2024-03-23 01:55:00,168
LIMIT_POWER,299.7821,2024-03-23 01:56:00,2024-03-23 02:01:00,6
LIMIT_POWER,299.99084,2024-03-23 02:02:00,2024-03-25 11:29:00,3448
LIMIT_POWER,299.99084,2024-03-25 11:31:00,2024-03-25 11:39:00,9
LIMIT_POWER,299.66125,2024-03-25 11:40:00,2024-03-25 11:45:00,6
LIMIT_POWER,299.99084,2024-03-25 11:46:00,2024-03-26 15:32:00,1667
LIMIT_POWER,299.99084,2024-03-26 15:35:00,2024-03-26 15:57:00,23
LIMIT_POWER,299.97986,2024-03-26 15:58:00,2024-03-26 16:03:00,6
LIMIT_POWER,299.99084,2024-03-26 16:04:00,2024-03-26 16:21:00,18
LIMIT_POWER,299.67227,2024-03-26 16:22:00,2024-03-26 22:33:00,372
LIMIT_POWER,299.9579,2024-03-26 22:34:00,2024-03-26 22:39:00,6
LIMIT_POWER,299.88098,2024-03-26 22:40:00,2024-03-26 22:45:00,6
LIMIT_POWER,299.99084,2024-03-26 22:46:00,2024-03-28 05:16:00,1831
LIMIT_POWER,299.91394,2024-03-28 05:17:00,2024-03-28 05:34:00,18
LIMIT_POWER,299.7162,2024-03-28 05:35:00,2024-03-28 05:40:00,6
LIMIT_POWER,299.99084,2024-03-28 05:41:00,2024-03-29 09:09:00,1649
LIMIT_POWER,59.99817,2024-03-29 09:17:00,2024-03-29 12:11:00,175
LIMIT_POWER,299.99084,2024-03-29 12:19:00,2024-03-29 13:40:00,82
LIMIT_POWER,299.4305,2024-03-29 13:42:00,2024-03-29 13:59:00,18
LIMIT_POWER,299.99084,2024-03-29 14:00:00,2024-03-29 14:05:00,6
LIMIT_POWER,299.6503,2024-03-29 14:06:00,2024-03-29 14:17:00,12
LIMIT_POWER,299.99084,2024-03-29 14:18:00,2024-03-31 13:01:00,2804
LIMIT_POWER,299.99084,2024-03-31 13:03:00,2024-03-31 20:20:00,438
LIMIT_POWER,299.30966,2024-03-31 20:21:00,2024-03-31 20:24:00,4
LIMIT_POWER,299.2218,2024-03-31 20:25:00,2024-03-31 21:23:00,59
LIMIT_POWER,299.99084,2024-03-31 21:24:00,2024-03-31 22:57:00,94
LIMIT_POWER,299.99084,2024-03-31 22:59:00,2024-04-01 12:03:00,785
LIMIT_POWER,59.99817,2024-04-01 12:15:00,2024-04-01 14:59:00,165
LIMIT_POWER,299.99084,2024-04-01 15:09:00,2024-04-02 20:34:00,1766
LIMIT_POWER,299.33163,2024-04-02 20:38:00,2024-04-02 21:46:00,69
LIMIT_POWER,299.99084,2024-04-02 21:47:00,2024-04-02 23:32:00,106
LIMIT_POWER,299.30966,2024-04-02 23:33:00,2024-04-02 23:52:00,20
LIMIT_POWER,299.99084,2024-04-02 23:53:00,2024-04-03 00:08:00,16
LIMIT_POWER,299.76013,2024-04-03 00:09:00,2024-04-03 00:32:00,24
LIMIT_POWER,299.69424,2024-04-03 00:33:00,2024-04-03 01:02:00,30
LIMIT_POWER,299.9689,2024-04-03 01:03:00,2024-04-03 01:08:00,6
LIMIT_POWER,299.99084,2024-04-03 01:09:00,2024-04-04 11:28:00,2060
LIMIT_POWER,59.99817,2024-04-04 11:33:00,2024-04-04 13:03:00,91
LIMIT_POWER,299.99084,2024-04-04 13:11:00,2024-04-05 14:57:00,1547
LIMIT_POWER,299.76013,2024-04-05 14:58:00,2024-04-05 15:15:00,18
LIMIT_POWER,299.99084,2024-04-05 15:16:00,2024-04-05 15:51:00,36
LIMIT_POWER,299.7272,2024-04-05 15:52:00,2024-04-05 17:33:00,102
LIMIT_POWER,299.99084,2024-04-05 17:34:00,2024-04-05 18:21:00,48
LIMIT_POWER,299.68323,2024-04-05 18:22:00,2024-04-05 18:57:00,36
LIMIT_POWER,299.99084,2024-04-05 18:58:00,2024-04-05 21:15:00,138
LIMIT_POWER,299.39758,2024-04-05 21:16:00,2024-04-05 21:21:00,6
LIMIT_POWER,299.99084,2024-04-05 21:22:00,2024-04-06 00:28:00,187
LIMIT_POWER,299.99084,2024-04-06 00:30:00,2024-04-06 00:38:00,9
LIMIT_POWER,299.52942,2024-04-06 00:40:00,2024-04-06 00:45:00,6
LIMIT_POWER,299.99084,2024-04-06 00:46:00,2024-04-06 01:03:00,18
LIMIT_POWER,299.99084,2024-04-06 01:05:00,2024-04-06 01:15:00,11
LIMIT_POWER,299.7052,2024-04-06 01:16:00,2024-04-06 01:21:00,6
LIMIT_POWER,299.99084,2024-04-06 01:22:00,2024-04-06 03:18:00,117
LIMIT_POWER,299.99084,2024-04-06 03:20:00,2024-04-06 03:27:00,8
LIMIT_POWER,299.48544,2024-04-06 03:28:00,2024-04-06 03:33:00,6
LIMIT_POWER,299.99084,2024-04-06 03:34:00,2024-04-06 04:32:00,59
LIMIT_POWER,299.99084,2024-04-06 04:34:00,2024-04-06 13:10:00,517
LIMIT_POWER,299.59537,2024-04-06 13:11:00,2024-04-06 13:28:00,18
LIMIT_POWER,299.99084,2024-04-06 13:29:00,2024-04-06 13:34:00,6
LIMIT_POWER,299.5734,2024-04-06 13:35:00,2024-04-06 15:10:00,96
LIMIT_POWER,299.99084,2024-04-06 15:11:00,2024-04-07 06:40:00,930
LIMIT_POWER,299.5404,2024-04-07 06:41:00,2024-04-07 06:46:00,6
LIMIT_POWER,299.99084,2024-04-07 06:47:00,2024-04-07 07:13:00,27
LIMIT_POWER,298.03525,2024-04-07 07:14:00,2024-04-07 07:58:00,45
LIMIT_POWER,299.99084,2024-04-07 07:59:00,2024-04-07 08:12:00,14
LIMIT_POWER,299.19983,2024-04-07 08:13:00,2024-04-07 08:16:00,4
LIMIT_POWER,299.2108,2024-04-07 08:17:00,2024-04-07 08:29:00,13
LIMIT_POWER,299.99084,2024-04-07 08:30:00,2024-04-07 08:40:00,11
LIMIT_POWER,299.7272,2024-04-07 08:41:00,2024-04-07 09:04:00,24
LIMIT_POWER,299.99084,2024-04-07 09:05:00,2024-04-07 09:40:00,36
LIMIT_POWER,299.24377,2024-04-07 09:44:00,2024-04-07 09:49:00,6
LIMIT_POWER,299.99084,2024-04-07 09:50:00,2024-04-07 09:55:00,6
LIMIT_POWER,298.87024,2024-04-07 09:56:00,2024-04-07 10:04:00,9
LIMIT_POWER,299.99084,2024-04-07 10:06:00,2024-04-07 10:21:00,16
LIMIT_POWER,299.99084,2024-04-07 10:23:00,2024-04-07 10:28:00,6
LIMIT_POWER,299.87003,2024-04-07 10:29:00,2024-04-07 10:46:00,18
LIMIT_POWER,299.99084,2024-04-07 10:47:00,2024-04-07 11:58:00,72
LIMIT_POWER,299.45248,2024-04-07 11:59:00,2024-04-07 12:58:00,60
LIMIT_POWER,299.99084,2024-04-07 12:59:00,2024-04-07 13:40:00,42
LIMIT_POWER,299.92496,2024-04-07 13:41:00,2024-04-07 16:46:00,186
LIMIT_POWER,299.99084,2024-04-07 16:47:00,2024-04-07 17:28:00,42
LIMIT_POWER,299.99084,2024-04-07 17:30:00,2024-04-07 17:58:00,29
LIMIT_POWER,299.12292,2024-04-07 17:59:00,2024-04-07 18:09:00,11
LIMIT_POWER,299.99084,2024-04-07 18:10:00,2024-04-08 04:04:00,595
LIMIT_POWER,299.99084,2024-04-08 04:06:00,2024-04-08 08:37:00,272
LIMIT_POWER,299.99084,2024-04-08 08:39:00,2024-04-08 12:28:00,218
LIMIT_POWER,299.94693,2024-04-08 12:29:00,2024-04-08 12:34:00,6
LIMIT_POWER,299.99084,2024-04-08 12:35:00,2024-04-08 13:56:00,82
LIMIT_POWER,299.99084,2024-04-08 13:58:00,2024-04-08 14:07:00,10
LIMIT_POWER,299.99084,2024-04-08 14:09:00,2024-04-08 14:16:00,8
LIMIT_POWER,298.8153,2024-04-08 14:17:00,2024-04-08 14:23:00,7
LIMIT_POWER,299.99084,2024-04-08 14:24:00,2024-04-08 14:33:00,10
LIMIT_POWER,299.99084,2024-04-08 14:35:00,2024-04-08 14:38:00,4
LIMIT_POWER,299.99084,2024-04-08 14:40:00,2024-04-08 14:47:00,8
LIMIT_POWER,299.99084,2024-04-08 14:50:00,2024-04-08 15:26:00,37
LIMIT_POWER,299.5404,2024-04-08 15:30:00,2024-04-08 15:35:00,6
LIMIT_POWER,299.99084,2024-04-08 15:36:00,2024-04-08 15:53:00,18
LIMIT_POWER,299.2218,2024-04-08 15:54:00,2024-04-08 16:49:00,56
LIMIT_POWER,299.99084,2024-04-08 16:50:00,2024-04-09 14:05:00,1276
LIMIT_POWER,299.88098,2024-04-09 14:06:00,2024-04-09 14:17:00,12
LIMIT_POWER,299.99084,2024-04-09 14:18:00,2024-04-09 15:29:00,72
LIMIT_POWER,299.92496,2024-04-09 15:30:00,2024-04-09 20:23:00,294
LIMIT_POWER,299.99084,2024-04-09 20:24:00,2024-04-09 20:27:00,4
LIMIT_POWER,298.7054,2024-04-09 20:28:00,2024-04-09 20:34:00,7
LIMIT_POWER,299.99084,2024-04-09 20:36:00,2024-04-10 11:17:00,882
LIMIT_POWER,59.99817,2024-04-10 11:19:00,2024-04-10 13:32:00,134
LIMIT_POWER,299.99084,2024-04-10 13:40:00,2024-04-10 14:17:00,38
LIMIT_POWER,109.75677,2024-04-10 14:26:00,2024-04-10 14:33:00,8
LIMIT_POWER,29.993593,2024-04-10 14:36:00,2024-04-10 15:47:00,72
LIMIT_POWER,299.99084,2024-04-10 15:56:00,2024-04-11 04:18:00,743
LIMIT_POWER,299.99084,2024-04-11 04:21:00,2024-04-11 04:25:00,5
LIMIT_POWER,298.83725,2024-04-11 04:26:00,2024-04-11 06:30:00,125
LIMIT_POWER,299.92496,2024-04-11 06:31:00,2024-04-11 06:36:00,6
LIMIT_POWER,299.99084,2024-04-11 06:37:00,2024-04-13 03:19:00,2683
LIMIT_POWER,299.9579,2024-04-13 03:20:00,2024-04-13 03:43:00,24
LIMIT_POWER,299.3646,2024-04-13 03:46:00,2024-04-13 03:49:00,4
LIMIT_POWER,299.4305,2024-04-13 03:50:00,2024-04-13 04:01:00,12
LIMIT_POWER,299.9579,2024-04-13 04:02:00,2024-04-13 04:07:00,6
LIMIT_POWER,299.67227,2024-04-13 04:08:00,2024-04-13 04:13:00,6
LIMIT_POWER,299.66125,2024-04-13 04:14:00,2024-04-13 04:19:00,6
LIMIT_POWER,299.99084,2024-04-13 04:20:00,2024-04-15 09:30:00,3182
LIMIT_POWER,299.99084,2024-04-15 09:33:00,2024-04-15 10:22:00,50
LIMIT_POWER,298.77136,2024-04-15 10:23:00,2024-04-15 10:29:00,7
LIMIT_POWER,299.99084,2024-04-15 10:30:00,2024-04-15 13:39:00,190
LIMIT_POWER,299.40854,2024-04-15 13:40:00,2024-04-15 13:51:00,12
LIMIT_POWER,299.99084,2024-04-15 13:52:00,2024-04-15 14:08:00,17
LIMIT_POWER,299.99084,2024-04-15 14:10:00,2024-04-15 14:15:00,6
LIMIT_POWER,299.74918,2024-04-15 14:16:00,2024-04-15 18:09:00,234
LIMIT_POWER,299.99084,2024-04-15 18:10:00,2024-04-15 18:48:00,39
LIMIT_POWER,299.99084,2024-04-15 18:50:00,2024-04-16 05:09:00,620
LIMIT_POWER,299.67227,2024-04-16 05:10:00,2024-04-16 05:15:00,6
LIMIT_POWER,299.56238,2024-04-16 05:16:00,2024-04-16 12:21:00,426
LIMIT_POWER,299.99084,2024-04-16 12:22:00,2024-04-16 13:15:00,54
LIMIT_POWER,299.92496,2024-04-16 13:16:00,2024-04-16 14:33:00,78
LIMIT_POWER,299.99084,2024-04-16 14:34:00,2024-04-16 22:19:00,466
LIMIT_POWER,299.99084,2024-04-16 22:22:00,2024-04-16 23:01:00,40
LIMIT_POWER,299.99084,2024-04-16 23:03:00,2024-04-17 18:21:00,1159
LIMIT_POWER,299.99084,2024-04-17 18:23:00,2024-04-18 02:22:00,480
LIMIT_POWER,299.73816,2024-04-18 02:23:00,2024-04-18 02:28:00,6
LIMIT_POWER,299.99084,2024-04-18 02:29:00,2024-04-18 13:40:00,672
LIMIT_POWER,299.7162,2024-04-18 13:41:00,2024-04-18 13:46:00,6
LIMIT_POWER,299.99084,2024-04-18 13:47:00,2024-04-18 14:53:00,67
LIMIT_POWER,299.9689,2024-04-18 14:54:00,2024-04-18 19:46:00,293
LIMIT_POWER,299.99084,2024-04-18 19:47:00,2024-04-20 11:21:00,2375
LIMIT_POWER,29.993593,2024-04-20 11:30:00,2024-04-20 12:41:00,72
LIMIT_POWER,299.99084,2024-04-20 12:50:00,2024-04-21 19:24:00,1835
LIMIT_POWER,299.5734,2024-04-21 19:25:00,2024-04-22 04:42:00,558
LIMIT_POWER,299.99084,2024-04-22 04:44:00,2024-04-22 05:43:00,60
LIMIT_POWER,299.10092,2024-04-22 05:44:00,2024-04-22 05:52:00,9
LIMIT_POWER,299.99084,2024-04-22 05:53:00,2024-04-22 06:24:00,32
LIMIT_POWER,299.2877,2024-04-22 06:25:00,2024-04-22 06:38:00,14
LIMIT_POWER,299.99084,2024-04-22 06:39:00,2024-04-22 07:18:00,40
LIMIT_POWER,299.9689,2024-04-22 07:19:00,2024-04-22 07:24:00,6
LIMIT_POWER,299.99084,2024-04-22 07:25:00,2024-04-22 08:12:00,48
LIMIT_POWER,299.859,2024-04-22 08:13:00,2024-04-22 09:30:00,78
LIMIT_POWER,299.99084,2024-04-22 09:31:00,2024-04-22 20:31:00,661
LIMIT_POWER,299.55142,2024-04-22 20:32:00,2024-04-22 20:37:00,6
LIMIT_POWER,299.99084,2024-04-22 20:38:00,2024-04-22 23:37:00,180
LIMIT_POWER,299.6503,2024-04-22 23:38:00,2024-04-23 00:25:00,48
LIMIT_POWER,299.99084,2024-04-23 00:26:00,2024-04-23 00:49:00,24
LIMIT_POWER,299.55142,2024-04-23 00:50:00,2024-04-23 01:07:00,18
LIMIT_POWER,299.99084,2024-04-23 01:08:00,2024-04-23 08:55:00,468
LIMIT_POWER,299.99084,2024-04-23 08:57:00,2024-04-23 09:37:00,41
LIMIT_POWER,299.52942,2024-04-23 09:38:00,2024-04-23 12:31:00,173
LIMIT_POWER,299.99084,2024-04-23 12:32:00,2024-04-23 14:55:00,144
LIMIT_POWER,299.91394,2024-04-23 14:56:00,2024-04-23 15:01:00,6
LIMIT_POWER,299.89197,2024-04-23 15:02:00,2024-04-23 16:31:00,90
LIMIT_POWER,299.99084,2024-04-23 16:32:00,2024-04-23 17:17:00,46
LIMIT_POWER,299.2877,2024-04-23 17:18:00,2024-04-23 17:31:00,14
LIMIT_POWER,299.41956,2024-04-23 17:32:00,2024-04-23 17:37:00,6
LIMIT_POWER,299.99084,2024-04-23 17:38:00,2024-04-23 20:31:00,174
LIMIT_POWER,299.63928,2024-04-23 20:32:00,2024-04-23 20:43:00,12
LIMIT_POWER,299.99084,2024-04-23 20:44:00,2024-04-24 02:37:00,354
LIMIT_POWER,299.82608,2024-04-24 02:38:00,2024-04-24 03:25:00,48
LIMIT_POWER,299.99084,2024-04-24 03:26:00,2024-04-24 20:02:00,989
LIMIT_POWER,299.94693,2024-04-24 20:03:00,2024-04-24 20:08:00,6
LIMIT_POWER,299.99084,2024-04-24 20:09:00,2024-04-25 12:05:00,957
LIMIT_POWER,29.993593,2024-04-25 12:10:00,2024-04-25 13:03:00,54
LIMIT_POWER,299.99084,2024-04-25 13:13:00,2024-04-25 13:21:00,9
LIMIT_POWER,29.993593,2024-04-25 13:28:00,2024-04-25 14:03:00,36
LIMIT_POWER,299.99084,2024-04-25 14:12:00,2024-04-26 11:35:00,1276
LIMIT_POWER,29.993593,2024-04-26 11:40:00,2024-04-26 13:36:00,117
LIMIT_POWER,299.99084,2024-04-26 13:43:00,2024-04-26 13:50:00,8
LIMIT_POWER,29.993593,2024-04-26 13:54:00,2024-04-26 14:06:00,13
LIMIT_POWER,299.99084,2024-04-26 14:14:00,2024-04-27 05:27:00,914
LIMIT_POWER,299.67227,2024-04-27 05:28:00,2024-04-27 08:03:00,156
LIMIT_POWER,299.99084,2024-04-27 08:06:00,2024-04-29 11:28:00,3031
LIMIT_POWER,29.993593,2024-04-29 11:32:00,2024-04-29 13:42:00,131
LIMIT_POWER,299.99084,2024-04-29 13:48:00,2024-04-29 15:41:00,114
LIMIT_POWER,299.44153,2024-04-29 15:42:00,2024-04-29 15:46:00,5
LIMIT_POWER,299.99084,2024-04-29 15:47:00,2024-05-01 08:06:00,2420
LIMIT_POWER,29.993593,2024-05-01 08:13:00,2024-05-01 09:16:00,64
LIMIT_POWER,299.99084,2024-05-01 09:23:00,2024-05-01 10:01:00,39
LIMIT_POWER,29.993593,2024-05-01 10:06:00,2024-05-01 11:01:00,56
LIMIT_POWER,299.99084,2024-05-01 11:09:00,2024-05-02 03:18:00,970
LIMIT_POWER,299.7821,2024-05-02 03:19:00,2024-05-02 04:12:00,54
LIMIT_POWER,299.99084,2024-05-02 04:13:00,2024-05-02 05:48:00,96
LIMIT_POWER,299.9579,2024-05-02 05:49:00,2024-05-02 05:54:00,6
LIMIT_POWER,299.99084,2024-05-02 05:55:00,2024-05-02 05:59:00,5
LIMIT_POWER,299.99084,2024-05-02 06:01:00,2024-05-02 06:42:00,42
LIMIT_POWER,299.91394,2024-05-02 06:43:00,2024-05-02 09:00:00,138
LIMIT_POWER,299.87003,2024-05-02 09:01:00,2024-05-02 09:06:00,6
LIMIT_POWER,299.99084,2024-05-02 09:07:00,2024-05-02 11:00:00,114
LIMIT_POWER,299.50742,2024-05-02 11:01:00,2024-05-02 16:30:00,330
LIMIT_POWER,299.99084,2024-05-02 16:31:00,2024-05-02 16:49:00,19
LIMIT_POWER,299.99084,2024-05-02 16:51:00,2024-05-02 19:06:00,136
LIMIT_POWER,299.91394,2024-05-02 19:07:00,2024-05-02 20:24:00,78
LIMIT_POWER,299.88098,2024-05-02 20:25:00,2024-05-02 20:36:00,12
LIMIT_POWER,299.94693,2024-05-02 20:37:00,2024-05-02 20:42:00,6
LIMIT_POWER,299.99084,2024-05-02 20:43:00,2024-05-02 22:03:00,81
LIMIT_POWER,299.859,2024-05-02 22:07:00,2024-05-03 00:30:00,144
LIMIT_POWER,299.94693,2024-05-03 00:31:00,2024-05-03 07:00:00,390
LIMIT_POWER,299.99084,2024-05-03 07:01:00,2024-05-03 07:37:00,37
LIMIT_POWER,299.07895,2024-05-03 07:38:00,2024-05-03 07:42:00,5
LIMIT_POWER,299.99084,2024-05-03 07:44:00,2024-05-03 09:55:00,132
LIMIT_POWER,299.68323,2024-05-03 09:56:00,2024-05-03 10:19:00,24
LIMIT_POWER,299.7052,2024-05-03 10:20:00,2024-05-03 10:25:00,6
LIMIT_POWER,299.99084,2024-05-03 10:26:00,2024-05-03 11:32:00,67
LIMIT_POWER,299.99084,2024-05-03 11:38:00,2024-05-03 12:10:00,33
LIMIT_POWER,299.7162,2024-05-03 12:14:00,2024-05-03 16:07:00,234
LIMIT_POWER,299.99084,2024-05-03 16:08:00,2024-05-05 07:43:00,2376
LIMIT_POWER,299.99084,2024-05-05 07:45:00,2024-05-05 16:36:00,532
LIMIT_POWER,299.99084,2024-05-05 16:39:00,2024-05-05 16:44:00,6
LIMIT_POWER,299.7052,2024-05-05 16:45:00,2024-05-05 16:50:00,6
LIMIT_POWER,299.9689,2024-05-05 16:51:00,2024-05-05 16:56:00,6
LIMIT_POWER,299.9359,2024-05-05 16:57:00,2024-05-05 22:56:00,360
LIMIT_POWER,299.99084,2024-05-05 22:57:00,2024-05-05 23:26:00,30
LIMIT_POWER,299.49646,2024-05-05 23:27:00,2024-05-05 23:44:00,18
LIMIT_POWER,299.99084,2024-05-05 23:45:00,2024-05-06 23:03:00,1396
LIMIT_POWER,299.5404,2024-05-06 23:04:00,2024-05-06 23:09:00,6
LIMIT_POWER,299.59537,2024-05-06 23:10:00,2024-05-06 23:14:00,5
LIMIT_POWER,299.99084,2024-05-06 23:15:00,2024-05-06 23:34:00,20
LIMIT_POWER,299.3756,2024-05-06 23:35:00,2024-05-06 23:38:00,4
LIMIT_POWER,299.24377,2024-05-06 23:39:00,2024-05-07 02:03:00,145
LIMIT_POWER,299.99084,2024-05-07 02:04:00,2024-05-07 02:21:00,18
LIMIT_POWER,299.92496,2024-05-07 02:22:00,2024-05-07 02:27:00,6
LIMIT_POWER,299.99084,2024-05-07 02:28:00,2024-05-07 06:21:00,234
LIMIT_POWER,299.99084,2024-05-07 06:23:00,2024-05-07 06:27:00,5
LIMIT_POWER,299.99084,2024-05-07 06:31:00,2024-05-07 07:30:00,60
LIMIT_POWER,299.99084,2024-05-07 07:36:00,2024-05-07 07:39:00,4
LIMIT_POWER,299.89197,2024-05-07 07:40:00,2024-05-07 07:45:00,6
LIMIT_POWER,299.99084,2024-05-07 07:46:00,2024-05-07 13:27:00,342
LIMIT_POWER,299.6503,2024-05-07 13:28:00,2024-05-07 13:51:00,24
LIMIT_POWER,299.99084,2024-05-07 13:52:00,2024-05-07 14:21:00,30
LIMIT_POWER,298.90317,2024-05-07 14:22:00,2024-05-07 14:27:00,6
LIMIT_POWER,298.93613,2024-05-07 14:28:00,2024-05-07 15:39:00,70
LIMIT_POWER,299.99084,2024-05-07 15:41:00,2024-05-07 23:39:00,479
LIMIT_POWER,299.46347,2024-05-07 23:40:00,2024-05-07 23:45:00,6
LIMIT_POWER,299.99084,2024-05-07 23:46:00,2024-05-07 23:51:00,6
LIMIT_POWER,299.91394,2024-05-07 23:52:00,2024-05-07 23:57:00,6
LIMIT_POWER,299.92496,2024-05-07 23:58:00,2024-05-08 00:03:00,6
LIMIT_POWER,299.99084,2024-05-08 00:04:00,2024-05-08 00:57:00,54
LIMIT_POWER,299.9579,2024-05-08 00:58:00,2024-05-08 01:03:00,6
LIMIT_POWER,299.99084,2024-05-08 01:04:00,2024-05-08 01:09:00,6
LIMIT_POWER,299.84805,2024-05-08 01:10:00,2024-05-08 01:33:00,24
LIMIT_POWER,299.99084,2024-05-08 01:34:00,2024-05-08 02:57:00,84
LIMIT_POWER,299.66125,2024-05-08 02:58:00,2024-05-08 03:09:00,12
LIMIT_POWER,299.99084,2024-05-08 03:10:00,2024-05-08 23:52:00,1243
LIMIT_POWER,299.60632,2024-05-08 23:53:00,2024-05-09 00:28:00,36
LIMIT_POWER,299.859,2024-05-09 00:29:00,2024-05-09 00:34:00,6
LIMIT_POWER,299.99084,2024-05-09 00:35:00,2024-05-09 03:34:00,180
LIMIT_POWER,299.5734,2024-05-09 03:35:00,2024-05-09 06:46:00,192
LIMIT_POWER,299.99084,2024-05-09 06:47:00,2024-05-09 08:28:00,102
LIMIT_POWER,299.55142,2024-05-09 08:29:00,2024-05-09 08:46:00,18
LIMIT_POWER,299.99084,2024-05-09 08:47:00,2024-05-10 14:17:00,1771
LIMIT_POWER,29.993593,2024-05-10 14:26:00,2024-05-10 15:32:00,67
LIMIT_POWER,299.99084,2024-05-10 15:41:00,2024-05-11 11:59:00,1219
LIMIT_POWER,299.91394,2024-05-11 12:00:00,2024-05-11 14:17:00,138
LIMIT_POWER,299.99084,2024-05-11 14:18:00,2024-05-12 03:36:00,799
LIMIT_POWER,299.76013,2024-05-12 03:37:00,2024-05-12 04:06:00,30
LIMIT_POWER,299.99084,2024-05-12 04:07:00,2024-05-12 19:36:00,930
LIMIT_POWER,299.76013,2024-05-12 19:37:00,2024-05-12 19:48:00,12
LIMIT_POWER,299.99084,2024-05-12 19:50:00,2024-05-12 19:54:00,5
LIMIT_POWER,299.76013,2024-05-12 19:55:00,2024-05-13 08:06:00,732
LIMIT_POWER,299.99084,2024-05-13 08:07:00,2024-05-15 10:22:00,3016
LIMIT_POWER,29.993593,2024-05-15 10:33:00,2024-05-15 15:15:00,283
LIMIT_POWER,299.99084,2024-05-15 15:24:00,2024-05-15 23:31:00,488
LIMIT_POWER,299.99084,2024-05-15 23:33:00,2024-05-16 00:19:00,47
LIMIT_POWER,299.9689,2024-05-16 00:20:00,2024-05-16 00:26:00,7
LIMIT_POWER,299.99084,2024-05-16 00:27:00,2024-05-18 11:29:00,3543
LIMIT_POWER,29.993593,2024-05-18 11:38:00,2024-05-18 12:59:00,82
LIMIT_POWER,299.99084,2024-05-18 13:08:00,2024-05-20 06:46:00,2499
LIMIT_POWER,299.44153,2024-05-20 06:47:00,2024-05-20 07:22:00,36
LIMIT_POWER,299.99084,2024-05-20 07:23:00,2024-05-20 08:09:00,47
LIMIT_POWER,299.035,2024-05-20 08:10:00,2024-05-20 08:22:00,13
LIMIT_POWER,299.99084,2024-05-20 08:23:00,2024-05-20 20:01:00,699
LIMIT_POWER,299.69424,2024-05-20 20:06:00,2024-05-20 20:11:00,6
LIMIT_POWER,299.99084,2024-05-20 20:12:00,2024-05-20 20:20:00,9
LIMIT_POWER,299.3646,2024-05-20 20:23:00,2024-05-20 20:28:00,6
LIMIT_POWER,299.99084,2024-05-20 20:29:00,2024-05-22 10:35:00,2287
LIMIT_POWER,299.94693,2024-05-22 10:36:00,2024-05-22 10:41:00,6
LIMIT_POWER,299.99084,2024-05-22 10:42:00,2024-05-22 10:54:00,13
LIMIT_POWER,299.40854,2024-05-22 10:55:00,2024-05-22 11:00:00,6
LIMIT_POWER,299.99084,2024-05-22 11:01:00,2024-05-22 11:05:00,5
LIMIT_POWER,299.82608,2024-05-22 11:06:00,2024-05-22 12:29:00,84
LIMIT_POWER,299.99084,2024-05-22 12:30:00,2024-05-23 11:24:00,1374
LIMIT_POWER,299.9579,2024-05-23 11:25:00,2024-05-23 12:06:00,42
LIMIT_POWER,299.88098,2024-05-23 12:07:00,2024-05-23 12:12:00,6
LIMIT_POWER,299.99084,2024-05-23 12:13:00,2024-05-23 13:47:00,95
LIMIT_POWER,299.99084,2024-05-23 13:49:00,2024-05-24 06:54:00,1026
LIMIT_POWER,299.39758,2024-05-24 06:55:00,2024-05-24 07:00:00,6
LIMIT_POWER,299.99084,2024-05-24 07:01:00,2024-05-24 08:18:00,78
LIMIT_POWER,299.91394,2024-05-24 08:19:00,2024-05-24 08:24:00,6
LIMIT_POWER,299.99084,2024-05-24 08:25:00,2024-05-24 13:37:00,313
LIMIT_POWER,299.4305,2024-05-24 13:38:00,2024-05-24 13:43:00,6
LIMIT_POWER,299.99084,2024-05-24 13:44:00,2024-05-24 14:19:00,36
LIMIT_POWER,299.79312,2024-05-24 14:20:00,2024-05-24 14:25:00,6
LIMIT_POWER,299.82608,2024-05-24 14:26:00,2024-05-24 14:37:00,12
LIMIT_POWER,299.99084,2024-05-24 14:38:00,2024-05-26 11:50:00,2713
LIMIT_POWER,299.59537,2024-05-26 11:51:00,2024-05-26 13:32:00,102
LIMIT_POWER,299.99084,2024-05-26 13:33:00,2024-05-26 14:38:00,66
LIMIT_POWER,299.7162,2024-05-26 14:39:00,2024-05-26 15:02:00,24
LIMIT_POWER,299.99084,2024-05-26 15:03:00,2024-05-26 15:08:00,6
LIMIT_POWER,299.50742,2024-05-26 15:09:00,2024-05-26 16:02:00,54
LIMIT_POWER,299.99084,2024-05-26 16:03:00,2024-05-27 10:50:00,1128
LIMIT_POWER,299.59537,2024-05-27 10:51:00,2024-05-27 10:54:00,4
LIMIT_POWER,299.3646,2024-05-27 10:57:00,2024-05-27 11:00:00,4
LIMIT_POWER,299.99084,2024-05-27 11:01:00,2024-05-27 11:06:00,6
LIMIT_POWER,299.24377,2024-05-27 11:09:00,2024-05-27 11:24:00,16
LIMIT_POWER,299.99084,2024-05-27 11:25:00,2024-05-27 11:46:00,22
LIMIT_POWER,299.59537,2024-05-27 11:51:00,2024-05-27 11:56:00,6
LIMIT_POWER,299.99084,2024-05-27 11:57:00,2024-05-27 14:07:00,131
LIMIT_POWER,298.94714,2024-05-27 14:12:00,2024-05-27 16:58:00,167
LIMIT_POWER,299.99084,2024-05-27 16:59:00,2024-05-27 17:02:00,4
LIMIT_POWER,299.46347,2024-05-27 17:03:00,2024-05-27 17:20:00,18
LIMIT_POWER,299.99084,2024-05-27 17:21:00,2024-05-29 04:09:00,2089
LIMIT_POWER,299.40854,2024-05-29 04:10:00,2024-05-29 06:33:00,144
LIMIT_POWER,299.99084,2024-05-29 06:34:00,2024-05-30 12:46:00,1813
LIMIT_POWER,299.61734,2024-05-30 12:47:00,2024-05-30 13:22:00,36
LIMIT_POWER,299.6503,2024-05-30 13:23:00,2024-05-30 13:28:00,6
LIMIT_POWER,299.99084,2024-05-30 13:29:00,2024-05-30 14:16:00,48
LIMIT_POWER,299.50742,2024-05-30 14:17:00,2024-05-30 16:34:00,138
LIMIT_POWER,299.99084,2024-05-30 16:35:00,2024-05-30 23:22:00,408
LIMIT_POWER,299.99084,2024-05-30 23:24:00,2024-06-01 12:27:00,2224
LIMIT_POWER,299.859,2024-06-01 12:30:00,2024-06-01 12:35:00,6
LIMIT_POWER,299.99084,2024-06-01 12:36:00,2024-06-01 13:14:00,39
LIMIT_POWER,299.99084,2024-06-01 13:16:00,2024-06-01 13:23:00,8
LIMIT_POWER,299.59537,2024-06-01 13:24:00,2024-06-01 13:29:00,6
LIMIT_POWER,299.99084,2024-06-01 13:30:00,2024-06-01 13:35:00,6
LIMIT_POWER,299.67227,2024-06-01 13:36:00,2024-06-01 13:41:00,6
LIMIT_POWER,299.99084,2024-06-01 13:42:00,2024-06-01 15:05:00,84
LIMIT_POWER,299.90298,2024-06-01 15:06:00,2024-06-01 15:23:00,18
LIMIT_POWER,299.99084,2024-06-01 15:24:00,2024-06-02 01:47:00,624
LIMIT_POWER,299.99084,2024-06-02 01:49:00,2024-06-02 01:59:00,11
LIMIT_POWER,299.90298,2024-06-02 02:00:00,2024-06-02 02:05:00,6
LIMIT_POWER,299.99084,2024-06-02 02:06:00,2024-06-02 10:53:00,528
LIMIT_POWER,299.7821,2024-06-02 10:54:00,2024-06-02 11:23:00,30
LIMIT_POWER,299.99084,2024-06-02 11:24:00,2024-06-04 12:57:00,2966
LIMIT_POWER,299.99084,2024-06-04 12:59:00,2024-06-04 13:26:00,28
LIMIT_POWER,299.99084,2024-06-04 13:28:00,2024-06-04 14:36:00,69
LIMIT_POWER,299.60632,2024-06-04 14:37:00,2024-06-04 14:42:00,6
LIMIT_POWER,299.7162,2024-06-04 14:43:00,2024-06-04 14:48:00,6
LIMIT_POWER,299.99084,2024-06-04 14:49:00,2024-06-04 14:58:00,10
LIMIT_POWER,299.99084,2024-06-04 15:02:00,2024-06-04 15:05:00,4
LIMIT_POWER,299.61734,2024-06-04 15:07:00,2024-06-04 15:13:00,7
LIMIT_POWER,299.99084,2024-06-04 15:14:00,2024-06-04 16:34:00,81
LIMIT_POWER,299.16687,2024-06-04 16:35:00,2024-06-04 16:44:00,10
LIMIT_POWER,299.99084,2024-06-04 16:45:00,2024-06-06 02:21:00,2017
LIMIT_POWER,299.99084,2024-06-06 02:23:00,2024-06-07 00:08:00,1306
LIMIT_POWER,299.90298,2024-06-07 00:09:00,2024-06-07 11:02:00,654
LIMIT_POWER,299.7162,2024-06-07 11:03:00,2024-06-07 11:08:00,6
LIMIT_POWER,299.55142,2024-06-07 11:09:00,2024-06-07 11:44:00,36
LIMIT_POWER,299.52942,2024-06-07 11:45:00,2024-06-07 12:14:00,30
LIMIT_POWER,299.99084,2024-06-07 12:15:00,2024-06-07 13:15:00,61
LIMIT_POWER,299.99084,2024-06-07 13:18:00,2024-06-07 14:14:00,57
LIMIT_POWER,299.50742,2024-06-07 14:15:00,2024-06-07 14:20:00,6
LIMIT_POWER,299.99084,2024-06-07 14:21:00,2024-06-08 03:32:00,792
LIMIT_POWER,299.7272,2024-06-08 03:33:00,2024-06-08 03:44:00,12
LIMIT_POWER,299.82608,2024-06-08 03:45:00,2024-06-08 03:50:00,6
LIMIT_POWER,299.99084,2024-06-08 03:51:00,2024-06-08 17:39:00,829
LIMIT_POWER,299.4745,2024-06-08 17:40:00,2024-06-08 17:45:00,6
LIMIT_POWER,299.55142,2024-06-08 17:46:00,2024-06-08 17:57:00,12
LIMIT_POWER,299.99084,2024-06-08 17:58:00,2024-06-09 12:51:00,1134
LIMIT_POWER,299.67227,2024-06-09 12:52:00,2024-06-09 12:57:00,6
LIMIT_POWER,299.99084,2024-06-09 12:58:00,2024-06-12 04:44:00,3827
LIMIT_POWER,299.99084,2024-06-12 04:47:00,2024-06-12 05:05:00,19
LIMIT_POWER,299.69424,2024-06-12 05:06:00,2024-06-12 05:34:00,29
LIMIT_POWER,299.99084,2024-06-12 05:35:00,2024-06-13 06:11:00,1477
LIMIT_POWER,299.46347,2024-06-13 06:12:00,2024-06-13 06:17:00,6
LIMIT_POWER,299.99084,2024-06-13 06:18:00,2024-06-13 06:23:00,6
LIMIT_POWER,299.67227,2024-06-13 06:24:00,2024-06-13 11:41:00,318
LIMIT_POWER,299.99084,2024-06-13 11:42:00,2024-06-15 06:23:00,2562
LIMIT_POWER,299.99084,2024-06-15 06:25:00,2024-06-15 09:25:00,181
LIMIT_POWER,299.99084,2024-06-15 09:27:00,2024-06-16 07:24:00,1318
LIMIT_POWER,299.99084,2024-06-16 07:28:00,2024-06-16 07:48:00,21
LIMIT_POWER,299.99084,2024-06-16 07:50:00,2024-06-16 07:55:00,6
LIMIT_POWER,299.89197,2024-06-16 07:56:00,2024-06-16 08:01:00,6
LIMIT_POWER,299.99084,2024-06-16 08:02:00,2024-06-16 17:01:00,540
LIMIT_POWER,299.7162,2024-06-16 17:02:00,2024-06-16 17:07:00,6
LIMIT_POWER,299.6503,2024-06-16 17:08:00,2024-06-16 17:13:00,6
LIMIT_POWER,299.99084,2024-06-16 17:14:00,2024-06-16 18:25:00,72
LIMIT_POWER,299.82608,2024-06-16 18:26:00,2024-06-16 18:31:00,6
LIMIT_POWER,299.99084,2024-06-16 18:32:00,2024-06-16 20:43:00,132
LIMIT_POWER,299.97986,2024-06-16 20:44:00,2024-06-16 20:49:00,6
LIMIT_POWER,299.99084,2024-06-16 20:50:00,2024-06-16 23:55:00,186
LIMIT_POWER,299.34265,2024-06-16 23:56:00,2024-06-17 00:01:00,6
LIMIT_POWER,299.40854,2024-06-17 00:02:00,2024-06-17 01:37:00,96
LIMIT_POWER,299.99084,2024-06-17 01:38:00,2024-06-17 05:17:00,220
LIMIT_POWER,299.99084,2024-06-17 05:19:00,2024-06-17 08:27:00,189
LIMIT_POWER,299.99084,2024-06-17 08:38:00,2024-06-17 10:37:00,120
LIMIT_POWER,299.69424,2024-06-17 10:38:00,2024-06-17 11:13:00,36
LIMIT_POWER,299.6283,2024-06-17 11:14:00,2024-06-17 13:37:00,144
LIMIT_POWER,299.99084,2024-06-17 13:38:00,2024-06-17 13:45:00,8
LIMIT_POWER,299.3646,2024-06-17 13:46:00,2024-06-17 14:59:00,74
LIMIT_POWER,299.99084,2024-06-17 15:00:00,2024-06-17 16:07:00,68
LIMIT_POWER,299.61734,2024-06-17 16:08:00,2024-06-17 16:13:00,6
LIMIT_POWER,299.90298,2024-06-17 16:14:00,2024-06-17 16:25:00,12
LIMIT_POWER,299.99084,2024-06-17 16:26:00,2024-06-18 07:28:00,903
LIMIT_POWER,299.99084,2024-06-18 07:30:00,2024-06-18 09:44:00,135
LIMIT_POWER,299.9689,2024-06-18 09:45:00,2024-06-18 09:49:00,5
LIMIT_POWER,299.99084,2024-06-18 09:51:00,2024-06-18 11:44:00,114
LIMIT_POWER,299.76013,2024-06-18 11:45:00,2024-06-18 12:44:00,60
LIMIT_POWER,299.99084,2024-06-18 12:45:00,2024-06-20 08:39:00,2635
LIMIT_POWER,299.90298,2024-06-20 08:40:00,2024-06-20 09:27:00,48
LIMIT_POWER,299.99084,2024-06-20 09:28:00,2024-06-20 15:26:00,359
LIMIT_POWER,299.99084,2024-06-20 15:28:00,2024-06-20 19:05:00,218
LIMIT_POWER,299.99084,2024-06-20 19:07:00,2024-06-20 20:27:00,81
LIMIT_POWER,299.94693,2024-06-20 20:28:00,2024-06-20 20:33:00,6
LIMIT_POWER,299.99084,2024-06-20 20:34:00,2024-06-21 00:13:00,220
LIMIT_POWER,299.2877,2024-06-21 00:14:00,2024-06-21 11:44:00,691
LIMIT_POWER,299.99084,2024-06-21 11:45:00,2024-06-22 14:58:00,1634
LIMIT_POWER,299.74918,2024-06-22 14:59:00,2024-06-22 15:58:00,60
LIMIT_POWER,299.99084,2024-06-22 15:59:00,2024-06-22 21:06:00,308
LIMIT_POWER,298.69446,2024-06-22 21:07:00,2024-06-22 21:16:00,10
LIMIT_POWER,299.99084,2024-06-22 21:17:00,2024-06-23 05:09:00,473
LIMIT_POWER,298.16708,2024-06-23 05:10:00,2024-06-23 05:16:00,7
LIMIT_POWER,299.99084,2024-06-23 05:20:00,2024-06-25 06:13:00,2934
LIMIT_POWER,299.99084,2024-06-25 06:15:00,2024-06-25 19:41:00,807
LIMIT_POWER,299.99084,2024-06-25 19:43:00,2024-06-25 20:57:00,75
LIMIT_POWER,298.47467,2024-06-25 21:01:00,2024-06-25 21:18:00,18
LIMIT_POWER,299.99084,2024-06-25 21:19:00,2024-07-02 10:28:00,3399
LIMIT_POWER,59.99817,2024-07-02 10:36:00,2024-07-02 13:48:00,193
LIMIT_POWER,299.99084,2024-07-02 13:56:00,2024-07-03 10:28:00,1224
LIMIT_POWER,299.7821,2024-07-03 10:29:00,2024-07-03 10:34:00,6
LIMIT_POWER,299.74918,2024-07-03 10:35:00,2024-07-03 10:46:00,12
LIMIT_POWER,299.99084,2024-07-03 10:47:00,2024-07-03 13:48:00,182
LIMIT_POWER,299.99084,2024-07-03 13:50:00,2024-07-03 15:58:00,129
LIMIT_POWER,299.73816,2024-07-03 15:59:00,2024-07-03 16:28:00,30
LIMIT_POWER,299.99084,2024-07-03 16:29:00,2024-07-04 17:18:00,1490
LIMIT_POWER,299.99084,2024-07-04 17:21:00,2024-07-04 17:46:00,26
LIMIT_POWER,299.99084,2024-07-04 17:48:00,2024-07-04 19:35:00,108
LIMIT_POWER,299.4745,2024-07-04 19:36:00,2024-07-04 19:41:00,6
LIMIT_POWER,299.99084,2024-07-04 19:42:00,2024-07-05 02:37:00,416
LIMIT_POWER,299.30966,2024-07-05 02:38:00,2024-07-05 03:15:00,38
LIMIT_POWER,299.99084,2024-07-05 03:16:00,2024-07-05 04:06:00,51
LIMIT_POWER,299.38657,2024-07-05 04:07:00,2024-07-05 04:11:00,5
LIMIT_POWER,299.6503,2024-07-05 04:12:00,2024-07-05 04:47:00,36
LIMIT_POWER,299.99084,2024-07-05 04:48:00,2024-07-05 06:47:00,120
LIMIT_POWER,299.83704,2024-07-05 06:48:00,2024-07-05 07:17:00,30
LIMIT_POWER,299.99084,2024-07-05 07:18:00,2024-07-07 13:30:00,3253
LIMIT_POWER,299.56238,2024-07-07 13:31:00,2024-07-07 13:36:00,6
LIMIT_POWER,299.61734,2024-07-07 13:37:00,2024-07-07 16:06:00,150
LIMIT_POWER,299.99084,2024-07-07 16:07:00,2024-07-08 11:38:00,1172
LIMIT_POWER,299.99084,2024-07-08 11:44:00,2024-07-08 13:58:00,135
LIMIT_POWER,299.38657,2024-07-08 13:59:00,2024-07-08 15:00:00,62
LIMIT_POWER,299.99084,2024-07-08 15:01:00,2024-07-08 15:25:00,25
LIMIT_POWER,299.7821,2024-07-08 15:26:00,2024-07-08 16:07:00,42
LIMIT_POWER,299.5404,2024-07-08 16:08:00,2024-07-08 16:13:00,6
LIMIT_POWER,299.99084,2024-07-08 16:14:00,2024-07-09 06:54:00,881
LIMIT_POWER,298.50763,2024-07-09 06:56:00,2024-07-09 07:01:00,6
LIMIT_POWER,299.99084,2024-07-09 07:04:00,2024-07-10 04:29:00,1286
LIMIT_POWER,299.13388,2024-07-10 04:30:00,2024-07-10 05:17:00,48
LIMIT_POWER,299.99084,2024-07-10 05:18:00,2024-07-10 15:31:00,538
LIMIT_POWER,299.99084,2024-07-10 15:34:00,2024-07-10 15:38:00,5
LIMIT_POWER,299.44153,2024-07-10 15:39:00,2024-07-10 17:26:00,105
LIMIT_POWER,299.51846,2024-07-10 17:35:00,2024-07-10 17:38:00,4
LIMIT_POWER,299.2767,2024-07-10 17:39:00,2024-07-10 17:49:00,11
LIMIT_POWER,299.46347,2024-07-10 17:57:00,2024-07-10 18:02:00,6
LIMIT_POWER,299.25473,2024-07-10 18:05:00,2024-07-10 18:13:00,9
LIMIT_POWER,299.99084,2024-07-10 18:14:00,2024-07-11 08:14:00,841
LIMIT_POWER,299.94693,2024-07-11 08:15:00,2024-07-11 08:20:00,6
LIMIT_POWER,299.99084,2024-07-11 08:21:00,2024-07-11 08:32:00,12
LIMIT_POWER,299.9579,2024-07-11 08:33:00,2024-07-11 08:38:00,6
LIMIT_POWER,299.97986,2024-07-11 08:39:00,2024-07-11 09:56:00,78
LIMIT_POWER,299.99084,2024-07-11 09:57:00,2024-07-11 10:14:00,18
LIMIT_POWER,299.41956,2024-07-11 10:15:00,2024-07-11 10:20:00,6
LIMIT_POWER,299.24377,2024-07-11 10:21:00,2024-07-11 10:50:00,30
LIMIT_POWER,299.859,2024-07-11 10:51:00,2024-07-11 10:56:00,6
LIMIT_POWER,299.99084,2024-07-11 10:57:00,2024-07-11 16:50:00,354
LIMIT_POWER,299.88098,2024-07-11 16:51:00,2024-07-11 16:56:00,6
LIMIT_POWER,299.81506,2024-07-11 16:57:00,2024-07-11 17:02:00,6
LIMIT_POWER,299.99084,2024-07-11 17:03:00,2024-07-11 17:29:00,27
LIMIT_POWER,299.99084,2024-07-11 17:33:00,2024-07-11 22:56:00,324
LIMIT_POWER,299.44153,2024-07-11 22:57:00,2024-07-12 07:57:00,541
LIMIT_POWER,299.99084,2024-07-12 08:01:00,2024-07-13 21:43:00,2263
LIMIT_POWER,299.99084,2024-07-13 21:45:00,2024-07-13 21:51:00,7
LIMIT_POWER,299.48544,2024-07-13 21:52:00,2024-07-13 22:09:00,18
LIMIT_POWER,299.99084,2024-07-13 22:10:00,2024-07-13 22:33:00,24
LIMIT_POWER,299.99084,2024-07-13 22:37:00,2024-07-13 22:52:00,16
LIMIT_POWER,299.99084,2024-07-13 22:55:00,2024-07-13 23:06:00,12
LIMIT_POWER,299.6503,2024-07-13 23:10:00,2024-07-13 23:15:00,6
LIMIT_POWER,299.99084,2024-07-13 23:16:00,2024-07-13 23:34:00,19
LIMIT_POWER,299.99084,2024-07-13 23:36:00,2024-07-14 17:49:00,1094
LIMIT_POWER,299.99084,2024-07-14 17:51:00,2024-07-15 14:46:00,1256
LIMIT_POWER,299.58435,2024-07-15 14:47:00,2024-07-15 17:10:00,144
LIMIT_POWER,299.9689,2024-07-15 17:11:00,2024-07-15 17:16:00,6
LIMIT_POWER,299.7052,2024-07-15 17:17:00,2024-07-15 19:22:00,126
LIMIT_POWER,299.99084,2024-07-15 19:23:00,2024-07-16 01:30:00,368
LIMIT_POWER,299.08997,2024-07-16 01:31:00,2024-07-16 02:37:00,67
LIMIT_POWER,299.99084,2024-07-16 02:41:00,2024-07-16 03:05:00,25
LIMIT_POWER,299.90298,2024-07-16 03:06:00,2024-07-16 03:11:00,6
LIMIT_POWER,299.87003,2024-07-16 03:12:00,2024-07-16 03:16:00,5
LIMIT_POWER,299.99084,2024-07-16 03:17:00,2024-07-16 05:11:00,115
LIMIT_POWER,299.74918,2024-07-16 05:12:00,2024-07-16 05:59:00,48
LIMIT_POWER,299.99084,2024-07-16 06:00:00,2024-07-16 18:42:00,763
LIMIT_POWER,299.2218,2024-07-16 18:43:00,2024-07-16 18:46:00,4
LIMIT_POWER,299.99084,2024-07-16 18:47:00,2024-07-16 18:55:00,9
LIMIT_POWER,298.21103,2024-07-16 18:56:00,2024-07-16 19:14:00,19
LIMIT_POWER,299.99084,2024-07-16 19:15:00,2024-07-18 10:28:00,2354
LIMIT_POWER,299.02405,2024-07-18 10:29:00,2024-07-18 10:53:00,25
LIMIT_POWER,299.99084,2024-07-18 10:55:00,2024-07-18 14:26:00,212
LIMIT_POWER,298.1341,2024-07-18 14:27:00,2024-07-18 14:39:00,13
LIMIT_POWER,299.99084,2024-07-18 14:40:00,2024-07-18 15:02:00,23
LIMIT_POWER,299.99084,2024-07-18 15:05:00,2024-07-18 21:50:00,406
LIMIT_POWER,299.99084,2024-07-18 21:52:00,2024-07-19 11:08:00,797
LIMIT_POWER,299.99084,2024-07-19 11:10:00,2024-07-20 14:45:00,1656
LIMIT_POWER,299.99084,2024-07-20 14:48:00,2024-07-20 15:49:00,62
LIMIT_POWER,299.48544,2024-07-20 15:50:00,2024-07-20 16:19:00,30
LIMIT_POWER,299.99084,2024-07-20 16:20:00,2024-07-20 21:40:00,321
LIMIT_POWER,299.26575,2024-07-20 21:44:00,2024-07-20 22:17:00,34
LIMIT_POWER,299.99084,2024-07-20 22:18:00,2024-07-28 08:05:00,10651
LIMIT_POWER,59.99817,2024-07-28 08:12:00,2024-07-28 10:35:00,144
LIMIT_POWER,299.99084,2024-07-28 10:43:00,2024-07-29 10:29:00,1427
