timestamp,CT,CT_eff,FAN_SUM,is_anomaly,is_fan_joint_repeat_anomaly,is_station_power_repeat_anomaly,FAN_eff,L,is_negative_loss,is_model_abnormal,L_hat_init,residual_init,coarse_removed,coarse_reason
2023-09-25 05:15:00,0.20583214,0.20583214,3.251,False,False,False,3.251,3.04516786,False,False,3.229,-0.18383214000000025,True,low_bin_residual_mad
2023-09-25 05:19:00,-0.5263333,0.0,2.306,False,False,False,2.306,2.306,False,False,2.3057093596059115,0.00029064039408854825,True,low_bin_residual_mad
2023-09-25 07:05:00,-1.7223729,0.0,2.476,False,False,False,2.476,2.476,False,False,2.4756311881188116,0.00036881188118842445,True,low_bin_residual_mad
2023-09-25 09:40:00,1.0199287,1.0199287,3.178,False,False,False,3.178,2.1580713,False,False,3.1552700000000002,-0.9971987000000002,True,low_bin_residual_mad
2023-09-25 09:42:00,0.46055713,0.46055713,3.165,False,False,False,3.165,2.7044428700000003,False,False,3.1421400000000004,-0.4376971300000001,True,low_bin_residual_mad
2023-09-25 12:39:00,-0.4607436,0.0,2.498,False,False,False,2.498,2.498,False,False,2.497740099009901,0.0002599009900992044,True,low_bin_residual_mad
2023-09-25 13:27:00,-1.6286545,0.0,2.301,False,False,False,2.301,2.301,False,False,2.3007339901477835,0.0002660098522166976,True,low_bin_residual_mad
2023-09-26 07:25:00,-1.2573,0.0,2.305,False,False,False,2.305,2.305,False,False,2.3047142857142857,0.00028571428571444457,True,low_bin_residual_mad
2023-09-26 07:29:00,-1.1326596,0.0,2.343,False,False,False,2.343,2.343,False,False,2.342527093596059,0.00047290640394104244,True,low_bin_residual_mad
2023-09-26 07:53:00,0.15110153,0.15110153,3.206,False,False,False,3.206,3.05489847,False,False,3.1835500000000003,-0.1286515300000004,True,low_bin_residual_mad
2023-09-26 08:44:00,0.0,0.0,2.487,False,False,False,2.487,2.487,False,False,2.4866856435643565,0.0003143564356435924,True,low_bin_residual_mad
2023-09-26 08:51:00,0.041366756,0.041366756,3.255,False,False,False,3.255,3.213633244,False,False,3.23254,-0.018906756000000247,True,low_bin_residual_mad
2023-09-26 13:29:00,0.45279077,0.45279077,3.168,False,False,False,3.168,2.71520923,False,False,3.1451700000000002,-0.4299607700000001,True,low_bin_residual_mad
2023-09-26 13:30:00,0.73015535,0.73015535,3.089,False,False,False,3.089,2.35884465,False,False,3.0758413470169996,-0.7169966970169996,True,low_bin_residual_mad
2023-09-26 13:31:00,0.7227536,0.7227536,3.028,False,False,False,3.028,2.3052464,False,False,3.0213527263495097,-0.7161063263495095,True,low_bin_residual_mad
2023-09-26 13:36:00,-1.0588953,0.0,2.344,False,False,False,2.344,2.344,False,False,2.3435221674876843,0.0004778325123155902,True,low_bin_residual_mad
2023-09-26 16:52:00,1.1296182,1.1296182,3.377,False,False,False,3.377,2.2473818,False,False,3.3060635854,-1.0586817854000001,True,low_bin_residual_mad
2023-09-26 16:54:00,0.45665568,0.45665568,2.667,False,False,False,2.667,2.21034432,False,False,2.6649232673267322,-0.4545789473267323,True,low_bin_residual_mad
2023-09-26 17:01:00,-1.1170967,0.0,2.311,False,False,False,2.311,2.311,False,False,2.310684729064039,0.000315270935960843,True,low_bin_residual_mad
2023-09-26 17:06:00,-0.9468594,0.0,2.482,False,False,False,2.482,2.482,False,False,2.481660891089109,0.0003391089108912837,True,low_bin_residual_mad
2023-09-26 17:09:00,-0.8242321,0.0,2.471,False,False,False,2.471,2.471,False,False,2.4706064356435644,0.00039356435643567167,True,low_bin_residual_mad
2023-09-26 17:10:00,0.054331064,0.054331064,2.743,False,False,False,2.743,2.688668936,False,False,2.74054702970297,-0.05187809370297014,True,low_bin_residual_mad
2023-09-26 17:13:00,0.097070634,0.097070634,2.951,False,False,False,2.951,2.853929366,False,False,2.945958296869608,-0.09202893086960806,True,low_bin_residual_mad
2023-09-26 17:14:00,0.5191592,0.5191592,3.268,False,False,False,3.268,2.7488408,False,False,3.244045,-0.4952041999999999,True,low_bin_residual_mad
2023-09-26 17:21:00,0.96268797,0.96268797,3.021,False,False,False,3.021,2.0583120299999997,False,False,3.014498687305882,-0.9561866573058824,True,low_bin_residual_mad
2023-09-26 17:43:00,0.69780177,0.69780177,3.258,False,False,False,3.258,2.56019823,False,False,3.235195,-0.6749967699999999,True,low_bin_residual_mad
2023-09-26 17:50:00,0.0,0.0,2.303,False,False,False,2.303,2.303,False,False,2.302724137931034,0.00027586206896579313,True,low_bin_residual_mad
2023-09-26 17:59:00,0.46892482,0.46892482,3.242,False,False,False,3.242,2.77307518,False,False,3.21991,-0.44683481999999985,True,low_bin_residual_mad
2023-09-26 18:00:00,0.726926,0.726926,3.154,False,False,False,3.154,2.427074,False,False,3.1310300000000004,-0.7039560000000002,True,low_bin_residual_mad
2023-09-26 18:01:00,0.1224643,0.1224643,3.15,False,False,False,3.15,3.0275357,False,False,3.1271587314035,-0.09962303140350004,True,low_bin_residual_mad
2023-09-26 18:09:00,0.12453729,0.12453729,3.142,False,False,False,3.142,3.0174627099999998,False,False,3.1204285826315,-0.10296587263150014,True,low_bin_residual_mad
2023-09-26 18:10:00,0.17631072,0.17631072,3.218,False,False,False,3.218,3.04168928,False,False,3.1956700000000002,-0.1539807200000003,True,low_bin_residual_mad
2023-09-26 18:13:00,0.09016353,0.09016353,3.17,False,False,False,3.17,3.07983647,False,False,3.14719,-0.0673535300000001,True,low_bin_residual_mad
2023-09-26 18:15:00,-1.0586718,0.0,2.485,False,False,False,2.485,2.485,False,False,2.4846757425742574,0.0003242574257424913,True,low_bin_residual_mad
2023-09-28 13:47:00,0.67845625,0.67845625,3.148,False,False,False,3.148,2.46954375,False,False,3.1254761942105005,-0.6559324442105003,True,low_bin_residual_mad
2023-09-28 14:35:00,0.06384534,0.06384534,3.184,False,False,False,3.184,3.1201546600000003,False,False,3.1613300000000004,-0.041175340000000116,True,low_bin_residual_mad
2023-09-28 17:39:00,0.71085066,0.71085066,2.997,False,False,False,2.997,2.2861493399999997,False,False,2.990999124870588,-0.7048497848705884,True,low_bin_residual_mad
2023-09-28 18:25:00,-1.3391882,0.0,2.342,False,False,False,2.342,2.342,False,False,2.3415320197044336,0.0004679802955664947,True,low_bin_residual_mad
2023-09-28 22:48:00,-0.9112859,0.0,2.305,False,False,False,2.305,2.305,False,False,2.3047142857142857,0.00028571428571444457,True,low_bin_residual_mad
2023-09-28 22:49:00,-0.85615104,0.0,2.323,False,False,False,2.323,2.323,False,False,2.3226256157635468,0.00037438423645319574,True,low_bin_residual_mad
2023-09-28 23:01:00,-0.7556284,0.0,2.314,False,False,False,2.314,2.314,False,False,2.313669950738916,0.0003300492610840422,True,low_bin_residual_mad
2023-09-28 23:10:00,-0.6638436,0.0,2.336,False,False,False,2.336,2.336,False,False,2.3355615763546793,0.00043842364532054034,True,low_bin_residual_mad
2023-09-28 23:20:00,-0.68982744,0.0,2.324,False,False,False,2.324,2.324,False,False,2.323620689655172,0.0003793103448277435,True,low_bin_residual_mad
2023-09-28 23:52:00,-0.9077833,0.0,2.309,False,False,False,2.309,2.309,False,False,2.3086945812807884,0.00030541871921174746,True,low_bin_residual_mad
2023-09-28 23:53:00,-0.9304516,0.0,2.33,False,False,False,2.33,2.33,False,False,2.329591133004926,0.0004088669950741419,True,low_bin_residual_mad
2023-09-29 00:03:00,-1.0434947,0.0,2.464,False,False,False,2.464,2.464,False,False,2.4635717821782177,0.00042821782178226186,True,low_bin_residual_mad
2023-09-29 09:19:00,0.47350815,0.47350815,3.345,False,False,False,3.345,2.87149185,False,False,3.31219,-0.44069815000000023,True,low_bin_residual_mad
2023-09-30 05:19:00,0.33685938,0.33685938,3.239,False,False,False,3.239,2.90214062,False,False,3.21688,-0.31473938000000024,True,low_bin_residual_mad
2023-09-30 05:21:00,0.061938167,0.061938167,3.263,False,False,False,3.263,3.201061833,False,False,3.23962,-0.03855816700000014,True,low_bin_residual_mad
2023-10-03 00:28:00,0.39538664,0.39538664,3.309,False,False,False,3.309,2.9136133600000003,False,False,3.28033,-0.3667166399999999,True,low_bin_residual_mad
2023-10-03 00:32:00,0.6745329,0.6745329,3.038,False,False,False,3.038,2.3634671,False,False,3.0311442106975486,-0.6676771106975488,True,low_bin_residual_mad
2023-10-03 00:49:00,-1.4609835,0.0,2.324,False,False,False,2.324,2.324,False,False,2.323620689655172,0.0003793103448277435,True,low_bin_residual_mad
2023-10-03 12:24:00,-1.5233073,0.0,2.315,False,False,False,2.315,2.315,False,False,2.314665024630542,0.0003349753694581459,True,low_bin_residual_mad
2023-10-03 12:25:00,-1.3824933,0.0,2.305,False,False,False,2.305,2.305,False,False,2.3047142857142857,0.00028571428571444457,True,low_bin_residual_mad
2023-10-08 04:29:00,0.6275785,0.6275785,3.192,False,False,False,3.192,2.5644215,False,False,3.1694100000000005,-0.6049885000000006,True,low_bin_residual_mad
2023-10-08 04:53:00,-1.602924,0.0,2.344,False,False,False,2.344,2.344,False,False,2.3435221674876843,0.0004778325123155902,True,low_bin_residual_mad
2023-10-10 10:25:00,-1.5943794,0.0,2.323,False,False,False,2.323,2.323,False,False,2.3226256157635468,0.00037438423645319574,True,low_bin_residual_mad
2023-10-11 12:47:00,0.929391,0.929391,3.319,False,False,False,3.319,2.389609,False,False,3.28918,-0.8995709999999999,True,low_bin_residual_mad
2023-10-11 12:48:00,0.24556804,0.24556804,2.896,False,False,False,2.896,2.6504319599999997,False,False,2.892081632653061,-0.24164967265306148,True,low_bin_residual_mad
2023-10-11 12:53:00,0.757753,0.757753,3.328,False,False,False,3.328,2.5702469999999997,False,False,3.297145,-0.7268980000000003,True,low_bin_residual_mad
2023-10-11 12:58:00,0.23437846,0.23437846,2.898,False,False,False,2.898,2.6636215400000003,False,False,2.8940408163265308,-0.23041927632653048,True,low_bin_residual_mad
2023-10-11 12:59:00,0.4564181,0.4564181,3.262,False,False,False,3.262,2.8055819,False,False,3.238735,-0.4331531000000002,True,low_bin_residual_mad
2023-10-13 09:22:00,0.23819071,0.23819071,3.088,False,False,False,3.088,2.84980929,False,False,3.0750000784205,-0.2251907884205,True,low_bin_residual_mad
2023-10-13 09:24:00,0.08042556,0.08042556,3.141,False,False,False,3.141,3.06057444,False,False,3.1195873140350003,-0.05901287403500044,True,low_bin_residual_mad
2023-10-13 09:32:00,-1.1734455,0.0,2.325,False,False,False,2.325,2.325,False,False,2.324615763546798,0.00038423645320229127,True,low_bin_residual_mad
2023-10-13 09:42:00,-1.196433,0.0,2.306,False,False,False,2.306,2.306,False,False,2.3057093596059115,0.00029064039408854825,True,low_bin_residual_mad
2023-10-13 09:46:00,-1.2763147,0.0,2.328,False,False,False,2.328,2.328,False,False,2.327600985221675,0.0003990147783250464,True,low_bin_residual_mad
2023-10-13 09:52:00,0.8211299,0.8211299,3.234,False,False,False,3.234,2.4128701,False,False,3.2118300000000004,-0.7989599000000003,True,low_bin_residual_mad
2023-10-13 16:04:00,1.1475149,1.1475149,3.393,False,False,False,3.393,2.2454851,False,False,3.2990257918,-1.0535406918000003,True,low_bin_residual_mad
2023-10-13 16:05:00,0.81970066,0.81970066,3.34,False,False,False,3.34,2.5202993399999998,False,False,3.307765,-0.7874656600000001,True,low_bin_residual_mad
2023-10-13 16:07:00,0.35232127,0.35232127,2.931,False,False,False,2.931,2.57867873,False,False,2.9263673469387754,-0.3476886169387754,True,low_bin_residual_mad
2023-10-13 16:09:00,0.3491274,0.3491274,3.239,False,False,False,3.239,2.8898726,False,False,3.21688,-0.3270074000000003,True,low_bin_residual_mad
2023-10-13 22:18:00,0.06891036,0.06891036,3.198,False,False,False,3.198,3.12908964,False,False,3.1754700000000002,-0.04638036000000012,True,low_bin_residual_mad
2023-10-13 22:25:00,0.10332799,0.10332799,3.183,False,False,False,3.183,3.07967201,False,False,3.16032,-0.08064799000000011,True,low_bin_residual_mad
2023-10-13 22:35:00,0.28566372,0.28566372,3.105,False,False,False,3.105,2.81933628,False,False,3.089301644561,-0.26996536456100007,True,low_bin_residual_mad
2023-10-13 23:07:00,-0.8481729,0.0,2.474,False,False,False,2.474,2.474,False,False,2.473621287128713,0.00037871287128732334,True,low_bin_residual_mad
2023-10-13 23:14:00,-1.3904366,0.0,2.341,False,False,False,2.341,2.341,False,False,2.340536945812808,0.000463054187192391,True,low_bin_residual_mad
2023-10-13 23:17:00,0.019518018,0.019518018,3.228,False,False,False,3.228,3.2084819820000003,False,False,3.2057700000000002,0.0027119820000001127,True,low_bin_residual_mad
2023-10-14 15:47:00,1.3457607,1.3457607,3.35,False,False,False,3.35,2.0042393,False,False,3.316615,-1.3123757,True,low_bin_residual_mad
2023-10-14 15:48:00,1.0336841,1.0336841,2.992,False,False,False,2.992,1.9583158999999999,False,False,2.9861033826965686,-1.0277874826965687,True,low_bin_residual_mad
2023-10-15 03:39:00,0.21047623,0.21047623,2.976,False,False,False,2.976,2.76552377,False,False,2.9704370077397058,-0.2049132377397056,True,low_bin_residual_mad
2023-10-15 13:25:00,-0.9473936,0.0,2.331,False,False,False,2.331,2.331,False,False,2.3305862068965517,0.0004137931034482456,True,low_bin_residual_mad
2023-10-15 13:26:00,-0.9343137,0.0,2.307,False,False,False,2.307,2.307,False,False,2.306704433497537,0.000295566502463096,True,low_bin_residual_mad
2023-10-15 13:27:00,-1.1563805,0.0,2.485,False,False,False,2.485,2.485,False,False,2.4846757425742574,0.0003242574257424913,True,low_bin_residual_mad
2023-10-16 03:43:00,0.0,0.0,2.465,False,False,False,2.465,2.465,False,False,2.464576732673267,0.0004232673267328124,True,low_bin_residual_mad
2023-10-16 12:09:00,0.15105784,0.15105784,3.27,False,False,False,3.27,3.11894216,False,False,3.2458150000000003,-0.12687284000000032,True,low_bin_residual_mad
2023-10-16 23:36:00,0.52602243,0.52602243,3.331,False,False,False,3.331,2.80497757,False,False,3.2998,-0.4948224299999997,True,low_bin_residual_mad
2023-10-16 23:41:00,-1.4356637,0.0,2.317,False,False,False,2.317,2.317,False,False,2.3166551724137934,0.0003448275862067973,True,low_bin_residual_mad
2023-10-17 18:05:00,0.5412003,0.5412003,3.084,False,False,False,3.084,2.5427997,False,False,3.0716350040345,-0.5288353040344997,True,low_bin_residual_mad
2023-10-17 18:25:00,0.67868686,0.67868686,3.397,False,False,False,3.397,2.71831314,False,False,3.2972663434,-0.5789532034000002,True,low_bin_residual_mad
2023-10-17 18:39:00,0.676566,0.676566,2.937,False,False,False,2.937,2.260434,False,False,2.9322448979591837,-0.6718108979591837,True,low_bin_residual_mad
2023-10-17 18:40:00,0.676566,0.676566,2.937,False,False,False,2.937,2.260434,False,False,2.9322448979591837,-0.6718108979591837,True,low_bin_residual_mad
2023-10-17 18:41:00,0.8639731,0.8639731,3.366,False,False,False,3.366,2.5020269,False,False,3.3109020685,-0.8088751684999997,True,low_bin_residual_mad
2023-10-17 18:46:00,0.44468376,0.44468376,3.021,False,False,False,3.021,2.5763162399999997,False,False,3.014498687305882,-0.4381824473058824,True,low_bin_residual_mad
2023-10-17 18:48:00,0.017001152,0.017001152,2.802,False,False,False,2.802,2.784998848,False,False,2.799248730964467,-0.014249882964467275,True,low_bin_residual_mad
2023-10-17 18:49:00,0.89252764,0.89252764,3.21,False,False,False,3.21,2.31747236,False,False,3.18759,-0.8701176400000001,True,low_bin_residual_mad
2023-10-17 18:50:00,0.9332019,0.9332019,3.364,False,False,False,3.364,2.4307980999999996,False,False,3.3117817927,-0.8809836927000005,True,low_bin_residual_mad
2023-10-17 20:31:00,0.42263147,0.42263147,3.161,False,False,False,3.161,2.73836853,False,False,3.1381000000000006,-0.39973147000000075,True,low_bin_residual_mad
2023-10-17 22:21:00,-0.6906122,0.0,2.333,False,False,False,2.333,2.333,False,False,2.332576354679803,0.00042364532019734114,True,low_bin_residual_mad
2023-10-18 05:08:00,0.96311307,0.96311307,3.394,False,False,False,3.394,2.4308869300000002,False,False,3.2985859296999998,-0.8676989996999995,True,low_bin_residual_mad
2023-10-18 05:15:00,0.8121696,0.8121696,3.341,False,False,False,3.341,2.5288304000000004,False,False,3.30865,-0.7798195999999997,True,low_bin_residual_mad
2023-10-18 05:31:00,0.4470718,0.4470718,3.342,False,False,False,3.342,2.8949282,False,False,3.309535,-0.41460680000000005,True,low_bin_residual_mad
2023-10-18 05:33:00,0.52077913,0.52077913,3.339,False,False,False,3.339,2.81822087,False,False,3.30688,-0.48865912999999983,True,low_bin_residual_mad
2023-10-18 05:52:00,0.4896013,0.4896013,3.32,False,False,False,3.32,2.8303987,False,False,3.290065,-0.45966629999999986,True,low_bin_residual_mad
2023-10-18 05:55:00,0.49893558,0.49893558,3.332,False,False,False,3.332,2.83306442,False,False,3.3006849999999996,-0.46762057999999973,True,low_bin_residual_mad
2023-10-18 06:06:00,0.0,0.0,2.479,False,False,False,2.479,2.479,False,False,2.4786460396039605,0.00035396039603963203,True,low_bin_residual_mad
2023-10-18 06:07:00,0.0,0.0,2.483,False,False,False,2.483,2.483,False,False,2.4826658415841583,0.00033415841584183426,True,low_bin_residual_mad
2023-10-18 06:17:00,0.519094,0.519094,3.194,False,False,False,3.194,2.674906,False,False,3.1714300000000004,-0.4965240000000004,True,low_bin_residual_mad
2023-10-19 18:07:00,-1.1744787,0.0,2.495,False,False,False,2.495,2.495,False,False,2.4947252475247526,0.00027475247524755275,True,low_bin_residual_mad
2023-10-19 18:55:00,1.0241824,1.0241824,3.376,False,False,False,3.376,2.3518176,False,False,3.3065034475,-0.9546858475,True,low_bin_residual_mad
2023-10-19 18:56:00,0.5002517,0.5002517,3.083,False,False,False,3.083,2.5827483000000004,False,False,3.070793735438,-0.4880454354379995,True,low_bin_residual_mad
2023-10-19 18:58:00,0.77736276,0.77736276,3.286,False,False,False,3.286,2.50863724,False,False,3.2599750000000003,-0.7513377600000002,True,low_bin_residual_mad
2023-11-04 14:38:00,0.454458,0.454458,3.386,False,False,False,3.386,2.9315420000000003,False,False,3.3021048265,-0.3705628264999996,True,low_bin_residual_mad
2023-11-04 17:43:00,0.2171017,0.2171017,3.186,False,False,False,3.186,2.9688982999999998,False,False,3.1633500000000003,-0.19445170000000056,True,low_bin_residual_mad
2023-11-04 17:44:00,0.28174353,0.28174353,3.243,False,False,False,3.243,2.96125647,False,False,3.22092,-0.2596635300000001,True,low_bin_residual_mad
2023-11-04 18:06:00,0.34478295,0.34478295,2.817,False,False,False,2.817,2.4722170500000002,False,False,2.8141725888324873,-0.3419555388324871,True,low_bin_residual_mad
2023-11-04 18:07:00,0.32111502,0.32111502,3.225,False,False,False,3.225,2.90388498,False,False,3.2027400000000004,-0.2988550200000004,True,low_bin_residual_mad
2023-11-04 18:09:00,0.6102601,0.6102601,3.373,False,False,False,3.373,2.7627399,False,False,3.3078230337999996,-0.5450831337999995,True,low_bin_residual_mad
2023-11-04 18:11:00,0.123187065,0.123187065,3.055,False,False,False,3.055,2.931812935,False,False,3.0472382147359998,-0.11542527973599981,True,low_bin_residual_mad
2023-11-04 18:12:00,0.53170466,0.53170466,3.361,False,False,False,3.361,2.8292953400000003,False,False,3.313101379,-0.48380603899999963,True,low_bin_residual_mad
2023-11-07 18:30:00,0.22798358,0.22798358,2.698,False,False,False,2.698,2.47001642,False,False,2.6957698019801977,-0.2257533819801978,True,low_bin_residual_mad
2023-11-14 06:37:00,0.031407118,0.031407118,3.039,False,False,False,3.039,3.007592882,False,False,3.0321233591323526,-0.02453047713235268,True,low_bin_residual_mad
2023-11-15 00:32:00,-0.9179325,0.0,2.324,False,False,False,2.324,2.324,False,False,2.323620689655172,0.0003793103448277435,True,low_bin_residual_mad
2023-11-15 00:34:00,-1.7564657,0.0,2.302,False,False,False,2.302,2.302,False,False,2.301729064039409,0.00027093596059124536,True,low_bin_residual_mad
2023-11-16 00:46:00,-1.2957532,0.0,2.315,False,False,False,2.315,2.315,False,False,2.314665024630542,0.0003349753694581459,True,low_bin_residual_mad
2023-11-16 01:58:00,0.4299626,0.4299626,3.181,False,False,False,3.181,2.7510374,False,False,3.1583000000000006,-0.4072626000000006,True,low_bin_residual_mad
2023-11-19 14:03:00,0.4987342,0.4987342,3.143,False,False,False,3.143,2.6442658,False,False,3.121269851228,-0.47700405122800005,True,low_bin_residual_mad
2023-11-19 14:06:00,0.0,0.0,2.302,False,False,False,2.302,2.302,False,False,2.301729064039409,0.00027093596059124536,True,low_bin_residual_mad
2023-11-19 22:47:00,0.9512419,0.9512419,3.242,False,False,False,3.242,2.2907581,False,False,3.21991,-0.9291518999999999,True,low_bin_residual_mad
2023-11-19 22:48:00,1.1405317,1.1405317,3.139,False,False,False,3.139,1.9984682999999999,False,False,3.117904776842,-1.119436476842,True,low_bin_residual_mad
2023-11-19 22:49:00,0.29928988,0.29928988,2.691,False,False,False,2.691,2.39171012,False,False,2.688804455445544,-0.2970943354455442,True,low_bin_residual_mad
2023-11-19 22:50:00,0.6519228,0.6519228,2.801,False,False,False,2.801,2.1490772000000002,False,False,2.798253807106599,-0.649176607106599,True,low_bin_residual_mad
2023-11-19 22:51:00,0.67019653,0.67019653,2.847,False,False,False,2.847,2.17680347,False,False,2.8440203045685277,-0.6672168345685279,True,low_bin_residual_mad
2023-11-19 22:54:00,-0.2047363,0.0,2.328,False,False,False,2.328,2.328,False,False,2.327600985221675,0.0003990147783250464,True,low_bin_residual_mad
2023-11-19 23:58:00,-1.5065254,0.0,2.477,False,False,False,2.477,2.477,False,False,2.4766361386138613,0.0003638613861385309,True,low_bin_residual_mad
2023-11-20 00:00:00,-1.2248476,0.0,2.472,False,False,False,2.472,2.472,False,False,2.4716113861386138,0.0003886138613862222,True,low_bin_residual_mad
2023-11-20 00:04:00,0.12157667,0.12157667,3.297,False,False,False,3.297,3.17542333,False,False,3.2697100000000003,-0.09428667000000024,True,low_bin_residual_mad
2023-11-20 00:05:00,0.083330154,0.083330154,3.24,False,False,False,3.24,3.1566698460000002,False,False,3.2178900000000006,-0.06122015400000036,True,low_bin_residual_mad
2023-11-20 00:06:00,0.035630286,0.035630286,3.197,False,False,False,3.197,3.161369714,False,False,3.1744600000000003,-0.013090286000000173,True,low_bin_residual_mad
2023-11-20 02:55:00,0.0,0.0,2.484,False,False,False,2.484,2.484,False,False,2.4836707920792076,0.0003292079207923848,True,low_bin_residual_mad
2023-11-20 02:59:00,-0.7276742,0.0,2.472,False,False,False,2.472,2.472,False,False,2.4716113861386138,0.0003886138613862222,True,low_bin_residual_mad
2023-11-21 00:23:00,0.46960878,0.46960878,3.391,False,False,False,3.391,2.92139122,False,False,3.299905516,-0.3785142960000001,True,low_bin_residual_mad
2023-11-21 00:31:00,-1.132493,0.0,2.463,False,False,False,2.463,2.463,False,False,2.4625668316831684,0.0004331683168317113,True,low_bin_residual_mad
2023-11-21 00:32:00,-1.1313095,0.0,2.497,False,False,False,2.497,2.497,False,False,2.4967351485148512,0.00026485148514865386,True,low_bin_residual_mad
2023-11-23 05:04:00,0.033727646,0.033727646,3.084,False,False,False,3.084,3.050272354,False,False,3.0716350040345,-0.021362650034499886,True,low_bin_residual_mad
2023-11-23 08:00:00,0.27979732,0.27979732,3.211,False,False,False,3.211,2.9312026799999997,False,False,3.1886,-0.2573973200000004,True,low_bin_residual_mad
2023-11-23 08:01:00,0.17918003,0.17918003,3.086,False,False,False,3.086,2.90681997,False,False,3.0733175412274996,-0.16649757122749964,True,low_bin_residual_mad
2023-11-23 08:40:00,-1.0693661,0.0,2.333,False,False,False,2.333,2.333,False,False,2.332576354679803,0.00042364532019734114,True,low_bin_residual_mad
2023-11-23 08:41:00,-1.296413,0.0,2.33,False,False,False,2.33,2.33,False,False,2.329591133004926,0.0004088669950741419,True,low_bin_residual_mad
2023-11-28 14:15:00,0.32259285,0.32259285,3.23,False,False,False,3.23,2.90740715,False,False,3.20779,-0.3003828500000001,True,low_bin_residual_mad
2023-11-28 14:17:00,0.24547577,0.24547577,3.269,False,False,False,3.269,3.02352423,False,False,3.24493,-0.22140577000000006,True,low_bin_residual_mad
2023-11-28 21:00:00,0.7836188,0.7836188,2.483,False,False,False,2.483,1.6993812000000001,False,False,2.4826658415841583,-0.7832846415841581,True,low_bin_residual_mad
2023-11-28 21:04:00,0.7904597,0.7904597,3.302,False,False,False,3.302,2.5115403,False,False,3.2741350000000002,-0.7625947000000002,True,low_bin_residual_mad
2023-12-02 01:52:00,0.07964891,0.07964891,2.914,False,False,False,2.914,2.83435109,False,False,2.9097142857142857,-0.07536319571428551,True,low_bin_residual_mad
2023-12-02 01:54:00,-1.0192021,0.0,2.333,False,False,False,2.333,2.333,False,False,2.332576354679803,0.00042364532019734114,True,low_bin_residual_mad
2023-12-02 23:44:00,0.08732182,0.08732182,2.914,False,False,False,2.914,2.82667818,False,False,2.9097142857142857,-0.08303610571428566,True,low_bin_residual_mad
2023-12-02 23:45:00,0.37791,0.37791,3.071,False,False,False,3.071,2.69309,False,False,3.0606985122799997,-0.36760851227999947,True,low_bin_residual_mad
2023-12-03 00:49:00,0.24791625,0.24791625,2.701,False,False,False,2.701,2.4530837500000002,False,False,2.6987549504950494,-0.2456712004950492,True,low_bin_residual_mad
2023-12-04 03:29:00,0.21177787,0.21177787,3.159,False,False,False,3.159,2.9472221299999997,False,False,3.13608,-0.18885787000000054,True,low_bin_residual_mad
2023-12-04 05:29:00,0.7931758,0.7931758,3.311,False,False,False,3.311,2.5178241999999997,False,False,3.2821,-0.7642758000000001,True,low_bin_residual_mad
2023-12-04 05:30:00,1.38526,1.38526,3.371,False,False,False,3.371,1.98574,False,False,3.308702758,-1.3229627579999998,True,low_bin_residual_mad
2023-12-05 03:57:00,0.3259419,0.3259419,3.228,False,False,False,3.228,2.9020581,False,False,3.2057700000000002,-0.30371190000000015,True,low_bin_residual_mad
2023-12-05 04:04:00,-0.71132374,0.0,2.338,False,False,False,2.338,2.338,False,False,2.337551724137931,0.0004482758620691918,True,low_bin_residual_mad
2023-12-05 10:48:00,0.82938176,0.82938176,3.347,False,False,False,3.347,2.51761824,False,False,3.31396,-0.7963417599999998,True,low_bin_residual_mad
2023-12-05 12:24:00,0.0,0.0,2.327,False,False,False,2.327,2.327,False,False,2.326605911330049,0.0003940886699509427,True,low_bin_residual_mad
2023-12-05 18:22:00,0.45453364,0.45453364,3.383,False,False,False,3.383,2.92846636,False,False,3.3034244128,-0.3749580528000003,True,low_bin_residual_mad
2023-12-05 23:48:00,-0.9825326,0.0,2.315,False,False,False,2.315,2.315,False,False,2.314665024630542,0.0003349753694581459,True,low_bin_residual_mad
2023-12-06 21:19:00,0.3928416,0.3928416,3.317,False,False,False,3.317,2.9241584,False,False,3.28741,-0.3632515999999999,True,low_bin_residual_mad
2023-12-06 21:22:00,-0.7923277,0.0,2.466,False,False,False,2.466,2.466,False,False,2.465581683168317,0.000418316831683363,True,low_bin_residual_mad
2023-12-07 00:39:00,0.0,0.0,2.491,False,False,False,2.491,2.491,False,False,2.4907054455445543,0.0002945544554457946,True,low_bin_residual_mad
2023-12-07 00:44:00,-0.8918724,0.0,2.486,False,False,False,2.486,2.486,False,False,2.485680693069307,0.00031930693069304183,True,low_bin_residual_mad
2023-12-07 00:49:00,0.0,0.0,2.335,False,False,False,2.335,2.335,False,False,2.334566502463054,0.0004334975369459926,True,low_bin_residual_mad
2023-12-07 01:18:00,0.1881997,0.1881997,3.192,False,False,False,3.192,3.0038003,False,False,3.1694100000000005,-0.16560970000000053,True,low_bin_residual_mad
2023-12-07 01:21:00,0.027853012,0.027853012,3.229,False,False,False,3.229,3.201146988,False,False,3.20678,-0.005633012000000104,True,low_bin_residual_mad
2023-12-07 01:23:00,0.11323464,0.11323464,3.262,False,False,False,3.262,3.14876536,False,False,3.238735,-0.08996964000000007,True,low_bin_residual_mad
2023-12-07 01:31:00,-0.67866904,0.0,2.321,False,False,False,2.321,2.321,False,False,2.3206354679802956,0.0003645320197045443,True,low_bin_residual_mad
2023-12-07 01:33:00,-1.0785898,0.0,2.472,False,False,False,2.472,2.472,False,False,2.4716113861386138,0.0003886138613862222,True,low_bin_residual_mad
2023-12-07 01:36:00,0.06224501,0.06224501,3.178,False,False,False,3.178,3.11575499,False,False,3.1552700000000002,-0.03951501000000013,True,low_bin_residual_mad
2023-12-07 02:47:00,0.9516972,0.9516972,3.369,False,False,False,3.369,2.4173028000000003,False,False,3.3095824821999997,-0.8922796821999994,True,low_bin_residual_mad
2023-12-09 09:40:00,0.2463972,0.2463972,3.099,False,False,False,3.099,2.8526028,False,False,3.084254032982,-0.23165123298199974,True,low_bin_residual_mad
2023-12-09 17:25:00,-0.96033585,0.0,2.48,False,False,False,2.48,2.48,False,False,2.47965099009901,0.0003490099009901826,True,low_bin_residual_mad
2023-12-09 17:27:00,0.50430214,0.50430214,3.308,False,False,False,3.308,2.8036978599999998,False,False,3.279445,-0.4757471400000002,True,low_bin_residual_mad
2023-12-09 17:31:00,0.3957256,0.3957256,3.254,False,False,False,3.254,2.8582744,False,False,3.2316550000000004,-0.3733806000000004,True,low_bin_residual_mad
2023-12-10 15:14:00,-1.3235418,0.0,2.338,False,False,False,2.338,2.338,False,False,2.337551724137931,0.0004482758620691918,True,low_bin_residual_mad
2023-12-10 15:22:00,-1.0766296,0.0,2.336,False,False,False,2.336,2.336,False,False,2.3355615763546793,0.00043842364532054034,True,low_bin_residual_mad
2023-12-10 17:25:00,-2.1713598,0.0,2.313,False,False,False,2.313,2.313,False,False,2.3126748768472907,0.00032512315270949443,True,low_bin_residual_mad
2023-12-11 05:32:00,-1.3018507,0.0,2.48,False,False,False,2.48,2.48,False,False,2.47965099009901,0.0003490099009901826,True,low_bin_residual_mad
2023-12-11 05:34:00,-1.6921976,0.0,2.481,False,False,False,2.481,2.481,False,False,2.480655940594059,0.00034405940594073314,True,low_bin_residual_mad
2023-12-11 05:47:00,-1.1036904,0.0,2.463,False,False,False,2.463,2.463,False,False,2.4625668316831684,0.0004331683168317113,True,low_bin_residual_mad
2023-12-11 06:21:00,-0.87062377,0.0,2.329,False,False,False,2.329,2.329,False,False,2.3285960591133006,0.00040394088669959416,True,low_bin_residual_mad
2023-12-11 07:13:00,-0.62756395,0.0,2.476,False,False,False,2.476,2.476,False,False,2.4756311881188116,0.00036881188118842445,True,low_bin_residual_mad
2023-12-13 01:13:00,0.095520794,0.095520794,2.705,False,False,False,2.705,2.609479206,False,False,2.7027351485148516,-0.09325594251485159,True,low_bin_residual_mad
2023-12-13 01:30:00,-1.2223815,0.0,2.318,False,False,False,2.318,2.318,False,False,2.3176502463054187,0.0003497536945813451,True,low_bin_residual_mad
2023-12-13 01:39:00,-1.305879,0.0,2.47,False,False,False,2.47,2.47,False,False,2.469601485148515,0.0003985148514851211,True,low_bin_residual_mad
2023-12-13 01:43:00,0.57273936,0.57273936,3.349,False,False,False,3.349,2.7762606400000003,False,False,3.3157300000000003,-0.53946936,True,low_bin_residual_mad
2023-12-13 13:15:00,-1.2048875,0.0,2.309,False,False,False,2.309,2.309,False,False,2.3086945812807884,0.00030541871921174746,True,low_bin_residual_mad
2023-12-13 13:35:00,-0.9129918,0.0,2.327,False,False,False,2.327,2.327,False,False,2.326605911330049,0.0003940886699509427,True,low_bin_residual_mad
2023-12-14 09:52:00,-0.87314045,0.0,2.491,False,False,False,2.491,2.491,False,False,2.4907054455445543,0.0002945544554457946,True,low_bin_residual_mad
2023-12-14 19:31:00,-1.3482912,0.0,2.303,False,False,False,2.303,2.303,False,False,2.302724137931034,0.00027586206896579313,True,low_bin_residual_mad
2023-12-14 19:43:00,-1.1958085,0.0,2.475,False,False,False,2.475,2.475,False,False,2.474626237623762,0.0003737623762378739,True,low_bin_residual_mad
2023-12-14 19:44:00,-0.98209906,0.0,2.321,False,False,False,2.321,2.321,False,False,2.3206354679802956,0.0003645320197045443,True,low_bin_residual_mad
2023-12-14 23:38:00,-1.4606187,0.0,2.459,False,False,False,2.459,2.459,False,False,2.45854702970297,0.00045297029702995317,True,low_bin_residual_mad
2023-12-18 01:07:00,0.7749522,0.7749522,3.018,False,False,False,3.018,2.2430478,False,False,3.01156124200147,-0.7685134420014701,True,low_bin_residual_mad
2023-12-23 10:26:00,0.09371567,0.09371567,3.201,False,False,False,3.201,3.10728433,False,False,3.1785000000000005,-0.0712156700000004,True,low_bin_residual_mad
2023-12-23 12:35:00,0.8055967,0.8055967,3.321,False,False,False,3.321,2.5154033,False,False,3.29095,-0.7755467,True,low_bin_residual_mad
2023-12-23 14:05:00,0.0,0.0,2.494,False,False,False,2.494,2.494,False,False,2.493720297029703,0.0002797029702970022,True,low_bin_residual_mad
2023-12-25 15:30:00,0.26715678,0.26715678,2.853,False,False,False,2.853,2.58584322,False,False,2.8499591836734695,-0.26411596367346934,True,low_bin_residual_mad
2023-12-26 01:00:00,0.0,0.0,2.489,False,False,False,2.489,2.489,False,False,2.488695544554455,0.0003044554455446935,True,low_bin_residual_mad
2023-12-26 01:01:00,0.0,0.0,2.312,False,False,False,2.312,2.312,False,False,2.311679802955665,0.00032019704433494667,True,low_bin_residual_mad
2023-12-26 06:15:00,1.109815,1.109815,3.278,False,False,False,3.278,2.1681850000000003,False,False,3.252895,-1.0847099999999998,True,low_bin_residual_mad
2023-12-26 06:17:00,0.44261688,0.44261688,2.65,False,False,False,2.65,2.20738312,False,False,2.648029702970297,-0.440646582970297,True,low_bin_residual_mad
2023-12-26 06:18:00,0.41399735,0.41399735,2.85,False,False,False,2.85,2.4360026500000003,False,False,2.847005076142132,-0.41100242614213167,True,low_bin_residual_mad
2023-12-26 06:27:00,0.33625108,0.33625108,3.136,False,False,False,3.136,2.7997489200000003,False,False,3.1153809710525002,-0.3156320510524999,True,low_bin_residual_mad
2023-12-26 10:06:00,0.19138825,0.19138825,2.984,False,False,False,2.984,2.79261175,False,False,2.978270195218137,-0.18565844521813712,True,low_bin_residual_mad
2023-12-26 10:09:00,-0.8521441,0.0,2.497,False,False,False,2.497,2.497,False,False,2.4967351485148512,0.00026485148514865386,True,low_bin_residual_mad
2023-12-26 10:19:00,0.5256113,0.5256113,3.397,False,False,False,3.397,2.8713887,False,False,3.2972663434,-0.4258776434000002,True,low_bin_residual_mad
2023-12-26 10:54:00,0.5256755,0.5256755,2.986,False,False,False,2.986,2.4603245000000005,False,False,2.980228492087745,-0.5199039920877446,True,low_bin_residual_mad
2023-12-26 10:55:00,0.49646288,0.49646288,2.946,False,False,False,2.946,2.44953712,False,False,2.941061224489796,-0.491524104489796,True,low_bin_residual_mad
2023-12-26 10:56:00,0.48849404,0.48849404,2.784,False,False,False,2.784,2.29550596,False,False,2.7813401015228423,-0.48583414152284243,True,low_bin_residual_mad
2023-12-26 10:57:00,0.4782286,0.4782286,2.719,False,False,False,2.719,2.2407714,False,False,2.7166658415841582,-0.4758944415841584,True,low_bin_residual_mad
2023-12-26 10:58:00,0.5217787,0.5217787,2.679,False,False,False,2.679,2.1572213,False,False,2.6768638613861384,-0.5196425613861386,True,low_bin_residual_mad
2023-12-26 10:59:00,0.19698757,0.19698757,2.754,False,False,False,2.754,2.55701243,False,False,2.751492385786802,-0.194479955786802,True,low_bin_residual_mad
2023-12-26 11:00:00,-0.26360458,0.0,2.307,False,False,False,2.307,2.307,False,False,2.306704433497537,0.000295566502463096,True,low_bin_residual_mad
2023-12-26 11:02:00,1.1797435,1.1797435,3.231,False,False,False,3.231,2.0512565,False,False,3.2088,-1.1575435,True,low_bin_residual_mad
2023-12-26 11:03:00,1.3797638,1.3797638,3.354,False,False,False,3.354,1.9742362,False,False,3.3161804136999997,-1.3419442136999997,True,low_bin_residual_mad
2023-12-26 11:07:00,0.51614916,0.51614916,3.149,False,False,False,3.149,2.63285084,False,False,3.126317462807,-0.49346662280699993,True,low_bin_residual_mad
2023-12-28 00:39:00,0.13009739,0.13009739,3.221,False,False,False,3.221,3.09090261,False,False,3.1987000000000005,-0.10779739000000044,True,low_bin_residual_mad
2023-12-28 00:46:00,0.47371778,0.47371778,3.2,False,False,False,3.2,2.7262822200000003,False,False,3.1774900000000006,-0.4512077800000003,True,low_bin_residual_mad
2023-12-28 00:47:00,0.47430965,0.47430965,3.207,False,False,False,3.207,2.73269035,False,False,3.1845600000000003,-0.45186965000000034,True,low_bin_residual_mad
2023-12-28 00:48:00,0.29702073,0.29702073,3.165,False,False,False,3.165,2.86797927,False,False,3.1421400000000004,-0.2741607300000002,True,low_bin_residual_mad
2023-12-28 00:49:00,0.016372502,0.016372502,3.069,False,False,False,3.069,3.052627498,False,False,3.0590159750869996,-0.006388477086999522,True,low_bin_residual_mad
2023-12-28 00:56:00,0.12770331,0.12770331,3.274,False,False,False,3.274,3.1462966900000002,False,False,3.249355,-0.10305830999999976,True,low_bin_residual_mad
2023-12-28 01:12:00,0.11457366,0.11457366,3.267,False,False,False,3.267,3.15242634,False,False,3.24316,-0.09073366000000016,True,low_bin_residual_mad
2023-12-28 01:15:00,-0.89224124,0.0,2.497,False,False,False,2.497,2.497,False,False,2.4967351485148512,0.00026485148514865386,True,low_bin_residual_mad
2023-12-28 15:26:00,0.0,0.0,2.471,False,False,False,2.471,2.471,False,False,2.4706064356435644,0.00039356435643567167,True,low_bin_residual_mad
2023-12-28 15:30:00,-0.6589063,0.0,2.309,False,False,False,2.309,2.309,False,False,2.3086945812807884,0.00030541871921174746,True,low_bin_residual_mad
2023-12-28 15:45:00,0.0,0.0,2.468,False,False,False,2.468,2.468,False,False,2.4675915841584155,0.0004084158415844641,True,low_bin_residual_mad
2023-12-28 15:55:00,0.0,0.0,2.476,False,False,False,2.476,2.476,False,False,2.4756311881188116,0.00036881188118842445,True,low_bin_residual_mad
2023-12-28 15:56:00,0.0,0.0,2.308,False,False,False,2.308,2.308,False,False,2.307699507389162,0.0003004926108376438,True,low_bin_residual_mad
2023-12-28 17:06:00,-0.41268268,0.0,2.31,False,False,False,2.31,2.31,False,False,2.3096896551724138,0.0003103448275862952,True,low_bin_residual_mad
2023-12-28 17:07:00,0.0,0.0,2.467,False,False,False,2.467,2.467,False,False,2.466586633663366,0.00041336633663391353,True,low_bin_residual_mad
2023-12-28 18:34:00,0.20907667,0.20907667,3.293,False,False,False,3.293,3.08392333,False,False,3.2661700000000002,-0.18224667000000006,True,low_bin_residual_mad
2023-12-28 18:45:00,0.0,0.0,2.317,False,False,False,2.317,2.317,False,False,2.3166551724137934,0.0003448275862067973,True,low_bin_residual_mad
2023-12-28 18:46:00,0.0,0.0,2.495,False,False,False,2.495,2.495,False,False,2.4947252475247526,0.00027475247524755275,True,low_bin_residual_mad
2023-12-28 18:56:00,0.0,0.0,2.477,False,False,False,2.477,2.477,False,False,2.4766361386138613,0.0003638613861385309,True,low_bin_residual_mad
2023-12-28 22:20:00,0.0,0.0,2.461,False,False,False,2.461,2.461,False,False,2.460556930693069,0.0004430693069310543,True,low_bin_residual_mad
2023-12-29 05:06:00,-0.27616024,0.0,2.32,False,False,False,2.32,2.32,False,False,2.31964039408867,0.00035960591132999653,True,low_bin_residual_mad
2023-12-30 15:14:00,-1.2275258,0.0,2.485,False,False,False,2.485,2.485,False,False,2.4846757425742574,0.0003242574257424913,True,low_bin_residual_mad
2024-01-01 06:00:00,-1.4128056,0.0,2.487,False,False,False,2.487,2.487,False,False,2.4866856435643565,0.0003143564356435924,True,low_bin_residual_mad
2024-01-01 06:06:00,0.06643623,0.06643623,3.056,False,False,False,3.056,2.98956377,False,False,3.0480794833325,-0.05851571333249961,True,low_bin_residual_mad
2024-01-01 06:30:00,-1.2991399,0.0,2.472,False,False,False,2.472,2.472,False,False,2.4716113861386138,0.0003886138613862222,True,low_bin_residual_mad
2024-01-01 11:02:00,0.2681033,0.2681033,2.932,False,False,False,2.932,2.6638967,False,False,2.92734693877551,-0.2634502387755102,True,low_bin_residual_mad
2024-01-01 11:03:00,0.403122,0.403122,3.096,False,False,False,3.096,2.6928780000000003,False,False,3.0817302271925,-0.38885222719249946,True,low_bin_residual_mad
2024-01-01 15:01:00,0.51060903,0.51060903,3.116,False,False,False,3.116,2.60539097,False,False,3.0985555991225002,-0.49316462912250003,True,low_bin_residual_mad
2024-01-01 15:05:00,0.58688986,0.58688986,3.152,False,False,False,3.152,2.5651101400000003,False,False,3.1290100000000005,-0.5638998600000003,True,low_bin_residual_mad
2024-01-01 15:07:00,-0.658499,0.0,2.465,False,False,False,2.465,2.465,False,False,2.464576732673267,0.0004232673267328124,True,low_bin_residual_mad
2024-01-01 15:14:00,-0.4144863,0.0,2.326,False,False,False,2.326,2.326,False,False,2.3256108374384237,0.00038916256157639495,True,low_bin_residual_mad
2024-01-01 15:17:00,0.81284606,0.81284606,3.343,False,False,False,3.343,2.53015394,False,False,3.3104199999999997,-0.7802660599999998,True,low_bin_residual_mad
2024-01-01 15:18:00,0.4444018,0.4444018,3.084,False,False,False,3.084,2.6395982,False,False,3.0716350040345,-0.43203680403449995,True,low_bin_residual_mad
2024-01-02 18:47:00,0.435968,0.435968,3.392,False,False,False,3.392,2.956032,False,False,3.2994656539,-0.3434336539,True,low_bin_residual_mad
2024-01-02 18:48:00,0.74341404,0.74341404,2.803,False,False,False,2.803,2.0595859599999997,False,False,2.800243654822335,-0.7406576948223353,True,low_bin_residual_mad
2024-01-02 18:49:00,0.19776571,0.19776571,2.523,False,False,False,2.523,2.32523429,False,False,2.5228638613861385,-0.19762957138613846,True,low_bin_residual_mad
2024-01-02 18:50:00,0.41945627,0.41945627,2.755,False,False,False,2.755,2.33554373,False,False,2.75248730964467,-0.4169435796446699,True,low_bin_residual_mad
2024-01-02 18:51:00,0.20479792,0.20479792,3.14,False,False,False,3.14,2.9352020800000003,False,False,3.1187460454385003,-0.18354396543850005,True,low_bin_residual_mad
2024-01-02 18:52:00,-0.91848445,0.0,2.488,False,False,False,2.488,2.488,False,False,2.487690594059406,0.00030940594059414295,True,low_bin_residual_mad
2024-01-04 00:35:00,0.0,0.0,2.474,False,False,False,2.474,2.474,False,False,2.473621287128713,0.00037871287128732334,True,low_bin_residual_mad
2024-01-04 05:50:00,1.1466345,1.1466345,3.36,False,False,False,3.36,2.2133655,False,False,3.3135412411,-1.1001757410999997,True,low_bin_residual_mad
2024-01-04 05:51:00,0.81673545,0.81673545,3.079,False,False,False,3.079,2.2622645500000003,False,False,3.067428661052,-0.8051641110519996,True,low_bin_residual_mad
2024-01-05 06:33:00,1.020704,1.020704,3.253,False,False,False,3.253,2.232296,False,False,3.23077,-0.9984740000000003,True,low_bin_residual_mad
2024-01-05 06:34:00,0.8303757,0.8303757,3.005,False,False,False,3.005,2.1746242999999996,False,False,2.9988323123490193,-0.8242080123490196,True,low_bin_residual_mad
2024-01-05 06:35:00,0.5059451,0.5059451,2.898,False,False,False,2.898,2.3920549,False,False,2.8940408163265308,-0.5019859163265306,True,low_bin_residual_mad
2024-01-05 06:40:00,-0.24873208,0.0,2.337,False,False,False,2.337,2.337,False,False,2.3365566502463055,0.000443349753694644,True,low_bin_residual_mad
2024-01-05 15:13:00,0.68916565,0.68916565,3.36,False,False,False,3.36,2.67083435,False,False,3.3135412411,-0.6427068911,True,low_bin_residual_mad
2024-01-05 15:14:00,0.7587606,0.7587606,3.27,False,False,False,3.27,2.5112394,False,False,3.2458150000000003,-0.7345756000000003,True,low_bin_residual_mad
2024-01-05 15:15:00,0.85308313,0.85308313,3.368,False,False,False,3.368,2.51491687,False,False,3.3100223443,-0.7951054743000001,True,low_bin_residual_mad
2024-01-05 15:16:00,0.8315288,0.8315288,3.225,False,False,False,3.225,2.3934712,False,False,3.2027400000000004,-0.8092688000000003,True,low_bin_residual_mad
2024-01-05 16:24:00,0.42445803,0.42445803,3.281,False,False,False,3.281,2.8565419700000003,False,False,3.2555500000000004,-0.39900803000000007,True,low_bin_residual_mad
2024-01-05 16:27:00,0.0,0.0,2.477,False,False,False,2.477,2.477,False,False,2.4766361386138613,0.0003638613861385309,True,low_bin_residual_mad
2024-01-05 16:31:00,0.0,0.0,2.5,False,False,False,2.5,2.5,False,False,2.4997499999999997,0.00025000000000030553,True,low_bin_residual_mad
2024-01-05 20:48:00,0.22581589,0.22581589,3.119,False,False,False,3.119,2.8931841100000004,False,False,3.1010794049120003,-0.20789529491199987,True,low_bin_residual_mad
2024-01-05 22:00:00,-0.7743664,0.0,2.464,False,False,False,2.464,2.464,False,False,2.4635717821782177,0.00042821782178226186,True,low_bin_residual_mad
2024-01-05 22:15:00,0.0,0.0,2.465,False,False,False,2.465,2.465,False,False,2.464576732673267,0.0004232673267328124,True,low_bin_residual_mad
2024-01-06 11:32:00,0.0,0.0,2.335,False,False,False,2.335,2.335,False,False,2.334566502463054,0.0004334975369459926,True,low_bin_residual_mad
2024-01-06 11:56:00,-0.46485296,0.0,2.318,False,False,False,2.318,2.318,False,False,2.3176502463054187,0.0003497536945813451,True,low_bin_residual_mad
2024-01-06 11:57:00,-0.44614792,0.0,2.332,False,False,False,2.332,2.332,False,False,2.331581280788177,0.00041871921182279337,True,low_bin_residual_mad
2024-01-06 11:59:00,-0.21382982,0.0,2.303,False,False,False,2.303,2.303,False,False,2.302724137931034,0.00027586206896579313,True,low_bin_residual_mad
2024-01-07 23:09:00,-0.8880413,0.0,2.466,False,False,False,2.466,2.466,False,False,2.465581683168317,0.000418316831683363,True,low_bin_residual_mad
2024-01-07 23:10:00,-0.88722515,0.0,2.329,False,False,False,2.329,2.329,False,False,2.3285960591133006,0.00040394088669959416,True,low_bin_residual_mad
2024-01-08 02:56:00,-0.8648276,0.0,2.338,False,False,False,2.338,2.338,False,False,2.337551724137931,0.0004482758620691918,True,low_bin_residual_mad
2024-01-08 03:15:00,-0.9704678,0.0,2.492,False,False,False,2.492,2.492,False,False,2.4917103960396036,0.00028960396039634517,True,low_bin_residual_mad
2024-01-08 04:43:00,-1.850585,0.0,2.31,False,False,False,2.31,2.31,False,False,2.3096896551724138,0.0003103448275862952,True,low_bin_residual_mad
2024-01-08 06:50:00,0.6985573,0.6985573,3.205,False,False,False,3.205,2.5064427,False,False,3.1825400000000004,-0.6760973000000003,True,low_bin_residual_mad
2024-01-08 07:00:00,-0.85403687,0.0,2.314,False,False,False,2.314,2.314,False,False,2.313669950738916,0.0003300492610840422,True,low_bin_residual_mad
2024-01-08 07:11:00,0.9410368,0.9410368,3.381,False,False,False,3.381,2.4399631999999998,False,False,3.304304137,-0.8643409370000001,True,low_bin_residual_mad
2024-01-08 08:51:00,-0.77615297,0.0,2.484,False,False,False,2.484,2.484,False,False,2.4836707920792076,0.0003292079207923848,True,low_bin_residual_mad
2024-01-08 11:25:00,0.7947726,0.7947726,3.385,False,False,False,3.385,2.5902274,False,False,3.3025446886,-0.7123172886,True,low_bin_residual_mad
2024-01-08 11:29:00,0.84635586,0.84635586,3.008,False,False,False,3.008,2.16164414,False,False,3.001769757653431,-0.8401256176534311,True,low_bin_residual_mad
2024-01-08 11:30:00,0.47965997,0.47965997,3.163,False,False,False,3.163,2.6833400299999997,False,False,3.14012,-0.45677997000000037,True,low_bin_residual_mad
2024-01-08 11:33:00,-0.9384717,0.0,2.498,False,False,False,2.498,2.498,False,False,2.497740099009901,0.0002599009900992044,True,low_bin_residual_mad
2024-01-09 02:55:00,0.41794628,0.41794628,3.269,False,False,False,3.269,2.8510537200000003,False,False,3.24493,-0.39387627999999975,True,low_bin_residual_mad
2024-01-09 02:56:00,0.0048407316,0.0048407316,2.97,False,False,False,2.97,2.9651592684000003,False,False,2.9645621171308827,0.000597151269117635,True,low_bin_residual_mad
2024-01-11 06:46:00,0.49323845,0.49323845,3.203,False,False,False,3.203,2.7097615499999996,False,False,3.18052,-0.4707584500000004,True,low_bin_residual_mad
2024-01-11 06:47:00,0.49323845,0.49323845,3.203,False,False,False,3.203,2.7097615499999996,False,False,3.18052,-0.4707584500000004,True,low_bin_residual_mad
2024-01-12 08:40:00,0.58359396,0.58359396,3.33,False,False,False,3.33,2.74640604,False,False,3.298915,-0.5525089599999999,True,low_bin_residual_mad
2024-01-12 08:42:00,0.40470016,0.40470016,3.384,False,False,False,3.384,2.97929984,False,False,3.3029845507,-0.32368471070000027,True,low_bin_residual_mad
2024-01-12 08:47:00,0.17630881,0.17630881,3.283,False,False,False,3.283,3.10669119,False,False,3.25732,-0.15062881000000017,True,low_bin_residual_mad
2024-01-12 08:48:00,0.041971862,0.041971862,3.045,False,False,False,3.045,3.003028138,False,False,3.037998249741176,-0.03497011174117626,True,low_bin_residual_mad
2024-01-12 08:52:00,0.055422783,0.055422783,3.128,False,False,False,3.128,3.072577217,False,False,3.1086508222805,-0.036073605280499965,True,low_bin_residual_mad
2024-01-12 08:54:00,0.013899565,0.013899565,3.015,False,False,False,3.015,3.001100435,False,False,3.0086237966970586,-0.007523361697058473,True,low_bin_residual_mad
2024-01-12 09:03:00,0.13010567,0.13010567,3.285,False,False,False,3.285,3.1548943300000003,False,False,3.25909,-0.10419566999999974,True,low_bin_residual_mad
2024-01-12 09:07:00,-1.2399445,0.0,2.326,False,False,False,2.326,2.326,False,False,2.3256108374384237,0.00038916256157639495,True,low_bin_residual_mad
2024-01-12 10:03:00,0.0,0.0,2.301,False,False,False,2.301,2.301,False,False,2.3007339901477835,0.0002660098522166976,True,low_bin_residual_mad
2024-01-12 11:08:00,-0.8532926,0.0,2.497,False,False,False,2.497,2.497,False,False,2.4967351485148512,0.00026485148514865386,True,low_bin_residual_mad
2024-01-12 12:49:00,0.9823867,0.9823867,3.381,False,False,False,3.381,2.3986133,False,False,3.304304137,-0.9056908369999999,True,low_bin_residual_mad
2024-01-12 12:50:00,0.72948724,0.72948724,2.986,False,False,False,2.986,2.25651276,False,False,2.980228492087745,-0.723715732087745,True,low_bin_residual_mad
2024-01-12 18:25:00,-1.4378884,0.0,2.336,False,False,False,2.336,2.336,False,False,2.3355615763546793,0.00043842364532054034,True,low_bin_residual_mad
2024-01-12 18:31:00,-1.4985267,0.0,2.464,False,False,False,2.464,2.464,False,False,2.4635717821782177,0.00042821782178226186,True,low_bin_residual_mad
2024-01-13 01:30:00,0.6779719,0.6779719,3.337,False,False,False,3.337,2.6590281000000004,False,False,3.30511,-0.6460818999999995,True,low_bin_residual_mad
2024-01-13 01:31:00,0.63809603,0.63809603,3.245,False,False,False,3.245,2.6069039700000003,False,False,3.2229400000000004,-0.6160360300000001,True,low_bin_residual_mad
2024-01-13 01:32:00,0.5929853,0.5929853,3.195,False,False,False,3.195,2.6020147,False,False,3.17244,-0.5704253000000001,True,low_bin_residual_mad
2024-01-13 01:38:00,0.13782328,0.13782328,3.123,False,False,False,3.123,2.98517672,False,False,3.1044444792980004,-0.11926775929800026,True,low_bin_residual_mad
2024-01-13 05:16:00,0.0,0.0,2.307,False,False,False,2.307,2.307,False,False,2.306704433497537,0.000295566502463096,True,low_bin_residual_mad
2024-01-13 05:33:00,-0.44797775,0.0,2.327,False,False,False,2.327,2.327,False,False,2.326605911330049,0.0003940886699509427,True,low_bin_residual_mad
2024-01-13 05:34:00,-0.2322944,0.0,2.313,False,False,False,2.313,2.313,False,False,2.3126748768472907,0.00032512315270949443,True,low_bin_residual_mad
2024-01-13 08:14:00,0.20749038,0.20749038,2.983,False,False,False,2.983,2.7755096200000002,False,False,2.9772910467833333,-0.2017814267833331,True,low_bin_residual_mad
2024-01-13 08:17:00,0.0,0.0,2.487,False,False,False,2.487,2.487,False,False,2.4866856435643565,0.0003143564356435924,True,low_bin_residual_mad
2024-01-17 17:55:00,-1.3043064,0.0,2.304,False,False,False,2.304,2.304,False,False,2.30371921182266,0.0002807881773398968,True,low_bin_residual_mad
2024-01-25 18:00:00,1.2896762,1.2896762,3.337,False,False,False,3.337,2.0473238,False,False,3.30511,-1.2577862,True,low_bin_residual_mad
2024-01-25 18:02:00,0.7055318,0.7055318,3.017,False,False,False,3.017,2.3114681999999998,False,False,3.0105820935666663,-0.6991138935666665,True,low_bin_residual_mad
2024-01-25 18:03:00,0.7902033,0.7902033,2.837,False,False,False,2.837,2.0467967000000002,False,False,2.834071065989848,-0.7872743659898478,True,low_bin_residual_mad
2024-01-25 18:04:00,0.5549874,0.5549874,2.95,False,False,False,2.95,2.3950126000000003,False,False,2.944979148434804,-0.5499665484348037,True,low_bin_residual_mad
2024-01-25 18:05:00,0.5779898,0.5779898,2.91,False,False,False,2.91,2.3320102,False,False,2.905795918367347,-0.5737857183673469,True,low_bin_residual_mad
2024-01-25 18:06:00,0.22920796,0.22920796,2.507,False,False,False,2.507,2.27779204,False,False,2.5067846534653464,-0.22899261346534638,True,low_bin_residual_mad
2024-01-25 18:07:00,1.1612672,1.1612672,3.071,False,False,False,3.071,1.9097328000000002,False,False,3.0606985122799997,-1.1509657122799994,True,low_bin_residual_mad
2024-01-25 18:08:00,1.273624,1.273624,3.399,False,False,False,3.399,2.125376,False,False,3.2963866191999998,-1.1710106191999996,True,low_bin_residual_mad
2024-01-25 18:09:00,1.0603193,1.0603193,3.052,False,False,False,3.052,1.9916807,False,False,3.0447144089464997,-1.0530337089464996,True,low_bin_residual_mad
2024-01-25 18:10:00,0.9341086,0.9341086,3.17,False,False,False,3.17,2.2358914,False,False,3.14719,-0.9112986000000003,True,low_bin_residual_mad
2024-01-26 01:08:00,-0.20432813,0.0,2.324,False,False,False,2.324,2.324,False,False,2.323620689655172,0.0003793103448277435,True,low_bin_residual_mad
2024-01-26 01:23:00,-0.42396024,0.0,2.472,False,False,False,2.472,2.472,False,False,2.4716113861386138,0.0003886138613862222,True,low_bin_residual_mad
2024-01-26 01:28:00,0.44406697,0.44406697,3.365,False,False,False,3.365,2.92093303,False,False,3.3113419306,-0.3904089005999998,True,low_bin_residual_mad
2024-01-26 05:51:00,0.96577466,0.96577466,2.998,False,False,False,2.998,2.03222534,False,False,2.991978273305392,-0.959752933305392,True,low_bin_residual_mad
2024-01-26 05:52:00,0.90913546,0.90913546,3.02,False,False,False,3.02,2.11086454,False,False,3.013519538871078,-0.9026549988710779,True,low_bin_residual_mad
2024-01-26 05:53:00,0.5775133,0.5775133,2.994,False,False,False,2.994,2.4164867,False,False,2.9880616795661767,-0.5715749795661766,True,low_bin_residual_mad
2024-01-26 05:54:00,0.6969568,0.6969568,3.082,False,False,False,3.082,2.3850431999999997,False,False,3.0699524668414995,-0.6849092668414998,True,low_bin_residual_mad
2024-01-26 05:55:00,1.3432659,1.3432659,3.208,False,False,False,3.208,1.8647341000000002,False,False,3.1855700000000002,-1.3208359,True,low_bin_residual_mad
2024-01-26 05:56:00,1.0908325,1.0908325,2.972,False,False,False,2.972,1.8811674999999999,False,False,2.96652041400049,-1.08535291400049,True,low_bin_residual_mad
2024-01-26 05:57:00,0.85889894,0.85889894,2.641,False,False,False,2.641,1.78210106,False,False,2.639207920792079,-0.8571068607920789,True,low_bin_residual_mad
2024-01-26 05:58:00,0.1888637,0.1888637,2.362,False,False,False,2.362,2.1731363,False,False,2.3615,-0.18836370000000002,True,low_bin_residual_mad
2024-01-26 14:50:00,0.87956476,0.87956476,3.33,False,False,False,3.33,2.45043524,False,False,3.298915,-0.84847976,True,low_bin_residual_mad
2024-01-26 14:51:00,0.863411,0.863411,3.118,False,False,False,3.118,2.2545889999999997,False,False,3.1002381363155,-0.8456491363155001,True,low_bin_residual_mad
2024-01-26 14:52:00,0.7158545,0.7158545,2.928,False,False,False,2.928,2.2121455,False,False,2.9234285714285715,-0.7112830714285714,True,low_bin_residual_mad
2024-01-26 14:53:00,0.79144776,0.79144776,3.037,False,False,False,3.037,2.24555224,False,False,3.0301650622627445,-0.7846128222627446,True,low_bin_residual_mad
2024-01-26 14:56:00,0.0,0.0,2.46,False,False,False,2.46,2.46,False,False,2.4595519801980195,0.00044801980198050373,True,low_bin_residual_mad
2024-01-26 15:04:00,0.0,0.0,2.317,False,False,False,2.317,2.317,False,False,2.3166551724137934,0.0003448275862067973,True,low_bin_residual_mad
2024-01-26 16:54:00,0.23476595,0.23476595,3.23,False,False,False,3.23,2.99523405,False,False,3.20779,-0.21255595000000005,True,low_bin_residual_mad
2024-01-26 16:55:00,0.7440656,0.7440656,3.3,False,False,False,3.3,2.5559344,False,False,3.2723649999999997,-0.7164305999999998,True,low_bin_residual_mad
2024-01-26 16:56:00,0.8025653,0.8025653,3.193,False,False,False,3.193,2.3904347,False,False,3.1704200000000005,-0.7799853000000003,True,low_bin_residual_mad
2024-01-26 16:57:00,0.8041896,0.8041896,3.008,False,False,False,3.008,2.2038104,False,False,3.001769757653431,-0.797959357653431,True,low_bin_residual_mad
2024-01-26 16:58:00,0.7183545,0.7183545,2.805,False,False,False,2.805,2.0866455000000004,False,False,2.8022335025380714,-0.715588002538071,True,low_bin_residual_mad
2024-01-26 17:05:00,0.0,0.0,2.317,False,False,False,2.317,2.317,False,False,2.3166551724137934,0.0003448275862067973,True,low_bin_residual_mad
2024-01-27 02:16:00,0.0,0.0,2.321,False,False,False,2.321,2.321,False,False,2.3206354679802956,0.0003645320197045443,True,low_bin_residual_mad
2024-01-27 02:22:00,0.0,0.0,2.32,False,False,False,2.32,2.32,False,False,2.31964039408867,0.00035960591132999653,True,low_bin_residual_mad
2024-01-27 05:01:00,1.3241742,1.3241742,3.275,False,False,False,3.275,1.9508257999999998,False,False,3.2502400000000002,-1.2994142000000004,True,low_bin_residual_mad
2024-01-27 05:02:00,1.0434412,1.0434412,3.16,False,False,False,3.16,2.1165588,False,False,3.1370900000000006,-1.0205312000000006,True,low_bin_residual_mad
2024-01-27 05:03:00,0.43324432,0.43324432,2.701,False,False,False,2.701,2.26775568,False,False,2.6987549504950494,-0.4309992704950494,True,low_bin_residual_mad
2024-01-27 05:04:00,0.23080392,0.23080392,2.421,False,False,False,2.421,2.1901960799999998,False,False,2.4204999999999997,-0.23030391999999988,True,low_bin_residual_mad
2024-01-27 11:49:00,-0.42510122,0.0,2.499,False,False,False,2.499,2.499,False,False,2.4987450495049504,0.000254950495049755,True,low_bin_residual_mad
2024-01-27 11:54:00,0.46174282,0.46174282,3.156,False,False,False,3.156,2.69425718,False,False,3.1330500000000003,-0.4387928200000002,True,low_bin_residual_mad
2024-01-27 15:49:00,0.7181159,0.7181159,3.299,False,False,False,3.299,2.5808841,False,False,3.27148,-0.6905958999999999,True,low_bin_residual_mad
2024-01-27 16:05:00,-0.2035489,0.0,2.336,False,False,False,2.336,2.336,False,False,2.3355615763546793,0.00043842364532054034,True,low_bin_residual_mad
2024-01-27 19:54:00,-1.144932,0.0,2.49,False,False,False,2.49,2.49,False,False,2.489700495049505,0.00029950495049524406,True,low_bin_residual_mad
2024-01-27 22:17:00,1.5704982,1.5704982,3.195,False,False,False,3.195,1.6245017999999998,False,False,3.17244,-1.5479382000000002,True,low_bin_residual_mad
2024-01-27 22:18:00,0.76927364,0.76927364,2.77,False,False,False,2.77,2.00072636,False,False,2.7674111675126905,-0.7666848075126906,True,low_bin_residual_mad
2024-01-27 22:19:00,0.0052337646,0.0052337646,2.606,False,False,False,2.606,2.6007662354,False,False,2.6049009900990097,-0.004134754699009591,True,low_bin_residual_mad
2024-01-28 03:44:00,-1.354197,0.0,2.308,False,False,False,2.308,2.308,False,False,2.307699507389162,0.0003004926108376438,True,low_bin_residual_mad
2024-01-28 06:46:00,0.6587251,0.6587251,3.222,False,False,False,3.222,2.5632749,False,False,3.19971,-0.6364350999999999,True,low_bin_residual_mad
2024-01-28 06:47:00,0.4899462,0.4899462,3.077,False,False,False,3.077,2.5870538,False,False,3.065746123859,-0.47869232385899974,True,low_bin_residual_mad
2024-01-28 06:48:00,0.4899462,0.4899462,3.077,False,False,False,3.077,2.5870538,False,False,3.065746123859,-0.47869232385899974,True,low_bin_residual_mad
2024-01-28 06:50:00,0.22709125,0.22709125,2.938,False,False,False,2.938,2.71090875,False,False,2.9332244897959185,-0.22231573979591834,True,low_bin_residual_mad
2024-01-28 06:51:00,0.20509122,0.20509122,2.833,False,False,False,2.833,2.6279087800000003,False,False,2.830091370558376,-0.20218259055837562,True,low_bin_residual_mad
2024-01-28 06:54:00,0.21067572,0.21067572,3.197,False,False,False,3.197,2.98632428,False,False,3.1744600000000003,-0.18813572000000045,True,low_bin_residual_mad
2024-01-28 07:00:00,0.45307574,0.45307574,2.887,False,False,False,2.887,2.43392426,False,False,2.883265306122449,-0.44934104612244896,True,low_bin_residual_mad
2024-01-28 07:03:00,0.0,0.0,2.482,False,False,False,2.482,2.482,False,False,2.481660891089109,0.0003391089108912837,True,low_bin_residual_mad
2024-01-28 07:17:00,0.0,0.0,2.323,False,False,False,2.323,2.323,False,False,2.3226256157635468,0.00037438423645319574,True,low_bin_residual_mad
2024-01-28 07:25:00,0.42872748,0.42872748,3.246,False,False,False,3.246,2.81727252,False,False,3.2239500000000003,-0.40667748000000037,True,low_bin_residual_mad
2024-01-28 08:52:00,0.0,0.0,2.324,False,False,False,2.324,2.324,False,False,2.323620689655172,0.0003793103448277435,True,low_bin_residual_mad
2024-01-29 11:32:00,0.0,0.0,2.329,False,False,False,2.329,2.329,False,False,2.3285960591133006,0.00040394088669959416,True,low_bin_residual_mad
2024-01-29 11:41:00,0.4438613,0.4438613,2.738,False,False,False,2.738,2.2941387,False,False,2.735571782178218,-0.441433082178218,True,low_bin_residual_mad
2024-01-29 11:42:00,1.1139696,1.1139696,3.257,False,False,False,3.257,2.1430304000000002,False,False,3.2343100000000002,-1.0912796,True,low_bin_residual_mad
2024-01-31 00:38:00,0.24024308,0.24024308,3.094,False,False,False,3.094,2.85375692,False,False,3.0800476899994997,-0.22629076999949982,True,low_bin_residual_mad
2024-01-31 00:40:00,-0.8456487,0.0,2.319,False,False,False,2.319,2.319,False,False,2.318645320197044,0.00035467980295589285,True,low_bin_residual_mad
2024-01-31 06:58:00,-1.1533293,0.0,2.339,False,False,False,2.339,2.339,False,False,2.3385467980295567,0.00045320197044329547,True,low_bin_residual_mad
2024-01-31 06:59:00,-1.0534979,0.0,2.335,False,False,False,2.335,2.335,False,False,2.334566502463054,0.0004334975369459926,True,low_bin_residual_mad
2024-01-31 09:15:00,0.78728867,0.78728867,3.168,False,False,False,3.168,2.38071133,False,False,3.1451700000000002,-0.7644586700000002,True,low_bin_residual_mad
2024-01-31 10:05:00,-1.1236049,0.0,2.483,False,False,False,2.483,2.483,False,False,2.4826658415841583,0.00033415841584183426,True,low_bin_residual_mad
2024-01-31 12:36:00,-0.9821568,0.0,2.31,False,False,False,2.31,2.31,False,False,2.3096896551724138,0.0003103448275862952,True,low_bin_residual_mad
2024-01-31 12:37:00,-0.9325675,0.0,2.473,False,False,False,2.473,2.473,False,False,2.472616336633663,0.0003836633663367728,True,low_bin_residual_mad
2024-01-31 12:38:00,-0.91368926,0.0,2.31,False,False,False,2.31,2.31,False,False,2.3096896551724138,0.0003103448275862952,True,low_bin_residual_mad
2024-02-27 15:43:00,1.2209512,1.2209512,3.195,False,False,False,3.195,1.9740487999999998,False,False,3.17244,-1.1983912,True,low_bin_residual_mad
2024-02-27 15:44:00,0.81429493,0.81429493,2.976,False,False,False,2.976,2.16170507,False,False,2.9704370077397058,-0.8087319377397058,True,low_bin_residual_mad
2024-02-27 15:45:00,1.22046,1.22046,3.222,False,False,False,3.222,2.00154,False,False,3.19971,-1.1981700000000002,True,low_bin_residual_mad
2024-02-28 20:03:00,0.48393595,0.48393595,3.26,False,False,False,3.26,2.7760640499999996,False,False,3.236965,-0.46090095000000053,True,low_bin_residual_mad
2024-03-03 12:58:00,0.39194196,0.39194196,3.032,False,False,False,3.032,2.64005804,False,False,3.025269320088725,-0.38521128008872507,True,low_bin_residual_mad
2024-03-03 14:22:00,0.0,0.0,2.46,False,False,False,2.46,2.46,False,False,2.4595519801980195,0.00044801980198050373,True,low_bin_residual_mad
2024-03-03 14:44:00,0.0,0.0,2.495,False,False,False,2.495,2.495,False,False,2.4947252475247526,0.00027475247524755275,True,low_bin_residual_mad
2024-03-03 14:46:00,0.5739775,0.5739775,3.108,False,False,False,3.108,2.5340225,False,False,3.0918254503505,-0.5578029503505002,True,low_bin_residual_mad
2024-03-03 14:47:00,0.8711883,0.8711883,3.098,False,False,False,3.098,2.2268117,False,False,3.0834127643855,-0.8566010643855,True,low_bin_residual_mad
2024-03-03 14:48:00,0.54723996,0.54723996,2.798,False,False,False,2.798,2.2507600400000003,False,False,2.795269035532995,-0.5445089955329947,True,low_bin_residual_mad
2024-03-03 14:49:00,0.44633055,0.44633055,2.641,False,False,False,2.641,2.19466945,False,False,2.639207920792079,-0.44453847079207875,True,low_bin_residual_mad
2024-03-03 14:50:00,0.5039246,0.5039246,3.031,False,False,False,3.031,2.5270754,False,False,3.0242901716539214,-0.49721477165392125,True,low_bin_residual_mad
2024-03-03 14:51:00,0.8773892,0.8773892,3.196,False,False,False,3.196,2.3186108,False,False,3.1734500000000003,-0.8548392000000002,True,low_bin_residual_mad
2024-03-05 02:15:00,0.08043486,0.08043486,2.968,False,False,False,2.968,2.88756514,False,False,2.9626038202612746,-0.07503868026127458,True,low_bin_residual_mad
2024-03-05 05:53:00,-1.2594361,0.0,2.484,False,False,False,2.484,2.484,False,False,2.4836707920792076,0.0003292079207923848,True,low_bin_residual_mad
2024-03-05 08:19:00,0.9333807,0.9333807,3.162,False,False,False,3.162,2.2286193,False,False,3.13911,-0.9104907,True,low_bin_residual_mad
2024-03-07 07:50:00,1.0248779,1.0248779,3.272,False,False,False,3.272,2.2471221,False,False,3.247585,-1.0004629,True,low_bin_residual_mad
2024-03-07 07:55:00,-1.0859381,0.0,2.317,False,False,False,2.317,2.317,False,False,2.3166551724137934,0.0003448275862067973,True,low_bin_residual_mad
2024-03-08 16:50:00,0.4374942,0.4374942,3.176,False,False,False,3.176,2.7385058,False,False,3.1532500000000003,-0.41474420000000034,True,low_bin_residual_mad
2024-03-08 16:57:00,0.0,0.0,2.47,False,False,False,2.47,2.47,False,False,2.469601485148515,0.0003985148514851211,True,low_bin_residual_mad
2024-03-08 17:00:00,0.0,0.0,2.341,False,False,False,2.341,2.341,False,False,2.340536945812808,0.000463054187192391,True,low_bin_residual_mad
2024-03-08 17:13:00,-0.78052694,0.0,2.484,False,False,False,2.484,2.484,False,False,2.4836707920792076,0.0003292079207923848,True,low_bin_residual_mad
2024-03-09 03:07:00,-1.5092188,0.0,2.331,False,False,False,2.331,2.331,False,False,2.3305862068965517,0.0004137931034482456,True,low_bin_residual_mad
2024-03-09 03:08:00,-1.7175562,0.0,2.321,False,False,False,2.321,2.321,False,False,2.3206354679802956,0.0003645320197045443,True,low_bin_residual_mad
2024-03-09 17:51:00,0.9598477,0.9598477,3.197,False,False,False,3.197,2.2371523,False,False,3.1744600000000003,-0.9373077000000003,True,low_bin_residual_mad
2024-03-10 02:59:00,0.0,0.0,2.475,False,False,False,2.475,2.475,False,False,2.474626237623762,0.0003737623762378739,True,low_bin_residual_mad
2024-03-10 03:02:00,-0.21644406,0.0,2.321,False,False,False,2.321,2.321,False,False,2.3206354679802956,0.0003645320197045443,True,low_bin_residual_mad
2024-03-10 04:41:00,-0.9515731,0.0,2.492,False,False,False,2.492,2.492,False,False,2.4917103960396036,0.00028960396039634517,True,low_bin_residual_mad
2024-03-10 04:44:00,0.0,0.0,2.471,False,False,False,2.471,2.471,False,False,2.4706064356435644,0.00039356435643567167,True,low_bin_residual_mad
2024-03-12 04:00:00,0.14316678,0.14316678,3.043,False,False,False,3.043,2.89983322,False,False,3.0360399528715685,-0.13620673287156837,True,low_bin_residual_mad
2024-03-12 04:13:00,0.0,0.0,2.5,False,False,False,2.5,2.5,False,False,2.4997499999999997,0.00025000000000030553,True,low_bin_residual_mad
2024-03-12 04:15:00,-0.72635955,0.0,2.483,False,False,False,2.483,2.483,False,False,2.4826658415841583,0.00033415841584183426,True,low_bin_residual_mad
2024-03-12 04:18:00,-0.99244916,0.0,2.479,False,False,False,2.479,2.479,False,False,2.4786460396039605,0.00035396039603963203,True,low_bin_residual_mad
2024-03-12 04:24:00,-1.0042747,0.0,2.311,False,False,False,2.311,2.311,False,False,2.310684729064039,0.000315270935960843,True,low_bin_residual_mad
2024-03-12 21:50:00,0.8327365,0.8327365,3.39,False,False,False,3.39,2.5572635000000004,False,False,3.3003453781,-0.7430818780999995,True,low_bin_residual_mad
2024-03-12 22:42:00,1.1811981,1.1811981,3.366,False,False,False,3.366,2.1848019,False,False,3.3109020685,-1.1261001684999998,True,low_bin_residual_mad
2024-03-12 22:43:00,-0.10557461,0.0,2.477,False,False,False,2.477,2.477,False,False,2.4766361386138613,0.0003638613861385309,True,low_bin_residual_mad
2024-03-12 23:43:00,-0.8894193,0.0,2.333,False,False,False,2.333,2.333,False,False,2.332576354679803,0.00042364532019734114,True,low_bin_residual_mad
2024-03-13 01:15:00,0.4457916,0.4457916,3.26,False,False,False,3.26,2.8142083999999996,False,False,3.236965,-0.4227566000000005,True,low_bin_residual_mad
2024-03-13 01:17:00,0.21088886,0.21088886,3.166,False,False,False,3.166,2.95511114,False,False,3.1431500000000003,-0.18803886000000025,True,low_bin_residual_mad
2024-03-13 01:19:00,-0.77686334,0.0,2.47,False,False,False,2.47,2.47,False,False,2.469601485148515,0.0003985148514851211,True,low_bin_residual_mad
2024-03-13 07:11:00,-0.5261246,0.0,2.5,False,False,False,2.5,2.5,False,False,2.4997499999999997,0.00025000000000030553,True,low_bin_residual_mad
2024-03-13 09:13:00,0.6905788,0.6905788,3.276,False,False,False,3.276,2.5854212,False,False,3.251125,-0.6657038000000002,True,low_bin_residual_mad
2024-03-13 14:07:00,-0.67374945,0.0,2.459,False,False,False,2.459,2.459,False,False,2.45854702970297,0.00045297029702995317,True,low_bin_residual_mad
2024-03-16 15:24:00,0.1238184,0.1238184,3.185,False,False,False,3.185,3.0611816000000003,False,False,3.1623400000000004,-0.10115840000000009,True,low_bin_residual_mad
2024-03-16 15:28:00,-1.020994,0.0,2.337,False,False,False,2.337,2.337,False,False,2.3365566502463055,0.000443349753694644,True,low_bin_residual_mad
2024-03-16 15:29:00,-1.0823798,0.0,2.318,False,False,False,2.318,2.318,False,False,2.3176502463054187,0.0003497536945813451,True,low_bin_residual_mad
2024-03-16 20:38:00,-0.55403185,0.0,2.465,False,False,False,2.465,2.465,False,False,2.464576732673267,0.0004232673267328124,True,low_bin_residual_mad
2024-03-16 20:44:00,-0.95869344,0.0,2.343,False,False,False,2.343,2.343,False,False,2.342527093596059,0.00047290640394104244,True,low_bin_residual_mad
2024-03-18 18:53:00,0.17424142,0.17424142,3.146,False,False,False,3.146,2.97175858,False,False,3.1237936570175,-0.15203507701750008,True,low_bin_residual_mad
2024-03-18 18:55:00,-1.8056082,0.0,2.487,False,False,False,2.487,2.487,False,False,2.4866856435643565,0.0003143564356435924,True,low_bin_residual_mad
2024-03-18 21:18:00,-1.2383888,0.0,2.322,False,False,False,2.322,2.322,False,False,2.321630541871921,0.00036945812807909206,True,low_bin_residual_mad
2024-03-19 21:16:00,0.73731285,0.73731285,2.93,False,False,False,2.93,2.1926871500000003,False,False,2.925387755102041,-0.7327006051020408,True,low_bin_residual_mad
2024-03-19 21:17:00,0.9310596,0.9310596,2.871,False,False,False,2.871,1.9399404,False,False,2.867591836734694,-0.927651436734694,True,low_bin_residual_mad
2024-03-19 21:18:00,0.3631518,0.3631518,2.92,False,False,False,2.92,2.5568482,False,False,2.915591836734694,-0.3587436367346939,True,low_bin_residual_mad
2024-03-19 23:46:00,-1.5143887,0.0,2.5,False,False,False,2.5,2.5,False,False,2.4997499999999997,0.00025000000000030553,True,low_bin_residual_mad
2024-03-20 18:16:00,0.0,0.0,2.323,False,False,False,2.323,2.323,False,False,2.3226256157635468,0.00037438423645319574,True,low_bin_residual_mad
2024-03-20 18:45:00,-0.86137354,0.0,2.307,False,False,False,2.307,2.307,False,False,2.306704433497537,0.000295566502463096,True,low_bin_residual_mad
2024-03-20 18:46:00,-1.0611838,0.0,2.474,False,False,False,2.474,2.474,False,False,2.473621287128713,0.00037871287128732334,True,low_bin_residual_mad
2024-03-20 18:48:00,-1.0833853,0.0,2.477,False,False,False,2.477,2.477,False,False,2.4766361386138613,0.0003638613861385309,True,low_bin_residual_mad
2024-03-20 20:47:00,0.8313671,0.8313671,3.21,False,False,False,3.21,2.3786329,False,False,3.18759,-0.8089571000000002,True,low_bin_residual_mad
2024-03-20 20:48:00,0.9659333,0.9659333,3.311,False,False,False,3.311,2.3450667,False,False,3.2821,-0.9370333,True,low_bin_residual_mad
2024-03-20 20:49:00,1.0688696,1.0688696,3.249,False,False,False,3.249,2.1801304000000004,False,False,3.22698,-1.0468495999999998,True,low_bin_residual_mad
2024-03-20 20:50:00,0.15734917,0.15734917,2.721,False,False,False,2.721,2.5636508300000003,False,False,2.7186559405940596,-0.1550051105940593,True,low_bin_residual_mad
2024-03-20 20:51:00,-0.6612344,0.0,2.469,False,False,False,2.469,2.469,False,False,2.4685965346534653,0.00040346534653457056,True,low_bin_residual_mad
2024-03-20 22:17:00,-1.0093763,0.0,2.318,False,False,False,2.318,2.318,False,False,2.3176502463054187,0.0003497536945813451,True,low_bin_residual_mad
2024-03-20 22:18:00,-0.98880094,0.0,2.324,False,False,False,2.324,2.324,False,False,2.323620689655172,0.0003793103448277435,True,low_bin_residual_mad
2024-03-20 22:22:00,-0.94338226,0.0,2.458,False,False,False,2.458,2.458,False,False,2.457542079207921,0.0004579207920794026,True,low_bin_residual_mad
2024-03-20 22:23:00,-1.1403993,0.0,2.308,False,False,False,2.308,2.308,False,False,2.307699507389162,0.0003004926108376438,True,low_bin_residual_mad
2024-03-23 02:54:00,0.041282892,0.041282892,3.286,False,False,False,3.286,3.244717108,False,False,3.2599750000000003,-0.015257892000000162,True,low_bin_residual_mad
2024-03-23 02:57:00,-0.4466187,0.0,2.492,False,False,False,2.492,2.492,False,False,2.4917103960396036,0.00028960396039634517,True,low_bin_residual_mad
2024-03-25 02:57:00,-1.5748893,0.0,2.301,False,False,False,2.301,2.301,False,False,2.3007339901477835,0.0002660098522166976,True,low_bin_residual_mad
2024-03-25 05:59:00,2.0479527,2.0479527,7.504,False,False,False,7.504,5.4560473,False,False,2.6432284903225804,2.8128188096774194,True,low_bin_residual_mad
2024-03-27 00:46:00,0.0,0.0,2.335,False,False,False,2.335,2.335,False,False,2.334566502463054,0.0004334975369459926,True,low_bin_residual_mad
2024-03-27 02:33:00,0.0,0.0,2.499,False,False,False,2.499,2.499,False,False,2.4987450495049504,0.000254950495049755,True,low_bin_residual_mad
2024-03-27 02:34:00,0.0,0.0,2.493,False,False,False,2.493,2.493,False,False,2.4927153465346534,0.00028465346534645164,True,low_bin_residual_mad
2024-03-29 15:03:00,0.4687937,0.4687937,3.205,False,False,False,3.205,2.7362063,False,False,3.1825400000000004,-0.4463337000000003,True,low_bin_residual_mad
2024-04-01 03:10:00,0.75794387,0.75794387,3.396,False,False,False,3.396,2.63805613,False,False,3.2977062055,-0.6596500755000001,True,low_bin_residual_mad
2024-04-01 03:11:00,0.5013087,0.5013087,3.362,False,False,False,3.362,2.8606913,False,False,3.3126615169,-0.45197021689999994,True,low_bin_residual_mad
2024-04-03 06:58:00,0.28638703,0.28638703,2.708,False,False,False,2.708,2.42161297,False,False,2.705720297029703,-0.284107327029703,True,low_bin_residual_mad
2024-04-05 13:25:00,0.70675474,0.70675474,3.367,False,False,False,3.367,2.66024526,False,False,3.3104622064,-0.6502169464,True,low_bin_residual_mad
2024-04-05 13:26:00,0.73166275,0.73166275,3.328,False,False,False,3.328,2.59633725,False,False,3.297145,-0.7008077500000001,True,low_bin_residual_mad
2024-04-05 14:01:00,-0.6750188,0.0,2.479,False,False,False,2.479,2.479,False,False,2.4786460396039605,0.00035396039603963203,True,low_bin_residual_mad
2024-04-05 14:06:00,-0.41517532,0.0,2.498,False,False,False,2.498,2.498,False,False,2.497740099009901,0.0002599009900992044,True,low_bin_residual_mad
2024-04-05 14:08:00,-0.7064373,0.0,2.316,False,False,False,2.316,2.316,False,False,2.315660098522167,0.00033990147783269364,True,low_bin_residual_mad
2024-04-06 11:33:00,0.5241102,0.5241102,3.372,False,False,False,3.372,2.8478898,False,False,3.3082628959,-0.4603730959000001,True,low_bin_residual_mad
2024-04-06 11:35:00,0.46000618,0.46000618,3.386,False,False,False,3.386,2.92599382,False,False,3.3021048265,-0.37611100649999996,True,low_bin_residual_mad
2024-04-07 04:26:00,0.20638801,0.20638801,3.192,False,False,False,3.192,2.98561199,False,False,3.1694100000000005,-0.1837980100000003,True,low_bin_residual_mad
2024-04-07 04:30:00,-0.8347821,0.0,2.47,False,False,False,2.47,2.47,False,False,2.469601485148515,0.0003985148514851211,True,low_bin_residual_mad
2024-04-07 20:03:00,0.0,0.0,2.495,False,False,False,2.495,2.495,False,False,2.4947252475247526,0.00027475247524755275,True,low_bin_residual_mad
2024-04-07 20:04:00,0.0,0.0,2.483,False,False,False,2.483,2.483,False,False,2.4826658415841583,0.00033415841584183426,True,low_bin_residual_mad
2024-04-07 20:08:00,0.8375475,0.8375475,3.109,False,False,False,3.109,2.2714525,False,False,3.092666718947,-0.821214218947,True,low_bin_residual_mad
2024-04-07 20:09:00,0.7148659,0.7148659,3.346,False,False,False,3.346,2.6311341,False,False,3.313075,-0.6819408999999998,True,low_bin_residual_mad
2024-04-08 00:41:00,0.4625858,0.4625858,3.222,False,False,False,3.222,2.7594142,False,False,3.19971,-0.4402957999999999,True,low_bin_residual_mad
2024-04-08 00:42:00,0.5629907,0.5629907,3.223,False,False,False,3.223,2.6600093,False,False,3.20072,-0.5407107,True,low_bin_residual_mad
2024-04-08 00:43:00,0.47117338,0.47117338,3.316,False,False,False,3.316,2.84482662,False,False,3.2865249999999997,-0.4416983799999996,True,low_bin_residual_mad
2024-04-08 00:44:00,0.42173418,0.42173418,3.25,False,False,False,3.25,2.82826582,False,False,3.22799,-0.3997241800000002,True,low_bin_residual_mad
2024-04-08 00:45:00,0.41814965,0.41814965,3.274,False,False,False,3.274,2.85585035,False,False,3.249355,-0.3935046500000001,True,low_bin_residual_mad
2024-04-08 00:46:00,0.4821309,0.4821309,3.262,False,False,False,3.262,2.7798691,False,False,3.238735,-0.45886590000000016,True,low_bin_residual_mad
2024-04-08 04:56:00,-1.0380346,0.0,2.304,False,False,False,2.304,2.304,False,False,2.30371921182266,0.0002807881773398968,True,low_bin_residual_mad
2024-04-08 10:27:00,-0.95579475,0.0,2.486,False,False,False,2.486,2.486,False,False,2.485680693069307,0.00031930693069304183,True,low_bin_residual_mad
2024-04-08 10:28:00,-1.0154465,0.0,2.315,False,False,False,2.315,2.315,False,False,2.314665024630542,0.0003349753694581459,True,low_bin_residual_mad
2024-04-09 20:07:00,0.43187803,0.43187803,3.172,False,False,False,3.172,2.74012197,False,False,3.1492100000000005,-0.4090880300000004,True,low_bin_residual_mad
2024-04-09 20:09:00,-1.092966,0.0,2.315,False,False,False,2.315,2.315,False,False,2.314665024630542,0.0003349753694581459,True,low_bin_residual_mad
2024-04-09 20:50:00,-1.1947366,0.0,2.485,False,False,False,2.485,2.485,False,False,2.4846757425742574,0.0003242574257424913,True,low_bin_residual_mad
2024-04-15 12:13:00,-1.0593549,0.0,2.459,False,False,False,2.459,2.459,False,False,2.45854702970297,0.00045297029702995317,True,low_bin_residual_mad
2024-04-15 17:35:00,0.32446378,0.32446378,3.359,False,False,False,3.359,3.03453622,False,False,3.3139811031999997,-0.2794448831999996,True,low_bin_residual_mad
2024-04-15 17:39:00,0.0,0.0,2.496,False,False,False,2.496,2.496,False,False,2.495730198019802,0.0002698019801981033,True,low_bin_residual_mad
2024-04-15 23:35:00,3.5032141,3.5032141,9.508,False,False,False,9.508,6.004785899999999,False,False,2.3660408571428575,3.6387450428571415,True,low_bin_residual_mad
2024-04-16 04:23:00,-0.99446464,0.0,2.33,False,False,False,2.33,2.33,False,False,2.329591133004926,0.0004088669950741419,True,low_bin_residual_mad
2024-04-16 08:25:00,0.21985859,0.21985859,3.177,False,False,False,3.177,2.95714141,False,False,3.1542600000000003,-0.1971185900000001,True,low_bin_residual_mad
2024-04-16 08:26:00,0.0,0.0,2.313,False,False,False,2.313,2.313,False,False,2.3126748768472907,0.00032512315270949443,True,low_bin_residual_mad
2024-04-16 09:14:00,-1.2443163,0.0,2.498,False,False,False,2.498,2.498,False,False,2.497740099009901,0.0002599009900992044,True,low_bin_residual_mad
2024-04-16 11:14:00,-1.0171418,0.0,2.302,False,False,False,2.302,2.302,False,False,2.301729064039409,0.00027093596059124536,True,low_bin_residual_mad
2024-04-16 11:18:00,-1.0509765,0.0,2.325,False,False,False,2.325,2.325,False,False,2.324615763546798,0.00038423645320229127,True,low_bin_residual_mad
2024-04-16 11:19:00,0.37043166,0.37043166,3.351,False,False,False,3.351,2.98056834,False,False,3.3175,-0.33693165999999986,True,low_bin_residual_mad
2024-04-16 14:22:00,0.85120064,0.85120064,3.286,False,False,False,3.286,2.43479936,False,False,3.2599750000000003,-0.8251756400000003,True,low_bin_residual_mad
2024-04-16 14:23:00,0.32209432,0.32209432,2.897,False,False,False,2.897,2.5749056799999996,False,False,2.8930612244897955,-0.3181555444897959,True,low_bin_residual_mad
2024-04-17 10:31:00,1.3764856,1.3764856,3.4,False,False,False,3.4,2.0235144,False,False,3.2959467571,-1.2724323571,True,low_bin_residual_mad
2024-04-17 10:32:00,0.37661105,0.37661105,3.004,False,False,False,3.004,2.62738895,False,False,2.9978531639142156,-0.3704642139142158,True,low_bin_residual_mad
2024-04-17 10:33:00,0.79356325,0.79356325,2.913,False,False,False,2.913,2.1194367499999998,False,False,2.908734693877551,-0.7892979438775511,True,low_bin_residual_mad
2024-04-17 10:34:00,0.48798737,0.48798737,2.814,False,False,False,2.814,2.32601263,False,False,2.811187817258883,-0.485175187258883,True,low_bin_residual_mad
2024-04-17 10:35:00,0.7463639,0.7463639,2.76,False,False,False,2.76,2.0136361,False,False,2.75746192893401,-0.7438258289340101,True,low_bin_residual_mad
2024-04-17 10:36:00,0.47245505,0.47245505,2.789,False,False,False,2.789,2.31654495,False,False,2.786314720812183,-0.46976977081218285,True,low_bin_residual_mad
2024-04-17 10:38:00,-0.46239474,0.0,2.332,False,False,False,2.332,2.332,False,False,2.331581280788177,0.00041871921182279337,True,low_bin_residual_mad
2024-04-17 11:09:00,-1.4450177,0.0,2.32,False,False,False,2.32,2.32,False,False,2.31964039408867,0.00035960591132999653,True,low_bin_residual_mad
2024-04-17 14:36:00,0.5464183,0.5464183,3.202,False,False,False,3.202,2.6555817,False,False,3.17951,-0.5239283000000001,True,low_bin_residual_mad
2024-04-17 20:53:00,0.28625888,0.28625888,3.198,False,False,False,3.198,2.91174112,False,False,3.1754700000000002,-0.2637288800000004,True,low_bin_residual_mad
2024-04-17 22:46:00,-0.7519458,0.0,2.49,False,False,False,2.49,2.49,False,False,2.489700495049505,0.00029950495049524406,True,low_bin_residual_mad
2024-04-17 22:55:00,-0.21502544,0.0,2.472,False,False,False,2.472,2.472,False,False,2.4716113861386138,0.0003886138613862222,True,low_bin_residual_mad
2024-04-17 23:36:00,0.032699108,0.032699108,3.239,False,False,False,3.239,3.206300892,False,False,3.21688,-0.010579108000000392,True,low_bin_residual_mad
2024-04-18 00:18:00,0.19379425,0.19379425,3.268,False,False,False,3.268,3.07420575,False,False,3.244045,-0.1698392499999999,True,low_bin_residual_mad
2024-04-18 00:19:00,0.04866147,0.04866147,3.073,False,False,False,3.073,3.02433853,False,False,3.0623810494729997,-0.038042519472999636,True,low_bin_residual_mad
2024-04-18 00:20:00,0.18322444,0.18322444,3.249,False,False,False,3.249,3.06577556,False,False,3.22698,-0.16120444000000012,True,low_bin_residual_mad
2024-04-18 00:21:00,0.19815415,0.19815415,3.132,False,False,False,3.132,2.93384585,False,False,3.1120158966665,-0.17817004666650016,True,low_bin_residual_mad
2024-04-18 00:23:00,0.0892638,0.0892638,3.117,False,False,False,3.117,3.0277362,False,False,3.0993968677190002,-0.07166066771900015,True,low_bin_residual_mad
2024-04-18 01:00:00,0.043834984,0.043834984,3.28,False,False,False,3.28,3.2361650159999997,False,False,3.254665,-0.018499984000000413,True,low_bin_residual_mad
2024-04-18 03:32:00,0.80479705,0.80479705,3.247,False,False,False,3.247,2.44220295,False,False,3.2249600000000003,-0.7827570500000003,True,low_bin_residual_mad
2024-04-18 03:37:00,-1.0409788,0.0,2.343,False,False,False,2.343,2.343,False,False,2.342527093596059,0.00047290640394104244,True,low_bin_residual_mad
2024-04-18 03:42:00,0.5861715,0.5861715,3.297,False,False,False,3.297,2.7108285000000003,False,False,3.2697100000000003,-0.5588815,True,low_bin_residual_mad
2024-04-18 04:17:00,0.60911375,0.60911375,3.341,False,False,False,3.341,2.73188625,False,False,3.30865,-0.57676375,True,low_bin_residual_mad
2024-04-18 06:32:00,0.46391645,0.46391645,3.187,False,False,False,3.187,2.7230835499999997,False,False,3.1643600000000003,-0.4412764500000006,True,low_bin_residual_mad
2024-04-18 06:33:00,0.23122665,0.23122665,2.835,False,False,False,2.835,2.60377335,False,False,2.8320812182741117,-0.22830786827411176,True,low_bin_residual_mad
2024-04-18 14:56:00,0.3876598,0.3876598,3.378,False,False,False,3.378,2.9903402000000003,False,False,3.3056237232999997,-0.3152835232999993,True,low_bin_residual_mad
2024-04-18 14:57:00,0.3876598,0.3876598,3.378,False,False,False,3.378,2.9903402000000003,False,False,3.3056237232999997,-0.3152835232999993,True,low_bin_residual_mad
2024-04-18 14:58:00,0.24559975,0.24559975,3.175,False,False,False,3.175,2.9294002499999996,False,False,3.15224,-0.22283975000000034,True,low_bin_residual_mad
2024-04-18 14:59:00,0.1235801,0.1235801,3.119,False,False,False,3.119,2.9954199000000004,False,False,3.1010794049120003,-0.10565950491199994,True,low_bin_residual_mad
2024-04-18 20:50:00,-0.4596881,0.0,2.477,False,False,False,2.477,2.477,False,False,2.4766361386138613,0.0003638613861385309,True,low_bin_residual_mad
2024-04-18 22:25:00,0.4471201,0.4471201,3.39,False,False,False,3.39,2.9428799000000003,False,False,3.3003453781,-0.3574654780999995,True,low_bin_residual_mad
2024-04-18 22:26:00,0.43509987,0.43509987,3.31,False,False,False,3.31,2.87490013,False,False,3.281215,-0.4063148700000001,True,low_bin_residual_mad
2024-04-18 22:27:00,0.52582484,0.52582484,3.223,False,False,False,3.223,2.69717516,False,False,3.20072,-0.50354484,True,low_bin_residual_mad
2024-04-18 22:28:00,0.553527,0.553527,3.095,False,False,False,3.095,2.5414730000000003,False,False,3.080888958596,-0.5394159585959999,True,low_bin_residual_mad
2024-04-18 22:29:00,0.5179775,0.5179775,2.967,False,False,False,2.967,2.4490225,False,False,2.9616246718264705,-0.5126021718264706,True,low_bin_residual_mad
2024-04-18 22:30:00,0.503987,0.503987,2.87,False,False,False,2.87,2.366013,False,False,2.866612244897959,-0.500599244897959,True,low_bin_residual_mad
2024-04-18 22:31:00,0.8900214,0.8900214,3.114,False,False,False,3.114,2.2239785999999997,False,False,3.0968730619294997,-0.8728944619295,True,low_bin_residual_mad
2024-04-18 22:32:00,0.45744964,0.45744964,2.799,False,False,False,2.799,2.34155036,False,False,2.796263959390863,-0.4547135993908631,True,low_bin_residual_mad
2024-04-18 23:28:00,0.07557833,0.07557833,3.056,False,False,False,3.056,2.98042167,False,False,3.0480794833325,-0.06765781333249965,True,low_bin_residual_mad
2024-04-22 18:29:00,-0.23930871,0.0,2.467,False,False,False,2.467,2.467,False,False,2.466586633663366,0.00041336633663391353,True,low_bin_residual_mad
2024-04-22 21:47:00,-0.620768,0.0,2.493,False,False,False,2.493,2.493,False,False,2.4927153465346534,0.00028465346534645164,True,low_bin_residual_mad
2024-04-23 07:36:00,0.4705965,0.4705965,3.207,False,False,False,3.207,2.7364034999999998,False,False,3.1845600000000003,-0.4481565000000005,True,low_bin_residual_mad
2024-04-23 07:37:00,0.4718592,0.4718592,3.294,False,False,False,3.294,2.8221408,False,False,3.267055,-0.4449141999999999,True,low_bin_residual_mad
2024-04-23 08:53:00,0.0,0.0,2.477,False,False,False,2.477,2.477,False,False,2.4766361386138613,0.0003638613861385309,True,low_bin_residual_mad
2024-04-23 09:34:00,-0.7522479,0.0,2.494,False,False,False,2.494,2.494,False,False,2.493720297029703,0.0002797029702970022,True,low_bin_residual_mad
2024-04-23 09:36:00,-0.8206713,0.0,2.304,False,False,False,2.304,2.304,False,False,2.30371921182266,0.0002807881773398968,True,low_bin_residual_mad
2024-04-23 17:00:00,-0.8324816,0.0,2.463,False,False,False,2.463,2.463,False,False,2.4625668316831684,0.0004331683168317113,True,low_bin_residual_mad
2024-04-23 17:01:00,-1.2470783,0.0,2.495,False,False,False,2.495,2.495,False,False,2.4947252475247526,0.00027475247524755275,True,low_bin_residual_mad
2024-04-23 17:05:00,0.10405898,0.10405898,3.066,False,False,False,3.066,2.96194102,False,False,3.0564921692974996,-0.09455114929749975,True,low_bin_residual_mad
2024-04-23 17:10:00,0.91389674,0.91389674,3.305,False,False,False,3.305,2.3911032600000004,False,False,3.27679,-0.8856867399999997,True,low_bin_residual_mad
2024-04-23 17:11:00,0.157965,0.157965,2.904,False,False,False,2.904,2.746035,False,False,2.8999183673469386,-0.15388336734693864,True,low_bin_residual_mad
2024-04-23 23:23:00,0.0,0.0,2.334,False,False,False,2.334,2.334,False,False,2.3335714285714286,0.0004285714285714448,True,low_bin_residual_mad
2024-04-24 04:06:00,-1.0946392,0.0,2.33,False,False,False,2.33,2.33,False,False,2.329591133004926,0.0004088669950741419,True,low_bin_residual_mad
2024-04-24 04:22:00,-0.95548874,0.0,2.476,False,False,False,2.476,2.476,False,False,2.4756311881188116,0.00036881188118842445,True,low_bin_residual_mad
2024-04-24 05:49:00,-1.1526752,0.0,2.315,False,False,False,2.315,2.315,False,False,2.314665024630542,0.0003349753694581459,True,low_bin_residual_mad
2024-04-24 11:36:00,-0.45543003,0.0,2.486,False,False,False,2.486,2.486,False,False,2.485680693069307,0.00031930693069304183,True,low_bin_residual_mad
2024-04-24 12:31:00,-1.2723199,0.0,2.5,False,False,False,2.5,2.5,False,False,2.4997499999999997,0.00025000000000030553,True,low_bin_residual_mad
2024-04-24 12:33:00,-0.93103635,0.0,2.489,False,False,False,2.489,2.489,False,False,2.488695544554455,0.0003044554455446935,True,low_bin_residual_mad
2024-04-24 12:50:00,0.46702573,0.46702573,3.37,False,False,False,3.37,2.90297427,False,False,3.3091426201,-0.40616835009999974,True,low_bin_residual_mad
2024-04-24 13:21:00,0.0,0.0,2.314,False,False,False,2.314,2.314,False,False,2.313669950738916,0.0003300492610840422,True,low_bin_residual_mad
2024-04-24 20:44:00,0.0,0.0,2.326,False,False,False,2.326,2.326,False,False,2.3256108374384237,0.00038916256157639495,True,low_bin_residual_mad
2024-04-24 20:50:00,-0.4538127,0.0,2.302,False,False,False,2.302,2.302,False,False,2.301729064039409,0.00027093596059124536,True,low_bin_residual_mad
2024-04-27 06:21:00,0.8716006,0.8716006,3.333,False,False,False,3.333,2.4613994000000003,False,False,3.3015700000000003,-0.8401706,True,low_bin_residual_mad
2024-04-27 06:27:00,-0.94645655,0.0,2.335,False,False,False,2.335,2.335,False,False,2.334566502463054,0.0004334975369459926,True,low_bin_residual_mad
2024-04-27 08:16:00,-0.87718636,0.0,2.32,False,False,False,2.32,2.32,False,False,2.31964039408867,0.00035960591132999653,True,low_bin_residual_mad
2024-04-27 08:17:00,-0.65249807,0.0,2.32,False,False,False,2.32,2.32,False,False,2.31964039408867,0.00035960591132999653,True,low_bin_residual_mad
2024-04-27 16:29:00,1.0406457,1.0406457,3.378,False,False,False,3.378,2.3373543000000003,False,False,3.3056237232999997,-0.9682694232999993,True,low_bin_residual_mad
2024-04-27 16:30:00,0.5337152,0.5337152,2.354,False,False,False,2.354,1.8202848,False,False,2.3535,-0.5332151999999999,True,low_bin_residual_mad
2024-04-29 23:35:00,-0.8819842,0.0,2.491,False,False,False,2.491,2.491,False,False,2.4907054455445543,0.0002945544554457946,True,low_bin_residual_mad
2024-05-02 09:39:00,0.8194286,0.8194286,3.343,False,False,False,3.343,2.5235714,False,False,3.3104199999999997,-0.7868485999999999,True,low_bin_residual_mad
2024-05-02 09:42:00,-0.9084591,0.0,2.307,False,False,False,2.307,2.307,False,False,2.306704433497537,0.000295566502463096,True,low_bin_residual_mad
2024-05-02 12:29:00,-1.3558135,0.0,2.492,False,False,False,2.492,2.492,False,False,2.4917103960396036,0.00028960396039634517,True,low_bin_residual_mad
2024-05-02 16:05:00,-0.2060513,0.0,2.336,False,False,False,2.336,2.336,False,False,2.3355615763546793,0.00043842364532054034,True,low_bin_residual_mad
2024-05-02 16:07:00,0.0,0.0,2.49,False,False,False,2.49,2.49,False,False,2.489700495049505,0.00029950495049524406,True,low_bin_residual_mad
2024-05-02 17:04:00,0.22329438,0.22329438,3.213,False,False,False,3.213,2.98970562,False,False,3.1906200000000005,-0.2009143800000004,True,low_bin_residual_mad
2024-05-02 17:16:00,0.29995883,0.29995883,3.158,False,False,False,3.158,2.85804117,False,False,3.1350700000000002,-0.27702883000000034,True,low_bin_residual_mad
2024-05-03 12:36:00,0.0,0.0,2.336,False,False,False,2.336,2.336,False,False,2.3355615763546793,0.00043842364532054034,True,low_bin_residual_mad
2024-05-03 15:14:00,0.0,0.0,2.474,False,False,False,2.474,2.474,False,False,2.473621287128713,0.00037871287128732334,True,low_bin_residual_mad
2024-05-03 15:16:00,-0.20874129,0.0,2.339,False,False,False,2.339,2.339,False,False,2.3385467980295567,0.00045320197044329547,True,low_bin_residual_mad
2024-05-03 15:26:00,0.7411897,0.7411897,3.33,False,False,False,3.33,2.5888103,False,False,3.298915,-0.7101047,True,low_bin_residual_mad
2024-05-05 15:59:00,-0.22981255,0.0,2.46,False,False,False,2.46,2.46,False,False,2.4595519801980195,0.00044801980198050373,True,low_bin_residual_mad
2024-05-05 23:49:00,0.4870844,0.4870844,3.192,False,False,False,3.192,2.7049156,False,False,3.1694100000000005,-0.4644944000000004,True,low_bin_residual_mad
2024-05-06 13:41:00,-0.8734692,0.0,2.304,False,False,False,2.304,2.304,False,False,2.30371921182266,0.0002807881773398968,True,low_bin_residual_mad
2024-05-06 21:53:00,-0.5198452,0.0,2.476,False,False,False,2.476,2.476,False,False,2.4756311881188116,0.00036881188118842445,True,low_bin_residual_mad
2024-05-07 10:44:00,1.0298629,1.0298629,3.32,False,False,False,3.32,2.2901371,False,False,3.290065,-0.9999278999999999,True,low_bin_residual_mad
2024-05-07 10:49:00,0.467639,0.467639,3.16,False,False,False,3.16,2.692361,False,False,3.1370900000000006,-0.4447290000000006,True,low_bin_residual_mad
2024-05-07 13:33:00,1.6113379,1.6113379,3.208,False,False,False,3.208,1.5966621,False,False,3.1855700000000002,-1.5889079000000002,True,low_bin_residual_mad
2024-05-07 13:34:00,0.5263644,0.5263644,2.941,False,False,False,2.941,2.4146356,False,False,2.9361632653061225,-0.5215276653061225,True,low_bin_residual_mad
2024-05-07 13:35:00,0.0072854757,0.0072854757,2.416,False,False,False,2.416,2.4087145243,False,False,2.4154999999999998,-0.006785475699999655,True,low_bin_residual_mad
2024-05-07 14:19:00,-0.76499844,0.0,2.323,False,False,False,2.323,2.323,False,False,2.3226256157635468,0.00037438423645319574,True,low_bin_residual_mad
2024-05-07 14:20:00,-0.60915756,0.0,2.344,False,False,False,2.344,2.344,False,False,2.3435221674876843,0.0004778325123155902,True,low_bin_residual_mad
2024-05-07 20:33:00,0.86343104,0.86343104,3.253,False,False,False,3.253,2.38956896,False,False,3.23077,-0.8412010400000001,True,low_bin_residual_mad
2024-05-07 21:10:00,-0.93120813,0.0,2.479,False,False,False,2.479,2.479,False,False,2.4786460396039605,0.00035396039603963203,True,low_bin_residual_mad
2024-05-08 16:03:00,0.18534696,0.18534696,3.216,False,False,False,3.216,3.0306530400000002,False,False,3.1936500000000003,-0.16299696000000008,True,low_bin_residual_mad
2024-05-11 16:46:00,-0.47792107,0.0,2.465,False,False,False,2.465,2.465,False,False,2.464576732673267,0.0004232673267328124,True,low_bin_residual_mad
2024-05-11 17:10:00,-1.1575001,0.0,2.313,False,False,False,2.313,2.313,False,False,2.3126748768472907,0.00032512315270949443,True,low_bin_residual_mad
2024-05-13 15:06:00,-1.2611969,0.0,2.324,False,False,False,2.324,2.324,False,False,2.323620689655172,0.0003793103448277435,True,low_bin_residual_mad
2024-05-13 15:13:00,0.037578225,0.037578225,3.239,False,False,False,3.239,3.201421775,False,False,3.21688,-0.015458225000000159,True,low_bin_residual_mad
2024-05-21 05:48:00,0.22086945,0.22086945,3.068,False,False,False,3.068,2.84713055,False,False,3.0581747064904996,-0.21104415649049946,True,low_bin_residual_mad
2024-05-21 05:53:00,0.44390678,0.44390678,3.339,False,False,False,3.339,2.89509322,False,False,3.30688,-0.4117867799999999,True,low_bin_residual_mad
2024-05-22 13:50:00,-1.4018916,0.0,2.5,False,False,False,2.5,2.5,False,False,2.4997499999999997,0.00025000000000030553,True,low_bin_residual_mad
2024-05-22 14:11:00,0.0,0.0,2.463,False,False,False,2.463,2.463,False,False,2.4625668316831684,0.0004331683168317113,True,low_bin_residual_mad
2024-05-22 15:41:00,-1.3665328,0.0,2.318,False,False,False,2.318,2.318,False,False,2.3176502463054187,0.0003497536945813451,True,low_bin_residual_mad
2024-05-22 15:42:00,-0.8471398,0.0,2.495,False,False,False,2.495,2.495,False,False,2.4947252475247526,0.00027475247524755275,True,low_bin_residual_mad
2024-05-22 15:45:00,-0.83474404,0.0,2.463,False,False,False,2.463,2.463,False,False,2.4625668316831684,0.0004331683168317113,True,low_bin_residual_mad
2024-05-22 15:50:00,-0.8594599,0.0,2.493,False,False,False,2.493,2.493,False,False,2.4927153465346534,0.00028465346534645164,True,low_bin_residual_mad
2024-05-22 15:54:00,-0.7258815,0.0,2.332,False,False,False,2.332,2.332,False,False,2.331581280788177,0.00041871921182279337,True,low_bin_residual_mad
2024-05-22 16:03:00,0.22309124,0.22309124,3.218,False,False,False,3.218,2.99490876,False,False,3.1956700000000002,-0.20076124000000029,True,low_bin_residual_mad
2024-05-23 01:30:00,0.23349398,0.23349398,3.139,False,False,False,3.139,2.90550602,False,False,3.117904776842,-0.21239875684200005,True,low_bin_residual_mad
2024-05-23 01:55:00,-0.9896345,0.0,2.486,False,False,False,2.486,2.486,False,False,2.485680693069307,0.00031930693069304183,True,low_bin_residual_mad
2024-05-23 02:05:00,-1.1622273,0.0,2.314,False,False,False,2.314,2.314,False,False,2.313669950738916,0.0003300492610840422,True,low_bin_residual_mad
2024-05-23 03:43:00,0.24533504,0.24533504,3.149,False,False,False,3.149,2.90366496,False,False,3.126317462807,-0.2226525028070001,True,low_bin_residual_mad
2024-05-23 03:45:00,0.20642442,0.20642442,3.07,False,False,False,3.07,2.86357558,False,False,3.0598572436834997,-0.19628166368349964,True,low_bin_residual_mad
2024-05-23 09:47:00,0.9330409,0.9330409,3.129,False,False,False,3.129,2.1959591,False,False,3.109492090877,-0.913532990877,True,low_bin_residual_mad
2024-05-23 09:48:00,0.21667558,0.21667558,2.863,False,False,False,2.863,2.64632442,False,False,2.859755102040816,-0.21343068204081606,True,low_bin_residual_mad
2024-05-23 09:53:00,0.0,0.0,2.307,False,False,False,2.307,2.307,False,False,2.306704433497537,0.000295566502463096,True,low_bin_residual_mad
2024-05-23 12:41:00,-0.9684762,0.0,2.317,False,False,False,2.317,2.317,False,False,2.3166551724137934,0.0003448275862067973,True,low_bin_residual_mad
2024-05-23 12:51:00,0.67740643,0.67740643,3.382,False,False,False,3.382,2.70459357,False,False,3.3038642749,-0.5992707048999999,True,low_bin_residual_mad
2024-05-24 11:40:00,-0.8488858,0.0,2.464,False,False,False,2.464,2.464,False,False,2.4635717821782177,0.00042821782178226186,True,low_bin_residual_mad
2024-05-26 18:28:00,-2.0056524,0.0,2.325,False,False,False,2.325,2.325,False,False,2.324615763546798,0.00038423645320229127,True,low_bin_residual_mad
2024-05-26 18:41:00,-2.0332654,0.0,2.492,False,False,False,2.492,2.492,False,False,2.4917103960396036,0.00028960396039634517,True,low_bin_residual_mad
2024-05-28 20:11:00,-0.6545233,0.0,2.474,False,False,False,2.474,2.474,False,False,2.473621287128713,0.00037871287128732334,True,low_bin_residual_mad
2024-05-28 20:13:00,-1.154212,0.0,2.5,False,False,False,2.5,2.5,False,False,2.4997499999999997,0.00025000000000030553,True,low_bin_residual_mad
2024-05-28 22:04:00,0.028775573,0.028775573,3.118,False,False,False,3.118,3.089224427,False,False,3.1002381363155,-0.011013709315499831,True,low_bin_residual_mad
2024-05-28 22:06:00,-0.6000106,0.0,2.488,False,False,False,2.488,2.488,False,False,2.487690594059406,0.00030940594059414295,True,low_bin_residual_mad
2024-05-28 22:07:00,-0.8810033,0.0,2.32,False,False,False,2.32,2.32,False,False,2.31964039408867,0.00035960591132999653,True,low_bin_residual_mad
2024-05-28 22:12:00,0.12721276,0.12721276,3.248,False,False,False,3.248,3.1207872400000003,False,False,3.2259700000000002,-0.10518275999999993,True,low_bin_residual_mad
2024-05-28 22:15:00,0.12620515,0.12620515,3.211,False,False,False,3.211,3.0847948499999998,False,False,3.1886,-0.10380515000000035,True,low_bin_residual_mad
2024-05-28 22:17:00,0.06925416,0.06925416,3.194,False,False,False,3.194,3.12474584,False,False,3.1714300000000004,-0.04668416000000031,True,low_bin_residual_mad
2024-05-28 22:18:00,0.1986829,0.1986829,3.229,False,False,False,3.229,3.0303171,False,False,3.20678,-0.1764629000000002,True,low_bin_residual_mad
2024-05-28 22:33:00,-1.1531942,0.0,2.301,False,False,False,2.301,2.301,False,False,2.3007339901477835,0.0002660098522166976,True,low_bin_residual_mad
2024-05-29 05:28:00,-1.0715265,0.0,2.496,False,False,False,2.496,2.496,False,False,2.495730198019802,0.0002698019801981033,True,low_bin_residual_mad
2024-05-29 06:15:00,-0.9777145,0.0,2.314,False,False,False,2.314,2.314,False,False,2.313669950738916,0.0003300492610840422,True,low_bin_residual_mad
2024-05-29 06:42:00,-1.0585088,0.0,2.463,False,False,False,2.463,2.463,False,False,2.4625668316831684,0.0004331683168317113,True,low_bin_residual_mad
2024-05-29 06:44:00,0.35596713,0.35596713,3.24,False,False,False,3.24,2.8840328700000004,False,False,3.2178900000000006,-0.33385713000000017,True,low_bin_residual_mad
2024-05-30 15:45:00,-0.48071626,0.0,2.495,False,False,False,2.495,2.495,False,False,2.4947252475247526,0.00027475247524755275,True,low_bin_residual_mad
2024-05-30 23:23:00,0.108453155,0.108453155,3.14,False,False,False,3.14,3.0315468450000003,False,False,3.1187460454385003,-0.08719920043850005,True,low_bin_residual_mad
2024-05-31 00:26:00,-1.1442379,0.0,2.334,False,False,False,2.334,2.334,False,False,2.3335714285714286,0.0004285714285714448,True,low_bin_residual_mad
2024-05-31 01:51:00,-0.85848844,0.0,2.33,False,False,False,2.33,2.33,False,False,2.329591133004926,0.0004088669950741419,True,low_bin_residual_mad
2024-05-31 07:50:00,0.22040556,0.22040556,3.146,False,False,False,3.146,2.92559444,False,False,3.1237936570175,-0.1981992170175002,True,low_bin_residual_mad
2024-05-31 20:58:00,-0.88244885,0.0,2.303,False,False,False,2.303,2.303,False,False,2.302724137931034,0.00027586206896579313,True,low_bin_residual_mad
2024-05-31 21:02:00,-1.0590883,0.0,2.459,False,False,False,2.459,2.459,False,False,2.45854702970297,0.00045297029702995317,True,low_bin_residual_mad
2024-05-31 22:00:00,0.44460928,0.44460928,3.344,False,False,False,3.344,2.89939072,False,False,3.311305,-0.41191427999999997,True,low_bin_residual_mad
2024-05-31 22:05:00,0.6925499,0.6925499,3.383,False,False,False,3.383,2.6904501,False,False,3.3034244128,-0.6129743128,True,low_bin_residual_mad
2024-05-31 22:10:00,0.5202968,0.5202968,3.349,False,False,False,3.349,2.8287032,False,False,3.3157300000000003,-0.4870268000000002,True,low_bin_residual_mad
2024-05-31 22:56:00,0.21820517,0.21820517,3.16,False,False,False,3.16,2.94179483,False,False,3.1370900000000006,-0.19529517000000052,True,low_bin_residual_mad
2024-05-31 22:57:00,0.47910488,0.47910488,3.143,False,False,False,3.143,2.66389512,False,False,3.121269851228,-0.4573747312280001,True,low_bin_residual_mad
2024-05-31 22:58:00,0.8425756,0.8425756,3.324,False,False,False,3.324,2.4814244,False,False,3.293605,-0.8121806,True,low_bin_residual_mad
2024-05-31 22:59:00,0.920947,0.920947,3.395,False,False,False,3.395,2.474053,False,False,3.2981460676,-0.8240930675999998,True,low_bin_residual_mad
2024-05-31 23:00:00,0.88948995,0.88948995,3.334,False,False,False,3.334,2.44451005,False,False,3.302455,-0.8579449500000003,True,low_bin_residual_mad
2024-05-31 23:01:00,0.7568689,0.7568689,3.352,False,False,False,3.352,2.5951310999999997,False,False,3.3170601379,-0.7219290379000003,True,low_bin_residual_mad
2024-05-31 23:09:00,0.21632609,0.21632609,3.163,False,False,False,3.163,2.94667391,False,False,3.14012,-0.19344609000000013,True,low_bin_residual_mad
2024-05-31 23:12:00,-0.27102333,0.0,2.327,False,False,False,2.327,2.327,False,False,2.326605911330049,0.0003940886699509427,True,low_bin_residual_mad
2024-05-31 23:16:00,0.79750234,0.79750234,3.114,False,False,False,3.114,2.31649766,False,False,3.0968730619294997,-0.7803754019294997,True,low_bin_residual_mad
2024-06-01 17:23:00,0.71709937,0.71709937,3.394,False,False,False,3.394,2.67690063,False,False,3.2985859296999998,-0.6216852996999997,True,low_bin_residual_mad
2024-06-01 17:52:00,-1.2233222,0.0,2.306,False,False,False,2.306,2.306,False,False,2.3057093596059115,0.00029064039408854825,True,low_bin_residual_mad
2024-06-01 18:46:00,-1.2320094,0.0,2.312,False,False,False,2.312,2.312,False,False,2.311679802955665,0.00032019704433494667,True,low_bin_residual_mad
2024-06-01 20:08:00,-0.47203422,0.0,2.335,False,False,False,2.335,2.335,False,False,2.334566502463054,0.0004334975369459926,True,low_bin_residual_mad
2024-06-01 20:11:00,-0.21198314,0.0,2.483,False,False,False,2.483,2.483,False,False,2.4826658415841583,0.00033415841584183426,True,low_bin_residual_mad
2024-06-06 07:23:00,-1.7529714,0.0,2.315,False,False,False,2.315,2.315,False,False,2.314665024630542,0.0003349753694581459,True,low_bin_residual_mad
2024-06-06 08:09:00,0.0,0.0,2.486,False,False,False,2.486,2.486,False,False,2.485680693069307,0.00031930693069304183,True,low_bin_residual_mad
2024-06-07 13:33:00,0.4611152,0.4611152,3.311,False,False,False,3.311,2.8498848,False,False,3.2821,-0.4322151999999999,True,low_bin_residual_mad
2024-06-07 13:36:00,0.23784381,0.23784381,3.279,False,False,False,3.279,3.0411561899999997,False,False,3.25378,-0.2126238100000002,True,low_bin_residual_mad
2024-06-09 04:00:00,-0.9401938,0.0,2.471,False,False,False,2.471,2.471,False,False,2.4706064356435644,0.00039356435643567167,True,low_bin_residual_mad
2024-06-09 04:21:00,-1.0657687,0.0,2.483,False,False,False,2.483,2.483,False,False,2.4826658415841583,0.00033415841584183426,True,low_bin_residual_mad
2024-06-09 16:17:00,-1.7990174,0.0,2.48,False,False,False,2.48,2.48,False,False,2.47965099009901,0.0003490099009901826,True,low_bin_residual_mad
2024-06-12 21:55:00,-0.5395185,0.0,2.479,False,False,False,2.479,2.479,False,False,2.4786460396039605,0.00035396039603963203,True,low_bin_residual_mad
2024-06-15 08:31:00,-1.4186219,0.0,2.304,False,False,False,2.304,2.304,False,False,2.30371921182266,0.0002807881773398968,True,low_bin_residual_mad
2024-06-15 10:42:00,-1.1697034,0.0,2.325,False,False,False,2.325,2.325,False,False,2.324615763546798,0.00038423645320229127,True,low_bin_residual_mad
2024-06-15 11:50:00,-0.80925477,0.0,2.305,False,False,False,2.305,2.305,False,False,2.3047142857142857,0.00028571428571444457,True,low_bin_residual_mad
2024-06-15 17:43:00,-1.098992,0.0,2.34,False,False,False,2.34,2.34,False,False,2.339541871921182,0.00045812807881784323,True,low_bin_residual_mad
2024-06-16 15:09:00,-1.6042053,0.0,2.303,False,False,False,2.303,2.303,False,False,2.302724137931034,0.00027586206896579313,True,low_bin_residual_mad
2024-06-16 15:12:00,-1.275333,0.0,2.327,False,False,False,2.327,2.327,False,False,2.326605911330049,0.0003940886699509427,True,low_bin_residual_mad
2024-06-16 17:07:00,0.3043449,0.3043449,3.236,False,False,False,3.236,2.9316551000000004,False,False,3.2138500000000003,-0.2821948999999999,True,low_bin_residual_mad
2024-06-16 17:16:00,-0.8751199,0.0,2.469,False,False,False,2.469,2.469,False,False,2.4685965346534653,0.00040346534653457056,True,low_bin_residual_mad
2024-06-16 17:41:00,-0.8288771,0.0,2.321,False,False,False,2.321,2.321,False,False,2.3206354679802956,0.0003645320197045443,True,low_bin_residual_mad
2024-06-16 17:54:00,0.2111087,0.2111087,3.26,False,False,False,3.26,3.0488912999999997,False,False,3.236965,-0.18807370000000034,True,low_bin_residual_mad
2024-06-16 22:06:00,1.0231677,1.0231677,3.355,False,False,False,3.355,2.3318323000000003,False,False,3.3157405516,-0.9839082515999995,True,low_bin_residual_mad
2024-06-16 22:07:00,0.7333498,0.7333498,3.126,False,False,False,3.126,2.3926502,False,False,3.1069682850875,-0.7143180850875002,True,low_bin_residual_mad
2024-06-16 22:08:00,0.82102907,0.82102907,3.377,False,False,False,3.377,2.55597093,False,False,3.3060635854,-0.7500926554,True,low_bin_residual_mad
2024-06-17 02:37:00,-0.87724537,0.0,2.337,False,False,False,2.337,2.337,False,False,2.3365566502463055,0.000443349753694644,True,low_bin_residual_mad
2024-06-17 09:54:00,-0.72456473,0.0,2.31,False,False,False,2.31,2.31,False,False,2.3096896551724138,0.0003103448275862952,True,low_bin_residual_mad
2024-06-17 10:00:00,-0.8286312,0.0,2.305,False,False,False,2.305,2.305,False,False,2.3047142857142857,0.00028571428571444457,True,low_bin_residual_mad
2024-06-17 10:07:00,-0.92067933,0.0,2.304,False,False,False,2.304,2.304,False,False,2.30371921182266,0.0002807881773398968,True,low_bin_residual_mad
2024-06-18 10:22:00,-0.9912959,0.0,2.31,False,False,False,2.31,2.31,False,False,2.3096896551724138,0.0003103448275862952,True,low_bin_residual_mad
2024-06-20 11:01:00,-1.2490314,0.0,2.323,False,False,False,2.323,2.323,False,False,2.3226256157635468,0.00037438423645319574,True,low_bin_residual_mad
2024-06-20 15:33:00,0.5661953,0.5661953,2.826,False,False,False,2.826,2.2598047,False,False,2.8231269035532995,-0.5633222035532994,True,low_bin_residual_mad
2024-06-21 00:27:00,0.2636027,0.2636027,3.248,False,False,False,3.248,2.9843973000000004,False,False,3.2259700000000002,-0.24157269999999986,True,low_bin_residual_mad
2024-06-21 00:39:00,0.20533603,0.20533603,3.279,False,False,False,3.279,3.07366397,False,False,3.25378,-0.18011602999999976,True,low_bin_residual_mad
2024-06-21 00:41:00,0.07294059,0.07294059,3.244,False,False,False,3.244,3.1710594100000002,False,False,3.2219300000000004,-0.05087059000000016,True,low_bin_residual_mad
2024-06-21 09:58:00,-0.562194,0.0,2.341,False,False,False,2.341,2.341,False,False,2.340536945812808,0.000463054187192391,True,low_bin_residual_mad
2024-06-21 10:23:00,0.47926563,0.47926563,3.398,False,False,False,3.398,2.91873437,False,False,3.2968264812999997,-0.37809211129999953,True,low_bin_residual_mad
2024-06-21 10:27:00,-1.0957224,0.0,2.303,False,False,False,2.303,2.303,False,False,2.302724137931034,0.00027586206896579313,True,low_bin_residual_mad
2024-06-21 11:11:00,-1.1652248,0.0,2.327,False,False,False,2.327,2.327,False,False,2.326605911330049,0.0003940886699509427,True,low_bin_residual_mad
2024-06-21 11:26:00,0.08647013,0.08647013,3.229,False,False,False,3.229,3.14252987,False,False,3.20678,-0.06425013000000002,True,low_bin_residual_mad
2024-06-22 21:07:00,0.28239006,0.28239006,2.85,False,False,False,2.85,2.56760994,False,False,2.847005076142132,-0.27939513614213185,True,low_bin_residual_mad
2024-06-22 21:16:00,-0.8852862,0.0,2.459,False,False,False,2.459,2.459,False,False,2.45854702970297,0.00045297029702995317,True,low_bin_residual_mad
2024-06-23 04:40:00,0.0,0.0,2.494,False,False,False,2.494,2.494,False,False,2.493720297029703,0.0002797029702970022,True,low_bin_residual_mad
2024-06-24 18:35:00,0.86710167,0.86710167,3.321,False,False,False,3.321,2.4538983300000003,False,False,3.29095,-0.8370516699999997,True,low_bin_residual_mad
2024-06-25 21:47:00,-0.8908175,0.0,2.485,False,False,False,2.485,2.485,False,False,2.4846757425742574,0.0003242574257424913,True,low_bin_residual_mad
2024-06-27 20:49:00,-1.8310187,0.0,2.302,False,False,False,2.302,2.302,False,False,2.301729064039409,0.00027093596059124536,True,low_bin_residual_mad
2024-06-27 22:07:00,-1.4853655,0.0,2.31,False,False,False,2.31,2.31,False,False,2.3096896551724138,0.0003103448275862952,True,low_bin_residual_mad
2024-07-11 08:38:00,-1.3076997,0.0,2.47,False,False,False,2.47,2.47,False,False,2.469601485148515,0.0003985148514851211,True,low_bin_residual_mad
2024-07-11 08:45:00,-1.0583311,0.0,2.478,False,False,False,2.478,2.478,False,False,2.477641089108911,0.0003589108910890815,True,low_bin_residual_mad
2024-07-11 13:49:00,0.28420287,0.28420287,2.884,False,False,False,2.884,2.59979713,False,False,2.880326530612245,-0.2805294006122452,True,low_bin_residual_mad
2024-07-11 13:50:00,-0.879336,0.0,2.466,False,False,False,2.466,2.466,False,False,2.465581683168317,0.000418316831683363,True,low_bin_residual_mad
2024-07-11 16:28:00,1.0882353,1.0882353,3.349,False,False,False,3.349,2.2607647,False,False,3.3157300000000003,-1.0549653,True,low_bin_residual_mad
2024-07-11 20:20:00,0.5157665,0.5157665,3.232,False,False,False,3.232,2.7162335000000004,False,False,3.2098100000000005,-0.4935765000000001,True,low_bin_residual_mad
2024-07-11 20:21:00,0.22284704,0.22284704,2.813,False,False,False,2.813,2.59015296,False,False,2.810192893401015,-0.22003993340101502,True,low_bin_residual_mad
2024-07-11 20:22:00,0.20565507,0.20565507,2.808,False,False,False,2.808,2.6023449299999997,False,False,2.805218274111675,-0.20287334411167546,True,low_bin_residual_mad
2024-07-11 20:28:00,-0.22485426,0.0,2.475,False,False,False,2.475,2.475,False,False,2.474626237623762,0.0003737623762378739,True,low_bin_residual_mad
2024-07-12 05:28:00,0.45660543,0.45660543,3.305,False,False,False,3.305,2.84839457,False,False,3.27679,-0.42839543000000013,True,low_bin_residual_mad
2024-07-12 12:15:00,0.5582058,0.5582058,3.128,False,False,False,3.128,2.5697942,False,False,3.1086508222805,-0.5388566222805,True,low_bin_residual_mad
2024-07-12 12:16:00,0.1314489,0.1314489,3.2,False,False,False,3.2,3.0685511,False,False,3.1774900000000006,-0.1089389000000005,True,low_bin_residual_mad
2024-07-12 12:33:00,-1.1358455,0.0,2.469,False,False,False,2.469,2.469,False,False,2.4685965346534653,0.00040346534653457056,True,low_bin_residual_mad
2024-07-14 03:48:00,-1.1194328,0.0,2.325,False,False,False,2.325,2.325,False,False,2.324615763546798,0.00038423645320229127,True,low_bin_residual_mad
2024-07-14 12:02:00,-0.6600626,0.0,2.484,False,False,False,2.484,2.484,False,False,2.4836707920792076,0.0003292079207923848,True,low_bin_residual_mad
2024-07-14 13:04:00,0.22677875,0.22677875,3.062,False,False,False,3.062,2.83522125,False,False,3.0531270949114995,-0.21790584491149945,True,low_bin_residual_mad
2024-07-14 13:06:00,-0.5650359,0.0,2.323,False,False,False,2.323,2.323,False,False,2.3226256157635468,0.00037438423645319574,True,low_bin_residual_mad
2024-07-15 03:59:00,-0.87746096,0.0,2.475,False,False,False,2.475,2.475,False,False,2.474626237623762,0.0003737623762378739,True,low_bin_residual_mad
2024-07-15 13:29:00,-1.2199968,0.0,2.473,False,False,False,2.473,2.473,False,False,2.472616336633663,0.0003836633663367728,True,low_bin_residual_mad
2024-07-15 13:30:00,-1.2874359,0.0,2.491,False,False,False,2.491,2.491,False,False,2.4907054455445543,0.0002945544554457946,True,low_bin_residual_mad
2024-07-15 17:56:00,0.047430515,0.047430515,3.204,False,False,False,3.204,3.1565694850000003,False,False,3.1815300000000004,-0.024960515000000072,True,low_bin_residual_mad
2024-07-18 11:53:00,-1.1524799,0.0,2.322,False,False,False,2.322,2.322,False,False,2.321630541871921,0.00036945812807909206,True,low_bin_residual_mad
2024-07-18 11:56:00,-1.8949702,0.0,2.326,False,False,False,2.326,2.326,False,False,2.3256108374384237,0.00038916256157639495,True,low_bin_residual_mad
2024-07-18 12:57:00,-2.2324793,0.0,2.316,False,False,False,2.316,2.316,False,False,2.315660098522167,0.00033990147783269364,True,low_bin_residual_mad
2024-07-18 13:07:00,-1.5709535,0.0,2.462,False,False,False,2.462,2.462,False,False,2.461561881188119,0.00043811881188116075,True,low_bin_residual_mad
2024-07-18 16:46:00,-0.84798455,0.0,5.153,False,False,False,5.153,5.153,False,False,2.915747761578948,2.2372522384210516,True,low_bin_residual_mad
2023-09-21 02:33:00,246.67517,246.67517,243.153,False,False,False,243.153,-3.522170000000017,True,False,3.5600750376317185,-7.082245037631735,True,high_bin_residual_mad
2023-09-21 04:27:00,209.83105,209.83105,219.723,False,False,False,219.723,9.891950000000008,False,False,3.0387441486557765,6.8532058513442315,True,high_bin_residual_mad
2023-09-21 09:15:00,123.29993,123.29993,128.166,False,False,False,128.166,4.8660699999999935,False,False,1.3332340340909152,3.5328359659090784,True,high_bin_residual_mad
2023-09-21 09:45:00,111.78822,111.78822,110.199,False,False,False,110.199,-1.5892199999999974,True,False,1.1135084410256335,-2.7027284410256307,True,high_bin_residual_mad
2023-09-21 10:33:00,119.29088,119.29088,123.753,False,False,False,123.753,4.462119999999999,False,False,1.2599797930054368,3.202140206994562,True,high_bin_residual_mad
2023-09-21 11:45:00,87.8578,87.8578,86.916,False,False,False,86.916,-0.9418000000000006,True,False,0.9260294439194273,-1.8678294439194278,True,high_bin_residual_mad
2023-09-21 12:15:00,87.421135,87.421135,86.176,False,False,False,86.176,-1.2451350000000048,True,False,0.9207392076597882,-2.165874207659793,True,high_bin_residual_mad
2023-09-21 14:45:00,184.47711,184.47711,191.294,False,False,False,191.294,6.816890000000001,False,False,2.444470255392992,4.372419744607009,True,high_bin_residual_mad
2023-09-21 20:09:00,80.261505,80.261505,83.026,False,False,False,83.026,2.7644949999999966,False,False,0.8948952252868059,1.8695997747131907,True,high_bin_residual_mad
2023-09-21 21:26:00,100.780685,100.780685,99.715,False,False,False,99.715,-1.065685000000002,True,False,1.0221495777331953,-2.0878345777331972,True,high_bin_residual_mad
2023-09-24 01:28:00,91.34387,91.34387,94.483,False,False,False,94.483,3.1391300000000086,False,False,0.9765802249877357,2.162549775012273,True,high_bin_residual_mad
2023-09-24 01:52:00,52.73097,52.73097,55.213,False,False,False,55.213,2.4820300000000017,False,False,0.787218173760643,1.6948118262393588,True,high_bin_residual_mad
2023-09-24 02:01:00,66.18716,66.18716,68.887,False,False,False,68.887,2.6998399999999947,False,False,0.8165434023380441,1.8832965976619507,True,high_bin_residual_mad
2023-09-24 02:03:00,72.142,72.142,75.005,False,False,False,75.005,2.8629999999999995,False,False,0.8390973606678128,2.023902639332187,True,high_bin_residual_mad
2023-09-24 02:14:00,118.64662,118.64662,122.991,False,False,False,122.991,4.344380000000001,False,False,1.2495368523232824,3.094843147676719,True,high_bin_residual_mad
2023-09-24 02:15:00,115.18026,115.18026,119.479,False,False,False,119.479,4.298739999999995,False,False,1.2208304899799616,3.0779095100200333,True,high_bin_residual_mad
2023-09-24 02:16:00,126.01622,126.01622,133.019,False,False,False,133.019,7.002780000000001,False,False,1.3860875000000048,5.6166924999999965,True,high_bin_residual_mad
2023-09-24 02:17:00,130.85287,130.85287,136.014,False,False,False,136.014,5.161130000000014,False,False,1.4323007462686597,3.7288292537313543,True,high_bin_residual_mad
2023-09-24 03:55:00,114.49486,114.49486,113.267,False,False,False,113.267,-1.2278600000000068,True,False,1.163343599999992,-2.391203599999999,True,high_bin_residual_mad
2023-09-24 03:56:00,129.68954,129.68954,125.707,False,False,False,125.707,-3.98254,True,False,1.2926890865384604,-5.27522908653846,True,high_bin_residual_mad
2023-09-24 06:44:00,123.426605,123.426605,127.698,False,False,False,127.698,4.271394999999998,False,False,1.3284599431818223,2.9429350568181762,True,high_bin_residual_mad
2023-09-24 06:56:00,92.77623,92.77623,91.195,False,False,False,91.195,-1.581230000000005,True,False,0.9575375733634349,-2.53876757336344,True,high_bin_residual_mad
2023-09-24 07:26:00,111.81473,111.81473,108.609,False,False,False,108.609,-3.2057300000000026,True,False,1.0936615776579988,-4.299391577658001,True,high_bin_residual_mad
2023-09-24 08:02:00,167.62483,167.62483,175.322,False,False,False,175.322,7.69717,False,False,2.113372881526082,5.5837971184739175,True,high_bin_residual_mad
2023-09-24 09:02:00,74.0085,74.0085,77.989,False,False,False,77.989,3.9805000000000064,False,False,0.8633701630837649,3.1171298369162415,True,high_bin_residual_mad
2023-09-24 10:06:00,87.797226,87.797226,90.751,False,False,False,90.751,2.95377400000001,False,False,0.9571392326372065,1.9966347673628033,True,high_bin_residual_mad
2023-09-24 10:19:00,112.47383,112.47383,110.706,False,False,False,110.706,-1.7678300000000036,True,False,1.121396841025636,-2.8892268410256396,True,high_bin_residual_mad
2023-09-24 10:20:00,117.595276,117.595276,122.837,False,False,False,122.837,5.241724000000005,False,False,1.249635098394086,3.9920889016059187,True,high_bin_residual_mad
2023-09-24 10:22:00,147.00388,147.00388,144.61,False,False,False,144.61,-2.393879999999996,True,False,1.5585391240506417,-3.9524191240506372,True,high_bin_residual_mad
2023-09-24 10:26:00,206.4013,206.4013,200.545,False,False,False,200.545,-5.8563000000000045,True,False,2.6286326382153216,-8.484932638215327,True,high_bin_residual_mad
2023-09-29 17:11:00,43.192646,43.192646,42.027,False,False,False,42.027,-1.1656460000000024,True,False,0.7869787479867344,-1.9526247479867367,True,high_bin_residual_mad
2023-09-29 22:29:00,155.67816,155.67816,153.919,False,False,False,153.919,-1.75915999999998,True,False,1.733205597948461,-3.4923655979484414,True,high_bin_residual_mad
2023-09-30 00:04:00,181.2478,181.2478,188.159,False,False,False,188.159,6.91119999999998,False,False,2.3891334919078075,4.522066508092172,True,high_bin_residual_mad
2023-09-30 00:05:00,174.4066,174.4066,185.129,False,False,False,185.129,10.722399999999993,False,False,2.358047408056043,8.36435259194395,True,high_bin_residual_mad
2023-09-30 00:09:00,158.48636,158.48636,165.521,False,False,False,165.521,7.034639999999996,False,False,1.9251794990128346,5.109460500987161,True,high_bin_residual_mad
2023-09-30 00:13:00,157.90143,157.90143,163.885,False,False,False,163.885,5.983569999999986,False,False,1.87732562043795,4.106244379562036,True,high_bin_residual_mad
2023-09-30 00:16:00,144.42874,144.42874,150.874,False,False,False,150.874,6.44525999999999,False,False,1.638187828048475,4.807072171951516,True,high_bin_residual_mad
2023-09-30 00:17:00,139.12029,139.12029,143.798,False,False,False,143.798,4.6777099999999905,False,False,1.5533114886076036,3.124398511392387,True,high_bin_residual_mad
2023-09-30 00:19:00,123.929794,123.929794,128.288,False,False,False,128.288,4.35820600000001,False,False,1.334478562062944,3.0237274379370658,True,high_bin_residual_mad
2023-09-30 00:20:00,117.11798,117.11798,121.908,False,False,False,121.908,4.790019999999998,False,False,1.2502711661993364,3.5397488338006617,True,high_bin_residual_mad
2023-09-30 00:21:00,102.98825,102.98825,109.196,False,False,False,109.196,6.207750000000004,False,False,1.0979027897435774,5.109847210256427,True,high_bin_residual_mad
2023-09-30 00:22:00,107.13037,107.13037,110.841,False,False,False,110.841,3.7106299999999948,False,False,1.123497302564098,2.587132697435897,True,high_bin_residual_mad
2023-09-30 00:23:00,96.72306,96.72306,103.319,False,False,False,103.319,6.595939999999999,False,False,1.0655461775298,5.530393822470199,True,high_bin_residual_mad
2023-09-30 00:24:00,93.45569,93.45569,98.99,False,False,False,98.99,5.534309999999991,False,False,1.005288594436305,4.529021405563686,True,high_bin_residual_mad
2023-09-30 00:25:00,89.80885,89.80885,93.246,False,False,False,93.246,3.4371499999999884,False,False,0.9587395788376634,2.478410421162325,True,high_bin_residual_mad
2023-09-30 00:26:00,88.236694,88.236694,92.125,False,False,False,92.125,3.888306,False,False,0.9564214334085788,2.931884566591421,True,high_bin_residual_mad
2023-09-30 00:27:00,68.71241,68.71241,73.619,False,False,False,73.619,4.906589999999994,False,False,0.8345136582371678,4.072076341762826,True,high_bin_residual_mad
2023-09-30 00:28:00,56.581753,56.581753,59.776,False,False,False,59.776,3.1942470000000043,False,False,0.795219209225094,2.3990277907749102,True,high_bin_residual_mad
2023-09-30 00:29:00,47.92195,47.92195,51.845,False,False,False,51.845,3.9230499999999964,False,False,0.7855222663777728,3.137527733622224,True,high_bin_residual_mad
2023-09-30 00:30:00,38.26056,38.26056,42.442,False,False,False,42.442,4.181440000000002,False,False,0.8059917832780658,3.3754482167219364,True,high_bin_residual_mad
2023-09-30 00:31:00,28.794193,28.794193,32.911,False,False,False,32.911,4.116807000000001,False,False,0.9600314669036546,3.1567755330963467,True,high_bin_residual_mad
2023-09-30 00:32:00,26.781013,26.781013,31.206,False,False,False,31.206,4.424986999999998,False,False,0.9708851148565815,3.4541018851434164,True,high_bin_residual_mad
2023-09-30 00:33:00,22.744274,22.744274,26.899,False,False,False,26.899,4.154726,False,False,1.0429785151515156,3.1117474848484843,True,high_bin_residual_mad
2023-09-30 00:36:00,18.399685,18.399685,23.69,False,False,False,23.69,5.290315,False,False,1.1684283336587744,4.121886666341226,True,high_bin_residual_mad
2023-09-30 07:35:00,82.2186,82.2186,81.56,False,False,False,81.56,-0.6585999999999927,True,False,0.7911249010654461,-1.449724901065439,True,high_bin_residual_mad
2023-10-01 21:07:00,163.65709,163.65709,161.707,False,False,False,161.707,-1.9500900000000172,True,False,1.8410207917888533,-3.7911107917888707,True,high_bin_residual_mad
2023-10-01 22:00:00,152.98325,152.98325,150.888,False,False,False,150.888,-2.095249999999993,True,False,1.6382961755607206,-3.7335461755607136,True,high_bin_residual_mad
2023-10-01 22:37:00,139.40198,139.40198,144.335,False,False,False,144.335,4.933019999999999,False,False,1.556768681012667,3.376251318987332,True,high_bin_residual_mad
2023-10-01 22:54:00,129.5116,129.5116,125.446,False,False,False,125.446,-4.065599999999989,True,False,1.2868802515182174,-5.352480251518207,True,high_bin_residual_mad
2023-10-01 23:30:00,141.97713,141.97713,146.744,False,False,False,146.744,4.7668700000000115,False,False,1.602109683257915,3.164760316742097,True,high_bin_residual_mad
2023-10-01 23:48:00,128.22656,128.22656,126.665,False,False,False,126.665,-1.56156,True,False,1.3140104043522274,-2.8755704043522274,True,high_bin_residual_mad
2023-10-02 01:36:00,108.98984,108.98984,107.693,False,False,False,107.693,-1.296840000000003,True,False,1.0900532288093978,-2.386893228809401,True,high_bin_residual_mad
2023-10-02 01:48:00,120.04903,120.04903,124.006,False,False,False,124.006,3.9569699999999983,False,False,1.263447068586257,2.6935229314137414,True,high_bin_residual_mad
2023-10-02 02:06:00,128.78476,128.78476,133.398,False,False,False,133.398,4.6132399999999905,False,False,1.394270454545456,3.2189695454545344,True,high_bin_residual_mad
2023-10-02 02:18:00,140.79459,140.79459,138.383,False,False,False,138.383,-2.4115899999999897,True,False,1.4824133197763165,-3.8940033197763064,True,high_bin_residual_mad
2023-10-02 04:18:00,101.35315,101.35315,104.757,False,False,False,104.757,3.4038500000000056,False,False,1.0696803819426888,2.3341696180573166,True,high_bin_residual_mad
2023-10-02 04:42:00,120.75934,120.75934,119.406,False,False,False,119.406,-1.3533399999999887,True,False,1.2194155846693406,-2.5727555846693293,True,high_bin_residual_mad
2023-10-02 05:18:00,132.62279,132.62279,130.236,False,False,False,130.236,-2.386790000000019,True,False,1.361763254067589,-3.748553254067608,True,high_bin_residual_mad
2023-10-02 08:12:00,177.10194,177.10194,184.657,False,False,False,184.657,7.5550599999999974,False,False,2.3376617297297297,5.217398270270268,True,high_bin_residual_mad
2023-10-02 08:24:00,151.40894,151.40894,148.852,False,False,False,148.852,-2.5569399999999973,True,False,1.6225296544916012,-4.179469654491599,True,high_bin_residual_mad
2023-10-02 08:36:00,135.8794,135.8794,133.36,False,False,False,133.36,-2.5193999999999903,True,False,1.393450000000002,-3.9128499999999926,True,high_bin_residual_mad
2023-10-02 08:48:00,135.36557,135.36557,139.824,False,False,False,139.824,4.458430000000021,False,False,1.512326663405091,2.9461033365949305,True,high_bin_residual_mad
2023-10-02 10:42:00,117.99899,117.99899,121.936,False,False,False,121.936,3.937010000000001,False,False,1.250251995156767,2.6867580048432336,True,high_bin_residual_mad
2023-10-02 13:36:00,108.469864,108.469864,106.675,False,False,False,106.675,-1.794864000000004,True,False,1.0846329160456978,-2.879496916045702,True,high_bin_residual_mad
2023-10-02 14:12:00,93.84012,93.84012,96.968,False,False,False,96.968,3.1278800000000047,False,False,0.9945737308789222,2.1333062691210825,True,high_bin_residual_mad
2023-10-02 14:14:00,100.4415,100.4415,98.502,False,False,False,98.502,-1.9395000000000095,True,False,1.002702122986819,-2.9422021229868287,True,high_bin_residual_mad
2023-10-02 15:12:00,86.27593,86.27593,84.984,False,False,False,84.984,-1.2919300000000078,True,False,0.9121965472296787,-2.2041265472296865,True,high_bin_residual_mad
2023-10-02 15:42:00,94.59654,94.59654,97.696,False,False,False,97.696,3.0994599999999934,False,False,0.9984302049780367,2.1010297950219567,True,high_bin_residual_mad
2023-10-02 18:15:00,50.345985,50.345985,53.066,False,False,False,53.066,2.7200150000000036,False,False,0.7897511369150773,1.9302638630849263,True,high_bin_residual_mad
2023-10-02 21:47:00,62.585426,62.585426,65.192,False,False,False,65.192,2.606573999999995,False,False,0.8010995957554295,1.8054744042445652,True,high_bin_residual_mad
2023-10-03 09:49:00,24.793133,24.793133,28.227,False,False,False,28.227,3.4338669999999993,False,False,1.004154683743843,2.4297123162561562,True,high_bin_residual_mad
2023-10-03 17:01:00,45.240864,45.240864,44.056,False,False,False,44.056,-1.1848640000000046,True,False,0.8297682692115753,-2.01463226921158,True,high_bin_residual_mad
2023-10-04 20:19:00,94.54162,94.54162,97.574,False,False,False,97.574,3.0323800000000034,False,False,0.9977835871156652,2.0345964128843383,True,high_bin_residual_mad
2023-10-04 20:49:00,70.46753,70.46753,69.506,False,False,False,69.506,-0.9615299999999962,True,False,0.8249286253164568,-1.786458625316453,True,high_bin_residual_mad
2023-10-05 06:33:00,362.3683,362.3683,373.672,False,False,False,373.672,11.303700000000049,False,False,7.848919030117425,3.4547809698826235,True,high_bin_residual_mad
2023-10-05 08:02:00,248.49966,248.49966,263.778,False,False,False,263.778,15.278340000000014,False,False,4.16075499111903,11.117585008880983,True,high_bin_residual_mad
2023-10-05 08:07:00,80.3467,80.3467,83.428,False,False,False,83.428,3.081299999999999,False,False,0.8984473863802864,2.1828526136197124,True,high_bin_residual_mad
2023-10-05 10:20:00,161.97827,161.97827,147.797,False,False,False,147.797,-14.181270000000012,True,False,1.6143047161895296,-15.795574716189542,True,high_bin_residual_mad
2023-10-05 10:26:00,368.93973,368.93973,371.315,False,False,False,371.315,2.3752700000000004,False,False,7.7527807533234725,-5.377510753323472,True,high_bin_residual_mad
2023-10-05 21:08:00,227.94504,227.94504,224.193,False,False,False,224.193,-3.752039999999994,True,False,3.1877731743589663,-6.93981317435896,True,high_bin_residual_mad
2023-10-05 21:38:00,217.41873,217.41873,214.019,False,False,False,214.019,-3.3997300000000052,True,False,2.8534376208178323,-6.2531676208178375,True,high_bin_residual_mad
2023-10-06 04:33:00,348.32227,348.32227,359.71,False,False,False,359.71,11.387729999999976,False,False,7.5528239961108525,3.834906003889124,True,high_bin_residual_mad
2023-10-06 09:07:00,241.27493,241.27493,237.066,False,False,False,237.066,-4.208930000000009,True,False,3.4996215272466427,-7.708551527246652,True,high_bin_residual_mad
2023-10-07 08:51:00,155.29129,155.29129,151.921,False,False,False,151.921,-3.3702900000000113,True,False,1.6839859906494854,-5.054275990649497,True,high_bin_residual_mad
2023-10-07 09:39:00,147.14247,147.14247,143.559,False,False,False,143.559,-3.5834700000000055,True,False,1.5517728126582366,-5.135242812658242,True,high_bin_residual_mad
2023-10-07 11:32:00,78.502304,78.502304,81.042,False,False,False,81.042,2.5396960000000064,False,False,0.808005235920849,1.7316907640791572,True,high_bin_residual_mad
2023-10-07 12:51:00,176.8991,176.8991,183.937,False,False,False,183.937,7.037900000000008,False,False,2.286267528255531,4.751632471744477,True,high_bin_residual_mad
2023-10-07 13:57:00,178.02693,178.02693,173.656,False,False,False,173.656,-4.370929999999987,True,False,2.085187563067584,-6.456117563067571,True,high_bin_residual_mad
2023-10-07 15:51:00,205.31229,205.31229,216.532,False,False,False,216.532,11.21971000000002,False,False,2.955697265584086,8.264012734415935,True,high_bin_residual_mad
2023-10-07 15:57:00,198.85573,198.85573,196.243,False,False,False,196.243,-2.612729999999999,True,False,2.5298742506914715,-5.142604250691471,True,high_bin_residual_mad
2023-10-07 18:15:00,79.966034,79.966034,82.882,False,False,False,82.882,2.9159660000000116,False,False,0.8890079549549663,2.0269580450450455,True,high_bin_residual_mad
2023-10-08 09:17:00,47.77336,47.77336,50.633,False,False,False,50.633,2.859640000000006,False,False,0.7836216500498517,2.076018349950154,True,high_bin_residual_mad
2023-10-08 09:36:00,39.420647,39.420647,41.778,False,False,False,41.778,2.3573529999999963,False,False,0.7755709268119355,1.5817820731880607,True,high_bin_residual_mad
2023-10-08 09:49:00,59.50006,59.50006,62.882,False,False,False,62.882,3.38194,False,False,0.789619451097563,2.5923205489024372,True,high_bin_residual_mad
2023-10-08 15:38:00,125.88884,125.88884,124.262,False,False,False,124.262,-1.6268400000000014,True,False,1.266955458106771,-2.8937954581067724,True,high_bin_residual_mad
2023-10-08 18:40:00,174.2255,174.2255,181.306,False,False,False,181.306,7.080500000000001,False,False,2.2220836334245258,4.858416366575475,True,high_bin_residual_mad
2023-10-08 20:16:00,112.21459,112.21459,116.034,False,False,False,116.034,3.819410000000005,False,False,1.190099847728406,2.629310152271599,True,high_bin_residual_mad
2023-10-08 22:46:00,142.56442,142.56442,140.749,False,False,False,140.749,-1.8154200000000174,True,False,1.5234682974559708,-3.338888297455988,True,high_bin_residual_mad
2023-10-09 00:58:00,126.092026,126.092026,124.647,False,False,False,124.647,-1.4450259999999986,True,False,1.2722317470341062,-2.717257747034105,True,high_bin_residual_mad
2023-10-09 02:40:00,146.7009,146.7009,144.864,False,False,False,144.864,-1.8368999999999858,True,False,1.560174369620262,-3.3970743696202477,True,high_bin_residual_mad
2023-10-09 06:40:00,200.4895,200.4895,188.751,False,False,False,188.751,-11.738499999999988,True,False,2.429521015203534,-14.168021015203522,True,high_bin_residual_mad
2023-10-09 09:10:00,241.50607,241.50607,235.002,False,False,False,235.002,-6.5040699999999845,True,False,3.4026802108579637,-9.906750210857949,True,high_bin_residual_mad
2023-10-09 11:10:00,116.07549,116.07549,120.35,False,False,False,120.35,4.274509999999992,False,False,1.2377124423847694,3.036797557615223,True,high_bin_residual_mad
2023-10-09 18:40:00,80.72621,80.72621,74.576,False,False,False,74.576,-6.150210000000001,True,False,0.8376785956297561,-6.987888595629757,True,high_bin_residual_mad
2023-10-10 13:47:00,88.60291,88.60291,87.386,False,False,False,87.386,-1.2169099999999986,True,False,0.9317980532786924,-2.148708053278691,True,high_bin_residual_mad
2023-10-10 14:11:00,89.70989,89.70989,87.216,False,False,False,87.216,-2.4938900000000075,True,False,0.9295023565573812,-3.4233923565573887,True,high_bin_residual_mad
2023-10-10 14:23:00,108.10629,108.10629,105.005,False,False,False,105.005,-3.101290000000006,True,False,1.0705544759066132,-4.171844475906619,True,high_bin_residual_mad
2023-10-10 14:41:00,134.73041,134.73041,131.358,False,False,False,131.358,-3.372410000000002,True,False,1.376108543833583,-4.748518543833585,True,high_bin_residual_mad
2023-10-10 15:41:00,185.99942,185.99942,183.472,False,False,False,183.472,-2.527419999999978,True,False,2.253075439803444,-4.780495439803422,True,high_bin_residual_mad
2023-10-10 16:05:00,155.7309,155.7309,161.309,False,False,False,161.309,5.578100000000006,False,False,1.838017311827957,3.7400826881720493,True,high_bin_residual_mad
2023-10-10 16:47:00,99.36197,99.36197,103.142,False,False,False,103.142,3.7800299999999964,False,False,1.065037308141009,2.7149926918589875,True,high_bin_residual_mad
2023-10-10 17:29:00,94.42168,94.42168,98.028,False,False,False,98.028,3.606320000000011,False,False,1.0001898535871134,2.606130146412897,True,high_bin_residual_mad
2023-10-10 18:23:00,94.30128,94.30128,97.609,False,False,False,97.609,3.307719999999989,False,False,0.997969092240116,2.3097509077598732,True,high_bin_residual_mad
2023-10-10 19:59:00,79.23721,79.23721,78.217,False,False,False,78.217,-1.0202100000000058,True,False,0.8660107264640456,-1.8862207264640514,True,high_bin_residual_mad
2023-10-10 21:17:00,70.764984,70.764984,69.316,False,False,False,69.316,-1.4489839999999958,True,False,0.822455739240508,-2.271439739240504,True,high_bin_residual_mad
2023-10-10 21:29:00,74.87895,74.87895,73.93,False,False,False,73.93,-0.9489499999999964,True,False,0.8355421802111438,-1.7844921802111402,True,high_bin_residual_mad
2023-10-12 04:54:00,129.72795,129.72795,127.407,False,False,False,127.407,-2.3209499999999963,True,False,1.3254914379370657,-3.646441437937062,True,high_bin_residual_mad
2023-10-12 06:00:00,114.97134,114.97134,112.394,False,False,False,112.394,-2.5773399999999924,True,False,1.1530645644916466,-3.7304045644916393,True,high_bin_residual_mad
2023-10-12 08:18:00,113.767166,113.767166,117.853,False,False,False,117.853,4.085833999999991,False,False,1.2152189687500008,2.8706150312499905,True,high_bin_residual_mad
2023-10-12 08:24:00,131.72089,131.72089,130.38,False,False,False,130.38,-1.3408900000000017,True,False,1.3640899624530702,-2.7049799624530717,True,high_bin_residual_mad
2023-10-12 08:54:00,125.99582,125.99582,124.743,False,False,False,124.743,-1.2528199999999998,True,False,1.2735473931042989,-2.526367393104299,True,high_bin_residual_mad
2023-10-12 18:40:00,62.916237,62.916237,59.899,False,False,False,59.899,-3.0172370000000015,True,False,0.7958272195571974,-3.813064219557199,True,high_bin_residual_mad
2023-10-13 16:41:00,39.226284,39.226284,41.56,False,False,False,41.56,2.3337160000000026,False,False,0.765583356466128,1.5681326435338745,True,high_bin_residual_mad
2023-10-18 21:46:00,114.13573,114.13573,112.979,False,False,False,112.979,-1.156729999999996,True,False,1.163931119999991,-2.320661119999987,True,high_bin_residual_mad
2023-10-19 21:08:00,50.097607,50.097607,48.721,False,False,False,48.721,-1.376607000000007,True,False,0.7911816875311715,-2.1677886875311785,True,high_bin_residual_mad
2023-10-19 21:09:00,76.68216,76.68216,74.142,False,False,False,74.142,-2.54016,True,False,0.836243294868645,-3.3764032948686453,True,high_bin_residual_mad
2023-11-04 19:32:00,26.470886,26.470886,29.697,False,False,False,29.697,3.226113999999999,False,False,0.9779327559055119,2.248181244094487,True,high_bin_residual_mad
2023-11-04 19:33:00,27.976772,27.976772,31.106,False,False,False,31.106,3.1292280000000012,False,False,0.9715216924491284,2.157706307550873,True,high_bin_residual_mad
2023-11-04 19:34:00,27.64867,27.64867,31.176,False,False,False,31.176,3.527329999999999,False,False,0.9710760881343455,2.5562539118656535,True,high_bin_residual_mad
2023-11-04 19:36:00,26.949505,26.949505,30.558,False,False,False,30.558,3.6084950000000013,False,False,0.9741639946659885,2.6343310053340128,True,high_bin_residual_mad
2023-11-04 19:38:00,27.576693,27.576693,30.952,False,False,False,30.952,3.375307000000003,False,False,0.9724393815087616,2.4028676184912414,True,high_bin_residual_mad
2023-11-04 19:40:00,28.393623,28.393623,31.946,False,False,False,31.946,3.552377,False,False,0.9661744406717334,2.5862025593282665,True,high_bin_residual_mad
2023-11-04 19:48:00,27.2225,27.2225,30.566,False,False,False,30.566,3.343499999999999,False,False,0.9741289771399534,2.3693710228600455,True,high_bin_residual_mad
2023-11-04 19:49:00,28.160004,28.160004,31.412,False,False,False,31.412,3.2519959999999983,False,False,0.9695737650159346,2.2824222349840637,True,high_bin_residual_mad
2023-11-04 19:50:00,28.743898,28.743898,31.904,False,False,False,31.904,3.1601019999999984,False,False,0.9664418032606032,2.193660196739395,True,high_bin_residual_mad
2023-11-04 19:51:00,29.159603,29.159603,32.33,False,False,False,32.33,3.1703969999999977,False,False,0.9637299827163529,2.2066670172836447,True,high_bin_residual_mad
2023-11-04 19:52:00,29.139355,29.139355,32.297,False,False,False,32.297,3.1576449999999987,False,False,0.9639400533218934,2.193704946678105,True,high_bin_residual_mad
2023-11-04 19:53:00,28.945208,28.945208,32.222,False,False,False,32.222,3.2767920000000004,False,False,0.9644174865163037,2.3123745134836966,True,high_bin_residual_mad
2023-11-04 19:54:00,28.912125,28.912125,32.064,False,False,False,32.064,3.1518750000000004,False,False,0.965423279112528,2.1864517208874723,True,high_bin_residual_mad
2023-11-04 19:55:00,28.795326,28.795326,31.969,False,False,False,31.969,3.173674000000002,False,False,0.9660280278254476,2.2076459721745545,True,high_bin_residual_mad
2023-11-04 19:57:00,28.993885,28.993885,32.276,False,False,False,32.276,3.2821150000000046,False,False,0.9640737346163283,2.3180412653836764,True,high_bin_residual_mad
2023-11-04 19:59:00,27.548906,27.548906,30.692,False,False,False,30.692,3.1430940000000014,False,False,0.9735774511049011,2.1695165488951003,True,high_bin_residual_mad
2023-11-04 20:01:00,28.362654,28.362654,31.503,False,False,False,31.503,3.140346000000001,False,False,0.9689944794067168,2.171351520593284,True,high_bin_residual_mad
2023-11-04 20:02:00,28.701937,28.701937,31.938,False,False,False,31.938,3.236062999999998,False,False,0.9662253668791372,2.2698376331208605,True,high_bin_residual_mad
2023-11-04 20:04:00,28.13203,28.13203,31.256,False,False,False,31.256,3.12397,False,False,0.970566826060308,2.153403173939692,True,high_bin_residual_mad
2023-11-04 20:07:00,28.604506,28.604506,31.948,False,False,False,31.948,3.3434939999999997,False,False,0.9661617091198825,2.3773322908801173,True,high_bin_residual_mad
2023-11-04 20:08:00,28.483892,28.483892,31.605,False,False,False,31.605,3.1211079999999995,False,False,0.9683451702623188,2.152762829737681,True,high_bin_residual_mad
2023-11-04 20:10:00,27.186502,27.186502,30.359,False,False,False,30.359,3.172498000000001,False,False,0.9750350556261106,2.1974629443738904,True,high_bin_residual_mad
2023-11-04 20:13:00,29.106825,29.106825,32.33,False,False,False,32.33,3.2231749999999977,False,False,0.9637299827163529,2.2594450172836447,True,high_bin_residual_mad
2023-11-04 20:14:00,29.144062,29.144062,32.286,False,False,False,32.286,3.1419379999999997,False,False,0.9640100768570735,2.177927923142926,True,high_bin_residual_mad
2023-11-04 20:15:00,29.161774,29.161774,32.276,False,False,False,32.276,3.114226000000002,False,False,0.9640737346163283,2.150152265383674,True,high_bin_residual_mad
2023-11-04 20:16:00,29.111755,29.111755,32.234,False,False,False,32.234,3.122245000000003,False,False,0.964341097205198,2.1579039027948053,True,high_bin_residual_mad
2023-11-04 20:17:00,28.800756,28.800756,32.15,False,False,False,32.15,3.3492439999999988,False,False,0.9648758223829376,2.3843681776170613,True,high_bin_residual_mad
2023-11-04 20:18:00,27.678377,27.678377,31.23,False,False,False,31.23,3.5516229999999993,False,False,0.9707323362343702,2.5808906637656293,True,high_bin_residual_mad
2023-11-04 20:19:00,28.090315,28.090315,31.199,False,False,False,31.199,3.1086850000000013,False,False,0.9709296752880597,2.1377553247119416,True,high_bin_residual_mad
2023-11-04 20:21:00,29.189062,29.189062,32.257,False,False,False,32.257,3.067937999999998,False,False,0.9641946843589122,2.103743315641086,True,high_bin_residual_mad
2023-11-04 20:22:00,28.998749,28.998749,32.078,False,False,False,32.078,3.079251000000003,False,False,0.9653341582495714,2.1139168417504317,True,high_bin_residual_mad
2023-11-04 20:24:00,27.775105,27.775105,31.078,False,False,False,31.078,3.3028949999999995,False,False,0.9716999341750416,2.331195065824958,True,high_bin_residual_mad
2023-11-04 20:30:00,27.376757,27.376757,30.571,False,False,False,30.571,3.194243,False,False,0.9741070911861814,2.220135908813819,True,high_bin_residual_mad
2023-11-04 20:31:00,27.058945,27.058945,30.409,False,False,False,30.409,3.3500549999999976,False,False,0.9748161960883914,2.375238803911606,True,high_bin_residual_mad
2023-11-04 20:34:00,29.252548,29.252548,32.384,False,False,False,32.384,3.1314519999999995,False,False,0.9633862308163775,2.168065769183622,True,high_bin_residual_mad
2023-11-04 20:35:00,29.927164,29.927164,33.066,False,False,False,33.066,3.1388360000000013,False,False,0.9582077711055297,2.180628228894472,True,high_bin_residual_mad
2023-11-04 20:36:00,31.2299,31.2299,34.378,False,False,False,34.378,3.1480999999999995,False,False,0.9243176243718617,2.223782375628138,True,high_bin_residual_mad
2023-11-04 20:37:00,31.77162,31.77162,34.852,False,False,False,34.852,3.080379999999998,False,False,0.9120737756281434,2.1683062243718547,True,high_bin_residual_mad
2023-11-04 20:38:00,33.307842,33.307842,36.213,False,False,False,36.213,2.905158,False,False,0.8955424608783451,2.009615539121655,True,high_bin_residual_mad
2023-11-04 20:39:00,33.329006,33.329006,36.331,False,False,False,36.331,3.0019940000000034,False,False,0.8943258278647155,2.1076681721352877,True,high_bin_residual_mad
2023-11-04 20:40:00,33.322628,33.322628,36.268,False,False,False,36.268,2.945371999999999,False,False,0.8949753861686025,2.0503966138313965,True,high_bin_residual_mad
2023-11-04 20:41:00,33.230007,33.230007,36.398,False,False,False,36.398,3.1679930000000027,False,False,0.8936350277637563,2.2743579722362464,True,high_bin_residual_mad
2023-11-04 20:42:00,32.61428,32.61428,36.281,False,False,False,36.281,3.666719999999998,False,False,0.8948413503281178,2.77187864967188,True,high_bin_residual_mad
2023-11-04 20:43:00,36.748505,36.748505,39.9,False,False,False,39.9,3.151494999999997,False,False,0.7982603541448058,2.353234645855191,True,high_bin_residual_mad
2023-11-04 20:44:00,38.195606,38.195606,41.439,False,False,False,41.439,3.243394000000002,False,False,0.7600397967787758,2.4833542032212264,True,high_bin_residual_mad
2023-11-04 20:45:00,38.961143,38.961143,41.946,False,False,False,41.946,2.984856999999998,False,False,0.7832677700142094,2.201589229985789,True,high_bin_residual_mad
2023-11-04 20:47:00,40.855,40.855,43.475,False,False,False,43.475,2.6200000000000045,False,False,0.8309362125748488,1.7890637874251558,True,high_bin_residual_mad
2023-11-04 20:48:00,43.385586,43.385586,46.503,False,False,False,46.503,3.1174139999999966,False,False,0.8097815460921841,2.3076324539078126,True,high_bin_residual_mad
2023-11-04 20:49:00,42.6108,42.6108,45.418,False,False,False,45.418,2.8072000000000017,False,False,0.822920048096191,1.9842799519038108,True,high_bin_residual_mad
2023-11-04 20:50:00,42.01842,42.01842,45.125,False,False,False,45.125,3.106580000000001,False,False,0.8264680490981947,2.2801119509018064,True,high_bin_residual_mad
2023-11-04 20:52:00,45.67183,45.67183,49.044,False,False,False,49.044,3.372169999999997,False,False,0.7889526420737779,2.583217357926219,True,high_bin_residual_mad
2023-11-04 20:53:00,48.12714,48.12714,51.399,False,False,False,51.399,3.2718600000000038,False,False,0.7838006813663025,2.4880593186337014,True,high_bin_residual_mad
2023-11-04 20:54:00,49.243954,49.243954,52.555,False,False,False,52.555,3.3110459999999975,False,False,0.7882629061942388,2.5227830938057587,True,high_bin_residual_mad
2023-11-04 20:55:00,49.400127,49.400127,53.021,False,False,False,53.021,3.620873000000003,False,False,0.7898293604852679,2.831043639514735,True,high_bin_residual_mad
2023-11-04 20:56:00,52.174576,52.174576,55.642,False,False,False,55.642,3.467424000000001,False,False,0.7888763865798721,2.678547613420129,True,high_bin_residual_mad
2023-11-04 20:57:00,51.725464,51.725464,55.142,False,False,False,55.142,3.4165360000000007,False,False,0.7869437376064116,2.6295922623935892,True,high_bin_residual_mad
2023-11-04 20:58:00,52.619465,52.619465,56.279,False,False,False,56.279,3.6595350000000053,False,False,0.7913385813720609,2.8681964186279445,True,high_bin_residual_mad
2023-11-04 20:59:00,49.816223,49.816223,53.174,False,False,False,53.174,3.3577769999999987,False,False,0.7895634003466199,2.5682135996533786,True,high_bin_residual_mad
2023-11-04 21:00:00,52.09218,52.09218,55.724,False,False,False,55.724,3.6318199999999976,False,False,0.7891933410115197,2.842626658988478,True,high_bin_residual_mad
2023-11-04 21:01:00,51.30891,51.30891,54.72,False,False,False,54.72,3.4110900000000015,False,False,0.7868759861351835,2.624214013864818,True,high_bin_residual_mad
2023-11-04 21:02:00,50.69465,50.69465,53.805,False,False,False,53.805,3.110349999999997,False,False,0.7884665320623919,2.321883467937605,True,high_bin_residual_mad
2023-11-04 21:03:00,49.093746,49.093746,52.036,False,False,False,52.036,2.9422539999999984,False,False,0.7862595370889629,2.1559944629110355,True,high_bin_residual_mad
2023-11-04 21:04:00,49.03591,49.03591,52.36,False,False,False,52.36,3.324089999999998,False,False,0.7875101952587306,2.5365798047412675,True,high_bin_residual_mad
2023-11-04 21:05:00,49.240135,49.240135,52.009,False,False,False,52.009,2.768864999999998,False,False,0.7861553155748157,1.9827096844251826,True,high_bin_residual_mad
2023-11-04 21:07:00,48.036522,48.036522,51.71,False,False,False,51.71,3.673478000000003,False,False,0.7850011588070362,2.8884768411929667,True,high_bin_residual_mad
2023-11-04 21:08:00,50.455986,50.455986,53.58,False,False,False,53.58,3.1240139999999954,False,False,0.7888576499133448,2.335156350086651,True,high_bin_residual_mad
2023-11-04 21:09:00,52.02727,52.02727,55.487,False,False,False,55.487,3.4597300000000004,False,False,0.7882772653980994,2.671452734601901,True,high_bin_residual_mad
2023-11-04 21:10:00,52.39619,52.39619,55.264,False,False,False,55.264,2.8678100000000057,False,False,0.787415303955936,2.0803946960440696,True,high_bin_residual_mad
2023-11-04 21:11:00,49.90709,49.90709,52.991,False,False,False,52.991,3.083910000000003,False,False,0.7898815095320616,2.2940284904679413,True,high_bin_residual_mad
2023-11-04 21:12:00,48.67881,48.67881,52.138,False,False,False,52.138,3.4591899999999995,False,False,0.7866532628090749,2.6725367371909248,True,high_bin_residual_mad
2023-11-04 21:13:00,48.424725,48.424725,51.299,False,False,False,51.299,2.8742749999999972,False,False,0.7834146757583496,2.090860324241648,True,high_bin_residual_mad
2023-11-04 21:14:00,47.412815,47.412815,50.287,False,False,False,50.287,2.874184999999997,False,False,0.7847824576271195,2.0894025423728775,True,high_bin_residual_mad
2023-11-04 21:15:00,48.24579,48.24579,51.174,False,False,False,51.174,2.92821,False,False,0.7829321687484083,2.1452778312515917,True,high_bin_residual_mad
2023-11-04 21:16:00,50.52395,50.52395,53.036,False,False,False,53.036,2.512050000000002,False,False,0.789803285961871,1.722246714038131,True,high_bin_residual_mad
2023-11-04 21:19:00,51.687035,51.687035,54.614,False,False,False,54.614,2.9269649999999956,False,False,0.7870602461005213,2.1399047538994744,True,high_bin_residual_mad
2023-11-04 21:20:00,53.520332,53.520332,55.919,False,False,False,55.919,2.3986679999999936,False,False,0.7899470741111693,1.6087209258888242,True,high_bin_residual_mad
2023-11-04 21:21:00,54.166313,54.166313,57.04,False,False,False,57.04,2.8736869999999968,False,False,0.7940471951588536,2.0796398048411433,True,high_bin_residual_mad
2023-11-04 21:22:00,52.281357,52.281357,55.539,False,False,False,55.539,3.2576430000000016,False,False,0.7884782608913393,2.4691647391086624,True,high_bin_residual_mad
2023-11-04 21:23:00,52.99515,52.99515,55.749,False,False,False,55.749,2.75385,False,False,0.7892899734601927,1.9645600265398073,True,high_bin_residual_mad
2023-11-04 21:25:00,50.651924,50.651924,53.158,False,False,False,53.158,2.506076,False,False,0.7895912131715765,1.7164847868284236,True,high_bin_residual_mad
2023-11-04 21:26:00,51.152023,51.152023,54.081,False,False,False,54.081,2.9289770000000033,False,False,0.7879867608318897,2.1409902391681137,True,high_bin_residual_mad
2023-11-04 21:27:00,51.59176,51.59176,54.04,False,False,False,54.04,2.4482399999999984,False,False,0.7880580311958412,1.6601819688041572,True,high_bin_residual_mad
2023-11-04 21:28:00,50.82086,50.82086,53.401,False,False,False,53.401,2.58014,False,False,0.7891688058925473,1.7909711941074526,True,high_bin_residual_mad
2023-11-04 21:29:00,51.29457,51.29457,54.13,False,False,False,54.13,2.8354300000000023,False,False,0.78790158405546,2.0475284159445426,True,high_bin_residual_mad
2023-11-04 21:32:00,55.022476,55.022476,57.718,False,False,False,57.718,2.695524000000006,False,False,0.7930794296520451,1.9024445703479609,True,high_bin_residual_mad
2023-11-04 21:33:00,57.16127,57.16127,59.905,False,False,False,59.905,2.7437299999999993,False,False,0.7958568785977878,1.9478731214022116,True,high_bin_residual_mad
2023-11-04 21:34:00,59.10871,59.10871,62.062,False,False,False,62.062,2.9532899999999955,False,False,0.794751651097563,2.1585383489024323,True,high_bin_residual_mad
2023-11-04 21:39:00,68.54042,68.54042,71.41,False,False,False,71.41,2.869579999999999,False,False,0.8416093501984094,2.0279706498015897,True,high_bin_residual_mad
2023-11-04 21:40:00,75.972855,75.972855,78.919,False,False,False,78.919,2.9461450000000013,False,False,0.8741408821349101,2.072004117865091,True,high_bin_residual_mad
2023-11-04 21:41:00,78.054436,78.054436,80.333,False,False,False,80.333,2.278564000000003,False,False,0.8311097869101941,1.447454213089809,True,high_bin_residual_mad
2023-11-04 21:42:00,76.45561,76.45561,79.805,False,False,False,79.805,3.349390000000014,False,False,0.8483159969558556,2.5010740030441583,True,high_bin_residual_mad
2023-11-04 21:43:00,83.12511,83.12511,86.51,False,False,False,86.51,3.3848899999999986,False,False,0.9231269629445442,2.461763037055454,True,high_bin_residual_mad
2023-11-04 21:44:00,84.32332,84.32332,87.221,False,False,False,87.221,2.8976800000000082,False,False,0.9295698770491846,1.9681101229508235,True,high_bin_residual_mad
2023-11-04 21:45:00,84.79448,84.79448,88.718,False,False,False,88.718,3.9235200000000106,False,False,0.9497855122950838,2.9737344877049265,True,high_bin_residual_mad
2023-11-04 21:49:00,100.40777,100.40777,103.586,False,False,False,103.586,3.1782299999999992,False,False,1.0663137940654337,2.1119162059345653,True,high_bin_residual_mad
2023-11-04 21:50:00,100.638275,100.638275,103.801,False,False,False,103.801,3.162725000000009,False,False,1.0669319122495582,2.095793087750451,True,high_bin_residual_mad
2023-11-04 21:54:00,116.3509,116.3509,120.693,False,False,False,120.693,4.342100000000002,False,False,1.2443605591182358,3.0977394408817664,True,high_bin_residual_mad
2023-11-04 21:56:00,122.29072,122.29072,126.287,False,False,False,126.287,3.996280000000013,False,False,1.305597608805668,2.690682391194345,True,high_bin_residual_mad
2023-11-04 23:46:00,169.30554,169.30554,176.426,False,False,False,176.426,7.12045999999998,False,False,2.0903507128514005,5.03010928714858,True,high_bin_residual_mad
2023-11-04 23:58:00,132.16946,132.16946,137.384,False,False,False,137.384,5.2145399999999995,False,False,1.4488272140315335,3.765712785968466,True,high_bin_residual_mad
2023-11-04 23:59:00,124.64145,124.64145,128.715,False,False,False,128.715,4.073549999999997,False,False,1.3388344099650438,2.734715590034954,True,high_bin_residual_mad
2023-11-05 00:01:00,120.35158,120.35158,124.162,False,False,False,124.162,3.8104200000000077,False,False,1.2655849934503203,2.5448350065496874,True,high_bin_residual_mad
2023-11-05 00:10:00,124.91292,124.91292,130.01,False,False,False,130.01,5.097079999999991,False,False,1.358111614518153,3.7389683854818383,True,high_bin_residual_mad
2023-11-05 00:17:00,141.82687,141.82687,146.687,False,False,False,146.687,4.860129999999998,False,False,1.60076377828054,3.259366221719458,True,high_bin_residual_mad
2023-11-05 00:18:00,132.3136,132.3136,142.085,False,False,False,142.085,9.7714,False,False,1.538184419179442,8.233215580820557,True,high_bin_residual_mad
2023-11-05 00:31:00,118.83569,118.83569,123.503,False,False,False,123.503,4.6673100000000005,False,False,1.25655363136431,3.4107563686356905,True,high_bin_residual_mad
2023-11-05 00:34:00,120.149254,120.149254,124.973,False,False,False,124.973,4.823746,False,False,1.2766994618141354,3.5470465381858647,True,high_bin_residual_mad
2023-11-05 00:40:00,121.99509,121.99509,126.338,False,False,False,126.338,4.342909999999989,False,False,1.306732668522267,3.036177331477722,True,high_bin_residual_mad
2023-11-05 00:51:00,117.93271,117.93271,121.952,False,False,False,121.952,4.019289999999998,False,False,1.2502410402752988,2.7690489597246994,True,high_bin_residual_mad
2023-11-05 00:56:00,98.69892,98.69892,102.052,False,False,False,102.052,3.3530800000000056,False,False,1.0594540580075649,2.293625941992441,True,high_bin_residual_mad
2023-11-05 01:01:00,91.94835,91.94835,95.307,False,False,False,95.307,3.3586499999999972,False,False,0.9860770935960557,2.3725729064039416,True,high_bin_residual_mad
2023-11-05 01:04:00,82.52341,82.52341,86.025,False,False,False,86.025,3.5015900000000073,False,False,0.919659713504105,2.5819302864959024,True,high_bin_residual_mad
2023-11-05 01:05:00,81.735504,81.735504,84.818,False,False,False,84.818,3.082495999999992,False,False,0.9107297344398335,2.1717662655601586,True,high_bin_residual_mad
2023-11-05 01:14:00,97.401505,97.401505,100.61,False,False,False,100.61,3.208494999999999,False,False,1.043853103309927,2.164641896690072,True,high_bin_residual_mad
2023-11-05 01:18:00,89.51612,89.51612,93.037,False,False,False,93.037,3.5208800000000053,False,False,0.9557252740313861,2.565154725968619,True,high_bin_residual_mad
2023-11-05 01:24:00,79.76232,79.76232,84.533,False,False,False,84.533,4.770679999999999,False,False,0.9082114112765451,3.8624685887234538,True,high_bin_residual_mad
2023-11-05 01:30:00,74.23899,74.23899,77.0,False,False,False,77.0,2.761009999999999,False,False,0.8519161403508801,1.9090938596491187,True,high_bin_residual_mad
2023-11-05 01:44:00,98.77736,98.77736,102.863,False,False,False,102.863,4.085639999999998,False,False,1.0638712978562412,3.0217687021437567,True,high_bin_residual_mad
2023-11-05 01:45:00,96.45468,96.45468,99.717,False,False,False,99.717,3.2623200000000026,False,False,1.0221980772316908,2.240121922768312,True,high_bin_residual_mad
2023-11-05 01:50:00,93.96441,93.96441,97.04,False,False,False,97.04,3.0755900000000054,False,False,0.9949533089311866,2.0806366910688188,True,high_bin_residual_mad
2023-11-05 01:54:00,91.69037,91.69037,95.701,False,False,False,95.701,4.010629999999992,False,False,0.9880925512055977,3.0225374487943943,True,high_bin_residual_mad
2023-11-05 01:56:00,91.15909,91.15909,94.236,False,False,False,94.236,3.076909999999998,False,False,0.9730178647621351,2.103892135237863,True,high_bin_residual_mad
2023-11-05 02:01:00,88.51113,88.51113,91.7,False,False,False,91.7,3.1888700000000085,False,False,0.9569314973664431,2.2319385026335654,True,high_bin_residual_mad
2023-11-05 02:03:00,91.69509,91.69509,95.389,False,False,False,95.389,3.6939100000000025,False,False,0.9864965543168233,2.707413445683179,True,high_bin_residual_mad
2023-11-05 02:06:00,85.3896,85.3896,88.402,False,False,False,88.402,3.0123999999999995,False,False,0.945518217213117,2.0668817827868824,True,high_bin_residual_mad
2023-11-05 02:12:00,81.19098,81.19098,84.537,False,False,False,84.537,3.34602000000001,False,False,0.9082467561630475,2.4377732438369626,True,high_bin_residual_mad
2023-11-05 02:16:00,78.21286,78.21286,81.182,False,False,False,81.182,2.969139999999996,False,False,0.8034429832572266,2.165697016742769,True,high_bin_residual_mad
2023-11-05 02:17:00,73.75556,73.75556,76.71,False,False,False,76.71,2.954439999999991,False,False,0.8498829410243173,2.104557058975674,True,high_bin_residual_mad
2023-11-05 02:18:00,68.97984,68.97984,72.221,False,False,False,72.221,3.241160000000008,False,False,0.8369227678571384,2.4042372321428696,True,high_bin_residual_mad
2023-11-05 02:22:00,56.038548,56.038548,58.605,False,False,False,58.605,2.566451999999998,False,False,0.7918133411497751,1.7746386588502232,True,high_bin_residual_mad
2023-11-05 03:11:00,79.20134,79.20134,81.549,False,False,False,81.549,2.3476600000000047,False,False,0.7914833637747306,1.556176636225274,True,high_bin_residual_mad
2023-11-05 03:13:00,79.87356,79.87356,82.581,False,False,False,82.581,2.7074400000000054,False,False,0.8653017192192272,1.8421382807807782,True,high_bin_residual_mad
2023-11-05 03:17:00,75.103874,75.103874,77.777,False,False,False,77.777,2.6731259999999963,False,False,0.8609149023968371,1.8122110976031593,True,high_bin_residual_mad
2023-11-05 04:26:00,51.77003,51.77003,54.262,False,False,False,54.262,2.491970000000002,False,False,0.7876721282495676,1.7042978717504345,True,high_bin_residual_mad
2023-11-05 06:08:00,113.12601,113.12601,116.724,False,False,False,116.724,3.59799000000001,False,False,1.2099438067898145,2.3880461932101955,True,high_bin_residual_mad
2023-11-05 06:17:00,105.785446,105.785446,109.148,False,False,False,109.148,3.362554000000003,False,False,1.0971559589743463,2.265398041025657,True,high_bin_residual_mad
2023-11-05 06:36:00,79.393265,79.393265,81.68,False,False,False,81.68,2.2867350000000073,False,False,0.794340528528527,1.4923944714714803,True,high_bin_residual_mad
2023-11-05 19:27:00,345.45294,345.45294,356.139,False,False,False,356.139,10.686059999999998,False,False,7.412813767989549,3.2732462320104485,True,high_bin_residual_mad
2023-11-05 21:33:00,347.46033,347.46033,350.894,False,False,False,350.894,3.4336700000000064,False,False,7.400097754279919,-3.9664277542799127,True,high_bin_residual_mad
2023-11-05 22:07:00,298.73035,298.73035,313.182,False,False,False,313.182,14.45165000000003,False,False,5.754887585941522,8.696762414058508,True,high_bin_residual_mad
2023-11-05 22:58:00,352.35532,352.35532,354.491,False,False,False,354.491,2.1356799999999794,False,False,7.385432067669189,-5.24975206766921,True,high_bin_residual_mad
2023-11-06 14:35:00,358.43567,358.43567,369.212,False,False,False,369.212,10.776329999999973,False,False,7.645109726027378,3.1312202739725947,True,high_bin_residual_mad
2023-11-06 14:37:00,368.02103,368.02103,373.179,False,False,False,373.179,5.1579699999999775,False,False,7.862377753956129,-2.7044077539561515,True,high_bin_residual_mad
2023-11-06 16:07:00,348.98425,348.98425,359.519,False,False,False,359.519,10.534750000000031,False,False,7.559364608653391,2.9753853913466397,True,high_bin_residual_mad
2023-11-06 16:40:00,345.99777,345.99777,356.504,False,False,False,356.504,10.506230000000016,False,False,7.427119284779779,3.0791107152202377,True,high_bin_residual_mad
2023-11-06 18:16:00,355.9213,355.9213,358.579,False,False,False,358.579,2.657700000000034,False,False,7.548514569014101,-4.890814569014067,True,high_bin_residual_mad
2023-11-06 18:18:00,364.68716,364.68716,368.825,False,False,False,368.825,4.137839999999983,False,False,7.6288675769418495,-3.4910275769418666,True,high_bin_residual_mad
2023-11-06 19:01:00,362.08954,362.08954,365.89,False,False,False,365.89,3.800459999999987,False,False,7.545631334702259,-3.745171334702272,True,high_bin_residual_mad
2023-11-07 01:59:00,158.66745,158.66745,156.284,False,False,False,156.284,-2.3834500000000105,True,False,1.7611583138259015,-4.144608313825912,True,high_bin_residual_mad
2023-11-07 02:25:00,148.50853,148.50853,155.63,False,False,False,155.63,7.121469999999988,False,False,1.7482298134601355,5.373240186539853,True,high_bin_residual_mad
2023-11-07 03:07:00,109.69693,109.69693,108.092,False,False,False,108.092,-1.604929999999996,True,False,1.091624987751092,-2.696554987751088,True,high_bin_residual_mad
2023-11-07 03:12:00,119.31958,119.31958,117.535,False,False,False,117.535,-1.7845800000000054,True,False,1.2160363281250004,-3.000616328125006,True,high_bin_residual_mad
2023-11-07 03:13:00,117.32647,117.32647,115.377,False,False,False,115.377,-1.9494700000000051,True,False,1.1712049475786295,-3.1206749475786344,True,high_bin_residual_mad
2023-11-07 03:19:00,104.33239,104.33239,108.995,False,False,False,108.995,4.662610000000001,False,False,1.0951821264086101,3.5674278735913907,True,high_bin_residual_mad
2023-11-07 03:37:00,95.15878,95.15878,93.729,False,False,False,93.729,-1.4297799999999938,True,False,0.9657056516674813,-2.3954856516674754,True,high_bin_residual_mad
2023-11-07 03:43:00,85.460556,85.460556,88.786,False,False,False,88.786,3.3254440000000045,False,False,0.9507037909836082,2.3747402090163963,True,high_bin_residual_mad
2023-11-07 03:49:00,81.22105,81.22105,80.368,False,False,False,80.368,-0.8530500000000103,True,False,0.8299692237442886,-1.683019223744299,True,high_bin_residual_mad
2023-11-07 04:31:00,61.021027,61.021027,63.782,False,False,False,63.782,2.760973,False,False,0.7939658414027744,1.9670071585972255,True,high_bin_residual_mad
2023-11-08 06:42:00,185.12233,185.12233,192.393,False,False,False,192.393,7.2706699999999955,False,False,2.435406843540785,4.83526315645921,True,high_bin_residual_mad
2023-11-08 08:34:00,178.19226,178.19226,175.962,False,False,False,175.962,-2.2302600000000155,True,False,2.100026696787136,-4.330286696787152,True,high_bin_residual_mad
2023-11-08 10:00:00,205.72922,205.72922,201.23,False,False,False,201.23,-4.499220000000008,True,False,2.6431124423963106,-7.142332442396318,True,high_bin_residual_mad
2023-11-08 14:44:00,345.39407,345.39407,347.791,False,False,False,347.791,2.3969299999999976,False,False,7.247985188794148,-4.851055188794151,True,high_bin_residual_mad
2023-11-08 14:57:00,351.3587,351.3587,354.269,False,False,False,354.269,2.9103000000000065,False,False,7.395590375939864,-4.485290375939857,True,high_bin_residual_mad
2023-11-08 15:14:00,355.41797,355.41797,358.742,False,False,False,358.742,3.3240299999999934,False,False,7.559716112676074,-4.23568611267608,True,high_bin_residual_mad
2023-11-08 16:14:00,244.85095,244.85095,257.463,False,False,False,257.463,12.61205000000001,False,False,3.939081285714292,8.67296871428572,True,high_bin_residual_mad
2023-11-08 18:14:00,236.16125,236.16125,233.016,False,False,False,233.016,-3.1452500000000043,True,False,3.3971207586039784,-6.542370758603983,True,high_bin_residual_mad
2023-11-08 21:08:00,156.34428,156.34428,154.339,False,False,False,154.339,-2.005279999999999,True,False,1.7337635664248192,-3.7390435664248183,True,high_bin_residual_mad
2023-11-08 21:38:00,181.50122,181.50122,188.118,False,False,False,188.118,6.616780000000006,False,False,2.386336383030908,4.230443616969097,True,high_bin_residual_mad
2023-11-10 10:11:00,371.96545,371.96545,383.393,False,False,False,383.393,11.427549999999997,False,False,8.030873863636367,3.396676136363629,True,high_bin_residual_mad
2023-11-10 12:10:00,362.8476,362.8476,381.514,False,False,False,381.514,18.66640000000001,False,False,8.098699794238692,10.567700205761318,True,high_bin_residual_mad
2023-11-10 14:37:00,373.7411,373.7411,385.463,False,False,False,385.463,11.721900000000005,False,False,8.222294658780704,3.4996053412193007,True,high_bin_residual_mad
2023-11-10 19:33:00,373.83447,373.83447,379.764,False,False,False,379.764,5.92953,False,False,7.979489382448555,-2.049959382448555,True,high_bin_residual_mad
2023-11-10 20:32:00,369.19543,369.19543,379.405,False,False,False,379.405,10.209569999999985,False,False,7.932630742145192,2.276939257854793,True,high_bin_residual_mad
2023-11-10 20:33:00,365.138,365.138,375.462,False,False,False,375.462,10.324000000000012,False,False,7.834993214285716,2.489006785714296,True,high_bin_residual_mad
2023-11-10 20:35:00,371.67987,371.67987,376.359,False,False,False,376.359,4.6791299999999865,False,False,7.876487894736861,-3.197357894736874,True,high_bin_residual_mad
2023-11-10 21:21:00,368.17902,368.17902,379.345,False,False,False,379.345,11.165980000000047,False,False,7.924799214517897,3.2411807854821504,True,high_bin_residual_mad
2023-11-10 21:26:00,367.31104,367.31104,372.646,False,False,False,372.646,5.334960000000024,False,False,7.841140541605141,-2.5061805416051177,True,high_bin_residual_mad
2023-11-10 21:45:00,349.66388,349.66388,353.97,False,False,False,353.97,4.306120000000021,False,False,7.40927206140352,-3.103152061403499,True,high_bin_residual_mad
2023-11-10 22:21:00,350.90448,350.90448,353.739,False,False,False,353.739,2.8345199999999977,False,False,7.419842192982468,-4.585322192982471,True,high_bin_residual_mad
2023-11-10 22:25:00,345.38898,345.38898,357.388,False,False,False,357.388,11.999019999999973,False,False,7.466667707042264,4.532352292957709,True,high_bin_residual_mad
2023-11-10 22:49:00,369.67773,369.67773,375.359,False,False,False,375.359,5.681269999999984,False,False,7.830228496240601,-2.148958496240617,True,high_bin_residual_mad
2023-11-10 22:52:00,367.0014,367.0014,377.416,False,False,False,377.416,10.414600000000007,False,False,7.907365962636253,2.5072340373637543,True,high_bin_residual_mad
2023-11-10 23:27:00,351.25583,351.25583,352.365,False,False,False,352.365,1.109170000000006,False,False,7.4276938487825594,-6.3185238487825535,True,high_bin_residual_mad
2023-11-10 23:32:00,367.03122,367.03122,371.706,False,False,False,371.706,4.674779999999998,False,False,7.778737685869028,-3.1039576858690294,True,high_bin_residual_mad
2023-11-10 23:33:00,365.0428,365.0428,367.98,False,False,False,367.98,2.9372000000000185,False,False,7.604557830972154,-4.6673578309721355,True,high_bin_residual_mad
2023-11-10 23:36:00,367.73413,367.73413,372.763,False,False,False,372.763,5.0288699999999835,False,False,7.848907705563783,-2.8200377055637995,True,high_bin_residual_mad
2023-11-11 00:08:00,361.55054,361.55054,364.053,False,False,False,364.053,2.502459999999985,False,False,7.524181714507358,-5.021721714507373,True,high_bin_residual_mad
2023-11-11 00:11:00,363.87207,363.87207,367.175,False,False,False,367.175,3.3029300000000035,False,False,7.581398842208123,-4.278468842208119,True,high_bin_residual_mad
2023-11-11 00:19:00,368.82263,368.82263,374.311,False,False,False,374.311,5.488369999999975,False,False,7.831474558448196,-2.3431045584482213,True,high_bin_residual_mad
2023-11-11 00:38:00,348.73572,348.73572,352.669,False,False,False,352.669,3.933279999999968,False,False,7.431062392140105,-3.497782392140137,True,high_bin_residual_mad
2023-11-11 00:50:00,342.0667,342.0667,352.288,False,False,False,352.288,10.221299999999985,False,False,7.426840632208444,2.794459367791541,True,high_bin_residual_mad
2023-11-11 01:33:00,330.9117,330.9117,329.153,False,False,False,329.153,-1.7586999999999762,True,False,6.111749358024681,-7.870449358024657,True,high_bin_residual_mad
2023-11-11 02:57:00,352.07968,352.07968,356.042,False,False,False,356.042,3.962319999999977,False,False,7.409012027911048,-3.4466920279110713,True,high_bin_residual_mad
2023-11-11 03:12:00,360.9923,360.9923,364.054,False,False,False,364.054,3.0616999999999734,False,False,7.524177005430554,-4.46247700543058,True,high_bin_residual_mad
2023-11-11 03:15:00,366.47287,366.47287,370.123,False,False,False,370.123,3.65012999999999,False,False,7.68928698630135,-4.03915698630136,True,high_bin_residual_mad
2023-11-11 03:19:00,363.17908,363.17908,373.755,False,False,False,373.755,10.575919999999996,False,False,7.846653159775413,2.729266840224583,True,high_bin_residual_mad
2023-11-11 03:28:00,359.8963,359.8963,371.156,False,False,False,371.156,11.25970000000001,False,False,7.742225376661726,3.517474623338283,True,high_bin_residual_mad
2023-11-11 04:03:00,351.1114,351.1114,351.912,False,False,False,351.912,0.8005999999999744,False,False,7.422674275950427,-6.622074275950452,True,high_bin_residual_mad
2023-11-11 05:23:00,357.03546,357.03546,361.015,False,False,False,361.015,3.979539999999986,False,False,7.508135517744286,-3.5285955177443,True,high_bin_residual_mad
2023-11-11 05:32:00,352.70673,352.70673,356.115,False,False,False,356.115,3.408270000000016,False,False,7.411873131269095,-4.003603131269079,True,high_bin_residual_mad
2023-11-11 06:01:00,348.60834,348.60834,351.936,False,False,False,351.936,3.3276599999999803,False,False,7.422940213583917,-4.095280213583937,True,high_bin_residual_mad
2023-11-11 06:09:00,328.7049,328.7049,344.817,False,False,False,344.817,16.112099999999998,False,False,6.834769661728394,9.277330338271604,True,high_bin_residual_mad
2023-11-11 10:03:00,262.90097,262.90097,258.978,False,False,False,258.978,-3.922969999999964,True,False,4.064331933560476,-7.98730193356044,True,high_bin_residual_mad
2023-11-11 11:54:00,227.84555,227.84555,224.505,False,False,False,224.505,-3.3405500000000075,True,False,3.168456374358966,-6.5090063743589734,True,high_bin_residual_mad
2023-11-11 15:15:00,163.71591,163.71591,169.989,False,False,False,169.989,6.273089999999996,False,False,2.016822369645044,4.2562676303549525,True,high_bin_residual_mad
2023-11-11 17:24:00,352.8836,352.8836,365.305,False,False,False,365.305,12.421400000000006,False,False,7.529492782340853,4.891907217659153,True,high_bin_residual_mad
2023-11-11 20:38:00,138.25928,138.25928,136.464,False,False,False,136.464,-1.795279999999991,True,False,1.433923880597024,-3.229203880597015,True,high_bin_residual_mad
2023-11-11 21:20:00,126.48443,126.48443,124.021,False,False,False,124.021,-2.4634300000000025,True,False,1.2636526382847246,-3.727082638284727,True,high_bin_residual_mad
2023-11-11 22:16:00,53.693954,53.693954,56.28,False,False,False,56.28,2.586046000000003,False,False,0.7913424466700079,1.7947035533299953,True,high_bin_residual_mad
2023-11-12 06:22:00,343.21533,343.21533,353.739,False,False,False,353.739,10.523669999999981,False,False,7.419842192982468,3.103827807017513,True,high_bin_residual_mad
2023-11-12 06:27:00,355.52948,355.52948,359.755,False,False,False,359.755,4.225520000000017,False,False,7.551283014098212,-3.325763014098195,True,high_bin_residual_mad
2023-11-12 07:00:00,365.49292,365.49292,370.015,False,False,False,370.015,4.52207999999996,False,False,7.684049726027377,-3.161969726027417,True,high_bin_residual_mad
2023-11-12 07:01:00,366.62097,366.62097,370.667,False,False,False,370.667,4.046029999999973,False,False,7.715667260273951,-3.6696372602739773,True,high_bin_residual_mad
2023-11-12 07:04:00,369.08417,369.08417,374.788,False,False,False,374.788,5.703830000000039,False,False,7.818452628892291,-2.114622628892252,True,high_bin_residual_mad
2023-11-12 08:04:00,345.55585,345.55585,347.389,False,False,False,347.389,1.8331499999999892,False,False,7.27658349817296,-5.443433498172971,True,high_bin_residual_mad
2023-11-12 08:15:00,361.5206,361.5206,364.703,False,False,False,364.703,3.182399999999973,False,False,7.521120814584935,-4.3387208145849625,True,high_bin_residual_mad
2023-11-12 08:45:00,362.25186,362.25186,365.81,False,False,False,365.81,3.5581399999999803,False,False,7.5434243531827505,-3.98528435318277,True,high_bin_residual_mad
2023-11-12 08:48:00,352.53363,352.53363,353.624,False,False,False,353.624,1.0903700000000072,False,False,7.425104379699258,-6.334734379699251,True,high_bin_residual_mad
2023-11-12 10:29:00,355.45917,355.45917,358.985,False,False,False,358.985,3.5258300000000418,False,False,7.576415346478891,-4.050585346478849,True,high_bin_residual_mad
2023-11-12 12:29:00,367.34045,367.34045,379.479,False,False,False,379.479,12.13855000000001,False,False,7.942289626218866,4.1962603737811435,True,high_bin_residual_mad
2023-11-12 12:40:00,371.9217,371.9217,377.271,False,False,False,377.271,5.349300000000028,False,False,7.909338173326446,-2.5600381733264177,True,high_bin_residual_mad
2023-11-12 16:49:00,370.24442,370.24442,375.904,False,False,False,375.904,5.659580000000005,False,False,7.855439868421063,-2.1958598684210573,True,high_bin_residual_mad
2023-11-13 00:03:00,369.15112,369.15112,374.531,False,False,False,374.531,5.379880000000014,False,False,7.8254686370597275,-2.4455886370597133,True,high_bin_residual_mad
2023-11-13 06:11:00,346.49417,346.49417,356.512,False,False,False,356.512,10.017830000000004,False,False,7.427432830353262,2.5903971696467414,True,high_bin_residual_mad
2023-11-13 07:17:00,352.48218,352.48218,357.156,False,False,False,357.156,4.673819999999978,False,False,7.452673249018764,-2.778853249018786,True,high_bin_residual_mad
2023-11-13 07:26:00,348.66666,348.66666,359.703,False,False,False,359.703,11.036339999999996,False,False,7.55306370442393,3.483276295576066,True,high_bin_residual_mad
2023-11-13 08:28:00,219.72012,219.72012,216.245,False,False,False,216.245,-3.475120000000004,True,False,2.935133693033005,-6.41025369303301,True,high_bin_residual_mad
2023-11-13 09:16:00,163.66328,163.66328,171.894,False,False,False,171.894,8.23072000000002,False,False,2.0350090404797534,6.195710959520266,True,high_bin_residual_mad
2023-11-13 09:31:00,133.13318,133.13318,140.751,False,False,False,140.751,7.617819999999995,False,False,1.5234923874755404,6.094327612524454,True,high_bin_residual_mad
2023-11-13 09:34:00,159.8414,159.8414,166.691,False,False,False,166.691,6.8496000000000095,False,False,1.954868393385978,4.894731606614031,True,high_bin_residual_mad
2023-11-13 11:58:00,235.81552,235.81552,249.233,False,False,False,249.233,13.417480000000012,False,False,3.699964705596113,9.7175152944039,True,high_bin_residual_mad
2023-11-13 12:16:00,207.50722,207.50722,202.408,False,False,False,202.408,-5.0992200000000025,True,False,2.6366795852534604,-7.735899585253463,True,high_bin_residual_mad
2023-11-13 12:22:00,188.01788,188.01788,197.623,False,False,False,197.623,9.60512,False,False,2.5578333790523637,7.047286620947636,True,high_bin_residual_mad
2023-11-13 12:28:00,170.45015,170.45015,178.422,False,False,False,178.422,7.971849999999989,False,False,2.1256512758020376,5.846198724197952,True,high_bin_residual_mad
2023-11-13 12:32:00,170.45078,170.45078,168.433,False,False,False,168.433,-2.017780000000016,True,False,2.007253027131778,-4.025033027131794,True,high_bin_residual_mad
2023-11-13 12:40:00,193.55594,193.55594,190.861,False,False,False,190.861,-2.6949400000000026,True,False,2.447271500258647,-5.14221150025865,True,high_bin_residual_mad
2023-11-13 13:22:00,172.46066,172.46066,184.726,False,False,False,184.726,12.265340000000009,False,False,2.3425870073710064,9.922752992629002,True,high_bin_residual_mad
2023-11-13 13:56:00,92.388794,92.388794,90.979,False,False,False,90.979,-1.409794000000005,True,False,0.957660786789708,-2.367454786789713,True,high_bin_residual_mad
2023-11-13 14:16:00,121.31215,121.31215,125.382,False,False,False,125.382,4.069850000000002,False,False,1.2854558628542498,2.7843941371457523,True,high_bin_residual_mad
2023-11-13 15:06:00,88.572334,88.572334,93.938,False,False,False,93.938,5.3656660000000045,False,False,0.9687199564737587,4.3969460435262455,True,high_bin_residual_mad
2023-11-13 16:04:00,68.50466,68.50466,66.324,False,False,False,66.324,-2.180660000000003,True,False,0.7913211520970176,-2.9719811520970207,True,high_bin_residual_mad
2023-11-13 19:40:00,39.165573,39.165573,41.534,False,False,False,41.534,2.368426999999997,False,False,0.7643921783514901,1.604034821648507,True,high_bin_residual_mad
2023-11-13 20:16:00,78.18414,78.18414,80.456,False,False,False,80.456,2.2718600000000038,False,False,0.8271015220700114,1.4447584779299922,True,high_bin_residual_mad
2023-11-13 20:19:00,72.91579,72.91579,75.481,False,False,False,75.481,2.5652099999999933,False,False,0.8420498939472334,1.72316010605276,True,high_bin_residual_mad
2023-11-13 20:34:00,63.4022,63.4022,62.426,False,False,False,62.426,-0.9761999999999986,True,False,0.792473455000002,-1.7686734550000005,True,high_bin_residual_mad
2023-11-13 20:42:00,51.605217,51.605217,50.592,False,False,False,50.592,-1.0132170000000045,True,False,0.7837592023928227,-1.7969762023928273,True,high_bin_residual_mad
2023-11-13 20:46:00,45.545326,45.545326,48.108,False,False,False,48.108,2.562673999999994,False,False,0.7956510842892764,1.7670229157107178,True,high_bin_residual_mad
2023-11-13 21:46:00,85.48291,85.48291,88.641,False,False,False,88.641,3.1580900000000014,False,False,0.9487456967213135,2.209344303278688,True,high_bin_residual_mad
2023-11-13 22:02:00,74.16899,74.16899,76.995,False,False,False,76.995,2.826010000000011,False,False,0.8518582332592073,1.9741517667408035,True,high_bin_residual_mad
2023-11-13 22:45:00,71.79124,71.79124,74.376,False,False,False,74.376,2.584760000000003,False,False,0.8370171667075851,1.7477428332924179,True,high_bin_residual_mad
2023-11-13 22:58:00,81.259995,81.259995,80.493,False,False,False,80.493,-0.7669950000000085,True,False,0.8258957838660543,-1.5928907838660629,True,high_bin_residual_mad
2023-11-13 23:40:00,106.02147,106.02147,104.825,False,False,False,104.825,-1.1964699999999908,True,False,1.06987587978697,-2.266345879786961,True,high_bin_residual_mad
2023-11-14 10:00:00,46.34882,46.34882,49.174,False,False,False,49.174,2.825179999999996,False,False,0.7885165004985039,2.036663499501492,True,high_bin_residual_mad
2023-11-14 10:01:00,48.61696,48.61696,51.429,False,False,False,51.429,2.812040000000003,False,False,0.7839164830486884,2.0281235169513145,True,high_bin_residual_mad
2023-11-16 05:01:00,155.60815,155.60815,161.328,False,False,False,161.328,5.719850000000008,False,False,1.8381606940371455,3.8816893059628628,True,high_bin_residual_mad
2023-11-16 05:50:00,382.04706,382.04706,387.76,False,False,False,387.76,5.712940000000003,False,False,8.199412978328189,-2.4864729783281856,True,high_bin_residual_mad
2023-11-16 07:35:00,375.50842,375.50842,386.188,False,False,False,386.188,10.679579999999987,False,False,8.184276687898082,2.495303312101905,True,high_bin_residual_mad
2023-11-16 07:36:00,372.822,372.822,378.16,False,False,False,378.16,5.338000000000022,False,False,7.897246481577604,-2.5592464815775813,True,high_bin_residual_mad
2023-11-16 07:38:00,374.37268,374.37268,379.689,False,False,False,379.689,5.316320000000019,False,False,7.969699972914428,-2.6533799729144096,True,high_bin_residual_mad
2023-11-16 07:43:00,367.5384,367.5384,373.136,False,False,False,373.136,5.5976,False,False,7.863551638591146,-2.2659516385911465,True,high_bin_residual_mad
2023-11-16 07:44:00,367.81512,367.81512,372.992,False,False,False,372.992,5.17688000000004,False,False,7.864110103397371,-2.687230103397331,True,high_bin_residual_mad
2023-11-16 13:23:00,387.0452,387.0452,393.671,False,False,False,393.671,6.62579999999997,False,False,8.359640596590907,-1.7338405965909374,True,high_bin_residual_mad
2023-11-16 16:24:00,384.62683,384.62683,390.47,False,False,False,390.47,5.843170000000043,False,False,8.257118094332487,-2.4139480943324436,True,high_bin_residual_mad
2023-11-16 16:27:00,382.18353,382.18353,392.132,False,False,False,392.132,9.948469999999986,False,False,8.297562494481255,1.650907505518731,True,high_bin_residual_mad
2023-11-16 16:43:00,367.31628,367.31628,377.619,False,False,False,377.619,10.302720000000022,False,False,7.904604867669981,2.398115132330041,True,high_bin_residual_mad
2023-11-17 04:04:00,370.46863,370.46863,375.553,False,False,False,375.553,5.0843699999999785,False,False,7.839202819548876,-2.7548328195488976,True,high_bin_residual_mad
2023-11-17 04:12:00,375.17236,375.17236,385.496,False,False,False,385.496,10.323639999999955,False,False,8.22056418562329,2.1030758143766644,True,high_bin_residual_mad
2023-11-17 04:53:00,373.06458,373.06458,383.432,False,False,False,383.432,10.367420000000038,False,False,8.036814272727282,2.330605727272756,True,high_bin_residual_mad
2023-11-17 05:31:00,353.3681,353.3681,357.848,False,False,False,357.848,4.4798999999999864,False,False,7.498279425352127,-3.0183794253521405,True,high_bin_residual_mad
2023-11-17 05:40:00,364.5428,364.5428,374.631,False,False,False,374.631,10.088199999999972,False,False,7.822738672792243,2.2654613272077286,True,high_bin_residual_mad
2023-11-17 05:41:00,364.0923,364.0923,374.7,False,False,False,374.7,10.607699999999966,False,False,7.820854997447678,2.7868450025522877,True,high_bin_residual_mad
2023-11-17 05:51:00,369.44296,369.44296,374.586,False,False,False,374.586,5.143039999999985,False,False,7.823967156712611,-2.6809271567126256,True,high_bin_residual_mad
2023-11-17 06:00:00,378.19687,378.19687,388.369,False,False,False,388.369,10.172130000000038,False,False,8.251881250774032,1.9202487492260065,True,high_bin_residual_mad
2023-11-17 06:05:00,378.69257,378.69257,390.309,False,False,False,390.309,11.616430000000037,False,False,8.258977953594565,3.357452046405472,True,high_bin_residual_mad
2023-11-17 06:08:00,381.4853,381.4853,387.361,False,False,False,387.361,5.875699999999995,False,False,8.165037213622293,-2.2893372136222983,True,high_bin_residual_mad
2023-11-17 06:12:00,378.11957,378.11957,388.547,False,False,False,388.547,10.427430000000015,False,False,8.267216804953604,2.1602131950464116,True,high_bin_residual_mad
2023-11-17 06:13:00,376.47153,376.47153,386.566,False,False,False,386.566,10.094470000000001,False,False,8.16445490445859,1.9300150955414104,True,high_bin_residual_mad
2023-11-17 06:15:00,379.50925,379.50925,389.685,False,False,False,389.685,10.175749999999994,False,False,8.266186352225224,1.9095636477747693,True,high_bin_residual_mad
2023-11-17 06:16:00,374.4641,374.4641,384.817,False,False,False,384.817,10.352900000000034,False,False,8.247774954545452,2.1051250454545816,True,high_bin_residual_mad
2023-11-17 06:27:00,372.6217,372.6217,382.974,False,False,False,382.974,10.352300000000014,False,False,8.034561934156386,2.3177380658436277,True,high_bin_residual_mad
2023-11-17 06:56:00,352.878,352.878,364.458,False,False,False,364.458,11.580000000000041,False,False,7.522274538401848,4.057725461598193,True,high_bin_residual_mad
2023-11-17 08:54:00,348.5862,348.5862,352.871,False,False,False,352.871,4.2847999999999615,False,False,7.433300700555316,-3.1485007005553545,True,high_bin_residual_mad
2023-11-17 08:59:00,357.0963,357.0963,360.386,False,False,False,360.386,3.289700000000039,False,False,7.529675021876523,-4.239975021876484,True,high_bin_residual_mad
2023-11-17 09:08:00,373.04047,373.04047,376.144,False,False,False,376.144,3.103529999999978,False,False,7.866542124060166,-4.763012124060188,True,high_bin_residual_mad
2023-11-17 09:10:00,366.56763,366.56763,371.272,False,False,False,371.272,4.704369999999983,False,False,7.749926154603629,-3.045556154603646,True,high_bin_residual_mad
2023-11-17 09:15:00,379.45544,379.45544,385.632,False,False,False,385.632,6.176559999999995,False,False,8.213432538671514,-2.0368725386715187,True,high_bin_residual_mad
2023-11-17 09:24:00,369.26166,369.26166,373.767,False,False,False,373.767,4.50533999999999,False,False,7.846325564063315,-3.3409855640633257,True,high_bin_residual_mad
2023-11-17 09:27:00,366.8651,366.8651,370.858,False,False,False,370.858,3.99290000000002,False,False,7.724929452054774,-3.7320294520547543,True,high_bin_residual_mad
2023-11-17 09:34:00,372.68036,372.68036,377.568,False,False,False,377.568,4.887639999999976,False,False,7.905298541774808,-3.017658541774832,True,high_bin_residual_mad
2023-11-17 13:15:00,81.761246,81.761246,81.276,False,False,False,81.276,-0.4852460000000036,True,False,0.8003797564687947,-1.2856257564687983,True,high_bin_residual_mad
2023-11-17 18:18:00,380.07556,380.07556,392.257,False,False,False,392.257,12.18144000000001,False,False,8.30507939569538,3.8763606043046295,True,high_bin_residual_mad
2023-11-18 05:37:00,374.2295,374.2295,380.105,False,False,False,380.105,5.875500000000045,False,False,8.023998564463723,-2.1484985644636776,True,high_bin_residual_mad
2023-11-18 06:18:00,373.53595,373.53595,384.106,False,False,False,384.106,10.57004999999998,False,False,8.13947672727273,2.4305732727272513,True,high_bin_residual_mad
2023-11-18 06:30:00,374.55713,374.55713,384.898,False,False,False,384.898,10.340870000000052,False,False,8.251922456778885,2.088947543221167,True,high_bin_residual_mad
2023-11-18 06:45:00,371.70087,371.70087,377.086,False,False,False,377.086,5.385130000000004,False,False,7.910118477443643,-2.524988477443639,True,high_bin_residual_mad
2023-11-18 07:08:00,356.5166,356.5166,355.931,False,False,False,355.931,-0.5855999999999995,True,False,7.404661583078951,-7.990261583078951,True,high_bin_residual_mad
2023-11-18 07:12:00,341.96692,341.96692,355.743,False,False,False,355.743,13.776079999999979,False,False,7.397293262102067,6.378786737897912,True,high_bin_residual_mad
2023-11-18 08:00:00,241.12637,241.12637,255.278,False,False,False,255.278,14.151629999999983,False,False,4.010459907072786,10.141170092927197,True,high_bin_residual_mad
2023-11-18 08:06:00,215.07037,215.07037,224.415,False,False,False,224.415,9.344629999999995,False,False,3.1740285282051204,6.170601471794875,True,high_bin_residual_mad
2023-11-18 09:00:00,194.02414,194.02414,188.769,False,False,False,188.769,-5.255139999999983,True,False,2.430749014222661,-7.685889014222644,True,high_bin_residual_mad
2023-11-18 10:08:00,134.33524,134.33524,132.843,False,False,False,132.843,-1.4922400000000096,True,False,1.3848758543833626,-2.877115854383372,True,high_bin_residual_mad
2023-11-18 12:08:00,258.38287,258.38287,255.053,False,False,False,255.053,-3.329870000000028,True,False,4.025878853897771,-7.355748853897799,True,high_bin_residual_mad
2023-11-18 15:04:00,123.40701,123.40701,118.755,False,False,False,118.755,-4.652010000000004,True,False,1.2129005468750023,-5.864910546875007,True,high_bin_residual_mad
2023-11-20 08:49:00,56.025047,56.025047,58.803,False,False,False,58.803,2.7779529999999966,False,False,0.791530719364601,1.9864222806353955,True,high_bin_residual_mad
2023-11-21 22:08:00,176.9275,176.9275,174.981,False,False,False,174.981,-1.9465000000000146,True,False,2.1191816347123846,-4.0656816347124,True,high_bin_residual_mad
2023-11-22 00:26:00,183.27844,183.27844,180.716,False,False,False,180.716,-2.562439999999981,True,False,2.2140136166365316,-4.776453616636513,True,high_bin_residual_mad
2023-11-22 01:50:00,226.37172,226.37172,223.194,False,False,False,223.194,-3.177720000000022,True,False,3.2496240820512807,-6.427344082051302,True,high_bin_residual_mad
2023-11-23 00:08:00,64.12393,64.12393,66.601,False,False,False,66.601,2.4770699999999977,False,False,0.7889283703890846,1.688141629610913,True,high_bin_residual_mad
2023-11-23 00:13:00,62.823753,62.823753,65.318,False,False,False,65.318,2.4942469999999943,False,False,0.800011182415359,1.6942358175846355,True,high_bin_residual_mad
2023-11-23 00:14:00,58.075165,58.075165,61.062,False,False,False,61.062,2.9868349999999992,False,False,0.8010104315853677,2.1858245684146316,True,high_bin_residual_mad
2023-11-23 00:58:00,86.22502,86.22502,89.284,False,False,False,89.284,3.0589800000000054,False,False,0.9537834434191375,2.105196556580868,True,high_bin_residual_mad
2023-11-23 00:59:00,79.11369,79.11369,81.854,False,False,False,81.854,2.740309999999994,False,False,0.8080444654654653,1.9322655345345285,True,high_bin_residual_mad
2023-11-23 06:09:00,35.047337,35.047337,37.899,False,False,False,37.899,2.851663000000002,False,False,0.8731714128256518,1.9784915871743503,True,high_bin_residual_mad
2023-11-23 12:59:00,152.10065,152.10065,150.304,False,False,False,150.304,-1.7966499999999996,True,False,1.6337765364784775,-3.4304265364784774,True,high_bin_residual_mad
2023-11-23 13:51:00,354.76767,354.76767,358.661,False,False,False,358.661,3.8933299999999917,False,False,7.554149701408466,-3.6608197014084745,True,high_bin_residual_mad
2023-11-23 13:52:00,360.7797,360.7797,364.752,False,False,False,364.752,3.9723000000000184,False,False,7.520890069821553,-3.5485900698215342,True,high_bin_residual_mad
2023-11-23 14:45:00,385.57825,385.57825,391.63,False,False,False,391.63,6.05174999999997,False,False,8.267374619205329,-2.215624619205359,True,high_bin_residual_mad
2023-11-23 21:03:00,377.0481,377.0481,387.867,False,False,False,387.867,10.818900000000042,False,False,8.208631541795686,2.610268458204356,True,high_bin_residual_mad
2023-11-23 21:09:00,377.01944,377.01944,387.965,False,False,False,387.965,10.94556,False,False,8.217074712074323,2.728485287925677,True,high_bin_residual_mad
2023-11-23 22:03:00,381.89795,381.89795,388.149,False,False,False,388.149,6.251050000000021,False,False,8.232927195046468,-1.9818771950464473,True,high_bin_residual_mad
2023-11-23 23:03:00,380.57153,380.57153,392.922,False,False,False,392.922,12.35047000000003,False,False,8.345069310154525,4.005400689845505,True,high_bin_residual_mad
2023-11-23 23:22:00,373.226,373.226,378.818,False,False,False,378.818,5.5919999999999845,False,False,7.8882967254800365,-2.296296725480052,True,high_bin_residual_mad
2023-11-23 23:31:00,374.13928,374.13928,378.868,False,False,False,378.868,4.72872000000001,False,False,7.887616652828245,-3.1588966528282354,True,high_bin_residual_mad
2023-11-23 23:33:00,368.0775,368.0775,378.578,False,False,False,378.578,10.500499999999988,False,False,7.891561074208632,2.608938925791356,True,high_bin_residual_mad
2023-11-23 23:39:00,369.56573,369.56573,379.689,False,False,False,379.689,10.123270000000048,False,False,7.969699972914428,2.1535700270856193,True,high_bin_residual_mad
2023-11-23 23:44:00,365.97726,365.97726,375.912,False,False,False,375.912,9.934739999999977,False,False,7.8558099436090325,2.078930056390944,True,high_bin_residual_mad
2023-11-23 23:47:00,372.31934,372.31934,376.28,False,False,False,376.28,3.9606599999999617,False,False,7.872833402255655,-3.9121734022556938,True,high_bin_residual_mad
2023-11-23 23:48:00,370.95148,370.95148,376.37,False,False,False,376.37,5.418520000000001,False,False,7.8769967481203205,-2.4584767481203196,True,high_bin_residual_mad
2023-11-23 23:49:00,368.48578,368.48578,378.511,False,False,False,378.511,10.025220000000047,False,False,7.8924723715620315,2.1327476284380156,True,high_bin_residual_mad
2023-11-24 00:14:00,366.36194,366.36194,376.448,False,False,False,376.448,10.086059999999975,False,False,7.880604981203027,2.2054550187969477,True,high_bin_residual_mad
2023-11-24 00:15:00,371.74728,371.74728,376.338,False,False,False,376.338,4.590720000000033,False,False,7.875516447368441,-3.284796447368408,True,high_bin_residual_mad
2023-11-24 00:17:00,368.88934,368.88934,379.355,False,False,False,379.355,10.465660000000014,False,False,7.926104469122445,2.5395555308775686,True,high_bin_residual_mad
2023-11-24 00:19:00,366.71576,366.71576,377.09,False,False,False,377.09,10.374239999999986,False,False,7.910303515037626,2.4639364849623604,True,high_bin_residual_mad
2023-11-24 00:26:00,369.48404,369.48404,381.426,False,False,False,381.426,11.941959999999995,False,False,8.102565637860092,3.8393943621399025,True,high_bin_residual_mad
2023-11-24 00:28:00,374.9487,374.9487,386.434,False,False,False,386.434,11.485300000000052,False,False,8.171376797088252,3.3139232029118,True,high_bin_residual_mad
2023-11-24 00:36:00,376.85962,376.85962,387.075,False,False,False,387.075,10.215379999999982,False,False,8.140396941176462,2.07498305882352,True,high_bin_residual_mad
2023-11-24 00:37:00,366.06348,366.06348,375.946,False,False,False,375.946,9.88252,False,False,7.857382763157907,2.0251372368420926,True,high_bin_residual_mad
2023-11-24 00:41:00,367.1043,367.1043,371.92,False,False,False,371.92,4.8156999999999925,False,False,7.792944293451504,-2.9772442934515118,True,high_bin_residual_mad
2023-11-24 00:45:00,364.87836,364.87836,367.923,False,False,False,367.923,3.0446400000000153,False,False,7.6029180019540785,-4.558278001954063,True,high_bin_residual_mad
2023-11-24 00:49:00,361.9767,361.9767,365.703,False,False,False,365.703,3.7262999999999806,False,False,7.540472515400407,-3.8141725154004265,True,high_bin_residual_mad
2023-11-24 01:09:00,353.7426,353.7426,365.053,False,False,False,365.053,11.310400000000016,False,False,7.522540790554401,3.7878592094456147,True,high_bin_residual_mad
2023-11-24 01:26:00,347.89337,347.89337,352.436,False,False,False,352.436,4.542629999999974,False,False,7.428480580948301,-2.8858505809483272,True,high_bin_residual_mad
2023-11-24 01:29:00,356.45767,356.45767,359.244,False,False,False,359.244,2.786330000000021,False,False,7.568781720952859,-4.782451720952838,True,high_bin_residual_mad
2023-11-24 01:40:00,360.99585,360.99585,364.394,False,False,False,364.394,3.398149999999987,False,False,7.522575919317287,-4.1244259193173,True,high_bin_residual_mad
2023-11-24 01:44:00,363.49756,363.49756,373.746,False,False,False,373.746,10.24843999999996,False,False,7.846898856559488,2.401541143440472,True,high_bin_residual_mad
2023-11-24 01:57:00,364.33112,364.33112,366.793,False,False,False,366.793,2.461880000000008,False,False,7.570542638603712,-5.108662638603704,True,high_bin_residual_mad
2023-11-24 01:58:00,369.96893,369.96893,375.736,False,False,False,375.736,5.76706999999999,False,False,7.847668289473691,-2.080598289473701,True,high_bin_residual_mad
2023-11-24 02:03:00,360.77533,360.77533,372.701,False,False,False,372.701,11.925670000000025,False,False,7.844791772525872,4.0808782274741535,True,high_bin_residual_mad
2023-11-24 02:21:00,353.28497,353.28497,364.864,False,False,False,364.864,11.579029999999989,False,False,7.520362653219536,4.058667346780453,True,high_bin_residual_mad
2023-11-24 02:27:00,356.43982,356.43982,370.801,False,False,False,370.801,14.36117999999999,False,False,7.722165342465733,6.639014657534258,True,high_bin_residual_mad
2023-11-24 02:29:00,366.41306,366.41306,371.466,False,False,False,371.466,5.052940000000035,False,False,7.762805041851296,-2.709865041851261,True,high_bin_residual_mad
2023-11-24 02:33:00,369.59653,369.59653,380.236,False,False,False,380.236,10.639470000000017,False,False,8.041097399783329,2.5983726002166883,True,high_bin_residual_mad
2023-11-24 02:35:00,365.03265,365.03265,374.895,False,False,False,374.895,9.862349999999992,False,False,7.815531567126082,2.04681843287391,True,high_bin_residual_mad
2023-11-24 02:41:00,369.44556,369.44556,374.616,False,False,False,374.616,5.170439999999985,False,False,7.8231481674323655,-2.6527081674323805,True,high_bin_residual_mad
2023-11-24 02:57:00,342.51135,342.51135,353.818,False,False,False,353.818,11.30664999999999,False,False,7.416227299498759,3.8904227005012313,True,high_bin_residual_mad
2023-11-24 02:59:00,348.4724,348.4724,350.129,False,False,False,350.129,1.6566000000000258,False,False,7.303440427995942,-5.646840427995916,True,high_bin_residual_mad
2023-11-24 09:33:00,280.0588,280.0588,295.747,False,False,False,295.747,15.688199999999995,False,False,5.208434330131438,10.479765669868556,True,high_bin_residual_mad
2023-11-24 12:21:00,262.34344,262.34344,258.79,False,False,False,258.79,-3.5534399999999664,True,False,4.050831979949876,-7.604271979949843,True,high_bin_residual_mad
2023-11-24 14:45:00,234.46985,234.46985,245.269,False,False,False,245.269,10.799149999999997,False,False,3.6786036007924747,7.120546399207523,True,high_bin_residual_mad
2023-11-24 15:49:00,233.29639,233.29639,229.347,False,False,False,229.347,-3.949389999999994,True,False,3.2211730806410572,-7.170563080641051,True,high_bin_residual_mad
2023-11-25 13:06:00,28.383717,28.383717,31.75,False,False,False,31.75,3.3662829999999992,False,False,0.9674221327531256,2.3988608672468734,True,high_bin_residual_mad
2023-11-25 13:56:00,38.969666,38.969666,41.291,False,False,False,41.291,2.3213340000000002,False,False,0.7532592444339153,1.568074755566085,True,high_bin_residual_mad
2023-11-25 23:10:00,54.33036,54.33036,52.875,False,False,False,52.875,-1.4553599999999989,True,False,0.7894981241396883,-2.244858124139687,True,high_bin_residual_mad
2023-11-26 00:10:00,71.84665,71.84665,70.876,False,False,False,70.876,-0.970649999999992,True,False,0.8427594354430357,-1.8134094354430277,True,high_bin_residual_mad
2023-11-27 01:07:00,165.03099,165.03099,318.626,False,False,False,318.626,153.59500999999997,False,False,5.9527042430086805,147.6423057569913,True,high_bin_residual_mad
2023-11-27 19:59:00,65.736565,65.736565,64.659,False,False,False,64.659,-1.0775649999999928,True,False,0.8006237885370303,-1.878188788537023,True,high_bin_residual_mad
2023-11-27 21:17:00,132.04341,132.04341,136.606,False,False,False,136.606,4.56259,False,False,1.4344360696517522,3.128153930348248,True,high_bin_residual_mad
2023-11-29 07:04:00,71.616776,71.616776,70.503,False,False,False,70.503,-1.1137760000000014,True,False,0.8379047696202517,-1.9516807696202532,True,high_bin_residual_mad
2023-11-29 14:02:00,48.621445,48.621445,51.291,False,False,False,51.291,2.6695549999999955,False,False,0.7833837953097134,1.886171204690282,True,high_bin_residual_mad
2023-11-29 14:06:00,83.38474,83.38474,86.735,False,False,False,86.735,3.350260000000006,False,False,0.9247354807261913,2.4255245192738144,True,high_bin_residual_mad
2023-11-29 14:07:00,89.7309,89.7309,92.948,False,False,False,92.948,3.217099999999988,False,False,0.9554337095560554,2.2616662904439324,True,high_bin_residual_mad
2023-11-29 14:38:00,368.93863,368.93863,374.46,False,False,False,374.46,5.52136999999999,False,False,7.827406911689643,-2.3060369116896524,True,high_bin_residual_mad
2023-11-29 14:49:00,377.46478,377.46478,382.696,False,False,False,382.696,5.2312200000000075,False,False,8.046774485596714,-2.8155544855967065,True,high_bin_residual_mad
2023-11-29 14:58:00,386.12686,386.12686,391.135,False,False,False,391.135,5.008139999999969,False,False,8.249436066945647,-3.2412960669456776,True,high_bin_residual_mad
2023-11-29 21:10:00,383.15482,383.15482,388.627,False,False,False,388.627,5.472180000000037,False,False,8.274109188854535,-2.8019291888544977,True,high_bin_residual_mad
2023-11-29 21:24:00,375.44196,375.44196,385.947,False,False,False,385.947,10.505040000000008,False,False,8.196914385805272,2.3081256141947364,True,high_bin_residual_mad
2023-11-30 00:04:00,379.34146,379.34146,384.044,False,False,False,384.044,4.702539999999999,False,False,8.130033000000001,-3.427493000000002,True,high_bin_residual_mad
2023-11-30 00:24:00,373.6455,373.6455,378.757,False,False,False,378.757,5.111499999999978,False,False,7.889126414115221,-2.777626414115243,True,high_bin_residual_mad
2023-11-30 00:26:00,372.10028,372.10028,376.699,False,False,False,376.699,4.598720000000014,False,False,7.89221609022559,-3.2934960902255757,True,high_bin_residual_mad
2023-11-30 00:31:00,378.89764,378.89764,384.815,False,False,False,384.815,5.917359999999974,False,False,8.247470318181815,-2.3301103181818412,True,high_bin_residual_mad
2023-11-30 00:36:00,382.90942,382.90942,393.018,False,False,False,393.018,10.10857999999996,False,False,8.35084229028697,1.7577377097129911,True,high_bin_residual_mad
2023-11-30 01:10:00,348.40637,348.40637,352.918,False,False,False,352.918,4.511630000000025,False,False,7.433821495087568,-2.922191495087543,True,high_bin_residual_mad
2023-11-30 02:44:00,376.18414,376.18414,386.706,False,False,False,386.706,10.521860000000004,False,False,8.157113503184704,2.3647464968153002,True,high_bin_residual_mad
2023-11-30 02:58:00,382.0181,382.0181,392.403,False,False,False,392.403,10.384900000000016,False,False,8.313859136313479,2.0710408636865374,True,high_bin_residual_mad
2023-11-30 03:36:00,381.91455,381.91455,387.454,False,False,False,387.454,5.539449999999988,False,False,8.173049609907126,-2.6335996099071384,True,high_bin_residual_mad
2023-11-30 03:45:00,380.16873,380.16873,390.443,False,False,False,390.443,10.274270000000001,False,False,8.257429996196315,2.0168400038036864,True,high_bin_residual_mad
2023-11-30 03:46:00,379.8515,379.8515,385.815,False,False,False,385.815,5.9635000000000105,False,False,8.203836278434935,-2.240336278434924,True,high_bin_residual_mad
2023-11-30 03:49:00,381.25476,381.25476,386.8,False,False,False,386.8,5.545240000000035,False,False,8.152184276615095,-2.60694427661506,True,high_bin_residual_mad
2023-11-30 03:56:00,376.61823,376.61823,382.406,False,False,False,382.406,5.787770000000023,False,False,8.059514197530872,-2.2717441975308486,True,high_bin_residual_mad
2023-11-30 03:57:00,373.86075,373.86075,384.214,False,False,False,384.214,10.353250000000003,False,False,8.155927090909092,2.1973229090909108,True,high_bin_residual_mad
2023-11-30 04:03:00,374.96634,374.96634,380.995,False,False,False,380.995,6.028660000000002,False,False,8.121499485596718,-2.0928394855967163,True,high_bin_residual_mad
2023-11-30 04:25:00,369.96735,369.96735,381.245,False,False,False,381.245,11.277649999999994,False,False,8.110516975308652,3.167133024691342,True,high_bin_residual_mad
2023-11-30 04:29:00,369.62067,369.62067,379.644,False,False,False,379.644,10.023329999999987,False,False,7.963826327193949,2.059503672806038,True,high_bin_residual_mad
2023-11-30 04:44:00,342.12714,342.12714,352.619,False,False,False,352.619,10.491860000000031,False,False,7.430508355403667,3.061351644596364,True,high_bin_residual_mad
2023-11-30 05:04:00,366.02545,366.02545,369.962,False,False,False,369.962,3.936550000000011,False,False,7.681479589041076,-3.7449295890410648,True,high_bin_residual_mad
2023-11-30 05:11:00,352.55826,352.55826,356.124,False,False,False,356.124,3.5657400000000052,False,False,7.412225870039266,-3.8464858700392606,True,high_bin_residual_mad
2023-11-30 05:50:00,348.64597,348.64597,353.083,False,False,False,353.083,4.43703000000005,False,False,7.435649816317816,-2.998619816317766,True,high_bin_residual_mad
2023-11-30 08:15:00,221.81822,221.81822,217.305,False,False,False,217.305,-4.51321999999999,True,False,2.992833780313855,-7.506053780313845,True,high_bin_residual_mad
2023-11-30 15:01:00,335.21707,335.21707,333.761,False,False,False,333.761,-1.4560699999999542,True,False,6.3697744327731165,-7.825844432773071,True,high_bin_residual_mad
2023-11-30 17:39:00,278.96906,278.96906,275.402,False,False,False,275.402,-3.5670600000000263,True,False,4.454748643541279,-8.021808643541306,True,high_bin_residual_mad
2023-11-30 19:52:00,258.45758,258.45758,252.538,False,False,False,252.538,-5.919579999999996,True,False,3.8597165540540446,-9.77929655405404,True,high_bin_residual_mad
2023-11-30 21:36:00,343.9151,343.9151,346.898,False,False,False,346.898,2.982900000000029,False,False,7.294031374133975,-4.311131374133946,True,high_bin_residual_mad
2023-11-30 21:46:00,350.0825,350.0825,352.446,False,False,False,352.446,2.3635000000000446,False,False,7.428591388295589,-5.065091388295545,True,high_bin_residual_mad
2023-11-30 21:51:00,345.21796,345.21796,360.857,False,False,False,360.857,15.639040000000023,False,False,7.513546076810888,8.125493923189135,True,high_bin_residual_mad
2023-11-30 21:59:00,375.0037,375.0037,380.918,False,False,False,380.918,5.914300000000026,False,False,8.124882098765442,-2.210582098765416,True,high_bin_residual_mad
2023-11-30 22:16:00,378.722,378.722,384.848,False,False,False,384.848,6.126000000000033,False,False,8.252496818181816,-2.126496818181783,True,high_bin_residual_mad
2023-11-30 22:17:00,380.4934,380.4934,386.623,False,False,False,386.623,6.129599999999982,False,False,8.161465905368509,-2.0318659053685266,True,high_bin_residual_mad
2023-11-30 22:20:00,380.0062,380.0062,386.237,False,False,False,386.237,6.230800000000045,False,False,8.181707197452221,-1.9509071974521763,True,high_bin_residual_mad
2023-11-30 22:23:00,377.14877,377.14877,387.572,False,False,False,387.572,10.42322999999999,False,False,8.183215876161,2.2400141238389892,True,high_bin_residual_mad
2023-11-30 22:39:00,375.04614,375.04614,380.891,False,False,False,380.891,5.84486000000004,False,False,8.126068209876554,-2.281208209876514,True,high_bin_residual_mad
2023-11-30 22:51:00,378.37878,378.37878,388.683,False,False,False,388.683,10.304219999999987,False,False,8.277761376949455,2.026458623050532,True,high_bin_residual_mad
2023-11-30 22:58:00,377.3211,377.3211,387.43,False,False,False,387.43,10.108900000000006,False,False,8.170981894736848,1.937918105263158,True,high_bin_residual_mad
2023-11-30 23:05:00,376.86072,376.86072,386.996,False,False,False,386.996,10.135279999999966,False,False,8.141906314831656,1.9933736851683097,True,high_bin_residual_mad
2023-11-30 23:15:00,376.93994,376.93994,387.836,False,False,False,387.836,10.896060000000034,False,False,8.205960743034074,2.6900992569659596,True,high_bin_residual_mad
2023-11-30 23:18:00,375.2987,375.2987,385.748,False,False,False,385.748,10.449299999999994,False,False,8.207349663330294,2.2419503366696993,True,high_bin_residual_mad
2023-11-30 23:20:00,376.19183,376.19183,381.616,False,False,False,381.616,5.424170000000004,False,False,8.094218930041162,-2.6700489300411583,True,high_bin_residual_mad
2023-11-30 23:24:00,376.61218,376.61218,381.96,False,False,False,381.96,5.347819999999956,False,False,8.079106995884782,-2.731286995884826,True,high_bin_residual_mad
2023-11-30 23:40:00,366.2594,366.2594,376.718,False,False,False,376.718,10.45859999999999,False,False,7.893095018797019,2.565504981202971,True,high_bin_residual_mad
2023-11-30 23:46:00,368.51123,368.51123,374.163,False,False,False,374.163,5.651769999999999,False,False,7.835514905564073,-2.1837449055640743,True,high_bin_residual_mad
2023-11-30 23:53:00,368.40015,368.40015,373.777,False,False,False,373.777,5.37684999999999,False,False,7.846052567636567,-2.469202567636577,True,high_bin_residual_mad
2023-11-30 23:54:00,364.20538,364.20538,374.32,False,False,False,374.32,10.114620000000002,False,False,7.831228861664122,2.2833911383358805,True,high_bin_residual_mad
2023-12-01 00:04:00,365.5177,365.5177,370.156,False,False,False,370.156,4.638300000000015,False,False,7.6908872602739535,-3.0525872602739383,True,high_bin_residual_mad
2023-12-01 00:05:00,350.90454,350.90454,363.621,False,False,False,363.621,12.716459999999984,False,False,7.526216035686567,5.190243964313416,True,high_bin_residual_mad
2023-12-01 00:15:00,347.97382,347.97382,351.015,False,False,False,351.015,3.041179999999997,False,False,7.412734856898721,-4.371554856898724,True,high_bin_residual_mad
2023-12-01 02:56:00,355.41736,355.41736,359.529,False,False,False,359.529,4.111640000000023,False,False,7.5590221682061385,-3.447382168206116,True,high_bin_residual_mad
2023-12-01 03:46:00,348.409,348.409,359.164,False,False,False,359.164,10.754999999999995,False,False,7.571521244530887,3.1834787554691086,True,high_bin_residual_mad
2023-12-01 03:51:00,345.90756,345.90756,357.753,False,False,False,357.753,11.845439999999996,False,False,7.4917509183098705,4.353689081690126,True,high_bin_residual_mad
2023-12-01 09:02:00,361.6109,361.6109,365.429,False,False,False,365.429,3.8180999999999585,False,False,7.53291360369609,-3.7148136036961317,True,high_bin_residual_mad
2023-12-01 09:04:00,368.13547,368.13547,373.446,False,False,False,373.446,5.310530000000028,False,False,7.855088749361942,-2.5445587493619133,True,high_bin_residual_mad
2023-12-01 09:05:00,370.61722,370.61722,375.485,False,False,False,375.485,4.867780000000039,False,False,7.836057180451132,-2.968277180451093,True,high_bin_residual_mad
2023-12-01 09:12:00,373.3961,373.3961,384.497,False,False,False,384.497,11.100900000000024,False,False,8.199033136363639,2.9018668636363856,True,high_bin_residual_mad
2023-12-01 09:21:00,371.3042,371.3042,376.159,False,False,False,376.159,4.8548000000000116,False,False,7.867236015037609,-3.012436015037597,True,high_bin_residual_mad
2023-12-01 09:27:00,366.23444,366.23444,376.31,False,False,False,376.31,10.075559999999996,False,False,7.874221184210545,2.201338815789451,True,high_bin_residual_mad
2023-12-01 09:29:00,364.57562,364.57562,374.642,False,False,False,374.642,10.066379999999981,False,False,7.822438376722819,2.243941623277162,True,high_bin_residual_mad
2023-12-01 09:34:00,366.59448,366.59448,368.994,False,False,False,368.994,2.3995200000000523,False,False,7.634538219178065,-5.235018219178013,True,high_bin_residual_mad
2023-12-01 09:44:00,369.271,369.271,374.183,False,False,False,374.183,4.911999999999978,False,False,7.834968912710576,-2.9229689127105987,True,high_bin_residual_mad
2023-12-01 09:45:00,370.83344,370.83344,375.607,False,False,False,375.607,4.773560000000032,False,False,7.841700827067675,-3.0681408270676434,True,high_bin_residual_mad
2023-12-01 10:18:00,355.69336,355.69336,358.461,False,False,False,358.461,2.7676400000000285,False,False,7.540405476056354,-4.772765476056326,True,high_bin_residual_mad
2023-12-01 10:27:00,355.35965,355.35965,358.232,False,False,False,358.232,2.87235000000004,False,False,7.524668338028185,-4.652318338028145,True,high_bin_residual_mad
2023-12-01 10:33:00,358.98438,358.98438,362.392,False,False,False,362.392,3.4076200000000085,False,False,7.521891119005321,-4.114271119005313,True,high_bin_residual_mad
2023-12-01 10:59:00,355.77316,355.77316,354.469,False,False,False,354.469,-1.3041600000000244,True,False,7.386438746867183,-8.690598746867208,True,high_bin_residual_mad
2023-12-01 11:07:00,355.65356,355.65356,359.522,False,False,False,359.522,3.868439999999964,False,False,7.559261876519216,-3.6908218765192515,True,high_bin_residual_mad
2023-12-01 11:11:00,353.58386,353.58386,357.796,False,False,False,357.796,4.212139999999977,False,False,7.494705926760576,-3.282565926760599,True,high_bin_residual_mad
2023-12-01 16:23:00,197.01425,197.01425,205.805,False,False,False,205.805,8.790750000000003,False,False,2.746883633358757,6.043866366641246,True,high_bin_residual_mad
2023-12-01 17:05:00,151.18625,151.18625,147.358,False,False,False,147.358,-3.828249999999997,True,False,1.6108822063178618,-5.439132206317859,True,high_bin_residual_mad
2023-12-01 17:29:00,169.5831,169.5831,175.768,False,False,False,175.768,6.184899999999999,False,False,2.104072259036129,4.08082774096387,True,high_bin_residual_mad
2023-12-01 17:53:00,139.79364,139.79364,137.697,False,False,False,137.697,-2.096640000000008,True,False,1.4593501881037232,-3.5559901881037312,True,high_bin_residual_mad
2023-12-01 18:05:00,138.04636,138.04636,134.935,False,False,False,134.935,-3.1113599999999906,True,False,1.4274556818181712,-4.5388156818181615,True,high_bin_residual_mad
2023-12-01 18:23:00,134.46468,134.46468,132.83,False,False,False,132.83,-1.6346799999999746,True,False,1.384799103516597,-3.019479103516572,True,high_bin_residual_mad
2023-12-01 18:47:00,110.13512,110.13512,108.53,False,False,False,108.53,-1.6051199999999994,True,False,1.0933503772660342,-2.698470377266034,True,high_bin_residual_mad
2023-12-01 19:11:00,120.144455,120.144455,118.745,False,False,False,118.745,-1.399454999999989,True,False,1.2129262500000022,-2.6123812499999914,True,high_bin_residual_mad
2023-12-01 19:53:00,83.31619,83.31619,87.949,False,False,False,87.949,4.632809999999992,False,False,0.9394008606557407,3.6934091393442516,True,high_bin_residual_mad
2023-12-01 20:05:00,85.039566,85.039566,83.762,False,False,False,83.762,-1.277565999999993,True,False,0.901398684403228,-2.178964684403221,True,high_bin_residual_mad
2023-12-01 20:11:00,78.07808,78.07808,81.429,False,False,False,81.429,3.350920000000002,False,False,0.7953938660578357,2.555526133942166,True,high_bin_residual_mad
2023-12-01 20:29:00,71.24837,71.24837,69.911,False,False,False,69.911,-1.3373699999999928,True,False,0.83019977721519,-2.1675697772151827,True,high_bin_residual_mad
2023-12-01 20:35:00,76.01005,76.01005,74.432,False,False,False,74.432,-1.5780500000000046,True,False,0.837202366805793,-2.4152523668057975,True,high_bin_residual_mad
2023-12-01 20:41:00,68.862656,68.862656,71.988,False,False,False,71.988,3.1253439999999983,False,False,0.8382692212301547,2.2870747787698438,True,high_bin_residual_mad
2023-12-01 21:35:00,58.562332,58.562332,57.125,False,False,False,57.125,-1.4373319999999978,True,False,0.7939258676248142,-2.2312578676248123,True,high_bin_residual_mad
2023-12-05 18:48:00,28.070992,28.070992,31.3,False,False,False,31.3,3.2290080000000003,False,False,0.9702867319195873,2.258721268080413,True,high_bin_residual_mad
2023-12-05 19:25:00,93.67142,93.67142,96.658,False,False,False,96.658,2.9865800000000036,False,False,0.9929879647394347,1.9935920352605687,True,high_bin_residual_mad
2023-12-06 07:51:00,340.89447,340.89447,352.063,False,False,False,352.063,11.168529999999976,False,False,7.424347466894471,3.744182533105505,True,high_bin_residual_mad
2023-12-06 10:12:00,290.60608,290.60608,287.01,False,False,False,287.01,-3.596080000000029,True,False,4.9213175758348005,-8.51739757583483,True,high_bin_residual_mad
2023-12-06 10:46:00,348.72095,348.72095,352.847,False,False,False,352.847,4.126049999999964,False,False,7.433034762921825,-3.3069847629218616,True,high_bin_residual_mad
2023-12-06 10:48:00,357.406,357.406,360.376,False,False,False,360.376,2.9699999999999704,False,False,7.530017462323777,-4.560017462323807,True,high_bin_residual_mad
2023-12-06 12:27:00,362.2428,362.2428,373.362,False,False,False,373.362,11.119200000000035,False,False,7.85738191934663,3.2618180806534047,True,high_bin_residual_mad
2023-12-06 18:54:00,178.45622,178.45622,187.345,False,False,False,187.345,8.888779999999997,False,False,2.3336006473761857,6.555179352623812,True,high_bin_residual_mad
2023-12-06 18:58:00,161.41011,161.41011,167.882,False,False,False,167.882,6.471890000000002,False,False,1.9900154121446978,4.481874587855304,True,high_bin_residual_mad
2023-12-06 19:04:00,152.33328,152.33328,157.861,False,False,False,157.861,5.527719999999988,False,False,1.7797152823879185,3.748004717612069,True,high_bin_residual_mad
2023-12-06 19:07:00,144.22244,144.22244,150.491,False,False,False,150.491,6.268560000000008,False,False,1.6352237496777575,4.63333625032225,True,high_bin_residual_mad
2023-12-06 19:09:00,141.39188,141.39188,146.087,False,False,False,146.087,4.695120000000003,False,False,1.586596357466064,3.108523642533939,True,high_bin_residual_mad
2023-12-06 19:24:00,114.84248,114.84248,118.613,False,False,False,118.613,3.7705200000000048,False,False,1.213265531250002,2.5572544687500027,True,high_bin_residual_mad
2023-12-06 19:25:00,108.84891,108.84891,112.373,False,False,False,112.373,3.524090000000001,False,False,1.1526575660090974,2.3714324339909036,True,high_bin_residual_mad
2023-12-06 19:29:00,100.57899,100.57899,103.851,False,False,False,103.851,3.2720099999999945,False,False,1.067075660664471,2.204934339335524,True,high_bin_residual_mad
2023-12-06 19:38:00,78.67739,78.67739,81.138,False,False,False,81.138,2.4606100000000026,False,False,0.8048768340943651,1.6557331659056376,True,high_bin_residual_mad
2023-12-07 15:56:00,343.5192,343.5192,353.686,False,False,False,353.686,10.166799999999967,False,False,7.4222673746867285,2.744532625313238,True,high_bin_residual_mad
2023-12-07 16:44:00,348.9053,348.9053,353.698,False,False,False,353.698,4.792699999999968,False,False,7.421718276942368,-2.6290182769424,True,high_bin_residual_mad
2023-12-07 17:30:00,349.45068,349.45068,352.188,False,False,False,352.188,2.737320000000011,False,False,7.425732558735567,-4.688412558735556,True,high_bin_residual_mad
2023-12-07 17:32:00,350.72357,350.72357,352.873,False,False,False,352.873,2.1494299999999953,False,False,7.433322862024774,-5.2838928620247785,True,high_bin_residual_mad
2023-12-07 17:44:00,365.55695,365.55695,370.369,False,False,False,370.369,4.812050000000056,False,False,7.701216301369844,-2.889166301369788,True,high_bin_residual_mad
2023-12-08 04:31:00,352.18515,352.18515,356.786,False,False,False,356.786,4.60084999999998,False,False,7.438171766245106,-2.837321766245126,True,high_bin_residual_mad
2023-12-09 22:21:00,45.983887,45.983887,48.736,False,False,False,48.736,2.7521129999999943,False,False,0.7910723221945131,1.9610406778054812,True,high_bin_residual_mad
2023-12-10 01:03:00,35.52298,35.52298,38.659,False,False,False,38.659,3.136020000000002,False,False,0.861146963927857,2.274873036072145,True,high_bin_residual_mad
2023-12-10 07:11:00,370.24942,370.24942,375.756,False,False,False,375.756,5.506579999999985,False,False,7.8485934774436155,-2.34201347744363,True,high_bin_residual_mad
2023-12-10 07:15:00,375.40396,375.40396,380.609,False,False,False,380.609,5.205039999999997,False,False,8.089783396533056,-2.884743396533059,True,high_bin_residual_mad
2023-12-10 12:05:00,62.47989,62.47989,65.238,False,False,False,65.238,2.758110000000002,False,False,0.8007022385042927,1.9574077614957095,True,high_bin_residual_mad
2023-12-10 13:33:00,52.60839,52.60839,55.087,False,False,False,55.087,2.4786100000000033,False,False,0.7867311462193309,1.6918788537806724,True,high_bin_residual_mad
2023-12-10 13:35:00,47.011715,47.011715,49.621,False,False,False,49.621,2.609285,False,False,0.7870168444666001,1.8222681555333997,True,high_bin_residual_mad
2023-12-10 13:43:00,43.7281,43.7281,46.288,False,False,False,46.288,2.559899999999999,False,False,0.8123850280561118,1.7475149719438872,True,high_bin_residual_mad
2023-12-10 13:51:00,51.630806,51.630806,54.124,False,False,False,54.124,2.4931940000000026,False,False,0.7879120138648187,1.705281986135184,True,high_bin_residual_mad
2023-12-10 13:57:00,67.112045,67.112045,70.805,False,False,False,70.805,3.692955000000012,False,False,0.8418353569620233,2.851119643037989,True,high_bin_residual_mad
2023-12-10 14:00:00,66.010475,66.010475,69.778,False,False,False,69.778,3.7675250000000062,False,False,0.8284687569620258,2.9390562430379803,True,high_bin_residual_mad
2023-12-10 14:01:00,65.16531,65.16531,68.838,False,False,False,68.838,3.6726899999999887,False,False,0.8157679469069674,2.8569220530930215,True,high_bin_residual_mad
2023-12-10 14:02:00,65.29758,65.29758,68.296,False,False,False,68.296,2.99842000000001,False,False,0.8071904603019986,2.1912295396980115,True,high_bin_residual_mad
2023-12-10 14:03:00,60.3676,60.3676,63.348,False,False,False,63.348,2.980399999999996,False,False,0.7906710306202579,2.189728969379738,True,high_bin_residual_mad
2023-12-10 17:31:00,22.086615,22.086615,25.809,False,False,False,25.809,3.7223850000000027,False,False,1.0708560909090918,2.651528909090911,True,high_bin_residual_mad
2023-12-10 17:33:00,35.554234,35.554234,38.696,False,False,False,38.696,3.141765999999997,False,False,0.8605615631262538,2.281204436873743,True,high_bin_residual_mad
2023-12-10 17:34:00,41.877888,41.877888,45.675,False,False,False,45.675,3.7971119999999985,False,False,0.8198079789579148,2.977304021042084,True,high_bin_residual_mad
2023-12-10 17:35:00,49.66259,49.66259,53.13,False,False,False,53.13,3.467410000000001,False,False,0.7896398856152507,2.6777701143847503,True,high_bin_residual_mad
2023-12-10 17:36:00,53.784134,53.784134,56.866,False,False,False,56.866,3.081865999999998,False,False,0.7936075112669037,2.2882584887330943,True,high_bin_residual_mad
2023-12-10 17:38:00,73.41456,73.41456,76.51,False,False,False,76.51,3.0954400000000106,False,False,0.8486082384893973,2.2468317615106135,True,high_bin_residual_mad
2023-12-10 17:39:00,82.109344,82.109344,85.276,False,False,False,85.276,3.1666560000000032,False,False,0.9143051365332,2.2523508634668032,True,high_bin_residual_mad
2023-12-10 20:26:00,355.00543,355.00543,359.321,False,False,False,359.321,4.3155700000000365,False,False,7.566144929509008,-3.2505749295089714,True,high_bin_residual_mad
2023-12-10 20:38:00,374.76178,374.76178,380.736,False,False,False,380.736,5.9742200000000025,False,False,8.106360130010847,-2.1321401300108445,True,high_bin_residual_mad
2023-12-11 08:46:00,86.29825,86.29825,82.549,False,False,False,82.549,-3.7492499999999893,True,False,0.8627814549549628,-4.612031454954952,True,high_bin_residual_mad
2023-12-11 09:46:00,208.19574,208.19574,204.14,False,False,False,204.14,-4.055740000000014,True,False,2.6850426786606767,-6.7407826786606915,True,high_bin_residual_mad
2023-12-11 10:09:00,349.35254,349.35254,350.849,False,False,False,350.849,1.4964600000000132,False,False,7.394412029204388,-5.897952029204375,True,high_bin_residual_mad
2023-12-11 10:16:00,359.9619,359.9619,362.363,False,False,False,362.363,2.4010999999999854,False,False,7.5215640319715735,-5.120464031971588,True,high_bin_residual_mad
2023-12-11 10:22:00,373.9304,373.9304,378.884,False,False,False,378.884,4.9535999999999945,False,False,7.887399029579672,-2.933799029579678,True,high_bin_residual_mad
2023-12-11 14:22:00,380.029,380.029,384.603,False,False,False,384.603,4.574000000000012,False,False,8.215178863636364,-3.641178863636352,True,high_bin_residual_mad
2023-12-11 15:10:00,379.6685,379.6685,385.727,False,False,False,385.727,6.058499999999981,False,False,8.208450873521379,-2.149950873521398,True,high_bin_residual_mad
2023-12-11 23:11:00,377.0769,377.0769,382.845,False,False,False,382.845,5.768100000000004,False,False,8.040228909465025,-2.272128909465021,True,high_bin_residual_mad
2023-12-11 23:16:00,379.26886,379.26886,385.22,False,False,False,385.22,5.951140000000009,False,False,8.235037233848947,-2.283897233848938,True,high_bin_residual_mad
2023-12-12 01:07:00,378.59268,378.59268,384.398,False,False,False,384.398,5.8053200000000516,False,False,8.18395363636364,-2.3786336363635883,True,high_bin_residual_mad
2023-12-12 02:09:00,378.11655,378.11655,388.296,False,False,False,388.296,10.179449999999974,False,False,8.245591950464428,1.9338580495355462,True,high_bin_residual_mad
2023-12-12 03:40:00,375.59067,375.59067,381.366,False,False,False,381.366,5.775329999999997,False,False,8.105201440329228,-2.3298714403292315,True,high_bin_residual_mad
2023-12-12 03:49:00,374.9886,374.9886,380.668,False,False,False,380.668,5.679399999999987,False,False,8.097484398699907,-2.4180843986999196,True,high_bin_residual_mad
2023-12-12 06:06:00,369.89233,369.89233,375.44,False,False,False,375.44,5.547669999999982,False,False,7.833975507518799,-2.286305507518817,True,high_bin_residual_mad
2023-12-12 06:46:00,365.11368,365.11368,369.577,False,False,False,369.577,4.46332000000001,False,False,7.662809726027378,-3.199489726027368,True,high_bin_residual_mad
2023-12-12 06:50:00,363.36572,363.36572,374.768,False,False,False,374.768,11.402279999999962,False,False,7.818998621745789,3.5832813782541733,True,high_bin_residual_mad
2023-12-12 06:51:00,363.1222,363.1222,373.354,False,False,False,373.354,10.231799999999964,False,False,7.857600316488029,2.374199683511935,True,high_bin_residual_mad
2023-12-12 07:16:00,373.33545,373.33545,378.678,False,False,False,378.678,5.342550000000017,False,False,7.890200928905051,-2.5476509289050338,True,high_bin_residual_mad
2023-12-12 07:40:00,359.19446,359.19446,370.177,False,False,False,370.177,10.982540000000029,False,False,7.691905616438337,3.2906343835616916,True,high_bin_residual_mad
2023-12-12 08:10:00,292.77185,292.77185,287.277,False,False,False,287.277,-5.494849999999985,True,False,4.921070988574255,-10.41592098857424,True,high_bin_residual_mad
2023-12-12 09:48:00,360.2401,360.2401,370.517,False,False,False,370.517,10.276900000000012,False,False,7.708393287671212,2.5685067123287997,True,high_bin_residual_mad
2023-12-12 10:05:00,358.2143,358.2143,369.393,False,False,False,369.393,11.178699999999992,False,False,7.65388698630135,3.524813013698642,True,high_bin_residual_mad
2023-12-12 10:11:00,361.56485,361.56485,365.348,False,False,False,365.348,3.7831500000000347,False,False,7.530679034907589,-3.7475290349075543,True,high_bin_residual_mad
2023-12-12 10:44:00,361.4614,361.4614,371.815,False,False,False,371.815,10.353599999999972,False,False,7.785973761693746,2.567626238306226,True,high_bin_residual_mad
2023-12-12 10:46:00,354.0477,354.0477,356.907,False,False,False,356.907,2.859299999999962,False,False,7.442914143044058,-4.583614143044096,True,high_bin_residual_mad
2023-12-12 10:55:00,349.30695,349.30695,352.551,False,False,False,352.551,3.2440500000000156,False,False,7.42975486544211,-4.185704865442094,True,high_bin_residual_mad
2023-12-12 10:56:00,354.28192,354.28192,358.069,False,False,False,358.069,3.787080000000003,False,False,7.513466794366212,-3.726386794366209,True,high_bin_residual_mad
2023-12-12 11:02:00,365.42322,365.42322,375.707,False,False,False,375.707,10.283779999999979,False,False,7.8463267669173,2.437453233082679,True,high_bin_residual_mad
2023-12-12 11:04:00,371.45337,371.45337,376.564,False,False,False,376.564,5.110630000000015,False,False,7.885971071428595,-2.7753410714285804,True,high_bin_residual_mad
2023-12-12 11:06:00,369.7603,369.7603,375.133,False,False,False,375.133,5.372700000000009,False,False,7.819773872180447,-2.4470738721804377,True,high_bin_residual_mad
2023-12-12 17:01:00,145.62744,145.62744,153.426,False,False,False,153.426,7.798559999999981,False,False,1.7325506492369263,6.066009350763054,True,high_bin_residual_mad
2023-12-12 20:07:00,39.37734,39.37734,41.687,False,False,False,41.687,2.309660000000001,False,False,0.7714018034107037,1.5382581965892972,True,high_bin_residual_mad
2023-12-13 15:51:00,89.29483,89.29483,94.747,False,False,False,94.747,5.452169999999995,False,False,0.9803877679009281,4.471782232099067,True,high_bin_residual_mad
2023-12-13 23:59:00,82.75545,82.75545,81.315,False,False,False,81.315,-1.4404499999999985,True,False,0.7991088432267854,-2.239558843226784,True,high_bin_residual_mad
2023-12-14 05:00:00,38.28251,38.28251,40.8,False,False,False,40.8,2.517489999999995,False,False,0.7412442208814252,1.77624577911857,True,high_bin_residual_mad
2023-12-14 17:52:00,37.77377,37.77377,40.251,False,False,False,40.251,2.4772299999999987,False,False,0.7760240621720873,1.7012059378279114,True,high_bin_residual_mad
2023-12-15 01:13:00,95.215515,95.215515,93.769,False,False,False,93.769,-1.446514999999991,True,False,0.9662825521088743,-2.412797552108865,True,high_bin_residual_mad
2023-12-15 03:13:00,257.82724,257.82724,253.76,False,False,False,253.76,-4.067240000000027,True,False,3.923165437937928,-7.990405437937955,True,high_bin_residual_mad
2023-12-15 04:35:00,364.21344,364.21344,374.191,False,False,False,374.191,9.977559999999983,False,False,7.834750515569178,2.1428094844308045,True,high_bin_residual_mad
2023-12-15 04:37:00,360.7223,360.7223,371.254,False,False,False,371.254,10.5317,False,False,7.748731206302301,2.7829687936977,True,high_bin_residual_mad
2023-12-15 07:24:00,369.15384,369.15384,374.993,False,False,False,374.993,5.839159999999993,False,False,7.813297556390971,-1.9741375563909784,True,high_bin_residual_mad
2023-12-15 07:32:00,363.87335,363.87335,374.224,False,False,False,374.224,10.350649999999973,False,False,7.833849627360908,2.5168003726390653,True,high_bin_residual_mad
2023-12-15 10:30:00,370.83362,370.83362,382.278,False,False,False,382.278,11.444380000000024,False,False,8.065137242798361,3.379242757201663,True,high_bin_residual_mad
2023-12-15 11:18:00,350.76962,350.76962,353.215,False,False,False,353.215,2.44538,False,False,7.437112473302013,-4.9917324733020125,True,high_bin_residual_mad
2023-12-15 12:21:00,369.86697,369.86697,373.629,False,False,False,373.629,3.7620300000000384,False,False,7.8500929147524445,-4.088062914752406,True,high_bin_residual_mad
2023-12-15 12:26:00,369.87506,369.87506,375.65,False,False,False,375.65,5.774939999999958,False,False,7.8436899812030125,-2.0687499812030543,True,high_bin_residual_mad
2023-12-15 21:05:00,372.4669,372.4669,376.253,False,False,False,376.253,3.7860999999999763,False,False,7.871584398496257,-4.0854843984962805,True,high_bin_residual_mad
2023-12-16 05:48:00,368.66492,368.66492,380.707,False,False,False,380.707,12.042079999999999,False,False,8.102574891657651,3.939505108342347,True,high_bin_residual_mad
2023-12-16 09:52:00,368.31815,368.31815,380.336,False,False,False,380.336,12.01785000000001,False,False,8.054149945828836,3.9637000541711735,True,high_bin_residual_mad
2023-12-16 10:54:00,367.86743,367.86743,380.737,False,False,False,380.737,12.86957000000001,False,False,8.106490655471307,4.763079344528704,True,high_bin_residual_mad
2023-12-16 15:31:00,368.35187,368.35187,381.2,False,False,False,381.2,12.84812999999997,False,False,8.112493827160504,4.735636172839465,True,high_bin_residual_mad
2023-12-16 21:55:00,367.09363,367.09363,372.144,False,False,False,372.144,5.050369999999987,False,False,7.807814761201386,-2.7574447612013993,True,high_bin_residual_mad
2023-12-17 06:22:00,342.42868,342.42868,353.115,False,False,False,353.115,10.686320000000023,False,False,7.436004399829136,3.2503156001708877,True,high_bin_residual_mad
2023-12-17 06:38:00,347.423,347.423,357.812,False,False,False,357.812,10.38900000000001,False,False,7.495805464788746,2.893194535211264,True,high_bin_residual_mad
2023-12-17 06:45:00,341.16602,341.16602,357.82,False,False,False,357.82,16.65397999999999,False,False,7.496355233802829,9.157624766197161,True,high_bin_residual_mad
2023-12-17 11:01:00,348.64746,348.64746,353.059,False,False,False,353.059,4.411540000000002,False,False,7.435383878684325,-3.023843878684323,True,high_bin_residual_mad
2023-12-17 17:28:00,148.2333,148.2333,143.535,False,False,False,143.535,-4.6983000000000175,True,False,1.5516183012658316,-6.249918301265849,True,high_bin_residual_mad
2023-12-17 18:45:00,125.61733,125.61733,132.725,False,False,False,132.725,7.107669999999999,False,False,1.3841791926696427,5.723490807330356,True,high_bin_residual_mad
2023-12-17 19:09:00,139.40045,139.40045,143.88,False,False,False,143.88,4.479549999999989,False,False,1.5538394025316542,2.925710597468335,True,high_bin_residual_mad
2023-12-17 21:07:00,40.03422,40.03422,42.854,False,False,False,42.854,2.8197800000000015,False,False,0.824867374940785,1.9949126250592166,True,high_bin_residual_mad
2023-12-18 15:31:00,67.6932,67.6932,70.58,False,False,False,70.58,2.886799999999994,False,False,0.8389069392405047,2.047893060759489,True,high_bin_residual_mad
2023-12-19 12:18:00,359.15036,359.15036,362.145,False,False,False,362.145,2.994640000000004,False,False,7.51910523978685,-4.524465239786846,True,high_bin_residual_mad
2023-12-19 12:42:00,347.74753,347.74753,357.823,False,False,False,357.823,10.075469999999996,False,False,7.49656139718311,2.5789086028168855,True,high_bin_residual_mad
2023-12-19 13:51:00,360.42957,360.42957,362.63,False,False,False,362.63,2.200429999999983,False,False,7.5245754884546985,-5.3241454884547155,True,high_bin_residual_mad
2023-12-19 14:29:00,347.05206,347.05206,357.218,False,False,False,357.218,10.165940000000035,False,False,7.455103227213269,2.7108367727867657,True,high_bin_residual_mad
2023-12-19 14:57:00,360.561,360.561,363.373,False,False,False,363.373,2.812000000000012,False,False,7.527383886733891,-4.715383886733879,True,high_bin_residual_mad
2023-12-19 15:02:00,355.26172,355.26172,366.655,False,False,False,366.655,11.393279999999947,False,False,7.566735595482559,3.8265444045173886,True,high_bin_residual_mad
2023-12-19 15:07:00,363.47385,363.47385,367.469,False,False,False,367.469,3.995149999999967,False,False,7.589856907669768,-3.594706907669801,True,high_bin_residual_mad
2023-12-19 15:09:00,365.51703,365.51703,370.56,False,False,False,370.56,5.042970000000025,False,False,7.7104784931506645,-2.667508493150639,True,high_bin_residual_mad
2023-12-19 15:40:00,366.503,366.503,371.837,False,False,False,371.837,5.334000000000003,False,False,7.787434254062037,-2.453434254062034,True,high_bin_residual_mad
2023-12-19 15:42:00,362.97714,362.97714,373.263,False,False,False,373.263,10.285859999999957,False,False,7.8600845839714415,2.4257754160285154,True,high_bin_residual_mad
2023-12-19 15:50:00,373.81262,373.81262,377.975,False,False,False,377.975,4.1623800000000415,False,False,7.89976275038923,-3.7373827503891883,True,high_bin_residual_mad
2023-12-19 15:58:00,367.76154,367.76154,378.135,False,False,False,378.135,10.373459999999966,False,False,7.8975865179035,2.475873482096466,True,high_bin_residual_mad
2023-12-19 16:32:00,347.31897,347.31897,357.97,False,False,False,357.97,10.651030000000048,False,False,7.506663402816916,3.144366597183132,True,high_bin_residual_mad
2023-12-19 16:43:00,355.07355,355.07355,359.668,False,False,False,359.668,4.594449999999995,False,False,7.554262245989316,-2.959812245989321,True,high_bin_residual_mad
2023-12-19 20:41:00,352.9844,352.9844,357.881,False,False,False,357.881,4.896599999999978,False,False,7.500547222535222,-2.6039472225352442,True,high_bin_residual_mad
2023-12-19 22:04:00,364.55908,364.55908,374.313,False,False,False,374.313,9.753919999999994,False,False,7.831419959162846,1.9225000408371473,True,high_bin_residual_mad
2023-12-19 22:43:00,371.84793,371.84793,377.391,False,False,False,377.391,5.54307,False,False,7.907705998962148,-2.3646359989621475,True,high_bin_residual_mad
2023-12-19 23:04:00,375.72113,375.72113,386.056,False,False,False,386.056,10.334869999999967,False,False,8.191198580527747,2.14367141947222,True,high_bin_residual_mad
2023-12-20 07:13:00,375.47067,375.47067,380.442,False,False,False,380.442,4.971330000000023,False,False,8.06798564463707,-3.096655644637046,True,high_bin_residual_mad
2023-12-20 10:55:00,363.57172,363.57172,375.177,False,False,False,375.177,11.605279999999993,False,False,7.821809285714283,3.78347071428571,True,high_bin_residual_mad
2023-12-21 05:02:00,368.6401,368.6401,379.988,False,False,False,379.988,11.347899999999981,False,False,8.00872708559048,3.3391729144095006,True,high_bin_residual_mad
2023-12-21 13:48:00,368.31046,368.31046,378.223,False,False,False,378.223,9.912540000000035,False,False,7.896389590036348,2.0161504099636876,True,high_bin_residual_mad
2023-12-21 21:56:00,360.64386,360.64386,371.418,False,False,False,371.418,10.774139999999989,False,False,7.75961851304775,3.0145214869522388,True,high_bin_residual_mad
2023-12-21 22:02:00,361.31418,361.31418,371.581,False,False,False,371.581,10.266819999999996,False,False,7.770439433776459,2.4963805662235368,True,high_bin_residual_mad
2023-12-21 23:03:00,351.94666,351.94666,356.24,False,False,False,356.24,4.293340000000001,False,False,7.41677228085479,-3.1234322808547894,True,high_bin_residual_mad
2023-12-22 00:32:00,357.45636,357.45636,368.931,False,False,False,368.931,11.474639999999965,False,False,7.631917083536864,3.842722916463101,True,high_bin_residual_mad
2023-12-22 02:02:00,362.0084,362.0084,372.388,False,False,False,372.388,10.379599999999982,False,False,7.824012949286078,2.5555870507139042,True,high_bin_residual_mad
2023-12-22 08:38:00,347.66974,347.66974,358.473,False,False,False,358.473,10.803260000000023,False,False,7.541230129577481,3.262029870422542,True,high_bin_residual_mad
2023-12-22 08:55:00,344.8769,344.8769,356.108,False,False,False,356.108,11.231100000000026,False,False,7.411598778892296,3.81950122110773,True,high_bin_residual_mad
2023-12-22 09:02:00,354.47476,354.47476,359.037,False,False,False,359.037,4.562239999999974,False,False,7.575870238211005,-3.0136302382110305,True,high_bin_residual_mad
2023-12-22 09:09:00,365.71896,365.71896,376.341,False,False,False,376.341,10.622040000000027,False,False,7.8756552255639285,2.7463847744360983,True,high_bin_residual_mad
2023-12-22 09:14:00,361.25208,361.25208,371.827,False,False,False,371.827,10.57492000000002,False,False,7.786770393894632,2.788149606105388,True,high_bin_residual_mad
2023-12-22 09:40:00,359.8751,359.8751,371.065,False,False,False,371.065,11.189900000000023,False,False,7.736184249138336,3.4537157508616865,True,high_bin_residual_mad
2023-12-22 10:16:00,359.52045,359.52045,370.404,False,False,False,370.404,10.883550000000014,False,False,7.702913561643816,3.1806364383561982,True,high_bin_residual_mad
2023-12-22 10:24:00,357.33188,357.33188,360.939,False,False,False,360.939,3.607120000000009,False,False,7.510738065143411,-3.9036180651434016,True,high_bin_residual_mad
2023-12-22 13:14:00,371.3897,371.3897,382.706,False,False,False,382.706,11.316300000000012,False,False,8.04633518518519,3.2699648148148217,True,high_bin_residual_mad
2023-12-22 13:52:00,360.05475,360.05475,370.808,False,False,False,370.808,10.75324999999998,False,False,7.722504794520527,3.0307452054794526,True,high_bin_residual_mad
2023-12-22 13:56:00,362.30234,362.30234,372.609,False,False,False,372.609,10.306659999999965,False,False,7.838684258985738,2.467975741014227,True,high_bin_residual_mad
2023-12-22 14:28:00,344.89807,344.89807,356.018,False,False,False,356.018,11.119929999999954,False,False,7.408071391190594,3.7118586088093597,True,high_bin_residual_mad
2023-12-22 14:33:00,357.6587,357.6587,360.856,False,False,False,360.856,3.1972999999999843,False,False,7.513580320855614,-4.31628032085563,True,high_bin_residual_mad
2023-12-22 14:40:00,370.1607,370.1607,375.04,False,False,False,375.04,4.879300000000001,False,False,7.815471748120296,-2.9361717481202954,True,high_bin_residual_mad
2023-12-22 15:12:00,342.23758,342.23758,354.094,False,False,False,354.094,11.856420000000014,False,False,7.403598051378459,4.452821948621555,True,high_bin_residual_mad
2023-12-22 15:20:00,348.17416,348.17416,360.22,False,False,False,360.22,12.045840000000055,False,False,7.5353595333009284,4.510480466699127,True,high_bin_residual_mad
2023-12-22 15:32:00,342.80655,342.80655,356.117,False,False,False,356.117,13.310450000000003,False,False,7.411951517662467,5.898498482337536,True,high_bin_residual_mad
2023-12-22 17:37:00,183.33212,183.33212,189.994,False,False,False,189.994,6.6618799999999965,False,False,2.44787925245731,4.214000747542686,True,high_bin_residual_mad
2023-12-22 20:24:00,39.192047,39.192047,41.468,False,False,False,41.468,2.2759530000000012,False,False,0.7613684185220256,1.5145845814779757,True,high_bin_residual_mad
2023-12-23 20:27:00,68.0867,68.0867,66.447,False,False,False,66.447,-1.6396999999999906,True,False,0.7902586533602819,-2.4299586533602726,True,high_bin_residual_mad
2023-12-23 22:15:00,120.46738,120.46738,118.986,False,False,False,118.986,-1.4813800000000015,True,False,1.2123068046875025,-2.6936868046875038,True,high_bin_residual_mad
2023-12-23 22:45:00,95.019104,95.019104,98.351,False,False,False,98.351,3.3318960000000004,False,False,1.001901800878474,2.3299941991215265,True,high_bin_residual_mad
2023-12-23 23:03:00,77.7018,77.7018,80.575,False,False,False,80.575,2.873199999999997,False,False,0.8232236073059324,2.049976392694065,True,high_bin_residual_mad
2023-12-24 02:03:00,101.30689,101.30689,99.895,False,False,False,99.895,-1.4118899999999996,True,False,1.0265145325977894,-2.438404532597789,True,high_bin_residual_mad
2023-12-24 03:39:00,228.02664,228.02664,238.381,False,False,False,238.381,10.354360000000014,False,False,3.501186704110893,6.853173295889121,True,high_bin_residual_mad
2023-12-24 07:45:00,99.883965,99.883965,98.758,False,False,False,98.758,-1.1259650000000079,True,False,1.0040589604685166,-2.1300239604685247,True,high_bin_residual_mad
2023-12-25 05:22:00,69.813095,69.813095,72.995,False,False,False,72.995,3.1819050000000004,False,False,0.8324499999999944,2.349455000000006,True,high_bin_residual_mad
2023-12-25 06:04:00,78.702774,78.702774,77.1,False,False,False,77.1,-1.6027740000000108,True,False,0.8530742821843366,-2.4558482821843475,True,high_bin_residual_mad
2023-12-25 07:40:00,41.418007,41.418007,40.503,False,False,False,40.503,-0.9150070000000028,True,False,0.7600595448583406,-1.6750665448583435,True,high_bin_residual_mad
2023-12-26 17:50:00,25.112478,25.112478,28.334,False,False,False,28.334,3.221522,False,False,1.0009994487684737,2.2205225512315265,True,high_bin_residual_mad
2023-12-27 06:46:00,120.59351,120.59351,117.074,False,False,False,117.074,-3.519509999999997,True,False,1.2172212421874997,-4.7367312421874965,True,high_bin_residual_mad
2023-12-30 13:10:00,44.647476,44.647476,47.336,False,False,False,47.336,2.688524000000001,False,False,0.8012797536159602,1.8872442463840409,True,high_bin_residual_mad
2023-12-30 13:31:00,49.81846,49.81846,52.516,False,False,False,52.516,2.6975399999999965,False,False,0.7881123640071371,1.9094276359928593,True,high_bin_residual_mad
2023-12-30 13:37:00,35.55201,35.55201,38.81,False,False,False,38.81,3.2579899999999995,False,False,0.8587578957915845,2.399232104208415,True,high_bin_residual_mad
2023-12-31 05:52:00,347.5736,347.5736,351.114,False,False,False,351.114,3.540399999999977,False,False,7.4138318496368685,-3.8734318496368916,True,high_bin_residual_mad
2023-12-31 09:51:00,342.2802,342.2802,352.384,False,False,False,352.384,10.103800000000035,False,False,7.427904382742406,2.6758956172576296,True,high_bin_residual_mad
2023-12-31 16:03:00,340.67023,340.67023,352.134,False,False,False,352.134,11.463770000000011,False,False,7.4251341990602135,4.038635800939797,True,high_bin_residual_mad
2024-01-02 20:39:00,113.385086,113.385086,118.748,False,False,False,118.748,5.3629140000000035,False,False,1.2129185390625021,4.149995460937501,True,high_bin_residual_mad
2024-01-02 20:45:00,118.685356,118.685356,123.42,False,False,False,123.42,4.734644000000003,False,False,1.255416145699456,3.479227854300547,True,high_bin_residual_mad
2024-01-02 20:51:00,104.469864,104.469864,108.382,False,False,False,108.382,3.912136000000004,False,False,1.0927673689367843,2.8193686310632193,True,high_bin_residual_mad
2024-01-02 21:03:00,122.9332,122.9332,120.919,False,False,False,120.919,-2.0142000000000024,True,False,1.2487409509018024,-3.262940950901805,True,high_bin_residual_mad
2024-01-02 21:21:00,114.28413,114.28413,117.939,False,False,False,117.939,3.6548699999999883,False,False,1.2149979218750009,2.4398720781249876,True,high_bin_residual_mad
2024-01-03 03:03:00,124.460045,124.460045,122.741,False,False,False,122.741,-1.7190449999999942,True,False,1.2497008276828956,-2.9687458276828895,True,high_bin_residual_mad
2024-01-03 03:33:00,90.54685,90.54685,93.641,False,False,False,93.641,3.094149999999999,False,False,0.9644364706964174,2.1297135293035816,True,high_bin_residual_mad
2024-01-03 04:21:00,145.48471,145.48471,150.463,False,False,False,150.463,4.978289999999987,False,False,1.6350070546532662,3.3432829453467208,True,high_bin_residual_mad
2024-01-03 04:39:00,161.20972,161.20972,166.958,False,False,False,166.958,5.748279999999994,False,False,1.9616435513326698,3.7866364486673243,True,high_bin_residual_mad
2024-01-03 05:15:00,182.86124,182.86124,191.038,False,False,False,191.038,8.176760000000002,False,False,2.446581477808065,5.730178522191936,True,high_bin_residual_mad
2024-01-03 09:15:00,236.76666,236.76666,248.846,False,False,False,248.846,12.079340000000002,False,False,3.678860682876364,8.400479317123638,True,high_bin_residual_mad
2024-01-04 10:40:00,82.066696,82.066696,81.363,False,False,False,81.363,-0.7036959999999937,True,False,0.7975446423135435,-1.5012406423135372,True,high_bin_residual_mad
2024-01-04 12:28:00,62.71032,62.71032,65.336,False,False,False,65.336,2.6256799999999956,False,False,0.7998556947953489,1.8258243052046468,True,high_bin_residual_mad
2024-01-04 13:16:00,38.704514,38.704514,41.1,False,False,False,41.1,2.3954859999999982,False,False,0.744508666745616,1.6509773332543822,True,high_bin_residual_mad
2024-01-04 17:22:00,58.486534,58.486534,57.487,False,False,False,57.487,-0.999533999999997,True,False,0.7934091550680816,-1.7929431550680786,True,high_bin_residual_mad
2024-01-04 18:16:00,86.850815,86.850815,85.316,False,False,False,85.316,-1.5348149999999947,True,False,0.9145910952499373,-2.449406095249932,True,high_bin_residual_mad
2024-01-06 16:00:00,45.136642,45.136642,25.113,False,False,False,25.113,-20.023642000000002,True,False,1.0886568181818193,-21.11229881818182,True,high_bin_residual_mad
2024-01-07 09:39:00,181.73926,181.73926,191.586,False,False,False,191.586,9.846740000000011,False,False,2.4420621423257995,7.404677857674212,True,high_bin_residual_mad
2024-01-07 10:00:00,168.10875,168.10875,174.398,False,False,False,174.398,6.28925000000001,False,False,2.104224243188672,4.185025756811338,True,high_bin_residual_mad
2024-01-07 10:09:00,160.29315,160.29315,157.881,False,False,False,157.881,-2.412149999999997,True,False,1.7798212521674577,-4.191971252167455,True,high_bin_residual_mad
2024-01-07 10:46:00,163.01486,163.01486,135.734,False,False,False,135.734,-27.28085999999999,True,False,1.4312907960198995,-28.71215079601989,True,high_bin_residual_mad
2024-01-07 11:51:00,184.67216,184.67216,191.859,False,False,False,191.859,7.186840000000018,False,False,2.439810721547226,4.747029278452792,True,high_bin_residual_mad
2024-01-07 13:03:00,162.75432,162.75432,160.668,False,False,False,160.668,-2.0863200000000006,True,False,1.82751817654477,-3.9138381765447705,True,high_bin_residual_mad
2024-01-07 14:51:00,175.25189,175.25189,171.721,False,False,False,171.721,-3.5308899999999994,True,False,2.0298112593703106,-5.56070125937031,True,high_bin_residual_mad
2024-01-07 15:03:00,174.33315,174.33315,181.389,False,False,False,181.389,7.055850000000021,False,False,2.2217954762496936,4.834054523750327,True,high_bin_residual_mad
2024-01-07 15:27:00,167.29346,167.29346,163.5,False,False,False,163.5,-3.7934600000000103,True,False,1.8654102919707936,-5.658870291970803,True,high_bin_residual_mad
2024-01-07 15:45:00,159.30191,159.30191,156.565,False,False,False,156.565,-2.7369099999999946,True,False,1.7667132199463609,-4.5036232199463555,True,high_bin_residual_mad
2024-01-07 16:03:00,142.4903,142.4903,140.899,False,False,False,140.899,-1.5912999999999897,True,False,1.5252750489236813,-3.116575048923671,True,high_bin_residual_mad
2024-01-07 18:09:00,115.95683,115.95683,114.461,False,False,False,114.461,-1.495829999999998,True,False,1.1609078399999955,-2.6567378399999937,True,high_bin_residual_mad
2024-01-07 18:33:00,121.11646,121.11646,125.447,False,False,False,125.447,4.330539999999999,False,False,1.2869025075910918,3.0436374924089074,True,high_bin_residual_mad
2024-01-07 18:39:00,102.1846,102.1846,106.027,False,False,False,106.027,3.842399999999998,False,False,1.079170144063586,2.763229855936412,True,high_bin_residual_mad
2024-01-07 19:15:00,108.1936,108.1936,112.306,False,False,False,112.306,4.112399999999994,False,False,1.151359047040964,2.9610409529590296,True,high_bin_residual_mad
2024-01-08 16:10:00,51.86621,51.86621,50.278,False,False,False,50.278,-1.5882100000000037,True,False,0.7848126520438692,-2.373022652043873,True,high_bin_residual_mad
2024-01-08 16:11:00,55.858227,55.858227,54.055,False,False,False,54.055,-1.8032269999999997,True,False,0.7880319566724443,-2.591258956672444,True,high_bin_residual_mad
2024-01-09 18:47:00,56.060776,56.060776,52.516,False,False,False,52.516,-3.544775999999999,True,False,0.7881123640071371,-4.332888364007136,True,high_bin_residual_mad
2024-01-09 19:16:00,138.07748,138.07748,136.275,False,False,False,136.275,-1.8024800000000027,True,False,1.4332421641791109,-3.235722164179114,True,high_bin_residual_mad
2024-01-09 21:28:00,198.49588,198.49588,195.113,False,False,False,195.113,-3.38288,True,False,2.50269117299472,-5.8855711729947195,True,high_bin_residual_mad
2024-01-09 23:57:00,347.6621,347.6621,350.854,False,False,False,350.854,3.1918999999999755,False,False,7.395043776435002,-4.203143776435026,True,high_bin_residual_mad
2024-01-10 01:46:00,348.51917,348.51917,359.104,False,False,False,359.104,10.58483000000001,False,False,7.573575887214408,3.011254112785603,True,high_bin_residual_mad
2024-01-10 02:46:00,347.70734,347.70734,358.274,False,False,False,358.274,10.566660000000013,False,False,7.527554625352127,3.039105374647886,True,high_bin_residual_mad
2024-01-10 05:02:00,349.09097,349.09097,352.968,False,False,False,352.968,3.8770299999999907,False,False,7.434375531824007,-3.5573455318240166,True,high_bin_residual_mad
2024-01-10 05:10:00,348.2112,348.2112,359.527,False,False,False,359.527,11.315799999999967,False,False,7.559090656295589,3.7567093437043786,True,high_bin_residual_mad
2024-01-10 06:47:00,275.62726,275.62726,288.818,False,False,False,288.818,13.190740000000005,False,False,4.9184682066567635,8.272271793343242,True,high_bin_residual_mad
2024-01-10 07:54:00,355.1801,355.1801,359.396,False,False,False,359.396,4.215900000000033,False,False,7.563576626154608,-3.3476766261545743,True,high_bin_residual_mad
2024-01-10 11:03:00,352.55054,352.55054,355.529,False,False,False,355.529,2.978459999999984,False,False,7.388905918011356,-4.410445918011372,True,high_bin_residual_mad
2024-01-10 12:16:00,347.19672,347.19672,350.592,False,False,False,350.592,3.395279999999957,False,False,7.361940221550816,-3.9666602215508586,True,high_bin_residual_mad
2024-01-11 10:53:00,106.53183,106.53183,110.454,False,False,False,110.454,3.922169999999994,False,False,1.1174759794871731,2.8046940205128212,True,high_bin_residual_mad
2024-01-11 11:17:00,85.82782,85.82782,84.67,False,False,False,84.67,-1.157820000000001,True,False,0.9094219736392487,-2.0672419736392498,True,high_bin_residual_mad
2024-01-13 21:40:00,348.28265,348.28265,352.89,False,False,False,352.89,4.607349999999997,False,False,7.433511234515163,-2.8261612345151663,True,high_bin_residual_mad
2024-01-14 00:12:00,362.61285,362.61285,372.988,False,False,False,372.988,10.37515000000002,False,False,7.863844559330407,2.511305440669612,True,high_bin_residual_mad
2024-01-14 00:15:00,366.45102,366.45102,371.162,False,False,False,371.162,4.7109799999999495,False,False,7.742623692762168,-3.031643692762218,True,high_bin_residual_mad
2024-01-14 00:17:00,370.4677,370.4677,375.828,False,False,False,375.828,5.360299999999995,False,False,7.851924154135347,-2.4916241541353514,True,high_bin_residual_mad
2024-01-14 01:03:00,372.72803,372.72803,383.61,False,False,False,383.61,10.881970000000024,False,False,8.063926909090917,2.818043090909107,True,high_bin_residual_mad
2024-01-14 11:29:00,68.65674,68.65674,71.353,False,False,False,71.353,2.696259999999995,False,False,0.841938740079362,1.8543212599206331,True,high_bin_residual_mad
2024-01-14 16:21:00,348.8066,348.8066,360.651,False,False,False,360.651,11.844400000000007,False,False,7.520600350024308,4.323799649975699,True,high_bin_residual_mad
2024-01-15 03:09:00,345.44122,345.44122,358.821,False,False,False,358.821,13.37978000000004,False,False,7.565145081690159,5.81463491830988,True,high_bin_residual_mad
2024-01-15 03:35:00,342.96936,342.96936,355.015,False,False,False,355.015,12.045639999999992,False,False,7.368760614914978,4.676879385085014,True,high_bin_residual_mad
2024-01-15 04:31:00,349.76138,349.76138,352.709,False,False,False,352.709,2.947620000000029,False,False,7.431505621529256,-4.483885621529227,True,high_bin_residual_mad
2024-01-15 05:54:00,350.12253,350.12253,353.747,False,False,False,353.747,3.6244700000000307,False,False,7.41947612781956,-3.795006127819529,True,high_bin_residual_mad
2024-01-15 09:19:00,213.63614,213.63614,210.274,False,False,False,210.274,-3.362140000000011,True,False,2.788722005542964,-6.150862005542974,True,high_bin_residual_mad
2024-01-15 11:55:00,148.21272,148.21272,145.867,False,False,False,145.867,-2.34572,True,False,1.5814016365007564,-3.9271216365007566,True,high_bin_residual_mad
2024-01-15 12:01:00,165.26602,165.26602,175.739,False,False,False,175.739,10.472980000000007,False,False,2.1046770080321124,8.368302991967894,True,high_bin_residual_mad
2024-01-15 12:07:00,138.21323,138.21323,143.236,False,False,False,143.236,5.02276999999998,False,False,1.5496933468354517,3.4730766531645285,True,high_bin_residual_mad
2024-01-15 12:13:00,153.56491,153.56491,149.844,False,False,False,149.844,-3.7209100000000035,True,False,1.6302165467904093,-5.351126546790413,True,high_bin_residual_mad
2024-01-15 12:49:00,160.33482,160.33482,156.471,False,False,False,156.471,-3.863820000000004,True,False,1.764854995123147,-5.628674995123151,True,high_bin_residual_mad
2024-01-15 14:07:00,60.64334,60.64334,63.759,False,False,False,63.759,3.1156599999999983,False,False,0.793791231614761,2.3218687683852375,True,high_bin_residual_mad
2024-01-15 14:31:00,65.48825,65.48825,64.146,False,False,False,64.146,-1.3422499999999928,True,False,0.7967292310913368,-2.1389792310913296,True,high_bin_residual_mad
2024-01-15 14:49:00,53.5104,53.5104,52.315,False,False,False,52.315,-1.1953999999999994,True,False,0.7873364927351517,-1.982736492735151,True,high_bin_residual_mad
2024-01-15 15:13:00,52.14541,52.14541,54.585,False,False,False,54.585,2.4395900000000026,False,False,0.7871106568457552,1.6524793431542473,True,high_bin_residual_mad
2024-01-15 17:01:00,53.380516,53.380516,55.829,False,False,False,55.829,2.4484840000000005,False,False,0.7895991972959464,1.6588848027040541,True,high_bin_residual_mad
2024-01-15 21:07:00,80.4352,80.4352,84.288,False,False,False,84.288,3.852800000000002,False,False,0.9060465369782796,2.9467534630217225,True,high_bin_residual_mad
2024-01-15 23:16:00,64.20627,64.20627,62.832,False,False,False,62.832,-1.3742700000000028,True,False,0.7899323901219533,-2.164202390121956,True,high_bin_residual_mad
2024-01-16 08:06:00,80.99213,80.99213,79.728,False,False,False,79.728,-1.2641300000000086,True,False,0.8508252359208482,-2.1149552359208568,True,high_bin_residual_mad
2024-01-16 10:54:00,45.0067,45.0067,48.334,False,False,False,48.334,3.327300000000001,False,False,0.7940033132169572,2.5332966867830438,True,high_bin_residual_mad
2024-01-17 06:59:00,349.49408,349.49408,353.896,False,False,False,353.896,4.401920000000018,False,False,7.412658164160413,-3.0107381641603945,True,high_bin_residual_mad
2024-01-17 07:04:00,349.93616,349.93616,353.088,False,False,False,353.088,3.1518400000000497,False,False,7.435705219991459,-4.28386521999141,True,high_bin_residual_mad
2024-01-17 10:14:00,349.52643,349.52643,352.837,False,False,False,352.837,3.3105699999999842,False,False,7.432923955574538,-4.122353955574554,True,high_bin_residual_mad
2024-01-17 10:47:00,360.6211,360.6211,364.296,False,False,False,364.296,3.6748999999999796,False,False,7.5230374088440515,-3.848137408844072,True,high_bin_residual_mad
2024-01-18 15:01:00,367.08453,367.08453,372.49,False,False,False,372.49,5.405470000000037,False,False,7.830784322993615,-2.4253143229935787,True,high_bin_residual_mad
2024-01-18 16:32:00,365.25842,365.25842,376.483,False,False,False,376.483,11.224580000000003,False,False,7.8822240601503974,3.3423559398496057,True,high_bin_residual_mad
2024-01-18 16:34:00,370.67438,370.67438,375.656,False,False,False,375.656,4.981620000000021,False,False,7.843967537593991,-2.86234753759397,True,high_bin_residual_mad
2024-01-18 17:48:00,348.35944,348.35944,360.028,False,False,False,360.028,11.668560000000014,False,False,7.541934389888194,4.1266256101118195,True,high_bin_residual_mad
2024-01-18 17:57:00,349.89352,349.89352,351.864,False,False,False,351.864,1.9704799999999523,False,False,7.4221424006834456,-5.451662400683493,True,high_bin_residual_mad
2024-01-18 23:57:00,353.5127,353.5127,365.76,False,False,False,365.76,12.247299999999996,False,False,7.542044989733057,4.705255010266939,True,high_bin_residual_mad
2024-01-19 00:21:00,353.16095,353.16095,355.032,False,False,False,355.032,1.8710499999999683,False,False,7.369426899258633,-5.498376899258664,True,high_bin_residual_mad
2024-01-19 05:39:00,315.77176,315.77176,312.079,False,False,False,312.079,-3.6927599999999643,True,False,5.6546033039092265,-9.34736330390919,True,high_bin_residual_mad
2024-01-19 06:21:00,247.21754,247.21754,244.437,False,False,False,244.437,-2.780540000000002,True,False,3.6375402458605177,-6.418080245860519,True,high_bin_residual_mad
2024-01-20 07:16:00,343.23004,343.23004,355.94,False,False,False,355.94,12.709960000000024,False,False,7.405014321849122,5.304945678150902,True,high_bin_residual_mad
2024-01-20 07:53:00,366.85754,366.85754,377.238,False,False,False,377.238,10.380460000000028,False,False,7.909787021276628,2.4706729787233996,True,high_bin_residual_mad
2024-01-20 08:03:00,364.87488,364.87488,374.631,False,False,False,374.631,9.756119999999953,False,False,7.822738672792243,1.9333813272077096,True,high_bin_residual_mad
2024-01-20 08:47:00,368.8626,368.8626,379.826,False,False,False,379.826,10.963400000000036,False,False,7.987581960996769,2.9758180390032667,True,high_bin_residual_mad
2024-01-21 04:34:00,358.01633,358.01633,370.092,False,False,False,370.092,12.075670000000002,False,False,7.687783698630117,4.3878863013698854,True,high_bin_residual_mad
2024-01-21 04:46:00,362.04242,362.04242,372.362,False,False,False,372.362,10.31958000000003,False,False,7.822286912850827,2.4972930871492034,True,high_bin_residual_mad
2024-01-21 05:34:00,347.972,347.972,350.96,False,False,False,350.96,2.9879999999999995,False,False,7.408436817724024,-4.420436817724024,True,high_bin_residual_mad
2024-01-21 05:40:00,347.59894,347.59894,358.327,False,False,False,358.327,10.72805999999997,False,False,7.531196845070437,3.1968631549295337,True,high_bin_residual_mad
2024-01-21 11:10:00,353.1009,353.1009,364.523,False,False,False,364.523,11.4221,False,False,7.521968448409606,3.9001315515903947,True,high_bin_residual_mad
2024-01-22 10:56:00,352.68784,352.68784,357.52,False,False,False,357.52,4.832159999999988,False,False,7.475738895774659,-2.643578895774671,True,high_bin_residual_mad
2024-01-22 11:19:00,286.43246,286.43246,328.389,False,False,False,328.389,41.95654000000002,False,False,6.114795744525535,35.84174425547448,True,high_bin_residual_mad
2024-01-22 11:22:00,253.17819,253.17819,293.161,False,False,False,293.161,39.98281,False,False,4.997820464656441,34.98498953534356,True,high_bin_residual_mad
2024-01-22 11:23:00,223.98529,223.98529,253.071,False,False,False,253.071,29.085710000000006,False,False,3.865178053053045,25.220531946946963,True,high_bin_residual_mad
2024-01-22 11:24:00,172.58408,172.58408,203.826,False,False,False,203.826,31.241919999999993,False,False,2.6709283708146,28.570991629185393,True,high_bin_residual_mad
2024-01-22 11:25:00,130.64963,130.64963,164.288,False,False,False,164.288,33.63837000000001,False,False,1.8897980291970784,31.74857197080293,True,high_bin_residual_mad
2024-01-22 11:26:00,90.24057,90.24057,117.966,False,False,False,117.966,27.72542999999999,False,False,1.214928523437501,26.51050147656249,True,high_bin_residual_mad
2024-01-22 11:27:00,80.96976,80.96976,87.686,False,False,False,87.686,6.716240000000013,False,False,0.9358492827868888,5.780390717213124,True,high_bin_residual_mad
2024-01-22 13:34:00,120.706955,120.706955,109.438,False,False,False,109.438,-11.268954999999991,True,False,1.1016680615384502,-12.370623061538442,True,high_bin_residual_mad
2024-01-22 13:35:00,161.34827,161.34827,138.227,False,False,False,138.227,-23.12127000000001,True,False,1.4771686426029569,-24.598438642602968,True,high_bin_residual_mad
2024-01-22 13:36:00,201.2356,201.2356,188.607,False,False,False,188.607,-12.628600000000006,True,False,2.4196970230505195,-15.048297023050525,True,high_bin_residual_mad
2024-01-22 13:37:00,244.45496,244.45496,219.581,False,False,False,219.581,-24.87396000000001,True,False,3.0353483500263607,-27.90930835002637,True,high_bin_residual_mad
2024-01-22 13:38:00,285.1079,285.1079,273.194,False,False,False,273.194,-11.913899999999956,True,False,4.43906314257525,-16.352963142575206,True,high_bin_residual_mad
2024-01-22 13:39:00,320.3968,320.3968,316.554,False,False,False,316.554,-3.842800000000011,True,False,5.900784339387897,-9.743584339387908,True,high_bin_residual_mad
2024-01-22 13:40:00,353.41382,353.41382,341.223,False,False,False,341.223,-12.190819999999974,True,False,6.735502562547388,-18.926322562547362,True,high_bin_residual_mad
2024-01-24 03:10:00,351.24707,351.24707,412.06840600000004,False,False,False,412.06840600000004,60.82133600000003,False,False,8.614859999999993,52.20647600000004,True,high_bin_residual_mad
2024-01-24 18:42:00,215.21619,215.21619,211.69,False,False,False,211.69,-3.526190000000014,True,False,2.8071052386721607,-6.333295238672175,True,high_bin_residual_mad
2024-01-24 18:48:00,203.42981,203.42981,213.576,False,False,False,213.576,10.14618999999999,False,False,2.8547715613382834,7.291418438661706,True,high_bin_residual_mad
2024-01-24 21:01:00,172.82785,172.82785,170.323,False,False,False,170.323,-2.5048500000000047,True,False,2.014280372093026,-4.519130372093031,True,high_bin_residual_mad
2024-01-31 23:27:00,208.5011,208.5011,200.535,False,False,False,200.535,-7.9661000000000115,True,False,2.628319156159066,-10.594419156159077,True,high_bin_residual_mad
2024-02-01 00:33:00,382.09222,382.09222,388.524,False,False,False,388.524,6.431780000000003,False,False,8.265235244582085,-1.8334552445820815,True,high_bin_residual_mad
2024-02-01 00:34:00,382.2494,382.2494,388.282,False,False,False,388.282,6.032600000000002,False,False,8.244385783281764,-2.211785783281762,True,high_bin_residual_mad
2024-02-01 03:09:00,250.55106,250.55106,264.001,False,False,False,264.001,13.44993999999997,False,False,4.179141598579064,9.270798401420905,True,high_bin_residual_mad
2024-02-01 03:14:00,82.6678,82.6678,81.514,False,False,False,81.514,-1.153800000000004,True,False,0.7926239269406365,-1.9464239269406405,True,high_bin_residual_mad
2024-02-01 06:57:00,319.49643,319.49643,315.805,False,False,False,315.805,-3.6914299999999685,True,False,5.81847820353321,-9.509908203533179,True,high_bin_residual_mad
2024-02-02 01:49:00,384.81287,384.81287,395.177,False,False,False,395.177,10.364130000000046,False,False,8.368115137674828,1.996014862325218,True,high_bin_residual_mad
2024-02-02 05:39:00,371.78058,371.78058,383.402,False,False,False,383.402,11.62142,False,False,8.032244727272733,3.5891752727272674,True,high_bin_residual_mad
2024-02-02 05:51:00,358.10965,358.10965,369.05,False,False,False,369.05,10.940350000000024,False,False,7.637253835616421,3.3030961643836028,True,high_bin_residual_mad
2024-02-02 07:23:00,349.5722,349.5722,353.635,False,False,False,353.635,4.0627999999999815,False,False,7.424601040100262,-3.3618010401002802,True,high_bin_residual_mad
2024-02-02 07:46:00,365.25427,365.25427,375.244,False,False,False,375.244,9.989730000000009,False,False,7.824908665413534,2.164821334586475,True,high_bin_residual_mad
2024-02-02 08:00:00,369.6015,369.6015,380.021,False,False,False,380.021,10.419500000000028,False,False,8.0130344257855,2.4064655742145273,True,high_bin_residual_mad
2024-02-03 03:42:00,349.14905,349.14905,359.906,False,False,False,359.906,10.756950000000018,False,False,7.546112163344685,3.2108378366553323,True,high_bin_residual_mad
2024-02-03 03:53:00,355.2344,355.2344,359.626,False,False,False,359.626,4.391599999999983,False,False,7.555700495867781,-3.1641004958677987,True,high_bin_residual_mad
2024-02-03 04:27:00,348.72287,348.72287,353.089,False,False,False,353.089,4.366129999999998,False,False,7.435716300726188,-3.06958630072619,True,high_bin_residual_mad
2024-02-03 14:10:00,367.01538,367.01538,371.842,False,False,False,371.842,4.826619999999991,False,False,7.78776618414574,-2.9611461841457487,True,high_bin_residual_mad
2024-02-03 14:55:00,367.66656,367.66656,372.664,False,False,False,372.664,4.997439999999983,False,False,7.8423354899064694,-2.844895489906486,True,high_bin_residual_mad
2024-02-03 15:03:00,364.8859,364.8859,375.35,False,False,False,375.35,10.46410000000003,False,False,7.829812161654137,2.6342878383458936,True,high_bin_residual_mad
2024-02-03 18:49:00,374.43732,374.43732,380.471,False,False,False,380.471,6.033680000000004,False,False,8.071770882990265,-2.038090882990261,True,high_bin_residual_mad
2024-02-03 22:57:00,364.96777,364.96777,368.87,False,False,False,368.87,3.9022300000000314,False,False,7.630162178798225,-3.727932178798193,True,high_bin_residual_mad
2024-02-04 00:05:00,344.2326,344.2326,346.525,False,False,False,346.525,2.2923999999999864,False,False,7.20307565434951,-4.910675654349523,True,high_bin_residual_mad
2024-02-04 00:22:00,362.52582,362.52582,372.631,False,False,False,372.631,10.105179999999962,False,False,7.84014475135403,2.2650352486459315,True,high_bin_residual_mad
2024-02-04 02:27:00,348.28943,348.28943,352.811,False,False,False,352.811,4.521569999999997,False,False,7.43263585647159,-2.911065856471593,True,high_bin_residual_mad
2024-02-04 05:07:00,344.01645,344.01645,346.966,False,False,False,346.966,2.949549999999988,False,False,7.306675749086487,-4.357125749086499,True,high_bin_residual_mad
2024-02-04 05:10:00,353.84024,353.84024,365.002,False,False,False,365.002,11.161760000000015,False,False,7.521133839835714,3.6406261601643015,True,high_bin_residual_mad
2024-02-04 06:49:00,277.76282,277.76282,291.055,False,False,False,291.055,13.29218000000003,False,False,4.991096034816282,8.301083965183748,True,high_bin_residual_mad
2024-02-04 10:47:00,153.1397,153.1397,151.091,False,False,False,151.091,-2.0486999999999966,True,False,1.6449548054081469,-3.6936548054081433,True,high_bin_residual_mad
2024-02-04 10:48:00,153.1397,153.1397,149.503,False,False,False,149.503,-3.636700000000019,True,False,1.6275775109564283,-5.264277510956447,True,high_bin_residual_mad
2024-02-04 12:20:00,163.7626,163.7626,160.289,False,False,False,160.289,-3.4736000000000047,True,False,1.8179939495586415,-5.291593949558646,True,high_bin_residual_mad
2024-02-04 12:21:00,195.03497,195.03497,191.845,False,False,False,191.845,-3.189969999999988,True,False,2.4399261790230504,-5.629896179023039,True,high_bin_residual_mad
2024-02-04 12:42:00,273.4722,273.4722,270.709,False,False,False,270.709,-2.7631999999999834,True,False,4.431054220484339,-7.194254220484322,True,high_bin_residual_mad
2024-02-04 12:52:00,347.6187,347.6187,351.177,False,False,False,351.177,3.558300000000031,False,False,7.414529935924782,-3.856229935924751,True,high_bin_residual_mad
2024-02-04 13:38:00,136.33931,136.33931,141.613,False,False,False,141.613,5.273689999999988,False,False,1.5331027780524016,3.740587221947586,True,high_bin_residual_mad
2024-02-04 15:34:00,177.40024,177.40024,174.491,False,False,False,174.491,-2.9092399999999827,True,False,2.106610242179591,-5.015850242179574,True,high_bin_residual_mad
2024-02-04 16:06:00,70.690796,70.690796,73.997,False,False,False,73.997,3.306203999999994,False,False,0.835763758900071,2.470440241099923,True,high_bin_residual_mad
2024-02-04 16:54:00,112.10073,112.10073,115.652,False,False,False,115.652,3.5512700000000024,False,False,1.1791137718422346,2.3721562281577677,True,high_bin_residual_mad
2024-02-04 17:36:00,209.2909,209.2909,206.5,False,False,False,206.5,-2.7908999999999935,True,False,2.7669826163234057,-5.557882616323399,True,high_bin_residual_mad
2024-02-05 11:00:00,310.50592,310.50592,307.381,False,False,False,307.381,-3.1249200000000315,True,False,5.489248441940223,-8.614168441940254,True,high_bin_residual_mad
2024-02-05 17:56:00,364.65234,364.65234,374.411,False,False,False,374.411,9.75866000000002,False,False,7.82874459418071,1.92991540581931,True,high_bin_residual_mad
2024-02-05 18:25:00,359.7632,359.7632,371.77,False,False,False,371.77,12.006799999999998,False,False,7.782986390940421,4.223813609059578,True,high_bin_residual_mad
2024-02-05 19:30:00,334.41937,334.41937,332.728,False,False,False,332.728,-1.6913700000000063,True,False,6.310498536585351,-8.001868536585357,True,high_bin_residual_mad
2024-02-05 19:38:00,332.19843,332.19843,346.004,False,False,False,346.004,13.805570000000046,False,False,7.076030265588931,6.729539734411115,True,high_bin_residual_mad
2024-02-05 23:17:00,185.37247,185.37247,192.47,False,False,False,192.47,7.097530000000006,False,False,2.4347718274237513,4.662758172576255,True,high_bin_residual_mad
2024-02-06 00:25:00,152.26425,152.26425,149.587,False,False,False,149.587,-2.677250000000015,True,False,1.6282275960299017,-4.305477596029917,True,high_bin_residual_mad
2024-02-06 03:00:00,120.825554,120.825554,124.686,False,False,False,124.686,3.8604460000000103,False,False,1.272766228250122,2.5876797717498885,True,high_bin_residual_mad
2024-02-06 07:19:00,149.4482,149.4482,155.616,False,False,False,155.616,6.1678,False,False,1.7479530565715722,4.4198469434284275,True,high_bin_residual_mad
2024-02-06 08:45:00,104.20329,104.20329,107.686,False,False,False,107.686,3.4827100000000115,False,False,1.0900256540911224,2.392684345908889,True,high_bin_residual_mad
2024-02-06 15:38:00,129.08075,129.08075,134.486,False,False,False,134.486,5.405249999999995,False,False,1.4177613636363562,3.987488636363639,True,high_bin_residual_mad
2024-02-06 18:32:00,148.06741,148.06741,145.8,False,False,False,145.8,-2.267409999999984,True,False,1.5798196078431406,-3.8472296078431247,True,high_bin_residual_mad
2024-02-06 23:01:00,159.04445,159.04445,155.711,False,False,False,155.711,-3.333449999999999,True,False,1.7498310497439693,-5.083281049743968,True,high_bin_residual_mad
2024-02-06 23:19:00,166.05804,166.05804,173.16,False,False,False,173.16,7.101959999999991,False,False,2.0724622351160202,5.0294977648839705,True,high_bin_residual_mad
2024-02-06 23:55:00,217.62524,217.62524,212.365,False,False,False,212.365,-5.260239999999982,True,False,2.8316764162830155,-8.091916416282997,True,high_bin_residual_mad
2024-02-07 00:37:00,256.58148,256.58148,252.597,False,False,False,252.597,-3.9844799999999907,True,False,3.8598091291291197,-7.844289129129111,True,high_bin_residual_mad
2024-02-07 01:25:00,189.79755,189.79755,197.839,False,False,False,197.839,8.041449999999998,False,False,2.5612888403989977,5.480161159601,True,high_bin_residual_mad
2024-02-07 06:55:00,204.4967,204.4967,214.176,False,False,False,214.176,9.679299999999984,False,False,2.852964869888462,6.826335130111522,True,high_bin_residual_mad
2024-02-07 12:13:00,189.19022,189.19022,184.903,False,False,False,184.903,-4.287220000000019,True,False,2.355221415233413,-6.642441415233432,True,high_bin_residual_mad
2024-02-07 13:37:00,249.6729,249.6729,261.349,False,False,False,261.349,11.676099999999991,False,False,4.09234737531487,7.583752624685121,True,high_bin_residual_mad
2024-02-07 14:16:00,139.4914,139.4914,177.328,False,False,False,177.328,37.836600000000004,False,False,2.0892426510818227,35.74735734891818,True,high_bin_residual_mad
2024-02-07 14:17:00,115.083595,115.083595,146.236,False,False,False,146.236,31.152404999999987,False,False,1.5901146003016589,29.562290399698327,True,high_bin_residual_mad
2024-02-07 14:18:00,77.45919,77.45919,99.339,False,False,False,99.339,21.879809999999992,False,False,1.013031672016043,20.866778327983948,True,high_bin_residual_mad
2024-02-21 01:24:00,155.078,155.078,162.27,False,False,False,162.27,7.192000000000007,False,False,1.8452694330400707,5.346730566959937,True,high_bin_residual_mad
2024-02-21 01:25:00,125.392105,125.392105,132.369,False,False,False,132.369,6.976894999999999,False,False,1.3820773997028268,5.594817600297172,True,high_bin_residual_mad
2024-02-21 01:27:00,98.62813,98.62813,104.122,False,False,False,104.122,5.493870000000001,False,False,1.0678547770732976,4.426015222926703,True,high_bin_residual_mad
2024-02-21 01:30:00,126.79909,126.79909,131.225,False,False,False,131.225,4.425909999999988,False,False,1.3753233234274411,3.0505866765725465,True,high_bin_residual_mad
2024-02-21 16:19:00,345.4799,345.4799,357.147,False,False,False,357.147,11.667100000000005,False,False,7.452320510248593,4.214779489751412,True,high_bin_residual_mad
2024-02-22 09:56:00,342.28235,342.28235,353.217,False,False,False,353.217,10.934649999999976,False,False,7.43713463477147,3.497515365228506,True,high_bin_residual_mad
2024-02-22 12:01:00,340.76013,340.76013,352.197,False,False,False,352.197,11.436869999999999,False,False,7.425832285348126,4.011037714651873,True,high_bin_residual_mad
2024-02-22 16:41:00,341.92438,341.92438,352.186,False,False,False,352.186,10.261619999999994,False,False,7.425710397266109,2.835909602733884,True,high_bin_residual_mad
2024-02-23 12:21:00,177.63065,177.63065,174.475,False,False,False,174.475,-3.1556500000000085,True,False,2.1061997477295398,-5.261849747729548,True,high_bin_residual_mad
2024-02-23 17:56:00,212.3523,212.3523,208.693,False,False,False,208.693,-3.6593000000000018,True,False,2.7989743918918983,-6.4582743918919,True,high_bin_residual_mad
2024-02-24 09:10:00,161.85275,161.85275,167.606,False,False,False,167.606,5.753250000000008,False,False,1.981380962532294,3.7718690374677144,True,high_bin_residual_mad
2024-02-24 11:34:00,123.47928,123.47928,121.572,False,False,False,121.572,-1.90728,True,False,1.2505012187101698,-3.15778121871017,True,high_bin_residual_mad
2024-02-24 12:04:00,121.51088,121.51088,125.256,False,False,False,125.256,3.74512,False,False,1.2826515976720632,2.4624684023279366,True,high_bin_residual_mad
2024-02-24 12:22:00,130.51692,130.51692,128.092,False,False,False,128.092,-2.424919999999986,True,False,1.3324791564685374,-3.7573991564685234,True,high_bin_residual_mad
2024-02-24 13:46:00,179.69086,179.69086,177.597,False,False,False,177.597,-2.093859999999978,True,False,2.098195046008457,-4.192055046008435,True,high_bin_residual_mad
2024-02-24 14:10:00,228.31454,228.31454,239.609,False,False,False,239.609,11.294460000000015,False,False,3.5271124047438738,7.767347595256141,True,high_bin_residual_mad
2024-02-24 20:58:00,212.60861,212.60861,223.023,False,False,False,223.023,10.414389999999997,False,False,3.2602111743589735,7.154178825641024,True,high_bin_residual_mad
2024-02-26 01:23:00,74.84898,74.84898,73.725,False,False,False,73.725,-1.123980000000003,True,False,0.8348642155659185,-1.9588442155659216,True,high_bin_residual_mad
2024-02-26 01:53:00,78.24225,78.24225,80.993,False,False,False,80.993,2.7507499999999965,False,False,0.8096020243531171,1.9411479756468792,True,high_bin_residual_mad
2024-02-26 02:17:00,97.709915,97.709915,101.724,False,False,False,101.724,4.014085000000009,False,False,1.057667554098359,2.9564174459016495,True,high_bin_residual_mad
2024-02-26 04:05:00,155.67628,155.67628,162.863,False,False,False,162.863,7.186720000000008,False,False,1.8497444672531649,5.336975532746843,True,high_bin_residual_mad
2024-02-26 05:29:00,208.3739,208.3739,202.722,False,False,False,202.722,-5.6518999999999835,True,False,2.6349648847926326,-8.286864884792616,True,high_bin_residual_mad
2024-02-26 07:41:00,202.85359,202.85359,211.598,False,False,False,211.598,8.744410000000016,False,False,2.803756278168163,5.940653721831853,True,high_bin_residual_mad
2024-02-26 08:17:00,172.77478,172.77478,179.337,False,False,False,179.337,6.562219999999996,False,False,2.158397631103071,4.403822368896925,True,high_bin_residual_mad
2024-02-26 08:47:00,137.37921,137.37921,142.342,False,False,False,142.342,4.9627900000000125,False,False,1.5409513297083606,3.4218386702916517,True,high_bin_residual_mad
2024-02-26 09:59:00,80.46414,80.46414,78.784,False,False,False,78.784,-1.6801399999999944,True,False,0.872577390659744,-2.5527173906597387,True,high_bin_residual_mad
2024-02-26 10:23:00,105.81218,105.81218,109.369,False,False,False,109.369,3.556820000000002,False,False,1.1005944923076807,2.456225507692321,True,high_bin_residual_mad
2024-02-26 10:59:00,120.91026,120.91026,119.586,False,False,False,119.586,-1.3242599999999953,True,False,1.2229043922845706,-2.547164392284566,True,high_bin_residual_mad
2024-02-26 11:11:00,134.96652,134.96652,132.525,False,False,False,132.525,-2.441519999999997,True,False,1.382998410104016,-3.8245184101040133,True,high_bin_residual_mad
2024-02-26 13:05:00,222.7004,222.7004,232.955,False,False,False,232.955,10.25460000000001,False,False,3.396950000000004,6.857650000000007,True,high_bin_residual_mad
2024-02-26 14:05:00,169.23737,169.23737,167.024,False,False,False,167.024,-2.2133699999999976,True,False,1.9633183094767959,-4.176688309476793,True,high_bin_residual_mad
2024-02-26 17:23:00,160.1918,160.1918,166.137,False,False,False,166.137,5.9452,False,False,1.9408105750246778,4.004389424975322,True,high_bin_residual_mad
2024-02-28 14:18:00,63.0188,63.0188,66.224,False,False,False,66.224,3.205200000000005,False,False,0.7921849722081846,2.41301502779182,True,high_bin_residual_mad
2024-02-28 15:13:00,59.070114,59.070114,61.794,False,False,False,61.794,2.7238860000000003,False,False,0.7964290042682947,1.9274569957317056,True,high_bin_residual_mad
2024-02-28 22:53:00,121.167145,121.167145,126.999,False,False,False,126.999,5.83185499999999,False,False,1.3213294099650357,4.510525590034955,True,high_bin_residual_mad
2024-03-01 10:12:00,364.62268,364.62268,368.059,False,False,False,368.059,3.4363200000000234,False,False,7.606830576453344,-4.170510576453321,True,high_bin_residual_mad
2024-03-01 10:30:00,372.1665,372.1665,384.214,False,False,False,384.214,12.047500000000014,False,False,8.155927090909092,3.8915729090909217,True,high_bin_residual_mad
2024-03-01 10:48:00,375.1271,375.1271,385.82,False,False,False,385.82,10.692900000000009,False,False,8.203574085532296,2.489325914467713,True,high_bin_residual_mad
2024-03-01 11:24:00,356.78098,356.78098,368.474,False,False,False,368.474,11.69301999999999,False,False,7.618769682462129,4.074250317537861,True,high_bin_residual_mad
2024-03-01 11:28:00,349.16968,349.16968,353.892,False,False,False,353.892,4.722319999999968,False,False,7.412841196741867,-2.6905211967418987,True,high_bin_residual_mad
2024-03-01 11:36:00,349.02728,349.02728,352.885,False,False,False,352.885,3.857719999999972,False,False,7.433455830841519,-3.5757358308415466,True,high_bin_residual_mad
2024-03-01 12:36:00,243.8526,243.8526,239.018,False,False,False,239.018,-4.834599999999995,True,False,3.5019448924474155,-8.33654489244741,True,high_bin_residual_mad
2024-03-01 16:36:00,195.84503,195.84503,190.861,False,False,False,190.861,-4.984030000000018,True,False,2.447271500258647,-7.431301500258666,True,high_bin_residual_mad
2024-03-01 17:06:00,187.08208,187.08208,197.499,False,False,False,197.499,10.416920000000005,False,False,2.555849688279296,7.861070311720709,True,high_bin_residual_mad
2024-03-01 17:36:00,203.36197,203.36197,213.148,False,False,False,213.148,9.786029999999982,False,False,2.8560603345724895,6.9299696654274925,True,high_bin_residual_mad
2024-03-01 18:00:00,232.60916,232.60916,228.251,False,False,False,228.251,-4.358159999999998,True,False,3.2249642554799642,-7.583124255479962,True,high_bin_residual_mad
2024-03-01 18:12:00,244.49141,244.49141,239.814,False,False,False,239.814,-4.677410000000009,True,False,3.536635102195297,-8.214045102195307,True,high_bin_residual_mad
2024-03-01 22:06:00,157.81226,157.81226,164.821,False,False,False,164.821,7.008739999999989,False,False,1.9062937956204404,5.102446204379548,True,high_bin_residual_mad
2024-03-02 00:01:00,48.101288,48.101288,50.686,False,False,False,50.686,2.5847120000000032,False,False,0.7834438384845477,1.8012681615154555,True,high_bin_residual_mad
2024-03-03 05:19:00,79.84111,79.84111,82.578,False,False,False,82.578,2.7368900000000025,False,False,0.8650654444444523,1.8718245555555502,True,high_bin_residual_mad
2024-03-03 07:25:00,119.745674,119.745674,117.822,False,False,False,117.822,-1.9236739999999912,True,False,1.2152986484375008,-3.138972648437492,True,high_bin_residual_mad
2024-03-03 07:37:00,101.59716,101.59716,105.433,False,False,False,105.433,3.8358400000000046,False,False,1.0741626030799833,2.761677396920021,True,high_bin_residual_mad
2024-03-03 20:26:00,239.59744,239.59744,235.872,False,False,False,235.872,-3.725439999999992,True,False,3.4449300855246263,-7.170370085524619,True,high_bin_residual_mad
2024-03-04 17:43:00,350.06213,350.06213,361.374,False,False,False,361.374,11.311869999999999,False,False,7.510409236234456,3.801460763765543,True,high_bin_residual_mad
2024-03-04 18:13:00,374.48352,374.48352,378.588,False,False,False,378.588,4.104480000000024,False,False,7.891425059678274,-3.78694505967825,True,high_bin_residual_mad
2024-03-04 18:20:00,376.0595,376.0595,387.064,False,False,False,387.064,11.004500000000007,False,False,8.139449238390087,2.86505076160992,True,high_bin_residual_mad
2024-03-04 18:21:00,382.96118,382.96118,387.703,False,False,False,387.703,4.7418199999999615,False,False,8.194502154798773,-3.4526821547988114,True,high_bin_residual_mad
2024-03-04 18:25:00,385.35007,385.35007,391.297,False,False,False,391.297,5.946930000000009,False,False,8.247564655762687,-2.3006346557626784,True,high_bin_residual_mad
2024-03-04 18:35:00,378.0934,378.0934,390.479,False,False,False,390.479,12.38560000000001,False,False,8.257014127044545,4.128585872955465,True,high_bin_residual_mad
2024-03-04 18:38:00,379.78882,379.78882,386.091,False,False,False,386.091,6.302180000000021,False,False,8.189363230209274,-1.8871832302092528,True,high_bin_residual_mad
2024-03-04 18:56:00,363.4182,363.4182,375.164,False,False,False,375.164,11.745799999999974,False,False,7.821207913533831,3.924592086466143,True,high_bin_residual_mad
2024-03-04 18:58:00,367.8764,367.8764,380.004,False,False,False,380.004,12.12760000000003,False,False,8.010815492957764,4.116784507042265,True,high_bin_residual_mad
2024-03-04 19:13:00,372.9513,372.9513,384.311,False,False,False,384.311,11.359699999999975,False,False,8.170701954545452,3.1889980454545235,True,high_bin_residual_mad
2024-03-04 20:31:00,382.39688,382.39688,392.992,False,False,False,392.992,10.595120000000009,False,False,8.349278774834435,2.2458412251655737,True,high_bin_residual_mad
2024-03-04 20:32:00,383.49286,383.49286,395.539,False,False,False,395.539,12.04613999999998,False,False,8.37644016774194,3.66969983225804,True,high_bin_residual_mad
2024-03-05 01:02:00,79.32504,79.32504,81.484,False,False,False,81.484,2.1589599999999933,False,False,0.7936015525114128,1.3653584474885805,True,high_bin_residual_mad
2024-03-05 14:35:00,349.65686,349.65686,353.967,False,False,False,353.967,4.31013999999999,False,False,7.409409335839612,-3.0992693358396224,True,high_bin_residual_mad
2024-03-05 14:38:00,346.9116,346.9116,359.796,False,False,False,359.796,12.884399999999971,False,False,7.549879008264473,5.334520991735498,True,high_bin_residual_mad
2024-03-05 18:06:00,365.64816,365.64816,376.032,False,False,False,376.032,10.383839999999964,False,False,7.8613610714285835,2.5224789285713802,True,high_bin_residual_mad
2024-03-06 03:56:00,373.01538,373.01538,383.235,False,False,False,383.235,10.21962000000002,False,False,8.023096193415643,2.196523806584377,True,high_bin_residual_mad
2024-03-06 07:11:00,375.34662,375.34662,381.356,False,False,False,381.356,6.0093800000000215,False,False,8.10564074074075,-2.0962607407407283,True,high_bin_residual_mad
2024-03-06 07:14:00,372.58472,372.58472,383.362,False,False,False,383.362,10.777280000000019,False,False,8.026152000000012,2.7511280000000067,True,high_bin_residual_mad
2024-03-06 07:33:00,372.79993,372.79993,383.006,False,False,False,383.006,10.206069999999954,False,False,8.033156172839513,2.172913827160441,True,high_bin_residual_mad
2024-03-06 12:47:00,350.5136,350.5136,353.434,False,False,False,353.434,2.920400000000029,False,False,7.433798427318304,-4.513398427318275,True,high_bin_residual_mad
2024-03-06 12:48:00,352.92282,352.92282,357.234,False,False,False,357.234,4.311179999999979,False,False,7.4560846535211365,-3.1449046535211576,True,high_bin_residual_mad
2024-03-06 14:21:00,361.72018,361.72018,365.693,False,False,False,365.693,3.972819999999956,False,False,7.540196642710469,-3.5673766427105127,True,high_bin_residual_mad
2024-03-06 14:36:00,367.3734,367.3734,372.641,False,False,False,372.641,5.267600000000016,False,False,7.840808611521439,-2.573208611521423,True,high_bin_residual_mad
2024-03-06 15:43:00,349.22043,349.22043,353.17,False,False,False,353.17,3.9495699999999943,False,False,7.436613840239218,-3.487043840239224,True,high_bin_residual_mad
2024-03-06 15:52:00,349.50696,349.50696,361.171,False,False,False,361.171,11.66404,False,False,7.508119626998222,4.155920373001778,True,high_bin_residual_mad
2024-03-07 23:33:00,72.672325,72.672325,75.792,False,False,False,75.792,3.119675000000001,False,False,0.8440320563890341,2.2756429436109666,True,high_bin_residual_mad
2024-03-08 01:43:00,62.686195,62.686195,65.124,False,False,False,65.124,2.4378049999999973,False,False,0.8016869934310232,1.636118006568974,True,high_bin_residual_mad
2024-03-08 01:51:00,61.33664,61.33664,59.874,False,False,False,59.874,-1.4626400000000004,True,False,0.7957036402214039,-2.2583436402214043,True,high_bin_residual_mad
2024-03-08 01:57:00,76.831604,76.831604,74.988,False,False,False,74.988,-1.8436039999999991,True,False,0.8390411392094284,-2.6826451392094275,True,high_bin_residual_mad
2024-03-08 01:58:00,83.64229,83.64229,82.331,False,False,False,82.331,-1.3112899999999996,True,False,0.8456121546546599,-2.1569021546546594,True,high_bin_residual_mad
2024-03-08 02:03:00,98.94821,98.94821,102.545,False,False,False,102.545,3.5967899999999986,False,False,1.0621392605296331,2.5346507394703655,True,high_bin_residual_mad
2024-03-08 02:10:00,130.53395,130.53395,125.309,False,False,False,125.309,-5.224950000000007,True,False,1.2838311695344113,-6.508781169534418,True,high_bin_residual_mad
2024-03-08 02:57:00,232.83028,232.83028,247.184,False,False,False,247.184,14.35372000000001,False,False,3.7189877082255554,10.634732291774455,True,high_bin_residual_mad
2024-03-08 04:10:00,349.9606,349.9606,353.488,False,False,False,353.488,3.5274,False,False,7.431327487468682,-3.903927487468682,True,high_bin_residual_mad
2024-03-08 04:13:00,361.47858,361.47858,365.419,False,False,False,365.419,3.9404199999999605,False,False,7.532637731006152,-3.5922177310061914,True,high_bin_residual_mad
2024-03-08 04:29:00,365.55402,365.55402,375.341,False,False,False,375.341,9.786980000000028,False,False,7.829395827067669,1.9575841729323589,True,high_bin_residual_mad
2024-03-08 04:57:00,371.3402,371.3402,383.536,False,False,False,383.536,12.19580000000002,False,False,8.05265536363637,4.143144636363649,True,high_bin_residual_mad
2024-03-08 05:57:00,354.36224,354.36224,366.703,False,False,False,366.703,12.340759999999989,False,False,7.568059784394264,4.772700215605725,True,high_bin_residual_mad
2024-03-08 07:21:00,200.53232,200.53232,197.409,False,False,False,197.409,-3.1233200000000068,True,False,2.5544099127181985,-5.677729912718205,True,high_bin_residual_mad
2024-03-08 07:24:00,191.38783,191.38783,188.303,False,False,False,188.303,-3.084830000000011,True,False,2.3989574840608223,-5.483787484060834,True,high_bin_residual_mad
2024-03-08 07:52:00,117.33664,117.33664,124.566,False,False,False,124.566,7.22936,False,False,1.2711216706623811,5.958238329337618,True,high_bin_residual_mad
2024-03-08 07:57:00,95.55264,95.55264,98.669,False,False,False,98.669,3.1163600000000002,False,False,1.0035872474377703,2.11277275256223,True,high_bin_residual_mad
2024-03-08 08:11:00,97.52045,97.52045,96.367,False,False,False,96.367,-1.1534499999999923,True,False,0.9914993907181741,-2.1449493907181663,True,high_bin_residual_mad
2024-03-08 08:16:00,86.15576,86.15576,90.792,False,False,False,90.792,4.636240000000001,False,False,0.9572330208839283,3.6790069791160724,True,high_bin_residual_mad
2024-03-08 08:26:00,82.415245,82.415245,81.951,False,False,False,81.951,-0.46424500000000535,True,False,0.8156840165165169,-1.2799290165165222,True,high_bin_residual_mad
2024-03-08 09:00:00,63.8311,63.8311,66.679,False,False,False,66.679,2.8479000000000028,False,False,0.7882545907023741,2.0596454092976284,True,high_bin_residual_mad
2024-03-08 09:02:00,68.30728,68.30728,66.618,False,False,False,66.618,-1.6892800000000108,True,False,0.7887815209701862,-2.478061520970197,True,high_bin_residual_mad
2024-03-08 09:03:00,71.90538,71.90538,69.3,False,False,False,69.3,-2.6053799999999967,True,False,0.8222474962025332,-3.42762749620253,True,high_bin_residual_mad
2024-03-08 09:38:00,100.56899,100.56899,97.252,False,False,False,97.252,-3.316990000000004,True,False,0.9960769399707173,-4.313066939970722,True,high_bin_residual_mad
2024-03-08 09:45:00,116.366974,116.366974,114.718,False,False,False,114.718,-1.6489739999999955,True,False,1.1603835599999963,-2.8093575599999916,True,high_bin_residual_mad
2024-03-08 10:57:00,65.51605,65.51605,64.538,False,False,False,64.538,-0.9780500000000103,True,False,0.7997051892174807,-1.777755189217491,True,high_bin_residual_mad
2024-03-10 22:18:00,343.95328,343.95328,346.871,False,False,False,346.871,2.9177199999999743,False,False,7.287447448036966,-4.369727448036992,True,high_bin_residual_mad
2024-03-10 22:27:00,365.9383,365.9383,376.044,False,False,False,376.044,10.105699999999956,False,False,7.861916184210539,2.243783815789417,True,high_bin_residual_mad
2024-03-11 22:59:00,82.51578,82.51578,81.65,False,False,False,81.65,-0.8657800000000009,True,False,0.7919777807807789,-1.6577577807807797,True,high_bin_residual_mad
2024-03-12 01:29:00,39.805134,39.805134,42.462,False,False,False,42.462,2.656866000000001,False,False,0.8069080741354795,1.8499579258645213,True,high_bin_residual_mad
2024-03-12 01:33:00,32.32861,32.32861,35.848,False,False,False,35.848,3.5193900000000014,False,False,0.8993057748611827,2.6200842251388186,True,high_bin_residual_mad
2024-03-12 01:34:00,40.27267,40.27267,42.924,False,False,False,42.924,2.6513300000000015,False,False,0.8280743929417325,1.823255607058269,True,high_bin_residual_mad
2024-03-12 01:38:00,73.15806,73.15806,76.629,False,False,False,76.629,3.470939999999999,False,False,0.8493666864976747,2.6215733135023243,True,high_bin_residual_mad
2024-03-12 01:39:00,79.20559,79.20559,82.178,False,False,False,82.178,2.9724099999999964,False,False,0.8335621411411442,2.138847858858852,True,high_bin_residual_mad
2024-03-12 01:46:00,127.33623,127.33623,131.558,False,False,False,131.558,4.221769999999992,False,False,1.3772893263992099,2.844480673600782,True,high_bin_residual_mad
2024-03-12 02:17:00,121.46753,121.46753,125.516,False,False,False,125.516,4.048470000000009,False,False,1.2884381766194322,2.7600318233805767,True,high_bin_residual_mad
2024-03-12 10:33:00,82.53488,82.53488,81.854,False,False,False,81.854,-0.6808800000000019,True,False,0.8080444654654653,-1.4889244654654672,True,high_bin_residual_mad
2024-03-12 13:17:00,369.96234,369.96234,379.993,False,False,False,379.993,10.030660000000012,False,False,8.009379712892756,2.021280287107256,True,high_bin_residual_mad
2024-03-12 13:25:00,369.36273,369.36273,379.354,False,False,False,379.354,9.991269999999986,False,False,7.925973943661987,2.065296056337999,True,high_bin_residual_mad
2024-03-12 13:30:00,366.21387,366.21387,376.621,False,False,False,376.621,10.407129999999995,False,False,7.888607857142881,2.5185221428571145,True,high_bin_residual_mad
2024-03-12 14:23:00,351.72235,351.72235,356.135,False,False,False,356.135,4.412649999999985,False,False,7.412656995202806,-3.0000069952028205,True,high_bin_residual_mad
2024-03-13 18:18:00,114.612625,114.612625,113.461,False,False,False,113.461,-1.1516249999999957,True,False,1.1629478399999926,-2.3145728399999883,True,high_bin_residual_mad
2024-03-13 21:00:00,103.08681,103.08681,101.772,False,False,False,101.772,-1.3148099999999943,True,False,1.0579289936948282,-2.3727389936948224,True,high_bin_residual_mad
2024-03-14 08:54:00,65.36698,65.36698,68.423,False,False,False,68.423,3.0560200000000037,False,False,0.8092003141743807,2.2468196858256233,True,high_bin_residual_mad
2024-03-14 08:57:00,49.61902,49.61902,52.215,False,False,False,52.215,2.5959800000000044,False,False,0.7869504871271987,1.8090295128728058,True,high_bin_residual_mad
2024-03-14 09:00:00,39.432156,39.432156,41.99,False,False,False,41.99,2.557844000000003,False,False,0.7852836099005194,1.7725603900994835,True,high_bin_residual_mad
2024-03-14 12:20:00,16.112656,16.112656,12.827,False,False,False,12.827,-3.2856560000000012,True,False,1.9811670929945724,-5.266823092994573,True,high_bin_residual_mad
2024-03-16 10:19:00,64.688194,64.688194,67.426,False,False,False,67.426,2.737806000000006,False,False,0.7934221699951295,1.9443838300048766,True,high_bin_residual_mad
2024-03-17 04:23:00,87.12001,87.12001,85.873,False,False,False,85.873,-1.2470099999999888,True,False,0.9185730703805035,-2.1655830703804924,True,high_bin_residual_mad
2024-03-17 09:16:00,366.08463,366.08463,379.726,False,False,False,379.726,13.641369999999995,False,False,7.974529414951262,5.666840585048733,True,high_bin_residual_mad
2024-03-17 23:14:00,296.50372,296.50372,311.318,False,False,False,311.318,14.814279999999997,False,False,5.568131440100901,9.246148559899096,True,high_bin_residual_mad
2024-03-18 01:08:00,232.14297,232.14297,243.075,False,False,False,243.075,10.932029999999997,False,False,3.555369207225296,7.376660792774702,True,high_bin_residual_mad
2024-03-18 07:56:00,90.8315,90.8315,94.118,False,False,False,94.118,3.2864999999999895,False,False,0.9713160084600263,2.3151839915399632,True,high_bin_residual_mad
2024-03-18 09:37:00,57.969685,57.969685,60.561,False,False,False,60.561,2.5913150000000016,False,False,0.7990996003690055,1.792215399630996,True,high_bin_residual_mad
2024-03-18 09:38:00,53.18311,53.18311,56.171,False,False,False,56.171,2.98789,False,False,0.7909211291937934,2.1969688708062067,True,high_bin_residual_mad
2024-03-19 00:47:00,35.630688,35.630688,38.603,False,False,False,38.603,2.9723120000000023,False,False,0.862032975951905,2.110279024048097,True,high_bin_residual_mad
2024-03-19 02:23:00,44.241447,44.241447,46.771,False,False,False,46.771,2.529553,False,False,0.8065362755511022,1.7230167244488976,True,high_bin_residual_mad
2024-03-19 02:27:00,43.53943,43.53943,46.113,False,False,False,46.113,2.5735699999999966,False,False,0.8145041412825644,1.7590658587174322,True,high_bin_residual_mad
2024-03-19 02:39:00,40.961166,40.961166,43.689,False,False,False,43.689,2.7278340000000014,False,False,0.8305060234530923,1.897327976546909,True,high_bin_residual_mad
2024-03-19 02:50:00,48.265984,48.265984,51.392,False,False,False,51.392,3.126016,False,False,0.7837736609737458,2.342242339026254,True,high_bin_residual_mad
2024-03-19 02:53:00,49.221924,49.221924,51.704,False,False,False,51.704,2.4820759999999993,False,False,0.784977998470559,1.6970980015294401,True,high_bin_residual_mad
2024-03-19 11:34:00,86.42434,86.42434,85.331,False,False,False,85.331,-1.0933399999999978,True,False,0.9146983297687137,-2.0080383297687114,True,high_bin_residual_mad
2024-03-19 18:37:00,79.4323,79.4323,81.514,False,False,False,81.514,2.081699999999998,False,False,0.7926239269406365,1.2890760730593613,True,high_bin_residual_mad
2024-03-19 19:21:00,41.623222,41.623222,40.374,False,False,False,40.374,-1.249221999999996,True,False,0.7682318572927583,-2.0174538572927543,True,high_bin_residual_mad
2024-03-20 03:15:00,85.765045,85.765045,84.823,False,False,False,84.823,-0.9420450000000073,True,False,0.9107739155479614,-1.8528189155479686,True,high_bin_residual_mad
2024-03-20 03:21:00,96.549065,96.549065,95.102,False,False,False,95.102,-1.447064999999995,True,False,0.9850284417941366,-2.4320934417941316,True,high_bin_residual_mad
2024-03-20 04:31:00,79.73758,79.73758,81.791,False,False,False,81.791,2.0534200000000027,False,False,0.803082695195194,1.2503373048048085,True,high_bin_residual_mad
2024-03-20 04:33:00,78.91185,78.91185,81.172,False,False,False,81.172,2.260149999999996,False,False,0.8037688584474856,1.4563811415525103,True,high_bin_residual_mad
2024-03-20 04:34:00,75.66168,75.66168,78.459,False,False,False,78.459,2.797319999999999,False,False,0.8688134297010104,1.9285065702989888,True,high_bin_residual_mad
2024-03-20 04:39:00,79.83246,79.83246,81.852,False,False,False,81.852,2.0195400000000063,False,False,0.8078869489489491,1.2116530510510573,True,high_bin_residual_mad
2024-03-20 04:45:00,71.01828,71.01828,73.792,False,False,False,73.792,2.7737199999999973,False,False,0.8350857942548457,1.9386342057451516,True,high_bin_residual_mad
2024-03-20 05:01:00,64.03365,64.03365,66.658,False,False,False,66.658,2.624350000000007,False,False,0.7884359929257193,1.8359140070742876,True,high_bin_residual_mad
2024-03-20 05:09:00,69.92163,69.92163,73.911,False,False,False,73.911,3.989370000000008,False,False,0.8354793444635376,3.1538906555364705,True,high_bin_residual_mad
2024-03-20 05:11:00,64.76869,64.76869,67.566,False,False,False,67.566,2.797309999999996,False,False,0.7956377569410624,2.0016722430589335,True,high_bin_residual_mad
2024-03-20 05:15:00,58.56885,58.56885,61.335,False,False,False,61.335,2.766150000000003,False,False,0.799301784512197,1.9668482154878062,True,high_bin_residual_mad
2024-03-20 05:16:00,58.377365,58.377365,61.113,False,False,False,61.113,2.735635000000002,False,False,0.8006912337804897,1.9349437662195124,True,high_bin_residual_mad
2024-03-20 05:25:00,60.590904,60.590904,63.162,False,False,False,63.162,2.571095999999997,False,False,0.7892589688563222,1.781837031143675,True,high_bin_residual_mad
2024-03-20 05:31:00,59.739563,59.739563,62.561,False,False,False,62.561,2.821437000000003,False,False,0.7916285196341484,2.0298084803658547,True,high_bin_residual_mad
2024-03-20 05:33:00,60.370796,60.370796,63.182,False,False,False,63.182,2.8112040000000036,False,False,0.7894108034545949,2.0217931965454086,True,high_bin_residual_mad
2024-03-20 08:36:00,161.6151,161.6151,158.911,False,False,False,158.911,-2.704100000000011,True,False,1.785278695813729,-4.48937869581374,True,high_bin_residual_mad
2024-03-20 10:39:00,121.723724,121.723724,119.999,False,False,False,119.999,-1.724724000000009,True,False,1.2309092675350708,-2.95563326753508,True,high_bin_residual_mad
2024-03-20 13:21:00,133.81648,133.81648,132.048,False,False,False,132.048,-1.768480000000011,True,False,1.3801822436849958,-3.1486622436850067,True,high_bin_residual_mad
2024-03-23 08:15:00,88.39068,88.39068,87.281,False,False,False,87.281,-1.1096799999999973,True,False,0.9303801229508238,-2.040060122950821,True,high_bin_residual_mad
2024-03-23 18:08:00,349.23126,349.23126,353.336,False,False,False,353.336,4.1047399999999925,False,False,7.438282725563918,-3.333542725563926,True,high_bin_residual_mad
2024-03-23 18:13:00,338.8786,338.8786,350.46,False,False,False,350.46,11.581399999999974,False,False,7.3452620946625995,4.236137905337374,True,high_bin_residual_mad
2024-03-23 18:55:00,374.87122,374.87122,379.461,False,False,False,379.461,4.589780000000019,False,False,7.939940167930679,-3.3501601679306603,True,high_bin_residual_mad
2024-03-23 19:18:00,366.7827,366.7827,376.956,False,False,False,376.956,10.17330000000004,False,False,7.904104755639128,2.269195244360912,True,high_bin_residual_mad
2024-03-23 19:33:00,362.10696,362.10696,372.427,False,False,False,372.427,10.320040000000006,False,False,7.826602003938962,2.4934379960610435,True,high_bin_residual_mad
2024-03-23 20:12:00,348.55392,348.55392,352.484,False,False,False,352.484,3.9300799999999754,False,False,7.429012456215283,-3.4989324562153072,True,high_bin_residual_mad
2024-03-23 20:13:00,350.7032,350.7032,350.455,False,False,False,350.455,-0.2481999999999971,True,False,7.344630347431986,-7.592830347431983,True,high_bin_residual_mad
2024-03-23 20:19:00,359.2453,359.2453,370.207,False,False,False,370.207,10.961700000000008,False,False,7.693360410958884,3.2683395890411235,True,high_bin_residual_mad
2024-03-23 20:22:00,361.60638,361.60638,365.259,False,False,False,365.259,3.652620000000013,False,False,7.528223767967136,-3.8756037679671227,True,high_bin_residual_mad
2024-03-23 20:43:00,365.56857,365.56857,376.258,False,False,False,376.258,10.689429999999959,False,False,7.871815695488738,2.8176143045112205,True,high_bin_residual_mad
2024-03-23 20:45:00,365.98044,365.98044,376.469,False,False,False,376.469,10.488560000000007,False,False,7.881576428571449,2.6069835714285574,True,high_bin_residual_mad
2024-03-23 22:00:00,360.5581,360.5581,370.812,False,False,False,370.812,10.253899999999987,False,False,7.722698767123267,2.53120123287672,True,high_bin_residual_mad
2024-03-23 22:13:00,349.20197,349.20197,359.75,False,False,False,359.75,10.548029999999983,False,False,7.551454234321838,2.996575765678145,True,high_bin_residual_mad
2024-03-23 22:26:00,345.90897,345.90897,356.619,False,False,False,356.619,10.710030000000017,False,False,7.431626502398618,3.278403497601399,True,high_bin_residual_mad
2024-03-23 22:29:00,348.5981,348.5981,351.006,False,False,False,351.006,2.4078999999999837,False,False,7.412635130286162,-5.0047351302861784,True,high_bin_residual_mad
2024-03-23 22:30:00,348.48053,348.48053,352.218,False,False,False,352.218,3.7374700000000303,False,False,7.42606498077743,-3.6885949807774,True,high_bin_residual_mad
2024-03-24 01:11:00,346.1923,346.1923,357.67,False,False,False,357.67,11.477700000000027,False,False,7.486047064788746,3.991652935211281,True,high_bin_residual_mad
2024-03-24 02:28:00,111.465775,111.465775,115.11,False,False,False,115.11,3.644225000000006,False,False,1.1635261982026932,2.4806988017973124,True,high_bin_residual_mad
2024-03-24 02:31:00,101.72897,101.72897,107.872,False,False,False,107.872,6.143029999999996,False,False,1.0907583537481529,5.052271646251843,True,high_bin_residual_mad
2024-03-24 02:40:00,134.71213,134.71213,132.841,False,False,False,132.841,-1.8711299999999937,True,False,1.3848640465577065,-3.2559940465577,True,high_bin_residual_mad
2024-03-24 20:38:00,91.20916,91.20916,94.249,False,False,False,94.249,3.039839999999998,False,False,0.9732053574055877,2.06663464259441,True,high_bin_residual_mad
2024-03-25 03:23:00,33.172375,33.172375,36.865,False,False,False,36.865,3.6926249999999996,False,False,0.8888200479555778,2.803804952044422,True,high_bin_residual_mad
2024-03-25 05:11:00,115.67117,115.67117,120.228,False,False,False,120.228,4.556829999999991,False,False,1.2353478061122245,3.3214821938877663,True,high_bin_residual_mad
2024-03-25 05:12:00,103.25422,103.25422,106.932,False,False,False,106.932,3.6777799999999985,False,False,1.086799478390455,2.590980521609543,True,high_bin_residual_mad
2024-03-25 05:13:00,92.254524,92.254524,96.79,False,False,False,96.79,4.535476000000003,False,False,0.9936631941923778,3.541812805807625,True,high_bin_residual_mad
2024-03-25 05:14:00,79.964516,79.964516,84.432,False,False,False,84.432,4.467483999999999,False,False,0.9073189528923622,3.5601650471076365,True,high_bin_residual_mad
2024-03-25 05:15:00,70.08079,70.08079,73.72,False,False,False,73.72,3.6392100000000056,False,False,0.8348476798428642,2.8043623201571415,True,high_bin_residual_mad
2024-03-25 05:16:00,58.918957,58.918957,62.739,False,False,False,62.739,3.8200429999999983,False,False,0.7905144567073191,3.0295285432926793,True,high_bin_residual_mad
2024-03-25 05:17:00,48.16971,48.16971,52.972,False,False,False,52.972,4.802289999999999,False,False,0.7898725495794027,4.012417450420597,True,high_bin_residual_mad
2024-03-25 05:18:00,38.150234,38.150234,42.83,False,False,False,42.83,4.679766000000001,False,False,0.8237678259118887,3.855998174088112,True,high_bin_residual_mad
2024-03-25 05:19:00,29.519573,29.519573,33.834,False,False,False,33.834,4.314427000000002,False,False,0.938369636432163,3.3760573635678393,True,high_bin_residual_mad
2024-03-25 05:20:00,21.093227,21.093227,27.073,False,False,False,27.073,5.979773000000002,False,False,1.0381840403940892,4.941588959605912,True,high_bin_residual_mad
2024-03-25 05:21:00,14.317541,14.317541,19.99,False,False,False,19.99,5.672458999999998,False,False,1.395057788900282,4.277401211099717,True,high_bin_residual_mad
2024-03-25 05:52:00,71.633255,71.633255,75.416,False,False,False,75.416,3.7827449999999914,False,False,0.8416356156233844,2.941109384376607,True,high_bin_residual_mad
2024-03-25 05:53:00,57.613384,57.613384,62.013,False,False,False,62.013,4.399615999999995,False,False,0.7950583313414653,3.6045576686585292,True,high_bin_residual_mad
2024-03-25 05:54:00,43.783974,43.783974,48.068,False,False,False,48.068,4.284025999999997,False,False,0.7959427251870321,3.488083274812965,True,high_bin_residual_mad
2024-03-25 05:55:00,31.516928,31.516928,35.904,False,False,False,35.904,4.387072000000003,False,False,0.898728389702172,3.4883436102978314,True,high_bin_residual_mad
2024-03-25 05:56:00,21.697725,21.697725,26.419,False,False,False,26.419,4.721275000000002,False,False,1.0552548787878795,3.6660201212121226,True,high_bin_residual_mad
2024-03-25 05:57:00,13.973916,13.973916,19.157,False,False,False,19.157,5.183084000000001,False,False,1.4538019055370428,3.729282094462958,True,high_bin_residual_mad
2024-03-25 06:28:00,77.11701,77.11701,81.949,False,False,False,81.949,4.831990000000005,False,False,0.8155265000000007,4.016463500000004,True,high_bin_residual_mad
2024-03-25 06:29:00,77.21013,77.21013,81.133,False,False,False,81.133,3.922869999999989,False,False,0.8050397716894947,3.117830228310494,True,high_bin_residual_mad
2024-03-25 06:30:00,77.47751,77.47751,81.02,False,False,False,81.02,3.542490000000001,False,False,0.8087221613394185,2.733767838660582,True,high_bin_residual_mad
2024-03-25 06:31:00,77.62386,77.62386,80.736,False,False,False,80.736,3.112140000000011,False,False,0.8179770167427666,2.294162983257244,True,high_bin_residual_mad
2024-03-25 06:32:00,82.114075,82.114075,85.264,False,False,False,85.264,3.149924999999996,False,False,0.9142193489181788,2.235705651081817,True,high_bin_residual_mad
2024-03-25 09:44:00,51.970688,51.970688,50.795,False,False,False,50.795,-1.175688000000001,True,False,0.7830781505483564,-1.9587661505483573,True,high_bin_residual_mad
2024-03-25 12:01:00,45.04901,45.04901,47.938,False,False,False,47.938,2.8889899999999997,False,False,0.7968905581047379,2.092099441895262,True,high_bin_residual_mad
2024-03-25 12:24:00,62.72249,62.72249,65.151,False,False,False,65.151,2.4285099999999957,False,False,0.801453762001008,1.6270562379989877,True,high_bin_residual_mad
2024-03-25 12:32:00,56.903236,56.903236,59.772,False,False,False,59.772,2.8687639999999988,False,False,0.795199436531367,2.073564563468632,True,high_bin_residual_mad
2024-03-25 12:50:00,117.58675,117.58675,115.128,False,False,False,115.128,-2.458749999999995,True,False,1.1640438666999473,-3.622793866699942,True,high_bin_residual_mad
2024-03-25 14:25:00,365.5286,365.5286,370.71,False,False,False,370.71,5.1813999999999965,False,False,7.717752465753403,-2.5363524657534064,True,high_bin_residual_mad
2024-03-25 16:02:00,365.99765,365.99765,370.749,False,False,False,370.749,4.751350000000002,False,False,7.719643698630118,-2.9682936986301156,True,high_bin_residual_mad
2024-03-25 16:19:00,372.60046,372.60046,378.044,False,False,False,378.044,5.4435399999999845,False,False,7.898824250129759,-2.4552842501297745,True,high_bin_residual_mad
2024-03-25 16:20:00,366.18256,366.18256,376.44,False,False,False,376.44,10.257439999999974,False,False,7.880234906015058,2.377205093984916,True,high_bin_residual_mad
2024-03-25 16:32:00,368.11658,368.11658,378.16,False,False,False,378.16,10.043420000000026,False,False,7.897246481577604,2.1461735184224224,True,high_bin_residual_mad
2024-03-25 18:04:00,371.7468,371.7468,383.439,False,False,False,383.439,11.692200000000014,False,False,8.03788050000001,3.6543195000000033,True,high_bin_residual_mad
2024-03-25 18:38:00,361.1648,361.1648,373.42,False,False,False,373.42,12.255200000000002,False,False,7.855798540071488,4.399401459928514,True,high_bin_residual_mad
2024-03-25 19:15:00,361.49808,361.49808,364.805,False,False,False,364.805,3.306919999999991,False,False,7.5206404887509555,-4.2137204887509645,True,high_bin_residual_mad
2024-03-25 19:20:00,362.64752,362.64752,373.111,False,False,False,373.111,10.463480000000004,False,False,7.864234129658018,2.599245870341986,True,high_bin_residual_mad
2024-03-26 05:30:00,365.1682,365.1682,374.971,False,False,False,374.971,9.80279999999999,False,False,7.813456794282793,1.9893432057171978,True,high_bin_residual_mad
2024-03-26 05:43:00,357.4016,357.4016,361.057,False,False,False,361.057,3.655400000000043,False,False,7.5068338365896965,-3.8514338365896537,True,high_bin_residual_mad
2024-03-26 05:45:00,354.13947,354.13947,357.724,False,False,False,357.724,3.5845299999999725,False,False,7.489758005633814,-3.905228005633842,True,high_bin_residual_mad
2024-03-26 15:49:00,60.86264,60.86264,63.631,False,False,False,63.631,2.7683600000000013,False,False,0.7928194901858159,1.9755405098141854,True,high_bin_residual_mad
2024-03-27 10:07:00,145.98456,145.98456,151.731,False,False,False,151.731,5.746440000000007,False,False,1.675051141015926,4.071388858984081,True,high_bin_residual_mad
2024-03-27 10:21:00,105.2126,105.2126,108.775,False,False,False,108.775,3.562400000000011,False,False,1.094315492405671,2.46808450759434,True,high_bin_residual_mad
2024-03-27 11:37:00,78.048386,78.048386,80.279,False,False,False,80.279,2.2306140000000028,False,False,0.8328695129375914,1.3977444870624114,True,high_bin_residual_mad
2024-03-27 12:09:00,122.21651,122.21651,120.294,False,False,False,120.294,-1.9225100000000026,True,False,1.2366270355711424,-3.159137035571145,True,high_bin_residual_mad
2024-03-27 13:45:00,169.21057,169.21057,167.156,False,False,False,167.156,-2.054569999999984,True,False,1.96730305555555,-4.021873055555534,True,high_bin_residual_mad
2024-03-27 14:09:00,166.98999,166.98999,164.381,False,False,False,164.381,-2.6089900000000057,True,False,1.8926762773722614,-4.5016662773722675,True,high_bin_residual_mad
2024-03-27 15:33:00,355.11688,355.11688,366.635,False,False,False,366.635,11.51812000000001,False,False,7.566183850102682,3.951936149897328,True,high_bin_residual_mad
2024-03-27 17:51:00,347.8974,347.8974,358.615,False,False,False,358.615,10.717600000000004,False,False,7.550988529577481,3.1666114704225237,True,high_bin_residual_mad
2024-03-27 18:39:00,341.7312,341.7312,355.162,False,False,False,355.162,13.430799999999977,False,False,7.374522014827755,6.056277985172222,True,high_bin_residual_mad
2024-03-27 18:53:00,331.27197,331.27197,329.246,False,False,False,329.246,-2.0259700000000294,True,False,6.118092187654306,-8.144062187654335,True,high_bin_residual_mad
2024-03-27 20:23:00,348.65186,348.65186,348.765,False,False,False,348.765,0.11313999999998714,False,False,7.178694757612647,-7.06555475761266,True,high_bin_residual_mad
2024-03-27 20:28:00,358.52707,358.52707,358.97,False,False,False,358.97,0.4429300000000467,False,False,7.575384529577483,-7.132454529577436,True,high_bin_residual_mad
2024-03-27 20:52:00,348.42892,348.42892,352.201,False,False,False,352.201,3.7720800000000168,False,False,7.425876608287041,-3.653796608287024,True,high_bin_residual_mad
2024-03-27 21:12:00,353.09985,353.09985,357.574,False,False,False,357.574,4.474150000000009,False,False,7.4794498366197315,-3.0052998366197228,True,high_bin_residual_mad
2024-03-27 21:26:00,366.86334,366.86334,370.067,False,False,False,370.067,3.2036600000000135,False,False,7.686571369862994,-4.482911369862981,True,high_bin_residual_mad
2024-03-27 21:27:00,366.8648,366.8648,372.448,False,False,False,372.448,5.583199999999977,False,False,7.827996110290511,-2.244796110290534,True,high_bin_residual_mad
2024-03-27 22:51:00,354.9155,354.9155,366.195,False,False,False,366.195,11.279499999999985,False,False,7.554045451745385,3.725454548254599,True,high_bin_residual_mad
2024-03-27 23:09:00,348.94202,348.94202,351.635,False,False,False,351.635,2.6929799999999773,False,False,7.419604912430557,-4.72662491243058,True,high_bin_residual_mad
2024-03-27 23:10:00,344.34814,344.34814,346.817,False,False,False,346.817,2.4688600000000065,False,False,7.274279595842977,-4.80541959584297,True,high_bin_residual_mad
2024-03-27 23:11:00,347.70895,347.70895,351.117,False,False,False,351.117,3.408050000000003,False,False,7.413865091841056,-4.005815091841053,True,high_bin_residual_mad
2024-03-27 23:13:00,344.0266,344.0266,346.344,False,False,False,346.344,2.3174000000000206,False,False,7.158938964588158,-4.841538964588137,True,high_bin_residual_mad
2024-03-27 23:57:00,361.42853,361.42853,363.387,False,False,False,363.387,1.958469999999977,False,False,7.527317959658639,-5.568847959658662,True,high_bin_residual_mad
2024-03-28 00:04:00,361.83545,361.83545,372.533,False,False,False,372.533,10.697550000000035,False,False,7.83363892171346,2.8639110782865753,True,high_bin_residual_mad
2024-03-28 00:10:00,360.29907,360.29907,370.902,False,False,False,370.902,10.602930000000015,False,False,7.72706315068491,2.8758668493151047,True,high_bin_residual_mad
2024-03-28 00:58:00,347.73163,347.73163,358.613,False,False,False,358.613,10.881370000000004,False,False,7.550851087323959,3.3305189126760446,True,high_bin_residual_mad
2024-03-28 02:57:00,122.85568,122.85568,127.521,False,False,False,127.521,4.665319999999994,False,False,1.3266543575174858,3.3386656424825083,True,high_bin_residual_mad
2024-03-28 12:13:00,348.1137,348.1137,352.885,False,False,False,352.885,4.7712999999999965,False,False,7.433455830841519,-2.662155830841522,True,high_bin_residual_mad
2024-03-28 17:59:00,77.96091,77.96091,80.018,False,False,False,80.018,2.0570900000000023,False,False,0.8413748554033444,1.2157151445966579,True,high_bin_residual_mad
2024-03-28 18:41:00,79.870895,79.870895,81.915,False,False,False,81.915,2.044105000000002,False,False,0.8128487192192202,1.2312562807807816,True,high_bin_residual_mad
2024-03-28 20:26:00,52.82598,52.82598,51.737,False,False,False,51.737,-1.0889799999999994,True,False,0.7851053803211836,-1.874085380321183,True,high_bin_residual_mad
2024-03-28 21:51:00,66.80353,66.80353,69.642,False,False,False,69.642,2.838470000000001,False,False,0.8266986911392412,2.0117713088607596,True,high_bin_residual_mad
2024-03-28 21:53:00,50.434013,50.434013,53.103,False,False,False,53.103,2.6689870000000013,False,False,0.789686819757365,1.8793001802426363,True,high_bin_residual_mad
2024-03-29 03:22:00,373.05447,373.05447,378.806,False,False,False,378.806,5.7515300000000025,False,False,7.888459942916466,-2.1369299429164634,True,high_bin_residual_mad
2024-03-29 03:23:00,371.77814,371.77814,382.227,False,False,False,382.227,10.448859999999968,False,False,8.067377674897129,2.381482325102839,True,high_bin_residual_mad
2024-03-29 11:17:00,188.16566,188.16566,183.937,False,False,False,183.937,-4.228659999999991,True,False,2.286267528255531,-6.514927528255521,True,high_bin_residual_mad
2024-03-29 11:40:00,91.693954,91.693954,88.646,False,False,False,88.646,-3.0479540000000043,True,False,0.9488132172131166,-3.996767217213121,True,high_bin_residual_mad
2024-03-29 20:10:00,201.0956,201.0956,198.519,False,False,False,198.519,-2.576599999999985,True,False,2.5721671446384016,-5.148767144638386,True,high_bin_residual_mad
2024-03-30 15:11:00,43.45031,43.45031,46.261,False,False,False,46.261,2.810690000000001,False,False,0.8127119769539073,1.9979780230460937,True,high_bin_residual_mad
2024-03-30 15:16:00,118.708145,118.708145,123.016,False,False,False,123.016,4.3078550000000035,False,False,1.249879468487395,3.0579755315126085,True,high_bin_residual_mad
2024-03-30 15:20:00,193.91946,193.91946,191.002,False,False,False,191.002,-2.917459999999977,True,False,2.4468783684601845,-5.364338368460162,True,high_bin_residual_mad
2024-03-30 18:45:00,347.7218,347.7218,350.673,False,False,False,350.673,2.9512000000000285,False,False,7.372174526686769,-4.420974526686741,True,high_bin_residual_mad
2024-03-30 18:46:00,345.97473,345.97473,356.099,False,False,False,356.099,10.124269999999967,False,False,7.411246040122125,2.713023959877842,True,high_bin_residual_mad
2024-03-30 18:48:00,353.5849,353.5849,358.042,False,False,False,358.042,4.4570999999999685,False,False,7.511611323943674,-3.0545113239437054,True,high_bin_residual_mad
2024-03-31 01:17:00,370.61835,370.61835,376.155,False,False,False,376.155,5.536649999999952,False,False,7.867050977443623,-2.330400977443671,True,high_bin_residual_mad
2024-03-31 01:19:00,376.92773,376.92773,382.182,False,False,False,382.182,5.2542700000000195,False,False,8.069354526748977,-2.815084526748958,True,high_bin_residual_mad
2024-03-31 02:32:00,381.67828,381.67828,387.825,False,False,False,387.825,6.146720000000016,False,False,8.205013040247694,-2.058293040247678,True,high_bin_residual_mad
2024-03-31 02:35:00,385.10913,385.10913,390.871,False,False,False,390.871,5.761869999999988,False,False,8.252485774058618,-2.4906157740586305,True,high_bin_residual_mad
2024-03-31 02:39:00,382.12848,382.12848,388.395,False,False,False,388.395,6.266519999999957,False,False,8.25412127554183,-1.9876012755418735,True,high_bin_residual_mad
2024-03-31 02:40:00,382.54694,382.54694,392.714,False,False,False,392.714,10.167059999999992,False,False,8.332561186534221,1.8344988134657711,True,high_bin_residual_mad
2024-03-31 02:41:00,380.98157,380.98157,386.548,False,False,False,386.548,5.566430000000025,False,False,8.16539879890809,-2.5989687989080643,True,high_bin_residual_mad
2024-03-31 02:58:00,382.52582,382.52582,388.526,False,False,False,388.526,6.00018,False,False,8.265407554179609,-2.2652275541796083,True,high_bin_residual_mad
2024-03-31 03:39:00,364.96622,364.96622,369.112,False,False,False,369.112,4.145780000000002,False,False,7.640260410958887,-3.494480410958885,True,high_bin_residual_mad
2024-03-31 04:17:00,345.7621,345.7621,346.909,False,False,False,346.909,1.1469000000000165,False,False,7.296713714395707,-6.14981371439569,True,high_bin_residual_mad
2024-03-31 04:20:00,349.09644,349.09644,360.32,False,False,False,360.32,11.22356000000002,False,False,7.531935128828396,3.6916248711716246,True,high_bin_residual_mad
2024-03-31 04:22:00,344.76462,344.76462,356.637,False,False,False,356.637,11.872380000000021,False,False,7.432331979938958,4.440048020061063,True,high_bin_residual_mad
2024-03-31 05:03:00,358.1934,358.1934,361.758,False,False,False,361.758,3.5645999999999844,False,False,7.514740319715804,-3.9501403197158194,True,high_bin_residual_mad
2024-03-31 05:16:00,352.79065,352.79065,357.642,False,False,False,357.642,4.851349999999968,False,False,7.484122873239449,-2.632772873239481,True,high_bin_residual_mad
2024-03-31 07:24:00,269.39392,269.39392,263.052,False,False,False,263.052,-6.341919999999959,True,False,4.100895452930747,-10.442815452930706,True,high_bin_residual_mad
2024-03-31 12:11:00,34.12951,34.12951,37.063,False,False,False,37.063,2.933489999999999,False,False,0.8863983066132262,2.047091693386773,True,high_bin_residual_mad
2024-03-31 14:21:00,98.108795,98.108795,96.677,False,False,False,96.677,-1.431794999999994,True,False,0.9930851568576614,-2.4248801568576552,True,high_bin_residual_mad
2024-03-31 15:26:00,109.30953,109.30953,105.335,False,False,False,105.335,-3.9745300000000015,True,False,1.0733364431197256,-5.047866443119727,True,high_bin_residual_mad
2024-03-31 15:27:00,116.70834,116.70834,115.125,False,False,False,115.125,-1.5833400000000069,True,False,1.1639575886170717,-2.7472975886170783,True,high_bin_residual_mad
2024-03-31 15:35:00,120.31001,120.31001,124.865,False,False,False,124.865,4.554989999999989,False,False,1.2752193599851687,3.2797706400148208,True,high_bin_residual_mad
2024-04-01 11:37:00,45.419334,45.419334,44.475,False,False,False,44.475,-0.9443339999999978,True,False,0.8289259830339305,-1.7732599830339284,True,high_bin_residual_mad
2024-04-01 13:13:00,63.986874,63.986874,115.214,False,False,False,115.214,51.227126,False,False,1.166517171742384,50.060608828257614,True,high_bin_residual_mad
2024-04-01 14:08:00,123.96306,123.96306,112.407,False,False,False,112.407,-11.556060000000002,True,False,1.1533165159332246,-12.709376515933227,True,high_bin_residual_mad
2024-04-01 14:09:00,160.5636,160.5636,141.642,False,False,False,141.642,-18.921600000000012,True,False,1.5334149975284272,-20.45501499752844,True,high_bin_residual_mad
2024-04-01 14:10:00,205.24828,205.24828,180.106,False,False,False,180.106,-25.14228,True,False,2.1894119116507365,-27.331691911650736,True,high_bin_residual_mad
2024-04-01 14:11:00,243.14792,243.14792,211.675,False,False,False,211.675,-31.472919999999988,True,False,2.8065592125030308,-34.27947921250302,True,high_bin_residual_mad
2024-04-01 14:12:00,265.1948,265.1948,249.492,False,False,False,249.492,-15.702799999999996,True,False,3.7228109002433114,-19.425610900243306,True,high_bin_residual_mad
2024-04-01 17:05:00,349.31223,349.31223,352.997,False,False,False,352.997,3.6847700000000145,False,False,7.434696873131141,-3.749926873131127,True,high_bin_residual_mad
2024-04-01 17:13:00,367.9488,367.9488,371.322,False,False,False,371.322,3.373199999999997,False,False,7.7532454554406565,-4.380045455440659,True,high_bin_residual_mad
2024-04-01 17:17:00,372.0069,372.0069,377.645,False,False,False,377.645,5.6381000000000085,False,False,7.904251229891051,-2.266151229891042,True,high_bin_residual_mad
2024-04-01 17:21:00,370.56342,370.56342,374.689,False,False,False,374.689,4.125580000000014,False,False,7.8211552935171005,-3.695575293517087,True,high_bin_residual_mad
2024-04-01 17:28:00,372.41806,372.41806,377.624,False,False,False,377.624,5.205939999999998,False,False,7.904536860404802,-2.6985968604048036,True,high_bin_residual_mad
2024-04-01 17:30:00,374.91678,374.91678,380.961,False,False,False,380.961,6.044219999999996,False,False,8.122993106995894,-2.0787731069958983,True,high_bin_residual_mad
2024-04-01 18:09:00,387.37714,387.37714,393.912,False,False,False,393.912,6.534859999999981,False,False,8.360996748251747,-1.8261367482517663,True,high_bin_residual_mad
2024-04-01 18:13:00,386.75476,386.75476,396.59,False,False,False,396.59,9.835239999999999,False,False,8.429129837156378,1.4061101628436212,True,high_bin_residual_mad
2024-04-01 18:24:00,380.0213,380.0213,386.007,False,False,False,386.007,5.9857000000000085,False,False,8.193768070973606,-2.2080680709735976,True,high_bin_residual_mad
2024-04-02 08:33:00,379.53256,379.53256,389.712,False,False,False,389.712,10.17944,False,False,8.265874450361398,1.9135655496386015,True,high_bin_residual_mad
2024-04-02 08:49:00,349.47614,349.47614,352.908,False,False,False,352.908,3.4318600000000288,False,False,7.433710687740281,-4.001850687740252,True,high_bin_residual_mad
2024-04-02 09:52:00,213.83891,213.83891,210.906,False,False,False,210.906,-2.9329099999999926,True,False,2.7820421365583305,-5.714952136558323,True,high_bin_residual_mad
2024-04-02 13:30:00,355.6147,355.6147,367.056,False,False,False,367.056,11.441299999999956,False,False,7.577975339521266,3.86332466047869,True,high_bin_residual_mad
2024-04-02 16:38:00,41.39946,41.39946,44.175,False,False,False,44.175,2.7755399999999995,False,False,0.829529051896206,1.9460109481037935,True,high_bin_residual_mad
2024-04-02 16:55:00,38.95387,38.95387,41.189,False,False,False,41.189,2.235129999999998,False,False,0.7485861610611063,1.4865438389388919,True,high_bin_residual_mad
2024-04-02 16:59:00,38.230698,38.230698,40.678,False,False,False,40.678,2.4473020000000005,False,False,0.7489730745015724,1.6983289254984282,True,high_bin_residual_mad
2024-04-02 17:01:00,38.544373,38.544373,40.903,False,False,False,40.903,2.3586269999999985,False,False,0.7354832018000924,1.623143798199906,True,high_bin_residual_mad
2024-04-03 03:48:00,83.46486,83.46486,81.973,False,False,False,81.973,-1.4918600000000026,True,False,0.8174166981981993,-2.309276698198202,True,high_bin_residual_mad
2024-04-03 09:30:00,82.30243,82.30243,80.261,False,False,False,80.261,-2.0414300000000054,True,False,0.8334560882800571,-2.8748860882800624,True,high_bin_residual_mad
2024-04-03 12:18:00,346.11243,346.11243,356.721,False,False,False,356.721,10.608569999999986,False,False,7.435624208460545,3.1729457915394415,True,high_bin_residual_mad
2024-04-03 12:19:00,348.21396,348.21396,350.691,False,False,False,350.691,2.477039999999988,False,False,7.374448816716977,-4.897408816716989,True,high_bin_residual_mad
2024-04-03 13:53:00,362.0948,362.0948,366.033,False,False,False,366.033,3.938199999999995,False,False,7.549576314168381,-3.6113763141683863,True,high_bin_residual_mad
2024-04-03 14:00:00,369.7575,369.7575,374.776,False,False,False,374.776,5.018500000000017,False,False,7.818780224604389,-2.8002802246043714,True,high_bin_residual_mad
2024-04-03 14:14:00,363.50977,363.50977,374.557,False,False,False,374.557,11.047230000000013,False,False,7.824758846350181,3.222471153649832,True,high_bin_residual_mad
2024-04-03 14:23:00,349.2893,349.2893,353.849,False,False,False,353.849,4.559699999999964,False,False,7.414808796992493,-2.8551087969925293,True,high_bin_residual_mad
2024-04-03 15:24:00,361.09277,361.09277,364.975,False,False,False,364.975,3.8822300000000496,False,False,7.5203889835728805,-3.638158983572831,True,high_bin_residual_mad
2024-04-03 15:32:00,371.28616,371.28616,376.477,False,False,False,376.477,5.19083999999998,False,False,7.881946503759418,-2.691106503759438,True,high_bin_residual_mad
2024-04-03 15:41:00,378.69653,378.69653,384.736,False,False,False,384.736,6.039469999999994,False,False,8.235437181818178,-2.195967181818183,True,high_bin_residual_mad
2024-04-03 16:06:00,383.0077,383.0077,389.207,False,False,False,389.207,6.199299999999994,False,False,8.271708170407043,-2.0724081704070496,True,high_bin_residual_mad
2024-04-03 16:25:00,375.82697,375.82697,381.493,False,False,False,381.493,5.666029999999978,False,False,8.09962232510289,-2.4335923251029126,True,high_bin_residual_mad
2024-04-03 16:27:00,369.52383,369.52383,372.948,False,False,False,372.948,3.4241700000000037,False,False,7.861189118660784,-4.43701911866078,True,high_bin_residual_mad
2024-04-03 17:01:00,345.64972,345.64972,345.719,False,False,False,345.719,0.06927999999999201,False,False,7.006533267898391,-6.937253267898399,True,high_bin_residual_mad
2024-04-03 17:20:00,379.9118,379.9118,384.681,False,False,False,384.681,4.769199999999955,False,False,8.227059681818178,-3.4578596818182223,True,high_bin_residual_mad
2024-04-03 19:19:00,181.50706,181.50706,178.532,False,False,False,178.532,-2.975059999999985,True,False,2.1293121064411817,-5.104372106441167,True,high_bin_residual_mad
2024-04-03 20:09:00,107.70625,107.70625,106.227,False,False,False,106.227,-1.4792499999999933,True,False,1.0808561847988056,-2.5601061847987987,True,high_bin_residual_mad
2024-04-03 20:59:00,159.77066,159.77066,157.173,False,False,False,157.173,-2.5976599999999905,True,False,1.7760699219717684,-4.3737299219717585,True,high_bin_residual_mad
2024-04-03 21:00:00,163.55835,163.55835,161.604,False,False,False,161.604,-1.9543499999999767,True,False,1.8402435092864105,-3.794593509286387,True,high_bin_residual_mad
2024-04-03 21:07:00,173.30057,173.30057,169.932,False,False,False,169.932,-3.3685700000000054,True,False,2.0172561835985316,-5.385826183598537,True,high_bin_residual_mad
2024-04-03 22:36:00,94.99737,94.99737,93.435,False,False,False,93.435,-1.5623700000000014,True,False,0.9614654334232444,-2.523835433423246,True,high_bin_residual_mad
2024-04-03 22:37:00,90.51501,90.51501,93.499,False,False,False,93.499,2.9839899999999915,False,False,0.9623884741294727,2.0216015258705187,True,high_bin_residual_mad
2024-04-03 23:23:00,144.65953,144.65953,143.14,False,False,False,143.14,-1.5195300000000032,True,False,1.5490753012658314,-3.0686053012658343,True,high_bin_residual_mad
2024-04-03 23:37:00,110.91891,110.91891,120.566,False,False,False,120.566,9.647090000000006,False,False,1.2418990115230457,8.40519098847696,True,high_bin_residual_mad
2024-04-04 00:22:00,70.21245,70.21245,69.247,False,False,False,69.247,-0.9654500000000041,True,False,0.8215576911392423,-1.7870076911392463,True,high_bin_residual_mad
2024-04-04 01:19:00,148.41582,148.41582,153.537,False,False,False,153.537,5.12118000000001,False,False,1.7326981123342495,3.38848188766576,True,high_bin_residual_mad
2024-04-04 05:15:00,116.33714,116.33714,120.571,False,False,False,120.571,4.233859999999993,False,False,1.241995922845691,2.991864077154302,True,high_bin_residual_mad
2024-04-04 10:46:00,100.35417,100.35417,94.427,False,False,False,94.427,-5.92716999999999,True,False,0.9757725643697858,-6.902942564369775,True,high_bin_residual_mad
2024-04-04 14:23:00,115.39978,115.39978,119.203,False,False,False,119.203,3.803219999999996,False,False,1.2154809849699422,2.5877390150300537,True,high_bin_residual_mad
2024-04-04 15:24:00,63.756493,63.756493,66.24,False,False,False,66.24,2.483506999999996,False,False,0.792046760990398,1.691460239009598,True,high_bin_residual_mad
2024-04-04 22:20:00,110.734535,110.734535,114.23,False,False,False,114.23,3.49546500000001,False,False,1.1613790799999948,2.3340859200000152,True,high_bin_residual_mad
2024-04-04 23:37:00,186.147,186.147,183.502,False,False,False,183.502,-2.644999999999982,True,False,2.2552168648648685,-4.90021686486485,True,high_bin_residual_mad
2024-04-04 23:43:00,184.10011,184.10011,191.152,False,False,False,191.152,7.051889999999986,False,False,2.445641324076353,4.6062486759236325,True,high_bin_residual_mad
2024-04-05 00:01:00,168.55289,168.55289,178.48,False,False,False,178.48,9.927109999999999,False,False,2.1275815319572224,7.7995284680427766,True,high_bin_residual_mad
2024-04-05 01:37:00,236.09023,236.09023,246.734,False,False,False,246.734,10.643770000000018,False,False,3.7153338137691923,6.928436186230826,True,high_bin_residual_mad
2024-04-05 01:55:00,236.05045,236.05045,232.937,False,False,False,232.937,-3.1134500000000003,True,False,3.3958633098945294,-6.50931330989453,True,high_bin_residual_mad
2024-04-05 05:08:00,150.07597,150.07597,155.816,False,False,False,155.816,5.74002999999999,False,False,1.7519067264081976,3.9881232735917926,True,high_bin_residual_mad
2024-04-05 07:55:00,112.1517,112.1517,115.669,False,False,False,115.669,3.5172999999999917,False,False,1.17960268097853,2.3376973190214616,True,high_bin_residual_mad
2024-04-05 08:43:00,86.78398,86.78398,85.486,False,False,False,85.486,-1.2979799999999955,True,False,0.9158064197960706,-2.213786419796066,True,high_bin_residual_mad
2024-04-05 09:43:00,148.94391,148.94391,147.11,False,False,False,147.11,-1.8339099999999746,True,False,1.6089487611056215,-3.442858761105596,True,high_bin_residual_mad
2024-04-05 15:23:00,79.484375,79.484375,78.031,False,False,False,78.031,-1.453374999999994,True,False,0.8638565826538166,-2.3172315826538106,True,high_bin_residual_mad
2024-04-06 07:23:00,25.41565,25.41565,28.755,False,False,False,28.755,3.3393499999999996,False,False,0.9885849261083752,2.3507650738916244,True,high_bin_residual_mad
2024-04-07 07:56:00,40.868793,40.868793,44.089,False,False,False,44.089,3.220207000000002,False,False,0.829701931636725,2.390505068363277,True,high_bin_residual_mad
2024-04-07 08:14:00,39.526157,39.526157,42.185,False,False,False,42.185,2.6588430000000045,False,False,0.7942174457603016,1.8646255542397028,True,high_bin_residual_mad
2024-04-07 08:38:00,22.830185,22.830185,26.955,False,False,False,26.955,4.124814999999998,False,False,1.0415462727272733,3.083268727272725,True,high_bin_residual_mad
2024-04-07 09:31:00,38.094036,38.094036,40.355,False,False,False,40.355,2.260963999999994,False,False,0.7694355312172079,1.4915284687827863,True,high_bin_residual_mad
2024-04-07 21:28:00,79.57248,79.57248,78.054,False,False,False,78.054,-1.5184799999999967,True,False,0.8641229552755115,-2.3826029552755084,True,high_bin_residual_mad
2024-04-07 22:22:00,79.28281,79.28281,81.541,False,False,False,81.541,2.258189999999999,False,False,0.791744063926938,1.466445936073061,True,high_bin_residual_mad
2024-04-07 22:42:00,49.065224,49.065224,51.758,False,False,False,51.758,2.692776000000002,False,False,0.7851864414988536,1.9075895585011484,True,high_bin_residual_mad
2024-04-07 22:43:00,44.47564,44.47564,47.197,False,False,False,47.197,2.721360000000004,False,False,0.802293205735661,1.9190667942643431,True,high_bin_residual_mad
2024-04-07 23:38:00,35.14854,35.14854,34.05,False,False,False,34.05,-1.0985399999999998,True,False,0.9327901610552788,-2.0313301610552785,True,high_bin_residual_mad
2024-04-08 15:16:00,87.31981,87.31981,90.377,False,False,False,90.377,3.0571899999999914,False,False,0.956283700825647,2.1009062991743446,True,high_bin_residual_mad
2024-04-08 15:24:00,38.251556,38.251556,40.467,False,False,False,40.467,2.215443999999998,False,False,0.762340190188876,1.453103809811122,True,high_bin_residual_mad
2024-04-08 15:42:00,32.902847,32.902847,36.062,False,False,False,36.062,3.1591529999999963,False,False,0.8970993387178204,2.262053661282176,True,high_bin_residual_mad
2024-04-08 15:45:00,50.725876,50.725876,53.828,False,False,False,53.828,3.1021240000000034,False,False,0.7884265511265167,2.3136974488734867,True,high_bin_residual_mad
2024-04-08 15:47:00,71.56793,71.56793,74.177,False,False,False,74.177,2.6090700000000027,False,False,0.836359044930025,1.7727109550699778,True,high_bin_residual_mad
2024-04-08 16:24:00,83.42716,83.42716,86.61,False,False,False,86.61,3.182839999999999,False,False,0.9238418597363873,2.2589981402636115,True,high_bin_residual_mad
2024-04-08 16:30:00,67.77846,67.77846,66.412,False,False,False,66.412,-1.3664599999999893,True,False,0.7905609903991904,-2.1570209903991797,True,high_bin_residual_mad
2024-04-08 16:37:00,68.42955,68.42955,67.066,False,False,False,67.066,-1.3635500000000036,True,False,0.7877249464198732,-2.1512749464198766,True,high_bin_residual_mad
2024-04-08 16:39:00,84.13277,84.13277,82.118,False,False,False,82.118,-2.0147699999999986,True,False,0.828836645645648,-2.8436066456456466,True,high_bin_residual_mad
2024-04-08 18:22:00,63.3351,63.3351,59.915,False,False,False,59.915,-3.420099999999998,True,False,0.7959063103321051,-4.216006310332103,True,high_bin_residual_mad
2024-04-08 18:24:00,65.17253,65.17253,68.709,False,False,False,68.709,3.5364700000000084,False,False,0.8137264417925008,2.7227435582075077,True,high_bin_residual_mad
2024-04-08 18:40:00,130.85133,130.85133,129.156,False,False,False,129.156,-1.6953299999999842,True,False,1.34431294117648,-3.0396429411764645,True,high_bin_residual_mad
2024-04-09 03:58:00,117.471466,117.471466,115.936,False,False,False,115.936,-1.5354659999999996,True,False,1.1872814303544668,-2.7227474303544663,True,high_bin_residual_mad
2024-04-09 09:07:00,78.6279,78.6279,81.204,False,False,False,81.204,2.5760999999999967,False,False,0.8027260578386577,1.773373942161339,True,high_bin_residual_mad
2024-04-10 21:29:00,343.36414,343.36414,342.056,False,False,False,342.056,-1.3081400000000372,True,False,6.793427323730092,-8.10156732373013,True,high_bin_residual_mad
2024-04-10 23:20:00,347.43686,347.43686,358.048,False,False,False,358.048,10.611139999999978,False,False,7.512023650704239,3.0991163492957385,True,high_bin_residual_mad
2024-04-10 23:25:00,348.7417,348.7417,352.834,False,False,False,352.834,4.092300000000023,False,False,7.432890713370352,-3.3405907133703288,True,high_bin_residual_mad
2024-04-11 00:02:00,374.46027,374.46027,379.87,False,False,False,379.87,5.409730000000025,False,False,7.9933250812567875,-2.583595081256763,True,high_bin_residual_mad
2024-04-11 00:08:00,376.11053,376.11053,381.615,False,False,False,381.615,5.504470000000026,False,False,8.094262860082313,-2.5897928600822873,True,high_bin_residual_mad
2024-04-11 00:39:00,379.5255,379.5255,389.923,False,False,False,389.923,10.39749999999998,False,False,8.263436995055196,2.1340630049447835,True,high_bin_residual_mad
2024-04-11 00:46:00,374.43616,374.43616,380.485,False,False,False,380.485,6.048840000000041,False,False,8.073598239436636,-2.0247582394365953,True,high_bin_residual_mad
2024-04-11 02:05:00,172.7265,172.7265,181.515,False,False,False,181.515,8.788499999999999,False,False,2.2213580328276596,6.56714196717234,True,high_bin_residual_mad
2024-04-11 02:11:00,125.85766,125.85766,130.47,False,False,False,130.47,4.612340000000003,False,False,1.365544155193996,3.246795844806007,True,high_bin_residual_mad
2024-04-11 02:12:00,117.084236,117.084236,121.628,False,False,False,121.628,4.543763999999996,False,False,1.250462876625031,3.293301123374965,True,high_bin_residual_mad
2024-04-11 02:13:00,108.917175,108.917175,112.567,False,False,False,112.567,3.6498249999999928,False,False,1.1564174567526475,2.4934075432473453,True,high_bin_residual_mad
2024-04-11 02:14:00,102.44887,102.44887,107.224,False,False,False,107.224,4.775130000000004,False,False,1.0882057226849504,3.686924277315054,True,high_bin_residual_mad
2024-04-11 02:15:00,97.5773,97.5773,101.084,False,False,False,101.084,3.5067000000000093,False,False,1.054181692812104,2.4525183071879053,True,high_bin_residual_mad
2024-04-11 02:17:00,92.85283,92.85283,95.94,False,False,False,95.94,3.0871700000000004,False,False,0.9893151257453962,2.097854874254604,True,high_bin_residual_mad
2024-04-11 02:18:00,88.596466,88.596466,92.23,False,False,False,92.23,3.6335339999999974,False,False,0.956295417607224,2.677238582392773,True,high_bin_residual_mad
2024-04-11 02:19:00,81.167816,81.167816,84.166,False,False,False,84.166,2.998183999999995,False,False,0.9049685179399597,2.0932154820600353,True,high_bin_residual_mad
2024-04-11 02:23:00,78.003586,78.003586,80.493,False,False,False,80.493,2.4894139999999965,False,False,0.8258957838660543,1.6635182161339421,True,high_bin_residual_mad
2024-04-11 02:26:00,77.04902,77.04902,80.424,False,False,False,80.424,3.374980000000008,False,False,0.8281443226788393,2.5468356773211687,True,high_bin_residual_mad
2024-04-11 02:27:00,81.19799,81.19799,80.422,False,False,False,80.422,-0.7759900000000073,True,False,0.8282094977168913,-1.6041994977168987,True,high_bin_residual_mad
2024-04-11 02:32:00,99.3851,99.3851,98.285,False,False,False,98.285,-1.1000999999999976,True,False,1.0015519912152238,-2.1016519912152214,True,high_bin_residual_mad
2024-04-11 02:41:00,131.57225,131.57225,136.854,False,False,False,136.854,5.281750000000017,False,False,1.4353305970149397,3.846419402985077,True,high_bin_residual_mad
2024-04-11 02:50:00,133.2588,133.2588,131.923,False,False,False,131.923,-1.335800000000006,True,False,1.379444254581479,-2.715244254581485,True,high_bin_residual_mad
2024-04-11 09:21:00,39.679077,39.679077,42.653,False,False,False,42.653,2.973922999999999,False,False,0.8156586518237787,2.1582643481762203,True,high_bin_residual_mad
2024-04-11 09:22:00,37.65793,37.65793,40.232,False,False,False,40.232,2.574069999999999,False,False,0.7772277360965364,1.7968422639034625,True,high_bin_residual_mad
2024-04-11 09:23:00,37.487995,37.487995,40.008,False,False,False,40.008,2.5200050000000047,False,False,0.7914184181531998,1.728586581846805,True,high_bin_residual_mad
2024-04-11 09:24:00,38.141083,38.141083,40.63,False,False,False,40.63,2.4889170000000007,False,False,0.7520139349422856,1.736903065057715,True,high_bin_residual_mad
2024-04-11 09:25:00,38.56155,38.56155,40.945,False,False,False,40.945,2.3834500000000034,False,False,0.7374074126006609,1.6460425873993425,True,high_bin_residual_mad
2024-04-11 09:26:00,39.188095,39.188095,41.548,False,False,False,41.548,2.359905000000005,False,False,0.7650335819516798,1.594871418048325,True,high_bin_residual_mad
2024-04-11 09:32:00,39.046127,39.046127,41.867,False,False,False,41.867,2.820872999999999,False,False,0.7796484211274258,2.041224578872573,True,high_bin_residual_mad
2024-04-11 09:33:00,36.397495,36.397495,39.435,False,False,False,39.435,3.037505000000003,False,False,0.8277186896642188,2.209786310335784,True,high_bin_residual_mad
2024-04-11 09:34:00,33.932972,33.932972,37.118,False,False,False,37.118,3.1850280000000026,False,False,0.8855281162324646,2.299499883767538,True,high_bin_residual_mad
2024-04-11 09:35:00,31.794874,31.794874,35.401,False,False,False,35.401,3.6061260000000033,False,False,0.903914545684,2.702211454316003,True,high_bin_residual_mad
2024-04-11 09:36:00,29.245472,29.245472,32.867,False,False,False,32.867,3.621527999999998,False,False,0.9603115610443753,2.6612164389556225,True,high_bin_residual_mad
2024-04-11 09:37:00,27.11705,27.11705,30.379,False,False,False,30.379,3.2619500000000023,False,False,0.9749475118110229,2.287002488188979,True,high_bin_residual_mad
2024-04-11 09:38:00,24.57614,24.57614,28.031,False,False,False,28.031,3.45486,False,False,1.0099343665024638,2.444925633497536,True,high_bin_residual_mad
2024-04-12 23:38:00,74.36849,74.36849,73.269,False,False,False,73.269,-1.0994899999999888,True,False,0.8333561576233687,-1.9328461576233575,True,high_bin_residual_mad
2024-04-13 05:18:00,40.741154,40.741154,43.543,False,False,False,43.543,2.8018459999999976,False,False,0.8307995169660664,1.9710464830339314,True,high_bin_residual_mad
2024-04-13 05:54:00,55.60977,55.60977,54.287,False,False,False,54.287,-1.3227699999999984,True,False,0.7876286707105729,-2.1103986707105715,True,high_bin_residual_mad
2024-04-13 06:12:00,71.65576,71.65576,70.69,False,False,False,70.69,-0.9657600000000031,True,False,0.8403386101265804,-1.8060986101265835,True,high_bin_residual_mad
2024-04-13 06:30:00,74.10643,74.10643,71.934,False,False,False,71.934,-2.1724300000000056,True,False,0.8385812748015833,-3.011011274801589,True,high_bin_residual_mad
2024-04-13 06:36:00,80.4167,80.4167,78.877,False,False,False,78.877,-1.5397000000000105,True,False,0.8736544625648585,-2.413354462564869,True,high_bin_residual_mad
2024-04-13 06:42:00,94.58101,94.58101,90.955,False,False,False,90.955,-3.626010000000008,True,False,0.9576058863526026,-4.583615886352611,True,high_bin_residual_mad
2024-04-13 06:48:00,104.13481,104.13481,108.776,False,False,False,108.776,4.641189999999995,False,False,1.0943194316511389,3.5468705683488557,True,high_bin_residual_mad
2024-04-13 06:54:00,124.671036,124.671036,122.063,False,False,False,122.063,-2.6080359999999985,True,False,1.2501650407851128,-3.8582010407851115,True,high_bin_residual_mad
2024-04-13 07:06:00,127.05412,127.05412,133.219,False,False,False,133.219,6.164879999999997,False,False,1.3904056818181847,4.774474318181812,True,high_bin_residual_mad
2024-04-13 07:07:00,128.02963,128.02963,132.22,False,False,False,132.22,4.1903700000000015,False,False,1.3811977166914349,2.8091722833085666,True,high_bin_residual_mad
2024-04-13 08:07:00,326.59625,326.59625,322.717,False,False,False,322.717,-3.879250000000013,True,False,6.106406683229825,-9.985656683229838,True,high_bin_residual_mad
2024-04-13 08:24:00,332.37924,332.37924,331.089,False,False,False,331.089,-1.290239999999983,True,False,6.242300146341434,-7.532540146341417,True,high_bin_residual_mad
2024-04-13 09:30:00,346.47144,346.47144,347.934,False,False,False,347.934,1.4625600000000532,False,False,7.237812158343474,-5.775252158343421,True,high_bin_residual_mad
2024-04-13 10:00:00,344.3923,344.3923,358.556,False,False,False,358.556,14.163700000000006,False,False,7.546933983098605,6.6167660169014,True,high_bin_residual_mad
2024-04-13 10:11:00,354.26605,354.26605,358.889,False,False,False,358.889,4.622950000000003,False,False,7.569818118309876,-2.9468681183098733,True,high_bin_residual_mad
2024-04-13 10:27:00,344.52258,344.52258,356.288,False,False,False,356.288,11.765420000000006,False,False,7.418653554295697,4.346766445704309,True,high_bin_residual_mad
2024-04-13 10:30:00,342.33383,342.33383,357.073,False,False,False,357.073,14.739170000000001,False,False,7.449420213693861,7.289749786306141,True,high_bin_residual_mad
2024-04-13 10:36:00,336.40106,336.40106,351.048,False,False,False,351.048,14.64694000000003,False,False,7.41310052114477,7.233839478855259,True,high_bin_residual_mad
2024-04-13 10:53:00,348.11414,348.11414,351.086,False,False,False,351.086,2.9718599999999924,False,False,7.413521589064464,-4.441661589064472,True,high_bin_residual_mad
2024-04-13 10:54:00,351.1536,351.1536,349.826,False,False,False,349.826,-1.3275999999999613,True,False,7.265156545820719,-8.59275654582068,True,high_bin_residual_mad
2024-04-13 11:00:00,360.54987,360.54987,364.397,False,False,False,364.397,3.847129999999993,False,False,7.522561792086876,-3.675431792086883,True,high_bin_residual_mad
2024-04-13 11:15:00,349.08774,349.08774,360.846,False,False,False,360.846,11.758260000000007,False,False,7.513922761302868,4.244337238697139,True,high_bin_residual_mad
2024-04-13 23:23:00,378.20184,378.20184,384.313,False,False,False,384.313,6.111159999999984,False,False,8.17100659090909,-2.059846590909107,True,high_bin_residual_mad
2024-04-13 23:38:00,385.7289,385.7289,392.328,False,False,False,392.328,6.599099999999964,False,False,8.309348995585001,-1.7102489955850366,True,high_bin_residual_mad
2024-04-14 02:18:00,377.55176,377.55176,387.597,False,False,False,387.597,10.045239999999978,False,False,8.18536974613004,1.8598702538699392,True,high_bin_residual_mad
2024-04-14 02:32:00,385.35052,385.35052,390.51,False,False,False,390.51,5.159479999999974,False,False,8.256656017497189,-3.0971760174972154,True,high_bin_residual_mad
2024-04-14 10:33:00,383.9401,383.9401,394.031,False,False,False,394.031,10.090900000000033,False,False,8.361666383304195,1.7292336166958382,True,high_bin_residual_mad
2024-04-14 10:44:00,370.05994,370.05994,380.452,False,False,False,380.452,10.392060000000015,False,False,8.069290899241619,2.3227691007583964,True,high_bin_residual_mad
2024-04-14 11:59:00,368.28384,368.28384,373.821,False,False,False,373.821,5.5371600000000285,False,False,7.844851383358872,-2.3076913833588435,True,high_bin_residual_mad
2024-04-14 12:07:00,360.52307,360.52307,363.415,False,False,False,363.415,2.891930000000002,False,False,7.527186105508135,-4.635256105508133,True,high_bin_residual_mad
2024-04-14 16:53:00,354.3831,354.3831,358.698,False,False,False,358.698,4.314899999999966,False,False,7.556692383098606,-3.24179238309864,True,high_bin_residual_mad
2024-04-14 16:54:00,352.14575,352.14575,356.764,False,False,False,356.764,4.618249999999989,False,False,7.437309515918024,-2.8190595159180347,True,high_bin_residual_mad
2024-04-14 17:16:00,369.6645,369.6645,374.829,False,False,False,374.829,5.164500000000032,False,False,7.8173333435426215,-2.6528333435425893,True,high_bin_residual_mad
2024-04-14 17:24:00,368.30884,368.30884,378.882,False,False,False,378.882,10.57316000000003,False,False,7.887426232485744,2.685733767514286,True,high_bin_residual_mad
2024-04-14 17:25:00,370.36633,370.36633,375.489,False,False,False,375.489,5.122669999999971,False,False,7.836242218045115,-2.713572218045144,True,high_bin_residual_mad
2024-04-14 18:09:00,369.39227,369.39227,374.136,False,False,False,374.136,4.743730000000028,False,False,7.836251995916294,-3.0925219959162664,True,high_bin_residual_mad
2024-04-14 18:47:00,386.8951,386.8951,396.951,False,False,False,396.951,10.055900000000008,False,False,8.437397881281749,1.6185021187182596,True,high_bin_residual_mad
2024-04-14 19:07:00,388.87177,388.87177,395.673,False,False,False,395.673,6.8012299999999755,False,False,8.383256012903233,-1.582026012903258,True,high_bin_residual_mad
2024-04-14 19:21:00,387.79193,387.79193,398.582,False,False,False,398.582,10.790070000000014,False,False,8.474752950446508,2.3153170495535065,True,high_bin_residual_mad
2024-04-14 20:10:00,348.4383,348.4383,359.069,False,False,False,359.069,10.63069999999999,False,False,7.574774428779793,3.0559255712201976,True,high_bin_residual_mad
2024-04-14 20:11:00,352.6507,352.6507,357.352,False,False,False,357.352,4.701300000000003,False,False,7.464193746478883,-2.7628937464788796,True,high_bin_residual_mad
2024-04-15 06:22:00,147.53922,147.53922,152.71,False,False,False,152.71,5.170780000000008,False,False,1.7210891293909523,3.4496908706090554,True,high_bin_residual_mad
2024-04-15 07:08:00,78.0258,78.0258,80.742,False,False,False,80.742,2.7162000000000006,False,False,0.8177814916286114,1.8984185083713894,True,high_bin_residual_mad
2024-04-15 07:10:00,67.90696,67.90696,71.838,False,False,False,71.838,3.931039999999996,False,False,0.8391360367063454,3.0919039632936505,True,high_bin_residual_mad
2024-04-15 21:40:00,48.038643,48.038643,46.713,False,False,False,46.713,-1.3256429999999995,True,False,0.8072386102204409,-2.13288161022044,True,high_bin_residual_mad
2024-04-15 21:51:00,58.374413,58.374413,61.404,False,False,False,61.404,3.0295870000000065,False,False,0.7988699286585385,2.230717071341468,True,high_bin_residual_mad
2024-04-15 21:52:00,53.496582,53.496582,56.586,False,False,False,56.586,3.089418000000002,False,False,0.7925252278417657,2.296892772158236,True,high_bin_residual_mad
2024-04-15 21:53:00,46.97832,46.97832,49.675,False,False,False,49.675,2.6966800000000006,False,False,0.7868356779661018,1.9098443220338988,True,high_bin_residual_mad
2024-04-15 21:54:00,39.932518,39.932518,42.482,False,False,False,42.482,2.5494819999999976,False,False,0.8078243649928928,1.7416576350071047,True,high_bin_residual_mad
2024-04-15 21:58:00,63.45578,63.45578,61.344,False,False,False,61.344,-2.111779999999996,True,False,0.7992454554878067,-2.9110254554878026,True,high_bin_residual_mad
2024-04-15 22:10:00,87.85828,87.85828,92.948,False,False,False,92.948,5.08972,False,False,0.9554337095560554,4.134286290443944,True,high_bin_residual_mad
2024-04-15 22:11:00,76.70231,76.70231,79.814,False,False,False,79.814,3.111689999999996,False,False,0.8480227092846231,2.2636672907153725,True,high_bin_residual_mad
2024-04-15 22:12:00,66.310486,66.310486,68.941,False,False,False,68.941,2.630514000000005,False,False,0.8173979858743325,1.8131160141256726,True,high_bin_residual_mad
2024-04-15 22:13:00,57.702137,57.702137,60.897,False,False,False,60.897,3.194862999999998,False,False,0.8007605066420682,2.39410249335793,True,high_bin_residual_mad
2024-04-15 22:15:00,46.062195,46.062195,49.195,False,False,False,49.195,3.1328049999999976,False,False,0.7884460468594212,2.3443589531405764,True,high_bin_residual_mad
2024-04-15 22:16:00,42.458817,42.458817,46.092,False,False,False,46.092,3.6331829999999954,False,False,0.8147584348697389,2.8184245651302566,True,high_bin_residual_mad
2024-04-15 22:34:00,54.186897,54.186897,58.588,False,False,False,58.588,4.401102999999999,False,False,0.791837606656583,3.6092653933434162,True,high_bin_residual_mad
2024-04-15 22:35:00,41.26452,41.26452,44.142,False,False,False,44.142,2.8774800000000056,False,False,0.8295953894710563,2.0478846105289494,True,high_bin_residual_mad
2024-04-15 22:36:00,31.279964,31.279964,34.827,False,False,False,34.827,3.5470359999999985,False,False,0.9127195482412087,2.6343164517587896,True,high_bin_residual_mad
2024-04-15 22:45:00,49.01586,49.01586,52.33,False,False,False,52.33,3.3141399999999948,False,False,0.7873943935763447,2.52674560642365,True,high_bin_residual_mad
2024-04-15 22:47:00,77.89439,77.89439,74.55,False,False,False,74.55,-3.344390000000004,True,False,0.8375926098698738,-4.181982609869878,True,high_bin_residual_mad
2024-04-15 23:21:00,140.01685,140.01685,145.158,False,False,False,145.158,5.141149999999982,False,False,1.5646604675716513,3.5764895324283303,True,high_bin_residual_mad
2024-04-15 23:22:00,124.10084,124.10084,130.442,False,False,False,130.442,6.341160000000002,False,False,1.3650917396745972,4.976068260325405,True,high_bin_residual_mad
2024-04-15 23:23:00,107.93495,107.93495,114.075,False,False,False,114.075,6.140050000000002,False,False,1.1616952799999944,4.978354720000008,True,high_bin_residual_mad
2024-04-15 23:24:00,92.458115,92.458115,96.372,False,False,False,96.372,3.9138849999999934,False,False,0.9915249675913915,2.922360032408602,True,high_bin_residual_mad
2024-04-15 23:25:00,77.98654,77.98654,84.416,False,False,False,84.416,6.429459999999992,False,False,0.9071775733463531,5.522282426653638,True,high_bin_residual_mad
2024-04-15 23:26:00,68.14069,68.14069,73.033,False,False,False,73.033,4.892309999999995,False,False,0.8325756714952068,4.059734328504788,True,high_bin_residual_mad
2024-04-15 23:27:00,57.72126,57.72126,62.128,False,False,False,62.128,4.406739999999999,False,False,0.7943385715853678,3.6124014284146315,True,high_bin_residual_mad
2024-04-15 23:28:00,51.555305,51.555305,55.764,False,False,False,55.764,4.208695000000006,False,False,0.7893479529293965,3.4193470470706093,True,high_bin_residual_mad
2024-04-15 23:29:00,47.507313,47.507313,51.175,False,False,False,51.175,3.6676869999999937,False,False,0.7829360288044879,2.8847509711955057,True,high_bin_residual_mad
2024-04-15 23:30:00,40.169,40.169,44.706,False,False,False,44.706,4.537000000000006,False,False,0.8284616200099784,3.7085383799900278,True,high_bin_residual_mad
2024-04-15 23:31:00,34.23109,34.23109,38.967,False,False,False,38.967,4.735909999999997,False,False,0.8562738977955927,3.879636102204404,True,high_bin_residual_mad
2024-04-15 23:32:00,27.867844,27.867844,32.38,False,False,False,32.38,4.512156000000001,False,False,0.9634116939200793,3.5487443060799215,True,high_bin_residual_mad
2024-04-15 23:33:00,19.52786,19.52786,24.004,False,False,False,24.004,4.476140000000001,False,False,1.1502933583109594,3.3258466416890418,True,high_bin_residual_mad
2024-04-15 23:34:00,11.431518,11.431518,17.933,False,False,False,17.933,6.501481999999999,False,False,1.573091771399128,4.928390228600872,True,high_bin_residual_mad
2024-04-15 23:54:00,26.613941,26.613941,30.084,False,False,False,30.084,3.470058999999999,False,False,0.9762387830835658,2.493820216916433,True,high_bin_residual_mad
2024-04-15 23:56:00,36.497078,36.497078,39.755,False,False,False,39.755,3.2579220000000007,False,False,0.807446286726128,2.450475713273873,True,high_bin_residual_mad
2024-04-15 23:58:00,36.364273,36.364273,40.107,False,False,False,40.107,3.742727000000002,False,False,0.7851466434942281,2.957580356505774,True,high_bin_residual_mad
2024-04-15 23:59:00,31.776297,31.776297,34.935,False,False,False,34.935,3.1587030000000027,False,False,0.9099298105527663,2.2487731894472365,True,high_bin_residual_mad
2024-04-16 00:42:00,22.647863,22.647863,26.467,False,False,False,26.467,3.819136999999998,False,False,1.0540272424242432,2.765109757575755,True,high_bin_residual_mad
2024-04-16 00:43:00,23.433195,23.433195,27.147,False,False,False,27.147,3.713804999999997,False,False,1.0360019152709365,2.6778030847290606,True,high_bin_residual_mad
2024-04-16 00:44:00,23.915276,23.915276,28.074,False,False,False,28.074,4.158724000000003,False,False,1.008666374876848,3.150057625123155,True,high_bin_residual_mad
2024-04-16 00:45:00,22.684944,22.684944,27.794,False,False,False,27.794,5.109055999999999,False,False,1.0169230645320204,4.092132935467978,True,high_bin_residual_mad
2024-04-16 00:47:00,27.978533,27.978533,31.504,False,False,False,31.504,3.5254670000000026,False,False,0.9689881136307913,2.556478886369211,True,high_bin_residual_mad
2024-04-16 00:48:00,24.089766,24.089766,27.975,False,False,False,27.975,3.8852340000000005,False,False,1.0115857044334982,2.873648295566502,True,high_bin_residual_mad
2024-04-16 00:50:00,19.25516,19.25516,24.129,False,False,False,24.129,4.873840000000001,False,False,1.143074020990969,3.730765979009032,True,high_bin_residual_mad
2024-04-16 00:55:00,20.964281,20.964281,24.945,False,False,False,24.945,3.9807190000000006,False,False,1.0959461869660738,2.8847728130339267,True,high_bin_residual_mad
2024-04-16 01:57:00,50.163177,50.163177,52.998,False,False,False,52.998,2.834823,False,False,0.7898693414211431,2.044953658578857,True,high_bin_residual_mad
2024-04-16 05:39:00,38.53517,38.53517,40.759,False,False,False,40.759,2.2238299999999995,False,False,0.7438416225078679,1.4799883774921316,True,high_bin_residual_mad
2024-04-16 06:19:00,88.9449,88.9449,92.168,False,False,False,92.168,3.2231000000000023,False,False,0.9563698269375478,2.2667301730624545,True,high_bin_residual_mad
2024-04-16 06:20:00,84.684906,84.684906,88.659,False,False,False,88.659,3.974094000000008,False,False,0.9489887704918052,3.0251052295082026,True,high_bin_residual_mad
2024-04-16 06:21:00,78.15174,78.15174,81.215,False,False,False,81.215,3.0632599999999996,False,False,0.8023675951293727,2.260892404870627,True,high_bin_residual_mad
2024-04-16 06:22:00,69.21195,69.21195,72.796,False,False,False,72.796,3.584050000000005,False,False,0.8335999751984073,2.7504500248015975,True,high_bin_residual_mad
2024-04-16 06:23:00,56.287727,56.287727,59.792,False,False,False,59.792,3.504273000000005,False,False,0.7952983000000018,2.7089747000000033,True,high_bin_residual_mad
2024-04-16 06:24:00,46.53737,46.53737,49.746,False,False,False,49.746,3.2086299999999994,False,False,0.7865974775672983,2.4220325224327013,True,high_bin_residual_mad
2024-04-16 06:26:00,39.56275,39.56275,42.265,False,False,False,42.265,2.7022499999999994,False,False,0.7978826091899558,1.9043673908100436,True,high_bin_residual_mad
2024-04-16 23:10:00,52.52352,52.52352,54.93,False,False,False,54.93,2.406480000000002,False,False,0.7865109428076275,1.6199690571923746,True,high_bin_residual_mad
2024-04-17 00:02:00,43.650234,43.650234,46.231,False,False,False,46.231,2.580766000000004,False,False,0.8130752535070135,1.7676907464929905,True,high_bin_residual_mad
2024-04-17 00:07:00,47.2057,47.2057,49.997,False,False,False,49.997,2.7912999999999997,False,False,0.7857553888334999,2.0055446111664996,True,high_bin_residual_mad
2024-04-17 01:44:00,103.218605,103.218605,106.641,False,False,False,106.641,3.4223950000000087,False,False,1.0843462891207105,2.338048710879298,True,high_bin_residual_mad
2024-04-17 06:27:00,48.73016,48.73016,47.813,False,False,False,47.813,-0.9171599999999955,True,False,0.7978019359102242,-1.7149619359102197,True,high_bin_residual_mad
2024-04-19 08:46:00,351.37323,351.37323,352.881,False,False,False,352.881,1.5077699999999936,False,False,7.433411507902604,-5.92564150790261,True,high_bin_residual_mad
2024-04-19 08:48:00,355.13437,355.13437,359.26,False,False,False,359.26,4.125630000000001,False,False,7.568233816237254,-3.442603816237253,True,high_bin_residual_mad
2024-04-19 10:07:00,379.1605,379.1605,389.33,False,False,False,389.33,10.169499999999971,False,False,8.2702872841385,1.8992127158614718,True,high_bin_residual_mad
2024-04-19 10:18:00,382.52533,382.52533,392.53,False,False,False,392.53,10.004669999999976,False,False,8.321496307947028,1.6831736920529483,True,high_bin_residual_mad
2024-04-19 10:28:00,373.11475,373.11475,378.008,False,False,False,378.008,4.893249999999966,False,False,7.899313902439049,-3.0060639024390827,True,high_bin_residual_mad
2024-04-19 10:34:00,375.7172,375.7172,381.436,False,False,False,381.436,5.7187999999999874,False,False,8.10212633744857,-2.383326337448583,True,high_bin_residual_mad
2024-04-19 11:04:00,148.48618,148.48618,121.278,False,False,False,121.278,-27.208179999999984,True,False,1.2507025146571489,-28.458882514657134,True,high_bin_residual_mad
2024-04-19 11:05:00,148.48618,148.48618,121.278,False,False,False,121.278,-27.208179999999984,True,False,1.2507025146571489,-28.458882514657134,True,high_bin_residual_mad
2024-04-19 11:08:00,66.241554,66.241554,69.786,False,False,False,69.786,3.5444460000000078,False,False,0.8285728784810131,2.7158731215189946,True,high_bin_residual_mad
2024-04-19 13:06:00,161.28581,161.28581,150.298,False,False,False,150.298,-10.987809999999996,True,False,1.6337301018303723,-12.621540101830368,True,high_bin_residual_mad
2024-04-19 13:11:00,359.05682,359.05682,369.948,False,False,False,369.948,10.891179999999963,False,False,7.680800684931486,3.2103793150684767,True,high_bin_residual_mad
2024-04-19 13:12:00,391.60266,391.60266,384.188,False,False,False,384.188,-7.414660000000026,True,False,8.151966818181819,-15.566626818181845,True,high_bin_residual_mad
2024-04-19 13:16:00,390.9485,390.9485,397.623,False,False,False,397.623,6.674499999999966,False,False,8.45278881106637,-1.7782888110664032,True,high_bin_residual_mad
2024-04-20 06:12:00,260.08255,260.08255,253.665,False,False,False,253.665,-6.417550000000034,True,False,3.9151700800800704,-10.332720080080104,True,high_bin_residual_mad
2024-04-20 08:25:00,347.70837,347.70837,352.225,False,False,False,352.225,4.516630000000021,False,False,7.4261425459205315,-2.909512545920511,True,high_bin_residual_mad
2024-04-20 08:26:00,344.22583,344.22583,346.041,False,False,False,346.041,1.8151700000000233,False,False,7.085052682832959,-5.269882682832936,True,high_bin_residual_mad
2024-04-20 08:34:00,350.63666,350.63666,352.589,False,False,False,352.589,1.9523399999999924,False,False,7.430175933361803,-5.477835933361811,True,high_bin_residual_mad
2024-04-20 10:57:00,341.27338,341.27338,352.332,False,False,False,352.332,11.058620000000019,False,False,7.42732818453651,3.631291815463509,True,high_bin_residual_mad
2024-04-20 17:29:00,347.34552,347.34552,357.54,False,False,False,357.54,10.194479999999999,False,False,7.477113318309873,2.717366681690126,True,high_bin_residual_mad
2024-04-20 17:32:00,347.81903,347.81903,352.048,False,False,False,352.048,4.228970000000004,False,False,7.424181255873539,-3.1952112558735353,True,high_bin_residual_mad
2024-04-20 17:38:00,340.00464,340.00464,351.53,False,False,False,351.53,11.525359999999978,False,False,7.418441435284037,4.106918564715941,True,high_bin_residual_mad
2024-04-20 20:12:00,291.3103,291.3103,305.606,False,False,False,305.606,14.29570000000001,False,False,5.327674801033589,8.968025198966423,True,high_bin_residual_mad
2024-04-20 23:19:00,71.29344,71.29344,74.831,False,False,False,74.831,3.537559999999999,False,False,0.8385219175055241,2.699038082494475,True,high_bin_residual_mad
2024-04-21 01:21:00,141.2977,141.2977,139.608,False,False,False,139.608,-1.6896999999999878,True,False,1.509724941291588,-3.199424941291576,True,high_bin_residual_mad
2024-04-21 03:34:00,114.78555,114.78555,113.322,False,False,False,113.322,-1.463549999999998,True,False,1.1632313999999921,-2.62678139999999,True,high_bin_residual_mad
2024-04-24 00:16:00,136.74275,136.74275,134.675,False,False,False,134.675,-2.0677499999999895,True,False,1.421842045454537,-3.4895920454545264,True,high_bin_residual_mad
2024-04-24 00:26:00,125.483765,125.483765,121.216,False,False,False,121.216,-4.267765000000011,True,False,1.2507449648228384,-5.51850996482285,True,high_bin_residual_mad
2024-04-25 11:45:00,51.25303,51.25303,64.932,False,False,False,64.932,13.67897,False,False,0.802696330803452,12.876273669196548,True,high_bin_residual_mad
2024-04-25 11:46:00,41.899883,41.899883,39.755,False,False,False,39.755,-2.144883,True,False,0.807446286726128,-2.952329286726128,True,high_bin_residual_mad
2024-04-25 14:07:00,79.90294,79.90294,58.744,False,False,False,58.744,-21.15894,True,False,0.7916149349470518,-21.950554934947053,True,high_bin_residual_mad
2024-04-25 14:09:00,122.74417,122.74417,112.037,False,False,False,112.037,-10.70716999999999,True,False,1.1461455902883093,-11.8533155902883,True,high_bin_residual_mad
2024-04-25 14:10:00,163.42227,163.42227,157.968,False,False,False,157.968,-5.454270000000008,True,False,1.7802822207084534,-7.234552220708462,True,high_bin_residual_mad
2024-04-25 14:12:00,202.26965,202.26965,186.092,False,False,False,186.092,-16.17765,True,False,2.332913517638243,-18.510563517638243,True,high_bin_residual_mad
2024-04-25 22:23:00,60.08067,60.08067,62.632,False,False,False,62.632,2.55133,False,False,0.7911841462195142,1.760145853780486,True,high_bin_residual_mad
2024-04-25 22:38:00,39.062893,39.062893,41.516,False,False,False,41.516,2.4531069999999957,False,False,0.7635675165798179,1.6895394834201778,True,high_bin_residual_mad
2024-04-25 22:54:00,37.876648,37.876648,40.219,False,False,False,40.219,2.342351999999998,False,False,0.7780513024658963,1.5643006975341018,True,high_bin_residual_mad
2024-04-25 22:59:00,38.676605,38.676605,41.198,False,False,False,41.198,2.5213949999999983,False,False,0.7489984919469425,1.7723965080530557,True,high_bin_residual_mad
2024-04-25 23:00:00,38.566154,38.566154,40.921,False,False,False,40.921,2.354846000000002,False,False,0.7363078635717646,1.6185381364282374,True,high_bin_residual_mad
2024-04-26 00:13:00,128.99326,128.99326,125.457,False,False,False,125.457,-3.5362599999999986,True,False,1.2871250683198365,-4.823385068319835,True,high_bin_residual_mad
2024-04-26 00:36:00,229.58658,229.58658,225.94,False,False,False,225.94,-3.64658,True,False,3.192468384728332,-6.839048384728333,True,high_bin_residual_mad
2024-04-26 01:01:00,347.19232,347.19232,350.479,False,False,False,350.479,3.28667999999999,False,False,7.347662734138934,-4.060982734138944,True,high_bin_residual_mad
2024-04-26 01:07:00,365.60617,365.60617,366.247,False,False,False,366.247,0.640829999999994,False,False,7.555479989733066,-6.914649989733072,True,high_bin_residual_mad
2024-04-26 01:09:00,367.0461,367.0461,371.826,False,False,False,371.826,4.779899999999998,False,False,7.786704007877893,-3.0068040078778955,True,high_bin_residual_mad
2024-04-26 01:10:00,368.2865,368.2865,378.374,False,False,False,378.374,10.087500000000034,False,False,7.894335770627939,2.193164229372095,True,high_bin_residual_mad
2024-04-26 01:15:00,369.39215,369.39215,379.244,False,False,False,379.244,9.851850000000013,False,False,7.911616143011938,1.9402338569880753,True,high_bin_residual_mad
2024-04-26 01:17:00,372.7677,372.7677,378.351,False,False,False,378.351,5.583300000000008,False,False,7.894648604047763,-2.3113486040477547,True,high_bin_residual_mad
2024-04-26 01:19:00,366.84692,366.84692,379.304,False,False,False,379.304,12.457079999999962,False,False,7.919447670639233,4.537632329360729,True,high_bin_residual_mad
2024-04-26 01:25:00,350.55344,350.55344,361.836,False,False,False,361.836,11.28255999999999,False,False,7.515620071047953,3.766939928952037,True,high_bin_residual_mad
2024-04-26 01:30:00,342.69806,342.69806,353.309,False,False,False,353.309,10.610940000000028,False,False,7.438154062366517,3.1727859376335106,True,high_bin_residual_mad
2024-04-26 01:32:00,351.69366,351.69366,356.522,False,False,False,356.522,4.828339999999969,False,False,7.4278247623201175,-2.5994847623201487,True,high_bin_residual_mad
2024-04-26 01:49:00,373.9129,373.9129,379.126,False,False,False,379.126,5.213099999999997,False,False,7.8962141386782365,-2.6831141386782393,True,high_bin_residual_mad
2024-04-26 02:07:00,373.69238,373.69238,376.422,False,False,False,376.422,2.7296200000000113,False,False,7.879402236842127,-5.149782236842116,True,high_bin_residual_mad
2024-04-26 02:09:00,374.3877,374.3877,379.93,False,False,False,379.93,5.5423000000000116,False,False,8.00115660888409,-2.458856608884078,True,high_bin_residual_mad
2024-04-26 02:11:00,372.69788,372.69788,383.039,False,False,False,383.039,10.34111999999999,False,False,8.031706481481487,2.309413518518502,True,high_bin_residual_mad
2024-04-26 02:13:00,373.3703,373.3703,383.713,False,False,False,383.713,10.342700000000036,False,False,8.07961568181819,2.2630843181818463,True,high_bin_residual_mad
2024-04-26 02:14:00,373.5064,373.5064,385.858,False,False,False,385.858,12.351600000000019,False,False,8.201581419472241,4.150018580527778,True,high_bin_residual_mad
2024-04-26 02:21:00,369.25525,369.25525,374.057,False,False,False,374.057,4.801750000000027,False,False,7.838408667687608,-3.036658667687581,True,high_bin_residual_mad
2024-04-26 02:28:00,354.71564,354.71564,359.15,False,False,False,359.15,4.43435999999997,False,False,7.572000661157042,-3.1376406611570724,True,high_bin_residual_mad
2024-04-26 05:28:00,111.55908,111.55908,115.252,False,False,False,115.252,3.692920000000001,False,False,1.167610027458809,2.5253099725411916,True,high_bin_residual_mad
2024-04-26 06:01:00,42.7415,42.7415,45.824,False,False,False,45.824,3.082499999999996,False,False,0.8180037054108207,2.2644962945891756,True,high_bin_residual_mad
2024-04-26 08:34:00,111.4188,111.4188,110.021,False,False,False,110.021,-1.3978000000000037,True,False,1.1107389435897352,-2.508538943589739,True,high_bin_residual_mad
2024-04-26 08:37:00,142.11703,142.11703,137.683,False,False,False,137.683,-4.434030000000007,True,False,1.4588795119471392,-5.892909511947146,True,high_bin_residual_mad
2024-04-26 09:31:00,125.92377,125.92377,130.588,False,False,False,130.588,4.664229999999989,False,False,1.367450763454321,3.2967792365456683,True,high_bin_residual_mad
2024-04-26 11:29:00,39.45152,39.45152,42.824,False,False,False,42.824,3.372479999999996,False,False,0.8234929386546646,2.5489870613453314,True,high_bin_residual_mad
2024-04-26 14:40:00,101.43529,101.43529,99.124,False,False,False,99.124,-2.3112899999999996,True,False,1.0078179759277779,-3.3191079759277775,True,high_bin_residual_mad
2024-04-27 10:27:00,137.93796,137.93796,143.072,False,False,False,143.072,5.134039999999999,False,False,1.5486375189873505,3.5854024810126486,True,high_bin_residual_mad
2024-04-27 10:51:00,124.71113,124.71113,129.753,False,False,False,129.753,5.041869999999989,False,False,1.3539590863579538,3.687910913642035,True,high_bin_residual_mad
2024-04-27 11:09:00,114.6992,114.6992,118.727,False,False,False,118.727,4.027799999999999,False,False,1.2129725156250022,2.814827484374997,True,high_bin_residual_mad
2024-04-27 11:10:00,112.6819,112.6819,116.943,False,False,False,116.943,4.261099999999999,False,False,1.2162421068397398,3.044857893160259,True,high_bin_residual_mad
2024-04-27 11:33:00,136.29704,136.29704,134.063,False,False,False,134.063,-2.2340400000000216,True,False,1.4086284090909051,-3.642668409090927,True,high_bin_residual_mad
2024-04-27 11:34:00,137.87447,137.87447,136.078,False,False,False,136.078,-1.7964699999999993,True,False,1.4325315920398047,-3.229001592039804,True,high_bin_residual_mad
2024-04-27 12:39:00,144.35536,144.35536,142.615,False,False,False,142.615,-1.7403599999999813,True,False,1.5438904992585343,-3.2842504992585155,True,high_bin_residual_mad
2024-04-27 13:39:00,138.84781,138.84781,143.338,False,False,False,143.338,4.490189999999984,False,False,1.5503500202531733,2.939839979746811,True,high_bin_residual_mad
2024-04-27 14:03:00,155.53383,155.53383,152.58,False,False,False,152.58,-2.953829999999982,True,False,1.7149758112206221,-4.668805811220604,True,high_bin_residual_mad
2024-04-27 15:21:00,108.33362,108.33362,111.934,False,False,False,111.934,3.6003800000000012,False,False,1.1441493596358057,2.4562306403641956,True,high_bin_residual_mad
2024-04-27 20:27:00,105.46808,105.46808,104.344,False,False,False,104.344,-1.1240800000000064,True,False,1.06849302003551,-2.1925730200355167,True,high_bin_residual_mad
2024-04-27 22:29:00,107.0375,107.0375,105.008,False,False,False,105.008,-2.0294999999999987,True,False,1.0705797665176415,-3.1000797665176405,True,high_bin_residual_mad
2024-04-28 13:33:00,144.69,144.69,149.905,False,False,False,149.905,5.215000000000003,False,False,1.6306886323794794,3.584311367620524,True,high_bin_residual_mad
2024-04-28 14:04:00,120.741684,120.741684,124.503,False,False,False,124.503,3.7613159999999937,False,False,1.2702582779288172,2.4910577220711767,True,high_bin_residual_mad
2024-04-28 14:37:00,115.03258,115.03258,120.174,False,False,False,120.174,5.141420000000011,False,False,1.2343011638276558,3.907118836172355,True,high_bin_residual_mad
2024-04-28 17:49:00,348.72147,348.72147,352.122,False,False,False,352.122,3.4005300000000034,False,False,7.425001230243469,-4.024471230243465,True,high_bin_residual_mad
2024-04-28 17:50:00,355.1598,355.1598,359.516,False,False,False,359.516,4.356200000000001,False,False,7.559467340787567,-3.2032673407875656,True,high_bin_residual_mad
2024-04-28 17:57:00,352.4522,352.4522,355.227,False,False,False,355.227,2.7747999999999706,False,False,7.377069572612316,-4.602269572612346,True,high_bin_residual_mad
2024-04-28 18:01:00,353.1156,353.1156,365.649,False,False,False,365.649,12.533400000000029,False,False,7.53898280287474,4.994417197125289,True,high_bin_residual_mad
2024-04-28 18:02:00,360.81668,360.81668,363.87,False,False,False,363.87,3.053319999999985,False,False,7.525043475562439,-4.471723475562454,True,high_bin_residual_mad
2024-04-28 18:06:00,357.29047,357.29047,368.854,False,False,False,368.854,11.563529999999957,False,False,7.629701875915957,3.933828124084,True,high_bin_residual_mad
2024-04-28 18:07:00,362.5281,362.5281,364.403,False,False,False,364.403,1.874900000000025,False,False,7.522533537626053,-5.647633537626028,True,high_bin_residual_mad
2024-04-28 18:09:00,364.93277,364.93277,367.296,False,False,False,367.296,2.3632299999999873,False,False,7.584879882755263,-5.221649882755275,True,high_bin_residual_mad
2024-04-28 18:15:00,369.02948,369.02948,379.324,False,False,False,379.324,10.294520000000034,False,False,7.922058179848339,2.3724618201516954,True,high_bin_residual_mad
2024-04-28 18:16:00,363.75983,363.75983,374.789,False,False,False,374.789,11.029169999999965,False,False,7.818425329249616,3.2107446707503486,True,high_bin_residual_mad
2024-04-28 18:17:00,364.1986,364.1986,368.397,False,False,False,368.397,4.198399999999992,False,False,7.616554474841222,-3.41815447484123,True,high_bin_residual_mad
2024-04-28 18:18:00,365.71252,365.71252,368.169,False,False,False,368.169,2.456479999999999,False,False,7.609995158768925,-5.153515158768926,True,high_bin_residual_mad
2024-04-28 18:31:00,372.2098,372.2098,376.549,False,False,False,376.549,4.339200000000005,False,False,7.8852771804511494,-3.546077180451144,True,high_bin_residual_mad
2024-04-28 18:33:00,372.4137,372.4137,383.508,False,False,False,383.508,11.094299999999976,False,False,8.048390454545459,3.045909545454517,True,high_bin_residual_mad
2024-04-28 18:34:00,366.46704,366.46704,379.752,False,False,False,379.752,13.284960000000012,False,False,7.977923076923094,5.307036923076918,True,high_bin_residual_mad
2024-04-28 18:35:00,362.8724,362.8724,375.727,False,False,False,375.727,12.854599999999948,False,False,7.847251954887224,5.007348045112724,True,high_bin_residual_mad
2024-04-28 18:36:00,367.5241,367.5241,371.58,False,False,False,371.58,4.055900000000008,False,False,7.770373047759716,-3.714473047759708,True,high_bin_residual_mad
2024-04-28 18:40:00,372.12213,372.12213,377.011,False,False,False,377.011,4.888869999999997,False,False,7.906649022556423,-3.017779022556426,True,high_bin_residual_mad
2024-04-28 18:42:00,370.78418,370.78418,376.211,False,False,False,376.211,5.426820000000021,False,False,7.869641503759415,-2.4428215037593946,True,high_bin_residual_mad
2024-04-28 18:43:00,366.6833,366.6833,377.652,False,False,False,377.652,10.968700000000013,False,False,7.9041560197197995,3.064543980280213,True,high_bin_residual_mad
2024-04-28 18:45:00,365.6351,365.6351,377.418,False,False,False,377.418,11.782899999999984,False,False,7.907338759730181,3.8755612402698025,True,high_bin_residual_mad
2024-04-28 18:46:00,365.84006,365.84006,368.933,False,False,False,368.933,3.0929399999999987,False,False,7.631974621397148,-4.53903462139715,True,high_bin_residual_mad
2024-04-28 18:50:00,359.34644,359.34644,372.331,False,False,False,372.331,12.984560000000045,False,False,7.820228946331869,5.1643310536681755,True,high_bin_residual_mad
2024-04-28 18:52:00,367.2666,367.2666,372.395,False,False,False,372.395,5.128399999999999,False,False,7.824477651403262,-2.6960776514032627,True,high_bin_residual_mad
2024-04-28 18:58:00,363.8416,363.8416,367.174,False,False,False,367.174,3.33239999999995,False,False,7.58137007327798,-4.24897007327803,True,high_bin_residual_mad
2024-04-28 18:59:00,362.28363,362.28363,372.715,False,False,False,372.715,10.431369999999959,False,False,7.845721176760236,2.5856488232397226,True,high_bin_residual_mad
2024-04-28 19:07:00,350.17786,350.17786,361.385,False,False,False,361.385,11.207139999999981,False,False,7.510533303730015,3.696606696269966,True,high_bin_residual_mad
2024-04-28 19:43:00,314.18433,314.18433,328.323,False,False,False,328.323,14.13866999999999,False,False,6.116174999999989,8.022495000000003,True,high_bin_residual_mad
2024-04-28 20:13:00,319.2448,319.2448,333.431,False,False,False,333.431,14.186199999999985,False,False,6.348112983193273,7.838087016806712,True,high_bin_residual_mad
2024-04-28 20:25:00,305.46906,305.46906,300.302,False,False,False,300.302,-5.167059999999992,True,False,5.221143088198128,-10.38820308819812,True,high_bin_residual_mad
2024-04-28 21:11:00,240.04529,240.04529,251.818,False,False,False,251.818,11.772710000000018,False,False,3.858586824324315,7.914123175675703,True,high_bin_residual_mad
2024-04-28 21:22:00,253.23628,253.23628,248.497,False,False,False,248.497,-4.7392799999999795,True,False,3.687286875323336,-8.426566875323315,True,high_bin_residual_mad
2024-04-28 21:46:00,160.28226,160.28226,165.888,False,False,False,165.888,5.605739999999997,False,False,1.9344921692991117,3.6712478307008856,True,high_bin_residual_mad
2024-04-28 21:48:00,133.56158,133.56158,138.613,False,False,False,138.613,5.051420000000007,False,False,1.4901458566344743,3.561274143365533,True,high_bin_residual_mad
2024-04-28 22:20:00,81.206116,81.206116,80.129,False,False,False,80.129,-1.0771159999999895,True,False,0.8377576407914723,-1.9148736407914617,True,high_bin_residual_mad
2024-04-29 05:11:00,358.8471,358.8471,361.055,False,False,False,361.055,2.207899999999995,False,False,7.506811278863231,-5.298911278863236,True,high_bin_residual_mad
2024-04-29 05:27:00,371.57053,371.57053,374.934,False,False,False,374.934,3.3634700000000066,False,False,7.814466881061762,-4.450996881061755,True,high_bin_residual_mad
2024-04-29 05:33:00,370.5001,370.5001,381.81,False,False,False,381.81,11.309900000000027,False,False,8.08569650205762,3.2242034979424066,True,high_bin_residual_mad
2024-04-29 05:39:00,374.0235,374.0235,379.473,False,False,False,379.473,5.4495000000000005,False,False,7.94150647345614,-2.492006473456139,True,high_bin_residual_mad
2024-04-29 05:59:00,349.87335,349.87335,353.742,False,False,False,353.742,3.8686500000000024,False,False,7.419704918546376,-3.551054918546374,True,high_bin_residual_mad
2024-04-29 06:01:00,347.18872,347.18872,349.089,False,False,False,349.089,1.9002800000000093,False,False,7.1720370040281765,-5.271757004028167,True,high_bin_residual_mad
2024-04-29 06:32:00,347.2553,347.2553,359.36,False,False,False,359.36,12.104700000000037,False,False,7.5648094117647195,4.539890588235317,True,high_bin_residual_mad
2024-04-29 07:10:00,263.76172,263.76172,275.315,False,False,False,275.315,11.553279999999972,False,False,4.455800841315029,7.097479158684943,True,high_bin_residual_mad
2024-04-29 07:46:00,142.62598,142.62598,147.76,False,False,False,147.76,5.1340199999999925,False,False,1.6140162586377034,3.520003741362289,True,high_bin_residual_mad
2024-04-29 07:58:00,151.93001,151.93001,157.52,False,False,False,157.52,5.58999,False,False,1.7779084976467745,3.8120815023532257,True,high_bin_residual_mad
2024-04-29 08:16:00,204.67026,204.67026,214.506,False,False,False,214.506,9.835739999999987,False,False,2.8519711895910604,6.983768810408927,True,high_bin_residual_mad
2024-04-29 11:10:00,40.252174,40.252174,43.453,False,False,False,43.453,3.2008260000000064,False,False,0.830980437624749,2.3698455623752572,True,high_bin_residual_mad
2024-04-29 14:52:00,93.25117,93.25117,97.739,False,False,False,97.739,4.487830000000002,False,False,0.9986581112737907,3.4891718887262115,True,high_bin_residual_mad
2024-04-29 15:34:00,43.563404,43.563404,46.719,False,False,False,46.719,3.1555960000000027,False,False,0.8071659549098196,2.348430045090183,True,high_bin_residual_mad
2024-04-29 18:10:00,77.896835,77.896835,80.241,False,False,False,80.241,2.344165000000004,False,False,0.8341078386605746,1.5100571613394291,True,high_bin_residual_mad
2024-04-29 18:58:00,101.30365,101.30365,104.9,False,False,False,104.9,3.596350000000001,False,False,1.0700915024093391,2.526258497590662,True,high_bin_residual_mad
2024-04-29 19:46:00,75.78779,75.78779,74.706,False,False,False,74.706,-1.081789999999998,True,False,0.8381085244291673,-1.9198985244291653,True,high_bin_residual_mad
2024-04-29 21:46:00,144.35255,144.35255,142.826,False,False,False,142.826,-1.5265500000000145,True,False,1.5461621651013426,-3.072712165101357,True,high_bin_residual_mad
2024-04-30 08:05:00,349.41205,349.41205,352.318,False,False,False,352.318,2.9059499999999616,False,False,7.427173054250307,-4.5212230542503455,True,high_bin_residual_mad
2024-04-30 08:08:00,360.85846,360.85846,372.036,False,False,False,372.036,11.177540000000022,False,False,7.800645071393407,3.3768949286066148,True,high_bin_residual_mad
2024-04-30 08:09:00,357.04916,357.04916,368.373,False,False,False,368.373,11.323840000000018,False,False,7.615864020517822,3.707975979482196,True,high_bin_residual_mad
2024-04-30 08:10:00,362.2791,362.2791,365.379,False,False,False,365.379,3.099899999999991,False,False,7.5315342402463985,-4.4316342402464075,True,high_bin_residual_mad
2024-04-30 09:54:00,372.87354,372.87354,378.484,False,False,False,378.484,5.610459999999989,False,False,7.892839610794,-2.2823796107940106,True,high_bin_residual_mad
2024-04-30 10:00:00,375.92407,375.92407,381.712,False,False,False,381.712,5.787930000000017,False,False,8.090001646090544,-2.3020716460905266,True,high_bin_residual_mad
2024-04-30 10:03:00,380.9098,380.9098,385.904,False,False,False,385.904,4.994199999999978,False,False,8.199169244767965,-3.2049692447679874,True,high_bin_residual_mad
2024-04-30 10:04:00,383.97116,383.97116,390.317,False,False,False,390.317,6.34584000000001,False,False,8.258885538227505,-1.913045538227495,True,high_bin_residual_mad
2024-04-30 10:06:00,383.81445,383.81445,394.69,False,False,False,394.69,10.875549999999976,False,False,8.365374698426574,2.510175301573401,True,high_bin_residual_mad
2024-04-30 10:13:00,387.909,387.909,393.792,False,False,False,393.792,5.882999999999981,False,False,8.360321486013984,-2.4773214860140023,True,high_bin_residual_mad
2024-04-30 10:28:00,379.5498,379.5498,391.772,False,False,False,391.772,12.222199999999987,False,False,8.275913818984575,3.9462861810154113,True,high_bin_residual_mad
2024-04-30 10:52:00,338.841,338.841,350.204,False,False,False,350.204,11.363,False,False,7.312916636455154,4.050083363544846,True,high_bin_residual_mad
2024-04-30 22:43:00,189.04062,189.04062,186.521,False,False,False,186.521,-2.5196200000000033,True,False,2.321716800100096,-4.841336800100099,True,high_bin_residual_mad
2024-05-01 04:29:00,110.27438,110.27438,108.913,False,False,False,108.913,-1.361379999999997,True,False,1.094859108280242,-2.456239108280239,True,high_bin_residual_mad
2024-05-01 05:41:00,178.1475,178.1475,175.683,False,False,False,175.683,-2.4645000000000152,True,False,2.1058447991967704,-4.570344799196786,True,high_bin_residual_mad
2024-05-01 07:19:00,205.66058,205.66058,202.909,False,False,False,202.909,-2.7515800000000183,True,False,2.633943709677426,-5.385523709677445,True,high_bin_residual_mad
2024-05-01 07:29:00,212.56181,212.56181,222.361,False,False,False,222.361,9.799189999999982,False,False,3.1986245173086285,6.600565482691353,True,high_bin_residual_mad
2024-05-01 12:39:00,101.79036,101.79036,118.082,False,False,False,118.082,16.291639999999987,False,False,1.2146303671875012,15.077009632812485,True,high_bin_residual_mad
2024-05-01 12:41:00,41.30713,41.30713,56.08,False,False,False,56.08,14.772869999999998,False,False,0.7905693870806236,13.982300612919374,True,high_bin_residual_mad
2024-05-01 13:46:00,80.52734,80.52734,71.952,False,False,False,71.952,-8.575339999999997,True,False,0.8384772569444404,-9.413817256944437,True,high_bin_residual_mad
2024-05-01 13:47:00,95.98137,95.98137,87.278,False,False,False,87.278,-8.703369999999993,True,False,0.9303396106557419,-9.633709610655734,True,high_bin_residual_mad
2024-05-01 18:53:00,72.18769,72.18769,74.724,False,False,False,74.724,2.5363100000000003,False,False,0.8381680530321627,1.6981419469678376,True,high_bin_residual_mad
2024-05-01 19:04:00,76.621315,76.621315,75.694,False,False,False,75.694,-0.927314999999993,True,False,0.8434074521469234,-1.7707224521469165,True,high_bin_residual_mad
2024-05-01 19:07:00,79.80764,79.80764,78.73,False,False,False,78.73,-1.0776400000000024,True,False,0.8719519940696775,-1.9495919940696798,True,high_bin_residual_mad
2024-05-01 19:18:00,86.479126,86.479126,90.168,False,False,False,90.168,3.6888740000000126,False,False,0.9558056095191872,2.7330683904808253,True,high_bin_residual_mad
2024-05-01 19:23:00,84.6353,84.6353,88.288,False,False,False,88.288,3.652699999999996,False,False,0.9439787500000024,2.7087212499999933,True,high_bin_residual_mad
2024-05-01 19:29:00,82.55313,82.55313,81.752,False,False,False,81.752,-0.8011300000000006,True,False,0.8000111231231215,-1.601141123123122,True,high_bin_residual_mad
2024-05-01 20:29:00,99.8117,99.8117,103.711,False,False,False,103.711,3.8992999999999967,False,False,1.0666731651027155,2.8326268348972814,True,high_bin_residual_mad
2024-05-01 21:53:00,27.186062,27.186062,31.025,False,False,False,31.025,3.838937999999999,False,False,0.9720373202990916,2.8669006797009073,True,high_bin_residual_mad
2024-05-03 09:48:00,8.635345,8.635345,142.103,False,False,False,142.103,133.467655,False,False,1.5383782105783548,131.92927678942166,True,high_bin_residual_mad
2024-05-03 22:30:00,33.121895,33.121895,36.175,False,False,False,36.175,3.053104999999995,False,False,0.8959342579505309,2.1571707420494644,True,high_bin_residual_mad
2024-05-04 09:19:00,79.12987,79.12987,81.633,False,False,False,81.633,2.5031299999999987,False,False,0.7906388903903875,1.7124911096096112,True,high_bin_residual_mad
2024-05-04 18:17:00,147.93576,147.93576,146.365,False,False,False,146.365,-1.5707599999999786,True,False,1.5931605957767714,-3.1639205957767498,True,high_bin_residual_mad
2024-05-04 18:22:00,142.92383,142.92383,149.072,False,False,False,149.072,6.148169999999993,False,False,1.624241955400869,4.523928044599124,True,high_bin_residual_mad
2024-05-04 21:01:00,349.30896,349.30896,353.166,False,False,False,353.166,3.8570399999999836,False,False,7.4365695173003035,-3.57952951730032,True,high_bin_residual_mad
2024-05-05 04:47:00,348.0167,348.0167,351.456,False,False,False,351.456,3.439300000000003,False,False,7.417621460914108,-3.9783214609141053,True,high_bin_residual_mad
2024-05-05 10:02:00,151.6081,151.6081,157.609,False,False,False,157.609,6.0009000000000015,False,False,1.778380063165724,4.222519936834278,True,high_bin_residual_mad
2024-05-05 10:07:00,121.78598,121.78598,127.094,False,False,False,127.094,5.308019999999999,False,False,1.3222985096153859,3.985721490384613,True,high_bin_residual_mad
2024-05-05 10:09:00,119.724884,119.724884,117.734,False,False,False,117.734,-1.9908840000000083,True,False,1.2155248359375006,-3.206408835937509,True,high_bin_residual_mad
2024-05-05 10:29:00,111.398415,111.398415,115.033,False,False,False,115.033,3.6345850000000013,False,False,1.161311727408884,2.4732732725911175,True,high_bin_residual_mad
2024-05-05 10:51:00,129.11949,129.11949,134.227,False,False,False,134.227,5.107509999999991,False,False,1.4121693181818131,3.6953406818181778,True,high_bin_residual_mad
2024-05-05 10:52:00,104.64794,104.64794,108.066,False,False,False,108.066,3.418059999999997,False,False,1.0915225673689264,2.3265374326310706,True,high_bin_residual_mad
2024-05-05 10:53:00,80.5998,80.5998,85.758,False,False,False,85.758,5.158199999999994,False,False,0.9177509390698838,4.24044906093011,True,high_bin_residual_mad
2024-05-05 10:54:00,60.22816,60.22816,63.479,False,False,False,63.479,3.2508399999999966,False,False,0.7916655472389438,2.4591744527610526,True,high_bin_residual_mad
2024-05-05 10:59:00,59.867676,59.867676,58.732,False,False,False,58.732,-1.1356760000000037,True,False,0.7916320635400926,-1.9273080635400963,True,high_bin_residual_mad
2024-05-06 09:43:00,52.18556,52.18556,54.665,False,False,False,54.665,2.4794399999999968,False,False,0.786971592720972,1.6924684072790248,True,high_bin_residual_mad
2024-05-06 10:13:00,49.43196,49.43196,46.841,False,False,False,46.841,-2.5909599999999955,True,False,0.8056886302605211,-3.3966486302605166,True,high_bin_residual_mad
2024-05-06 10:25:00,56.01275,56.01275,55.024,False,False,False,55.024,-0.988749999999996,True,False,0.7864876324486748,-1.775237632448671,True,high_bin_residual_mad
2024-05-06 16:25:00,24.753256,24.753256,28.487,False,False,False,28.487,3.733743999999998,False,False,0.9964877576354688,2.7372562423645292,True,high_bin_residual_mad
2024-05-06 16:27:00,37.646393,37.646393,40.114,False,False,False,40.114,2.467606999999994,False,False,0.7847031846799576,1.6829038153200364,True,high_bin_residual_mad
2024-05-06 16:28:00,38.387924,38.387924,40.779,False,False,False,40.779,2.3910760000000053,False,False,0.742574597324237,1.6485014026757683,True,high_bin_residual_mad
2024-05-06 16:29:00,40.16925,40.16925,43.153,False,False,False,43.153,2.9837500000000006,False,False,0.8315835064870246,2.152166493512976,True,high_bin_residual_mad
2024-05-06 16:30:00,45.055782,45.055782,47.577,False,False,False,47.577,2.5212179999999975,False,False,0.7995226172069825,1.721695382793015,True,high_bin_residual_mad
2024-05-06 16:36:00,49.59768,49.59768,52.141,False,False,False,52.141,2.5433200000000014,False,False,0.7866648429773135,1.7566551570226878,True,high_bin_residual_mad
2024-05-07 17:30:00,33.559048,33.559048,36.603,False,False,False,36.603,3.0439520000000044,False,False,0.8915213856638065,2.1524306143361978,True,high_bin_residual_mad
2024-05-07 17:32:00,43.256023,43.256023,45.975,False,False,False,45.975,2.7189770000000024,False,False,0.816175213426853,1.9028017865731495,True,high_bin_residual_mad
2024-05-07 18:15:00,78.95146,78.95146,81.46,False,False,False,81.46,2.5085399999999964,False,False,0.7943836529680338,1.7141563470319627,True,high_bin_residual_mad
2024-05-07 18:19:00,62.154377,62.154377,65.067,False,False,False,65.067,2.9126229999999964,False,False,0.8021793708943885,2.1104436291056077,True,high_bin_residual_mad
2024-05-07 18:21:00,53.06997,53.06997,56.282,False,False,False,56.282,3.2120299999999986,False,False,0.7913501772659017,2.4206798227340967,True,high_bin_residual_mad
2024-05-07 18:26:00,30.956522,30.956522,34.291,False,False,False,34.291,3.334477999999997,False,False,0.9265649130653292,2.407913086934668,True,high_bin_residual_mad
2024-05-07 23:26:00,49.09705,49.09705,47.966,False,False,False,47.966,-1.1310500000000019,True,False,0.796686409476309,-1.927736409476311,True,high_bin_residual_mad
2024-05-08 12:26:00,75.56961,75.56961,74.256,False,False,False,74.256,-1.313609999999997,True,False,0.8366203093542824,-2.1502303093542796,True,high_bin_residual_mad
2024-05-10 03:09:00,204.24007,204.24007,200.629,False,False,False,200.629,-3.611070000000012,True,False,2.6312658874878725,-6.242335887487885,True,high_bin_residual_mad
2024-05-10 04:21:00,340.2871,340.2871,339.478,False,False,False,339.478,-0.8091000000000008,True,False,6.648621386543873,-7.457721386543874,True,high_bin_residual_mad
2024-05-10 05:09:00,347.25455,347.25455,348.842,False,False,False,348.842,1.5874499999999898,False,False,7.1732169719853625,-5.585766971985373,True,high_bin_residual_mad
2024-05-10 05:15:00,342.35043,342.35043,352.451,False,False,False,352.451,10.100570000000005,False,False,7.428646791969234,2.671923208030771,True,high_bin_residual_mad
2024-05-10 05:27:00,356.40695,356.40695,369.975,False,False,False,369.975,13.568050000000028,False,False,7.682109999999982,5.885940000000046,True,high_bin_residual_mad
2024-05-10 05:32:00,365.40887,365.40887,369.625,False,False,False,369.625,4.216130000000021,False,False,7.665137397260255,-3.4490073972602335,True,high_bin_residual_mad
2024-05-10 05:34:00,368.1466,368.1466,372.648,False,False,False,372.648,4.5014000000000465,False,False,7.841273313638623,-3.3398733136385763,True,high_bin_residual_mad
2024-05-10 05:35:00,365.2951,365.2951,369.273,False,False,False,369.273,3.9779000000000337,False,False,7.648067808219161,-3.6701678082191274,True,high_bin_residual_mad
2024-05-10 05:45:00,353.69244,353.69244,356.769,False,False,False,356.769,3.076560000000029,False,False,7.437505481901452,-4.360945481901423,True,high_bin_residual_mad
2024-05-10 05:51:00,354.38495,354.38495,365.563,False,False,False,365.563,11.178049999999985,False,False,7.536610297741268,3.641439702258717,True,high_bin_residual_mad
2024-05-10 05:52:00,352.3739,352.3739,356.707,False,False,False,356.707,4.333100000000002,False,False,7.435075503706947,-3.101975503706945,True,high_bin_residual_mad
2024-05-10 06:05:00,355.99664,355.99664,359.851,False,False,False,359.851,3.8543599999999856,False,False,7.547995585804579,-3.6936355858045937,True,high_bin_residual_mad
2024-05-10 06:08:00,360.04633,360.04633,361.985,False,False,False,361.985,1.938670000000002,False,False,7.517300621669622,-5.57863062166962,True,high_bin_residual_mad
2024-05-10 06:17:00,360.50836,360.50836,364.45,False,False,False,364.45,3.9416400000000067,False,False,7.522312211016278,-3.580672211016271,True,high_bin_residual_mad
2024-05-10 06:27:00,357.55432,357.55432,368.587,False,False,False,368.587,11.03267999999997,False,False,7.622020571568136,3.410659428431835,True,high_bin_residual_mad
2024-05-10 06:51:00,350.40204,350.40204,353.699,False,False,False,353.699,3.2969600000000128,False,False,7.421672518797003,-4.12471251879699,True,high_bin_residual_mad
2024-05-10 06:55:00,348.4151,348.4151,353.109,False,False,False,353.109,4.693899999999985,False,False,7.435937915420763,-2.742037915420778,True,high_bin_residual_mad
2024-05-10 07:03:00,353.3109,353.3109,354.325,False,False,False,354.325,1.014099999999985,False,False,7.393027919799514,-6.378927919799529,True,high_bin_residual_mad
2024-05-10 07:04:00,354.0345,354.0345,357.419,False,False,False,357.419,3.3845000000000027,False,False,7.4687980619718415,-4.084298061971839,True,high_bin_residual_mad
2024-05-10 07:07:00,346.11133,346.11133,356.459,False,False,False,356.459,10.347669999999994,False,False,7.425355590928928,2.922314409071066,True,high_bin_residual_mad
2024-05-10 07:09:00,348.18204,348.18204,351.562,False,False,False,351.562,3.3799600000000396,False,False,7.418796018795358,-4.038836018795318,True,high_bin_residual_mad
2024-05-10 07:11:00,345.74133,345.74133,356.206,False,False,False,356.206,10.464670000000012,False,False,7.4154397121674815,3.049230287832531,True,high_bin_residual_mad
2024-05-10 07:43:00,352.9417,352.9417,357.488,False,False,False,357.488,4.546299999999974,False,False,7.473539819718321,-2.9272398197183476,True,high_bin_residual_mad
2024-05-10 07:46:00,347.37854,347.37854,357.771,False,False,False,357.771,10.392460000000028,False,False,7.492987898591563,2.899472101408465,True,high_bin_residual_mad
2024-05-10 08:03:00,364.08932,364.08932,367.968,False,False,False,367.968,3.878680000000031,False,False,7.604212603810454,-3.7255326038104224,True,high_bin_residual_mad
2024-05-10 08:28:00,369.90515,369.90515,382.148,False,False,False,382.148,12.242850000000033,False,False,8.070848148148155,4.172001851851878,True,high_bin_residual_mad
2024-05-10 08:33:00,371.15335,371.15335,382.385,False,False,False,382.385,11.231650000000002,False,False,8.06043672839507,3.171213271604932,True,high_bin_residual_mad
2024-05-10 08:51:00,385.11615,385.11615,391.334,False,False,False,391.334,6.2178499999999985,False,False,8.249574597130282,-2.0317245971302835,True,high_bin_residual_mad
2024-05-10 08:56:00,386.24713,386.24713,392.729,False,False,False,392.729,6.481869999999958,False,False,8.333463214679915,-1.8515932146799567,True,high_bin_residual_mad
2024-05-10 08:57:00,385.0036,385.0036,395.012,False,False,False,395.012,10.008399999999995,False,False,8.367186652097905,1.6412133479020898,True,high_bin_residual_mad
2024-05-10 09:00:00,385.04474,385.04474,395.035,False,False,False,395.035,9.990260000000035,False,False,8.367316077360142,1.6229439226398927,True,high_bin_residual_mad
2024-05-10 09:09:00,388.2116,388.2116,393.589,False,False,False,393.589,5.377400000000023,False,False,8.359179167395101,-2.9817791673950786,True,high_bin_residual_mad
2024-05-10 09:15:00,390.66705,390.66705,397.186,False,False,False,397.186,6.518949999999961,False,False,8.4427801260725,-1.9238301260725397,True,high_bin_residual_mad
2024-05-10 09:57:00,389.33084,389.33084,399.359,False,False,False,399.359,10.028159999999957,False,False,8.492548713009977,1.5356112869899796,True,high_bin_residual_mad
2024-05-11 03:02:00,390.3977,390.3977,397.15,False,False,False,397.15,6.752299999999991,False,False,8.441955611976896,-1.6896556119769048,True,high_bin_residual_mad
2024-05-11 03:10:00,382.28372,382.28372,393.167,False,False,False,393.167,10.883279999999957,False,False,8.356804495192304,2.526475504807653,True,high_bin_residual_mad
2024-05-11 03:14:00,376.0865,376.0865,386.121,False,False,False,386.121,10.03449999999998,False,False,8.187790072793442,1.846709927206538,True,high_bin_residual_mad
2024-05-11 03:16:00,370.34558,370.34558,380.873,False,False,False,380.873,10.527420000000006,False,False,8.124242118093187,2.403177881906819,True,high_bin_residual_mad
2024-05-11 03:18:00,369.0191,369.0191,380.206,False,False,False,380.206,11.186900000000037,False,False,8.037181635969683,3.1497183640303543,True,high_bin_residual_mad
2024-05-11 03:27:00,352.98865,352.98865,354.859,False,False,False,354.859,1.8703499999999735,False,False,7.368593070175457,-5.498243070175484,True,high_bin_residual_mad
2024-05-11 03:43:00,342.59058,342.59058,354.465,False,False,False,354.465,11.874419999999986,False,False,7.386621779448638,4.4877982205513485,True,high_bin_residual_mad
2024-05-11 03:44:00,347.50034,347.50034,350.246,False,False,False,350.246,2.7456599999999867,False,False,7.31822331319231,-4.572563313192323,True,high_bin_residual_mad
2024-05-11 03:45:00,341.5327,341.5327,352.709,False,False,False,352.709,11.176300000000026,False,False,7.431505621529256,3.74479437847077,True,high_bin_residual_mad
2024-05-11 03:53:00,350.89838,350.89838,352.462,False,False,False,352.462,1.5636200000000144,False,False,7.42876868005125,-5.865148680051235,True,high_bin_residual_mad
2024-05-11 03:58:00,353.51263,353.51263,356.956,False,False,False,356.956,3.443370000000016,False,False,7.444834609681652,-4.001464609681636,True,high_bin_residual_mad
2024-05-11 04:03:00,354.5741,354.5741,359.14,False,False,False,359.14,4.565899999999999,False,False,7.572343101604295,-3.0064431016042956,True,high_bin_residual_mad
2024-05-11 04:09:00,352.4528,352.4528,357.229,False,False,False,357.229,4.77619999999996,False,False,7.455741047887334,-2.6795410478873736,True,high_bin_residual_mad
2024-05-11 18:43:00,38.04782,38.04782,40.799,False,False,False,40.799,2.751179999999998,False,False,0.7413075721406066,2.009872427859391,True,high_bin_residual_mad
2024-05-11 18:44:00,43.203243,43.203243,45.839,False,False,False,45.839,2.635756999999998,False,False,0.8178220671342676,1.8179349328657306,True,high_bin_residual_mad
2024-05-11 18:45:00,48.90189,48.90189,51.478,False,False,False,51.478,2.57611,False,False,0.7841056257965854,1.7920043742034144,True,high_bin_residual_mad
2024-05-11 18:47:00,61.541992,61.541992,64.199,False,False,False,64.199,2.6570079999999976,False,False,0.7971315927767593,1.8598764072232383,True,high_bin_residual_mad
2024-05-11 21:05:00,349.97864,349.97864,350.699,False,False,False,350.699,0.7203600000000279,False,False,7.375459612285964,-6.6550996122859365,True,high_bin_residual_mad
2024-05-11 21:06:00,348.01953,348.01953,352.406,False,False,False,352.406,4.386470000000031,False,False,7.428148158906438,-3.0416781589064072,True,high_bin_residual_mad
2024-05-11 21:27:00,357.32166,357.32166,360.732,False,False,False,360.732,3.4103400000000192,False,False,7.517826582401556,-4.1074865824015365,True,high_bin_residual_mad
2024-05-11 22:10:00,349.5897,349.5897,351.784,False,False,False,351.784,2.1942999999999984,False,False,7.4212559419051445,-5.226955941905146,True,high_bin_residual_mad
2024-05-11 22:13:00,362.4168,362.4168,366.097,False,False,False,366.097,3.6801999999999566,False,False,7.551341899383987,-3.87114189938403,True,high_bin_residual_mad
2024-05-11 22:20:00,386.7083,386.7083,392.645,False,False,False,392.645,5.936699999999973,False,False,8.328411857064022,-2.391711857064049,True,high_bin_residual_mad
2024-05-11 22:43:00,378.83087,378.83087,384.258,False,False,False,384.258,5.427129999999977,False,False,8.162629090909089,-2.735499090909112,True,high_bin_residual_mad
2024-05-11 22:45:00,373.55728,373.55728,379.47,False,False,False,379.47,5.912720000000036,False,False,7.941114897074776,-2.0283948970747403,True,high_bin_residual_mad
2024-05-11 23:02:00,377.92105,377.92105,382.254,False,False,False,382.254,4.332950000000039,False,False,8.066191563786015,-3.7332415637859757,True,high_bin_residual_mad
2024-05-11 23:17:00,382.80252,382.80252,389.162,False,False,False,389.162,6.359479999999962,False,False,8.272228006846754,-1.9127480068467921,True,high_bin_residual_mad
2024-05-11 23:19:00,377.7375,377.7375,389.133,False,False,False,389.133,11.39549999999997,False,False,8.272563012552345,3.122936987447625,True,high_bin_residual_mad
2024-05-11 23:31:00,385.96475,385.96475,391.968,False,False,False,391.968,6.003250000000037,False,False,8.287700320088325,-2.284450320088288,True,high_bin_residual_mad
2024-05-12 06:22:00,91.71396,91.71396,95.147,False,False,False,95.147,3.4330400000000054,False,False,0.9852586336530944,2.447781366346911,True,high_bin_residual_mad
2024-05-12 08:22:00,116.523254,116.523254,122.11,False,False,False,122.11,5.586746000000005,False,False,1.2501328608207998,4.336613139179205,True,high_bin_residual_mad
2024-05-12 08:40:00,72.740295,72.740295,75.975,False,False,False,75.975,3.234704999999991,False,False,0.845198409208486,2.389506590791505,True,high_bin_residual_mad
2024-05-12 12:58:00,73.60168,73.60168,76.456,False,False,False,76.456,2.8543200000000013,False,False,0.8482640688049687,2.0060559311950326,True,high_bin_residual_mad
2024-05-12 13:16:00,71.90488,71.90488,74.573,False,False,False,74.573,2.6681199999999876,False,False,0.8376686741959235,1.8304513258040642,True,high_bin_residual_mad
2024-05-12 13:52:00,70.191925,70.191925,68.44,False,False,False,68.44,-1.751925,True,False,0.8094693497321009,-2.561394349732101,True,high_bin_residual_mad
2024-05-12 14:22:00,66.081116,66.081116,63.638,False,False,False,63.638,-2.4431159999999963,True,False,0.7928726322952113,-3.2359886322952076,True,high_bin_residual_mad
2024-05-12 15:19:00,57.707783,57.707783,61.358,False,False,False,61.358,3.650216999999998,False,False,0.7991578325609775,2.85105916743902,True,high_bin_residual_mad
2024-05-12 15:34:00,44.631065,44.631065,43.642,False,False,False,43.642,-0.9890649999999965,True,False,0.8306005042415154,-1.819665504241512,True,high_bin_residual_mad
2024-05-12 16:09:00,38.094418,38.094418,40.807,False,False,False,40.807,2.7125820000000047,False,False,0.7408007620671542,1.9717812379328505,True,high_bin_residual_mad
2024-05-14 08:29:00,42.643417,42.643417,45.328,False,False,False,45.328,2.6845830000000035,False,False,0.8240098777555096,1.860573122244494,True,high_bin_residual_mad
2024-05-14 13:17:00,90.91185,90.91185,94.001,False,False,False,94.001,3.0891500000000036,False,False,0.9696285746689525,2.119521425331051,True,high_bin_residual_mad
2024-05-14 13:35:00,80.46114,80.46114,80.047,False,False,False,80.047,-0.4141400000000033,True,False,0.8404298173515943,-1.2545698173515976,True,high_bin_residual_mad
2024-05-15 07:53:00,37.837883,37.837883,40.316,False,False,False,40.316,2.4781170000000046,False,False,0.7719062303252874,1.7062107696747173,True,high_bin_residual_mad
2024-05-15 08:22:00,50.710445,50.710445,53.527,False,False,False,53.527,2.816555000000001,False,False,0.7889497798960138,2.0276052201039874,True,high_bin_residual_mad
2024-05-15 08:39:00,45.86936,45.86936,48.924,False,False,False,48.924,3.054639999999999,False,False,0.7897016099750616,2.2649383900249376,True,high_bin_residual_mad
2024-05-15 10:17:00,385.48477,385.48477,391.864,False,False,False,391.864,6.37922999999995,False,False,8.28144625827817,-1.9022162582782194,True,high_bin_residual_mad
2024-05-15 10:37:00,391.655,391.655,398.732,False,False,False,398.732,7.077000000000055,False,False,8.478188425844863,-1.4011884258448077,True,high_bin_residual_mad
2024-05-15 11:34:00,341.12366,341.12366,384.632,False,False,False,384.632,43.50834000000003,False,False,8.21959609090909,35.28874390909094,True,high_bin_residual_mad
2024-05-15 11:35:00,299.6891,299.6891,342.185,False,False,False,342.185,42.495900000000006,False,False,6.802397664897644,35.693502335102366,True,high_bin_residual_mad
2024-05-15 11:36:00,259.19244,259.19244,298.383,False,False,False,298.383,39.190560000000005,False,False,5.108344255214707,34.0822157447853,True,high_bin_residual_mad
2024-05-15 11:37:00,224.76154,224.76154,263.675,False,False,False,263.675,38.913460000000015,False,False,4.15226252220251,34.7611974777975,True,high_bin_residual_mad
2024-05-15 11:38:00,183.76416,183.76416,218.729,False,False,False,218.729,34.96484000000001,False,False,3.017291640513558,31.94754835948645,True,high_bin_residual_mad
2024-05-15 11:39:00,142.89386,142.89386,180.284,False,False,False,180.284,37.39014,False,False,2.196590769826919,35.19354923017308,True,high_bin_residual_mad
2024-05-15 11:40:00,102.07287,102.07287,140.632,False,False,False,140.632,38.55913000000001,False,False,1.522059031311157,37.03707096868885,True,high_bin_residual_mad
2024-05-15 11:41:00,59.349472,59.349472,89.531,False,False,False,89.531,30.181528000000007,False,False,0.9543484604176807,29.227179539582327,True,high_bin_residual_mad
2024-05-15 11:42:00,38.32203,38.32203,51.609,False,False,False,51.609,13.286970000000004,False,False,0.7846112931430038,12.502358706857,True,high_bin_residual_mad
2024-05-15 13:47:00,73.8465,73.8465,42.109,False,False,False,42.109,-31.737500000000004,True,False,0.79073554050213,-32.52823554050214,True,high_bin_residual_mad
2024-05-15 13:48:00,121.05717,121.05717,86.098,False,False,False,86.098,-34.95917,True,False,0.9201815881621506,-35.87935158816215,True,high_bin_residual_mad
2024-05-15 13:49:00,157.76102,157.76102,123.198,False,False,False,123.198,-34.56302000000001,True,False,1.2523737141621352,-35.81539371416214,True,high_bin_residual_mad
2024-05-15 13:50:00,199.85928,199.85928,163.89,False,False,False,163.89,-35.969280000000026,True,False,1.8774803649634975,-37.84676036496352,True,high_bin_residual_mad
2024-05-15 13:51:00,237.15482,237.15482,204.294,False,False,False,204.294,-32.86081999999999,True,False,2.691964982508754,-35.55278498250874,True,high_bin_residual_mad
2024-05-15 13:53:00,316.81934,316.81934,287.42,False,False,False,287.42,-29.399339999999995,True,False,4.920829458519615,-34.32016945851961,True,high_bin_residual_mad
2024-05-15 13:54:00,346.98352,346.98352,329.209,False,False,False,329.209,-17.774519999999995,True,False,6.115568696296283,-23.890088696296278,True,high_bin_residual_mad
2024-05-16 17:49:00,348.06937,348.06937,352.001,False,False,False,352.001,3.931629999999984,False,False,7.423660461341287,-3.4920304613413027,True,high_bin_residual_mad
2024-05-16 18:06:00,361.5263,361.5263,372.021,False,False,False,372.021,10.494700000000023,False,False,7.799649281142299,2.6950507188577237,True,high_bin_residual_mad
2024-05-16 18:17:00,372.8957,372.8957,377.028,False,False,False,377.028,4.132300000000043,False,False,7.9074354323308595,-3.775135432330816,True,high_bin_residual_mad
2024-05-16 18:21:00,373.49014,373.49014,379.32,False,False,False,379.32,5.8298599999999965,False,False,7.9215360780065165,-2.09167607800652,True,high_bin_residual_mad
2024-05-16 18:26:00,380.17627,380.17627,386.421,False,False,False,386.421,6.244730000000004,False,False,8.172058498635115,-1.9273284986351111,True,high_bin_residual_mad
2024-05-16 18:29:00,382.7077,382.7077,388.458,False,False,False,388.458,5.750300000000038,False,False,8.259549027863818,-2.5092490278637793,True,high_bin_residual_mad
2024-05-16 18:30:00,379.1459,379.1459,389.451,False,False,False,389.451,10.305100000000039,False,False,8.26888950171172,2.036210498288318,True,high_bin_residual_mad
2024-05-16 18:45:00,389.79388,389.79388,396.716,False,False,False,396.716,6.922120000000007,False,False,8.432015636490995,-1.5098956364909881,True,high_bin_residual_mad
2024-05-17 02:07:00,383.41864,383.41864,394.321,False,False,False,394.321,10.902360000000044,False,False,8.363298267045455,2.5390617329545897,True,high_bin_residual_mad
2024-05-17 02:11:00,386.16168,386.16168,392.82,False,False,False,392.82,6.658320000000003,False,False,8.338935518763797,-1.6806155187637941,True,high_bin_residual_mad
2024-05-17 02:18:00,382.87,382.87,389.27,False,False,False,389.27,6.399999999999977,False,False,8.270980399391448,-1.8709803993914704,True,high_bin_residual_mad
2024-05-17 02:28:00,380.50073,380.50073,390.823,False,False,False,390.823,10.322270000000003,False,False,8.253040266260976,2.069229733739027,True,high_bin_residual_mad
2024-05-17 02:34:00,383.38474,383.38474,393.542,False,False,False,393.542,10.157259999999951,False,False,8.358914689685312,1.7983453103146392,True,high_bin_residual_mad
2024-05-17 05:06:00,346.02167,346.02167,356.948,False,False,False,356.948,10.926330000000007,False,False,7.444521064108166,3.4818089358918414,True,high_bin_residual_mad
2024-05-17 05:09:00,347.45605,347.45605,358.349,False,False,False,358.349,10.892949999999985,False,False,7.532708709859169,3.3602412901408156,True,high_bin_residual_mad
2024-05-17 05:12:00,355.00186,355.00186,358.701,False,False,False,358.701,3.69914,False,False,7.55689854647889,-3.85775854647889,True,high_bin_residual_mad
2024-05-17 05:16:00,354.07416,354.07416,358.59,False,False,False,358.59,4.515839999999969,False,False,7.549270501408464,-3.0334305014084952,True,high_bin_residual_mad
2024-05-17 05:24:00,361.59045,361.59045,372.639,False,False,False,372.639,11.048550000000034,False,False,7.840675839487957,3.207874160512077,True,high_bin_residual_mad
2024-05-17 05:36:00,372.71362,372.71362,378.065,False,False,False,378.065,5.351380000000006,False,False,7.898538619616007,-2.5471586196160008,True,high_bin_residual_mad
2024-05-17 05:54:00,381.66885,381.66885,387.132,False,False,False,387.132,5.463149999999985,False,False,8.145307764705878,-2.6821577647058934,True,high_bin_residual_mad
2024-05-17 06:12:00,376.40204,376.40204,381.797,False,False,False,381.797,5.394960000000026,False,False,8.0862675925926,-2.6913075925925742,True,high_bin_residual_mad
2024-05-17 06:13:00,378.7489,378.7489,383.978,False,False,False,383.978,5.229100000000017,False,False,8.119980000000005,-2.8908799999999886,True,high_bin_residual_mad
2024-05-17 06:16:00,374.28326,374.28326,384.756,False,False,False,384.756,10.472739999999988,False,False,8.238483545454539,2.2342564545454486,True,high_bin_residual_mad
2024-05-17 06:19:00,376.23874,376.23874,386.342,False,False,False,386.342,10.103259999999977,False,False,8.176201146496808,1.9270588535031692,True,high_bin_residual_mad
2024-05-17 06:40:00,378.4053,378.4053,384.55,False,False,False,384.55,6.1447,False,False,8.207106000000001,-2.062406000000001,True,high_bin_residual_mad
2024-05-17 06:51:00,376.99796,376.99796,387.237,False,False,False,387.237,10.239040000000045,False,False,8.154354018575852,2.084685981424194,True,high_bin_residual_mad
2024-05-17 07:07:00,366.4986,366.4986,371.622,False,False,False,371.622,5.123400000000004,False,False,7.773161260462821,-2.6497612604628173,True,high_bin_residual_mad
2024-05-17 07:10:00,367.58667,367.58667,372.559,False,False,False,372.559,4.9723299999999995,False,False,7.835364958148714,-2.863034958148715,True,high_bin_residual_mad
2024-05-17 07:24:00,362.05505,362.05505,365.496,False,False,False,365.496,3.4409499999999866,False,False,7.5347619507186785,-4.093811950718692,True,high_bin_residual_mad
2024-05-17 07:36:00,362.35718,362.35718,365.043,False,False,False,365.043,2.6858199999999783,False,False,7.5222649178644625,-4.836444917864484,True,high_bin_residual_mad
2024-05-17 07:42:00,368.6665,368.6665,374.213,False,False,False,374.213,5.546500000000037,False,False,7.8341499234303305,-2.287649923430293,True,high_bin_residual_mad
2024-05-17 07:43:00,368.00574,368.00574,373.434,False,False,False,373.434,5.428260000000023,False,False,7.85541634507404,-2.4271563450740175,True,high_bin_residual_mad
2024-05-17 07:46:00,365.89682,365.89682,376.579,False,False,False,376.579,10.682180000000017,False,False,7.886664962406039,2.7955150375939777,True,high_bin_residual_mad
2024-05-17 07:50:00,369.3286,369.3286,373.374,False,False,False,373.374,4.045400000000029,False,False,7.857054323634531,-3.811654323634502,True,high_bin_residual_mad
2024-05-17 09:12:00,349.7514,349.7514,353.251,False,False,False,353.251,3.4995999999999867,False,False,7.437511379752248,-3.9379113797522614,True,high_bin_residual_mad
2024-05-17 09:31:00,365.0974,365.0974,369.604,False,False,False,369.604,4.506599999999992,False,False,7.664119041095871,-3.1575190410958793,True,high_bin_residual_mad
2024-05-17 09:36:00,370.11353,370.11353,375.654,False,False,False,375.654,5.540469999999971,False,False,7.843875018796998,-2.3034050187970276,True,high_bin_residual_mad
2024-05-17 09:51:00,369.71063,369.71063,379.679,False,False,False,379.679,9.968369999999993,False,False,7.968394718309872,1.999975281690121,True,high_bin_residual_mad
2024-05-17 09:54:00,370.81458,370.81458,375.644,False,False,False,375.644,4.829420000000027,False,False,7.843412424812036,-3.0139924248120087,True,high_bin_residual_mad
2024-05-17 09:55:00,365.6435,365.6435,375.8,False,False,False,375.8,10.156499999999994,False,False,7.850628890977453,2.305871109022541,True,high_bin_residual_mad
2024-05-17 10:05:00,366.3548,366.3548,371.623,False,False,False,371.623,5.268199999999979,False,False,7.773227646479561,-2.505027646479582,True,high_bin_residual_mad
2024-05-17 15:43:00,347.49188,347.49188,352.101,False,False,False,352.101,4.6091200000000185,False,False,7.424768534814164,-2.8156485348141453,True,high_bin_residual_mad
2024-05-18 01:44:00,373.4977,373.4977,384.085,False,False,False,384.085,10.58729999999997,False,False,8.136278045454546,2.451021954545425,True,high_bin_residual_mad
2024-05-18 01:49:00,363.4358,363.4358,374.248,False,False,False,374.248,10.812200000000018,False,False,7.833194435936711,2.979005564063307,True,high_bin_residual_mad
2024-05-18 05:36:00,348.5077,348.5077,350.258,False,False,False,350.258,1.7502999999999815,False,False,7.319739506545784,-5.569439506545803,True,high_bin_residual_mad
2024-05-18 05:38:00,353.00702,353.00702,357.459,False,False,False,357.459,4.451979999999992,False,False,7.471546907042265,-3.0195669070422735,True,high_bin_residual_mad
2024-05-18 05:39:00,356.62585,356.62585,358.572,False,False,False,358.572,1.9461499999999887,False,False,7.548033521126776,-5.601883521126787,True,high_bin_residual_mad
2024-05-18 05:45:00,364.12354,364.12354,374.4,False,False,False,374.4,10.276459999999986,False,False,7.829044890250134,2.447415109749852,True,high_bin_residual_mad
2024-05-18 07:25:00,360.91238,360.91238,371.704,False,False,False,371.704,10.791620000000023,False,False,7.7786049138355455,3.0130150861644776,True,high_bin_residual_mad
2024-05-18 07:37:00,362.50757,362.50757,366.243,False,False,False,366.243,3.735430000000008,False,False,7.555369640657091,-3.8199396406570827,True,high_bin_residual_mad
2024-05-18 07:43:00,360.6537,360.6537,363.16,False,False,False,363.16,2.50630000000001,False,False,7.528386920093085,-5.0220869200930744,True,high_bin_residual_mad
2024-05-18 09:22:00,365.67053,365.67053,370.385,False,False,False,370.385,4.714470000000006,False,False,7.701992191780802,-2.987522191780796,True,high_bin_residual_mad
2024-05-18 09:27:00,359.7845,359.7845,371.509,False,False,False,371.509,11.724500000000035,False,False,7.7656596405711396,3.958840359428895,True,high_bin_residual_mad
2024-05-18 09:28:00,368.87936,368.87936,373.5,False,False,False,373.5,4.62063999999998,False,False,7.853614568657501,-3.2329745686575206,True,high_bin_residual_mad
2024-05-18 09:29:00,364.23004,364.23004,374.081,False,False,False,374.081,9.850960000000043,False,False,7.837753476263411,2.013206523736632,True,high_bin_residual_mad
2024-05-18 09:44:00,370.0866,370.0866,375.445,False,False,False,375.445,5.358400000000017,False,False,7.83420680451128,-2.4758068045112624,True,high_bin_residual_mad
2024-05-18 09:45:00,371.33914,371.33914,376.109,False,False,False,376.109,4.769859999999994,False,False,7.864923045112795,-3.095063045112801,True,high_bin_residual_mad
2024-05-18 09:47:00,369.9948,369.9948,375.569,False,False,False,375.569,5.574200000000019,False,False,7.8399429699248175,-2.2657429699247986,True,high_bin_residual_mad
2024-05-18 09:49:00,372.14252,372.14252,375.123,False,False,False,375.123,2.98048,False,False,7.819311278195484,-4.838831278195484,True,high_bin_residual_mad
2024-05-18 09:51:00,370.17932,370.17932,375.624,False,False,False,375.624,5.444680000000005,False,False,7.8424872368421115,-2.397807236842106,True,high_bin_residual_mad
2024-05-18 10:06:00,374.4832,374.4832,380.001,False,False,False,380.001,5.517799999999966,False,False,8.010423916576395,-2.492623916576429,True,high_bin_residual_mad
2024-05-18 10:31:00,382.5765,382.5765,388.993,False,False,False,388.993,6.416499999999985,False,False,8.274180281475891,-1.857680281475906,True,high_bin_residual_mad
2024-05-18 13:57:00,343.99762,343.99762,356.76,False,False,False,356.76,12.762380000000007,False,False,7.437152743131281,5.325227256868726,True,high_bin_residual_mad
2024-05-18 14:01:00,190.31818,190.31818,186.416,False,False,False,186.416,-3.9021800000000155,True,False,2.3244572554416,-6.226637255441616,True,high_bin_residual_mad
2024-05-18 14:04:00,68.50319,68.50319,66.36,False,False,False,66.36,-2.143190000000004,True,False,0.7910101768569974,-2.9342001768570016,True,high_bin_residual_mad
2024-05-18 14:05:00,43.86206,43.86206,49.64,False,False,False,49.64,5.777940000000001,False,False,0.7869531006979062,4.9909868993020945,True,high_bin_residual_mad
2024-05-18 14:59:00,82.14866,82.14866,81.619,False,False,False,81.619,-0.5296600000000069,True,False,0.7895362747747721,-1.319196274774779,True,high_bin_residual_mad
2024-05-18 15:01:00,163.25984,163.25984,134.991,False,False,False,134.991,-28.268839999999983,True,False,1.4286108208955113,-29.697450820895494,True,high_bin_residual_mad
2024-05-18 15:02:00,205.5022,205.5022,202.314,False,False,False,202.314,-3.188199999999995,True,False,2.63719290322581,-5.825392903225804,True,high_bin_residual_mad
2024-05-18 15:07:00,386.78873,386.78873,385.752,False,False,False,385.752,-1.0367299999999773,True,False,8.207139909008182,-9.24386990900816,True,high_bin_residual_mad
2024-05-18 19:13:00,382.2389,382.2389,392.33,False,False,False,392.33,10.091099999999983,False,False,8.309469266004427,1.7816307339955557,True,high_bin_residual_mad
2024-05-18 21:07:00,377.19257,377.19257,387.436,False,False,False,387.436,10.24342999999999,False,False,8.171498823529415,2.0719311764705743,True,high_bin_residual_mad
2024-05-18 21:49:00,376.8604,376.8604,381.316,False,False,False,381.316,4.455599999999947,False,False,8.107397942386841,-3.651797942386894,True,high_bin_residual_mad
2024-05-18 21:50:00,375.81024,375.81024,381.386,False,False,False,381.386,5.5757600000000025,False,False,8.104322839506182,-2.528562839506179,True,high_bin_residual_mad
2024-05-18 21:54:00,369.11816,369.11816,379.672,False,False,False,379.672,10.553840000000037,False,False,7.967481040086693,2.586358959913343,True,high_bin_residual_mad
2024-05-19 03:55:00,91.09122,91.09122,94.236,False,False,False,94.236,3.1447799999999972,False,False,0.9730178647621351,2.171762135237862,True,high_bin_residual_mad
2024-05-19 09:43:00,200.19656,200.19656,197.188,False,False,False,197.188,-3.008560000000017,True,False,2.550874463840392,-5.559434463840409,True,high_bin_residual_mad
2024-05-19 11:07:00,101.62985,101.62985,105.996,False,False,False,105.996,4.36614999999999,False,False,1.0789088077496267,3.287241192250364,True,high_bin_residual_mad
2024-05-19 20:15:00,85.95894,85.95894,88.945,False,False,False,88.945,2.986059999999995,False,False,0.9528509426229521,2.033209057377043,True,high_bin_residual_mad
2024-05-20 21:08:00,79.54085,79.54085,81.691,False,False,False,81.691,2.1501499999999965,False,False,0.7952068693693677,1.3549431306306288,True,high_bin_residual_mad
2024-05-21 09:20:00,123.426544,123.426544,127.789,False,False,False,127.789,4.362455999999995,False,False,1.329388238636368,3.0330677613636263,True,high_bin_residual_mad
2024-05-21 15:37:00,60.26135,60.26135,58.465,False,False,False,58.465,-1.7963499999999968,True,False,0.7920131747352518,-2.5883631747352487,True,high_bin_residual_mad
2024-05-21 23:08:00,52.96937,52.96937,55.477,False,False,False,55.477,2.507629999999999,False,False,0.7882386124186301,1.7193913875813687,True,high_bin_residual_mad
2024-05-22 00:16:00,38.3842,38.3842,40.667,False,False,False,40.667,2.2828000000000017,False,False,0.7496699383525689,1.5331300616474328,True,high_bin_residual_mad
2024-05-22 02:20:00,34.391632,34.391632,37.225,False,False,False,37.225,2.833368,False,False,0.8838352004008014,1.9495327995991987,True,high_bin_residual_mad
2024-05-23 14:57:00,71.91875,71.91875,70.562,False,False,False,70.562,-1.3567500000000052,True,False,0.8386726658227832,-2.1954226658227887,True,high_bin_residual_mad
2024-05-24 03:15:00,96.48767,96.48767,99.686,False,False,False,99.686,3.1983300000000128,False,False,1.021446335005011,2.176883664995002,True,high_bin_residual_mad
2024-05-24 03:33:00,54.31778,54.31778,56.807,False,False,False,56.807,2.489220000000003,False,False,0.7933794586880353,1.6958405413119677,True,high_bin_residual_mad
2024-05-25 15:20:00,152.94183,152.94183,150.348,False,False,False,150.348,-2.593829999999997,True,False,1.6341170572312493,-4.227947057231246,True,high_bin_residual_mad
2024-05-25 15:28:00,174.63281,174.63281,172.233,False,False,False,172.233,-2.399810000000002,True,False,2.0451942878560603,-4.4450042878560625,True,high_bin_residual_mad
2024-05-25 21:28:00,351.01184,351.01184,363.778,False,False,False,363.778,12.766160000000013,False,False,7.525476710628382,5.240683289371631,True,high_bin_residual_mad
2024-05-25 23:11:00,357.6938,357.6938,359.812,False,False,False,359.812,2.1182000000000016,False,False,7.549331103548867,-5.431131103548865,True,high_bin_residual_mad
2024-05-25 23:22:00,371.08368,371.08368,375.279,False,False,False,375.279,4.195319999999981,False,False,7.826527744360901,-3.6312077443609203,True,high_bin_residual_mad
2024-05-25 23:40:00,368.12885,368.12885,378.067,False,False,False,378.067,9.938150000000007,False,False,7.898511416709935,2.0396385832900723,True,high_bin_residual_mad
2024-05-25 23:56:00,373.992,373.992,379.847,False,False,False,379.847,5.854999999999961,False,False,7.990322995666319,-2.1353229956663577,True,high_bin_residual_mad
2024-05-26 02:08:00,369.2547,369.2547,374.768,False,False,False,374.768,5.513299999999958,False,False,7.818998621745789,-2.3056986217458304,True,high_bin_residual_mad
2024-05-26 02:24:00,347.67416,347.67416,352.367,False,False,False,352.367,4.6928400000000465,False,False,7.427716010252017,-2.7348760102519707,True,high_bin_residual_mad
2024-05-26 02:34:00,351.78394,351.78394,354.451,False,False,False,354.451,2.667060000000049,False,False,7.387262393483724,-4.7202023934836745,True,high_bin_residual_mad
2024-05-26 02:43:00,349.96585,349.96585,351.709,False,False,False,351.709,1.7431500000000142,False,False,7.420424886800487,-5.677274886800473,True,high_bin_residual_mad
2024-05-26 02:45:00,341.6557,341.6557,352.812,False,False,False,352.812,11.156299999999987,False,False,7.432646937206319,3.7236530627936686,True,high_bin_residual_mad
2024-05-26 02:46:00,345.78363,345.78363,356.366,False,False,False,356.366,10.582369999999969,False,False,7.42171062363717,3.1606593763627986,True,high_bin_residual_mad
2024-05-26 04:25:00,341.0531,341.0531,340.371,False,False,False,340.371,-0.6820999999999913,True,False,6.690518598106934,-7.372618598106925,True,high_bin_residual_mad
2024-05-26 04:32:00,369.10254,369.10254,374.347,False,False,False,374.347,5.244460000000004,False,False,7.830491771311901,-2.586031771311897,True,high_bin_residual_mad
2024-05-26 04:52:00,374.80432,374.80432,379.953,False,False,False,379.953,5.148679999999956,False,False,8.004158694474551,-2.855478694474595,True,high_bin_residual_mad
2024-05-26 04:54:00,372.2833,372.2833,378.043,False,False,False,378.043,5.759700000000009,False,False,7.898837851582795,-2.1391378515827855,True,high_bin_residual_mad
2024-05-26 04:56:00,367.32977,367.32977,372.557,False,False,False,372.557,5.22723000000002,False,False,7.835232186115233,-2.608002186115213,True,high_bin_residual_mad
2024-05-26 04:58:00,365.17657,365.17657,369.281,False,False,False,369.281,4.104429999999979,False,False,7.648455753424639,-3.54402575342466,True,high_bin_residual_mad
2024-05-26 05:00:00,365.5682,365.5682,369.479,False,False,False,369.479,3.9107999999999947,False,False,7.658057397260254,-3.7472573972602596,True,high_bin_residual_mad
2024-05-26 05:16:00,347.70288,347.70288,348.924,False,False,False,348.924,1.2211199999999849,False,False,7.167383485992669,-5.946263485992684,True,high_bin_residual_mad
2024-05-26 05:27:00,346.56885,346.56885,357.684,False,False,False,357.684,11.115150000000028,False,False,7.487009160563395,3.6281408394366332,True,high_bin_residual_mad
2024-05-26 05:34:00,340.9889,340.9889,353.489,False,False,False,353.489,12.500099999999975,False,False,7.431281729323319,5.068818270676656,True,high_bin_residual_mad
2024-05-26 06:11:00,349.01776,349.01776,353.625,False,False,False,353.625,4.60723999999999,False,False,7.425058621553895,-2.817818621553905,True,high_bin_residual_mad
2024-05-26 06:12:00,352.28653,352.28653,356.69,False,False,False,356.69,4.40346999999997,False,False,7.4344092193632925,-3.0309392193633222,True,high_bin_residual_mad
2024-05-26 06:30:00,355.5096,355.5096,359.714,False,False,False,359.714,4.204400000000021,False,False,7.552687019931951,-3.34828701993193,True,high_bin_residual_mad
2024-05-26 06:32:00,351.89655,351.89655,356.611,False,False,False,356.611,4.714449999999999,False,False,7.431312956825133,-2.7168629568251337,True,high_bin_residual_mad
2024-05-26 07:10:00,264.2079,264.2079,275.903,False,False,False,275.903,11.695100000000025,False,False,4.448689435671756,7.246410564328269,True,high_bin_residual_mad
2024-05-26 09:05:00,303.40918,303.40918,299.803,False,False,False,299.803,-3.606179999999995,True,False,5.162347596664131,-8.768527596664125,True,high_bin_residual_mad
2024-05-26 20:31:00,348.87485,348.87485,352.156,False,False,False,352.156,3.281150000000025,False,False,7.425377975224246,-4.144227975224221,True,high_bin_residual_mad
2024-05-26 23:10:00,255.14676,255.14676,267.375,False,False,False,267.375,12.22824,False,False,4.253168779272575,7.975071220727425,True,high_bin_residual_mad
2024-05-26 23:39:00,144.34682,144.34682,149.545,False,False,False,149.545,5.198179999999979,False,False,1.627902553493165,3.5702774465068146,True,high_bin_residual_mad
2024-05-27 05:50:00,195.69112,195.69112,193.004,False,False,False,193.004,-2.6871200000000215,True,False,2.4314135087281823,-5.118533508728204,True,high_bin_residual_mad
2024-05-27 10:24:00,115.0674,115.0674,112.718,False,False,False,112.718,-2.349400000000003,True,False,1.1593439696509782,-3.508743969650981,True,high_bin_residual_mad
2024-05-27 13:16:00,110.34161,110.34161,113.776,False,False,False,113.776,3.4343899999999934,False,False,1.1623052399999936,2.27208476,True,high_bin_residual_mad
2024-05-27 13:26:00,104.96628,104.96628,108.5,False,False,False,108.5,3.5337200000000024,False,False,1.0932321999019972,2.4404878000980053,True,high_bin_residual_mad
2024-05-27 13:51:00,38.168526,38.168526,40.749,False,False,False,40.749,2.5804740000000024,False,False,0.7444751350996831,1.8359988649003194,True,high_bin_residual_mad
2024-05-27 13:52:00,39.728493,39.728493,42.529,False,False,False,42.529,2.800507000000003,False,False,0.8099776485078148,1.9905293514921882,True,high_bin_residual_mad
2024-05-27 13:53:00,41.748817,41.748817,44.618,False,False,False,44.618,2.8691829999999996,False,False,0.8286385202095792,2.0405444797904204,True,high_bin_residual_mad
2024-05-27 15:05:00,116.63995,116.63995,114.113,False,False,False,114.113,-2.5269499999999994,True,False,1.1616177599999944,-3.6885677599999935,True,high_bin_residual_mad
2024-05-27 22:29:00,59.16588,59.16588,58.228,False,False,False,58.228,-0.9378799999999998,True,False,0.7923514644478087,-1.7302314644478085,True,high_bin_residual_mad
2024-05-27 22:41:00,106.5127,106.5127,105.204,False,False,False,105.204,-1.3087000000000018,True,False,1.0722320864381567,-2.3809320864381585,True,high_bin_residual_mad
2024-05-27 23:29:00,172.9093,172.9093,170.231,False,False,False,170.231,-2.6783000000000072,True,False,2.0149805630354978,-4.693280563035505,True,high_bin_residual_mad
2024-05-28 02:35:00,117.11989,117.11989,115.847,False,False,False,115.847,-1.2728900000000039,True,False,1.1847218472291543,-2.457611847229158,True,high_bin_residual_mad
2024-05-28 03:11:00,92.277985,92.277985,90.658,False,False,False,90.658,-1.6199849999999998,True,False,0.956926493443423,-2.576911493443423,True,high_bin_residual_mad
2024-05-28 07:47:00,105.03667,105.03667,108.825,False,False,False,108.825,3.788330000000002,False,False,1.0945124546790663,2.6938175453209356,True,high_bin_residual_mad
2024-05-28 08:52:00,147.51999,147.51999,154.577,False,False,False,154.577,7.057009999999991,False,False,1.734079748561422,5.322930251438569,True,high_bin_residual_mad
2024-05-28 10:11:00,110.797325,110.797325,109.654,False,False,False,109.654,-1.1433250000000044,True,False,1.1050287999999897,-2.248353799999994,True,high_bin_residual_mad
2024-05-28 11:11:00,84.04631,84.04631,82.208,False,False,False,82.208,-1.838310000000007,True,False,0.8359248888888924,-2.6742348888888996,True,high_bin_residual_mad
2024-05-29 17:26:00,197.40793,197.40793,194.434,False,False,False,194.434,-2.9739299999999957,True,False,2.4806468753117223,-5.454576875311718,True,high_bin_residual_mad
2024-05-29 19:30:00,172.25049,172.25049,179.059,False,False,False,179.059,6.808509999999984,False,False,2.147185706535775,4.661324293464209,True,high_bin_residual_mad
2024-05-29 20:07:00,142.21866,142.21866,147.179,False,False,False,147.179,4.960340000000002,False,False,1.609486695459027,3.3508533045409754,True,high_bin_residual_mad
2024-05-29 20:24:00,127.31561,127.31561,124.333,False,False,False,124.333,-2.982610000000008,True,False,1.267928488012851,-4.250538488012859,True,high_bin_residual_mad
2024-05-29 20:42:00,154.7131,154.7131,160.482,False,False,False,160.482,5.768900000000002,False,False,1.82284401765448,3.946055982345522,True,high_bin_residual_mad
2024-05-29 21:00:00,143.6463,143.6463,141.621,False,False,False,141.621,-2.025299999999987,True,False,1.5331889075630294,-3.5584889075630164,True,high_bin_residual_mad
2024-05-29 22:36:00,141.40704,141.40704,146.577,False,False,False,146.577,5.169960000000003,False,False,1.5981664177978858,3.571793582202117,True,high_bin_residual_mad
2024-05-29 23:06:00,137.98679,137.98679,135.695,False,False,False,135.695,-2.29179000000002,True,False,1.431150124378108,-3.722940124378128,True,high_bin_residual_mad
2024-05-30 09:54:00,196.7022,196.7022,207.072,False,False,False,207.072,10.369799999999998,False,False,2.7815018439803283,7.58829815601967,True,high_bin_residual_mad
2024-05-30 10:12:00,162.17123,162.17123,167.96,False,False,False,167.96,5.7887699999999995,False,False,1.9924555826873336,3.796314417312666,True,high_bin_residual_mad
2024-05-30 10:18:00,133.14069,133.14069,138.357,False,False,False,138.357,5.216309999999993,False,False,1.4815392069140896,3.7347707930859033,True,high_bin_residual_mad
2024-05-30 10:31:00,97.75961,97.75961,101.191,False,False,False,101.191,3.4313900000000075,False,False,1.0547644852458997,2.3766255147541075,True,high_bin_residual_mad
2024-05-30 10:42:00,77.74074,77.74074,80.442,False,False,False,80.442,2.7012599999999907,False,False,0.827557747336374,1.8737022526636167,True,high_bin_residual_mad
2024-06-01 04:55:00,108.65406,108.65406,107.24,False,False,False,107.24,-1.4140600000000063,True,False,1.0882687506124369,-2.502328750612443,True,high_bin_residual_mad
2024-06-01 05:13:00,119.434685,119.434685,123.321,False,False,False,123.321,3.886314999999996,False,False,1.2540593856895697,2.6322556143104263,True,high_bin_residual_mad
2024-06-01 10:13:00,99.306335,99.306335,102.681,False,False,False,102.681,3.374664999999993,False,False,1.0628800060529624,2.3117849939470307,True,high_bin_residual_mad
2024-06-01 10:49:00,85.14581,85.14581,89.452,False,False,False,89.452,4.306190000000001,False,False,0.9541677464788754,3.3520222535211257,True,high_bin_residual_mad
2024-06-01 11:19:00,79.806046,79.806046,81.998,False,False,False,81.998,2.1919540000000097,False,False,0.8193856546546564,1.3725683453453534,True,high_bin_residual_mad
2024-06-01 12:19:00,51.45056,51.45056,50.091,False,False,False,50.091,-1.3595600000000019,True,False,0.7854400249252249,-2.145000024925227,True,high_bin_residual_mad
2024-06-03 04:08:00,51.864426,51.864426,54.504,False,False,False,54.504,2.639573999999996,False,False,0.7872514592720983,1.8523225407278978,True,high_bin_residual_mad
2024-06-03 07:26:00,76.83147,76.83147,79.686,False,False,False,79.686,2.854530000000011,False,False,0.8521939117199346,2.0023360882800763,True,high_bin_residual_mad
2024-06-03 08:02:00,32.352695,32.352695,35.232,False,False,False,35.232,2.8793050000000022,False,False,0.9056570116103002,1.973647988389702,True,high_bin_residual_mad
2024-06-03 08:10:00,39.471535,39.471535,41.947,False,False,False,41.947,2.475465,False,False,0.7833135845570803,1.6921514154429196,True,high_bin_residual_mad
2024-06-03 09:08:00,50.15865,50.15865,53.376,False,False,False,53.376,3.217349999999996,False,False,0.7892122634315422,2.4281377365684538,True,high_bin_residual_mad
2024-06-03 09:14:00,48.25705,48.25705,50.73,False,False,False,50.73,2.4729499999999973,False,False,0.7832962213359934,1.6896537786640038,True,high_bin_residual_mad
2024-06-03 09:30:00,43.235325,43.235325,45.822,False,False,False,45.822,2.5866749999999996,False,False,0.8180279238476944,1.7686470761523052,True,high_bin_residual_mad
2024-06-03 09:31:00,44.448467,44.448467,46.945,False,False,False,46.945,2.4965329999999994,False,False,0.8044292715430863,1.6921037284569131,True,high_bin_residual_mad
2024-06-03 09:50:00,48.9189,48.9189,52.282,False,False,False,52.282,3.3630999999999958,False,False,0.7872091108845272,2.5758908891154686,True,high_bin_residual_mad
2024-06-03 10:19:00,59.259964,59.259964,58.285,False,False,False,58.285,-0.9749639999999999,True,False,0.7922701036308646,-1.7672341036308645,True,high_bin_residual_mad
2024-06-03 10:32:00,67.09748,67.09748,65.842,False,False,False,65.842,-1.2554800000000057,True,False,0.7954847650328432,-2.050964765032849,True,high_bin_residual_mad
2024-06-03 11:02:00,73.8439,73.8439,70.501,False,False,False,70.501,-3.3429,True,False,0.837878739240505,-4.180778739240505,True,high_bin_residual_mad
2024-06-03 11:13:00,60.143684,60.143684,63.07,False,False,False,63.07,2.926316,False,False,0.788560529704268,2.137755470295732,True,high_bin_residual_mad
2024-06-03 11:50:00,50.774673,50.774673,54.137,False,False,False,54.137,3.3623270000000005,False,False,0.7878894159445414,2.574437584055459,True,high_bin_residual_mad
2024-06-03 12:02:00,56.14883,56.14883,59.026,False,False,False,59.026,2.8771700000000067,False,False,0.7915118291512933,2.0856581708487134,True,high_bin_residual_mad
2024-06-03 14:44:00,73.13335,73.13335,76.127,False,False,False,76.127,2.9936500000000024,False,False,0.8461671831350253,2.147482816864977,True,high_bin_residual_mad
2024-06-03 15:32:00,91.144806,91.144806,89.143,False,False,False,89.143,-2.001806000000002,True,False,0.953460903351143,-2.955266903351145,True,high_bin_residual_mad
2024-06-03 16:08:00,111.91752,111.91752,108.351,False,False,False,108.351,-3.566519999999997,True,False,1.0926452523272792,-4.659165252327276,True,high_bin_residual_mad
2024-06-03 18:08:00,145.71954,145.71954,151.487,False,False,False,151.487,5.76746,False,False,1.6635769130654599,4.10388308693454,True,high_bin_residual_mad
2024-06-03 20:20:00,134.21483,134.21483,138.648,False,False,False,138.648,4.43316999999999,False,False,1.491322547025933,2.9418474529740566,True,high_bin_residual_mad
2024-06-04 03:21:00,63.1722,63.1722,61.899,False,False,False,61.899,-1.2731999999999957,True,False,0.795771832317075,-2.0689718323170707,True,high_bin_residual_mad
2024-06-04 15:21:00,67.710266,67.710266,64.908,False,False,False,64.908,-2.802266000000003,True,False,0.8025141292855248,-3.604780129285528,True,high_bin_residual_mad
2024-06-05 10:51:00,268.2399,268.2399,280.793,False,False,False,280.793,12.553100000000029,False,False,4.622522170504638,7.930577829495391,True,high_bin_residual_mad
2024-06-05 18:57:00,122.66884,122.66884,121.004,False,False,False,121.004,-1.664839999999998,True,False,1.2503884433867722,-2.9152284433867703,True,high_bin_residual_mad
2024-06-05 19:45:00,100.472946,100.472946,103.696,False,False,False,103.696,3.2230540000000047,False,False,1.0666300405782416,2.156423959421763,True,high_bin_residual_mad
2024-06-05 21:15:00,57.610264,57.610264,56.652,False,False,False,56.652,-0.9582639999999998,True,False,0.7927803375062625,-1.7510443375062623,True,high_bin_residual_mad
2024-06-10 02:29:00,72.13188,72.13188,70.813,False,False,False,70.813,-1.318879999999993,True,False,0.8419394784810105,-2.1608194784810033,True,high_bin_residual_mad
2024-06-10 18:34:00,369.06,369.06,374.801,False,False,False,374.801,5.7409999999999854,False,False,7.818097733537518,-2.0770977335375322,True,high_bin_residual_mad
2024-06-10 20:57:00,373.48715,373.48715,378.329,False,False,False,378.329,4.841850000000022,False,False,7.894947836014551,-3.053097836014529,True,high_bin_residual_mad
2024-06-11 04:28:00,79.73599,79.73599,78.282,False,False,False,78.282,-1.4539900000000046,True,False,0.8667635186557923,-2.320753518655797,True,high_bin_residual_mad
2024-06-11 18:06:00,111.35581,111.35581,115.305,False,False,False,115.305,3.9491900000000015,False,False,1.1691342735896133,2.7800557264103882,True,high_bin_residual_mad
2024-06-11 23:24:00,64.41463,64.41463,63.446,False,False,False,63.446,-0.9686300000000045,True,False,0.7914150201517939,-1.7600450201517983,True,high_bin_residual_mad
2024-06-13 20:46:00,125.53599,125.53599,123.006,False,False,False,123.006,-2.529989999999998,True,False,1.24974242202175,-3.779732422021748,True,high_bin_residual_mad
2024-06-19 01:04:00,263.23596,263.23596,259.09,False,False,False,259.09,-4.145960000000002,True,False,4.065848798977853,-8.211808798977856,True,high_bin_residual_mad
2024-06-19 07:10:00,337.2661,337.2661,350.757,False,False,False,350.757,13.49090000000001,False,False,7.3827878801610884,6.108112119838922,True,high_bin_residual_mad
2024-06-19 07:28:00,382.19373,382.19373,386.905,False,False,False,386.905,4.711269999999956,False,False,8.146678225659683,-3.4354082256597263,True,high_bin_residual_mad
2024-06-19 07:45:00,387.23615,387.23615,393.363,False,False,False,393.363,6.12684999999999,False,False,8.357907423513982,-2.2310574235139917,True,high_bin_residual_mad
2024-06-19 07:47:00,378.49127,378.49127,390.294,False,False,False,390.294,11.802729999999997,False,False,8.259151232407802,3.5435787675921944,True,high_bin_residual_mad
2024-06-19 07:51:00,378.82867,378.82867,384.936,False,False,False,384.936,6.10732999999999,False,False,8.249929790718834,-2.142599790718844,True,high_bin_residual_mad
2024-06-19 07:52:00,381.70068,381.70068,387.805,False,False,False,387.805,6.10432000000003,False,False,8.203289944272463,-2.098969944272433,True,high_bin_residual_mad
2024-06-19 07:55:00,373.91312,373.91312,384.434,False,False,False,384.434,10.520880000000034,False,False,8.189437090909095,2.3314429090909385,True,high_bin_residual_mad
2024-06-19 08:01:00,373.21063,373.21063,383.988,False,False,False,383.988,10.777370000000019,False,False,8.121503181818184,2.655866818181835,True,high_bin_residual_mad
2024-06-19 08:04:00,375.32245,375.32245,386.16,False,False,False,386.16,10.837550000000022,False,False,8.185744968152857,2.6518050318471644,True,high_bin_residual_mad
2024-06-19 08:07:00,376.55853,376.55853,386.754,False,False,False,386.754,10.19547,False,False,8.154596451319371,2.0408735486806293,True,high_bin_residual_mad
2024-06-19 08:21:00,375.3247,375.3247,380.927,False,False,False,380.927,5.602300000000014,False,False,8.124486728395071,-2.5221867283950576,True,high_bin_residual_mad
2024-06-19 08:22:00,376.3931,376.3931,386.809,False,False,False,386.809,10.415900000000022,False,False,8.151712329390344,2.2641876706096777,True,high_bin_residual_mad
2024-06-19 08:27:00,380.48383,380.48383,386.622,False,False,False,386.622,6.138170000000002,False,False,8.161518343949036,-2.023348343949033,True,high_bin_residual_mad
2024-06-19 08:28:00,385.27734,385.27734,391.456,False,False,False,391.456,6.178660000000036,False,False,8.256911092715269,-2.0782510927152327,True,high_bin_residual_mad
2024-06-19 08:29:00,380.41702,380.41702,386.655,False,False,False,386.655,6.237979999999993,False,False,8.159787870791622,-1.9218078707916284,True,high_bin_residual_mad
2024-06-19 08:40:00,386.8278,386.8278,392.186,False,False,False,392.186,5.358199999999954,False,False,8.300809795805755,-2.942609795805801,True,high_bin_residual_mad
2024-06-19 14:42:00,378.81924,378.81924,384.831,False,False,False,384.831,6.011760000000038,False,False,8.249907409090909,-2.238147409090871,True,high_bin_residual_mad
2024-06-19 14:54:00,381.59888,381.59888,392.13,False,False,False,392.13,10.531119999999987,False,False,8.297442224061829,2.2336777759381583,True,high_bin_residual_mad
2024-06-19 15:41:00,384.7096,384.7096,390.741,False,False,False,390.741,6.031399999999962,False,False,8.25398752377334,-2.2225875237733774,True,high_bin_residual_mad
2024-06-19 15:54:00,386.42215,386.42215,393.108,False,False,False,393.108,6.685850000000016,False,False,8.356254459161143,-1.6704044591611265,True,high_bin_residual_mad
2024-06-19 16:54:00,374.28992,374.28992,379.613,False,False,False,379.613,5.3230800000000045,False,False,7.959780037919843,-2.636700037919838,True,high_bin_residual_mad
2024-06-19 18:06:00,384.44397,384.44397,390.831,False,False,False,390.831,6.387030000000038,False,False,8.252947850893918,-1.8659178508938794,True,high_bin_residual_mad
2024-06-19 18:24:00,374.46716,374.46716,385.088,False,False,False,385.088,10.620840000000044,False,False,8.241959126478612,2.3788808735214317,True,high_bin_residual_mad
2024-06-19 18:28:00,370.50247,370.50247,380.961,False,False,False,380.961,10.458529999999996,False,False,8.122993106995894,2.335536893004102,True,high_bin_residual_mad
2024-06-19 18:29:00,372.3465,372.3465,377.692,False,False,False,377.692,5.3455000000000155,False,False,7.903611961598367,-2.5581119615983514,True,high_bin_residual_mad
2024-06-19 18:30:00,369.28986,369.28986,380.787,False,False,False,380.787,11.497140000000002,False,False,8.113016928494053,3.3841230715059485,True,high_bin_residual_mad
2024-06-19 18:50:00,359.7841,359.7841,370.53,False,False,False,370.53,10.74589999999995,False,False,7.709023698630116,3.0368763013698334,True,high_bin_residual_mad
2024-06-19 18:54:00,368.54834,368.54834,369.146,False,False,False,369.146,0.597660000000019,False,False,7.641909178082174,-7.044249178082155,True,high_bin_residual_mad
2024-06-19 18:55:00,366.26807,366.26807,370.293,False,False,False,370.293,4.0249299999999835,False,False,7.6975308219177885,-3.672600821917805,True,high_bin_residual_mad
2024-06-19 19:11:00,365.2449,365.2449,368.947,False,False,False,368.947,3.70210000000003,False,False,7.632377386419131,-3.9302773864191014,True,high_bin_residual_mad
2024-06-19 20:23:00,349.8095,349.8095,360.916,False,False,False,360.916,11.106499999999983,False,False,7.511525678172094,3.5949743218278885,True,high_bin_residual_mad
2024-06-19 20:25:00,354.51068,354.51068,365.748,False,False,False,365.748,11.237320000000011,False,False,7.541713942505131,3.6956060574948797,True,high_bin_residual_mad
2024-06-19 20:43:00,367.56616,367.56616,371.593,False,False,False,371.593,4.026839999999993,False,False,7.771236065977346,-3.7443960659773534,True,high_bin_residual_mad
2024-06-19 20:58:00,357.3224,357.3224,361.253,False,False,False,361.253,3.93059999999997,False,False,7.509044493783302,-3.5784444937833317,True,high_bin_residual_mad
2024-06-19 21:06:00,350.63007,350.63007,362.873,False,False,False,362.873,12.242930000000001,False,False,7.527316252220239,4.715613747779762,True,high_bin_residual_mad
2024-06-19 21:18:00,367.23047,367.23047,372.755,False,False,False,372.755,5.52452999999997,False,False,7.848376617429859,-2.323846617429889,True,high_bin_residual_mad
2024-06-19 22:34:00,360.59015,360.59015,371.449,False,False,False,371.449,10.858850000000018,False,False,7.761676479566707,3.0971735204333113,True,high_bin_residual_mad
2024-06-19 22:40:00,361.57104,361.57104,365.167,False,False,False,365.167,3.595959999999991,False,False,7.5256857392197,-3.929725739219709,True,high_bin_residual_mad
2024-06-19 22:42:00,361.10767,361.10767,364.994,False,False,False,364.994,3.8863300000000436,False,False,7.520913141683764,-3.63458314168372,True,high_bin_residual_mad
2024-06-19 22:45:00,357.298,357.298,368.027,False,False,False,368.027,10.728999999999985,False,False,7.605909970688811,3.1230900293111743,True,high_bin_residual_mad
2024-06-19 22:53:00,354.15332,354.15332,358.669,False,False,False,358.669,4.515679999999975,False,False,7.554699470422549,-3.0390194704225744,True,high_bin_residual_mad
2024-06-19 22:54:00,350.2616,350.2616,351.959,False,False,False,351.959,1.697400000000016,False,False,7.423195070482679,-5.725795070482663,True,high_bin_residual_mad
2024-06-19 23:00:00,348.61243,348.61243,359.391,False,False,False,359.391,10.778570000000002,False,False,7.563747846378234,3.2148221536217676,True,high_bin_residual_mad
2024-06-21 23:19:00,232.46219,232.46219,228.231,False,False,False,228.231,-4.231189999999998,True,False,3.225386175359027,-7.456576175359025,True,high_bin_residual_mad
2024-06-22 03:49:00,172.20807,172.20807,179.318,False,False,False,179.318,7.10993000000002,False,False,2.1576313484887604,4.95229865151126,True,high_bin_residual_mad
2024-06-22 05:01:00,366.8283,366.8283,377.08,False,False,False,377.08,10.251699999999971,False,False,7.9098409210526635,2.3418590789473077,True,high_bin_residual_mad
2024-06-22 05:59:00,368.78564,368.78564,380.605,False,False,False,380.605,11.819360000000017,False,False,8.08926129469124,3.7300987053087766,True,high_bin_residual_mad
2024-06-22 06:37:00,373.48962,373.48962,378.762,False,False,False,378.762,5.272379999999998,False,False,7.889058406850042,-2.6166784068500437,True,high_bin_residual_mad
2024-06-22 06:47:00,359.4118,359.4118,372.042,False,False,False,372.042,12.630199999999945,False,False,7.8010433874938485,4.829156612506097,True,high_bin_residual_mad
2024-06-22 07:23:00,374.03888,374.03888,379.396,False,False,False,379.396,5.357120000000009,False,False,7.931456013001102,-2.5743360130010933,True,high_bin_residual_mad
2024-06-22 07:25:00,379.31006,379.31006,384.051,False,False,False,384.051,4.740939999999966,False,False,8.131099227272728,-3.390159227272761,True,high_bin_residual_mad
2024-06-22 07:28:00,374.90015,374.90015,380.893,False,False,False,380.893,5.992849999999976,False,False,8.12598034979425,-2.133130349794275,True,high_bin_residual_mad
2024-06-22 08:28:00,380.4649,380.4649,390.835,False,False,False,390.835,10.37009999999998,False,False,8.252901643210388,2.117198356789592,True,high_bin_residual_mad
2024-06-22 12:51:00,191.1817,191.1817,188.183,False,False,False,188.183,-2.9987000000000137,True,False,2.3907708239333103,-5.389470823933324,True,high_bin_residual_mad
2024-06-22 13:28:00,141.45462,141.45462,146.131,False,False,False,146.131,4.676379999999995,False,False,1.5876353016591258,3.088744698340869,True,high_bin_residual_mad
2024-06-22 13:39:00,85.440155,85.440155,88.553,False,False,False,88.553,3.112844999999993,False,False,0.9475573360655758,2.165287663934417,True,high_bin_residual_mad
2024-06-22 13:44:00,74.51141,74.51141,77.431,False,False,False,77.431,2.9195899999999995,False,False,0.8569077316530775,2.062682268346922,True,high_bin_residual_mad
2024-06-22 13:47:00,89.088524,89.088524,87.856,False,False,False,87.856,-1.2325240000000122,True,False,0.9381449795081999,-2.170668979508212,True,high_bin_residual_mad
2024-06-22 15:18:00,9.55851,9.55851,14.703,False,False,False,14.703,5.144489999999999,False,False,1.8481327799752783,3.296357220024721,True,high_bin_residual_mad
2024-06-22 15:34:00,25.382698,25.382698,29.278,False,False,False,29.278,3.8953019999999974,False,False,0.9797667988315982,2.915535201168399,True,high_bin_residual_mad
2024-06-22 15:35:00,27.960575,27.960575,31.712,False,False,False,31.712,3.751425000000001,False,False,0.9676640322382936,2.7837609677617077,True,high_bin_residual_mad
2024-06-22 15:36:00,27.927841,27.927841,31.872,False,False,False,31.872,3.944158999999999,False,False,0.9666455080902182,2.977513491909781,True,high_bin_residual_mad
2024-06-22 15:37:00,29.175919,29.175919,32.71,False,False,False,32.71,3.5340810000000005,False,False,0.9613109878646742,2.5727700121353263,True,high_bin_residual_mad
2024-06-22 15:38:00,24.719616,24.719616,28.73,False,False,False,28.73,4.010384000000002,False,False,0.9893221305418727,3.021061869458129,True,high_bin_residual_mad
2024-06-22 15:44:00,33.16569,33.16569,36.423,False,False,False,36.423,3.257310000000004,False,False,0.8933772665320551,2.3639327334679487,True,high_bin_residual_mad
2024-06-22 15:45:00,35.67877,35.67877,38.694,False,False,False,38.694,3.0152300000000025,False,False,0.8605932064128269,2.1546367935871755,True,high_bin_residual_mad
2024-06-22 15:47:00,45.569286,45.569286,48.538,False,False,False,48.538,2.9687139999999985,False,False,0.7925159446384035,2.176198055361595,True,high_bin_residual_mad
2024-06-22 15:48:00,50.16623,50.16623,53.365,False,False,False,53.365,3.198770000000003,False,False,0.7892313847486998,2.4095386152513036,True,high_bin_residual_mad
2024-06-22 15:49:00,56.432156,56.432156,59.328,False,False,False,59.328,2.895844000000004,False,False,0.7930046675276771,2.102839332472327,True,high_bin_residual_mad
2024-06-22 15:53:00,58.47403,58.47403,61.478,False,False,False,61.478,3.0039700000000025,False,False,0.7984067789024409,2.2055632210975613,True,high_bin_residual_mad
2024-06-22 15:54:00,64.44682,64.44682,68.409,False,False,False,68.409,3.9621800000000036,False,False,0.8089787554797874,3.153201244520216,True,high_bin_residual_mad
2024-06-22 15:55:00,75.37883,75.37883,78.226,False,False,False,78.226,2.8471700000000055,False,False,0.8661149592290567,1.9810550407709488,True,high_bin_residual_mad
2024-06-22 15:56:00,80.43649,80.43649,83.574,False,False,False,83.574,3.137509999999992,False,False,0.8997374747376202,2.2377725252623715,True,high_bin_residual_mad
2024-06-22 15:57:00,77.11168,77.11168,81.187,False,False,False,81.187,4.075319999999991,False,False,0.8032800456620974,3.2720399543378935,True,high_bin_residual_mad
2024-06-22 15:58:00,74.97032,74.97032,80.591,False,False,False,80.591,5.620679999999993,False,False,0.8227022070015186,4.797977792998474,True,high_bin_residual_mad
2024-06-22 15:59:00,76.96717,76.96717,80.84,False,False,False,80.84,3.8728300000000075,False,False,0.8145879147640757,3.058242085235932,True,high_bin_residual_mad
2024-06-22 16:00:00,73.02134,73.02134,77.014,False,False,False,77.014,3.9926600000000008,False,False,0.8520782802075639,3.140581719792437,True,high_bin_residual_mad
2024-06-22 16:02:00,79.52189,79.52189,83.238,False,False,False,83.238,3.7161100000000005,False,False,0.8967685042714275,2.819341495728573,True,high_bin_residual_mad
2024-06-22 16:04:00,96.69942,96.69942,102.607,False,False,False,102.607,5.907579999999996,False,False,1.062476953341739,4.845103046658257,True,high_bin_residual_mad
2024-06-22 16:07:00,124.00324,124.00324,128.886,False,False,False,128.886,4.88275999999999,False,False,1.3405787893356738,3.5421812106643165,True,high_bin_residual_mad
2024-06-22 16:09:00,133.42082,133.42082,137.835,False,False,False,137.835,4.414180000000016,False,False,1.4639897102186181,2.950190289781398,True,high_bin_residual_mad
2024-06-22 16:10:00,138.56253,138.56253,144.758,False,False,False,144.758,6.19547,False,False,1.5594919443038062,4.635978055696194,True,high_bin_residual_mad
2024-06-22 17:42:00,125.57886,125.57886,129.697,False,False,False,129.697,4.118139999999997,False,False,1.353054255319156,2.7650857446808406,True,high_bin_residual_mad
2024-06-22 17:43:00,108.314606,108.314606,115.137,False,False,False,115.137,6.822394000000003,False,False,1.1643027009485745,5.658091299051428,True,high_bin_residual_mad
2024-06-22 17:44:00,96.61552,96.61552,101.091,False,False,False,101.091,4.47547999999999,False,False,1.0542198194199224,3.421260180580068,True,high_bin_residual_mad
2024-06-22 17:50:00,60.817677,60.817677,63.655,False,False,False,63.655,2.837322999999998,False,False,0.7930016917037431,2.044321308296255,True,high_bin_residual_mad
2024-06-22 17:52:00,44.879135,44.879135,47.511,False,False,False,47.511,2.631865000000005,False,False,0.8000038246882792,1.8318611753117255,True,high_bin_residual_mad
2024-06-22 17:53:00,38.43412,38.43412,41.218,False,False,False,41.218,2.7838800000000035,False,False,0.7499147828043561,2.0339652171956475,True,high_bin_residual_mad
2024-06-22 18:37:00,28.096113,28.096113,31.386,False,False,False,31.386,3.2898870000000002,False,False,0.9697392751899968,2.3201477248100035,True,high_bin_residual_mad
2024-06-22 18:41:00,29.45251,29.45251,33.333,False,False,False,33.333,3.880489999999998,False,False,0.9513109195979921,2.9291790804020064,True,high_bin_residual_mad
2024-06-22 18:44:00,31.22156,31.22156,34.198,False,False,False,34.198,2.97644,False,False,0.9289671871859321,2.047472812814068,True,high_bin_residual_mad
2024-06-23 15:19:00,350.73553,350.73553,353.712,False,False,False,353.712,2.976470000000006,False,False,7.42107766290728,-4.4446076629072735,True,high_bin_residual_mad
2024-06-23 15:44:00,370.6,370.6,375.688,False,False,False,375.688,5.087999999999965,False,False,7.845447838345871,-2.7574478383459056,True,high_bin_residual_mad
2024-06-23 16:38:00,381.9804,381.9804,388.183,False,False,False,388.183,6.202600000000018,False,False,8.235856458204363,-2.0332564582043453,True,high_bin_residual_mad
2024-06-23 16:44:00,381.4728,381.4728,387.772,False,False,False,387.772,6.299199999999985,False,False,8.200446835913327,-1.9012468359133425,True,high_bin_residual_mad
2024-06-23 18:20:00,370.9979,370.9979,376.685,False,False,False,376.685,5.687099999999987,False,False,7.891568458646642,-2.204468458646655,True,high_bin_residual_mad
2024-06-23 18:22:00,368.28375,368.28375,378.443,False,False,False,378.443,10.159249999999986,False,False,7.893397270368468,2.2658527296315176,True,high_bin_residual_mad
2024-06-23 19:15:00,348.83868,348.83868,353.307,False,False,False,353.307,4.468320000000006,False,False,7.4381319008970594,-2.969811900897054,True,high_bin_residual_mad
2024-06-24 01:38:00,112.208244,112.208244,115.837,False,False,False,115.837,3.62875600000001,False,False,1.1844342536195689,2.444321746380441,True,high_bin_residual_mad
2024-06-24 03:32:00,55.903934,55.903934,58.458,False,False,False,58.458,2.554065999999999,False,False,0.7920231664145256,1.7620428335854732,True,high_bin_residual_mad
2024-06-24 05:56:00,41.24771,41.24771,44.362,False,False,False,44.362,3.114290000000004,False,False,0.8291531389720542,2.28513686102795,True,high_bin_residual_mad
2024-06-24 06:02:00,49.143085,49.143085,52.676,False,False,False,52.676,3.5329150000000027,False,False,0.7887299729798619,2.7441850270201407,True,high_bin_residual_mad
2024-06-24 15:47:00,25.01039,25.01039,28.414,False,False,False,28.414,3.4036100000000005,False,False,0.9986403945812815,2.404969605418719,True,high_bin_residual_mad
2024-06-24 19:27:00,80.72206,80.72206,80.31,False,False,False,80.31,-0.41205999999999676,True,False,0.8318592998477892,-1.243919299847786,True,high_bin_residual_mad
2024-06-24 20:40:00,39.46619,39.46619,41.945,False,False,False,41.945,2.478810000000003,False,False,0.7832219554713388,1.6955880445286642,True,high_bin_residual_mad
2024-06-25 01:29:00,78.7222,78.7222,81.073,False,False,False,81.073,2.3507999999999925,False,False,0.8069950228310472,1.5438049771689453,True,high_bin_residual_mad
2024-06-25 01:31:00,71.21158,71.21158,73.87,False,False,False,73.87,2.6584200000000067,False,False,0.8353437515344925,1.8230762484655143,True,high_bin_residual_mad
2024-06-25 01:32:00,69.486305,69.486305,72.155,False,False,False,72.155,2.6686949999999996,False,False,0.8373041666666623,1.8313908333333373,True,high_bin_residual_mad
2024-06-25 13:01:00,101.93374,101.93374,105.225,False,False,False,105.225,3.291259999999994,False,False,1.0724091207153548,2.2188508792846395,True,high_bin_residual_mad
2024-06-25 13:05:00,88.107056,88.107056,91.032,False,False,False,91.032,2.9249439999999964,False,False,0.957733197893157,1.9672108021068393,True,high_bin_residual_mad
2024-06-25 14:21:00,77.52954,77.52954,80.371,False,False,False,80.371,2.841459999999998,False,False,0.829871461187211,2.011588538812787,True,high_bin_residual_mad
2024-06-25 15:29:00,37.54145,37.54145,40.21,False,False,False,40.21,2.6685500000000033,False,False,0.77862146379853,1.8899285362014733,True,high_bin_residual_mad
2024-06-25 18:20:00,37.654037,37.654037,40.256,False,False,False,40.256,2.601962999999998,False,False,0.7757073058761795,1.8262556941238182,True,high_bin_residual_mad
2024-06-26 02:47:00,52.955803,52.955803,55.347,False,False,False,55.347,2.3911969999999982,False,False,0.7877361236855304,1.6034608763144678,True,high_bin_residual_mad
2024-06-26 02:55:00,71.4696,71.4696,74.017,False,False,False,74.017,2.547399999999996,False,False,0.8358299017922881,1.711570098207708,True,high_bin_residual_mad
2024-06-26 09:15:00,121.07071,121.07071,119.659,False,False,False,119.659,-1.4117099999999994,True,False,1.224319297595192,-2.6360292975951913,True,high_bin_residual_mad
2024-06-26 15:39:00,132.63788,132.63788,126.376,False,False,False,126.376,-6.261879999999991,True,False,1.307578399291498,-7.569458399291489,True,high_bin_residual_mad
2024-07-04 06:21:00,85.02443,85.02443,87.886,False,False,False,87.886,2.8615700000000004,False,False,0.9385501024590195,1.923019897540981,True,high_bin_residual_mad
2024-07-04 19:16:00,32.070343,32.070343,35.041,False,False,False,35.041,2.9706569999999957,False,False,0.9076263074204973,2.063030692579498,True,high_bin_residual_mad
2024-07-04 19:17:00,30.523994,30.523994,34.022,False,False,False,34.022,3.498006,False,False,0.9335134263819119,2.564492573618088,True,high_bin_residual_mad
2024-07-04 19:18:00,31.131096,31.131096,34.162,False,False,False,34.162,3.0309039999999996,False,False,0.9298970997487461,2.1010069002512535,True,high_bin_residual_mad
2024-07-04 19:20:00,34.442417,34.442417,40.586,False,False,False,40.586,6.143583,False,False,0.7548013903462734,5.388781609653726,True,high_bin_residual_mad
2024-07-04 19:21:00,34.628944,34.628944,39.708,False,False,False,39.708,5.079056000000001,False,False,0.8104237959076603,4.2686322040923415,True,high_bin_residual_mad
2024-07-04 19:23:00,48.662426,48.662426,51.731,False,False,False,51.731,3.068573999999998,False,False,0.7850822199847064,2.2834917800152916,True,high_bin_residual_mad
2024-07-04 19:25:00,111.65744,111.65744,109.65,False,False,False,109.65,-2.0074399999999883,True,False,1.104966564102554,-3.1124065641025425,True,high_bin_residual_mad
2024-07-04 19:28:00,148.29344,148.29344,157.958,False,False,False,157.958,9.664559999999994,False,False,1.7802292358186838,7.8843307641813105,True,high_bin_residual_mad
2024-07-04 20:05:00,108.323746,108.323746,112.308,False,False,False,112.308,3.984254000000007,False,False,1.151397808801207,2.8328561911988004,True,high_bin_residual_mad
2024-07-06 00:42:00,385.5074,385.5074,397.68,False,False,False,397.68,12.172599999999989,False,False,8.454094291717745,3.718505708282244,True,high_bin_residual_mad
2024-07-07 21:04:00,374.41483,374.41483,385.716,False,False,False,385.716,11.301170000000013,False,False,8.209027697907182,3.0921423020928316,True,high_bin_residual_mad
2024-07-08 20:57:00,353.11078,353.11078,357.839,False,False,False,357.839,4.728220000000022,False,False,7.497660935211281,-2.769440935211259,True,high_bin_residual_mad
2024-07-08 23:45:00,348.5666,348.5666,359.158,False,False,False,359.158,10.591400000000021,False,False,7.571726708799238,3.0196732912007835,True,high_bin_residual_mad
2024-07-09 00:34:00,352.82394,352.82394,356.787,False,False,False,356.787,3.9630599999999845,False,False,7.438210959441791,-3.475150959441806,True,high_bin_residual_mad
2024-07-09 10:54:00,352.94928,352.94928,354.58,False,False,False,354.58,1.6307199999999966,False,False,7.3813595927318465,-5.75063959273185,True,high_bin_residual_mad
2024-07-09 11:11:00,353.01898,353.01898,357.876,False,False,False,357.876,4.857019999999977,False,False,7.50020361690142,-2.6431836169014424,True,high_bin_residual_mad
2024-07-09 11:51:00,365.26184,365.26184,375.278,False,False,False,375.278,10.016160000000013,False,False,7.826481484962406,2.189678515037608,True,high_bin_residual_mad
2024-07-09 12:05:00,373.5546,373.5546,379.408,False,False,False,379.408,5.853400000000022,False,False,7.933022318526563,-2.079622318526541,True,high_bin_residual_mad
2024-07-09 13:21:00,383.42554,383.42554,394.043,False,False,False,394.043,10.617459999999994,False,False,8.36173390952797,2.2557260904720238,True,high_bin_residual_mad
2024-07-09 14:21:00,372.6198,372.6198,378.117,False,False,False,378.117,5.497200000000021,False,False,7.897831344058144,-2.400631344058123,True,high_bin_residual_mad
2024-07-09 20:41:00,149.12924,149.12924,155.115,False,False,False,155.115,5.985759999999999,False,False,1.7380491136308247,4.247710886369174,True,high_bin_residual_mad
2024-07-09 20:45:00,174.58374,174.58374,181.753,False,False,False,181.753,7.16925999999998,False,False,2.2205317508082616,4.948728249191719,True,high_bin_residual_mad
2024-07-09 20:47:00,157.31076,157.31076,164.511,False,False,False,164.511,7.200240000000008,False,False,1.896699635036496,5.303540364963512,True,high_bin_residual_mad
2024-07-09 20:49:00,164.40195,164.40195,171.038,False,False,False,171.038,6.6360500000000116,False,False,2.0092905397301415,4.62675946026987,True,high_bin_residual_mad
2024-07-09 20:50:00,166.69975,166.69975,173.704,False,False,False,173.704,7.004250000000013,False,False,2.0864190464177352,4.917830953582278,True,high_bin_residual_mad
2024-07-09 20:52:00,149.61044,149.61044,155.661,False,False,False,155.661,6.05055999999999,False,False,1.7488426322848127,4.301717367715177,True,high_bin_residual_mad
2024-07-09 20:53:00,135.6341,135.6341,142.033,False,False,False,142.033,6.398899999999998,False,False,1.5376245773603612,4.861275422639636,True,high_bin_residual_mad
2024-07-09 21:57:00,85.05863,85.05863,83.809,False,False,False,83.809,-1.2496299999999962,True,False,0.90181398681963,-2.1514439868196265,True,high_bin_residual_mad
2024-07-09 22:00:00,142.46078,142.46078,139.273,False,False,False,139.273,-3.1877800000000036,True,False,1.5056898630137017,-4.693469863013705,True,high_bin_residual_mad
2024-07-09 22:02:00,199.639,199.639,196.531,False,False,False,196.531,-3.108000000000004,True,False,2.536802327130998,-5.644802327131002,True,high_bin_residual_mad
2024-07-09 22:03:00,230.95221,230.95221,227.231,False,False,False,227.231,-3.7212100000000135,True,False,3.246482169312165,-6.967692169312178,True,high_bin_residual_mad
2024-07-10 00:47:00,94.72734,94.72734,97.747,False,False,False,97.747,3.019660000000002,False,False,0.9987005124450936,2.020959487554908,True,high_bin_residual_mad
2024-07-10 00:53:00,63.511536,63.511536,66.162,False,False,False,66.162,2.6504640000000066,False,False,0.7927205406771083,1.8577434593228983,True,high_bin_residual_mad
2024-07-10 00:55:00,57.730312,57.730312,60.321,False,False,False,60.321,2.590688,False,False,0.7979132387453892,1.792774761254611,True,high_bin_residual_mad
2024-07-10 00:56:00,52.76071,52.76071,55.462,False,False,False,55.462,2.70129,False,False,0.7881806329494263,1.9131093670505739,True,high_bin_residual_mad
2024-07-10 00:58:00,43.755505,43.755505,46.824,False,False,False,46.824,3.0684949999999986,False,False,0.8058944869739479,2.262600513026051,True,high_bin_residual_mad
2024-07-10 00:59:00,40.772453,40.772453,43.517,False,False,False,43.517,2.7445470000000043,False,False,0.8308517829341303,1.9136952170658739,True,high_bin_residual_mad
2024-07-10 01:02:00,37.59736,37.59736,40.18,False,False,False,40.18,2.582639999999998,False,False,0.7805220015739761,1.8021179984260218,True,high_bin_residual_mad
2024-07-10 01:03:00,37.972427,37.972427,40.23,False,False,False,40.23,2.2575729999999936,False,False,0.7773544386148996,1.480218561385094,True,high_bin_residual_mad
2024-07-10 01:13:00,23.079485,23.079485,26.844,False,False,False,26.844,3.764515000000003,False,False,1.0443851818181824,2.7201298181818205,True,high_bin_residual_mad
2024-07-10 01:14:00,22.706205,22.706205,26.464,False,False,False,26.464,3.757794999999998,False,False,1.0541039696969705,2.7036910303030277,True,high_bin_residual_mad
2024-07-10 01:15:00,22.113432,22.113432,25.985,False,False,False,25.985,3.871568,False,False,1.0663547575757584,2.8052132424242417,True,high_bin_residual_mad
2024-07-10 01:16:00,20.8944,20.8944,24.984,False,False,False,24.984,4.089600000000001,False,False,1.0936937537222369,2.995906246277764,True,high_bin_residual_mad
2024-07-10 03:00:00,45.719185,45.719185,48.827,False,False,False,48.827,3.107814999999995,False,False,0.790408839152119,2.317406160847876,True,high_bin_residual_mad
2024-07-10 03:01:00,44.346966,44.346966,47.345,False,False,False,47.345,2.998033999999997,False,False,0.8012141344139652,2.196819865586032,True,high_bin_residual_mad
2024-07-10 03:02:00,42.185097,42.185097,45.472,False,False,False,45.472,3.2869030000000024,False,False,0.8222661503005999,2.4646368496994024,True,high_bin_residual_mad
2024-07-10 03:03:00,38.235344,38.235344,41.524,False,False,False,41.524,3.288656000000003,False,False,0.7639340329227835,2.5247219670772196,True,high_bin_residual_mad
2024-07-10 03:04:00,35.66772,35.66772,38.703,False,False,False,38.703,3.03528,False,False,0.8604508116232477,2.1748291883767523,True,high_bin_residual_mad
2024-07-10 03:05:00,31.62025,31.62025,34.809,False,False,False,34.809,3.188749999999999,False,False,0.9131845045226157,2.275565495477383,True,high_bin_residual_mad
2024-07-10 03:07:00,23.601246,23.601246,27.418,False,False,False,27.418,3.8167539999999995,False,False,1.0280106192118232,2.7887433807881763,True,high_bin_residual_mad
2024-07-10 03:08:00,16.142447,16.142447,21.293,False,False,False,21.293,5.150552999999999,False,False,1.3071924799156942,3.843360520084304,True,high_bin_residual_mad
2024-07-10 03:30:00,95.39892,95.39892,98.479,False,False,False,98.479,3.0800799999999953,False,False,1.0025802196193228,2.0774997803806725,True,high_bin_residual_mad
2024-07-10 03:53:00,183.43988,183.43988,190.264,False,False,False,190.264,6.824120000000022,False,False,2.447689987066723,4.376430012933299,True,high_bin_residual_mad
2024-07-10 04:20:00,41.31024,41.31024,43.98,False,False,False,43.98,2.6697599999999966,False,False,0.8299210466566851,1.8398389533433115,True,high_bin_residual_mad
2024-07-10 04:21:00,36.98552,36.98552,39.9,False,False,False,39.9,2.9144799999999975,False,False,0.7982603541448058,2.1162196458551916,True,high_bin_residual_mad
2024-07-10 04:22:00,32.486515,32.486515,35.424,False,False,False,35.424,2.9374850000000023,False,False,0.903677405350835,2.0338075946491676,True,high_bin_residual_mad
2024-07-10 04:23:00,27.121574,27.121574,30.611,False,False,False,30.611,3.4894260000000017,False,False,0.9739320035560062,2.5154939964439955,True,high_bin_residual_mad
2024-07-10 07:33:00,45.549217,45.549217,48.224,False,False,False,48.224,2.674782999999998,False,False,0.7948053256857852,1.8799776743142127,True,high_bin_residual_mad
2024-07-10 07:38:00,37.621834,37.621834,40.067,False,False,False,40.067,2.4451660000000004,False,False,0.7876806938614894,1.6574853061385109,True,high_bin_residual_mad
2024-07-10 08:04:00,39.878033,39.878033,44.412,False,False,False,44.412,4.533966999999997,False,False,0.8290526274950083,3.7049143725049887,True,high_bin_residual_mad
2024-07-10 08:14:00,25.152401,25.152401,28.565,False,False,False,28.565,3.412599,False,False,0.9941876798029564,2.418411320197044,True,high_bin_residual_mad
2024-07-10 08:15:00,25.348484,25.348484,29.29,False,False,False,29.29,3.941516,False,False,0.9797142725425456,2.9618017274574546,True,high_bin_residual_mad
2024-07-10 08:16:00,25.730228,25.730228,29.313,False,False,False,29.313,3.5827719999999985,False,False,0.9796135971551948,2.603158402844804,True,high_bin_residual_mad
2024-07-10 08:17:00,26.02745,26.02745,29.519,False,False,False,29.519,3.4915499999999966,False,False,0.978711895859792,2.5128381041402044,True,high_bin_residual_mad
2024-07-10 08:18:00,26.10953,26.10953,29.666,False,False,False,29.666,3.556470000000001,False,False,0.9780684488188978,2.578401551181103,True,high_bin_residual_mad
2024-07-10 08:19:00,25.336643,25.336643,29.121,False,False,False,29.121,3.784357,False,False,0.9804540177800363,2.803902982219964,True,high_bin_residual_mad
2024-07-10 08:20:00,25.271103,25.271103,29.061,False,False,False,29.061,3.789897,False,False,0.9807166492252992,2.8091803507747004,True,high_bin_residual_mad
2024-07-10 09:44:00,79.045,79.045,81.232,False,False,False,81.232,2.1869999999999976,False,False,0.801813607305933,1.3851863926940646,True,high_bin_residual_mad
2024-07-12 19:51:00,102.512886,102.512886,105.791,False,False,False,105.791,3.278114000000002,False,False,1.0771806159960267,2.2009333840039753,True,high_bin_residual_mad
2024-07-12 21:51:00,80.433464,80.433464,80.029,False,False,False,80.029,-0.4044640000000044,True,False,0.84101639269406,-1.2454803926940645,True,high_bin_residual_mad
2024-07-13 01:00:00,58.05387,58.05387,60.645,False,False,False,60.645,2.5911299999999997,False,False,0.7995148269372712,1.7916151730627285,True,high_bin_residual_mad
2024-07-13 01:09:00,72.7317,72.7317,75.996,False,False,False,75.996,3.2642999999999915,False,False,0.8453322529746525,2.418967747025339,True,high_bin_residual_mad
2024-07-13 01:11:00,78.30362,78.30362,80.636,False,False,False,80.636,2.3323800000000006,False,False,0.8212357686453543,1.5111442313546464,True,high_bin_residual_mad
2024-07-13 01:13:00,81.79113,81.79113,84.635,False,False,False,84.635,2.8438700000000097,False,False,0.9091127058823537,1.9347572941176558,True,high_bin_residual_mad
2024-07-13 01:14:00,82.189476,82.189476,85.186,False,False,False,85.186,2.996524000000008,False,False,0.9136617294205412,2.082862270579467,True,high_bin_residual_mad
2024-07-13 01:17:00,80.24646,80.24646,83.457,False,False,False,83.457,3.2105399999999946,False,False,0.898703636807428,2.3118363631925667,True,high_bin_residual_mad
2024-07-13 01:18:00,76.18041,76.18041,79.228,False,False,False,79.228,3.0475899999999996,False,False,0.8671189954337855,2.180471004566214,True,high_bin_residual_mad
2024-07-13 01:20:00,69.9203,69.9203,73.134,False,False,False,73.134,3.213700000000003,False,False,0.8329096931009032,2.3807903068990997,True,high_bin_residual_mad
2024-07-13 01:21:00,66.71,66.71,72.024,False,False,False,72.024,5.314000000000007,False,False,0.8380611855158688,4.475938814484138,True,high_bin_residual_mad
2024-07-13 01:22:00,58.55812,58.55812,61.42,False,False,False,61.42,2.8618799999999993,False,False,0.7987697881707335,2.0631102118292657,True,high_bin_residual_mad
2024-07-13 01:23:00,49.35877,49.35877,54.638,False,False,False,54.638,5.279229999999998,False,False,0.7870185268630863,4.492211473136912,True,high_bin_residual_mad
2024-07-13 01:24:00,38.483795,38.483795,42.266,False,False,False,42.266,3.7822049999999976,False,False,0.7979284237328264,2.9842765762671712,True,high_bin_residual_mad
2024-07-13 01:25:00,30.70465,30.70465,34.487,False,False,False,34.487,3.782350000000001,False,False,0.9215020557788969,2.860847944221104,True,high_bin_residual_mad
2024-07-13 01:26:00,29.758347,29.758347,34.168,False,False,False,34.168,4.409652999999999,False,False,0.9297421143216105,3.4799108856783882,True,high_bin_residual_mad
2024-07-13 01:36:00,60.172745,60.172745,58.88,False,False,False,58.88,-1.2927449999999965,True,False,0.7914208108925888,-2.084165810892585,True,high_bin_residual_mad
2024-07-13 03:03:00,102.78405,102.78405,108.449,False,False,False,108.449,5.664950000000005,False,False,1.0930312983831338,4.5719187016168705,True,high_bin_residual_mad
2024-07-13 03:09:00,120.236885,120.236885,118.199,False,False,False,118.199,-2.037885000000003,True,False,1.2143296406250013,-3.252214640625004,True,high_bin_residual_mad
2024-07-13 03:27:00,161.64378,161.64378,159.508,False,False,False,159.508,-2.1357799999999827,True,False,1.7983675081967265,-3.934147508196709,True,high_bin_residual_mad
2024-07-13 03:51:00,165.2887,165.2887,173.613,False,False,False,173.613,8.324299999999994,False,False,2.0840843592330733,6.2402156407669205,True,high_bin_residual_mad
2024-07-13 03:54:00,128.14261,128.14261,133.809,False,False,False,133.809,5.666390000000007,False,False,1.4031443181818164,4.263245681818191,True,high_bin_residual_mad
2024-07-13 03:55:00,114.75423,114.75423,119.256,False,False,False,119.256,4.501769999999993,False,False,1.2165082449899822,3.285261755010011,True,high_bin_residual_mad
2024-07-13 03:56:00,100.901566,100.901566,105.171,False,False,False,105.171,4.269434000000004,False,False,1.0719538897168457,3.1974801102831583,True,high_bin_residual_mad
2024-07-13 03:57:00,84.88165,84.88165,91.783,False,False,False,91.783,6.901350000000008,False,False,0.9568318848758485,5.9445181151241595,True,high_bin_residual_mad
2024-07-13 03:58:00,69.92434,69.92434,74.212,False,False,False,74.212,4.2876600000000025,False,False,0.8364747949914049,3.4511852050085974,True,high_bin_residual_mad
2024-07-13 03:59:00,56.05563,56.05563,60.885,False,False,False,60.885,4.829369999999997,False,False,0.8007011885608875,4.028668811439109,True,high_bin_residual_mad
2024-07-13 04:00:00,43.68883,43.68883,50.043,False,False,False,50.043,6.354169999999996,False,False,0.7856010618145568,5.5685689381854395,True,high_bin_residual_mad
2024-07-13 04:01:00,34.11084,34.11084,39.487,False,False,False,39.487,5.376159999999999,False,False,0.8244244241867791,4.55173557581322,True,high_bin_residual_mad
2024-07-13 04:02:00,22.962038,22.962038,28.64,False,False,False,28.64,5.677962000000001,False,False,0.9919760665024638,4.685985933497537,True,high_bin_residual_mad
2024-07-13 04:03:00,14.33029,14.33029,21.557,False,False,False,21.557,7.226709999999999,False,False,1.2918944883461432,5.934815511653856,True,high_bin_residual_mad
2024-07-13 04:22:00,37.13665,37.13665,40.491,False,False,False,40.491,3.3543499999999966,False,False,0.760819759968519,2.5935302400314777,True,high_bin_residual_mad
2024-07-13 06:45:00,179.1384,179.1384,186.311,False,False,False,186.311,7.172600000000017,False,False,2.327197710783105,4.845402289216912,True,high_bin_residual_mad
2024-07-13 06:55:00,155.76096,155.76096,153.953,False,False,False,153.953,-1.8079600000000084,True,False,1.7332507668251187,-3.5412107668251274,True,high_bin_residual_mad
2024-07-13 09:30:00,355.3987,355.3987,367.127,False,False,False,367.127,11.72829999999999,False,False,7.580017933561323,4.148282066438667,True,high_bin_residual_mad
2024-07-13 09:33:00,354.2282,354.2282,358.365,False,False,False,358.365,4.136799999999994,False,False,7.53380824788734,-3.397008247887346,True,high_bin_residual_mad
2024-07-13 09:59:00,348.8541,348.8541,352.821,False,False,False,352.821,3.9669000000000096,False,False,7.432746663818878,-3.4658466638188683,True,high_bin_residual_mad
2024-07-13 10:57:00,368.2911,368.2911,374.102,False,False,False,374.102,5.810900000000004,False,False,7.837180183767241,-2.026280183767237,True,high_bin_residual_mad
2024-07-13 16:42:00,335.4414,335.4414,347.133,False,False,False,347.133,11.691599999999994,False,False,7.294795356881858,4.396804643118136,True,high_bin_residual_mad
2024-07-13 20:08:00,353.51056,353.51056,357.601,False,False,False,357.601,4.090440000000001,False,False,7.481305307042266,-3.390865307042265,True,high_bin_residual_mad
2024-07-13 20:58:00,130.32793,130.32793,135.101,False,False,False,135.101,4.77306999999999,False,False,1.429007587064667,3.344062412935323,True,high_bin_residual_mad
2024-07-13 21:01:00,123.730225,123.730225,128.329,False,False,False,128.329,4.598775000000003,False,False,1.334896805069937,3.2638781949300664,True,high_bin_residual_mad
2024-07-13 21:02:00,121.40195,121.40195,125.812,False,False,False,125.812,4.410049999999998,False,False,1.2950259741902825,3.1150240258097157,True,high_bin_residual_mad
2024-07-13 21:03:00,117.16997,117.16997,121.878,False,False,False,121.878,4.708029999999994,False,False,1.2502917066020893,3.457738293397904,True,high_bin_residual_mad
2024-07-13 21:04:00,107.974464,107.974464,111.578,False,False,False,111.578,3.6035360000000054,False,False,1.1372497663125896,2.466286233687416,True,high_bin_residual_mad
2024-07-13 21:05:00,103.18436,103.18436,107.662,False,False,False,107.662,4.477640000000008,False,False,1.0899311121998927,3.387708887800115,True,high_bin_residual_mad
2024-07-13 21:06:00,100.13385,100.13385,103.944,False,False,False,103.944,3.8101500000000073,False,False,1.0673430327162086,2.7428069672837987,True,high_bin_residual_mad
2024-07-13 21:07:00,98.87247,98.87247,102.711,False,False,False,102.711,3.8385299999999916,False,False,1.0630434058007556,2.775486594199236,True,high_bin_residual_mad
2024-07-13 21:08:00,93.17348,93.17348,97.034,False,False,False,97.034,3.860520000000008,False,False,0.9949215080527093,2.8655984919472988,True,high_bin_residual_mad
2024-07-13 21:09:00,88.68584,88.68584,92.723,False,False,False,92.723,4.03716,False,False,0.9557037434161013,3.0814562565838988,True,high_bin_residual_mad
2024-07-13 21:10:00,83.54736,83.54736,87.351,False,False,False,87.351,3.8036400000000015,False,False,0.9313254098360696,2.8723145901639318,True,high_bin_residual_mad
2024-07-13 21:12:00,80.32789,80.32789,83.646,False,False,False,83.646,3.3181100000000043,False,False,0.9003736826946614,2.417736317305343,True,high_bin_residual_mad
2024-07-13 23:29:00,110.757904,110.757904,114.383,False,False,False,114.383,3.625095999999999,False,False,1.1610669599999954,2.464029040000004,True,high_bin_residual_mad
2024-07-14 00:22:00,87.66801,87.66801,90.622,False,False,False,90.622,2.9539900000000046,False,False,0.9568441427877649,1.9971458572122396,True,high_bin_residual_mad
2024-07-14 00:27:00,79.02942,79.02942,81.076,False,False,False,81.076,2.0465799999999916,False,False,0.8068972602739696,1.239682739726022,True,high_bin_residual_mad
2024-07-14 00:28:00,77.34598,77.34598,80.354,False,False,False,80.354,3.008020000000002,False,False,0.8304254490106507,2.177594550989351,True,high_bin_residual_mad
2024-07-14 00:31:00,71.03571,71.03571,74.139,False,False,False,74.139,3.103290000000001,False,False,0.8362333734348124,2.267056626565189,True,high_bin_residual_mad
2024-07-14 00:32:00,65.92288,65.92288,69.204,False,False,False,69.204,3.281119999999987,False,False,0.8209980379746853,2.460121962025302,True,high_bin_residual_mad
2024-07-14 00:33:00,55.790634,55.790634,58.356,False,False,False,58.356,2.5653660000000045,False,False,0.7921687594553729,1.7731972405446315,True,high_bin_residual_mad
2024-07-14 00:35:00,41.494667,41.494667,44.166,False,False,False,44.166,2.671332999999997,False,False,0.8295471439620743,1.8417858560379228,True,high_bin_residual_mad
2024-07-14 00:43:00,33.803238,33.803238,36.731,False,False,False,36.731,2.9277620000000013,False,False,0.8902016481574963,2.037560351842505,True,high_bin_residual_mad
2024-07-14 01:07:00,82.45091,82.45091,81.303,False,False,False,81.303,-1.147909999999996,True,False,0.799499893455096,-1.947409893455092,True,high_bin_residual_mad
2024-07-15 12:22:00,33.543182,33.543182,36.396,False,False,False,36.396,2.852817999999999,False,False,0.8936556486622923,1.959162351337707,True,high_bin_residual_mad
2024-07-16 13:22:00,348.24915,348.24915,352.922,False,False,False,352.922,4.6728500000000395,False,False,7.433865818026484,-2.7610158180264444,True,high_bin_residual_mad
2024-07-16 18:02:00,369.28067,369.28067,375.127,False,False,False,375.127,5.846330000000023,False,False,7.81949631578947,-1.973166315789447,True,high_bin_residual_mad
2024-07-16 22:56:00,373.36987,373.36987,377.03502990456,False,False,False,377.03502990456,3.665159904560028,False,False,7.9077606314872915,-4.242600726927264,True,high_bin_residual_mad
2024-07-17 03:27:00,369.37756,369.37756,379.304,False,False,False,379.304,9.926439999999957,False,False,7.919447670639233,2.006992329360724,True,high_bin_residual_mad
2024-07-17 05:41:00,362.0799,362.0799,372.267,False,False,False,372.267,10.187099999999987,False,False,7.815980241260473,2.371119758739514,True,high_bin_residual_mad
2024-07-17 06:11:00,340.8942,340.8942,352.771,False,False,False,352.771,11.876800000000003,False,False,7.43219262708244,4.444607372917563,True,high_bin_residual_mad
2024-07-17 11:07:00,355.89023,355.89023,367.428,False,False,False,367.428,11.537770000000023,False,False,7.5886773815339605,3.9490926184660626,True,high_bin_residual_mad
2024-07-17 11:09:00,355.1655,355.1655,366.826,False,False,False,366.826,11.660500000000013,False,False,7.5714530184805096,4.089046981519504,True,high_bin_residual_mad
2024-07-17 11:21:00,353.95386,353.95386,357.012,False,False,False,357.012,3.0581399999999803,False,False,7.447029428696043,-4.3888894286960625,True,high_bin_residual_mad
2024-07-17 11:25:00,352.83676,352.83676,357.326,False,False,False,357.326,4.489239999999995,False,False,7.462406997183112,-2.9731669971831165,True,high_bin_residual_mad
2024-07-17 11:30:00,354.0526,354.0526,358.139,False,False,False,358.139,4.086400000000026,False,False,7.518277273239451,-3.431877273239425,True,high_bin_residual_mad
2024-07-17 11:31:00,353.86157,353.86157,358.128,False,False,False,358.128,4.266430000000014,False,False,7.517521340845083,-3.2510913408450692,True,high_bin_residual_mad
2024-07-17 11:47:00,347.4537,347.4537,359.97,False,False,False,359.97,12.516300000000001,False,False,7.543920544482263,4.972379455517738,True,high_bin_residual_mad
2024-07-18 03:53:00,356.11203,356.11203,368.178,False,False,False,368.178,12.065969999999993,False,False,7.6102540791402005,4.4557159208597925,True,high_bin_residual_mad
2024-07-18 14:52:00,143.62256,143.62256,142.155,False,False,False,142.155,-1.4675599999999918,True,False,1.5389380523974354,-3.0064980523974274,True,high_bin_residual_mad
2024-07-18 15:30:00,190.8717,190.8717,199.742,False,False,False,199.742,8.870299999999986,False,False,2.6034600290979606,6.2668399709020255,True,high_bin_residual_mad
2024-07-18 15:53:00,97.98947,97.98947,102.191,False,False,False,102.191,4.201530000000005,False,False,1.0602111435056734,3.141318856494332,True,high_bin_residual_mad
2024-07-18 15:56:00,67.675545,67.675545,70.322,False,False,False,70.322,2.646455000000003,False,False,0.8355490202531637,1.8109059797468394,True,high_bin_residual_mad
2024-07-18 16:48:00,13.8355055,13.8355055,18.842,False,False,False,18.842,5.006494499999999,False,False,1.4814786119665386,3.52501588803346,True,high_bin_residual_mad
2024-07-18 16:49:00,17.603907,17.603907,22.621,False,False,False,22.621,5.017092999999999,False,False,1.230238946565831,3.786854053434168,True,high_bin_residual_mad
2024-07-18 16:50:00,18.519773,18.519773,23.281,False,False,False,23.281,4.761226999999998,False,False,1.1920500053697822,3.569176994630216,True,high_bin_residual_mad
2024-07-18 16:51:00,26.308363,26.308363,30.851,False,False,False,30.851,4.542636999999999,False,False,0.9728814777749543,3.5697555222250448,True,high_bin_residual_mad
2024-07-18 16:54:00,61.879868,61.879868,64.992,False,False,False,64.992,3.1121320000000026,False,False,0.8028272359777637,2.309304764022239,True,high_bin_residual_mad
2024-07-18 16:55:00,64.77008,64.77008,67.325,False,False,False,67.325,2.55492000000001,False,False,0.7918237822698493,1.7630962177301606,True,high_bin_residual_mad
2024-07-18 20:12:00,85.26596,85.26596,84.302,False,False,False,84.302,-0.9639600000000002,True,False,0.9061702440810377,-1.870130244081038,True,high_bin_residual_mad
2024-07-18 21:25:00,133.72937,133.72937,132.244,False,False,False,132.244,-1.485369999999989,True,False,1.3813394105993102,-2.866709410599299,True,high_bin_residual_mad
2024-07-18 21:27:00,142.53546,142.53546,140.547,False,False,False,140.547,-1.9884600000000034,True,False,1.5210352054794545,-3.5094952054794577,True,high_bin_residual_mad
2024-07-18 22:30:00,158.60439,158.60439,156.552,False,False,False,156.552,-2.0523900000000026,True,False,1.76645623140698,-3.8188462314069826,True,high_bin_residual_mad
2024-07-19 00:10:00,142.71982,142.71982,139.647,False,False,False,139.647,-3.072820000000007,True,False,1.5101946966731925,-4.5830146966731995,True,high_bin_residual_mad
2024-07-19 00:12:00,152.49756,152.49756,150.562,False,False,False,150.562,-1.935559999999981,True,False,1.6357732263470028,-3.571333226346984,True,high_bin_residual_mad
2024-07-19 05:55:00,21.859129,21.859129,26.949,False,False,False,26.949,5.089871000000002,False,False,1.0416997272727277,4.0481712727272745,True,high_bin_residual_mad
2024-07-19 05:56:00,33.04693,33.04693,38.28,False,False,False,38.28,5.233069999999998,False,False,0.8671433667334678,4.36592663326653,True,high_bin_residual_mad
2024-07-19 05:57:00,39.038303,39.038303,45.055,False,False,False,45.055,6.016697000000001,False,False,0.8273156943887758,5.189381305611224,True,high_bin_residual_mad
2024-07-19 05:58:00,51.0775,51.0775,56.634,False,False,False,56.634,5.5565,False,False,0.792710762143218,4.763789237856781,True,high_bin_residual_mad
2024-07-19 05:59:00,66.04045,66.04045,70.041,False,False,False,70.041,4.00054999999999,False,False,0.8318917518987339,3.1686582481012557,True,high_bin_residual_mad
2024-07-19 06:00:00,75.89137,75.89137,80.714,False,False,False,80.714,4.822630000000004,False,False,0.818693942161336,4.003936057838668,True,high_bin_residual_mad
2024-07-19 06:01:00,87.775894,87.775894,92.017,False,False,False,92.017,4.241106000000002,False,False,0.9565510496614007,3.2845549503386016,True,high_bin_residual_mad
2024-07-19 06:02:00,101.032776,101.032776,105.166,False,False,False,105.166,4.1332239999999985,False,False,1.0719117386984651,3.0613122613015333,True,high_bin_residual_mad
2024-07-19 06:03:00,111.248,111.248,115.605,False,False,False,115.605,4.356999999999999,False,False,1.1777620818771821,3.1792379181228174,True,high_bin_residual_mad
2024-07-19 06:12:00,204.63394,204.63394,201.356,False,False,False,201.356,-3.277940000000001,True,False,2.6424243778801824,-5.920364377880183,True,high_bin_residual_mad
2024-07-19 11:12:00,141.87163,141.87163,140.212,False,False,False,140.212,-1.6596300000000213,True,False,1.5170001272015678,-3.176630127201589,True,high_bin_residual_mad
2024-07-19 12:12:00,89.256485,89.256485,93.969,False,False,False,93.969,4.712514999999996,False,False,0.969167054315838,3.743347945684158,True,high_bin_residual_mad
2024-07-19 12:13:00,78.63181,78.63181,81.929,False,False,False,81.929,3.2971900000000005,False,False,0.8139513348348356,2.483238665165165,True,high_bin_residual_mad
2024-07-19 12:14:00,69.5202,69.5202,73.074,False,False,False,73.074,3.5537999999999954,False,False,0.8327112644242519,2.7210887355757434,True,high_bin_residual_mad
2024-07-19 12:15:00,62.179573,62.179573,64.651,False,False,False,64.651,2.4714269999999985,False,False,0.8005630546977212,1.6708639453022773,True,high_bin_residual_mad
2024-07-19 12:16:00,53.961205,53.961205,57.088,False,False,False,57.088,3.1267950000000013,False,False,0.7939786807866902,2.332816319213311,True,high_bin_residual_mad
2024-07-19 12:17:00,49.477062,49.477062,53.364,False,False,False,53.364,3.8869380000000007,False,False,0.7892331230502596,3.097704876949741,True,high_bin_residual_mad
2024-07-19 12:18:00,46.874283,46.874283,49.737,False,False,False,49.737,2.8627170000000035,False,False,0.7866276719840479,2.0760893280159554,True,high_bin_residual_mad
2024-07-19 12:19:00,47.84066,47.84066,51.352,False,False,False,51.352,3.511339999999997,False,False,0.7836192587305646,2.727720741269432,True,high_bin_residual_mad
2024-07-19 12:20:00,40.91576,40.91576,45.568,False,False,False,45.568,4.652239999999999,False,False,0.8211036653306601,3.831136334669339,True,high_bin_residual_mad
2024-07-19 12:21:00,36.67578,36.67578,40.682,False,False,False,40.682,4.006219999999999,False,False,0.7487196694648459,3.2575003305351533,True,high_bin_residual_mad
2024-07-19 12:22:00,33.617264,33.617264,37.831,False,False,False,37.831,4.213736000000004,False,False,0.8742472845691387,3.339488715430866,True,high_bin_residual_mad
2024-07-19 12:23:00,31.715675,31.715675,36.311,False,False,False,36.311,4.595324999999999,False,False,0.8945320368500764,3.7007929631499223,True,high_bin_residual_mad
2024-07-19 12:24:00,26.490509,26.490509,31.81,False,False,False,31.81,5.319490999999999,False,False,0.9670401861975975,4.352450813802402,True,high_bin_residual_mad
2024-07-19 12:25:00,25.426159,25.426159,29.927,False,False,False,29.927,4.500841000000001,False,False,0.9769260020320039,3.5239149979679976,True,high_bin_residual_mad
2024-07-19 12:26:00,18.77871,18.77871,25.74,False,False,False,25.74,6.961289999999998,False,False,1.072620818181819,5.888669181818179,True,high_bin_residual_mad
2024-07-19 12:27:00,20.28687,20.28687,24.72,False,False,False,24.72,4.4331299999999985,False,False,1.108940994142056,3.324189005857942,True,high_bin_residual_mad
2024-07-19 12:28:00,21.075512,21.075512,26.959,False,False,False,26.959,5.883488,False,False,1.0414439696969702,4.84204403030303,True,high_bin_residual_mad
2024-07-19 12:29:00,20.717978,20.717978,28.195,False,False,False,28.195,7.477022000000002,False,False,1.00509830541872,6.471923694581282,True,high_bin_residual_mad
2024-07-19 12:30:00,13.9897995,13.9897995,19.276,False,False,False,19.276,5.2862005,False,False,1.4454098888746483,3.8407906111253514,True,high_bin_residual_mad
2024-07-19 12:31:00,18.636297,18.636297,24.694,False,False,False,24.694,6.057703,False,False,1.110442616304614,4.947260383695387,True,high_bin_residual_mad
2024-07-19 12:32:00,22.028439,22.028439,26.568,False,False,False,26.568,4.539561000000003,False,False,1.0514440909090916,3.4881169090909108,True,high_bin_residual_mad
2024-07-19 12:33:00,18.029602,18.029602,24.742,False,False,False,24.742,6.712398,False,False,1.1076703907737377,5.604727609226263,True,high_bin_residual_mad
2024-07-19 12:34:00,20.490635,20.490635,25.095,False,False,False,25.095,4.604364999999998,False,False,1.089117181818183,3.5152478181818148,True,high_bin_residual_mad
2024-07-19 12:35:00,16.905298,16.905298,21.96,False,False,False,21.96,5.0547020000000025,False,False,1.2685418724274722,3.78616012757253,True,high_bin_residual_mad
2024-07-19 12:36:00,14.807719,14.807719,22.825,False,False,False,22.825,8.017280999999999,False,False,1.218417771262087,6.798863228737912,True,high_bin_residual_mad
2024-07-19 12:37:00,8.439826,8.439826,14.307,False,False,False,14.307,5.867174,False,False,1.8745310504326327,3.992642949567368,True,high_bin_residual_mad
2024-07-19 12:39:00,13.250978,13.250978,18.732,False,False,False,18.732,5.481021999999999,False,False,1.4925649128879739,3.9884570871120255,True,high_bin_residual_mad
2024-07-19 12:40:00,13.170489,13.170489,18.398,False,False,False,18.398,5.227511,False,False,1.5262269538676052,3.7012840461323946,True,high_bin_residual_mad
2024-07-19 12:43:00,26.153555,26.153555,30.68,False,False,False,30.68,4.526444999999999,False,False,0.9736299773939537,3.5528150226060453,True,high_bin_residual_mad
2024-07-19 12:44:00,28.452486,28.452486,32.088,False,False,False,32.088,3.6355140000000006,False,False,0.9652705004903167,2.670243499509684,True,high_bin_residual_mad
2024-07-19 12:47:00,29.495632,29.495632,33.578,False,False,False,33.578,4.082368000000002,False,False,0.9449823479899518,3.1373856520100505,True,high_bin_residual_mad
2024-07-19 12:48:00,23.555134,23.555134,27.723,False,False,False,27.723,4.167866,False,False,1.0190167251231534,3.148849274876847,True,high_bin_residual_mad
2024-07-19 12:54:00,27.847397,27.847397,31.134,False,False,False,31.134,3.2866029999999995,False,False,0.9713434507232153,2.3152595492767842,True,high_bin_residual_mad
2024-07-19 12:55:00,20.842018,20.842018,24.973,False,False,False,24.973,4.1309819999999995,False,False,1.094329055406396,3.0366529445936035,True,high_bin_residual_mad
2024-07-19 12:58:00,21.438156,21.438156,25.291,False,False,False,25.291,3.852844000000001,False,False,1.0841043333333344,2.768739666666667,True,high_bin_residual_mad
2024-07-19 13:48:00,32.140068,32.140068,35.313,False,False,False,35.313,3.172932000000003,False,False,0.9048218652195883,2.2681101347804145,True,high_bin_residual_mad
2024-07-19 13:52:00,30.30289,30.30289,33.523,False,False,False,33.523,3.220110000000002,False,False,0.9464030477386955,2.273706952261306,True,high_bin_residual_mad
2024-07-19 13:53:00,30.544458,30.544458,34.126,False,False,False,34.126,3.581541999999999,False,False,0.9308270123115602,2.650714987688439,True,high_bin_residual_mad
2024-07-19 13:55:00,34.922066,34.922066,37.882,False,False,False,37.882,2.959933999999997,False,False,0.8734403807615235,2.0864936192384733,True,high_bin_residual_mad
2024-07-19 13:56:00,37.76954,37.76954,40.023,False,False,False,40.023,2.253460000000004,False,False,0.7904681492654768,1.4629918507345272,True,high_bin_residual_mad
2024-07-19 14:02:00,57.642754,57.642754,60.255,False,False,False,60.255,2.612246000000006,False,False,0.7975869892988948,1.8146590107011114,True,high_bin_residual_mad
2024-07-19 14:05:00,52.818436,52.818436,56.933,False,False,False,56.933,4.114564000000001,False,False,0.7938664862293474,3.320697513770654,True,high_bin_residual_mad
2024-07-19 14:07:00,49.174995,49.174995,52.584,False,False,False,52.584,3.4090050000000005,False,False,0.7883748478205452,2.620630152179455,True,high_bin_residual_mad
2024-07-19 14:08:00,42.65093,42.65093,45.661,False,False,False,45.661,3.010069999999999,False,False,0.819977508016031,2.190092491983968,True,high_bin_residual_mad
2024-07-19 14:11:00,37.613976,37.613976,40.037,False,False,False,40.037,2.423023999999998,False,False,0.7895812316369355,1.6334427683630626,True,high_bin_residual_mad
2024-07-19 14:12:00,43.586945,43.586945,40.843,False,False,False,40.843,-2.7439449999999965,True,False,0.7385201167366189,-3.4824651167366154,True,high_bin_residual_mad
2024-07-19 14:26:00,57.954807,57.954807,60.482,False,False,False,60.482,2.527192999999997,False,False,0.7987090896678984,1.7284839103320984,True,high_bin_residual_mad
2024-07-19 14:30:00,36.88246,36.88246,39.785,False,False,False,39.785,2.902539999999995,False,False,0.8055457489506823,2.0969942510493125,True,high_bin_residual_mad
2024-07-19 19:21:00,85.24832,85.24832,84.108,False,False,False,84.108,-1.1403200000000027,True,False,0.9044560170856765,-2.0447760170856792,True,high_bin_residual_mad
2024-07-20 14:52:00,135.01772,135.01772,139.698,False,False,False,139.698,4.68028000000001,False,False,1.5108089921722143,3.169471007827796,True,high_bin_residual_mad
2024-07-20 14:55:00,119.3896,119.3896,123.771,False,False,False,123.771,4.381399999999999,False,False,1.260226476643598,3.1211735233564015,True,high_bin_residual_mad
2024-07-20 14:56:00,112.204,112.204,117.794,False,False,False,117.794,5.590000000000003,False,False,1.2153706171875007,4.374629382812502,True,high_bin_residual_mad
2024-07-20 14:57:00,106.3949,106.3949,111.475,False,False,False,111.475,5.080099999999987,False,False,1.135253535660086,3.9448464643399017,True,high_bin_residual_mad
2024-07-20 14:58:00,102.615814,102.615814,107.102,False,False,False,107.102,4.486186000000004,False,False,1.087725134737866,3.3984608652621375,True,high_bin_residual_mad
2024-07-20 14:59:00,96.692665,96.692665,102.731,False,False,False,102.731,6.038334999999989,False,False,1.063152338965951,4.975182661034038,True,high_bin_residual_mad
2024-07-20 15:00:00,89.90263,89.90263,96.362,False,False,False,96.362,6.459369999999993,False,False,0.9914738138449565,5.467896186155036,True,high_bin_residual_mad
2024-07-20 15:01:00,86.76864,86.76864,93.035,False,False,False,93.035,6.266359999999992,False,False,0.9556964290093163,5.310663570990675,True,high_bin_residual_mad
2024-07-20 15:02:00,81.6471,81.6471,87.271,False,False,False,87.271,5.623900000000006,False,False,0.9302450819672172,4.693654918032789,True,high_bin_residual_mad
2024-07-20 15:03:00,72.371635,72.371635,78.73,False,False,False,78.73,6.358365000000006,False,False,0.8719519940696775,5.486413005930329,True,high_bin_residual_mad
2024-07-20 15:04:00,64.454315,64.454315,71.631,False,False,False,71.631,7.176685000000006,False,False,0.8403322420634884,6.336352757936518,True,high_bin_residual_mad
2024-07-20 15:05:00,58.499146,58.499146,66.374,False,False,False,66.374,7.874853999999992,False,False,0.790889242041434,7.083964757958558,True,high_bin_residual_mad
2024-07-20 15:06:00,49.806503,49.806503,57.873,False,False,False,57.873,8.066496999999998,False,False,0.7928581853252674,7.273638814674731,True,high_bin_residual_mad
2024-07-20 15:07:00,39.364365,39.364365,48.193,False,False,False,48.193,8.828634999999998,False,False,0.7950313473815458,8.033603652618453,True,high_bin_residual_mad
2024-07-20 15:08:00,35.235794,35.235794,42.179,False,False,False,42.179,6.9432060000000035,False,False,0.7939425585030775,6.149263441496926,True,high_bin_residual_mad
2024-07-20 15:09:00,29.856777,29.856777,37.363,False,False,False,37.363,7.5062229999999985,False,False,0.8816518136272545,6.624571186372744,True,high_bin_residual_mad
2024-07-20 15:10:00,25.912952,25.912952,33.274,False,False,False,33.274,7.361048,False,False,0.9528349429648262,6.408213057035174,True,high_bin_residual_mad
2024-07-20 15:11:00,21.357191,21.357191,27.201,False,False,False,27.201,5.843809,False,False,1.0344095536945819,4.809399446305418,True,high_bin_residual_mad
2024-07-20 15:12:00,26.285551,26.285551,31.678,False,False,False,31.678,5.392448999999999,False,False,0.9678804686197595,4.42456853138024,True,high_bin_residual_mad
2024-07-20 15:13:00,27.89697,27.89697,32.345,False,False,False,32.345,4.448029999999999,False,False,0.9636344960774709,3.4843955039225283,True,high_bin_residual_mad
2024-07-20 15:14:00,35.22315,35.22315,39.792,False,False,False,39.792,4.568850000000005,False,False,0.8051022901364112,3.7637477098635936,True,high_bin_residual_mad
2024-07-20 15:15:00,33.438137,33.438137,39.353,False,False,False,39.353,5.914863000000004,False,False,0.8329134929171047,5.081949507082899,True,high_bin_residual_mad
2024-07-20 15:16:00,42.667316,42.667316,45.676,False,False,False,45.676,3.0086840000000024,False,False,0.8197958697394778,2.1888881302605245,True,high_bin_residual_mad
2024-07-20 15:17:00,47.90402,47.90402,54.907,False,False,False,54.907,7.002979999999994,False,False,0.7865509237435026,6.2164290762564915,True,high_bin_residual_mad
2024-07-20 15:18:00,56.241753,56.241753,60.092,False,False,False,60.092,3.850246999999996,False,False,0.7967812520295221,3.053465747970474,True,high_bin_residual_mad
2024-07-20 15:19:00,68.30799,68.30799,71.32,False,False,False,71.32,3.0120099999999894,False,False,0.8421294394841239,2.1698805605158658,True,high_bin_residual_mad
2024-07-20 15:20:00,72.290695,72.290695,77.149,False,False,False,77.149,4.858305000000001,False,False,0.8536417716827303,4.004663228317272,True,high_bin_residual_mad
2024-07-20 15:21:00,79.32594,79.32594,83.442,False,False,False,83.442,4.11605999999999,False,False,0.8985710934830444,3.217488906516946,True,high_bin_residual_mad
2024-07-20 15:22:00,78.55597,78.55597,84.299,False,False,False,84.299,5.7430300000000045,False,False,0.906143735416161,4.8368862645838435,True,high_bin_residual_mad
2024-07-20 15:25:00,93.99024,93.99024,98.236,False,False,False,98.236,4.245760000000004,False,False,1.0012922840409926,3.2444677159590114,True,high_bin_residual_mad
2024-07-20 15:27:00,93.69911,93.69911,96.945,False,False,False,96.945,3.2458899999999886,False,False,0.9944560772621215,2.251433922737867,True,high_bin_residual_mad
2024-07-20 15:29:00,97.98411,97.98411,101.525,False,False,False,101.525,3.5408900000000045,False,False,1.0565836691046642,2.4843063308953406,True,high_bin_residual_mad
2024-07-20 15:31:00,97.42734,97.42734,101.024,False,False,False,101.024,3.59666,False,False,1.0538548933165175,2.5428051066834825,True,high_bin_residual_mad
2024-07-21 00:05:00,99.85533,99.85533,103.012,False,False,False,103.012,3.1566700000000054,False,False,1.064663562262236,2.092006437737769,True,high_bin_residual_mad
2024-07-21 00:12:00,107.20561,107.20561,110.879,False,False,False,110.879,3.673390000000012,False,False,1.1240885435897394,2.5493014564102725,True,high_bin_residual_mad
2024-07-21 00:13:00,116.157364,116.157364,112.671,False,False,False,112.671,-3.4863639999999947,True,False,1.1584330682852728,-4.644797068285268,True,high_bin_residual_mad
2024-07-21 00:20:00,146.89969,146.89969,153.461,False,False,False,153.461,6.56131000000002,False,False,1.7325971466099561,4.828712853390064,True,high_bin_residual_mad
2024-07-21 00:25:00,157.76337,157.76337,155.814,False,False,False,155.814,-1.949370000000016,True,False,1.7518671897098312,-3.7012371897098473,True,high_bin_residual_mad
2024-07-21 00:34:00,106.141365,106.141365,109.863,False,False,False,109.863,3.7216350000000062,False,False,1.1082806256410165,2.6133543743589898,True,high_bin_residual_mad
2024-07-21 02:10:00,82.42204,82.42204,81.611,False,False,False,81.611,-0.8110399999999913,True,False,0.7894629375951264,-1.6005029375951176,True,high_bin_residual_mad
2024-07-21 06:40:00,76.529175,76.529175,79.414,False,False,False,79.414,2.8848250000000064,False,False,0.8610577168949726,2.023767283105034,True,high_bin_residual_mad
2024-07-21 20:01:00,369.8584,369.8584,380.837,False,False,False,380.837,10.978599999999972,False,False,8.119543201516807,2.8590567984831647,True,high_bin_residual_mad
2024-07-21 23:01:00,369.33377,369.33377,381.703,False,False,False,381.703,12.369229999999959,False,False,8.090397016460916,4.2788329835390435,True,high_bin_residual_mad
2024-07-22 04:00:00,360.72516,360.72516,370.936,False,False,False,370.936,10.210839999999962,False,False,7.728711917808197,2.482128082191765,True,high_bin_residual_mad
2024-07-22 04:18:00,347.96136,347.96136,352.685,False,False,False,352.685,4.723639999999989,False,False,7.4312396838957655,-2.7075996838957765,True,high_bin_residual_mad
2024-07-22 08:13:00,362.99,362.99,366.945,False,False,False,366.945,3.954999999999984,False,False,7.574781988275542,-3.619781988275558,True,high_bin_residual_mad
2024-07-22 08:40:00,349.07758,349.07758,352.102,False,False,False,352.102,3.0244199999999637,False,False,7.424779615548893,-4.400359615548929,True,high_bin_residual_mad
2024-07-22 22:08:00,366.23407,366.23407,376.766,False,False,False,376.766,10.531930000000045,False,False,7.89531546992484,2.6366145300752057,True,high_bin_residual_mad
2024-07-23 03:30:00,347.6919,347.6919,351.059,False,False,False,351.059,3.3671000000000504,False,False,7.413222409226787,-4.0461224092267365,True,high_bin_residual_mad
2024-07-23 06:32:00,337.9142,337.9142,350.611,False,False,False,350.611,12.696799999999996,False,False,7.36434086102715,5.332459138972846,True,high_bin_residual_mad
2024-07-23 07:12:00,349.51535,349.51535,353.918,False,False,False,353.918,4.402649999999994,False,False,7.411651484962418,-3.0090014849624236,True,high_bin_residual_mad
2024-07-23 07:14:00,346.43036,346.43036,357.572,False,False,False,357.572,11.141639999999995,False,False,7.479312394366209,3.662327605633786,True,high_bin_residual_mad
2024-07-23 07:23:00,348.95197,348.95197,353.191,False,False,False,353.191,4.239029999999957,False,False,7.436846535668522,-3.197816535668565,True,high_bin_residual_mad
2024-07-24 02:54:00,204.89343,204.89343,201.153,False,False,False,201.153,-3.7404300000000035,True,False,2.643532926267278,-6.383962926267282,True,high_bin_residual_mad
2024-07-24 07:02:00,269.67014,269.67014,282.23,False,False,False,282.23,12.559860000000015,False,False,4.700194704433466,7.859665295566549,True,high_bin_residual_mad
2024-07-25 06:10:00,352.866,352.866,357.743,False,False,False,357.743,4.8770000000000095,False,False,7.491063707042266,-2.6140637070422565,True,high_bin_residual_mad
2024-07-25 09:18:00,347.77698,347.77698,352.047,False,False,False,352.047,4.270020000000045,False,False,7.424170175138811,-3.154150175138766,True,high_bin_residual_mad
2024-07-25 13:07:00,349.28616,349.28616,361.716,False,False,False,361.716,12.429840000000013,False,False,7.514266607460032,4.915573392539981,True,high_bin_residual_mad
2024-07-25 17:02:00,347.88165,347.88165,352.635,False,False,False,352.635,4.753350000000012,False,False,7.430685647159327,-2.677335647159315,True,high_bin_residual_mad
2024-07-25 23:05:00,347.1626,347.1626,357.345,False,False,False,357.345,10.18240000000003,False,False,7.4637126985915625,2.718687301408467,True,high_bin_residual_mad
2024-07-26 01:00:00,342.9786,342.9786,353.55,False,False,False,353.55,10.57140000000004,False,False,7.42849048245615,3.14290951754389,True,high_bin_residual_mad
2024-07-26 04:46:00,347.12378,347.12378,350.642,False,False,False,350.642,3.5182199999999852,False,False,7.36825769385696,-3.850037693856975,True,high_bin_residual_mad
2024-07-26 07:50:00,358.29877,358.29877,361.832,False,False,False,361.832,3.533230000000003,False,False,7.515574955595022,-3.9823449555950186,True,high_bin_residual_mad
2024-07-26 11:31:00,351.4497,351.4497,356.295,False,False,False,356.295,4.845300000000009,False,False,7.418927906672496,-2.5736279066724874,True,high_bin_residual_mad
2024-07-27 10:38:00,359.278,359.278,370.114,False,False,False,370.114,10.835999999999956,False,False,7.688850547945185,3.147149452054771,True,high_bin_residual_mad
2024-07-27 14:27:00,355.46292,355.46292,366.824,False,False,False,366.824,11.361080000000015,False,False,7.571397843942522,3.789682156057493,True,high_bin_residual_mad
2024-07-27 17:33:00,354.85455,354.85455,366.343,False,False,False,366.343,11.48845,False,False,7.558128367556477,3.9303216324435235,True,high_bin_residual_mad
2024-07-28 00:55:00,348.1283,348.1283,359.097,False,False,False,359.097,10.968699999999956,False,False,7.573815595527485,3.394884404472471,True,high_bin_residual_mad
2024-07-28 02:04:00,335.4237,335.4237,347.09,False,False,False,347.09,11.666299999999978,False,False,7.2978543800243685,4.36844561997561,True,high_bin_residual_mad
2024-07-28 03:03:00,348.26422,348.26422,359.905,False,False,False,359.905,11.64077999999995,False,False,7.546146407389412,4.0946335926105375,True,high_bin_residual_mad
2024-07-28 04:15:00,324.20563,324.20563,342.976,False,False,False,342.976,18.770370000000014,False,False,6.857401849886264,11.91296815011375,True,high_bin_residual_mad
2024-07-28 08:09:00,238.13788,238.13788,254.722,False,False,False,254.722,16.584120000000013,False,False,4.004128956456446,12.579991043543567,True,high_bin_residual_mad
2024-07-29 09:53:00,279.101,279.101,274.396,False,False,False,274.396,-4.704999999999984,True,False,4.452008214109517,-9.157008214109501,True,high_bin_residual_mad
