P_left,P_right,P_med,n,base_bin_count,bin_width,min_bin_samples,Q01,Q02,Q03,Q04,Q05,Q06,Q07,Q08,Q09,Q10,Q50,Q90,Q91,Q92,Q93,Q94,Q95,Q96,Q97,Q98,Q99,region,quantile_rule,station_code,station_name,scheme_code,scheme_name,power_col_for_prediction,power_threshold_axis,power_switch_threshold,fan_threshold_b,quantile_basis,ultra_low_power_max_mw,ultra_low_power_loss_ratio_min
0.0,0.1,0.053965986,99,1,0.1,20,2.596925201178,2.609130687176,2.6839175522,2.77729245504,2.8225102468,2.8334303408,2.85118840736,2.88218341616,2.9511923252880004,2.97736918968,3.3002683000000004,3.8634646666,3.9053842875,3.92086436808,3.93520414962,3.94850689584,3.9935008979999984,4.290862578752,4.369137440776,4.3826033432,4.388940698919999,low,empirical_from_hard_anomaly_removed_only,step1-插值损耗模型-仅正功率,LGXRFD,STATION_SEG,站端功率分段模型,CT_eff,CT_eff,9.4,10.0,hard_anomaly_removed_only,3.0,0.99
0.1,0.2,0.15105784,81,1,0.1,20,2.294814692,2.464301174,2.55966779,2.6001276640000004,2.746035,2.7832964,2.8569446320000003,2.90262792,2.9118185629999997,2.931812935,3.25781438,3.7997109,3.837307396,3.8759532440000006,3.8980558680000006,3.9054146392,3.919220876,4.0991019271999996,4.435102891999998,4.716836040000001,4.849429744,low,empirical_from_hard_anomaly_removed_only,step1-插值损耗模型-仅正功率,LGXRFD,STATION_SEG,站端功率分段模型,CT_eff,CT_eff,9.4,10.0,hard_anomaly_removed_only,3.0,0.99
0.2,0.30000000000000004,0.225665925,242,1,0.1,20,2.4039702885,2.4669685394,2.5868344602,2.6014277219999995,2.6288295620000004,2.6564991667999998,2.7047971835,2.7877810848,2.843438667,2.852718212,3.31334508,3.9183986770000003,3.975325071,3.9846986864,3.9932829702000006,4.034225289799999,4.092311447499999,4.1696197504,4.231163487699999,4.3574485408,4.4711098146,low,empirical_from_hard_anomaly_removed_only,step1-插值损耗模型-仅正功率,LGXRFD,STATION_SEG,站端功率分段模型,CT_eff,CT_eff,9.4,10.0,hard_anomaly_removed_only,3.0,0.99
0.30000000000000004,0.4,0.34478295,75,1,0.1,20,2.534844101,2.5655157904,2.575735751,2.578527808,2.612775884,2.6329633496,2.6496037928000002,2.6888474432000002,2.7634848872,2.8231591120000004,3.25650472,3.847954548,3.8692206830000004,3.9012202435999996,3.9076074944,3.9225710892,3.942522919,3.968326627999999,4.039261696,4.140266517999999,4.267769654200001,low,empirical_from_hard_anomaly_removed_only,step1-插值损耗模型-仅正功率,LGXRFD,STATION_SEG,站端功率分段模型,CT_eff,CT_eff,9.4,10.0,hard_anomaly_removed_only,3.0,0.99
0.4,0.5,0.4624077,283,1,0.1,20,2.2352945256,2.2950137464,2.330396936,2.4345062092,2.577389996,2.635394648,2.6782843533999996,2.6936503408,2.706757061,2.716784094,3.1802561,3.744771032,3.7666563924000003,3.7961944152000004,3.806949926,3.8485436556,3.869053217,3.922598151999999,4.0242788536,4.151960594,4.2923565298,low,empirical_from_hard_anomaly_removed_only,step1-插值损耗模型-仅正功率,LGXRFD,STATION_SEG,站端功率分段模型,CT_eff,CT_eff,9.4,10.0,hard_anomaly_removed_only,3.0,0.99
0.5,0.6000000000000001,0.5337152,179,1,0.1,20,2.2301815172,2.30023978,2.374867246,2.39736736,2.41630159,2.4567078600000003,2.530271066,2.5417914080000004,2.5652038212000003,2.5801574800000004,3.1747213,3.6286763520000003,3.673500488000001,3.6793794456,3.7347664358000014,3.764945126,3.7719276769999994,3.8101924628,3.8411209319999995,3.9533574516,4.040690120000001,low,empirical_from_hard_anomaly_removed_only,step1-插值损耗模型-仅正功率,LGXRFD,STATION_SEG,站端功率分段模型,CT_eff,CT_eff,9.4,10.0,hard_anomaly_removed_only,3.0,0.99
0.6000000000000001,0.7000000000000001,0.6638776,119,1,0.1,20,2.1918569654,2.260434,2.316071874,2.379001892,2.461093695,2.5107431424,2.5609981642,2.563779404,2.5774413139999997,2.602607416,3.0400400000000003,3.5410450000000004,3.5617549368000003,3.6045725104,3.6441572000000004,3.6643169759999994,3.6842230489999994,3.7186193640000003,3.8496619255999986,4.010074492,4.140504419999998,low,empirical_from_hard_anomaly_removed_only,step1-插值损耗模型-仅正功率,LGXRFD,STATION_SEG,站端功率分段模型,CT_eff,CT_eff,9.4,10.0,hard_anomaly_removed_only,3.0,0.99
0.7000000000000001,0.8,0.75519264,277,1,0.1,20,2.038838156,2.1036969500000002,2.220798144,2.2576982232000002,2.31022384,2.3710899908,2.4531742368000002,2.512043012,2.567956984,2.58966056,3.0553552,3.61353868,3.6376935180000003,3.6905102631999998,3.7250552515999997,3.75529916,3.8491260299999994,3.944241783199999,4.015222523999998,4.245894284800001,4.4433204464,low,empirical_from_hard_anomaly_removed_only,step1-插值损耗模型-仅正功率,LGXRFD,STATION_SEG,站端功率分段模型,CT_eff,CT_eff,9.4,10.0,hard_anomaly_removed_only,3.0,0.99
0.8,0.9,0.8473843649999999,342,1,0.1,20,2.186590601,2.249589086,2.3177342012,2.3901230336,2.4351695395,2.4520282614,2.499348575,2.518368948,2.5276113870000003,2.5444788500000004,3.082463835,3.62123822,3.6800854584000002,3.7364078524,3.7497392233999998,3.7863713075999996,3.8352753770000003,3.8773048104,3.8953289029000002,4.103069841999999,4.355391050399998,low,empirical_from_hard_anomaly_removed_only,step1-插值损耗模型-仅正功率,LGXRFD,STATION_SEG,站端功率分段模型,CT_eff,CT_eff,9.4,10.0,hard_anomaly_removed_only,3.0,0.99
0.9,1.0,0.9501207,323,1,0.1,20,2.1295853432,2.2364461959999997,2.374464618,2.4150600600000005,2.43576209,2.4706887,2.4815064796,2.5026555188,2.528252603,2.5407519,3.0712322,3.620650588,3.667318033199999,3.7170939319999996,3.7422258604,3.777257064,3.8536636059999982,3.915812684,3.9988291890000003,4.118963192,4.1963418408,low,empirical_from_hard_anomaly_removed_only,step1-插值损耗模型-仅正功率,LGXRFD,STATION_SEG,站端功率分段模型,CT_eff,CT_eff,9.4,10.0,hard_anomaly_removed_only,3.0,0.99
1.0,1.1,1.0465264,314,1,0.1,20,2.121955425,2.236150786,2.306398228,2.351188032,2.39503447,2.4419842619999996,2.45172793,2.483769288,2.5319862580000003,2.54784764,3.0708383999999995,3.59177051,3.636129261,3.654097296,3.710804729,3.745326522,3.778175264999999,3.845636419999999,3.889726268,3.9659374200000004,4.268608986,low,empirical_from_hard_anomaly_removed_only,step1-插值损耗模型-仅正功率,LGXRFD,STATION_SEG,站端功率分段模型,CT_eff,CT_eff,9.4,10.0,hard_anomaly_removed_only,3.0,0.99
1.1,1.2000000000000002,1.1457559499999999,288,1,0.1,20,2.131099793,2.205938964,2.2466420869999997,2.316330056,2.340667625,2.366277262,2.380485524,2.3887626080000004,2.3923208769999995,2.40328663,3.07259925,3.64457961,3.666573146,3.7145902360000003,3.7417875630000004,3.7754505199999997,3.791614619999999,4.00758964,4.11279573,4.212147831999999,4.306115724,low,empirical_from_hard_anomaly_removed_only,step1-插值损耗模型-仅正功率,LGXRFD,STATION_SEG,站端功率分段模型,CT_eff,CT_eff,9.4,10.0,hard_anomaly_removed_only,3.0,0.99
1.2000000000000002,1.3,1.2519528000000002,278,1,0.1,20,2.107423994,2.268680306,2.3481645700000002,2.374833436,2.37887558,2.399068502,2.4365722690000005,2.466144032,2.487008503,2.5108265600000004,3.0815026999999997,3.65074587,3.7107874560000003,3.734222936,3.748866643,3.779563018,3.844545384999999,3.922637484000001,4.12793654,4.2299023380000005,4.31546158,low,empirical_from_hard_anomaly_removed_only,step1-插值损耗模型-仅正功率,LGXRFD,STATION_SEG,站端功率分段模型,CT_eff,CT_eff,9.4,10.0,hard_anomaly_removed_only,3.0,0.99
1.3,1.4000000000000001,1.3464403,305,1,0.1,20,1.9864799720000001,2.050488328,2.205410084,2.2529436120000006,2.25748636,2.288285128,2.3344237759999995,2.349561388,2.3679732,2.42088796,3.0064243,3.5356396800000005,3.5740112239999995,3.608026872,3.6590313800000005,3.7267404839999996,3.75679832,3.8626524799999995,3.9493439639999997,4.046940936,4.221562468,low,empirical_from_hard_anomaly_removed_only,step1-插值损耗模型-仅正功率,LGXRFD,STATION_SEG,站端功率分段模型,CT_eff,CT_eff,9.4,10.0,hard_anomaly_removed_only,3.0,0.99
1.4000000000000001,1.5,1.4507847,281,1,0.1,20,2.05877584,2.19741856,2.31595348,2.4212978000000005,2.4403601,2.4619180000000003,2.48811338,2.51633752,2.5448037599999997,2.5528693,3.0608940999999996,3.5397207999999996,3.5989249,3.61214038,3.6828108400000006,3.77033948,3.7777868000000003,3.8635226600000006,3.980699579999998,4.0720681999999995,4.140609599999999,low,empirical_from_hard_anomaly_removed_only,step1-插值损耗模型-仅正功率,LGXRFD,STATION_SEG,站端功率分段模型,CT_eff,CT_eff,9.4,10.0,hard_anomaly_removed_only,3.0,0.99
1.5,1.6,1.5543763,240,1,0.1,20,2.0805797029999997,2.2004022819999998,2.248846867,2.264657216,2.285089965,2.3303447220000004,2.368944851,2.39491444,2.4226076599999997,2.446328,2.9945880000000002,3.54793297,3.599529466,3.6088869199999998,3.6420847340000004,3.77880769,3.822765305,3.8828864199999997,3.977979638999999,4.106147212,4.182743038,low,empirical_from_hard_anomaly_removed_only,step1-插值损耗模型-仅正功率,LGXRFD,STATION_SEG,站端功率分段模型,CT_eff,CT_eff,9.4,10.0,hard_anomaly_removed_only,3.0,0.99
1.6,1.7000000000000002,1.65203555,226,1,0.1,20,2.0242769,2.241639,2.2932694750000002,2.3787534,2.406418575,2.4463785999999996,2.4766714,2.4935896,2.5263147000000004,2.5399603,2.9809107,3.4297325,3.4781138,3.5143619999999993,3.5342932499999997,3.5793090500000004,3.623531475,3.7200535,3.8143081,3.9502376999999997,4.0834165250000005,low,empirical_from_hard_anomaly_removed_only,step1-插值损耗模型-仅正功率,LGXRFD,STATION_SEG,站端功率分段模型,CT_eff,CT_eff,9.4,10.0,hard_anomaly_removed_only,3.0,0.99
1.7000000000000002,1.8,1.7490435500000001,216,1,0.1,20,1.99331317,2.1422687099999997,2.23262392,2.3199630599999996,2.3595175999999998,2.3755375000000005,2.403092255,2.4329806400000002,2.4485151800000002,2.46464635,3.0030504999999996,3.5336949,3.6255209100000005,3.7268062,3.747655425,3.77669416,3.8541765750000003,3.90532902,3.9634982850000005,3.99202393,4.01606591,low,empirical_from_hard_anomaly_removed_only,step1-插值损耗模型-仅正功率,LGXRFD,STATION_SEG,站端功率分段模型,CT_eff,CT_eff,9.4,10.0,hard_anomaly_removed_only,3.0,0.99
1.8,1.9000000000000001,1.8523839500000001,220,1,0.1,20,1.9648260750000002,2.163630922,2.2691287420000004,2.3228071119999996,2.336837345,2.3672560619999996,2.3844958619999996,2.44366324,2.471266407,2.4896596500000006,2.9971682,3.52588243,3.5425201619999998,3.5668281600000005,3.5941408020000005,3.613156706,3.70747633,3.8015346959999987,3.937703178,4.040204224000001,4.299838056,low,empirical_from_hard_anomaly_removed_only,step1-插值损耗模型-仅正功率,LGXRFD,STATION_SEG,站端功率分段模型,CT_eff,CT_eff,9.4,10.0,hard_anomaly_removed_only,3.0,0.99
1.9000000000000001,2.0,1.9513754,217,1,0.1,20,1.8433207319999998,1.9907319120000002,2.1346917280000004,2.1855853279999997,2.2902264800000003,2.3153078080000005,2.32185248,2.3604711480000002,2.3721643599999997,2.41335032,2.9502253000000005,3.54133306,3.5477258839999997,3.5559250920000003,3.6066777879999994,3.6622269759999995,3.7085316600000002,3.823291135999999,3.8943123239999995,4.002191332,4.226729832,low,empirical_from_hard_anomaly_removed_only,step1-插值损耗模型-仅正功率,LGXRFD,STATION_SEG,站端功率分段模型,CT_eff,CT_eff,9.4,10.0,hard_anomaly_removed_only,3.0,0.99
2.0,2.1,2.0481963,235,1,0.1,20,1.9351962739999997,2.1240674399999997,2.208187898,2.23626478,2.2825604900000003,2.2998919399999997,2.34156142,2.3554450399999998,2.3954977939999993,2.42371112,3.035915,3.58438944,3.6016571340000003,3.6517773640000004,3.6589735279999998,3.7157782319999986,3.7488763499999997,3.8082147519999987,3.8638251179999994,3.939715447999999,4.044968464,low,empirical_from_hard_anomaly_removed_only,step1-插值损耗模型-仅正功率,LGXRFD,STATION_SEG,站端功率分段模型,CT_eff,CT_eff,9.4,10.0,hard_anomaly_removed_only,3.0,0.99
2.1,2.2,2.1511525,216,1,0.1,20,1.9477987500000005,1.96433452,2.046243155,2.0680924800000002,2.085436,2.1594044999999995,2.2312193899999997,2.2896054,2.29842622,2.3048533,2.9633107499999998,3.6151071000000004,3.63918419,3.6695251000000004,3.6874359450000003,3.7100649900000002,3.78422865,3.83203152,3.9320783649999984,4.160666819999999,4.250308015,low,empirical_from_hard_anomaly_removed_only,step1-插值损耗模型-仅正功率,LGXRFD,STATION_SEG,站端功率分段模型,CT_eff,CT_eff,9.4,10.0,hard_anomaly_removed_only,3.0,0.99
2.2,2.3000000000000003,2.2505648,214,1,0.1,20,1.9440702560000003,2.0556798699999996,2.064895511,2.1095934880000002,2.172555375,2.2077311939999995,2.277740609,2.3020806520000003,2.3244308379999996,2.3708935500000003,2.96241265,3.5238155599999996,3.539765126,3.555339272,3.586628901,3.6151760879999997,3.68135326,3.8083276679999982,3.971622862999999,4.012129608,4.1155139720000005,low,empirical_from_hard_anomaly_removed_only,step1-插值损耗模型-仅正功率,LGXRFD,STATION_SEG,站端功率分段模型,CT_eff,CT_eff,9.4,10.0,hard_anomaly_removed_only,3.0,0.99
2.3000000000000003,2.4000000000000004,2.3501139,216,1,0.1,20,1.9562121300000004,2.19131912,2.220174735,2.2581429199999996,2.2877353750000005,2.3242402,2.3476888149999997,2.3605879599999997,2.38873659,2.42692575,2.9016642,3.5237334000000002,3.5377826900000002,3.56480062,3.59487856,3.59971978,3.7164490750000003,3.836176840000001,3.955447095,4.02458521,4.170587185,low,empirical_from_hard_anomaly_removed_only,step1-插值损耗模型-仅正功率,LGXRFD,STATION_SEG,站端功率分段模型,CT_eff,CT_eff,9.4,10.0,hard_anomaly_removed_only,3.0,0.99
2.4000000000000004,2.5,2.4500985,234,1,0.1,20,1.8938734719999997,2.00115072,2.055614895,2.112075632,2.17491045,2.203230858,2.265540644,2.333818104,2.392396227,2.3969594300000003,2.9846220999999993,3.5303092800000004,3.5851517320000004,3.614087248,3.646120335,3.6738501759999997,3.740902275,3.8469651839999996,3.950390378,4.104459294000001,4.335070268999998,low,empirical_from_hard_anomaly_removed_only,step1-插值损耗模型-仅正功率,LGXRFD,STATION_SEG,站端功率分段模型,CT_eff,CT_eff,9.4,10.0,hard_anomaly_removed_only,3.0,0.99
2.5,2.6,2.5545979,217,1,0.1,20,1.873222408,1.960163096,2.058913256,2.2165399519999998,2.2462375999999997,2.2967167560000004,2.320572428,2.346732096,2.35349122,2.3776148800000003,2.8951269999999996,3.5095222999999995,3.523374672,3.556081488,3.602535208000001,3.6465435200000003,3.6759448,3.7106644159999997,3.763374871999999,4.046979776000002,4.285226576,low,empirical_from_hard_anomaly_removed_only,step1-插值损耗模型-仅正功率,LGXRFD,STATION_SEG,站端功率分段模型,CT_eff,CT_eff,9.4,10.0,hard_anomaly_removed_only,3.0,0.99
2.6,2.7,2.6523396000000004,232,1,0.1,20,2.0315304789999997,2.079596164,2.1327566330000005,2.2103104840000003,2.28574592,2.306875186,2.326039981,2.337081096,2.351449467,2.39723625,2.8718258999999997,3.45166515,3.467721505,3.496672784,3.5292271470000003,3.570545358,3.58869816,3.6609254719999997,3.697465049,3.7425528,3.9157498719999997,low,empirical_from_hard_anomaly_removed_only,step1-插值损耗模型-仅正功率,LGXRFD,STATION_SEG,站端功率分段模型,CT_eff,CT_eff,9.4,10.0,hard_anomaly_removed_only,3.0,0.99
2.7,2.8000000000000003,2.7517296499999997,192,1,0.1,20,1.8420566410000003,1.9229795759999997,1.994232531,2.043910628,2.126921545,2.198641714,2.2255781019999996,2.260193032,2.282431649,2.29327664,2.85186095,3.3473545999999996,3.3940520700000003,3.425533972,3.467268011,3.5090289799999996,3.5334225999999997,3.574339396,3.6258835499999993,3.67187581,3.8073362009999996,low,empirical_from_hard_anomaly_removed_only,step1-插值损耗模型-仅正功率,LGXRFD,STATION_SEG,站端功率分段模型,CT_eff,CT_eff,9.4,10.0,hard_anomaly_removed_only,3.0,0.99
2.8000000000000003,2.9000000000000004,2.8515346,227,1,0.1,20,1.7341100180000002,1.82548808,1.9231926219999997,1.9882094,2.0516353300000003,2.0794068359999995,2.108686628,2.14717714,2.156612944,2.18835576,2.832361,3.43705228,3.4596061380000003,3.4984524160000006,3.5309202400000004,3.5930028880000004,3.6461557499999997,3.701648992,3.7656986760000004,3.900853415999999,4.045912288,low,empirical_from_hard_anomaly_removed_only,step1-插值损耗模型-仅正功率,LGXRFD,STATION_SEG,站端功率分段模型,CT_eff,CT_eff,9.4,10.0,hard_anomaly_removed_only,3.0,0.99
2.9000000000000004,3.0,2.9512332,192,1,0.1,20,1.909699386,1.9845999619999997,2.084606043,2.122550888,2.1380055099999997,2.163128096,2.190583125,2.1955157359999995,2.226487662,2.24459112,2.83356165,3.45544948,3.465803223,3.4749734800000005,3.477558277,3.5226024219999994,3.5641976599999996,3.633140599999999,3.743109005999999,3.879159822000001,4.296914792000001,low,empirical_from_hard_anomaly_removed_only,step1-插值损耗模型-仅正功率,LGXRFD,STATION_SEG,站端功率分段模型,CT_eff,CT_eff,9.4,10.0,hard_anomaly_removed_only,3.0,0.99
3.0,3.1,3.0484717,217,1,0.1,20,1.8796105319999998,1.9209765679999997,1.9534726040000001,2.001048704,2.0879447200000003,2.1766804079999997,2.23832488,2.246958272,2.2542487080000004,2.28756492,2.8311914000000002,3.35081344,3.36709568,3.450413008,3.503069528,3.5220937159999997,3.6149118999999974,3.805910408,3.960712584,3.9844605680000003,4.4505882,low,empirical_from_hard_anomaly_removed_only,step1-插值损耗模型-仅正功率,LGXRFD,STATION_SEG,站端功率分段模型,CT_eff,CT_eff,9.4,10.0,hard_anomaly_removed_only,3.0,0.99
3.1,3.2,3.15038775,210,1,0.1,20,1.7580577010000003,1.9192128919999998,1.9580596599999998,2.247384276,2.2750305650000002,2.29756479,2.31795083,2.343840776,2.349717419,2.3655882499999996,2.77442955,3.3450887999999996,3.3966009790000005,3.426783104,3.464841383,3.514489323999999,3.5740505149999997,3.657711879999999,3.7721480549999993,3.9781419759999994,4.393295653999999,low,empirical_from_hard_anomaly_removed_only,step1-插值损耗模型-仅正功率,LGXRFD,STATION_SEG,站端功率分段模型,CT_eff,CT_eff,9.4,10.0,hard_anomaly_removed_only,3.0,0.99
3.2,3.3000000000000003,3.2500804,200,1,0.1,20,1.7753698819999997,1.8508785239999999,1.9407718659999995,1.9867112400000004,2.0537347799999996,2.0966857519999995,2.1252277770000005,2.1434080360000003,2.2136788309999997,2.2373001599999998,2.7525455,3.3753070299999997,3.4265057150000002,3.443357208,3.4528904789999997,3.4990303679999997,3.5151134349999986,3.5968302639999994,3.71846783,3.806705792,4.081993017999999,low,empirical_from_hard_anomaly_removed_only,step1-插值损耗模型-仅正功率,LGXRFD,STATION_SEG,站端功率分段模型,CT_eff,CT_eff,9.4,10.0,hard_anomaly_removed_only,3.0,0.99
3.3000000000000003,3.4000000000000004,3.3555703,210,1,0.1,20,1.8963173740000001,1.9391939280000001,1.9626149199999996,2.033185324,2.0390813600000004,2.051809826,2.0739300330000003,2.1361617520000005,2.1574756920000002,2.16958824,2.83877355,3.3771742000000002,3.393442495,3.452907452,3.4842723410000005,3.544837764,3.5780457299999995,3.671960232,3.722615194,3.8431536680000002,3.863110863,low,empirical_from_hard_anomaly_removed_only,step1-插值损耗模型-仅正功率,LGXRFD,STATION_SEG,站端功率分段模型,CT_eff,CT_eff,9.4,10.0,hard_anomaly_removed_only,3.0,0.99
3.4000000000000004,3.5,3.4495880000000003,238,1,0.1,20,1.7927551270000006,1.885912526,1.9598552819999997,2.0036311519999996,2.084698465,2.1093454800000004,2.1408624840000003,2.165671672,2.193571024,2.2265423900000005,2.74545105,3.35254329,3.397758518,3.4105537280000013,3.4889575580000005,3.518484678,3.5515297099999996,3.5771610599999994,3.645121535,3.7682181359999984,3.957895958,low,empirical_from_hard_anomaly_removed_only,step1-插值损耗模型-仅正功率,LGXRFD,STATION_SEG,站端功率分段模型,CT_eff,CT_eff,9.4,10.0,hard_anomaly_removed_only,3.0,0.99
3.5,3.6,3.5455798,204,1,0.1,20,1.7502838270000003,1.8192864,1.9573445940000003,1.9858909920000003,2.0364897400000004,2.0603077579999995,2.0763772900000004,2.128551684,2.162664802,2.2090548599999997,2.7567176500000006,3.3633756900000003,3.3769264800000003,3.388546624,3.4290754530000003,3.455033494,3.487152105,3.507342588,3.5702740429999995,3.7824225,3.8735899680000005,low,empirical_from_hard_anomaly_removed_only,step1-插值损耗模型-仅正功率,LGXRFD,STATION_SEG,站端功率分段模型,CT_eff,CT_eff,9.4,10.0,hard_anomaly_removed_only,3.0,0.99
3.6,3.7,3.64499775,202,1,0.1,20,1.738529406,1.9335595740000002,1.9719061779999998,2.012241988,2.0409519999999994,2.0588997100000004,2.090925069,2.155230988,2.1593667770000002,2.16877755,2.7681327,3.2739806799999998,3.3179568879999994,3.331690248,3.356698644,3.4443786479999994,3.486350985,3.5361607559999992,3.640962568,3.7884545359999997,4.119096761000002,low,empirical_from_hard_anomaly_removed_only,step1-插值损耗模型-仅正功率,LGXRFD,STATION_SEG,站端功率分段模型,CT_eff,CT_eff,9.4,10.0,hard_anomaly_removed_only,3.0,0.99
3.7,3.8000000000000003,3.7512584,203,1,0.1,20,1.8935809200000002,1.9646510160000001,2.0400331899999995,2.070085272,2.07623735,2.1109516399999997,2.1334031540000002,2.1409322279999996,2.147386528,2.16384406,2.7358568,3.39440156,3.4100711259999996,3.44160426,3.464625996,3.4992473719999997,3.5287717099999996,3.595057696,3.7221742239999998,3.759631692,3.788056342,low,empirical_from_hard_anomaly_removed_only,step1-插值损耗模型-仅正功率,LGXRFD,STATION_SEG,站端功率分段模型,CT_eff,CT_eff,9.4,10.0,hard_anomaly_removed_only,3.0,0.99
3.8000000000000003,3.9000000000000004,3.850626,195,1,0.1,20,1.6081570439999997,1.8062332439999995,1.8638480300000002,1.9366319439999997,1.98831282,2.0163733560000003,2.0379979980000003,2.068507232,2.0988368860000004,2.1052360999999995,2.7332408,3.25838778,3.326058332,3.353930392,3.37520642,3.4113357079999997,3.443514819999999,3.508224875999999,3.602906886,3.7508938840000003,3.8771118419999997,low,empirical_from_hard_anomaly_removed_only,step1-插值损耗模型-仅正功率,LGXRFD,STATION_SEG,站端功率分段模型,CT_eff,CT_eff,9.4,10.0,hard_anomaly_removed_only,3.0,0.99
3.9000000000000004,4.0,3.9491885,222,1,0.1,20,1.7137224479999997,1.7864754499999997,1.8470222040000002,1.9252371519999998,1.9828090600000003,1.9915290639999998,2.0082108960000005,2.0316551240000003,2.057266843,2.0792820400000003,2.6806586,3.3093846600000005,3.3331863669999997,3.366624432,3.385642244,3.3981809439999995,3.4111310599999998,3.4411073560000003,3.4659252819999997,3.6565611139999983,3.8096699700000003,low,empirical_from_hard_anomaly_removed_only,step1-插值损耗模型-仅正功率,LGXRFD,STATION_SEG,站端功率分段模型,CT_eff,CT_eff,9.4,10.0,hard_anomaly_removed_only,3.0,0.99
4.0,4.1000000000000005,4.050638,201,1,0.1,20,1.5811414,1.6927529999999997,1.7690359999999998,1.7779745,1.8651115000000003,1.8991453999999992,1.9137526999999999,1.9403486999999995,2.0037256,2.0385124999999995,2.6788273,3.2295975000000006,3.2617759999999993,3.2971699999999995,3.318859,3.4265486999999997,3.532032,3.541213,3.6733984,3.8591679999999995,4.123564600000001,low,empirical_from_hard_anomaly_removed_only,step1-插值损耗模型-仅正功率,LGXRFD,STATION_SEG,站端功率分段模型,CT_eff,CT_eff,9.4,10.0,hard_anomaly_removed_only,3.0,0.99
4.1000000000000005,4.2,4.149346100000001,198,1,0.1,20,1.6132468180000004,1.7528986960000001,1.8544009629999998,1.8808394560000004,1.8889556850000002,1.8971920720000006,1.9210541929999998,1.9596699200000003,1.9879677709999999,1.9992226500000003,2.6467266499999997,3.22387559,3.2691942060000003,3.2776471959999998,3.294728815,3.35223938,3.3834130399999998,3.411642832000001,3.5501406099999997,3.6953849,3.7726237599999997,low,empirical_from_hard_anomaly_removed_only,step1-插值损耗模型-仅正功率,LGXRFD,STATION_SEG,站端功率分段模型,CT_eff,CT_eff,9.4,10.0,hard_anomaly_removed_only,3.0,0.99
4.2,4.3,4.2548125,230,1,0.1,20,1.753961046,1.8122009199999998,1.8625000510000003,1.8778663199999996,1.89930147,1.913156562,1.940623817,1.9921034959999995,2.014738753,2.0217687300000007,2.64421915,3.2235768399999993,3.2396218999999995,3.25294408,3.2682665579999997,3.28492694,3.32821573,3.3594255359999994,3.4035263560000004,3.560540091999998,3.799991259,low,empirical_from_hard_anomaly_removed_only,step1-插值损耗模型-仅正功率,LGXRFD,STATION_SEG,站端功率分段模型,CT_eff,CT_eff,9.4,10.0,hard_anomaly_removed_only,3.0,0.99
4.3,4.4,4.3441076,205,1,0.1,20,1.689022992,1.7264752120000002,1.8039276159999997,1.837224544,1.8919856999999998,1.9113338919999996,1.9444192959999997,1.9895821040000006,2.021957548,2.0558213199999997,2.626501,3.2575543999999996,3.309651576,3.3700804080000006,3.4259293719999997,3.4515068959999997,3.4654431199999993,3.5081538200000004,3.579501848,3.777532631999999,3.8460548680000004,low,empirical_from_hard_anomaly_removed_only,step1-插值损耗模型-仅正功率,LGXRFD,STATION_SEG,站端功率分段模型,CT_eff,CT_eff,9.4,10.0,hard_anomaly_removed_only,3.0,0.99
4.4,4.5,4.453234,206,1,0.1,20,1.6413510750000002,1.6633042000000007,1.7281975,1.8026624799999997,1.8342107250000004,1.9110677799999998,1.9512748649999996,1.9863149999999998,1.9942105,2.0037684,2.6190143,3.3737179,3.3950376900000006,3.4253407999999994,3.44099235,3.4537279999999995,3.4746470999999994,3.54506694,3.5883012400000003,3.7221467699999997,3.9937448000000004,low,empirical_from_hard_anomaly_removed_only,step1-插值损耗模型-仅正功率,LGXRFD,STATION_SEG,站端功率分段模型,CT_eff,CT_eff,9.4,10.0,hard_anomaly_removed_only,3.0,0.99
4.5,4.6000000000000005,4.5507145,172,1,0.1,20,1.5542679750000006,1.69529598,1.77469741,1.8811260400000003,1.9238267449999997,1.9489200759999998,1.9539607100000005,1.973760624,1.980633731,2.0028557299999994,2.61578845,3.11077668,3.127021074,3.1451162239999997,3.1793698709999996,3.18272286,3.2134282999999995,3.2365881400000003,3.293023495000001,3.4556558799999997,4.169271129999999,low,empirical_from_hard_anomaly_removed_only,step1-插值损耗模型-仅正功率,LGXRFD,STATION_SEG,站端功率分段模型,CT_eff,CT_eff,9.4,10.0,hard_anomaly_removed_only,3.0,0.99
4.6000000000000005,4.7,4.64748045,188,1,0.1,20,1.6256458580000002,1.7130342959999998,1.7443309610000002,1.7538427919999997,1.7719918000000001,1.8085137279999999,1.8253570850000003,1.8486973999999998,1.8848357300000003,1.8897008800000006,2.4937989,3.21635978,3.2437810809999994,3.25252042,3.2766955269999993,3.3075890539999997,3.4182166050000005,3.473204184,3.5051244969999993,3.672769572,3.715307165,low,empirical_from_hard_anomaly_removed_only,step1-插值损耗模型-仅正功率,LGXRFD,STATION_SEG,站端功率分段模型,CT_eff,CT_eff,9.4,10.0,hard_anomaly_removed_only,3.0,0.99
4.7,4.800000000000001,4.7446527,187,1,0.1,20,1.3084562839999998,1.4346420439999996,1.5859074680000005,1.6651960480000003,1.7368122000000001,1.8187172400000002,1.853462764,1.8833272879999996,1.915888962,1.9524789000000002,2.515822,3.21850014,3.28581284,3.3450245,3.400193695999999,3.4084097520000003,3.46758772,3.5326391599999996,3.58428858,3.6355135200000004,3.833656939999999,low,empirical_from_hard_anomaly_removed_only,step1-插值损耗模型-仅正功率,LGXRFD,STATION_SEG,站端功率分段模型,CT_eff,CT_eff,9.4,10.0,hard_anomaly_removed_only,3.0,0.99
4.800000000000001,4.9,4.8524213,181,1,0.1,20,1.6403542400000004,1.6710349199999999,1.7008471799999998,1.7319940800000002,1.7949495000000004,1.81790192,1.8373555400000003,1.8464906400000003,1.8742973,1.9020975,2.6047927,3.2942276999999995,3.32241766,3.330297399999999,3.386247,3.43278306,3.4669500000000006,3.473073999999999,3.538341999999999,3.7470983200000014,3.9301452599999998,low,empirical_from_hard_anomaly_removed_only,step1-插值损耗模型-仅正功率,LGXRFD,STATION_SEG,站端功率分段模型,CT_eff,CT_eff,9.4,10.0,hard_anomaly_removed_only,3.0,0.99
4.9,5.0,4.947369500000001,170,1,0.1,20,1.5533734449999999,1.6221388940000003,1.6412568689999993,1.7306285959999999,1.7453092199999998,1.81259823,1.8889647159999998,1.9234386399999999,1.9580712959999997,1.9728271199999998,2.6530743500000002,3.0640730400000002,3.1081869579999992,3.184346000000001,3.2339324170000006,3.278249501999999,3.322056199999999,3.3820357600000004,3.39897792,3.4288234800000006,3.5005252000000002,low,empirical_from_hard_anomaly_removed_only,step1-插值损耗模型-仅正功率,LGXRFD,STATION_SEG,站端功率分段模型,CT_eff,CT_eff,9.4,10.0,hard_anomaly_removed_only,3.0,0.99
5.0,5.1000000000000005,5.04786035,176,1,0.1,20,1.522376825,1.5787217,1.7001837499999997,1.7788239999999993,1.8093009999999996,1.8425009500000002,1.8670638499999999,1.8993090000000006,1.9386055249999998,1.9640816499999998,2.575757,3.137970249999999,3.14511035,3.1483537000000004,3.1555602,3.1752528,3.2222832499999994,3.3498080000000003,3.406648750000001,3.4960717500000005,3.6650158750000004,low,empirical_from_hard_anomaly_removed_only,step1-插值损耗模型-仅正功率,LGXRFD,STATION_SEG,站端功率分段模型,CT_eff,CT_eff,9.4,10.0,hard_anomaly_removed_only,3.0,0.99
5.1000000000000005,5.2,5.1526794,171,1,0.1,20,1.5516450000000002,1.5921327200000004,1.6199105499999993,1.6404134200000002,1.7388861500000004,1.8060131999999995,1.8764886600000004,1.8818564399999995,1.9253767999999998,1.9626774999999999,2.5277456000000003,3.200887999999999,3.22553979,3.26733738,3.293320269999999,3.37771756,3.3958273500000002,3.40800746,3.4118060300000006,3.4522960199999995,3.74472507,low,empirical_from_hard_anomaly_removed_only,step1-插值损耗模型-仅正功率,LGXRFD,STATION_SEG,站端功率分段模型,CT_eff,CT_eff,9.4,10.0,hard_anomaly_removed_only,3.0,0.99
5.2,5.300000000000001,5.25059265,170,1,0.1,20,1.51028597,1.5732995939999999,1.6118271599999998,1.6970934280000003,1.7412741049999998,1.7722356820000005,1.7895982090000004,1.79670228,1.8292025600000004,1.8740357600000002,2.5036035,3.1775280499999994,3.2118479800000004,3.2722485040000007,3.2909160080000013,3.3255791180000007,3.3607131999999993,3.4270699359999988,3.4925916079999992,3.6507313680000006,3.8048719440000003,low,empirical_from_hard_anomaly_removed_only,step1-插值损耗模型-仅正功率,LGXRFD,STATION_SEG,站端功率分段模型,CT_eff,CT_eff,9.4,10.0,hard_anomaly_removed_only,3.0,0.99
5.300000000000001,5.4,5.349453,183,1,0.1,20,1.321635996,1.46244908,1.50400338,1.5822617799999996,1.6209232,1.65598832,1.6830594200000006,1.7382560319999998,1.760261828,1.8047132799999999,2.5448673,3.21239874,3.233615314,3.2623541599999997,3.297291280000002,3.374936984,3.44490679,3.5761055599999994,3.7270599580000003,3.7866475319999986,3.881779314000003,low,empirical_from_hard_anomaly_removed_only,step1-插值损耗模型-仅正功率,LGXRFD,STATION_SEG,站端功率分段模型,CT_eff,CT_eff,9.4,10.0,hard_anomaly_removed_only,3.0,0.99
5.4,5.5,5.4535537,169,1,0.1,20,1.3816107999999996,1.457405,1.5406783199999994,1.5808579199999997,1.6135342999999998,1.6559804080000005,1.68375468,1.7254657559999995,1.7772694,1.8276263999999995,2.5991204999999997,3.0801210000000014,3.136464079999999,3.1924907279999997,3.241471704,3.3119151119999994,3.32166184,3.4215806960000004,3.5151084800000003,3.6431705199999986,3.7362546400000003,low,empirical_from_hard_anomaly_removed_only,step1-插值损耗模型-仅正功率,LGXRFD,STATION_SEG,站端功率分段模型,CT_eff,CT_eff,9.4,10.0,hard_anomaly_removed_only,3.0,0.99
5.5,5.6000000000000005,5.5454288,166,1,0.1,20,1.42551557,1.6536346999999998,1.6679312250000005,1.7307865,1.7536907499999996,1.7893610500000001,1.7975118500000002,1.8347132800000003,1.8924877149999995,1.90047065,2.5550076499999994,3.060257499999999,3.0796925500000008,3.1023424,3.110023415,3.2476803799999994,3.2689817000000003,3.3372554000000005,3.402432574999996,3.6083797000000004,3.7304046799999995,low,empirical_from_hard_anomaly_removed_only,step1-插值损耗模型-仅正功率,LGXRFD,STATION_SEG,站端功率分段模型,CT_eff,CT_eff,9.4,10.0,hard_anomaly_removed_only,3.0,0.99
5.6000000000000005,5.7,5.6564274,177,1,0.1,20,1.4745653719999998,1.5436718720000002,1.5940475440000001,1.6473898080000002,1.7295348000000001,1.7706358560000002,1.7846802,1.8007019600000003,1.8205762560000003,1.8273861,2.6020746999999993,3.21970886,3.2429292560000005,3.24840816,3.355908092,3.395388788,3.4329358800000005,3.4630859600000004,3.5082514,3.5725899279999984,3.714957132,low,empirical_from_hard_anomaly_removed_only,step1-插值损耗模型-仅正功率,LGXRFD,STATION_SEG,站端功率分段模型,CT_eff,CT_eff,9.4,10.0,hard_anomaly_removed_only,3.0,0.99
5.7,5.800000000000001,5.7475543,171,1,0.1,20,1.4659483000000002,1.4991928000000003,1.5711755499999993,1.606616,1.6318872999999998,1.6597308599999996,1.7241666100000002,1.7347922000000002,1.7520844800000002,1.814692,2.4601499999999996,3.219607999999999,3.23440481,3.2582938200000005,3.2738636000000008,3.3444926399999986,3.435718,3.4403933799999997,3.4969369100000005,3.5610491199999994,3.695814890000001,low,empirical_from_hard_anomaly_removed_only,step1-插值损耗模型-仅正功率,LGXRFD,STATION_SEG,站端功率分段模型,CT_eff,CT_eff,9.4,10.0,hard_anomaly_removed_only,3.0,0.99
5.800000000000001,5.9,5.843733,183,1,0.1,20,1.3772149800000002,1.405878496,1.5562537420000004,1.6640203600000003,1.7472161999999998,1.8456173119999995,1.87413812,1.8938510160000002,1.9239418340000005,1.9501986,2.5686394999999997,3.016915540000001,3.030180138,3.069439112,3.1054861980000004,3.1215433119999987,3.2461371999999997,3.2706030079999997,3.3034233740000003,3.3755939199999996,3.6638459000000005,low,empirical_from_hard_anomaly_removed_only,step1-插值损耗模型-仅正功率,LGXRFD,STATION_SEG,站端功率分段模型,CT_eff,CT_eff,9.4,10.0,hard_anomaly_removed_only,3.0,0.99
5.9,6.0,5.9506086499999995,160,1,0.1,20,1.491431614,1.5182599780000003,1.550571193,1.6290623320000004,1.6296675349999998,1.6486763100000001,1.6640043000000002,1.66658988,1.684388447,1.7016977,2.4741231999999997,3.10518682,3.1084845969999995,3.12595712,3.170569040000001,3.2223375000000005,3.2519581499999988,3.3522065999999984,3.4695793699999995,3.531878879999999,3.6355124869999997,low,empirical_from_hard_anomaly_removed_only,step1-插值损耗模型-仅正功率,LGXRFD,STATION_SEG,站端功率分段模型,CT_eff,CT_eff,9.4,10.0,hard_anomaly_removed_only,3.0,0.99
6.0,6.1000000000000005,6.051178,164,1,0.1,20,1.460852729,1.5251692759999997,1.600678333,1.6240236360000002,1.6322716099999994,1.6589917340000002,1.6981513770000003,1.751050912,1.7531647220000002,1.7693362599999998,2.4599390999999997,3.03315439,3.083221698,3.1079408240000004,3.187774193,3.2183139919999992,3.2597679399999997,3.2923138840000004,3.349480412,3.3698909299999995,3.8436209650000026,low,empirical_from_hard_anomaly_removed_only,step1-插值损耗模型-仅正功率,LGXRFD,STATION_SEG,站端功率分段模型,CT_eff,CT_eff,9.4,10.0,hard_anomaly_removed_only,3.0,0.99
6.1000000000000005,6.2,6.153135000000001,174,1,0.1,20,1.5067252949999999,1.5916032559999995,1.5949618740000007,1.6150074319999999,1.639246265,1.6812875799999996,1.7252046500000002,1.7935566799999998,1.83789275,1.9008784300000008,2.5081773,3.10204343,3.112529135,3.1555294440000003,3.179618542000001,3.3172411799999995,3.33822485,3.3701073159999995,3.4538848600000005,3.527823109999999,3.6082228180000016,low,empirical_from_hard_anomaly_removed_only,step1-插值损耗模型-仅正功率,LGXRFD,STATION_SEG,站端功率分段模型,CT_eff,CT_eff,9.4,10.0,hard_anomaly_removed_only,3.0,0.99
6.2,6.300000000000001,6.2528462000000005,164,1,0.1,20,1.5245752120000002,1.581417796,1.6096522560000004,1.6256418799999999,1.677138695,1.7017434799999995,1.7174592829999997,1.7331934999999996,1.7627354050000001,1.80421408,2.457486850000001,3.1906409,3.2170791300000006,3.25550136,3.2759880100000007,3.2987217260000006,3.3283507,3.41350274,3.457451595999999,3.5283400559999993,3.5793595830000005,low,empirical_from_hard_anomaly_removed_only,step1-插值损耗模型-仅正功率,LGXRFD,STATION_SEG,站端功率分段模型,CT_eff,CT_eff,9.4,10.0,hard_anomaly_removed_only,3.0,0.99
6.300000000000001,6.4,6.3484764,179,1,0.1,20,1.606581942,1.744166448,1.7640941019999998,1.770651868,1.7837641200000007,1.7947455840000002,1.803803498,1.8204149999999997,1.8384854320000004,1.8504587200000007,2.432944,3.1599940800000006,3.224960098,3.27386158,3.2900863799999995,3.335653124,3.3746356299999993,3.399861532,3.5214595639999993,3.5549842999999997,3.609202858,low,empirical_from_hard_anomaly_removed_only,step1-插值损耗模型-仅正功率,LGXRFD,STATION_SEG,站端功率分段模型,CT_eff,CT_eff,9.4,10.0,hard_anomaly_removed_only,3.0,0.99
6.4,6.5,6.4484053,157,1,0.1,20,1.3598525520000002,1.4084354920000006,1.448163012,1.488874864,1.5122358000000005,1.5470218239999995,1.558321764,1.5842690239999995,1.613167912,1.62255424,2.359293,3.0715621600000005,3.113265520000001,3.1359114079999997,3.226658948000002,3.3573438160000006,3.3683490000000003,3.3866289999999997,3.4157333680000006,3.476510888,3.545272748,low,empirical_from_hard_anomaly_removed_only,step1-插值损耗模型-仅正功率,LGXRFD,STATION_SEG,站端功率分段模型,CT_eff,CT_eff,9.4,10.0,hard_anomaly_removed_only,3.0,0.99
6.5,6.6000000000000005,6.5493913,145,1,0.1,20,1.4696499200000006,1.50906944,1.5380618280000005,1.5623278680000003,1.57393,1.60336264,1.627137524,1.6465481439999992,1.6919159680000002,1.7110623999999999,2.437063600000001,2.9797739999999995,2.99047996,3.0616588240000016,3.1115355440000005,3.1836527319999988,3.2397174200000003,3.270891128000001,3.354636372000001,3.4209573560000006,3.7311810680000015,low,empirical_from_hard_anomaly_removed_only,step1-插值损耗模型-仅正功率,LGXRFD,STATION_SEG,站端功率分段模型,CT_eff,CT_eff,9.4,10.0,hard_anomaly_removed_only,3.0,0.99
6.6000000000000005,6.7,6.651456700000001,166,1,0.1,20,1.3526038,1.4401436000000003,1.4665882150000005,1.4703833999999998,1.47831675,1.5143853000000007,1.5505893650000007,1.5805306400000005,1.6066552100000004,1.6668283000000002,2.3997424499999993,3.0401926499999994,3.0675241250000003,3.0892147999999997,3.1217798150000005,3.1537239400000003,3.2209152249999997,3.2469039,3.2928289499999925,3.7553196999999994,4.222756655,low,empirical_from_hard_anomaly_removed_only,step1-插值损耗模型-仅正功率,LGXRFD,STATION_SEG,站端功率分段模型,CT_eff,CT_eff,9.4,10.0,hard_anomaly_removed_only,3.0,0.99
6.7,6.800000000000001,6.7570127,172,1,0.1,20,1.3798241160000002,1.4359682320000002,1.463268638000001,1.5584454679999993,1.6465148649999994,1.7177177899999998,1.7281973510000006,1.7502130319999991,1.76422863,1.7926369200000007,2.4491819000000006,3.1030964500000002,3.11214136,3.1912342639999998,3.2057887269999994,3.2200991259999996,3.23288203,3.287937708,3.41486754,3.533515663999998,3.768164897,low,empirical_from_hard_anomaly_removed_only,step1-插值损耗模型-仅正功率,LGXRFD,STATION_SEG,站端功率分段模型,CT_eff,CT_eff,9.4,10.0,hard_anomaly_removed_only,3.0,0.99
6.800000000000001,6.9,6.8485951499999995,182,1,0.1,20,1.3040862140000007,1.3489813000000002,1.5369674790000007,1.5587787319999988,1.5699991200000005,1.618538602,1.6727604590000007,1.682290336,1.689713893,1.7011052500000003,2.3979132,2.923369090000001,2.974194279999999,3.0221653680000005,3.099526789,3.150304764,3.2904417149999983,3.3751666479999987,3.462890855,3.683522533999999,3.9938555959999986,low,empirical_from_hard_anomaly_removed_only,step1-插值损耗模型-仅正功率,LGXRFD,STATION_SEG,站端功率分段模型,CT_eff,CT_eff,9.4,10.0,hard_anomaly_removed_only,3.0,0.99
6.9,7.0,6.9508915,156,1,0.1,20,1.4708446000000004,1.5026242800000007,1.5146433000000006,1.536125800000001,1.5758011250000004,1.6113345399999996,1.6344573600000007,1.7008777000000008,1.71876596,1.7548225000000004,2.378077850000001,2.9563339,2.9602944150000012,2.9861015200000005,3.03698129,3.0773458799999993,3.117400749999999,3.162941679999999,3.4472330499999995,3.6731823700000006,4.0047833599999985,low,empirical_from_hard_anomaly_removed_only,step1-插值损耗模型-仅正功率,LGXRFD,STATION_SEG,站端功率分段模型,CT_eff,CT_eff,9.4,10.0,hard_anomaly_removed_only,3.0,0.99
7.0,7.1000000000000005,7.0438705,180,1,0.1,20,1.224752503,1.3813227520000009,1.4416420389999995,1.4816496999999995,1.551965400000001,1.5838074020000008,1.6308359689999998,1.6794608720000002,1.7056024260000004,1.7459943599999996,2.3901526999999994,3.0644779700000004,3.0876832999999997,3.094716360000001,3.1742523100000004,3.21898593,3.276728219999998,3.351205072000001,3.4062768209999996,3.529465543999998,3.70151322,low,empirical_from_hard_anomaly_removed_only,step1-插值损耗模型-仅正功率,LGXRFD,STATION_SEG,站端功率分段模型,CT_eff,CT_eff,9.4,10.0,hard_anomaly_removed_only,3.0,0.99
7.1000000000000005,7.2,7.151218500000001,174,1,0.1,20,1.1843517879999998,1.32830996,1.381701923,1.4058705759999996,1.4330561999999991,1.4946028480000002,1.5198708029999992,1.5227101760000004,1.5883948900000002,1.6383016599999993,2.29734315,2.9931137299999997,3.0342402490000007,3.049848736,3.0845454149999996,3.253212430000001,3.4120488549999988,3.4531394880000006,3.583678194000001,3.643732599999999,3.9226195700000073,low,empirical_from_hard_anomaly_removed_only,step1-插值损耗模型-仅正功率,LGXRFD,STATION_SEG,站端功率分段模型,CT_eff,CT_eff,9.4,10.0,hard_anomaly_removed_only,3.0,0.99
7.2,7.300000000000001,7.2447111500000005,164,1,0.1,20,1.232876521,1.3117986799999994,1.3606393229999993,1.4483095239999995,1.4791801999999998,1.5156806199999997,1.5820669609999995,1.629981624,1.66955413,1.6741678699999996,2.326095000000001,3.0320597500000006,3.1012511000000003,3.140850559999999,3.1586884030000006,3.1790156899999995,3.19645305,3.213516967999999,3.314931667999997,3.540052596000001,3.7442265540000004,low,empirical_from_hard_anomaly_removed_only,step1-插值损耗模型-仅正功率,LGXRFD,STATION_SEG,站端功率分段模型,CT_eff,CT_eff,9.4,10.0,hard_anomaly_removed_only,3.0,0.99
7.300000000000001,7.4,7.35079595,152,1,0.1,20,1.3214448779999997,1.4262504440000001,1.4767427249999994,1.5732238720000005,1.5878143499999995,1.5951634799999994,1.6170588209999996,1.63077548,1.631783407,1.6479969499999996,2.3663897,2.9510939000000005,2.967722093,2.9943104159999994,3.0046646300000006,3.01500524,3.07267865,3.0958053359999997,3.2977993919999995,3.564938717999998,4.015670936000001,low,empirical_from_hard_anomaly_removed_only,step1-插值损耗模型-仅正功率,LGXRFD,STATION_SEG,站端功率分段模型,CT_eff,CT_eff,9.4,10.0,hard_anomaly_removed_only,3.0,0.99
7.4,7.5,7.45714,158,1,0.1,20,1.1151782800000007,1.3767151360000012,1.3934277660000005,1.4020664799999996,1.4225494500000002,1.4303995400000005,1.436523935,1.4872022879999995,1.5233679189999993,1.543554,2.2516359999999995,2.9939045100000006,3.051855412000001,3.091204996,3.1391144760000005,3.2022567719999993,3.2289150550000008,3.330718352,3.554472155999999,3.7262648759999997,3.9625098600000017,low,empirical_from_hard_anomaly_removed_only,step1-插值损耗模型-仅正功率,LGXRFD,STATION_SEG,站端功率分段模型,CT_eff,CT_eff,9.4,10.0,hard_anomaly_removed_only,3.0,0.99
7.5,7.6000000000000005,7.54376695,186,1,0.1,20,1.248964085,1.3417784200000007,1.4201483749999995,1.4621041799999996,1.5896125,1.6002594999999997,1.63090232,1.6552367999999995,1.6766792099999996,1.7007901499999996,2.3454668499999993,2.85502,2.8777160499999996,2.9230412,2.9408502700000008,2.9690138200000002,3.0332787749999994,3.0952336,3.1770375,3.2905671499999993,3.76124575,low,empirical_from_hard_anomaly_removed_only,step1-插值损耗模型-仅正功率,LGXRFD,STATION_SEG,站端功率分段模型,CT_eff,CT_eff,9.4,10.0,hard_anomaly_removed_only,3.0,0.99
7.6000000000000005,7.7,7.6526556,169,1,0.1,20,1.08192152,1.3192429719999998,1.3703152800000005,1.388004,1.4473685200000004,1.5270865999999998,1.6096277840000004,1.6221736159999995,1.653789736,1.67068544,2.289135000000001,3.0213425200000006,3.0353261840000005,3.043263184,3.0825934200000003,3.1886367199999994,3.218819899999999,3.2607120400000005,3.29535004,3.659631359999999,4.069267511999997,low,empirical_from_hard_anomaly_removed_only,step1-插值损耗模型-仅正功率,LGXRFD,STATION_SEG,站端功率分段模型,CT_eff,CT_eff,9.4,10.0,hard_anomaly_removed_only,3.0,0.99
7.7,7.800000000000001,7.756872700000001,176,1,0.1,20,1.3850893249999991,1.4295641999999997,1.4657041499999999,1.4877029999999989,1.5253932000000008,1.5753328500000001,1.5767799249999996,1.6246939999999999,1.6557347499999995,1.7193817500000002,2.3341774,3.0326639999999996,3.0793572750000004,3.1026025000000006,3.2044924749999995,3.2739756499999997,3.3000314250000007,3.3869620000000005,3.43949985,3.4738407500000004,3.654062024999999,low,empirical_from_hard_anomaly_removed_only,step1-插值损耗模型-仅正功率,LGXRFD,STATION_SEG,站端功率分段模型,CT_eff,CT_eff,9.4,10.0,hard_anomaly_removed_only,3.0,0.99
7.800000000000001,7.9,7.8591537,173,1,0.1,20,1.1401066240000008,1.2611362000000004,1.325968495999999,1.4076588479999992,1.4546647,1.4757588960000003,1.480561536,1.5072481200000005,1.5474428320000002,1.5898222999999998,2.2517983,2.8148939200000003,2.82444224,2.889184224,2.9469171840000006,3.009979859999999,3.0384976000000004,3.064715364,3.1692141480000005,3.241651256,3.403378800000001,low,empirical_from_hard_anomaly_removed_only,step1-插值损耗模型-仅正功率,LGXRFD,STATION_SEG,站端功率分段模型,CT_eff,CT_eff,9.4,10.0,hard_anomaly_removed_only,3.0,0.99
7.9,8.0,7.95105065,154,1,0.1,20,1.0449702899999995,1.212860906,1.2265278420000003,1.2472647159999994,1.30368101,1.32680862,1.345828636,1.3642132800000002,1.4101124300000005,1.4551149999999995,2.2481025000000003,2.8660277499999993,2.9372437200000014,3.0095759760000003,3.069049165000001,3.1047330600000005,3.1362284000000002,3.171357416,3.2795263399999994,3.5213374,3.6678247499999994,low,empirical_from_hard_anomaly_removed_only,step1-插值损耗模型-仅正功率,LGXRFD,STATION_SEG,站端功率分段模型,CT_eff,CT_eff,9.4,10.0,hard_anomaly_removed_only,3.0,0.99
8.0,8.1,8.047796,179,1,0.1,20,1.108259150000001,1.27269092,1.4509314600000003,1.5078383200000003,1.5347725000000003,1.5807545199999995,1.5914753999999998,1.620203760000001,1.660188340000001,1.6941720000000007,2.2807720000000007,2.957664400000001,3.008603220000001,3.02132396,3.0500807399999994,3.1508331599999995,3.207107500000001,3.269430040000001,3.3868563599999995,3.5021923999999993,4.061015899999999,low,empirical_from_hard_anomaly_removed_only,step1-插值损耗模型-仅正功率,LGXRFD,STATION_SEG,站端功率分段模型,CT_eff,CT_eff,9.4,10.0,hard_anomaly_removed_only,3.0,0.99
8.1,8.200000000000001,8.1510475,180,1,0.1,20,0.9392699400000004,1.2100622199999997,1.277071920000001,1.3292021200000006,1.3990348500000005,1.4068554800000002,1.4517717799999994,1.501707480000001,1.5390879999999996,1.5529003,2.3272417500000007,2.8437890000000006,2.8860514100000003,2.910201080000001,3.01565505,3.05462216,3.1226050499999993,3.2134166800000012,3.2969456199999994,3.4104560599999996,3.5543434200000004,low,empirical_from_hard_anomaly_removed_only,step1-插值损耗模型-仅正功率,LGXRFD,STATION_SEG,站端功率分段模型,CT_eff,CT_eff,9.4,10.0,hard_anomaly_removed_only,3.0,0.99
8.200000000000001,8.3,8.24924325,186,1,0.1,20,1.0296610999999996,1.1348345000000006,1.2044385499999999,1.2868522000000002,1.352599124999999,1.4101534499999997,1.451236975,1.5075087999999994,1.5678853499999994,1.5903922499999998,2.184589000000001,2.8160605,2.8878214999999994,2.9352565999999993,2.99364555,3.041937599999999,3.062571250000001,3.1758344,3.3669399499999995,3.6080174499999953,3.9728017000000024,low,empirical_from_hard_anomaly_removed_only,step1-插值损耗模型-仅正功率,LGXRFD,STATION_SEG,站端功率分段模型,CT_eff,CT_eff,9.4,10.0,hard_anomaly_removed_only,3.0,0.99
8.3,8.4,8.349032,151,1,0.1,20,1.0839884999999994,1.1094539999999995,1.1528840000000002,1.2514970000000005,1.2736339999999986,1.3110750000000007,1.3180364999999998,1.3781839999999992,1.4383524999999997,1.4962020000000003,2.109240999999999,2.894822999999999,2.9289575,2.9914039999999993,3.0692155000000003,3.1252519999999997,3.1431760000000004,3.1579680000000003,3.2048050000000003,3.2895559999999993,3.5110015,low,empirical_from_hard_anomaly_removed_only,step1-插值损耗模型-仅正功率,LGXRFD,STATION_SEG,站端功率分段模型,CT_eff,CT_eff,9.4,10.0,hard_anomaly_removed_only,3.0,0.99
8.4,8.5,8.449651,191,1,0.1,20,0.9462074999999992,1.1548312000000003,1.2238887999999997,1.2442092000000002,1.317698,1.353567,1.3969330000000009,1.4125510000000001,1.4517467999999996,1.496829,2.270000999999999,2.779349,2.8234268000000005,2.8486530000000005,2.8852295999999997,2.9464128,2.968431,3.0632454000000005,3.3212075999999984,3.569252399999999,3.8951575999999983,low,empirical_from_hard_anomaly_removed_only,step1-插值损耗模型-仅正功率,LGXRFD,STATION_SEG,站端功率分段模型,CT_eff,CT_eff,9.4,10.0,hard_anomaly_removed_only,3.0,0.99
8.5,8.6,8.545834,199,1,0.1,20,1.031983320000001,1.1550623000000002,1.259395480000001,1.3024085599999988,1.3764617999999995,1.392676559999999,1.4186462,1.455071280000001,1.4683473599999999,1.4997464,2.1743799999999993,2.7539946000000004,2.780496139999999,2.860739399999999,2.891705040000001,3.0073445999999993,3.0545427,3.182902179999998,3.284509880000001,3.5088194799999983,3.9120592900000006,low,empirical_from_hard_anomaly_removed_only,step1-插值损耗模型-仅正功率,LGXRFD,STATION_SEG,站端功率分段模型,CT_eff,CT_eff,9.4,10.0,hard_anomaly_removed_only,3.0,0.99
8.6,8.700000000000001,8.64889,179,1,0.1,20,1.0114949599999996,1.2058067200000004,1.2485313400000004,1.30551596,1.3219776000000005,1.3595806799999994,1.42451504,1.46737944,1.47442028,1.4817746,2.203679000000001,2.7936378,2.822725740000002,2.8562060000000002,2.9054542000000003,2.9381492799999998,3.017685700000001,3.06190772,3.07195242,3.20358196,3.5589828399999996,low,empirical_from_hard_anomaly_removed_only,step1-插值损耗模型-仅正功率,LGXRFD,STATION_SEG,站端功率分段模型,CT_eff,CT_eff,9.4,10.0,hard_anomaly_removed_only,3.0,0.99
8.700000000000001,8.8,8.7493225,178,1,0.1,20,1.2415849199999998,1.2846041200000002,1.30060808,1.37627056,1.41138785,1.4707808800000002,1.4935376499999995,1.505608839999999,1.5146492800000007,1.5432492000000004,2.2145785,2.892327000000001,2.9130433399999993,2.91709376,2.936666700000001,2.97276918,3.015493599999999,3.071539439999999,3.4659933499999998,3.6344762600000005,3.82395784,low,empirical_from_hard_anomaly_removed_only,step1-插值损耗模型-仅正功率,LGXRFD,STATION_SEG,站端功率分段模型,CT_eff,CT_eff,9.4,10.0,hard_anomaly_removed_only,3.0,0.99
8.8,8.9,8.84848,179,1,0.1,20,1.1721353599999997,1.2051328000000008,1.3119234399999997,1.3386305599999997,1.3433833000000002,1.3644340000000001,1.39213812,1.4571287599999991,1.4766780000000015,1.4820358000000007,2.227017,2.898185200000001,2.90443758,2.923624360000001,3.0022797800000025,3.0885289999999994,3.155461599999999,3.305913719999999,3.4120737799999987,3.6477904400000005,3.9255167399999995,low,empirical_from_hard_anomaly_removed_only,step1-插值损耗模型-仅正功率,LGXRFD,STATION_SEG,站端功率分段模型,CT_eff,CT_eff,9.4,10.0,hard_anomaly_removed_only,3.0,0.99
8.9,9.0,8.948616,155,1,0.1,20,1.0169734599999996,1.0850910800000004,1.1190756600000011,1.2152518800000007,1.2737303,1.3270333599999997,1.3363207799999999,1.3443665599999994,1.3595714199999998,1.3711416,2.206049,2.8319502,2.90340794,2.9725350999999995,2.98525134,3.00332588,3.0244876,3.0513379199999995,3.1334662400000006,3.3121860199999973,3.4251378300000006,low,empirical_from_hard_anomaly_removed_only,step1-插值损耗模型-仅正功率,LGXRFD,STATION_SEG,站端功率分段模型,CT_eff,CT_eff,9.4,10.0,hard_anomaly_removed_only,3.0,0.99
9.0,9.1,9.054059,183,1,0.1,20,1.1066845199999993,1.1498134399999997,1.2107516999999999,1.2863789200000004,1.3326276999999993,1.3577767199999997,1.3753156600000007,1.390207399999999,1.4081783599999997,1.4332681999999992,2.164873,2.733502600000001,2.7624227199999996,2.8093425599999997,2.8303924400000002,2.8673693199999977,2.9624033999999995,2.9864124,3.0236294199999993,3.0546141599999994,3.1252093200000006,low,empirical_from_hard_anomaly_removed_only,step1-插值损耗模型-仅正功率,LGXRFD,STATION_SEG,站端功率分段模型,CT_eff,CT_eff,9.4,10.0,hard_anomaly_removed_only,3.0,0.99
9.1,9.200000000000001,9.150535000000001,180,1,0.1,20,0.9184412900000003,0.9405776200000004,1.1839132700000008,1.2700323200000003,1.3134520500000002,1.3478146099999992,1.3737922050000004,1.3891448799999995,1.394353879999999,1.4402819,2.1527044999999996,2.870095499999999,2.8843504300000005,2.93474752,2.97277577,2.99790168,3.1133009999999977,3.1668421999999996,3.2222817049999994,3.516050519999995,3.995737230000001,low,empirical_from_hard_anomaly_removed_only,step1-插值损耗模型-仅正功率,LGXRFD,STATION_SEG,站端功率分段模型,CT_eff,CT_eff,9.4,10.0,hard_anomaly_removed_only,3.0,0.99
9.200000000000001,9.3,9.250676,165,1,0.1,20,0.96033234,1.111531480000001,1.1244653600000007,1.2374262399999998,1.319021800000001,1.4010291600000002,1.4156705200000006,1.4549919200000008,1.4822766800000002,1.5110053999999997,2.144414000000001,2.8829175999999994,2.9102036800000004,2.9530076799999994,2.9838041200000003,3.0348676000000006,3.0502191999999995,3.08162824,3.1824395199999986,3.22704472,3.4020112799999973,low,empirical_from_hard_anomaly_removed_only,step1-插值损耗模型-仅正功率,LGXRFD,STATION_SEG,站端功率分段模型,CT_eff,CT_eff,9.4,10.0,hard_anomaly_removed_only,3.0,0.99
9.3,9.4,9.35173,152,1,0.1,20,0.8968832,1.0313894799999996,1.0924222900000005,1.1180830000000006,1.1393567999999992,1.1589885999999998,1.2339943799999997,1.2576227600000005,1.2830000199999994,1.320672800000001,2.0852530000000007,2.796574099999999,2.832489054999999,2.8581087999999997,2.8914744399999996,2.94288212,3.0416134249999973,3.14868228,3.1789816599999994,3.265193539999998,3.2830918900000006,low,empirical_from_hard_anomaly_removed_only,step1-插值损耗模型-仅正功率,LGXRFD,STATION_SEG,站端功率分段模型,CT_eff,CT_eff,9.4,10.0,hard_anomaly_removed_only,3.0,0.99
9.4,11.4,10.4181715,3214,1,2.0,20,0.9269065000000006,1.0349092600000003,1.0885129699999994,1.1435026800000003,1.1808293749999994,1.2084058799999993,1.2480028899999995,1.2769102800000003,1.3069686,1.3287643,2.0285470000000005,2.7736699000000007,2.81103072,2.8536632000000015,2.89118176,2.9509415599999995,3.0184929000000005,3.1111999600000004,3.220695999999999,3.3217338399999994,3.492939919999999,high,empirical_from_hard_anomaly_removed_only,step1-插值损耗模型-仅正功率,LGXRFD,STATION_SEG,站端功率分段模型,CT_eff,CT_eff,9.4,10.0,hard_anomaly_removed_only,3.0,0.99
11.4,13.4,12.411168,3469,1,2.0,20,0.7706815600000011,0.847338079999999,0.8905494399999998,0.93395328,0.9671928000000001,0.9974893199999991,1.028920720000001,1.0574535599999995,1.0798548799999999,1.1022032,1.8692609999999998,2.618706800000001,2.65503992,2.6998855200000005,2.7505268800000002,2.800003159999999,2.8531543999999998,2.9156494399999997,2.9855511999999997,3.1252454800000002,3.38791792,high,empirical_from_hard_anomaly_removed_only,step1-插值损耗模型-仅正功率,LGXRFD,STATION_SEG,站端功率分段模型,CT_eff,CT_eff,9.4,10.0,hard_anomaly_removed_only,3.0,0.99
13.4,15.4,14.390198,3514,1,2.0,20,0.6210594699999998,0.7136028200000015,0.7723936749999997,0.8191183999999994,0.8617014999999999,0.9005344000000007,0.9334663450000015,0.9629741999999986,0.9896253100000004,1.0304791999999998,1.7328304999999995,2.45090205,2.4787490400000003,2.515354360000002,2.557590589999999,2.591682139999999,2.6387923000000004,2.714390200000001,2.815984730000001,2.9686445999999997,3.20599367,high,empirical_from_hard_anomaly_removed_only,step1-插值损耗模型-仅正功率,LGXRFD,STATION_SEG,站端功率分段模型,CT_eff,CT_eff,9.4,10.0,hard_anomaly_removed_only,3.0,0.99
15.4,17.4,16.393983,3288,1,2.0,20,0.5524187099999998,0.6256587199999988,0.6901267700000001,0.7216717999999994,0.7476422000000001,0.7805210200000017,0.8092632900000011,0.8344123600000014,0.8561638900000016,0.8731630999999993,1.5721894999999986,2.3780363999999996,2.41250256,2.4454866399999986,2.4925990349999996,2.5391835499999984,2.5986274999999988,2.677923,2.7644113299999997,2.879867239999997,3.0999229,high,empirical_from_hard_anomaly_removed_only,step1-插值损耗模型-仅正功率,LGXRFD,STATION_SEG,站端功率分段模型,CT_eff,CT_eff,9.4,10.0,hard_anomaly_removed_only,3.0,0.99
17.4,19.4,18.3719035,3274,1,2.0,20,0.50536826,0.5863051399999997,0.6331874900000017,0.6690169600000024,0.697774850000001,0.7277295600000007,0.7499322300000002,0.768888760000003,0.7863471999999988,0.8004919999999988,1.3905165000000022,2.2303322000000003,2.2652498100000003,2.30292264,2.35180032,2.41038624,2.4556127999999995,2.5401826799999974,2.654386619999998,2.76357268,3.0217813699999994,high,empirical_from_hard_anomaly_removed_only,step1-插值损耗模型-仅正功率,LGXRFD,STATION_SEG,站端功率分段模型,CT_eff,CT_eff,9.4,10.0,hard_anomaly_removed_only,3.0,0.99
19.4,21.4,20.363172,3308,1,2.0,20,0.37583910999999826,0.49814000000000147,0.5547313299999986,0.5835177600000003,0.6111602999999995,0.6402654999999986,0.6686354599999996,0.6905545999999986,0.7065129700000005,0.7194082000000009,1.2859229999999986,2.1678287000000003,2.1979113700000004,2.242648920000001,2.3021402699999998,2.3514242199999997,2.4128518499999996,2.482149999999999,2.5969353199999987,2.7557453199999995,3.0355506499999994,high,empirical_from_hard_anomaly_removed_only,step1-插值损耗模型-仅正功率,LGXRFD,STATION_SEG,站端功率分段模型,CT_eff,CT_eff,9.4,10.0,hard_anomaly_removed_only,3.0,0.99
21.4,23.4,22.403663,3256,1,2.0,20,0.28386435,0.4021149000000001,0.47712205000000124,0.5226943999999989,0.5590504999999997,0.5840588000000011,0.604529549999999,0.6236075999999983,0.6433949499999979,0.6616224999999982,1.1677394999999997,2.0368899999999996,2.0902152000000007,2.1369541999999995,2.19078415,2.2404231999999986,2.29459825,2.3938379999999966,2.4978175499999993,2.689241000000003,3.0670405499999975,high,empirical_from_hard_anomaly_removed_only,step1-插值损耗模型-仅正功率,LGXRFD,STATION_SEG,站端功率分段模型,CT_eff,CT_eff,9.4,10.0,hard_anomaly_removed_only,3.0,0.99
23.4,25.4,24.4316935,3452,1,2.0,20,0.22516605999999975,0.3393345800000009,0.3805444799999985,0.43795103999999824,0.4738315,0.5091026800000005,0.5332899500000001,0.5565114399999992,0.5779951099999977,0.594854599999999,1.073912,1.9239278999999985,1.9638002299999995,2.0048312800000003,2.05961499,2.1162771999999985,2.1916056000000013,2.2728778399999983,2.4065505599999995,2.55375856,2.8144452199999925,high,empirical_from_hard_anomaly_removed_only,step1-插值损耗模型-仅正功率,LGXRFD,STATION_SEG,站端功率分段模型,CT_eff,CT_eff,9.4,10.0,hard_anomaly_removed_only,3.0,0.99
25.4,27.4,26.41211,3245,1,2.0,20,0.1835421199999983,0.28987635999999994,0.37163287999999894,0.4177176400000016,0.44930299999999834,0.47243323999999903,0.5011704000000023,0.5231863599999985,0.5467823199999975,0.5635927999999986,1.0084160000000004,1.902743999999999,1.9404707200000018,1.9830046799999983,2.0376547999999977,2.08497256,2.1535268000000003,2.247196999999997,2.373300120000001,2.541297919999999,2.9628426799999996,high,empirical_from_hard_anomaly_removed_only,step1-插值损耗模型-仅正功率,LGXRFD,STATION_SEG,站端功率分段模型,CT_eff,CT_eff,9.4,10.0,hard_anomaly_removed_only,3.0,0.99
27.4,29.4,28.416626,3160,1,2.0,20,0.21097165999999998,0.2971489999999994,0.3671165699999989,0.41121615999999844,0.4519128999999996,0.4776500800000004,0.4965164899999993,0.5212916000000004,0.5405514099999993,0.558963900000002,0.9785409999999999,1.8416940999999991,1.8969563500000004,1.968921800000001,2.032777170000002,2.1205630600000003,2.2065006,2.299781199999999,2.50459482,2.8248354200000048,3.1409987200000002,high,empirical_from_hard_anomaly_removed_only,step1-插值损耗模型-仅正功率,LGXRFD,STATION_SEG,站端功率分段模型,CT_eff,CT_eff,9.4,10.0,hard_anomaly_removed_only,3.0,0.99
29.4,31.4,30.34673,3085,1,2.0,20,0.11074564000000095,0.24278760000000132,0.3382854400000004,0.37419916000000003,0.41078159999999786,0.44822771999999983,0.4771642400000022,0.4990235200000018,0.5216451600000017,0.5361588000000005,0.9456500000000005,1.7291987999999994,1.7646810400000001,1.8184150399999968,1.8825809600000016,1.9483670399999986,2.0145985999999985,2.099699279999999,2.2188733199999984,2.3387295999999997,2.6797887999999928,high,empirical_from_hard_anomaly_removed_only,step1-插值损耗模型-仅正功率,LGXRFD,STATION_SEG,站端功率分段模型,CT_eff,CT_eff,9.4,10.0,hard_anomaly_removed_only,3.0,0.99
31.4,33.4,32.4317535,2912,1,2.0,20,0.05949794999999631,0.1847949599999994,0.2583496600000008,0.32001891999999643,0.3796821999999987,0.40892759999999884,0.44154079000000174,0.4675170399999999,0.4901011900000023,0.5124555000000041,0.945528000000003,1.6698090999999984,1.7089954300000012,1.7517045600000036,1.7984915000000006,1.8577714200000004,1.905652749999996,2.002928119999999,2.0912821900000007,2.235402779999999,2.624547339999992,high,empirical_from_hard_anomaly_removed_only,step1-插值损耗模型-仅正功率,LGXRFD,STATION_SEG,站端功率分段模型,CT_eff,CT_eff,9.4,10.0,hard_anomaly_removed_only,3.0,0.99
33.4,35.4,34.419998,2968,1,2.0,20,0.089795599999997,0.20803778000000023,0.27526221999999884,0.32945319999999867,0.36260515000000093,0.4057910000000031,0.4287424000000008,0.44714075999999864,0.46201087000000113,0.48023089999999935,0.8908024999999995,1.6105899999999957,1.6364286999999975,1.6835743999999981,1.7297939600000036,1.7568660200000026,1.800710950000002,1.8780828000000005,1.9983661799999988,2.1422766000000006,2.4421898499999988,high,empirical_from_hard_anomaly_removed_only,step1-插值损耗模型-仅正功率,LGXRFD,STATION_SEG,站端功率分段模型,CT_eff,CT_eff,9.4,10.0,hard_anomaly_removed_only,3.0,0.99
35.4,37.4,36.4191,2993,1,2.0,20,0.031222800000001043,0.16800959999999976,0.21482456000000041,0.2792627600000017,0.3205448000000004,0.36005692000000267,0.3883924800000009,0.4119077199999998,0.43363340000000017,0.4591308000000026,0.8840439999999958,1.595855199999996,1.6337553600000039,1.6802981200000005,1.723958919999999,1.7605757600000018,1.8304267999999995,1.9206748000000007,2.0105710000000023,2.159568280000005,2.439748800000003,high,empirical_from_hard_anomaly_removed_only,step1-插值损耗模型-仅正功率,LGXRFD,STATION_SEG,站端功率分段模型,CT_eff,CT_eff,9.4,10.0,hard_anomaly_removed_only,3.0,0.99
37.4,39.4,38.40824,2961,1,2.0,20,-0.027697600000001887,0.09038479999999965,0.1733928000000006,0.24102479999999815,0.2890300000000039,0.32333560000000006,0.35239999999999866,0.37409520000000357,0.3906826000000009,0.41488999999999976,0.8466760000000022,1.5142199999999946,1.5658845999999969,1.6190400000000063,1.666523800000003,1.7198103999999999,1.8002230000000026,1.8641742000000021,1.9635363999999966,2.141183999999994,2.431880800000001,high,empirical_from_hard_anomaly_removed_only,step1-插值损耗模型-仅正功率,LGXRFD,STATION_SEG,站端功率分段模型,CT_eff,CT_eff,9.4,10.0,hard_anomaly_removed_only,3.0,0.99
39.4,41.4,40.307793,4017,1,2.0,20,-0.06731392000000082,0.10047624000000044,0.19607635999999984,0.25400520000000426,0.2926795999999996,0.3190702799999997,0.348672040000001,0.38002056000000123,0.40292691999999847,0.41533500000000034,0.7248839999999959,1.3488704000000027,1.3984553999999982,1.4425707999999977,1.4915977599999999,1.5473242400000053,1.6129252000000023,1.6867831999999967,1.7812380399999979,1.9725703999999988,2.3159771199999977,high,empirical_from_hard_anomaly_removed_only,step1-插值损耗模型-仅正功率,LGXRFD,STATION_SEG,站端功率分段模型,CT_eff,CT_eff,9.4,10.0,hard_anomaly_removed_only,3.0,0.99
41.4,43.4,42.411296500000006,2944,1,2.0,20,-0.028921500000002216,0.10028363999999812,0.16654024999999908,0.22008264000000197,0.277109400000003,0.31136547999999875,0.34323703000000194,0.37088051999999805,0.39228177999999797,0.4104619000000028,0.826119000000002,1.4135132000000057,1.4629054100000014,1.5246290399999998,1.5581797400000055,1.629873699999994,1.6787009999999962,1.7767876000000007,1.8918161700000022,2.03682494,2.3572398099999994,high,empirical_from_hard_anomaly_removed_only,step1-插值损耗模型-仅正功率,LGXRFD,STATION_SEG,站端功率分段模型,CT_eff,CT_eff,9.4,10.0,hard_anomaly_removed_only,3.0,0.99
43.4,45.4,44.396923,2709,1,2.0,20,-0.15375412000000152,0.02243799999999483,0.12890439999999898,0.2068222399999945,0.26978579999999824,0.31249887999999826,0.33739680000000194,0.3566544800000011,0.3760417600000045,0.39787239999999713,0.8144060000000053,1.4288383999999996,1.4687670399999988,1.512262080000001,1.55283368,1.6220842399999988,1.694237600000001,1.7807242399999974,1.9028606800000019,2.0525580800000043,2.264203160000006,high,empirical_from_hard_anomaly_removed_only,step1-插值损耗模型-仅正功率,LGXRFD,STATION_SEG,站端功率分段模型,CT_eff,CT_eff,9.4,10.0,hard_anomaly_removed_only,3.0,0.99
45.4,47.4,46.3913745,2688,1,2.0,20,-0.15967252000000043,0.046023799999997554,0.14737679999999556,0.2076134399999981,0.2513282000000007,0.29200547999999954,0.3277537800000027,0.35222456000000135,0.3747672399999999,0.39389300000000205,0.7925885000000008,1.4006466999999982,1.4417153399999987,1.490483999999995,1.5393488500000057,1.5984037400000004,1.6667907000000022,1.7305175199999998,1.8063230799999987,1.9407870400000002,2.284562010000003,high,empirical_from_hard_anomaly_removed_only,step1-插值损耗模型-仅正功率,LGXRFD,STATION_SEG,站端功率分段模型,CT_eff,CT_eff,9.4,10.0,hard_anomaly_removed_only,3.0,0.99
47.4,49.4,48.39781,2547,1,2.0,20,-0.13759556000000145,0.0008196399999951626,0.09973835999999678,0.16274739999999896,0.22960860000000313,0.27049832000000207,0.29743814000000557,0.3323721599999985,0.3560352800000025,0.3823018000000033,0.7845399999999998,1.4180756000000019,1.463303019999998,1.524880360000002,1.5720846399999955,1.6502514400000003,1.7206393000000015,1.8415134400000026,1.983702539999998,2.166804599999997,2.630527219999996,high,empirical_from_hard_anomaly_removed_only,step1-插值损耗模型-仅正功率,LGXRFD,STATION_SEG,站端功率分段模型,CT_eff,CT_eff,9.4,10.0,hard_anomaly_removed_only,3.0,0.99
49.4,51.4,50.423473,2599,1,2.0,20,-0.20859526000000442,-0.047682399999994234,0.04749608000000263,0.13394919999999702,0.17548220000000114,0.21276044000000183,0.24432119999999985,0.2844225999999989,0.32159068000000046,0.3484478000000024,0.7674099999999981,1.382811000000001,1.423060139999997,1.4696894000000051,1.5369178200000009,1.5822458400000043,1.6497925999999956,1.737355840000003,1.8639593600000002,2.027456639999999,2.50619548,high,empirical_from_hard_anomaly_removed_only,step1-插值损耗模型-仅正功率,LGXRFD,STATION_SEG,站端功率分段模型,CT_eff,CT_eff,9.4,10.0,hard_anomaly_removed_only,3.0,0.99
51.4,53.4,52.381975,2500,1,2.0,20,-0.19046609999999922,-0.032438839999996215,0.05482345999999935,0.12426976000000195,0.18565430000000163,0.22077496000000366,0.2599195000000041,0.2924540800000034,0.31592204999999923,0.3329931000000002,0.7698164999999975,1.3533969999999975,1.4071878599999992,1.4505188400000002,1.5074772500000024,1.5624612000000015,1.6539922499999982,1.7481346000000038,1.8752222499999942,2.081642119999996,2.3913498299999945,high,empirical_from_hard_anomaly_removed_only,step1-插值损耗模型-仅正功率,LGXRFD,STATION_SEG,站端功率分段模型,CT_eff,CT_eff,9.4,10.0,hard_anomaly_removed_only,3.0,0.99
53.4,55.4,54.410349,2456,1,2.0,20,-0.17356285000000113,-0.008917499999999013,0.0978084999999982,0.1555416000000008,0.20783750000000367,0.24799829999999964,0.27596669999999757,0.314113999999995,0.33787754999999997,0.3530699999999989,0.7752700000000026,1.340054999999996,1.3732227999999993,1.4056732000000012,1.4495078999999973,1.497873699999999,1.5612007499999994,1.6692999999999976,1.7591255999999984,1.870478300000005,2.157928349999997,high,empirical_from_hard_anomaly_removed_only,step1-插值损耗模型-仅正功率,LGXRFD,STATION_SEG,站端功率分段模型,CT_eff,CT_eff,9.4,10.0,hard_anomaly_removed_only,3.0,0.99
55.4,57.4,56.442207,2295,1,2.0,20,-0.22594581999999871,-0.07364756000000311,0.03403499999999737,0.11691439999999917,0.17354590000000059,0.2159966400000007,0.2469168599999992,0.2741314399999996,0.3011397799999993,0.3296585999999991,0.7798830000000052,1.3311759999999992,1.3766226600000027,1.4155644400000023,1.475785540000003,1.535737760000001,1.5843518000000019,1.659616359999996,1.7432839600000036,1.9197715999999998,2.156335179999995,high,empirical_from_hard_anomaly_removed_only,step1-插值损耗模型-仅正功率,LGXRFD,STATION_SEG,站端功率分段模型,CT_eff,CT_eff,9.4,10.0,hard_anomaly_removed_only,3.0,0.99
57.4,59.4,58.413673,2305,1,2.0,20,-0.21741879999999897,-0.07931639999999875,0.02277232000000426,0.08174871999999651,0.17589520000000222,0.23543760000000136,0.2634762399999986,0.2919865200000021,0.3154369999999997,0.3486211999999981,0.7870530000000002,1.3328977999999965,1.3686035200000037,1.418714600000002,1.4724271600000018,1.5288296399999977,1.5996964000000002,1.708370239999999,1.804626959999995,1.965739680000002,2.3531054399999993,high,empirical_from_hard_anomaly_removed_only,step1-插值损耗模型-仅正功率,LGXRFD,STATION_SEG,站端功率分段模型,CT_eff,CT_eff,9.4,10.0,hard_anomaly_removed_only,3.0,0.99
59.4,61.4,60.42106,2371,1,2.0,20,-0.2916650000000011,-0.13585560000000216,-0.004126799999998822,0.07073200000000382,0.13245900000000077,0.2037490000000005,0.2596447000000019,0.29933799999999733,0.3239826999999977,0.3545299999999969,0.7882199999999955,1.2991749999999982,1.3369359999999997,1.3824692000000018,1.4207048000000027,1.472094799999999,1.544778499999996,1.6541479999999986,1.7462400999999985,1.8959519999999965,2.1647358000000065,high,empirical_from_hard_anomaly_removed_only,step1-插值损耗模型-仅正功率,LGXRFD,STATION_SEG,站端功率分段模型,CT_eff,CT_eff,9.4,10.0,hard_anomaly_removed_only,3.0,0.99
61.4,63.4,62.442863,2375,1,2.0,20,-0.274138480000002,-0.12111680000000347,0.00772959999999969,0.07805696000000524,0.15599739999999757,0.20144896000000215,0.24078865999999738,0.27212220000000004,0.30579337999999906,0.337894,0.7767800000000022,1.3181961999999985,1.3448323800000004,1.3788409599999971,1.4319263399999995,1.485226520000003,1.5300030999999996,1.6041636799999972,1.7244682000000022,1.8888562800000022,2.2121412199999955,high,empirical_from_hard_anomaly_removed_only,step1-插值损耗模型-仅正功率,LGXRFD,STATION_SEG,站端功率分段模型,CT_eff,CT_eff,9.4,10.0,hard_anomaly_removed_only,3.0,0.99
63.4,65.4,64.34676,2337,1,2.0,20,-0.29512867999999404,-0.10966619999999921,0.0010732799999956905,0.08276104000000031,0.13234959999999774,0.18063200000000307,0.2172473599999995,0.24957879999999194,0.2986382400000005,0.31745280000000375,0.7864000000000004,1.3486440000000002,1.383246799999999,1.4252790400000082,1.4805756000000019,1.526423320000001,1.620210999999997,1.6889299999999992,1.7822743199999977,1.9362247999999929,2.1271673599999956,high,empirical_from_hard_anomaly_removed_only,step1-插值损耗模型-仅正功率,LGXRFD,STATION_SEG,站端功率分段模型,CT_eff,CT_eff,9.4,10.0,hard_anomaly_removed_only,3.0,0.99
65.4,67.4,66.38931,2272,1,2.0,20,-0.32746230000000154,-0.11670789999999072,0.016786499999997345,0.09173360000000402,0.1683950000000003,0.2257687999999939,0.2689550499999933,0.29114727999999845,0.3165086900000024,0.3330680000000029,0.7824370000000016,1.3323359999999953,1.3741888999999938,1.41712887999999,1.4497279499999993,1.4936450000000066,1.5489916999999958,1.6433295999999968,1.7646072999999944,1.912041599999997,2.1933206599999964,high,empirical_from_hard_anomaly_removed_only,step1-插值损耗模型-仅正功率,LGXRFD,STATION_SEG,站端功率分段模型,CT_eff,CT_eff,9.4,10.0,hard_anomaly_removed_only,3.0,0.99
67.4,69.4,68.423855,2236,1,2.0,20,-0.44760050000000284,-0.14365179999999353,0.012607999999988795,0.10143799999999886,0.15458250000000007,0.20492599999999897,0.24422099999999747,0.27222799999999553,0.3009085999999989,0.3243699999999947,0.8111350000000002,1.3247500000000016,1.3659433999999977,1.40088880000001,1.438334500000005,1.496603000000009,1.5562649999999998,1.6333169999999924,1.7776705000000024,1.8834908000000092,2.167873999999997,high,empirical_from_hard_anomaly_removed_only,step1-插值损耗模型-仅正功率,LGXRFD,STATION_SEG,站端功率分段模型,CT_eff,CT_eff,9.4,10.0,hard_anomaly_removed_only,3.0,0.99
69.4,71.4,70.38356,2264,1,2.0,20,-0.2988665999999978,-0.05420040000000314,0.03442635999999538,0.11533520000000463,0.1860084999999927,0.22186410000000592,0.25135930000000556,0.2803293599999898,0.30333909999999886,0.32987099999999575,0.8253649999999979,1.3527659999999986,1.3846627500000035,1.411336400000002,1.450411100000004,1.5021186000000022,1.556585499999999,1.6395856000000029,1.802785700000003,2.0049975999999905,2.3562166799999953,high,empirical_from_hard_anomaly_removed_only,step1-插值损耗模型-仅正功率,LGXRFD,STATION_SEG,站端功率分段模型,CT_eff,CT_eff,9.4,10.0,hard_anomaly_removed_only,3.0,0.99
71.4,73.4,72.41452,2119,1,2.0,20,-0.39057659999999655,-0.14031679999999483,-0.02921069999999418,0.06013080000000116,0.12804099999999893,0.18099040000000913,0.22326609999999167,0.2423852000000005,0.28204920000000244,0.3124099999999942,0.815809999999999,1.3408439999999986,1.3795556799999984,1.4262403999999975,1.4692916000000025,1.5248476000000093,1.605839000000008,1.7296787999999994,1.858933800000002,2.030737999999995,2.3404000000000043,high,empirical_from_hard_anomaly_removed_only,step1-插值损耗模型-仅正功率,LGXRFD,STATION_SEG,站端功率分段模型,CT_eff,CT_eff,9.4,10.0,hard_anomaly_removed_only,3.0,0.99
73.4,75.4,74.426785,2152,1,2.0,20,-0.3332959000000027,-0.11023499999999216,0.014534399999997305,0.13313216000000408,0.19251149999999273,0.22859144000000156,0.2658313199999971,0.2995160799999991,0.3214572600000001,0.35381759999999934,0.8319680000000034,1.395633999999997,1.441436450000002,1.4753504000000062,1.5219968000000024,1.5619417400000022,1.6377587500000004,1.718489600000006,1.875677019999993,2.015982799999988,2.291578260000003,high,empirical_from_hard_anomaly_removed_only,step1-插值损耗模型-仅正功率,LGXRFD,STATION_SEG,站端功率分段模型,CT_eff,CT_eff,9.4,10.0,hard_anomaly_removed_only,3.0,0.99
75.4,77.4,76.363035,2210,1,2.0,20,-0.2219362500000034,-0.035535999999998465,0.04583205000000176,0.12058503999999914,0.18052500000000224,0.22211699999999013,0.26283439999999775,0.2995284799999905,0.33962220000000387,0.3644810000000064,0.8451000000000022,1.4266230000000022,1.4711220499999966,1.5169108000000069,1.5592618000000038,1.6110509999999958,1.684226100000002,1.7842016000000045,1.902492299999993,2.096092100000007,2.5333017999999967,high,empirical_from_hard_anomaly_removed_only,step1-插值损耗模型-仅正功率,LGXRFD,STATION_SEG,站端功率分段模型,CT_eff,CT_eff,9.4,10.0,hard_anomaly_removed_only,3.0,0.99
77.4,79.4,78.394157,2036,1,2.0,20,-0.23137059999999962,-0.11471899999999663,-0.012893000000006797,0.07487159999999735,0.1325240000000072,0.17663799999999838,0.2006050000000002,0.24737199999999862,0.28042775000000403,0.3082150000000041,0.8551900000000003,1.3955600000000032,1.4313362500000026,1.4706760000000003,1.5115882499999986,1.5869750000000107,1.6305650000000043,1.7141204000000017,1.811161,2.0095009999999967,2.4983293999999994,high,empirical_from_hard_anomaly_removed_only,step1-插值损耗模型-仅正功率,LGXRFD,STATION_SEG,站端功率分段模型,CT_eff,CT_eff,9.4,10.0,hard_anomaly_removed_only,3.0,0.99
79.4,81.4,80.86943049999999,4554,1,2.0,20,-0.0927569999999983,0.10325439999999958,0.1950786999999984,0.26796999999999116,0.323075999999994,0.36324492000000475,0.3898346499999994,0.42195247999999536,0.4438169999999978,0.46269200000000554,0.7907100000000042,1.2283710000000012,1.2665625000000007,1.3080409999999973,1.3388176400000018,1.3788970000000043,1.4448499999999933,1.5035668000000004,1.5704298399999963,1.7259351999999883,2.0176267000000023,high,empirical_from_hard_anomaly_removed_only,step1-插值损耗模型-仅正功率,LGXRFD,STATION_SEG,站端功率分段模型,CT_eff,CT_eff,9.4,10.0,hard_anomaly_removed_only,3.0,0.99
81.4,83.4,82.39563,2056,1,2.0,20,-0.4151325000000014,-0.13404689999999703,0.05145515000000458,0.10372799999999814,0.16238750000000124,0.2289165000000011,0.27573750000000535,0.30958800000000225,0.3449790000000007,0.3710270000000051,0.8662120000000044,1.4371200000000002,1.4934479999999986,1.541274000000002,1.6020039000000035,1.6428190000000025,1.7373379999999976,1.8006407999999965,1.9065008999999988,2.071344499999998,2.3520909999999953,high,empirical_from_hard_anomaly_removed_only,step1-插值损耗模型-仅正功率,LGXRFD,STATION_SEG,站端功率分段模型,CT_eff,CT_eff,9.4,10.0,hard_anomaly_removed_only,3.0,0.99
83.4,85.4,84.411,1985,1,2.0,20,-0.5122113999999965,-0.2545292000000006,-0.105732799999995,0.046597599999995507,0.1186099999999982,0.18174920000000544,0.24255888000000767,0.2806468000000058,0.3170487999999898,0.3517010000000056,0.9085500000000053,1.479355999999999,1.5119206399999974,1.5489535199999989,1.6073544000000028,1.6572648000000092,1.7553300000000005,1.8265687999999987,1.9361883999999963,2.0893319999999984,2.3954308000000126,high,empirical_from_hard_anomaly_removed_only,step1-插值损耗模型-仅正功率,LGXRFD,STATION_SEG,站端功率分段模型,CT_eff,CT_eff,9.4,10.0,hard_anomaly_removed_only,3.0,0.99
85.4,87.4,86.40759,2019,1,2.0,20,-0.4048127999999943,-0.16222359999999697,-0.006234700000003678,0.10000928000000442,0.17488550000000203,0.21721880000000227,0.28462200000000226,0.3176316000000065,0.35749910000000057,0.38360700000000064,0.9112899999999939,1.4990560000000017,1.5374445999999995,1.588514800000004,1.639017200000003,1.7126464799999936,1.7991480000000082,1.9232547999999956,2.054136999999997,2.1604898399999968,2.4521962000000066,high,empirical_from_hard_anomaly_removed_only,step1-插值损耗模型-仅正功率,LGXRFD,STATION_SEG,站端功率分段模型,CT_eff,CT_eff,9.4,10.0,hard_anomaly_removed_only,3.0,0.99
87.4,89.4,88.34572,1917,1,2.0,20,-0.3118353999999988,-0.1289863199999985,0.0006748000000083966,0.09077959999999735,0.1612067999999994,0.224754240000006,0.3025705999999946,0.34044679999999516,0.38435580000000014,0.4044619999999952,0.9442899999999952,1.5521460000000022,1.5974532000000037,1.6392183999999925,1.6877144000000013,1.7579107999999994,1.8215140000000005,1.8942101600000019,1.9751711999999928,2.149221199999994,2.442525999999997,high,empirical_from_hard_anomaly_removed_only,step1-插值损耗模型-仅正功率,LGXRFD,STATION_SEG,站端功率分段模型,CT_eff,CT_eff,9.4,10.0,hard_anomaly_removed_only,3.0,0.99
89.4,91.4,90.40337,1910,1,2.0,20,-0.34300549999999846,-0.095836800000003,0.027297100000000383,0.11424840000000415,0.16711350000000066,0.2225579600000023,0.25995650000000686,0.30736460000000476,0.35169069999999625,0.40721060000000764,0.9440519999999992,1.5339209999999985,1.5766362999999932,1.62412508,1.660095199999998,1.738173199999992,1.787211000000002,1.8922426399999939,1.9779076000000038,2.182039200000003,2.6969226600000114,high,empirical_from_hard_anomaly_removed_only,step1-插值损耗模型-仅正功率,LGXRFD,STATION_SEG,站端功率分段模型,CT_eff,CT_eff,9.4,10.0,hard_anomaly_removed_only,3.0,0.99
91.4,93.4,92.423205,1780,1,2.0,20,-0.49603215999999406,-0.23510319999999474,-0.09666779999999747,0.08806000000000606,0.15510629999999212,0.20724283999999812,0.25728714999999047,0.29279920000000287,0.33672209999999725,0.3682805000000002,0.9351900000000057,1.5995879999999965,1.6467128999999994,1.6988071999999947,1.7517052000000028,1.801056400000005,1.9084210000000088,2.039696600000004,2.183128719999993,2.3299986999999964,2.517289449999995,high,empirical_from_hard_anomaly_removed_only,step1-插值损耗模型-仅正功率,LGXRFD,STATION_SEG,站端功率分段模型,CT_eff,CT_eff,9.4,10.0,hard_anomaly_removed_only,3.0,0.99
93.4,95.4,94.3954,1807,1,2.0,20,-0.5623054999999886,-0.3562600000000043,-0.15647100000000136,0.0031411999999897285,0.10175999999999734,0.16160896000000774,0.2461298000000031,0.3060268800000045,0.3496472400000076,0.37570899999999485,0.9643900000000087,1.5859350000000065,1.609676559999995,1.6483239199999975,1.7056217999999952,1.7675762399999917,1.8663457999999997,1.9511304000000047,2.1102274800000003,2.3146107199999966,2.7843143599999967,high,empirical_from_hard_anomaly_removed_only,step1-插值损耗模型-仅正功率,LGXRFD,STATION_SEG,站端功率分段模型,CT_eff,CT_eff,9.4,10.0,hard_anomaly_removed_only,3.0,0.99
95.4,97.4,96.37167199999999,1800,1,2.0,20,-0.47850859999999823,-0.2069593999999995,-0.02098903000000861,0.059112799999988405,0.16760350000000132,0.21852730000000575,0.27245834999999347,0.3160824000000042,0.3672622600000004,0.4019533999999908,0.9855650000000011,1.605398999999999,1.6327157600000106,1.673361200000004,1.7323749000000026,1.810516099999993,1.8789480000000025,1.9758721600000022,2.071751099999995,2.285240200000002,2.7079379999999897,high,empirical_from_hard_anomaly_removed_only,step1-插值损耗模型-仅正功率,LGXRFD,STATION_SEG,站端功率分段模型,CT_eff,CT_eff,9.4,10.0,hard_anomaly_removed_only,3.0,0.99
97.4,99.4,98.4206355,1964,1,2.0,20,-0.2889716999999998,-0.06970763999999521,0.040430959999998496,0.12322791999999992,0.1887004999999931,0.24090770000000616,0.3022202000000061,0.3517995999999954,0.40272942000000567,0.44237200000000887,1.0116100000000046,1.6703314999999934,1.7332192500000048,1.7893358399999943,1.855974639999997,1.952766600000002,2.057795999999995,2.138210399999999,2.3058726899999966,2.4266206399999986,2.9213302999999913,high,empirical_from_hard_anomaly_removed_only,step1-插值损耗模型-仅正功率,LGXRFD,STATION_SEG,站端功率分段模型,CT_eff,CT_eff,9.4,10.0,hard_anomaly_removed_only,3.0,0.99
99.4,101.4,100.41899,1827,1,2.0,20,-0.32446870000000044,-0.10646400000000704,0.05318260000000038,0.1176711999999975,0.15647620000000018,0.21534879999999818,0.29107839999998736,0.3334602400000034,0.3781409600000012,0.39933320000000094,1.0383000000000067,1.6663420000000002,1.704447499999995,1.7449423999999996,1.8136707999999988,1.8969921599999997,1.992646999999997,2.179596000000004,2.2953412800000077,2.4971892000000038,2.7644821399999953,high,empirical_from_hard_anomaly_removed_only,step1-插值损耗模型-仅正功率,LGXRFD,STATION_SEG,站端功率分段模型,CT_eff,CT_eff,9.4,10.0,hard_anomaly_removed_only,3.0,0.99
101.4,103.4,102.4176175,1820,1,2.0,20,-0.38216136000000556,-0.2123149200000051,-0.015565950000000583,0.09711799999999814,0.173294750000008,0.26425780000001226,0.32046589999999925,0.36091719999999844,0.40703663999999945,0.4466685999999996,1.0504630000000006,1.6582754999999938,1.7040508600000008,1.752260719999997,1.794661999999994,1.8416865999999994,1.928770000000006,2.052425360000009,2.166649319999993,2.2819838000000026,2.9426206800000037,high,empirical_from_hard_anomaly_removed_only,step1-插值损耗模型-仅正功率,LGXRFD,STATION_SEG,站端功率分段模型,CT_eff,CT_eff,9.4,10.0,hard_anomaly_removed_only,3.0,0.99
103.4,105.4,104.41235,1673,1,2.0,20,-0.3749699999999956,-0.1468951999999962,0.005827199999995895,0.12835080000000113,0.18561400000000677,0.2582476800000063,0.32924519999999863,0.3795810000000051,0.4238480799999945,0.4600159999999904,1.0639499999999913,1.7651347999999982,1.8006104799999956,1.8548212000000086,1.9069909999999999,1.9582515999999994,2.0542220000000064,2.116666799999997,2.252418959999997,2.6038031999999975,2.8776412000000025,high,empirical_from_hard_anomaly_removed_only,step1-插值损耗模型-仅正功率,LGXRFD,STATION_SEG,站端功率分段模型,CT_eff,CT_eff,9.4,10.0,hard_anomaly_removed_only,3.0,0.99
105.4,107.4,106.38278,1677,1,2.0,20,-0.37389360000000577,-0.1555796000000038,-0.043063999999995974,0.09698679999999855,0.19283920000000593,0.2639000000000033,0.33277840000000425,0.3770840800000031,0.4076643999999993,0.4384639999999962,1.0715640000000093,1.7402039999999972,1.7844623999999942,1.8534161999999954,1.9013706000000048,1.9515439999999973,2.039712,2.18161256,2.3512704799999966,2.5581020799999976,2.979723200000007,high,empirical_from_hard_anomaly_removed_only,step1-插值损耗模型-仅正功率,LGXRFD,STATION_SEG,站端功率分段模型,CT_eff,CT_eff,9.4,10.0,hard_anomaly_removed_only,3.0,0.99
107.4,109.4,108.38681,1671,1,2.0,20,-0.6088044999999994,-0.26856599999999564,-0.027251499999997004,0.07684719999999456,0.16790799999999706,0.2420187999999968,0.3011345000000006,0.3344103999999987,0.37418299999999505,0.42606000000000677,1.0882349999999974,1.8094499999999982,1.8487065000000005,1.891167999999999,1.9291794000000084,1.9848259999999978,2.0713830000000044,2.1879199999999996,2.276583,2.552302399999996,2.922563999999999,high,empirical_from_hard_anomaly_removed_only,step1-插值损耗模型-仅正功率,LGXRFD,STATION_SEG,站端功率分段模型,CT_eff,CT_eff,9.4,10.0,hard_anomaly_removed_only,3.0,0.99
109.4,111.4,110.4352125,1590,1,2.0,20,-0.4683472599999955,-0.13552330000000265,0.028416450000003837,0.09546760000000747,0.17136730000000355,0.22854260000000948,0.28241839999999163,0.3431435999999951,0.3935471600000015,0.44888499999999854,1.1229720000000043,1.8190500000000005,1.870588839999993,1.9199835999999961,1.9764026000000063,2.0377360399999946,2.121510000000002,2.2245460000000072,2.4481292699999995,2.5717264000000015,3.0166436000000063,high,empirical_from_hard_anomaly_removed_only,step1-插值损耗模型-仅正功率,LGXRFD,STATION_SEG,站端功率分段模型,CT_eff,CT_eff,9.4,10.0,hard_anomaly_removed_only,3.0,0.99
111.4,113.4,112.365122,1526,1,2.0,20,-0.4814437500000004,-0.21477000000000146,-0.02336999999999989,0.10311500000000251,0.18979999999999464,0.28546199999999544,0.3450462500000029,0.39124999999999943,0.44052375000000765,0.48436500000000393,1.1388379999999998,1.8369824999999977,1.8729062500000033,1.9166000000000025,1.9849350000000072,2.0630999999999986,2.1433850000000056,2.282865000000001,2.484272499999996,2.701954999999998,3.3706925000000005,high,empirical_from_hard_anomaly_removed_only,step1-插值损耗模型-仅正功率,LGXRFD,STATION_SEG,站端功率分段模型,CT_eff,CT_eff,9.4,10.0,hard_anomaly_removed_only,3.0,0.99
113.4,115.4,114.43721,1494,1,2.0,20,-0.6310197999999958,-0.19990579999999938,-0.05932444999999802,0.08409192000000756,0.16914699999999327,0.2311296799999991,0.29952640000000336,0.35783703999999716,0.4149911999999974,0.4724197999999987,1.1468530000000001,1.8409489999999977,1.8954788999999939,1.954850399999999,2.0193494999999904,2.089481920000005,2.1575234999999995,2.303901520000003,2.3663722000000043,2.636373999999992,3.3741265499999997,high,empirical_from_hard_anomaly_removed_only,step1-插值损耗模型-仅正功率,LGXRFD,STATION_SEG,站端功率分段模型,CT_eff,CT_eff,9.4,10.0,hard_anomaly_removed_only,3.0,0.99
115.4,117.4,116.410798,1486,1,2.0,20,-0.7469779999999986,-0.318726999999997,-0.09860500000000273,0.04322600000000418,0.14091750000000758,0.26273299999999716,0.31149774999999735,0.3641819999999939,0.4203389999999999,0.467962,1.189676999999996,1.9320749999999975,1.9942884999999972,2.0415249999999987,2.1187692999999928,2.1872846000000035,2.2908012499999977,2.4103719999999926,2.570838749999996,2.769742000000002,3.4714049999999954,high,empirical_from_hard_anomaly_removed_only,step1-插值损耗模型-仅正功率,LGXRFD,STATION_SEG,站端功率分段模型,CT_eff,CT_eff,9.4,10.0,hard_anomaly_removed_only,3.0,0.99
117.4,119.4,118.41872,1517,1,2.0,20,-0.3425352000000032,-0.14565279999999575,0.030361600000003364,0.1492034399999932,0.2191859999999991,0.2672958400000033,0.3332944000000015,0.37285360000000767,0.4111242400000015,0.46541799999999683,1.2062400000000082,1.9678664000000028,2.028259999999989,2.0979779999999946,2.1573200000000097,2.2365258399999934,2.296284,2.435712160000004,2.6292158000000017,2.8720604000000094,3.3795463999999975,high,empirical_from_hard_anomaly_removed_only,step1-插值损耗模型-仅正功率,LGXRFD,STATION_SEG,站端功率分段模型,CT_eff,CT_eff,9.4,10.0,hard_anomaly_removed_only,3.0,0.99
119.4,121.4,120.40053,1529,1,2.0,20,-0.8952923999999961,-0.35536056000000593,-0.1291655999999961,0.005440719999993464,0.136681999999999,0.2404587999999944,0.3028935999999931,0.338103439999988,0.380875680000006,0.42995799999999357,1.2367399999999975,1.9772919999999916,2.0301211999999977,2.0763142399999954,2.167510639999999,2.2634951999999955,2.3697760000000034,2.4864972800000085,2.637661999999996,2.8882144000000043,3.4573564000000037,high,empirical_from_hard_anomaly_removed_only,step1-插值损耗模型-仅正功率,LGXRFD,STATION_SEG,站端功率分段模型,CT_eff,CT_eff,9.4,10.0,hard_anomaly_removed_only,3.0,0.99
121.4,123.4,122.390594,1599,1,2.0,20,-0.6885705999999994,-0.29124100000000225,-0.1225102000000047,0.0606391999999966,0.16466599999999687,0.2582291999999933,0.31919476000000035,0.3822563999999937,0.4325494999999952,0.48527999999999166,1.2347159999999917,1.9912199999999984,2.037099400000005,2.1271707999999943,2.2079139999999944,2.290725200000008,2.3350575999999936,2.500060400000002,2.635131240000001,2.847433799999999,3.413331000000004,high,empirical_from_hard_anomaly_removed_only,step1-插值损耗模型-仅正功率,LGXRFD,STATION_SEG,站端功率分段模型,CT_eff,CT_eff,9.4,10.0,hard_anomaly_removed_only,3.0,0.99
123.4,125.4,124.383917,1650,1,2.0,20,-0.5249570999999995,-0.12168290000001178,0.04730199999999381,0.18246504000000474,0.2595864999999968,0.35897100000000304,0.41824770000000205,0.4874664799999994,0.5289484000000019,0.5796429999999916,1.2946575000000067,2.082497499999994,2.151838999999997,2.1843559200000047,2.253652100000004,2.3419462999999943,2.432761500000005,2.597547199999998,2.8652732199999957,3.119849799999994,3.4081635000000006,high,empirical_from_hard_anomaly_removed_only,step1-插值损耗模型-仅正功率,LGXRFD,STATION_SEG,站端功率分段模型,CT_eff,CT_eff,9.4,10.0,hard_anomaly_removed_only,3.0,0.99
125.4,127.4,126.42462,1581,1,2.0,20,-0.5412459999999952,-0.31434499999999727,-0.13618799999999284,0.024215999999995637,0.14374599999999305,0.26273580000000435,0.32552400000000437,0.38600999999999885,0.4649029999999981,0.5253499999999889,1.2928599999999904,2.087510000000009,2.1168490000000078,2.1472903999999975,2.2125944000000013,2.3278200000000075,2.40703400000001,2.5271899999999916,2.7006699999999935,2.9514395999999965,3.190209200000002,high,empirical_from_hard_anomaly_removed_only,step1-插值损耗模型-仅正功率,LGXRFD,STATION_SEG,站端功率分段模型,CT_eff,CT_eff,9.4,10.0,hard_anomaly_removed_only,3.0,0.99
127.4,129.4,128.39907,1582,1,2.0,20,-0.5727689999999985,-0.2584438000000125,-0.062142300000002856,0.07053839999999584,0.19073050000000513,0.28376460000000636,0.3435016000000102,0.39951520000000534,0.4582588999999893,0.5046059999999898,1.3048550000000034,2.1604520000000096,2.2124230400000098,2.2546396000000004,2.31150929999999,2.3793632000000073,2.4921693000000005,2.652558799999999,2.8531855000000004,3.1520126000000013,3.467211699999999,high,empirical_from_hard_anomaly_removed_only,step1-插值损耗模型-仅正功率,LGXRFD,STATION_SEG,站端功率分段模型,CT_eff,CT_eff,9.4,10.0,hard_anomaly_removed_only,3.0,0.99
129.4,131.4,130.38295,1435,1,2.0,20,-0.8581876000000097,-0.33727280000000065,-0.17356259999999749,0.05024919999999724,0.19896000000000247,0.273783599999997,0.33447060000000084,0.4179231999999922,0.452309400000002,0.5108479999999929,1.3729600000000062,2.133677999999992,2.179495600000004,2.236334000000014,2.320207999999999,2.419557199999993,2.5050850000000104,2.6267012000000043,2.762838800000002,3.044986799999987,3.3854183999999954,high,empirical_from_hard_anomaly_removed_only,step1-插值损耗模型-仅正功率,LGXRFD,STATION_SEG,站端功率分段模型,CT_eff,CT_eff,9.4,10.0,hard_anomaly_removed_only,3.0,0.99
131.4,133.4,132.36289499999998,1458,1,2.0,20,-0.468368199999997,-0.13634700000000974,0.0028667000000069786,0.13469079999998826,0.2607159999999965,0.32719459999998324,0.41014749999999367,0.48202719999999316,0.5328469000000041,0.5618849999999953,1.3864850000000075,2.258091000000013,2.327546999999989,2.3770147999999938,2.436653900000002,2.569767200000002,2.692841000000001,2.7824900000000117,2.95307489999999,3.1533283999999857,3.5734525999999964,high,empirical_from_hard_anomaly_removed_only,step1-插值损耗模型-仅正功率,LGXRFD,STATION_SEG,站端功率分段模型,CT_eff,CT_eff,9.4,10.0,hard_anomaly_removed_only,3.0,0.99
133.4,135.4,134.400765,1368,1,2.0,20,-0.7153609000000077,-0.2775738000000132,-0.052058399999995696,0.03144279999999071,0.1407710000000023,0.2592408000000017,0.31145030000000423,0.36930200000000807,0.4205662999999859,0.481166999999985,1.4067900000000009,2.35227900000001,2.4086233999999984,2.4919988000000086,2.543946599999997,2.608827400000009,2.708816000000005,2.8749644000000054,3.060647699999985,3.4213801999999967,3.8930939999999925,high,empirical_from_hard_anomaly_removed_only,step1-插值损耗模型-仅正功率,LGXRFD,STATION_SEG,站端功率分段模型,CT_eff,CT_eff,9.4,10.0,hard_anomaly_removed_only,3.0,0.99
135.4,137.4,136.42253,1381,1,2.0,20,-0.6099659999999915,-0.13037199999999416,0.08624399999999922,0.15711799999999135,0.2998699999999985,0.4030160000000024,0.47385200000000527,0.5358780000000024,0.5979419999999946,0.6486299999999972,1.4578199999999981,2.3158300000000054,2.372423999999995,2.435258000000011,2.48389799999999,2.582148000000006,2.6392299999999977,2.758415999999988,2.94777399999998,3.192303999999988,3.383517999999993,high,empirical_from_hard_anomaly_removed_only,step1-插值损耗模型-仅正功率,LGXRFD,STATION_SEG,站端功率分段模型,CT_eff,CT_eff,9.4,10.0,hard_anomaly_removed_only,3.0,0.99
137.4,139.4,138.43846,1441,1,2.0,20,-0.46028400000000713,-0.20260399999998527,-0.03695999999999346,0.10232799999999997,0.18174999999999386,0.28833400000000314,0.36892599999999337,0.4469480000000033,0.5226019999999948,0.5806300000000135,1.486200000000025,2.422739999999976,2.485823999999991,2.542748000000006,2.633669999999995,2.725922000000003,2.8133899999999983,2.938279999999992,3.0688079999999953,3.321420000000002,3.6881739999999974,high,empirical_from_hard_anomaly_removed_only,step1-插值损耗模型-仅正功率,LGXRFD,STATION_SEG,站端功率分段模型,CT_eff,CT_eff,9.4,10.0,hard_anomaly_removed_only,3.0,0.99
139.4,141.4,140.39569,1397,1,2.0,20,-0.7561151999999902,-0.2250907999999924,0.061395600000022296,0.2292404000000159,0.336492000000004,0.4314927999999963,0.48737320000001205,0.5294071999999961,0.5871855999999787,0.6430239999999913,1.5047999999999888,2.360451999999998,2.3981076000000106,2.4619332000000047,2.5110872000000017,2.575740800000001,2.6651859999999945,2.808504800000005,3.0095384000000087,3.356465999999995,3.864800800000012,high,empirical_from_hard_anomaly_removed_only,step1-插值损耗模型-仅正功率,LGXRFD,STATION_SEG,站端功率分段模型,CT_eff,CT_eff,9.4,10.0,hard_anomaly_removed_only,3.0,0.99
141.4,143.4,142.37225,1487,1,2.0,20,-0.6397587999999911,-0.3140124000000003,-0.01785700000001328,0.09553400000000237,0.20566300000000123,0.35447839999999586,0.43920120000000284,0.4917844000000036,0.5744068000000095,0.626199999999983,1.5575100000000077,2.479743999999994,2.5404489999999975,2.599029200000009,2.671712000000021,2.740191599999997,2.834758999999991,2.984848800000007,3.1453824,3.415628000000014,4.080673600000007,high,empirical_from_hard_anomaly_removed_only,step1-插值损耗模型-仅正功率,LGXRFD,STATION_SEG,站端功率分段模型,CT_eff,CT_eff,9.4,10.0,hard_anomaly_removed_only,3.0,0.99
143.4,145.4,144.4105,1435,1,2.0,20,-0.6576816000000025,-0.2139036000000044,0.039237799999999594,0.18183760000000462,0.31218299999999605,0.36816399999999583,0.44708120000000634,0.5087396000000024,0.5837417999999781,0.6619400000000042,1.554000000000002,2.458164000000024,2.5050599999999874,2.5642508000000075,2.6322261999999976,2.710042000000004,2.8246660000000046,2.9996191999999953,3.1249542000000066,3.4306340000000146,3.8799567999999973,high,empirical_from_hard_anomaly_removed_only,step1-插值损耗模型-仅正功率,LGXRFD,STATION_SEG,站端功率分段模型,CT_eff,CT_eff,9.4,10.0,hard_anomaly_removed_only,3.0,0.99
145.4,147.4,146.40230000000003,1370,1,2.0,20,-0.7422196999999776,-0.22924999999999046,0.0644640000000095,0.23056079999999496,0.3829270000000037,0.4718698000000006,0.5368366000000085,0.595966399999993,0.6540206000000001,0.6970609999999879,1.5820099999999968,2.5419949999999893,2.5939126999999873,2.652785200000002,2.732355600000006,2.853540000000002,3.010993000000003,3.1478440000000067,3.3048842999999994,3.677809999999998,4.004420300000009,high,empirical_from_hard_anomaly_removed_only,step1-插值损耗模型-仅正功率,LGXRFD,STATION_SEG,站端功率分段模型,CT_eff,CT_eff,9.4,10.0,hard_anomaly_removed_only,3.0,0.99
147.4,149.4,148.37836,1399,1,2.0,20,-1.1152295999999955,-0.36438520000000835,-0.10014179999998306,0.03908600000001116,0.13955400000000118,0.25185440000001674,0.3584136000000031,0.49601200000000645,0.5799150000000014,0.6207300000000089,1.6026399999999796,2.5787079999999896,2.6321980000000047,2.710564000000013,2.8231998000000003,2.8930192,3.0118119999999973,3.127403999999985,3.2782093999999797,3.602271999999986,4.433210799999995,high,empirical_from_hard_anomaly_removed_only,step1-插值损耗模型-仅正功率,LGXRFD,STATION_SEG,站端功率分段模型,CT_eff,CT_eff,9.4,10.0,hard_anomaly_removed_only,3.0,0.99
149.4,151.4,150.36333000000002,1316,1,2.0,20,-0.4675060000000187,-0.12243099999998887,0.00755399999998755,0.12728800000000434,0.23459499999999878,0.3432950000000147,0.424728999999995,0.48832400000000575,0.5367139999999949,0.5990449999999896,1.6579649999999901,2.704419999999999,2.7409675000000084,2.8299280000000056,2.8748680000000095,2.9627910000000095,3.0894075000000143,3.165802000000011,3.3065465000000174,3.7551269999999977,4.247551999999994,high,empirical_from_hard_anomaly_removed_only,step1-插值损耗模型-仅正功率,LGXRFD,STATION_SEG,站端功率分段模型,CT_eff,CT_eff,9.4,10.0,hard_anomaly_removed_only,3.0,0.99
151.4,153.4,152.343215,1160,1,2.0,20,-0.6676280999999952,-0.07430020000000753,0.11124099999999741,0.22993319999999243,0.32248750000002246,0.4062396000000142,0.5344552000000192,0.614335200000005,0.6885767999999874,0.7569700000000013,1.6986050000000006,2.7102040000000054,2.769987799999995,2.81915719999999,2.8864698000000013,2.999839600000003,3.1144965000000058,3.342199200000001,3.474304699999992,3.6679722000000043,4.114589500000006,high,empirical_from_hard_anomaly_removed_only,step1-插值损耗模型-仅正功率,LGXRFD,STATION_SEG,站端功率分段模型,CT_eff,CT_eff,9.4,10.0,hard_anomaly_removed_only,3.0,0.99
153.4,155.4,154.407365,1148,1,2.0,20,-0.47953410000001323,-0.11232499999998818,0.04814950000000351,0.14828319999997916,0.23881350000000623,0.3647319999999898,0.46465090000001685,0.5418823999999882,0.6145388000000025,0.697239000000016,1.7137099999999919,2.7948130000000075,2.844693399999984,2.8840367999999876,2.981107399999988,3.0473129999999893,3.190608000000002,3.298784400000016,3.4967171999999898,3.844258000000002,4.264962699999995,high,empirical_from_hard_anomaly_removed_only,step1-插值损耗模型-仅正功率,LGXRFD,STATION_SEG,站端功率分段模型,CT_eff,CT_eff,9.4,10.0,hard_anomaly_removed_only,3.0,0.99
155.4,157.4,156.3934,1185,1,2.0,20,-0.5514348000000041,-0.2163455999999974,0.06051160000000089,0.2970240000000092,0.3788659999999993,0.4426023999999926,0.5002576000000158,0.5943204000000014,0.6233391999999924,0.6725259999999877,1.7799499999999853,2.8537560000000104,2.953064000000004,3.053191200000011,3.1269576000000074,3.1985351999999843,3.3590520000000024,3.5095623999999934,3.700872400000002,3.9250092000000008,4.565167599999995,high,empirical_from_hard_anomaly_removed_only,step1-插值损耗模型-仅正功率,LGXRFD,STATION_SEG,站端功率分段模型,CT_eff,CT_eff,9.4,10.0,hard_anomaly_removed_only,3.0,0.99
157.4,159.4,158.3887,1189,1,2.0,20,-0.7918667999999991,-0.4298883999999918,-0.06856520000001183,0.18335239999999886,0.30161999999999134,0.41639999999998395,0.5473403999999834,0.5995880000000239,0.6714848000000074,0.7289220000000117,1.7773300000000063,2.909762000000007,2.983437599999996,3.077812800000003,3.1740327999999964,3.3135712000000024,3.3918640000000027,3.5518700000000036,3.744011200000012,4.017104799999989,4.432349600000002,high,empirical_from_hard_anomaly_removed_only,step1-插值损耗模型-仅正功率,LGXRFD,STATION_SEG,站端功率分段模型,CT_eff,CT_eff,9.4,10.0,hard_anomaly_removed_only,3.0,0.99
159.4,161.4,160.45334,1105,1,2.0,20,-1.2254012000000056,-0.5767024000000094,-0.22564560000001166,-0.08085399999998442,0.1610879999999952,0.2764364,0.40469359999999027,0.4792735999999855,0.5647303999999838,0.636871999999994,1.813760000000002,2.9454900000000066,2.977145600000001,3.0427116000000036,3.129845200000006,3.2009351999999978,3.3343260000000043,3.501724799999991,3.679413600000001,3.8276288000000114,4.496498400000001,high,empirical_from_hard_anomaly_removed_only,step1-插值损耗模型-仅正功率,LGXRFD,STATION_SEG,站端功率分段模型,CT_eff,CT_eff,9.4,10.0,hard_anomaly_removed_only,3.0,0.99
161.4,163.4,162.45174,1217,1,2.0,20,-0.7651804000000084,-0.25154559999999376,0.009995200000000724,0.22251479999999446,0.37884599999998736,0.5007200000000046,0.5681464000000005,0.6526751999999965,0.7121008000000085,0.7744520000000137,1.8804599999999994,3.053347999999989,3.0998779999999915,3.154484800000007,3.2062480000000138,3.3818199999999954,3.572391999999991,3.6762640000000095,3.8527119999999915,4.021151199999999,4.310971999999994,high,empirical_from_hard_anomaly_removed_only,step1-插值损耗模型-仅正功率,LGXRFD,STATION_SEG,站端功率分段模型,CT_eff,CT_eff,9.4,10.0,hard_anomaly_removed_only,3.0,0.99
163.4,165.4,164.39807000000002,1210,1,2.0,20,-0.4241183999999953,-0.16765080000001092,0.07114570000000627,0.2210531999999921,0.30797800000000425,0.41983580000000126,0.570751799999992,0.7016127999999946,0.7907600999999985,0.8457120000000089,1.9186599999999885,3.14174700000001,3.192764999999991,3.2527488000000084,3.3439789000000104,3.4405054000000015,3.581214500000001,3.710345999999998,3.88310809999999,4.221933200000006,4.791153700000003,high,empirical_from_hard_anomaly_removed_only,step1-插值损耗模型-仅正功率,LGXRFD,STATION_SEG,站端功率分段模型,CT_eff,CT_eff,9.4,10.0,hard_anomaly_removed_only,3.0,0.99
165.4,167.4,166.37,1175,1,2.0,20,-0.5805387999999959,-0.10365400000000591,0.16296259999999332,0.2766980000000001,0.40118999999999116,0.5137823999999921,0.6379975999999868,0.7338176000000215,0.8110392000000081,0.8777860000000033,1.9497299999999882,3.032692000000003,3.1173807999999954,3.2021808000000003,3.2880488,3.3621164000000086,3.4193379999999984,3.5157536000000045,3.749693999999995,4.031311599999998,4.370995399999998,high,empirical_from_hard_anomaly_removed_only,step1-插值损耗模型-仅正功率,LGXRFD,STATION_SEG,站端功率分段模型,CT_eff,CT_eff,9.4,10.0,hard_anomaly_removed_only,3.0,0.99
167.4,169.4,168.43501,1059,1,2.0,20,-0.6557126000000045,-0.23684879999999453,-0.01003640000000759,0.18070800000000306,0.3572419999999967,0.5192459999999924,0.653342799999997,0.7305264,0.8231832000000042,0.8893840000000013,2.02494999999999,3.1865099999999993,3.2554093999999902,3.365172799999998,3.397275400000001,3.4633236000000043,3.583865000000017,3.7201543999999984,4.011319999999999,4.4764460000000135,5.218466800000012,high,empirical_from_hard_anomaly_removed_only,step1-插值损耗模型-仅正功率,LGXRFD,STATION_SEG,站端功率分段模型,CT_eff,CT_eff,9.4,10.0,hard_anomaly_removed_only,3.0,0.99
169.4,171.4,170.390205,1218,1,2.0,20,-0.49695059999998475,-0.09143720000000144,0.12384309999999939,0.30203920000000606,0.45587299999998976,0.5482891999999964,0.6556249000000116,0.7134552000000111,0.837034900000001,0.8859100000000069,2.0499050000000096,3.1892349999999965,3.2839194000000047,3.411506400000017,3.5144337999999853,3.6806640000000095,3.827232500000014,3.9929243999999917,4.212741399999993,4.563498199999994,4.9413405999999815,high,empirical_from_hard_anomaly_removed_only,step1-插值损耗模型-仅正功率,LGXRFD,STATION_SEG,站端功率分段模型,CT_eff,CT_eff,9.4,10.0,hard_anomaly_removed_only,3.0,0.99
171.4,173.4,172.37933,1151,1,2.0,20,-0.9756000000000142,-0.35545999999999367,-0.07632999999999868,0.12172000000001049,0.31516499999999326,0.4494399999999814,0.5606399999999923,0.6433799999999792,0.715014999999994,0.7850600000000156,2.053619999999995,3.2505099999999914,3.3512449999999916,3.4010700000000043,3.4640999999999877,3.58617000000001,3.760079999999988,3.92852000000002,4.171540000000007,4.6407999999999845,5.167404999999988,high,empirical_from_hard_anomaly_removed_only,step1-插值损耗模型-仅正功率,LGXRFD,STATION_SEG,站端功率分段模型,CT_eff,CT_eff,9.4,10.0,hard_anomaly_removed_only,3.0,0.99
173.4,175.4,174.43834,1137,1,2.0,20,-0.6280000000000154,-0.09237840000000803,0.1562092000000166,0.26120080000001505,0.40391799999999883,0.5345968000000106,0.6457524000000034,0.7396415999999862,0.8174907999999982,0.8511579999999924,2.08368999999999,3.2841239999999967,3.348068399999992,3.383490000000012,3.486972400000008,3.563538000000008,3.733680000000004,3.903813999999991,4.291830800000024,4.510228800000018,4.993555200000016,high,empirical_from_hard_anomaly_removed_only,step1-插值损耗模型-仅正功率,LGXRFD,STATION_SEG,站端功率分段模型,CT_eff,CT_eff,9.4,10.0,hard_anomaly_removed_only,3.0,0.99
175.4,177.4,176.39804,1115,1,2.0,20,-0.5556691999999799,0.017008800000000986,0.2853994000000046,0.46283160000000073,0.6247259999999927,0.7125167999999928,0.7656222000000003,0.8609583999999996,0.9245012000000001,0.9752159999999948,2.0774800000000084,3.393648000000019,3.4801812000000156,3.5650863999999958,3.634931599999997,3.740403999999986,3.8526090000000037,4.060452800000001,4.31954,4.69559680000001,5.013808000000003,high,empirical_from_hard_anomaly_removed_only,step1-插值损耗模型-仅正功率,LGXRFD,STATION_SEG,站端功率分段模型,CT_eff,CT_eff,9.4,10.0,hard_anomaly_removed_only,3.0,0.99
177.4,179.4,178.38467,1095,1,2.0,20,-0.6278846000000086,-0.2236824000000218,0.08210119999999564,0.28330959999999883,0.44830400000000736,0.5657079999999997,0.666131399999997,0.7582436000000177,0.8891522000000014,0.9293600000000026,2.168049999999994,3.3379359999999965,3.404550599999998,3.4923299999999915,3.5971231999999986,3.743518000000002,3.867061000000009,4.047463999999994,4.346759400000012,4.719595199999981,5.235910799999993,high,empirical_from_hard_anomaly_removed_only,step1-插值损耗模型-仅正功率,LGXRFD,STATION_SEG,站端功率分段模型,CT_eff,CT_eff,9.4,10.0,hard_anomaly_removed_only,3.0,0.99
179.4,181.4,180.43105,1065,1,2.0,20,-0.5504887999999915,-0.03828359999998722,0.240211199999992,0.4044471999999951,0.5613859999999933,0.6500675999999839,0.7941839999999911,0.8598980000000108,0.9709567999999795,1.0401580000000081,2.2316299999999956,3.629644000000002,3.71287279999999,3.802255600000001,3.907959199999997,4.076741599999992,4.157019999999999,4.31395359999999,4.457687600000006,4.790433200000017,5.188285599999975,high,empirical_from_hard_anomaly_removed_only,step1-插值损耗模型-仅正功率,LGXRFD,STATION_SEG,站端功率分段模型,CT_eff,CT_eff,9.4,10.0,hard_anomaly_removed_only,3.0,0.99
181.4,183.4,182.38104,989,1,2.0,20,-0.7646732000000054,-0.2817156000000113,0.03888479999999164,0.26689879999999566,0.3938320000000034,0.6306903999999974,0.7821199999999919,0.8842919999999949,0.9538543999999991,0.9847660000000019,2.245260000000002,3.5462859999999807,3.6600808000000065,3.745266800000007,3.8963967999999882,4.0081232000000115,4.139177999999989,4.332777599999997,4.4436064000000135,4.892698400000011,5.481365599999989,high,empirical_from_hard_anomaly_removed_only,step1-插值损耗模型-仅正功率,LGXRFD,STATION_SEG,站端功率分段模型,CT_eff,CT_eff,9.4,10.0,hard_anomaly_removed_only,3.0,0.99
183.4,185.4,184.4437,987,1,2.0,20,-0.6007924000000038,-0.2478752000000066,-0.03628759999999602,0.10355920000000868,0.4463689999999816,0.5948167999999976,0.6357428000000012,0.8613419999999826,0.938917799999994,1.0221080000000031,2.2981599999999958,3.724120000000005,3.801755400000003,3.9150256000000025,4.088131599999992,4.201089200000003,4.509805000000005,4.691986000000004,5.000510600000006,5.5288335999999925,6.187033800000013,high,empirical_from_hard_anomaly_removed_only,step1-插值损耗模型-仅正功率,LGXRFD,STATION_SEG,站端功率分段模型,CT_eff,CT_eff,9.4,10.0,hard_anomaly_removed_only,3.0,0.99
185.4,187.4,186.39502,979,1,2.0,20,-0.7491348000000131,-0.008017199999983444,0.23805020000002058,0.43206440000002194,0.5645239999999945,0.7713820000000101,0.8793368000000027,0.9591971999999964,1.0112447999999836,1.0818160000000034,2.421449999999993,3.795436000000013,3.874547399999999,3.9824896,4.0822959999999995,4.165901600000001,4.319239000000009,4.540469199999996,4.920842400000003,5.230531199999998,6.070978600000012,high,empirical_from_hard_anomaly_removed_only,step1-插值损耗模型-仅正功率,LGXRFD,STATION_SEG,站端功率分段模型,CT_eff,CT_eff,9.4,10.0,hard_anomaly_removed_only,3.0,0.99
187.4,189.4,188.37784,940,1,2.0,20,-0.9364802999999852,-0.39207579999998865,-0.06338800000001629,0.21881759999999761,0.3934095000000028,0.5141335999999893,0.7071811999999852,0.8502543999999955,0.9633614000000088,1.0262419999999963,2.4397149999999925,3.9513090000000175,4.097834300000015,4.174388799999992,4.309072000000007,4.412348400000005,4.6569549999999875,4.819118800000008,5.085567400000001,5.3381362,6.195849400000007,high,empirical_from_hard_anomaly_removed_only,step1-插值损耗模型-仅正功率,LGXRFD,STATION_SEG,站端功率分段模型,CT_eff,CT_eff,9.4,10.0,hard_anomaly_removed_only,3.0,0.99
189.4,191.4,190.44586,967,1,2.0,20,-0.3849970000000087,0.0962819999999988,0.3291297999999836,0.4881772000000069,0.6889550000000014,0.7820284000000004,0.8560033999999889,0.9453787999999952,1.0420712000000054,1.1186059999999998,2.4470000000000027,3.8705100000000012,3.9352762000000086,4.071002400000021,4.232830600000004,4.378651199999981,4.4772500000000095,4.568118400000017,4.7713323999999995,5.086611200000007,5.595564999999996,high,empirical_from_hard_anomaly_removed_only,step1-插值损耗模型-仅正功率,LGXRFD,STATION_SEG,站端功率分段模型,CT_eff,CT_eff,9.4,10.0,hard_anomaly_removed_only,3.0,0.99
191.4,193.4,192.418945,1000,1,2.0,20,-0.38325360000000586,-0.012367999999997315,0.23713559999997752,0.4285163999999861,0.620930500000003,0.7021889999999916,0.8395338999999837,0.949997999999996,1.022196900000016,1.0649400000000129,2.4541599999999875,3.8350780000000046,3.91009770000001,3.990936400000021,4.043729899999996,4.170266000000004,4.40856450000001,4.578311199999994,4.760649700000007,5.044202599999997,5.601194800000012,high,empirical_from_hard_anomaly_removed_only,step1-插值损耗模型-仅正功率,LGXRFD,STATION_SEG,站端功率分段模型,CT_eff,CT_eff,9.4,10.0,hard_anomaly_removed_only,3.0,0.99
193.4,195.4,194.40347,1009,1,2.0,20,-0.9426847999999904,-0.2452736000000016,0.06894999999998842,0.3030920000000117,0.4331320000000005,0.6215179999999929,0.7080304000000036,0.8707400000000041,0.9329787999999962,0.9877140000000054,2.5277699999999754,3.9091059999999915,4.041279999999992,4.1081215999999845,4.22693840000001,4.322903999999999,4.493111999999994,4.605572799999999,4.891203200000002,5.15093840000002,5.6166383999999985,high,empirical_from_hard_anomaly_removed_only,step1-插值损耗模型-仅正功率,LGXRFD,STATION_SEG,站端功率分段模型,CT_eff,CT_eff,9.4,10.0,hard_anomaly_removed_only,3.0,0.99
195.4,197.4,196.39702,1012,1,2.0,20,-0.6407770999999923,-0.13947099999998727,0.1677019000000101,0.3771132000000091,0.49954849999998474,0.6924335999999953,0.7789107999999931,0.8970812000000091,0.952569100000021,1.0120579999999932,2.5251049999999964,4.035879000000006,4.1730982999999915,4.273133599999999,4.333793500000008,4.4300231999999875,4.539490000000013,4.687754799999991,4.932942599999988,5.264161399999994,5.760260299999998,high,empirical_from_hard_anomaly_removed_only,step1-插值损耗模型-仅正功率,LGXRFD,STATION_SEG,站端功率分段模型,CT_eff,CT_eff,9.4,10.0,hard_anomaly_removed_only,3.0,0.99
197.4,199.4,198.39204,965,1,2.0,20,-0.9667808000000104,-0.17454760000001082,0.26334599999998204,0.4548760000000005,0.5707840000000034,0.724869599999996,0.7975607999999954,0.9516268000000037,1.0832211999999912,1.1845020000000204,2.6557400000000086,4.13909799999999,4.182481199999987,4.238644799999995,4.2896619999999945,4.366155999999996,4.552690000000018,4.749500400000007,4.936908400000003,5.272173600000011,5.599414399999989,high,empirical_from_hard_anomaly_removed_only,step1-插值损耗模型-仅正功率,LGXRFD,STATION_SEG,站端功率分段模型,CT_eff,CT_eff,9.4,10.0,hard_anomaly_removed_only,3.0,0.99
199.4,201.4,200.40688999999998,984,1,2.0,20,-1.161677400000016,-0.5242402000000106,0.04344509999999924,0.299639199999981,0.5364815000000065,0.6493806000000147,0.791036599999998,0.8918255999999974,1.0045878999999984,1.0966530000000092,2.594025000000002,4.168693000000011,4.243598699999989,4.319354000000001,4.432797599999991,4.597806600000014,4.7702955000000005,4.960016400000007,5.0959400000000095,5.383016600000008,6.182169200000006,high,empirical_from_hard_anomaly_removed_only,step1-插值损耗模型-仅正功率,LGXRFD,STATION_SEG,站端功率分段模型,CT_eff,CT_eff,9.4,10.0,hard_anomaly_removed_only,3.0,0.99
201.4,203.4,202.35983,961,1,2.0,20,-0.6091899999999896,-0.11406199999997853,0.17831599999999523,0.3244000000000028,0.5023099999999943,0.6205480000000079,0.8210879999999975,0.8892460000000029,0.9515479999999968,1.036120000000011,2.7082399999999893,4.265430000000009,4.353974000000005,4.435936000000016,4.554016000000008,4.648728,4.762740000000008,4.967333999999998,5.104301999999992,5.599015999999986,6.5732199999999965,high,empirical_from_hard_anomaly_removed_only,step1-插值损耗模型-仅正功率,LGXRFD,STATION_SEG,站端功率分段模型,CT_eff,CT_eff,9.4,10.0,hard_anomaly_removed_only,3.0,0.99
203.4,205.4,204.36031,946,1,2.0,20,-1.1478855000000108,-0.2858879999999798,-0.005568999999998487,0.24648399999999243,0.3842725000000158,0.5621800000000007,0.7407089999999785,0.8342799999999955,0.8918394999999861,1.0068799999999953,2.677640000000011,4.403435000000002,4.4857014999999905,4.5694780000000055,4.739675499999999,4.909307999999996,5.071499999999986,5.325862000000001,5.517513000000008,6.029440999999995,6.88809399999999,high,empirical_from_hard_anomaly_removed_only,step1-插值损耗模型-仅正功率,LGXRFD,STATION_SEG,站端功率分段模型,CT_eff,CT_eff,9.4,10.0,hard_anomaly_removed_only,3.0,0.99
205.4,207.4,206.38041500000003,906,1,2.0,20,-1.5010075000000072,-0.6267229999999869,-0.3170670000000073,0.17799800000001373,0.4429025000000024,0.6280039999999985,0.8697590000000134,0.9458280000000115,1.0075620000000087,1.0677150000000069,2.7656750000000017,4.308020000000013,4.388717499999996,4.472688000000005,4.634683000000003,4.778696000000007,4.870827499999997,5.030737999999999,5.279457499999999,5.664994000000009,6.077163999999997,high,empirical_from_hard_anomaly_removed_only,step1-插值损耗模型-仅正功率,LGXRFD,STATION_SEG,站端功率分段模型,CT_eff,CT_eff,9.4,10.0,hard_anomaly_removed_only,3.0,0.99
207.4,209.4,208.41588000000002,930,1,2.0,20,-1.2202394000000119,-0.5859013999999859,-0.09362710000000055,0.24091800000000632,0.4056189999999987,0.6229657999999971,0.750419300000005,0.9359139999999981,1.0544125999999907,1.2089889999999828,2.7790549999999996,4.251622999999998,4.341004399999984,4.459291199999991,4.592885700000009,4.752492999999996,4.904142499999994,5.077426799999989,5.1960304,5.443615599999994,5.916192999999983,high,empirical_from_hard_anomaly_removed_only,step1-插值损耗模型-仅正功率,LGXRFD,STATION_SEG,站端功率分段模型,CT_eff,CT_eff,9.4,10.0,hard_anomaly_removed_only,3.0,0.99
209.4,211.4,210.38302499999998,920,1,2.0,20,-0.8938509000000099,-0.298184199999995,0.0018647999999922178,0.1637163999999859,0.37792050000000194,0.6420568000000105,0.7962275000000086,0.8660728000000029,0.9877349000000023,1.1108109999999924,2.8345099999999945,4.522828000000001,4.6312052999999915,4.733370799999988,4.881786000000019,5.0696084000000035,5.236302999999994,5.479354799999983,5.7132918999999855,6.240455000000009,6.989301999999997,high,empirical_from_hard_anomaly_removed_only,step1-插值损耗模型-仅正功率,LGXRFD,STATION_SEG,站端功率分段模型,CT_eff,CT_eff,9.4,10.0,hard_anomaly_removed_only,3.0,0.99
211.4,213.4,212.37863,991,1,2.0,20,-0.8664909999999991,-0.13392200000001805,0.21736800000000184,0.6449719999999843,0.8133049999999997,0.9555600000000026,1.0542330000000109,1.1657659999999794,1.3140749999999939,1.3938600000000179,2.8766999999999996,4.60945000000001,4.7148150000000095,4.814955999999979,4.912206000000018,5.026883999999988,5.248149999999995,5.484363999999999,5.644922000000011,5.927066000000001,7.431383000000003,high,empirical_from_hard_anomaly_removed_only,step1-插值损耗模型-仅正功率,LGXRFD,STATION_SEG,站端功率分段模型,CT_eff,CT_eff,9.4,10.0,hard_anomaly_removed_only,3.0,0.99
213.4,215.4,214.373,914,1,2.0,20,-1.144627899999983,-0.41826919999998835,-0.05431349999998213,0.32181400000000054,0.4186774999999983,0.6170308000000102,0.8019957000000084,1.0065500000000123,1.0720496999999858,1.197069999999997,2.857484999999997,4.6410399999999985,4.710362900000005,4.780475600000007,4.8925077,4.995361799999996,5.232372499999987,5.415057600000012,5.641614400000009,5.982562599999986,6.725555699999998,high,empirical_from_hard_anomaly_removed_only,step1-插值损耗模型-仅正功率,LGXRFD,STATION_SEG,站端功率分段模型,CT_eff,CT_eff,9.4,10.0,hard_anomaly_removed_only,3.0,0.99
215.4,217.4,216.466615,866,1,2.0,20,-1.1513174999999933,-0.34258799999999495,0.19824899999998705,0.5126319999999908,0.7201150000000069,0.7712560000000195,1.0358844999999959,1.162931999999995,1.235195499999999,1.3983849999999904,3.0396750000000026,4.790604999999999,4.855566000000006,4.935606000000008,5.107975500000011,5.1913730000000005,5.418340000000001,5.622075999999998,5.912710500000008,6.369515999999985,6.812252999999993,high,empirical_from_hard_anomaly_removed_only,step1-插值损耗模型-仅正功率,LGXRFD,STATION_SEG,站端功率分段模型,CT_eff,CT_eff,9.4,10.0,hard_anomaly_removed_only,3.0,0.99
217.4,219.4,218.41809,841,1,2.0,20,-1.0603319999999938,-0.6874179999999966,-0.3621959999999945,0.07161799999999517,0.27613999999999805,0.5669039999999995,0.7489140000000135,0.8541039999999782,1.0233040000000073,1.1750800000000083,3.1125800000000083,5.0002500000000225,5.1045019999999965,5.299686000000011,5.395469999999995,5.503641999999993,5.770640000000014,5.8736300000000075,5.964454,6.222981999999983,6.724391999999989,high,empirical_from_hard_anomaly_removed_only,step1-插值损耗模型-仅正功率,LGXRFD,STATION_SEG,站端功率分段模型,CT_eff,CT_eff,9.4,10.0,hard_anomaly_removed_only,3.0,0.99
219.4,221.4,220.319895,856,1,2.0,20,-1.1704819999999985,-0.619540000000009,-0.19272999999999896,0.21028199999998953,0.3238899999999987,0.4298150000000021,0.557236000000016,0.6828339999999972,0.9136940000000238,1.0573849999999965,3.1194150000000036,4.976534999999984,5.098999500000015,5.148988000000008,5.297962500000015,5.4188340000000155,5.576587500000009,5.79469200000001,6.197530999999995,6.8144550000000095,7.319024500000004,high,empirical_from_hard_anomaly_removed_only,step1-插值损耗模型-仅正功率,LGXRFD,STATION_SEG,站端功率分段模型,CT_eff,CT_eff,9.4,10.0,hard_anomaly_removed_only,3.0,0.99
221.4,223.4,222.450095,866,1,2.0,20,-1.2641969999999971,-0.4320190000000138,-0.03279299999998247,0.29948799999999104,0.5697899999999976,0.8132910000000123,0.9647084999999962,1.0810259999999914,1.191216999999986,1.27046,3.1364150000000137,4.838104999999999,4.9786854999999886,5.075035999999989,5.195340500000005,5.253372999999997,5.4275049999999965,5.574718000000012,5.706369000000017,6.033868999999995,6.587347999999997,high,empirical_from_hard_anomaly_removed_only,step1-插值损耗模型-仅正功率,LGXRFD,STATION_SEG,站端功率分段模型,CT_eff,CT_eff,9.4,10.0,hard_anomaly_removed_only,3.0,0.99
223.4,225.4,224.37544,810,1,2.0,20,-0.27330679999998897,0.08705139999998664,0.406440799999998,0.6081064000000015,0.7555759999999992,0.9633607999999907,1.115610400000015,1.2441392000000029,1.331186099999986,1.4390089999999958,3.1578950000000106,5.05584000000001,5.143361900000002,5.32878079999999,5.451527699999987,5.621880599999992,5.7807904999999975,6.045506000000006,6.337548300000018,6.713228800000005,7.503283200000005,high,empirical_from_hard_anomaly_removed_only,step1-插值损耗模型-仅正功率,LGXRFD,STATION_SEG,站端功率分段模型,CT_eff,CT_eff,9.4,10.0,hard_anomaly_removed_only,3.0,0.99
225.4,227.4,226.399945,798,1,2.0,20,-1.042692999999995,-0.31047780000000785,0.107907699999991,0.31988799999999856,0.5251725000000192,0.7816462000000104,1.0022663000000178,1.1085939999999925,1.2009995000000095,1.2740409999999998,3.2328199999999896,4.876025999999999,4.94395770000001,5.1361200000000125,5.2892707000000065,5.405351199999995,5.5744025000000095,5.744841999999986,5.942026199999981,6.265106999999997,6.780013399999998,high,empirical_from_hard_anomaly_removed_only,step1-插值损耗模型-仅正功率,LGXRFD,STATION_SEG,站端功率分段模型,CT_eff,CT_eff,9.4,10.0,hard_anomaly_removed_only,3.0,0.99
227.4,229.4,228.37303,846,1,2.0,20,-1.9166650000000034,-0.11251599999999949,0.2508135000000024,0.3718399999999974,0.6141975000000102,0.9060829999999924,1.0109904999999884,1.1153380000000026,1.2195034999999819,1.3198999999999756,3.161079999999984,4.968809999999991,5.040052000000004,5.088769999999999,5.2690715000000115,5.398839000000001,5.5703875000000025,5.846288000000003,6.189344499999999,6.498823999999994,6.95530850000001,high,empirical_from_hard_anomaly_removed_only,step1-插值损耗模型-仅正功率,LGXRFD,STATION_SEG,站端功率分段模型,CT_eff,CT_eff,9.4,10.0,hard_anomaly_removed_only,3.0,0.99
229.4,231.4,230.47598,786,1,2.0,20,-2.0410799999999854,-0.5392599999999929,-0.05481099999999796,0.37595400000001294,0.6971600000000109,0.9255589999999984,1.1959000000000017,1.3506440000000228,1.4999715000000036,1.5907749999999936,3.448004999999995,5.307150000000007,5.420523499999982,5.541334000000008,5.73696299999999,5.831308999999998,6.007972500000001,6.211063999999988,6.432801999999995,6.844381999999979,7.278043999999985,high,empirical_from_hard_anomaly_removed_only,step1-插值损耗模型-仅正功率,LGXRFD,STATION_SEG,站端功率分段模型,CT_eff,CT_eff,9.4,10.0,hard_anomaly_removed_only,3.0,0.99
231.4,233.4,232.409135,766,1,2.0,20,-0.8242559999999995,-0.1518670000000098,0.25788799999999834,0.3945520000000045,0.6993900000000082,0.8360950000000116,1.07117650000001,1.2285400000000208,1.442377000000013,1.539510000000007,3.4379100000000022,5.228435000000005,5.318040000000003,5.443187999999993,5.539062999999992,5.785630999999982,5.946862499999995,5.985355999999996,6.328701999999993,6.764319999999998,7.552461500000003,high,empirical_from_hard_anomaly_removed_only,step1-插值损耗模型-仅正功率,LGXRFD,STATION_SEG,站端功率分段模型,CT_eff,CT_eff,9.4,10.0,hard_anomaly_removed_only,3.0,0.99
233.4,235.4,234.4536,792,1,2.0,20,-0.5399424999999909,0.07856099999998664,0.32343619999999934,0.46763640000001716,0.6847980000000023,0.8174630000000059,0.8680786999999813,1.0315932000000065,1.1923305999999914,1.3185019999999839,3.410430000000005,5.3475690000000045,5.4284369,5.53141560000001,5.637838700000002,5.791262000000017,5.9743304999999935,6.186341200000009,6.355198199999999,6.952659800000001,7.7465506000000035,high,empirical_from_hard_anomaly_removed_only,step1-插值损耗模型-仅正功率,LGXRFD,STATION_SEG,站端功率分段模型,CT_eff,CT_eff,9.4,10.0,hard_anomaly_removed_only,3.0,0.99
235.4,237.4,236.478615,758,1,2.0,20,-0.8632653000000069,0.032390000000016815,0.49512250000001473,0.6975004000000024,0.8732040000000013,1.1280391999999995,1.1891466000000122,1.387433999999996,1.4733698999999936,1.6255379999999946,3.5838899999999967,5.5335240000000026,5.616682800000018,5.735838799999989,5.893837700000004,6.018549200000005,6.319110999999988,6.591592000000005,6.92861979999999,7.4902712000000164,8.293306499999991,high,empirical_from_hard_anomaly_removed_only,step1-插值损耗模型-仅正功率,LGXRFD,STATION_SEG,站端功率分段模型,CT_eff,CT_eff,9.4,10.0,hard_anomaly_removed_only,3.0,0.99
237.4,239.4,238.39926,778,1,2.0,20,-0.7032790999999955,0.2057451999999819,0.49922639999998436,0.7442784000000063,0.9271010000000189,1.052503600000002,1.3103778999999998,1.4022724000000084,1.5191815000000004,1.5808909999999998,3.571389999999994,5.503045999999982,5.676351399999992,5.801421599999983,5.994189300000009,6.185271599999983,6.380112999999999,6.573373600000006,6.971970400000004,7.476014000000011,8.867992299999987,high,empirical_from_hard_anomaly_removed_only,step1-插值损耗模型-仅正功率,LGXRFD,STATION_SEG,站端功率分段模型,CT_eff,CT_eff,9.4,10.0,hard_anomaly_removed_only,3.0,0.99
239.4,241.4,240.41937,837,1,2.0,20,-0.6858671999999935,0.12223159999998187,0.6335783999999965,0.8462140000000181,1.0477199999999869,1.1821520000000054,1.3252664000000052,1.4587528000000203,1.5656439999999918,1.6263939999999992,3.6253600000000006,5.544018000000006,5.683519599999995,5.786124399999982,5.8594308,6.0144732,6.238095999999996,6.334128000000003,6.739033199999999,6.942931999999996,7.853811200000005,high,empirical_from_hard_anomaly_removed_only,step1-插值损耗模型-仅正功率,LGXRFD,STATION_SEG,站端功率分段模型,CT_eff,CT_eff,9.4,10.0,hard_anomaly_removed_only,3.0,0.99
241.4,243.4,242.41162,843,1,2.0,20,-0.7726357999999942,-0.15950319999999693,0.21365520000000288,0.39646280000001183,0.7562730000000102,0.9060943999999914,1.1451401999999804,1.4227419999999835,1.52433260000001,1.624075999999991,3.6250599999999906,5.507352000000004,5.621275199999989,5.83659719999999,5.991274799999996,6.1589816,6.314480000000003,6.456560799999994,6.584678999999987,7.048894800000003,7.585241600000001,high,empirical_from_hard_anomaly_removed_only,step1-插值损耗模型-仅正功率,LGXRFD,STATION_SEG,站端功率分段模型,CT_eff,CT_eff,9.4,10.0,hard_anomaly_removed_only,3.0,0.99
243.4,245.4,244.42676,761,1,2.0,20,-0.6964779999999905,-0.16825999999999794,0.02132599999998206,0.48820000000001185,0.8319800000000157,1.039649999999989,1.30300000000002,1.4280419999999994,1.5722320000000023,1.6603800000000035,3.6747799999999984,5.638450000000006,5.752797999999996,5.86713999999999,5.974908000000011,6.176341999999999,6.312209999999993,6.412835999999999,6.922222000000015,7.246005999999989,8.012275999999986,high,empirical_from_hard_anomaly_removed_only,step1-插值损耗模型-仅正功率,LGXRFD,STATION_SEG,站端功率分段模型,CT_eff,CT_eff,9.4,10.0,hard_anomaly_removed_only,3.0,0.99
245.4,247.4,246.38156,789,1,2.0,20,-0.597409200000003,0.07543959999999174,0.4577728000000003,0.7513952000000063,1.0686939999999994,1.1846031999999922,1.3600379999999996,1.4381052000000056,1.5187687999999946,1.617573999999985,3.6805499999999824,5.545671999999996,5.691823999999999,5.806500400000004,5.895378800000019,6.004021600000004,6.15148599999999,6.548884400000001,6.851424400000005,7.541482799999998,8.4471632,high,empirical_from_hard_anomaly_removed_only,step1-插值损耗模型-仅正功率,LGXRFD,STATION_SEG,站端功率分段模型,CT_eff,CT_eff,9.4,10.0,hard_anomaly_removed_only,3.0,0.99
247.4,249.4,248.347,753,1,2.0,20,-0.46371360000000883,0.10150120000002404,0.41342079999999315,0.7942631999999982,1.1738920000000121,1.2737496000000088,1.417410799999991,1.5246215999999857,1.6185660000000028,1.726528000000002,3.898409999999984,5.834339999999992,5.922338399999985,6.094336799999999,6.137710000000004,6.2556207999999955,6.387875999999989,6.701632000000006,6.95781039999999,7.254798400000014,7.8067296000000095,high,empirical_from_hard_anomaly_removed_only,step1-插值损耗模型-仅正功率,LGXRFD,STATION_SEG,站端功率分段模型,CT_eff,CT_eff,9.4,10.0,hard_anomaly_removed_only,3.0,0.99
249.4,251.4,250.377815,782,1,2.0,20,-0.20463709999998247,0.3853740000000011,0.6348677999999961,0.9554692,1.0803679999999947,1.3057672000000007,1.4479207000000043,1.5605952000000047,1.7101417000000125,1.8324309999999917,3.884289999999993,5.998274999999998,6.21336020000001,6.284124400000004,6.415800300000016,6.572053400000006,6.767826499999993,7.134729599999991,7.542119100000015,8.130185599999987,8.789966499999977,high,empirical_from_hard_anomaly_removed_only,step1-插值损耗模型-仅正功率,LGXRFD,STATION_SEG,站端功率分段模型,CT_eff,CT_eff,9.4,10.0,hard_anomaly_removed_only,3.0,0.99
251.4,253.4,252.4422,723,1,2.0,20,-0.9421591999999999,-0.1252699999999857,0.4918089999999984,1.0126491999999905,1.1841010000000096,1.326375199999993,1.5348608000000072,1.6803639999999926,1.8338902000000155,1.964184000000006,3.903269999999992,5.969991999999992,6.179074400000014,6.377219999999989,6.5233027999999935,6.6835848000000055,6.815618000000003,6.98620399999998,7.261558800000008,7.554441600000011,7.992457599999994,high,empirical_from_hard_anomaly_removed_only,step1-插值损耗模型-仅正功率,LGXRFD,STATION_SEG,站端功率分段模型,CT_eff,CT_eff,9.4,10.0,hard_anomaly_removed_only,3.0,0.99
253.4,255.4,254.33492999999999,704,1,2.0,20,-0.7615869000000046,0.08713760000000664,0.5032498000000103,0.6892507999999885,0.9429104999999892,1.1633847999999898,1.4227914000000088,1.679527600000015,1.8009186999999884,1.9119840000000066,3.8725299999999834,6.129408000000017,6.194686700000012,6.25523480000002,6.302266700000023,6.495820000000004,6.703414500000017,6.998316400000005,7.165242499999984,7.581974400000028,8.137121499999973,high,empirical_from_hard_anomaly_removed_only,step1-插值损耗模型-仅正功率,LGXRFD,STATION_SEG,站端功率分段模型,CT_eff,CT_eff,9.4,10.0,hard_anomaly_removed_only,3.0,0.99
255.4,257.4,256.50847,716,1,2.0,20,-0.9932384999999954,-0.3825619999999986,0.25255549999999966,0.4509580000000085,0.8229575000000224,1.146062000000029,1.3560959999999767,1.567075999999986,1.6767519999999876,1.7944200000000023,4.109875000000002,6.1644150000000195,6.250100000000022,6.3374380000000095,6.4489935000000305,6.614747000000008,6.861542499999999,7.238102000000003,7.520530000000002,7.95473199999995,8.612410000000025,high,empirical_from_hard_anomaly_removed_only,step1-插值损耗模型-仅正功率,LGXRFD,STATION_SEG,站端功率分段模型,CT_eff,CT_eff,9.4,10.0,hard_anomaly_removed_only,3.0,0.99
257.4,259.4,258.35574,733,1,2.0,20,-0.6995368000000189,0.12029599999999621,0.6892019999999685,0.9380187999999839,1.1133180000000154,1.3978292000000285,1.6058812000000218,1.7918727999999875,1.8567919999999958,2.047439999999972,4.111379999999997,6.01955200000001,6.120778400000036,6.307854399999969,6.393426399999998,6.567203599999993,6.855557999999995,7.043706000000002,7.468680799999976,7.927566399999994,8.88029599999998,high,empirical_from_hard_anomaly_removed_only,step1-插值损耗模型-仅正功率,LGXRFD,STATION_SEG,站端功率分段模型,CT_eff,CT_eff,9.4,10.0,hard_anomaly_removed_only,3.0,0.99
259.4,261.4,260.4016,707,1,2.0,20,-0.8814017999999952,-0.07918439999999917,0.31610399999998434,0.627684000000038,1.051476000000008,1.195342399999995,1.3333594000000084,1.463384800000022,1.6748863999999741,1.8191259999999947,4.148120000000006,6.39183999999999,6.480813599999997,6.578793600000005,6.715371600000018,6.7966588,7.037331999999996,7.194552000000008,7.535964800000035,7.9308968,8.609409600000014,high,empirical_from_hard_anomaly_removed_only,step1-插值损耗模型-仅正功率,LGXRFD,STATION_SEG,站端功率分段模型,CT_eff,CT_eff,9.4,10.0,hard_anomaly_removed_only,3.0,0.99
261.4,263.4,262.40035,742,1,2.0,20,-0.4903399000000138,0.4074199999999792,0.7946806000000106,1.0858439999999814,1.3767149999999846,1.6096036000000005,1.6903117999999853,1.7830816000000096,1.8947833000000007,1.989360000000022,4.218050000000005,6.167160000000029,6.2402039999999825,6.381835199999994,6.5903284000000015,6.671776800000028,6.902645500000006,7.028685200000009,7.270191999999995,7.76604040000001,8.891401099999984,high,empirical_from_hard_anomaly_removed_only,step1-插值损耗模型-仅正功率,LGXRFD,STATION_SEG,站端功率分段模型,CT_eff,CT_eff,9.4,10.0,hard_anomaly_removed_only,3.0,0.99
263.4,265.4,264.39587,773,1,2.0,20,-0.4370480000000021,0.13368000000000846,0.49821400000002086,0.924265599999951,1.1101039999999784,1.3292416000000071,1.5104504000000294,1.6492831999999658,1.8961624000000097,2.0735400000000026,4.3599700000000325,6.3420059999999925,6.466338400000012,6.6591940000000065,6.889003999999994,7.187897599999994,7.344812000000024,7.498697599999964,7.672067199999971,8.278240399999998,9.032664000000013,high,empirical_from_hard_anomaly_removed_only,step1-插值损耗模型-仅正功率,LGXRFD,STATION_SEG,站端功率分段模型,CT_eff,CT_eff,9.4,10.0,hard_anomaly_removed_only,3.0,0.99
265.4,267.4,266.41043,739,1,2.0,20,0.5597903999999744,0.9999899999999843,1.1351470000000257,1.3701372000000152,1.4891580000000204,1.7277664000000073,1.9508900000000302,2.0734000000000266,2.2053145999999915,2.318516,4.363869999999963,6.242995999999971,6.379202999999975,6.453280000000014,6.598687800000025,6.794095199999983,6.989327000000004,7.135067599999984,7.427171000000022,7.892999200000017,8.651432000000007,high,empirical_from_hard_anomaly_removed_only,step1-插值损耗模型-仅正功率,LGXRFD,STATION_SEG,站端功率分段模型,CT_eff,CT_eff,9.4,10.0,hard_anomaly_removed_only,3.0,0.99
267.4,269.4,268.41552,718,1,2.0,20,-0.3957422000000287,0.11363800000000424,0.6386600999999809,0.9995263999999975,1.2911695000000378,1.460754399999962,1.6083058999999833,1.790548000000033,2.0209270000000017,2.1652089999999986,4.439019999999999,6.412378999999976,6.5262387999999945,6.623976000000004,6.726477100000012,6.813767200000008,6.974769000000021,7.2091527999999965,7.659885999999993,7.901051400000002,8.680824000000047,high,empirical_from_hard_anomaly_removed_only,step1-插值损耗模型-仅正功率,LGXRFD,STATION_SEG,站端功率分段模型,CT_eff,CT_eff,9.4,10.0,hard_anomaly_removed_only,3.0,0.99
269.4,271.4,270.40873999999997,788,1,2.0,20,-0.46923689999999507,0.22905179999995656,0.842638199999975,1.145056399999978,1.462737999999996,1.8083869999999729,1.9975852000000203,2.066627999999994,2.1857883000000142,2.386421999999982,4.509250000000009,6.589681000000002,6.717102199999981,6.839274800000001,6.979559300000001,7.208397599999983,7.542382999999983,7.769326400000007,8.026619199999992,8.439145000000003,9.041812399999985,high,empirical_from_hard_anomaly_removed_only,step1-插值损耗模型-仅正功率,LGXRFD,STATION_SEG,站端功率分段模型,CT_eff,CT_eff,9.4,10.0,hard_anomaly_removed_only,3.0,0.99
271.4,273.4,272.37634,803,1,2.0,20,-0.38506499999999855,0.4102239999999756,0.7520538000000226,1.3130207999999788,1.485997999999995,1.7215780000000063,1.948034399999987,2.1444791999999895,2.2554667999999967,2.501995999999997,4.518000000000029,6.751783999999998,6.952466400000008,7.075964399999962,7.330674000000014,7.406296800000023,7.62387500000002,7.833580400000012,8.114187800000032,8.593791599999964,9.371631200000003,high,empirical_from_hard_anomaly_removed_only,step1-插值损耗模型-仅正功率,LGXRFD,STATION_SEG,站端功率分段模型,CT_eff,CT_eff,9.4,10.0,hard_anomaly_removed_only,3.0,0.99
273.4,275.4,274.4032,743,1,2.0,20,-0.4137366000000134,0.5631671999999867,0.9912571999999886,1.3264896000000135,1.5690840000000095,1.6798596000000066,1.8137642000000065,1.9716775999999867,2.150900400000013,2.2378540000000045,4.520740000000046,6.565343999999972,6.713712200000002,6.858880000000001,6.943263599999972,7.197796800000011,7.464056999999973,7.648036400000003,7.8315368000000065,8.093740799999994,9.483252000000002,high,empirical_from_hard_anomaly_removed_only,step1-插值损耗模型-仅正功率,LGXRFD,STATION_SEG,站端功率分段模型,CT_eff,CT_eff,9.4,10.0,hard_anomaly_removed_only,3.0,0.99
275.4,277.4,276.3873,732,1,2.0,20,0.24565699999999083,0.8336930000000041,1.1518971000000089,1.3277140000000283,1.5915825000000072,1.8997000000000128,1.9444161000000089,2.145958399999977,2.242716300000014,2.341704000000027,4.598420000000004,6.729131999999993,6.930314699999984,7.093444000000009,7.218942399999992,7.348886799999952,7.521613000000019,7.6870840000000245,8.171861900000026,8.546254999999991,9.087660500000025,high,empirical_from_hard_anomaly_removed_only,step1-插值损耗模型-仅正功率,LGXRFD,STATION_SEG,站端功率分段模型,CT_eff,CT_eff,9.4,10.0,hard_anomaly_removed_only,3.0,0.99
277.4,279.4,278.41022,743,1,2.0,20,0.23843860000001652,0.6913727999999901,1.3408861999999975,1.6688440000000129,1.8156230000000109,2.04119120000001,2.154529999999986,2.246284000000021,2.3213771999999926,2.439291999999989,4.8329800000000205,6.9456199999999635,7.006092399999994,7.148308800000007,7.285822399999982,7.491161600000004,7.63302999999999,7.747365599999982,7.956514000000008,8.598239999999999,9.303422600000006,high,empirical_from_hard_anomaly_removed_only,step1-插值损耗模型-仅正功率,LGXRFD,STATION_SEG,站端功率分段模型,CT_eff,CT_eff,9.4,10.0,hard_anomaly_removed_only,3.0,0.99
279.4,281.4,280.43945,739,1,2.0,20,-0.5167950000000019,0.060437199999989845,0.9358679999999788,1.3337476000000084,1.5440180000000225,1.7242784000000007,1.9803804000000127,2.0531943999999975,2.183890199999969,2.292656000000034,4.821480000000008,7.254215999999985,7.38664839999999,7.4965320000000135,7.673964000000003,7.776572000000007,8.136563999999993,8.3626576,8.831330000000005,9.031669599999999,9.3510916,high,empirical_from_hard_anomaly_removed_only,step1-插值损耗模型-仅正功率,LGXRFD,STATION_SEG,站端功率分段模型,CT_eff,CT_eff,9.4,10.0,hard_anomaly_removed_only,3.0,0.99
281.4,283.4,282.43408,671,1,2.0,20,-0.29113599999997747,0.4785039999999981,1.0415900000000078,1.5063859999999865,1.788710000000009,2.100495999999987,2.305228999999986,2.4254999999999995,2.6143439999999942,2.7633299999999963,4.8398200000000315,6.88566000000003,7.056926999999996,7.151819999999997,7.3220969999999514,7.491295999999977,7.605630000000019,7.873043999999986,8.165048000000018,8.628108,9.171815000000018,high,empirical_from_hard_anomaly_removed_only,step1-插值损耗模型-仅正功率,LGXRFD,STATION_SEG,站端功率分段模型,CT_eff,CT_eff,9.4,10.0,hard_anomaly_removed_only,3.0,0.99
283.4,285.4,284.44485,732,1,2.0,20,0.044556300000004476,0.5939965999999913,1.0518784999999724,1.3398496000000297,1.5795300000000028,1.8465607999999998,2.1295984000000017,2.4226427999999873,2.525544599999978,2.683187000000027,4.96900500000001,7.210482999999994,7.355600199999975,7.4592768,7.567688099999996,7.798412800000008,7.933583500000022,8.090729199999991,8.416406500000033,8.690395999999977,9.18977320000002,high,empirical_from_hard_anomaly_removed_only,step1-插值损耗模型-仅正功率,LGXRFD,STATION_SEG,站端功率分段模型,CT_eff,CT_eff,9.4,10.0,hard_anomaly_removed_only,3.0,0.99
285.4,287.4,286.43933,765,1,2.0,20,-0.39024879999999484,0.883543999999961,1.2925856000000202,1.5372247999999742,1.9017119999999865,2.1240255999999906,2.4140924000000203,2.5598719999999595,2.6270655999999963,2.75090399999998,4.9602199999999925,7.052290000000017,7.237359199999994,7.45658720000001,7.633003200000002,7.743348000000046,7.986745999999993,8.190104000000003,8.35665840000002,8.89970480000004,9.381440400000018,high,empirical_from_hard_anomaly_removed_only,step1-插值损耗模型-仅正功率,LGXRFD,STATION_SEG,站端功率分段模型,CT_eff,CT_eff,9.4,10.0,hard_anomaly_removed_only,3.0,0.99
287.4,289.4,288.41762,724,1,2.0,20,-0.019328399999992495,1.0301861999999895,1.3972964000000037,1.7395536000000085,2.0960359999999953,2.25308680000001,2.4412212999999814,2.5375643999999626,2.6832190999999925,2.8051270000000215,5.006110000000007,7.052249000000002,7.143075000000011,7.274322399999993,7.48293690000003,7.716373599999995,7.80725700000003,7.985011999999959,8.523336400000025,8.838126799999998,9.603081299999992,high,empirical_from_hard_anomaly_removed_only,step1-插值损耗模型-仅正功率,LGXRFD,STATION_SEG,站端功率分段模型,CT_eff,CT_eff,9.4,10.0,hard_anomaly_removed_only,3.0,0.99
289.4,291.4,290.39419,730,1,2.0,20,-0.3974614999999716,0.6955348000000242,1.38988170000001,1.754112000000007,2.039679999999984,2.232769799999984,2.498428200000004,2.5781007999999908,2.743168099999996,2.8471219999999735,5.126239999999996,7.060700999999978,7.135010300000004,7.2372895999999844,7.314533399999949,7.437570799999978,7.6542590000000095,7.889521199999998,8.193983999999983,8.666554399999985,9.251081100000013,high,empirical_from_hard_anomaly_removed_only,step1-插值损耗模型-仅正功率,LGXRFD,STATION_SEG,站端功率分段模型,CT_eff,CT_eff,9.4,10.0,hard_anomaly_removed_only,3.0,0.99
291.4,293.4,292.43032500000004,714,1,2.0,20,-0.5739831000000248,0.6806542000000115,1.0650309999999974,1.3031272000000058,1.6397360000000247,1.9865154000000063,2.148041500000008,2.3927968000000193,2.618004099999995,2.775924000000032,5.171910000000025,7.509177000000017,7.651108400000017,7.75151599999999,7.845886599999999,7.949490599999992,8.074474999999996,8.435940000000008,8.69441860000001,8.842486599999987,9.79407839999999,high,empirical_from_hard_anomaly_removed_only,step1-插值损耗模型-仅正功率,LGXRFD,STATION_SEG,站端功率分段模型,CT_eff,CT_eff,9.4,10.0,hard_anomaly_removed_only,3.0,0.99
293.4,295.4,294.428125,778,1,2.0,20,-0.18544119999999623,1.480119000000027,1.7545581999999853,1.9520832000000041,2.2933049999999726,2.4974543999999947,2.7027820000000045,2.8844987999999967,3.0126834000000393,3.1158079999999986,5.209814999999992,7.414572000000021,7.478453000000013,7.6515255999999665,7.834956800000002,8.019658999999992,8.410455000000008,8.588275199999986,8.920556299999992,9.37385300000001,9.683140899999998,high,empirical_from_hard_anomaly_removed_only,step1-插值损耗模型-仅正功率,LGXRFD,STATION_SEG,站端功率分段模型,CT_eff,CT_eff,9.4,10.0,hard_anomaly_removed_only,3.0,0.99
295.4,297.4,296.322235,684,1,2.0,20,-0.08945950000002142,0.5146386000000029,0.8154298999999731,1.422594000000015,1.6319419999999865,2.0978063999999823,2.3046011999999854,2.6236160000000064,2.7719895000000228,2.905585000000019,5.1762099999999975,7.446390000000008,7.741577499999995,7.969799999999996,8.149294699999974,8.264366600000026,8.456530500000001,8.997915200000008,9.543128500000021,9.758611200000022,10.245213599999968,high,empirical_from_hard_anomaly_removed_only,step1-插值损耗模型-仅正功率,LGXRFD,STATION_SEG,站端功率分段模型,CT_eff,CT_eff,9.4,10.0,hard_anomaly_removed_only,3.0,0.99
297.4,299.4,298.3945,703,1,2.0,20,0.022402600000023087,0.6500123999999938,1.105372400000027,1.6181359999999927,1.9187800000000153,2.1239064000000143,2.2816887999999897,2.4427411999999618,2.6977274000000047,2.8613719999999945,5.303359999999998,7.632359999999995,7.762966200000034,7.911266400000014,8.248789799999987,8.481811199999965,8.71663800000001,8.965712400000003,9.106449200000009,9.808364000000006,10.952673200000024,high,empirical_from_hard_anomaly_removed_only,step1-插值损耗模型-仅正功率,LGXRFD,STATION_SEG,站端功率分段模型,CT_eff,CT_eff,9.4,10.0,hard_anomaly_removed_only,3.0,0.99
299.4,301.4,300.45087,741,1,2.0,20,0.6172199999999975,1.4095519999999853,1.9510739999999827,2.2385639999999967,2.41028,2.5711659999999936,2.734599999999989,2.8118360000000053,3.0151539999999954,3.0507499999999936,5.529740000000004,7.904899999999998,7.989071999999987,8.190174000000027,8.407679999999973,8.541856000000017,8.77819999999997,9.119162000000015,9.428899999999983,9.974119999999992,10.858278000000025,high,empirical_from_hard_anomaly_removed_only,step1-插值损耗模型-仅正功率,LGXRFD,STATION_SEG,站端功率分段模型,CT_eff,CT_eff,9.4,10.0,hard_anomaly_removed_only,3.0,0.99
301.4,303.4,302.34818,721,1,2.0,20,0.04503999999998322,1.5180219999999964,1.9995720000000006,2.160365999999999,2.362630000000024,2.5119020000000205,2.656824000000017,2.7726999999999977,2.907695999999987,2.943899999999985,5.440130000000011,7.823980000000006,7.942348000000015,8.24219599999999,8.411640000000013,8.522472000000025,8.662759999999992,8.871700000000033,9.224195999999992,9.59685599999998,10.59970399999999,high,empirical_from_hard_anomaly_removed_only,step1-插值损耗模型-仅正功率,LGXRFD,STATION_SEG,站端功率分段模型,CT_eff,CT_eff,9.4,10.0,hard_anomaly_removed_only,3.0,0.99
303.4,305.4,304.45605,775,1,2.0,20,1.0059683999999924,1.7087879999999904,1.9803476000000226,2.416242400000042,2.5908119999999886,2.6915191999999863,2.818673999999993,2.959806400000025,3.1350331999999868,3.2194020000000023,5.604949999999974,8.096343999999998,8.136379999999978,8.293221599999963,8.359618000000001,8.533649999999975,8.776953999999995,8.998970800000045,9.393650999999984,9.707492000000016,10.371604599999998,high,empirical_from_hard_anomaly_removed_only,step1-插值损耗模型-仅正功率,LGXRFD,STATION_SEG,站端功率分段模型,CT_eff,CT_eff,9.4,10.0,hard_anomaly_removed_only,3.0,0.99
305.4,307.4,306.471,755,1,2.0,20,0.9611904000000107,1.6812855999999805,2.1118866000000183,2.4407255999999893,2.93882900000001,3.0548896000000307,3.1685212000000207,3.2891919999999915,3.3946807999999873,3.5324400000000082,5.57589999999999,7.867336000000012,7.959974000000016,8.106295999999988,8.393269999999992,8.608293999999972,8.803131000000022,9.077874399999969,9.471207199999977,9.70621640000003,10.717298400000015,high,empirical_from_hard_anomaly_removed_only,step1-插值损耗模型-仅正功率,LGXRFD,STATION_SEG,站端功率分段模型,CT_eff,CT_eff,9.4,10.0,hard_anomaly_removed_only,3.0,0.99
307.4,309.4,308.42943,754,1,2.0,20,0.9028902000000222,1.5227581999999757,1.9411691999999743,2.231956000000032,2.411654999999993,2.581859999999998,2.736238500000026,2.997504799999995,3.137695899999994,3.3546519999999647,5.727235000000007,7.714640000000026,7.813484599999985,7.970440000000026,8.11436959999998,8.261073200000004,8.450272000000005,8.73534079999997,9.146062199999996,9.60314820000001,10.685005800000026,high,empirical_from_hard_anomaly_removed_only,step1-插值损耗模型-仅正功率,LGXRFD,STATION_SEG,站端功率分段模型,CT_eff,CT_eff,9.4,10.0,hard_anomaly_removed_only,3.0,0.99
309.4,311.4,310.4236,797,1,2.0,20,0.6999847999999997,1.6940575999999874,1.9907792000000086,2.362519999999995,2.651512000000025,2.807681999999991,3.0059280000000195,3.141096800000016,3.251272400000014,3.338496000000009,5.814399999999978,8.009030000000006,8.122163999999994,8.240585600000013,8.348803200000017,8.563247200000008,8.820023999999965,9.02728519999998,9.3378744,9.601984799999965,10.081612000000005,high,empirical_from_hard_anomaly_removed_only,step1-插值损耗模型-仅正功率,LGXRFD,STATION_SEG,站端功率分段模型,CT_eff,CT_eff,9.4,10.0,hard_anomaly_removed_only,3.0,0.99
311.4,313.4,312.48138,767,1,2.0,20,0.19559999999995625,1.058823600000012,1.8296512000000336,2.1219892000000096,2.2768400000000155,2.539975999999979,2.8478410000000114,2.9420355999999903,3.0778972000000078,3.29123800000001,6.017350000000022,8.179124000000002,8.27881979999999,8.408440400000028,8.574992000000014,8.762827199999974,9.005452999999969,9.107994400000006,9.599456799999976,10.0962228,10.829403799999987,high,empirical_from_hard_anomaly_removed_only,step1-插值损耗模型-仅正功率,LGXRFD,STATION_SEG,站端功率分段模型,CT_eff,CT_eff,9.4,10.0,hard_anomaly_removed_only,3.0,0.99
313.4,315.4,314.40204,846,1,2.0,20,0.7566179999999801,1.4193559999999934,1.9394080000000142,2.4718159999999783,2.7266525000000144,3.0633549999999956,3.184858999999997,3.354178000000013,3.4689804999999807,3.54977999999997,5.79953500000002,8.0668,8.249214000000041,8.398498000000005,8.640436499999977,8.917807999999983,9.154342500000013,9.442359999999994,9.652759499999977,10.044721999999958,10.43121450000002,high,empirical_from_hard_anomaly_removed_only,step1-插值损耗模型-仅正功率,LGXRFD,STATION_SEG,站端功率分段模型,CT_eff,CT_eff,9.4,10.0,hard_anomaly_removed_only,3.0,0.99
315.4,317.4,316.3943,723,1,2.0,20,1.0649179999999978,2.029276800000023,2.5587325999999986,2.966523200000008,3.3510460000000024,3.5450848000000086,3.7314956000000077,3.838416000000002,3.9244730000000105,4.000200000000018,6.105200000000025,8.098676000000014,8.199766600000013,8.339600800000003,8.521067999999989,8.712579999999996,8.879249000000009,9.069909999999958,9.28093840000001,9.852365599999999,10.482390200000028,high,empirical_from_hard_anomaly_removed_only,step1-插值损耗模型-仅正功率,LGXRFD,STATION_SEG,站端功率分段模型,CT_eff,CT_eff,9.4,10.0,hard_anomaly_removed_only,3.0,0.99
317.4,319.4,318.428875,734,1,2.0,20,1.4576634999999931,2.1888489999999967,2.489011400000014,2.727248000000011,3.062085000000016,3.20449700000004,3.4768527999999934,3.6313436000000183,3.7418931999999825,3.794884999999988,6.131334999999979,8.16048400000002,8.263317300000002,8.336631200000026,8.434563300000013,8.639323000000042,8.93008,9.257404800000025,9.570985600000007,9.875173999999996,10.529356200000006,high,empirical_from_hard_anomaly_removed_only,step1-插值损耗模型-仅正功率,LGXRFD,STATION_SEG,站端功率分段模型,CT_eff,CT_eff,9.4,10.0,hard_anomaly_removed_only,3.0,0.99
319.4,321.4,320.33624,781,1,2.0,20,1.3285859999999843,2.2076160000000185,2.5451000000000135,2.7949999999999933,3.0844999999999914,3.3259660000000166,3.5984599999999887,3.7518820000000006,3.906988000000035,4.006970000000024,6.089129999999955,8.135100000000023,8.240440000000024,8.425739999999985,8.54519200000002,8.622939999999959,8.709900000000005,9.064146000000003,9.400889999999993,9.849031999999974,10.274368000000038,high,empirical_from_hard_anomaly_removed_only,step1-插值损耗模型-仅正功率,LGXRFD,STATION_SEG,站端功率分段模型,CT_eff,CT_eff,9.4,10.0,hard_anomaly_removed_only,3.0,0.99
321.4,323.4,322.38140999999996,794,1,2.0,20,1.6852375999999885,2.0582220000000384,2.614018499999991,3.0352080000000026,3.272178500000007,3.408084199999986,3.5920497000000258,3.6818927999999778,3.806968599999999,3.915861999999993,6.145115000000004,8.319848000000002,8.41635100000001,8.549130800000015,8.779264700000017,9.0402952,9.316297500000019,9.483751999999997,9.78667520000002,10.279678800000008,11.337049200000026,high,empirical_from_hard_anomaly_removed_only,step1-插值损耗模型-仅正功率,LGXRFD,STATION_SEG,站端功率分段模型,CT_eff,CT_eff,9.4,10.0,hard_anomaly_removed_only,3.0,0.99
323.4,325.4,324.359225,848,1,2.0,20,1.9449737,2.3805648000000237,2.8044273999999785,3.0619139999999927,3.35166100000001,3.6675932000000215,3.865535299999996,3.9433020000000125,4.055099799999982,4.145781000000016,6.224680000000006,8.305787999999973,8.409442499999994,8.470202399999991,8.615106799999987,8.827181799999996,8.897574999999993,9.089431199999993,9.167133699999985,9.537603800000038,10.428501200000012,high,empirical_from_hard_anomaly_removed_only,step1-插值损耗模型-仅正功率,LGXRFD,STATION_SEG,站端功率分段模型,CT_eff,CT_eff,9.4,10.0,hard_anomaly_removed_only,3.0,0.99
325.4,327.4,326.42221,878,1,2.0,20,2.127710399999986,2.727909199999989,3.0364144000000204,3.2665319999999722,3.4438969999999616,3.6567415999999615,3.898119300000003,4.004226399999996,4.120122899999983,4.247311000000002,6.34772000000001,8.351751999999989,8.524056999999996,8.624618400000001,8.817392600000005,8.984216400000019,9.130447500000006,9.33192759999995,9.605598899999983,10.208709599999985,11.149186100000021,high,empirical_from_hard_anomaly_removed_only,step1-插值损耗模型-仅正功率,LGXRFD,STATION_SEG,站端功率分段模型,CT_eff,CT_eff,9.4,10.0,hard_anomaly_removed_only,3.0,0.99
327.4,329.4,328.39502,947,1,2.0,20,1.8828915999999651,2.7260887999999954,3.0096588000000146,3.4151263999999855,3.6191329999999824,3.8540724000000113,4.075046599999998,4.170078399999989,4.316583000000013,4.389388000000008,6.50376,8.538379999999984,8.613347400000018,8.772992000000011,8.830566000000005,8.96110959999997,9.106795000000016,9.38726840000001,9.6656274,9.845567199999998,10.379078399999987,high,empirical_from_hard_anomaly_removed_only,step1-插值损耗模型-仅正功率,LGXRFD,STATION_SEG,站端功率分段模型,CT_eff,CT_eff,9.4,10.0,hard_anomaly_removed_only,3.0,0.99
329.4,331.4,330.3443,966,1,2.0,20,1.250311999999988,2.337921000000017,2.909878500000019,3.212291999999991,3.607354999999984,3.847417000000013,4.0105305000000016,4.204985999999996,4.310372999999973,4.509209999999996,6.616240000000005,8.574459999999988,8.700253999999996,8.841140000000031,8.931562,9.210201999999997,9.376307499999996,9.647979999999995,10.041586499999982,10.627059000000006,11.0318535,high,empirical_from_hard_anomaly_removed_only,step1-插值损耗模型-仅正功率,LGXRFD,STATION_SEG,站端功率分段模型,CT_eff,CT_eff,9.4,10.0,hard_anomaly_removed_only,3.0,0.99
331.4,333.4,332.43079,1086,1,2.0,20,2.230010499999969,2.8796289999999884,3.3004629999999846,3.588031999999987,3.982762500000021,4.116659000000004,4.298476499999998,4.4143080000000054,4.536094000000017,4.635645000000011,6.696114999999963,8.445674999999994,8.552884999999979,8.619355999999994,8.82549350000002,8.931646999999998,9.119412500000024,9.352367999999965,9.869902499999988,10.236289999999975,10.743411000000027,high,empirical_from_hard_anomaly_removed_only,step1-插值损耗模型-仅正功率,LGXRFD,STATION_SEG,站端功率分段模型,CT_eff,CT_eff,9.4,10.0,hard_anomaly_removed_only,3.0,0.99
333.4,335.4,334.41937,1089,1,2.0,20,1.8814236000000006,2.8604208000000266,3.310492800000004,3.5752824000000194,3.8100900000000024,4.00918320000002,4.157417599999967,4.302209200000027,4.548009599999952,4.6492799999999646,6.707139999999981,8.63621199999998,8.692479600000029,8.805674399999967,8.882333600000011,9.09480159999997,9.289648,9.481415999999982,9.733889199999977,10.075439200000002,10.487215999999956,high,empirical_from_hard_anomaly_removed_only,step1-插值损耗模型-仅正功率,LGXRFD,STATION_SEG,站端功率分段模型,CT_eff,CT_eff,9.4,10.0,hard_anomaly_removed_only,3.0,0.99
335.4,337.4,336.37893499999996,1088,1,2.0,20,1.818622600000024,2.9315675999999837,3.3589803999999774,3.610884800000008,3.777195500000025,3.946338000000029,4.152337600000011,4.335326000000005,4.48170829999999,4.658757999999989,6.860635000000002,8.50089799999999,8.610295599999978,8.710760799999994,8.799294800000018,9.029341000000008,9.174039000000018,9.321784400000018,9.657508999999992,10.084315199999999,11.05051439999997,high,empirical_from_hard_anomaly_removed_only,step1-插值损耗模型-仅正功率,LGXRFD,STATION_SEG,站端功率分段模型,CT_eff,CT_eff,9.4,10.0,hard_anomaly_removed_only,3.0,0.99
337.4,339.4,338.693785,1418,1,2.0,20,2.324441699999997,2.9953486000000136,3.4588589999999826,3.868466400000025,4.108111999999981,4.313770999999982,4.554972399999988,4.689354399999993,4.8657787999999815,4.94538599999998,7.206065000000024,8.319941999999992,8.387260200000005,8.523032800000031,8.660588600000008,8.837717999999972,8.997435999999993,9.177772399999997,9.454757300000018,9.857907399999975,10.506519499999994,high,empirical_from_hard_anomaly_removed_only,step1-插值损耗模型-仅正功率,LGXRFD,STATION_SEG,站端功率分段模型,CT_eff,CT_eff,9.4,10.0,hard_anomaly_removed_only,3.0,0.99
339.4,341.4,340.36444,1439,1,2.0,20,2.7167405999999823,3.5204139999999873,3.9361104000000116,4.1911672,4.41749999999999,4.627336000000002,4.803830999999974,4.903003599999945,4.993956799999977,5.101136000000008,7.133240000000001,8.444751999999971,8.543598400000016,8.613812000000026,8.756267399999992,8.836940799999963,8.974374000000005,9.155491200000016,9.420480399999997,9.796724,10.693889000000029,high,empirical_from_hard_anomaly_removed_only,step1-插值损耗模型-仅正功率,LGXRFD,STATION_SEG,站端功率分段模型,CT_eff,CT_eff,9.4,10.0,hard_anomaly_removed_only,3.0,0.99
341.4,343.4,342.5894,1707,1,2.0,20,2.78015640000002,3.235131999999985,3.784278400000013,4.1780647999999765,4.4794919999999765,4.635284800000002,4.8684169999999884,5.051664000000014,5.208100000000014,5.3573619999999895,7.369069999999965,8.457964000000004,8.531963400000006,8.653648799999996,8.788789,8.919342799999978,9.04903799999995,9.223386000000003,9.334223200000004,9.837761599999997,10.521761399999987,high,empirical_from_hard_anomaly_removed_only,step1-插值损耗模型-仅正功率,LGXRFD,STATION_SEG,站端功率分段模型,CT_eff,CT_eff,9.4,10.0,hard_anomaly_removed_only,3.0,0.99
343.4,345.4,344.32387,1646,1,2.0,20,3.4756300000000238,4.089130999999992,4.3977390000000245,4.7087200000000164,4.958689999999962,5.125515000000019,5.260529500000013,5.425047999999992,5.551416999999963,5.672560000000004,7.357044999999999,8.370949999999993,8.47344249999999,8.574087999999994,8.727390999999972,8.850286000000022,8.963775000000012,9.104700000000014,9.344780500000015,9.751666999999982,10.558810000000003,high,empirical_from_hard_anomaly_removed_only,step1-插值损耗模型-仅正功率,LGXRFD,STATION_SEG,站端功率分段模型,CT_eff,CT_eff,9.4,10.0,hard_anomaly_removed_only,3.0,0.99
345.4,347.4,346.19183,2558,1,2.0,20,3.558011699999996,4.409719599999999,4.865164299999986,5.135868800000001,5.33266300000002,5.502024000000007,5.680411099999977,5.797935600000005,5.933832199999981,6.065546,7.445324999999968,8.123586000000007,8.172158899999996,8.254574399999997,8.337234199999996,8.429904799999997,8.543304500000005,8.719548000000014,8.93008800000002,9.23767019999997,9.901987499999992,high,empirical_from_hard_anomaly_removed_only,step1-插值损耗模型-仅正功率,LGXRFD,STATION_SEG,站端功率分段模型,CT_eff,CT_eff,9.4,10.0,hard_anomaly_removed_only,3.0,0.99
347.4,349.4,348.43335,1509,1,2.0,20,3.0257607999999663,3.693202000000017,4.0952856000000155,4.51972039999999,4.800139999999965,5.015869999999997,5.208573599999961,5.3589256000000045,5.494060399999994,5.610147999999981,7.330600000000004,8.638102000000016,8.732496799999977,8.858788000000002,8.975427600000002,9.126183600000008,9.302984000000013,9.555686399999994,9.826906400000002,10.243079200000015,10.776840400000005,high,empirical_from_hard_anomaly_removed_only,step1-插值损耗模型-仅正功率,LGXRFD,STATION_SEG,站端功率分段模型,CT_eff,CT_eff,9.4,10.0,hard_anomaly_removed_only,3.0,0.99
349.4,351.4,350.28244,3071,1,2.0,20,3.7513860000000308,4.600758000000008,5.008217000000042,5.4044720000000215,5.6619449999999745,5.81921799999999,5.960823999999997,6.116443999999968,6.25782200000001,6.375429999999994,7.580800000000011,8.246459999999956,8.283559000000007,8.32939799999998,8.418137999999994,8.496451999999998,8.624535000000009,8.816931999999985,9.104540999999973,9.467692000000008,9.869336999999991,high,empirical_from_hard_anomaly_removed_only,step1-插值损耗模型-仅正功率,LGXRFD,STATION_SEG,站端功率分段模型,CT_eff,CT_eff,9.4,10.0,hard_anomaly_removed_only,3.0,0.99
351.4,353.4,352.19666,2081,1,2.0,20,3.708190000000002,4.690307999999993,5.07092600000002,5.342315999999971,5.493999999999971,5.663456000000008,5.774423999999987,5.894828000000041,5.998363999999969,6.0729200000000105,7.419600000000003,8.397680000000037,8.53288200000003,8.60318,8.706453999999997,8.801256000000024,8.963640000000055,9.099740000000008,9.37265599999998,9.754890000000012,10.191820000000027,high,empirical_from_hard_anomaly_removed_only,step1-插值损耗模型-仅正功率,LGXRFD,STATION_SEG,站端功率分段模型,CT_eff,CT_eff,9.4,10.0,hard_anomaly_removed_only,3.0,0.99
353.4,355.4,354.23132,1811,1,2.0,20,4.314966999999973,4.866355999999974,5.155582999999996,5.312775999999974,5.489869999999968,5.654071999999974,5.776528999999999,5.8991060000000175,6.008801999999991,6.09514999999999,7.511669999999981,8.538119999999992,8.604042000000005,8.678210000000002,8.76982300000003,8.855700000000002,9.04191000000003,9.284381999999981,9.552931000000019,9.996005999999976,10.526772000000024,high,empirical_from_hard_anomaly_removed_only,step1-插值损耗模型-仅正功率,LGXRFD,STATION_SEG,站端功率分段模型,CT_eff,CT_eff,9.4,10.0,hard_anomaly_removed_only,3.0,0.99
355.4,357.4,356.43967,1745,1,2.0,20,4.146800400000016,4.552125999999999,4.970593999999992,5.2352911999999625,5.386335999999995,5.543008800000004,5.733649199999989,5.8861883999999804,5.997706400000009,6.075376000000006,7.53973000000002,8.572036000000015,8.641087999999987,8.711072800000016,8.802378399999977,8.952456799999997,9.080214000000035,9.278563199999999,9.429904000000018,9.77201520000001,10.58550199999999,high,empirical_from_hard_anomaly_removed_only,step1-插值损耗模型-仅正功率,LGXRFD,STATION_SEG,站端功率分段模型,CT_eff,CT_eff,9.4,10.0,hard_anomaly_removed_only,3.0,0.99
357.4,359.4,358.44766,1847,1,2.0,20,4.12556559999999,4.649756800000009,5.184732599999995,5.382287999999985,5.533085000000023,5.79928280000001,5.885864000000037,6.0182376,6.090823200000044,6.192695999999989,7.50630000000001,8.56643200000001,8.647304599999993,8.74877599999999,8.89827260000002,9.008547199999976,9.118398999999965,9.316237600000022,9.6085184,9.862650399999962,10.188321200000024,high,empirical_from_hard_anomaly_removed_only,step1-插值损耗模型-仅正功率,LGXRFD,STATION_SEG,站端功率分段模型,CT_eff,CT_eff,9.4,10.0,hard_anomaly_removed_only,3.0,0.99
359.4,361.4,360.52623,1944,1,2.0,20,4.400516399999973,5.048717200000002,5.362557400000003,5.661985599999993,5.8748320000000005,6.052034000000001,6.168825099999995,6.278256799999997,6.370014000000041,6.439680000000015,7.666115000000019,8.575239999999992,8.64005120000002,8.731492800000018,8.803543999999967,8.886043599999992,8.983513000000036,9.129436000000009,9.307697099999972,9.69938619999998,10.272565600000004,high,empirical_from_hard_anomaly_removed_only,step1-插值损耗模型-仅正功率,LGXRFD,STATION_SEG,站端功率分段模型,CT_eff,CT_eff,9.4,10.0,hard_anomaly_removed_only,3.0,0.99
361.4,363.4,362.565335,2606,1,2.0,20,4.476464499999983,5.254919999999993,5.809757999999971,6.01352400000003,6.2528925000000015,6.421098000000012,6.551253000000005,6.654303999999991,6.750826999999973,6.835220000000021,7.764084999999994,8.497709999999984,8.558280500000002,8.612726000000032,8.70256999999998,8.789315000000022,8.893267499999979,8.990353999999979,9.243960999999985,9.483946000000001,9.926206500000022,high,empirical_from_hard_anomaly_removed_only,step1-插值损耗模型-仅正功率,LGXRFD,STATION_SEG,站端功率分段模型,CT_eff,CT_eff,9.4,10.0,hard_anomaly_removed_only,3.0,0.99
363.4,365.4,364.46672,3320,1,2.0,20,5.338166399999981,5.939297400000003,6.271033399999979,6.459560800000031,6.622959499999979,6.752855599999991,6.843145599999988,6.927523999999991,6.981691200000006,7.043622999999985,7.804834999999997,8.488337999999988,8.53774280000004,8.5725952,8.631470000000006,8.697508000000026,8.753534000000004,8.873743999999993,8.98930309999997,9.204842599999996,9.578362799999985,high,empirical_from_hard_anomaly_removed_only,step1-插值损耗模型-仅正功率,LGXRFD,STATION_SEG,站端功率分段模型,CT_eff,CT_eff,9.4,10.0,hard_anomaly_removed_only,3.0,0.99
365.4,367.4,366.41306,2527,1,2.0,20,5.071259600000027,5.595055999999986,5.849380200000009,6.200023999999957,6.394251000000002,6.5583999999999945,6.673130599999978,6.798419200000003,6.899574999999985,6.96202000000003,7.790169999999989,8.362260000000003,8.411826200000018,8.467688799999975,8.535377400000002,8.620647999999985,8.719079999999982,8.847640000000032,9.106927999999979,9.410692800000003,10.082589999999996,high,empirical_from_hard_anomaly_removed_only,step1-插值损耗模型-仅正功率,LGXRFD,STATION_SEG,站端功率分段模型,CT_eff,CT_eff,9.4,10.0,hard_anomaly_removed_only,3.0,0.99
367.4,369.4,368.40973,2543,1,2.0,20,5.541082800000032,6.100505599999992,6.359576199999996,6.555464800000022,6.718767999999978,6.856216399999978,6.973249600000011,7.059422000000032,7.134421200000015,7.179923999999983,7.883039999999994,8.591540000000009,8.641670199999963,8.67298600000002,8.743363200000019,8.815311999999997,8.891642999999977,9.016395999999995,9.244498799999999,9.40612919999999,9.97147539999999,high,empirical_from_hard_anomaly_removed_only,step1-插值损耗模型-仅正功率,LGXRFD,STATION_SEG,站端功率分段模型,CT_eff,CT_eff,9.4,10.0,hard_anomaly_removed_only,3.0,0.99
369.4,371.4,370.526965,2606,1,2.0,20,5.536840999999953,6.122392999999983,6.407907000000034,6.619239999999991,6.777937500000007,6.898799000000008,7.000968000000029,7.078021999999999,7.123428500000017,7.171124999999989,7.868020000000001,8.548480000000012,8.602861999999977,8.651283999999976,8.733260000000016,8.821275999999994,8.90042750000002,9.015459999999994,9.17556400000004,9.418066999999983,9.80769300000001,high,empirical_from_hard_anomaly_removed_only,step1-插值损耗模型-仅正功率,LGXRFD,STATION_SEG,站端功率分段模型,CT_eff,CT_eff,9.4,10.0,hard_anomaly_removed_only,3.0,0.99
371.4,373.4,372.45654,4883,1,2.0,20,6.171847000000027,6.707362800000022,6.945920599999997,7.103290000000013,7.239466999999979,7.331510400000029,7.387229600000007,7.4532024,7.490168399999968,7.527546000000018,8.113240000000019,8.702073999999993,8.738416599999958,8.77963320000002,8.814113999999982,8.853729999999985,8.90088399999998,8.94989439999999,9.03477800000001,9.222117600000008,9.486553600000015,high,empirical_from_hard_anomaly_removed_only,step1-插值损耗模型-仅正功率,LGXRFD,STATION_SEG,站端功率分段模型,CT_eff,CT_eff,9.4,10.0,hard_anomaly_removed_only,3.0,0.99
373.4,375.4,374.5738,2575,1,2.0,20,5.913889200000028,6.336785200000024,6.643354399999981,6.786445199999978,6.966509000000036,7.045107999999998,7.146823000000021,7.233463999999999,7.2856022000000005,7.341334000000006,7.991949999999974,8.724000000000034,8.762550999999995,8.815210399999955,8.862844000000022,8.917710799999986,8.991957000000024,9.101880800000005,9.195594599999973,9.407997600000012,9.955092399999973,high,empirical_from_hard_anomaly_removed_only,step1-插值损耗模型-仅正功率,LGXRFD,STATION_SEG,站端功率分段模型,CT_eff,CT_eff,9.4,10.0,hard_anomaly_removed_only,3.0,0.99
375.4,377.4,376.281965,4308,1,2.0,20,6.654981899999993,6.9573911999999645,7.18012280000001,7.283320400000025,7.3741629999999985,7.4453878,7.505892299999994,7.559150400000004,7.592471000000018,7.623373999999973,8.186235000000039,8.736099999999983,8.76970600000002,8.802860799999994,8.835725499999997,8.876092599999991,8.925035000000028,8.987402399999976,9.077741299999984,9.218957799999998,9.597564799999997,high,empirical_from_hard_anomaly_removed_only,step1-插值损耗模型-仅正功率,LGXRFD,STATION_SEG,站端功率分段模型,CT_eff,CT_eff,9.4,10.0,hard_anomaly_removed_only,3.0,0.99
377.4,379.4,378.46938,2726,1,2.0,20,6.390337500000001,6.8269750000000045,6.977042499999996,7.163229999999999,7.280387499999989,7.375885000000011,7.449147499999981,7.50254000000001,7.542585000000031,7.58290999999997,8.173990000000003,8.721430000000026,8.758387499999984,8.797059999999988,8.835067500000022,8.881249999999994,8.944387500000005,9.018059999999991,9.145250000000004,9.248565000000013,9.48877499999999,high,empirical_from_hard_anomaly_removed_only,step1-插值损耗模型-仅正功率,LGXRFD,STATION_SEG,站端功率分段模型,CT_eff,CT_eff,9.4,10.0,hard_anomaly_removed_only,3.0,0.99
379.4,381.4,380.03754,2791,1,2.0,20,6.553913000000028,7.0188879999999925,7.143434000000002,7.294707999999957,7.406480000000016,7.47160799999997,7.5213379999999805,7.5692440000000145,7.6052639999999885,7.6389500000000226,8.187299999999993,8.688850000000002,8.713212999999968,8.76284800000002,8.803720000000032,8.860119999999995,8.921314999999993,9.004266000000007,9.12173000000001,9.285277999999966,9.536653999999995,high,empirical_from_hard_anomaly_removed_only,step1-插值损耗模型-仅正功率,LGXRFD,STATION_SEG,站端功率分段模型,CT_eff,CT_eff,9.4,10.0,hard_anomaly_removed_only,3.0,0.99
381.4,383.4,382.69975,2468,1,2.0,20,6.465063000000011,6.986668600000012,7.179847199999993,7.359538400000017,7.458961999999994,7.555004800000001,7.60230200000001,7.64775519999999,7.693154499999984,7.730722999999995,8.300209999999993,8.811707999999971,8.832050100000012,8.868108000000017,8.912547499999977,8.964136599999986,9.03482200000003,9.131765599999994,9.259904699999996,9.401519799999996,9.696221999999986,high,empirical_from_hard_anomaly_removed_only,step1-插值损耗模型-仅正功率,LGXRFD,STATION_SEG,站端功率分段模型,CT_eff,CT_eff,9.4,10.0,hard_anomaly_removed_only,3.0,0.99
383.4,385.4,384.224825,3096,1,2.0,20,6.978514500000017,7.220766000000009,7.4344850000000005,7.521444000000019,7.581065000000024,7.655360000000002,7.683264999999983,7.730075999999985,7.766055000000006,7.801300000000026,8.317135000000036,8.74983499999999,8.767860999999964,8.793528000000027,8.821086500000012,8.850494000000003,8.894887499999996,8.934587999999986,9.005241999999976,9.112357999999954,9.371967999999995,high,empirical_from_hard_anomaly_removed_only,step1-插值损耗模型-仅正功率,LGXRFD,STATION_SEG,站端功率分段模型,CT_eff,CT_eff,9.4,10.0,hard_anomaly_removed_only,3.0,0.99
385.4,387.4,386.69609,3614,1,2.0,20,7.398299800000033,7.658187400000005,7.747223200000015,7.799778399999989,7.857395999999975,7.891814200000031,7.923073399999994,7.942903200000007,7.9682629000000205,7.987491000000029,8.37373500000001,8.768639000000007,8.790981499999988,8.812277200000048,8.84033510000001,8.880715000000018,8.914492999999988,8.950112800000001,8.994952499999995,9.082620000000013,9.194366399999975,high,empirical_from_hard_anomaly_removed_only,step1-插值损耗模型-仅正功率,LGXRFD,STATION_SEG,站端功率分段模型,CT_eff,CT_eff,9.4,10.0,hard_anomaly_removed_only,3.0,0.99
387.4,389.4,387.88217499999996,1692,1,2.0,20,7.402294299999993,7.5959734000000125,7.678551499999998,7.731322400000008,7.782122999999999,7.821557600000011,7.839104400000032,7.862754399999979,7.881099899999998,7.900615999999985,8.319810000000018,8.715012999999994,8.735020199999985,8.753431999999997,8.782764799999983,8.810156000000001,8.836090499999997,8.878099199999998,8.923077999999975,9.007644199999996,9.158317799999992,high,empirical_from_hard_anomaly_removed_only,step1-插值损耗模型-仅正功率,LGXRFD,STATION_SEG,站端功率分段模型,CT_eff,CT_eff,9.4,10.0,hard_anomaly_removed_only,3.0,0.99
389.4,391.4,390.842485,1880,1,2.0,20,7.701675000000005,7.870278799999985,7.934057599999981,7.984744400000015,8.014171500000014,8.040937600000007,8.061613000000012,8.077516000000001,8.089263599999994,8.101724999999982,8.492899999999992,8.877902000000024,8.890640099999993,8.909594400000003,8.938725100000019,8.966660999999998,8.997850999999983,9.028575200000011,9.07123249999998,9.131292200000011,9.248144400000008,high,empirical_from_hard_anomaly_removed_only,step1-插值损耗模型-仅正功率,LGXRFD,STATION_SEG,站端功率分段模型,CT_eff,CT_eff,9.4,10.0,hard_anomaly_removed_only,3.0,0.99
391.4,393.4,391.5769,163,1,2.0,20,7.381872600000031,7.588425999999983,7.702420200000022,7.764673599999994,7.81856599999997,7.859609600000003,7.900476799999999,7.914905600000002,7.916155200000037,7.924951999999985,8.300360000000012,8.764215999999966,8.825707599999989,8.836176400000037,8.876163399999998,8.89334,8.920340000000028,9.01424599999999,9.076497600000026,9.148278799999984,9.171649999999978,high,empirical_from_hard_anomaly_removed_only,step1-插值损耗模型-仅正功率,LGXRFD,STATION_SEG,站端功率分段模型,CT_eff,CT_eff,9.4,10.0,hard_anomaly_removed_only,3.0,0.99
393.4,397.4,394.0075,191,2,2.0,20,7.618436999999966,7.894274000000007,7.944373999999982,7.990358000000015,8.039619999999985,8.114737999999988,8.124971999999996,8.141060000000016,8.158218999999969,8.172680000000014,8.598899999999958,8.998069999999984,9.02361399999998,9.041243999999995,9.060760000000005,9.091219999999975,9.107275000000016,9.133528000000013,9.191292000000015,9.201459999999997,9.280560000000031,high,empirical_from_hard_anomaly_removed_only,step1-插值损耗模型-仅正功率,LGXRFD,STATION_SEG,站端功率分段模型,CT_eff,CT_eff,9.4,10.0,hard_anomaly_removed_only,3.0,0.99
0.0,0.1,0.045,3537,1,0.1,20,0.04455,0.04455,0.04455,0.04455,0.04455,0.044555,0.04456,0.044565,0.04457,0.044575,0.044775,0.044975,0.04498,0.044985,0.044989999999999995,0.044995,0.045,0.045,0.045,0.045,0.045,ultra_low,ultra_low_power_physical_rule,step1-插值损耗模型-仅正功率,LGXRFD,FAN_SEG,风机总功率分段模型,FAN_eff,FAN_eff,10.0,10.0,hard_anomaly_removed_only,3.0,0.99
0.1,0.2,0.145,2235,1,0.1,20,0.14354999999999998,0.14354999999999998,0.14354999999999998,0.14354999999999998,0.14354999999999998,0.1435661111111111,0.1435822222222222,0.14359833333333333,0.14361444444444443,0.14363055555555554,0.144275,0.14491944444444443,0.14493555555555554,0.14495166666666665,0.14496777777777778,0.14498388888888888,0.145,0.145,0.145,0.145,0.145,ultra_low,ultra_low_power_physical_rule,step1-插值损耗模型-仅正功率,LGXRFD,FAN_SEG,风机总功率分段模型,FAN_eff,FAN_eff,10.0,10.0,hard_anomaly_removed_only,3.0,0.99
0.2,0.30000000000000004,0.249,1604,1,0.1,20,0.24651,0.24651,0.24651,0.24651,0.24651,0.24653766666666668,0.24656533333333333,0.246593,0.24662066666666668,0.24664833333333333,0.247755,0.24886166666666668,0.24888933333333332,0.248917,0.24894466666666668,0.24897233333333332,0.249,0.249,0.249,0.249,0.249,ultra_low,ultra_low_power_physical_rule,step1-插值损耗模型-仅正功率,LGXRFD,FAN_SEG,风机总功率分段模型,FAN_eff,FAN_eff,10.0,10.0,hard_anomaly_removed_only,3.0,0.99
0.30000000000000004,0.4,0.348,1219,1,0.1,20,0.34452,0.34452,0.34452,0.34452,0.34452,0.3445586666666667,0.3445973333333333,0.344636,0.3446746666666667,0.3447133333333333,0.34626,0.34780666666666665,0.3478453333333333,0.34788399999999997,0.34792266666666666,0.3479613333333333,0.348,0.348,0.348,0.348,0.348,ultra_low,ultra_low_power_physical_rule,step1-插值损耗模型-仅正功率,LGXRFD,FAN_SEG,风机总功率分段模型,FAN_eff,FAN_eff,10.0,10.0,hard_anomaly_removed_only,3.0,0.99
0.4,0.5,0.451,1156,1,0.1,20,0.44649,0.44649,0.44649,0.44649,0.44649,0.4465401111111111,0.4465902222222222,0.4466403333333333,0.44669044444444445,0.44674055555555553,0.448745,0.4507494444444445,0.45079955555555556,0.4508496666666667,0.4508997777777778,0.45094988888888893,0.451,0.451,0.451,0.451,0.451,ultra_low,ultra_low_power_physical_rule,step1-插值损耗模型-仅正功率,LGXRFD,FAN_SEG,风机总功率分段模型,FAN_eff,FAN_eff,10.0,10.0,hard_anomaly_removed_only,3.0,0.99
0.5,0.6000000000000001,0.548,977,1,0.1,20,0.54252,0.54252,0.54252,0.54252,0.54252,0.5425808888888889,0.5426417777777778,0.5427026666666667,0.5427635555555556,0.5428244444444444,0.5452600000000001,0.5476955555555556,0.5477564444444445,0.5478173333333334,0.5478782222222223,0.5479391111111112,0.548,0.548,0.548,0.548,0.548,ultra_low,ultra_low_power_physical_rule,step1-插值损耗模型-仅正功率,LGXRFD,FAN_SEG,风机总功率分段模型,FAN_eff,FAN_eff,10.0,10.0,hard_anomaly_removed_only,3.0,0.99
0.6000000000000001,0.7000000000000001,0.647,853,1,0.1,20,0.64053,0.64053,0.64053,0.64053,0.64053,0.6406018888888889,0.6406737777777778,0.6407456666666667,0.6408175555555556,0.6408894444444445,0.643765,0.6466405555555556,0.6467124444444444,0.6467843333333334,0.6468562222222223,0.6469281111111111,0.647,0.647,0.647,0.647,0.647,ultra_low,ultra_low_power_physical_rule,step1-插值损耗模型-仅正功率,LGXRFD,FAN_SEG,风机总功率分段模型,FAN_eff,FAN_eff,10.0,10.0,hard_anomaly_removed_only,3.0,0.99
0.7000000000000001,0.8,0.75,715,1,0.1,20,0.7424999999999999,0.7424999999999999,0.7424999999999999,0.7424999999999999,0.7424999999999999,0.7425833333333333,0.7426666666666666,0.7427499999999999,0.7428333333333332,0.7429166666666666,0.74625,0.7495833333333334,0.7496666666666667,0.74975,0.7498333333333334,0.7499166666666667,0.75,0.75,0.75,0.75,0.75,ultra_low,ultra_low_power_physical_rule,step1-插值损耗模型-仅正功率,LGXRFD,FAN_SEG,风机总功率分段模型,FAN_eff,FAN_eff,10.0,10.0,hard_anomaly_removed_only,3.0,0.99
0.8,0.9,0.85,612,1,0.1,20,0.8415,0.8415,0.8415,0.8415,0.8415,0.8415944444444444,0.8416888888888889,0.8417833333333333,0.8418777777777778,0.8419722222222222,0.84575,0.8495277777777778,0.8496222222222222,0.8497166666666667,0.8498111111111111,0.8499055555555556,0.85,0.85,0.85,0.85,0.85,ultra_low,ultra_low_power_physical_rule,step1-插值损耗模型-仅正功率,LGXRFD,FAN_SEG,风机总功率分段模型,FAN_eff,FAN_eff,10.0,10.0,hard_anomaly_removed_only,3.0,0.99
0.9,1.0,0.95,590,1,0.1,20,0.9405,0.9405,0.9405,0.9405,0.9405,0.9406055555555556,0.9407111111111112,0.9408166666666666,0.9409222222222222,0.9410277777777778,0.94525,0.9494722222222222,0.9495777777777777,0.9496833333333333,0.9497888888888888,0.9498944444444444,0.95,0.95,0.95,0.95,0.95,ultra_low,ultra_low_power_physical_rule,step1-插值损耗模型-仅正功率,LGXRFD,FAN_SEG,风机总功率分段模型,FAN_eff,FAN_eff,10.0,10.0,hard_anomaly_removed_only,3.0,0.99
1.0,1.1,1.053,605,1,0.1,20,1.04247,1.04247,1.04247,1.04247,1.04247,1.042587,1.042704,1.042821,1.042938,1.043055,1.047735,1.0524149999999999,1.052532,1.052649,1.0527659999999999,1.052883,1.053,1.053,1.053,1.053,1.053,ultra_low,ultra_low_power_physical_rule,step1-插值损耗模型-仅正功率,LGXRFD,FAN_SEG,风机总功率分段模型,FAN_eff,FAN_eff,10.0,10.0,hard_anomaly_removed_only,3.0,0.99
1.1,1.2000000000000002,1.15,559,1,0.1,20,1.1384999999999998,1.1384999999999998,1.1384999999999998,1.1384999999999998,1.1384999999999998,1.1386277777777776,1.1387555555555553,1.1388833333333332,1.139011111111111,1.1391388888888887,1.14425,1.149361111111111,1.1494888888888888,1.1496166666666665,1.1497444444444445,1.1498722222222222,1.15,1.15,1.15,1.15,1.15,ultra_low,ultra_low_power_physical_rule,step1-插值损耗模型-仅正功率,LGXRFD,FAN_SEG,风机总功率分段模型,FAN_eff,FAN_eff,10.0,10.0,hard_anomaly_removed_only,3.0,0.99
1.2000000000000002,1.3,1.248,609,1,0.1,20,1.23552,1.23552,1.23552,1.23552,1.23552,1.2356586666666667,1.2357973333333332,1.235936,1.2360746666666667,1.2362133333333334,1.24176,1.2473066666666666,1.2474453333333333,1.247584,1.2477226666666668,1.2478613333333333,1.248,1.248,1.248,1.248,1.248,ultra_low,ultra_low_power_physical_rule,step1-插值损耗模型-仅正功率,LGXRFD,FAN_SEG,风机总功率分段模型,FAN_eff,FAN_eff,10.0,10.0,hard_anomaly_removed_only,3.0,0.99
1.3,1.4000000000000001,1.349,560,1,0.1,20,1.33551,1.33551,1.33551,1.33551,1.33551,1.3356598888888889,1.3358097777777778,1.3359596666666667,1.3361095555555556,1.3362594444444444,1.342255,1.3482505555555555,1.3484004444444444,1.3485503333333333,1.3487002222222222,1.348850111111111,1.349,1.349,1.349,1.349,1.349,ultra_low,ultra_low_power_physical_rule,step1-插值损耗模型-仅正功率,LGXRFD,FAN_SEG,风机总功率分段模型,FAN_eff,FAN_eff,10.0,10.0,hard_anomaly_removed_only,3.0,0.99
1.4000000000000001,1.5,1.4455,468,1,0.1,20,1.431045,1.431045,1.431045,1.431045,1.431045,1.431205611111111,1.431366222222222,1.4315268333333333,1.4316874444444443,1.4318480555555555,1.4382725,1.4446969444444444,1.4448575555555556,1.4450181666666666,1.4451787777777778,1.4453393888888888,1.4455,1.4455,1.4455,1.4455,1.4455,ultra_low,ultra_low_power_physical_rule,step1-插值损耗模型-仅正功率,LGXRFD,FAN_SEG,风机总功率分段模型,FAN_eff,FAN_eff,10.0,10.0,hard_anomaly_removed_only,3.0,0.99
1.5,1.6,1.55,494,1,0.1,20,1.5345,1.5345,1.5345,1.5345,1.5345,1.5346722222222222,1.5348444444444445,1.5350166666666667,1.535188888888889,1.5353611111111112,1.5422500000000001,1.5491388888888888,1.549311111111111,1.5494833333333333,1.5496555555555556,1.5498277777777778,1.55,1.55,1.55,1.55,1.55,ultra_low,ultra_low_power_physical_rule,step1-插值损耗模型-仅正功率,LGXRFD,FAN_SEG,风机总功率分段模型,FAN_eff,FAN_eff,10.0,10.0,hard_anomaly_removed_only,3.0,0.99
1.6,1.7000000000000002,1.65,454,1,0.1,20,1.6335,1.6335,1.6335,1.6335,1.6335,1.6336833333333334,1.6338666666666666,1.63405,1.6342333333333332,1.6344166666666666,1.64175,1.6490833333333332,1.6492666666666667,1.6494499999999999,1.6496333333333333,1.6498166666666665,1.65,1.65,1.65,1.65,1.65,ultra_low,ultra_low_power_physical_rule,step1-插值损耗模型-仅正功率,LGXRFD,FAN_SEG,风机总功率分段模型,FAN_eff,FAN_eff,10.0,10.0,hard_anomaly_removed_only,3.0,0.99
1.7000000000000002,1.8,1.749,413,1,0.1,20,1.73151,1.73151,1.73151,1.73151,1.73151,1.7317043333333335,1.7318986666666667,1.732093,1.7322873333333335,1.7324816666666667,1.740255,1.7480283333333335,1.7482226666666667,1.748417,1.7486113333333335,1.7488056666666667,1.749,1.749,1.749,1.749,1.749,ultra_low,ultra_low_power_physical_rule,step1-插值损耗模型-仅正功率,LGXRFD,FAN_SEG,风机总功率分段模型,FAN_eff,FAN_eff,10.0,10.0,hard_anomaly_removed_only,3.0,0.99
1.8,1.9000000000000001,1.851,410,1,0.1,20,1.83249,1.83249,1.83249,1.83249,1.83249,1.8326956666666667,1.8329013333333333,1.833107,1.8333126666666666,1.8335183333333334,1.841745,1.8499716666666666,1.8501773333333333,1.850383,1.8505886666666667,1.8507943333333332,1.851,1.851,1.851,1.851,1.851,ultra_low,ultra_low_power_physical_rule,step1-插值损耗模型-仅正功率,LGXRFD,FAN_SEG,风机总功率分段模型,FAN_eff,FAN_eff,10.0,10.0,hard_anomaly_removed_only,3.0,0.99
1.9000000000000001,2.0,1.954,357,1,0.1,20,1.9344599999999998,1.9344599999999998,1.9344599999999998,1.9344599999999998,1.9344599999999998,1.934677111111111,1.934894222222222,1.9351113333333332,1.9353284444444443,1.9355455555555554,1.94423,1.9529144444444444,1.9531315555555555,1.9533486666666666,1.9535657777777777,1.9537828888888888,1.954,1.954,1.954,1.954,1.954,ultra_low,ultra_low_power_physical_rule,step1-插值损耗模型-仅正功率,LGXRFD,FAN_SEG,风机总功率分段模型,FAN_eff,FAN_eff,10.0,10.0,hard_anomaly_removed_only,3.0,0.99
2.0,2.1,2.048,400,1,0.1,20,2.02752,2.02752,2.02752,2.02752,2.02752,2.0277475555555555,2.027975111111111,2.0282026666666666,2.028430222222222,2.0286577777777777,2.03776,2.0468622222222224,2.047089777777778,2.0473173333333334,2.047544888888889,2.0477724444444445,2.048,2.048,2.048,2.048,2.048,ultra_low,ultra_low_power_physical_rule,step1-插值损耗模型-仅正功率,LGXRFD,FAN_SEG,风机总功率分段模型,FAN_eff,FAN_eff,10.0,10.0,hard_anomaly_removed_only,3.0,0.99
2.1,2.2,2.153,372,1,0.1,20,2.13147,2.13147,2.13147,2.13147,2.13147,2.1317092222222223,2.1319484444444448,2.132187666666667,2.132426888888889,2.1326661111111114,2.1422350000000003,2.151803888888889,2.1520431111111114,2.1522823333333334,2.1525215555555555,2.152760777777778,2.153,2.153,2.153,2.153,2.153,ultra_low,ultra_low_power_physical_rule,step1-插值损耗模型-仅正功率,LGXRFD,FAN_SEG,风机总功率分段模型,FAN_eff,FAN_eff,10.0,10.0,hard_anomaly_removed_only,3.0,0.99
2.2,2.3000000000000003,2.247,354,1,0.1,20,2.2245299999999997,2.2245299999999997,2.2245299999999997,2.2245299999999997,2.2245299999999997,2.224779666666666,2.225029333333333,2.2252789999999996,2.2255286666666665,2.225778333333333,2.235765,2.2457516666666666,2.246001333333333,2.246251,2.2465006666666665,2.2467503333333334,2.247,2.247,2.247,2.247,2.247,ultra_low,ultra_low_power_physical_rule,step1-插值损耗模型-仅正功率,LGXRFD,FAN_SEG,风机总功率分段模型,FAN_eff,FAN_eff,10.0,10.0,hard_anomaly_removed_only,3.0,0.99
2.3000000000000003,2.4000000000000004,2.3485,390,1,0.1,20,2.325015,2.325015,2.325015,2.325015,2.325015,2.3252759444444444,2.3255368888888888,2.3257978333333336,2.326058777777778,2.3263197222222223,2.3367575,2.347195277777778,2.347456222222222,2.3477171666666665,2.3479781111111113,2.3482390555555557,2.3485,2.3485,2.3485,2.3485,2.3485,ultra_low,ultra_low_power_physical_rule,step1-插值损耗模型-仅正功率,LGXRFD,FAN_SEG,风机总功率分段模型,FAN_eff,FAN_eff,10.0,10.0,hard_anomaly_removed_only,3.0,0.99
2.4000000000000004,2.5,2.4495,372,1,0.1,20,2.425005,2.425005,2.425005,2.425005,2.425005,2.4252771666666666,2.4255493333333336,2.4258215,2.4260936666666666,2.4263658333333336,2.4372525,2.4481391666666665,2.4484113333333335,2.4486835,2.4489556666666665,2.4492278333333335,2.4495,2.4495,2.4495,2.4495,2.4495,ultra_low,ultra_low_power_physical_rule,step1-插值损耗模型-仅正功率,LGXRFD,FAN_SEG,风机总功率分段模型,FAN_eff,FAN_eff,10.0,10.0,hard_anomaly_removed_only,3.0,0.99
2.5,2.6,2.5505,342,1,0.1,20,2.524995,2.524995,2.524995,2.524995,2.524995,2.525278388888889,2.525561777777778,2.5258451666666666,2.5261285555555557,2.5264119444444444,2.5377475,2.5490830555555557,2.5493664444444444,2.5496498333333335,2.549933222222222,2.5502166111111113,2.5505,2.5505,2.5505,2.5505,2.5505,ultra_low,ultra_low_power_physical_rule,step1-插值损耗模型-仅正功率,LGXRFD,FAN_SEG,风机总功率分段模型,FAN_eff,FAN_eff,10.0,10.0,hard_anomaly_removed_only,3.0,0.99
2.6,2.7,2.6515,358,1,0.1,20,2.624985,2.624985,2.624985,2.624985,2.624985,2.6252796111111114,2.6255742222222223,2.6258688333333335,2.6261634444444444,2.6264580555555557,2.6382425,2.6500269444444444,2.6503215555555557,2.6506161666666666,2.650910777777778,2.6512053888888887,2.6515,2.6515,2.6515,2.6515,2.6515,ultra_low,ultra_low_power_physical_rule,step1-插值损耗模型-仅正功率,LGXRFD,FAN_SEG,风机总功率分段模型,FAN_eff,FAN_eff,10.0,10.0,hard_anomaly_removed_only,3.0,0.99
2.7,2.8000000000000003,2.7525,300,1,0.1,20,2.7249749999999997,2.7249749999999997,2.7249749999999997,2.7249749999999997,2.7249749999999997,2.725280833333333,2.725586666666666,2.7258924999999996,2.726198333333333,2.7265041666666665,2.7387375,2.750970833333333,2.7512766666666666,2.7515825,2.7518883333333335,2.7521941666666665,2.7525,2.7525,2.7525,2.7525,2.7525,ultra_low,ultra_low_power_physical_rule,step1-插值损耗模型-仅正功率,LGXRFD,FAN_SEG,风机总功率分段模型,FAN_eff,FAN_eff,10.0,10.0,hard_anomaly_removed_only,3.0,0.99
2.8000000000000003,2.9000000000000004,2.851,361,1,0.1,20,2.82249,2.82249,2.82249,2.82249,2.82249,2.822806777777778,2.8231235555555556,2.8234403333333336,2.823757111111111,2.824073888888889,2.836745,2.849416111111111,2.849732888888889,2.8500496666666666,2.8503664444444445,2.850683222222222,2.851,2.851,2.851,2.851,2.851,ultra_low,ultra_low_power_physical_rule,step1-插值损耗模型-仅正功率,LGXRFD,FAN_SEG,风机总功率分段模型,FAN_eff,FAN_eff,10.0,10.0,hard_anomaly_removed_only,3.0,0.99
2.9000000000000004,3.0,2.949,355,1,0.1,20,2.91951,2.91951,2.91951,2.91951,2.91951,2.9198376666666666,2.9201653333333333,2.920493,2.9208206666666663,2.921148333333333,2.934255,2.9473616666666667,2.9476893333333334,2.9480169999999997,2.9483446666666664,2.948672333333333,2.949,2.949,2.949,2.949,2.949,ultra_low,ultra_low_power_physical_rule,step1-插值损耗模型-仅正功率,LGXRFD,FAN_SEG,风机总功率分段模型,FAN_eff,FAN_eff,10.0,10.0,hard_anomaly_removed_only,3.0,0.99
3.0,3.1,3.051,304,1,0.1,20,2.112387928,2.205190478,2.2470563479,2.3171533739999997,2.4063480299999997,2.5488326772,2.5870538,2.6397085616,2.7314654375000003,2.850647343,3.0438731403499997,3.0856999999999997,3.08773,3.09076,3.091,3.09282,3.093,3.095,3.097,3.097,3.099,low,empirical_from_hard_anomaly_removed_only,step1-插值损耗模型-仅正功率,LGXRFD,FAN_SEG,风机总功率分段模型,FAN_eff,FAN_eff,10.0,10.0,hard_anomaly_removed_only,3.0,0.99
3.1,3.2,3.151,328,1,0.1,20,2.127767175,2.226484578,2.251276027,2.3235788424,2.40469853,2.55286988,2.598470445,2.6474064912,2.6872190470999997,2.704773781,3.128,3.1823,3.183,3.184,3.1871099999999997,3.189,3.192,3.195,3.196,3.19746,3.199,low,empirical_from_hard_anomaly_removed_only,step1-插值损耗模型-仅正功率,LGXRFD,FAN_SEG,风机总功率分段模型,FAN_eff,FAN_eff,10.0,10.0,hard_anomaly_removed_only,3.0,0.99
3.2,3.3000000000000003,3.251,319,1,0.1,20,2.01048897,2.1724853440000005,2.27068554,2.3865068632,2.432606434,2.5088454128,2.5609981642,2.5948736188,2.6830521332,2.71061511,3.229,3.2822,3.28538,3.28856,3.289,3.29092,3.2912,3.295,3.296,3.29764,3.299,low,empirical_from_hard_anomaly_removed_only,step1-插值损耗模型-仅正功率,LGXRFD,FAN_SEG,风机总功率分段模型,FAN_eff,FAN_eff,10.0,10.0,hard_anomaly_removed_only,3.0,0.99
3.3000000000000003,3.4000000000000004,3.351,332,1,0.1,20,2.030895314,2.2025113320000003,2.259827897,2.3392052760000004,2.3904308430000003,2.4289087579999995,2.4455173323,2.4674731280000004,2.509542486,2.517638836,3.3175,3.379,3.38121,3.382,3.38366,3.387,3.3884499999999997,3.39152,3.39507,3.3963799999999997,3.39869,low,empirical_from_hard_anomaly_removed_only,step1-插值损耗模型-仅正功率,LGXRFD,FAN_SEG,风机总功率分段模型,FAN_eff,FAN_eff,10.0,10.0,hard_anomaly_removed_only,3.0,0.99
3.4000000000000004,3.5,3.451,353,1,0.1,20,2.120649176,2.2509122759999998,2.3434701799999997,2.3925387239999996,2.43304542,2.4527390319999998,2.48017192,2.4966953136,2.5273757139999997,2.54082316,3.27351379,3.476,3.477,3.477,3.4793600000000002,3.48088,3.4844,3.48692,3.49188,3.4949600000000003,3.497,low,empirical_from_hard_anomaly_removed_only,step1-插值损耗模型-仅正功率,LGXRFD,FAN_SEG,风机总功率分段模型,FAN_eff,FAN_eff,10.0,10.0,hard_anomaly_removed_only,3.0,0.99
3.5,3.6,3.547,328,1,0.1,20,1.9773543980000001,2.066369876,2.205596867,2.253995504,2.32582437,2.3633207240000003,2.379340833,2.3859907679999997,2.392657623,2.42710281,3.103733805,3.5683000000000002,3.57157,3.576,3.57822,3.58438,3.587,3.58792,3.5901899999999998,3.59146,3.59473,low,empirical_from_hard_anomaly_removed_only,step1-插值损耗模型-仅正功率,LGXRFD,FAN_SEG,风机总功率分段模型,FAN_eff,FAN_eff,10.0,10.0,hard_anomaly_removed_only,3.0,0.99
3.6,3.7,3.649,321,1,0.1,20,2.17049216,2.26995124,2.29188682,2.3423073199999997,2.3491163000000004,2.3572350799999997,2.37882572,2.4084487400000003,2.44794384,2.4724031,3.17853065,3.667,3.6712,3.672,3.674,3.679,3.6829819107,3.6882,3.691,3.693,3.696,low,empirical_from_hard_anomaly_removed_only,step1-插值损耗模型-仅正功率,LGXRFD,FAN_SEG,风机总功率分段模型,FAN_eff,FAN_eff,10.0,10.0,hard_anomaly_removed_only,3.0,0.99
3.7,3.8000000000000003,3.75,338,1,0.1,20,1.990418235,2.1776414259999997,2.2585997939999998,2.36125924,2.3970744799999997,2.45259837,2.4723501210000003,2.488054952,2.519597183,2.54925625,3.1449505,3.766,3.76934,3.77216,3.777,3.78056,3.78315,3.7875199999999998,3.79,3.79426,3.79826,low,empirical_from_hard_anomaly_removed_only,step1-插值损耗模型-仅正功率,LGXRFD,FAN_SEG,风机总功率分段模型,FAN_eff,FAN_eff,10.0,10.0,hard_anomaly_removed_only,3.0,0.99
3.8000000000000003,3.9000000000000004,3.853,323,1,0.1,20,1.907492494,2.258561828,2.3089291999999997,2.364382704,2.43186716,2.4548624080000003,2.4692091799999996,2.49815598,2.5208958019999996,2.53009818,3.0686029,3.8468,3.85104,3.8542550962399997,3.86092,3.8663600000000002,3.8708,3.87912,3.88468,3.89356,3.896,low,empirical_from_hard_anomaly_removed_only,step1-插值损耗模型-仅正功率,LGXRFD,FAN_SEG,风机总功率分段模型,FAN_eff,FAN_eff,10.0,10.0,hard_anomaly_removed_only,3.0,0.99
3.9000000000000004,4.0,3.95,311,1,0.1,20,2.2110098799999998,2.29323444,2.37334471,2.41669544,2.4824668500000002,2.51156314,2.5439352,2.5628252999999996,2.59637818,2.6257221,3.1399619,3.93332055,3.9402,3.9472198664,3.9519,3.96,3.9665,3.972,3.9788,3.9848,3.9916,low,empirical_from_hard_anomaly_removed_only,step1-插值损耗模型-仅正功率,LGXRFD,FAN_SEG,风机总功率分段模型,FAN_eff,FAN_eff,10.0,10.0,hard_anomaly_removed_only,3.0,0.99
4.0,4.1000000000000005,4.047,315,1,0.1,20,1.9477537000000005,2.0405235360000002,2.167473398,2.282012892,2.37630748,2.42271372,2.452349812,2.4714460879999995,2.527807892,2.55572378,3.08568795,4.0176,4.02696,4.040760000000001,4.04502,4.04732,4.0512,4.05988,4.065899999999999,4.072,4.08172,low,empirical_from_hard_anomaly_removed_only,step1-插值损耗模型-仅正功率,LGXRFD,FAN_SEG,风机总功率分段模型,FAN_eff,FAN_eff,10.0,10.0,hard_anomaly_removed_only,3.0,0.99
4.1000000000000005,4.2,4.1465,324,1,0.1,20,1.9445736220000003,2.012094392,2.1521048350000003,2.2730314520000006,2.3299482099999995,2.341123458,2.3732546200000004,2.43595038,2.474101,2.49118454,3.0903086,3.8645543640000004,3.9703015000000006,4.107240000000001,4.12878,4.141959999999999,4.14925,4.15208,4.164,4.16908,4.17754,low,empirical_from_hard_anomaly_removed_only,step1-插值损耗模型-仅正功率,LGXRFD,FAN_SEG,风机总功率分段模型,FAN_eff,FAN_eff,10.0,10.0,hard_anomaly_removed_only,3.0,0.99
4.2,4.3,4.247,303,1,0.1,20,1.8682307119999997,2.066025936,2.0758974400000003,2.151863488,2.21599597,2.278471084,2.311125972,2.324804832,2.364455032,2.38386518,3.0998993999999995,3.80568708,3.8453526185999998,3.9077801228,3.9653077864,3.9894560176,4.013733369,4.136833308400002,4.2267600000000005,4.275639999999999,4.28094,low,empirical_from_hard_anomaly_removed_only,step1-插值损耗模型-仅正功率,LGXRFD,FAN_SEG,风机总功率分段模型,FAN_eff,FAN_eff,10.0,10.0,hard_anomaly_removed_only,3.0,0.99
4.3,4.4,4.351,327,1,0.1,20,1.9874911639999997,2.109160768,2.1956849880000004,2.2998919399999997,2.3490026,2.4235410920000002,2.4728659939999997,2.494682004,2.51725238,2.53964742,3.0220139,3.603338796,3.6301759870000008,3.760486615200001,3.8155115366,3.8556357439999993,3.892994236,4.119206074399999,4.30674,4.34448,4.365606000756,low,empirical_from_hard_anomaly_removed_only,step1-插值损耗模型-仅正功率,LGXRFD,FAN_SEG,风机总功率分段模型,FAN_eff,FAN_eff,10.0,10.0,hard_anomaly_removed_only,3.0,0.99
4.4,4.5,4.45,261,1,0.1,20,1.9970622000000002,2.1802811199999996,2.2379600999999996,2.2950945199999997,2.3066562999999998,2.3499836,2.36627614,2.40755972,2.4296527599999997,2.4703757,3.0660936,3.6214938,3.6896669159999997,3.727066548,3.8820264880000024,3.99201472,4.1899931200000005,4.3943111696,4.4142,4.4348,4.467,low,empirical_from_hard_anomaly_removed_only,step1-插值损耗模型-仅正功率,LGXRFD,FAN_SEG,风机总功率分段模型,FAN_eff,FAN_eff,10.0,10.0,hard_anomaly_removed_only,3.0,0.99
4.5,4.6000000000000005,4.554,301,1,0.1,20,1.7812623000000003,1.9339743999999994,2.0508542,2.0956938000000003,2.202588,2.2614243999999997,2.3013725000000003,2.3201499999999995,2.3889326000000004,2.4389428,3.0859673,3.5976125000000003,3.6148275400000003,3.6256293699999995,3.6795843,3.72092893,3.75525953,3.842136,4.035392839999999,4.14350765,4.516,low,empirical_from_hard_anomaly_removed_only,step1-插值损耗模型-仅正功率,LGXRFD,FAN_SEG,风机总功率分段模型,FAN_eff,FAN_eff,10.0,10.0,hard_anomaly_removed_only,3.0,0.99
4.6000000000000005,4.7,4.652,264,1,0.1,20,1.8271368700000001,1.8717466819999997,1.9880901419999997,2.106023032,2.193609415,2.2595849359999995,2.282444074,2.325423936,2.346494721,2.38167445,3.08907215,3.7148198509999997,3.7348051159,3.7444772536000004,3.7587159900000002,3.8005534840000004,3.8342272110000004,3.8652889359999993,3.9582184739999993,4.1286508290000015,4.4140009311,low,empirical_from_hard_anomaly_removed_only,step1-插值损耗模型-仅正功率,LGXRFD,FAN_SEG,风机总功率分段模型,FAN_eff,FAN_eff,10.0,10.0,hard_anomaly_removed_only,3.0,0.99
4.7,4.800000000000001,4.749,281,1,0.1,20,1.9014953200000002,2.01988686,2.07092436,2.1417580800000002,2.2450444,2.3412234800000005,2.378982,2.439842240000001,2.47742882,2.4869445,3.1341517999999997,3.7122044000000005,3.7386185700000008,3.7540952800000005,3.795849240000001,3.8831765799999998,3.8966548000000003,3.952769292,4.195492091999993,4.453495871999998,4.641482022,low,empirical_from_hard_anomaly_removed_only,step1-插值损耗模型-仅正功率,LGXRFD,FAN_SEG,风机总功率分段模型,FAN_eff,FAN_eff,10.0,10.0,hard_anomaly_removed_only,3.0,0.99
4.800000000000001,4.9,4.8535,268,1,0.1,20,1.9490693200000002,2.04373507,2.130366733,2.223455088,2.250733365,2.29838974,2.3377570730000006,2.3593500480000005,2.3829388209999998,2.39300787,3.04663025,3.64172631,3.654665005,3.71333162,3.7397059830000003,3.779538143999999,3.80431772,3.8596073271999995,3.8798126030000004,3.9291934403999997,4.1739289154999994,low,empirical_from_hard_anomaly_removed_only,step1-插值损耗模型-仅正功率,LGXRFD,FAN_SEG,风机总功率分段模型,FAN_eff,FAN_eff,10.0,10.0,hard_anomaly_removed_only,3.0,0.99
4.9,5.0,4.948,259,1,0.1,20,1.8453962480000001,1.9209041839999998,1.9616706299999995,1.9960964519999997,2.06057659,2.102792592,2.14711378,2.206405276,2.2868053959999997,2.31981634,3.0183164,3.6602092600000002,3.7079208720000003,3.7235943440000008,3.752148922,3.7668492319999998,3.7824189799999997,3.865953811999999,3.93799998,3.999964614,4.154422479999998,low,empirical_from_hard_anomaly_removed_only,step1-插值损耗模型-仅正功率,LGXRFD,FAN_SEG,风机总功率分段模型,FAN_eff,FAN_eff,10.0,10.0,hard_anomaly_removed_only,3.0,0.99
5.0,5.1000000000000005,5.052,254,1,0.1,20,1.8493895639999998,1.933315382,1.9870764990000005,2.064441304,2.12261603,2.144221342,2.161931768,2.20040676,2.2390385489999995,2.26049142,2.9890937,3.60442694,3.622604036000001,3.706343292,3.742540093,3.7686974380000002,3.80657482,3.9061707519999995,4.114618337,4.2758853424,4.850813067400001,low,empirical_from_hard_anomaly_removed_only,step1-插值损耗模型-仅正功率,LGXRFD,FAN_SEG,风机总功率分段模型,FAN_eff,FAN_eff,10.0,10.0,hard_anomaly_removed_only,3.0,0.99
5.1000000000000005,5.2,5.151,236,1,0.1,20,1.88835843,2.11671819,2.18663815,2.1951453,2.2324352750000003,2.2502030000000004,2.2637481800000003,2.27712764,2.280676875,2.30231275,2.9159777500000006,3.6150568,3.632330645,3.69297458,3.7597694000000006,3.7800928099999997,3.9126153750000006,3.97122326,4.139772874999999,4.216569782999999,4.386031541,low,empirical_from_hard_anomaly_removed_only,step1-插值损耗模型-仅正功率,LGXRFD,FAN_SEG,风机总功率分段模型,FAN_eff,FAN_eff,10.0,10.0,hard_anomaly_removed_only,3.0,0.99
5.2,5.300000000000001,5.246,249,1,0.1,20,1.6620466519999997,1.7848231240000005,1.8465765679999995,1.9098784120000005,1.9650445799999998,2.043328488,2.228434128,2.2522954920000005,2.285433784,2.3142482,2.9050533,3.5496273400000002,3.6170032520000004,3.683546792,3.8194014560000014,3.865493388,3.8855989799999997,4.043417772,4.11314882,4.319654807599999,4.420080416000001,low,empirical_from_hard_anomaly_removed_only,step1-插值损耗模型-仅正功率,LGXRFD,FAN_SEG,风机总功率分段模型,FAN_eff,FAN_eff,10.0,10.0,hard_anomaly_removed_only,3.0,0.99
5.300000000000001,5.4,5.347,245,1,0.1,20,1.7048024880000001,1.809952488,1.9365140920000001,1.9772725479999997,2.0392750399999997,2.0567325360000006,2.0987393919999997,2.1314080640000004,2.23452966,2.2449398400000002,2.8664704999999997,3.52051644,3.5296199719999994,3.5608212760000004,3.6088009120000004,3.736073475999999,3.7974908800000002,3.888283076,3.9574767,4.065839508000001,4.226898292,low,empirical_from_hard_anomaly_removed_only,step1-插值损耗模型-仅正功率,LGXRFD,FAN_SEG,风机总功率分段模型,FAN_eff,FAN_eff,10.0,10.0,hard_anomaly_removed_only,3.0,0.99
5.4,5.5,5.45,234,1,0.1,20,1.9395002480000003,1.995774888,2.0403399920000007,2.099737396,2.145241575,2.2174492719999996,2.27080682,2.28694956,2.317467071,2.34182654,2.968382,3.5583135300000004,3.601339986,3.6883193920000017,3.8289768,3.8796791699999984,3.99241652,4.081997647999998,4.177527847,4.241801936,4.325304516,low,empirical_from_hard_anomaly_removed_only,step1-插值损耗模型-仅正功率,LGXRFD,FAN_SEG,风机总功率分段模型,FAN_eff,FAN_eff,10.0,10.0,hard_anomaly_removed_only,3.0,0.99
5.5,5.6000000000000005,5.548,287,1,0.1,20,1.869922558,1.995098952,2.051792382,2.0927691199999994,2.11951998,2.14597024,2.2248826499999996,2.2372519119999996,2.2471336040000005,2.2653341399999998,2.8818968000000003,3.544590360000001,3.587269602,3.614669968,3.660589774,3.7273286599999995,3.7679203199999995,3.875800068,4.059670914000001,4.110261904,4.276790739999999,low,empirical_from_hard_anomaly_removed_only,step1-插值损耗模型-仅正功率,LGXRFD,FAN_SEG,风机总功率分段模型,FAN_eff,FAN_eff,10.0,10.0,hard_anomaly_removed_only,3.0,0.99
5.6000000000000005,5.7,5.6495,292,1,0.1,20,1.579763914,1.6992118199999997,1.781397988,1.9229494720000002,1.98582273,2.031552598,2.0586697270000003,2.0750758360000003,2.128006009,2.1669216400000004,2.8485689,3.5137527000000004,3.5296449489999997,3.553272696,3.5980142930000003,3.7036075299999998,3.7455966999999997,3.9209688240000005,4.016035645999998,4.178932764,4.362030843999996,low,empirical_from_hard_anomaly_removed_only,step1-插值损耗模型-仅正功率,LGXRFD,FAN_SEG,风机总功率分段模型,FAN_eff,FAN_eff,10.0,10.0,hard_anomaly_removed_only,3.0,0.99
5.7,5.800000000000001,5.751,271,1,0.1,20,1.7317216500000001,1.7911582799999999,1.8671856700000002,1.9569078800000002,2.0652587000000002,2.1535157400000005,2.17259126,2.2327525800000005,2.2660784200000004,2.2850687,2.8741283999999996,3.6265633999999998,3.65396335,3.66340932,3.7225772300000006,3.7959819199999996,3.9423947000000004,3.9870904799999995,4.016376139999999,4.161236760000002,4.336917350000002,low,empirical_from_hard_anomaly_removed_only,step1-插值损耗模型-仅正功率,LGXRFD,FAN_SEG,风机总功率分段模型,FAN_eff,FAN_eff,10.0,10.0,hard_anomaly_removed_only,3.0,0.99
5.800000000000001,5.9,5.849,246,1,0.1,20,1.7758847750000002,1.8580733500000004,1.9313602299999997,1.9730144400000003,2.00183205,2.0384168700000003,2.0695979,2.0785941,2.1103802999999997,2.1355473500000004,2.80805685,3.532776,3.5870407549999994,3.61120272,3.6763089350000007,3.69140328,3.722631175,3.8327575599999992,3.863082305,3.89747235,3.9892364900000006,low,empirical_from_hard_anomaly_removed_only,step1-插值损耗模型-仅正功率,LGXRFD,FAN_SEG,风机总功率分段模型,FAN_eff,FAN_eff,10.0,10.0,hard_anomaly_removed_only,3.0,0.99
5.9,6.0,5.952500000000001,254,1,0.1,20,1.6383059200000003,1.8160482340000008,1.8993091839999994,1.9830129840000001,1.9946047599999999,2.0202029900000005,2.036286592,2.097214584,2.10597129,2.1583776300000004,2.8336678500000003,3.500890220000001,3.546025697,3.569049676,3.5967009009999997,3.610446196,3.6977046299999996,3.7760942479999997,3.8339059239999997,3.985941932,4.037456784,low,empirical_from_hard_anomaly_removed_only,step1-插值损耗模型-仅正功率,LGXRFD,FAN_SEG,风机总功率分段模型,FAN_eff,FAN_eff,10.0,10.0,hard_anomaly_removed_only,3.0,0.99
6.0,6.1000000000000005,6.049,244,1,0.1,20,1.3931813710000003,1.5795177300000005,1.654160478,1.7210382000000002,1.774583495,1.86144068,1.8822611310000004,1.8926466240000004,1.9029513789999997,1.9300540099999997,2.7701894,3.39536459,3.405641626,3.429661972,3.46647799,3.5147257819999997,3.53435715,3.6073479400000004,3.63596315,3.722514643999998,4.082736917999999,low,empirical_from_hard_anomaly_removed_only,step1-插值损耗模型-仅正功率,LGXRFD,FAN_SEG,风机总功率分段模型,FAN_eff,FAN_eff,10.0,10.0,hard_anomaly_removed_only,3.0,0.99
6.1000000000000005,6.2,6.149,257,1,0.1,20,1.6595520000000004,1.7597818480000005,1.821317632,1.8718513039999998,1.8956011199999998,1.9163419000000004,1.9878517439999994,1.9969358600000002,2.0361129800000004,2.0737335999999997,2.739902,3.4396490800000006,3.4717889720000006,3.516225512,3.544093664000001,3.6050303200000005,3.6707156,3.6964224479999994,3.831331744,3.973944364,4.07129894,low,empirical_from_hard_anomaly_removed_only,step1-插值损耗模型-仅正功率,LGXRFD,FAN_SEG,风机总功率分段模型,FAN_eff,FAN_eff,10.0,10.0,hard_anomaly_removed_only,3.0,0.99
6.2,6.300000000000001,6.248,224,1,0.1,20,1.666763405,1.80333942,1.8608487839999999,1.8924094199999997,1.9171750099999998,1.989576052,2.014738753,2.0216205480000005,2.0372339320000004,2.07312584,2.7609155,3.5232579500000005,3.569686066,3.5864637679999998,3.6435400010000003,3.69682808,3.72628507,3.772445059999999,3.907498293,3.9784468019999997,4.012469784,low,empirical_from_hard_anomaly_removed_only,step1-插值损耗模型-仅正功率,LGXRFD,FAN_SEG,风机总功率分段模型,FAN_eff,FAN_eff,10.0,10.0,hard_anomaly_removed_only,3.0,0.99
6.300000000000001,6.4,6.351,237,1,0.1,20,1.5777862560000004,1.6855411119999997,1.7406261919999997,1.764729144,1.8255430400000003,1.9102358159999997,1.9314215279999998,1.9667645919999996,1.9895059280000005,2.0264016399999996,2.7397086,3.5306614,3.561369568000001,3.6230252999999997,3.6668595199999996,3.6913253079999993,3.7382222799999996,3.8454047599999996,3.9868835079999996,4.1096519680000005,4.176541751999999,low,empirical_from_hard_anomaly_removed_only,step1-插值损耗模型-仅正功率,LGXRFD,FAN_SEG,风机总功率分段模型,FAN_eff,FAN_eff,10.0,10.0,hard_anomaly_removed_only,3.0,0.99
6.4,6.5,6.458,234,1,0.1,20,1.4749606460000002,1.6133416799999998,1.6841889450000007,1.7495761960000002,1.7802642000000002,1.812855152,1.8603166500000001,1.8925899080000004,1.9716111609999998,1.9859409999999997,2.7471548500000003,3.33162635,3.349707183,3.4671156480000005,3.476911711,3.5841849040000002,3.64287961,3.8780752559999967,4.085973996,4.175744002,4.419221049999997,low,empirical_from_hard_anomaly_removed_only,step1-插值损耗模型-仅正功率,LGXRFD,FAN_SEG,风机总功率分段模型,FAN_eff,FAN_eff,10.0,10.0,hard_anomaly_removed_only,3.0,0.99
6.5,6.6000000000000005,6.55,238,1,0.1,20,1.633814889,1.669929674,1.7181078430000003,1.7991168320000002,1.84328694,1.8858102939999997,1.9156444169999995,1.9517218960000002,1.9624624199999998,1.97585759,2.688614,3.3994075300000004,3.434571131,3.502124024,3.5108096780000007,3.5486305799999998,3.5855471,3.6737017519999995,3.701496378,3.7674300479999996,3.8361223509999993,low,empirical_from_hard_anomaly_removed_only,step1-插值损耗模型-仅正功率,LGXRFD,FAN_SEG,风机总功率分段模型,FAN_eff,FAN_eff,10.0,10.0,hard_anomaly_removed_only,3.0,0.99
6.6000000000000005,6.7,6.654,272,1,0.1,20,1.460495882,1.556997028,1.6047940019999996,1.7368902560000004,1.7734131750000004,1.821483214,1.852605139,1.9287850000000004,1.968395631,1.9879930999999997,2.6413287499999996,3.2754031300000004,3.32527902,3.3332527200000004,3.343601656,3.406571221999999,3.43502752,3.45941706,3.495019982,3.6620032139999976,4.141687652000001,low,empirical_from_hard_anomaly_removed_only,step1-插值损耗模型-仅正功率,LGXRFD,FAN_SEG,风机总功率分段模型,FAN_eff,FAN_eff,10.0,10.0,hard_anomaly_removed_only,3.0,0.99
6.7,6.800000000000001,6.748,229,1,0.1,20,1.4719389199999997,1.5476490800000002,1.6799151679999997,1.8096756000000003,1.8581654799999998,1.901458716,1.9333998120000002,1.9618470319999999,2.005414192,2.0093333999999996,2.7145259999999998,3.3286601,3.33787018,3.3729724880000003,3.388805792000001,3.499713596,3.5440808199999996,3.6306555359999995,3.796568016,3.8983203479999995,4.39522386,low,empirical_from_hard_anomaly_removed_only,step1-插值损耗模型-仅正功率,LGXRFD,FAN_SEG,风机总功率分段模型,FAN_eff,FAN_eff,10.0,10.0,hard_anomaly_removed_only,3.0,0.99
6.800000000000001,6.9,6.855,242,1,0.1,20,1.3789182249999996,1.54297408,1.6102397299999995,1.6374334360000002,1.6939749350000006,1.79437006,1.869666093,1.9211029599999998,1.9573998370000005,1.9734994,2.650233,3.34448216,3.369845476,3.40445996,3.427741360000001,3.4736150120000002,3.5415429999999994,3.5801969319999998,3.773027826999999,3.8517367040000012,4.278571851000001,low,empirical_from_hard_anomaly_removed_only,step1-插值损耗模型-仅正功率,LGXRFD,FAN_SEG,风机总功率分段模型,FAN_eff,FAN_eff,10.0,10.0,hard_anomaly_removed_only,3.0,0.99
6.9,7.0,6.951,239,1,0.1,20,1.4871370400000004,1.5674013319999995,1.6005259219999999,1.6529599199999998,1.7021611100000005,1.7757789000000002,1.818216416,1.8661151759999999,1.88922164,1.9409447599999998,2.6264459999999996,3.37061496,3.381071464,3.41905744,3.4473562340000004,3.4802456680000002,3.5096004100000004,3.547935048,3.6864633319999984,3.839591148000002,4.177720814000001,low,empirical_from_hard_anomaly_removed_only,step1-插值损耗模型-仅正功率,LGXRFD,FAN_SEG,风机总功率分段模型,FAN_eff,FAN_eff,10.0,10.0,hard_anomaly_removed_only,3.0,0.99
7.0,7.1000000000000005,7.05,209,1,0.1,20,1.5149333280000001,1.6096248199999996,1.681530976,1.7302616879999992,1.7878772200000002,1.7965667200000002,1.8490607200000004,1.8873404479999996,1.9348881199999999,1.9619894599999999,2.7119923999999997,3.50673052,3.521519736,3.5559076080000005,3.60407904,3.6582634159999996,3.7002382799999998,3.7412024799999997,3.808636896,3.946798056,3.972077264,low,empirical_from_hard_anomaly_removed_only,step1-插值损耗模型-仅正功率,LGXRFD,FAN_SEG,风机总功率分段模型,FAN_eff,FAN_eff,10.0,10.0,hard_anomaly_removed_only,3.0,0.99
7.1000000000000005,7.2,7.1525,218,1,0.1,20,1.5008447050000002,1.5930836959999999,1.6698662560000004,1.7496531760000003,1.7712805049999993,1.8098809400000002,1.8193935969999995,1.8435113599999997,1.8667984219999996,1.89827232,2.6575251,3.37917989,3.408076371,3.4362149600000005,3.4552912439999997,3.465768948,3.5149135649999996,3.5918516479999996,3.714615854,3.8393212840000004,3.9751393479999977,low,empirical_from_hard_anomaly_removed_only,step1-插值损耗模型-仅正功率,LGXRFD,FAN_SEG,风机总功率分段模型,FAN_eff,FAN_eff,10.0,10.0,hard_anomaly_removed_only,3.0,0.99
7.2,7.300000000000001,7.249,231,1,0.1,20,1.4102934699999996,1.4647685000000004,1.59116796,1.6487548400000003,1.6852775000000002,1.74066806,1.77680975,1.8355690599999996,1.84572701,1.8643140000000002,2.6262180000000006,3.2086493000000003,3.25312815,3.2859634199999994,3.30684692,3.31326572,3.3599211,3.3969327999999996,3.47401289,3.5477573400000004,3.8750967699999994,low,empirical_from_hard_anomaly_removed_only,step1-插值损耗模型-仅正功率,LGXRFD,FAN_SEG,风机总功率分段模型,FAN_eff,FAN_eff,10.0,10.0,hard_anomaly_removed_only,3.0,0.99
7.300000000000001,7.4,7.35,202,1,0.1,20,1.5130534000000002,1.5696281599999993,1.6279629709999994,1.72499304,1.7552782749999998,1.7936864200000004,1.8269202300000003,1.8986719840000001,1.9201941500000004,1.9316722999999996,2.7043773499999997,3.3982538399999997,3.4108351079999997,3.4379162360000004,3.495687278,3.583496228,3.62276763,3.7235944959999987,3.867789646,3.9729552679999993,4.079916903000001,low,empirical_from_hard_anomaly_removed_only,step1-插值损耗模型-仅正功率,LGXRFD,FAN_SEG,风机总功率分段模型,FAN_eff,FAN_eff,10.0,10.0,hard_anomaly_removed_only,3.0,0.99
7.4,7.5,7.45,191,1,0.1,20,1.5108530300000005,1.5957664400000005,1.6491493300000004,1.7181882400000004,1.73430895,1.7668366400000004,1.784523,1.8023960000000003,1.8221949300000002,1.8761304,2.626886,3.3794319999999995,3.4124290700000004,3.4491419000000003,3.4672514199999998,3.5754510799999992,3.67634115,3.7587668200000004,3.814905809999999,4.061004659999998,4.233122109999998,low,empirical_from_hard_anomaly_removed_only,step1-插值损耗模型-仅正功率,LGXRFD,FAN_SEG,风机总功率分段模型,FAN_eff,FAN_eff,10.0,10.0,hard_anomaly_removed_only,3.0,0.99
7.5,7.6000000000000005,7.543,191,1,0.1,20,1.5116254899999997,1.55016164,1.6292378400000005,1.6359183999999998,1.6600077500000006,1.7086216,1.7899344000000006,1.8328040400000003,1.8641598000000004,1.8753570000000002,2.6550314000000004,3.311777,3.3563413600000005,3.4007373200000006,3.48795498,3.57203632,3.7489410999999997,3.856556180000001,4.278684139999997,4.4503862000000005,4.4639057399999995,low,empirical_from_hard_anomaly_removed_only,step1-插值损耗模型-仅正功率,LGXRFD,FAN_SEG,风机总功率分段模型,FAN_eff,FAN_eff,10.0,10.0,hard_anomaly_removed_only,3.0,0.99
7.6000000000000005,7.7,7.6434999999999995,202,1,0.1,20,1.4824674149999995,1.607581318,1.6641106700000001,1.682975348,1.708165445,1.7461253199999998,1.8767007710000003,1.88719688,1.9215118000000004,1.9360059500000002,2.6220272000000002,3.2124950100000005,3.263307689999999,3.301938976,3.342451446,3.3618123039999994,3.391731554999999,3.4100677520000002,3.530806572,3.608340872,3.847596800000001,low,empirical_from_hard_anomaly_removed_only,step1-插值损耗模型-仅正功率,LGXRFD,FAN_SEG,风机总功率分段模型,FAN_eff,FAN_eff,10.0,10.0,hard_anomaly_removed_only,3.0,0.99
7.7,7.800000000000001,7.7524999999999995,186,1,0.1,20,1.4788174000000003,1.5918609199999996,1.5957915300000005,1.61826772,1.6232657999999998,1.65343253,1.684462115,1.7274107400000003,1.7632503599999996,1.8263169999999995,2.5723795,3.27829975,3.30042085,3.3243832400000013,3.3884737050000004,3.4473575099999993,3.45573935,3.620314239999999,3.764924865,3.8262251999999997,3.88278252,low,empirical_from_hard_anomaly_removed_only,step1-插值损耗模型-仅正功率,LGXRFD,FAN_SEG,风机总功率分段模型,FAN_eff,FAN_eff,10.0,10.0,hard_anomaly_removed_only,3.0,0.99
7.800000000000001,7.9,7.853,190,1,0.1,20,1.4019089050000006,1.445473332,1.5635638920000001,1.6040850240000002,1.65819012,1.6836109419999998,1.7168100990000004,1.7519675920000006,1.7601840919999996,1.8002326699999995,2.5785487,3.36597502,3.4023904420000006,3.42830824,3.45915195,3.477998498,3.5377925649999997,3.6103393359999996,3.66771025,3.7916449599999997,3.9432977979999975,low,empirical_from_hard_anomaly_removed_only,step1-插值损耗模型-仅正功率,LGXRFD,FAN_SEG,风机总功率分段模型,FAN_eff,FAN_eff,10.0,10.0,hard_anomaly_removed_only,3.0,0.99
7.9,8.0,7.954,173,1,0.1,20,1.391608336,1.4502492400000002,1.488853376,1.5145514800000004,1.59868352,1.64868044,1.7062159759999995,1.7291854159999995,1.7525334200000002,1.7980171999999999,2.572437,3.20228948,3.220374192,3.253214692,3.312839528,3.4124540559999974,3.4514509999999996,3.4757857920000004,3.7347946000000003,4.022557728000001,4.310354552,low,empirical_from_hard_anomaly_removed_only,step1-插值损耗模型-仅正功率,LGXRFD,FAN_SEG,风机总功率分段模型,FAN_eff,FAN_eff,10.0,10.0,hard_anomaly_removed_only,3.0,0.99
8.0,8.1,8.061,191,1,0.1,20,1.4255307700000004,1.4827730600000009,1.5323867199999999,1.5580540199999997,1.6084891499999996,1.62089916,1.6692377500000002,1.7243910200000003,1.767042969999999,1.7873583999999996,2.547396,3.2063430000000004,3.2782269400000006,3.29262228,3.3724077500000007,3.4561952999999996,3.5077303999999994,3.5640249400000004,3.6941647599999974,3.7923702,3.840474200000001,low,empirical_from_hard_anomaly_removed_only,step1-插值损耗模型-仅正功率,LGXRFD,FAN_SEG,风机总功率分段模型,FAN_eff,FAN_eff,10.0,10.0,hard_anomaly_removed_only,3.0,0.99
8.1,8.200000000000001,8.156500000000001,190,1,0.1,20,1.3241352100000006,1.3803728880000001,1.4519878400000004,1.4702876799999998,1.48177495,1.5387312360000005,1.5616003750000007,1.5684274759999999,1.6016610100000006,1.6240625499999999,2.466859,3.14905923,3.2091402600000007,3.241856088,3.3122020040000004,3.3228254159999997,3.3711034849999977,3.406748632,3.4648805199999995,3.5109977400000005,3.739681226999998,low,empirical_from_hard_anomaly_removed_only,step1-插值损耗模型-仅正功率,LGXRFD,FAN_SEG,风机总功率分段模型,FAN_eff,FAN_eff,10.0,10.0,hard_anomaly_removed_only,3.0,0.99
8.200000000000001,8.3,8.242,197,1,0.1,20,1.166866144000001,1.229918144,1.4439615280000007,1.4997076840000003,1.5334469600000007,1.6045939760000005,1.682709976,1.72268322,1.75026946,1.7891692400000003,2.5165237000000005,3.1489770000000004,3.172972928,3.2381692200000005,3.31090088,3.382434999999999,3.43292148,3.4681669600000005,3.4780426000000007,3.5711832799999947,3.9217058799999966,low,empirical_from_hard_anomaly_removed_only,step1-插值损耗模型-仅正功率,LGXRFD,FAN_SEG,风机总功率分段模型,FAN_eff,FAN_eff,10.0,10.0,hard_anomaly_removed_only,3.0,0.99
8.3,8.4,8.347,173,1,0.1,20,1.1814360039999998,1.390370068,1.5309855480000005,1.5600121199999997,1.61554,1.6639902279999996,1.6949808400000002,1.7361210000000005,1.7491808359999999,1.7687069200000005,2.507289,3.23662954,3.3848704800000005,3.4106231120000006,3.466271972000001,3.5417799999999975,3.5841636,3.6057233800000006,3.7003063480000002,3.821169740000001,4.052159752000001,low,empirical_from_hard_anomaly_removed_only,step1-插值损耗模型-仅正功率,LGXRFD,FAN_SEG,风机总功率分段模型,FAN_eff,FAN_eff,10.0,10.0,hard_anomaly_removed_only,3.0,0.99
8.4,8.5,8.454,211,1,0.1,20,1.106553160000001,1.3845288800000002,1.4665016000000006,1.5039955200000008,1.5227790000000008,1.5637366399999997,1.6179864899999998,1.6678866800000005,1.7271048200000005,1.780462,2.6030407,3.126493,3.1371563999999994,3.1801246,3.230335450000001,3.2748925399999997,3.3767370000000003,3.4131571800000007,3.44469389,3.556962699999999,3.7974124699999994,low,empirical_from_hard_anomaly_removed_only,step1-插值损耗模型-仅正功率,LGXRFD,FAN_SEG,风机总功率分段模型,FAN_eff,FAN_eff,10.0,10.0,hard_anomaly_removed_only,3.0,0.99
8.5,8.6,8.548,206,1,0.1,20,1.3085944999999992,1.358506629999999,1.3895078450000002,1.429359199999999,1.4544801499999997,1.5472516000000003,1.5748389250000003,1.6125257199999996,1.650774705000001,1.68237695,2.43965325,3.2249201499999995,3.2635770500000003,3.2845529200000003,3.3243062450000003,3.3576208,3.3833866750000006,3.40759586,3.4116523450000007,3.4988350700000006,3.727326769999999,low,empirical_from_hard_anomaly_removed_only,step1-插值损耗模型-仅正功率,LGXRFD,FAN_SEG,风机总功率分段模型,FAN_eff,FAN_eff,10.0,10.0,hard_anomaly_removed_only,3.0,0.99
8.6,8.700000000000001,8.65,197,1,0.1,20,1.105821712,1.3259539759999994,1.4346074799999993,1.5100218640000003,1.520062139999999,1.5652963720000008,1.6142557440000005,1.6618469200000001,1.7014868200000006,1.7295625200000007,2.4036725,3.1015732000000007,3.1097187920000002,3.176380416000001,3.2312460240000007,3.25316356,3.2948506000000006,3.3744352000000006,3.424595967999999,3.461818039999997,3.647731991999999,low,empirical_from_hard_anomaly_removed_only,step1-插值损耗模型-仅正功率,LGXRFD,FAN_SEG,风机总功率分段模型,FAN_eff,FAN_eff,10.0,10.0,hard_anomaly_removed_only,3.0,0.99
8.700000000000001,8.8,8.756,177,1,0.1,20,1.130768964,1.349657404,1.4480135559999994,1.4767307199999997,1.5161311999999998,1.58779012,1.694676968,1.7497937599999995,1.7721710400000008,1.7788502000000004,2.456987,2.9793165999999993,2.9931962000000003,3.0419869639999995,3.0638140799999998,3.113227492,3.1901567599999985,3.320058536000001,3.7797300239999996,3.936760624,4.0490850080000005,low,empirical_from_hard_anomaly_removed_only,step1-插值损耗模型-仅正功率,LGXRFD,FAN_SEG,风机总功率分段模型,FAN_eff,FAN_eff,10.0,10.0,hard_anomaly_removed_only,3.0,0.99
8.8,8.9,8.85,189,1,0.1,20,1.317124960000001,1.385818224000001,1.395833816,1.42040544,1.4303678000000004,1.526417979999999,1.5741348880000003,1.6029279919999995,1.629324827999999,1.6676485,2.4155296,3.2016545000000005,3.2427643280000007,3.2469822799999997,3.252395392,3.29478432,3.3620984199999997,3.390867776,3.423935295999999,3.5358014,3.7380940079999996,low,empirical_from_hard_anomaly_removed_only,step1-插值损耗模型-仅正功率,LGXRFD,FAN_SEG,风机总功率分段模型,FAN_eff,FAN_eff,10.0,10.0,hard_anomaly_removed_only,3.0,0.99
8.9,9.0,8.956,172,1,0.1,20,1.0630911180000004,1.3019325279999996,1.3763044200000005,1.421804999999999,1.4515609750000003,1.510126003999999,1.5688398609999996,1.5887171919999994,1.6000996199999997,1.6237462699999994,2.4045385,3.1095612699999995,3.1159339090000002,3.19243078,3.2304421110000003,3.2353414639999993,3.3522897549999997,3.5082780799999997,3.58092707,3.659555271999998,3.798729125999999,low,empirical_from_hard_anomaly_removed_only,step1-插值损耗模型-仅正功率,LGXRFD,FAN_SEG,风机总功率分段模型,FAN_eff,FAN_eff,10.0,10.0,hard_anomaly_removed_only,3.0,0.99
9.0,9.1,9.056,189,1,0.1,20,0.9406006800000003,1.0600565199999998,1.2588498799999999,1.3695999360000004,1.4006498,1.4519132159999997,1.5294492000000006,1.5925552480000007,1.608791279999999,1.6328674800000005,2.321288,3.04078582,3.061780164,3.10483192,3.11603882,3.2098886,3.24975942,3.2705707200000007,3.3126439879999987,3.3896152480000006,3.4834420400000017,low,empirical_from_hard_anomaly_removed_only,step1-插值损耗模型-仅正功率,LGXRFD,FAN_SEG,风机总功率分段模型,FAN_eff,FAN_eff,10.0,10.0,hard_anomaly_removed_only,3.0,0.99
9.1,9.200000000000001,9.159500000000001,188,1,0.1,20,1.1176518200000007,1.2172401739999998,1.2326668299999997,1.359609288,1.4280483599999998,1.5069204240000003,1.5890528200000003,1.5982695999999998,1.6290080479999998,1.6537061999999993,2.4145877499999995,3.2308356000000007,3.268323863000001,3.2956493240000007,3.4163039410000002,3.439312014,3.49252296,3.5082514,3.5974584,3.7323722420000003,3.774099605999999,low,empirical_from_hard_anomaly_removed_only,step1-插值损耗模型-仅正功率,LGXRFD,FAN_SEG,风机总功率分段模型,FAN_eff,FAN_eff,10.0,10.0,hard_anomaly_removed_only,3.0,0.99
9.200000000000001,9.3,9.246,191,1,0.1,20,1.2129851600000008,1.3063860200000001,1.3292915000000003,1.3499642,1.3650484,1.4598492,1.4766803800000003,1.4854090799999993,1.5152859600000008,1.5743297000000007,2.3360987,3.1037306000000005,3.1478460300000006,3.1999615200000004,3.2451688000000005,3.3325285999999994,3.4193528,3.46533322,3.5634632799999983,3.7363958999999998,3.8430510399999998,low,empirical_from_hard_anomaly_removed_only,step1-插值损耗模型-仅正功率,LGXRFD,FAN_SEG,风机总功率分段模型,FAN_eff,FAN_eff,10.0,10.0,hard_anomaly_removed_only,3.0,0.99
9.3,9.4,9.35,195,1,0.1,20,1.079231019999999,1.0960146000000008,1.21947238,1.2781423200000002,1.3887216899999992,1.4656453519999997,1.5039114600000003,1.5764561199999996,1.5991653379999995,1.6431904,2.3726847000000006,3.03757824,3.05666086,3.11684054,3.138276956000001,3.2065413919999997,3.29162794,3.4049863199999986,3.6053850180000007,3.7207675,3.7809466400000002,low,empirical_from_hard_anomaly_removed_only,step1-插值损耗模型-仅正功率,LGXRFD,FAN_SEG,风机总功率分段模型,FAN_eff,FAN_eff,10.0,10.0,hard_anomaly_removed_only,3.0,0.99
9.4,9.5,9.452,199,1,0.1,20,0.9472225799999989,1.1463727200000005,1.15744126,1.2047349199999995,1.298121400000001,1.37280316,1.4344037759999997,1.5194852640000007,1.5648065999999996,1.5912782000000005,2.398145999999999,3.1278256799999995,3.14252074,3.176175379999999,3.227221520000002,3.3378532359999995,3.36593578,3.382432679999997,3.537503555999999,3.659404136,3.685907040000001,low,empirical_from_hard_anomaly_removed_only,step1-插值损耗模型-仅正功率,LGXRFD,FAN_SEG,风机总功率分段模型,FAN_eff,FAN_eff,10.0,10.0,hard_anomaly_removed_only,3.0,0.99
9.5,9.600000000000001,9.55,192,1,0.1,20,1.095244920000001,1.2365006600000006,1.2793047199999998,1.3281107999999993,1.4017495500000006,1.4268963999999997,1.4509455300000003,1.4690357199999997,1.5154442969999997,1.5388933399999998,2.341962,3.1126132000000006,3.151135463,3.214232816,3.2452953059999996,3.2754260600000005,3.286521835,3.319587632,3.333055039,3.471309850000003,4.1628431180000005,low,empirical_from_hard_anomaly_removed_only,step1-插值损耗模型-仅正功率,LGXRFD,FAN_SEG,风机总功率分段模型,FAN_eff,FAN_eff,10.0,10.0,hard_anomaly_removed_only,3.0,0.99
9.600000000000001,9.700000000000001,9.6475,182,1,0.1,20,1.1156260949999994,1.18028196,1.255001569999999,1.3122291600000002,1.3225069500000008,1.3765549599999993,1.4325627149999995,1.5084497200000009,1.53758919,1.5412306999999996,2.3044426000000002,3.0184588300000006,3.0257071400000006,3.0403394639999997,3.1041571810000006,3.1404882859999983,3.2487864399999995,3.2914585199999995,3.3817790549999995,3.4462173600000003,3.581946681999999,low,empirical_from_hard_anomaly_removed_only,step1-插值损耗模型-仅正功率,LGXRFD,FAN_SEG,风机总功率分段模型,FAN_eff,FAN_eff,10.0,10.0,hard_anomaly_removed_only,3.0,0.99
9.700000000000001,9.8,9.747,173,1,0.1,20,1.2449390800000004,1.3154501600000001,1.40767808,1.4516839599999996,1.5038283999999993,1.5504631199999996,1.5634326799999991,1.6279579200000003,1.6573118800000006,1.6841787999999993,2.379721,3.1308646600000003,3.1522537600000002,3.237752756,3.3201372320000013,3.3652399119999994,3.37527052,3.4086307360000005,3.5029964799999993,3.526515864,3.608959752000001,low,empirical_from_hard_anomaly_removed_only,step1-插值损耗模型-仅正功率,LGXRFD,FAN_SEG,风机总功率分段模型,FAN_eff,FAN_eff,10.0,10.0,hard_anomaly_removed_only,3.0,0.99
9.8,9.9,9.853,209,1,0.1,20,1.19518096,1.2297918400000005,1.2867053199999992,1.3528183999999999,1.3838813999999993,1.398038200000001,1.4174164000000002,1.47983316,1.5487270800000004,1.5742333999999996,2.239141000000001,3.0743826,3.0873333639999996,3.10605046,3.1589666559999996,3.2323570599999996,3.2591122400000003,3.3443835360000014,3.3849525999999996,3.4789000240000005,3.5649867799999995,low,empirical_from_hard_anomaly_removed_only,step1-插值损耗模型-仅正功率,LGXRFD,FAN_SEG,风机总功率分段模型,FAN_eff,FAN_eff,10.0,10.0,hard_anomaly_removed_only,3.0,0.99
9.9,10.0,9.943,173,1,0.1,20,1.0028856400000004,1.0507813199999996,1.1839021999999995,1.20225968,1.2932366000000006,1.31065124,1.3629825999999998,1.386837760000001,1.4172326000000002,1.4497685999999992,2.2833892999999996,3.0333094000000003,3.1348184440000004,3.189808448,3.2182074919999994,3.2453921599999993,3.3929547800000006,3.460642012000001,3.5171086520000006,3.559941184,3.6265577279999994,low,empirical_from_hard_anomaly_removed_only,step1-插值损耗模型-仅正功率,LGXRFD,FAN_SEG,风机总功率分段模型,FAN_eff,FAN_eff,10.0,10.0,hard_anomaly_removed_only,3.0,0.99
10.0,12.0,10.971,3741,1,2.0,20,0.9379140000000004,1.0684585000000009,1.1272016,1.1827259999999995,1.2402245,1.2816097999999994,1.3180584000000004,1.3424833999999997,1.3681163999999995,1.3879579999999994,2.1914605,2.890614000000001,2.926998,2.97037008,3.0151844,3.05744518,3.107775,3.1955965999999996,3.2935489999999996,3.448141,3.7506200000000005,high,empirical_from_hard_anomaly_removed_only,step1-插值损耗模型-仅正功率,LGXRFD,FAN_SEG,风机总功率分段模型,FAN_eff,FAN_eff,10.0,10.0,hard_anomaly_removed_only,3.0,0.99
12.0,14.0,12.997499999999999,3560,1,2.0,20,0.770636155000001,0.85032378,0.9011025800000001,0.94565164,0.9822474500000009,1.0236280599999996,1.0606915099999987,1.0871837200000007,1.1149283599999995,1.140905400000001,1.9617434999999999,2.778505800000001,2.81184484,2.86231508,2.9017125999999993,2.96673852,3.0483646999999996,3.1620668399999983,3.2814157699999993,3.4087273000000007,3.7448135000000002,high,empirical_from_hard_anomaly_removed_only,step1-插值损耗模型-仅正功率,LGXRFD,FAN_SEG,风机总功率分段模型,FAN_eff,FAN_eff,10.0,10.0,hard_anomaly_removed_only,3.0,0.99
14.0,16.0,15.021,3817,1,2.0,20,0.6229172000000002,0.7310260399999992,0.7801629600000003,0.8466338000000003,0.8860198,0.924593719999999,0.9582556399999995,0.992364440000001,1.03049376,1.0554848000000003,1.8265770000000003,2.6192924,2.6600974799999997,2.706762560000001,2.771296960000001,2.82348622,2.881336599999999,2.9523585599999995,3.0504124,3.1635875799999984,3.409016520000002,high,empirical_from_hard_anomaly_removed_only,step1-插值损耗模型-仅正功率,LGXRFD,FAN_SEG,风机总功率分段模型,FAN_eff,FAN_eff,10.0,10.0,hard_anomaly_removed_only,3.0,0.99
16.0,18.0,16.9605,3658,1,2.0,20,0.5546879200000008,0.6328550199999986,0.7014681499999991,0.7321006800000005,0.7653666000000007,0.7995490800000007,0.8310103099999998,0.855290600000001,0.8739153000000013,0.9012791999999993,1.6711047500000005,2.4516637500000003,2.4829927,2.522362840000002,2.56590206,2.60525347,2.6669165999999978,2.7564324799999995,2.8465888999999995,2.9698152600000003,3.2048833500000007,high,empirical_from_hard_anomaly_removed_only,step1-插值损耗模型-仅正功率,LGXRFD,FAN_SEG,风机总功率分段模型,FAN_eff,FAN_eff,10.0,10.0,hard_anomaly_removed_only,3.0,0.99
18.0,20.0,19.023,3537,1,2.0,20,0.48610051999999965,0.5879235200000007,0.6374920799999991,0.6734045600000017,0.7125617999999982,0.7381084799999996,0.7594608399999981,0.7804153600000018,0.7969092799999982,0.8189074000000005,1.4629370000000002,2.3524813999999994,2.3890227600000014,2.4285610400000004,2.4700614800000005,2.530314279999998,2.591433599999999,2.6600354000000013,2.762533519999999,2.8899728799999993,3.1858584400000005,high,empirical_from_hard_anomaly_removed_only,step1-插值损耗模型-仅正功率,LGXRFD,FAN_SEG,风机总功率分段模型,FAN_eff,FAN_eff,10.0,10.0,hard_anomaly_removed_only,3.0,0.99
20.0,22.0,20.973,3441,1,2.0,20,0.3827381999999993,0.4946399999999997,0.5542833999999971,0.5837952000000002,0.6130870000000002,0.6412746000000006,0.6738858000000008,0.6945972000000005,0.7117784000000015,0.7231769999999997,1.3257079999999988,2.2154099999999985,2.2507992000000008,2.3032132000000005,2.3510496000000005,2.4116259999999987,2.4630989999999997,2.5436983999999994,2.658335800000001,2.777145199999997,3.0506248000000005,high,empirical_from_hard_anomaly_removed_only,step1-插值损耗模型-仅正功率,LGXRFD,FAN_SEG,风机总功率分段模型,FAN_eff,FAN_eff,10.0,10.0,hard_anomaly_removed_only,3.0,0.99
22.0,24.0,22.99,3422,1,2.0,20,0.2774872800000013,0.4051092,0.47791704,0.5224727599999991,0.5595622499999994,0.5840640400000006,0.6052230399999997,0.6256116399999992,0.6469408199999994,0.6645712000000004,1.2068875000000006,2.1480200000000007,2.1819442899999983,2.2216665200000003,2.2722017900000004,2.3234133799999985,2.3962552999999995,2.469274920000001,2.5856309899999994,2.7131588200000007,2.9827303200000013,high,empirical_from_hard_anomaly_removed_only,step1-插值损耗模型-仅正功率,LGXRFD,FAN_SEG,风机总功率分段模型,FAN_eff,FAN_eff,10.0,10.0,hard_anomaly_removed_only,3.0,0.99
24.0,26.0,25.04,3545,1,2.0,20,0.20460952000000018,0.3239483200000008,0.36877911999999935,0.4286951999999994,0.46763200000000044,0.49887904000000133,0.5240144800000021,0.5500761200000002,0.5740767600000016,0.5922543999999995,1.088435999999998,2.0004228,2.0253230399999986,2.0837997200000014,2.1464153600000007,2.2087495200000014,2.2660402000000004,2.380017999999999,2.4694473599999984,2.67852936,3.06593752,high,empirical_from_hard_anomaly_removed_only,step1-插值损耗模型-仅正功率,LGXRFD,FAN_SEG,风机总功率分段模型,FAN_eff,FAN_eff,10.0,10.0,hard_anomaly_removed_only,3.0,0.99
26.0,28.0,26.985,3375,1,2.0,20,0.22513041999999878,0.3032884800000011,0.37654206000000207,0.41805472000000093,0.4525923000000013,0.4780539199999997,0.5048229599999993,0.5317149599999997,0.555271579999998,0.5691443999999983,1.0389079999999993,1.9282009999999992,1.9774238600000007,2.0174508799999975,2.071378639999999,2.1331740799999985,2.2102320999999994,2.2786476799999997,2.4196630800000003,2.5609415199999983,2.9224497999999954,high,empirical_from_hard_anomaly_removed_only,step1-插值损耗模型-仅正功率,LGXRFD,FAN_SEG,风机总功率分段模型,FAN_eff,FAN_eff,10.0,10.0,hard_anomaly_removed_only,3.0,0.99
28.0,30.0,29.0155,3236,1,2.0,20,0.2044352000000007,0.29581630000000064,0.36300510000000014,0.4038032000000008,0.4462919999999997,0.4752395000000007,0.4966038499999993,0.518457200000001,0.53488045,0.5554214999999978,0.9791424999999983,1.8703875000000014,1.9175900499999998,1.9718272000000003,2.030815200000001,2.0815523999999983,2.1480524999999977,2.2495161999999973,2.371453149999999,2.5511503,2.9528009,high,empirical_from_hard_anomaly_removed_only,step1-插值损耗模型-仅正功率,LGXRFD,FAN_SEG,风机总功率分段模型,FAN_eff,FAN_eff,10.0,10.0,hard_anomaly_removed_only,3.0,0.99
30.0,32.0,30.9825,3186,1,2.0,20,0.10405929999999888,0.2319787000000016,0.3193885000000005,0.3724850000000018,0.41609350000000145,0.4571631000000007,0.48095675,0.5049735999999996,0.5285356499999991,0.5470015000000021,0.9696410000000011,1.8344445,1.8902514,1.9502190000000008,2.014478899999998,2.0960051999999956,2.19600525,2.2874203999999985,2.4822343000000004,2.7488182999999986,3.1407582000000014,high,empirical_from_hard_anomaly_removed_only,step1-插值损耗模型-仅正功率,LGXRFD,FAN_SEG,风机总功率分段模型,FAN_eff,FAN_eff,10.0,10.0,hard_anomaly_removed_only,3.0,0.99
32.0,34.0,33.023,2960,1,2.0,20,0.08186729999999763,0.22102607999999563,0.29538617999999794,0.34746296,0.3901551000000028,0.4199597999999956,0.45496926999999937,0.47604479999999993,0.49720285000000114,0.5184597999999987,0.9546914999999991,1.7469421999999997,1.7977775299999983,1.8525407999999974,1.9030644000000039,1.97540684,2.0445322500000005,2.120274119999996,2.256705410000003,2.4499783599999976,2.916547589999999,high,empirical_from_hard_anomaly_removed_only,step1-插值损耗模型-仅正功率,LGXRFD,FAN_SEG,风机总功率分段模型,FAN_eff,FAN_eff,10.0,10.0,hard_anomaly_removed_only,3.0,0.99
34.0,36.0,35.013,3021,1,2.0,20,0.0158860000000004,0.17742400000000202,0.24103259999999976,0.3005133999999998,0.3463640000000012,0.39281000000000144,0.4201029999999975,0.4403956000000022,0.45523759999999813,0.46891500000000264,0.9025719999999993,1.6254599999999968,1.6628202000000003,1.7048179999999946,1.7447943999999964,1.791011199999998,1.856702999999996,1.940206000000001,2.047313600000001,2.176822399999999,2.5681635999999997,high,empirical_from_hard_anomaly_removed_only,step1-插值损耗模型-仅正功率,LGXRFD,FAN_SEG,风机总功率分段模型,FAN_eff,FAN_eff,10.0,10.0,hard_anomaly_removed_only,3.0,0.99
36.0,38.0,36.999,3055,1,2.0,20,0.009308080000001264,0.15740183999999885,0.2070558000000041,0.2768854399999981,0.3193674999999999,0.35647612000000034,0.3822356200000006,0.40913176000000107,0.43216342000000113,0.4567699999999988,0.8823769999999982,1.593673599999998,1.6313392400000006,1.6761797199999993,1.723201840000003,1.7640221999999997,1.8201531999999974,1.8830463200000014,2.0097497000000017,2.1599104000000025,2.4641964199999946,high,empirical_from_hard_anomaly_removed_only,step1-插值损耗模型-仅正功率,LGXRFD,FAN_SEG,风机总功率分段模型,FAN_eff,FAN_eff,10.0,10.0,hard_anomaly_removed_only,3.0,0.99
38.0,40.0,38.995,3017,1,2.0,20,-0.04911651999999776,0.08760007999999914,0.16569480000000017,0.23706967999999934,0.27209940000000044,0.3044743199999985,0.3343399199999976,0.3598913999999985,0.3808761600000017,0.40376899999999977,0.8501520000000014,1.5674093999999985,1.6221272000000058,1.6680852800000006,1.712195559999998,1.7547384000000037,1.8326063999999977,1.9125965199999988,2.010648000000003,2.161717440000003,2.497174880000004,high,empirical_from_hard_anomaly_removed_only,step1-插值损耗模型-仅正功率,LGXRFD,FAN_SEG,风机总功率分段模型,FAN_eff,FAN_eff,10.0,10.0,hard_anomaly_removed_only,3.0,0.99
40.0,42.0,40.895,4074,1,2.0,20,-0.061681150000000615,0.12255672000000388,0.21949615000000278,0.26544567999999713,0.30838199999999605,0.3354211999999957,0.3709587999999939,0.39579832000000265,0.4101148000000016,0.42783429999999995,0.7312160000000034,1.3724235,1.4269752899999981,1.4681742799999975,1.5225212500000012,1.5968322199999985,1.6514599500000031,1.7510573600000015,1.848110170000001,2.0130558000000023,2.3128119800000007,high,empirical_from_hard_anomaly_removed_only,step1-插值损耗模型-仅正功率,LGXRFD,FAN_SEG,风机总功率分段模型,FAN_eff,FAN_eff,10.0,10.0,hard_anomaly_removed_only,3.0,0.99
42.0,44.0,43.0075,2918,1,2.0,20,-0.04726510000000154,0.09632545999999863,0.15063060000000006,0.21404603999999722,0.2668584000000031,0.3132213400000012,0.34163135000000366,0.36760999999999827,0.3892940699999973,0.40957560000000226,0.8254824999999997,1.435954899999999,1.4837277500000028,1.5277200000000022,1.5702351399999983,1.6306543599999952,1.676822499999998,1.7486345999999942,1.8663089899999987,2.0118355800000027,2.404328610000002,high,empirical_from_hard_anomaly_removed_only,step1-插值损耗模型-仅正功率,LGXRFD,FAN_SEG,风机总功率分段模型,FAN_eff,FAN_eff,10.0,10.0,hard_anomaly_removed_only,3.0,0.99
44.0,46.0,45.011,2811,1,2.0,20,-0.13853150000000483,0.008378999999999356,0.11525339999999956,0.19601319999999878,0.26032400000000067,0.3084679999999992,0.33209599999999784,0.35372039999999744,0.3730584000000021,0.3953699999999998,0.8223800000000026,1.4479940000000013,1.4880666999999987,1.545579800000001,1.6006655999999997,1.6546307999999965,1.7438590000000005,1.8457417999999965,1.992606600000001,2.146914799999997,2.4238660000000025,high,empirical_from_hard_anomaly_removed_only,step1-插值损耗模型-仅正功率,LGXRFD,FAN_SEG,风机总功率分段模型,FAN_eff,FAN_eff,10.0,10.0,hard_anomaly_removed_only,3.0,0.99
46.0,48.0,47.010000000000005,2702,1,2.0,20,-0.1996249600000022,0.05477234000000495,0.1559286799999984,0.22027840000000254,0.25823269999999854,0.30059821999999625,0.33810172999999616,0.36611456000000403,0.3842000500000013,0.40476579999999773,0.7984955000000014,1.4002191999999964,1.448182089999999,1.4953864400000032,1.5394900800000053,1.6036108800000042,1.6697543999999975,1.758028719999997,1.8297513499999987,1.9763591999999988,2.223809539999997,high,empirical_from_hard_anomaly_removed_only,step1-插值损耗模型-仅正功率,LGXRFD,FAN_SEG,风机总功率分段模型,FAN_eff,FAN_eff,10.0,10.0,hard_anomaly_removed_only,3.0,0.99
48.0,50.0,49.012,2555,1,2.0,20,-0.09928183999999676,0.0231368800000004,0.09559974000000095,0.1572247999999979,0.20193129999999757,0.2498318399999965,0.2803504599999964,0.31605199999999656,0.3445595599999943,0.3669940000000011,0.7821659999999966,1.4201996000000023,1.463847759999998,1.5089109999999997,1.5494280800000042,1.6118054399999993,1.7113981999999985,1.7838383999999965,1.8958456000000032,2.0646949999999964,2.3584298000000055,high,empirical_from_hard_anomaly_removed_only,step1-插值损耗模型-仅正功率,LGXRFD,FAN_SEG,风机总功率分段模型,FAN_eff,FAN_eff,10.0,10.0,hard_anomaly_removed_only,3.0,0.99
50.0,52.0,51.01,2585,1,2.0,20,-0.2415905999999964,-0.07506380000000093,0.0226488799999989,0.14182311999999883,0.1861132000000012,0.22386639999999886,0.2680570800000035,0.30198784000000045,0.32569600000000176,0.3521787999999987,0.7696380000000005,1.3744398000000018,1.4143880399999977,1.4715832799999977,1.5331747599999963,1.5835957600000052,1.659373599999999,1.7486902800000017,1.8650969600000027,2.044027199999997,2.2965489999999984,high,empirical_from_hard_anomaly_removed_only,step1-插值损耗模型-仅正功率,LGXRFD,FAN_SEG,风机总功率分段模型,FAN_eff,FAN_eff,10.0,10.0,hard_anomaly_removed_only,3.0,0.99
52.0,54.0,52.9775,2528,1,2.0,20,-0.1328187300000031,0.0007138799999977147,0.07338005999999958,0.13105172000000295,0.1873994,0.23031515999999969,0.2612362800000048,0.29290799999999817,0.31793634000000354,0.3363831000000047,0.7802910000000018,1.3976231000000041,1.4355907100000016,1.4900109199999971,1.5576349299999996,1.618870799999998,1.687109550000004,1.776834560000001,1.884899169999999,2.090625500000002,2.5917032000000035,high,empirical_from_hard_anomaly_removed_only,step1-插值损耗模型-仅正功率,LGXRFD,FAN_SEG,风机总功率分段模型,FAN_eff,FAN_eff,10.0,10.0,hard_anomaly_removed_only,3.0,0.99
54.0,56.0,54.999,2493,1,2.0,20,-0.2148935999999972,-0.08502912000000377,0.06211512000000226,0.12497340000000037,0.18675599999999976,0.23168936000000342,0.26547055999999686,0.2993962400000041,0.3319305600000007,0.34723780000000065,0.7748160000000013,1.364391200000001,1.405375200000004,1.4493036399999997,1.5020745200000036,1.5562339199999988,1.6492521999999996,1.7383115999999992,1.8732250799999952,2.1152439999999944,2.4402820000000016,high,empirical_from_hard_anomaly_removed_only,step1-插值损耗模型-仅正功率,LGXRFD,FAN_SEG,风机总功率分段模型,FAN_eff,FAN_eff,10.0,10.0,hard_anomaly_removed_only,3.0,0.99
56.0,58.0,56.9985,2278,1,2.0,20,-0.17235483000000387,-0.059882820000000274,0.04643855999999851,0.11769487999999996,0.17858230000000005,0.22852345999999826,0.2570178799999991,0.2873622399999982,0.3184671200000017,0.34196820000000017,0.7850399999999986,1.3333971,1.3766090300000002,1.4056294399999991,1.47342748,1.5339497199999992,1.576887900000003,1.6840714800000045,1.7834892800000004,1.9527472399999974,2.2802604999999976,high,empirical_from_hard_anomaly_removed_only,step1-插值损耗模型-仅正功率,LGXRFD,FAN_SEG,风机总功率分段模型,FAN_eff,FAN_eff,10.0,10.0,hard_anomaly_removed_only,3.0,0.99
58.0,60.0,58.979,2296,1,2.0,20,-0.2927621499999997,-0.10406850000000462,-0.005496750000001089,0.0774747999999974,0.15379999999999505,0.21652959999999835,0.24845089999999673,0.2818659999999994,0.3060515500000061,0.32658699999999996,0.7770399999999995,1.3242005,1.3616574000000006,1.4082330000000005,1.4509164999999984,1.5003198999999965,1.568011499999999,1.6470545999999984,1.75531215,1.917850600000002,2.1327774500000087,high,empirical_from_hard_anomaly_removed_only,step1-插值损耗模型-仅正功率,LGXRFD,FAN_SEG,风机总功率分段模型,FAN_eff,FAN_eff,10.0,10.0,hard_anomaly_removed_only,3.0,0.99
60.0,62.0,61.008,2427,1,2.0,20,-0.2850030000000019,-0.1280044799999993,-0.002590320000002461,0.06678607999999826,0.14148030000000286,0.19841292000000124,0.25703435999999924,0.2896010400000006,0.32215540000000176,0.3545449999999974,0.7917750000000012,1.3138367999999971,1.347059680000003,1.3941615200000022,1.4493737600000034,1.494113440000001,1.5812263000000013,1.6773087199999954,1.7752479799999965,1.9073769599999966,2.2120555999999993,high,empirical_from_hard_anomaly_removed_only,step1-插值损耗模型-仅正功率,LGXRFD,FAN_SEG,风机总功率分段模型,FAN_eff,FAN_eff,10.0,10.0,hard_anomaly_removed_only,3.0,0.99
62.0,64.0,63.063,2372,1,2.0,20,-0.29853389999999164,-0.14886259999999807,-0.024306490000003667,0.05918399999999451,0.12390239999999654,0.17957732000000048,0.22224866999999662,0.24959520000000054,0.28356465000000236,0.31199370000000143,0.7730224999999997,1.3261310000000004,1.3574577500000027,1.3954432000000017,1.4414760299999998,1.4959875200000001,1.554997499999999,1.6683366399999993,1.7580162700000024,1.9718968799999985,2.20445167,high,empirical_from_hard_anomaly_removed_only,step1-插值损耗模型-仅正功率,LGXRFD,FAN_SEG,风机总功率分段模型,FAN_eff,FAN_eff,10.0,10.0,hard_anomaly_removed_only,3.0,0.99
64.0,66.0,64.976,2302,1,2.0,20,-0.2118216499999936,-0.0632641999999984,0.049476799999996074,0.12520815999999116,0.16868550000001012,0.21690932000000587,0.26047120000000434,0.30624600000000046,0.33136464000000504,0.3513040000000032,0.7957254999999961,1.3465443000000032,1.3746405699999975,1.4127159999999959,1.472719549999999,1.5156184800000039,1.5626752499999994,1.654855400000001,1.7963486800000061,1.9636642200000018,2.205044639999999,high,empirical_from_hard_anomaly_removed_only,step1-插值损耗模型-仅正功率,LGXRFD,FAN_SEG,风机总功率分段模型,FAN_eff,FAN_eff,10.0,10.0,hard_anomaly_removed_only,3.0,0.99
66.0,68.0,66.948,2265,1,2.0,20,-0.42622584000000074,-0.17768831999999918,-0.01954231999999535,0.06329720000000408,0.1484279999999984,0.18856783999999152,0.24370159999999552,0.280343680000006,0.30104720000000557,0.3220799999999997,0.7735799999999955,1.3202079999999972,1.3532773999999956,1.3981716800000015,1.437703919999999,1.493885200000012,1.5738060000000003,1.6673352000000015,1.7767272000000047,1.9017364800000076,2.1067506399999996,high,empirical_from_hard_anomaly_removed_only,step1-插值损耗模型-仅正功率,LGXRFD,FAN_SEG,风机总功率分段模型,FAN_eff,FAN_eff,10.0,10.0,hard_anomaly_removed_only,3.0,0.99
68.0,70.0,69.006,2252,1,2.0,20,-0.24414890000000253,-0.06100740000000256,0.03206669999999975,0.1261582400000009,0.17144349999998884,0.2149692999999948,0.24616729999999992,0.2729875999999956,0.3047218999999997,0.32709059999999396,0.8036319999999932,1.3494290000000078,1.3836478999999926,1.4218456000000066,1.4584141200000043,1.5097379000000115,1.5777147000000038,1.6466736000000037,1.7642912999999962,1.9178545999999943,2.3063662999999863,high,empirical_from_hard_anomaly_removed_only,step1-插值损耗模型-仅正功率,LGXRFD,FAN_SEG,风机总功率分段模型,FAN_eff,FAN_eff,10.0,10.0,hard_anomaly_removed_only,3.0,0.99
70.0,72.0,70.975,2255,1,2.0,20,-0.47630340000001015,-0.14133039999999028,0.0011192999999923394,0.09268320000000756,0.15867499999999668,0.21680320000000394,0.24517308000000498,0.26861480000000537,0.29480919999999683,0.31973200000000757,0.8305699999999945,1.341768000000008,1.376273640000005,1.4055139199999998,1.4332350999999974,1.4959096000000114,1.5482855000000069,1.6478467999999955,1.7782617999999992,1.9038356000000043,2.104338960000002,high,empirical_from_hard_anomaly_removed_only,step1-插值损耗模型-仅正功率,LGXRFD,FAN_SEG,风机总功率分段模型,FAN_eff,FAN_eff,10.0,10.0,hard_anomaly_removed_only,3.0,0.99
72.0,74.0,72.998,2116,1,2.0,20,-0.2779539999999919,-0.10946499999999446,0.005743000000003174,0.0737980000000022,0.1532429999999927,0.20139439999998812,0.23231219999999908,0.2715599999999995,0.301041000000005,0.32667,0.8167650000000037,1.3405899999999988,1.3818520000000059,1.425916000000004,1.456940999999997,1.5077820000000028,1.574384999999996,1.6596899999999943,1.8303844000000073,1.9970339999999953,2.4064640000000015,high,empirical_from_hard_anomaly_removed_only,step1-插值损耗模型-仅正功率,LGXRFD,FAN_SEG,风机总功率分段模型,FAN_eff,FAN_eff,10.0,10.0,hard_anomaly_removed_only,3.0,0.99
74.0,76.0,75.028,2121,1,2.0,20,-0.3983559999999955,-0.1057103999999953,0.04003600000000056,0.13765299999999456,0.18268000000000484,0.22297399999998788,0.25209599999999743,0.2865303999999952,0.3152928000000031,0.34094000000000335,0.8298699999999997,1.3679850000000044,1.4054688000000084,1.4468179999999993,1.486502000000002,1.5357111999999973,1.601616000000007,1.703945999999996,1.8593080000000055,2.0053180000000004,2.2967332000000105,high,empirical_from_hard_anomaly_removed_only,step1-插值损耗模型-仅正功率,LGXRFD,FAN_SEG,风机总功率分段模型,FAN_eff,FAN_eff,10.0,10.0,hard_anomaly_removed_only,3.0,0.99
76.0,78.0,76.96549999999999,2194,1,2.0,20,-0.191777500000005,-0.05441359999999548,0.03826589999999655,0.11522920000000454,0.17989310000000103,0.22506090000000167,0.27204645999999655,0.3026552000000055,0.34015810000000213,0.364512000000002,0.8387269999999987,1.422105500000002,1.46080570000001,1.493012240000005,1.5384273000000028,1.5820091999999892,1.6471459999999998,1.736201599999997,1.8940133999999966,2.061869999999999,2.3253312199999985,high,empirical_from_hard_anomaly_removed_only,step1-插值损耗模型-仅正功率,LGXRFD,FAN_SEG,风机总功率分段模型,FAN_eff,FAN_eff,10.0,10.0,hard_anomaly_removed_only,3.0,0.99
78.0,80.0,78.9755,2034,1,2.0,20,-0.404398799999999,-0.14753080000000324,-0.01453010000000596,0.07468847999999698,0.1352139999999963,0.17307489999999745,0.21086659999999854,0.24541879999999994,0.28061444999999935,0.3187259999999995,0.8618549999999985,1.4164927000000036,1.4500182500000012,1.4908232,1.5504648999999926,1.6106639999999957,1.6839557000000025,1.780103600000001,1.866028600000001,2.0221506000000025,2.405050599999998,high,empirical_from_hard_anomaly_removed_only,step1-插值损耗模型-仅正功率,LGXRFD,FAN_SEG,风机总功率分段模型,FAN_eff,FAN_eff,10.0,10.0,hard_anomaly_removed_only,3.0,0.99
80.0,82.0,81.613,4522,1,2.0,20,-0.09267513999999821,0.0883822000000032,0.1778581199999955,0.24387936000000252,0.3071021999999921,0.35222739999999275,0.38120829999999634,0.40965552000000344,0.43221004000000307,0.45090999999999754,0.7845279999999946,1.2117159999999958,1.2390110999999937,1.2842360000000008,1.329467019999998,1.376603400000002,1.4371367500000067,1.5042889599999998,1.592320349999989,1.7255193999999954,2.0222102000000004,high,empirical_from_hard_anomaly_removed_only,step1-插值损耗模型-仅正功率,LGXRFD,FAN_SEG,风机总功率分段模型,FAN_eff,FAN_eff,10.0,10.0,hard_anomaly_removed_only,3.0,0.99
82.0,84.0,82.961,2098,1,2.0,20,-0.4187368999999964,-0.211082200000011,-0.008681100000004572,0.10867559999999683,0.16869874999999937,0.25850940000000944,0.29434270000000096,0.3355666400000098,0.3597265199999927,0.3862540000000038,0.8820850000000036,1.4109831999999911,1.456255499999999,1.4930432000000031,1.5374006399999964,1.5862174000000004,1.645701999999991,1.7367375199999953,1.8188877000000059,1.9814511999999989,2.362164599999999,high,empirical_from_hard_anomaly_removed_only,step1-插值损耗模型-仅正功率,LGXRFD,FAN_SEG,风机总功率分段模型,FAN_eff,FAN_eff,10.0,10.0,hard_anomaly_removed_only,3.0,0.99
84.0,86.0,84.9925,1948,1,2.0,20,-0.5370879000000014,-0.19874164000000097,-0.04540950000000126,0.0561336,0.138247999999998,0.20796830000000652,0.25575995999999734,0.30547720000000084,0.33318500000000195,0.3716919999999959,0.8968580000000017,1.480816999999997,1.5189572699999987,1.5865603999999962,1.6300097999999987,1.6726367999999991,1.7756640000000021,1.8434999999999917,1.9454350999999965,2.115622639999988,2.463415700000001,high,empirical_from_hard_anomaly_removed_only,step1-插值损耗模型-仅正功率,LGXRFD,FAN_SEG,风机总功率分段模型,FAN_eff,FAN_eff,10.0,10.0,hard_anomaly_removed_only,3.0,0.99
86.0,88.0,87.007,2009,1,2.0,20,-0.34833488000000273,-0.1255490400000081,0.004691600000003848,0.09997968000000526,0.17378800000000183,0.21441879999999855,0.28084359999999264,0.3079204000000061,0.35284120000000085,0.38302320000000234,0.915930000000003,1.4677080000000047,1.4956335999999948,1.5373911999999994,1.576051200000009,1.6260346000000003,1.6874660000000063,1.7947235999999966,1.9257087999999971,2.0842289999999983,2.3841419999999993,high,empirical_from_hard_anomaly_removed_only,step1-插值损耗模型-仅正功率,LGXRFD,FAN_SEG,风机总功率分段模型,FAN_eff,FAN_eff,10.0,10.0,hard_anomaly_removed_only,3.0,0.99
88.0,90.0,88.963,1942,1,2.0,20,-0.32457348999999625,-0.09202622000000162,0.03635509999999172,0.1174890400000072,0.16774430000000606,0.22639240000000058,0.3071749200000048,0.34651120000000335,0.388544050000001,0.4152913999999967,0.9412149999999997,1.5619669000000045,1.609658800000003,1.6649164000000105,1.7170268500000043,1.8005458999999984,1.8692967999999939,1.970777600000003,2.0814723000000024,2.219650000000002,2.4899111099999915,high,empirical_from_hard_anomaly_removed_only,step1-插值损耗模型-仅正功率,LGXRFD,FAN_SEG,风机总功率分段模型,FAN_eff,FAN_eff,10.0,10.0,hard_anomaly_removed_only,3.0,0.99
90.0,92.0,91.0185,1912,1,2.0,20,-0.42692105999999813,-0.19607419999999423,-0.050120619999996174,0.10030959999999765,0.16894000000000417,0.2291573999999963,0.26912479999999533,0.31337559999999426,0.3526598999999939,0.4004389999999917,0.9495100000000036,1.5265750000000056,1.5740545999999933,1.6166344000000008,1.6531398500000105,1.7241433999999938,1.7837974999999942,1.852508560000001,1.9293590800000031,2.0364966999999963,2.3415020400000004,high,empirical_from_hard_anomaly_removed_only,step1-插值损耗模型-仅正功率,LGXRFD,FAN_SEG,风机总功率分段模型,FAN_eff,FAN_eff,10.0,10.0,hard_anomaly_removed_only,3.0,0.99
92.0,94.0,93.026,1777,1,2.0,20,-0.5369528000000036,-0.3612508800000011,-0.11978799999999806,0.041297200000011004,0.12834200000000634,0.18337800000000015,0.24085800000000124,0.26746119999999,0.32104440000000295,0.3578249999999941,0.9334499999999935,1.5588899999999941,1.6099529600000035,1.643907999999995,1.7024856000000006,1.77445232,1.8306608000000062,1.9440203999999994,2.091406319999998,2.2302492000000016,2.7278404000000025,high,empirical_from_hard_anomaly_removed_only,step1-插值损耗模型-仅正功率,LGXRFD,FAN_SEG,风机总功率分段模型,FAN_eff,FAN_eff,10.0,10.0,hard_anomaly_removed_only,3.0,0.99
94.0,96.0,95.044,1789,1,2.0,20,-0.4073692800000015,-0.19993380000000233,-0.03944560000000023,0.07529400000000062,0.1458423999999923,0.2242455999999987,0.29306640000000356,0.34115260000000486,0.36773648000000436,0.3962630000000047,0.965769999999992,1.5828859999999965,1.6323336799999983,1.6903948000000102,1.747897199999993,1.8011207999999994,1.9053420000000012,2.0123227999999984,2.2105723999999958,2.343579600000006,2.577255200000006,high,empirical_from_hard_anomaly_removed_only,step1-插值损耗模型-仅正功率,LGXRFD,FAN_SEG,风机总功率分段模型,FAN_eff,FAN_eff,10.0,10.0,hard_anomaly_removed_only,3.0,0.99
96.0,98.0,96.9785,1782,1,2.0,20,-0.42211549999999737,-0.18179660000000555,-0.00267749999999893,0.07057255999999255,0.1677937500000006,0.20896860000000203,0.265668350000007,0.30339060000000245,0.35191819999999535,0.39595459999999894,0.97757,1.599929600000006,1.6254392500000052,1.6726467999999983,1.7193593499999942,1.778151400000001,1.8741612999999901,1.9620671999999972,2.1094394199999993,2.308186379999993,2.7729938600000037,high,empirical_from_hard_anomaly_removed_only,step1-插值损耗模型-仅正功率,LGXRFD,FAN_SEG,风机总功率分段模型,FAN_eff,FAN_eff,10.0,10.0,hard_anomaly_removed_only,3.0,0.99
98.0,100.0,99.025,1877,1,2.0,20,-0.3026320000000067,-0.07961239999998836,0.041742800000003515,0.1280284000000058,0.18991599999999098,0.24358220000000133,0.31202911999999805,0.34913560000000193,0.3974589600000087,0.4322623999999991,0.9947999999999979,1.5901359999999984,1.6313513600000102,1.6710233999999942,1.744889799999997,1.813397199999995,1.8730639999999956,1.9808292000000067,2.1069188800000003,2.2979487999999977,2.6659413999999986,high,empirical_from_hard_anomaly_removed_only,step1-插值损耗模型-仅正功率,LGXRFD,FAN_SEG,风机总功率分段模型,FAN_eff,FAN_eff,10.0,10.0,hard_anomaly_removed_only,3.0,0.99
100.0,102.0,101.022,1850,1,2.0,20,-0.39979089000000767,-0.21605911999999106,-0.03933359999999894,0.08272000000001016,0.13765774999999678,0.20433919999999092,0.2709777999999987,0.33242840000000284,0.3810601000000004,0.4039430000000067,1.0360079999999954,1.6845940000000028,1.7298294999999984,1.7853419999999942,1.879496320000002,1.9654107599999988,2.0661114999999923,2.1608132000000038,2.2936352800000055,2.4262347199999907,2.873088150000002,high,empirical_from_hard_anomaly_removed_only,step1-插值损耗模型-仅正功率,LGXRFD,FAN_SEG,风机总功率分段模型,FAN_eff,FAN_eff,10.0,10.0,hard_anomaly_removed_only,3.0,0.99
102.0,104.0,103.009,1822,1,2.0,20,-0.2969154600000081,-0.1372093000000015,0.0269230999999945,0.11868880000000218,0.19991850000000053,0.28438616000000533,0.32268668000000317,0.3651427999999993,0.40684704000000677,0.4508550000000015,1.051125000000006,1.692910999999998,1.7201980000000052,1.7915892000000029,1.8444581300000005,1.945472559999995,2.0734508000000087,2.242037999999996,2.325581999999998,2.5767113999999967,3.0600103499999984,high,empirical_from_hard_anomaly_removed_only,step1-插值损耗模型-仅正功率,LGXRFD,FAN_SEG,风机总功率分段模型,FAN_eff,FAN_eff,10.0,10.0,hard_anomaly_removed_only,3.0,0.99
104.0,106.0,104.981,1661,1,2.0,20,-0.4568180000000012,-0.19512999999999747,-0.07441100000000347,0.06481559999999434,0.15818000000000154,0.23356199999999774,0.29894199999999405,0.35128399999999826,0.3980883999999975,0.43914999999999793,1.0516199999999998,1.713790000000003,1.7565579999999956,1.7848199999999996,1.8401839999999967,1.9054460000000006,1.9501800000000031,2.0368340000000016,2.133229999999993,2.2675419999999917,2.7402719999999974,high,empirical_from_hard_anomaly_removed_only,step1-插值损耗模型-仅正功率,LGXRFD,FAN_SEG,风机总功率分段模型,FAN_eff,FAN_eff,10.0,10.0,hard_anomaly_removed_only,3.0,0.99
106.0,108.0,106.98750000000001,1728,1,2.0,20,-0.4497131999999981,-0.1515137999999982,-0.0034121000000052,0.09979079999999499,0.1953136000000051,0.27322579999999985,0.3208208000000005,0.3582145999999949,0.4029517000000087,0.4342800000000097,1.0713790000000074,1.7412648000000004,1.8044722000000066,1.85433080000001,1.8993801500000096,1.9500314000000032,2.049919400000002,2.1490427999999935,2.2556558599999956,2.5953412999999914,2.8610714000000015,high,empirical_from_hard_anomaly_removed_only,step1-插值损耗模型-仅正功率,LGXRFD,FAN_SEG,风机总功率分段模型,FAN_eff,FAN_eff,10.0,10.0,hard_anomaly_removed_only,3.0,0.99
108.0,110.0,109.03,1631,1,2.0,20,-0.5530508000000026,-0.24022799999999617,-0.03220949999999767,0.08109319999999517,0.17013500000000192,0.2524559999999894,0.31394940000000415,0.3644964000000016,0.40516600000000125,0.45537000000000205,1.08014,1.750630000000001,1.7929320000000002,1.8304539999999982,1.900859000000007,1.9440550000000025,2.034214999999996,2.170030000000003,2.3509083999999945,2.533309999999991,2.916061999999992,high,empirical_from_hard_anomaly_removed_only,step1-插值损耗模型-仅正功率,LGXRFD,FAN_SEG,风机总功率分段模型,FAN_eff,FAN_eff,10.0,10.0,hard_anomaly_removed_only,3.0,0.99
110.0,112.0,110.9735,1550,1,2.0,20,-0.4239937500000079,-0.005251200000000722,0.0597054000000017,0.12757959999999968,0.18288899999999586,0.23582336000000026,0.3049650499999978,0.35491480000000253,0.4082011000000017,0.45689820000000764,1.1171275000000023,1.8193724000000078,1.8756226999999985,1.90711952,1.9626875000000068,2.021631399999994,2.1141890000000045,2.204017600000007,2.331010020000001,2.5989199999999952,3.0341818999999997,high,empirical_from_hard_anomaly_removed_only,step1-插值损耗模型-仅正功率,LGXRFD,FAN_SEG,风机总功率分段模型,FAN_eff,FAN_eff,10.0,10.0,hard_anomaly_removed_only,3.0,0.99
112.0,114.0,112.952,1581,1,2.0,20,-0.6711860000000002,-0.2554100000000033,-0.0835260000000034,0.07999399999999926,0.18274999999999864,0.27977199999999697,0.34437700000000293,0.38174640000000015,0.4272060000000095,0.48743000000000336,1.1454449999999952,1.8364899999999977,1.8730840000000029,1.913416000000004,1.9670719999999935,2.0385831999999935,2.10754,2.1964631999999935,2.396752,2.5548208000000003,2.9853721999999987,high,empirical_from_hard_anomaly_removed_only,step1-插值损耗模型-仅正功率,LGXRFD,FAN_SEG,风机总功率分段模型,FAN_eff,FAN_eff,10.0,10.0,hard_anomaly_removed_only,3.0,0.99
114.0,116.0,114.983,1475,1,2.0,20,-0.7734594000000036,-0.4939316000000002,-0.15631968000000285,-0.007801599999998509,0.116611800000004,0.17852559999999754,0.2355517999999907,0.31601679999999077,0.36922823999999566,0.4438999999999993,1.1328400000000016,1.8342699999999925,1.8686416999999917,1.9324972000000085,1.9934771999999898,2.083469039999996,2.1472390000000057,2.321221600000001,2.5675871999999957,2.8230120799999883,3.4291413999999922,high,empirical_from_hard_anomaly_removed_only,step1-插值损耗模型-仅正功率,LGXRFD,FAN_SEG,风机总功率分段模型,FAN_eff,FAN_eff,10.0,10.0,hard_anomaly_removed_only,3.0,0.99
116.0,118.0,116.996,1445,1,2.0,20,-0.4148282400000016,-0.16640452000000497,-0.025257600000001615,0.11403679999999951,0.19892799999999797,0.2846280000000007,0.32730120000000235,0.37838959999999644,0.43350259999999774,0.47430800000000206,1.1893239999999992,1.872085599999997,1.9289893600000085,1.9804791999999978,2.048856800000007,2.111633999999992,2.195385999999999,2.303749160000003,2.3531102000000015,2.5257055999999984,2.96198464,high,empirical_from_hard_anomaly_removed_only,step1-插值损耗模型-仅正功率,LGXRFD,FAN_SEG,风机总功率分段模型,FAN_eff,FAN_eff,10.0,10.0,hard_anomaly_removed_only,3.0,0.99
118.0,120.0,119.0335,1528,1,2.0,20,-0.7544403999999981,-0.22834439999999434,-0.039904999999998136,0.04353600000000823,0.17923249999999705,0.25174039999999903,0.309702700000005,0.3482164000000017,0.3876837000000003,0.4298345000000027,1.1969299999999947,1.9224540000000017,1.984606300000003,2.0211419999999993,2.1033834899999984,2.163808499999999,2.269169999999996,2.3897687999999984,2.5694672500000006,2.7544225599999943,3.31081348000001,high,empirical_from_hard_anomaly_removed_only,step1-插值损耗模型-仅正功率,LGXRFD,FAN_SEG,风机总功率分段模型,FAN_eff,FAN_eff,10.0,10.0,hard_anomaly_removed_only,3.0,0.99
120.0,122.0,121.03,1509,1,2.0,20,-0.754552800000007,-0.3744056000000006,-0.1207498400000003,0.05233439999999235,0.19037200000000506,0.2800359999999886,0.31823599999999946,0.3712382399999967,0.41031820000000097,0.45812320000000284,1.2266400000000033,2.008346000000006,2.0629340799999967,2.1233074399999934,2.1929019999999966,2.2478872000000023,2.346352000000004,2.4747079999999935,2.673015600000004,2.947031199999992,3.6140702000000084,high,empirical_from_hard_anomaly_removed_only,step1-插值损耗模型-仅正功率,LGXRFD,FAN_SEG,风机总功率分段模型,FAN_eff,FAN_eff,10.0,10.0,hard_anomaly_removed_only,3.0,0.99
122.0,124.0,122.988,1558,1,2.0,20,-0.5053878000000064,-0.2568907999999985,-0.1042415999999993,0.06627759999999741,0.16083640000000304,0.24149299999999954,0.29857726000000073,0.3592829599999993,0.4258558199999908,0.4835820000000013,1.2285249999999976,1.950388000000001,1.9892714000000002,2.0384530400000025,2.127770599999995,2.2193124800000064,2.305838000000009,2.4447255199999938,2.582480439999995,2.8361945000000004,3.4181075799999943,high,empirical_from_hard_anomaly_removed_only,step1-插值损耗模型-仅正功率,LGXRFD,FAN_SEG,风机总功率分段模型,FAN_eff,FAN_eff,10.0,10.0,hard_anomaly_removed_only,3.0,0.99
124.0,126.0,125.0135,1588,1,2.0,20,-0.557794679999994,-0.19119819999999674,-0.011039299999994086,0.15791759999999738,0.25215074999999987,0.33733887999999834,0.3931444400000028,0.4561787999999956,0.49625220000000553,0.5446520000000036,1.2623450000000034,2.030501200000003,2.0857277500000015,2.1798618400000014,2.261478599999991,2.30475302,2.417253899999998,2.536848799999998,2.649817099999998,2.8875632000000064,3.5605673999999876,high,empirical_from_hard_anomaly_removed_only,step1-插值损耗模型-仅正功率,LGXRFD,FAN_SEG,风机总功率分段模型,FAN_eff,FAN_eff,10.0,10.0,hard_anomaly_removed_only,3.0,0.99
126.0,128.0,126.98,1587,1,2.0,20,-0.6066722000000029,-0.3127279999999973,-0.13846849999999336,-0.003656559999998867,0.09868680000000159,0.22953259999999656,0.3089649999999913,0.38504720000000303,0.465679800000006,0.5247439999999955,1.294150000000002,2.0776656000000004,2.120721640000006,2.1589855200000043,2.221751719999994,2.314964000000001,2.3912057999999963,2.536937200000001,2.717292000000004,3.0507415200000034,3.3882277000000047,high,empirical_from_hard_anomaly_removed_only,step1-插值损耗模型-仅正功率,LGXRFD,FAN_SEG,风机总功率分段模型,FAN_eff,FAN_eff,10.0,10.0,hard_anomaly_removed_only,3.0,0.99
128.0,130.0,128.993,1591,1,2.0,20,-0.6519130000000046,-0.28920000000000523,-0.013648000000009142,0.13278399999998672,0.25772499999999354,0.31825000000000614,0.3664459999999906,0.43642399999999953,0.4859320000000082,0.5107700000000079,1.3203000000000031,2.097750000000005,2.137079500000002,2.186928800000004,2.252249799999997,2.3502839999999994,2.433889999999998,2.582148000000006,2.7432710000000107,3.0067000000000066,3.2808220000000126,high,empirical_from_hard_anomaly_removed_only,step1-插值损耗模型-仅正功率,LGXRFD,FAN_SEG,风机总功率分段模型,FAN_eff,FAN_eff,10.0,10.0,hard_anomaly_removed_only,3.0,0.99
130.0,132.0,130.989,1486,1,2.0,20,-0.40619049999999535,-0.14922199999999466,0.047092000000003506,0.1595320000000015,0.2588049999999882,0.3262770000000046,0.3920649999999867,0.44550600000001167,0.5110029999999994,0.5537700000000001,1.359125000000006,2.158105000000006,2.2004699999999957,2.251504,2.298620500000012,2.372238599999991,2.472716999999985,2.636971999999997,2.8121810000000154,3.0851610000000007,3.4203674999999962,high,empirical_from_hard_anomaly_removed_only,step1-插值损耗模型-仅正功率,LGXRFD,FAN_SEG,风机总功率分段模型,FAN_eff,FAN_eff,10.0,10.0,hard_anomaly_removed_only,3.0,0.99
132.0,134.0,133.0025,1418,1,2.0,20,-0.8239534000000046,-0.34068340000000774,-0.06212690000000295,0.002633600000007161,0.148847500000008,0.26130139999999863,0.33307039999999694,0.4166176000000007,0.48680400000000507,0.5251709999999918,1.3608850000000103,2.176770000000016,2.2404923000000094,2.3064060000000017,2.352964600000007,2.480427200000016,2.5726920000000018,2.706748000000003,2.9394109999999976,3.194217800000013,3.730304800000008,high,empirical_from_hard_anomaly_removed_only,step1-插值损耗模型-仅正功率,LGXRFD,FAN_SEG,风机总功率分段模型,FAN_eff,FAN_eff,10.0,10.0,hard_anomaly_removed_only,3.0,0.99
134.0,136.0,134.9875,1370,1,2.0,20,-0.6712574000000036,-0.22380180000000338,-0.0518087999999949,0.07762120000000548,0.18067649999999136,0.2806991999999991,0.32683960000001644,0.37737320000000407,0.4375742000000019,0.49177300000001767,1.4040350000000075,2.243604999999991,2.3265290999999864,2.377061599999994,2.4364606000000015,2.5358879999999977,2.602718999999996,2.758387200000002,2.886879200000016,3.121408200000003,3.3426308000000047,high,empirical_from_hard_anomaly_removed_only,step1-插值损耗模型-仅正功率,LGXRFD,FAN_SEG,风机总功率分段模型,FAN_eff,FAN_eff,10.0,10.0,hard_anomaly_removed_only,3.0,0.99
136.0,138.0,137.01,1319,1,2.0,20,-0.4253690000000086,-0.06458119999999326,0.08394399999999677,0.1612160000000108,0.29984599999999945,0.40228159999999435,0.4829670000000135,0.5351060000000052,0.5946807999999925,0.6448980000000006,1.425309999999996,2.3492719999999965,2.4043636000000053,2.471931200000003,2.5419527999999922,2.595027999999989,2.694852000000014,2.7982027999999946,2.928712400000005,3.251574799999984,3.8681723999999966,high,empirical_from_hard_anomaly_removed_only,step1-插值损耗模型-仅正功率,LGXRFD,FAN_SEG,风机总功率分段模型,FAN_eff,FAN_eff,10.0,10.0,hard_anomaly_removed_only,3.0,0.99
138.0,140.0,138.957,1409,1,2.0,20,-0.746025999999996,-0.24071279999999548,-0.10753640000000822,0.08573039999999878,0.18162999999998988,0.2514219999999805,0.35913880000001086,0.41031119999999305,0.46940520000000674,0.5680339999999945,1.4731800000000135,2.3226900000000175,2.3747663999999973,2.4365263999999947,2.484932799999989,2.588156799999997,2.6597260000000036,2.793702400000011,2.9897824000000046,3.2869080000000004,3.6623568000000013,high,empirical_from_hard_anomaly_removed_only,step1-插值损耗模型-仅正功率,LGXRFD,FAN_SEG,风机总功率分段模型,FAN_eff,FAN_eff,10.0,10.0,hard_anomaly_removed_only,3.0,0.99
140.0,142.0,141.011,1420,1,2.0,20,-0.7675727999999942,-0.3447551999999882,-0.10483000000000885,0.1484828000000015,0.2350809999999953,0.3640628000000004,0.46252660000000057,0.496659200000023,0.5493054999999981,0.6128060000000091,1.5001699999999971,2.406474000000004,2.450634300000007,2.5140872000000183,2.591454800000008,2.7009091999999995,2.752925999999992,2.8883447999999827,3.000349199999996,3.193901200000009,3.4176116999999997,high,empirical_from_hard_anomaly_removed_only,step1-插值损耗模型-仅正功率,LGXRFD,FAN_SEG,风机总功率分段模型,FAN_eff,FAN_eff,10.0,10.0,hard_anomaly_removed_only,3.0,0.99
142.0,144.0,143.031,1437,1,2.0,20,-0.623805599999995,-0.17356440000000825,0.08138559999999868,0.17842359999998617,0.33639799999999687,0.39125560000000403,0.462237199999994,0.5289399999999818,0.5881896000000006,0.6401980000000037,1.5242299999999886,2.3713680000000013,2.421896799999995,2.476967599999994,2.5362492000000056,2.591725200000004,2.7333219999999985,2.857655199999981,3.113058400000003,3.511201999999993,3.944658799999992,high,empirical_from_hard_anomaly_removed_only,step1-插值损耗模型-仅正功率,LGXRFD,FAN_SEG,风机总功率分段模型,FAN_eff,FAN_eff,10.0,10.0,hard_anomaly_removed_only,3.0,0.99
144.0,146.0,145.003,1406,1,2.0,20,-0.6209810000000147,-0.21772400000001252,0.04001949999999822,0.1407559999999933,0.28967999999998995,0.36981500000000267,0.44960600000000284,0.51481,0.5812924999999822,0.6621300000000048,1.5430499999999938,2.47632999999999,2.5406375,2.5931820000000023,2.659259000000021,2.740088,2.8347874999999902,3.007467999999993,3.196423500000013,3.399654000000011,3.762510000000017,high,empirical_from_hard_anomaly_removed_only,step1-插值损耗模型-仅正功率,LGXRFD,FAN_SEG,风机总功率分段模型,FAN_eff,FAN_eff,10.0,10.0,hard_anomaly_removed_only,3.0,0.99
146.0,148.0,147.0,1423,1,2.0,20,-1.002020000000009,-0.4224531999999953,-0.08830160000001115,0.11195600000001157,0.2830580000000083,0.41186439999998353,0.49233179999999266,0.5670199999999932,0.6161023999999798,0.6676519999999869,1.571709999999996,2.4796560000000114,2.5291428,2.5935091999999975,2.6688971999999893,2.729025199999995,2.8317759999999934,3.0036967999999997,3.122097999999997,3.462918400000005,4.2239519999999935,high,empirical_from_hard_anomaly_removed_only,step1-插值损耗模型-仅正功率,LGXRFD,FAN_SEG,风机总功率分段模型,FAN_eff,FAN_eff,10.0,10.0,hard_anomaly_removed_only,3.0,0.99
148.0,150.0,149.022,1376,1,2.0,20,-0.522640000000024,-0.09780999999999551,0.019369999999995002,0.10415999999997894,0.22814500000000493,0.3398250000000047,0.4508699999999806,0.5594499999999982,0.616662500000011,0.6561750000000046,1.602845000000002,2.509839999999997,2.575662500000007,2.6158399999999915,2.6815799999999967,2.7852900000000034,2.94742999999999,3.0657400000000052,3.2106449999999995,3.483099999999993,3.858274999999999,high,empirical_from_hard_anomaly_removed_only,step1-插值损耗模型-仅正功率,LGXRFD,FAN_SEG,风机总功率分段模型,FAN_eff,FAN_eff,10.0,10.0,hard_anomaly_removed_only,3.0,0.99
150.0,152.0,150.95749999999998,1286,1,2.0,20,-0.6605740000000027,-0.15765000000000953,0.01267849999999977,0.12793400000001043,0.22524250000000023,0.33775900000001113,0.4067660000000103,0.46406599999999115,0.5184440000000038,0.5676399999999973,1.610935000000012,2.592100000000002,2.644095499999993,2.7052439999999938,2.799423499999995,2.8880190000000194,2.9848374999999976,3.1293799999999914,3.2643620000000007,3.4465870000000134,3.9831045000000005,high,empirical_from_hard_anomaly_removed_only,step1-插值损耗模型-仅正功率,LGXRFD,FAN_SEG,风机总功率分段模型,FAN_eff,FAN_eff,10.0,10.0,hard_anomaly_removed_only,3.0,0.99
152.0,154.0,152.9515,1214,1,2.0,20,-0.40243129999998867,-0.038737600000011405,0.1836857000000052,0.31398760000000725,0.398606999999997,0.5312530000000169,0.6143656000000093,0.7037279999999987,0.763753199999997,0.7980160000000126,1.7137949999999904,2.728261000000009,2.7865038000000055,2.8453823999999814,2.900312300000005,2.9858208000000133,3.1074940000000106,3.2103336000000167,3.468700999999996,3.934555799999985,4.423744399999989,high,empirical_from_hard_anomaly_removed_only,step1-插值损耗模型-仅正功率,LGXRFD,FAN_SEG,风机总功率分段模型,FAN_eff,FAN_eff,10.0,10.0,hard_anomaly_removed_only,3.0,0.99
154.0,156.0,154.939,1153,1,2.0,20,-0.547934000000007,-0.15834119999998622,0.04395879999999238,0.13456839999999942,0.23719199999999888,0.3693447999999944,0.45982679999999393,0.5208471999999915,0.6083808000000102,0.6799280000000067,1.700400000000002,2.795149999999995,2.8413015999999978,2.8989299999999933,3.0115696000000174,3.0884380000000116,3.266364000000002,3.4255192000000085,3.636783600000003,3.8633859999999802,4.488036400000007,high,empirical_from_hard_anomaly_removed_only,step1-插值损耗模型-仅正功率,LGXRFD,FAN_SEG,风机总功率分段模型,FAN_eff,FAN_eff,10.0,10.0,hard_anomaly_removed_only,3.0,0.99
156.0,158.0,156.992,1131,1,2.0,20,-1.0260200000000081,-0.34649800000001385,-0.09597700000001916,0.20480800000001412,0.3183000000000078,0.39658000000001153,0.46260899999998917,0.5311360000000036,0.6030500000000046,0.6370500000000163,1.7443499999999972,2.7545100000000105,2.8177340000000157,2.8692880000000116,2.9735420000000135,3.0215279999999956,3.14131500000002,3.2400759999999993,3.3566759999999936,3.6928800000000135,4.153143000000013,high,empirical_from_hard_anomaly_removed_only,step1-插值损耗模型-仅正功率,LGXRFD,FAN_SEG,风机总功率分段模型,FAN_eff,FAN_eff,10.0,10.0,hard_anomaly_removed_only,3.0,0.99
158.0,160.0,159.011,1199,1,2.0,20,-0.8720051999999969,-0.3671671999999876,-0.048242600000015776,0.16292399999998908,0.32348199999999283,0.4238999999999941,0.5478233999999776,0.6090560000000005,0.6771472000000028,0.7417619999999999,1.75818000000001,2.8033500000000062,2.8575355999999834,2.9483460000000026,3.0497782000000093,3.111723600000002,3.2034649999999836,3.3647144000000027,3.5832839999999937,3.795904000000009,4.161087200000018,high,empirical_from_hard_anomaly_removed_only,step1-插值损耗模型-仅正功率,LGXRFD,FAN_SEG,风机总功率分段模型,FAN_eff,FAN_eff,10.0,10.0,hard_anomaly_removed_only,3.0,0.99
160.0,162.0,160.988,1120,1,2.0,20,-0.7061445999999907,-0.33648980000000855,-0.13554159999998405,0.10363359999998903,0.23830300000001758,0.3675447999999807,0.4726368000000023,0.5563547999999992,0.6293487999999923,0.6974009999999993,1.7891449999999907,2.8576400000000066,2.9600775000000117,3.022592399999994,3.145021300000012,3.2392313999999804,3.371263000000006,3.492364399999998,3.6457951999999927,3.889568400000001,4.538217499999982,high,empirical_from_hard_anomaly_removed_only,step1-插值损耗模型-仅正功率,LGXRFD,FAN_SEG,风机总功率分段模型,FAN_eff,FAN_eff,10.0,10.0,hard_anomaly_removed_only,3.0,0.99
162.0,164.0,163.03,1079,1,2.0,20,-0.41843279999999483,-0.15563239999999956,0.09892179999999993,0.2115659999999923,0.3301740000000167,0.4872440000000072,0.5494369999999998,0.5976836000000025,0.6859608000000161,0.7305699999999888,1.8310299999999984,2.9622019999999964,3.011248400000009,3.089299999999996,3.178874200000007,3.2599752000000026,3.432096000000014,3.647462400000013,3.884160600000019,4.158050399999991,4.882223999999989,high,empirical_from_hard_anomaly_removed_only,step1-插值损耗模型-仅正功率,LGXRFD,FAN_SEG,风机总功率分段模型,FAN_eff,FAN_eff,10.0,10.0,hard_anomaly_removed_only,3.0,0.99
164.0,166.0,165.008,1228,1,2.0,20,-0.45130240000000926,-0.11132740000001151,0.16613650000001595,0.27770840000002067,0.35234600000001143,0.4575094000000074,0.5817453999999979,0.7355739999999866,0.7956994000000179,0.8798870000000022,1.8795999999999964,2.962879999999984,2.9806565000000087,3.0780491999999913,3.1471314999999906,3.195226999999995,3.3665115000000148,3.5096608000000113,3.6898447000000023,3.8148700000000133,4.269326900000014,high,empirical_from_hard_anomaly_removed_only,step1-插值损耗模型-仅正功率,LGXRFD,FAN_SEG,风机总功率分段模型,FAN_eff,FAN_eff,10.0,10.0,hard_anomaly_removed_only,3.0,0.99
166.0,168.0,167.047,1194,1,2.0,20,-0.6979777000000025,-0.11467019999999312,0.18785500000000552,0.37482359999998716,0.44731850000000006,0.581012800000006,0.6821273000000038,0.7822051999999826,0.8429559999999904,0.896407999999994,1.9477799999999945,3.164630999999989,3.2090437000000054,3.2765700000000013,3.3877585000000052,3.470421199999991,3.59871999999999,3.781441599999999,3.955467199999999,4.081352400000002,4.735476500000006,high,empirical_from_hard_anomaly_removed_only,step1-插值损耗模型-仅正功率,LGXRFD,FAN_SEG,风机总功率分段模型,FAN_eff,FAN_eff,10.0,10.0,hard_anomaly_removed_only,3.0,0.99
168.0,170.0,168.957,1087,1,2.0,20,-0.8948610000000127,-0.27003839999998497,-0.1452473999999973,0.10852120000001034,0.30427600000000443,0.4118992000000014,0.5974942000000085,0.7011767999999983,0.7719001999999989,0.8469880000000046,2.0001800000000003,3.1196360000000083,3.1819165999999983,3.291124399999993,3.3774368000000075,3.4446667999999816,3.5323940000000023,3.7345359999999963,3.8891870000000046,4.243237600000008,4.619599000000019,high,empirical_from_hard_anomaly_removed_only,step1-插值损耗模型-仅正功率,LGXRFD,FAN_SEG,风机总功率分段模型,FAN_eff,FAN_eff,10.0,10.0,hard_anomaly_removed_only,3.0,0.99
170.0,172.0,171.032,1109,1,2.0,20,-1.0759243999999968,-0.27021079999999187,-0.030846800000018614,0.156813599999997,0.32389599999999075,0.46146960000000947,0.54934760000001,0.6500944000000061,0.7094492000000071,0.824346000000003,1.9775099999999952,3.0703619999999945,3.1302707999999906,3.2111180000000057,3.27768480000001,3.3555028000000013,3.41038400000001,3.5309119999999954,3.6962631999999984,4.022233200000005,4.3892956000000085,high,empirical_from_hard_anomaly_removed_only,step1-插值损耗模型-仅正功率,LGXRFD,FAN_SEG,风机总功率分段模型,FAN_eff,FAN_eff,10.0,10.0,hard_anomaly_removed_only,3.0,0.99
172.0,174.0,173.026,1172,1,2.0,20,-0.5381392000000067,-0.07129600000000208,0.1298778999999885,0.26923959999999625,0.3964220000000168,0.513044000000002,0.5932935999999971,0.6833936000000017,0.7573325999999929,0.8442149999999999,2.0357099999999804,3.121912000000001,3.1739730999999978,3.2517111999999986,3.375961800000011,3.4354176000000023,3.5289644999999825,3.6932815999999873,3.85393000000001,4.155349999999999,4.697747999999996,high,empirical_from_hard_anomaly_removed_only,step1-插值损耗模型-仅正功率,LGXRFD,FAN_SEG,风机总功率分段模型,FAN_eff,FAN_eff,10.0,10.0,hard_anomaly_removed_only,3.0,0.99
174.0,176.0,174.996,1125,1,2.0,20,-1.1003568000000052,-0.46770560000000844,0.06341040000000472,0.2373816000000045,0.41406200000000126,0.5437084000000117,0.6479879999999991,0.7396743999999853,0.7969796000000144,0.8439600000000042,2.089259999999996,3.3613879999999883,3.410860000000007,3.501053199999999,3.6273028000000056,3.77186320000001,3.876990000000006,4.02998039999999,4.338839600000001,4.654652799999997,5.156937600000001,high,empirical_from_hard_anomaly_removed_only,step1-插值损耗模型-仅正功率,LGXRFD,FAN_SEG,风机总功率分段模型,FAN_eff,FAN_eff,10.0,10.0,hard_anomaly_removed_only,3.0,0.99
176.0,178.0,177.004,1125,1,2.0,20,-0.3949376000000188,-0.05267400000000748,0.20666399999998816,0.39826680000001147,0.5545640000000049,0.679911199999999,0.7394892000000209,0.8343019999999864,0.9056108000000063,0.9621560000000159,2.066679999999991,3.2178400000000122,3.292635200000009,3.3517280000000222,3.3901083999999995,3.4649747999999985,3.6375340000000085,3.815695199999992,4.035344799999996,4.49491760000001,4.945355200000012,high,empirical_from_hard_anomaly_removed_only,step1-插值损耗模型-仅正功率,LGXRFD,FAN_SEG,风机总功率分段模型,FAN_eff,FAN_eff,10.0,10.0,hard_anomaly_removed_only,3.0,0.99
178.0,180.0,178.999,1065,1,2.0,20,-0.5678155999999864,-0.20964080000001442,0.1904447999999899,0.3473323999999923,0.47769599999999746,0.6109591999999849,0.674897199999997,0.7842195999999774,0.8905232000000103,0.934505999999999,2.1199399999999855,3.4119719999999973,3.5012524000000087,3.5778784000000017,3.630738799999989,3.7623399999999965,3.9106379999999996,4.193128000000006,4.3740896000000085,4.703158399999997,5.309817599999982,high,empirical_from_hard_anomaly_removed_only,step1-插值损耗模型-仅正功率,LGXRFD,FAN_SEG,风机总功率分段模型,FAN_eff,FAN_eff,10.0,10.0,hard_anomaly_removed_only,3.0,0.99
180.0,182.0,180.951,1045,1,2.0,20,-0.6753096000000028,-0.10062479999998808,0.23723039999998946,0.4012195999999891,0.5370719999999836,0.6391896000000066,0.79106399999999,0.868714799999999,0.9595975999999768,1.0371180000000209,2.204739999999987,3.3911620000000084,3.474665200000016,3.5379343999999926,3.637189600000013,3.7648204000000063,3.8664220000000107,4.0642208,4.344971600000011,4.8730512000000035,5.489871999999996,high,empirical_from_hard_anomaly_removed_only,step1-插值损耗模型-仅正功率,LGXRFD,FAN_SEG,风机总功率分段模型,FAN_eff,FAN_eff,10.0,10.0,hard_anomaly_removed_only,3.0,0.99
182.0,184.0,182.96949999999998,1042,1,2.0,20,-0.6324127000000033,-0.2608753999999868,0.01820469999999546,0.19181720000001976,0.4110975000000098,0.6355658000000091,0.8184292999999876,0.9356232000000069,0.9672561000000007,1.0082569999999949,2.1948750000000103,3.3556119999999963,3.4251039000000154,3.5027939999999957,3.6439680000000183,3.771023400000011,3.8811890000000044,4.112891200000003,4.287159800000002,4.619903599999999,5.032266299999991,high,empirical_from_hard_anomaly_removed_only,step1-插值损耗模型-仅正功率,LGXRFD,FAN_SEG,风机总功率分段模型,FAN_eff,FAN_eff,10.0,10.0,hard_anomaly_removed_only,3.0,0.99
184.0,186.0,184.985,977,1,2.0,20,-0.6905204000000071,-0.08796960000001151,0.016592399999998387,0.21730360000000237,0.5188180000000103,0.6130367999999976,0.7716016000000173,0.8918371999999942,0.9559631999999988,1.0446940000000042,2.3287300000000073,3.664149999999989,3.7489632000000044,3.8627099999999976,3.9697091999999965,4.08465640000002,4.222140000000005,4.358911200000002,4.552041599999998,4.949618399999982,5.310956400000007,high,empirical_from_hard_anomaly_removed_only,step1-插值损耗模型-仅正功率,LGXRFD,FAN_SEG,风机总功率分段模型,FAN_eff,FAN_eff,10.0,10.0,hard_anomaly_removed_only,3.0,0.99
186.0,188.0,186.989,964,1,2.0,20,-0.903545099999988,-0.3305493999999907,0.12940990000001165,0.35495879999998015,0.5204100000000126,0.6789861999999977,0.7834804000000076,0.8960560000000055,0.9623276000000002,1.044516000000013,2.278704999999988,3.660565000000017,3.725750000000005,3.7948248000000095,3.9439588999999957,4.035089599999988,4.167825000000001,4.351301200000002,4.463221699999999,4.879776200000007,5.32259400000001,high,empirical_from_hard_anomaly_removed_only,step1-插值损耗模型-仅正功率,LGXRFD,FAN_SEG,风机总功率分段模型,FAN_eff,FAN_eff,10.0,10.0,hard_anomaly_removed_only,3.0,0.99
188.0,190.0,189.021,939,1,2.0,20,-0.6138159999999913,-0.10252920000000354,0.2057209999999907,0.39590560000000213,0.5158360000000045,0.7200399999999844,0.8698739999999955,0.9795960000000139,1.0136155999999885,1.0693940000000113,2.429390000000012,3.687119999999976,3.8070831999999943,3.884902000000017,4.048263400000007,4.144916800000006,4.230600999999997,4.553132400000011,4.728394199999998,4.982718400000006,5.5713744,high,empirical_from_hard_anomaly_removed_only,step1-插值损耗模型-仅正功率,LGXRFD,FAN_SEG,风机总功率分段模型,FAN_eff,FAN_eff,10.0,10.0,hard_anomaly_removed_only,3.0,0.99
190.0,192.0,190.969,909,1,2.0,20,-0.8316827999999953,-0.37522680000000375,0.07584440000000427,0.18090200000000095,0.34936599999999207,0.5028316000000097,0.6913860000000046,0.7746556000000067,0.8702763999999945,0.979212000000007,2.4325199999999825,3.8964760000000185,3.987229200000004,4.122180800000004,4.1712868,4.332303599999996,4.475469999999999,4.898882399999993,5.097142400000005,5.71559360000001,6.203699199999978,high,empirical_from_hard_anomaly_removed_only,step1-插值损耗模型-仅正功率,LGXRFD,FAN_SEG,风机总功率分段模型,FAN_eff,FAN_eff,10.0,10.0,hard_anomaly_removed_only,3.0,0.99
192.0,194.0,192.976,978,1,2.0,20,-0.8259025000000022,-0.09968340000000413,0.21119470000000207,0.42293719999999096,0.5857730000000047,0.7039917999999841,0.8192384000000112,0.9106775999999787,0.9753858000000161,1.0431709999999952,2.4117900000000105,3.8021739999999973,3.8916648999999928,4.039395600000015,4.152559300000008,4.332957599999982,4.494124500000019,4.709310799999997,4.877094599999985,5.145737199999991,5.51836799999999,high,empirical_from_hard_anomaly_removed_only,step1-插值损耗模型-仅正功率,LGXRFD,FAN_SEG,风机总功率分段模型,FAN_eff,FAN_eff,10.0,10.0,hard_anomaly_removed_only,3.0,0.99
194.0,196.0,194.983,1010,1,2.0,20,-0.7904645000000099,-0.20047480000000234,0.08187909999998422,0.3381567999999925,0.433348500000001,0.5480407999999949,0.6874153999999919,0.779531599999982,0.9399492999999937,0.9842330000000004,2.4578950000000077,3.9011600000000017,3.9485629000000033,4.141844800000019,4.2886269000000175,4.444826400000001,4.495193999999986,4.6897364,5.060267100000003,5.573548199999992,6.189586800000002,high,empirical_from_hard_anomaly_removed_only,step1-插值损耗模型-仅正功率,LGXRFD,FAN_SEG,风机总功率分段模型,FAN_eff,FAN_eff,10.0,10.0,hard_anomaly_removed_only,3.0,0.99
196.0,198.0,196.97250000000003,970,1,2.0,20,-0.5904350000000159,-0.13907899999998563,0.18571780000000304,0.4068524000000127,0.6483824999999896,0.7270030000000071,0.8441286000000034,0.9175928000000022,0.9812251000000068,1.0529250000000048,2.5149300000000068,3.837917000000002,3.8952108999999977,3.981453199999993,4.02510699999999,4.138868399999995,4.277569499999994,4.489315200000012,4.671482600000005,5.051636600000012,5.654882599999965,high,empirical_from_hard_anomaly_removed_only,step1-插值损耗模型-仅正功率,LGXRFD,FAN_SEG,风机总功率分段模型,FAN_eff,FAN_eff,10.0,10.0,hard_anomaly_removed_only,3.0,0.99
198.0,200.0,198.9685,998,1,2.0,20,-0.9298334000000187,-0.2756873999999919,0.2223222000000095,0.4223995999999977,0.5332430000000102,0.683041600000007,0.778255599999998,0.9162647999999912,1.0151230999999978,1.1176709999999814,2.54910000000001,4.058695000000012,4.112208999999997,4.252489200000004,4.319897000000015,4.437030599999985,4.574169999999995,4.756951199999998,4.9500232000000075,5.2796447999999865,5.999475999999992,high,empirical_from_hard_anomaly_removed_only,step1-插值损耗模型-仅正功率,LGXRFD,FAN_SEG,风机总功率分段模型,FAN_eff,FAN_eff,10.0,10.0,hard_anomaly_removed_only,3.0,0.99
200.0,202.0,201.03449999999998,962,1,2.0,20,-1.359057800000001,-0.39812780000000747,0.10506109999999519,0.3686152000000027,0.5633169999999978,0.6730129999999985,0.7959012999999983,0.8865391999999838,1.0056283000000044,1.1020689999999917,2.6255749999999978,3.9922010000000085,4.110430799999999,4.23152080000002,4.278780299999991,4.391971400000003,4.507359500000015,4.612778799999996,4.89313210000001,5.202816799999996,5.6243070000000035,high,empirical_from_hard_anomaly_removed_only,step1-插值损耗模型-仅正功率,LGXRFD,FAN_SEG,风机总功率分段模型,FAN_eff,FAN_eff,10.0,10.0,hard_anomaly_removed_only,3.0,0.99
202.0,204.0,202.993,944,1,2.0,20,-1.2142499000000064,-0.440358600000015,-0.1022583999999941,0.2287879999999882,0.3252035000000092,0.5045777999999956,0.6938784999999976,0.8618180000000075,0.9284301000000073,1.0402990000000076,2.6013599999999855,4.159909999999995,4.183153899999985,4.2341567999999965,4.296453899999997,4.3807258000000004,4.563627500000009,4.743794800000006,4.947791099999991,5.209918799999989,5.547855600000002,high,empirical_from_hard_anomaly_removed_only,step1-插值损耗模型-仅正功率,LGXRFD,FAN_SEG,风机总功率分段模型,FAN_eff,FAN_eff,10.0,10.0,hard_anomaly_removed_only,3.0,0.99
204.0,206.0,204.99349999999998,966,1,2.0,20,-1.3683805000000107,-0.4249870000000015,-0.07593599999998592,0.23931599999999095,0.3842725000000158,0.5627600000000029,0.7405294999999883,0.8219879999999818,0.8910085000000052,0.947519999999983,2.6821699999999993,4.148910000000001,4.181916499999991,4.2752619999999935,4.3895975000000025,4.4400059999999995,4.592615000000016,4.812448000000011,4.924446999999989,5.189194999999994,5.665031500000015,high,empirical_from_hard_anomaly_removed_only,step1-插值损耗模型-仅正功率,LGXRFD,FAN_SEG,风机总功率分段模型,FAN_eff,FAN_eff,10.0,10.0,hard_anomaly_removed_only,3.0,0.99
206.0,208.0,206.965,903,1,2.0,20,-1.0847870000000075,-0.5593707999999776,-0.01540540000000079,0.32988439999999847,0.5230570000000171,0.6946803999999894,0.8806406000000101,0.9508076000000119,1.0320003999999954,1.1237199999999916,2.721440000000001,4.345908000000015,4.433163600000011,4.554593200000006,4.645788200000009,4.745782399999989,4.888137000000011,5.029552000000018,5.129660400000014,5.4158704000000055,6.045234199999984,high,empirical_from_hard_anomaly_removed_only,step1-插值损耗模型-仅正功率,LGXRFD,FAN_SEG,风机总功率分段模型,FAN_eff,FAN_eff,10.0,10.0,hard_anomaly_removed_only,3.0,0.99
208.0,210.0,208.996,933,1,2.0,20,-0.8269272000000081,-0.19004399999999008,-0.024898800000012322,0.35080799999999157,0.504042000000004,0.6763819999999942,0.7977332000000025,0.9678655999999932,1.0694868000000213,1.1541659999999978,2.7583799999999883,4.348827999999992,4.450919999999995,4.551592000000015,4.712206399999995,4.9087007999999965,5.041742000000011,5.248566400000008,5.512986799999993,5.763801599999995,6.616747199999992,high,empirical_from_hard_anomaly_removed_only,step1-插值损耗模型-仅正功率,LGXRFD,FAN_SEG,风机总功率分段模型,FAN_eff,FAN_eff,10.0,10.0,hard_anomaly_removed_only,3.0,0.99
210.0,212.0,210.982,893,1,2.0,20,-1.3022696000000178,-0.3332019999999977,0.05578959999998572,0.24284119999998666,0.393810000000002,0.6576735999999971,0.818461599999987,0.9054995999999937,1.0514624000000117,1.1478480000000104,2.7501299999999844,4.317948000000019,4.404418000000005,4.4798359999999935,4.654446800000005,4.7580072000000015,4.852622000000008,5.074449999999996,5.372013999999994,5.868347999999993,6.323220000000015,high,empirical_from_hard_anomaly_removed_only,step1-插值损耗模型-仅正功率,LGXRFD,FAN_SEG,风机总功率分段模型,FAN_eff,FAN_eff,10.0,10.0,hard_anomaly_removed_only,3.0,0.99
212.0,214.0,213.054,908,1,2.0,20,-1.3567679999999853,-0.41649840000001287,0.11962139999998656,0.47702400000000245,0.7099960000000038,0.8188478000000134,0.9642465999999976,1.047780000000007,1.1445917999999984,1.2254450000000077,2.796494999999993,4.313679999999994,4.450235100000011,4.564974800000014,4.70097080000001,4.819702800000015,4.9768865000000115,5.107450400000007,5.232284499999998,5.522012399999983,6.401488599999995,high,empirical_from_hard_anomaly_removed_only,step1-插值损耗模型-仅正功率,LGXRFD,FAN_SEG,风机总功率分段模型,FAN_eff,FAN_eff,10.0,10.0,hard_anomaly_removed_only,3.0,0.99
214.0,216.0,215.057,935,1,2.0,20,-1.034936399999997,-0.37920279999999706,0.00292320000002061,0.3534259999999847,0.5036289999999926,0.6649964000000125,0.9371227999999833,1.0592428000000087,1.1816367999999995,1.259288000000015,2.8122400000000027,4.382763999999997,4.452828200000014,4.542611199999996,4.657626399999999,4.765748799999995,4.978904000000003,5.169829600000004,5.503091599999997,5.717637200000006,6.359880000000017,high,empirical_from_hard_anomaly_removed_only,step1-插值损耗模型-仅正功率,LGXRFD,FAN_SEG,风机总功率分段模型,FAN_eff,FAN_eff,10.0,10.0,hard_anomaly_removed_only,3.0,0.99
216.0,218.0,216.977,889,1,2.0,20,-1.150217600000002,-0.5639811999999811,-0.2797160000000121,0.19557439999999363,0.5461320000000003,0.7240055999999981,0.7849943999999927,0.982297600000011,1.1348031999999943,1.2893879999999855,2.957899999999995,4.669177999999994,4.7335331999999815,4.816871199999977,4.9329480000000006,5.004456400000001,5.150647999999987,5.320265199999983,5.5729452000000155,5.9240463999999955,6.514300799999986,high,empirical_from_hard_anomaly_removed_only,step1-插值损耗模型-仅正功率,LGXRFD,FAN_SEG,风机总功率分段模型,FAN_eff,FAN_eff,10.0,10.0,hard_anomaly_removed_only,3.0,0.99
218.0,220.0,219.073,881,1,2.0,20,-0.853562000000005,-0.5945119999999974,-0.20947200000000532,0.18090599999999882,0.39674999999999727,0.6759339999999951,0.8342339999999979,1.0193560000000048,1.1337379999999997,1.199389999999994,2.9873800000000017,4.770050000000026,4.849203999999992,4.952765999999997,5.081120000000005,5.345151999999985,5.504559999999998,5.617572000000007,5.705836000000011,6.01813199999999,7.434566000000002,high,empirical_from_hard_anomaly_removed_only,step1-插值损耗模型-仅正功率,LGXRFD,FAN_SEG,风机总功率分段模型,FAN_eff,FAN_eff,10.0,10.0,hard_anomaly_removed_only,3.0,0.99
220.0,222.0,220.971,807,1,2.0,20,-1.272586799999994,-0.5959384000000226,-0.10074620000000892,0.17749879999998824,0.28174100000000807,0.3619291999999962,0.48679160000001,0.6304936000000089,0.8474564000000132,0.9283539999999847,2.9728899999999783,4.629203999999998,4.722275200000012,4.790852799999999,4.859982600000001,4.934218800000008,5.17491000000001,5.396661999999998,5.906791399999986,6.274375600000002,6.904778399999979,high,empirical_from_hard_anomaly_removed_only,step1-插值损耗模型-仅正功率,LGXRFD,FAN_SEG,风机总功率分段模型,FAN_eff,FAN_eff,10.0,10.0,hard_anomaly_removed_only,3.0,0.99
222.0,224.0,223.023,847,1,2.0,20,-0.34371560000000717,0.023757600000008143,0.4850728000000123,0.6495283999999845,0.891495999999998,1.0364103999999792,1.2133973999999876,1.2711439999999972,1.4038191999999885,1.496629999999999,3.204810000000009,5.008140000000009,5.125243999999997,5.272585600000015,5.399849000000001,5.4950124000000224,5.765075000000012,5.891723200000003,6.096909800000015,6.563354000000006,7.302349799999985,high,empirical_from_hard_anomaly_removed_only,step1-插值损耗模型-仅正功率,LGXRFD,FAN_SEG,风机总功率分段模型,FAN_eff,FAN_eff,10.0,10.0,hard_anomaly_removed_only,3.0,0.99
224.0,226.0,224.982,808,1,2.0,20,-1.3292464000000221,-0.40579680000001866,0.11620830000000723,0.45285239999999366,0.6713259999999949,0.7778091999999976,0.9776106999999999,1.0933636000000047,1.2268047999999852,1.3263609999999944,3.1123599999999954,4.9852150000000055,5.099723900000012,5.152532800000008,5.288211200000008,5.409806400000006,5.535820999999998,5.7702711999999945,5.928360800000008,6.243382400000006,6.8265129999999905,high,empirical_from_hard_anomaly_removed_only,step1-插值损耗模型-仅正功率,LGXRFD,FAN_SEG,风机总功率分段模型,FAN_eff,FAN_eff,10.0,10.0,hard_anomaly_removed_only,3.0,0.99
226.0,228.0,227.011,849,1,2.0,20,-2.0057027999999923,-0.6326868000000136,0.10486680000000091,0.31552479999999844,0.546328000000017,0.7826308000000107,0.9941092000000072,1.0855300000000057,1.189922800000005,1.248728,3.2092199999999877,4.976927999999987,5.065831599999994,5.173076400000001,5.233404400000003,5.365365599999997,5.492964000000011,5.68855679999999,5.945638399999998,6.235374800000006,6.943984000000007,high,empirical_from_hard_anomaly_removed_only,step1-插值损耗模型-仅正功率,LGXRFD,FAN_SEG,风机总功率分段模型,FAN_eff,FAN_eff,10.0,10.0,hard_anomaly_removed_only,3.0,0.99
228.0,230.0,228.996,769,1,2.0,20,-0.9731955999999934,-0.1471624000000077,0.25081040000000143,0.35617479999998747,0.536282,0.8547464000000218,0.9559460000000093,1.097912799999997,1.1852692000000025,1.3075440000000016,3.1675799999999867,5.007740000000015,5.133700399999991,5.216653200000013,5.380285600000005,5.535956000000008,5.645308000000005,5.736549600000002,5.914009999999989,6.407141599999992,7.194083599999979,high,empirical_from_hard_anomaly_removed_only,step1-插值损耗模型-仅正功率,LGXRFD,FAN_SEG,风机总功率分段模型,FAN_eff,FAN_eff,10.0,10.0,hard_anomaly_removed_only,3.0,0.99
230.0,232.0,230.96,827,1,2.0,20,-0.5641268000000014,-0.09831799999999591,0.31584879999999865,0.6794939999999928,0.9272969999999987,1.1639027999999938,1.319124599999982,1.4184511999999847,1.4939936000000176,1.644517999999994,3.232699999999994,4.884192000000001,4.982387399999992,5.205377999999995,5.298118000000002,5.448388399999999,5.608725999999995,5.9259972000000145,6.258824399999996,6.48159239999999,6.936822399999995,high,empirical_from_hard_anomaly_removed_only,step1-插值损耗模型-仅正功率,LGXRFD,FAN_SEG,风机总功率分段模型,FAN_eff,FAN_eff,10.0,10.0,hard_anomaly_removed_only,3.0,0.99
232.0,234.0,232.955,729,1,2.0,20,-0.6550015999999971,0.01971840000000044,0.32315239999999446,0.5233520000000125,0.7498159999999984,0.8885267999999996,1.1791987999999927,1.231404800000007,1.383667600000017,1.5188319999999804,3.3657499999999914,4.9704759999999855,5.035182800000007,5.085659599999991,5.2845916,5.402164799999994,5.57761000000001,5.847012400000003,6.057838399999997,6.442711999999994,7.3015080000000046,high,empirical_from_hard_anomaly_removed_only,step1-插值损耗模型-仅正功率,LGXRFD,FAN_SEG,风机总功率分段模型,FAN_eff,FAN_eff,10.0,10.0,hard_anomaly_removed_only,3.0,0.99
234.0,236.0,235.018,786,1,2.0,20,-0.5323249999999774,0.19532399999998518,0.4235605000000021,0.5908680000000004,0.7348250000000078,0.8406700000000001,0.9429789999999941,1.1172579999999928,1.205752499999994,1.3718750000000028,3.3803899999999913,5.093815000000006,5.2465075000000025,5.308680000000004,5.4757485000000194,5.570455000000007,5.700312499999988,5.996700000000007,6.227521499999985,6.4750230000000055,6.933120500000006,high,empirical_from_hard_anomaly_removed_only,step1-插值损耗模型-仅正功率,LGXRFD,FAN_SEG,风机总功率分段模型,FAN_eff,FAN_eff,10.0,10.0,hard_anomaly_removed_only,3.0,0.99
236.0,238.0,236.983,752,1,2.0,20,-1.052541400000004,-0.1748398000000117,0.2307132000000024,0.5801291999999932,0.7134140000000115,0.9407619999999859,1.167833700000004,1.3175079999999844,1.4601676000000023,1.5471510000000024,3.4641599999999926,5.366411000000002,5.477987200000003,5.603446400000002,5.811988200000004,5.903862399999992,6.010783999999994,6.248805200000016,6.411984599999994,6.795510600000001,7.201927399999993,high,empirical_from_hard_anomaly_removed_only,step1-插值损耗模型-仅正功率,LGXRFD,FAN_SEG,风机总功率分段模型,FAN_eff,FAN_eff,10.0,10.0,hard_anomaly_removed_only,3.0,0.99
238.0,240.0,239.06,764,1,2.0,20,-0.9143018999999964,0.21343519999998647,0.4898186999999831,0.7373839999999984,0.8878819999999876,1.0200056000000155,1.1616969000000004,1.3967268000000217,1.469395200000003,1.6170309999999943,3.476380000000006,5.301872000000009,5.3878848000000055,5.428621599999998,5.5312232000000074,5.671005999999992,5.88109699999999,5.9581271999999865,6.156906900000003,6.732576200000006,7.416928200000003,high,empirical_from_hard_anomaly_removed_only,step1-插值损耗模型-仅正功率,LGXRFD,FAN_SEG,风机总功率分段模型,FAN_eff,FAN_eff,10.0,10.0,hard_anomaly_removed_only,3.0,0.99
240.0,242.0,241.051,768,1,2.0,20,-0.42597189999998847,0.09479220000001533,0.5593240999999821,0.829395999999989,1.0137410000000031,1.1855150000000179,1.3070483000000173,1.3439636000000121,1.4857449999999988,1.5700269999999932,3.5793100000000067,5.40168699999999,5.531989800000003,5.614051600000012,5.697039699999984,5.875363000000015,6.130023999999998,6.261293600000005,6.509992599999989,6.933393200000006,7.751932099999996,high,empirical_from_hard_anomaly_removed_only,step1-插值损耗模型-仅正功率,LGXRFD,FAN_SEG,风机总功率分段模型,FAN_eff,FAN_eff,10.0,10.0,hard_anomaly_removed_only,3.0,0.99
242.0,244.0,243.017,768,1,2.0,20,-0.7750513999999953,-0.3391953999999902,0.10688669999997948,0.3451516000000015,0.5632684999999911,0.795687599999988,0.9294929000000023,1.125808799999993,1.287866300000004,1.469659000000013,3.468910000000008,5.292911999999997,5.382554200000009,5.490277199999982,5.609193500000014,5.814438799999998,5.992814500000006,6.131231599999994,6.459672299999987,6.882896200000008,7.513407400000014,high,empirical_from_hard_anomaly_removed_only,step1-插值损耗模型-仅正功率,LGXRFD,FAN_SEG,风机总功率分段模型,FAN_eff,FAN_eff,10.0,10.0,hard_anomaly_removed_only,3.0,0.99
244.0,246.0,244.997,799,1,2.0,20,-0.4114677999999872,0.021833199999979347,0.4857418000000148,0.8299632000000146,1.0765950000000093,1.3066808000000014,1.4591484000000043,1.6595211999999855,1.8000358000000052,1.8864380000000096,3.652060000000006,5.55116,5.689550399999995,5.7917548,5.908934600000008,6.184928399999985,6.287765999999985,6.523895200000013,6.837301799999986,7.135887199999982,7.718265599999998,high,empirical_from_hard_anomaly_removed_only,step1-插值损耗模型-仅正功率,LGXRFD,FAN_SEG,风机总功率分段模型,FAN_eff,FAN_eff,10.0,10.0,hard_anomaly_removed_only,3.0,0.99
246.0,248.0,247.015,797,1,2.0,20,-0.1447623999999928,0.2499295999999913,0.6989040000000011,0.9167984000000001,1.1887319999999875,1.3701208000000054,1.4558568000000025,1.5454759999999943,1.6360519999999814,1.7073500000000081,3.706499999999977,5.533871999999991,5.732172399999997,5.8345684,5.919814800000016,6.13328080000001,6.2367320000000115,6.397792399999984,6.747378000000003,7.040736000000007,8.047148799999988,high,empirical_from_hard_anomaly_removed_only,step1-插值损耗模型-仅正功率,LGXRFD,FAN_SEG,风机总功率分段模型,FAN_eff,FAN_eff,10.0,10.0,hard_anomaly_removed_only,3.0,0.99
248.0,250.0,248.962,793,1,2.0,20,-0.5139319999999838,0.026809199999994447,0.3313707999999871,0.7682159999999953,1.0913119999999878,1.2316676000000075,1.3616819999999996,1.461310800000001,1.545056000000002,1.6509599999999807,3.6601,5.694769999999996,5.875303999999993,5.9907983999999885,6.181769199999984,6.32669760000001,6.462243999999992,6.570251999999989,6.892778000000009,7.45790079999999,8.552418000000019,high,empirical_from_hard_anomaly_removed_only,step1-插值损耗模型-仅正功率,LGXRFD,FAN_SEG,风机总功率分段模型,FAN_eff,FAN_eff,10.0,10.0,hard_anomaly_removed_only,3.0,0.99
250.0,252.0,251.034,725,1,2.0,20,-1.068128400000012,-0.3065655999999932,0.3912940000000014,0.6367016000000058,0.9389259999999923,1.137009599999999,1.332169599999993,1.4416871999999967,1.5502408000000003,1.57943200000002,3.7937300000000107,5.673743999999994,5.7372576,5.86420599999999,5.986398000000014,6.243474800000014,6.375095999999995,6.5005063999999955,6.953276400000005,7.24586039999999,7.632302800000007,high,empirical_from_hard_anomaly_removed_only,step1-插值损耗模型-仅正功率,LGXRFD,FAN_SEG,风机总功率分段模型,FAN_eff,FAN_eff,10.0,10.0,hard_anomaly_removed_only,3.0,0.99
252.0,254.0,253.015,723,1,2.0,20,-1.2380099999999958,0.19999359999999675,0.6669945999999873,1.0582812000000001,1.228937999999988,1.349661599999995,1.5196382000000097,1.7186496000000033,1.8765103999999795,1.9668700000000001,3.832349999999991,5.691216000000009,5.7840843999999985,5.828105199999984,5.889842200000023,6.0305916000000055,6.163622999999994,6.37612,6.697510800000003,7.269469999999983,8.09245219999999,high,empirical_from_hard_anomaly_removed_only,step1-插值损耗模型-仅正功率,LGXRFD,FAN_SEG,风机总功率分段模型,FAN_eff,FAN_eff,10.0,10.0,hard_anomaly_removed_only,3.0,0.99
254.0,256.0,255.015,750,1,2.0,20,-1.0928414999999825,-0.2963429999999823,0.29001319999999225,0.624617999999989,0.7347364999999969,0.9946724000000137,1.1729747999999929,1.4345863999999984,1.6761298000000104,1.8301149999999924,4.00533999999999,5.9361559999999995,6.105386799999997,6.164248400000001,6.246348699999997,6.395075399999987,6.662830500000003,6.951636799999989,7.241451200000004,7.656244600000003,8.590964600000003,high,empirical_from_hard_anomaly_removed_only,step1-插值损耗模型-仅正功率,LGXRFD,FAN_SEG,风机总功率分段模型,FAN_eff,FAN_eff,10.0,10.0,hard_anomaly_removed_only,3.0,0.99
256.0,258.0,256.9465,714,1,2.0,20,-0.5014872999999972,0.1699969999999962,0.4495342000000042,0.8110688000000141,1.148685999999995,1.368088799999968,1.6068787999999823,1.7434472000000176,1.862657500000013,1.9707090000000278,3.8673149999999907,5.893462000000007,5.997958100000002,6.253187999999968,6.306716699999993,6.419410399999975,6.6173455,6.772657199999981,7.104939000000014,7.549026200000016,7.917767899999988,high,empirical_from_hard_anomaly_removed_only,step1-插值损耗模型-仅正功率,LGXRFD,FAN_SEG,风机总功率分段模型,FAN_eff,FAN_eff,10.0,10.0,hard_anomaly_removed_only,3.0,0.99
258.0,260.0,258.951,658,1,2.0,20,-1.0157782000000088,0.0040758000000062685,0.28716369999999813,0.8322680000000106,0.9623014999999583,1.1620527999999866,1.384268099999959,1.5595856000000026,1.6811694000000228,1.8030299999999784,4.011389999999992,6.286445999999981,6.4851696000000265,6.584660800000024,6.711243799999975,6.901063999999991,7.0786019999999805,7.25137640000001,7.720254299999984,8.274422600000017,8.823410499999975,high,empirical_from_hard_anomaly_removed_only,step1-插值损耗模型-仅正功率,LGXRFD,FAN_SEG,风机总功率分段模型,FAN_eff,FAN_eff,10.0,10.0,hard_anomaly_removed_only,3.0,0.99
260.0,262.0,260.996,721,1,2.0,20,-0.3518280000000118,0.2521659999999997,0.5435700000000223,1.0365760000000137,1.1106399999999894,1.3637440000000083,1.5272680000000152,1.7195959999999788,1.8834599999999682,2.0710300000000075,4.068849999999998,6.113760000000013,6.204649999999992,6.268454000000002,6.380701999999987,6.535625999999996,6.724799999999988,7.072241999999974,7.250151999999986,7.657400000000008,8.186584000000003,high,empirical_from_hard_anomaly_removed_only,step1-插值损耗模型-仅正功率,LGXRFD,FAN_SEG,风机总功率分段模型,FAN_eff,FAN_eff,10.0,10.0,hard_anomaly_removed_only,3.0,0.99
262.0,264.0,262.996,720,1,2.0,20,-0.49236560000000107,0.23963160000000822,0.5403039000000183,0.9682711999999811,1.1961329999999777,1.3619999999999708,1.599920399999989,1.7106719999999678,1.7978336999999782,1.8786849999999675,4.068274999999971,6.006092000000007,6.092365699999999,6.191047199999994,6.31148259999999,6.389669600000002,6.457173999999984,6.626847200000013,7.068959700000018,7.440454399999993,7.950536499999989,high,empirical_from_hard_anomaly_removed_only,step1-插值损耗模型-仅正功率,LGXRFD,FAN_SEG,风机总功率分段模型,FAN_eff,FAN_eff,10.0,10.0,hard_anomaly_removed_only,3.0,0.99
264.0,266.0,264.95,665,1,2.0,20,-0.1565383999999743,0.4499927999999955,0.800056799999986,0.959072000000001,1.3051759999999832,1.4779863999999907,1.5986495999999946,1.6962703999999804,1.857095200000017,1.9910400000000095,4.2433300000000145,6.14565200000002,6.311329599999981,6.391961599999977,6.5720083999999925,6.8380451999999945,7.0436220000000045,7.379844400000009,7.712813199999991,8.116433600000004,8.661737200000008,high,empirical_from_hard_anomaly_removed_only,step1-插值损耗模型-仅正功率,LGXRFD,FAN_SEG,风机总功率分段模型,FAN_eff,FAN_eff,10.0,10.0,hard_anomaly_removed_only,3.0,0.99
266.0,268.0,267.022,743,1,2.0,20,-0.37765720000002945,0.30124680000001486,0.9065570000000275,1.171580000000031,1.2867420000000038,1.4571159999999939,1.6122490000000231,1.888462000000011,1.9807193999999926,2.089579999999967,4.2008200000000215,6.227343999999994,6.388446999999994,6.481652399999986,6.593633399999991,6.748453199999992,6.9256329999999915,7.059738399999994,7.4448802,7.716850399999983,8.56531600000002,high,empirical_from_hard_anomaly_removed_only,step1-插值损耗模型-仅正功率,LGXRFD,FAN_SEG,风机总功率分段模型,FAN_eff,FAN_eff,10.0,10.0,hard_anomaly_removed_only,3.0,0.99
268.0,270.0,269.0125,712,1,2.0,20,-0.4476998999999932,0.43339839999999535,0.7935948999999926,1.0426499999999852,1.2729085000000142,1.5185115999999947,1.6936441999999983,1.8738895999999932,2.1121228000000176,2.2295990000000137,4.361790000000013,6.260572999999994,6.375686600000019,6.575445600000016,6.670096600000024,6.798168199999991,6.992098999999981,7.203350400000013,7.541229999999965,8.07389739999998,8.789171900000001,high,empirical_from_hard_anomaly_removed_only,step1-插值损耗模型-仅正功率,LGXRFD,FAN_SEG,风机总功率分段模型,FAN_eff,FAN_eff,10.0,10.0,hard_anomaly_removed_only,3.0,0.99
270.0,272.0,270.994,762,1,2.0,20,-0.49621070000000883,0.26714700000000335,0.8800479000000114,1.20299639999997,1.4061119999999931,1.611882599999983,1.8505217000000374,2.0551984000000063,2.1675759999999964,2.286869999999959,4.426019999999994,6.209483999999975,6.288313000000005,6.458632800000014,6.63830909999999,6.8606228000000105,7.150948000000008,7.2804471999999905,7.532043099999983,7.736222600000007,8.889143099999977,high,empirical_from_hard_anomaly_removed_only,step1-插值损耗模型-仅正功率,LGXRFD,FAN_SEG,风机总功率分段模型,FAN_eff,FAN_eff,10.0,10.0,hard_anomaly_removed_only,3.0,0.99
272.0,274.0,273.01599999999996,698,1,2.0,20,-0.8809356000000254,0.2701758000000222,0.6962263999999789,0.9957959999999844,1.3446274999999843,1.5145412000000011,1.7322309999999983,1.9541576000000032,2.061068399999989,2.1875659999999755,4.42025000000001,6.392536000000007,6.493446100000004,6.627567200000008,6.915297899999996,7.073644599999981,7.163540000000003,7.412851999999998,7.716253799999971,8.423257199999982,9.03860399999998,high,empirical_from_hard_anomaly_removed_only,step1-插值损耗模型-仅正功率,LGXRFD,FAN_SEG,风机总功率分段模型,FAN_eff,FAN_eff,10.0,10.0,hard_anomaly_removed_only,3.0,0.99
274.0,276.0,275.0525,766,1,2.0,20,-0.03826899999997119,0.5952339999999823,1.0054880000000197,1.4353300000000104,1.658312500000008,1.9015560000000107,2.0242449999999876,2.152936000000011,2.239127499999981,2.451629999999966,4.445480000000003,6.412944999999979,6.5395570000000305,6.64520600000002,6.7502999999999656,6.822626000000008,6.9824825000000175,7.145200000000034,7.448702999999966,7.724392999999993,8.609714,high,empirical_from_hard_anomaly_removed_only,step1-插值损耗模型-仅正功率,LGXRFD,FAN_SEG,风机总功率分段模型,FAN_eff,FAN_eff,10.0,10.0,hard_anomaly_removed_only,3.0,0.99
276.0,278.0,276.98,741,1,2.0,20,0.278641999999968,0.8989439999999945,1.2650839999999903,1.4328320000000077,1.6384600000000091,1.7722259999999779,1.9194240000000151,2.1126360000000206,2.2361060000000066,2.391580000000033,4.432119999999998,6.4495000000000005,6.555787999999995,6.608519999999976,6.733594000000017,6.877532000000014,7.048029999999983,7.23484800000001,7.721786000000031,7.9236399999999945,8.583800000000032,high,empirical_from_hard_anomaly_removed_only,step1-插值损耗模型-仅正功率,LGXRFD,FAN_SEG,风机总功率分段模型,FAN_eff,FAN_eff,10.0,10.0,hard_anomaly_removed_only,3.0,0.99
278.0,280.0,278.948,748,1,2.0,20,-0.32220080000000634,0.5151050000000055,1.0388467999999853,1.2965224000000126,1.687135000000012,1.900348199999961,2.0050757999999966,2.141249599999969,2.241631999999986,2.309719000000001,4.693380000000019,6.765184,6.944517500000011,7.07421839999997,7.3964351000000255,7.4900476,7.634714500000004,7.836154400000014,8.112374199999982,8.447252000000018,9.058004400000007,high,empirical_from_hard_anomaly_removed_only,step1-插值损耗模型-仅正功率,LGXRFD,FAN_SEG,风机总功率分段模型,FAN_eff,FAN_eff,10.0,10.0,hard_anomaly_removed_only,3.0,0.99
280.0,282.0,280.984,712,1,2.0,20,-0.11605179999999732,0.6092299999999944,1.2279082000000043,1.4740079999999762,1.6507300000000305,1.9157936000000007,2.0335804000000084,2.1062339999999993,2.2429938000000207,2.3232289999999978,4.602049999999991,6.7188189999999794,6.871172600000018,6.964248799999991,7.148008400000046,7.371168399999972,7.629848499999993,7.792732799999977,8.072482399999979,8.544355200000007,8.871194100000006,high,empirical_from_hard_anomaly_removed_only,step1-插值损耗模型-仅正功率,LGXRFD,FAN_SEG,风机总功率分段模型,FAN_eff,FAN_eff,10.0,10.0,hard_anomaly_removed_only,3.0,0.99
282.0,284.0,283.0145,704,1,2.0,20,0.15611910000000534,0.5378817999999934,1.2822453000000251,1.5923447999999985,1.8129939999999833,2.0289051999999663,2.1837200999999684,2.2675392000000034,2.408222099999982,2.56684800000001,4.709024999999997,6.710762000000034,6.8945832000000085,7.012389200000014,7.2516706999999885,7.393070799999999,7.5709310000000105,7.728678400000044,7.978222700000021,8.95446619999997,9.720550899999996,high,empirical_from_hard_anomaly_removed_only,step1-插值损耗模型-仅正功率,LGXRFD,FAN_SEG,风机总功率分段模型,FAN_eff,FAN_eff,10.0,10.0,hard_anomaly_removed_only,3.0,0.99
284.0,286.0,285.059,689,1,2.0,20,-0.4327488000000085,0.36892639999998206,0.7142080000000078,1.341808800000024,1.538936000000001,1.7790984000000185,1.9930804000000173,2.2699603999999614,2.426940000000002,2.5905659999999897,4.824530000000038,6.960226000000012,7.023688799999993,7.144862800000019,7.230661599999962,7.367870799999966,7.5058120000000494,7.6594016000000105,7.800913199999967,8.394168000000027,9.04982920000001,high,empirical_from_hard_anomaly_removed_only,step1-插值损耗模型-仅正功率,LGXRFD,FAN_SEG,风机总功率分段模型,FAN_eff,FAN_eff,10.0,10.0,hard_anomaly_removed_only,3.0,0.99
286.0,288.0,287.023,695,1,2.0,20,-0.40021719999998695,0.8655151999999566,1.1132196000000045,1.3622200000000113,1.5999539999999968,2.099207200000003,2.306396999999986,2.476913599999994,2.620333399999978,2.74249199999997,4.90889999999996,7.012469999999996,7.182638400000011,7.302259999999981,7.467668600000004,7.603295999999975,7.727319000000028,7.816620000000019,8.073784599999977,8.726754000000005,9.252408199999945,high,empirical_from_hard_anomaly_removed_only,step1-插值损耗模型-仅正功率,LGXRFD,FAN_SEG,风机总功率分段模型,FAN_eff,FAN_eff,10.0,10.0,hard_anomaly_removed_only,3.0,0.99
288.0,290.0,289.0435,710,1,2.0,20,-0.20930420000000652,0.34561740000001007,1.2732123999999783,1.462501599999989,1.7855700000000212,2.0042476000000136,2.200812100000008,2.4737920000000373,2.5682209999999817,2.6288589999999887,4.89477500000001,7.165163000000008,7.260519999999965,7.434616799999999,7.538442899999998,7.6738253999999975,8.084887999999987,8.305139999999984,8.827365000000011,9.176796399999978,9.4086627,high,empirical_from_hard_anomaly_removed_only,step1-插值损耗模型-仅正功率,LGXRFD,FAN_SEG,风机总功率分段模型,FAN_eff,FAN_eff,10.0,10.0,hard_anomaly_removed_only,3.0,0.99
290.0,292.0,290.9255,692,1,2.0,20,0.022349500000000286,0.8542695999999638,1.413343800000003,1.8951300000000242,2.2542530000000225,2.4404217999999878,2.5137440999999945,2.6385652000000026,2.8037288000000125,2.9257430000000113,4.977300000000014,6.996353999999973,7.173038699999993,7.21911000000001,7.379489600000008,7.558166399999987,7.743667500000022,8.10088559999999,8.503766900000002,8.976812400000018,9.306056499999979,high,empirical_from_hard_anomaly_removed_only,step1-插值损耗模型-仅正功率,LGXRFD,FAN_SEG,风机总功率分段模型,FAN_eff,FAN_eff,10.0,10.0,hard_anomaly_removed_only,3.0,0.99
292.0,294.0,292.988,765,1,2.0,20,-0.6249452000000155,0.6590739999999596,1.0327603999999972,1.5643343999999888,1.868029999999976,2.0284683999999698,2.213480400000001,2.4704775999999855,2.561670400000005,2.7037520000000086,4.946300000000008,7.229624000000001,7.396896800000008,7.5143336000000245,7.616202000000005,7.799083200000008,7.925720000000023,8.089874800000002,8.390844399999992,8.640647599999985,8.993223200000005,high,empirical_from_hard_anomaly_removed_only,step1-插值损耗模型-仅正功率,LGXRFD,FAN_SEG,风机总功率分段模型,FAN_eff,FAN_eff,10.0,10.0,hard_anomaly_removed_only,3.0,0.99
294.0,296.0,295.019,688,1,2.0,20,0.8720939999999996,1.4535939999999732,1.6011610999999994,1.9228807999999777,2.0232795000000094,2.357408999999984,2.510638500000005,2.68502479999996,2.8370633999999817,3.020308999999975,5.213379999999972,7.079335000000004,7.251306899999999,7.467554399999975,7.658593199999995,7.759743600000001,7.96111749999998,8.221013600000028,8.360547800000012,8.762651600000032,9.356970700000009,high,empirical_from_hard_anomaly_removed_only,step1-插值损耗模型-仅正功率,LGXRFD,FAN_SEG,风机总功率分段模型,FAN_eff,FAN_eff,10.0,10.0,hard_anomaly_removed_only,3.0,0.99
296.0,298.0,296.996,713,1,2.0,20,-0.23238279999998665,0.47681120000000876,0.8144535999999698,1.3860799999999813,1.7390379999999936,2.0579624000000285,2.343335999999997,2.5828423999999996,2.8328164000000355,2.8848359999999955,5.167400000000043,7.116920000000039,7.198970800000008,7.275561200000014,7.400180800000022,7.62706239999999,7.871440000000006,8.195852399999968,8.6643264,8.879780000000002,9.568345600000042,high,empirical_from_hard_anomaly_removed_only,step1-插值损耗模型-仅正功率,LGXRFD,FAN_SEG,风机总功率分段模型,FAN_eff,FAN_eff,10.0,10.0,hard_anomaly_removed_only,3.0,0.99
298.0,300.0,299.036,741,1,2.0,20,0.30883399999995625,0.7931179999999927,1.370570000000032,1.6491980000000241,2.1519200000000183,2.2660439999999995,2.6140360000000102,2.750996000000009,2.899223999999981,2.9356799999999907,5.054059999999993,7.222370000000012,7.340052000000014,7.465104000000021,7.634740000000012,7.7667000000000135,7.844380000000001,8.01289399999997,8.256548000000008,8.763385999999967,9.544832000000005,high,empirical_from_hard_anomaly_removed_only,step1-插值损耗模型-仅正功率,LGXRFD,FAN_SEG,风机总功率分段模型,FAN_eff,FAN_eff,10.0,10.0,hard_anomaly_removed_only,3.0,0.99
300.0,302.0,301.015,709,1,2.0,20,-0.03501400000001921,1.0848224000000393,1.6316871999999898,1.966041600000026,2.1756419999999936,2.3744383999999923,2.568976800000005,2.783664799999997,2.89746159999999,3.0977679999999848,5.264130000000023,7.358309999999985,7.461704000000025,7.604510400000006,7.690986400000042,7.852470399999981,7.9324000000000074,8.145446000000026,8.488668000000008,8.744290000000017,9.000770399999947,high,empirical_from_hard_anomaly_removed_only,step1-插值损耗模型-仅正功率,LGXRFD,FAN_SEG,风机总功率分段模型,FAN_eff,FAN_eff,10.0,10.0,hard_anomaly_removed_only,3.0,0.99
302.0,304.0,303.05,641,1,2.0,20,0.4904999999999859,1.4052299999999833,2.021114,2.2998620000000076,2.416979999999967,2.5711659999999936,2.731233999999995,2.8313699999999926,3.038243999999986,3.0942600000000198,5.333640000000003,7.454270000000008,7.679813999999999,7.841223999999981,8.042709999999989,8.252191999999999,8.473619999999983,8.591151999999976,8.923775999999986,9.230130000000022,9.640305999999978,high,empirical_from_hard_anomaly_removed_only,step1-插值损耗模型-仅正功率,LGXRFD,FAN_SEG,风机总功率分段模型,FAN_eff,FAN_eff,10.0,10.0,hard_anomaly_removed_only,3.0,0.99
304.0,306.0,305.04,681,1,2.0,20,1.0250879999999938,1.7499419999999872,1.9906800000000089,2.1413659999999934,2.2582400000000007,2.4153499999999894,2.579709999999989,2.7021879999999894,2.775999999999988,2.9057999999999993,5.2390700000000265,7.422280000000001,7.513700000000006,7.610296000000018,7.891536000000019,8.119299999999972,8.305849999999964,8.476106000000003,9.07520000000001,9.549690000000009,10.024664000000048,high,empirical_from_hard_anomaly_removed_only,step1-插值损耗模型-仅正功率,LGXRFD,FAN_SEG,风机总功率分段模型,FAN_eff,FAN_eff,10.0,10.0,hard_anomaly_removed_only,3.0,0.99
306.0,308.0,306.977,687,1,2.0,20,0.9620736000000182,1.517809600000014,2.0583687999999984,2.440363200000006,2.6010419999999956,2.6829287999999973,2.812385999999998,2.942039999999988,3.108443200000024,3.213409999999999,5.468000000000018,7.751337999999986,7.829129599999993,7.9628719999999795,8.255331399999982,8.460203200000029,8.598056000000017,8.814728399999982,9.126143199999996,9.657921600000005,10.236151199999975,high,empirical_from_hard_anomaly_removed_only,step1-插值损耗模型-仅正功率,LGXRFD,FAN_SEG,风机总功率分段模型,FAN_eff,FAN_eff,10.0,10.0,hard_anomaly_removed_only,3.0,0.99
308.0,310.0,309.017,717,1,2.0,20,0.6550991999999974,1.282311999999979,2.0079879999999797,2.1479264000000056,2.368633999999986,2.872636799999975,3.009472800000017,3.1609363999999958,3.2353420000000255,3.335243999999966,5.453129999999987,7.776145999999994,7.976365199999981,8.144218399999977,8.3094256,8.505446399999995,8.67341199999996,8.88412800000001,9.1581536,9.474862000000007,10.072451999999998,high,empirical_from_hard_anomaly_removed_only,step1-插值损耗模型-仅正功率,LGXRFD,FAN_SEG,风机总功率分段模型,FAN_eff,FAN_eff,10.0,10.0,hard_anomaly_removed_only,3.0,0.99
310.0,312.0,311.008,747,1,2.0,20,0.45472519999998784,1.418673600000002,1.9405643999999733,2.275113599999977,2.457573999999983,2.6463528000000314,2.8878867999999978,3.032988799999996,3.1569923999999605,3.315027999999984,5.474840000000029,7.89037800000001,8.070003199999988,8.26910679999999,8.443244000000012,8.568225600000021,8.736491000000001,9.202898399999984,9.480107000000023,10.073047200000001,11.114492800000008,high,empirical_from_hard_anomaly_removed_only,step1-插值损耗模型-仅正功率,LGXRFD,FAN_SEG,风机总功率分段模型,FAN_eff,FAN_eff,10.0,10.0,hard_anomaly_removed_only,3.0,0.99
312.0,314.0,312.995,763,1,2.0,20,0.6970732000000135,1.406537199999982,1.8570280000000026,2.0599720000000024,2.2752000000000407,2.6364048000000095,2.797015600000002,2.9752283999999802,3.1111972000000194,3.2673420000000077,5.747500000000002,8.085967999999982,8.126617,8.292500799999964,8.359074000000001,8.532949999999976,8.768831,8.94044680000001,9.170401600000016,9.676818800000014,10.659322,high,empirical_from_hard_anomaly_removed_only,step1-插值损耗模型-仅正功率,LGXRFD,FAN_SEG,风机总功率分段模型,FAN_eff,FAN_eff,10.0,10.0,hard_anomaly_removed_only,3.0,0.99
314.0,316.0,314.939,753,1,2.0,20,0.48140039999999557,1.643118000000004,1.9192972000000168,2.2268415999999864,2.4730000000000016,2.712960800000014,2.920683200000003,3.017970400000033,3.2051287999999882,3.3282179999999926,5.715599999999995,7.8586839999999825,8.010867599999978,8.239584800000006,8.499452799999988,8.675899599999969,8.867724000000008,9.205801599999994,9.538427200000028,9.77041200000003,10.405860800000001,high,empirical_from_hard_anomaly_removed_only,step1-插值损耗模型-仅正功率,LGXRFD,FAN_SEG,风机总功率分段模型,FAN_eff,FAN_eff,10.0,10.0,hard_anomaly_removed_only,3.0,0.99
316.0,318.0,316.948,723,1,2.0,20,1.1292048000000035,1.7721143999999889,2.231624799999978,2.520782000000006,2.7517519999999935,3.0047744000000307,3.1475319999999805,3.279818800000021,3.378100799999986,3.470861999999977,5.927629999999965,7.802764000000002,7.8896194000000355,8.028509599999992,8.198658400000014,8.260616800000003,8.397616000000005,8.694076800000028,8.909744000000018,9.60241679999999,10.561220399999986,high,empirical_from_hard_anomaly_removed_only,step1-插值损耗模型-仅正功率,LGXRFD,FAN_SEG,风机总功率分段模型,FAN_eff,FAN_eff,10.0,10.0,hard_anomaly_removed_only,3.0,0.99
318.0,320.0,319.024,791,1,2.0,20,1.6054600000000108,2.517315999999994,2.8788679999999887,3.1786479999999986,3.4206399999999633,3.5382800000000088,3.7180279999999923,3.837651999999957,3.8872359999999957,3.99684000000002,5.950829999999996,7.907080000000008,8.048432000000007,8.196236000000011,8.305153999999964,8.477708000000016,8.76058999999998,9.00334799999997,9.261531000000021,9.609496000000012,10.521908000000009,high,empirical_from_hard_anomaly_removed_only,step1-插值损耗模型-仅正功率,LGXRFD,FAN_SEG,风机总功率分段模型,FAN_eff,FAN_eff,10.0,10.0,hard_anomaly_removed_only,3.0,0.99
320.0,322.0,320.962,729,1,2.0,20,1.737004000000004,2.3456671999999936,2.5531735999999956,2.864040399999967,3.1271679999999944,3.270617999999995,3.5009352000000082,3.6521407999999655,3.774823999999999,3.9373699999999756,6.001050000000021,8.267560000000026,8.382200000000012,8.54610159999998,8.680916400000035,8.8638008,9.052652,9.180005599999982,9.48698680000003,10.055255999999993,10.993950000000034,high,empirical_from_hard_anomaly_removed_only,step1-插值损耗模型-仅正功率,LGXRFD,FAN_SEG,风机总功率分段模型,FAN_eff,FAN_eff,10.0,10.0,hard_anomaly_removed_only,3.0,0.99
322.0,324.0,322.974,727,1,2.0,20,1.1793247999999936,2.062109600000017,2.3784438000000034,2.788762000000006,3.041515999999979,3.2409967999999796,3.5797070000000137,3.659736799999989,3.761799999999994,3.8312520000000068,6.11081999999999,8.175542000000007,8.252666000000003,8.389509600000032,8.5542708,8.809501599999964,9.01199700000001,9.418778399999969,9.762289999999995,10.077916800000008,10.604710399999993,high,empirical_from_hard_anomaly_removed_only,step1-插值损耗模型-仅正功率,LGXRFD,FAN_SEG,风机总功率分段模型,FAN_eff,FAN_eff,10.0,10.0,hard_anomaly_removed_only,3.0,0.99
324.0,326.0,325.03599999999994,758,1,2.0,20,1.7532233999999938,2.064219600000032,2.5287066999999928,2.949233600000025,3.1702839999999894,3.4663297999999716,3.6077639000000166,3.7679435999999735,3.9253468000000007,4.038389999999981,6.052819999999997,8.340106000000004,8.506475999999973,8.668198399999998,8.85005649999999,9.103267600000024,9.241591999999976,9.530060399999991,9.736122800000015,10.173603000000016,10.505637000000016,high,empirical_from_hard_anomaly_removed_only,step1-插值损耗模型-仅正功率,LGXRFD,FAN_SEG,风机总功率分段模型,FAN_eff,FAN_eff,10.0,10.0,hard_anomaly_removed_only,3.0,0.99
326.0,328.0,326.953,770,1,2.0,20,1.8848764000000102,2.412014200000012,2.898811000000005,3.12007199999998,3.3512700000000053,3.4842855999999816,3.6695824000000448,3.752572399999981,3.8691463000000335,3.9427770000000124,6.133529999999979,8.002669999999966,8.082400000000007,8.248105600000024,8.335109800000033,8.455477000000002,8.640462500000027,8.93873200000001,9.259369800000023,9.636160399999996,10.360080800000022,high,empirical_from_hard_anomaly_removed_only,step1-插值损耗模型-仅正功率,LGXRFD,FAN_SEG,风机总功率分段模型,FAN_eff,FAN_eff,10.0,10.0,hard_anomaly_removed_only,3.0,0.99
328.0,330.0,329.019,782,1,2.0,20,1.7987060000000434,2.3996549999999877,2.8018234999999847,3.061348000000005,3.2644624999999676,3.448189199999963,3.6806426000000227,3.8999996000000214,3.98849040000002,4.070161999999999,6.089709999999997,8.151290999999969,8.323002699999982,8.496931599999987,8.566301899999987,8.638332599999986,8.845879500000006,9.082621999999994,9.559564200000008,10.047647000000005,10.733254300000013,high,empirical_from_hard_anomaly_removed_only,step1-插值损耗模型-仅正功率,LGXRFD,FAN_SEG,风机总功率分段模型,FAN_eff,FAN_eff,10.0,10.0,hard_anomaly_removed_only,3.0,0.99
330.0,332.0,331.033,810,1,2.0,20,1.2764674999999885,1.9810015999999826,2.747335299999997,3.0094436000000155,3.2912975000000046,3.5359117999999934,3.6658040999999866,3.8930575999999975,4.038591699999974,4.163025000000016,6.235414999999989,8.17931000000002,8.275529700000002,8.386581599999971,8.52296229999999,8.721271600000001,9.016881999999992,9.264960800000003,9.478149800000013,9.810958800000002,10.241485000000022,high,empirical_from_hard_anomaly_removed_only,step1-插值损耗模型-仅正功率,LGXRFD,FAN_SEG,风机总功率分段模型,FAN_eff,FAN_eff,10.0,10.0,hard_anomaly_removed_only,3.0,0.99
332.0,334.0,333.082,858,1,2.0,20,1.679967999999998,2.2724204000000476,2.7881774000000106,3.0556119999999987,3.4154809999999856,3.6023921999999833,3.8281445999999884,4.029808800000003,4.1133344999999615,4.231145999999984,6.3230800000000045,8.366384999999992,8.428709799999986,8.579951200000004,8.652030799999986,8.868383000000023,8.978193000000015,9.136045199999968,9.37834879999997,9.76486580000002,10.820912899999945,high,empirical_from_hard_anomaly_removed_only,step1-插值损耗模型-仅正功率,LGXRFD,FAN_SEG,风机总功率分段模型,FAN_eff,FAN_eff,10.0,10.0,hard_anomaly_removed_only,3.0,0.99
334.0,336.0,334.987,883,1,2.0,20,2.046423199999999,2.7619327999999994,3.116993999999994,3.5161112000000343,3.781903000000034,3.9854271999999993,4.228164400000001,4.325423199999987,4.4315143999999975,4.549426000000006,6.446059999999989,8.218826000000012,8.317142000000011,8.442931999999988,8.60272619999997,8.820736799999999,9.015879999999981,9.172599199999997,9.307370199999971,9.631660799999988,10.542225199999987,high,empirical_from_hard_anomaly_removed_only,step1-插值损耗模型-仅正功率,LGXRFD,FAN_SEG,风机总功率分段模型,FAN_eff,FAN_eff,10.0,10.0,hard_anomaly_removed_only,3.0,0.99
336.0,338.0,337.036,958,1,2.0,20,1.6665380000000112,2.479297000000004,3.0988239999999942,3.474951199999989,3.668735499999994,3.8680682,4.047315599999982,4.169858400000005,4.303398500000016,4.425138000000004,6.557050000000004,8.441377999999991,8.580527399999967,8.64329239999997,8.809401999999983,8.931547600000023,9.076891999999992,9.398538399999996,9.650507599999974,9.852072400000024,10.612919100000003,high,empirical_from_hard_anomaly_removed_only,step1-插值损耗模型-仅正功率,LGXRFD,FAN_SEG,风机总功率分段模型,FAN_eff,FAN_eff,10.0,10.0,hard_anomaly_removed_only,3.0,0.99
338.0,340.0,339.0485,1016,1,2.0,20,1.978868,2.9211220000000195,3.319648499999997,3.4424920000000157,3.7062549999999987,3.9310789999999884,4.106471500000012,4.256751999999983,4.443833999999981,4.605840000000001,6.626749999999987,8.466784999999987,8.615676999999977,8.768763999999988,8.846710000000037,8.952579999999998,9.12160500000003,9.368227999999988,9.653109999999995,10.081960000000006,10.612415499999988,high,empirical_from_hard_anomaly_removed_only,step1-插值损耗模型-仅正功率,LGXRFD,FAN_SEG,风机总功率分段模型,FAN_eff,FAN_eff,10.0,10.0,hard_anomaly_removed_only,3.0,0.99
340.0,342.0,341.00149999999996,1046,1,2.0,20,2.379446999999982,2.9796840000000033,3.4338520000000043,3.7357340000000137,3.9316149999999936,4.144614999999993,4.290052499999987,4.435264000000006,4.600184999999999,4.691845000000001,6.718549999999993,8.410959999999989,8.476612500000025,8.572263999999995,8.657276999999993,8.860535999999978,8.985114999999993,9.286167999999963,9.537418000000004,10.088290999999991,10.758124999999993,high,empirical_from_hard_anomaly_removed_only,step1-插值损耗模型-仅正功率,LGXRFD,FAN_SEG,风机总功率分段模型,FAN_eff,FAN_eff,10.0,10.0,hard_anomaly_removed_only,3.0,0.99
342.0,344.0,342.98,1047,1,2.0,20,2.692020000000008,3.187558399999953,3.5525334000000246,3.7962143999999856,3.9614600000000166,4.093780799999992,4.305543000000009,4.429469999999981,4.596762200000022,4.704399999999987,6.8571999999999775,8.631319999999993,8.6913612,8.806688799999984,8.88218120000001,9.032921199999974,9.281280999999979,9.642951200000002,10.018530999999992,10.341746399999968,10.862567200000024,high,empirical_from_hard_anomaly_removed_only,step1-插值损耗模型-仅正功率,LGXRFD,FAN_SEG,风机总功率分段模型,FAN_eff,FAN_eff,10.0,10.0,hard_anomaly_removed_only,3.0,0.99
344.0,346.0,345.005,1140,1,2.0,20,2.481113499999995,2.9054548000000033,3.191089499999965,3.5810847999999944,3.8837400000000515,4.190382399999996,4.294371399999999,4.483119200000001,4.659223800000001,4.766796999999974,6.832425000000001,8.600357999999996,8.6865489,8.79197079999997,8.984147300000005,9.178671199999997,9.321881500000043,9.556496799999985,9.871478800000016,10.111819200000005,10.567621600000003,high,empirical_from_hard_anomaly_removed_only,step1-插值损耗模型-仅正功率,LGXRFD,FAN_SEG,风机总功率分段模型,FAN_eff,FAN_eff,10.0,10.0,hard_anomaly_removed_only,3.0,0.99
346.0,348.0,346.95349999999996,1572,1,2.0,20,3.511203399999984,3.855396999999971,4.226624599999984,4.51438319999999,4.668238499999979,4.884739999999981,5.002895999999961,5.14563399999998,5.2539869999999915,5.373586999999958,7.307565000000011,8.255365999999993,8.305812799999972,8.375104399999994,8.521953100000017,8.671296600000012,8.863877500000013,9.039846000000002,9.232863600000007,9.582165199999988,10.533523200000008,high,empirical_from_hard_anomaly_removed_only,step1-插值损耗模型-仅正功率,LGXRFD,FAN_SEG,风机总功率分段模型,FAN_eff,FAN_eff,10.0,10.0,hard_anomaly_removed_only,3.0,0.99
348.0,350.0,349.006,1318,1,2.0,20,2.516202400000001,3.493548000000029,4.065384200000021,4.298224400000038,4.48718549999999,4.804068599999993,4.992447200000044,5.094842000000017,5.244082999999997,5.359788999999995,7.15966499999999,8.483646000000016,8.55178150000001,8.627975600000012,8.778314700000003,8.866317800000024,9.00815500000002,9.226050800000028,9.61757700000002,10.038411999999973,10.681542099999985,high,empirical_from_hard_anomaly_removed_only,step1-插值损耗模型-仅正功率,LGXRFD,FAN_SEG,风机总功率分段模型,FAN_eff,FAN_eff,10.0,10.0,hard_anomaly_removed_only,3.0,0.99
350.0,352.0,350.9915,1842,1,2.0,20,3.2307597999999813,3.9169779999999754,4.538705200000013,4.803236000000011,5.078739999999994,5.185565000000014,5.342715799999991,5.482483999999995,5.6570077999999855,5.744860000000022,7.412224999999978,8.421507000000009,8.466824899999997,8.543526400000033,8.705855800000007,8.813769999999993,8.93434299999999,9.079984800000004,9.304988100000024,9.600302799999982,10.218422200000006,high,empirical_from_hard_anomaly_removed_only,step1-插值损耗模型-仅正功率,LGXRFD,FAN_SEG,风机总功率分段模型,FAN_eff,FAN_eff,10.0,10.0,hard_anomaly_removed_only,3.0,0.99
352.0,354.0,353.333,2445,1,2.0,20,3.6510020000000236,4.40006600000002,4.845578000000014,5.1365503999999715,5.365639999999996,5.543456000000005,5.680996399999983,5.845591200000022,5.953906399999985,6.066144000000008,7.438420000000008,8.197026000000028,8.256872400000004,8.295393599999972,8.37724479999998,8.518580799999949,8.71921199999998,8.902099999999962,9.064197599999972,9.309561600000006,9.881486799999996,high,empirical_from_hard_anomaly_removed_only,step1-插值损耗模型-仅正功率,LGXRFD,FAN_SEG,风机总功率分段模型,FAN_eff,FAN_eff,10.0,10.0,hard_anomaly_removed_only,3.0,0.99
354.0,356.0,354.929,1568,1,2.0,20,3.3989267000000005,4.018608000000003,4.450100100000007,4.676700800000003,4.921482999999987,5.187850799999987,5.37612099999997,5.531935999999998,5.662073300000008,5.77095100000002,7.3645600000000115,8.416234000000026,8.477670199999995,8.595032000000009,8.674237600000016,8.768289999999954,8.911958499999994,9.065695200000016,9.30303460000001,9.901701200000002,10.589707599999999,high,empirical_from_hard_anomaly_removed_only,step1-插值损耗模型-仅正功率,LGXRFD,FAN_SEG,风机总功率分段模型,FAN_eff,FAN_eff,10.0,10.0,hard_anomaly_removed_only,3.0,0.99
356.0,358.0,357.222,2328,1,2.0,20,4.633253899999986,5.071869600000017,5.38453370000001,5.554184800000005,5.748541999999984,5.8577944000000075,5.977813499999993,6.088003200000012,6.2268827999999905,6.304584999999963,7.45526000000001,8.21832500000001,8.286151199999992,8.359250799999986,8.420820100000014,8.545691999999994,8.718135999999985,8.894899199999998,9.149625300000022,9.498732200000003,10.377840900000006,high,empirical_from_hard_anomaly_removed_only,step1-插值损耗模型-仅正功率,LGXRFD,FAN_SEG,风机总功率分段模型,FAN_eff,FAN_eff,10.0,10.0,hard_anomaly_removed_only,3.0,0.99
358.0,360.0,358.997,2669,1,2.0,20,4.449823199999969,5.128940800000002,5.3636472000000115,5.563152000000027,5.731198000000018,5.903758399999985,6.007122000000004,6.153211200000003,6.237555999999984,6.341142000000014,7.5772400000000175,8.32148199999997,8.376290399999975,8.4573728,8.54460360000002,8.667631200000013,8.862919999999985,9.068257999999995,9.328299200000034,9.672404000000016,10.360737600000027,high,empirical_from_hard_anomaly_removed_only,step1-插值损耗模型-仅正功率,LGXRFD,FAN_SEG,风机总功率分段模型,FAN_eff,FAN_eff,10.0,10.0,hard_anomaly_removed_only,3.0,0.99
360.0,362.0,361.054,1811,1,2.0,20,4.279126000000025,4.84501399999998,5.0450719999999984,5.283323999999982,5.4693650000000105,5.655551999999989,5.777961000000016,5.906310000000042,6.025528000000025,6.114100000000008,7.506799999999998,8.540459999999996,8.594735000000043,8.67442799999999,8.754761999999982,8.904291999999998,9.02562500000002,9.28900799999999,9.48550400000001,9.825562000000001,10.392920000000016,high,empirical_from_hard_anomaly_removed_only,step1-插值损耗模型-仅正功率,LGXRFD,FAN_SEG,风机总功率分段模型,FAN_eff,FAN_eff,10.0,10.0,hard_anomaly_removed_only,3.0,0.99
362.0,364.0,363.0245,1608,1,2.0,20,4.02235630000004,4.578988800000008,5.045609000000012,5.2962044000000175,5.450719000000026,5.644175599999992,5.820939700000016,5.944002399999997,6.036885900000008,6.096695000000023,7.52902499999999,8.601669999999995,8.676070799999984,8.72122959999999,8.806837400000019,8.921433799999996,9.122419999999993,9.314148800000012,9.49646420000004,9.878469799999985,10.341152100000013,high,empirical_from_hard_anomaly_removed_only,step1-插值损耗模型-仅正功率,LGXRFD,FAN_SEG,风机总功率分段模型,FAN_eff,FAN_eff,10.0,10.0,hard_anomaly_removed_only,3.0,0.99
364.0,366.0,364.958,1794,1,2.0,20,3.8797730000000454,4.755503199999984,5.132234399999962,5.444693200000006,5.644094000000021,5.842673799999991,5.946378299999989,6.067545199999972,6.130869600000002,6.246790999999985,7.519919999999985,8.575371999999977,8.657027099999981,8.730977599999987,8.848472499999977,9.020854800000011,9.155299999999999,9.337644000000004,9.580483500000001,10.002429399999981,10.430177499999989,high,empirical_from_hard_anomaly_removed_only,step1-插值损耗模型-仅正功率,LGXRFD,FAN_SEG,风机总功率分段模型,FAN_eff,FAN_eff,10.0,10.0,hard_anomaly_removed_only,3.0,0.99
366.0,368.0,366.906,1649,1,2.0,20,4.2315199999999775,4.6999700000000075,5.223106400000003,5.541080000000013,5.67626799999997,5.878394400000011,6.032234400000022,6.155314399999984,6.236469999999997,6.328784000000008,7.573660000000018,8.580131999999981,8.65522799999998,8.767947599999962,8.887473600000005,9.000159999999964,9.108179999999981,9.293100800000007,9.477192799999976,9.873836800000007,10.62526279999998,high,empirical_from_hard_anomaly_removed_only,step1-插值损耗模型-仅正功率,LGXRFD,FAN_SEG,风机总功率分段模型,FAN_eff,FAN_eff,10.0,10.0,hard_anomaly_removed_only,3.0,0.99
368.0,370.0,368.953,2095,1,2.0,20,4.907627000000024,5.538036000000009,5.872673999999988,6.034227199999996,6.2226659999999985,6.403230399999987,6.499629599999975,6.57774639999999,6.657838399999984,6.742466000000013,7.632549999999981,8.58293,8.669306000000029,8.7614328,8.833819399999978,8.942081600000016,9.066600999999991,9.205819200000006,9.428462800000004,9.763284799999997,10.226898000000027,high,empirical_from_hard_anomaly_removed_only,step1-插值损耗模型-仅正功率,LGXRFD,FAN_SEG,风机总功率分段模型,FAN_eff,FAN_eff,10.0,10.0,hard_anomaly_removed_only,3.0,0.99
370.0,372.0,370.997,3030,1,2.0,20,5.351561000000014,5.830111000000018,6.194342699999995,6.3924748000000315,6.55268099999999,6.675361000000027,6.777093500000011,6.859595199999988,6.937629999999985,6.987801999999976,7.73166999999998,8.414425999999992,8.467764499999973,8.527857999999963,8.590373599999973,8.688073599999997,8.786483500000005,8.918578000000009,9.11194640000003,9.374328599999991,9.957665800000004,high,empirical_from_hard_anomaly_removed_only,step1-插值损耗模型-仅正功率,LGXRFD,FAN_SEG,风机总功率分段模型,FAN_eff,FAN_eff,10.0,10.0,hard_anomaly_removed_only,3.0,0.99
372.0,374.0,373.028,3029,1,2.0,20,5.756250800000009,6.141287200000004,6.368685599999988,6.564615200000025,6.718873999999994,6.850746399999974,6.935304000000001,7.018847199999982,7.071499199999976,7.128440000000035,7.8665000000000305,8.540939999999978,8.576237999999979,8.630660800000019,8.683429599999963,8.74,8.853898000000004,8.930216000000039,9.045607999999971,9.262923199999994,9.815130799999977,high,empirical_from_hard_anomaly_removed_only,step1-插值损耗模型-仅正功率,LGXRFD,FAN_SEG,风机总功率分段模型,FAN_eff,FAN_eff,10.0,10.0,hard_anomaly_removed_only,3.0,0.99
374.0,376.0,374.987,2441,1,2.0,20,5.462155999999993,6.041839999999979,6.347043999999983,6.540804000000015,6.682299999999998,6.843504000000007,6.972759999999971,7.061268000000018,7.117531999999983,7.165080000000046,7.8130199999999945,8.37220000000002,8.416211999999984,8.49891399999999,8.541862000000014,8.630503999999997,8.734939999999995,8.834200000000001,9.052716000000004,9.368075999999972,9.796472000000005,high,empirical_from_hard_anomaly_removed_only,step1-插值损耗模型-仅正功率,LGXRFD,FAN_SEG,风机总功率分段模型,FAN_eff,FAN_eff,10.0,10.0,hard_anomaly_removed_only,3.0,0.99
376.0,378.0,377.115,2441,1,2.0,20,5.581082000000004,6.1761159999999675,6.408096000000034,6.598420000000021,6.755400000000009,6.877536000000009,6.96247000000003,7.049372000000017,7.108492000000001,7.151119999999992,7.911460000000034,8.59953999999999,8.644370000000027,8.67618,8.748529999999983,8.817184000000031,8.89312000000001,9.010152000000017,9.197166000000003,9.418198000000018,9.959367999999992,high,empirical_from_hard_anomaly_removed_only,step1-插值损耗模型-仅正功率,LGXRFD,FAN_SEG,风机总功率分段模型,FAN_eff,FAN_eff,10.0,10.0,hard_anomaly_removed_only,3.0,0.99
378.0,380.0,379.042,2670,1,2.0,20,5.846102600000014,6.321735800000014,6.620604199999995,6.786691999999964,6.902431999999971,7.016800799999958,7.088862000000023,7.147087600000004,7.207928700000003,7.258359000000024,7.885250000000013,8.48888100000001,8.526216900000046,8.576876399999978,8.63311819999999,8.713498400000029,8.817241499999994,8.914164000000026,9.124258899999992,9.325299600000013,9.82188330000001,high,empirical_from_hard_anomaly_removed_only,step1-插值损耗模型-仅正功率,LGXRFD,FAN_SEG,风机总功率分段模型,FAN_eff,FAN_eff,10.0,10.0,hard_anomaly_removed_only,3.0,0.99
380.0,382.0,380.888,4744,1,2.0,20,6.410089299999992,6.8280417999999905,7.046828999999971,7.227650000000001,7.3163720000000385,7.388552799999992,7.451303000000003,7.489690399999984,7.528979299999996,7.564724000000012,8.126200000000011,8.738128999999981,8.777129400000005,8.808119999999976,8.844253099999994,8.880895599999995,8.934700000000012,9.007904799999995,9.099535399999972,9.27160000000001,9.568710399999995,high,empirical_from_hard_anomaly_removed_only,step1-插值损耗模型-仅正功率,LGXRFD,FAN_SEG,风机总功率分段模型,FAN_eff,FAN_eff,10.0,10.0,hard_anomaly_removed_only,3.0,0.99
382.0,384.0,383.318,2889,1,2.0,20,6.570838400000018,6.825479999999998,7.016422000000005,7.168542400000003,7.2343719999999845,7.288645200000006,7.343476799999994,7.379197600000037,7.415658400000018,7.443101999999987,8.019450000000006,8.630488000000003,8.678499199999981,8.721949600000023,8.771103200000018,8.841173999999993,8.91188000000002,8.993629599999974,9.16269080000003,9.397267999999988,9.84204719999999,high,empirical_from_hard_anomaly_removed_only,step1-插值损耗模型-仅正功率,LGXRFD,FAN_SEG,风机总功率分段模型,FAN_eff,FAN_eff,10.0,10.0,hard_anomaly_removed_only,3.0,0.99
384.0,386.0,384.858,3588,1,2.0,20,6.4916042,6.906363600000007,7.127951400000002,7.288685599999995,7.424900000000003,7.50806679999997,7.572074999999983,7.612369599999997,7.655669500000001,7.692129000000034,8.253884999999997,8.80180900000001,8.824483800000042,8.861574399999974,8.895988199999985,8.950541800000003,8.994015499999986,9.072805999999993,9.154786999999978,9.289466400000002,9.72486050000002,high,empirical_from_hard_anomaly_removed_only,step1-插值损耗模型-仅正功率,LGXRFD,FAN_SEG,风机总功率分段模型,FAN_eff,FAN_eff,10.0,10.0,hard_anomaly_removed_only,3.0,0.99
386.0,388.0,387.056,3215,1,2.0,20,6.566685800000041,7.03481839999997,7.237408799999989,7.33375360000002,7.414847999999978,7.468885199999988,7.510636200000005,7.547519199999963,7.580455399999968,7.612880000000007,8.13875999999999,8.651819999999997,8.68399139999999,8.721939200000016,8.773272600000018,8.821081600000015,8.872826000000025,8.957178400000013,9.088307999999968,9.280803199999989,9.759133200000017,high,empirical_from_hard_anomaly_removed_only,step1-插值损耗模型-仅正功率,LGXRFD,FAN_SEG,风机总功率分段模型,FAN_eff,FAN_eff,10.0,10.0,hard_anomaly_removed_only,3.0,0.99
388.0,390.0,388.671,2227,1,2.0,20,6.69748679999998,7.012299200000012,7.144577000000005,7.31460520000001,7.432794999999999,7.529776400000026,7.58513479999998,7.633398400000031,7.686199199999994,7.7221220000000015,8.277900000000045,8.801560000000018,8.843988400000011,8.874513599999986,8.91239520000001,8.971683599999995,9.030887000000007,9.099320000000034,9.220298999999978,9.329202400000002,9.672196399999962,high,empirical_from_hard_anomaly_removed_only,step1-插值损耗模型-仅正功率,LGXRFD,FAN_SEG,风机总功率分段模型,FAN_eff,FAN_eff,10.0,10.0,hard_anomaly_removed_only,3.0,0.99
390.0,392.0,391.3,2789,1,2.0,20,6.933258000000044,7.179431999999986,7.340256399999978,7.453129599999982,7.522352000000024,7.575962400000003,7.632195199999999,7.661776400000044,7.685827600000021,7.7220839999999615,8.24753000000004,8.730940000000032,8.7685068,8.794257599999982,8.827557199999985,8.876898399999956,8.938392000000011,9.014273600000019,9.138086799999991,9.280868400000017,9.468811199999987,high,empirical_from_hard_anomaly_removed_only,step1-插值损耗模型-仅正功率,LGXRFD,FAN_SEG,风机总功率分段模型,FAN_eff,FAN_eff,10.0,10.0,hard_anomaly_removed_only,3.0,0.99
392.0,394.0,393.112,2908,1,2.0,20,7.1893955,7.52449599999999,7.660241700000018,7.73214399999998,7.7872549999999965,7.835860599999979,7.859263499999996,7.880913599999999,7.90786709999998,7.9348590000000225,8.356494999999995,8.787103999999994,8.810448299999985,8.838414400000019,8.870488399999987,8.90508020000001,8.954574000000003,9.02276320000002,9.117896899999977,9.332691199999973,9.664052999999962,high,empirical_from_hard_anomaly_removed_only,step1-插值损耗模型-仅正功率,LGXRFD,FAN_SEG,风机总功率分段模型,FAN_eff,FAN_eff,10.0,10.0,hard_anomaly_removed_only,3.0,0.99
394.0,396.0,395.4,3685,1,2.0,20,7.574364800000008,7.714494399999974,7.769301600000006,7.822259600000009,7.861119999999971,7.892994400000023,7.918023600000009,7.942286399999984,7.964507999999994,7.981458000000009,8.369370000000004,8.77402199999998,8.797621599999971,8.822843599999988,8.846432399999985,8.887283199999988,8.920989999999994,8.964148800000006,9.01208559999996,9.095461600000018,9.271820000000025,high,empirical_from_hard_anomaly_removed_only,step1-插值损耗模型-仅正功率,LGXRFD,FAN_SEG,风机总功率分段模型,FAN_eff,FAN_eff,10.0,10.0,hard_anomaly_removed_only,3.0,0.99
396.0,398.0,396.5625,1228,1,2.0,20,7.478055799999992,7.712337000000002,7.805784399999996,7.862621199999981,7.913592499999988,7.9376486000000055,7.967254699999979,7.999063600000002,8.011838000000017,8.036069999999995,8.428500000000014,8.801341000000026,8.820145599999982,8.846744799999978,8.87078300000001,8.89936539999999,8.928889999999999,8.993888800000004,9.068090800000014,9.151087199999996,9.319097399999983,high,empirical_from_hard_anomaly_removed_only,step1-插值损耗模型-仅正功率,LGXRFD,FAN_SEG,风机总功率分段模型,FAN_eff,FAN_eff,10.0,10.0,hard_anomaly_removed_only,3.0,0.99
398.0,400.0,399.418,1839,1,2.0,20,7.798124399999977,7.91150479999998,7.960368200000025,8.000422399999982,8.03298500000003,8.060873999999982,8.077129999999984,8.089198399999997,8.105399999999975,8.121924000000035,8.493899999999996,8.87160799999997,8.885257999999983,8.906908799999982,8.928778000000014,8.961829999999988,8.989338000000004,9.018084000000034,9.059423599999988,9.12562799999998,9.236291600000005,high,empirical_from_hard_anomaly_removed_only,step1-插值损耗模型-仅正功率,LGXRFD,FAN_SEG,风机总功率分段模型,FAN_eff,FAN_eff,10.0,10.0,hard_anomaly_removed_only,3.0,0.99
400.0,402.0,400.378,109,1,2.0,20,7.368066399999991,7.686665999999969,7.9128899999999955,8.007715599999988,8.021461999999996,8.028857599999995,8.063083199999978,8.089465200000014,8.163686400000008,8.200310000000025,8.68864000000002,9.129253999999992,9.161882399999977,9.194069999999972,9.248764000000005,9.264612,9.34444199999998,9.450538400000003,9.55015759999999,9.610594399999993,9.7036744,high,empirical_from_hard_anomaly_removed_only,step1-插值损耗模型-仅正功率,LGXRFD,FAN_SEG,风机总功率分段模型,FAN_eff,FAN_eff,10.0,10.0,hard_anomaly_removed_only,3.0,0.99
402.0,414.0,402.567,190,6,2.0,20,7.9467717999999765,7.991983400000004,8.04246919999999,8.115421199999991,8.127228000000006,8.141872000000019,8.159972699999967,8.173112000000014,8.18894769999999,8.198736999999994,8.614859999999993,9.02900800000001,9.057412000000017,9.085618399999998,9.103315099999987,9.119056000000024,9.166421500000004,9.191605600000011,9.201693999999998,9.282504000000028,9.361685900000014,high,empirical_from_hard_anomaly_removed_only,step1-插值损耗模型-仅正功率,LGXRFD,FAN_SEG,风机总功率分段模型,FAN_eff,FAN_eff,10.0,10.0,hard_anomaly_removed_only,3.0,0.99
