P_left,P_right,P_med,L_med,n,base_bin_count,bin_width,min_bin_samples,region,bin_source,sigma_local,sigma_sample_n,var_local,station_code,station_name,scheme_code,scheme_name,power_col_for_prediction,power_threshold_axis,power_switch_threshold,fan_threshold_b,interp_order
0.0,0.1,0.053965986,3.3002683000000004,99,1,0.1,20,low,low_lookup,0.4027154399128297,99,0.16217972554418394,step1-插值损耗模型-仅正功率,LGXRFD,STATION_SEG,站端功率分段模型,CT_eff,CT_eff,9.4,10.0,1
0.1,0.2,0.15105784,3.25781438,81,1,0.1,20,low,low_lookup,0.45413508627672644,81,0.20623867658756978,step1-插值损耗模型-仅正功率,LGXRFD,STATION_SEG,站端功率分段模型,CT_eff,CT_eff,9.4,10.0,2
0.2,0.30000000000000004,0.225665925,3.31334508,242,1,0.1,20,low,low_lookup,0.44174729916778,242,0.1951406763220281,step1-插值损耗模型-仅正功率,LGXRFD,STATION_SEG,站端功率分段模型,CT_eff,CT_eff,9.4,10.0,3
0.30000000000000004,0.4,0.34478295,3.25650472,75,1,0.1,20,low,low_lookup,0.4094831769081954,75,0.16767647217082846,step1-插值损耗模型-仅正功率,LGXRFD,STATION_SEG,站端功率分段模型,CT_eff,CT_eff,9.4,10.0,4
0.4,0.5,0.4624077,3.1802561,283,1,0.1,20,low,low_lookup,0.4142003404665987,283,0.17156192204264628,step1-插值损耗模型-仅正功率,LGXRFD,STATION_SEG,站端功率分段模型,CT_eff,CT_eff,9.4,10.0,5
0.5,0.6000000000000001,0.5337152,3.1747213,179,1,0.1,20,low,low_lookup,0.4162384503935151,179,0.17325444758599473,step1-插值损耗模型-仅正功率,LGXRFD,STATION_SEG,站端功率分段模型,CT_eff,CT_eff,9.4,10.0,6
0.6000000000000001,0.7000000000000001,0.6638776,3.0400400000000003,119,1,0.1,20,low,low_lookup,0.3881715107860674,119,0.15067712178593803,step1-插值损耗模型-仅正功率,LGXRFD,STATION_SEG,站端功率分段模型,CT_eff,CT_eff,9.4,10.0,7
0.7000000000000001,0.8,0.75519264,3.0553552,277,1,0.1,20,low,low_lookup,0.4612807879092308,277,0.2127799652941608,step1-插值损耗模型-仅正功率,LGXRFD,STATION_SEG,站端功率分段模型,CT_eff,CT_eff,9.4,10.0,8
0.8,0.9,0.8473843649999999,3.082463835,342,1,0.1,20,low,low_lookup,0.44435731517209065,342,0.1974534235469487,step1-插值损耗模型-仅正功率,LGXRFD,STATION_SEG,站端功率分段模型,CT_eff,CT_eff,9.4,10.0,9
0.9,1.0,0.95006225,3.07009305,322,1,0.1,20,low,low_lookup,0.42393513250277176,322,0.17972099657014265,step1-插值损耗模型-仅正功率,LGXRFD,STATION_SEG,站端功率分段模型,CT_eff,CT_eff,9.4,10.0,10
1.0,1.1,1.0465264,3.0708383999999995,314,1,0.1,20,low,low_lookup,0.42664615506289766,314,0.18202694162995411,step1-插值损耗模型-仅正功率,LGXRFD,STATION_SEG,站端功率分段模型,CT_eff,CT_eff,9.4,10.0,11
1.1,1.2000000000000002,1.1457559499999999,3.07259925,288,1,0.1,20,low,low_lookup,0.4799348047355685,288,0.23033741679656825,step1-插值损耗模型-仅正功率,LGXRFD,STATION_SEG,站端功率分段模型,CT_eff,CT_eff,9.4,10.0,12
1.2000000000000002,1.3,1.2519528000000002,3.0815026999999997,278,1,0.1,20,low,low_lookup,0.4771775416350762,278,0.22769840624089488,step1-插值损耗模型-仅正功率,LGXRFD,STATION_SEG,站端功率分段模型,CT_eff,CT_eff,9.4,10.0,13
1.3,1.4000000000000001,1.3464403,3.0064243,305,1,0.1,20,low,low_lookup,0.4686752655875599,305,0.2196565045735698,step1-插值损耗模型-仅正功率,LGXRFD,STATION_SEG,站端功率分段模型,CT_eff,CT_eff,9.4,10.0,14
1.4000000000000001,1.5,1.4511161000000001,3.05559485,280,1,0.1,20,low,low_lookup,0.40618203241601913,280,0.16498384345760803,step1-插值损耗模型-仅正功率,LGXRFD,STATION_SEG,站端功率分段模型,CT_eff,CT_eff,9.4,10.0,15
1.5,1.6,1.5543763,2.9945880000000002,240,1,0.1,20,low,low_lookup,0.4654706025202157,240,0.21666288181053264,step1-插值损耗模型-仅正功率,LGXRFD,STATION_SEG,站端功率分段模型,CT_eff,CT_eff,9.4,10.0,16
1.6,1.7000000000000002,1.65203555,2.9809107,226,1,0.1,20,low,low_lookup,0.40325404738635967,226,0.1626138267334804,step1-插值损耗模型-仅正功率,LGXRFD,STATION_SEG,站端功率分段模型,CT_eff,CT_eff,9.4,10.0,17
1.7000000000000002,1.8,1.7490435500000001,3.0030504999999996,216,1,0.1,20,low,low_lookup,0.4321815057940952,216,0.18678085395045155,step1-插值损耗模型-仅正功率,LGXRFD,STATION_SEG,站端功率分段模型,CT_eff,CT_eff,9.4,10.0,18
1.8,1.9000000000000001,1.8523839500000001,2.9971682,220,1,0.1,20,low,low_lookup,0.45283515481059594,220,0.20505967743233638,step1-插值损耗模型-仅正功率,LGXRFD,STATION_SEG,站端功率分段模型,CT_eff,CT_eff,9.4,10.0,19
1.9000000000000001,2.0,1.9513754,2.9502253000000005,217,1,0.1,20,low,low_lookup,0.4656974261085347,217,0.21687409268411414,step1-插值损耗模型-仅正功率,LGXRFD,STATION_SEG,站端功率分段模型,CT_eff,CT_eff,9.4,10.0,20
2.0,2.1,2.0481963,3.035915,235,1,0.1,20,low,low_lookup,0.4789059600603239,235,0.22935091858130052,step1-插值损耗模型-仅正功率,LGXRFD,STATION_SEG,站端功率分段模型,CT_eff,CT_eff,9.4,10.0,21
2.1,2.2,2.1511525,2.9633107499999998,216,1,0.1,20,low,low_lookup,0.5150693550714263,216,0.265296440533695,step1-插值损耗模型-仅正功率,LGXRFD,STATION_SEG,站端功率分段模型,CT_eff,CT_eff,9.4,10.0,22
2.2,2.3000000000000003,2.2505648,2.96241265,214,1,0.1,20,low,low_lookup,0.4543513935528995,214,0.20643518882346176,step1-插值损耗模型-仅正功率,LGXRFD,STATION_SEG,站端功率分段模型,CT_eff,CT_eff,9.4,10.0,23
2.3000000000000003,2.4000000000000004,2.3501139,2.9016642,216,1,0.1,20,low,low_lookup,0.4500638074365141,216,0.20255743076425164,step1-插值损耗模型-仅正功率,LGXRFD,STATION_SEG,站端功率分段模型,CT_eff,CT_eff,9.4,10.0,24
2.4000000000000004,2.5,2.4500985,2.9846220999999993,234,1,0.1,20,low,low_lookup,0.4680232494519102,234,0.21904576202752496,step1-插值损耗模型-仅正功率,LGXRFD,STATION_SEG,站端功率分段模型,CT_eff,CT_eff,9.4,10.0,25
2.5,2.6,2.5547194500000003,2.8866429999999994,216,1,0.1,20,low,low_lookup,0.45739177309618245,216,0.20920723409606964,step1-插值损耗模型-仅正功率,LGXRFD,STATION_SEG,站端功率分段模型,CT_eff,CT_eff,9.4,10.0,26
2.6,2.7,2.6523396000000004,2.8718258999999997,232,1,0.1,20,low,low_lookup,0.4173241098622379,232,0.1741594126723092,step1-插值损耗模型-仅正功率,LGXRFD,STATION_SEG,站端功率分段模型,CT_eff,CT_eff,9.4,10.0,27
2.7,2.8000000000000003,2.7517296499999997,2.85186095,192,1,0.1,20,low,low_lookup,0.4209498181417186,192,0.17719874939354596,step1-插值损耗模型-仅正功率,LGXRFD,STATION_SEG,站端功率分段模型,CT_eff,CT_eff,9.4,10.0,28
2.8000000000000003,2.9000000000000004,2.8515346,2.832361,227,1,0.1,20,low,low_lookup,0.4807456983906744,227,0.23111642652113726,step1-插值损耗模型-仅正功率,LGXRFD,STATION_SEG,站端功率分段模型,CT_eff,CT_eff,9.4,10.0,29
2.9000000000000004,3.0,2.9512332,2.83356165,192,1,0.1,20,low,low_lookup,0.47664254576462783,192,0.22718811643298534,step1-插值损耗模型-仅正功率,LGXRFD,STATION_SEG,站端功率分段模型,CT_eff,CT_eff,9.4,10.0,30
3.0,3.1,3.04857375,2.8302911,216,1,0.1,20,low,low_lookup,0.46099117619125035,216,0.21251286452619242,step1-插值损耗模型-仅正功率,LGXRFD,STATION_SEG,站端功率分段模型,CT_eff,CT_eff,9.4,10.0,31
3.1,3.2,3.149919,2.7705813999999997,209,1,0.1,20,low,low_lookup,0.44857186045052533,209,0.20121671398804558,step1-插值损耗模型-仅正功率,LGXRFD,STATION_SEG,站端功率分段模型,CT_eff,CT_eff,9.4,10.0,32
3.2,3.3000000000000003,3.2500804,2.7525455,200,1,0.1,20,low,low_lookup,0.4746959876875035,200,0.22533628072661446,step1-插值损耗模型-仅正功率,LGXRFD,STATION_SEG,站端功率分段模型,CT_eff,CT_eff,9.4,10.0,33
3.3000000000000003,3.4000000000000004,3.3555703,2.83877355,210,1,0.1,20,low,low_lookup,0.4592568112404899,210,0.21091681867078296,step1-插值损耗模型-仅正功率,LGXRFD,STATION_SEG,站端功率分段模型,CT_eff,CT_eff,9.4,10.0,34
3.4000000000000004,3.5,3.4495880000000003,2.74545105,238,1,0.1,20,low,low_lookup,0.4639101731663752,238,0.2152126487672562,step1-插值损耗模型-仅正功率,LGXRFD,STATION_SEG,站端功率分段模型,CT_eff,CT_eff,9.4,10.0,35
3.5,3.6,3.5456069,2.756346,203,1,0.1,20,low,low_lookup,0.44861677011888185,203,0.20125700643189767,step1-插值损耗模型-仅正功率,LGXRFD,STATION_SEG,站端功率分段模型,CT_eff,CT_eff,9.4,10.0,36
3.6,3.7,3.64499775,2.7681327,202,1,0.1,20,low,low_lookup,0.4629751217083227,202,0.21434596332083625,step1-插值损耗模型-仅正功率,LGXRFD,STATION_SEG,站端功率分段模型,CT_eff,CT_eff,9.4,10.0,37
3.7,3.8000000000000003,3.7512584,2.7358568,203,1,0.1,20,low,low_lookup,0.46041355601462863,203,0.21198064256203558,step1-插值损耗模型-仅正功率,LGXRFD,STATION_SEG,站端功率分段模型,CT_eff,CT_eff,9.4,10.0,38
3.8000000000000003,3.9000000000000004,3.850626,2.7332408,195,1,0.1,20,low,low_lookup,0.4789848481408154,195,0.22942648474847996,step1-插值损耗模型-仅正功率,LGXRFD,STATION_SEG,站端功率分段模型,CT_eff,CT_eff,9.4,10.0,39
3.9000000000000004,4.0,3.9491885,2.6806586,222,1,0.1,20,low,low_lookup,0.4598232731948444,222,0.2114374425716205,step1-插值损耗模型-仅正功率,LGXRFD,STATION_SEG,站端功率分段模型,CT_eff,CT_eff,9.4,10.0,40
4.0,4.1000000000000005,4.050638,2.6788273,201,1,0.1,20,low,low_lookup,0.5055635195463053,201,0.2555944722960474,step1-插值损耗模型-仅正功率,LGXRFD,STATION_SEG,站端功率分段模型,CT_eff,CT_eff,9.4,10.0,41
4.1000000000000005,4.2,4.149346100000001,2.6467266499999997,198,1,0.1,20,low,low_lookup,0.476142357812841,198,0.22671154490357148,step1-插值损耗模型-仅正功率,LGXRFD,STATION_SEG,站端功率分段模型,CT_eff,CT_eff,9.4,10.0,42
4.2,4.3,4.2548125,2.64421915,230,1,0.1,20,low,low_lookup,0.4625696342901715,230,0.213970666567343,step1-插值损耗模型-仅正功率,LGXRFD,STATION_SEG,站端功率分段模型,CT_eff,CT_eff,9.4,10.0,43
4.3,4.4,4.3441076,2.626501,205,1,0.1,20,low,low_lookup,0.4764782464066905,205,0.22703151929879486,step1-插值损耗模型-仅正功率,LGXRFD,STATION_SEG,站端功率分段模型,CT_eff,CT_eff,9.4,10.0,44
4.4,4.5,4.453234,2.6190143,206,1,0.1,20,low,low_lookup,0.5042438384974952,206,0.25426184866268803,step1-插值损耗模型-仅正功率,LGXRFD,STATION_SEG,站端功率分段模型,CT_eff,CT_eff,9.4,10.0,45
4.5,4.6000000000000005,4.5507145,2.61578845,172,1,0.1,20,low,low_lookup,0.48370219736902736,172,0.2339678157396255,step1-插值损耗模型-仅正功率,LGXRFD,STATION_SEG,站端功率分段模型,CT_eff,CT_eff,9.4,10.0,46
4.6000000000000005,4.7,4.64748045,2.4937989,188,1,0.1,20,low,low_lookup,0.4998123806417506,188,0.2498124158427742,step1-插值损耗模型-仅正功率,LGXRFD,STATION_SEG,站端功率分段模型,CT_eff,CT_eff,9.4,10.0,47
4.7,4.800000000000001,4.7446527,2.515822,187,1,0.1,20,low,low_lookup,0.5134767771367946,187,0.2636584006587895,step1-插值损耗模型-仅正功率,LGXRFD,STATION_SEG,站端功率分段模型,CT_eff,CT_eff,9.4,10.0,48
4.800000000000001,4.9,4.8524213,2.6047927,181,1,0.1,20,low,low_lookup,0.5216601121092619,181,0.2721292725658477,step1-插值损耗模型-仅正功率,LGXRFD,STATION_SEG,站端功率分段模型,CT_eff,CT_eff,9.4,10.0,49
4.9,5.0,4.947369500000001,2.6530743500000002,170,1,0.1,20,low,low_lookup,0.46076615914665897,170,0.21230545341476426,step1-插值损耗模型-仅正功率,LGXRFD,STATION_SEG,站端功率分段模型,CT_eff,CT_eff,9.4,10.0,50
5.0,5.1000000000000005,5.04786035,2.575757,176,1,0.1,20,low,low_lookup,0.4626881986855548,176,0.21408036920288342,step1-插值损耗模型-仅正功率,LGXRFD,STATION_SEG,站端功率分段模型,CT_eff,CT_eff,9.4,10.0,51
5.1000000000000005,5.2,5.1526794,2.5277456000000003,171,1,0.1,20,low,low_lookup,0.4918164838657165,171,0.2418834538020366,step1-插值损耗模型-仅正功率,LGXRFD,STATION_SEG,站端功率分段模型,CT_eff,CT_eff,9.4,10.0,52
5.2,5.300000000000001,5.25059265,2.5036035,170,1,0.1,20,low,low_lookup,0.5039279414813618,170,0.2539433702056428,step1-插值损耗模型-仅正功率,LGXRFD,STATION_SEG,站端功率分段模型,CT_eff,CT_eff,9.4,10.0,53
5.300000000000001,5.4,5.349453,2.5448673,183,1,0.1,20,low,low_lookup,0.586111563195105,183,0.3435267645110096,step1-插值损耗模型-仅正功率,LGXRFD,STATION_SEG,站端功率分段模型,CT_eff,CT_eff,9.4,10.0,54
5.4,5.5,5.4535537,2.5991204999999997,169,1,0.1,20,low,low_lookup,0.5237560571701542,169,0.2743204074224258,step1-插值损耗模型-仅正功率,LGXRFD,STATION_SEG,站端功率分段模型,CT_eff,CT_eff,9.4,10.0,55
5.5,5.6000000000000005,5.5454288,2.5550076499999994,166,1,0.1,20,low,low_lookup,0.4743000692887321,166,0.22496055572729606,step1-插值损耗模型-仅正功率,LGXRFD,STATION_SEG,站端功率分段模型,CT_eff,CT_eff,9.4,10.0,56
5.6000000000000005,5.7,5.6564274,2.6020746999999993,177,1,0.1,20,low,low_lookup,0.5117740408494509,177,0.2619126688873754,step1-插值损耗模型-仅正功率,LGXRFD,STATION_SEG,站端功率分段模型,CT_eff,CT_eff,9.4,10.0,57
5.7,5.800000000000001,5.7475543,2.4601499999999996,171,1,0.1,20,low,low_lookup,0.5268304669056071,171,0.27755034085998,step1-插值损耗模型-仅正功率,LGXRFD,STATION_SEG,站端功率分段模型,CT_eff,CT_eff,9.4,10.0,58
5.800000000000001,5.9,5.843733,2.5686394999999997,183,1,0.1,20,low,low_lookup,0.4571461632441842,183,0.20898261456887832,step1-插值损耗模型-仅正功率,LGXRFD,STATION_SEG,站端功率分段模型,CT_eff,CT_eff,9.4,10.0,59
5.9,6.0,5.9506073,2.4648179999999993,159,1,0.1,20,low,low_lookup,0.5234774253730877,160,0.2740286148752366,step1-插值损耗模型-仅正功率,LGXRFD,STATION_SEG,站端功率分段模型,CT_eff,CT_eff,9.4,10.0,60
6.0,6.1000000000000005,6.051178,2.4585688,162,1,0.1,20,low,low_lookup,0.5202102264696417,164,0.2706186797235959,step1-插值损耗模型-仅正功率,LGXRFD,STATION_SEG,站端功率分段模型,CT_eff,CT_eff,9.4,10.0,61
6.1000000000000005,6.2,6.153277,2.5064409999999997,173,1,0.1,20,low,low_lookup,0.4927096239204956,174,0.2427627735038762,step1-插值损耗模型-仅正功率,LGXRFD,STATION_SEG,站端功率分段模型,CT_eff,CT_eff,9.4,10.0,62
6.2,6.300000000000001,6.2528462000000005,2.457486850000001,164,1,0.1,20,low,low_lookup,0.5087549492248828,164,0.2588315983608131,step1-插值损耗模型-仅正功率,LGXRFD,STATION_SEG,站端功率分段模型,CT_eff,CT_eff,9.4,10.0,63
6.300000000000001,6.4,6.3484764,2.4307217000000003,177,1,0.1,20,low,low_lookup,0.5063641165993674,179,0.2564046185794578,step1-插值损耗模型-仅正功率,LGXRFD,STATION_SEG,站端功率分段模型,CT_eff,CT_eff,9.4,10.0,64
6.4,6.5,6.44864365,2.3585887500000005,156,1,0.1,20,low,low_lookup,0.5515152181524658,157,0.304169035853762,step1-插值损耗模型-仅正功率,LGXRFD,STATION_SEG,站端功率分段模型,CT_eff,CT_eff,9.4,10.0,65
6.5,6.6000000000000005,6.5492599,2.4045385,142,1,0.1,20,low,low_lookup,0.49882459970392823,145,0.24882598126978422,step1-插值损耗模型-仅正功率,LGXRFD,STATION_SEG,站端功率分段模型,CT_eff,CT_eff,9.4,10.0,66
6.6000000000000005,6.7,6.6521187,2.3851519999999997,161,1,0.1,20,low,low_lookup,0.5521690050731232,166,0.3048906101634427,step1-插值损耗模型-仅正功率,LGXRFD,STATION_SEG,站端功率分段模型,CT_eff,CT_eff,9.4,10.0,67
6.7,6.800000000000001,6.756666,2.4093519999999993,161,1,0.1,20,low,low_lookup,0.524602078508159,172,0.2752073407750806,step1-插值损耗模型-仅正功率,LGXRFD,STATION_SEG,站端功率分段模型,CT_eff,CT_eff,9.4,10.0,68
6.800000000000001,6.9,6.848711,2.3454742999999993,171,1,0.1,20,low,low_lookup,0.530124830085754,182,0.2810323354734495,step1-插值损耗模型-仅正功率,LGXRFD,STATION_SEG,站端功率分段模型,CT_eff,CT_eff,9.4,10.0,69
6.9,7.0,6.94879,2.3247170000000006,145,1,0.1,20,low,low_lookup,0.5159514119776788,156,0.26620585952176046,step1-插值损耗模型-仅正功率,LGXRFD,STATION_SEG,站端功率分段模型,CT_eff,CT_eff,9.4,10.0,70
7.0,7.1000000000000005,7.04289245,2.28085895,152,1,0.1,20,low,low_lookup,0.5141298620847116,180,0.26432951508724456,step1-插值损耗模型-仅正功率,LGXRFD,STATION_SEG,站端功率分段模型,CT_eff,CT_eff,9.4,10.0,71
7.1000000000000005,7.2,7.1491346,2.206144,145,1,0.1,20,low,low_lookup,0.5750203447639053,174,0.3306483968924005,step1-插值损耗模型-仅正功率,LGXRFD,STATION_SEG,站端功率分段模型,CT_eff,CT_eff,9.4,10.0,72
7.2,7.300000000000001,7.24109625,2.1928349999999996,132,1,0.1,20,low,low_lookup,0.5304873476558499,164,0.2814168260229386,step1-插值损耗模型-仅正功率,LGXRFD,STATION_SEG,站端功率分段模型,CT_eff,CT_eff,9.4,10.0,73
7.300000000000001,7.4,7.3522544,2.0970754000000005,109,1,0.1,20,low,low_lookup,0.5116959613230563,151,0.2618327568343267,step1-插值损耗模型-仅正功率,LGXRFD,STATION_SEG,站端功率分段模型,CT_eff,CT_eff,9.4,10.0,74
7.4,7.5,7.457827,2.0459962999999997,109,1,0.1,20,low,low_lookup,0.5983435974635841,158,0.3580150606256636,step1-插值损耗模型-仅正功率,LGXRFD,STATION_SEG,站端功率分段模型,CT_eff,CT_eff,9.4,10.0,75
7.5,7.6000000000000005,7.541653999999999,2.1237389999999996,112,1,0.1,20,low,low_lookup,0.4756561024913406,185,0.22624872783725272,step1-插值损耗模型-仅正功率,LGXRFD,STATION_SEG,站端功率分段模型,CT_eff,CT_eff,9.4,10.0,76
4.0,8.0,7.6446495,2.760807,671,2,2.0,20,high,high_lookup,0.5297918302117833,7006,0.28067938335915105,step1-插值损耗模型-仅正功率,LGXRFD,STATION_SEG,站端功率分段模型,CT_eff,CT_eff,9.4,10.0,77
7.6000000000000005,7.7,7.6545872500000005,1.99879725,96,1,0.1,20,low,low_lookup,0.6244459310260135,169,0.38993272077494484,step1-插值损耗模型-仅正功率,LGXRFD,STATION_SEG,站端功率分段模型,CT_eff,CT_eff,9.4,10.0,78
7.7,7.800000000000001,7.7456365,1.9188099999999997,75,1,0.1,20,low,low_lookup,0.5116848246104595,175,0.26182135973663667,step1-插值损耗模型-仅正功率,LGXRFD,STATION_SEG,站端功率分段模型,CT_eff,CT_eff,9.4,10.0,79
7.800000000000001,7.9,7.856657,1.826108500000001,69,1,0.1,20,low,low_lookup,0.5018926076869393,173,0.25189618965079597,step1-插值损耗模型-仅正功率,LGXRFD,STATION_SEG,站端功率分段模型,CT_eff,CT_eff,9.4,10.0,80
7.9,8.0,7.9475255,1.7228009999999996,61,1,0.1,20,low,low_lookup,0.5771750091487753,154,0.33313099118588885,step1-插值损耗模型-仅正功率,LGXRFD,STATION_SEG,站端功率分段模型,CT_eff,CT_eff,9.4,10.0,81
8.0,8.1,8.045494,1.7490260000000006,41,1,0.1,20,low,low_lookup,0.4883356066747362,177,0.23847166474638265,step1-插值损耗模型-仅正功率,LGXRFD,STATION_SEG,站端功率分段模型,CT_eff,CT_eff,9.4,10.0,82
8.1,8.200000000000001,8.151682000000001,1.5582674999999995,38,1,0.1,20,low,low_lookup,0.5379097997899602,180,0.2893469527100751,step1-插值损耗模型-仅正功率,LGXRFD,STATION_SEG,站端功率分段模型,CT_eff,CT_eff,9.4,10.0,83
8.200000000000001,8.3,8.248766,1.5485939999999996,33,1,0.1,20,low,low_lookup,0.5662913625535357,186,0.32068590730274005,step1-插值损耗模型-仅正功率,LGXRFD,STATION_SEG,站端功率分段模型,CT_eff,CT_eff,9.4,10.0,84
8.3,8.4,8.334925,1.3781839999999992,25,1,0.1,20,low,low_lookup,0.5595659483696975,151,0.313114050574879,step1-插值损耗模型-仅正功率,LGXRFD,STATION_SEG,站端功率分段模型,CT_eff,CT_eff,9.4,10.0,85
8.4,8.5,8.456667,1.349824,23,1,0.1,20,low,low_lookup,0.5348859062048661,190,0.2861029326566008,step1-插值损耗模型-仅正功率,LGXRFD,STATION_SEG,站端功率分段模型,CT_eff,CT_eff,9.4,10.0,86
8.5,9.4,8.6079195,1.2020749999999998,38,9,0.1,20,low,low_lookup,0.6825584849356879,1569,0.46588608535770176,step1-插值损耗模型-仅正功率,LGXRFD,STATION_SEG,站端功率分段模型,CT_eff,CT_eff,9.4,10.0,87
8.0,10.0,9.023527,2.2150880000000015,3231,1,2.0,20,high,high_lookup,0.6803058976236295,3429,0.4628161143414922,step1-插值损耗模型-仅正功率,LGXRFD,STATION_SEG,站端功率分段模型,CT_eff,CT_eff,9.4,10.0,88
10.0,12.0,11.021381,1.974862,3229,1,2.0,20,high,high_lookup,0.5704201932909797,3229,0.32537919691411865,step1-插值损耗模型-仅正功率,LGXRFD,STATION_SEG,站端功率分段模型,CT_eff,CT_eff,9.4,10.0,89
12.0,14.0,13.011272,1.8367640000000005,3571,1,2.0,20,high,high_lookup,0.5736914890098577,3571,0.3291219245623476,step1-插值损耗模型-仅正功率,LGXRFD,STATION_SEG,站端功率分段模型,CT_eff,CT_eff,9.4,10.0,90
14.0,16.0,14.999884,1.6766869999999994,3445,1,2.0,20,high,high_lookup,0.5652485592700306,3445,0.3195059337568453,step1-插值损耗模型-仅正功率,LGXRFD,STATION_SEG,站端功率分段模型,CT_eff,CT_eff,9.4,10.0,91
16.0,18.0,16.995876,1.51079,3231,1,2.0,20,high,high_lookup,0.5709942064003373,3231,0.32603438374275096,step1-插值损耗模型-仅正功率,LGXRFD,STATION_SEG,站端功率分段模型,CT_eff,CT_eff,9.4,10.0,92
18.0,20.0,19.019984,1.3574884999999988,3350,1,2.0,20,high,high_lookup,0.5665485026672551,3350,0.32097720587450873,step1-插值损耗模型-仅正功率,LGXRFD,STATION_SEG,站端功率分段模型,CT_eff,CT_eff,9.4,10.0,93
20.0,22.0,21.013994,1.2439094999999991,3200,1,2.0,20,high,high_lookup,0.5707111706902861,3200,0.3257112403506769,step1-插值损耗模型-仅正功率,LGXRFD,STATION_SEG,站端功率分段模型,CT_eff,CT_eff,9.4,10.0,94
22.0,24.0,23.018436,1.1518629999999987,3293,1,2.0,20,high,high_lookup,0.5531689742064098,3293,0.3059959140245716,step1-插值损耗模型-仅正功率,LGXRFD,STATION_SEG,站端功率分段模型,CT_eff,CT_eff,9.4,10.0,95
24.0,26.0,24.973349,1.0492060000000016,3415,1,2.0,20,high,high_lookup,0.5394460218705149,3415,0.2910020105119241,step1-插值损耗模型-仅正功率,LGXRFD,STATION_SEG,站端功率分段模型,CT_eff,CT_eff,9.4,10.0,96
26.0,28.0,26.996532,0.9940169999999995,3149,1,2.0,20,high,high_lookup,0.523706044601434,3149,0.27426802115207916,step1-插值损耗模型-仅正功率,LGXRFD,STATION_SEG,站端功率分段模型,CT_eff,CT_eff,9.4,10.0,97
28.0,30.0,28.991585,0.9563720000000018,3143,1,2.0,20,high,high_lookup,0.48756780195511734,3143,0.23772236150334453,step1-插值损耗模型-仅正功率,LGXRFD,STATION_SEG,站端功率分段模型,CT_eff,CT_eff,9.4,10.0,98
30.0,32.0,30.960768,0.9611354999999993,2902,1,2.0,20,high,high_lookup,0.4729918753701965,2902,0.2237213141662155,step1-插值损耗模型-仅正功率,LGXRFD,STATION_SEG,站端功率分段模型,CT_eff,CT_eff,9.4,10.0,99
32.0,34.0,32.979093,0.9262620000000048,2882,1,2.0,20,high,high_lookup,0.4444988622347124,2882,0.19757923852795384,step1-插值损耗模型-仅正功率,LGXRFD,STATION_SEG,站端功率分段模型,CT_eff,CT_eff,9.4,10.0,100
34.0,36.0,34.995098,0.8912675000000014,2982,1,2.0,20,high,high_lookup,0.433476580968189,2982,0.1879019462478709,step1-插值损耗模型-仅正功率,LGXRFD,STATION_SEG,站端功率分段模型,CT_eff,CT_eff,9.4,10.0,101
36.0,38.0,37.00102,0.8799829999999993,2962,1,2.0,20,high,high_lookup,0.44289942450254743,2962,0.1961599002246877,step1-插值损耗模型-仅正功率,LGXRFD,STATION_SEG,站端功率分段模型,CT_eff,CT_eff,9.4,10.0,102
38.0,40.0,39.011091,0.8424040000000019,2906,1,2.0,20,high,high_lookup,0.42955771500228407,2906,0.1845198305179835,step1-插值损耗模型-仅正功率,LGXRFD,STATION_SEG,站端功率分段模型,CT_eff,CT_eff,9.4,10.0,103
40.0,42.0,40.631945,0.7202979999999997,3888,1,2.0,20,high,high_lookup,0.3554103670492838,3888,0.12631652900610663,step1-插值损耗模型-仅正功率,LGXRFD,STATION_SEG,站端功率分段模型,CT_eff,CT_eff,9.4,10.0,104
42.0,44.0,42.957325,0.8323184999999995,2818,1,2.0,20,high,high_lookup,0.40421642803866303,2818,0.16339092069633565,step1-插值损耗模型-仅正功率,LGXRFD,STATION_SEG,站端功率分段模型,CT_eff,CT_eff,9.4,10.0,105
44.0,46.0,45.015951,0.8085954999999991,2710,1,2.0,20,high,high_lookup,0.3995491716537932,2710,0.15963954056923232,step1-插值损耗模型-仅正功率,LGXRFD,STATION_SEG,站端功率分段模型,CT_eff,CT_eff,9.4,10.0,106
46.0,48.0,46.979527,0.7951869999999985,2505,1,2.0,20,high,high_lookup,0.3941634721910792,2505,0.15536484280972768,step1-插值损耗模型-仅正功率,LGXRFD,STATION_SEG,站端功率分段模型,CT_eff,CT_eff,9.4,10.0,107
48.0,50.0,49.00847,0.7821659999999966,2489,1,2.0,20,high,high_lookup,0.4078904793694982,2489,0.16637464316027903,step1-插值损耗模型-仅正功率,LGXRFD,STATION_SEG,站端功率分段模型,CT_eff,CT_eff,9.4,10.0,108
50.0,52.0,50.972860499999996,0.7738465000000012,2476,1,2.0,20,high,high_lookup,0.38887644880596983,2476,0.1512248924359421,step1-插值损耗模型-仅正功率,LGXRFD,STATION_SEG,站端功率分段模型,CT_eff,CT_eff,9.4,10.0,109
52.0,54.0,52.98088,0.7738330000000033,2407,1,2.0,20,high,high_lookup,0.3936781664321556,2407,0.154982498725384,step1-插值损耗模型-仅正功率,LGXRFD,STATION_SEG,站端功率分段模型,CT_eff,CT_eff,9.4,10.0,110
54.0,56.0,54.9429455,0.7851269999999992,2316,1,2.0,20,high,high_lookup,0.3790036225803585,2316,0.14364374592903484,step1-插值损耗模型-仅正功率,LGXRFD,STATION_SEG,站端功率分段模型,CT_eff,CT_eff,9.4,10.0,111
56.0,58.0,56.969241499999995,0.7966675000000016,2236,1,2.0,20,high,high_lookup,0.3803196969568867,2236,0.14464307189337816,step1-插值损耗模型-仅正功率,LGXRFD,STATION_SEG,站端功率分段模型,CT_eff,CT_eff,9.4,10.0,112
58.0,60.0,59.00504,0.798729999999999,2257,1,2.0,20,high,high_lookup,0.37456558433062154,2257,0.14029937696493996,step1-插值损耗模型-仅正功率,LGXRFD,STATION_SEG,站端功率分段模型,CT_eff,CT_eff,9.4,10.0,113
60.0,62.0,60.9724285,0.7839079999999967,2242,1,2.0,20,high,high_lookup,0.38027499974701845,2242,0.14460907543259488,step1-插值损耗模型-仅正功率,LGXRFD,STATION_SEG,站端功率分段模型,CT_eff,CT_eff,9.4,10.0,114
62.0,64.0,63.0177065,0.8000614999999982,2366,1,2.0,20,high,high_lookup,0.38735541120371725,2366,0.15004421458880088,step1-插值损耗模型-仅正功率,LGXRFD,STATION_SEG,站端功率分段模型,CT_eff,CT_eff,9.4,10.0,115
64.0,66.0,64.9864025,0.7929449999999889,2218,1,2.0,20,high,high_lookup,0.38220704615217727,2218,0.14608222612837257,step1-插值损耗模型-仅正功率,LGXRFD,STATION_SEG,站端功率分段模型,CT_eff,CT_eff,9.4,10.0,116
66.0,68.0,67.00569,0.799509999999998,2167,1,2.0,20,high,high_lookup,0.3879250906330768,2167,0.15048587594268084,step1-插值损耗模型-仅正功率,LGXRFD,STATION_SEG,站端功率分段模型,CT_eff,CT_eff,9.4,10.0,117
68.0,70.0,69.02752,0.8245599999999911,2203,1,2.0,20,high,high_lookup,0.38697114688995193,2203,0.14974666852532476,step1-插值损耗模型-仅正功率,LGXRFD,STATION_SEG,站端功率分段模型,CT_eff,CT_eff,9.4,10.0,118
70.0,72.0,70.95425,0.8305699999999945,2099,1,2.0,20,high,high_lookup,0.39174629476489925,2099,0.15346515946202732,step1-插值损耗模型-仅正功率,LGXRFD,STATION_SEG,站端功率分段模型,CT_eff,CT_eff,9.4,10.0,119
72.0,74.0,73.02074,0.8320599999999985,2041,1,2.0,20,high,high_lookup,0.39703401879757383,2041,0.1576360120825522,step1-插值损耗模型-仅正功率,LGXRFD,STATION_SEG,站端功率分段模型,CT_eff,CT_eff,9.4,10.0,120
74.0,76.0,75.03374,0.8413699999999977,2159,1,2.0,20,high,high_lookup,0.3979405435718937,2159,0.15835667621829422,step1-插值损耗模型-仅正功率,LGXRFD,STATION_SEG,站端功率分段模型,CT_eff,CT_eff,9.4,10.0,121
76.0,78.0,76.95639,0.8617100000000022,2011,1,2.0,20,high,high_lookup,0.41219715605312857,2011,0.16990649545828723,step1-插值损耗模型-仅正功率,LGXRFD,STATION_SEG,站端功率分段模型,CT_eff,CT_eff,9.4,10.0,122
78.0,80.0,79.00773,0.8779859999999928,1999,1,2.0,20,high,high_lookup,0.41800001824917976,1999,0.17472401525631462,step1-插值损耗模型-仅正功率,LGXRFD,STATION_SEG,站端功率分段模型,CT_eff,CT_eff,9.4,10.0,123
80.0,82.0,80.9471,0.7894080000000017,4460,1,2.0,20,high,high_lookup,0.2989978307462796,4460,0.08939970279098088,step1-插值损耗模型-仅正功率,LGXRFD,STATION_SEG,站端功率分段模型,CT_eff,CT_eff,9.4,10.0,124
82.0,84.0,82.967423,0.8929950000000062,1940,1,2.0,20,high,high_lookup,0.4086218076170054,1940,0.16697178166018897,step1-插值损耗模型-仅正功率,LGXRFD,STATION_SEG,站端功率分段模型,CT_eff,CT_eff,9.4,10.0,125
84.0,86.0,84.992966,0.9178339999999992,1895,1,2.0,20,high,high_lookup,0.42300188105614983,1895,0.17893059137704112,step1-插值损耗模型-仅正功率,LGXRFD,STATION_SEG,站端功率分段模型,CT_eff,CT_eff,9.4,10.0,126
86.0,88.0,86.978715,0.9404330000000058,1972,1,2.0,20,high,high_lookup,0.4379925976049395,1972,0.1918375155567225,step1-插值损耗模型-仅正功率,LGXRFD,STATION_SEG,站端功率分段模型,CT_eff,CT_eff,9.4,10.0,127
88.0,90.0,88.971176,0.9543500000000051,1829,1,2.0,20,high,high_lookup,0.42739899311883456,1829,0.18266989931899358,step1-插值损耗模型-仅正功率,LGXRFD,STATION_SEG,站端功率分段模型,CT_eff,CT_eff,9.4,10.0,128
90.0,92.0,90.97545,0.9562439999999981,1765,1,2.0,20,high,high_lookup,0.44886279995097667,1765,0.2014778131798305,step1-插值损耗模型-仅正功率,LGXRFD,STATION_SEG,站端功率分段模型,CT_eff,CT_eff,9.4,10.0,129
92.0,94.0,92.955536,0.9537640000000067,1707,1,2.0,20,high,high_lookup,0.4593172678592749,1707,0.2109723525537089,step1-插值损耗模型-仅正功率,LGXRFD,STATION_SEG,站端功率分段模型,CT_eff,CT_eff,9.4,10.0,130
94.0,96.0,94.98602,0.9872039999999913,1781,1,2.0,20,high,high_lookup,0.45380752016183884,1781,0.20594126535543777,step1-插值损耗模型-仅正功率,LGXRFD,STATION_SEG,站端功率分段模型,CT_eff,CT_eff,9.4,10.0,131
96.0,98.0,97.04088,1.0013729999999939,1758,1,2.0,20,high,high_lookup,0.4702481722054198,1758,0.22113334346253816,step1-插值损耗模型-仅正功率,LGXRFD,STATION_SEG,站端功率分段模型,CT_eff,CT_eff,9.4,10.0,132
98.0,100.0,98.983183,1.0332400000000064,1848,1,2.0,20,high,high_lookup,0.4891309840891548,1848,0.239249119596025,step1-插值损耗模型-仅正功率,LGXRFD,STATION_SEG,站端功率分段模型,CT_eff,CT_eff,9.4,10.0,133
100.0,102.0,101.009475,1.0503425000000064,1760,1,2.0,20,high,high_lookup,0.47581016984768604,1760,0.22639531773048382,step1-插值损耗模型-仅正功率,LGXRFD,STATION_SEG,站端功率分段模型,CT_eff,CT_eff,9.4,10.0,134
102.0,104.0,102.961105,1.0596800000000002,1713,1,2.0,20,high,high_lookup,0.47574588893294273,1713,0.2263341508365959,step1-插值损耗模型-仅正功率,LGXRFD,STATION_SEG,站端功率分段模型,CT_eff,CT_eff,9.4,10.0,135
104.0,106.0,105.01785,1.096260000000001,1657,1,2.0,20,high,high_lookup,0.4994776760173991,1657,0.24947794883974192,step1-插值损耗模型-仅正功率,LGXRFD,STATION_SEG,站端功率分段模型,CT_eff,CT_eff,9.4,10.0,136
106.0,108.0,107.01239,1.0806199999999961,1579,1,2.0,20,high,high_lookup,0.5179796546448077,1579,0.26830292262595423,step1-插值损耗模型-仅正功率,LGXRFD,STATION_SEG,站端功率分段模型,CT_eff,CT_eff,9.4,10.0,137
108.0,110.0,108.94154,1.1119099999999946,1542,1,2.0,20,high,high_lookup,0.5079574038258562,1542,0.25802072410150395,step1-插值损耗模型-仅正功率,LGXRFD,STATION_SEG,站端功率分段模型,CT_eff,CT_eff,9.4,10.0,138
110.0,112.0,110.967525,1.1401350000000008,1586,1,2.0,20,high,high_lookup,0.5402224337117046,1586,0.2918402778853971,step1-插值损耗模型-仅正功率,LGXRFD,STATION_SEG,站端功率分段模型,CT_eff,CT_eff,9.4,10.0,139
112.0,114.0,113.01679,1.1605109999999925,1436,1,2.0,20,high,high_lookup,0.4979689996737154,1436,0.24797312463604076,step1-插值损耗模型-仅正功率,LGXRFD,STATION_SEG,站端功率分段模型,CT_eff,CT_eff,9.4,10.0,140
114.0,116.0,115.00723,1.1700600000000065,1407,1,2.0,20,high,high_lookup,0.5411276204026368,1407,0.29281910156262025,step1-插值损耗模型-仅正功率,LGXRFD,STATION_SEG,站端功率分段模型,CT_eff,CT_eff,9.4,10.0,141
116.0,118.0,116.99618,1.2121539999999982,1441,1,2.0,20,high,high_lookup,0.5551772388942909,1441,0.3082217665862886,step1-插值损耗模型-仅正功率,LGXRFD,STATION_SEG,站端功率分段模型,CT_eff,CT_eff,9.4,10.0,142
118.0,120.0,118.999985,1.2308050000000037,1453,1,2.0,20,high,high_lookup,0.5827182708483574,1453,0.3395605831804996,step1-插值损耗模型-仅正功率,LGXRFD,STATION_SEG,站端功率分段模型,CT_eff,CT_eff,9.4,10.0,143
120.0,122.0,121.02112,1.2466639999999956,1505,1,2.0,20,high,high_lookup,0.5804993410416178,1505,0.3369794849497525,step1-插值损耗模型-仅正功率,LGXRFD,STATION_SEG,站端功率分段模型,CT_eff,CT_eff,9.4,10.0,144
122.0,124.0,123.03212,1.2730450000000104,1545,1,2.0,20,high,high_lookup,0.5828589732829912,1545,0.33972458273650263,step1-插值损耗模型-仅正功率,LGXRFD,STATION_SEG,站端功率分段模型,CT_eff,CT_eff,9.4,10.0,145
124.0,126.0,124.98734999999999,1.3187229999999985,1558,1,2.0,20,high,high_lookup,0.5728224446287178,1558,0.32812555307042046,step1-插值损耗模型-仅正功率,LGXRFD,STATION_SEG,站端功率分段模型,CT_eff,CT_eff,9.4,10.0,146
126.0,128.0,127.00571,1.3425199999999933,1531,1,2.0,20,high,high_lookup,0.5986627679277647,1531,0.3583971097029327,step1-插值损耗模型-仅正功率,LGXRFD,STATION_SEG,站端功率分段模型,CT_eff,CT_eff,9.4,10.0,147
128.0,130.0,128.96286,1.3519599999999912,1479,1,2.0,20,high,high_lookup,0.6306397312302581,1479,0.39770647060617215,step1-插值损耗模型-仅正功率,LGXRFD,STATION_SEG,站端功率分段模型,CT_eff,CT_eff,9.4,10.0,148
130.0,132.0,130.97872,1.3753449999999958,1400,1,2.0,20,high,high_lookup,0.6178045404567896,1400,0.3816824502090249,step1-插值损耗模型-仅正功率,LGXRFD,STATION_SEG,站端功率分段模型,CT_eff,CT_eff,9.4,10.0,149
132.0,134.0,132.98187,1.4106299999999976,1343,1,2.0,20,high,high_lookup,0.6618530607079877,1343,0.4380494739685312,step1-插值损耗模型-仅正功率,LGXRFD,STATION_SEG,站端功率分段模型,CT_eff,CT_eff,9.4,10.0,150
134.0,136.0,134.98637,1.4197849999999903,1304,1,2.0,20,high,high_lookup,0.6762532327751831,1304,0.457318434838886,step1-插值损耗模型-仅正功率,LGXRFD,STATION_SEG,站端功率分段模型,CT_eff,CT_eff,9.4,10.0,151
136.0,138.0,136.99095,1.506325000000004,1382,1,2.0,20,high,high_lookup,0.6614888990027442,1382,0.4375675635038627,step1-插值损耗模型-仅正功率,LGXRFD,STATION_SEG,站端功率分段模型,CT_eff,CT_eff,9.4,10.0,152
138.0,140.0,139.01448,1.5106700000000046,1391,1,2.0,20,high,high_lookup,0.6854252550484068,1391,0.4698077802581735,step1-插值损耗模型-仅正功率,LGXRFD,STATION_SEG,站端功率分段模型,CT_eff,CT_eff,9.4,10.0,153
140.0,142.0,141.04666,1.5478499999999968,1378,1,2.0,20,high,high_lookup,0.7044052658860962,1378,0.4961867786080619,step1-插值损耗模型-仅正功率,LGXRFD,STATION_SEG,站端功率分段模型,CT_eff,CT_eff,9.4,10.0,154
142.0,144.0,143.014,1.5541499999999928,1425,1,2.0,20,high,high_lookup,0.7124684416346572,1425,0.5076112803253169,step1-插值损耗模型-仅正功率,LGXRFD,STATION_SEG,站端功率分段模型,CT_eff,CT_eff,9.4,10.0,155
144.0,146.0,144.997705,1.5839950000000016,1346,1,2.0,20,high,high_lookup,0.6919312609814466,1346,0.4787688699233748,step1-插值损耗模型-仅正功率,LGXRFD,STATION_SEG,站端功率分段模型,CT_eff,CT_eff,9.4,10.0,156
146.0,148.0,147.00745,1.6270499999999828,1372,1,2.0,20,high,high_lookup,0.7134526822914181,1372,0.5090147298688192,step1-插值损耗模型-仅正功率,LGXRFD,STATION_SEG,站端功率分段模型,CT_eff,CT_eff,9.4,10.0,157
148.0,150.0,148.96376,1.638370000000009,1303,1,2.0,20,high,high_lookup,0.7694502474120979,1303,0.5920536832425386,step1-插值损耗模型-仅正功率,LGXRFD,STATION_SEG,站端功率分段模型,CT_eff,CT_eff,9.4,10.0,158
150.0,152.0,150.95862499999998,1.6971900000000062,1242,1,2.0,20,high,high_lookup,0.7842556218692565,1242,0.6150568804335341,step1-插值损耗模型-仅正功率,LGXRFD,STATION_SEG,站端功率分段模型,CT_eff,CT_eff,9.4,10.0,159
152.0,154.0,152.985275,1.7003699999999924,1114,1,2.0,20,high,high_lookup,0.7376705123575925,1114,0.544157784801913,step1-插值损耗模型-仅正功率,LGXRFD,STATION_SEG,站端功率分段模型,CT_eff,CT_eff,9.4,10.0,160
154.0,156.0,155.00525,1.7726199999999892,1107,1,2.0,20,high,high_lookup,0.809196522657057,1107,0.6547990122802729,step1-插值损耗模型-仅正功率,LGXRFD,STATION_SEG,站端功率分段模型,CT_eff,CT_eff,9.4,10.0,161
156.0,158.0,156.99329,1.801479999999998,1162,1,2.0,20,high,high_lookup,0.8223958494637463,1162,0.6763349332151969,step1-插值损耗模型-仅正功率,LGXRFD,STATION_SEG,站端功率分段模型,CT_eff,CT_eff,9.4,10.0,162
158.0,160.0,158.950265,1.8097899999999925,1070,1,2.0,20,high,high_lookup,0.8028918931464382,1070,0.6446353920802714,step1-插值损耗模型-仅正功率,LGXRFD,STATION_SEG,站端功率分段模型,CT_eff,CT_eff,9.4,10.0,163
160.0,162.0,160.98577999999998,1.8520449999999897,1074,1,2.0,20,high,high_lookup,0.8822884361852632,1074,0.7784328846262373,step1-插值损耗模型-仅正功率,LGXRFD,STATION_SEG,站端功率分段模型,CT_eff,CT_eff,9.4,10.0,164
162.0,164.0,162.98597,1.9426799999999957,1232,1,2.0,20,high,high_lookup,0.8535233097390864,1232,0.7285020402679644,step1-插值损耗模型-仅正功率,LGXRFD,STATION_SEG,站端功率分段模型,CT_eff,CT_eff,9.4,10.0,165
164.0,166.0,164.97748,1.9287400000000048,1191,1,2.0,20,high,high_lookup,0.8441067942586085,1191,0.7125162801135447,step1-插值损耗模型-仅正功率,LGXRFD,STATION_SEG,站端功率分段模型,CT_eff,CT_eff,9.4,10.0,166
166.0,168.0,166.95069999999998,1.99615,1070,1,2.0,20,high,high_lookup,0.8465315231015388,1070,0.7166156196046111,step1-插值损耗模型-仅正功率,LGXRFD,STATION_SEG,站端功率分段模型,CT_eff,CT_eff,9.4,10.0,167
168.0,170.0,169.016935,2.060265000000001,1070,1,2.0,20,high,high_lookup,0.8849231590491005,1070,0.7830889974214396,step1-插值损耗模型-仅正功率,LGXRFD,STATION_SEG,站端功率分段模型,CT_eff,CT_eff,9.4,10.0,168
170.0,172.0,170.93585,2.0744100000000003,1163,1,2.0,20,high,high_lookup,0.8974491269855158,1163,0.8054149355270646,step1-插值损耗模型-仅正功率,LGXRFD,STATION_SEG,站端功率分段模型,CT_eff,CT_eff,9.4,10.0,169
172.0,174.0,172.984475,2.091239999999999,1112,1,2.0,20,high,high_lookup,0.9284677310932149,1112,0.8620523276813824,step1-插值损耗模型-仅正功率,LGXRFD,STATION_SEG,站端功率分段模型,CT_eff,CT_eff,9.4,10.0,170
174.0,176.0,174.99982,2.089570000000009,1105,1,2.0,20,high,high_lookup,0.9414786707329439,1105,0.886382087445071,step1-插值损耗模型-仅正功率,LGXRFD,STATION_SEG,站端功率分段模型,CT_eff,CT_eff,9.4,10.0,171
176.0,178.0,176.98709,2.1559799999999996,1077,1,2.0,20,high,high_lookup,0.9271703021570701,1077,0.8596447692020326,step1-插值损耗模型-仅正功率,LGXRFD,STATION_SEG,站端功率分段模型,CT_eff,CT_eff,9.4,10.0,172
178.0,180.0,178.94869,2.2259150000000005,1038,1,2.0,20,high,high_lookup,0.9706531653422367,1038,0.9421675673889034,step1-插值损耗模型-仅正功率,LGXRFD,STATION_SEG,站端功率分段模型,CT_eff,CT_eff,9.4,10.0,173
180.0,182.0,180.97656,2.2409199999999885,1017,1,2.0,20,high,high_lookup,0.9892530896899923,1017,0.9786216754611958,step1-插值损耗模型-仅正功率,LGXRFD,STATION_SEG,站端功率分段模型,CT_eff,CT_eff,9.4,10.0,174
182.0,184.0,182.94596,2.2745550000000065,970,1,2.0,20,high,high_lookup,1.0459178791243537,970,1.0939442098719863,step1-插值损耗模型-仅正功率,LGXRFD,STATION_SEG,站端功率分段模型,CT_eff,CT_eff,9.4,10.0,175
184.0,186.0,185.02866,2.355639999999994,965,1,2.0,20,high,high_lookup,1.0743094977693302,965,1.1541408969973903,step1-插值损耗模型-仅正功率,LGXRFD,STATION_SEG,站端功率分段模型,CT_eff,CT_eff,9.4,10.0,176
186.0,188.0,186.97452,2.444449999999989,947,1,2.0,20,high,high_lookup,0.9928075869817073,947,0.9856669047684404,step1-插值损耗模型-仅正功率,LGXRFD,STATION_SEG,站端功率分段模型,CT_eff,CT_eff,9.4,10.0,177
188.0,190.0,189.02938999999998,2.4656999999999982,892,1,2.0,20,high,high_lookup,1.0984866554469086,892,1.2066729321949352,step1-插值损耗模型-仅正功率,LGXRFD,STATION_SEG,站端功率分段模型,CT_eff,CT_eff,9.4,10.0,178
190.0,192.0,191.031095,2.4698549999999955,970,1,2.0,20,high,high_lookup,1.0541460065319332,970,1.1112238030872226,step1-插值损耗模型-仅正功率,LGXRFD,STATION_SEG,站端功率分段模型,CT_eff,CT_eff,9.4,10.0,179
192.0,194.0,193.04636,2.51339999999999,975,1,2.0,20,high,high_lookup,1.1098466934108515,975,1.2317596828750006,step1-插值损耗模型-仅正功率,LGXRFD,STATION_SEG,站端功率分段模型,CT_eff,CT_eff,9.4,10.0,180
194.0,196.0,195.01790499999998,2.570814999999982,984,1,2.0,20,high,high_lookup,1.0935454265698528,984,1.1958415999718413,step1-插值损耗模型-仅正功率,LGXRFD,STATION_SEG,站端功率分段模型,CT_eff,CT_eff,9.4,10.0,181
196.0,198.0,196.99045,2.5524300000000153,961,1,2.0,20,high,high_lookup,1.0669317067450015,961,1.1383432668578017,step1-插值损耗模型-仅正功率,LGXRFD,STATION_SEG,站端功率分段模型,CT_eff,CT_eff,9.4,10.0,182
198.0,200.0,198.97168499999998,2.6722250000000116,936,1,2.0,20,high,high_lookup,1.1223701626194804,936,1.2597147819384789,step1-插值损耗模型-仅正功率,LGXRFD,STATION_SEG,站端功率分段模型,CT_eff,CT_eff,9.4,10.0,183
200.0,202.0,201.05500999999998,2.7126150000000138,996,1,2.0,20,high,high_lookup,1.2186339788444485,996,1.4850687743942517,step1-插值损耗模型-仅正功率,LGXRFD,STATION_SEG,站端功率分段模型,CT_eff,CT_eff,9.4,10.0,184
202.0,204.0,203.00671,2.719109999999972,905,1,2.0,20,high,high_lookup,1.233306257191718,905,1.5210443240282439,step1-插值损耗模型-仅正功率,LGXRFD,STATION_SEG,站端功率分段模型,CT_eff,CT_eff,9.4,10.0,185
204.0,206.0,204.96424000000002,2.8105249999999984,884,1,2.0,20,high,high_lookup,1.2414108326257742,884,1.541100855360618,step1-插值损耗模型-仅正功率,LGXRFD,STATION_SEG,站端功率分段模型,CT_eff,CT_eff,9.4,10.0,186
206.0,208.0,207.0401,2.772250000000014,903,1,2.0,20,high,high_lookup,1.1682517145619928,903,1.364812068577036,step1-插值损耗模型-仅正功率,LGXRFD,STATION_SEG,站端功率分段模型,CT_eff,CT_eff,9.4,10.0,187
208.0,210.0,209.031125,2.856375,890,1,2.0,20,high,high_lookup,1.184567593583957,890,1.4032003837692868,step1-插值损耗模型-仅正功率,LGXRFD,STATION_SEG,站端功率分段模型,CT_eff,CT_eff,9.4,10.0,188
210.0,212.0,211.07883,2.8301999999999907,911,1,2.0,20,high,high_lookup,1.267303243568558,911,1.606057511159388,step1-插值损耗模型-仅正功率,LGXRFD,STATION_SEG,站端功率分段模型,CT_eff,CT_eff,9.4,10.0,189
212.0,214.0,212.980245,2.9187949999999887,918,1,2.0,20,high,high_lookup,1.3088108327435255,918,1.7129857959068007,step1-插值损耗模型-仅正功率,LGXRFD,STATION_SEG,站端功率分段模型,CT_eff,CT_eff,9.4,10.0,190
214.0,216.0,214.954955,2.986670000000018,866,1,2.0,20,high,high_lookup,1.3302039386308577,866,1.7694425183490468,step1-插值损耗模型-仅正功率,LGXRFD,STATION_SEG,站端功率分段模型,CT_eff,CT_eff,9.4,10.0,191
216.0,218.0,217.0146,3.1024699999999967,860,1,2.0,20,high,high_lookup,1.3073372977476199,860,1.7091308100820488,step1-插值损耗模型-仅正功率,LGXRFD,STATION_SEG,站端功率分段模型,CT_eff,CT_eff,9.4,10.0,192
218.0,220.0,219.04642,3.141014999999996,812,1,2.0,20,high,high_lookup,1.416305172261102,812,2.0059203409735495,step1-插值损耗模型-仅正功率,LGXRFD,STATION_SEG,站端功率分段模型,CT_eff,CT_eff,9.4,10.0,193
220.0,222.0,220.93243,3.1221400000000017,821,1,2.0,20,high,high_lookup,1.436524273385611,821,2.0636019880260577,step1-插值损耗模型-仅正功率,LGXRFD,STATION_SEG,站端功率分段模型,CT_eff,CT_eff,9.4,10.0,194
222.0,224.0,222.99516,3.236220000000003,835,1,2.0,20,high,high_lookup,1.3281283403357802,835,1.763924888403074,step1-插值损耗模型-仅正功率,LGXRFD,STATION_SEG,站端功率分段模型,CT_eff,CT_eff,9.4,10.0,195
224.0,226.0,224.99864,3.227109999999996,778,1,2.0,20,high,high_lookup,1.3969632280801076,778,1.951506260607995,step1-插值损耗模型-仅正功率,LGXRFD,STATION_SEG,站端功率分段模型,CT_eff,CT_eff,9.4,10.0,196
226.0,228.0,226.99547,3.232430000000008,792,1,2.0,20,high,high_lookup,1.36274238401666,792,1.8570668051954098,step1-插值损耗模型-仅正功率,LGXRFD,STATION_SEG,站端功率分段模型,CT_eff,CT_eff,9.4,10.0,197
228.0,230.0,228.89917,3.282029999999992,793,1,2.0,20,high,high_lookup,1.3667732365643523,793,1.868069080188595,step1-插值损耗模型-仅正功率,LGXRFD,STATION_SEG,站端功率分段模型,CT_eff,CT_eff,9.4,10.0,198
230.0,232.0,230.971925,3.5005550000000056,756,1,2.0,20,high,high_lookup,1.4435057171283836,756,2.083708755382329,step1-插值损耗模型-仅正功率,LGXRFD,STATION_SEG,站端功率分段模型,CT_eff,CT_eff,9.4,10.0,199
232.0,234.0,232.99147,3.4708850000000098,764,1,2.0,20,high,high_lookup,1.4601609109073739,764,2.132069885741852,step1-插值损耗模型-仅正功率,LGXRFD,STATION_SEG,站端功率分段模型,CT_eff,CT_eff,9.4,10.0,200
234.0,236.0,235.0358,3.4806000000000097,777,1,2.0,20,high,high_lookup,1.4586203047332185,777,2.127573193380027,step1-插值损耗模型-仅正功率,LGXRFD,STATION_SEG,站端功率分段模型,CT_eff,CT_eff,9.4,10.0,201
236.0,238.0,237.10097,3.6546599999999785,751,1,2.0,20,high,high_lookup,1.517732072508328,751,2.3035106439204247,step1-插值损耗模型-仅正功率,LGXRFD,STATION_SEG,站端功率分段模型,CT_eff,CT_eff,9.4,10.0,202
238.0,240.0,239.026,3.596480000000014,750,1,2.0,20,high,high_lookup,1.5814265788255621,750,2.500910024215922,step1-插值损耗模型-仅正功率,LGXRFD,STATION_SEG,站端功率分段模型,CT_eff,CT_eff,9.4,10.0,203
240.0,242.0,241.02518,3.6253600000000006,847,1,2.0,20,high,high_lookup,1.43626913534898,847,2.062869029156107,step1-插值损耗模型-仅正功率,LGXRFD,STATION_SEG,站端功率分段模型,CT_eff,CT_eff,9.4,10.0,204
242.0,244.0,242.95499999999998,3.710304999999991,784,1,2.0,20,high,high_lookup,1.5555343095177194,784,2.419686988086768,step1-插值损耗模型-仅正功率,LGXRFD,STATION_SEG,站端功率分段模型,CT_eff,CT_eff,9.4,10.0,205
244.0,246.0,245.046295,3.682230000000004,760,1,2.0,20,high,high_lookup,1.4512984121536405,760,2.1062670811196784,step1-插值损耗模型-仅正功率,LGXRFD,STATION_SEG,站端功率分段模型,CT_eff,CT_eff,9.4,10.0,206
246.0,248.0,246.99991,3.7035750000000007,778,1,2.0,20,high,high_lookup,1.6080729709990003,778,2.5858986800575514,step1-插值损耗模型-仅正功率,LGXRFD,STATION_SEG,站端功率分段模型,CT_eff,CT_eff,9.4,10.0,207
248.0,250.0,249.04443,3.9136399999999867,719,1,2.0,20,high,high_lookup,1.5904901972833414,719,2.529659067654402,step1-插值损耗模型-仅正功率,LGXRFD,STATION_SEG,站端功率分段模型,CT_eff,CT_eff,9.4,10.0,208
250.0,252.0,250.8606,4.003589999999974,753,1,2.0,20,high,high_lookup,1.5628523704740103,753,2.442507531896233,step1-插值损耗模型-仅正功率,LGXRFD,STATION_SEG,站端功率分段模型,CT_eff,CT_eff,9.4,10.0,209
252.0,254.0,253.02493,3.896479999999997,721,1,2.0,20,high,high_lookup,1.556761840911055,721,2.423507429316777,step1-插值损耗模型-仅正功率,LGXRFD,STATION_SEG,站端功率分段模型,CT_eff,CT_eff,9.4,10.0,210
254.0,256.0,254.96964,3.950240000000008,667,1,2.0,20,high,high_lookup,1.6066921381599963,667,2.581459626825141,step1-插值损耗模型-仅正功率,LGXRFD,STATION_SEG,站端功率分段模型,CT_eff,CT_eff,9.4,10.0,211
256.0,258.0,257.06156999999996,4.177465000000012,728,1,2.0,20,high,high_lookup,1.5983028554949568,728,2.5545720178833324,step1-插值损耗模型-仅正功率,LGXRFD,STATION_SEG,站端功率分段模型,CT_eff,CT_eff,9.4,10.0,212
258.0,260.0,258.9979,4.049519999999973,699,1,2.0,20,high,high_lookup,1.6486931041040318,699,2.718188951520188,step1-插值损耗模型-仅正功率,LGXRFD,STATION_SEG,站端功率分段模型,CT_eff,CT_eff,9.4,10.0,213
260.0,262.0,261.01056,4.257270000000005,703,1,2.0,20,high,high_lookup,1.672931908278464,703,2.7987011697362227,step1-插值损耗模型-仅正功率,LGXRFD,STATION_SEG,站端功率分段模型,CT_eff,CT_eff,9.4,10.0,214
262.0,264.0,263.01121,4.29998999999998,734,1,2.0,20,high,high_lookup,1.6310829220008922,734,2.6604314984429687,step1-插值损耗模型-仅正功率,LGXRFD,STATION_SEG,站端功率分段模型,CT_eff,CT_eff,9.4,10.0,215
264.0,266.0,265.02664500000003,4.352895000000018,754,1,2.0,20,high,high_lookup,1.701111533353825,754,2.8937804489094012,step1-插值损耗模型-仅正功率,LGXRFD,STATION_SEG,站端功率分段模型,CT_eff,CT_eff,9.4,10.0,216
266.0,268.0,266.970215,4.379860000000008,740,1,2.0,20,high,high_lookup,1.573526848317652,740,2.475986742376483,step1-插值损耗模型-仅正功率,LGXRFD,STATION_SEG,站端功率分段模型,CT_eff,CT_eff,9.4,10.0,217
268.0,270.0,269.07434,4.4653299999999945,703,1,2.0,20,high,high_lookup,1.6734552716906805,703,2.8004525463493293,step1-插值损耗模型-仅正功率,LGXRFD,STATION_SEG,站端功率分段模型,CT_eff,CT_eff,9.4,10.0,218
270.0,272.0,270.9878,4.542149999999992,787,1,2.0,20,high,high_lookup,1.5977565546411836,787,2.5528260078988656,step1-插值损耗模型-仅正功率,LGXRFD,STATION_SEG,站端功率分段模型,CT_eff,CT_eff,9.4,10.0,219
272.0,274.0,272.97192,4.641040000000032,775,1,2.0,20,high,high_lookup,1.756944117863852,775,3.0868526332963895,step1-插值损耗模型-仅正功率,LGXRFD,STATION_SEG,站端功率分段模型,CT_eff,CT_eff,9.4,10.0,220
274.0,276.0,274.98276,4.520740000000046,735,1,2.0,20,high,high_lookup,1.7646854109631074,735,3.1141145996660313,step1-插值损耗模型-仅正功率,LGXRFD,STATION_SEG,站端功率分段模型,CT_eff,CT_eff,9.4,10.0,221
276.0,278.0,276.99277,4.635649999999998,715,1,2.0,20,high,high_lookup,1.70403256318929,715,2.903726976409462,step1-插值损耗模型-仅正功率,LGXRFD,STATION_SEG,站端功率分段模型,CT_eff,CT_eff,9.4,10.0,222
278.0,280.0,279.01093,4.837769999999978,745,1,2.0,20,high,high_lookup,1.778670334289996,745,3.1636681580832864,step1-插值损耗模型-仅正功率,LGXRFD,STATION_SEG,站端功率分段模型,CT_eff,CT_eff,9.4,10.0,223
280.0,282.0,281.0241,4.852430000000027,701,1,2.0,20,high,high_lookup,1.7801640475284002,701,3.1689840361126964,step1-插值损耗模型-仅正功率,LGXRFD,STATION_SEG,站端功率分段模型,CT_eff,CT_eff,9.4,10.0,224
282.0,284.0,282.99258499999996,4.9249499999999955,678,1,2.0,20,high,high_lookup,1.727894955668052,678,2.9856209778230998,step1-插值损耗模型-仅正功率,LGXRFD,STATION_SEG,站端功率分段模型,CT_eff,CT_eff,9.4,10.0,225
284.0,286.0,284.960135,5.003824999999978,710,1,2.0,20,high,high_lookup,1.7266342330709625,710,2.981265774812551,step1-插值损耗模型-仅正功率,LGXRFD,STATION_SEG,站端功率分段模型,CT_eff,CT_eff,9.4,10.0,226
286.0,288.0,286.988695,4.991800000000012,774,1,2.0,20,high,high_lookup,1.7961770998248285,774,3.226252173935132,step1-插值损耗模型-仅正功率,LGXRFD,STATION_SEG,站端功率分段模型,CT_eff,CT_eff,9.4,10.0,227
288.0,290.0,289.03418,5.023879999999963,705,1,2.0,20,high,high_lookup,1.6292641045048322,705,2.6545015222279327,step1-插值损耗模型-仅正功率,LGXRFD,STATION_SEG,站端功率分段模型,CT_eff,CT_eff,9.4,10.0,228
290.0,292.0,290.953,5.136860000000013,717,1,2.0,20,high,high_lookup,1.7018968823392857,717,2.8964529981161804,step1-插值损耗模型-仅正功率,LGXRFD,STATION_SEG,站端功率分段模型,CT_eff,CT_eff,9.4,10.0,229
292.0,294.0,293.0641,5.2398000000000025,723,1,2.0,20,high,high_lookup,1.8123721484522402,723,3.2846928044853887,step1-插值损耗模型-仅正功率,LGXRFD,STATION_SEG,站端功率分段模型,CT_eff,CT_eff,9.4,10.0,230
294.0,296.0,294.995895,5.253450000000015,756,1,2.0,20,high,high_lookup,1.7243522800821065,756,2.9733907858243596,step1-插值损耗模型-仅正功率,LGXRFD,STATION_SEG,站端功率分段模型,CT_eff,CT_eff,9.4,10.0,231
296.0,298.0,297.0196,5.212799999999959,685,1,2.0,20,high,high_lookup,1.908991478012756,685,3.6442484631253262,step1-插值损耗模型-仅正功率,LGXRFD,STATION_SEG,站端功率分段模型,CT_eff,CT_eff,9.4,10.0,232
298.0,300.0,299.04987,5.3007200000000125,687,1,2.0,20,high,high_lookup,1.9796299042765217,687,3.9189345579058705,step1-插值损耗模型-仅正功率,LGXRFD,STATION_SEG,站端功率分段模型,CT_eff,CT_eff,9.4,10.0,233
300.0,302.0,301.0147,5.572729999999979,725,1,2.0,20,high,high_lookup,1.8829954100936404,725,3.5456717144337166,step1-插值损耗模型-仅正功率,LGXRFD,STATION_SEG,站端功率分段模型,CT_eff,CT_eff,9.4,10.0,234
302.0,304.0,302.950655,5.360769999999974,724,1,2.0,20,high,high_lookup,1.8877409951035504,724,3.563566064594543,step1-插值损耗模型-仅正功率,LGXRFD,STATION_SEG,站端功率分段模型,CT_eff,CT_eff,9.4,10.0,235
304.0,306.0,304.97775,5.676269999999988,757,1,2.0,20,high,high_lookup,1.8266605460999776,757,3.3366887506782685,step1-插值损耗模型-仅正功率,LGXRFD,STATION_SEG,站端功率分段模型,CT_eff,CT_eff,9.4,10.0,236
306.0,308.0,306.98026,5.603650000000016,761,1,2.0,20,high,high_lookup,1.7418985538154492,761,3.0342105717843535,step1-插值损耗模型-仅正功率,LGXRFD,STATION_SEG,站端功率分段模型,CT_eff,CT_eff,9.4,10.0,237
308.0,310.0,308.9971,5.738699999999994,791,1,2.0,20,high,high_lookup,1.8430178869671303,791,3.396714931680786,step1-插值损耗模型-仅正功率,LGXRFD,STATION_SEG,站端功率分段模型,CT_eff,CT_eff,9.4,10.0,238
310.0,312.0,310.999515,5.886304999999993,734,1,2.0,20,high,high_lookup,1.8506431492416326,734,3.4248800658349876,step1-插值损耗模型-仅正功率,LGXRFD,STATION_SEG,站端功率分段模型,CT_eff,CT_eff,9.4,10.0,239
312.0,314.0,313.054815,5.929020000000008,830,1,2.0,20,high,high_lookup,1.8739778395340998,830,3.511792943064892,step1-插值损耗模型-仅正功率,LGXRFD,STATION_SEG,站端功率分段模型,CT_eff,CT_eff,9.4,10.0,240
314.0,316.0,314.958825,5.986414999999994,814,1,2.0,20,high,high_lookup,1.8320497818443044,814,3.3564064031557637,step1-插值损耗模型-仅正功率,LGXRFD,STATION_SEG,站端功率分段模型,CT_eff,CT_eff,9.4,10.0,241
316.0,318.0,316.996765,6.115340000000003,680,1,2.0,20,high,high_lookup,1.7504265001572725,680,3.063992932452838,step1-插值损耗模型-仅正功率,LGXRFD,STATION_SEG,站端功率分段模型,CT_eff,CT_eff,9.4,10.0,242
318.0,320.0,319.03918,6.133699999999976,768,1,2.0,20,high,high_lookup,1.6616113691850691,768,2.76095234220508,step1-插值损耗模型-仅正功率,LGXRFD,STATION_SEG,站端功率分段模型,CT_eff,CT_eff,9.4,10.0,243
320.0,322.0,320.9886,6.087600000000009,799,1,2.0,20,high,high_lookup,1.7348876922678313,799,3.0098353047824014,step1-插值损耗模型-仅正功率,LGXRFD,STATION_SEG,站端功率分段模型,CT_eff,CT_eff,9.4,10.0,244
322.0,324.0,323.07578,6.158079999999984,809,1,2.0,20,high,high_lookup,1.7712621786164846,809,3.1373697053972154,step1-插值损耗模型-仅正功率,LGXRFD,STATION_SEG,站端功率分段模型,CT_eff,CT_eff,9.4,10.0,245
324.0,326.0,324.97137,6.263840000000016,831,1,2.0,20,high,high_lookup,1.6500076509907375,831,2.7225252483279716,step1-插值损耗模型-仅正功率,LGXRFD,STATION_SEG,站端功率分段模型,CT_eff,CT_eff,9.4,10.0,246
326.0,328.0,327.01054,6.4495000000000005,892,1,2.0,20,high,high_lookup,1.6903304905893435,892,2.8572171674160107,step1-插值损耗模型-仅正功率,LGXRFD,STATION_SEG,站端功率分段模型,CT_eff,CT_eff,9.4,10.0,247
328.0,330.0,329.064775,6.517764999999997,978,1,2.0,20,high,high_lookup,1.6582621586181259,978,2.7498333867048466,step1-插值损耗模型-仅正功率,LGXRFD,STATION_SEG,站端功率分段模型,CT_eff,CT_eff,9.4,10.0,248
330.0,332.0,330.98834,6.61057999999997,959,1,2.0,20,high,high_lookup,1.7236879553692632,959,2.971100167485071,step1-插值损耗模型-仅正功率,LGXRFD,STATION_SEG,站端功率分段模型,CT_eff,CT_eff,9.4,10.0,249
332.0,334.0,332.98087,6.7458200000000375,1099,1,2.0,20,high,high_lookup,1.6192810146388408,1099,2.6220710043697935,step1-插值损耗模型-仅正功率,LGXRFD,STATION_SEG,站端功率分段模型,CT_eff,CT_eff,9.4,10.0,250
334.0,336.0,335.030215,6.736639999999994,1104,1,2.0,20,high,high_lookup,1.603814254009191,1104,2.572220161363058,step1-插值损耗模型-仅正功率,LGXRFD,STATION_SEG,站端功率分段模型,CT_eff,CT_eff,9.4,10.0,251
336.0,338.0,337.05271,6.857604999999978,1092,1,2.0,20,high,high_lookup,1.6713026791395604,1092,2.7932526452990727,step1-插值损耗模型-仅正功率,LGXRFD,STATION_SEG,站端功率分段模型,CT_eff,CT_eff,9.4,10.0,252
338.0,340.0,339.1858,7.313139999999976,1557,1,2.0,20,high,high_lookup,1.2821100104959477,1557,1.6438060790139193,step1-插值损耗模型-仅正功率,LGXRFD,STATION_SEG,站端功率分段模型,CT_eff,CT_eff,9.4,10.0,253
340.0,342.0,341.01172,7.092270000000042,1333,1,2.0,20,high,high_lookup,1.4686280012162576,1333,2.1568682059564597,step1-插值损耗模型-仅正功率,LGXRFD,STATION_SEG,站端功率分段模型,CT_eff,CT_eff,9.4,10.0,254
342.0,344.0,343.16653,7.406599999999969,1855,1,2.0,20,high,high_lookup,1.1111544120714774,1855,1.2346641274659105,step1-插值损耗模型-仅正功率,LGXRFD,STATION_SEG,站端功率分段模型,CT_eff,CT_eff,9.4,10.0,255
344.0,346.0,345.26605,7.484580000000051,1847,1,2.0,20,high,high_lookup,1.010514154080732,1847,1.0211388555974976,step1-插值损耗模型-仅正功率,LGXRFD,STATION_SEG,站端功率分段模型,CT_eff,CT_eff,9.4,10.0,256
346.0,348.0,346.72482,7.385850000000005,2083,1,2.0,20,high,high_lookup,0.8732742505676014,2083,0.762607916704406,step1-插值损耗模型-仅正功率,LGXRFD,STATION_SEG,站端功率分段模型,CT_eff,CT_eff,9.4,10.0,257
348.0,350.0,349.37903,7.461324999999988,2046,1,2.0,20,high,high_lookup,0.9364502252756413,2046,0.8769390244187992,step1-插值损耗模型-仅正功率,LGXRFD,STATION_SEG,站端功率分段模型,CT_eff,CT_eff,9.4,10.0,258
350.0,352.0,351.09448,7.556160000000034,2813,1,2.0,20,high,high_lookup,0.7661186074341009,2813,0.586937720656766,step1-插值损耗模型-仅正功率,LGXRFD,STATION_SEG,站端功率分段模型,CT_eff,CT_eff,9.4,10.0,259
352.0,354.0,353.08655,7.46410000000003,1855,1,2.0,20,high,high_lookup,1.0266117195057993,1855,1.053931622626654,step1-插值损耗模型-仅正功率,LGXRFD,STATION_SEG,站端功率分段模型,CT_eff,CT_eff,9.4,10.0,260
354.0,356.0,355.0621,7.517350000000022,1712,1,2.0,20,high,high_lookup,1.0282256580339364,1712,1.0572480038393215,step1-插值损耗模型-仅正功率,LGXRFD,STATION_SEG,站端功率分段模型,CT_eff,CT_eff,9.4,10.0,261
356.0,358.0,357.19477,7.50775999999999,1790,1,2.0,20,high,high_lookup,0.9790378162717057,1790,0.9585150456900702,step1-插值损耗模型-仅正功率,LGXRFD,STATION_SEG,站端功率分段模型,CT_eff,CT_eff,9.4,10.0,262
358.0,360.0,359.042665,7.5654199999999605,1698,1,2.0,20,high,high_lookup,1.0622307622546894,1698,1.1283341922801784,step1-插值损耗模型-仅正功率,LGXRFD,STATION_SEG,站端功率分段模型,CT_eff,CT_eff,9.4,10.0,263
360.0,362.0,361.123,7.616919999999993,2077,1,2.0,20,high,high_lookup,0.8585993054282858,2077,0.7371927672819347,step1-插值损耗模型-仅正功率,LGXRFD,STATION_SEG,站端功率分段模型,CT_eff,CT_eff,9.4,10.0,264
362.0,364.0,362.945375,7.779730000000001,2796,1,2.0,20,high,high_lookup,0.6598445175539448,2796,0.4353947873459982,step1-插值损耗模型-仅正功率,LGXRFD,STATION_SEG,站端功率分段模型,CT_eff,CT_eff,9.4,10.0,265
364.0,366.0,364.952875,7.809805000000011,3224,1,2.0,20,high,high_lookup,0.596142958467621,3224,0.3553864269305277,step1-插值损耗模型-仅正功率,LGXRFD,STATION_SEG,站端功率分段模型,CT_eff,CT_eff,9.4,10.0,266
366.0,368.0,367.03749000000005,7.824295000000006,2392,1,2.0,20,high,high_lookup,0.5789133130124656,2392,0.335140623983069,step1-插值损耗模型-仅正功率,LGXRFD,STATION_SEG,站端功率分段模型,CT_eff,CT_eff,9.4,10.0,267
368.0,370.0,369.09385,7.897690000000011,2474,1,2.0,20,high,high_lookup,0.5757943534467039,2474,0.3315391374611078,step1-插值损耗模型-仅正功率,LGXRFD,STATION_SEG,站端功率分段模型,CT_eff,CT_eff,9.4,10.0,268
370.0,372.0,371.19943,7.952580000000012,2909,1,2.0,20,high,high_lookup,0.5940461669156999,2909,0.35289084842723556,step1-插值损耗模型-仅正功率,LGXRFD,STATION_SEG,站端功率分段模型,CT_eff,CT_eff,9.4,10.0,269
372.0,374.0,372.71735,8.086144999999988,4506,1,2.0,20,high,high_lookup,0.4959787285575266,4506,0.24599489918154066,step1-插值损耗模型-仅正功率,LGXRFD,STATION_SEG,站端功率分段模型,CT_eff,CT_eff,9.4,10.0,270
374.0,376.0,375.33948,8.10827999999998,3249,1,2.0,20,high,high_lookup,0.5426156611247522,3249,0.29443175569785196,step1-插值损耗模型-仅正功率,LGXRFD,STATION_SEG,站端功率分段模型,CT_eff,CT_eff,9.4,10.0,271
376.0,378.0,376.70087,8.208664999999996,3330,1,2.0,20,high,high_lookup,0.5000034143149044,3330,0.2500034143265619,step1-插值损耗模型-仅正功率,LGXRFD,STATION_SEG,站端功率分段模型,CT_eff,CT_eff,9.4,10.0,272
378.0,380.0,379.15707,8.17909000000003,3420,1,2.0,20,high,high_lookup,0.44670243653936775,3420,0.19954306681020786,step1-插值损耗模型-仅正功率,LGXRFD,STATION_SEG,站端功率分段模型,CT_eff,CT_eff,9.4,10.0,273
380.0,382.0,380.71176,8.207684999999998,2088,1,2.0,20,high,high_lookup,0.5055476536238996,2088,0.2555784300846304,step1-插值损耗模型-仅正功率,LGXRFD,STATION_SEG,站端功率分段模型,CT_eff,CT_eff,9.4,10.0,274
382.0,384.0,383.29690000000005,8.296720000000022,3136,1,2.0,20,high,high_lookup,0.4446889579721142,3136,0.19774826934232476,step1-插值损耗模型-仅正功率,LGXRFD,STATION_SEG,站端功率分段模型,CT_eff,CT_eff,9.4,10.0,275
384.0,386.0,385.09668,8.333700000000022,2729,1,2.0,20,high,high_lookup,0.36802569871576407,2729,0.13544291491522634,step1-插值损耗模型-仅正功率,LGXRFD,STATION_SEG,站端功率分段模型,CT_eff,CT_eff,9.4,10.0,276
386.0,388.0,387.14777,8.369985000000014,3636,1,2.0,20,high,high_lookup,0.3268843447766245,3636,0.10685337486004311,step1-插值损耗模型-仅正功率,LGXRFD,STATION_SEG,站端功率分段模型,CT_eff,CT_eff,9.4,10.0,277
388.0,390.0,388.65752499999996,8.389265000000023,974,1,2.0,20,high,high_lookup,0.34548728084129887,974,0.11936146122311452,step1-插值损耗模型-仅正功率,LGXRFD,STATION_SEG,站端功率分段模型,CT_eff,CT_eff,9.4,10.0,278
390.0,392.0,390.97191,8.486410000000035,1716,1,2.0,20,high,high_lookup,0.31038879554141896,1716,0.09634120439765279,step1-插值损耗模型-仅正功率,LGXRFD,STATION_SEG,站端功率分段模型,CT_eff,CT_eff,9.4,10.0,279
392.0,394.0,393.72116,8.703360000000032,132,1,2.0,20,high,high_lookup,0.33789763958942565,132,0.11417481484010539,step1-插值损耗模型-仅正功率,LGXRFD,STATION_SEG,站端功率分段模型,CT_eff,CT_eff,9.4,10.0,280
394.0,396.0,394.129885,8.423789999999997,98,1,2.0,20,high,high_lookup,0.28510408400054404,98,0.08128433871378928,step1-插值损耗模型-仅正功率,LGXRFD,STATION_SEG,站端功率分段模型,CT_eff,CT_eff,9.4,10.0,281
0.0,0.1,0.045,0.045,3537,1,0.1,20,low,low_lookup,0.014202213827778996,3537,0.00020170287760995693,step1-插值损耗模型-仅正功率,LGXRFD,FAN_SEG,风机总功率分段模型,FAN_eff,FAN_eff,10.0,10.0,1
0.1,0.2,0.145,0.145,2235,1,0.1,20,low,low_lookup,0.0,2235,0.0,step1-插值损耗模型-仅正功率,LGXRFD,FAN_SEG,风机总功率分段模型,FAN_eff,FAN_eff,10.0,10.0,2
0.2,0.30000000000000004,0.249,0.249,1604,1,0.1,20,low,low_lookup,0.0,1604,0.0,step1-插值损耗模型-仅正功率,LGXRFD,FAN_SEG,风机总功率分段模型,FAN_eff,FAN_eff,10.0,10.0,3
0.30000000000000004,0.4,0.348,0.348,1219,1,0.1,20,low,low_lookup,0.0,1219,0.0,step1-插值损耗模型-仅正功率,LGXRFD,FAN_SEG,风机总功率分段模型,FAN_eff,FAN_eff,10.0,10.0,4
0.4,0.5,0.451,0.451,1156,1,0.1,20,low,low_lookup,0.0,1156,0.0,step1-插值损耗模型-仅正功率,LGXRFD,FAN_SEG,风机总功率分段模型,FAN_eff,FAN_eff,10.0,10.0,5
0.5,0.6000000000000001,0.548,0.548,977,1,0.1,20,low,low_lookup,0.0,977,0.0,step1-插值损耗模型-仅正功率,LGXRFD,FAN_SEG,风机总功率分段模型,FAN_eff,FAN_eff,10.0,10.0,6
0.6000000000000001,0.7000000000000001,0.647,0.647,853,1,0.1,20,low,low_lookup,0.0,853,0.0,step1-插值损耗模型-仅正功率,LGXRFD,FAN_SEG,风机总功率分段模型,FAN_eff,FAN_eff,10.0,10.0,7
0.7000000000000001,0.8,0.75,0.75,715,1,0.1,20,low,low_lookup,0.0,715,0.0,step1-插值损耗模型-仅正功率,LGXRFD,FAN_SEG,风机总功率分段模型,FAN_eff,FAN_eff,10.0,10.0,8
0.8,0.9,0.85,0.85,612,1,0.1,20,low,low_lookup,0.0,612,0.0,step1-插值损耗模型-仅正功率,LGXRFD,FAN_SEG,风机总功率分段模型,FAN_eff,FAN_eff,10.0,10.0,9
0.9,1.0,0.95,0.95,590,1,0.1,20,low,low_lookup,0.0,590,0.0,step1-插值损耗模型-仅正功率,LGXRFD,FAN_SEG,风机总功率分段模型,FAN_eff,FAN_eff,10.0,10.0,10
1.0,1.1,1.053,1.053,605,1,0.1,20,low,low_lookup,0.0,605,0.0,step1-插值损耗模型-仅正功率,LGXRFD,FAN_SEG,风机总功率分段模型,FAN_eff,FAN_eff,10.0,10.0,11
1.1,1.2000000000000002,1.15,1.15,559,1,0.1,20,low,low_lookup,0.0,559,0.0,step1-插值损耗模型-仅正功率,LGXRFD,FAN_SEG,风机总功率分段模型,FAN_eff,FAN_eff,10.0,10.0,12
1.2000000000000002,1.3,1.248,1.248,609,1,0.1,20,low,low_lookup,0.0,609,0.0,step1-插值损耗模型-仅正功率,LGXRFD,FAN_SEG,风机总功率分段模型,FAN_eff,FAN_eff,10.0,10.0,13
1.3,1.4000000000000001,1.349,1.349,560,1,0.1,20,low,low_lookup,0.0,560,0.0,step1-插值损耗模型-仅正功率,LGXRFD,FAN_SEG,风机总功率分段模型,FAN_eff,FAN_eff,10.0,10.0,14
1.4000000000000001,1.5,1.4455,1.4455,468,1,0.1,20,low,low_lookup,0.0,468,0.0,step1-插值损耗模型-仅正功率,LGXRFD,FAN_SEG,风机总功率分段模型,FAN_eff,FAN_eff,10.0,10.0,15
1.5,1.6,1.55,1.55,494,1,0.1,20,low,low_lookup,0.0,494,0.0,step1-插值损耗模型-仅正功率,LGXRFD,FAN_SEG,风机总功率分段模型,FAN_eff,FAN_eff,10.0,10.0,16
1.6,1.7000000000000002,1.65,1.65,454,1,0.1,20,low,low_lookup,0.0,454,0.0,step1-插值损耗模型-仅正功率,LGXRFD,FAN_SEG,风机总功率分段模型,FAN_eff,FAN_eff,10.0,10.0,17
1.7000000000000002,1.8,1.749,1.749,413,1,0.1,20,low,low_lookup,0.0,413,0.0,step1-插值损耗模型-仅正功率,LGXRFD,FAN_SEG,风机总功率分段模型,FAN_eff,FAN_eff,10.0,10.0,18
1.8,1.9000000000000001,1.851,1.851,410,1,0.1,20,low,low_lookup,0.0,410,0.0,step1-插值损耗模型-仅正功率,LGXRFD,FAN_SEG,风机总功率分段模型,FAN_eff,FAN_eff,10.0,10.0,19
1.9000000000000001,2.0,1.954,1.954,357,1,0.1,20,low,low_lookup,0.0,357,0.0,step1-插值损耗模型-仅正功率,LGXRFD,FAN_SEG,风机总功率分段模型,FAN_eff,FAN_eff,10.0,10.0,20
2.0,2.1,2.048,2.048,400,1,0.1,20,low,low_lookup,0.0,400,0.0,step1-插值损耗模型-仅正功率,LGXRFD,FAN_SEG,风机总功率分段模型,FAN_eff,FAN_eff,10.0,10.0,21
2.1,2.2,2.153,2.153,372,1,0.1,20,low,low_lookup,0.0,372,0.0,step1-插值损耗模型-仅正功率,LGXRFD,FAN_SEG,风机总功率分段模型,FAN_eff,FAN_eff,10.0,10.0,22
2.2,2.3000000000000003,2.247,2.247,354,1,0.1,20,low,low_lookup,0.0,354,0.0,step1-插值损耗模型-仅正功率,LGXRFD,FAN_SEG,风机总功率分段模型,FAN_eff,FAN_eff,10.0,10.0,23
2.3000000000000003,2.4000000000000004,2.372,2.372,211,1,0.1,20,low,low_lookup,0.0,211,0.0,step1-插值损耗模型-仅正功率,LGXRFD,FAN_SEG,风机总功率分段模型,FAN_eff,FAN_eff,10.0,10.0,24
2.4000000000000004,2.5,2.428,2.428,211,1,0.1,20,low,low_lookup,0.0,211,0.0,step1-插值损耗模型-仅正功率,LGXRFD,FAN_SEG,风机总功率分段模型,FAN_eff,FAN_eff,10.0,10.0,25
2.5,2.6,2.551,2.551,340,1,0.1,20,low,low_lookup,0.0,340,0.0,step1-插值损耗模型-仅正功率,LGXRFD,FAN_SEG,风机总功率分段模型,FAN_eff,FAN_eff,10.0,10.0,26
2.6,2.7,2.6515,2.6515,350,1,0.1,20,low,low_lookup,0.0,350,0.0,step1-插值损耗模型-仅正功率,LGXRFD,FAN_SEG,风机总功率分段模型,FAN_eff,FAN_eff,10.0,10.0,27
2.7,2.8000000000000003,2.7525,2.7525,284,1,0.1,20,low,low_lookup,0.0,284,0.0,step1-插值损耗模型-仅正功率,LGXRFD,FAN_SEG,风机总功率分段模型,FAN_eff,FAN_eff,10.0,10.0,28
2.8000000000000003,2.9000000000000004,2.851,2.851,336,1,0.1,20,low,low_lookup,0.0,336,0.0,step1-插值损耗模型-仅正功率,LGXRFD,FAN_SEG,风机总功率分段模型,FAN_eff,FAN_eff,10.0,10.0,29
2.9000000000000004,3.0,2.949,2.949,324,1,0.1,20,low,low_lookup,0.0,324,0.0,step1-插值损耗模型-仅正功率,LGXRFD,FAN_SEG,风机总功率分段模型,FAN_eff,FAN_eff,10.0,10.0,30
3.0,3.1,3.05,3.05,258,1,0.1,20,low,low_lookup,0.00038858429089768217,258,1.5099775113245447e-07,step1-插值损耗模型-仅正功率,LGXRFD,FAN_SEG,风机总功率分段模型,FAN_eff,FAN_eff,10.0,10.0,31
3.1,3.2,3.148,3.148,247,1,0.1,20,low,low_lookup,0.0004769516985688107,247,2.2748292276767364e-07,step1-插值损耗模型-仅正功率,LGXRFD,FAN_SEG,风机总功率分段模型,FAN_eff,FAN_eff,10.0,10.0,32
3.2,3.3000000000000003,3.253,3.2525,220,1,0.1,20,low,low_lookup,0.002109911482521693,220,4.451726464076889e-06,step1-插值损耗模型-仅正功率,LGXRFD,FAN_SEG,风机总功率分段模型,FAN_eff,FAN_eff,10.0,10.0,33
3.3000000000000003,3.4000000000000004,3.35,3.34,239,1,0.1,20,low,low_lookup,0.08053838013582452,239,0.006486430674902574,step1-插值损耗模型-仅正功率,LGXRFD,FAN_SEG,风机总功率分段模型,FAN_eff,FAN_eff,10.0,10.0,34
3.4000000000000004,3.5,3.451,3.27351379,353,1,0.1,20,low,low_lookup,0.3831857086401923,353,0.14683128730608636,step1-插值损耗模型-仅正功率,LGXRFD,FAN_SEG,风机总功率分段模型,FAN_eff,FAN_eff,10.0,10.0,35
3.5,3.6,3.547,3.103733805,328,1,0.1,20,low,low_lookup,0.45966593267626976,328,0.21129276966314497,step1-插值损耗模型-仅正功率,LGXRFD,FAN_SEG,风机总功率分段模型,FAN_eff,FAN_eff,10.0,10.0,36
3.6,3.7,3.649,3.17853065,321,1,0.1,20,low,low_lookup,0.4538107811915345,321,0.20594422512567082,step1-插值损耗模型-仅正功率,LGXRFD,FAN_SEG,风机总功率分段模型,FAN_eff,FAN_eff,10.0,10.0,37
3.7,3.8000000000000003,3.75,3.1449505,338,1,0.1,20,low,low_lookup,0.48279121123355623,338,0.2330873536443643,step1-插值损耗模型-仅正功率,LGXRFD,FAN_SEG,风机总功率分段模型,FAN_eff,FAN_eff,10.0,10.0,38
3.8000000000000003,3.9000000000000004,3.853,3.0686029,323,1,0.1,20,low,low_lookup,0.48672779224895324,323,0.23690394374754017,step1-插值损耗模型-仅正功率,LGXRFD,FAN_SEG,风机总功率分段模型,FAN_eff,FAN_eff,10.0,10.0,39
3.9000000000000004,4.0,3.95,3.1399619,311,1,0.1,20,low,low_lookup,0.4795679055430559,311,0.22998537602695338,step1-插值损耗模型-仅正功率,LGXRFD,FAN_SEG,风机总功率分段模型,FAN_eff,FAN_eff,10.0,10.0,40
4.0,4.1000000000000005,4.047,3.08568795,315,1,0.1,20,low,low_lookup,0.5080626152953476,315,0.2581276210607483,step1-插值损耗模型-仅正功率,LGXRFD,FAN_SEG,风机总功率分段模型,FAN_eff,FAN_eff,10.0,10.0,41
4.1000000000000005,4.2,4.1465,3.0903086,324,1,0.1,20,low,low_lookup,0.5161470006050738,324,0.26640772623361403,step1-插值损耗模型-仅正功率,LGXRFD,FAN_SEG,风机总功率分段模型,FAN_eff,FAN_eff,10.0,10.0,42
4.2,4.3,4.247,3.0998993999999995,303,1,0.1,20,low,low_lookup,0.5346760024539989,303,0.28587842760018867,step1-插值损耗模型-仅正功率,LGXRFD,FAN_SEG,风机总功率分段模型,FAN_eff,FAN_eff,10.0,10.0,43
4.3,4.4,4.351,3.0220139,327,1,0.1,20,low,low_lookup,0.4794140910384405,327,0.22983787068621414,step1-插值损耗模型-仅正功率,LGXRFD,FAN_SEG,风机总功率分段模型,FAN_eff,FAN_eff,10.0,10.0,44
4.4,4.5,4.45,3.0660936,261,1,0.1,20,low,low_lookup,0.5187425767401177,261,0.2690938609229769,step1-插值损耗模型-仅正功率,LGXRFD,FAN_SEG,风机总功率分段模型,FAN_eff,FAN_eff,10.0,10.0,45
4.5,4.6000000000000005,4.554,3.0859673,301,1,0.1,20,low,low_lookup,0.502376961327897,301,0.25238261127305134,step1-插值损耗模型-仅正功率,LGXRFD,FAN_SEG,风机总功率分段模型,FAN_eff,FAN_eff,10.0,10.0,46
4.6000000000000005,4.7,4.652,3.08907215,264,1,0.1,20,low,low_lookup,0.5253521480184098,264,0.2759948794275571,step1-插值损耗模型-仅正功率,LGXRFD,FAN_SEG,风机总功率分段模型,FAN_eff,FAN_eff,10.0,10.0,47
4.7,4.800000000000001,4.749,3.1341517999999997,281,1,0.1,20,low,low_lookup,0.5253528712486596,281,0.27599563932921073,step1-插值损耗模型-仅正功率,LGXRFD,FAN_SEG,风机总功率分段模型,FAN_eff,FAN_eff,10.0,10.0,48
4.800000000000001,4.9,4.8535,3.04663025,268,1,0.1,20,low,low_lookup,0.48040319059795705,268,0.23078722553669706,step1-插值损耗模型-仅正功率,LGXRFD,FAN_SEG,风机总功率分段模型,FAN_eff,FAN_eff,10.0,10.0,49
4.9,5.0,4.948,3.0183164,259,1,0.1,20,low,low_lookup,0.5395375945844647,259,0.2911008159699902,step1-插值损耗模型-仅正功率,LGXRFD,FAN_SEG,风机总功率分段模型,FAN_eff,FAN_eff,10.0,10.0,50
5.0,5.1000000000000005,5.052,2.9890937,254,1,0.1,20,low,low_lookup,0.5549195341348558,254,0.30793568936444543,step1-插值损耗模型-仅正功率,LGXRFD,FAN_SEG,风机总功率分段模型,FAN_eff,FAN_eff,10.0,10.0,51
5.1000000000000005,5.2,5.151,2.9038499000000004,235,1,0.1,20,low,low_lookup,0.5011665825955448,235,0.25116794351049704,step1-插值损耗模型-仅正功率,LGXRFD,FAN_SEG,风机总功率分段模型,FAN_eff,FAN_eff,10.0,10.0,52
5.2,5.300000000000001,5.246,2.9050533,249,1,0.1,20,low,low_lookup,0.5537393245380383,249,0.30662723953984294,step1-插值损耗模型-仅正功率,LGXRFD,FAN_SEG,风机总功率分段模型,FAN_eff,FAN_eff,10.0,10.0,53
5.300000000000001,5.4,5.347,2.8664704999999997,245,1,0.1,20,low,low_lookup,0.5217539472271798,245,0.27222718144714275,step1-插值损耗模型-仅正功率,LGXRFD,FAN_SEG,风机总功率分段模型,FAN_eff,FAN_eff,10.0,10.0,54
5.4,5.5,5.45,2.968382,234,1,0.1,20,low,low_lookup,0.5224348490884195,234,0.2729381715420397,step1-插值损耗模型-仅正功率,LGXRFD,FAN_SEG,风机总功率分段模型,FAN_eff,FAN_eff,10.0,10.0,55
5.5,5.6000000000000005,5.548,2.8818968000000003,287,1,0.1,20,low,low_lookup,0.5104820009813169,287,0.26059187332588923,step1-插值损耗模型-仅正功率,LGXRFD,FAN_SEG,风机总功率分段模型,FAN_eff,FAN_eff,10.0,10.0,56
5.6000000000000005,5.7,5.6495,2.8485689,292,1,0.1,20,low,low_lookup,0.5611322975896513,292,0.314869455398241,step1-插值损耗模型-仅正功率,LGXRFD,FAN_SEG,风机总功率分段模型,FAN_eff,FAN_eff,10.0,10.0,57
5.7,5.800000000000001,5.751,2.8741283999999996,271,1,0.1,20,low,low_lookup,0.5477921331922266,271,0.30007622118729016,step1-插值损耗模型-仅正功率,LGXRFD,FAN_SEG,风机总功率分段模型,FAN_eff,FAN_eff,10.0,10.0,58
5.800000000000001,5.9,5.849,2.80805685,246,1,0.1,20,low,low_lookup,0.5402379941019558,246,0.29185709027130485,step1-插值损耗模型-仅正功率,LGXRFD,FAN_SEG,风机总功率分段模型,FAN_eff,FAN_eff,10.0,10.0,59
5.9,6.0,5.952500000000001,2.8336678500000003,254,1,0.1,20,low,low_lookup,0.5166248652185396,254,0.26690125136207415,step1-插值损耗模型-仅正功率,LGXRFD,FAN_SEG,风机总功率分段模型,FAN_eff,FAN_eff,10.0,10.0,60
6.0,6.1000000000000005,6.049,2.7701894,244,1,0.1,20,low,low_lookup,0.5794373794360242,244,0.3357476766876871,step1-插值损耗模型-仅正功率,LGXRFD,FAN_SEG,风机总功率分段模型,FAN_eff,FAN_eff,10.0,10.0,61
6.1000000000000005,6.2,6.149,2.739902,257,1,0.1,20,low,low_lookup,0.5364514767265951,257,0.28778018688214463,step1-插值损耗模型-仅正功率,LGXRFD,FAN_SEG,风机总功率分段模型,FAN_eff,FAN_eff,10.0,10.0,62
6.2,6.300000000000001,6.248,2.7609155,224,1,0.1,20,low,low_lookup,0.5270268589879076,224,0.2777573100946598,step1-插值损耗模型-仅正功率,LGXRFD,FAN_SEG,风机总功率分段模型,FAN_eff,FAN_eff,10.0,10.0,63
6.300000000000001,6.4,6.351,2.7397086,237,1,0.1,20,low,low_lookup,0.5919166582228512,237,0.3503653302817077,step1-插值损耗模型-仅正功率,LGXRFD,FAN_SEG,风机总功率分段模型,FAN_eff,FAN_eff,10.0,10.0,64
6.4,6.5,6.458,2.7471548500000003,234,1,0.1,20,low,low_lookup,0.6047830938799784,234,0.3657625906430388,step1-插值损耗模型-仅正功率,LGXRFD,FAN_SEG,风机总功率分段模型,FAN_eff,FAN_eff,10.0,10.0,65
6.5,6.6000000000000005,6.55,2.688614,238,1,0.1,20,low,low_lookup,0.5519404669587682,238,0.3046382790666631,step1-插值损耗模型-仅正功率,LGXRFD,FAN_SEG,风机总功率分段模型,FAN_eff,FAN_eff,10.0,10.0,66
6.6000000000000005,6.7,6.654,2.6413287499999996,272,1,0.1,20,low,low_lookup,0.5368511179969915,272,0.28820912289461964,step1-插值损耗模型-仅正功率,LGXRFD,FAN_SEG,风机总功率分段模型,FAN_eff,FAN_eff,10.0,10.0,67
6.7,6.800000000000001,6.748,2.7145259999999998,229,1,0.1,20,low,low_lookup,0.5488566592191993,229,0.30124363236926033,step1-插值损耗模型-仅正功率,LGXRFD,FAN_SEG,风机总功率分段模型,FAN_eff,FAN_eff,10.0,10.0,68
6.800000000000001,6.9,6.855,2.650233,242,1,0.1,20,low,low_lookup,0.5681481273129702,242,0.3227922945692349,step1-插值损耗模型-仅正功率,LGXRFD,FAN_SEG,风机总功率分段模型,FAN_eff,FAN_eff,10.0,10.0,69
6.9,7.0,6.951,2.6264459999999996,239,1,0.1,20,low,low_lookup,0.5641265945608016,239,0.31823881469076704,step1-插值损耗模型-仅正功率,LGXRFD,FAN_SEG,风机总功率分段模型,FAN_eff,FAN_eff,10.0,10.0,70
7.0,7.1000000000000005,7.05,2.7119923999999997,209,1,0.1,20,low,low_lookup,0.5706319280663502,209,0.3256207973287203,step1-插值损耗模型-仅正功率,LGXRFD,FAN_SEG,风机总功率分段模型,FAN_eff,FAN_eff,10.0,10.0,71
7.1000000000000005,7.2,7.1525,2.6575251,218,1,0.1,20,low,low_lookup,0.5599262305216031,218,0.31351738362613135,step1-插值损耗模型-仅正功率,LGXRFD,FAN_SEG,风机总功率分段模型,FAN_eff,FAN_eff,10.0,10.0,72
7.2,7.300000000000001,7.249,2.6262180000000006,231,1,0.1,20,low,low_lookup,0.544868798575708,231,0.2968820076613355,step1-插值损耗模型-仅正功率,LGXRFD,FAN_SEG,风机总功率分段模型,FAN_eff,FAN_eff,10.0,10.0,73
7.300000000000001,7.4,7.35,2.7043773499999997,202,1,0.1,20,low,low_lookup,0.5884899101791946,202,0.3463203743827165,step1-插值损耗模型-仅正功率,LGXRFD,FAN_SEG,风机总功率分段模型,FAN_eff,FAN_eff,10.0,10.0,74
7.4,7.5,7.45,2.626886,191,1,0.1,20,low,low_lookup,0.6108367193141985,191,0.3731214976625329,step1-插值损耗模型-仅正功率,LGXRFD,FAN_SEG,风机总功率分段模型,FAN_eff,FAN_eff,10.0,10.0,75
7.5,7.6000000000000005,7.5435,2.6521237,190,1,0.1,20,low,low_lookup,0.6044241608990085,190,0.36532856627847055,step1-插值损耗模型-仅正功率,LGXRFD,FAN_SEG,风机总功率分段模型,FAN_eff,FAN_eff,10.0,10.0,76
7.6000000000000005,7.7,7.6434999999999995,2.6220272000000002,202,1,0.1,20,low,low_lookup,0.5109454909162984,202,0.2610652946876971,step1-插值损耗模型-仅正功率,LGXRFD,FAN_SEG,风机总功率分段模型,FAN_eff,FAN_eff,10.0,10.0,77
7.7,7.800000000000001,7.7524999999999995,2.5723795,186,1,0.1,20,low,low_lookup,0.5699907698922914,186,0.32488947776240706,step1-插值损耗模型-仅正功率,LGXRFD,FAN_SEG,风机总功率分段模型,FAN_eff,FAN_eff,10.0,10.0,78
7.800000000000001,7.9,7.853,2.5785487,190,1,0.1,20,low,low_lookup,0.5860850360819516,190,0.34349566951918253,step1-插值损耗模型-仅正功率,LGXRFD,FAN_SEG,风机总功率分段模型,FAN_eff,FAN_eff,10.0,10.0,79
7.9,8.0,7.954,2.572437,173,1,0.1,20,low,low_lookup,0.598127485828964,173,0.35775648930407755,step1-插值损耗模型-仅正功率,LGXRFD,FAN_SEG,风机总功率分段模型,FAN_eff,FAN_eff,10.0,10.0,80
8.0,8.1,8.061,2.547396,191,1,0.1,20,low,low_lookup,0.5569925781023687,191,0.3102407320611233,step1-插值损耗模型-仅正功率,LGXRFD,FAN_SEG,风机总功率分段模型,FAN_eff,FAN_eff,10.0,10.0,81
8.1,8.200000000000001,8.156500000000001,2.466859,190,1,0.1,20,low,low_lookup,0.5717641449362895,190,0.32691423743472625,step1-插值损耗模型-仅正功率,LGXRFD,FAN_SEG,风机总功率分段模型,FAN_eff,FAN_eff,10.0,10.0,82
8.200000000000001,8.3,8.242,2.5165237000000005,197,1,0.1,20,low,low_lookup,0.5756867885663793,197,0.3314152785298711,step1-插值损耗模型-仅正功率,LGXRFD,FAN_SEG,风机总功率分段模型,FAN_eff,FAN_eff,10.0,10.0,83
8.3,8.4,8.347,2.507289,173,1,0.1,20,low,low_lookup,0.5954667739976808,173,0.354580678935205,step1-插值损耗模型-仅正功率,LGXRFD,FAN_SEG,风机总功率分段模型,FAN_eff,FAN_eff,10.0,10.0,84
8.4,8.5,8.454,2.6030407,211,1,0.1,20,low,low_lookup,0.5551433488991179,211,0.3081841378269277,step1-插值损耗模型-仅正功率,LGXRFD,FAN_SEG,风机总功率分段模型,FAN_eff,FAN_eff,10.0,10.0,85
8.5,8.6,8.548,2.43965325,206,1,0.1,20,low,low_lookup,0.5791494005677726,206,0.33541402817801036,step1-插值损耗模型-仅正功率,LGXRFD,FAN_SEG,风机总功率分段模型,FAN_eff,FAN_eff,10.0,10.0,86
8.6,8.700000000000001,8.65,2.4036725,197,1,0.1,20,low,low_lookup,0.5364555401140519,197,0.2877845465190592,step1-插值损耗模型-仅正功率,LGXRFD,FAN_SEG,风机总功率分段模型,FAN_eff,FAN_eff,10.0,10.0,87
8.700000000000001,8.8,8.756,2.456987,177,1,0.1,20,low,low_lookup,0.5610380982401079,177,0.3147637476768769,step1-插值损耗模型-仅正功率,LGXRFD,FAN_SEG,风机总功率分段模型,FAN_eff,FAN_eff,10.0,10.0,88
8.8,8.9,8.85,2.4155296,189,1,0.1,20,low,low_lookup,0.5705060558851305,189,0.32547715980160763,step1-插值损耗模型-仅正功率,LGXRFD,FAN_SEG,风机总功率分段模型,FAN_eff,FAN_eff,10.0,10.0,89
8.9,9.0,8.956,2.4045385,172,1,0.1,20,low,low_lookup,0.5916713654809871,172,0.3500750047301358,step1-插值损耗模型-仅正功率,LGXRFD,FAN_SEG,风机总功率分段模型,FAN_eff,FAN_eff,10.0,10.0,90
9.0,9.1,9.056,2.321288,189,1,0.1,20,low,low_lookup,0.5661474972557371,189,0.32052298864893486,step1-插值损耗模型-仅正功率,LGXRFD,FAN_SEG,风机总功率分段模型,FAN_eff,FAN_eff,10.0,10.0,91
9.1,9.200000000000001,9.159500000000001,2.4145877499999995,188,1,0.1,20,low,low_lookup,0.618510982944534,188,0.38255583602301363,step1-插值损耗模型-仅正功率,LGXRFD,FAN_SEG,风机总功率分段模型,FAN_eff,FAN_eff,10.0,10.0,92
9.200000000000001,9.3,9.246,2.3360987,191,1,0.1,20,low,low_lookup,0.6069876400344557,191,0.36843399515459796,step1-插值损耗模型-仅正功率,LGXRFD,FAN_SEG,风机总功率分段模型,FAN_eff,FAN_eff,10.0,10.0,93
9.3,9.4,9.35,2.3726847000000006,195,1,0.1,20,low,low_lookup,0.5971782223328169,195,0.3566218292285833,step1-插值损耗模型-仅正功率,LGXRFD,FAN_SEG,风机总功率分段模型,FAN_eff,FAN_eff,10.0,10.0,94
9.4,9.5,9.452,2.398145999999999,199,1,0.1,20,low,low_lookup,0.5959044673190247,199,0.3551021341707706,step1-插值损耗模型-仅正功率,LGXRFD,FAN_SEG,风机总功率分段模型,FAN_eff,FAN_eff,10.0,10.0,95
9.5,9.600000000000001,9.55,2.341483,191,1,0.1,20,low,low_lookup,0.5782854117763534,191,0.3344140174733466,step1-插值损耗模型-仅正功率,LGXRFD,FAN_SEG,风机总功率分段模型,FAN_eff,FAN_eff,10.0,10.0,96
9.600000000000001,9.700000000000001,9.6475,2.3044426000000002,182,1,0.1,20,low,low_lookup,0.5702330174865956,182,0.32516569423186803,step1-插值损耗模型-仅正功率,LGXRFD,FAN_SEG,风机总功率分段模型,FAN_eff,FAN_eff,10.0,10.0,97
9.700000000000001,9.8,9.747,2.379721,173,1,0.1,20,low,low_lookup,0.5577420670471557,173,0.3110762133540339,step1-插值损耗模型-仅正功率,LGXRFD,FAN_SEG,风机总功率分段模型,FAN_eff,FAN_eff,10.0,10.0,98
9.8,9.9,9.853,2.239141000000001,209,1,0.1,20,low,low_lookup,0.5651691153707933,209,0.31941612896900506,step1-插值损耗模型-仅正功率,LGXRFD,FAN_SEG,风机总功率分段模型,FAN_eff,FAN_eff,10.0,10.0,99
9.9,10.0,9.943,2.2833892999999996,173,1,0.1,20,low,low_lookup,0.6276213707746813,173,0.39390858505308995,step1-插值损耗模型-仅正功率,LGXRFD,FAN_SEG,风机总功率分段模型,FAN_eff,FAN_eff,10.0,10.0,100
10.0,12.0,10.971,2.1914605,3741,1,2.0,20,high,high_lookup,0.587569252478944,3741,0.345237626458665,step1-插值损耗模型-仅正功率,LGXRFD,FAN_SEG,风机总功率分段模型,FAN_eff,FAN_eff,10.0,10.0,101
12.0,14.0,12.998,1.961791999999999,3559,1,2.0,20,high,high_lookup,0.6401780309828958,3559,0.4098279113531375,step1-插值损耗模型-仅正功率,LGXRFD,FAN_SEG,风机总功率分段模型,FAN_eff,FAN_eff,10.0,10.0,102
14.0,16.0,15.021,1.8264440000000004,3814,1,2.0,20,high,high_lookup,0.6136905040847134,3814,0.3766160348037496,step1-插值损耗模型-仅正功率,LGXRFD,FAN_SEG,风机总功率分段模型,FAN_eff,FAN_eff,10.0,10.0,103
16.0,18.0,16.96,1.6706920000000007,3657,1,2.0,20,high,high_lookup,0.602482208683953,3657,0.36298481178069425,step1-插值损耗模型-仅正功率,LGXRFD,FAN_SEG,风机总功率分段模型,FAN_eff,FAN_eff,10.0,10.0,104
18.0,20.0,19.0225,1.4625434999999989,3528,1,2.0,20,high,high_lookup,0.5982196171022504,3528,0.357866710285963,step1-插值损耗模型-仅正功率,LGXRFD,FAN_SEG,风机总功率分段模型,FAN_eff,FAN_eff,10.0,10.0,105
20.0,22.0,20.972,1.3252960000000016,3437,1,2.0,20,high,high_lookup,0.5881798361973631,3437,0.34595551970915694,step1-插值损耗模型-仅正功率,LGXRFD,FAN_SEG,风机总功率分段模型,FAN_eff,FAN_eff,10.0,10.0,106
22.0,24.0,22.9895,1.2078774999999986,3412,1,2.0,20,high,high_lookup,0.5895157559373898,3412,0.34752882649843214,step1-插值损耗模型-仅正功率,LGXRFD,FAN_SEG,风机总功率分段模型,FAN_eff,FAN_eff,10.0,10.0,107
24.0,26.0,25.039,1.0879934999999996,3522,1,2.0,20,high,high_lookup,0.5628805948404911,3522,0.31683456404798516,step1-插值损耗模型-仅正功率,LGXRFD,FAN_SEG,风机总功率分段模型,FAN_eff,FAN_eff,10.0,10.0,108
26.0,28.0,26.985,1.0368429999999975,3349,1,2.0,20,high,high_lookup,0.5382991635256198,3349,0.28976598945238197,step1-插值损耗模型-仅正功率,LGXRFD,FAN_SEG,风机总功率分段模型,FAN_eff,FAN_eff,10.0,10.0,109
28.0,30.0,29.015,0.9784779999999991,3204,1,2.0,20,high,high_lookup,0.5160147068926086,3204,0.2662711777294648,step1-插值损耗模型-仅正功率,LGXRFD,FAN_SEG,风机总功率分段模型,FAN_eff,FAN_eff,10.0,10.0,110
30.0,32.0,30.979,0.9653360000000006,3127,1,2.0,20,high,high_lookup,0.5119872358920757,3127,0.262130929716408,step1-插值损耗模型-仅正功率,LGXRFD,FAN_SEG,风机总功率分段模型,FAN_eff,FAN_eff,10.0,10.0,111
32.0,34.0,33.028,0.9532579999999982,2915,1,2.0,20,high,high_lookup,0.48201226137057424,2915,0.23233582011157478,step1-插值损耗模型-仅正功率,LGXRFD,FAN_SEG,风机总功率分段模型,FAN_eff,FAN_eff,10.0,10.0,112
34.0,36.0,35.014,0.9040660000000003,2972,1,2.0,20,high,high_lookup,0.44632354376488736,2972,0.19920470571884732,step1-插值损耗模型-仅正功率,LGXRFD,FAN_SEG,风机总功率分段模型,FAN_eff,FAN_eff,10.0,10.0,113
36.0,38.0,36.997,0.8841680000000025,3005,1,2.0,20,high,high_lookup,0.43469546440070056,3005,0.18896014677054074,step1-插值损耗模型-仅正功率,LGXRFD,FAN_SEG,风机总功率分段模型,FAN_eff,FAN_eff,10.0,10.0,114
38.0,40.0,38.989000000000004,0.8535629999999976,2960,1,2.0,20,high,high_lookup,0.44733220547790997,2960,0.20010610205773108,step1-插值损耗模型-仅正功率,LGXRFD,FAN_SEG,风机总功率分段模型,FAN_eff,FAN_eff,10.0,10.0,115
40.0,42.0,40.896,0.7310710000000036,3976,1,2.0,20,high,high_lookup,0.3697854379992634,3976,0.13674127015630708,step1-插值损耗模型-仅正功率,LGXRFD,FAN_SEG,风机总功率分段模型,FAN_eff,FAN_eff,10.0,10.0,116
42.0,44.0,43.007,0.8297299999999979,2859,1,2.0,20,high,high_lookup,0.401652635219996,2859,0.16132483937916717,step1-插值损耗模型-仅正功率,LGXRFD,FAN_SEG,风机总功率分段模型,FAN_eff,FAN_eff,10.0,10.0,117
44.0,46.0,45.009,0.825490000000002,2739,1,2.0,20,high,high_lookup,0.41545923940887897,2739,0.1726063796102042,step1-插值损耗模型-仅正功率,LGXRFD,FAN_SEG,风机总功率分段模型,FAN_eff,FAN_eff,10.0,10.0,118
46.0,48.0,47.009,0.8005980000000008,2640,1,2.0,20,high,high_lookup,0.3895813240864749,2640,0.151773608076971,step1-插值损耗模型-仅正功率,LGXRFD,FAN_SEG,风机总功率分段模型,FAN_eff,FAN_eff,10.0,10.0,119
48.0,50.0,49.012,0.7873760000000019,2491,1,2.0,20,high,high_lookup,0.41301861227596937,2491,0.1705843740863675,step1-插值损耗模型-仅正功率,LGXRFD,FAN_SEG,风机总功率分段模型,FAN_eff,FAN_eff,10.0,10.0,120
50.0,52.0,51.017,0.7797630000000026,2489,1,2.0,20,high,high_lookup,0.3949211520143476,2489,0.15596271630833944,step1-插值损耗模型-仅正功率,LGXRFD,FAN_SEG,风机总功率分段模型,FAN_eff,FAN_eff,10.0,10.0,121
52.0,54.0,52.9775,0.7853704999999991,2448,1,2.0,20,high,high_lookup,0.39880538817484845,2448,0.15904573763729155,step1-插值损耗模型-仅正功率,LGXRFD,FAN_SEG,风机总功率分段模型,FAN_eff,FAN_eff,10.0,10.0,122
54.0,56.0,54.999,0.7800060000000002,2399,1,2.0,20,high,high_lookup,0.383992080927926,2399,0.14744991821535888,step1-插值损耗模型-仅正功率,LGXRFD,FAN_SEG,风机总功率分段模型,FAN_eff,FAN_eff,10.0,10.0,123
56.0,58.0,56.999,0.7923899999999975,2205,1,2.0,20,high,high_lookup,0.3834526847833446,2205,0.14703596146755504,step1-插值损耗模型-仅正功率,LGXRFD,FAN_SEG,风机总功率分段模型,FAN_eff,FAN_eff,10.0,10.0,124
58.0,60.0,58.979,0.7899799999999999,2213,1,2.0,20,high,high_lookup,0.38248370418419436,2213,0.1462937839664623,step1-插值损耗模型-仅正功率,LGXRFD,FAN_SEG,风机总功率分段模型,FAN_eff,FAN_eff,10.0,10.0,125
60.0,62.0,61.0115,0.7985025000000014,2336,1,2.0,20,high,high_lookup,0.37770573163114335,2336,0.14266161970701727,step1-插值损耗模型-仅正功率,LGXRFD,FAN_SEG,风机总功率分段模型,FAN_eff,FAN_eff,10.0,10.0,126
62.0,64.0,63.061,0.7847800000000014,2280,1,2.0,20,high,high_lookup,0.3824697085139403,2280,0.14628307793073847,step1-插值损耗模型-仅正功率,LGXRFD,FAN_SEG,风机总功率分段模型,FAN_eff,FAN_eff,10.0,10.0,127
64.0,66.0,64.96950000000001,0.802385000000001,2234,1,2.0,20,high,high_lookup,0.38572573242012775,2234,0.14878434065104398,step1-插值损耗模型-仅正功率,LGXRFD,FAN_SEG,风机总功率分段模型,FAN_eff,FAN_eff,10.0,10.0,128
66.0,68.0,66.951,0.7841980000000035,2182,1,2.0,20,high,high_lookup,0.3835276459204803,2182,0.14709345518530528,step1-插值损耗模型-仅正功率,LGXRFD,FAN_SEG,风机总功率分段模型,FAN_eff,FAN_eff,10.0,10.0,129
68.0,70.0,69.004,0.8156099999999924,2179,1,2.0,20,high,high_lookup,0.3918823100938463,2179,0.1535717449644895,step1-插值损耗模型-仅正功率,LGXRFD,FAN_SEG,风机总功率分段模型,FAN_eff,FAN_eff,10.0,10.0,130
70.0,72.0,70.977,0.842482000000004,2178,1,2.0,20,high,high_lookup,0.3864394516068006,2178,0.1493354497581648,step1-插值损耗模型-仅正功率,LGXRFD,FAN_SEG,风机总功率分段模型,FAN_eff,FAN_eff,10.0,10.0,131
72.0,74.0,72.994,0.8302599999999956,2039,1,2.0,20,high,high_lookup,0.3934290182980558,2039,0.15478639243897194,step1-插值损耗模型-仅正功率,LGXRFD,FAN_SEG,风机总功率分段模型,FAN_eff,FAN_eff,10.0,10.0,132
74.0,76.0,75.035,0.8364100000000008,2052,1,2.0,20,high,high_lookup,0.38965665366803603,2052,0.1518323077477718,step1-插值损耗模型-仅正功率,LGXRFD,FAN_SEG,风机总功率分段模型,FAN_eff,FAN_eff,10.0,10.0,133
76.0,78.0,76.964,0.8485250000000022,2122,1,2.0,20,high,high_lookup,0.4055130965329398,2122,0.16444087145973338,step1-插值损耗模型-仅正功率,LGXRFD,FAN_SEG,风机总功率分段模型,FAN_eff,FAN_eff,10.0,10.0,134
78.0,80.0,78.9875,0.873152999999995,1960,1,2.0,20,high,high_lookup,0.4186500582198876,1960,0.17526787124751528,step1-插值损耗模型-仅正功率,LGXRFD,FAN_SEG,风机总功率分段模型,FAN_eff,FAN_eff,10.0,10.0,135
80.0,82.0,81.618,0.7858540000000005,4407,1,2.0,20,high,high_lookup,0.298291564616,4407,0.0889778575210613,step1-插值损耗模型-仅正功率,LGXRFD,FAN_SEG,风机总功率分段模型,FAN_eff,FAN_eff,10.0,10.0,136
82.0,84.0,82.946,0.8917199999999994,2022,1,2.0,20,high,high_lookup,0.3975835796958315,2022,0.1580727028437516,step1-插值损耗模型-仅正功率,LGXRFD,FAN_SEG,风机总功率分段模型,FAN_eff,FAN_eff,10.0,10.0,137
84.0,86.0,84.998,0.9095499999999959,1869,1,2.0,20,high,high_lookup,0.41722084284383787,1869,0.17407323170332245,step1-插值损耗模型-仅正功率,LGXRFD,FAN_SEG,风机总功率分段模型,FAN_eff,FAN_eff,10.0,10.0,138
86.0,88.0,87.004,0.9242899999999992,1939,1,2.0,20,high,high_lookup,0.4153295553038514,1939,0.17249863950889496,step1-插值损耗模型-仅正功率,LGXRFD,FAN_SEG,风机总功率分段模型,FAN_eff,FAN_eff,10.0,10.0,139
88.0,90.0,88.9625,0.9507049999999992,1878,1,2.0,20,high,high_lookup,0.4467481028647973,1878,0.19958386741329553,step1-插值损耗模型-仅正功率,LGXRFD,FAN_SEG,风机总功率分段模型,FAN_eff,FAN_eff,10.0,10.0,140
90.0,92.0,91.018,0.9568900000000014,1843,1,2.0,20,high,high_lookup,0.4251829926109047,1843,0.18078057720556465,step1-插值损耗模型-仅正功率,LGXRFD,FAN_SEG,风机总功率分段模型,FAN_eff,FAN_eff,10.0,10.0,141
92.0,94.0,93.0115,0.9517300000000048,1696,1,2.0,20,high,high_lookup,0.44602212628991905,1696,0.1989357371401805,step1-插值损耗模型-仅正功率,LGXRFD,FAN_SEG,风机总功率分段模型,FAN_eff,FAN_eff,10.0,10.0,142
94.0,96.0,95.05199999999999,0.9822400000000044,1718,1,2.0,20,high,high_lookup,0.45943950070182304,1718,0.21108465480514046,step1-插值损耗模型-仅正功率,LGXRFD,FAN_SEG,风机总功率分段模型,FAN_eff,FAN_eff,10.0,10.0,143
96.0,98.0,96.979,0.9909125000000003,1714,1,2.0,20,high,high_lookup,0.4540330373565983,1714,0.20614599901125816,step1-插值损耗模型-仅正功率,LGXRFD,FAN_SEG,风机总功率分段模型,FAN_eff,FAN_eff,10.0,10.0,144
98.0,100.0,99.03,1.0022424999999942,1820,1,2.0,20,high,high_lookup,0.45694522292518214,1820,0.2087989367541444,step1-插值损耗模型-仅正功率,LGXRFD,FAN_SEG,风机总功率分段模型,FAN_eff,FAN_eff,10.0,10.0,145
100.0,102.0,101.0205,1.0509499999999932,1782,1,2.0,20,high,high_lookup,0.4967649353064924,1782,0.2467754009500636,step1-插值损耗模型-仅正功率,LGXRFD,FAN_SEG,风机总功率分段模型,FAN_eff,FAN_eff,10.0,10.0,146
102.0,104.0,103.003,1.0596849999999876,1755,1,2.0,20,high,high_lookup,0.4804154852052892,1755,0.23079903842503346,step1-插值损耗模型-仅正功率,LGXRFD,FAN_SEG,风机总功率分段模型,FAN_eff,FAN_eff,10.0,10.0,147
104.0,106.0,104.97049999999999,1.0675700000000035,1594,1,2.0,20,high,high_lookup,0.47046453206524325,1594,0.2213368759313683,step1-插值损耗模型-仅正功率,LGXRFD,FAN_SEG,风机总功率分段模型,FAN_eff,FAN_eff,10.0,10.0,148
106.0,108.0,106.986,1.083439999999996,1667,1,2.0,20,high,high_lookup,0.505204697792562,1667,0.25523178667167395,step1-插值损耗模型-仅正功率,LGXRFD,FAN_SEG,风机总功率分段模型,FAN_eff,FAN_eff,10.0,10.0,149
108.0,110.0,109.033,1.091470000000001,1563,1,2.0,20,high,high_lookup,0.4879601955476366,1563,0.23810515243888775,step1-插值损耗模型-仅正功率,LGXRFD,FAN_SEG,风机总功率分段模型,FAN_eff,FAN_eff,10.0,10.0,150
110.0,112.0,110.98,1.1231539999999995,1511,1,2.0,20,high,high_lookup,0.5384971458707313,1511,0.28997917611092366,step1-插值损耗模型-仅正功率,LGXRFD,FAN_SEG,风机总功率分段模型,FAN_eff,FAN_eff,10.0,10.0,151
112.0,114.0,112.9575,1.1618774999999957,1518,1,2.0,20,high,high_lookup,0.5142697612736249,1518,0.26447338736043113,step1-插值损耗模型-仅正功率,LGXRFD,FAN_SEG,风机总功率分段模型,FAN_eff,FAN_eff,10.0,10.0,152
114.0,116.0,114.98,1.1554900000000004,1401,1,2.0,20,high,high_lookup,0.5282912578644487,1401,0.2790916531360015,step1-插值损耗模型-仅正功率,LGXRFD,FAN_SEG,风机总功率分段模型,FAN_eff,FAN_eff,10.0,10.0,153
116.0,118.0,116.9845,1.2111170000000016,1392,1,2.0,20,high,high_lookup,0.5252195330919613,1392,0.27585555794133787,step1-插值损耗模型-仅正功率,LGXRFD,FAN_SEG,风机总功率分段模型,FAN_eff,FAN_eff,10.0,10.0,154
118.0,120.0,119.0335,1.2110924999999995,1470,1,2.0,20,high,high_lookup,0.566118824080598,1470,0.3204905229783991,step1-插值损耗模型-仅正功率,LGXRFD,FAN_SEG,风机总功率分段模型,FAN_eff,FAN_eff,10.0,10.0,155
120.0,122.0,121.03,1.2464800000000054,1441,1,2.0,20,high,high_lookup,0.5800000001973604,1441,0.33640000022893807,step1-插值损耗模型-仅正功率,LGXRFD,FAN_SEG,风机总功率分段模型,FAN_eff,FAN_eff,10.0,10.0,156
122.0,124.0,122.989,1.2466639999999956,1493,1,2.0,20,high,high_lookup,0.5679988163838033,1493,0.3226226554134015,step1-插值损耗模型-仅正功率,LGXRFD,FAN_SEG,风机总功率分段模型,FAN_eff,FAN_eff,10.0,10.0,157
124.0,126.0,125.014,1.2729625000000055,1526,1,2.0,20,high,high_lookup,0.5625663580197788,1526,0.316480907175638,step1-插值损耗模型-仅正功率,LGXRFD,FAN_SEG,风机总功率分段模型,FAN_eff,FAN_eff,10.0,10.0,158
126.0,128.0,126.989,1.3153599999999983,1515,1,2.0,20,high,high_lookup,0.58614089595562,1515,0.343561149911657,step1-插值损耗模型-仅正功率,LGXRFD,FAN_SEG,风机总功率分段模型,FAN_eff,FAN_eff,10.0,10.0,159
128.0,130.0,128.993,1.3376399999999933,1535,1,2.0,20,high,high_lookup,0.5953418670484139,1535,0.3544319386606913,step1-插值损耗模型-仅正功率,LGXRFD,FAN_SEG,风机总功率分段模型,FAN_eff,FAN_eff,10.0,10.0,160
130.0,132.0,130.99,1.37333000000001,1441,1,2.0,20,high,high_lookup,0.6112852705435781,1441,0.37366968198353545,step1-插值损耗模型-仅正功率,LGXRFD,FAN_SEG,风机总功率分段模型,FAN_eff,FAN_eff,10.0,10.0,161
132.0,134.0,133.0075,1.3819199999999938,1354,1,2.0,20,high,high_lookup,0.6293282390292646,1354,0.3960540324396752,step1-插值损耗模型-仅正功率,LGXRFD,FAN_SEG,风机总功率分段模型,FAN_eff,FAN_eff,10.0,10.0,162
134.0,136.0,134.9885,1.4261800000000022,1320,1,2.0,20,high,high_lookup,0.6565553143791937,1320,0.43106488083956185,step1-插值损耗模型-仅正功率,LGXRFD,FAN_SEG,风机总功率分段模型,FAN_eff,FAN_eff,10.0,10.0,163
136.0,138.0,136.998,1.434599999999989,1281,1,2.0,20,high,high_lookup,0.661400286924142,1281,0.43745033954333734,step1-插值损耗模型-仅正功率,LGXRFD,FAN_SEG,风机总功率分段模型,FAN_eff,FAN_eff,10.0,10.0,164
138.0,140.0,138.965,1.5013199999999927,1355,1,2.0,20,high,high_lookup,0.663471262269591,1355,0.4401941158576044,step1-插值损耗模型-仅正功率,LGXRFD,FAN_SEG,风机总功率分段模型,FAN_eff,FAN_eff,10.0,10.0,165
140.0,142.0,141.011,1.524240000000006,1368,1,2.0,20,high,high_lookup,0.6628502347890852,1368,0.4393704337599454,step1-插值损耗模型-仅正功率,LGXRFD,FAN_SEG,风机总功率分段模型,FAN_eff,FAN_eff,10.0,10.0,166
142.0,144.0,143.03,1.5448450000000093,1388,1,2.0,20,high,high_lookup,0.6654300127872196,1388,0.4427971019179992,step1-插值损耗模型-仅正功率,LGXRFD,FAN_SEG,风机总功率分段模型,FAN_eff,FAN_eff,10.0,10.0,167
144.0,146.0,145.007,1.5607200000000034,1363,1,2.0,20,high,high_lookup,0.7011748381214437,1363,0.4916461536146327,step1-插值损耗模型-仅正功率,LGXRFD,FAN_SEG,风机总功率分段模型,FAN_eff,FAN_eff,10.0,10.0,168
146.0,148.0,147.0,1.6035699999999906,1367,1,2.0,20,high,high_lookup,0.6878336936983881,1367,0.47311519018676795,step1-插值损耗模型-仅正功率,LGXRFD,FAN_SEG,风机总功率分段模型,FAN_eff,FAN_eff,10.0,10.0,169
148.0,150.0,149.021,1.6225100000000054,1333,1,2.0,20,high,high_lookup,0.7215114018063061,1333,0.5205787029365009,step1-插值损耗模型-仅正功率,LGXRFD,FAN_SEG,风机总功率分段模型,FAN_eff,FAN_eff,10.0,10.0,170
150.0,152.0,150.962,1.6356099999999856,1243,1,2.0,20,high,high_lookup,0.7354033231481216,1243,0.5408180476973006,step1-插值损耗模型-仅正功率,LGXRFD,FAN_SEG,风机总功率分段模型,FAN_eff,FAN_eff,10.0,10.0,171
152.0,154.0,152.939,1.7301899999999932,1182,1,2.0,20,high,high_lookup,0.7567846875717552,1182,0.5727230633430791,step1-插值损耗模型-仅正功率,LGXRFD,FAN_SEG,风机总功率分段模型,FAN_eff,FAN_eff,10.0,10.0,172
154.0,156.0,154.936,1.7270550000000071,1114,1,2.0,20,high,high_lookup,0.8040812347995641,1114,0.6465466321567916,step1-插值损耗模型-仅正功率,LGXRFD,FAN_SEG,风机总功率分段模型,FAN_eff,FAN_eff,10.0,10.0,173
156.0,158.0,156.983,1.7722299999999933,1088,1,2.0,20,high,high_lookup,0.7544524684071178,1088,0.569198527085593,step1-插值损耗模型-仅正功率,LGXRFD,FAN_SEG,风机总功率分段模型,FAN_eff,FAN_eff,10.0,10.0,174
158.0,160.0,159.0075,1.7857900000000058,1162,1,2.0,20,high,high_lookup,0.7934451866201722,1162,0.6295552641707198,step1-插值损耗模型-仅正功率,LGXRFD,FAN_SEG,风机总功率分段模型,FAN_eff,FAN_eff,10.0,10.0,175
160.0,162.0,160.98950000000002,1.8342199999999877,1076,1,2.0,20,high,high_lookup,0.8137241639901571,1076,0.6621470150614801,step1-插值损耗模型-仅正功率,LGXRFD,FAN_SEG,风机总功率分段模型,FAN_eff,FAN_eff,10.0,10.0,176
162.0,164.0,163.036,1.8467049999999858,1048,1,2.0,20,high,high_lookup,0.8750988254484886,1048,0.7657979543013244,step1-插值损耗模型-仅正功率,LGXRFD,FAN_SEG,风机总功率分段模型,FAN_eff,FAN_eff,10.0,10.0,177
164.0,166.0,165.024,1.9044999999999845,1191,1,2.0,20,high,high_lookup,0.7908652346036754,1191,0.6254678193047265,step1-插值损耗模型-仅正功率,LGXRFD,FAN_SEG,风机总功率分段模型,FAN_eff,FAN_eff,10.0,10.0,178
166.0,168.0,167.0485,1.9567250000000058,1160,1,2.0,20,high,high_lookup,0.8470958122910937,1160,0.7175713152011077,step1-插值损耗模型-仅正功率,LGXRFD,FAN_SEG,风机总功率分段模型,FAN_eff,FAN_eff,10.0,10.0,179
168.0,170.0,168.98,2.023959999999988,1047,1,2.0,20,high,high_lookup,0.8588092572489364,1047,0.7375533403364698,step1-插值损耗模型-仅正功率,LGXRFD,FAN_SEG,风机总功率分段模型,FAN_eff,FAN_eff,10.0,10.0,180
170.0,172.0,171.023,2.0074550000000073,1070,1,2.0,20,high,high_lookup,0.8242831346794565,1070,0.679442686116991,step1-插值损耗模型-仅正功率,LGXRFD,FAN_SEG,风机总功率分段模型,FAN_eff,FAN_eff,10.0,10.0,181
172.0,174.0,173.0225,2.0657899999999927,1140,1,2.0,20,high,high_lookup,0.8685917552075292,1140,0.7544516372144963,step1-插值损耗模型-仅正功率,LGXRFD,FAN_SEG,风机总功率分段模型,FAN_eff,FAN_eff,10.0,10.0,182
174.0,176.0,175.003,2.1172300000000064,1091,1,2.0,20,high,high_lookup,0.9369151706175767,1091,0.8778100369333628,step1-插值损耗模型-仅正功率,LGXRFD,FAN_SEG,风机总功率分段模型,FAN_eff,FAN_eff,10.0,10.0,183
176.0,178.0,177.001,2.07777999999999,1097,1,2.0,20,high,high_lookup,0.8887605949324122,1097,0.7898953951046153,step1-插值损耗模型-仅正功率,LGXRFD,FAN_SEG,风机总功率分段模型,FAN_eff,FAN_eff,10.0,10.0,184
178.0,180.0,179.009,2.1422999999999774,1033,1,2.0,20,high,high_lookup,0.9474818583741268,1033,0.8977218719480888,step1-插值损耗模型-仅正功率,LGXRFD,FAN_SEG,风机总功率分段模型,FAN_eff,FAN_eff,10.0,10.0,185
180.0,182.0,180.946,2.218865000000008,1016,1,2.0,20,high,high_lookup,0.92630715741865,1016,0.8580449498850197,step1-插值损耗模型-仅正功率,LGXRFD,FAN_SEG,风机总功率分段模型,FAN_eff,FAN_eff,10.0,10.0,186
182.0,184.0,182.955,2.2154000000000167,1011,1,2.0,20,high,high_lookup,0.9285060430983443,1011,0.8621234720701444,step1-插值损耗模型-仅正功率,LGXRFD,FAN_SEG,风机总功率分段模型,FAN_eff,FAN_eff,10.0,10.0,187
184.0,186.0,184.993,2.359100000000012,945,1,2.0,20,high,high_lookup,1.0126660475532683,945,1.0254925238671582,step1-插值损耗模型-仅正功率,LGXRFD,FAN_SEG,风机总功率分段模型,FAN_eff,FAN_eff,10.0,10.0,188
186.0,188.0,186.991,2.308240000000012,937,1,2.0,20,high,high_lookup,0.9920197110421306,937,0.9841031070961123,step1-插值损耗模型-仅正功率,LGXRFD,FAN_SEG,风机总功率分段模型,FAN_eff,FAN_eff,10.0,10.0,189
188.0,190.0,189.031,2.444449999999989,915,1,2.0,20,high,high_lookup,0.9902986533199635,915,0.9806914227673332,step1-插值损耗模型-仅正功率,LGXRFD,FAN_SEG,风机总功率分段模型,FAN_eff,FAN_eff,10.0,10.0,190
190.0,192.0,190.958,2.442620000000005,877,1,2.0,20,high,high_lookup,1.0870500983662414,877,1.1816779163580553,step1-插值损耗模型-仅正功率,LGXRFD,FAN_SEG,风机总功率分段模型,FAN_eff,FAN_eff,10.0,10.0,191
192.0,194.0,192.981,2.4288649999999876,952,1,2.0,20,high,high_lookup,1.0641311549301533,952,1.132375114892982,step1-插值损耗模型-仅正功率,LGXRFD,FAN_SEG,风机总功率分段模型,FAN_eff,FAN_eff,10.0,10.0,192
194.0,196.0,194.9845,2.499600000000001,980,1,2.0,20,high,high_lookup,1.1496953408605457,980,1.3217993767964464,step1-插值损耗模型-仅正功率,LGXRFD,FAN_SEG,风机总功率分段模型,FAN_eff,FAN_eff,10.0,10.0,193
196.0,198.0,196.972,2.540539999999993,943,1,2.0,20,high,high_lookup,1.0483413678305111,943,1.0990196235047471,step1-插值损耗模型-仅正功率,LGXRFD,FAN_SEG,风机总功率分段模型,FAN_eff,FAN_eff,10.0,10.0,194
198.0,200.0,198.97750000000002,2.577194999999989,972,1,2.0,20,high,high_lookup,1.0982232701412495,972,1.20609435107974,step1-插值损耗模型-仅正功率,LGXRFD,FAN_SEG,风机总功率分段模型,FAN_eff,FAN_eff,10.0,10.0,195
200.0,202.0,201.04,2.6441499999999962,937,1,2.0,20,high,high_lookup,1.1053245440077444,937,1.2217423475859281,step1-插值损耗模型-仅正功率,LGXRFD,FAN_SEG,风机总功率分段模型,FAN_eff,FAN_eff,10.0,10.0,196
202.0,204.0,202.99,2.632540000000006,913,1,2.0,20,high,high_lookup,1.1177606598416174,913,1.249388892689568,step1-插值损耗模型-仅正功率,LGXRFD,FAN_SEG,风机总功率分段模型,FAN_eff,FAN_eff,10.0,10.0,197
204.0,206.0,204.99349999999998,2.722965000000002,932,1,2.0,20,high,high_lookup,1.1455921125699509,932,1.312381288382483,step1-插值损耗模型-仅正功率,LGXRFD,FAN_SEG,风机总功率分段模型,FAN_eff,FAN_eff,10.0,10.0,198
206.0,208.0,206.958,2.7801399999999887,873,1,2.0,20,high,high_lookup,1.1607277446679463,873,1.347288897241937,step1-插值损耗模型-仅正功率,LGXRFD,FAN_SEG,风机总功率分段模型,FAN_eff,FAN_eff,10.0,10.0,199
208.0,210.0,208.9955,2.8022350000000102,904,1,2.0,20,high,high_lookup,1.2395844232880806,904,1.5365695424584433,step1-插值损耗模型-仅正功率,LGXRFD,FAN_SEG,风机总功率分段模型,FAN_eff,FAN_eff,10.0,10.0,200
210.0,212.0,210.978,2.779899999999998,869,1,2.0,20,high,high_lookup,1.2160323714557038,869,1.4787347284281827,step1-插值损耗模型-仅正功率,LGXRFD,FAN_SEG,风机总功率分段模型,FAN_eff,FAN_eff,10.0,10.0,201
212.0,214.0,213.042,2.8496399999999937,882,1,2.0,20,high,high_lookup,1.188617557685505,882,1.4128116984382546,step1-插值损耗模型-仅正功率,LGXRFD,FAN_SEG,风机总功率分段模型,FAN_eff,FAN_eff,10.0,10.0,202
214.0,216.0,215.061,2.844529999999992,905,1,2.0,20,high,high_lookup,1.1984366690053543,905,1.436250449616649,step1-插值损耗模型-仅正功率,LGXRFD,FAN_SEG,风机总功率分段模型,FAN_eff,FAN_eff,10.0,10.0,203
216.0,218.0,216.971,2.985980000000012,856,1,2.0,20,high,high_lookup,1.2403399534769006,856,1.53844320019108,step1-插值损耗模型-仅正功率,LGXRFD,FAN_SEG,风机总功率分段模型,FAN_eff,FAN_eff,10.0,10.0,204
218.0,220.0,219.073,3.023140000000012,849,1,2.0,20,high,high_lookup,1.3499010878369904,849,1.82223294694349,step1-插值损耗模型-仅正功率,LGXRFD,FAN_SEG,风机总功率分段模型,FAN_eff,FAN_eff,10.0,10.0,205
220.0,222.0,220.97,3.0685650000000066,778,1,2.0,20,high,high_lookup,1.3560386680625747,778,1.8388408692809215,step1-插值损耗模型-仅正功率,LGXRFD,FAN_SEG,风机总功率分段模型,FAN_eff,FAN_eff,10.0,10.0,206
222.0,224.0,223.022,3.258829999999989,828,1,2.0,20,high,high_lookup,1.3657936788852485,828,1.8653923732829012,step1-插值损耗模型-仅正功率,LGXRFD,FAN_SEG,风机总功率分段模型,FAN_eff,FAN_eff,10.0,10.0,207
224.0,226.0,224.977,3.1384099999999933,785,1,2.0,20,high,high_lookup,1.337320073051219,785,1.7884249777857175,step1-插值损耗模型-仅正功率,LGXRFD,FAN_SEG,风机总功率分段模型,FAN_eff,FAN_eff,10.0,10.0,208
226.0,228.0,227.014,3.2510599999999954,825,1,2.0,20,high,high_lookup,1.3549089435868125,825,1.8357782454115321,step1-插值损耗模型-仅正功率,LGXRFD,FAN_SEG,风机总功率分段模型,FAN_eff,FAN_eff,10.0,10.0,209
228.0,230.0,228.9985,3.209194999999994,750,1,2.0,20,high,high_lookup,1.4168674671802017,750,2.00751341955364,step1-插值损耗模型-仅正功率,LGXRFD,FAN_SEG,风机总功率分段模型,FAN_eff,FAN_eff,10.0,10.0,210
230.0,232.0,230.964,3.276750000000021,809,1,2.0,20,high,high_lookup,1.3208557802129584,809,1.744659992121983,step1-插值损耗模型-仅正功率,LGXRFD,FAN_SEG,风机总功率分段模型,FAN_eff,FAN_eff,10.0,10.0,211
232.0,234.0,232.95600000000002,3.3913749999999965,714,1,2.0,20,high,high_lookup,1.3489470551965352,714,1.8196581577234043,step1-插值损耗模型-仅正功率,LGXRFD,FAN_SEG,风机总功率分段模型,FAN_eff,FAN_eff,10.0,10.0,212
234.0,236.0,235.018,3.4027249999999896,774,1,2.0,20,high,high_lookup,1.4437782459294644,774,2.0844956234191607,step1-插值损耗模型-仅正功率,LGXRFD,FAN_SEG,风机总功率分段模型,FAN_eff,FAN_eff,10.0,10.0,213
236.0,238.0,236.9765,3.499514999999988,732,1,2.0,20,high,high_lookup,1.4207972686478871,732,2.0186648785972965,step1-插值损耗模型-仅正功率,LGXRFD,FAN_SEG,风机总功率分段模型,FAN_eff,FAN_eff,10.0,10.0,214
238.0,240.0,239.0685,3.5000150000000048,748,1,2.0,20,high,high_lookup,1.392246907416804,748,1.9383514512116549,step1-插值损耗模型-仅正功率,LGXRFD,FAN_SEG,风机总功率分段模型,FAN_eff,FAN_eff,10.0,10.0,215
240.0,242.0,241.05,3.5940499999999815,755,1,2.0,20,high,high_lookup,1.4851311163746495,755,2.2056144328242127,step1-插值损耗模型-仅正功率,LGXRFD,FAN_SEG,风机总功率分段模型,FAN_eff,FAN_eff,10.0,10.0,216
242.0,244.0,243.017,3.550655000000006,746,1,2.0,20,high,high_lookup,1.4511952839653253,746,2.105967752203201,step1-插值损耗模型-仅正功率,LGXRFD,FAN_SEG,风机总功率分段模型,FAN_eff,FAN_eff,10.0,10.0,217
244.0,246.0,245.006,3.669285000000002,784,1,2.0,20,high,high_lookup,1.4442447195453874,784,2.0858428099347344,step1-插值损耗模型-仅正功率,LGXRFD,FAN_SEG,风机总功率分段模型,FAN_eff,FAN_eff,10.0,10.0,218
246.0,248.0,247.029,3.7184500000000043,784,1,2.0,20,high,high_lookup,1.4617557618298354,784,2.136729907242722,step1-插值损耗模型-仅正功率,LGXRFD,FAN_SEG,风机总功率分段模型,FAN_eff,FAN_eff,10.0,10.0,219
248.0,250.0,248.962,3.6702099999999973,775,1,2.0,20,high,high_lookup,1.5592413702167958,775,2.431233650595551,step1-插值损耗模型-仅正功率,LGXRFD,FAN_SEG,风机总功率分段模型,FAN_eff,FAN_eff,10.0,10.0,220
250.0,252.0,251.016,3.8507749999999987,708,1,2.0,20,high,high_lookup,1.5159809477589068,708,2.298198233967993,step1-插值损耗模型-仅正功率,LGXRFD,FAN_SEG,风机总功率分段模型,FAN_eff,FAN_eff,10.0,10.0,221
252.0,254.0,253.015,3.85902999999999,709,1,2.0,20,high,high_lookup,1.4771135409550544,709,2.181864412872779,step1-插值损耗模型-仅正功率,LGXRFD,FAN_SEG,风机总功率分段模型,FAN_eff,FAN_eff,10.0,10.0,222
254.0,256.0,255.013,4.025499999999994,731,1,2.0,20,high,high_lookup,1.5981607122027885,731,2.554117662028524,step1-插值损耗模型-仅正功率,LGXRFD,FAN_SEG,风机总功率分段模型,FAN_eff,FAN_eff,10.0,10.0,223
256.0,258.0,256.947,3.895280000000014,701,1,2.0,20,high,high_lookup,1.5558133937766327,701,2.4205553162547635,step1-插值损耗模型-仅正功率,LGXRFD,FAN_SEG,风机总功率分段模型,FAN_eff,FAN_eff,10.0,10.0,224
258.0,260.0,258.945,4.063884999999999,644,1,2.0,20,high,high_lookup,1.6998658259762662,644,2.8895438263219737,step1-插值损耗模型-仅正功率,LGXRFD,FAN_SEG,风机总功率分段模型,FAN_eff,FAN_eff,10.0,10.0,225
260.0,262.0,260.999,4.090700000000027,707,1,2.0,20,high,high_lookup,1.5490661986174379,707,2.3996060876990795,step1-插值损耗模型-仅正功率,LGXRFD,FAN_SEG,风机总功率分段模型,FAN_eff,FAN_eff,10.0,10.0,226
262.0,264.0,262.981,4.087604999999996,706,1,2.0,20,high,high_lookup,1.518104370643703,706,2.3046408801675136,step1-插值损耗模型-仅正功率,LGXRFD,FAN_SEG,风机总功率分段模型,FAN_eff,FAN_eff,10.0,10.0,227
264.0,266.0,264.95550000000003,4.2575350000000185,656,1,2.0,20,high,high_lookup,1.639252985541358,656,2.6871503506062555,step1-插值损耗模型-仅正功率,LGXRFD,FAN_SEG,风机总功率分段模型,FAN_eff,FAN_eff,10.0,10.0,228
266.0,268.0,267.003,4.221600000000024,730,1,2.0,20,high,high_lookup,1.58906153619172,730,2.525116565803989,step1-插值损耗模型-仅正功率,LGXRFD,FAN_SEG,风机总功率分段模型,FAN_eff,FAN_eff,10.0,10.0,229
268.0,270.0,269.012,4.389874999999989,702,1,2.0,20,high,high_lookup,1.6409389017933471,702,2.692680479418756,step1-插值损耗模型-仅正功率,LGXRFD,FAN_SEG,风机总功率分段模型,FAN_eff,FAN_eff,10.0,10.0,230
270.0,272.0,270.994,4.437969999999979,748,1,2.0,20,high,high_lookup,1.5554384553836031,748,2.4193887884861294,step1-插值损耗模型-仅正功率,LGXRFD,FAN_SEG,风机总功率分段模型,FAN_eff,FAN_eff,10.0,10.0,231
272.0,274.0,273.021,4.4372000000000185,687,1,2.0,20,high,high_lookup,1.6696443928851716,687,2.7877123986928933,step1-插值损耗模型-仅正功率,LGXRFD,FAN_SEG,风机总功率分段模型,FAN_eff,FAN_eff,10.0,10.0,232
274.0,276.0,275.044,4.458280000000002,756,1,2.0,20,high,high_lookup,1.530730105212383,756,2.343134655003513,step1-插值损耗模型-仅正功率,LGXRFD,FAN_SEG,风机总功率分段模型,FAN_eff,FAN_eff,10.0,10.0,233
276.0,278.0,276.97950000000003,4.435670000000016,736,1,2.0,20,high,high_lookup,1.622332797537756,736,2.6319637059666814,step1-插值损耗模型-仅正功率,LGXRFD,FAN_SEG,风机总功率分段模型,FAN_eff,FAN_eff,10.0,10.0,234
278.0,280.0,278.944,4.706999999999994,739,1,2.0,20,high,high_lookup,1.7291008363722047,739,2.989789702343058,step1-插值损耗模型-仅正功率,LGXRFD,FAN_SEG,风机总功率分段模型,FAN_eff,FAN_eff,10.0,10.0,235
280.0,282.0,280.9855,4.611289999999997,702,1,2.0,20,high,high_lookup,1.6770672141780565,702,2.8125544408709473,step1-插值损耗模型-仅正功率,LGXRFD,FAN_SEG,风机总功率分段模型,FAN_eff,FAN_eff,10.0,10.0,236
282.0,284.0,283.01649999999995,4.754424999999969,696,1,2.0,20,high,high_lookup,1.7150017944247882,696,2.9412311548802434,step1-插值损耗模型-仅正功率,LGXRFD,FAN_SEG,风机总功率分段模型,FAN_eff,FAN_eff,10.0,10.0,237
284.0,286.0,285.0615,4.893975000000012,678,1,2.0,20,high,high_lookup,1.7004981725047144,678,2.891694034691873,step1-插值损耗模型-仅正功率,LGXRFD,FAN_SEG,风机总功率分段模型,FAN_eff,FAN_eff,10.0,10.0,238
286.0,288.0,287.023,4.9214999999999804,687,1,2.0,20,high,high_lookup,1.6996836017144756,687,2.888924345937092,step1-插值损耗模型-仅正功率,LGXRFD,FAN_SEG,风机总功率分段模型,FAN_eff,FAN_eff,10.0,10.0,239
288.0,290.0,289.0385,4.917250000000024,698,1,2.0,20,high,high_lookup,1.7518124329848592,698,3.068846800360332,step1-插值损耗模型-仅正功率,LGXRFD,FAN_SEG,风机总功率分段模型,FAN_eff,FAN_eff,10.0,10.0,240
290.0,292.0,290.9255,4.991135000000014,684,1,2.0,20,high,high_lookup,1.6323713703381317,684,2.66463629069959,step1-插值损耗模型-仅正功率,LGXRFD,FAN_SEG,风机总功率分段模型,FAN_eff,FAN_eff,10.0,10.0,241
292.0,294.0,292.992,4.9755799999999795,751,1,2.0,20,high,high_lookup,1.7291157634654266,751,2.989841323464625,step1-插值损耗模型-仅正功率,LGXRFD,FAN_SEG,风机总功率分段模型,FAN_eff,FAN_eff,10.0,10.0,242
294.0,296.0,295.017,5.215469999999982,683,1,2.0,20,high,high_lookup,1.6652901223087349,683,2.7731911914590412,step1-插值损耗模型-仅正功率,LGXRFD,FAN_SEG,风机总功率分段模型,FAN_eff,FAN_eff,10.0,10.0,243
296.0,298.0,296.996,5.186519999999973,703,1,2.0,20,high,high_lookup,1.7368154129640407,703,3.0165277787094515,step1-插值损耗模型-仅正功率,LGXRFD,FAN_SEG,风机总功率分段模型,FAN_eff,FAN_eff,10.0,10.0,244
298.0,300.0,299.036,5.0709999999999695,735,1,2.0,20,high,high_lookup,1.7111715652749317,735,2.92810812580546,step1-插值损耗模型-仅正功率,LGXRFD,FAN_SEG,风机总功率分段模型,FAN_eff,FAN_eff,10.0,10.0,245
300.0,302.0,301.012,5.3048,701,1,2.0,20,high,high_lookup,1.6948671276071094,701,2.8725745802431737,step1-插值损耗模型-仅正功率,LGXRFD,FAN_SEG,风机总功率分段模型,FAN_eff,FAN_eff,10.0,10.0,246
302.0,304.0,303.052,5.339580000000012,637,1,2.0,20,high,high_lookup,1.748431860022299,637,3.0570139691410363,step1-插值损耗模型-仅正功率,LGXRFD,FAN_SEG,风机总功率分段模型,FAN_eff,FAN_eff,10.0,10.0,247
304.0,306.0,305.04,5.2535799999999995,675,1,2.0,20,high,high_lookup,1.8109591667037914,675,3.2795731034684907,step1-插值损耗模型-仅正功率,LGXRFD,FAN_SEG,风机总功率分段模型,FAN_eff,FAN_eff,10.0,10.0,248
306.0,308.0,306.975,5.489329999999995,683,1,2.0,20,high,high_lookup,1.7988730356243643,683,3.235944198296415,step1-插值损耗模型-仅正功率,LGXRFD,FAN_SEG,风机总功率分段模型,FAN_eff,FAN_eff,10.0,10.0,249
308.0,310.0,309.016,5.488920000000007,713,1,2.0,20,high,high_lookup,1.8189135681991433,713,3.3084465685789395,step1-插值损耗模型-仅正功率,LGXRFD,FAN_SEG,风机总功率分段模型,FAN_eff,FAN_eff,10.0,10.0,250
310.0,312.0,311.0085,5.522470000000027,740,1,2.0,20,high,high_lookup,1.8676081157414384,740,3.487960073983286,step1-插值损耗模型-仅正功率,LGXRFD,FAN_SEG,风机总功率分段模型,FAN_eff,FAN_eff,10.0,10.0,251
312.0,314.0,312.991,5.7549999999999955,757,1,2.0,20,high,high_lookup,1.8566875208234104,757,3.447288549981382,step1-插值损耗模型-仅正功率,LGXRFD,FAN_SEG,风机总功率分段模型,FAN_eff,FAN_eff,10.0,10.0,252
314.0,316.0,314.94050000000004,5.723479999999995,750,1,2.0,20,high,high_lookup,1.8670160538806753,750,3.4857489454481687,step1-插值损耗模型-仅正功率,LGXRFD,FAN_SEG,风机总功率分段模型,FAN_eff,FAN_eff,10.0,10.0,253
316.0,318.0,316.95000000000005,5.944299999999998,720,1,2.0,20,high,high_lookup,1.7386554582327483,720,3.022922802442528,step1-插值损耗模型-仅正功率,LGXRFD,FAN_SEG,风机总功率分段模型,FAN_eff,FAN_eff,10.0,10.0,254
318.0,320.0,319.0245,5.952764999999999,788,1,2.0,20,high,high_lookup,1.6013675739359496,788,2.564378106853509,step1-插值损耗模型-仅正功率,LGXRFD,FAN_SEG,风机总功率分段模型,FAN_eff,FAN_eff,10.0,10.0,255
320.0,322.0,320.962,6.001050000000021,729,1,2.0,20,high,high_lookup,1.7974013931100707,729,3.230651767954023,step1-插值损耗模型-仅正功率,LGXRFD,FAN_SEG,风机总功率分段模型,FAN_eff,FAN_eff,10.0,10.0,256
322.0,324.0,322.97450000000003,6.121865000000014,724,1,2.0,20,high,high_lookup,1.772150000082637,724,3.14051562279289,step1-插值损耗模型-仅正功率,LGXRFD,FAN_SEG,风机总功率分段模型,FAN_eff,FAN_eff,10.0,10.0,257
324.0,326.0,325.04499999999996,6.055399999999992,756,1,2.0,20,high,high_lookup,1.7735775335192245,756,3.145577267404136,step1-插值损耗模型-仅正功率,LGXRFD,FAN_SEG,风机总功率分段模型,FAN_eff,FAN_eff,10.0,10.0,258
326.0,328.0,326.953,6.144804999999991,768,1,2.0,20,high,high_lookup,1.6292904368842975,768,2.6545873277226253,step1-插值损耗模型-仅正功率,LGXRFD,FAN_SEG,风机总功率分段模型,FAN_eff,FAN_eff,10.0,10.0,259
328.0,330.0,329.019,6.09245999999996,775,1,2.0,20,high,high_lookup,1.6419919564276324,775,2.696137584973044,step1-插值损耗模型-仅正功率,LGXRFD,FAN_SEG,风机总功率分段模型,FAN_eff,FAN_eff,10.0,10.0,260
330.0,332.0,331.033,6.239969999999971,809,1,2.0,20,high,high_lookup,1.680999567916174,809,2.8257595473343637,step1-插值损耗模型-仅正功率,LGXRFD,FAN_SEG,风机总功率分段模型,FAN_eff,FAN_eff,10.0,10.0,261
332.0,334.0,333.082,6.324244999999991,854,1,2.0,20,high,high_lookup,1.6839175809482763,854,2.8355784194266946,step1-插值损耗模型-仅正功率,LGXRFD,FAN_SEG,风机总功率分段模型,FAN_eff,FAN_eff,10.0,10.0,262
334.0,336.0,334.987,6.45025000000004,880,1,2.0,20,high,high_lookup,1.572822446941959,880,2.4737704496044914,step1-插值损耗模型-仅正功率,LGXRFD,FAN_SEG,风机总功率分段模型,FAN_eff,FAN_eff,10.0,10.0,263
336.0,338.0,337.036,6.5604000000000156,957,1,2.0,20,high,high_lookup,1.6718115424307074,957,2.794953833404541,step1-插值损耗模型-仅正功率,LGXRFD,FAN_SEG,风机总功率分段模型,FAN_eff,FAN_eff,10.0,10.0,264
338.0,340.0,339.047,6.628399999999999,1015,1,2.0,20,high,high_lookup,1.6246573297768307,1015,2.6395114391975816,step1-插值损耗模型-仅正功率,LGXRFD,FAN_SEG,风机总功率分段模型,FAN_eff,FAN_eff,10.0,10.0,265
340.0,342.0,341.00149999999996,6.720100000000002,1044,1,2.0,20,high,high_lookup,1.539608484436838,1044,2.3703942853498976,step1-插值损耗模型-仅正功率,LGXRFD,FAN_SEG,风机总功率分段模型,FAN_eff,FAN_eff,10.0,10.0,266
342.0,344.0,342.98,6.852364999999992,1044,1,2.0,20,high,high_lookup,1.5904827315619479,1044,2.529635319396755,step1-插值损耗模型-仅正功率,LGXRFD,FAN_SEG,风机总功率分段模型,FAN_eff,FAN_eff,10.0,10.0,267
344.0,346.0,345.005,6.832425000000001,1138,1,2.0,20,high,high_lookup,1.5913700771265364,1138,2.5324587223737187,step1-插值损耗模型-仅正功率,LGXRFD,FAN_SEG,风机总功率分段模型,FAN_eff,FAN_eff,10.0,10.0,268
346.0,348.0,346.9545,7.31262000000001,1558,1,2.0,20,high,high_lookup,1.1866610087093754,1558,1.4081643495911524,step1-插值损耗模型-仅正功率,LGXRFD,FAN_SEG,风机总功率分段模型,FAN_eff,FAN_eff,10.0,10.0,269
348.0,350.0,349.006,7.162529999999947,1313,1,2.0,20,high,high_lookup,1.352671851066896,1313,1.829721136668743,step1-插值损耗模型-仅正功率,LGXRFD,FAN_SEG,风机总功率分段模型,FAN_eff,FAN_eff,10.0,10.0,270
350.0,352.0,350.9915,7.422350000000023,1806,1,2.0,20,high,high_lookup,1.0543422582941673,1806,1.1116375976248445,step1-插值损耗模型-仅正功率,LGXRFD,FAN_SEG,风机总功率分段模型,FAN_eff,FAN_eff,10.0,10.0,271
352.0,354.0,353.346,7.451179999999965,2355,1,2.0,20,high,high_lookup,0.7852676809689334,2355,0.6166453307743266,step1-插值损耗模型-仅正功率,LGXRFD,FAN_SEG,风机总功率分段模型,FAN_eff,FAN_eff,10.0,10.0,272
354.0,356.0,354.929,7.369770000000017,1551,1,2.0,20,high,high_lookup,1.1437525584971697,1551,1.3081699150688217,step1-插值损耗模型-仅正功率,LGXRFD,FAN_SEG,风机总功率分段模型,FAN_eff,FAN_eff,10.0,10.0,273
356.0,358.0,357.224,7.455859999999973,2261,1,2.0,20,high,high_lookup,0.7441112103220815,2261,0.553701493326993,step1-插值损耗模型-仅正功率,LGXRFD,FAN_SEG,风机总功率分段模型,FAN_eff,FAN_eff,10.0,10.0,274
358.0,360.0,358.997,7.578975000000014,2610,1,2.0,20,high,high_lookup,0.8155499798564301,2610,0.6651217696438235,step1-插值损耗模型-仅正功率,LGXRFD,FAN_SEG,风机总功率分段模型,FAN_eff,FAN_eff,10.0,10.0,275
360.0,362.0,361.056,7.506799999999998,1787,1,2.0,20,high,high_lookup,0.9747723091642155,1787,0.950181054713337,step1-插值损耗模型-仅正功率,LGXRFD,FAN_SEG,风机总功率分段模型,FAN_eff,FAN_eff,10.0,10.0,276
362.0,364.0,363.02250000000004,7.530235000000005,1596,1,2.0,20,high,high_lookup,1.0549216613202517,1596,1.1128597115226797,step1-插值损耗模型-仅正功率,LGXRFD,FAN_SEG,风机总功率分段模型,FAN_eff,FAN_eff,10.0,10.0,277
364.0,366.0,364.95349999999996,7.528340000000014,1760,1,2.0,20,high,high_lookup,0.9448162871468748,1760,0.8926778164580058,step1-插值损耗模型-仅正功率,LGXRFD,FAN_SEG,风机总功率分段模型,FAN_eff,FAN_eff,10.0,10.0,278
366.0,368.0,366.9065,7.575275000000005,1626,1,2.0,20,high,high_lookup,0.9571748177751717,1626,0.916183631782933,step1-插值损耗模型-仅正功率,LGXRFD,FAN_SEG,风机总功率分段模型,FAN_eff,FAN_eff,10.0,10.0,279
368.0,370.0,368.953,7.634865000000019,2066,1,2.0,20,high,high_lookup,0.7936327473094488,2066,0.6298529376019434,step1-插值损耗模型-仅正功率,LGXRFD,FAN_SEG,风机总功率分段模型,FAN_eff,FAN_eff,10.0,10.0,280
370.0,372.0,370.997,7.732099999999946,2981,1,2.0,20,high,high_lookup,0.630532225267511,2981,0.3975708871007992,step1-插值损耗模型-仅正功率,LGXRFD,FAN_SEG,风机总功率分段模型,FAN_eff,FAN_eff,10.0,10.0,281
372.0,374.0,373.03200000000004,7.866650000000021,2982,1,2.0,20,high,high_lookup,0.5881768861590206,2982,0.34595204941172153,step1-插值损耗模型-仅正功率,LGXRFD,FAN_SEG,风机总功率分段模型,FAN_eff,FAN_eff,10.0,10.0,282
374.0,376.0,374.987,7.815240000000017,2369,1,2.0,20,high,high_lookup,0.5143424302059957,2369,0.26454813551020956,step1-插值损耗模型-仅正功率,LGXRFD,FAN_SEG,风机总功率分段模型,FAN_eff,FAN_eff,10.0,10.0,283
376.0,378.0,377.118,7.91228000000001,2393,1,2.0,20,high,high_lookup,0.5885350380399983,2393,0.3463734910007422,step1-插值损耗模型-仅正功率,LGXRFD,FAN_SEG,风机总功率分段模型,FAN_eff,FAN_eff,10.0,10.0,284
378.0,380.0,379.0385,7.886629999999997,2612,1,2.0,20,high,high_lookup,0.5132264968970354,2612,0.26340143711720265,step1-插值损耗模型-仅正功率,LGXRFD,FAN_SEG,风机总功率分段模型,FAN_eff,FAN_eff,10.0,10.0,285
380.0,382.0,380.8865,8.126500000000021,4700,1,2.0,20,high,high_lookup,0.4909148661554206,4700,0.24099740581239454,step1-插值损耗模型-仅正功率,LGXRFD,FAN_SEG,风机总功率分段模型,FAN_eff,FAN_eff,10.0,10.0,286
382.0,384.0,383.319,8.017619999999994,2864,1,2.0,20,high,high_lookup,0.5103946945537525,2864,0.26050274422861835,step1-插值损耗模型-仅正功率,LGXRFD,FAN_SEG,风机总功率分段模型,FAN_eff,FAN_eff,10.0,10.0,287
384.0,386.0,384.859,8.253899999999987,3549,1,2.0,20,high,high_lookup,0.4788598821994444,3549,0.22930678678006577,step1-插值损耗模型-仅正功率,LGXRFD,FAN_SEG,风机总功率分段模型,FAN_eff,FAN_eff,10.0,10.0,288
386.0,388.0,387.0565,8.137889999999999,3176,1,2.0,20,high,high_lookup,0.44396144272848986,3176,0.1971017626295622,step1-插值损耗模型-仅正功率,LGXRFD,FAN_SEG,风机总功率分段模型,FAN_eff,FAN_eff,10.0,10.0,289
388.0,390.0,388.671,8.278039999999976,2205,1,2.0,20,high,high_lookup,0.4665801780138895,2205,0.21769706251547283,step1-插值损耗模型-仅正功率,LGXRFD,FAN_SEG,风机总功率分段模型,FAN_eff,FAN_eff,10.0,10.0,290
390.0,392.0,391.301,8.249199999999973,2769,1,2.0,20,high,high_lookup,0.42934117859087345,2769,0.18433384763380029,step1-插值损耗模型-仅正功率,LGXRFD,FAN_SEG,风机总功率分段模型,FAN_eff,FAN_eff,10.0,10.0,291
392.0,394.0,393.116,8.356470000000002,2885,1,2.0,20,high,high_lookup,0.3749299488250058,2885,0.14057246652592148,step1-插值损耗模型-仅正功率,LGXRFD,FAN_SEG,风机总功率分段模型,FAN_eff,FAN_eff,10.0,10.0,292
394.0,396.0,395.40049999999997,8.368420000000015,3676,1,2.0,20,high,high_lookup,0.3250847037588472,3676,0.10568006461797744,step1-插值损耗模型-仅正功率,LGXRFD,FAN_SEG,风机总功率分段模型,FAN_eff,FAN_eff,10.0,10.0,293
396.0,398.0,396.56,8.428699999999992,1221,1,2.0,20,high,high_lookup,0.3166434205303359,1221,0.10026305576515114,step1-插值损耗模型-仅正功率,LGXRFD,FAN_SEG,风机总功率分段模型,FAN_eff,FAN_eff,10.0,10.0,294
398.0,400.0,399.418,8.493865,1836,1,2.0,20,high,high_lookup,0.2816916930131171,1836,0.0793502099125962,step1-插值损耗模型-仅正功率,LGXRFD,FAN_SEG,风机总功率分段模型,FAN_eff,FAN_eff,10.0,10.0,295
400.0,402.0,400.378,8.68864000000002,109,1,2.0,20,high,high_lookup,0.441567955458004,109,0.1949822592873618,step1-插值损耗模型-仅正功率,LGXRFD,FAN_SEG,风机总功率分段模型,FAN_eff,FAN_eff,10.0,10.0,296
402.0,406.0,402.565,8.614640000000009,189,2,2.0,20,high,high_lookup,0.31864506921516184,189,0.10153468013513528,step1-插值损耗模型-仅正功率,LGXRFD,FAN_SEG,风机总功率分段模型,FAN_eff,FAN_eff,10.0,10.0,297
