开始时间,结束时间,持续分钟数,硬异常来源,硬异常来源说明
2023-09-25 21:36:00,2023-09-25 21:50:00,15,风机联合连续重复,风机联合连续重复；用于计算重复风机功率扣减量，是否并入最终异常由参数控制
2023-09-28 09:15:00,2023-09-28 09:19:00,5,风机联合连续重复,风机联合连续重复；用于计算重复风机功率扣减量，是否并入最终异常由参数控制
2023-09-28 09:15:00,2023-09-28 09:19:00,5,风机联合连续重复,风机联合连续重复；用于计算重复风机功率扣减量，是否并入最终异常由参数控制
2023-09-28 09:15:00,2023-09-28 09:19:00,5,风机联合连续重复,风机联合连续重复；用于计算重复风机功率扣减量，是否并入最终异常由参数控制
2023-09-28 09:15:00,2023-09-28 09:19:00,5,风机联合连续重复,风机联合连续重复；用于计算重复风机功率扣减量，是否并入最终异常由参数控制
2023-09-28 09:15:00,2023-09-28 09:19:00,5,风机联合连续重复,风机联合连续重复；用于计算重复风机功率扣减量，是否并入最终异常由参数控制
2023-09-28 09:15:00,2023-09-28 09:19:00,5,风机联合连续重复,风机联合连续重复；用于计算重复风机功率扣减量，是否并入最终异常由参数控制
2023-09-28 09:15:00,2023-09-28 09:19:00,5,风机联合连续重复,风机联合连续重复；用于计算重复风机功率扣减量，是否并入最终异常由参数控制
2023-09-28 09:15:00,2023-09-28 09:19:00,5,风机联合连续重复,风机联合连续重复；用于计算重复风机功率扣减量，是否并入最终异常由参数控制
2023-09-28 09:15:00,2023-09-28 09:19:00,5,风机联合连续重复,风机联合连续重复；用于计算重复风机功率扣减量，是否并入最终异常由参数控制
2023-09-28 09:15:00,2023-09-28 09:19:00,5,风机联合连续重复,风机联合连续重复；用于计算重复风机功率扣减量，是否并入最终异常由参数控制
2023-09-28 09:15:00,2023-09-28 09:19:00,5,风机联合连续重复,风机联合连续重复；用于计算重复风机功率扣减量，是否并入最终异常由参数控制
2023-09-28 09:15:00,2023-09-28 09:19:00,5,风机联合连续重复,风机联合连续重复；用于计算重复风机功率扣减量，是否并入最终异常由参数控制
2023-09-28 09:15:00,2023-09-28 09:19:00,5,风机联合连续重复,风机联合连续重复；用于计算重复风机功率扣减量，是否并入最终异常由参数控制
2023-09-28 09:15:00,2023-09-28 09:19:00,5,风机联合连续重复,风机联合连续重复；用于计算重复风机功率扣减量，是否并入最终异常由参数控制
2023-09-28 09:15:00,2023-09-28 09:19:00,5,风机联合连续重复,风机联合连续重复；用于计算重复风机功率扣减量，是否并入最终异常由参数控制
2023-09-28 09:15:00,2023-09-28 09:19:00,5,风机联合连续重复,风机联合连续重复；用于计算重复风机功率扣减量，是否并入最终异常由参数控制
2023-09-28 09:15:00,2023-09-28 09:19:00,5,风机联合连续重复,风机联合连续重复；用于计算重复风机功率扣减量，是否并入最终异常由参数控制
2023-09-28 09:15:00,2023-09-28 09:19:00,5,风机联合连续重复,风机联合连续重复；用于计算重复风机功率扣减量，是否并入最终异常由参数控制
2023-09-28 09:15:00,2023-09-28 09:19:00,5,风机联合连续重复,风机联合连续重复；用于计算重复风机功率扣减量，是否并入最终异常由参数控制
2023-09-28 09:15:00,2023-09-28 09:19:00,5,风机联合连续重复,风机联合连续重复；用于计算重复风机功率扣减量，是否并入最终异常由参数控制
2023-09-28 09:15:00,2023-09-28 09:19:00,5,风机联合连续重复,风机联合连续重复；用于计算重复风机功率扣减量，是否并入最终异常由参数控制
2023-09-28 09:15:00,2023-09-28 09:19:00,5,风机联合连续重复,风机联合连续重复；用于计算重复风机功率扣减量，是否并入最终异常由参数控制
2023-09-28 09:15:00,2023-09-28 09:19:00,5,风机联合连续重复,风机联合连续重复；用于计算重复风机功率扣减量，是否并入最终异常由参数控制
2023-09-28 09:15:00,2023-09-28 09:19:00,5,风机联合连续重复,风机联合连续重复；用于计算重复风机功率扣减量，是否并入最终异常由参数控制
2023-09-28 09:15:00,2023-09-28 09:19:00,5,风机联合连续重复,风机联合连续重复；用于计算重复风机功率扣减量，是否并入最终异常由参数控制
2023-09-28 09:15:00,2023-09-28 09:19:00,5,风机联合连续重复,风机联合连续重复；用于计算重复风机功率扣减量，是否并入最终异常由参数控制
2023-09-28 09:15:00,2023-09-28 09:19:00,5,风机联合连续重复,风机联合连续重复；用于计算重复风机功率扣减量，是否并入最终异常由参数控制
2023-09-28 09:15:00,2023-09-28 09:19:00,5,风机联合连续重复,风机联合连续重复；用于计算重复风机功率扣减量，是否并入最终异常由参数控制
2023-09-28 09:15:00,2023-09-28 09:19:00,5,风机联合连续重复,风机联合连续重复；用于计算重复风机功率扣减量，是否并入最终异常由参数控制
2023-09-28 09:15:00,2023-09-28 09:19:00,5,风机联合连续重复,风机联合连续重复；用于计算重复风机功率扣减量，是否并入最终异常由参数控制
2023-09-28 09:15:00,2023-09-28 09:19:00,5,风机联合连续重复,风机联合连续重复；用于计算重复风机功率扣减量，是否并入最终异常由参数控制
2023-09-28 09:15:00,2023-09-28 09:19:00,5,风机联合连续重复,风机联合连续重复；用于计算重复风机功率扣减量，是否并入最终异常由参数控制
2023-09-28 09:15:00,2023-09-28 09:19:00,5,风机联合连续重复,风机联合连续重复；用于计算重复风机功率扣减量，是否并入最终异常由参数控制
2023-09-28 09:15:00,2023-09-28 09:19:00,5,风机联合连续重复,风机联合连续重复；用于计算重复风机功率扣减量，是否并入最终异常由参数控制
2023-09-28 09:15:00,2023-09-28 09:19:00,5,风机联合连续重复,风机联合连续重复；用于计算重复风机功率扣减量，是否并入最终异常由参数控制
2023-09-28 09:15:00,2023-09-28 09:19:00,5,风机联合连续重复,风机联合连续重复；用于计算重复风机功率扣减量，是否并入最终异常由参数控制
2023-09-28 09:15:00,2023-09-28 09:19:00,5,风机联合连续重复,风机联合连续重复；用于计算重复风机功率扣减量，是否并入最终异常由参数控制
2023-09-28 09:15:00,2023-09-28 09:19:00,5,风机联合连续重复,风机联合连续重复；用于计算重复风机功率扣减量，是否并入最终异常由参数控制
2023-09-28 09:15:00,2023-09-28 09:19:00,5,风机联合连续重复,风机联合连续重复；用于计算重复风机功率扣减量，是否并入最终异常由参数控制
2023-09-28 09:15:00,2023-09-28 09:19:00,5,风机联合连续重复,风机联合连续重复；用于计算重复风机功率扣减量，是否并入最终异常由参数控制
2023-09-28 09:15:00,2023-09-28 09:19:00,5,风机联合连续重复,风机联合连续重复；用于计算重复风机功率扣减量，是否并入最终异常由参数控制
2023-09-28 09:15:00,2023-09-28 09:19:00,5,风机联合连续重复,风机联合连续重复；用于计算重复风机功率扣减量，是否并入最终异常由参数控制
2023-09-28 09:15:00,2023-09-28 09:19:00,5,风机联合连续重复,风机联合连续重复；用于计算重复风机功率扣减量，是否并入最终异常由参数控制
2023-09-28 09:15:00,2023-09-28 09:19:00,5,风机联合连续重复,风机联合连续重复；用于计算重复风机功率扣减量，是否并入最终异常由参数控制
2023-09-28 09:15:00,2023-09-28 09:19:00,5,风机联合连续重复,风机联合连续重复；用于计算重复风机功率扣减量，是否并入最终异常由参数控制
2023-09-28 09:15:00,2023-09-28 09:19:00,5,风机联合连续重复,风机联合连续重复；用于计算重复风机功率扣减量，是否并入最终异常由参数控制
2023-09-28 09:15:00,2023-09-28 09:19:00,5,风机联合连续重复,风机联合连续重复；用于计算重复风机功率扣减量，是否并入最终异常由参数控制
2023-09-28 09:15:00,2023-09-28 09:19:00,5,风机联合连续重复,风机联合连续重复；用于计算重复风机功率扣减量，是否并入最终异常由参数控制
2023-09-28 09:15:00,2023-09-28 09:19:00,5,风机联合连续重复,风机联合连续重复；用于计算重复风机功率扣减量，是否并入最终异常由参数控制
2023-09-28 09:15:00,2023-09-28 09:19:00,5,风机联合连续重复,风机联合连续重复；用于计算重复风机功率扣减量，是否并入最终异常由参数控制
2023-09-28 09:15:00,2023-09-28 09:19:00,5,风机联合连续重复,风机联合连续重复；用于计算重复风机功率扣减量，是否并入最终异常由参数控制
2023-09-28 09:15:00,2023-09-28 09:19:00,5,风机联合连续重复,风机联合连续重复；用于计算重复风机功率扣减量，是否并入最终异常由参数控制
2023-09-28 09:15:00,2023-09-28 09:19:00,5,风机联合连续重复,风机联合连续重复；用于计算重复风机功率扣减量，是否并入最终异常由参数控制
2023-09-28 09:15:00,2023-09-28 09:19:00,5,风机联合连续重复,风机联合连续重复；用于计算重复风机功率扣减量，是否并入最终异常由参数控制
2023-09-28 09:15:00,2023-09-28 09:19:00,5,风机联合连续重复,风机联合连续重复；用于计算重复风机功率扣减量，是否并入最终异常由参数控制
2023-09-28 09:15:00,2023-09-28 09:19:00,5,风机联合连续重复,风机联合连续重复；用于计算重复风机功率扣减量，是否并入最终异常由参数控制
2023-09-28 09:15:00,2023-09-28 09:19:00,5,风机联合连续重复,风机联合连续重复；用于计算重复风机功率扣减量，是否并入最终异常由参数控制
2023-09-28 09:15:00,2023-09-28 09:19:00,5,风机联合连续重复,风机联合连续重复；用于计算重复风机功率扣减量，是否并入最终异常由参数控制
2023-09-28 09:15:00,2023-09-28 09:19:00,5,站端功率连续重复,ACTIVE_POWER_STATION 重复值大于阈值且持续长度大于阈值
2023-09-28 09:23:00,2023-09-28 09:27:00,5,风机联合连续重复,风机联合连续重复；用于计算重复风机功率扣减量，是否并入最终异常由参数控制
2023-09-28 09:23:00,2023-09-28 09:27:00,5,风机联合连续重复,风机联合连续重复；用于计算重复风机功率扣减量，是否并入最终异常由参数控制
2023-09-28 09:23:00,2023-09-28 09:27:00,5,风机联合连续重复,风机联合连续重复；用于计算重复风机功率扣减量，是否并入最终异常由参数控制
2023-09-28 09:23:00,2023-09-28 09:27:00,5,风机联合连续重复,风机联合连续重复；用于计算重复风机功率扣减量，是否并入最终异常由参数控制
2023-09-28 09:23:00,2023-09-28 09:27:00,5,风机联合连续重复,风机联合连续重复；用于计算重复风机功率扣减量，是否并入最终异常由参数控制
2023-09-28 09:23:00,2023-09-28 09:27:00,5,风机联合连续重复,风机联合连续重复；用于计算重复风机功率扣减量，是否并入最终异常由参数控制
2023-09-28 09:23:00,2023-09-28 09:27:00,5,风机联合连续重复,风机联合连续重复；用于计算重复风机功率扣减量，是否并入最终异常由参数控制
2023-09-28 09:23:00,2023-09-28 09:27:00,5,风机联合连续重复,风机联合连续重复；用于计算重复风机功率扣减量，是否并入最终异常由参数控制
2023-09-28 09:23:00,2023-09-28 09:27:00,5,风机联合连续重复,风机联合连续重复；用于计算重复风机功率扣减量，是否并入最终异常由参数控制
2023-09-28 09:24:00,2023-09-28 09:27:00,4,风机联合连续重复,风机联合连续重复；用于计算重复风机功率扣减量，是否并入最终异常由参数控制
2023-09-28 09:24:00,2023-09-28 09:27:00,4,风机联合连续重复,风机联合连续重复；用于计算重复风机功率扣减量，是否并入最终异常由参数控制
2023-09-28 09:24:00,2023-09-28 09:27:00,4,风机联合连续重复,风机联合连续重复；用于计算重复风机功率扣减量，是否并入最终异常由参数控制
2023-09-28 09:24:00,2023-09-28 09:27:00,4,风机联合连续重复,风机联合连续重复；用于计算重复风机功率扣减量，是否并入最终异常由参数控制
2023-09-28 09:24:00,2023-09-28 09:27:00,4,风机联合连续重复,风机联合连续重复；用于计算重复风机功率扣减量，是否并入最终异常由参数控制
2023-09-28 09:24:00,2023-09-28 09:27:00,4,风机联合连续重复,风机联合连续重复；用于计算重复风机功率扣减量，是否并入最终异常由参数控制
2023-09-28 09:24:00,2023-09-28 09:27:00,4,风机联合连续重复,风机联合连续重复；用于计算重复风机功率扣减量，是否并入最终异常由参数控制
2023-09-28 09:24:00,2023-09-28 09:27:00,4,风机联合连续重复,风机联合连续重复；用于计算重复风机功率扣减量，是否并入最终异常由参数控制
2023-09-28 09:24:00,2023-09-28 09:27:00,4,风机联合连续重复,风机联合连续重复；用于计算重复风机功率扣减量，是否并入最终异常由参数控制
2023-09-28 09:24:00,2023-09-28 09:27:00,4,风机联合连续重复,风机联合连续重复；用于计算重复风机功率扣减量，是否并入最终异常由参数控制
2023-09-28 09:24:00,2023-09-28 09:27:00,4,风机联合连续重复,风机联合连续重复；用于计算重复风机功率扣减量，是否并入最终异常由参数控制
2023-09-28 09:24:00,2023-09-28 09:27:00,4,风机联合连续重复,风机联合连续重复；用于计算重复风机功率扣减量，是否并入最终异常由参数控制
2023-09-28 09:24:00,2023-09-28 09:27:00,4,风机联合连续重复,风机联合连续重复；用于计算重复风机功率扣减量，是否并入最终异常由参数控制
2023-09-28 09:24:00,2023-09-28 09:27:00,4,风机联合连续重复,风机联合连续重复；用于计算重复风机功率扣减量，是否并入最终异常由参数控制
2023-09-28 09:24:00,2023-09-28 09:27:00,4,风机联合连续重复,风机联合连续重复；用于计算重复风机功率扣减量，是否并入最终异常由参数控制
2023-09-28 09:24:00,2023-09-28 09:27:00,4,风机联合连续重复,风机联合连续重复；用于计算重复风机功率扣减量，是否并入最终异常由参数控制
2023-09-28 09:24:00,2023-09-28 09:27:00,4,风机联合连续重复,风机联合连续重复；用于计算重复风机功率扣减量，是否并入最终异常由参数控制
2023-09-28 09:24:00,2023-09-28 09:27:00,4,风机联合连续重复,风机联合连续重复；用于计算重复风机功率扣减量，是否并入最终异常由参数控制
2023-09-28 09:24:00,2023-09-28 09:27:00,4,风机联合连续重复,风机联合连续重复；用于计算重复风机功率扣减量，是否并入最终异常由参数控制
2023-09-28 09:24:00,2023-09-28 09:27:00,4,风机联合连续重复,风机联合连续重复；用于计算重复风机功率扣减量，是否并入最终异常由参数控制
2023-09-28 09:24:00,2023-09-28 09:27:00,4,风机联合连续重复,风机联合连续重复；用于计算重复风机功率扣减量，是否并入最终异常由参数控制
2023-09-28 09:24:00,2023-09-28 09:27:00,4,风机联合连续重复,风机联合连续重复；用于计算重复风机功率扣减量，是否并入最终异常由参数控制
2023-09-28 09:24:00,2023-09-28 09:27:00,4,风机联合连续重复,风机联合连续重复；用于计算重复风机功率扣减量，是否并入最终异常由参数控制
2023-09-28 09:24:00,2023-09-28 09:27:00,4,风机联合连续重复,风机联合连续重复；用于计算重复风机功率扣减量，是否并入最终异常由参数控制
2023-09-28 09:24:00,2023-09-28 09:27:00,4,风机联合连续重复,风机联合连续重复；用于计算重复风机功率扣减量，是否并入最终异常由参数控制
2023-09-28 09:24:00,2023-09-28 09:27:00,4,风机联合连续重复,风机联合连续重复；用于计算重复风机功率扣减量，是否并入最终异常由参数控制
2023-09-28 09:24:00,2023-09-28 09:27:00,4,风机联合连续重复,风机联合连续重复；用于计算重复风机功率扣减量，是否并入最终异常由参数控制
2023-09-28 09:24:00,2023-09-28 09:27:00,4,风机联合连续重复,风机联合连续重复；用于计算重复风机功率扣减量，是否并入最终异常由参数控制
2023-09-28 09:24:00,2023-09-28 09:27:00,4,风机联合连续重复,风机联合连续重复；用于计算重复风机功率扣减量，是否并入最终异常由参数控制
2023-09-28 09:24:00,2023-09-28 09:27:00,4,风机联合连续重复,风机联合连续重复；用于计算重复风机功率扣减量，是否并入最终异常由参数控制
2023-09-28 09:24:00,2023-09-28 09:27:00,4,风机联合连续重复,风机联合连续重复；用于计算重复风机功率扣减量，是否并入最终异常由参数控制
2023-09-28 09:24:00,2023-09-28 09:27:00,4,风机联合连续重复,风机联合连续重复；用于计算重复风机功率扣减量，是否并入最终异常由参数控制
2023-09-28 09:24:00,2023-09-28 09:27:00,4,风机联合连续重复,风机联合连续重复；用于计算重复风机功率扣减量，是否并入最终异常由参数控制
2023-09-28 09:24:00,2023-09-28 09:27:00,4,风机联合连续重复,风机联合连续重复；用于计算重复风机功率扣减量，是否并入最终异常由参数控制
2023-09-28 09:24:00,2023-09-28 09:27:00,4,风机联合连续重复,风机联合连续重复；用于计算重复风机功率扣减量，是否并入最终异常由参数控制
2023-09-28 09:24:00,2023-09-28 09:27:00,4,风机联合连续重复,风机联合连续重复；用于计算重复风机功率扣减量，是否并入最终异常由参数控制
2023-09-28 09:24:00,2023-09-28 09:27:00,4,风机联合连续重复,风机联合连续重复；用于计算重复风机功率扣减量，是否并入最终异常由参数控制
2023-09-28 09:24:00,2023-09-28 09:27:00,4,风机联合连续重复,风机联合连续重复；用于计算重复风机功率扣减量，是否并入最终异常由参数控制
2023-09-28 09:24:00,2023-09-28 09:27:00,4,风机联合连续重复,风机联合连续重复；用于计算重复风机功率扣减量，是否并入最终异常由参数控制
2023-09-28 09:24:00,2023-09-28 09:27:00,4,风机联合连续重复,风机联合连续重复；用于计算重复风机功率扣减量，是否并入最终异常由参数控制
2023-09-28 09:24:00,2023-09-28 09:27:00,4,风机联合连续重复,风机联合连续重复；用于计算重复风机功率扣减量，是否并入最终异常由参数控制
2023-09-28 09:24:00,2023-09-28 09:27:00,4,风机联合连续重复,风机联合连续重复；用于计算重复风机功率扣减量，是否并入最终异常由参数控制
2023-09-28 09:24:00,2023-09-28 09:27:00,4,风机联合连续重复,风机联合连续重复；用于计算重复风机功率扣减量，是否并入最终异常由参数控制
2023-09-28 09:24:00,2023-09-28 09:27:00,4,风机联合连续重复,风机联合连续重复；用于计算重复风机功率扣减量，是否并入最终异常由参数控制
2023-09-28 09:24:00,2023-09-28 09:27:00,4,风机联合连续重复,风机联合连续重复；用于计算重复风机功率扣减量，是否并入最终异常由参数控制
2023-09-28 09:24:00,2023-09-28 09:27:00,4,风机联合连续重复,风机联合连续重复；用于计算重复风机功率扣减量，是否并入最终异常由参数控制
2023-09-28 09:24:00,2023-09-28 09:27:00,4,风机联合连续重复,风机联合连续重复；用于计算重复风机功率扣减量，是否并入最终异常由参数控制
2023-09-28 09:24:00,2023-09-28 09:27:00,4,风机联合连续重复,风机联合连续重复；用于计算重复风机功率扣减量，是否并入最终异常由参数控制
2023-09-28 09:24:00,2023-09-28 09:27:00,4,站端功率连续重复,ACTIVE_POWER_STATION 重复值大于阈值且持续长度大于阈值
2023-09-28 09:34:00,2023-09-28 09:37:00,4,风机联合连续重复,风机联合连续重复；用于计算重复风机功率扣减量，是否并入最终异常由参数控制
2023-09-28 09:34:00,2023-09-28 09:37:00,4,风机联合连续重复,风机联合连续重复；用于计算重复风机功率扣减量，是否并入最终异常由参数控制
2023-09-28 09:34:00,2023-09-28 09:37:00,4,风机联合连续重复,风机联合连续重复；用于计算重复风机功率扣减量，是否并入最终异常由参数控制
2023-09-28 09:34:00,2023-09-28 09:37:00,4,风机联合连续重复,风机联合连续重复；用于计算重复风机功率扣减量，是否并入最终异常由参数控制
2023-09-28 09:34:00,2023-09-28 09:37:00,4,风机联合连续重复,风机联合连续重复；用于计算重复风机功率扣减量，是否并入最终异常由参数控制
2023-09-28 09:34:00,2023-09-28 09:37:00,4,风机联合连续重复,风机联合连续重复；用于计算重复风机功率扣减量，是否并入最终异常由参数控制
2023-09-28 09:34:00,2023-09-28 09:37:00,4,风机联合连续重复,风机联合连续重复；用于计算重复风机功率扣减量，是否并入最终异常由参数控制
2023-09-28 09:34:00,2023-09-28 09:37:00,4,风机联合连续重复,风机联合连续重复；用于计算重复风机功率扣减量，是否并入最终异常由参数控制
2023-09-28 09:34:00,2023-09-28 09:37:00,4,风机联合连续重复,风机联合连续重复；用于计算重复风机功率扣减量，是否并入最终异常由参数控制
2023-09-28 09:34:00,2023-09-28 09:37:00,4,风机联合连续重复,风机联合连续重复；用于计算重复风机功率扣减量，是否并入最终异常由参数控制
2023-09-28 09:34:00,2023-09-28 09:37:00,4,风机联合连续重复,风机联合连续重复；用于计算重复风机功率扣减量，是否并入最终异常由参数控制
2023-09-28 09:34:00,2023-09-28 09:37:00,4,风机联合连续重复,风机联合连续重复；用于计算重复风机功率扣减量，是否并入最终异常由参数控制
2023-09-28 09:34:00,2023-09-28 09:37:00,4,风机联合连续重复,风机联合连续重复；用于计算重复风机功率扣减量，是否并入最终异常由参数控制
2023-09-28 09:34:00,2023-09-28 09:37:00,4,风机联合连续重复,风机联合连续重复；用于计算重复风机功率扣减量，是否并入最终异常由参数控制
2023-09-28 09:34:00,2023-09-28 09:37:00,4,风机联合连续重复,风机联合连续重复；用于计算重复风机功率扣减量，是否并入最终异常由参数控制
2023-09-28 09:34:00,2023-09-28 09:37:00,4,风机联合连续重复,风机联合连续重复；用于计算重复风机功率扣减量，是否并入最终异常由参数控制
2023-09-28 09:34:00,2023-09-28 09:37:00,4,风机联合连续重复,风机联合连续重复；用于计算重复风机功率扣减量，是否并入最终异常由参数控制
2023-09-28 09:34:00,2023-09-28 09:37:00,4,风机联合连续重复,风机联合连续重复；用于计算重复风机功率扣减量，是否并入最终异常由参数控制
2023-09-28 09:34:00,2023-09-28 09:37:00,4,风机联合连续重复,风机联合连续重复；用于计算重复风机功率扣减量，是否并入最终异常由参数控制
2023-09-28 09:34:00,2023-09-28 09:37:00,4,风机联合连续重复,风机联合连续重复；用于计算重复风机功率扣减量，是否并入最终异常由参数控制
2023-09-28 09:34:00,2023-09-28 09:37:00,4,风机联合连续重复,风机联合连续重复；用于计算重复风机功率扣减量，是否并入最终异常由参数控制
2023-09-28 09:34:00,2023-09-28 09:37:00,4,风机联合连续重复,风机联合连续重复；用于计算重复风机功率扣减量，是否并入最终异常由参数控制
2023-09-28 09:34:00,2023-09-28 09:37:00,4,风机联合连续重复,风机联合连续重复；用于计算重复风机功率扣减量，是否并入最终异常由参数控制
2023-09-28 09:34:00,2023-09-28 09:37:00,4,风机联合连续重复,风机联合连续重复；用于计算重复风机功率扣减量，是否并入最终异常由参数控制
2023-09-28 09:34:00,2023-09-28 09:37:00,4,风机联合连续重复,风机联合连续重复；用于计算重复风机功率扣减量，是否并入最终异常由参数控制
2023-09-28 09:34:00,2023-09-28 09:37:00,4,风机联合连续重复,风机联合连续重复；用于计算重复风机功率扣减量，是否并入最终异常由参数控制
2023-09-28 09:34:00,2023-09-28 09:37:00,4,风机联合连续重复,风机联合连续重复；用于计算重复风机功率扣减量，是否并入最终异常由参数控制
2023-09-28 09:34:00,2023-09-28 09:37:00,4,风机联合连续重复,风机联合连续重复；用于计算重复风机功率扣减量，是否并入最终异常由参数控制
2023-09-28 09:34:00,2023-09-28 09:37:00,4,风机联合连续重复,风机联合连续重复；用于计算重复风机功率扣减量，是否并入最终异常由参数控制
2023-09-28 09:34:00,2023-09-28 09:37:00,4,风机联合连续重复,风机联合连续重复；用于计算重复风机功率扣减量，是否并入最终异常由参数控制
2023-09-28 09:34:00,2023-09-28 09:37:00,4,风机联合连续重复,风机联合连续重复；用于计算重复风机功率扣减量，是否并入最终异常由参数控制
2023-09-28 09:34:00,2023-09-28 09:37:00,4,风机联合连续重复,风机联合连续重复；用于计算重复风机功率扣减量，是否并入最终异常由参数控制
2023-09-28 09:34:00,2023-09-28 09:37:00,4,风机联合连续重复,风机联合连续重复；用于计算重复风机功率扣减量，是否并入最终异常由参数控制
2023-09-28 09:34:00,2023-09-28 09:37:00,4,风机联合连续重复,风机联合连续重复；用于计算重复风机功率扣减量，是否并入最终异常由参数控制
2023-09-28 09:34:00,2023-09-28 09:37:00,4,风机联合连续重复,风机联合连续重复；用于计算重复风机功率扣减量，是否并入最终异常由参数控制
2023-09-28 09:34:00,2023-09-28 09:37:00,4,风机联合连续重复,风机联合连续重复；用于计算重复风机功率扣减量，是否并入最终异常由参数控制
2023-09-28 09:34:00,2023-09-28 09:37:00,4,风机联合连续重复,风机联合连续重复；用于计算重复风机功率扣减量，是否并入最终异常由参数控制
2023-09-28 09:34:00,2023-09-28 09:37:00,4,风机联合连续重复,风机联合连续重复；用于计算重复风机功率扣减量，是否并入最终异常由参数控制
2023-09-28 09:34:00,2023-09-28 09:37:00,4,风机联合连续重复,风机联合连续重复；用于计算重复风机功率扣减量，是否并入最终异常由参数控制
2023-09-28 09:34:00,2023-09-28 09:37:00,4,风机联合连续重复,风机联合连续重复；用于计算重复风机功率扣减量，是否并入最终异常由参数控制
2023-09-28 09:34:00,2023-09-28 09:37:00,4,风机联合连续重复,风机联合连续重复；用于计算重复风机功率扣减量，是否并入最终异常由参数控制
2023-09-28 09:34:00,2023-09-28 09:37:00,4,风机联合连续重复,风机联合连续重复；用于计算重复风机功率扣减量，是否并入最终异常由参数控制
2023-09-28 09:34:00,2023-09-28 09:37:00,4,风机联合连续重复,风机联合连续重复；用于计算重复风机功率扣减量，是否并入最终异常由参数控制
2023-09-28 09:34:00,2023-09-28 09:37:00,4,风机联合连续重复,风机联合连续重复；用于计算重复风机功率扣减量，是否并入最终异常由参数控制
2023-09-28 09:34:00,2023-09-28 09:37:00,4,风机联合连续重复,风机联合连续重复；用于计算重复风机功率扣减量，是否并入最终异常由参数控制
2023-09-28 09:34:00,2023-09-28 09:37:00,4,风机联合连续重复,风机联合连续重复；用于计算重复风机功率扣减量，是否并入最终异常由参数控制
2023-09-28 09:34:00,2023-09-28 09:37:00,4,风机联合连续重复,风机联合连续重复；用于计算重复风机功率扣减量，是否并入最终异常由参数控制
2023-09-28 09:34:00,2023-09-28 09:37:00,4,风机联合连续重复,风机联合连续重复；用于计算重复风机功率扣减量，是否并入最终异常由参数控制
2023-09-28 09:34:00,2023-09-28 09:37:00,4,风机联合连续重复,风机联合连续重复；用于计算重复风机功率扣减量，是否并入最终异常由参数控制
2023-09-28 09:34:00,2023-09-28 09:37:00,4,站端功率连续重复,ACTIVE_POWER_STATION 重复值大于阈值且持续长度大于阈值
2023-10-14 14:16:00,2023-10-14 19:30:00,315,风机联合连续重复,风机联合连续重复；用于计算重复风机功率扣减量，是否并入最终异常由参数控制
2023-10-15 09:28:00,2023-10-15 15:43:00,376,风机联合连续重复,风机联合连续重复；用于计算重复风机功率扣减量，是否并入最终异常由参数控制
2023-10-21 12:00:00,2023-10-21 12:03:00,4,风机联合连续重复,风机联合连续重复；用于计算重复风机功率扣减量，是否并入最终异常由参数控制
2023-10-21 12:00:00,2023-10-21 12:03:00,4,风机联合连续重复,风机联合连续重复；用于计算重复风机功率扣减量，是否并入最终异常由参数控制
2023-10-21 12:00:00,2023-10-21 12:03:00,4,风机联合连续重复,风机联合连续重复；用于计算重复风机功率扣减量，是否并入最终异常由参数控制
2023-10-21 12:00:00,2023-10-21 12:03:00,4,风机联合连续重复,风机联合连续重复；用于计算重复风机功率扣减量，是否并入最终异常由参数控制
2023-10-21 12:00:00,2023-10-21 12:03:00,4,风机联合连续重复,风机联合连续重复；用于计算重复风机功率扣减量，是否并入最终异常由参数控制
2023-10-21 12:00:00,2023-10-21 12:03:00,4,风机联合连续重复,风机联合连续重复；用于计算重复风机功率扣减量，是否并入最终异常由参数控制
2023-10-21 12:00:00,2023-10-21 12:03:00,4,风机联合连续重复,风机联合连续重复；用于计算重复风机功率扣减量，是否并入最终异常由参数控制
2023-10-21 12:00:00,2023-10-21 12:03:00,4,风机联合连续重复,风机联合连续重复；用于计算重复风机功率扣减量，是否并入最终异常由参数控制
2023-10-21 12:00:00,2023-10-21 12:03:00,4,风机联合连续重复,风机联合连续重复；用于计算重复风机功率扣减量，是否并入最终异常由参数控制
2023-10-21 12:00:00,2023-10-21 12:03:00,4,风机联合连续重复,风机联合连续重复；用于计算重复风机功率扣减量，是否并入最终异常由参数控制
2023-10-21 12:00:00,2023-10-21 12:03:00,4,风机联合连续重复,风机联合连续重复；用于计算重复风机功率扣减量，是否并入最终异常由参数控制
2023-10-21 12:00:00,2023-10-21 12:03:00,4,风机联合连续重复,风机联合连续重复；用于计算重复风机功率扣减量，是否并入最终异常由参数控制
2023-10-21 12:00:00,2023-10-21 12:03:00,4,风机联合连续重复,风机联合连续重复；用于计算重复风机功率扣减量，是否并入最终异常由参数控制
2023-10-21 12:00:00,2023-10-21 12:03:00,4,风机联合连续重复,风机联合连续重复；用于计算重复风机功率扣减量，是否并入最终异常由参数控制
2023-10-21 12:00:00,2023-10-21 12:03:00,4,风机联合连续重复,风机联合连续重复；用于计算重复风机功率扣减量，是否并入最终异常由参数控制
2023-10-21 12:00:00,2023-10-21 12:03:00,4,风机联合连续重复,风机联合连续重复；用于计算重复风机功率扣减量，是否并入最终异常由参数控制
2023-10-21 12:00:00,2023-10-21 12:03:00,4,风机联合连续重复,风机联合连续重复；用于计算重复风机功率扣减量，是否并入最终异常由参数控制
2023-10-21 12:00:00,2023-10-21 12:03:00,4,风机联合连续重复,风机联合连续重复；用于计算重复风机功率扣减量，是否并入最终异常由参数控制
2023-10-21 12:00:00,2023-10-21 12:03:00,4,风机联合连续重复,风机联合连续重复；用于计算重复风机功率扣减量，是否并入最终异常由参数控制
2023-10-21 12:00:00,2023-10-21 12:03:00,4,风机联合连续重复,风机联合连续重复；用于计算重复风机功率扣减量，是否并入最终异常由参数控制
2023-10-21 12:00:00,2023-10-21 12:03:00,4,风机联合连续重复,风机联合连续重复；用于计算重复风机功率扣减量，是否并入最终异常由参数控制
2023-10-21 12:00:00,2023-10-21 12:03:00,4,风机联合连续重复,风机联合连续重复；用于计算重复风机功率扣减量，是否并入最终异常由参数控制
2023-10-21 12:00:00,2023-10-21 12:03:00,4,风机联合连续重复,风机联合连续重复；用于计算重复风机功率扣减量，是否并入最终异常由参数控制
2023-10-21 12:00:00,2023-10-21 12:03:00,4,风机联合连续重复,风机联合连续重复；用于计算重复风机功率扣减量，是否并入最终异常由参数控制
2023-10-21 12:00:00,2023-10-21 12:03:00,4,风机联合连续重复,风机联合连续重复；用于计算重复风机功率扣减量，是否并入最终异常由参数控制
2023-10-21 12:00:00,2023-10-21 12:03:00,4,风机联合连续重复,风机联合连续重复；用于计算重复风机功率扣减量，是否并入最终异常由参数控制
2023-10-21 12:00:00,2023-10-21 12:03:00,4,风机联合连续重复,风机联合连续重复；用于计算重复风机功率扣减量，是否并入最终异常由参数控制
2023-10-21 12:00:00,2023-10-21 12:03:00,4,风机联合连续重复,风机联合连续重复；用于计算重复风机功率扣减量，是否并入最终异常由参数控制
2023-10-21 12:00:00,2023-10-21 12:03:00,4,风机联合连续重复,风机联合连续重复；用于计算重复风机功率扣减量，是否并入最终异常由参数控制
2023-10-21 12:00:00,2023-10-21 12:03:00,4,风机联合连续重复,风机联合连续重复；用于计算重复风机功率扣减量，是否并入最终异常由参数控制
2023-10-21 12:00:00,2023-10-21 12:03:00,4,风机联合连续重复,风机联合连续重复；用于计算重复风机功率扣减量，是否并入最终异常由参数控制
2023-10-21 12:00:00,2023-10-21 12:03:00,4,风机联合连续重复,风机联合连续重复；用于计算重复风机功率扣减量，是否并入最终异常由参数控制
2023-10-21 12:00:00,2023-10-21 12:03:00,4,风机联合连续重复,风机联合连续重复；用于计算重复风机功率扣减量，是否并入最终异常由参数控制
2023-10-21 12:00:00,2023-10-21 12:03:00,4,风机联合连续重复,风机联合连续重复；用于计算重复风机功率扣减量，是否并入最终异常由参数控制
2023-10-21 12:00:00,2023-10-21 12:03:00,4,风机联合连续重复,风机联合连续重复；用于计算重复风机功率扣减量，是否并入最终异常由参数控制
2023-10-21 12:00:00,2023-10-21 12:03:00,4,风机联合连续重复,风机联合连续重复；用于计算重复风机功率扣减量，是否并入最终异常由参数控制
2023-10-21 12:00:00,2023-10-21 12:03:00,4,风机联合连续重复,风机联合连续重复；用于计算重复风机功率扣减量，是否并入最终异常由参数控制
2023-10-21 14:35:00,2023-10-21 14:38:00,4,风机联合连续重复,风机联合连续重复；用于计算重复风机功率扣减量，是否并入最终异常由参数控制
2023-10-21 14:35:00,2023-10-21 14:38:00,4,风机联合连续重复,风机联合连续重复；用于计算重复风机功率扣减量，是否并入最终异常由参数控制
2023-10-21 14:35:00,2023-10-21 14:38:00,4,风机联合连续重复,风机联合连续重复；用于计算重复风机功率扣减量，是否并入最终异常由参数控制
2023-10-21 14:35:00,2023-10-21 14:38:00,4,风机联合连续重复,风机联合连续重复；用于计算重复风机功率扣减量，是否并入最终异常由参数控制
2023-10-21 14:35:00,2023-10-21 14:38:00,4,风机联合连续重复,风机联合连续重复；用于计算重复风机功率扣减量，是否并入最终异常由参数控制
2023-10-21 14:35:00,2023-10-21 14:38:00,4,风机联合连续重复,风机联合连续重复；用于计算重复风机功率扣减量，是否并入最终异常由参数控制
2023-10-21 14:35:00,2023-10-21 14:38:00,4,风机联合连续重复,风机联合连续重复；用于计算重复风机功率扣减量，是否并入最终异常由参数控制
2023-10-21 14:35:00,2023-10-21 14:38:00,4,风机联合连续重复,风机联合连续重复；用于计算重复风机功率扣减量，是否并入最终异常由参数控制
2023-10-21 14:35:00,2023-10-21 14:38:00,4,风机联合连续重复,风机联合连续重复；用于计算重复风机功率扣减量，是否并入最终异常由参数控制
2023-10-21 14:35:00,2023-10-21 14:38:00,4,风机联合连续重复,风机联合连续重复；用于计算重复风机功率扣减量，是否并入最终异常由参数控制
2023-10-21 14:35:00,2023-10-21 14:38:00,4,风机联合连续重复,风机联合连续重复；用于计算重复风机功率扣减量，是否并入最终异常由参数控制
2023-10-21 14:35:00,2023-10-21 14:38:00,4,风机联合连续重复,风机联合连续重复；用于计算重复风机功率扣减量，是否并入最终异常由参数控制
2023-10-21 14:35:00,2023-10-21 14:38:00,4,风机联合连续重复,风机联合连续重复；用于计算重复风机功率扣减量，是否并入最终异常由参数控制
2023-10-21 14:35:00,2023-10-21 14:38:00,4,风机联合连续重复,风机联合连续重复；用于计算重复风机功率扣减量，是否并入最终异常由参数控制
2023-10-21 14:35:00,2023-10-21 14:38:00,4,风机联合连续重复,风机联合连续重复；用于计算重复风机功率扣减量，是否并入最终异常由参数控制
2023-10-21 14:35:00,2023-10-21 14:38:00,4,风机联合连续重复,风机联合连续重复；用于计算重复风机功率扣减量，是否并入最终异常由参数控制
2023-10-21 14:35:00,2023-10-21 14:38:00,4,风机联合连续重复,风机联合连续重复；用于计算重复风机功率扣减量，是否并入最终异常由参数控制
2023-10-21 14:35:00,2023-10-21 14:38:00,4,风机联合连续重复,风机联合连续重复；用于计算重复风机功率扣减量，是否并入最终异常由参数控制
2023-10-21 14:35:00,2023-10-21 14:38:00,4,风机联合连续重复,风机联合连续重复；用于计算重复风机功率扣减量，是否并入最终异常由参数控制
2023-10-21 14:35:00,2023-10-21 14:38:00,4,风机联合连续重复,风机联合连续重复；用于计算重复风机功率扣减量，是否并入最终异常由参数控制
2023-10-21 14:35:00,2023-10-21 14:38:00,4,风机联合连续重复,风机联合连续重复；用于计算重复风机功率扣减量，是否并入最终异常由参数控制
2023-10-21 14:35:00,2023-10-21 14:38:00,4,风机联合连续重复,风机联合连续重复；用于计算重复风机功率扣减量，是否并入最终异常由参数控制
2023-10-21 14:35:00,2023-10-21 14:38:00,4,风机联合连续重复,风机联合连续重复；用于计算重复风机功率扣减量，是否并入最终异常由参数控制
2023-10-21 14:35:00,2023-10-21 14:38:00,4,风机联合连续重复,风机联合连续重复；用于计算重复风机功率扣减量，是否并入最终异常由参数控制
2023-10-21 14:35:00,2023-10-21 14:38:00,4,风机联合连续重复,风机联合连续重复；用于计算重复风机功率扣减量，是否并入最终异常由参数控制
2023-10-21 14:35:00,2023-10-21 14:38:00,4,风机联合连续重复,风机联合连续重复；用于计算重复风机功率扣减量，是否并入最终异常由参数控制
2023-10-21 14:35:00,2023-10-21 14:38:00,4,风机联合连续重复,风机联合连续重复；用于计算重复风机功率扣减量，是否并入最终异常由参数控制
2023-10-21 14:35:00,2023-10-21 14:38:00,4,风机联合连续重复,风机联合连续重复；用于计算重复风机功率扣减量，是否并入最终异常由参数控制
2023-10-21 14:35:00,2023-10-21 14:38:00,4,风机联合连续重复,风机联合连续重复；用于计算重复风机功率扣减量，是否并入最终异常由参数控制
2023-10-21 14:35:00,2023-10-21 14:38:00,4,风机联合连续重复,风机联合连续重复；用于计算重复风机功率扣减量，是否并入最终异常由参数控制
2023-10-21 14:35:00,2023-10-21 14:38:00,4,风机联合连续重复,风机联合连续重复；用于计算重复风机功率扣减量，是否并入最终异常由参数控制
2023-10-21 14:35:00,2023-10-21 14:38:00,4,风机联合连续重复,风机联合连续重复；用于计算重复风机功率扣减量，是否并入最终异常由参数控制
2023-10-21 14:35:00,2023-10-21 14:38:00,4,风机联合连续重复,风机联合连续重复；用于计算重复风机功率扣减量，是否并入最终异常由参数控制
2023-10-21 14:35:00,2023-10-21 14:38:00,4,风机联合连续重复,风机联合连续重复；用于计算重复风机功率扣减量，是否并入最终异常由参数控制
2023-10-21 14:35:00,2023-10-21 14:38:00,4,站端功率连续重复,ACTIVE_POWER_STATION 重复值大于阈值且持续长度大于阈值
2023-10-23 17:58:00,2023-10-23 18:02:00,5,风机联合连续重复,风机联合连续重复；用于计算重复风机功率扣减量，是否并入最终异常由参数控制
2023-10-28 14:26:00,2023-10-28 17:40:00,195,风机联合连续重复,风机联合连续重复；用于计算重复风机功率扣减量，是否并入最终异常由参数控制
2023-10-28 16:00:00,2023-10-28 16:07:00,8,风机联合连续重复,风机联合连续重复；用于计算重复风机功率扣减量，是否并入最终异常由参数控制
2023-10-29 18:28:00,2023-10-29 18:32:00,5,风机联合连续重复,风机联合连续重复；用于计算重复风机功率扣减量，是否并入最终异常由参数控制
2023-11-02 14:21:00,2023-11-02 14:35:00,15,风机联合连续重复,风机联合连续重复；用于计算重复风机功率扣减量，是否并入最终异常由参数控制
2023-11-02 14:21:00,2023-11-02 14:35:00,15,风机联合连续重复,风机联合连续重复；用于计算重复风机功率扣减量，是否并入最终异常由参数控制
2023-11-02 14:21:00,2023-11-02 14:35:00,15,风机联合连续重复,风机联合连续重复；用于计算重复风机功率扣减量，是否并入最终异常由参数控制
2023-11-02 14:21:00,2023-11-02 14:35:00,15,风机联合连续重复,风机联合连续重复；用于计算重复风机功率扣减量，是否并入最终异常由参数控制
2023-11-02 14:21:00,2023-11-02 14:35:00,15,风机联合连续重复,风机联合连续重复；用于计算重复风机功率扣减量，是否并入最终异常由参数控制
2023-11-02 14:21:00,2023-11-02 14:35:00,15,风机联合连续重复,风机联合连续重复；用于计算重复风机功率扣减量，是否并入最终异常由参数控制
2023-11-02 14:21:00,2023-11-02 14:35:00,15,风机联合连续重复,风机联合连续重复；用于计算重复风机功率扣减量，是否并入最终异常由参数控制
2023-11-02 14:21:00,2023-11-02 14:35:00,15,风机联合连续重复,风机联合连续重复；用于计算重复风机功率扣减量，是否并入最终异常由参数控制
2023-11-02 14:21:00,2023-11-02 14:35:00,15,风机联合连续重复,风机联合连续重复；用于计算重复风机功率扣减量，是否并入最终异常由参数控制
2023-11-02 14:21:00,2023-11-02 14:35:00,15,风机联合连续重复,风机联合连续重复；用于计算重复风机功率扣减量，是否并入最终异常由参数控制
2023-11-02 14:21:00,2023-11-02 14:35:00,15,风机联合连续重复,风机联合连续重复；用于计算重复风机功率扣减量，是否并入最终异常由参数控制
2023-11-02 14:21:00,2023-11-02 14:35:00,15,风机联合连续重复,风机联合连续重复；用于计算重复风机功率扣减量，是否并入最终异常由参数控制
2023-11-02 14:21:00,2023-11-02 14:35:00,15,风机联合连续重复,风机联合连续重复；用于计算重复风机功率扣减量，是否并入最终异常由参数控制
2023-11-02 14:21:00,2023-11-02 14:35:00,15,风机联合连续重复,风机联合连续重复；用于计算重复风机功率扣减量，是否并入最终异常由参数控制
2023-11-02 14:21:00,2023-11-02 14:35:00,15,风机联合连续重复,风机联合连续重复；用于计算重复风机功率扣减量，是否并入最终异常由参数控制
2023-11-02 14:21:00,2023-11-02 14:35:00,15,风机联合连续重复,风机联合连续重复；用于计算重复风机功率扣减量，是否并入最终异常由参数控制
2023-11-02 14:21:00,2023-11-02 14:35:00,15,风机联合连续重复,风机联合连续重复；用于计算重复风机功率扣减量，是否并入最终异常由参数控制
2023-11-02 14:21:00,2023-11-02 14:35:00,15,风机联合连续重复,风机联合连续重复；用于计算重复风机功率扣减量，是否并入最终异常由参数控制
2023-11-02 14:21:00,2023-11-02 14:35:00,15,风机联合连续重复,风机联合连续重复；用于计算重复风机功率扣减量，是否并入最终异常由参数控制
2023-11-02 14:21:00,2023-11-02 14:35:00,15,风机联合连续重复,风机联合连续重复；用于计算重复风机功率扣减量，是否并入最终异常由参数控制
2023-11-02 14:21:00,2023-11-02 14:35:00,15,风机联合连续重复,风机联合连续重复；用于计算重复风机功率扣减量，是否并入最终异常由参数控制
2023-11-02 14:21:00,2023-11-02 14:35:00,15,风机联合连续重复,风机联合连续重复；用于计算重复风机功率扣减量，是否并入最终异常由参数控制
2023-11-02 14:21:00,2023-11-02 14:35:00,15,风机联合连续重复,风机联合连续重复；用于计算重复风机功率扣减量，是否并入最终异常由参数控制
2023-11-02 14:21:00,2023-11-02 14:35:00,15,风机联合连续重复,风机联合连续重复；用于计算重复风机功率扣减量，是否并入最终异常由参数控制
2023-11-02 14:21:00,2023-11-02 14:35:00,15,风机联合连续重复,风机联合连续重复；用于计算重复风机功率扣减量，是否并入最终异常由参数控制
2023-11-02 14:21:00,2023-11-02 14:35:00,15,风机联合连续重复,风机联合连续重复；用于计算重复风机功率扣减量，是否并入最终异常由参数控制
2023-11-02 14:21:00,2023-11-02 14:35:00,15,风机联合连续重复,风机联合连续重复；用于计算重复风机功率扣减量，是否并入最终异常由参数控制
2023-11-02 14:21:00,2023-11-02 14:35:00,15,风机联合连续重复,风机联合连续重复；用于计算重复风机功率扣减量，是否并入最终异常由参数控制
2023-11-02 14:21:00,2023-11-02 14:35:00,15,风机联合连续重复,风机联合连续重复；用于计算重复风机功率扣减量，是否并入最终异常由参数控制
2023-11-02 14:21:00,2023-11-02 14:36:00,16,风机联合连续重复,风机联合连续重复；用于计算重复风机功率扣减量，是否并入最终异常由参数控制
2023-11-02 14:21:00,2023-11-02 14:36:00,16,风机联合连续重复,风机联合连续重复；用于计算重复风机功率扣减量，是否并入最终异常由参数控制
2023-11-02 14:21:00,2023-11-02 14:36:00,16,风机联合连续重复,风机联合连续重复；用于计算重复风机功率扣减量，是否并入最终异常由参数控制
2023-11-02 14:21:00,2023-11-02 14:36:00,16,风机联合连续重复,风机联合连续重复；用于计算重复风机功率扣减量，是否并入最终异常由参数控制
2023-11-02 14:21:00,2023-11-02 14:36:00,16,风机联合连续重复,风机联合连续重复；用于计算重复风机功率扣减量，是否并入最终异常由参数控制
2023-11-02 14:21:00,2023-11-02 14:36:00,16,风机联合连续重复,风机联合连续重复；用于计算重复风机功率扣减量，是否并入最终异常由参数控制
2023-11-02 14:21:00,2023-11-02 14:36:00,16,风机联合连续重复,风机联合连续重复；用于计算重复风机功率扣减量，是否并入最终异常由参数控制
2023-11-02 14:21:00,2023-11-02 14:36:00,16,风机联合连续重复,风机联合连续重复；用于计算重复风机功率扣减量，是否并入最终异常由参数控制
2023-11-02 14:21:00,2023-11-02 14:36:00,16,风机联合连续重复,风机联合连续重复；用于计算重复风机功率扣减量，是否并入最终异常由参数控制
2023-11-02 14:21:00,2023-11-02 14:36:00,16,风机联合连续重复,风机联合连续重复；用于计算重复风机功率扣减量，是否并入最终异常由参数控制
2023-11-02 14:21:00,2023-11-02 14:36:00,16,风机联合连续重复,风机联合连续重复；用于计算重复风机功率扣减量，是否并入最终异常由参数控制
2023-11-02 14:21:00,2023-11-02 14:36:00,16,风机联合连续重复,风机联合连续重复；用于计算重复风机功率扣减量，是否并入最终异常由参数控制
2023-11-02 14:21:00,2023-11-02 14:36:00,16,风机联合连续重复,风机联合连续重复；用于计算重复风机功率扣减量，是否并入最终异常由参数控制
2023-11-02 14:21:00,2023-11-02 14:36:00,16,风机联合连续重复,风机联合连续重复；用于计算重复风机功率扣减量，是否并入最终异常由参数控制
2023-11-02 14:21:00,2023-11-02 14:36:00,16,风机联合连续重复,风机联合连续重复；用于计算重复风机功率扣减量，是否并入最终异常由参数控制
2023-11-02 14:21:00,2023-11-02 14:36:00,16,风机联合连续重复,风机联合连续重复；用于计算重复风机功率扣减量，是否并入最终异常由参数控制
2023-11-02 14:21:00,2023-11-02 14:36:00,16,风机联合连续重复,风机联合连续重复；用于计算重复风机功率扣减量，是否并入最终异常由参数控制
2023-11-02 14:21:00,2023-11-02 14:36:00,16,风机联合连续重复,风机联合连续重复；用于计算重复风机功率扣减量，是否并入最终异常由参数控制
2023-11-02 14:21:00,2023-11-02 14:36:00,16,风机联合连续重复,风机联合连续重复；用于计算重复风机功率扣减量，是否并入最终异常由参数控制
2023-11-02 14:21:00,2023-11-02 14:36:00,16,风机联合连续重复,风机联合连续重复；用于计算重复风机功率扣减量，是否并入最终异常由参数控制
2023-11-02 14:21:00,2023-11-02 14:36:00,16,风机联合连续重复,风机联合连续重复；用于计算重复风机功率扣减量，是否并入最终异常由参数控制
2023-11-02 14:21:00,2023-11-02 14:36:00,16,风机联合连续重复,风机联合连续重复；用于计算重复风机功率扣减量，是否并入最终异常由参数控制
2023-11-02 14:21:00,2023-11-02 14:36:00,16,风机联合连续重复,风机联合连续重复；用于计算重复风机功率扣减量，是否并入最终异常由参数控制
2023-11-02 14:21:00,2023-11-02 14:36:00,16,风机联合连续重复,风机联合连续重复；用于计算重复风机功率扣减量，是否并入最终异常由参数控制
2023-11-02 14:21:00,2023-11-02 14:36:00,16,风机联合连续重复,风机联合连续重复；用于计算重复风机功率扣减量，是否并入最终异常由参数控制
2023-11-02 14:21:00,2023-11-02 14:36:00,16,风机联合连续重复,风机联合连续重复；用于计算重复风机功率扣减量，是否并入最终异常由参数控制
2023-11-02 14:21:00,2023-11-02 14:36:00,16,风机联合连续重复,风机联合连续重复；用于计算重复风机功率扣减量，是否并入最终异常由参数控制
2023-11-02 14:21:00,2023-11-02 14:36:00,16,风机联合连续重复,风机联合连续重复；用于计算重复风机功率扣减量，是否并入最终异常由参数控制
2023-11-02 14:21:00,2023-11-02 14:36:00,16,风机联合连续重复,风机联合连续重复；用于计算重复风机功率扣减量，是否并入最终异常由参数控制
2023-11-14 12:44:00,2023-11-14 13:00:00,17,风机联合连续重复,风机联合连续重复；用于计算重复风机功率扣减量，是否并入最终异常由参数控制
2023-11-30 08:08:00,2023-11-30 08:12:00,5,风机联合连续重复,风机联合连续重复；用于计算重复风机功率扣减量，是否并入最终异常由参数控制
2023-12-18 11:59:00,2023-12-18 12:02:00,4,风机联合连续重复,风机联合连续重复；用于计算重复风机功率扣减量，是否并入最终异常由参数控制
2023-12-18 11:59:00,2023-12-18 12:02:00,4,风机联合连续重复,风机联合连续重复；用于计算重复风机功率扣减量，是否并入最终异常由参数控制
2023-12-18 11:59:00,2023-12-18 12:02:00,4,风机联合连续重复,风机联合连续重复；用于计算重复风机功率扣减量，是否并入最终异常由参数控制
2023-12-18 11:59:00,2023-12-18 12:02:00,4,风机联合连续重复,风机联合连续重复；用于计算重复风机功率扣减量，是否并入最终异常由参数控制
2023-12-18 11:59:00,2023-12-18 12:02:00,4,风机联合连续重复,风机联合连续重复；用于计算重复风机功率扣减量，是否并入最终异常由参数控制
2023-12-18 11:59:00,2023-12-18 12:02:00,4,风机联合连续重复,风机联合连续重复；用于计算重复风机功率扣减量，是否并入最终异常由参数控制
2023-12-18 11:59:00,2023-12-18 12:02:00,4,风机联合连续重复,风机联合连续重复；用于计算重复风机功率扣减量，是否并入最终异常由参数控制
2023-12-18 11:59:00,2023-12-18 12:02:00,4,风机联合连续重复,风机联合连续重复；用于计算重复风机功率扣减量，是否并入最终异常由参数控制
2023-12-18 11:59:00,2023-12-18 12:02:00,4,风机联合连续重复,风机联合连续重复；用于计算重复风机功率扣减量，是否并入最终异常由参数控制
2023-12-18 11:59:00,2023-12-18 12:02:00,4,风机联合连续重复,风机联合连续重复；用于计算重复风机功率扣减量，是否并入最终异常由参数控制
2023-12-18 11:59:00,2023-12-18 12:02:00,4,站端功率连续重复,ACTIVE_POWER_STATION 重复值大于阈值且持续长度大于阈值
2023-12-20 14:38:00,2023-12-20 14:41:00,4,风机联合连续重复,风机联合连续重复；用于计算重复风机功率扣减量，是否并入最终异常由参数控制
2023-12-20 14:38:00,2023-12-20 14:41:00,4,站端功率连续重复,ACTIVE_POWER_STATION 重复值大于阈值且持续长度大于阈值
2023-12-20 15:04:00,2023-12-20 15:07:00,4,风机联合连续重复,风机联合连续重复；用于计算重复风机功率扣减量，是否并入最终异常由参数控制
2023-12-20 15:04:00,2023-12-20 15:07:00,4,风机联合连续重复,风机联合连续重复；用于计算重复风机功率扣减量，是否并入最终异常由参数控制
2023-12-20 15:04:00,2023-12-20 15:07:00,4,风机联合连续重复,风机联合连续重复；用于计算重复风机功率扣减量，是否并入最终异常由参数控制
2023-12-20 15:04:00,2023-12-20 15:07:00,4,风机联合连续重复,风机联合连续重复；用于计算重复风机功率扣减量，是否并入最终异常由参数控制
2023-12-20 15:04:00,2023-12-20 15:07:00,4,风机联合连续重复,风机联合连续重复；用于计算重复风机功率扣减量，是否并入最终异常由参数控制
2023-12-20 15:04:00,2023-12-20 15:07:00,4,风机联合连续重复,风机联合连续重复；用于计算重复风机功率扣减量，是否并入最终异常由参数控制
2023-12-20 15:04:00,2023-12-20 15:07:00,4,风机联合连续重复,风机联合连续重复；用于计算重复风机功率扣减量，是否并入最终异常由参数控制
2023-12-20 15:04:00,2023-12-20 15:07:00,4,风机联合连续重复,风机联合连续重复；用于计算重复风机功率扣减量，是否并入最终异常由参数控制
2023-12-20 15:04:00,2023-12-20 15:07:00,4,风机联合连续重复,风机联合连续重复；用于计算重复风机功率扣减量，是否并入最终异常由参数控制
2023-12-20 15:04:00,2023-12-20 15:07:00,4,风机联合连续重复,风机联合连续重复；用于计算重复风机功率扣减量，是否并入最终异常由参数控制
2023-12-20 15:04:00,2023-12-20 15:07:00,4,风机联合连续重复,风机联合连续重复；用于计算重复风机功率扣减量，是否并入最终异常由参数控制
2023-12-20 15:04:00,2023-12-20 15:07:00,4,风机联合连续重复,风机联合连续重复；用于计算重复风机功率扣减量，是否并入最终异常由参数控制
2023-12-20 15:04:00,2023-12-20 15:07:00,4,风机联合连续重复,风机联合连续重复；用于计算重复风机功率扣减量，是否并入最终异常由参数控制
2023-12-20 15:04:00,2023-12-20 15:07:00,4,风机联合连续重复,风机联合连续重复；用于计算重复风机功率扣减量，是否并入最终异常由参数控制
2023-12-20 15:04:00,2023-12-20 15:07:00,4,风机联合连续重复,风机联合连续重复；用于计算重复风机功率扣减量，是否并入最终异常由参数控制
2023-12-20 15:04:00,2023-12-20 15:07:00,4,风机联合连续重复,风机联合连续重复；用于计算重复风机功率扣减量，是否并入最终异常由参数控制
2023-12-20 15:04:00,2023-12-20 15:07:00,4,风机联合连续重复,风机联合连续重复；用于计算重复风机功率扣减量，是否并入最终异常由参数控制
2023-12-20 15:04:00,2023-12-20 15:07:00,4,风机联合连续重复,风机联合连续重复；用于计算重复风机功率扣减量，是否并入最终异常由参数控制
2023-12-20 15:04:00,2023-12-20 15:07:00,4,风机联合连续重复,风机联合连续重复；用于计算重复风机功率扣减量，是否并入最终异常由参数控制
2023-12-20 15:04:00,2023-12-20 15:07:00,4,风机联合连续重复,风机联合连续重复；用于计算重复风机功率扣减量，是否并入最终异常由参数控制
2023-12-20 15:04:00,2023-12-20 15:07:00,4,风机联合连续重复,风机联合连续重复；用于计算重复风机功率扣减量，是否并入最终异常由参数控制
2023-12-20 15:04:00,2023-12-20 15:07:00,4,风机联合连续重复,风机联合连续重复；用于计算重复风机功率扣减量，是否并入最终异常由参数控制
2023-12-20 15:04:00,2023-12-20 15:07:00,4,风机联合连续重复,风机联合连续重复；用于计算重复风机功率扣减量，是否并入最终异常由参数控制
2023-12-20 15:04:00,2023-12-20 15:07:00,4,风机联合连续重复,风机联合连续重复；用于计算重复风机功率扣减量，是否并入最终异常由参数控制
2023-12-20 15:04:00,2023-12-20 15:07:00,4,风机联合连续重复,风机联合连续重复；用于计算重复风机功率扣减量，是否并入最终异常由参数控制
2023-12-20 15:04:00,2023-12-20 15:07:00,4,风机联合连续重复,风机联合连续重复；用于计算重复风机功率扣减量，是否并入最终异常由参数控制
2023-12-20 15:04:00,2023-12-20 15:07:00,4,风机联合连续重复,风机联合连续重复；用于计算重复风机功率扣减量，是否并入最终异常由参数控制
2023-12-20 15:04:00,2023-12-20 15:07:00,4,风机联合连续重复,风机联合连续重复；用于计算重复风机功率扣减量，是否并入最终异常由参数控制
2023-12-20 15:04:00,2023-12-20 15:07:00,4,风机联合连续重复,风机联合连续重复；用于计算重复风机功率扣减量，是否并入最终异常由参数控制
2023-12-20 15:04:00,2023-12-20 15:07:00,4,风机联合连续重复,风机联合连续重复；用于计算重复风机功率扣减量，是否并入最终异常由参数控制
2023-12-20 15:04:00,2023-12-20 15:07:00,4,风机联合连续重复,风机联合连续重复；用于计算重复风机功率扣减量，是否并入最终异常由参数控制
2023-12-20 15:04:00,2023-12-20 15:07:00,4,风机联合连续重复,风机联合连续重复；用于计算重复风机功率扣减量，是否并入最终异常由参数控制
2023-12-20 15:04:00,2023-12-20 15:07:00,4,风机联合连续重复,风机联合连续重复；用于计算重复风机功率扣减量，是否并入最终异常由参数控制
2023-12-20 15:04:00,2023-12-20 15:07:00,4,风机联合连续重复,风机联合连续重复；用于计算重复风机功率扣减量，是否并入最终异常由参数控制
2023-12-20 15:04:00,2023-12-20 15:07:00,4,风机联合连续重复,风机联合连续重复；用于计算重复风机功率扣减量，是否并入最终异常由参数控制
2023-12-20 15:04:00,2023-12-20 15:07:00,4,风机联合连续重复,风机联合连续重复；用于计算重复风机功率扣减量，是否并入最终异常由参数控制
2023-12-20 15:04:00,2023-12-20 15:07:00,4,风机联合连续重复,风机联合连续重复；用于计算重复风机功率扣减量，是否并入最终异常由参数控制
2023-12-20 15:04:00,2023-12-20 15:07:00,4,风机联合连续重复,风机联合连续重复；用于计算重复风机功率扣减量，是否并入最终异常由参数控制
2023-12-20 15:04:00,2023-12-20 15:07:00,4,风机联合连续重复,风机联合连续重复；用于计算重复风机功率扣减量，是否并入最终异常由参数控制
2023-12-20 15:04:00,2023-12-20 15:07:00,4,风机联合连续重复,风机联合连续重复；用于计算重复风机功率扣减量，是否并入最终异常由参数控制
2023-12-20 15:04:00,2023-12-20 15:07:00,4,风机联合连续重复,风机联合连续重复；用于计算重复风机功率扣减量，是否并入最终异常由参数控制
2023-12-20 15:04:00,2023-12-20 15:07:00,4,风机联合连续重复,风机联合连续重复；用于计算重复风机功率扣减量，是否并入最终异常由参数控制
2023-12-20 15:04:00,2023-12-20 15:07:00,4,风机联合连续重复,风机联合连续重复；用于计算重复风机功率扣减量，是否并入最终异常由参数控制
2023-12-20 15:04:00,2023-12-20 15:07:00,4,风机联合连续重复,风机联合连续重复；用于计算重复风机功率扣减量，是否并入最终异常由参数控制
2023-12-20 15:04:00,2023-12-20 15:07:00,4,风机联合连续重复,风机联合连续重复；用于计算重复风机功率扣减量，是否并入最终异常由参数控制
2023-12-20 15:04:00,2023-12-20 15:07:00,4,风机联合连续重复,风机联合连续重复；用于计算重复风机功率扣减量，是否并入最终异常由参数控制
2023-12-20 15:04:00,2023-12-20 15:07:00,4,风机联合连续重复,风机联合连续重复；用于计算重复风机功率扣减量，是否并入最终异常由参数控制
2023-12-20 15:04:00,2023-12-20 15:07:00,4,风机联合连续重复,风机联合连续重复；用于计算重复风机功率扣减量，是否并入最终异常由参数控制
2023-12-20 15:04:00,2023-12-20 15:07:00,4,风机联合连续重复,风机联合连续重复；用于计算重复风机功率扣减量，是否并入最终异常由参数控制
2023-12-20 15:04:00,2023-12-20 15:07:00,4,风机联合连续重复,风机联合连续重复；用于计算重复风机功率扣减量，是否并入最终异常由参数控制
2023-12-20 15:04:00,2023-12-20 15:07:00,4,风机联合连续重复,风机联合连续重复；用于计算重复风机功率扣减量，是否并入最终异常由参数控制
2023-12-20 15:04:00,2023-12-20 15:07:00,4,风机联合连续重复,风机联合连续重复；用于计算重复风机功率扣减量，是否并入最终异常由参数控制
2023-12-20 15:04:00,2023-12-20 15:07:00,4,风机联合连续重复,风机联合连续重复；用于计算重复风机功率扣减量，是否并入最终异常由参数控制
2023-12-20 15:04:00,2023-12-20 15:07:00,4,风机联合连续重复,风机联合连续重复；用于计算重复风机功率扣减量，是否并入最终异常由参数控制
2023-12-20 15:04:00,2023-12-20 15:07:00,4,风机联合连续重复,风机联合连续重复；用于计算重复风机功率扣减量，是否并入最终异常由参数控制
2023-12-20 15:04:00,2023-12-20 15:07:00,4,风机联合连续重复,风机联合连续重复；用于计算重复风机功率扣减量，是否并入最终异常由参数控制
2023-12-20 15:04:00,2023-12-20 15:07:00,4,风机联合连续重复,风机联合连续重复；用于计算重复风机功率扣减量，是否并入最终异常由参数控制
2023-12-20 15:04:00,2023-12-20 15:07:00,4,站端功率连续重复,ACTIVE_POWER_STATION 重复值大于阈值且持续长度大于阈值
2023-12-20 15:09:00,2023-12-20 15:12:00,4,站端功率连续重复,ACTIVE_POWER_STATION 重复值大于阈值且持续长度大于阈值
2023-12-28 16:20:00,2023-12-28 16:27:00,8,风机联合连续重复,风机联合连续重复；用于计算重复风机功率扣减量，是否并入最终异常由参数控制
2023-12-28 17:38:00,2023-12-28 17:41:00,4,站端功率连续重复,ACTIVE_POWER_STATION 重复值大于阈值且持续长度大于阈值
2023-12-29 15:53:00,2023-12-29 15:56:00,4,站端功率连续重复,ACTIVE_POWER_STATION 重复值大于阈值且持续长度大于阈值
2023-12-31 20:04:00,2024-01-03 12:37:00,3874,风机联合连续重复,风机联合连续重复；用于计算重复风机功率扣减量，是否并入最终异常由参数控制
2024-01-05 15:33:00,2024-01-05 15:36:00,4,风机联合连续重复,风机联合连续重复；用于计算重复风机功率扣减量，是否并入最终异常由参数控制
2024-01-05 15:33:00,2024-01-05 15:36:00,4,风机联合连续重复,风机联合连续重复；用于计算重复风机功率扣减量，是否并入最终异常由参数控制
2024-01-05 15:33:00,2024-01-05 15:36:00,4,风机联合连续重复,风机联合连续重复；用于计算重复风机功率扣减量，是否并入最终异常由参数控制
2024-01-05 15:33:00,2024-01-05 15:36:00,4,风机联合连续重复,风机联合连续重复；用于计算重复风机功率扣减量，是否并入最终异常由参数控制
2024-01-05 15:33:00,2024-01-05 15:36:00,4,风机联合连续重复,风机联合连续重复；用于计算重复风机功率扣减量，是否并入最终异常由参数控制
2024-01-05 15:33:00,2024-01-05 15:36:00,4,风机联合连续重复,风机联合连续重复；用于计算重复风机功率扣减量，是否并入最终异常由参数控制
2024-01-05 15:33:00,2024-01-05 15:36:00,4,风机联合连续重复,风机联合连续重复；用于计算重复风机功率扣减量，是否并入最终异常由参数控制
2024-01-05 15:33:00,2024-01-05 15:36:00,4,风机联合连续重复,风机联合连续重复；用于计算重复风机功率扣减量，是否并入最终异常由参数控制
2024-01-05 15:33:00,2024-01-05 15:36:00,4,风机联合连续重复,风机联合连续重复；用于计算重复风机功率扣减量，是否并入最终异常由参数控制
2024-01-05 15:33:00,2024-01-05 15:36:00,4,风机联合连续重复,风机联合连续重复；用于计算重复风机功率扣减量，是否并入最终异常由参数控制
2024-01-05 15:33:00,2024-01-05 15:36:00,4,风机联合连续重复,风机联合连续重复；用于计算重复风机功率扣减量，是否并入最终异常由参数控制
2024-01-05 15:33:00,2024-01-05 15:36:00,4,风机联合连续重复,风机联合连续重复；用于计算重复风机功率扣减量，是否并入最终异常由参数控制
2024-01-05 15:33:00,2024-01-05 15:36:00,4,风机联合连续重复,风机联合连续重复；用于计算重复风机功率扣减量，是否并入最终异常由参数控制
2024-01-05 15:33:00,2024-01-05 15:36:00,4,风机联合连续重复,风机联合连续重复；用于计算重复风机功率扣减量，是否并入最终异常由参数控制
2024-01-05 15:33:00,2024-01-05 15:36:00,4,风机联合连续重复,风机联合连续重复；用于计算重复风机功率扣减量，是否并入最终异常由参数控制
2024-01-05 15:33:00,2024-01-05 15:36:00,4,风机联合连续重复,风机联合连续重复；用于计算重复风机功率扣减量，是否并入最终异常由参数控制
2024-01-05 15:33:00,2024-01-05 15:36:00,4,风机联合连续重复,风机联合连续重复；用于计算重复风机功率扣减量，是否并入最终异常由参数控制
2024-01-05 15:33:00,2024-01-05 15:36:00,4,风机联合连续重复,风机联合连续重复；用于计算重复风机功率扣减量，是否并入最终异常由参数控制
2024-01-05 15:33:00,2024-01-05 15:36:00,4,风机联合连续重复,风机联合连续重复；用于计算重复风机功率扣减量，是否并入最终异常由参数控制
2024-01-05 15:33:00,2024-01-05 15:36:00,4,风机联合连续重复,风机联合连续重复；用于计算重复风机功率扣减量，是否并入最终异常由参数控制
2024-01-05 15:33:00,2024-01-05 15:36:00,4,风机联合连续重复,风机联合连续重复；用于计算重复风机功率扣减量，是否并入最终异常由参数控制
2024-01-05 15:33:00,2024-01-05 15:36:00,4,风机联合连续重复,风机联合连续重复；用于计算重复风机功率扣减量，是否并入最终异常由参数控制
2024-01-05 15:33:00,2024-01-05 15:36:00,4,风机联合连续重复,风机联合连续重复；用于计算重复风机功率扣减量，是否并入最终异常由参数控制
2024-01-05 15:33:00,2024-01-05 15:36:00,4,风机联合连续重复,风机联合连续重复；用于计算重复风机功率扣减量，是否并入最终异常由参数控制
2024-01-05 15:33:00,2024-01-05 15:36:00,4,风机联合连续重复,风机联合连续重复；用于计算重复风机功率扣减量，是否并入最终异常由参数控制
2024-01-05 15:33:00,2024-01-05 15:36:00,4,风机联合连续重复,风机联合连续重复；用于计算重复风机功率扣减量，是否并入最终异常由参数控制
2024-01-05 15:33:00,2024-01-05 15:36:00,4,风机联合连续重复,风机联合连续重复；用于计算重复风机功率扣减量，是否并入最终异常由参数控制
2024-01-05 15:33:00,2024-01-05 15:36:00,4,风机联合连续重复,风机联合连续重复；用于计算重复风机功率扣减量，是否并入最终异常由参数控制
2024-01-05 15:33:00,2024-01-05 15:36:00,4,风机联合连续重复,风机联合连续重复；用于计算重复风机功率扣减量，是否并入最终异常由参数控制
2024-01-05 15:33:00,2024-01-05 15:36:00,4,风机联合连续重复,风机联合连续重复；用于计算重复风机功率扣减量，是否并入最终异常由参数控制
2024-01-05 15:33:00,2024-01-05 15:36:00,4,风机联合连续重复,风机联合连续重复；用于计算重复风机功率扣减量，是否并入最终异常由参数控制
2024-01-05 15:33:00,2024-01-05 15:36:00,4,风机联合连续重复,风机联合连续重复；用于计算重复风机功率扣减量，是否并入最终异常由参数控制
2024-01-05 15:33:00,2024-01-05 15:36:00,4,风机联合连续重复,风机联合连续重复；用于计算重复风机功率扣减量，是否并入最终异常由参数控制
2024-01-05 15:33:00,2024-01-05 15:36:00,4,风机联合连续重复,风机联合连续重复；用于计算重复风机功率扣减量，是否并入最终异常由参数控制
2024-01-05 15:33:00,2024-01-05 15:36:00,4,风机联合连续重复,风机联合连续重复；用于计算重复风机功率扣减量，是否并入最终异常由参数控制
2024-01-05 15:33:00,2024-01-05 15:36:00,4,风机联合连续重复,风机联合连续重复；用于计算重复风机功率扣减量，是否并入最终异常由参数控制
2024-01-05 15:33:00,2024-01-05 15:36:00,4,风机联合连续重复,风机联合连续重复；用于计算重复风机功率扣减量，是否并入最终异常由参数控制
2024-01-05 15:33:00,2024-01-05 15:36:00,4,风机联合连续重复,风机联合连续重复；用于计算重复风机功率扣减量，是否并入最终异常由参数控制
2024-01-05 15:33:00,2024-01-05 15:36:00,4,风机联合连续重复,风机联合连续重复；用于计算重复风机功率扣减量，是否并入最终异常由参数控制
2024-01-05 15:33:00,2024-01-05 15:36:00,4,风机联合连续重复,风机联合连续重复；用于计算重复风机功率扣减量，是否并入最终异常由参数控制
2024-01-05 15:33:00,2024-01-05 15:36:00,4,风机联合连续重复,风机联合连续重复；用于计算重复风机功率扣减量，是否并入最终异常由参数控制
2024-01-14 02:01:00,2024-01-14 02:04:00,4,站端功率连续重复,ACTIVE_POWER_STATION 重复值大于阈值且持续长度大于阈值
2024-01-14 02:07:00,2024-01-14 02:10:00,4,站端功率连续重复,ACTIVE_POWER_STATION 重复值大于阈值且持续长度大于阈值
2024-01-14 02:41:00,2024-01-14 02:46:00,6,站端功率连续重复,ACTIVE_POWER_STATION 重复值大于阈值且持续长度大于阈值
2024-01-14 03:17:00,2024-01-14 03:21:00,5,站端功率连续重复,ACTIVE_POWER_STATION 重复值大于阈值且持续长度大于阈值
2024-01-18 14:32:00,2024-01-18 14:35:00,4,站端功率连续重复,ACTIVE_POWER_STATION 重复值大于阈值且持续长度大于阈值
2024-01-25 08:45:00,2024-02-02 18:08:00,12084,风机联合连续重复,风机联合连续重复；用于计算重复风机功率扣减量，是否并入最终异常由参数控制
2024-01-25 09:21:00,2024-02-02 18:32:00,12072,风机联合连续重复,风机联合连续重复；用于计算重复风机功率扣减量，是否并入最终异常由参数控制
2024-01-25 09:21:00,2024-02-02 18:32:00,12072,风机联合连续重复,风机联合连续重复；用于计算重复风机功率扣减量，是否并入最终异常由参数控制
2024-01-25 09:22:00,2024-02-02 18:34:00,12073,风机联合连续重复,风机联合连续重复；用于计算重复风机功率扣减量，是否并入最终异常由参数控制
2024-01-25 09:29:00,2024-02-02 18:34:00,12066,风机联合连续重复,风机联合连续重复；用于计算重复风机功率扣减量，是否并入最终异常由参数控制
2024-01-25 09:29:00,2024-02-02 18:34:00,12066,风机联合连续重复,风机联合连续重复；用于计算重复风机功率扣减量，是否并入最终异常由参数控制
2024-01-25 09:37:00,2024-02-02 18:37:00,12061,风机联合连续重复,风机联合连续重复；用于计算重复风机功率扣减量，是否并入最终异常由参数控制
2024-01-25 10:40:00,2024-02-02 19:10:00,12031,风机联合连续重复,风机联合连续重复；用于计算重复风机功率扣减量，是否并入最终异常由参数控制
2024-01-25 10:41:00,2024-02-02 19:13:00,12033,风机联合连续重复,风机联合连续重复；用于计算重复风机功率扣减量，是否并入最终异常由参数控制
2024-01-25 10:43:00,2024-02-02 19:10:00,12028,风机联合连续重复,风机联合连续重复；用于计算重复风机功率扣减量，是否并入最终异常由参数控制
2024-01-25 10:51:00,2024-02-02 19:13:00,12023,风机联合连续重复,风机联合连续重复；用于计算重复风机功率扣减量，是否并入最终异常由参数控制
2024-01-25 10:51:00,2024-02-02 19:13:00,12023,风机联合连续重复,风机联合连续重复；用于计算重复风机功率扣减量，是否并入最终异常由参数控制
2024-01-25 10:57:00,2024-02-02 19:15:00,12019,风机联合连续重复,风机联合连续重复；用于计算重复风机功率扣减量，是否并入最终异常由参数控制
2024-02-03 04:05:00,2024-02-27 21:11:00,35587,风机联合连续重复,风机联合连续重复；用于计算重复风机功率扣减量，是否并入最终异常由参数控制
2024-02-03 04:54:00,2024-02-03 04:58:00,5,风机联合连续重复,风机联合连续重复；用于计算重复风机功率扣减量，是否并入最终异常由参数控制
2024-02-12 20:18:00,2024-02-12 20:21:00,4,站端功率连续重复,ACTIVE_POWER_STATION 重复值大于阈值且持续长度大于阈值
2024-02-26 10:01:00,2024-02-26 10:04:00,4,风机联合连续重复,风机联合连续重复；用于计算重复风机功率扣减量，是否并入最终异常由参数控制
2024-02-26 10:01:00,2024-02-26 10:04:00,4,风机联合连续重复,风机联合连续重复；用于计算重复风机功率扣减量，是否并入最终异常由参数控制
2024-02-26 10:01:00,2024-02-26 10:04:00,4,风机联合连续重复,风机联合连续重复；用于计算重复风机功率扣减量，是否并入最终异常由参数控制
2024-02-26 10:01:00,2024-02-26 10:04:00,4,风机联合连续重复,风机联合连续重复；用于计算重复风机功率扣减量，是否并入最终异常由参数控制
2024-02-26 10:01:00,2024-02-26 10:04:00,4,风机联合连续重复,风机联合连续重复；用于计算重复风机功率扣减量，是否并入最终异常由参数控制
2024-02-26 10:01:00,2024-02-26 10:04:00,4,风机联合连续重复,风机联合连续重复；用于计算重复风机功率扣减量，是否并入最终异常由参数控制
2024-02-26 10:01:00,2024-02-26 10:04:00,4,风机联合连续重复,风机联合连续重复；用于计算重复风机功率扣减量，是否并入最终异常由参数控制
2024-02-26 10:01:00,2024-02-26 10:04:00,4,风机联合连续重复,风机联合连续重复；用于计算重复风机功率扣减量，是否并入最终异常由参数控制
2024-02-26 10:01:00,2024-02-26 10:04:00,4,风机联合连续重复,风机联合连续重复；用于计算重复风机功率扣减量，是否并入最终异常由参数控制
2024-02-26 10:01:00,2024-02-26 10:04:00,4,风机联合连续重复,风机联合连续重复；用于计算重复风机功率扣减量，是否并入最终异常由参数控制
2024-02-26 10:01:00,2024-02-26 10:04:00,4,风机联合连续重复,风机联合连续重复；用于计算重复风机功率扣减量，是否并入最终异常由参数控制
2024-02-26 10:01:00,2024-02-26 10:04:00,4,风机联合连续重复,风机联合连续重复；用于计算重复风机功率扣减量，是否并入最终异常由参数控制
2024-02-26 10:01:00,2024-02-26 10:04:00,4,风机联合连续重复,风机联合连续重复；用于计算重复风机功率扣减量，是否并入最终异常由参数控制
2024-02-26 10:01:00,2024-02-26 10:04:00,4,风机联合连续重复,风机联合连续重复；用于计算重复风机功率扣减量，是否并入最终异常由参数控制
2024-02-26 10:01:00,2024-02-26 10:04:00,4,风机联合连续重复,风机联合连续重复；用于计算重复风机功率扣减量，是否并入最终异常由参数控制
2024-02-26 10:01:00,2024-02-26 10:04:00,4,风机联合连续重复,风机联合连续重复；用于计算重复风机功率扣减量，是否并入最终异常由参数控制
2024-02-26 10:01:00,2024-02-26 10:04:00,4,风机联合连续重复,风机联合连续重复；用于计算重复风机功率扣减量，是否并入最终异常由参数控制
2024-02-26 10:01:00,2024-02-26 10:04:00,4,风机联合连续重复,风机联合连续重复；用于计算重复风机功率扣减量，是否并入最终异常由参数控制
2024-02-26 10:01:00,2024-02-26 10:04:00,4,风机联合连续重复,风机联合连续重复；用于计算重复风机功率扣减量，是否并入最终异常由参数控制
2024-02-26 10:01:00,2024-02-26 10:04:00,4,风机联合连续重复,风机联合连续重复；用于计算重复风机功率扣减量，是否并入最终异常由参数控制
2024-02-26 10:01:00,2024-02-26 10:04:00,4,风机联合连续重复,风机联合连续重复；用于计算重复风机功率扣减量，是否并入最终异常由参数控制
2024-02-26 10:01:00,2024-02-26 10:04:00,4,风机联合连续重复,风机联合连续重复；用于计算重复风机功率扣减量，是否并入最终异常由参数控制
2024-02-26 10:01:00,2024-02-26 10:04:00,4,风机联合连续重复,风机联合连续重复；用于计算重复风机功率扣减量，是否并入最终异常由参数控制
2024-02-26 10:01:00,2024-02-26 10:04:00,4,风机联合连续重复,风机联合连续重复；用于计算重复风机功率扣减量，是否并入最终异常由参数控制
2024-02-26 10:01:00,2024-02-26 10:04:00,4,风机联合连续重复,风机联合连续重复；用于计算重复风机功率扣减量，是否并入最终异常由参数控制
2024-02-26 10:01:00,2024-02-26 10:04:00,4,风机联合连续重复,风机联合连续重复；用于计算重复风机功率扣减量，是否并入最终异常由参数控制
2024-02-26 10:01:00,2024-02-26 10:04:00,4,风机联合连续重复,风机联合连续重复；用于计算重复风机功率扣减量，是否并入最终异常由参数控制
2024-02-26 10:01:00,2024-02-26 10:04:00,4,风机联合连续重复,风机联合连续重复；用于计算重复风机功率扣减量，是否并入最终异常由参数控制
2024-02-26 10:01:00,2024-02-26 10:04:00,4,风机联合连续重复,风机联合连续重复；用于计算重复风机功率扣减量，是否并入最终异常由参数控制
2024-02-26 10:01:00,2024-02-26 10:04:00,4,风机联合连续重复,风机联合连续重复；用于计算重复风机功率扣减量，是否并入最终异常由参数控制
2024-02-26 10:01:00,2024-02-26 10:04:00,4,风机联合连续重复,风机联合连续重复；用于计算重复风机功率扣减量，是否并入最终异常由参数控制
2024-02-26 10:01:00,2024-02-26 10:04:00,4,风机联合连续重复,风机联合连续重复；用于计算重复风机功率扣减量，是否并入最终异常由参数控制
2024-02-26 10:01:00,2024-02-26 10:04:00,4,风机联合连续重复,风机联合连续重复；用于计算重复风机功率扣减量，是否并入最终异常由参数控制
2024-02-26 10:01:00,2024-02-26 10:04:00,4,风机联合连续重复,风机联合连续重复；用于计算重复风机功率扣减量，是否并入最终异常由参数控制
2024-02-26 10:01:00,2024-02-26 10:04:00,4,风机联合连续重复,风机联合连续重复；用于计算重复风机功率扣减量，是否并入最终异常由参数控制
2024-02-26 10:01:00,2024-02-26 10:04:00,4,风机联合连续重复,风机联合连续重复；用于计算重复风机功率扣减量，是否并入最终异常由参数控制
2024-02-26 10:01:00,2024-02-26 10:04:00,4,风机联合连续重复,风机联合连续重复；用于计算重复风机功率扣减量，是否并入最终异常由参数控制
2024-02-26 10:01:00,2024-02-26 10:04:00,4,风机联合连续重复,风机联合连续重复；用于计算重复风机功率扣减量，是否并入最终异常由参数控制
2024-02-26 10:01:00,2024-02-26 10:04:00,4,风机联合连续重复,风机联合连续重复；用于计算重复风机功率扣减量，是否并入最终异常由参数控制
2024-02-26 10:01:00,2024-02-26 10:04:00,4,风机联合连续重复,风机联合连续重复；用于计算重复风机功率扣减量，是否并入最终异常由参数控制
2024-02-26 10:01:00,2024-02-26 10:04:00,4,站端功率连续重复,ACTIVE_POWER_STATION 重复值大于阈值且持续长度大于阈值
2024-02-26 10:13:00,2024-02-26 10:16:00,4,风机联合连续重复,风机联合连续重复；用于计算重复风机功率扣减量，是否并入最终异常由参数控制
2024-02-26 10:13:00,2024-02-26 10:16:00,4,风机联合连续重复,风机联合连续重复；用于计算重复风机功率扣减量，是否并入最终异常由参数控制
2024-02-26 10:13:00,2024-02-26 10:16:00,4,风机联合连续重复,风机联合连续重复；用于计算重复风机功率扣减量，是否并入最终异常由参数控制
2024-02-26 10:13:00,2024-02-26 10:16:00,4,风机联合连续重复,风机联合连续重复；用于计算重复风机功率扣减量，是否并入最终异常由参数控制
2024-02-26 10:13:00,2024-02-26 10:16:00,4,风机联合连续重复,风机联合连续重复；用于计算重复风机功率扣减量，是否并入最终异常由参数控制
2024-02-26 10:13:00,2024-02-26 10:16:00,4,风机联合连续重复,风机联合连续重复；用于计算重复风机功率扣减量，是否并入最终异常由参数控制
2024-02-26 10:13:00,2024-02-26 10:16:00,4,风机联合连续重复,风机联合连续重复；用于计算重复风机功率扣减量，是否并入最终异常由参数控制
2024-02-26 10:13:00,2024-02-26 10:16:00,4,风机联合连续重复,风机联合连续重复；用于计算重复风机功率扣减量，是否并入最终异常由参数控制
2024-02-26 10:13:00,2024-02-26 10:16:00,4,风机联合连续重复,风机联合连续重复；用于计算重复风机功率扣减量，是否并入最终异常由参数控制
2024-02-26 10:13:00,2024-02-26 10:16:00,4,风机联合连续重复,风机联合连续重复；用于计算重复风机功率扣减量，是否并入最终异常由参数控制
2024-02-26 10:13:00,2024-02-26 10:16:00,4,风机联合连续重复,风机联合连续重复；用于计算重复风机功率扣减量，是否并入最终异常由参数控制
2024-02-26 10:13:00,2024-02-26 10:16:00,4,风机联合连续重复,风机联合连续重复；用于计算重复风机功率扣减量，是否并入最终异常由参数控制
2024-02-26 10:13:00,2024-02-26 10:16:00,4,风机联合连续重复,风机联合连续重复；用于计算重复风机功率扣减量，是否并入最终异常由参数控制
2024-02-26 10:13:00,2024-02-26 10:16:00,4,风机联合连续重复,风机联合连续重复；用于计算重复风机功率扣减量，是否并入最终异常由参数控制
2024-02-26 10:13:00,2024-02-26 10:16:00,4,风机联合连续重复,风机联合连续重复；用于计算重复风机功率扣减量，是否并入最终异常由参数控制
2024-02-26 10:13:00,2024-02-26 10:16:00,4,风机联合连续重复,风机联合连续重复；用于计算重复风机功率扣减量，是否并入最终异常由参数控制
2024-02-26 10:13:00,2024-02-26 10:16:00,4,风机联合连续重复,风机联合连续重复；用于计算重复风机功率扣减量，是否并入最终异常由参数控制
2024-02-26 10:13:00,2024-02-26 10:16:00,4,风机联合连续重复,风机联合连续重复；用于计算重复风机功率扣减量，是否并入最终异常由参数控制
2024-02-26 10:13:00,2024-02-26 10:16:00,4,风机联合连续重复,风机联合连续重复；用于计算重复风机功率扣减量，是否并入最终异常由参数控制
2024-02-26 10:13:00,2024-02-26 10:16:00,4,风机联合连续重复,风机联合连续重复；用于计算重复风机功率扣减量，是否并入最终异常由参数控制
2024-02-26 10:13:00,2024-02-26 10:16:00,4,风机联合连续重复,风机联合连续重复；用于计算重复风机功率扣减量，是否并入最终异常由参数控制
2024-02-26 10:13:00,2024-02-26 10:16:00,4,风机联合连续重复,风机联合连续重复；用于计算重复风机功率扣减量，是否并入最终异常由参数控制
2024-02-26 10:13:00,2024-02-26 10:16:00,4,风机联合连续重复,风机联合连续重复；用于计算重复风机功率扣减量，是否并入最终异常由参数控制
2024-02-26 10:13:00,2024-02-26 10:16:00,4,风机联合连续重复,风机联合连续重复；用于计算重复风机功率扣减量，是否并入最终异常由参数控制
2024-02-26 10:13:00,2024-02-26 10:16:00,4,风机联合连续重复,风机联合连续重复；用于计算重复风机功率扣减量，是否并入最终异常由参数控制
2024-02-26 10:13:00,2024-02-26 10:16:00,4,风机联合连续重复,风机联合连续重复；用于计算重复风机功率扣减量，是否并入最终异常由参数控制
2024-02-26 10:13:00,2024-02-26 10:16:00,4,风机联合连续重复,风机联合连续重复；用于计算重复风机功率扣减量，是否并入最终异常由参数控制
2024-02-26 10:13:00,2024-02-26 10:16:00,4,风机联合连续重复,风机联合连续重复；用于计算重复风机功率扣减量，是否并入最终异常由参数控制
2024-02-26 10:13:00,2024-02-26 10:16:00,4,风机联合连续重复,风机联合连续重复；用于计算重复风机功率扣减量，是否并入最终异常由参数控制
2024-02-26 10:13:00,2024-02-26 10:16:00,4,风机联合连续重复,风机联合连续重复；用于计算重复风机功率扣减量，是否并入最终异常由参数控制
2024-02-26 10:13:00,2024-02-26 10:16:00,4,风机联合连续重复,风机联合连续重复；用于计算重复风机功率扣减量，是否并入最终异常由参数控制
2024-02-26 10:13:00,2024-02-26 10:16:00,4,风机联合连续重复,风机联合连续重复；用于计算重复风机功率扣减量，是否并入最终异常由参数控制
2024-02-26 10:13:00,2024-02-26 10:16:00,4,风机联合连续重复,风机联合连续重复；用于计算重复风机功率扣减量，是否并入最终异常由参数控制
2024-02-26 10:13:00,2024-02-26 10:16:00,4,风机联合连续重复,风机联合连续重复；用于计算重复风机功率扣减量，是否并入最终异常由参数控制
2024-02-26 10:13:00,2024-02-26 10:16:00,4,风机联合连续重复,风机联合连续重复；用于计算重复风机功率扣减量，是否并入最终异常由参数控制
2024-02-26 10:13:00,2024-02-26 10:16:00,4,风机联合连续重复,风机联合连续重复；用于计算重复风机功率扣减量，是否并入最终异常由参数控制
2024-02-26 10:13:00,2024-02-26 10:16:00,4,风机联合连续重复,风机联合连续重复；用于计算重复风机功率扣减量，是否并入最终异常由参数控制
2024-02-26 10:13:00,2024-02-26 10:16:00,4,风机联合连续重复,风机联合连续重复；用于计算重复风机功率扣减量，是否并入最终异常由参数控制
2024-02-26 10:13:00,2024-02-26 10:16:00,4,风机联合连续重复,风机联合连续重复；用于计算重复风机功率扣减量，是否并入最终异常由参数控制
2024-02-26 10:13:00,2024-02-26 10:16:00,4,风机联合连续重复,风机联合连续重复；用于计算重复风机功率扣减量，是否并入最终异常由参数控制
2024-02-26 10:13:00,2024-02-26 10:16:00,4,站端功率连续重复,ACTIVE_POWER_STATION 重复值大于阈值且持续长度大于阈值
2024-02-28 10:54:00,2024-02-28 10:57:00,4,风机联合连续重复,风机联合连续重复；用于计算重复风机功率扣减量，是否并入最终异常由参数控制
2024-02-28 10:54:00,2024-02-28 10:57:00,4,风机联合连续重复,风机联合连续重复；用于计算重复风机功率扣减量，是否并入最终异常由参数控制
2024-02-28 10:54:00,2024-02-28 10:57:00,4,风机联合连续重复,风机联合连续重复；用于计算重复风机功率扣减量，是否并入最终异常由参数控制
2024-02-28 10:54:00,2024-02-28 10:57:00,4,风机联合连续重复,风机联合连续重复；用于计算重复风机功率扣减量，是否并入最终异常由参数控制
2024-02-28 10:54:00,2024-02-28 10:57:00,4,风机联合连续重复,风机联合连续重复；用于计算重复风机功率扣减量，是否并入最终异常由参数控制
2024-02-28 10:54:00,2024-02-28 10:57:00,4,风机联合连续重复,风机联合连续重复；用于计算重复风机功率扣减量，是否并入最终异常由参数控制
2024-02-28 10:54:00,2024-02-28 10:57:00,4,风机联合连续重复,风机联合连续重复；用于计算重复风机功率扣减量，是否并入最终异常由参数控制
2024-02-28 10:54:00,2024-02-28 10:57:00,4,风机联合连续重复,风机联合连续重复；用于计算重复风机功率扣减量，是否并入最终异常由参数控制
2024-02-28 10:54:00,2024-02-28 10:57:00,4,风机联合连续重复,风机联合连续重复；用于计算重复风机功率扣减量，是否并入最终异常由参数控制
2024-02-28 10:54:00,2024-02-28 10:57:00,4,风机联合连续重复,风机联合连续重复；用于计算重复风机功率扣减量，是否并入最终异常由参数控制
2024-02-28 10:54:00,2024-02-28 10:57:00,4,风机联合连续重复,风机联合连续重复；用于计算重复风机功率扣减量，是否并入最终异常由参数控制
2024-02-28 10:54:00,2024-02-28 10:57:00,4,风机联合连续重复,风机联合连续重复；用于计算重复风机功率扣减量，是否并入最终异常由参数控制
2024-02-28 10:54:00,2024-02-28 10:57:00,4,风机联合连续重复,风机联合连续重复；用于计算重复风机功率扣减量，是否并入最终异常由参数控制
2024-02-28 10:54:00,2024-02-28 10:57:00,4,风机联合连续重复,风机联合连续重复；用于计算重复风机功率扣减量，是否并入最终异常由参数控制
2024-02-28 10:54:00,2024-02-28 10:57:00,4,风机联合连续重复,风机联合连续重复；用于计算重复风机功率扣减量，是否并入最终异常由参数控制
2024-02-28 10:54:00,2024-02-28 10:57:00,4,风机联合连续重复,风机联合连续重复；用于计算重复风机功率扣减量，是否并入最终异常由参数控制
2024-02-28 10:54:00,2024-02-28 10:57:00,4,风机联合连续重复,风机联合连续重复；用于计算重复风机功率扣减量，是否并入最终异常由参数控制
2024-02-28 10:54:00,2024-02-28 10:57:00,4,风机联合连续重复,风机联合连续重复；用于计算重复风机功率扣减量，是否并入最终异常由参数控制
2024-02-28 10:54:00,2024-02-28 10:57:00,4,风机联合连续重复,风机联合连续重复；用于计算重复风机功率扣减量，是否并入最终异常由参数控制
2024-02-28 10:54:00,2024-02-28 10:57:00,4,风机联合连续重复,风机联合连续重复；用于计算重复风机功率扣减量，是否并入最终异常由参数控制
2024-02-28 10:54:00,2024-02-28 10:57:00,4,风机联合连续重复,风机联合连续重复；用于计算重复风机功率扣减量，是否并入最终异常由参数控制
2024-02-28 10:54:00,2024-02-28 10:57:00,4,风机联合连续重复,风机联合连续重复；用于计算重复风机功率扣减量，是否并入最终异常由参数控制
2024-02-28 10:54:00,2024-02-28 10:57:00,4,风机联合连续重复,风机联合连续重复；用于计算重复风机功率扣减量，是否并入最终异常由参数控制
2024-02-28 10:54:00,2024-02-28 10:57:00,4,风机联合连续重复,风机联合连续重复；用于计算重复风机功率扣减量，是否并入最终异常由参数控制
2024-02-28 10:54:00,2024-02-28 10:57:00,4,风机联合连续重复,风机联合连续重复；用于计算重复风机功率扣减量，是否并入最终异常由参数控制
2024-02-28 10:54:00,2024-02-28 10:57:00,4,风机联合连续重复,风机联合连续重复；用于计算重复风机功率扣减量，是否并入最终异常由参数控制
2024-02-28 10:54:00,2024-02-28 10:57:00,4,风机联合连续重复,风机联合连续重复；用于计算重复风机功率扣减量，是否并入最终异常由参数控制
2024-02-28 10:54:00,2024-02-28 10:57:00,4,风机联合连续重复,风机联合连续重复；用于计算重复风机功率扣减量，是否并入最终异常由参数控制
2024-02-28 10:54:00,2024-02-28 10:57:00,4,风机联合连续重复,风机联合连续重复；用于计算重复风机功率扣减量，是否并入最终异常由参数控制
2024-02-28 10:54:00,2024-02-28 10:57:00,4,风机联合连续重复,风机联合连续重复；用于计算重复风机功率扣减量，是否并入最终异常由参数控制
2024-02-28 10:54:00,2024-02-28 10:57:00,4,风机联合连续重复,风机联合连续重复；用于计算重复风机功率扣减量，是否并入最终异常由参数控制
2024-02-28 10:54:00,2024-02-28 10:57:00,4,风机联合连续重复,风机联合连续重复；用于计算重复风机功率扣减量，是否并入最终异常由参数控制
2024-02-28 10:54:00,2024-02-28 10:57:00,4,风机联合连续重复,风机联合连续重复；用于计算重复风机功率扣减量，是否并入最终异常由参数控制
2024-02-28 10:54:00,2024-02-28 10:57:00,4,风机联合连续重复,风机联合连续重复；用于计算重复风机功率扣减量，是否并入最终异常由参数控制
2024-02-28 10:54:00,2024-02-28 10:57:00,4,风机联合连续重复,风机联合连续重复；用于计算重复风机功率扣减量，是否并入最终异常由参数控制
2024-02-28 10:54:00,2024-02-28 10:57:00,4,风机联合连续重复,风机联合连续重复；用于计算重复风机功率扣减量，是否并入最终异常由参数控制
2024-02-28 10:54:00,2024-02-28 10:57:00,4,风机联合连续重复,风机联合连续重复；用于计算重复风机功率扣减量，是否并入最终异常由参数控制
2024-02-28 10:54:00,2024-02-28 10:57:00,4,风机联合连续重复,风机联合连续重复；用于计算重复风机功率扣减量，是否并入最终异常由参数控制
2024-02-28 10:54:00,2024-02-28 10:57:00,4,风机联合连续重复,风机联合连续重复；用于计算重复风机功率扣减量，是否并入最终异常由参数控制
2024-02-28 10:54:00,2024-02-28 10:57:00,4,风机联合连续重复,风机联合连续重复；用于计算重复风机功率扣减量，是否并入最终异常由参数控制
2024-02-28 10:54:00,2024-02-28 10:57:00,4,风机联合连续重复,风机联合连续重复；用于计算重复风机功率扣减量，是否并入最终异常由参数控制
2024-02-28 10:54:00,2024-02-28 10:57:00,4,风机联合连续重复,风机联合连续重复；用于计算重复风机功率扣减量，是否并入最终异常由参数控制
2024-02-28 10:54:00,2024-02-28 10:57:00,4,风机联合连续重复,风机联合连续重复；用于计算重复风机功率扣减量，是否并入最终异常由参数控制
2024-02-28 10:54:00,2024-02-28 10:57:00,4,风机联合连续重复,风机联合连续重复；用于计算重复风机功率扣减量，是否并入最终异常由参数控制
2024-02-28 10:54:00,2024-02-28 10:57:00,4,风机联合连续重复,风机联合连续重复；用于计算重复风机功率扣减量，是否并入最终异常由参数控制
2024-02-28 10:54:00,2024-02-28 10:57:00,4,风机联合连续重复,风机联合连续重复；用于计算重复风机功率扣减量，是否并入最终异常由参数控制
2024-02-28 10:54:00,2024-02-28 10:57:00,4,风机联合连续重复,风机联合连续重复；用于计算重复风机功率扣减量，是否并入最终异常由参数控制
2024-02-28 10:54:00,2024-02-28 10:57:00,4,风机联合连续重复,风机联合连续重复；用于计算重复风机功率扣减量，是否并入最终异常由参数控制
2024-02-28 10:54:00,2024-02-28 10:57:00,4,风机联合连续重复,风机联合连续重复；用于计算重复风机功率扣减量，是否并入最终异常由参数控制
2024-02-28 10:54:00,2024-02-28 10:57:00,4,风机联合连续重复,风机联合连续重复；用于计算重复风机功率扣减量，是否并入最终异常由参数控制
2024-02-28 10:54:00,2024-02-28 10:57:00,4,风机联合连续重复,风机联合连续重复；用于计算重复风机功率扣减量，是否并入最终异常由参数控制
2024-02-28 10:54:00,2024-02-28 10:57:00,4,风机联合连续重复,风机联合连续重复；用于计算重复风机功率扣减量，是否并入最终异常由参数控制
2024-02-28 10:54:00,2024-02-28 10:57:00,4,风机联合连续重复,风机联合连续重复；用于计算重复风机功率扣减量，是否并入最终异常由参数控制
2024-02-28 10:54:00,2024-02-28 10:57:00,4,风机联合连续重复,风机联合连续重复；用于计算重复风机功率扣减量，是否并入最终异常由参数控制
2024-02-28 10:54:00,2024-02-28 10:57:00,4,风机联合连续重复,风机联合连续重复；用于计算重复风机功率扣减量，是否并入最终异常由参数控制
2024-02-28 10:54:00,2024-02-28 10:57:00,4,站端功率连续重复,ACTIVE_POWER_STATION 重复值大于阈值且持续长度大于阈值
2024-02-29 05:04:00,2024-02-29 05:09:00,6,风机联合连续重复,风机联合连续重复；用于计算重复风机功率扣减量，是否并入最终异常由参数控制
2024-02-29 09:12:00,2024-02-29 09:35:00,24,风机联合连续重复,风机联合连续重复；用于计算重复风机功率扣减量，是否并入最终异常由参数控制
2024-02-29 11:17:00,2024-02-29 11:31:00,15,风机联合连续重复,风机联合连续重复；用于计算重复风机功率扣减量，是否并入最终异常由参数控制
2024-02-29 13:59:00,2024-02-29 14:03:00,5,站端功率连续重复,ACTIVE_POWER_STATION 重复值大于阈值且持续长度大于阈值
2024-02-29 13:59:00,2024-02-29 14:12:00,14,风机联合连续重复,风机联合连续重复；用于计算重复风机功率扣减量，是否并入最终异常由参数控制
2024-02-29 13:59:00,2024-02-29 14:12:00,14,风机联合连续重复,风机联合连续重复；用于计算重复风机功率扣减量，是否并入最终异常由参数控制
2024-02-29 13:59:00,2024-02-29 14:12:00,14,风机联合连续重复,风机联合连续重复；用于计算重复风机功率扣减量，是否并入最终异常由参数控制
2024-02-29 13:59:00,2024-02-29 14:12:00,14,风机联合连续重复,风机联合连续重复；用于计算重复风机功率扣减量，是否并入最终异常由参数控制
2024-02-29 13:59:00,2024-02-29 14:12:00,14,风机联合连续重复,风机联合连续重复；用于计算重复风机功率扣减量，是否并入最终异常由参数控制
2024-02-29 13:59:00,2024-02-29 14:12:00,14,风机联合连续重复,风机联合连续重复；用于计算重复风机功率扣减量，是否并入最终异常由参数控制
2024-02-29 13:59:00,2024-02-29 14:12:00,14,风机联合连续重复,风机联合连续重复；用于计算重复风机功率扣减量，是否并入最终异常由参数控制
2024-02-29 13:59:00,2024-02-29 14:12:00,14,风机联合连续重复,风机联合连续重复；用于计算重复风机功率扣减量，是否并入最终异常由参数控制
2024-02-29 13:59:00,2024-02-29 14:12:00,14,风机联合连续重复,风机联合连续重复；用于计算重复风机功率扣减量，是否并入最终异常由参数控制
2024-02-29 13:59:00,2024-02-29 14:12:00,14,风机联合连续重复,风机联合连续重复；用于计算重复风机功率扣减量，是否并入最终异常由参数控制
2024-02-29 13:59:00,2024-02-29 14:12:00,14,风机联合连续重复,风机联合连续重复；用于计算重复风机功率扣减量，是否并入最终异常由参数控制
2024-02-29 13:59:00,2024-02-29 14:12:00,14,风机联合连续重复,风机联合连续重复；用于计算重复风机功率扣减量，是否并入最终异常由参数控制
2024-02-29 13:59:00,2024-02-29 14:12:00,14,风机联合连续重复,风机联合连续重复；用于计算重复风机功率扣减量，是否并入最终异常由参数控制
2024-02-29 13:59:00,2024-02-29 14:12:00,14,风机联合连续重复,风机联合连续重复；用于计算重复风机功率扣减量，是否并入最终异常由参数控制
2024-02-29 13:59:00,2024-02-29 14:12:00,14,风机联合连续重复,风机联合连续重复；用于计算重复风机功率扣减量，是否并入最终异常由参数控制
2024-02-29 13:59:00,2024-02-29 14:12:00,14,风机联合连续重复,风机联合连续重复；用于计算重复风机功率扣减量，是否并入最终异常由参数控制
2024-02-29 13:59:00,2024-02-29 14:12:00,14,风机联合连续重复,风机联合连续重复；用于计算重复风机功率扣减量，是否并入最终异常由参数控制
2024-02-29 13:59:00,2024-02-29 14:12:00,14,风机联合连续重复,风机联合连续重复；用于计算重复风机功率扣减量，是否并入最终异常由参数控制
2024-02-29 13:59:00,2024-02-29 14:12:00,14,风机联合连续重复,风机联合连续重复；用于计算重复风机功率扣减量，是否并入最终异常由参数控制
2024-02-29 13:59:00,2024-02-29 14:12:00,14,风机联合连续重复,风机联合连续重复；用于计算重复风机功率扣减量，是否并入最终异常由参数控制
2024-02-29 13:59:00,2024-02-29 14:12:00,14,风机联合连续重复,风机联合连续重复；用于计算重复风机功率扣减量，是否并入最终异常由参数控制
2024-02-29 13:59:00,2024-02-29 14:12:00,14,风机联合连续重复,风机联合连续重复；用于计算重复风机功率扣减量，是否并入最终异常由参数控制
2024-02-29 13:59:00,2024-02-29 14:12:00,14,风机联合连续重复,风机联合连续重复；用于计算重复风机功率扣减量，是否并入最终异常由参数控制
2024-02-29 13:59:00,2024-02-29 14:12:00,14,风机联合连续重复,风机联合连续重复；用于计算重复风机功率扣减量，是否并入最终异常由参数控制
2024-02-29 13:59:00,2024-02-29 14:12:00,14,风机联合连续重复,风机联合连续重复；用于计算重复风机功率扣减量，是否并入最终异常由参数控制
2024-02-29 13:59:00,2024-02-29 14:12:00,14,风机联合连续重复,风机联合连续重复；用于计算重复风机功率扣减量，是否并入最终异常由参数控制
2024-02-29 13:59:00,2024-02-29 14:12:00,14,风机联合连续重复,风机联合连续重复；用于计算重复风机功率扣减量，是否并入最终异常由参数控制
2024-02-29 13:59:00,2024-02-29 14:12:00,14,风机联合连续重复,风机联合连续重复；用于计算重复风机功率扣减量，是否并入最终异常由参数控制
2024-02-29 13:59:00,2024-02-29 14:12:00,14,风机联合连续重复,风机联合连续重复；用于计算重复风机功率扣减量，是否并入最终异常由参数控制
2024-02-29 13:59:00,2024-02-29 14:12:00,14,风机联合连续重复,风机联合连续重复；用于计算重复风机功率扣减量，是否并入最终异常由参数控制
2024-02-29 13:59:00,2024-02-29 14:12:00,14,风机联合连续重复,风机联合连续重复；用于计算重复风机功率扣减量，是否并入最终异常由参数控制
2024-02-29 13:59:00,2024-02-29 14:12:00,14,风机联合连续重复,风机联合连续重复；用于计算重复风机功率扣减量，是否并入最终异常由参数控制
2024-02-29 13:59:00,2024-02-29 14:12:00,14,风机联合连续重复,风机联合连续重复；用于计算重复风机功率扣减量，是否并入最终异常由参数控制
2024-02-29 13:59:00,2024-02-29 14:12:00,14,风机联合连续重复,风机联合连续重复；用于计算重复风机功率扣减量，是否并入最终异常由参数控制
2024-02-29 13:59:00,2024-02-29 14:12:00,14,风机联合连续重复,风机联合连续重复；用于计算重复风机功率扣减量，是否并入最终异常由参数控制
2024-02-29 13:59:00,2024-02-29 14:12:00,14,风机联合连续重复,风机联合连续重复；用于计算重复风机功率扣减量，是否并入最终异常由参数控制
2024-02-29 13:59:00,2024-02-29 14:12:00,14,风机联合连续重复,风机联合连续重复；用于计算重复风机功率扣减量，是否并入最终异常由参数控制
2024-02-29 13:59:00,2024-02-29 14:12:00,14,风机联合连续重复,风机联合连续重复；用于计算重复风机功率扣减量，是否并入最终异常由参数控制
2024-02-29 13:59:00,2024-02-29 14:12:00,14,风机联合连续重复,风机联合连续重复；用于计算重复风机功率扣减量，是否并入最终异常由参数控制
2024-02-29 13:59:00,2024-02-29 14:12:00,14,风机联合连续重复,风机联合连续重复；用于计算重复风机功率扣减量，是否并入最终异常由参数控制
2024-02-29 13:59:00,2024-02-29 14:12:00,14,风机联合连续重复,风机联合连续重复；用于计算重复风机功率扣减量，是否并入最终异常由参数控制
2024-02-29 13:59:00,2024-02-29 14:12:00,14,风机联合连续重复,风机联合连续重复；用于计算重复风机功率扣减量，是否并入最终异常由参数控制
2024-02-29 13:59:00,2024-02-29 14:12:00,14,风机联合连续重复,风机联合连续重复；用于计算重复风机功率扣减量，是否并入最终异常由参数控制
2024-02-29 13:59:00,2024-02-29 14:12:00,14,风机联合连续重复,风机联合连续重复；用于计算重复风机功率扣减量，是否并入最终异常由参数控制
2024-02-29 13:59:00,2024-02-29 14:12:00,14,风机联合连续重复,风机联合连续重复；用于计算重复风机功率扣减量，是否并入最终异常由参数控制
2024-02-29 13:59:00,2024-02-29 14:12:00,14,风机联合连续重复,风机联合连续重复；用于计算重复风机功率扣减量，是否并入最终异常由参数控制
2024-02-29 13:59:00,2024-02-29 14:12:00,14,风机联合连续重复,风机联合连续重复；用于计算重复风机功率扣减量，是否并入最终异常由参数控制
2024-02-29 13:59:00,2024-02-29 14:12:00,14,风机联合连续重复,风机联合连续重复；用于计算重复风机功率扣减量，是否并入最终异常由参数控制
2024-02-29 13:59:00,2024-02-29 14:12:00,14,风机联合连续重复,风机联合连续重复；用于计算重复风机功率扣减量，是否并入最终异常由参数控制
2024-02-29 13:59:00,2024-02-29 14:12:00,14,风机联合连续重复,风机联合连续重复；用于计算重复风机功率扣减量，是否并入最终异常由参数控制
2024-02-29 13:59:00,2024-02-29 14:12:00,14,风机联合连续重复,风机联合连续重复；用于计算重复风机功率扣减量，是否并入最终异常由参数控制
2024-02-29 13:59:00,2024-02-29 14:12:00,14,风机联合连续重复,风机联合连续重复；用于计算重复风机功率扣减量，是否并入最终异常由参数控制
2024-02-29 13:59:00,2024-02-29 14:12:00,14,风机联合连续重复,风机联合连续重复；用于计算重复风机功率扣减量，是否并入最终异常由参数控制
2024-02-29 13:59:00,2024-02-29 14:12:00,14,风机联合连续重复,风机联合连续重复；用于计算重复风机功率扣减量，是否并入最终异常由参数控制
2024-02-29 13:59:00,2024-02-29 14:12:00,14,风机联合连续重复,风机联合连续重复；用于计算重复风机功率扣减量，是否并入最终异常由参数控制
2024-03-02 05:16:00,2024-03-02 05:30:00,15,风机联合连续重复,风机联合连续重复；用于计算重复风机功率扣减量，是否并入最终异常由参数控制
2024-03-02 05:16:00,2024-03-02 05:30:00,15,风机联合连续重复,风机联合连续重复；用于计算重复风机功率扣减量，是否并入最终异常由参数控制
2024-03-02 05:16:00,2024-03-02 05:30:00,15,风机联合连续重复,风机联合连续重复；用于计算重复风机功率扣减量，是否并入最终异常由参数控制
2024-03-02 05:16:00,2024-03-02 05:30:00,15,风机联合连续重复,风机联合连续重复；用于计算重复风机功率扣减量，是否并入最终异常由参数控制
2024-03-02 05:16:00,2024-03-02 05:30:00,15,风机联合连续重复,风机联合连续重复；用于计算重复风机功率扣减量，是否并入最终异常由参数控制
2024-03-02 05:16:00,2024-03-02 05:30:00,15,风机联合连续重复,风机联合连续重复；用于计算重复风机功率扣减量，是否并入最终异常由参数控制
2024-03-02 05:16:00,2024-03-02 05:30:00,15,风机联合连续重复,风机联合连续重复；用于计算重复风机功率扣减量，是否并入最终异常由参数控制
2024-03-02 05:16:00,2024-03-02 05:30:00,15,风机联合连续重复,风机联合连续重复；用于计算重复风机功率扣减量，是否并入最终异常由参数控制
2024-03-02 05:16:00,2024-03-02 05:30:00,15,风机联合连续重复,风机联合连续重复；用于计算重复风机功率扣减量，是否并入最终异常由参数控制
2024-03-02 05:16:00,2024-03-02 05:30:00,15,风机联合连续重复,风机联合连续重复；用于计算重复风机功率扣减量，是否并入最终异常由参数控制
2024-03-02 05:16:00,2024-03-02 05:30:00,15,风机联合连续重复,风机联合连续重复；用于计算重复风机功率扣减量，是否并入最终异常由参数控制
2024-03-02 05:16:00,2024-03-02 05:30:00,15,风机联合连续重复,风机联合连续重复；用于计算重复风机功率扣减量，是否并入最终异常由参数控制
2024-03-02 05:16:00,2024-03-02 05:30:00,15,风机联合连续重复,风机联合连续重复；用于计算重复风机功率扣减量，是否并入最终异常由参数控制
2024-03-02 05:16:00,2024-03-02 05:30:00,15,风机联合连续重复,风机联合连续重复；用于计算重复风机功率扣减量，是否并入最终异常由参数控制
2024-03-02 05:16:00,2024-03-02 05:30:00,15,风机联合连续重复,风机联合连续重复；用于计算重复风机功率扣减量，是否并入最终异常由参数控制
2024-03-02 05:16:00,2024-03-02 05:30:00,15,风机联合连续重复,风机联合连续重复；用于计算重复风机功率扣减量，是否并入最终异常由参数控制
2024-03-02 05:16:00,2024-03-02 05:30:00,15,风机联合连续重复,风机联合连续重复；用于计算重复风机功率扣减量，是否并入最终异常由参数控制
2024-03-02 05:16:00,2024-03-02 05:30:00,15,风机联合连续重复,风机联合连续重复；用于计算重复风机功率扣减量，是否并入最终异常由参数控制
2024-03-02 05:16:00,2024-03-02 05:30:00,15,风机联合连续重复,风机联合连续重复；用于计算重复风机功率扣减量，是否并入最终异常由参数控制
2024-03-02 05:16:00,2024-03-02 05:30:00,15,风机联合连续重复,风机联合连续重复；用于计算重复风机功率扣减量，是否并入最终异常由参数控制
2024-03-02 05:16:00,2024-03-02 05:30:00,15,风机联合连续重复,风机联合连续重复；用于计算重复风机功率扣减量，是否并入最终异常由参数控制
2024-03-02 05:16:00,2024-03-02 05:30:00,15,风机联合连续重复,风机联合连续重复；用于计算重复风机功率扣减量，是否并入最终异常由参数控制
2024-03-02 05:16:00,2024-03-02 05:30:00,15,风机联合连续重复,风机联合连续重复；用于计算重复风机功率扣减量，是否并入最终异常由参数控制
2024-03-02 05:16:00,2024-03-02 05:30:00,15,风机联合连续重复,风机联合连续重复；用于计算重复风机功率扣减量，是否并入最终异常由参数控制
2024-03-02 05:16:00,2024-03-02 05:30:00,15,风机联合连续重复,风机联合连续重复；用于计算重复风机功率扣减量，是否并入最终异常由参数控制
2024-03-02 05:16:00,2024-03-02 05:30:00,15,风机联合连续重复,风机联合连续重复；用于计算重复风机功率扣减量，是否并入最终异常由参数控制
2024-03-02 05:16:00,2024-03-02 05:30:00,15,风机联合连续重复,风机联合连续重复；用于计算重复风机功率扣减量，是否并入最终异常由参数控制
2024-03-02 05:16:00,2024-03-02 05:30:00,15,风机联合连续重复,风机联合连续重复；用于计算重复风机功率扣减量，是否并入最终异常由参数控制
2024-03-02 05:16:00,2024-03-02 05:30:00,15,风机联合连续重复,风机联合连续重复；用于计算重复风机功率扣减量，是否并入最终异常由参数控制
2024-03-02 05:16:00,2024-03-02 05:30:00,15,风机联合连续重复,风机联合连续重复；用于计算重复风机功率扣减量，是否并入最终异常由参数控制
2024-03-02 05:16:00,2024-03-02 05:30:00,15,风机联合连续重复,风机联合连续重复；用于计算重复风机功率扣减量，是否并入最终异常由参数控制
2024-03-02 05:16:00,2024-03-02 05:30:00,15,风机联合连续重复,风机联合连续重复；用于计算重复风机功率扣减量，是否并入最终异常由参数控制
2024-03-02 05:16:00,2024-03-02 05:30:00,15,风机联合连续重复,风机联合连续重复；用于计算重复风机功率扣减量，是否并入最终异常由参数控制
2024-03-02 05:16:00,2024-03-02 05:30:00,15,风机联合连续重复,风机联合连续重复；用于计算重复风机功率扣减量，是否并入最终异常由参数控制
2024-03-02 05:16:00,2024-03-02 05:30:00,15,风机联合连续重复,风机联合连续重复；用于计算重复风机功率扣减量，是否并入最终异常由参数控制
2024-03-02 05:16:00,2024-03-02 05:31:00,16,风机联合连续重复,风机联合连续重复；用于计算重复风机功率扣减量，是否并入最终异常由参数控制
2024-03-02 05:16:00,2024-03-02 05:31:00,16,风机联合连续重复,风机联合连续重复；用于计算重复风机功率扣减量，是否并入最终异常由参数控制
2024-03-02 05:16:00,2024-03-02 05:31:00,16,风机联合连续重复,风机联合连续重复；用于计算重复风机功率扣减量，是否并入最终异常由参数控制
2024-03-02 05:16:00,2024-03-02 05:31:00,16,风机联合连续重复,风机联合连续重复；用于计算重复风机功率扣减量，是否并入最终异常由参数控制
2024-03-02 05:16:00,2024-03-02 05:31:00,16,风机联合连续重复,风机联合连续重复；用于计算重复风机功率扣减量，是否并入最终异常由参数控制
2024-03-02 05:16:00,2024-03-02 05:31:00,16,风机联合连续重复,风机联合连续重复；用于计算重复风机功率扣减量，是否并入最终异常由参数控制
2024-03-02 05:16:00,2024-03-02 05:31:00,16,风机联合连续重复,风机联合连续重复；用于计算重复风机功率扣减量，是否并入最终异常由参数控制
2024-03-02 05:16:00,2024-03-02 05:31:00,16,风机联合连续重复,风机联合连续重复；用于计算重复风机功率扣减量，是否并入最终异常由参数控制
2024-03-02 05:16:00,2024-03-02 05:31:00,16,风机联合连续重复,风机联合连续重复；用于计算重复风机功率扣减量，是否并入最终异常由参数控制
2024-03-02 05:16:00,2024-03-02 05:31:00,16,风机联合连续重复,风机联合连续重复；用于计算重复风机功率扣减量，是否并入最终异常由参数控制
2024-03-02 05:16:00,2024-03-02 05:31:00,16,风机联合连续重复,风机联合连续重复；用于计算重复风机功率扣减量，是否并入最终异常由参数控制
2024-03-02 05:16:00,2024-03-02 05:31:00,16,风机联合连续重复,风机联合连续重复；用于计算重复风机功率扣减量，是否并入最终异常由参数控制
2024-03-02 05:16:00,2024-03-02 05:31:00,16,风机联合连续重复,风机联合连续重复；用于计算重复风机功率扣减量，是否并入最终异常由参数控制
2024-03-02 05:16:00,2024-03-02 05:31:00,16,风机联合连续重复,风机联合连续重复；用于计算重复风机功率扣减量，是否并入最终异常由参数控制
2024-03-02 05:16:00,2024-03-02 05:31:00,16,风机联合连续重复,风机联合连续重复；用于计算重复风机功率扣减量，是否并入最终异常由参数控制
2024-03-02 05:16:00,2024-03-02 05:31:00,16,风机联合连续重复,风机联合连续重复；用于计算重复风机功率扣减量，是否并入最终异常由参数控制
2024-03-02 05:16:00,2024-03-02 05:31:00,16,风机联合连续重复,风机联合连续重复；用于计算重复风机功率扣减量，是否并入最终异常由参数控制
2024-03-02 05:16:00,2024-03-02 05:31:00,16,风机联合连续重复,风机联合连续重复；用于计算重复风机功率扣减量，是否并入最终异常由参数控制
2024-03-02 05:16:00,2024-03-02 05:31:00,16,风机联合连续重复,风机联合连续重复；用于计算重复风机功率扣减量，是否并入最终异常由参数控制
2024-03-04 10:38:00,2024-03-04 10:42:00,5,站端功率连续重复,ACTIVE_POWER_STATION 重复值大于阈值且持续长度大于阈值
2024-03-04 10:39:00,2024-03-04 10:42:00,4,风机联合连续重复,风机联合连续重复；用于计算重复风机功率扣减量，是否并入最终异常由参数控制
2024-03-04 10:39:00,2024-03-04 10:42:00,4,风机联合连续重复,风机联合连续重复；用于计算重复风机功率扣减量，是否并入最终异常由参数控制
2024-03-04 10:39:00,2024-03-04 10:42:00,4,风机联合连续重复,风机联合连续重复；用于计算重复风机功率扣减量，是否并入最终异常由参数控制
2024-03-04 10:39:00,2024-03-04 10:42:00,4,风机联合连续重复,风机联合连续重复；用于计算重复风机功率扣减量，是否并入最终异常由参数控制
2024-03-04 10:39:00,2024-03-04 10:42:00,4,风机联合连续重复,风机联合连续重复；用于计算重复风机功率扣减量，是否并入最终异常由参数控制
2024-03-04 10:39:00,2024-03-04 10:42:00,4,风机联合连续重复,风机联合连续重复；用于计算重复风机功率扣减量，是否并入最终异常由参数控制
2024-03-04 10:39:00,2024-03-04 10:42:00,4,风机联合连续重复,风机联合连续重复；用于计算重复风机功率扣减量，是否并入最终异常由参数控制
2024-03-04 10:39:00,2024-03-04 10:42:00,4,风机联合连续重复,风机联合连续重复；用于计算重复风机功率扣减量，是否并入最终异常由参数控制
2024-03-04 10:39:00,2024-03-04 10:42:00,4,风机联合连续重复,风机联合连续重复；用于计算重复风机功率扣减量，是否并入最终异常由参数控制
2024-03-04 10:39:00,2024-03-04 10:42:00,4,风机联合连续重复,风机联合连续重复；用于计算重复风机功率扣减量，是否并入最终异常由参数控制
2024-03-04 10:39:00,2024-03-04 10:42:00,4,风机联合连续重复,风机联合连续重复；用于计算重复风机功率扣减量，是否并入最终异常由参数控制
2024-03-04 10:39:00,2024-03-04 10:42:00,4,风机联合连续重复,风机联合连续重复；用于计算重复风机功率扣减量，是否并入最终异常由参数控制
2024-03-04 10:39:00,2024-03-04 10:42:00,4,风机联合连续重复,风机联合连续重复；用于计算重复风机功率扣减量，是否并入最终异常由参数控制
2024-03-04 10:39:00,2024-03-04 10:42:00,4,风机联合连续重复,风机联合连续重复；用于计算重复风机功率扣减量，是否并入最终异常由参数控制
2024-03-04 10:39:00,2024-03-04 10:42:00,4,风机联合连续重复,风机联合连续重复；用于计算重复风机功率扣减量，是否并入最终异常由参数控制
2024-03-04 10:39:00,2024-03-04 10:42:00,4,风机联合连续重复,风机联合连续重复；用于计算重复风机功率扣减量，是否并入最终异常由参数控制
2024-03-04 10:39:00,2024-03-04 10:42:00,4,风机联合连续重复,风机联合连续重复；用于计算重复风机功率扣减量，是否并入最终异常由参数控制
2024-03-04 10:39:00,2024-03-04 10:42:00,4,风机联合连续重复,风机联合连续重复；用于计算重复风机功率扣减量，是否并入最终异常由参数控制
2024-03-04 10:39:00,2024-03-04 10:42:00,4,风机联合连续重复,风机联合连续重复；用于计算重复风机功率扣减量，是否并入最终异常由参数控制
2024-03-04 10:39:00,2024-03-04 10:42:00,4,风机联合连续重复,风机联合连续重复；用于计算重复风机功率扣减量，是否并入最终异常由参数控制
2024-03-04 10:39:00,2024-03-04 10:42:00,4,风机联合连续重复,风机联合连续重复；用于计算重复风机功率扣减量，是否并入最终异常由参数控制
2024-03-04 10:39:00,2024-03-04 10:42:00,4,风机联合连续重复,风机联合连续重复；用于计算重复风机功率扣减量，是否并入最终异常由参数控制
2024-03-04 10:39:00,2024-03-04 10:42:00,4,风机联合连续重复,风机联合连续重复；用于计算重复风机功率扣减量，是否并入最终异常由参数控制
2024-03-04 10:39:00,2024-03-04 10:42:00,4,风机联合连续重复,风机联合连续重复；用于计算重复风机功率扣减量，是否并入最终异常由参数控制
2024-03-04 10:39:00,2024-03-04 10:42:00,4,风机联合连续重复,风机联合连续重复；用于计算重复风机功率扣减量，是否并入最终异常由参数控制
2024-03-04 10:39:00,2024-03-04 10:42:00,4,风机联合连续重复,风机联合连续重复；用于计算重复风机功率扣减量，是否并入最终异常由参数控制
2024-03-04 10:39:00,2024-03-04 10:42:00,4,风机联合连续重复,风机联合连续重复；用于计算重复风机功率扣减量，是否并入最终异常由参数控制
2024-03-04 10:39:00,2024-03-04 10:42:00,4,风机联合连续重复,风机联合连续重复；用于计算重复风机功率扣减量，是否并入最终异常由参数控制
2024-03-04 10:39:00,2024-03-04 10:42:00,4,风机联合连续重复,风机联合连续重复；用于计算重复风机功率扣减量，是否并入最终异常由参数控制
2024-03-04 10:39:00,2024-03-04 10:42:00,4,风机联合连续重复,风机联合连续重复；用于计算重复风机功率扣减量，是否并入最终异常由参数控制
2024-03-04 10:39:00,2024-03-04 10:42:00,4,风机联合连续重复,风机联合连续重复；用于计算重复风机功率扣减量，是否并入最终异常由参数控制
2024-03-04 10:39:00,2024-03-04 10:42:00,4,风机联合连续重复,风机联合连续重复；用于计算重复风机功率扣减量，是否并入最终异常由参数控制
2024-03-04 10:39:00,2024-03-04 10:42:00,4,风机联合连续重复,风机联合连续重复；用于计算重复风机功率扣减量，是否并入最终异常由参数控制
2024-03-04 10:39:00,2024-03-04 10:42:00,4,风机联合连续重复,风机联合连续重复；用于计算重复风机功率扣减量，是否并入最终异常由参数控制
2024-03-04 10:39:00,2024-03-04 10:42:00,4,风机联合连续重复,风机联合连续重复；用于计算重复风机功率扣减量，是否并入最终异常由参数控制
2024-03-04 10:39:00,2024-03-04 10:42:00,4,风机联合连续重复,风机联合连续重复；用于计算重复风机功率扣减量，是否并入最终异常由参数控制
2024-03-04 10:39:00,2024-03-04 10:42:00,4,风机联合连续重复,风机联合连续重复；用于计算重复风机功率扣减量，是否并入最终异常由参数控制
2024-03-04 10:39:00,2024-03-04 10:42:00,4,风机联合连续重复,风机联合连续重复；用于计算重复风机功率扣减量，是否并入最终异常由参数控制
2024-03-04 10:39:00,2024-03-04 10:42:00,4,风机联合连续重复,风机联合连续重复；用于计算重复风机功率扣减量，是否并入最终异常由参数控制
2024-03-04 10:39:00,2024-03-04 10:42:00,4,风机联合连续重复,风机联合连续重复；用于计算重复风机功率扣减量，是否并入最终异常由参数控制
2024-03-04 10:39:00,2024-03-04 10:42:00,4,风机联合连续重复,风机联合连续重复；用于计算重复风机功率扣减量，是否并入最终异常由参数控制
2024-03-04 10:39:00,2024-03-04 10:42:00,4,风机联合连续重复,风机联合连续重复；用于计算重复风机功率扣减量，是否并入最终异常由参数控制
2024-03-04 10:39:00,2024-03-04 10:42:00,4,风机联合连续重复,风机联合连续重复；用于计算重复风机功率扣减量，是否并入最终异常由参数控制
2024-03-04 10:39:00,2024-03-04 10:42:00,4,风机联合连续重复,风机联合连续重复；用于计算重复风机功率扣减量，是否并入最终异常由参数控制
2024-03-04 10:39:00,2024-03-04 10:42:00,4,风机联合连续重复,风机联合连续重复；用于计算重复风机功率扣减量，是否并入最终异常由参数控制
2024-03-04 10:39:00,2024-03-04 10:42:00,4,风机联合连续重复,风机联合连续重复；用于计算重复风机功率扣减量，是否并入最终异常由参数控制
2024-03-04 10:39:00,2024-03-04 10:42:00,4,风机联合连续重复,风机联合连续重复；用于计算重复风机功率扣减量，是否并入最终异常由参数控制
2024-03-04 10:39:00,2024-03-04 10:42:00,4,风机联合连续重复,风机联合连续重复；用于计算重复风机功率扣减量，是否并入最终异常由参数控制
2024-03-04 10:39:00,2024-03-04 10:42:00,4,风机联合连续重复,风机联合连续重复；用于计算重复风机功率扣减量，是否并入最终异常由参数控制
2024-03-04 10:39:00,2024-03-04 10:42:00,4,风机联合连续重复,风机联合连续重复；用于计算重复风机功率扣减量，是否并入最终异常由参数控制
2024-03-04 10:39:00,2024-03-04 10:42:00,4,风机联合连续重复,风机联合连续重复；用于计算重复风机功率扣减量，是否并入最终异常由参数控制
2024-03-04 10:39:00,2024-03-04 10:42:00,4,风机联合连续重复,风机联合连续重复；用于计算重复风机功率扣减量，是否并入最终异常由参数控制
2024-03-04 10:39:00,2024-03-04 10:42:00,4,风机联合连续重复,风机联合连续重复；用于计算重复风机功率扣减量，是否并入最终异常由参数控制
2024-03-04 10:39:00,2024-03-04 10:42:00,4,风机联合连续重复,风机联合连续重复；用于计算重复风机功率扣减量，是否并入最终异常由参数控制
2024-03-04 10:39:00,2024-03-04 10:42:00,4,风机联合连续重复,风机联合连续重复；用于计算重复风机功率扣减量，是否并入最终异常由参数控制
2024-03-04 10:39:00,2024-03-04 10:42:00,4,风机联合连续重复,风机联合连续重复；用于计算重复风机功率扣减量，是否并入最终异常由参数控制
2024-03-04 10:39:00,2024-03-04 10:42:00,4,风机联合连续重复,风机联合连续重复；用于计算重复风机功率扣减量，是否并入最终异常由参数控制
2024-03-05 02:04:00,2024-03-05 02:15:00,12,风机联合连续重复,风机联合连续重复；用于计算重复风机功率扣减量，是否并入最终异常由参数控制
2024-03-10 12:16:00,2024-03-10 12:35:00,20,风机联合连续重复,风机联合连续重复；用于计算重复风机功率扣减量，是否并入最终异常由参数控制
2024-03-14 19:37:00,2024-03-14 19:42:00,6,风机联合连续重复,风机联合连续重复；用于计算重复风机功率扣减量，是否并入最终异常由参数控制
2024-03-23 02:14:00,2024-03-23 04:09:00,116,风机联合连续重复,风机联合连续重复；用于计算重复风机功率扣减量，是否并入最终异常由参数控制
2024-03-24 09:52:00,2024-03-24 10:15:00,24,风机联合连续重复,风机联合连续重复；用于计算重复风机功率扣减量，是否并入最终异常由参数控制
2024-03-24 10:55:00,2024-03-25 02:19:00,925,风机联合连续重复,风机联合连续重复；用于计算重复风机功率扣减量，是否并入最终异常由参数控制
2024-03-28 04:09:00,2024-03-28 04:12:00,4,风机联合连续重复,风机联合连续重复；用于计算重复风机功率扣减量，是否并入最终异常由参数控制
2024-03-29 15:28:00,2024-03-29 15:31:00,4,风机联合连续重复,风机联合连续重复；用于计算重复风机功率扣减量，是否并入最终异常由参数控制
2024-03-29 15:28:00,2024-03-29 15:31:00,4,风机联合连续重复,风机联合连续重复；用于计算重复风机功率扣减量，是否并入最终异常由参数控制
2024-03-29 15:28:00,2024-03-29 15:31:00,4,风机联合连续重复,风机联合连续重复；用于计算重复风机功率扣减量，是否并入最终异常由参数控制
2024-03-29 15:28:00,2024-03-29 15:31:00,4,风机联合连续重复,风机联合连续重复；用于计算重复风机功率扣减量，是否并入最终异常由参数控制
2024-03-29 15:28:00,2024-03-29 15:31:00,4,风机联合连续重复,风机联合连续重复；用于计算重复风机功率扣减量，是否并入最终异常由参数控制
2024-03-29 15:28:00,2024-03-29 15:31:00,4,风机联合连续重复,风机联合连续重复；用于计算重复风机功率扣减量，是否并入最终异常由参数控制
2024-03-29 15:28:00,2024-03-29 15:31:00,4,风机联合连续重复,风机联合连续重复；用于计算重复风机功率扣减量，是否并入最终异常由参数控制
2024-03-29 15:28:00,2024-03-29 15:31:00,4,风机联合连续重复,风机联合连续重复；用于计算重复风机功率扣减量，是否并入最终异常由参数控制
2024-03-29 15:28:00,2024-03-29 15:31:00,4,风机联合连续重复,风机联合连续重复；用于计算重复风机功率扣减量，是否并入最终异常由参数控制
2024-03-29 15:28:00,2024-03-29 15:31:00,4,风机联合连续重复,风机联合连续重复；用于计算重复风机功率扣减量，是否并入最终异常由参数控制
2024-03-29 15:28:00,2024-03-29 15:31:00,4,风机联合连续重复,风机联合连续重复；用于计算重复风机功率扣减量，是否并入最终异常由参数控制
2024-03-29 15:28:00,2024-03-29 15:31:00,4,风机联合连续重复,风机联合连续重复；用于计算重复风机功率扣减量，是否并入最终异常由参数控制
2024-03-29 15:28:00,2024-03-29 15:31:00,4,风机联合连续重复,风机联合连续重复；用于计算重复风机功率扣减量，是否并入最终异常由参数控制
2024-03-29 15:28:00,2024-03-29 15:31:00,4,风机联合连续重复,风机联合连续重复；用于计算重复风机功率扣减量，是否并入最终异常由参数控制
2024-03-29 15:28:00,2024-03-29 15:31:00,4,风机联合连续重复,风机联合连续重复；用于计算重复风机功率扣减量，是否并入最终异常由参数控制
2024-03-29 15:28:00,2024-03-29 15:31:00,4,风机联合连续重复,风机联合连续重复；用于计算重复风机功率扣减量，是否并入最终异常由参数控制
2024-03-29 15:28:00,2024-03-29 15:31:00,4,风机联合连续重复,风机联合连续重复；用于计算重复风机功率扣减量，是否并入最终异常由参数控制
2024-03-29 15:28:00,2024-03-29 15:31:00,4,风机联合连续重复,风机联合连续重复；用于计算重复风机功率扣减量，是否并入最终异常由参数控制
2024-03-29 15:28:00,2024-03-29 15:31:00,4,风机联合连续重复,风机联合连续重复；用于计算重复风机功率扣减量，是否并入最终异常由参数控制
2024-03-29 15:28:00,2024-03-29 15:31:00,4,风机联合连续重复,风机联合连续重复；用于计算重复风机功率扣减量，是否并入最终异常由参数控制
2024-03-29 15:28:00,2024-03-29 15:31:00,4,风机联合连续重复,风机联合连续重复；用于计算重复风机功率扣减量，是否并入最终异常由参数控制
2024-03-29 15:28:00,2024-03-29 15:31:00,4,风机联合连续重复,风机联合连续重复；用于计算重复风机功率扣减量，是否并入最终异常由参数控制
2024-03-29 15:28:00,2024-03-29 15:31:00,4,风机联合连续重复,风机联合连续重复；用于计算重复风机功率扣减量，是否并入最终异常由参数控制
2024-03-29 15:28:00,2024-03-29 15:31:00,4,风机联合连续重复,风机联合连续重复；用于计算重复风机功率扣减量，是否并入最终异常由参数控制
2024-03-29 15:28:00,2024-03-29 15:31:00,4,风机联合连续重复,风机联合连续重复；用于计算重复风机功率扣减量，是否并入最终异常由参数控制
2024-03-29 15:28:00,2024-03-29 15:31:00,4,风机联合连续重复,风机联合连续重复；用于计算重复风机功率扣减量，是否并入最终异常由参数控制
2024-03-29 15:28:00,2024-03-29 15:31:00,4,风机联合连续重复,风机联合连续重复；用于计算重复风机功率扣减量，是否并入最终异常由参数控制
2024-03-29 15:28:00,2024-03-29 15:31:00,4,风机联合连续重复,风机联合连续重复；用于计算重复风机功率扣减量，是否并入最终异常由参数控制
2024-03-29 15:28:00,2024-03-29 15:31:00,4,风机联合连续重复,风机联合连续重复；用于计算重复风机功率扣减量，是否并入最终异常由参数控制
2024-03-29 15:28:00,2024-03-29 15:31:00,4,风机联合连续重复,风机联合连续重复；用于计算重复风机功率扣减量，是否并入最终异常由参数控制
2024-03-29 15:28:00,2024-03-29 15:31:00,4,风机联合连续重复,风机联合连续重复；用于计算重复风机功率扣减量，是否并入最终异常由参数控制
2024-03-29 15:28:00,2024-03-29 15:31:00,4,风机联合连续重复,风机联合连续重复；用于计算重复风机功率扣减量，是否并入最终异常由参数控制
2024-03-29 15:28:00,2024-03-29 15:31:00,4,风机联合连续重复,风机联合连续重复；用于计算重复风机功率扣减量，是否并入最终异常由参数控制
2024-03-29 15:28:00,2024-03-29 15:31:00,4,风机联合连续重复,风机联合连续重复；用于计算重复风机功率扣减量，是否并入最终异常由参数控制
2024-03-29 15:28:00,2024-03-29 15:31:00,4,风机联合连续重复,风机联合连续重复；用于计算重复风机功率扣减量，是否并入最终异常由参数控制
2024-03-29 15:28:00,2024-03-29 15:31:00,4,风机联合连续重复,风机联合连续重复；用于计算重复风机功率扣减量，是否并入最终异常由参数控制
2024-03-29 15:28:00,2024-03-29 15:31:00,4,风机联合连续重复,风机联合连续重复；用于计算重复风机功率扣减量，是否并入最终异常由参数控制
2024-03-29 15:28:00,2024-03-29 15:31:00,4,风机联合连续重复,风机联合连续重复；用于计算重复风机功率扣减量，是否并入最终异常由参数控制
2024-03-29 15:28:00,2024-03-29 15:31:00,4,风机联合连续重复,风机联合连续重复；用于计算重复风机功率扣减量，是否并入最终异常由参数控制
2024-03-29 15:28:00,2024-03-29 15:31:00,4,风机联合连续重复,风机联合连续重复；用于计算重复风机功率扣减量，是否并入最终异常由参数控制
2024-03-29 15:28:00,2024-03-29 15:31:00,4,风机联合连续重复,风机联合连续重复；用于计算重复风机功率扣减量，是否并入最终异常由参数控制
2024-03-29 15:28:00,2024-03-29 15:31:00,4,风机联合连续重复,风机联合连续重复；用于计算重复风机功率扣减量，是否并入最终异常由参数控制
2024-03-29 15:28:00,2024-03-29 15:31:00,4,风机联合连续重复,风机联合连续重复；用于计算重复风机功率扣减量，是否并入最终异常由参数控制
2024-03-29 15:28:00,2024-03-29 15:31:00,4,风机联合连续重复,风机联合连续重复；用于计算重复风机功率扣减量，是否并入最终异常由参数控制
2024-03-29 15:28:00,2024-03-29 15:31:00,4,风机联合连续重复,风机联合连续重复；用于计算重复风机功率扣减量，是否并入最终异常由参数控制
2024-03-29 15:28:00,2024-03-29 15:31:00,4,风机联合连续重复,风机联合连续重复；用于计算重复风机功率扣减量，是否并入最终异常由参数控制
2024-03-29 15:28:00,2024-03-29 15:31:00,4,风机联合连续重复,风机联合连续重复；用于计算重复风机功率扣减量，是否并入最终异常由参数控制
2024-03-29 15:28:00,2024-03-29 15:31:00,4,风机联合连续重复,风机联合连续重复；用于计算重复风机功率扣减量，是否并入最终异常由参数控制
2024-03-29 15:28:00,2024-03-29 15:31:00,4,风机联合连续重复,风机联合连续重复；用于计算重复风机功率扣减量，是否并入最终异常由参数控制
2024-03-29 15:28:00,2024-03-29 15:31:00,4,风机联合连续重复,风机联合连续重复；用于计算重复风机功率扣减量，是否并入最终异常由参数控制
2024-03-29 15:28:00,2024-03-29 15:31:00,4,风机联合连续重复,风机联合连续重复；用于计算重复风机功率扣减量，是否并入最终异常由参数控制
2024-03-29 15:28:00,2024-03-29 15:31:00,4,风机联合连续重复,风机联合连续重复；用于计算重复风机功率扣减量，是否并入最终异常由参数控制
2024-03-29 15:28:00,2024-03-29 15:31:00,4,风机联合连续重复,风机联合连续重复；用于计算重复风机功率扣减量，是否并入最终异常由参数控制
2024-03-29 15:28:00,2024-03-29 15:31:00,4,风机联合连续重复,风机联合连续重复；用于计算重复风机功率扣减量，是否并入最终异常由参数控制
2024-03-29 15:28:00,2024-03-29 15:31:00,4,风机联合连续重复,风机联合连续重复；用于计算重复风机功率扣减量，是否并入最终异常由参数控制
2024-03-29 15:28:00,2024-03-29 15:31:00,4,风机联合连续重复,风机联合连续重复；用于计算重复风机功率扣减量，是否并入最终异常由参数控制
2024-03-29 15:28:00,2024-03-29 15:31:00,4,风机联合连续重复,风机联合连续重复；用于计算重复风机功率扣减量，是否并入最终异常由参数控制
2024-03-29 15:28:00,2024-03-29 15:31:00,4,风机联合连续重复,风机联合连续重复；用于计算重复风机功率扣减量，是否并入最终异常由参数控制
2024-03-29 15:28:00,2024-03-29 15:31:00,4,站端功率连续重复,ACTIVE_POWER_STATION 重复值大于阈值且持续长度大于阈值
2024-03-30 00:42:00,2024-03-30 00:45:00,4,站端功率连续重复,ACTIVE_POWER_STATION 重复值大于阈值且持续长度大于阈值
2024-03-30 01:18:00,2024-03-30 01:21:00,4,站端功率连续重复,ACTIVE_POWER_STATION 重复值大于阈值且持续长度大于阈值
2024-03-30 11:39:00,2024-03-30 16:11:00,273,风机联合连续重复,风机联合连续重复；用于计算重复风机功率扣减量，是否并入最终异常由参数控制
2024-04-09 01:16:00,2024-04-09 01:30:00,15,站端功率连续重复,ACTIVE_POWER_STATION 重复值大于阈值且持续长度大于阈值
2024-04-09 07:09:00,2024-04-09 19:02:00,714,风机联合连续重复,风机联合连续重复；用于计算重复风机功率扣减量，是否并入最终异常由参数控制
2024-04-09 09:50:00,2024-04-09 12:58:00,189,风机联合连续重复,风机联合连续重复；用于计算重复风机功率扣减量，是否并入最终异常由参数控制
2024-04-10 12:13:00,2024-04-10 12:16:00,4,站端功率连续重复,ACTIVE_POWER_STATION 重复值大于阈值且持续长度大于阈值
2024-04-11 12:56:00,2024-04-11 16:18:00,203,风机联合连续重复,风机联合连续重复；用于计算重复风机功率扣减量，是否并入最终异常由参数控制
2024-04-11 12:56:00,2024-04-11 16:18:00,203,风机联合连续重复,风机联合连续重复；用于计算重复风机功率扣减量，是否并入最终异常由参数控制
2024-04-11 12:56:00,2024-04-11 16:18:00,203,风机联合连续重复,风机联合连续重复；用于计算重复风机功率扣减量，是否并入最终异常由参数控制
2024-04-11 12:56:00,2024-04-11 16:18:00,203,风机联合连续重复,风机联合连续重复；用于计算重复风机功率扣减量，是否并入最终异常由参数控制
2024-04-11 12:56:00,2024-04-11 16:18:00,203,风机联合连续重复,风机联合连续重复；用于计算重复风机功率扣减量，是否并入最终异常由参数控制
2024-04-11 12:56:00,2024-04-11 16:18:00,203,风机联合连续重复,风机联合连续重复；用于计算重复风机功率扣减量，是否并入最终异常由参数控制
2024-04-11 12:56:00,2024-04-11 16:18:00,203,风机联合连续重复,风机联合连续重复；用于计算重复风机功率扣减量，是否并入最终异常由参数控制
2024-04-11 12:56:00,2024-04-11 16:18:00,203,风机联合连续重复,风机联合连续重复；用于计算重复风机功率扣减量，是否并入最终异常由参数控制
2024-04-11 12:56:00,2024-04-11 16:18:00,203,风机联合连续重复,风机联合连续重复；用于计算重复风机功率扣减量，是否并入最终异常由参数控制
2024-04-11 12:56:00,2024-04-11 16:18:00,203,风机联合连续重复,风机联合连续重复；用于计算重复风机功率扣减量，是否并入最终异常由参数控制
2024-04-11 12:56:00,2024-04-11 16:18:00,203,风机联合连续重复,风机联合连续重复；用于计算重复风机功率扣减量，是否并入最终异常由参数控制
2024-04-11 12:56:00,2024-04-11 16:18:00,203,风机联合连续重复,风机联合连续重复；用于计算重复风机功率扣减量，是否并入最终异常由参数控制
2024-04-11 12:56:00,2024-04-11 16:18:00,203,风机联合连续重复,风机联合连续重复；用于计算重复风机功率扣减量，是否并入最终异常由参数控制
2024-04-11 12:56:00,2024-04-11 16:18:00,203,风机联合连续重复,风机联合连续重复；用于计算重复风机功率扣减量，是否并入最终异常由参数控制
2024-04-11 12:56:00,2024-04-11 16:18:00,203,风机联合连续重复,风机联合连续重复；用于计算重复风机功率扣减量，是否并入最终异常由参数控制
2024-04-11 12:56:00,2024-04-11 16:18:00,203,风机联合连续重复,风机联合连续重复；用于计算重复风机功率扣减量，是否并入最终异常由参数控制
2024-04-11 12:56:00,2024-04-11 16:18:00,203,风机联合连续重复,风机联合连续重复；用于计算重复风机功率扣减量，是否并入最终异常由参数控制
2024-04-11 12:56:00,2024-04-11 16:18:00,203,风机联合连续重复,风机联合连续重复；用于计算重复风机功率扣减量，是否并入最终异常由参数控制
2024-04-11 12:56:00,2024-04-11 16:18:00,203,风机联合连续重复,风机联合连续重复；用于计算重复风机功率扣减量，是否并入最终异常由参数控制
2024-04-11 13:53:00,2024-04-11 14:14:00,22,风机联合连续重复,风机联合连续重复；用于计算重复风机功率扣减量，是否并入最终异常由参数控制
2024-04-11 13:53:00,2024-04-11 14:36:00,44,风机联合连续重复,风机联合连续重复；用于计算重复风机功率扣减量，是否并入最终异常由参数控制
2024-04-11 13:53:00,2024-04-11 14:36:00,44,风机联合连续重复,风机联合连续重复；用于计算重复风机功率扣减量，是否并入最终异常由参数控制
2024-04-11 13:53:00,2024-04-11 14:36:00,44,风机联合连续重复,风机联合连续重复；用于计算重复风机功率扣减量，是否并入最终异常由参数控制
2024-04-11 13:53:00,2024-04-11 14:36:00,44,风机联合连续重复,风机联合连续重复；用于计算重复风机功率扣减量，是否并入最终异常由参数控制
2024-04-11 13:53:00,2024-04-11 14:36:00,44,风机联合连续重复,风机联合连续重复；用于计算重复风机功率扣减量，是否并入最终异常由参数控制
2024-04-11 13:53:00,2024-04-11 14:36:00,44,风机联合连续重复,风机联合连续重复；用于计算重复风机功率扣减量，是否并入最终异常由参数控制
2024-04-11 13:53:00,2024-04-11 14:36:00,44,风机联合连续重复,风机联合连续重复；用于计算重复风机功率扣减量，是否并入最终异常由参数控制
2024-04-11 13:53:00,2024-04-11 14:36:00,44,风机联合连续重复,风机联合连续重复；用于计算重复风机功率扣减量，是否并入最终异常由参数控制
2024-04-11 13:53:00,2024-04-11 14:36:00,44,风机联合连续重复,风机联合连续重复；用于计算重复风机功率扣减量，是否并入最终异常由参数控制
2024-04-11 13:53:00,2024-04-11 14:36:00,44,风机联合连续重复,风机联合连续重复；用于计算重复风机功率扣减量，是否并入最终异常由参数控制
2024-04-11 13:53:00,2024-04-11 14:36:00,44,风机联合连续重复,风机联合连续重复；用于计算重复风机功率扣减量，是否并入最终异常由参数控制
2024-04-11 13:53:00,2024-04-11 14:36:00,44,风机联合连续重复,风机联合连续重复；用于计算重复风机功率扣减量，是否并入最终异常由参数控制
2024-04-11 13:53:00,2024-04-11 14:36:00,44,风机联合连续重复,风机联合连续重复；用于计算重复风机功率扣减量，是否并入最终异常由参数控制
2024-04-11 13:53:00,2024-04-11 14:36:00,44,风机联合连续重复,风机联合连续重复；用于计算重复风机功率扣减量，是否并入最终异常由参数控制
2024-04-11 13:53:00,2024-04-11 14:36:00,44,风机联合连续重复,风机联合连续重复；用于计算重复风机功率扣减量，是否并入最终异常由参数控制
2024-04-11 13:53:00,2024-04-11 14:36:00,44,风机联合连续重复,风机联合连续重复；用于计算重复风机功率扣减量，是否并入最终异常由参数控制
2024-04-11 13:53:00,2024-04-11 14:36:00,44,风机联合连续重复,风机联合连续重复；用于计算重复风机功率扣减量，是否并入最终异常由参数控制
2024-04-11 13:53:00,2024-04-11 14:36:00,44,风机联合连续重复,风机联合连续重复；用于计算重复风机功率扣减量，是否并入最终异常由参数控制
2024-04-11 13:53:00,2024-04-11 14:36:00,44,风机联合连续重复,风机联合连续重复；用于计算重复风机功率扣减量，是否并入最终异常由参数控制
2024-04-11 13:53:00,2024-04-11 14:36:00,44,风机联合连续重复,风机联合连续重复；用于计算重复风机功率扣减量，是否并入最终异常由参数控制
2024-04-11 13:53:00,2024-04-11 14:36:00,44,风机联合连续重复,风机联合连续重复；用于计算重复风机功率扣减量，是否并入最终异常由参数控制
2024-04-11 13:53:00,2024-04-11 14:36:00,44,风机联合连续重复,风机联合连续重复；用于计算重复风机功率扣减量，是否并入最终异常由参数控制
2024-04-11 13:53:00,2024-04-11 14:36:00,44,风机联合连续重复,风机联合连续重复；用于计算重复风机功率扣减量，是否并入最终异常由参数控制
2024-04-11 13:53:00,2024-04-11 14:36:00,44,风机联合连续重复,风机联合连续重复；用于计算重复风机功率扣减量，是否并入最终异常由参数控制
2024-04-11 13:53:00,2024-04-11 14:36:00,44,风机联合连续重复,风机联合连续重复；用于计算重复风机功率扣减量，是否并入最终异常由参数控制
2024-04-11 13:53:00,2024-04-11 14:36:00,44,风机联合连续重复,风机联合连续重复；用于计算重复风机功率扣减量，是否并入最终异常由参数控制
2024-04-11 13:53:00,2024-04-11 14:36:00,44,风机联合连续重复,风机联合连续重复；用于计算重复风机功率扣减量，是否并入最终异常由参数控制
2024-04-11 13:53:00,2024-04-11 14:36:00,44,风机联合连续重复,风机联合连续重复；用于计算重复风机功率扣减量，是否并入最终异常由参数控制
2024-04-11 13:53:00,2024-04-11 14:36:00,44,风机联合连续重复,风机联合连续重复；用于计算重复风机功率扣减量，是否并入最终异常由参数控制
2024-04-11 13:53:00,2024-04-11 14:36:00,44,风机联合连续重复,风机联合连续重复；用于计算重复风机功率扣减量，是否并入最终异常由参数控制
2024-04-11 13:53:00,2024-04-11 14:36:00,44,风机联合连续重复,风机联合连续重复；用于计算重复风机功率扣减量，是否并入最终异常由参数控制
2024-04-11 13:53:00,2024-04-11 14:36:00,44,风机联合连续重复,风机联合连续重复；用于计算重复风机功率扣减量，是否并入最终异常由参数控制
2024-04-11 13:53:00,2024-04-11 14:36:00,44,风机联合连续重复,风机联合连续重复；用于计算重复风机功率扣减量，是否并入最终异常由参数控制
2024-04-11 13:53:00,2024-04-11 14:36:00,44,风机联合连续重复,风机联合连续重复；用于计算重复风机功率扣减量，是否并入最终异常由参数控制
2024-04-11 13:53:00,2024-04-11 14:36:00,44,风机联合连续重复,风机联合连续重复；用于计算重复风机功率扣减量，是否并入最终异常由参数控制
2024-04-12 10:50:00,2024-04-12 10:54:00,5,风机联合连续重复,风机联合连续重复；用于计算重复风机功率扣减量，是否并入最终异常由参数控制
2024-04-12 10:50:00,2024-04-12 10:54:00,5,风机联合连续重复,风机联合连续重复；用于计算重复风机功率扣减量，是否并入最终异常由参数控制
2024-04-12 10:50:00,2024-04-12 10:54:00,5,风机联合连续重复,风机联合连续重复；用于计算重复风机功率扣减量，是否并入最终异常由参数控制
2024-04-12 10:50:00,2024-04-12 10:54:00,5,风机联合连续重复,风机联合连续重复；用于计算重复风机功率扣减量，是否并入最终异常由参数控制
2024-04-12 10:50:00,2024-04-12 10:54:00,5,风机联合连续重复,风机联合连续重复；用于计算重复风机功率扣减量，是否并入最终异常由参数控制
2024-04-12 10:50:00,2024-04-12 10:54:00,5,风机联合连续重复,风机联合连续重复；用于计算重复风机功率扣减量，是否并入最终异常由参数控制
2024-04-12 10:50:00,2024-04-12 10:54:00,5,风机联合连续重复,风机联合连续重复；用于计算重复风机功率扣减量，是否并入最终异常由参数控制
2024-04-12 10:50:00,2024-04-12 10:54:00,5,风机联合连续重复,风机联合连续重复；用于计算重复风机功率扣减量，是否并入最终异常由参数控制
2024-04-12 10:50:00,2024-04-12 10:54:00,5,风机联合连续重复,风机联合连续重复；用于计算重复风机功率扣减量，是否并入最终异常由参数控制
2024-04-12 10:50:00,2024-04-12 10:54:00,5,风机联合连续重复,风机联合连续重复；用于计算重复风机功率扣减量，是否并入最终异常由参数控制
2024-04-12 10:50:00,2024-04-12 10:54:00,5,风机联合连续重复,风机联合连续重复；用于计算重复风机功率扣减量，是否并入最终异常由参数控制
2024-04-12 10:50:00,2024-04-12 10:54:00,5,风机联合连续重复,风机联合连续重复；用于计算重复风机功率扣减量，是否并入最终异常由参数控制
2024-04-12 10:50:00,2024-04-12 10:54:00,5,风机联合连续重复,风机联合连续重复；用于计算重复风机功率扣减量，是否并入最终异常由参数控制
2024-04-12 10:50:00,2024-04-12 10:54:00,5,风机联合连续重复,风机联合连续重复；用于计算重复风机功率扣减量，是否并入最终异常由参数控制
2024-04-12 10:50:00,2024-04-12 10:54:00,5,风机联合连续重复,风机联合连续重复；用于计算重复风机功率扣减量，是否并入最终异常由参数控制
2024-04-12 10:50:00,2024-04-12 10:54:00,5,风机联合连续重复,风机联合连续重复；用于计算重复风机功率扣减量，是否并入最终异常由参数控制
2024-04-12 10:50:00,2024-04-12 10:54:00,5,风机联合连续重复,风机联合连续重复；用于计算重复风机功率扣减量，是否并入最终异常由参数控制
2024-04-12 10:50:00,2024-04-12 10:54:00,5,风机联合连续重复,风机联合连续重复；用于计算重复风机功率扣减量，是否并入最终异常由参数控制
2024-04-12 10:50:00,2024-04-12 10:54:00,5,风机联合连续重复,风机联合连续重复；用于计算重复风机功率扣减量，是否并入最终异常由参数控制
2024-04-12 10:50:00,2024-04-12 10:54:00,5,风机联合连续重复,风机联合连续重复；用于计算重复风机功率扣减量，是否并入最终异常由参数控制
2024-04-12 10:50:00,2024-04-12 10:56:00,7,风机联合连续重复,风机联合连续重复；用于计算重复风机功率扣减量，是否并入最终异常由参数控制
2024-04-12 10:50:00,2024-04-12 10:56:00,7,风机联合连续重复,风机联合连续重复；用于计算重复风机功率扣减量，是否并入最终异常由参数控制
2024-04-12 10:50:00,2024-04-12 10:56:00,7,风机联合连续重复,风机联合连续重复；用于计算重复风机功率扣减量，是否并入最终异常由参数控制
2024-04-12 10:50:00,2024-04-12 10:56:00,7,风机联合连续重复,风机联合连续重复；用于计算重复风机功率扣减量，是否并入最终异常由参数控制
2024-04-12 10:50:00,2024-04-12 10:56:00,7,风机联合连续重复,风机联合连续重复；用于计算重复风机功率扣减量，是否并入最终异常由参数控制
2024-04-12 10:50:00,2024-04-12 10:56:00,7,风机联合连续重复,风机联合连续重复；用于计算重复风机功率扣减量，是否并入最终异常由参数控制
2024-04-12 10:50:00,2024-04-12 10:56:00,7,风机联合连续重复,风机联合连续重复；用于计算重复风机功率扣减量，是否并入最终异常由参数控制
2024-04-12 10:50:00,2024-04-12 10:56:00,7,风机联合连续重复,风机联合连续重复；用于计算重复风机功率扣减量，是否并入最终异常由参数控制
2024-04-12 10:50:00,2024-04-12 10:56:00,7,风机联合连续重复,风机联合连续重复；用于计算重复风机功率扣减量，是否并入最终异常由参数控制
2024-04-12 10:50:00,2024-04-12 10:56:00,7,风机联合连续重复,风机联合连续重复；用于计算重复风机功率扣减量，是否并入最终异常由参数控制
2024-04-12 10:50:00,2024-04-12 10:56:00,7,风机联合连续重复,风机联合连续重复；用于计算重复风机功率扣减量，是否并入最终异常由参数控制
2024-04-12 10:50:00,2024-04-12 10:56:00,7,风机联合连续重复,风机联合连续重复；用于计算重复风机功率扣减量，是否并入最终异常由参数控制
2024-04-12 10:50:00,2024-04-12 10:56:00,7,风机联合连续重复,风机联合连续重复；用于计算重复风机功率扣减量，是否并入最终异常由参数控制
2024-04-12 10:50:00,2024-04-12 10:56:00,7,风机联合连续重复,风机联合连续重复；用于计算重复风机功率扣减量，是否并入最终异常由参数控制
2024-04-12 10:50:00,2024-04-12 10:56:00,7,风机联合连续重复,风机联合连续重复；用于计算重复风机功率扣减量，是否并入最终异常由参数控制
2024-04-12 10:50:00,2024-04-12 10:56:00,7,风机联合连续重复,风机联合连续重复；用于计算重复风机功率扣减量，是否并入最终异常由参数控制
2024-04-12 10:50:00,2024-04-12 10:56:00,7,风机联合连续重复,风机联合连续重复；用于计算重复风机功率扣减量，是否并入最终异常由参数控制
2024-04-12 10:50:00,2024-04-12 10:56:00,7,风机联合连续重复,风机联合连续重复；用于计算重复风机功率扣减量，是否并入最终异常由参数控制
2024-04-12 10:50:00,2024-04-12 10:56:00,7,风机联合连续重复,风机联合连续重复；用于计算重复风机功率扣减量，是否并入最终异常由参数控制
2024-04-12 10:50:00,2024-04-12 10:56:00,7,风机联合连续重复,风机联合连续重复；用于计算重复风机功率扣减量，是否并入最终异常由参数控制
2024-04-12 10:50:00,2024-04-12 10:56:00,7,风机联合连续重复,风机联合连续重复；用于计算重复风机功率扣减量，是否并入最终异常由参数控制
2024-04-12 10:50:00,2024-04-12 10:56:00,7,风机联合连续重复,风机联合连续重复；用于计算重复风机功率扣减量，是否并入最终异常由参数控制
2024-04-12 10:50:00,2024-04-12 10:56:00,7,风机联合连续重复,风机联合连续重复；用于计算重复风机功率扣减量，是否并入最终异常由参数控制
2024-04-12 10:50:00,2024-04-12 10:56:00,7,风机联合连续重复,风机联合连续重复；用于计算重复风机功率扣减量，是否并入最终异常由参数控制
2024-04-12 10:50:00,2024-04-12 10:56:00,7,风机联合连续重复,风机联合连续重复；用于计算重复风机功率扣减量，是否并入最终异常由参数控制
2024-04-12 10:50:00,2024-04-12 10:56:00,7,风机联合连续重复,风机联合连续重复；用于计算重复风机功率扣减量，是否并入最终异常由参数控制
2024-04-12 10:50:00,2024-04-12 10:56:00,7,风机联合连续重复,风机联合连续重复；用于计算重复风机功率扣减量，是否并入最终异常由参数控制
2024-04-12 10:50:00,2024-04-12 10:56:00,7,风机联合连续重复,风机联合连续重复；用于计算重复风机功率扣减量，是否并入最终异常由参数控制
2024-04-12 10:50:00,2024-04-12 10:56:00,7,风机联合连续重复,风机联合连续重复；用于计算重复风机功率扣减量，是否并入最终异常由参数控制
2024-04-12 10:50:00,2024-04-12 10:56:00,7,风机联合连续重复,风机联合连续重复；用于计算重复风机功率扣减量，是否并入最终异常由参数控制
2024-04-12 10:50:00,2024-04-12 10:56:00,7,风机联合连续重复,风机联合连续重复；用于计算重复风机功率扣减量，是否并入最终异常由参数控制
2024-04-12 10:50:00,2024-04-12 10:56:00,7,风机联合连续重复,风机联合连续重复；用于计算重复风机功率扣减量，是否并入最终异常由参数控制
2024-04-12 10:50:00,2024-04-12 10:56:00,7,风机联合连续重复,风机联合连续重复；用于计算重复风机功率扣减量，是否并入最终异常由参数控制
2024-04-12 10:50:00,2024-04-12 10:56:00,7,风机联合连续重复,风机联合连续重复；用于计算重复风机功率扣减量，是否并入最终异常由参数控制
2024-04-12 10:50:00,2024-04-12 10:56:00,7,风机联合连续重复,风机联合连续重复；用于计算重复风机功率扣减量，是否并入最终异常由参数控制
2024-04-12 10:50:00,2024-04-12 10:56:00,7,风机联合连续重复,风机联合连续重复；用于计算重复风机功率扣减量，是否并入最终异常由参数控制
2024-04-12 10:50:00,2024-04-12 10:56:00,7,风机联合连续重复,风机联合连续重复；用于计算重复风机功率扣减量，是否并入最终异常由参数控制
2024-04-12 10:50:00,2024-04-12 10:56:00,7,风机联合连续重复,风机联合连续重复；用于计算重复风机功率扣减量，是否并入最终异常由参数控制
2024-04-12 11:11:00,2024-04-12 11:30:00,20,风机联合连续重复,风机联合连续重复；用于计算重复风机功率扣减量，是否并入最终异常由参数控制
2024-04-12 11:11:00,2024-04-12 11:30:00,20,风机联合连续重复,风机联合连续重复；用于计算重复风机功率扣减量，是否并入最终异常由参数控制
2024-04-12 11:11:00,2024-04-12 11:30:00,20,风机联合连续重复,风机联合连续重复；用于计算重复风机功率扣减量，是否并入最终异常由参数控制
2024-04-12 11:11:00,2024-04-12 11:30:00,20,风机联合连续重复,风机联合连续重复；用于计算重复风机功率扣减量，是否并入最终异常由参数控制
2024-04-12 11:11:00,2024-04-12 11:30:00,20,风机联合连续重复,风机联合连续重复；用于计算重复风机功率扣减量，是否并入最终异常由参数控制
2024-04-12 11:11:00,2024-04-12 11:30:00,20,风机联合连续重复,风机联合连续重复；用于计算重复风机功率扣减量，是否并入最终异常由参数控制
2024-04-12 11:11:00,2024-04-12 11:30:00,20,风机联合连续重复,风机联合连续重复；用于计算重复风机功率扣减量，是否并入最终异常由参数控制
2024-04-12 11:11:00,2024-04-12 11:30:00,20,风机联合连续重复,风机联合连续重复；用于计算重复风机功率扣减量，是否并入最终异常由参数控制
2024-04-12 11:11:00,2024-04-12 11:30:00,20,风机联合连续重复,风机联合连续重复；用于计算重复风机功率扣减量，是否并入最终异常由参数控制
2024-04-12 11:11:00,2024-04-12 11:30:00,20,风机联合连续重复,风机联合连续重复；用于计算重复风机功率扣减量，是否并入最终异常由参数控制
2024-04-12 11:11:00,2024-04-12 11:30:00,20,风机联合连续重复,风机联合连续重复；用于计算重复风机功率扣减量，是否并入最终异常由参数控制
2024-04-12 11:11:00,2024-04-12 11:30:00,20,风机联合连续重复,风机联合连续重复；用于计算重复风机功率扣减量，是否并入最终异常由参数控制
2024-04-12 11:11:00,2024-04-12 11:30:00,20,风机联合连续重复,风机联合连续重复；用于计算重复风机功率扣减量，是否并入最终异常由参数控制
2024-04-12 11:11:00,2024-04-12 11:30:00,20,风机联合连续重复,风机联合连续重复；用于计算重复风机功率扣减量，是否并入最终异常由参数控制
2024-04-12 11:11:00,2024-04-12 11:30:00,20,风机联合连续重复,风机联合连续重复；用于计算重复风机功率扣减量，是否并入最终异常由参数控制
2024-04-12 11:11:00,2024-04-12 11:30:00,20,风机联合连续重复,风机联合连续重复；用于计算重复风机功率扣减量，是否并入最终异常由参数控制
2024-04-12 11:11:00,2024-04-12 11:30:00,20,风机联合连续重复,风机联合连续重复；用于计算重复风机功率扣减量，是否并入最终异常由参数控制
2024-04-12 11:11:00,2024-04-12 11:30:00,20,风机联合连续重复,风机联合连续重复；用于计算重复风机功率扣减量，是否并入最终异常由参数控制
2024-04-12 11:11:00,2024-04-12 11:30:00,20,风机联合连续重复,风机联合连续重复；用于计算重复风机功率扣减量，是否并入最终异常由参数控制
2024-04-12 11:11:00,2024-04-12 11:30:00,20,风机联合连续重复,风机联合连续重复；用于计算重复风机功率扣减量，是否并入最终异常由参数控制
2024-04-12 11:11:00,2024-04-12 11:30:00,20,风机联合连续重复,风机联合连续重复；用于计算重复风机功率扣减量，是否并入最终异常由参数控制
2024-04-12 11:11:00,2024-04-12 11:30:00,20,风机联合连续重复,风机联合连续重复；用于计算重复风机功率扣减量，是否并入最终异常由参数控制
2024-04-12 11:11:00,2024-04-12 11:30:00,20,风机联合连续重复,风机联合连续重复；用于计算重复风机功率扣减量，是否并入最终异常由参数控制
2024-04-12 11:11:00,2024-04-12 11:30:00,20,风机联合连续重复,风机联合连续重复；用于计算重复风机功率扣减量，是否并入最终异常由参数控制
2024-04-12 11:11:00,2024-04-12 11:30:00,20,风机联合连续重复,风机联合连续重复；用于计算重复风机功率扣减量，是否并入最终异常由参数控制
2024-04-12 11:11:00,2024-04-12 11:30:00,20,风机联合连续重复,风机联合连续重复；用于计算重复风机功率扣减量，是否并入最终异常由参数控制
2024-04-12 11:11:00,2024-04-12 11:30:00,20,风机联合连续重复,风机联合连续重复；用于计算重复风机功率扣减量，是否并入最终异常由参数控制
2024-04-12 11:11:00,2024-04-12 11:30:00,20,风机联合连续重复,风机联合连续重复；用于计算重复风机功率扣减量，是否并入最终异常由参数控制
2024-04-12 11:11:00,2024-04-12 11:30:00,20,风机联合连续重复,风机联合连续重复；用于计算重复风机功率扣减量，是否并入最终异常由参数控制
2024-04-12 11:11:00,2024-04-12 11:30:00,20,风机联合连续重复,风机联合连续重复；用于计算重复风机功率扣减量，是否并入最终异常由参数控制
2024-04-12 11:11:00,2024-04-12 11:30:00,20,风机联合连续重复,风机联合连续重复；用于计算重复风机功率扣减量，是否并入最终异常由参数控制
2024-04-12 11:11:00,2024-04-12 11:30:00,20,风机联合连续重复,风机联合连续重复；用于计算重复风机功率扣减量，是否并入最终异常由参数控制
2024-04-12 11:11:00,2024-04-12 11:30:00,20,风机联合连续重复,风机联合连续重复；用于计算重复风机功率扣减量，是否并入最终异常由参数控制
2024-04-12 11:11:00,2024-04-12 11:30:00,20,风机联合连续重复,风机联合连续重复；用于计算重复风机功率扣减量，是否并入最终异常由参数控制
2024-04-12 11:11:00,2024-04-12 11:30:00,20,风机联合连续重复,风机联合连续重复；用于计算重复风机功率扣减量，是否并入最终异常由参数控制
2024-04-12 11:11:00,2024-04-12 11:30:00,20,风机联合连续重复,风机联合连续重复；用于计算重复风机功率扣减量，是否并入最终异常由参数控制
2024-04-12 11:11:00,2024-04-12 11:30:00,20,风机联合连续重复,风机联合连续重复；用于计算重复风机功率扣减量，是否并入最终异常由参数控制
2024-04-12 11:11:00,2024-04-12 11:30:00,20,风机联合连续重复,风机联合连续重复；用于计算重复风机功率扣减量，是否并入最终异常由参数控制
2024-04-12 11:11:00,2024-04-12 11:30:00,20,风机联合连续重复,风机联合连续重复；用于计算重复风机功率扣减量，是否并入最终异常由参数控制
2024-04-12 11:11:00,2024-04-12 11:30:00,20,风机联合连续重复,风机联合连续重复；用于计算重复风机功率扣减量，是否并入最终异常由参数控制
2024-04-12 11:11:00,2024-04-12 11:30:00,20,风机联合连续重复,风机联合连续重复；用于计算重复风机功率扣减量，是否并入最终异常由参数控制
2024-04-12 11:11:00,2024-04-12 11:30:00,20,风机联合连续重复,风机联合连续重复；用于计算重复风机功率扣减量，是否并入最终异常由参数控制
2024-04-12 11:11:00,2024-04-12 11:30:00,20,风机联合连续重复,风机联合连续重复；用于计算重复风机功率扣减量，是否并入最终异常由参数控制
2024-04-12 11:11:00,2024-04-12 11:30:00,20,风机联合连续重复,风机联合连续重复；用于计算重复风机功率扣减量，是否并入最终异常由参数控制
2024-04-12 11:11:00,2024-04-12 11:30:00,20,风机联合连续重复,风机联合连续重复；用于计算重复风机功率扣减量，是否并入最终异常由参数控制
2024-04-12 11:11:00,2024-04-12 11:30:00,20,风机联合连续重复,风机联合连续重复；用于计算重复风机功率扣减量，是否并入最终异常由参数控制
2024-04-12 11:11:00,2024-04-12 11:30:00,20,风机联合连续重复,风机联合连续重复；用于计算重复风机功率扣减量，是否并入最终异常由参数控制
2024-04-12 11:11:00,2024-04-12 11:30:00,20,风机联合连续重复,风机联合连续重复；用于计算重复风机功率扣减量，是否并入最终异常由参数控制
2024-04-12 11:12:00,2024-04-12 11:30:00,19,风机联合连续重复,风机联合连续重复；用于计算重复风机功率扣减量，是否并入最终异常由参数控制
2024-04-12 11:12:00,2024-04-12 11:30:00,19,风机联合连续重复,风机联合连续重复；用于计算重复风机功率扣减量，是否并入最终异常由参数控制
2024-04-12 11:12:00,2024-04-12 11:30:00,19,风机联合连续重复,风机联合连续重复；用于计算重复风机功率扣减量，是否并入最终异常由参数控制
2024-04-12 11:12:00,2024-04-12 11:30:00,19,风机联合连续重复,风机联合连续重复；用于计算重复风机功率扣减量，是否并入最终异常由参数控制
2024-04-12 11:12:00,2024-04-12 11:30:00,19,风机联合连续重复,风机联合连续重复；用于计算重复风机功率扣减量，是否并入最终异常由参数控制
2024-04-12 11:12:00,2024-04-12 11:30:00,19,风机联合连续重复,风机联合连续重复；用于计算重复风机功率扣减量，是否并入最终异常由参数控制
2024-04-12 11:12:00,2024-04-12 11:30:00,19,风机联合连续重复,风机联合连续重复；用于计算重复风机功率扣减量，是否并入最终异常由参数控制
2024-04-12 11:12:00,2024-04-12 11:30:00,19,风机联合连续重复,风机联合连续重复；用于计算重复风机功率扣减量，是否并入最终异常由参数控制
2024-04-12 11:12:00,2024-04-12 11:30:00,19,风机联合连续重复,风机联合连续重复；用于计算重复风机功率扣减量，是否并入最终异常由参数控制
2024-04-12 11:12:00,2024-04-12 11:30:00,19,风机联合连续重复,风机联合连续重复；用于计算重复风机功率扣减量，是否并入最终异常由参数控制
2024-04-13 12:01:00,2024-04-13 12:04:00,4,风机联合连续重复,风机联合连续重复；用于计算重复风机功率扣减量，是否并入最终异常由参数控制
2024-04-13 12:01:00,2024-04-13 12:04:00,4,风机联合连续重复,风机联合连续重复；用于计算重复风机功率扣减量，是否并入最终异常由参数控制
2024-04-13 12:01:00,2024-04-13 12:04:00,4,风机联合连续重复,风机联合连续重复；用于计算重复风机功率扣减量，是否并入最终异常由参数控制
2024-04-13 12:01:00,2024-04-13 12:04:00,4,风机联合连续重复,风机联合连续重复；用于计算重复风机功率扣减量，是否并入最终异常由参数控制
2024-04-13 12:01:00,2024-04-13 12:04:00,4,风机联合连续重复,风机联合连续重复；用于计算重复风机功率扣减量，是否并入最终异常由参数控制
2024-04-13 12:01:00,2024-04-13 12:04:00,4,风机联合连续重复,风机联合连续重复；用于计算重复风机功率扣减量，是否并入最终异常由参数控制
2024-04-13 12:01:00,2024-04-13 12:04:00,4,风机联合连续重复,风机联合连续重复；用于计算重复风机功率扣减量，是否并入最终异常由参数控制
2024-04-13 12:01:00,2024-04-13 12:04:00,4,风机联合连续重复,风机联合连续重复；用于计算重复风机功率扣减量，是否并入最终异常由参数控制
2024-04-13 12:01:00,2024-04-13 12:04:00,4,风机联合连续重复,风机联合连续重复；用于计算重复风机功率扣减量，是否并入最终异常由参数控制
2024-04-13 12:01:00,2024-04-13 12:04:00,4,风机联合连续重复,风机联合连续重复；用于计算重复风机功率扣减量，是否并入最终异常由参数控制
2024-04-13 12:01:00,2024-04-13 12:04:00,4,风机联合连续重复,风机联合连续重复；用于计算重复风机功率扣减量，是否并入最终异常由参数控制
2024-04-13 12:01:00,2024-04-13 12:04:00,4,风机联合连续重复,风机联合连续重复；用于计算重复风机功率扣减量，是否并入最终异常由参数控制
2024-04-13 12:01:00,2024-04-13 12:04:00,4,风机联合连续重复,风机联合连续重复；用于计算重复风机功率扣减量，是否并入最终异常由参数控制
2024-04-13 12:01:00,2024-04-13 12:04:00,4,风机联合连续重复,风机联合连续重复；用于计算重复风机功率扣减量，是否并入最终异常由参数控制
2024-04-13 12:01:00,2024-04-13 12:04:00,4,风机联合连续重复,风机联合连续重复；用于计算重复风机功率扣减量，是否并入最终异常由参数控制
2024-04-13 12:01:00,2024-04-13 12:04:00,4,风机联合连续重复,风机联合连续重复；用于计算重复风机功率扣减量，是否并入最终异常由参数控制
2024-04-13 12:01:00,2024-04-13 12:04:00,4,风机联合连续重复,风机联合连续重复；用于计算重复风机功率扣减量，是否并入最终异常由参数控制
2024-04-13 12:01:00,2024-04-13 12:04:00,4,风机联合连续重复,风机联合连续重复；用于计算重复风机功率扣减量，是否并入最终异常由参数控制
2024-04-13 12:01:00,2024-04-13 12:04:00,4,风机联合连续重复,风机联合连续重复；用于计算重复风机功率扣减量，是否并入最终异常由参数控制
2024-04-13 12:01:00,2024-04-13 12:04:00,4,风机联合连续重复,风机联合连续重复；用于计算重复风机功率扣减量，是否并入最终异常由参数控制
2024-04-13 12:01:00,2024-04-13 12:04:00,4,风机联合连续重复,风机联合连续重复；用于计算重复风机功率扣减量，是否并入最终异常由参数控制
2024-04-13 12:01:00,2024-04-13 12:04:00,4,风机联合连续重复,风机联合连续重复；用于计算重复风机功率扣减量，是否并入最终异常由参数控制
2024-04-13 12:01:00,2024-04-13 12:04:00,4,风机联合连续重复,风机联合连续重复；用于计算重复风机功率扣减量，是否并入最终异常由参数控制
2024-04-13 12:01:00,2024-04-13 12:04:00,4,风机联合连续重复,风机联合连续重复；用于计算重复风机功率扣减量，是否并入最终异常由参数控制
2024-04-13 12:01:00,2024-04-13 12:04:00,4,风机联合连续重复,风机联合连续重复；用于计算重复风机功率扣减量，是否并入最终异常由参数控制
2024-04-13 12:01:00,2024-04-13 12:04:00,4,风机联合连续重复,风机联合连续重复；用于计算重复风机功率扣减量，是否并入最终异常由参数控制
2024-04-13 12:01:00,2024-04-13 12:04:00,4,风机联合连续重复,风机联合连续重复；用于计算重复风机功率扣减量，是否并入最终异常由参数控制
2024-04-13 12:01:00,2024-04-13 12:04:00,4,风机联合连续重复,风机联合连续重复；用于计算重复风机功率扣减量，是否并入最终异常由参数控制
2024-04-13 12:01:00,2024-04-13 12:04:00,4,风机联合连续重复,风机联合连续重复；用于计算重复风机功率扣减量，是否并入最终异常由参数控制
2024-04-13 12:01:00,2024-04-13 12:04:00,4,风机联合连续重复,风机联合连续重复；用于计算重复风机功率扣减量，是否并入最终异常由参数控制
2024-04-13 12:01:00,2024-04-13 12:04:00,4,风机联合连续重复,风机联合连续重复；用于计算重复风机功率扣减量，是否并入最终异常由参数控制
2024-04-13 12:01:00,2024-04-13 12:04:00,4,风机联合连续重复,风机联合连续重复；用于计算重复风机功率扣减量，是否并入最终异常由参数控制
2024-04-13 12:01:00,2024-04-13 12:04:00,4,风机联合连续重复,风机联合连续重复；用于计算重复风机功率扣减量，是否并入最终异常由参数控制
2024-04-13 12:01:00,2024-04-13 12:04:00,4,风机联合连续重复,风机联合连续重复；用于计算重复风机功率扣减量，是否并入最终异常由参数控制
2024-04-13 12:01:00,2024-04-13 12:04:00,4,风机联合连续重复,风机联合连续重复；用于计算重复风机功率扣减量，是否并入最终异常由参数控制
2024-04-13 12:01:00,2024-04-13 12:04:00,4,风机联合连续重复,风机联合连续重复；用于计算重复风机功率扣减量，是否并入最终异常由参数控制
2024-04-13 12:01:00,2024-04-13 12:04:00,4,风机联合连续重复,风机联合连续重复；用于计算重复风机功率扣减量，是否并入最终异常由参数控制
2024-04-14 14:50:00,2024-04-14 15:14:00,25,风机联合连续重复,风机联合连续重复；用于计算重复风机功率扣减量，是否并入最终异常由参数控制
2024-04-14 14:50:00,2024-04-14 15:14:00,25,风机联合连续重复,风机联合连续重复；用于计算重复风机功率扣减量，是否并入最终异常由参数控制
2024-04-14 14:50:00,2024-04-14 15:14:00,25,风机联合连续重复,风机联合连续重复；用于计算重复风机功率扣减量，是否并入最终异常由参数控制
2024-04-14 14:50:00,2024-04-14 15:14:00,25,风机联合连续重复,风机联合连续重复；用于计算重复风机功率扣减量，是否并入最终异常由参数控制
2024-04-14 14:50:00,2024-04-14 15:14:00,25,风机联合连续重复,风机联合连续重复；用于计算重复风机功率扣减量，是否并入最终异常由参数控制
2024-04-14 14:50:00,2024-04-14 15:14:00,25,风机联合连续重复,风机联合连续重复；用于计算重复风机功率扣减量，是否并入最终异常由参数控制
2024-04-14 14:50:00,2024-04-14 15:14:00,25,风机联合连续重复,风机联合连续重复；用于计算重复风机功率扣减量，是否并入最终异常由参数控制
2024-04-14 14:50:00,2024-04-14 15:14:00,25,风机联合连续重复,风机联合连续重复；用于计算重复风机功率扣减量，是否并入最终异常由参数控制
2024-04-14 14:50:00,2024-04-14 15:14:00,25,风机联合连续重复,风机联合连续重复；用于计算重复风机功率扣减量，是否并入最终异常由参数控制
2024-04-14 14:50:00,2024-04-14 15:14:00,25,风机联合连续重复,风机联合连续重复；用于计算重复风机功率扣减量，是否并入最终异常由参数控制
2024-04-14 14:50:00,2024-04-14 15:14:00,25,风机联合连续重复,风机联合连续重复；用于计算重复风机功率扣减量，是否并入最终异常由参数控制
2024-04-14 14:50:00,2024-04-14 15:14:00,25,风机联合连续重复,风机联合连续重复；用于计算重复风机功率扣减量，是否并入最终异常由参数控制
2024-04-14 14:50:00,2024-04-14 15:14:00,25,风机联合连续重复,风机联合连续重复；用于计算重复风机功率扣减量，是否并入最终异常由参数控制
2024-04-14 14:50:00,2024-04-14 15:14:00,25,风机联合连续重复,风机联合连续重复；用于计算重复风机功率扣减量，是否并入最终异常由参数控制
2024-04-14 14:50:00,2024-04-14 15:14:00,25,风机联合连续重复,风机联合连续重复；用于计算重复风机功率扣减量，是否并入最终异常由参数控制
2024-04-14 14:50:00,2024-04-14 15:14:00,25,风机联合连续重复,风机联合连续重复；用于计算重复风机功率扣减量，是否并入最终异常由参数控制
2024-04-14 14:50:00,2024-04-14 15:14:00,25,风机联合连续重复,风机联合连续重复；用于计算重复风机功率扣减量，是否并入最终异常由参数控制
2024-04-14 14:50:00,2024-04-14 15:14:00,25,风机联合连续重复,风机联合连续重复；用于计算重复风机功率扣减量，是否并入最终异常由参数控制
2024-04-14 14:50:00,2024-04-14 15:14:00,25,风机联合连续重复,风机联合连续重复；用于计算重复风机功率扣减量，是否并入最终异常由参数控制
2024-04-14 14:50:00,2024-04-14 15:14:00,25,风机联合连续重复,风机联合连续重复；用于计算重复风机功率扣减量，是否并入最终异常由参数控制
2024-04-14 14:50:00,2024-04-14 15:14:00,25,风机联合连续重复,风机联合连续重复；用于计算重复风机功率扣减量，是否并入最终异常由参数控制
2024-04-14 14:50:00,2024-04-14 15:14:00,25,风机联合连续重复,风机联合连续重复；用于计算重复风机功率扣减量，是否并入最终异常由参数控制
2024-04-14 14:50:00,2024-04-14 15:14:00,25,风机联合连续重复,风机联合连续重复；用于计算重复风机功率扣减量，是否并入最终异常由参数控制
2024-04-14 14:50:00,2024-04-14 15:14:00,25,风机联合连续重复,风机联合连续重复；用于计算重复风机功率扣减量，是否并入最终异常由参数控制
2024-04-14 14:50:00,2024-04-14 15:14:00,25,风机联合连续重复,风机联合连续重复；用于计算重复风机功率扣减量，是否并入最终异常由参数控制
2024-04-14 14:50:00,2024-04-14 15:14:00,25,风机联合连续重复,风机联合连续重复；用于计算重复风机功率扣减量，是否并入最终异常由参数控制
2024-04-14 14:50:00,2024-04-14 15:14:00,25,风机联合连续重复,风机联合连续重复；用于计算重复风机功率扣减量，是否并入最终异常由参数控制
2024-04-14 14:50:00,2024-04-14 15:14:00,25,风机联合连续重复,风机联合连续重复；用于计算重复风机功率扣减量，是否并入最终异常由参数控制
2024-04-14 14:50:00,2024-04-14 15:14:00,25,风机联合连续重复,风机联合连续重复；用于计算重复风机功率扣减量，是否并入最终异常由参数控制
2024-04-14 14:50:00,2024-04-14 15:14:00,25,风机联合连续重复,风机联合连续重复；用于计算重复风机功率扣减量，是否并入最终异常由参数控制
2024-04-14 14:50:00,2024-04-14 15:14:00,25,风机联合连续重复,风机联合连续重复；用于计算重复风机功率扣减量，是否并入最终异常由参数控制
2024-04-14 14:50:00,2024-04-14 15:14:00,25,风机联合连续重复,风机联合连续重复；用于计算重复风机功率扣减量，是否并入最终异常由参数控制
2024-04-14 14:50:00,2024-04-14 15:14:00,25,风机联合连续重复,风机联合连续重复；用于计算重复风机功率扣减量，是否并入最终异常由参数控制
2024-04-14 14:50:00,2024-04-14 15:14:00,25,风机联合连续重复,风机联合连续重复；用于计算重复风机功率扣减量，是否并入最终异常由参数控制
2024-04-14 14:50:00,2024-04-14 15:14:00,25,风机联合连续重复,风机联合连续重复；用于计算重复风机功率扣减量，是否并入最终异常由参数控制
2024-04-14 14:50:00,2024-04-14 15:14:00,25,风机联合连续重复,风机联合连续重复；用于计算重复风机功率扣减量，是否并入最终异常由参数控制
2024-04-14 14:50:00,2024-04-14 15:14:00,25,风机联合连续重复,风机联合连续重复；用于计算重复风机功率扣减量，是否并入最终异常由参数控制
2024-04-14 14:50:00,2024-04-14 15:14:00,25,风机联合连续重复,风机联合连续重复；用于计算重复风机功率扣减量，是否并入最终异常由参数控制
2024-04-14 14:50:00,2024-04-14 15:14:00,25,风机联合连续重复,风机联合连续重复；用于计算重复风机功率扣减量，是否并入最终异常由参数控制
2024-04-14 14:50:00,2024-04-14 15:14:00,25,风机联合连续重复,风机联合连续重复；用于计算重复风机功率扣减量，是否并入最终异常由参数控制
2024-04-14 14:50:00,2024-04-14 15:14:00,25,风机联合连续重复,风机联合连续重复；用于计算重复风机功率扣减量，是否并入最终异常由参数控制
2024-04-14 14:50:00,2024-04-14 15:14:00,25,风机联合连续重复,风机联合连续重复；用于计算重复风机功率扣减量，是否并入最终异常由参数控制
2024-04-14 14:50:00,2024-04-14 15:14:00,25,风机联合连续重复,风机联合连续重复；用于计算重复风机功率扣减量，是否并入最终异常由参数控制
2024-04-14 14:50:00,2024-04-14 15:14:00,25,风机联合连续重复,风机联合连续重复；用于计算重复风机功率扣减量，是否并入最终异常由参数控制
2024-04-14 14:50:00,2024-04-14 15:14:00,25,风机联合连续重复,风机联合连续重复；用于计算重复风机功率扣减量，是否并入最终异常由参数控制
2024-04-14 14:50:00,2024-04-14 15:14:00,25,风机联合连续重复,风机联合连续重复；用于计算重复风机功率扣减量，是否并入最终异常由参数控制
2024-04-14 14:50:00,2024-04-14 15:14:00,25,风机联合连续重复,风机联合连续重复；用于计算重复风机功率扣减量，是否并入最终异常由参数控制
2024-04-14 14:50:00,2024-04-14 15:14:00,25,风机联合连续重复,风机联合连续重复；用于计算重复风机功率扣减量，是否并入最终异常由参数控制
2024-04-14 14:50:00,2024-04-14 15:14:00,25,风机联合连续重复,风机联合连续重复；用于计算重复风机功率扣减量，是否并入最终异常由参数控制
2024-04-14 14:50:00,2024-04-14 15:14:00,25,风机联合连续重复,风机联合连续重复；用于计算重复风机功率扣减量，是否并入最终异常由参数控制
2024-04-14 14:50:00,2024-04-14 15:14:00,25,风机联合连续重复,风机联合连续重复；用于计算重复风机功率扣减量，是否并入最终异常由参数控制
2024-04-14 14:50:00,2024-04-14 15:14:00,25,风机联合连续重复,风机联合连续重复；用于计算重复风机功率扣减量，是否并入最终异常由参数控制
2024-04-14 14:50:00,2024-04-14 15:14:00,25,风机联合连续重复,风机联合连续重复；用于计算重复风机功率扣减量，是否并入最终异常由参数控制
2024-04-14 14:50:00,2024-04-14 15:14:00,25,风机联合连续重复,风机联合连续重复；用于计算重复风机功率扣减量，是否并入最终异常由参数控制
2024-04-14 14:50:00,2024-04-14 15:14:00,25,风机联合连续重复,风机联合连续重复；用于计算重复风机功率扣减量，是否并入最终异常由参数控制
2024-04-14 14:50:00,2024-04-14 15:14:00,25,风机联合连续重复,风机联合连续重复；用于计算重复风机功率扣减量，是否并入最终异常由参数控制
2024-04-14 14:50:00,2024-04-14 15:14:00,25,风机联合连续重复,风机联合连续重复；用于计算重复风机功率扣减量，是否并入最终异常由参数控制
2024-04-14 14:50:00,2024-04-14 15:14:00,25,风机联合连续重复,风机联合连续重复；用于计算重复风机功率扣减量，是否并入最终异常由参数控制
2024-04-14 14:50:00,2024-04-14 15:14:00,25,站端功率连续重复,ACTIVE_POWER_STATION 重复值大于阈值且持续长度大于阈值
2024-04-14 15:15:00,2024-04-14 15:18:00,4,站端功率连续重复,ACTIVE_POWER_STATION 重复值大于阈值且持续长度大于阈值
2024-04-14 15:15:00,2024-04-14 15:29:00,15,风机联合连续重复,风机联合连续重复；用于计算重复风机功率扣减量，是否并入最终异常由参数控制
2024-04-14 15:15:00,2024-04-14 15:29:00,15,风机联合连续重复,风机联合连续重复；用于计算重复风机功率扣减量，是否并入最终异常由参数控制
2024-04-14 15:15:00,2024-04-14 15:29:00,15,风机联合连续重复,风机联合连续重复；用于计算重复风机功率扣减量，是否并入最终异常由参数控制
2024-04-14 15:15:00,2024-04-14 15:29:00,15,风机联合连续重复,风机联合连续重复；用于计算重复风机功率扣减量，是否并入最终异常由参数控制
2024-04-14 15:15:00,2024-04-14 15:29:00,15,风机联合连续重复,风机联合连续重复；用于计算重复风机功率扣减量，是否并入最终异常由参数控制
2024-04-14 15:15:00,2024-04-14 15:29:00,15,风机联合连续重复,风机联合连续重复；用于计算重复风机功率扣减量，是否并入最终异常由参数控制
2024-04-14 15:15:00,2024-04-14 15:29:00,15,风机联合连续重复,风机联合连续重复；用于计算重复风机功率扣减量，是否并入最终异常由参数控制
2024-04-14 15:15:00,2024-04-14 15:29:00,15,风机联合连续重复,风机联合连续重复；用于计算重复风机功率扣减量，是否并入最终异常由参数控制
2024-04-14 15:15:00,2024-04-14 15:29:00,15,风机联合连续重复,风机联合连续重复；用于计算重复风机功率扣减量，是否并入最终异常由参数控制
2024-04-14 15:15:00,2024-04-14 15:29:00,15,风机联合连续重复,风机联合连续重复；用于计算重复风机功率扣减量，是否并入最终异常由参数控制
2024-04-14 15:15:00,2024-04-14 15:29:00,15,风机联合连续重复,风机联合连续重复；用于计算重复风机功率扣减量，是否并入最终异常由参数控制
2024-04-14 15:15:00,2024-04-14 15:29:00,15,风机联合连续重复,风机联合连续重复；用于计算重复风机功率扣减量，是否并入最终异常由参数控制
2024-04-14 15:15:00,2024-04-14 15:29:00,15,风机联合连续重复,风机联合连续重复；用于计算重复风机功率扣减量，是否并入最终异常由参数控制
2024-04-14 15:15:00,2024-04-14 15:29:00,15,风机联合连续重复,风机联合连续重复；用于计算重复风机功率扣减量，是否并入最终异常由参数控制
2024-04-14 15:15:00,2024-04-14 15:29:00,15,风机联合连续重复,风机联合连续重复；用于计算重复风机功率扣减量，是否并入最终异常由参数控制
2024-04-14 15:15:00,2024-04-14 15:29:00,15,风机联合连续重复,风机联合连续重复；用于计算重复风机功率扣减量，是否并入最终异常由参数控制
2024-04-14 15:15:00,2024-04-14 15:29:00,15,风机联合连续重复,风机联合连续重复；用于计算重复风机功率扣减量，是否并入最终异常由参数控制
2024-04-14 15:15:00,2024-04-14 15:29:00,15,风机联合连续重复,风机联合连续重复；用于计算重复风机功率扣减量，是否并入最终异常由参数控制
2024-04-14 15:15:00,2024-04-14 15:29:00,15,风机联合连续重复,风机联合连续重复；用于计算重复风机功率扣减量，是否并入最终异常由参数控制
2024-04-14 15:15:00,2024-04-14 15:29:00,15,风机联合连续重复,风机联合连续重复；用于计算重复风机功率扣减量，是否并入最终异常由参数控制
2024-04-14 15:15:00,2024-04-14 15:29:00,15,风机联合连续重复,风机联合连续重复；用于计算重复风机功率扣减量，是否并入最终异常由参数控制
2024-04-14 15:15:00,2024-04-14 15:29:00,15,风机联合连续重复,风机联合连续重复；用于计算重复风机功率扣减量，是否并入最终异常由参数控制
2024-04-14 15:15:00,2024-04-14 15:29:00,15,风机联合连续重复,风机联合连续重复；用于计算重复风机功率扣减量，是否并入最终异常由参数控制
2024-04-14 15:15:00,2024-04-14 15:29:00,15,风机联合连续重复,风机联合连续重复；用于计算重复风机功率扣减量，是否并入最终异常由参数控制
2024-04-14 15:15:00,2024-04-14 15:29:00,15,风机联合连续重复,风机联合连续重复；用于计算重复风机功率扣减量，是否并入最终异常由参数控制
2024-04-14 15:15:00,2024-04-14 15:29:00,15,风机联合连续重复,风机联合连续重复；用于计算重复风机功率扣减量，是否并入最终异常由参数控制
2024-04-14 15:15:00,2024-04-14 15:29:00,15,风机联合连续重复,风机联合连续重复；用于计算重复风机功率扣减量，是否并入最终异常由参数控制
2024-04-14 15:15:00,2024-04-14 15:29:00,15,风机联合连续重复,风机联合连续重复；用于计算重复风机功率扣减量，是否并入最终异常由参数控制
2024-04-14 15:15:00,2024-04-14 15:29:00,15,风机联合连续重复,风机联合连续重复；用于计算重复风机功率扣减量，是否并入最终异常由参数控制
2024-04-14 15:15:00,2024-04-14 15:29:00,15,风机联合连续重复,风机联合连续重复；用于计算重复风机功率扣减量，是否并入最终异常由参数控制
2024-04-14 15:15:00,2024-04-14 15:29:00,15,风机联合连续重复,风机联合连续重复；用于计算重复风机功率扣减量，是否并入最终异常由参数控制
2024-04-14 15:15:00,2024-04-14 15:29:00,15,风机联合连续重复,风机联合连续重复；用于计算重复风机功率扣减量，是否并入最终异常由参数控制
2024-04-14 15:15:00,2024-04-14 15:29:00,15,风机联合连续重复,风机联合连续重复；用于计算重复风机功率扣减量，是否并入最终异常由参数控制
2024-04-14 15:15:00,2024-04-14 15:29:00,15,风机联合连续重复,风机联合连续重复；用于计算重复风机功率扣减量，是否并入最终异常由参数控制
2024-04-14 15:15:00,2024-04-14 15:29:00,15,风机联合连续重复,风机联合连续重复；用于计算重复风机功率扣减量，是否并入最终异常由参数控制
2024-04-14 15:15:00,2024-04-14 15:29:00,15,风机联合连续重复,风机联合连续重复；用于计算重复风机功率扣减量，是否并入最终异常由参数控制
2024-04-14 15:15:00,2024-04-14 15:29:00,15,风机联合连续重复,风机联合连续重复；用于计算重复风机功率扣减量，是否并入最终异常由参数控制
2024-04-14 15:15:00,2024-04-14 15:29:00,15,风机联合连续重复,风机联合连续重复；用于计算重复风机功率扣减量，是否并入最终异常由参数控制
2024-04-14 15:15:00,2024-04-14 15:29:00,15,风机联合连续重复,风机联合连续重复；用于计算重复风机功率扣减量，是否并入最终异常由参数控制
2024-04-14 15:15:00,2024-04-14 15:29:00,15,风机联合连续重复,风机联合连续重复；用于计算重复风机功率扣减量，是否并入最终异常由参数控制
2024-04-14 15:15:00,2024-04-14 15:29:00,15,风机联合连续重复,风机联合连续重复；用于计算重复风机功率扣减量，是否并入最终异常由参数控制
2024-04-14 15:15:00,2024-04-14 15:29:00,15,风机联合连续重复,风机联合连续重复；用于计算重复风机功率扣减量，是否并入最终异常由参数控制
2024-04-14 15:15:00,2024-04-14 15:29:00,15,风机联合连续重复,风机联合连续重复；用于计算重复风机功率扣减量，是否并入最终异常由参数控制
2024-04-14 15:15:00,2024-04-14 15:29:00,15,风机联合连续重复,风机联合连续重复；用于计算重复风机功率扣减量，是否并入最终异常由参数控制
2024-04-14 15:15:00,2024-04-14 15:29:00,15,风机联合连续重复,风机联合连续重复；用于计算重复风机功率扣减量，是否并入最终异常由参数控制
2024-04-14 15:15:00,2024-04-14 15:29:00,15,风机联合连续重复,风机联合连续重复；用于计算重复风机功率扣减量，是否并入最终异常由参数控制
2024-04-14 15:15:00,2024-04-14 15:29:00,15,风机联合连续重复,风机联合连续重复；用于计算重复风机功率扣减量，是否并入最终异常由参数控制
2024-04-14 15:15:00,2024-04-14 15:29:00,15,风机联合连续重复,风机联合连续重复；用于计算重复风机功率扣减量，是否并入最终异常由参数控制
2024-04-14 15:15:00,2024-04-14 15:29:00,15,风机联合连续重复,风机联合连续重复；用于计算重复风机功率扣减量，是否并入最终异常由参数控制
2024-04-14 15:15:00,2024-04-14 15:29:00,15,风机联合连续重复,风机联合连续重复；用于计算重复风机功率扣减量，是否并入最终异常由参数控制
2024-04-14 15:15:00,2024-04-14 15:29:00,15,风机联合连续重复,风机联合连续重复；用于计算重复风机功率扣减量，是否并入最终异常由参数控制
2024-04-14 15:15:00,2024-04-14 15:29:00,15,风机联合连续重复,风机联合连续重复；用于计算重复风机功率扣减量，是否并入最终异常由参数控制
2024-04-14 15:15:00,2024-04-14 15:29:00,15,风机联合连续重复,风机联合连续重复；用于计算重复风机功率扣减量，是否并入最终异常由参数控制
2024-04-14 15:15:00,2024-04-14 15:29:00,15,风机联合连续重复,风机联合连续重复；用于计算重复风机功率扣减量，是否并入最终异常由参数控制
2024-04-14 15:15:00,2024-04-14 15:29:00,15,风机联合连续重复,风机联合连续重复；用于计算重复风机功率扣减量，是否并入最终异常由参数控制
2024-04-14 15:15:00,2024-04-14 15:29:00,15,风机联合连续重复,风机联合连续重复；用于计算重复风机功率扣减量，是否并入最终异常由参数控制
2024-04-14 15:15:00,2024-04-14 15:29:00,15,风机联合连续重复,风机联合连续重复；用于计算重复风机功率扣减量，是否并入最终异常由参数控制
2024-04-14 15:15:00,2024-04-14 15:29:00,15,风机联合连续重复,风机联合连续重复；用于计算重复风机功率扣减量，是否并入最终异常由参数控制
2024-04-14 15:37:00,2024-04-14 15:40:00,4,风机联合连续重复,风机联合连续重复；用于计算重复风机功率扣减量，是否并入最终异常由参数控制
2024-04-14 15:37:00,2024-04-14 15:40:00,4,风机联合连续重复,风机联合连续重复；用于计算重复风机功率扣减量，是否并入最终异常由参数控制
2024-04-14 15:37:00,2024-04-14 15:40:00,4,风机联合连续重复,风机联合连续重复；用于计算重复风机功率扣减量，是否并入最终异常由参数控制
2024-04-14 15:37:00,2024-04-14 15:40:00,4,风机联合连续重复,风机联合连续重复；用于计算重复风机功率扣减量，是否并入最终异常由参数控制
2024-04-14 15:37:00,2024-04-14 15:40:00,4,风机联合连续重复,风机联合连续重复；用于计算重复风机功率扣减量，是否并入最终异常由参数控制
2024-04-14 15:37:00,2024-04-14 15:40:00,4,风机联合连续重复,风机联合连续重复；用于计算重复风机功率扣减量，是否并入最终异常由参数控制
2024-04-14 15:37:00,2024-04-14 15:40:00,4,风机联合连续重复,风机联合连续重复；用于计算重复风机功率扣减量，是否并入最终异常由参数控制
2024-04-14 15:37:00,2024-04-14 15:40:00,4,风机联合连续重复,风机联合连续重复；用于计算重复风机功率扣减量，是否并入最终异常由参数控制
2024-04-14 15:37:00,2024-04-14 15:40:00,4,风机联合连续重复,风机联合连续重复；用于计算重复风机功率扣减量，是否并入最终异常由参数控制
2024-04-14 15:37:00,2024-04-14 15:40:00,4,风机联合连续重复,风机联合连续重复；用于计算重复风机功率扣减量，是否并入最终异常由参数控制
2024-04-14 15:37:00,2024-04-14 15:40:00,4,风机联合连续重复,风机联合连续重复；用于计算重复风机功率扣减量，是否并入最终异常由参数控制
2024-04-14 15:37:00,2024-04-14 15:40:00,4,风机联合连续重复,风机联合连续重复；用于计算重复风机功率扣减量，是否并入最终异常由参数控制
2024-04-14 15:37:00,2024-04-14 15:40:00,4,风机联合连续重复,风机联合连续重复；用于计算重复风机功率扣减量，是否并入最终异常由参数控制
2024-04-14 15:37:00,2024-04-14 15:40:00,4,风机联合连续重复,风机联合连续重复；用于计算重复风机功率扣减量，是否并入最终异常由参数控制
2024-04-14 15:37:00,2024-04-14 15:40:00,4,风机联合连续重复,风机联合连续重复；用于计算重复风机功率扣减量，是否并入最终异常由参数控制
2024-04-14 15:37:00,2024-04-14 15:40:00,4,风机联合连续重复,风机联合连续重复；用于计算重复风机功率扣减量，是否并入最终异常由参数控制
2024-04-14 15:37:00,2024-04-14 15:40:00,4,风机联合连续重复,风机联合连续重复；用于计算重复风机功率扣减量，是否并入最终异常由参数控制
2024-04-14 15:37:00,2024-04-14 15:40:00,4,风机联合连续重复,风机联合连续重复；用于计算重复风机功率扣减量，是否并入最终异常由参数控制
2024-04-14 15:37:00,2024-04-14 15:40:00,4,风机联合连续重复,风机联合连续重复；用于计算重复风机功率扣减量，是否并入最终异常由参数控制
2024-04-14 15:37:00,2024-04-14 15:40:00,4,风机联合连续重复,风机联合连续重复；用于计算重复风机功率扣减量，是否并入最终异常由参数控制
2024-04-14 15:37:00,2024-04-14 15:40:00,4,风机联合连续重复,风机联合连续重复；用于计算重复风机功率扣减量，是否并入最终异常由参数控制
2024-04-14 15:37:00,2024-04-14 15:40:00,4,风机联合连续重复,风机联合连续重复；用于计算重复风机功率扣减量，是否并入最终异常由参数控制
2024-04-14 15:37:00,2024-04-14 15:40:00,4,风机联合连续重复,风机联合连续重复；用于计算重复风机功率扣减量，是否并入最终异常由参数控制
2024-04-14 15:37:00,2024-04-14 15:40:00,4,风机联合连续重复,风机联合连续重复；用于计算重复风机功率扣减量，是否并入最终异常由参数控制
2024-04-14 15:37:00,2024-04-14 15:40:00,4,风机联合连续重复,风机联合连续重复；用于计算重复风机功率扣减量，是否并入最终异常由参数控制
2024-04-14 15:37:00,2024-04-14 15:40:00,4,风机联合连续重复,风机联合连续重复；用于计算重复风机功率扣减量，是否并入最终异常由参数控制
2024-04-14 15:37:00,2024-04-14 15:40:00,4,风机联合连续重复,风机联合连续重复；用于计算重复风机功率扣减量，是否并入最终异常由参数控制
2024-04-14 15:37:00,2024-04-14 15:40:00,4,风机联合连续重复,风机联合连续重复；用于计算重复风机功率扣减量，是否并入最终异常由参数控制
2024-04-14 15:37:00,2024-04-14 15:40:00,4,风机联合连续重复,风机联合连续重复；用于计算重复风机功率扣减量，是否并入最终异常由参数控制
2024-04-14 15:37:00,2024-04-14 15:40:00,4,风机联合连续重复,风机联合连续重复；用于计算重复风机功率扣减量，是否并入最终异常由参数控制
2024-04-14 15:37:00,2024-04-14 15:40:00,4,风机联合连续重复,风机联合连续重复；用于计算重复风机功率扣减量，是否并入最终异常由参数控制
2024-04-14 15:37:00,2024-04-14 15:40:00,4,风机联合连续重复,风机联合连续重复；用于计算重复风机功率扣减量，是否并入最终异常由参数控制
2024-04-14 15:37:00,2024-04-14 15:40:00,4,风机联合连续重复,风机联合连续重复；用于计算重复风机功率扣减量，是否并入最终异常由参数控制
2024-04-14 15:37:00,2024-04-14 15:40:00,4,风机联合连续重复,风机联合连续重复；用于计算重复风机功率扣减量，是否并入最终异常由参数控制
2024-04-14 15:37:00,2024-04-14 15:40:00,4,风机联合连续重复,风机联合连续重复；用于计算重复风机功率扣减量，是否并入最终异常由参数控制
2024-04-14 15:37:00,2024-04-14 15:40:00,4,风机联合连续重复,风机联合连续重复；用于计算重复风机功率扣减量，是否并入最终异常由参数控制
2024-04-14 15:37:00,2024-04-14 15:40:00,4,风机联合连续重复,风机联合连续重复；用于计算重复风机功率扣减量，是否并入最终异常由参数控制
2024-04-14 15:37:00,2024-04-14 15:40:00,4,风机联合连续重复,风机联合连续重复；用于计算重复风机功率扣减量，是否并入最终异常由参数控制
2024-04-14 15:37:00,2024-04-14 15:40:00,4,风机联合连续重复,风机联合连续重复；用于计算重复风机功率扣减量，是否并入最终异常由参数控制
2024-04-14 15:37:00,2024-04-14 15:40:00,4,风机联合连续重复,风机联合连续重复；用于计算重复风机功率扣减量，是否并入最终异常由参数控制
2024-04-14 15:37:00,2024-04-14 15:40:00,4,风机联合连续重复,风机联合连续重复；用于计算重复风机功率扣减量，是否并入最终异常由参数控制
2024-04-14 15:37:00,2024-04-14 15:40:00,4,风机联合连续重复,风机联合连续重复；用于计算重复风机功率扣减量，是否并入最终异常由参数控制
2024-04-14 15:37:00,2024-04-14 15:40:00,4,风机联合连续重复,风机联合连续重复；用于计算重复风机功率扣减量，是否并入最终异常由参数控制
2024-04-14 15:37:00,2024-04-14 15:40:00,4,风机联合连续重复,风机联合连续重复；用于计算重复风机功率扣减量，是否并入最终异常由参数控制
2024-04-14 15:37:00,2024-04-14 15:40:00,4,风机联合连续重复,风机联合连续重复；用于计算重复风机功率扣减量，是否并入最终异常由参数控制
2024-04-14 15:37:00,2024-04-14 15:40:00,4,风机联合连续重复,风机联合连续重复；用于计算重复风机功率扣减量，是否并入最终异常由参数控制
2024-04-14 15:37:00,2024-04-14 15:40:00,4,风机联合连续重复,风机联合连续重复；用于计算重复风机功率扣减量，是否并入最终异常由参数控制
2024-04-14 15:37:00,2024-04-14 15:40:00,4,风机联合连续重复,风机联合连续重复；用于计算重复风机功率扣减量，是否并入最终异常由参数控制
2024-04-14 15:37:00,2024-04-14 15:40:00,4,风机联合连续重复,风机联合连续重复；用于计算重复风机功率扣减量，是否并入最终异常由参数控制
2024-04-14 15:37:00,2024-04-14 15:40:00,4,风机联合连续重复,风机联合连续重复；用于计算重复风机功率扣减量，是否并入最终异常由参数控制
2024-04-14 15:37:00,2024-04-14 15:40:00,4,风机联合连续重复,风机联合连续重复；用于计算重复风机功率扣减量，是否并入最终异常由参数控制
2024-04-14 15:37:00,2024-04-14 15:40:00,4,风机联合连续重复,风机联合连续重复；用于计算重复风机功率扣减量，是否并入最终异常由参数控制
2024-04-14 15:37:00,2024-04-14 15:40:00,4,风机联合连续重复,风机联合连续重复；用于计算重复风机功率扣减量，是否并入最终异常由参数控制
2024-04-14 15:37:00,2024-04-14 15:40:00,4,风机联合连续重复,风机联合连续重复；用于计算重复风机功率扣减量，是否并入最终异常由参数控制
2024-04-14 15:37:00,2024-04-14 15:40:00,4,风机联合连续重复,风机联合连续重复；用于计算重复风机功率扣减量，是否并入最终异常由参数控制
2024-04-14 15:37:00,2024-04-14 15:40:00,4,风机联合连续重复,风机联合连续重复；用于计算重复风机功率扣减量，是否并入最终异常由参数控制
2024-04-14 15:37:00,2024-04-14 15:40:00,4,风机联合连续重复,风机联合连续重复；用于计算重复风机功率扣减量，是否并入最终异常由参数控制
2024-04-14 15:37:00,2024-04-14 15:40:00,4,风机联合连续重复,风机联合连续重复；用于计算重复风机功率扣减量，是否并入最终异常由参数控制
2024-04-14 15:37:00,2024-04-14 15:40:00,4,站端功率连续重复,ACTIVE_POWER_STATION 重复值大于阈值且持续长度大于阈值
2024-04-14 16:32:00,2024-04-14 16:48:00,17,风机联合连续重复,风机联合连续重复；用于计算重复风机功率扣减量，是否并入最终异常由参数控制
2024-04-14 16:32:00,2024-04-14 16:48:00,17,风机联合连续重复,风机联合连续重复；用于计算重复风机功率扣减量，是否并入最终异常由参数控制
2024-04-14 16:32:00,2024-04-14 16:48:00,17,风机联合连续重复,风机联合连续重复；用于计算重复风机功率扣减量，是否并入最终异常由参数控制
2024-04-14 16:32:00,2024-04-14 16:48:00,17,风机联合连续重复,风机联合连续重复；用于计算重复风机功率扣减量，是否并入最终异常由参数控制
2024-04-14 16:32:00,2024-04-14 16:48:00,17,风机联合连续重复,风机联合连续重复；用于计算重复风机功率扣减量，是否并入最终异常由参数控制
2024-04-14 16:32:00,2024-04-14 16:48:00,17,风机联合连续重复,风机联合连续重复；用于计算重复风机功率扣减量，是否并入最终异常由参数控制
2024-04-14 16:32:00,2024-04-14 16:48:00,17,风机联合连续重复,风机联合连续重复；用于计算重复风机功率扣减量，是否并入最终异常由参数控制
2024-04-14 16:32:00,2024-04-14 16:48:00,17,风机联合连续重复,风机联合连续重复；用于计算重复风机功率扣减量，是否并入最终异常由参数控制
2024-04-14 16:32:00,2024-04-14 16:48:00,17,风机联合连续重复,风机联合连续重复；用于计算重复风机功率扣减量，是否并入最终异常由参数控制
2024-04-14 16:32:00,2024-04-14 16:48:00,17,风机联合连续重复,风机联合连续重复；用于计算重复风机功率扣减量，是否并入最终异常由参数控制
2024-04-14 16:32:00,2024-04-14 16:48:00,17,风机联合连续重复,风机联合连续重复；用于计算重复风机功率扣减量，是否并入最终异常由参数控制
2024-04-14 16:32:00,2024-04-14 16:48:00,17,风机联合连续重复,风机联合连续重复；用于计算重复风机功率扣减量，是否并入最终异常由参数控制
2024-04-14 16:32:00,2024-04-14 16:48:00,17,风机联合连续重复,风机联合连续重复；用于计算重复风机功率扣减量，是否并入最终异常由参数控制
2024-04-14 16:32:00,2024-04-14 16:48:00,17,风机联合连续重复,风机联合连续重复；用于计算重复风机功率扣减量，是否并入最终异常由参数控制
2024-04-14 16:32:00,2024-04-14 16:48:00,17,风机联合连续重复,风机联合连续重复；用于计算重复风机功率扣减量，是否并入最终异常由参数控制
2024-04-14 16:32:00,2024-04-14 16:48:00,17,风机联合连续重复,风机联合连续重复；用于计算重复风机功率扣减量，是否并入最终异常由参数控制
2024-04-14 16:32:00,2024-04-14 16:48:00,17,风机联合连续重复,风机联合连续重复；用于计算重复风机功率扣减量，是否并入最终异常由参数控制
2024-04-14 16:33:00,2024-04-14 16:48:00,16,风机联合连续重复,风机联合连续重复；用于计算重复风机功率扣减量，是否并入最终异常由参数控制
2024-04-14 16:33:00,2024-04-14 16:48:00,16,风机联合连续重复,风机联合连续重复；用于计算重复风机功率扣减量，是否并入最终异常由参数控制
2024-04-14 16:33:00,2024-04-14 16:48:00,16,风机联合连续重复,风机联合连续重复；用于计算重复风机功率扣减量，是否并入最终异常由参数控制
2024-04-14 16:33:00,2024-04-14 16:48:00,16,风机联合连续重复,风机联合连续重复；用于计算重复风机功率扣减量，是否并入最终异常由参数控制
2024-04-14 16:33:00,2024-04-14 16:48:00,16,风机联合连续重复,风机联合连续重复；用于计算重复风机功率扣减量，是否并入最终异常由参数控制
2024-04-14 16:33:00,2024-04-14 16:48:00,16,风机联合连续重复,风机联合连续重复；用于计算重复风机功率扣减量，是否并入最终异常由参数控制
2024-04-14 16:33:00,2024-04-14 16:48:00,16,风机联合连续重复,风机联合连续重复；用于计算重复风机功率扣减量，是否并入最终异常由参数控制
2024-04-14 16:33:00,2024-04-14 16:48:00,16,风机联合连续重复,风机联合连续重复；用于计算重复风机功率扣减量，是否并入最终异常由参数控制
2024-04-14 16:33:00,2024-04-14 16:48:00,16,风机联合连续重复,风机联合连续重复；用于计算重复风机功率扣减量，是否并入最终异常由参数控制
2024-04-14 16:33:00,2024-04-14 16:48:00,16,风机联合连续重复,风机联合连续重复；用于计算重复风机功率扣减量，是否并入最终异常由参数控制
2024-04-14 16:33:00,2024-04-14 16:48:00,16,风机联合连续重复,风机联合连续重复；用于计算重复风机功率扣减量，是否并入最终异常由参数控制
2024-04-14 16:33:00,2024-04-14 16:48:00,16,风机联合连续重复,风机联合连续重复；用于计算重复风机功率扣减量，是否并入最终异常由参数控制
2024-04-14 16:33:00,2024-04-14 16:48:00,16,风机联合连续重复,风机联合连续重复；用于计算重复风机功率扣减量，是否并入最终异常由参数控制
2024-04-14 16:33:00,2024-04-14 16:48:00,16,风机联合连续重复,风机联合连续重复；用于计算重复风机功率扣减量，是否并入最终异常由参数控制
2024-04-14 16:33:00,2024-04-14 16:48:00,16,风机联合连续重复,风机联合连续重复；用于计算重复风机功率扣减量，是否并入最终异常由参数控制
2024-04-14 16:33:00,2024-04-14 16:48:00,16,风机联合连续重复,风机联合连续重复；用于计算重复风机功率扣减量，是否并入最终异常由参数控制
2024-04-14 16:33:00,2024-04-14 16:48:00,16,风机联合连续重复,风机联合连续重复；用于计算重复风机功率扣减量，是否并入最终异常由参数控制
2024-04-14 16:33:00,2024-04-14 16:48:00,16,风机联合连续重复,风机联合连续重复；用于计算重复风机功率扣减量，是否并入最终异常由参数控制
2024-04-14 16:33:00,2024-04-14 16:48:00,16,风机联合连续重复,风机联合连续重复；用于计算重复风机功率扣减量，是否并入最终异常由参数控制
2024-04-14 16:33:00,2024-04-14 16:48:00,16,风机联合连续重复,风机联合连续重复；用于计算重复风机功率扣减量，是否并入最终异常由参数控制
2024-04-14 16:33:00,2024-04-14 16:48:00,16,风机联合连续重复,风机联合连续重复；用于计算重复风机功率扣减量，是否并入最终异常由参数控制
2024-04-14 16:33:00,2024-04-14 16:48:00,16,风机联合连续重复,风机联合连续重复；用于计算重复风机功率扣减量，是否并入最终异常由参数控制
2024-04-14 16:33:00,2024-04-14 16:48:00,16,风机联合连续重复,风机联合连续重复；用于计算重复风机功率扣减量，是否并入最终异常由参数控制
2024-04-14 16:33:00,2024-04-14 16:48:00,16,风机联合连续重复,风机联合连续重复；用于计算重复风机功率扣减量，是否并入最终异常由参数控制
2024-04-14 16:33:00,2024-04-14 16:48:00,16,风机联合连续重复,风机联合连续重复；用于计算重复风机功率扣减量，是否并入最终异常由参数控制
2024-04-14 16:33:00,2024-04-14 16:48:00,16,风机联合连续重复,风机联合连续重复；用于计算重复风机功率扣减量，是否并入最终异常由参数控制
2024-04-14 16:33:00,2024-04-14 16:48:00,16,风机联合连续重复,风机联合连续重复；用于计算重复风机功率扣减量，是否并入最终异常由参数控制
2024-04-14 16:33:00,2024-04-14 16:48:00,16,风机联合连续重复,风机联合连续重复；用于计算重复风机功率扣减量，是否并入最终异常由参数控制
2024-04-14 16:33:00,2024-04-14 16:48:00,16,风机联合连续重复,风机联合连续重复；用于计算重复风机功率扣减量，是否并入最终异常由参数控制
2024-04-14 16:33:00,2024-04-14 16:48:00,16,风机联合连续重复,风机联合连续重复；用于计算重复风机功率扣减量，是否并入最终异常由参数控制
2024-04-14 16:33:00,2024-04-14 16:48:00,16,风机联合连续重复,风机联合连续重复；用于计算重复风机功率扣减量，是否并入最终异常由参数控制
2024-04-14 16:33:00,2024-04-14 16:48:00,16,风机联合连续重复,风机联合连续重复；用于计算重复风机功率扣减量，是否并入最终异常由参数控制
2024-04-14 16:33:00,2024-04-14 16:48:00,16,风机联合连续重复,风机联合连续重复；用于计算重复风机功率扣减量，是否并入最终异常由参数控制
2024-04-14 16:33:00,2024-04-14 16:48:00,16,风机联合连续重复,风机联合连续重复；用于计算重复风机功率扣减量，是否并入最终异常由参数控制
2024-04-14 16:33:00,2024-04-14 16:48:00,16,风机联合连续重复,风机联合连续重复；用于计算重复风机功率扣减量，是否并入最终异常由参数控制
2024-04-14 16:33:00,2024-04-14 16:48:00,16,风机联合连续重复,风机联合连续重复；用于计算重复风机功率扣减量，是否并入最终异常由参数控制
2024-04-14 16:33:00,2024-04-14 16:48:00,16,风机联合连续重复,风机联合连续重复；用于计算重复风机功率扣减量，是否并入最终异常由参数控制
2024-04-14 16:33:00,2024-04-14 16:48:00,16,风机联合连续重复,风机联合连续重复；用于计算重复风机功率扣减量，是否并入最终异常由参数控制
2024-04-14 16:33:00,2024-04-14 16:48:00,16,风机联合连续重复,风机联合连续重复；用于计算重复风机功率扣减量，是否并入最终异常由参数控制
2024-04-14 16:33:00,2024-04-14 16:48:00,16,风机联合连续重复,风机联合连续重复；用于计算重复风机功率扣减量，是否并入最终异常由参数控制
2024-04-14 16:33:00,2024-04-14 16:48:00,16,风机联合连续重复,风机联合连续重复；用于计算重复风机功率扣减量，是否并入最终异常由参数控制
2024-04-15 14:24:00,2024-04-15 14:27:00,4,风机联合连续重复,风机联合连续重复；用于计算重复风机功率扣减量，是否并入最终异常由参数控制
2024-04-15 14:24:00,2024-04-15 14:27:00,4,风机联合连续重复,风机联合连续重复；用于计算重复风机功率扣减量，是否并入最终异常由参数控制
2024-04-15 14:24:00,2024-04-15 14:27:00,4,风机联合连续重复,风机联合连续重复；用于计算重复风机功率扣减量，是否并入最终异常由参数控制
2024-04-15 14:24:00,2024-04-15 14:27:00,4,风机联合连续重复,风机联合连续重复；用于计算重复风机功率扣减量，是否并入最终异常由参数控制
2024-04-15 14:24:00,2024-04-15 14:27:00,4,风机联合连续重复,风机联合连续重复；用于计算重复风机功率扣减量，是否并入最终异常由参数控制
2024-04-16 09:18:00,2024-04-16 09:30:00,13,风机联合连续重复,风机联合连续重复；用于计算重复风机功率扣减量，是否并入最终异常由参数控制
2024-04-22 14:30:00,2024-04-22 14:34:00,5,风机联合连续重复,风机联合连续重复；用于计算重复风机功率扣减量，是否并入最终异常由参数控制
2024-04-22 14:30:00,2024-04-22 14:34:00,5,风机联合连续重复,风机联合连续重复；用于计算重复风机功率扣减量，是否并入最终异常由参数控制
2024-04-22 14:30:00,2024-04-22 14:34:00,5,风机联合连续重复,风机联合连续重复；用于计算重复风机功率扣减量，是否并入最终异常由参数控制
2024-04-22 17:50:00,2024-04-22 18:15:00,26,风机联合连续重复,风机联合连续重复；用于计算重复风机功率扣减量，是否并入最终异常由参数控制
2024-04-23 10:06:00,2024-04-23 10:12:00,7,风机联合连续重复,风机联合连续重复；用于计算重复风机功率扣减量，是否并入最终异常由参数控制
2024-04-23 10:06:00,2024-04-23 10:12:00,7,风机联合连续重复,风机联合连续重复；用于计算重复风机功率扣减量，是否并入最终异常由参数控制
2024-04-23 10:06:00,2024-04-23 10:12:00,7,风机联合连续重复,风机联合连续重复；用于计算重复风机功率扣减量，是否并入最终异常由参数控制
2024-04-23 10:06:00,2024-04-23 10:12:00,7,风机联合连续重复,风机联合连续重复；用于计算重复风机功率扣减量，是否并入最终异常由参数控制
2024-04-23 10:06:00,2024-04-23 10:12:00,7,风机联合连续重复,风机联合连续重复；用于计算重复风机功率扣减量，是否并入最终异常由参数控制
2024-04-23 10:06:00,2024-04-23 10:12:00,7,风机联合连续重复,风机联合连续重复；用于计算重复风机功率扣减量，是否并入最终异常由参数控制
2024-04-23 10:06:00,2024-04-23 10:12:00,7,风机联合连续重复,风机联合连续重复；用于计算重复风机功率扣减量，是否并入最终异常由参数控制
2024-04-23 10:06:00,2024-04-23 10:12:00,7,风机联合连续重复,风机联合连续重复；用于计算重复风机功率扣减量，是否并入最终异常由参数控制
2024-04-23 10:06:00,2024-04-23 10:12:00,7,风机联合连续重复,风机联合连续重复；用于计算重复风机功率扣减量，是否并入最终异常由参数控制
2024-04-23 10:06:00,2024-04-23 10:12:00,7,风机联合连续重复,风机联合连续重复；用于计算重复风机功率扣减量，是否并入最终异常由参数控制
2024-04-23 10:06:00,2024-04-23 10:12:00,7,风机联合连续重复,风机联合连续重复；用于计算重复风机功率扣减量，是否并入最终异常由参数控制
2024-04-23 10:06:00,2024-04-23 10:12:00,7,风机联合连续重复,风机联合连续重复；用于计算重复风机功率扣减量，是否并入最终异常由参数控制
2024-04-23 10:06:00,2024-04-23 10:12:00,7,风机联合连续重复,风机联合连续重复；用于计算重复风机功率扣减量，是否并入最终异常由参数控制
2024-04-23 10:06:00,2024-04-23 10:12:00,7,风机联合连续重复,风机联合连续重复；用于计算重复风机功率扣减量，是否并入最终异常由参数控制
2024-04-23 10:06:00,2024-04-23 10:12:00,7,风机联合连续重复,风机联合连续重复；用于计算重复风机功率扣减量，是否并入最终异常由参数控制
2024-04-23 10:06:00,2024-04-23 10:12:00,7,风机联合连续重复,风机联合连续重复；用于计算重复风机功率扣减量，是否并入最终异常由参数控制
2024-04-23 10:06:00,2024-04-23 10:12:00,7,风机联合连续重复,风机联合连续重复；用于计算重复风机功率扣减量，是否并入最终异常由参数控制
2024-04-23 10:06:00,2024-04-23 10:12:00,7,风机联合连续重复,风机联合连续重复；用于计算重复风机功率扣减量，是否并入最终异常由参数控制
2024-04-23 10:06:00,2024-04-23 10:12:00,7,风机联合连续重复,风机联合连续重复；用于计算重复风机功率扣减量，是否并入最终异常由参数控制
2024-04-23 10:06:00,2024-04-23 10:12:00,7,风机联合连续重复,风机联合连续重复；用于计算重复风机功率扣减量，是否并入最终异常由参数控制
2024-04-23 10:06:00,2024-04-23 10:12:00,7,风机联合连续重复,风机联合连续重复；用于计算重复风机功率扣减量，是否并入最终异常由参数控制
2024-04-23 10:06:00,2024-04-23 10:12:00,7,风机联合连续重复,风机联合连续重复；用于计算重复风机功率扣减量，是否并入最终异常由参数控制
2024-04-24 07:55:00,2024-04-24 12:50:00,296,风机联合连续重复,风机联合连续重复；用于计算重复风机功率扣减量，是否并入最终异常由参数控制
2024-04-25 14:39:00,2024-04-25 17:28:00,170,风机联合连续重复,风机联合连续重复；用于计算重复风机功率扣减量，是否并入最终异常由参数控制
2024-04-26 17:41:00,2024-04-26 17:48:00,8,站端功率连续重复,ACTIVE_POWER_STATION 重复值大于阈值且持续长度大于阈值
2024-05-06 16:46:00,2024-05-06 16:50:00,5,风机联合连续重复,风机联合连续重复；用于计算重复风机功率扣减量，是否并入最终异常由参数控制
2024-05-06 16:46:00,2024-05-06 16:50:00,5,风机联合连续重复,风机联合连续重复；用于计算重复风机功率扣减量，是否并入最终异常由参数控制
2024-05-06 16:46:00,2024-05-06 16:50:00,5,风机联合连续重复,风机联合连续重复；用于计算重复风机功率扣减量，是否并入最终异常由参数控制
2024-05-06 16:46:00,2024-05-06 16:50:00,5,风机联合连续重复,风机联合连续重复；用于计算重复风机功率扣减量，是否并入最终异常由参数控制
2024-05-06 16:46:00,2024-05-06 16:50:00,5,风机联合连续重复,风机联合连续重复；用于计算重复风机功率扣减量，是否并入最终异常由参数控制
2024-05-06 16:46:00,2024-05-06 16:50:00,5,风机联合连续重复,风机联合连续重复；用于计算重复风机功率扣减量，是否并入最终异常由参数控制
2024-05-06 16:46:00,2024-05-06 16:50:00,5,风机联合连续重复,风机联合连续重复；用于计算重复风机功率扣减量，是否并入最终异常由参数控制
2024-05-06 16:46:00,2024-05-06 16:50:00,5,风机联合连续重复,风机联合连续重复；用于计算重复风机功率扣减量，是否并入最终异常由参数控制
2024-05-06 16:46:00,2024-05-06 16:50:00,5,风机联合连续重复,风机联合连续重复；用于计算重复风机功率扣减量，是否并入最终异常由参数控制
2024-05-06 16:46:00,2024-05-06 16:50:00,5,风机联合连续重复,风机联合连续重复；用于计算重复风机功率扣减量，是否并入最终异常由参数控制
2024-05-06 16:46:00,2024-05-06 16:50:00,5,风机联合连续重复,风机联合连续重复；用于计算重复风机功率扣减量，是否并入最终异常由参数控制
2024-05-06 16:46:00,2024-05-06 16:50:00,5,风机联合连续重复,风机联合连续重复；用于计算重复风机功率扣减量，是否并入最终异常由参数控制
2024-05-06 16:46:00,2024-05-06 16:50:00,5,风机联合连续重复,风机联合连续重复；用于计算重复风机功率扣减量，是否并入最终异常由参数控制
2024-05-06 16:46:00,2024-05-06 16:50:00,5,风机联合连续重复,风机联合连续重复；用于计算重复风机功率扣减量，是否并入最终异常由参数控制
2024-05-06 16:46:00,2024-05-06 16:50:00,5,风机联合连续重复,风机联合连续重复；用于计算重复风机功率扣减量，是否并入最终异常由参数控制
2024-05-06 16:46:00,2024-05-06 16:50:00,5,风机联合连续重复,风机联合连续重复；用于计算重复风机功率扣减量，是否并入最终异常由参数控制
2024-05-06 16:46:00,2024-05-06 16:50:00,5,风机联合连续重复,风机联合连续重复；用于计算重复风机功率扣减量，是否并入最终异常由参数控制
2024-05-06 16:46:00,2024-05-06 16:50:00,5,风机联合连续重复,风机联合连续重复；用于计算重复风机功率扣减量，是否并入最终异常由参数控制
2024-05-06 16:46:00,2024-05-06 16:50:00,5,风机联合连续重复,风机联合连续重复；用于计算重复风机功率扣减量，是否并入最终异常由参数控制
2024-05-06 16:46:00,2024-05-06 16:50:00,5,风机联合连续重复,风机联合连续重复；用于计算重复风机功率扣减量，是否并入最终异常由参数控制
2024-05-06 16:46:00,2024-05-06 16:50:00,5,风机联合连续重复,风机联合连续重复；用于计算重复风机功率扣减量，是否并入最终异常由参数控制
2024-05-06 16:46:00,2024-05-06 16:50:00,5,风机联合连续重复,风机联合连续重复；用于计算重复风机功率扣减量，是否并入最终异常由参数控制
2024-05-06 16:46:00,2024-05-06 16:50:00,5,风机联合连续重复,风机联合连续重复；用于计算重复风机功率扣减量，是否并入最终异常由参数控制
2024-05-06 16:46:00,2024-05-06 16:50:00,5,风机联合连续重复,风机联合连续重复；用于计算重复风机功率扣减量，是否并入最终异常由参数控制
2024-05-06 16:46:00,2024-05-06 16:50:00,5,风机联合连续重复,风机联合连续重复；用于计算重复风机功率扣减量，是否并入最终异常由参数控制
2024-05-06 16:46:00,2024-05-06 16:50:00,5,风机联合连续重复,风机联合连续重复；用于计算重复风机功率扣减量，是否并入最终异常由参数控制
2024-05-06 16:46:00,2024-05-06 16:50:00,5,风机联合连续重复,风机联合连续重复；用于计算重复风机功率扣减量，是否并入最终异常由参数控制
2024-05-06 16:46:00,2024-05-06 16:50:00,5,风机联合连续重复,风机联合连续重复；用于计算重复风机功率扣减量，是否并入最终异常由参数控制
2024-05-06 16:46:00,2024-05-06 16:50:00,5,风机联合连续重复,风机联合连续重复；用于计算重复风机功率扣减量，是否并入最终异常由参数控制
2024-05-06 16:46:00,2024-05-06 16:50:00,5,风机联合连续重复,风机联合连续重复；用于计算重复风机功率扣减量，是否并入最终异常由参数控制
2024-05-06 16:46:00,2024-05-06 16:50:00,5,风机联合连续重复,风机联合连续重复；用于计算重复风机功率扣减量，是否并入最终异常由参数控制
2024-05-06 16:46:00,2024-05-06 16:50:00,5,风机联合连续重复,风机联合连续重复；用于计算重复风机功率扣减量，是否并入最终异常由参数控制
2024-05-06 16:46:00,2024-05-06 16:50:00,5,风机联合连续重复,风机联合连续重复；用于计算重复风机功率扣减量，是否并入最终异常由参数控制
2024-05-06 16:46:00,2024-05-06 16:50:00,5,风机联合连续重复,风机联合连续重复；用于计算重复风机功率扣减量，是否并入最终异常由参数控制
2024-05-06 16:46:00,2024-05-06 16:50:00,5,风机联合连续重复,风机联合连续重复；用于计算重复风机功率扣减量，是否并入最终异常由参数控制
2024-05-06 16:46:00,2024-05-06 16:50:00,5,风机联合连续重复,风机联合连续重复；用于计算重复风机功率扣减量，是否并入最终异常由参数控制
2024-05-06 16:46:00,2024-05-06 16:50:00,5,风机联合连续重复,风机联合连续重复；用于计算重复风机功率扣减量，是否并入最终异常由参数控制
2024-05-06 16:46:00,2024-05-06 16:50:00,5,风机联合连续重复,风机联合连续重复；用于计算重复风机功率扣减量，是否并入最终异常由参数控制
2024-05-06 16:46:00,2024-05-06 16:50:00,5,风机联合连续重复,风机联合连续重复；用于计算重复风机功率扣减量，是否并入最终异常由参数控制
2024-05-06 16:46:00,2024-05-06 16:50:00,5,风机联合连续重复,风机联合连续重复；用于计算重复风机功率扣减量，是否并入最终异常由参数控制
2024-05-06 16:46:00,2024-05-06 16:50:00,5,风机联合连续重复,风机联合连续重复；用于计算重复风机功率扣减量，是否并入最终异常由参数控制
2024-05-06 16:46:00,2024-05-06 16:50:00,5,风机联合连续重复,风机联合连续重复；用于计算重复风机功率扣减量，是否并入最终异常由参数控制
2024-05-06 16:46:00,2024-05-06 16:50:00,5,风机联合连续重复,风机联合连续重复；用于计算重复风机功率扣减量，是否并入最终异常由参数控制
2024-05-06 16:46:00,2024-05-06 16:50:00,5,风机联合连续重复,风机联合连续重复；用于计算重复风机功率扣减量，是否并入最终异常由参数控制
2024-05-06 16:46:00,2024-05-06 16:50:00,5,风机联合连续重复,风机联合连续重复；用于计算重复风机功率扣减量，是否并入最终异常由参数控制
2024-05-06 16:46:00,2024-05-06 16:50:00,5,风机联合连续重复,风机联合连续重复；用于计算重复风机功率扣减量，是否并入最终异常由参数控制
2024-05-06 16:46:00,2024-05-06 16:50:00,5,风机联合连续重复,风机联合连续重复；用于计算重复风机功率扣减量，是否并入最终异常由参数控制
2024-05-06 16:46:00,2024-05-06 16:50:00,5,风机联合连续重复,风机联合连续重复；用于计算重复风机功率扣减量，是否并入最终异常由参数控制
2024-05-06 16:46:00,2024-05-06 16:50:00,5,风机联合连续重复,风机联合连续重复；用于计算重复风机功率扣减量，是否并入最终异常由参数控制
2024-05-06 16:46:00,2024-05-06 16:50:00,5,风机联合连续重复,风机联合连续重复；用于计算重复风机功率扣减量，是否并入最终异常由参数控制
2024-05-06 16:46:00,2024-05-06 16:50:00,5,风机联合连续重复,风机联合连续重复；用于计算重复风机功率扣减量，是否并入最终异常由参数控制
2024-05-06 16:46:00,2024-05-06 16:50:00,5,风机联合连续重复,风机联合连续重复；用于计算重复风机功率扣减量，是否并入最终异常由参数控制
2024-05-06 16:46:00,2024-05-06 16:50:00,5,风机联合连续重复,风机联合连续重复；用于计算重复风机功率扣减量，是否并入最终异常由参数控制
2024-05-06 16:46:00,2024-05-06 16:50:00,5,风机联合连续重复,风机联合连续重复；用于计算重复风机功率扣减量，是否并入最终异常由参数控制
2024-05-06 16:46:00,2024-05-06 16:50:00,5,风机联合连续重复,风机联合连续重复；用于计算重复风机功率扣减量，是否并入最终异常由参数控制
2024-05-06 16:46:00,2024-05-06 16:50:00,5,风机联合连续重复,风机联合连续重复；用于计算重复风机功率扣减量，是否并入最终异常由参数控制
2024-05-06 16:46:00,2024-05-06 16:50:00,5,风机联合连续重复,风机联合连续重复；用于计算重复风机功率扣减量，是否并入最终异常由参数控制
2024-05-06 16:46:00,2024-05-06 16:50:00,5,站端功率连续重复,ACTIVE_POWER_STATION 重复值大于阈值且持续长度大于阈值
2024-05-07 15:25:00,2024-05-07 15:28:00,4,风机联合连续重复,风机联合连续重复；用于计算重复风机功率扣减量，是否并入最终异常由参数控制
2024-05-07 15:25:00,2024-05-07 15:28:00,4,风机联合连续重复,风机联合连续重复；用于计算重复风机功率扣减量，是否并入最终异常由参数控制
2024-05-07 15:25:00,2024-05-07 15:28:00,4,风机联合连续重复,风机联合连续重复；用于计算重复风机功率扣减量，是否并入最终异常由参数控制
2024-05-07 15:25:00,2024-05-07 15:28:00,4,风机联合连续重复,风机联合连续重复；用于计算重复风机功率扣减量，是否并入最终异常由参数控制
2024-05-07 15:25:00,2024-05-07 15:28:00,4,风机联合连续重复,风机联合连续重复；用于计算重复风机功率扣减量，是否并入最终异常由参数控制
2024-05-07 15:25:00,2024-05-07 15:28:00,4,风机联合连续重复,风机联合连续重复；用于计算重复风机功率扣减量，是否并入最终异常由参数控制
2024-05-07 15:25:00,2024-05-07 15:28:00,4,风机联合连续重复,风机联合连续重复；用于计算重复风机功率扣减量，是否并入最终异常由参数控制
2024-05-07 15:25:00,2024-05-07 15:28:00,4,风机联合连续重复,风机联合连续重复；用于计算重复风机功率扣减量，是否并入最终异常由参数控制
2024-05-07 15:25:00,2024-05-07 15:28:00,4,风机联合连续重复,风机联合连续重复；用于计算重复风机功率扣减量，是否并入最终异常由参数控制
2024-05-07 15:25:00,2024-05-07 15:28:00,4,风机联合连续重复,风机联合连续重复；用于计算重复风机功率扣减量，是否并入最终异常由参数控制
2024-05-07 15:25:00,2024-05-07 15:28:00,4,风机联合连续重复,风机联合连续重复；用于计算重复风机功率扣减量，是否并入最终异常由参数控制
2024-05-07 15:25:00,2024-05-07 15:28:00,4,风机联合连续重复,风机联合连续重复；用于计算重复风机功率扣减量，是否并入最终异常由参数控制
2024-05-07 15:25:00,2024-05-07 15:28:00,4,风机联合连续重复,风机联合连续重复；用于计算重复风机功率扣减量，是否并入最终异常由参数控制
2024-05-07 15:25:00,2024-05-07 15:28:00,4,风机联合连续重复,风机联合连续重复；用于计算重复风机功率扣减量，是否并入最终异常由参数控制
2024-05-07 15:25:00,2024-05-07 15:28:00,4,风机联合连续重复,风机联合连续重复；用于计算重复风机功率扣减量，是否并入最终异常由参数控制
2024-05-07 15:25:00,2024-05-07 15:28:00,4,风机联合连续重复,风机联合连续重复；用于计算重复风机功率扣减量，是否并入最终异常由参数控制
2024-05-07 15:25:00,2024-05-07 15:28:00,4,风机联合连续重复,风机联合连续重复；用于计算重复风机功率扣减量，是否并入最终异常由参数控制
2024-05-07 15:25:00,2024-05-07 15:28:00,4,风机联合连续重复,风机联合连续重复；用于计算重复风机功率扣减量，是否并入最终异常由参数控制
2024-05-07 15:25:00,2024-05-07 15:28:00,4,风机联合连续重复,风机联合连续重复；用于计算重复风机功率扣减量，是否并入最终异常由参数控制
2024-05-07 15:25:00,2024-05-07 15:28:00,4,风机联合连续重复,风机联合连续重复；用于计算重复风机功率扣减量，是否并入最终异常由参数控制
2024-05-07 15:25:00,2024-05-07 15:28:00,4,风机联合连续重复,风机联合连续重复；用于计算重复风机功率扣减量，是否并入最终异常由参数控制
2024-05-07 15:25:00,2024-05-07 15:28:00,4,风机联合连续重复,风机联合连续重复；用于计算重复风机功率扣减量，是否并入最终异常由参数控制
2024-05-07 15:25:00,2024-05-07 15:28:00,4,风机联合连续重复,风机联合连续重复；用于计算重复风机功率扣减量，是否并入最终异常由参数控制
2024-05-07 15:25:00,2024-05-07 15:28:00,4,风机联合连续重复,风机联合连续重复；用于计算重复风机功率扣减量，是否并入最终异常由参数控制
2024-05-07 15:25:00,2024-05-07 15:28:00,4,风机联合连续重复,风机联合连续重复；用于计算重复风机功率扣减量，是否并入最终异常由参数控制
2024-05-07 15:25:00,2024-05-07 15:28:00,4,风机联合连续重复,风机联合连续重复；用于计算重复风机功率扣减量，是否并入最终异常由参数控制
2024-05-07 15:25:00,2024-05-07 15:28:00,4,风机联合连续重复,风机联合连续重复；用于计算重复风机功率扣减量，是否并入最终异常由参数控制
2024-05-07 15:25:00,2024-05-07 15:28:00,4,风机联合连续重复,风机联合连续重复；用于计算重复风机功率扣减量，是否并入最终异常由参数控制
2024-05-07 15:25:00,2024-05-07 15:28:00,4,风机联合连续重复,风机联合连续重复；用于计算重复风机功率扣减量，是否并入最终异常由参数控制
2024-05-07 15:25:00,2024-05-07 15:28:00,4,风机联合连续重复,风机联合连续重复；用于计算重复风机功率扣减量，是否并入最终异常由参数控制
2024-05-07 15:25:00,2024-05-07 15:28:00,4,风机联合连续重复,风机联合连续重复；用于计算重复风机功率扣减量，是否并入最终异常由参数控制
2024-05-08 17:08:00,2024-05-08 19:34:00,147,风机联合连续重复,风机联合连续重复；用于计算重复风机功率扣减量，是否并入最终异常由参数控制
2024-05-13 11:14:00,2024-05-13 11:18:00,5,风机联合连续重复,风机联合连续重复；用于计算重复风机功率扣减量，是否并入最终异常由参数控制
2024-05-13 12:11:00,2024-05-13 12:20:00,10,风机联合连续重复,风机联合连续重复；用于计算重复风机功率扣减量，是否并入最终异常由参数控制
2024-05-23 10:35:00,2024-05-23 10:38:00,4,风机联合连续重复,风机联合连续重复；用于计算重复风机功率扣减量，是否并入最终异常由参数控制
2024-05-23 10:35:00,2024-05-23 10:38:00,4,风机联合连续重复,风机联合连续重复；用于计算重复风机功率扣减量，是否并入最终异常由参数控制
2024-05-23 10:35:00,2024-05-23 10:38:00,4,风机联合连续重复,风机联合连续重复；用于计算重复风机功率扣减量，是否并入最终异常由参数控制
2024-05-23 10:35:00,2024-05-23 10:38:00,4,风机联合连续重复,风机联合连续重复；用于计算重复风机功率扣减量，是否并入最终异常由参数控制
2024-05-23 10:35:00,2024-05-23 10:38:00,4,风机联合连续重复,风机联合连续重复；用于计算重复风机功率扣减量，是否并入最终异常由参数控制
2024-05-23 10:35:00,2024-05-23 10:38:00,4,风机联合连续重复,风机联合连续重复；用于计算重复风机功率扣减量，是否并入最终异常由参数控制
2024-05-23 10:35:00,2024-05-23 10:38:00,4,风机联合连续重复,风机联合连续重复；用于计算重复风机功率扣减量，是否并入最终异常由参数控制
2024-05-23 10:35:00,2024-05-23 10:38:00,4,风机联合连续重复,风机联合连续重复；用于计算重复风机功率扣减量，是否并入最终异常由参数控制
2024-05-23 10:35:00,2024-05-23 10:38:00,4,风机联合连续重复,风机联合连续重复；用于计算重复风机功率扣减量，是否并入最终异常由参数控制
2024-05-23 10:35:00,2024-05-23 10:38:00,4,风机联合连续重复,风机联合连续重复；用于计算重复风机功率扣减量，是否并入最终异常由参数控制
2024-05-23 10:35:00,2024-05-23 10:38:00,4,风机联合连续重复,风机联合连续重复；用于计算重复风机功率扣减量，是否并入最终异常由参数控制
2024-05-23 10:35:00,2024-05-23 10:38:00,4,风机联合连续重复,风机联合连续重复；用于计算重复风机功率扣减量，是否并入最终异常由参数控制
2024-05-23 10:35:00,2024-05-23 10:38:00,4,风机联合连续重复,风机联合连续重复；用于计算重复风机功率扣减量，是否并入最终异常由参数控制
2024-05-23 10:35:00,2024-05-23 10:38:00,4,风机联合连续重复,风机联合连续重复；用于计算重复风机功率扣减量，是否并入最终异常由参数控制
2024-05-23 11:10:00,2024-05-23 13:41:00,152,风机联合连续重复,风机联合连续重复；用于计算重复风机功率扣减量，是否并入最终异常由参数控制
2024-05-24 15:42:00,2024-05-24 15:54:00,13,风机联合连续重复,风机联合连续重复；用于计算重复风机功率扣减量，是否并入最终异常由参数控制
2024-06-06 14:15:00,2024-06-06 14:20:00,6,风机联合连续重复,风机联合连续重复；用于计算重复风机功率扣减量，是否并入最终异常由参数控制
2024-06-06 14:15:00,2024-06-06 14:20:00,6,风机联合连续重复,风机联合连续重复；用于计算重复风机功率扣减量，是否并入最终异常由参数控制
2024-06-06 14:15:00,2024-06-06 14:20:00,6,风机联合连续重复,风机联合连续重复；用于计算重复风机功率扣减量，是否并入最终异常由参数控制
2024-06-06 14:15:00,2024-06-06 14:20:00,6,风机联合连续重复,风机联合连续重复；用于计算重复风机功率扣减量，是否并入最终异常由参数控制
2024-06-06 14:15:00,2024-06-06 14:20:00,6,风机联合连续重复,风机联合连续重复；用于计算重复风机功率扣减量，是否并入最终异常由参数控制
2024-06-06 14:15:00,2024-06-06 14:20:00,6,风机联合连续重复,风机联合连续重复；用于计算重复风机功率扣减量，是否并入最终异常由参数控制
2024-06-06 14:15:00,2024-06-06 14:20:00,6,风机联合连续重复,风机联合连续重复；用于计算重复风机功率扣减量，是否并入最终异常由参数控制
2024-06-06 14:15:00,2024-06-06 14:20:00,6,风机联合连续重复,风机联合连续重复；用于计算重复风机功率扣减量，是否并入最终异常由参数控制
2024-06-06 14:15:00,2024-06-06 14:20:00,6,风机联合连续重复,风机联合连续重复；用于计算重复风机功率扣减量，是否并入最终异常由参数控制
2024-06-06 14:15:00,2024-06-06 14:20:00,6,风机联合连续重复,风机联合连续重复；用于计算重复风机功率扣减量，是否并入最终异常由参数控制
2024-06-06 14:15:00,2024-06-06 14:20:00,6,风机联合连续重复,风机联合连续重复；用于计算重复风机功率扣减量，是否并入最终异常由参数控制
2024-06-07 10:58:00,2024-06-07 11:01:00,4,风机联合连续重复,风机联合连续重复；用于计算重复风机功率扣减量，是否并入最终异常由参数控制
2024-06-07 10:58:00,2024-06-07 11:01:00,4,风机联合连续重复,风机联合连续重复；用于计算重复风机功率扣减量，是否并入最终异常由参数控制
2024-06-07 10:58:00,2024-06-07 11:01:00,4,风机联合连续重复,风机联合连续重复；用于计算重复风机功率扣减量，是否并入最终异常由参数控制
2024-06-07 10:58:00,2024-06-07 11:01:00,4,风机联合连续重复,风机联合连续重复；用于计算重复风机功率扣减量，是否并入最终异常由参数控制
2024-06-07 10:58:00,2024-06-07 11:01:00,4,风机联合连续重复,风机联合连续重复；用于计算重复风机功率扣减量，是否并入最终异常由参数控制
2024-06-07 10:58:00,2024-06-07 11:01:00,4,风机联合连续重复,风机联合连续重复；用于计算重复风机功率扣减量，是否并入最终异常由参数控制
2024-06-07 10:58:00,2024-06-07 11:01:00,4,风机联合连续重复,风机联合连续重复；用于计算重复风机功率扣减量，是否并入最终异常由参数控制
2024-06-07 10:58:00,2024-06-07 11:01:00,4,风机联合连续重复,风机联合连续重复；用于计算重复风机功率扣减量，是否并入最终异常由参数控制
2024-06-07 12:57:00,2024-06-07 13:01:00,5,风机联合连续重复,风机联合连续重复；用于计算重复风机功率扣减量，是否并入最终异常由参数控制
2024-06-07 14:55:00,2024-06-07 14:58:00,4,风机联合连续重复,风机联合连续重复；用于计算重复风机功率扣减量，是否并入最终异常由参数控制
2024-06-07 14:55:00,2024-06-07 14:58:00,4,风机联合连续重复,风机联合连续重复；用于计算重复风机功率扣减量，是否并入最终异常由参数控制
2024-06-07 14:55:00,2024-06-07 14:58:00,4,风机联合连续重复,风机联合连续重复；用于计算重复风机功率扣减量，是否并入最终异常由参数控制
2024-06-07 14:55:00,2024-06-07 14:58:00,4,风机联合连续重复,风机联合连续重复；用于计算重复风机功率扣减量，是否并入最终异常由参数控制
2024-06-07 14:55:00,2024-06-07 14:58:00,4,风机联合连续重复,风机联合连续重复；用于计算重复风机功率扣减量，是否并入最终异常由参数控制
2024-06-07 14:55:00,2024-06-07 14:58:00,4,风机联合连续重复,风机联合连续重复；用于计算重复风机功率扣减量，是否并入最终异常由参数控制
2024-06-07 14:55:00,2024-06-07 14:58:00,4,风机联合连续重复,风机联合连续重复；用于计算重复风机功率扣减量，是否并入最终异常由参数控制
2024-06-07 14:55:00,2024-06-07 14:58:00,4,风机联合连续重复,风机联合连续重复；用于计算重复风机功率扣减量，是否并入最终异常由参数控制
2024-06-07 14:55:00,2024-06-07 14:58:00,4,风机联合连续重复,风机联合连续重复；用于计算重复风机功率扣减量，是否并入最终异常由参数控制
2024-06-07 14:55:00,2024-06-07 14:58:00,4,风机联合连续重复,风机联合连续重复；用于计算重复风机功率扣减量，是否并入最终异常由参数控制
2024-06-07 14:55:00,2024-06-07 14:58:00,4,风机联合连续重复,风机联合连续重复；用于计算重复风机功率扣减量，是否并入最终异常由参数控制
2024-06-07 14:55:00,2024-06-07 14:58:00,4,风机联合连续重复,风机联合连续重复；用于计算重复风机功率扣减量，是否并入最终异常由参数控制
2024-06-07 14:55:00,2024-06-07 14:58:00,4,风机联合连续重复,风机联合连续重复；用于计算重复风机功率扣减量，是否并入最终异常由参数控制
2024-06-07 14:55:00,2024-06-07 14:58:00,4,风机联合连续重复,风机联合连续重复；用于计算重复风机功率扣减量，是否并入最终异常由参数控制
2024-06-07 14:55:00,2024-06-07 14:58:00,4,风机联合连续重复,风机联合连续重复；用于计算重复风机功率扣减量，是否并入最终异常由参数控制
2024-06-07 14:55:00,2024-06-07 14:58:00,4,风机联合连续重复,风机联合连续重复；用于计算重复风机功率扣减量，是否并入最终异常由参数控制
2024-06-07 14:55:00,2024-06-07 14:58:00,4,风机联合连续重复,风机联合连续重复；用于计算重复风机功率扣减量，是否并入最终异常由参数控制
2024-06-07 14:55:00,2024-06-07 14:58:00,4,风机联合连续重复,风机联合连续重复；用于计算重复风机功率扣减量，是否并入最终异常由参数控制
2024-06-07 14:55:00,2024-06-07 14:58:00,4,风机联合连续重复,风机联合连续重复；用于计算重复风机功率扣减量，是否并入最终异常由参数控制
2024-06-07 14:55:00,2024-06-07 14:58:00,4,风机联合连续重复,风机联合连续重复；用于计算重复风机功率扣减量，是否并入最终异常由参数控制
2024-06-07 14:55:00,2024-06-07 14:58:00,4,风机联合连续重复,风机联合连续重复；用于计算重复风机功率扣减量，是否并入最终异常由参数控制
2024-06-07 14:55:00,2024-06-07 14:58:00,4,风机联合连续重复,风机联合连续重复；用于计算重复风机功率扣减量，是否并入最终异常由参数控制
2024-06-07 14:55:00,2024-06-07 14:58:00,4,风机联合连续重复,风机联合连续重复；用于计算重复风机功率扣减量，是否并入最终异常由参数控制
2024-06-07 14:55:00,2024-06-07 14:58:00,4,风机联合连续重复,风机联合连续重复；用于计算重复风机功率扣减量，是否并入最终异常由参数控制
2024-06-07 14:55:00,2024-06-07 14:58:00,4,风机联合连续重复,风机联合连续重复；用于计算重复风机功率扣减量，是否并入最终异常由参数控制
2024-06-07 14:55:00,2024-06-07 14:58:00,4,风机联合连续重复,风机联合连续重复；用于计算重复风机功率扣减量，是否并入最终异常由参数控制
2024-06-07 14:55:00,2024-06-07 14:58:00,4,风机联合连续重复,风机联合连续重复；用于计算重复风机功率扣减量，是否并入最终异常由参数控制
2024-06-07 14:55:00,2024-06-07 14:58:00,4,风机联合连续重复,风机联合连续重复；用于计算重复风机功率扣减量，是否并入最终异常由参数控制
2024-06-07 14:55:00,2024-06-07 14:58:00,4,风机联合连续重复,风机联合连续重复；用于计算重复风机功率扣减量，是否并入最终异常由参数控制
2024-06-07 14:55:00,2024-06-07 14:58:00,4,风机联合连续重复,风机联合连续重复；用于计算重复风机功率扣减量，是否并入最终异常由参数控制
2024-06-07 14:55:00,2024-06-07 14:58:00,4,风机联合连续重复,风机联合连续重复；用于计算重复风机功率扣减量，是否并入最终异常由参数控制
2024-06-07 14:55:00,2024-06-07 14:58:00,4,风机联合连续重复,风机联合连续重复；用于计算重复风机功率扣减量，是否并入最终异常由参数控制
2024-06-07 14:55:00,2024-06-07 14:58:00,4,风机联合连续重复,风机联合连续重复；用于计算重复风机功率扣减量，是否并入最终异常由参数控制
2024-06-07 14:55:00,2024-06-07 14:58:00,4,风机联合连续重复,风机联合连续重复；用于计算重复风机功率扣减量，是否并入最终异常由参数控制
2024-06-07 14:55:00,2024-06-07 14:58:00,4,风机联合连续重复,风机联合连续重复；用于计算重复风机功率扣减量，是否并入最终异常由参数控制
2024-06-07 14:55:00,2024-06-07 14:58:00,4,风机联合连续重复,风机联合连续重复；用于计算重复风机功率扣减量，是否并入最终异常由参数控制
2024-06-07 14:55:00,2024-06-07 14:58:00,4,风机联合连续重复,风机联合连续重复；用于计算重复风机功率扣减量，是否并入最终异常由参数控制
2024-06-07 14:55:00,2024-06-07 14:58:00,4,风机联合连续重复,风机联合连续重复；用于计算重复风机功率扣减量，是否并入最终异常由参数控制
2024-06-13 11:34:00,2024-06-13 11:37:00,4,风机联合连续重复,风机联合连续重复；用于计算重复风机功率扣减量，是否并入最终异常由参数控制
2024-06-13 11:45:00,2024-06-13 11:48:00,4,风机联合连续重复,风机联合连续重复；用于计算重复风机功率扣减量，是否并入最终异常由参数控制
2024-06-13 11:56:00,2024-06-13 12:01:00,6,风机联合连续重复,风机联合连续重复；用于计算重复风机功率扣减量，是否并入最终异常由参数控制
2024-06-13 12:03:00,2024-06-13 12:09:00,7,风机联合连续重复,风机联合连续重复；用于计算重复风机功率扣减量，是否并入最终异常由参数控制
2024-06-13 12:14:00,2024-06-13 12:20:00,7,风机联合连续重复,风机联合连续重复；用于计算重复风机功率扣减量，是否并入最终异常由参数控制
2024-06-13 12:32:00,2024-06-13 12:37:00,6,风机联合连续重复,风机联合连续重复；用于计算重复风机功率扣减量，是否并入最终异常由参数控制
2024-06-19 10:14:00,2024-06-19 10:20:00,7,站端功率连续重复,ACTIVE_POWER_STATION 重复值大于阈值且持续长度大于阈值
2024-06-26 11:25:00,2024-06-26 11:32:00,8,风机联合连续重复,风机联合连续重复；用于计算重复风机功率扣减量，是否并入最终异常由参数控制
2024-06-26 11:25:00,2024-06-26 11:32:00,8,风机联合连续重复,风机联合连续重复；用于计算重复风机功率扣减量，是否并入最终异常由参数控制
2024-06-26 11:25:00,2024-06-26 11:32:00,8,风机联合连续重复,风机联合连续重复；用于计算重复风机功率扣减量，是否并入最终异常由参数控制
2024-06-26 11:25:00,2024-06-26 11:32:00,8,风机联合连续重复,风机联合连续重复；用于计算重复风机功率扣减量，是否并入最终异常由参数控制
2024-06-26 11:25:00,2024-06-26 11:32:00,8,风机联合连续重复,风机联合连续重复；用于计算重复风机功率扣减量，是否并入最终异常由参数控制
2024-06-26 11:25:00,2024-06-26 11:32:00,8,风机联合连续重复,风机联合连续重复；用于计算重复风机功率扣减量，是否并入最终异常由参数控制
2024-06-26 11:25:00,2024-06-26 11:32:00,8,风机联合连续重复,风机联合连续重复；用于计算重复风机功率扣减量，是否并入最终异常由参数控制
2024-06-26 11:25:00,2024-06-26 11:32:00,8,风机联合连续重复,风机联合连续重复；用于计算重复风机功率扣减量，是否并入最终异常由参数控制
2024-06-26 11:25:00,2024-06-26 11:32:00,8,风机联合连续重复,风机联合连续重复；用于计算重复风机功率扣减量，是否并入最终异常由参数控制
2024-06-26 11:25:00,2024-06-26 11:32:00,8,风机联合连续重复,风机联合连续重复；用于计算重复风机功率扣减量，是否并入最终异常由参数控制
2024-06-26 11:25:00,2024-06-26 11:32:00,8,风机联合连续重复,风机联合连续重复；用于计算重复风机功率扣减量，是否并入最终异常由参数控制
2024-06-26 11:25:00,2024-06-26 11:32:00,8,风机联合连续重复,风机联合连续重复；用于计算重复风机功率扣减量，是否并入最终异常由参数控制
2024-06-26 11:25:00,2024-06-26 11:32:00,8,风机联合连续重复,风机联合连续重复；用于计算重复风机功率扣减量，是否并入最终异常由参数控制
2024-06-26 11:25:00,2024-06-26 11:32:00,8,风机联合连续重复,风机联合连续重复；用于计算重复风机功率扣减量，是否并入最终异常由参数控制
2024-06-26 11:25:00,2024-06-26 11:32:00,8,风机联合连续重复,风机联合连续重复；用于计算重复风机功率扣减量，是否并入最终异常由参数控制
2024-06-26 11:25:00,2024-06-26 11:32:00,8,风机联合连续重复,风机联合连续重复；用于计算重复风机功率扣减量，是否并入最终异常由参数控制
2024-06-26 11:25:00,2024-06-26 11:32:00,8,风机联合连续重复,风机联合连续重复；用于计算重复风机功率扣减量，是否并入最终异常由参数控制
2024-06-26 11:25:00,2024-06-26 11:32:00,8,风机联合连续重复,风机联合连续重复；用于计算重复风机功率扣减量，是否并入最终异常由参数控制
2024-06-26 11:25:00,2024-06-26 11:32:00,8,风机联合连续重复,风机联合连续重复；用于计算重复风机功率扣减量，是否并入最终异常由参数控制
2024-06-26 11:25:00,2024-06-26 11:32:00,8,风机联合连续重复,风机联合连续重复；用于计算重复风机功率扣减量，是否并入最终异常由参数控制
2024-06-26 11:25:00,2024-06-26 11:32:00,8,风机联合连续重复,风机联合连续重复；用于计算重复风机功率扣减量，是否并入最终异常由参数控制
2024-06-26 11:25:00,2024-06-26 11:32:00,8,风机联合连续重复,风机联合连续重复；用于计算重复风机功率扣减量，是否并入最终异常由参数控制
2024-06-26 11:25:00,2024-06-26 11:32:00,8,风机联合连续重复,风机联合连续重复；用于计算重复风机功率扣减量，是否并入最终异常由参数控制
2024-06-26 11:25:00,2024-06-26 11:32:00,8,风机联合连续重复,风机联合连续重复；用于计算重复风机功率扣减量，是否并入最终异常由参数控制
2024-06-26 11:25:00,2024-06-26 11:32:00,8,风机联合连续重复,风机联合连续重复；用于计算重复风机功率扣减量，是否并入最终异常由参数控制
2024-06-26 11:25:00,2024-06-26 11:32:00,8,风机联合连续重复,风机联合连续重复；用于计算重复风机功率扣减量，是否并入最终异常由参数控制
2024-06-26 11:25:00,2024-06-26 11:32:00,8,风机联合连续重复,风机联合连续重复；用于计算重复风机功率扣减量，是否并入最终异常由参数控制
2024-06-26 11:25:00,2024-06-26 11:32:00,8,风机联合连续重复,风机联合连续重复；用于计算重复风机功率扣减量，是否并入最终异常由参数控制
2024-06-26 11:25:00,2024-06-26 11:32:00,8,风机联合连续重复,风机联合连续重复；用于计算重复风机功率扣减量，是否并入最终异常由参数控制
2024-06-26 11:25:00,2024-06-26 11:32:00,8,风机联合连续重复,风机联合连续重复；用于计算重复风机功率扣减量，是否并入最终异常由参数控制
2024-06-26 11:25:00,2024-06-26 11:32:00,8,风机联合连续重复,风机联合连续重复；用于计算重复风机功率扣减量，是否并入最终异常由参数控制
2024-06-26 11:25:00,2024-06-26 11:32:00,8,风机联合连续重复,风机联合连续重复；用于计算重复风机功率扣减量，是否并入最终异常由参数控制
2024-06-26 11:25:00,2024-06-26 11:32:00,8,风机联合连续重复,风机联合连续重复；用于计算重复风机功率扣减量，是否并入最终异常由参数控制
2024-06-26 11:25:00,2024-06-26 11:32:00,8,风机联合连续重复,风机联合连续重复；用于计算重复风机功率扣减量，是否并入最终异常由参数控制
2024-06-26 11:25:00,2024-06-26 11:32:00,8,风机联合连续重复,风机联合连续重复；用于计算重复风机功率扣减量，是否并入最终异常由参数控制
2024-06-26 11:25:00,2024-06-26 11:32:00,8,风机联合连续重复,风机联合连续重复；用于计算重复风机功率扣减量，是否并入最终异常由参数控制
2024-06-26 11:25:00,2024-06-26 11:32:00,8,风机联合连续重复,风机联合连续重复；用于计算重复风机功率扣减量，是否并入最终异常由参数控制
2024-06-26 11:25:00,2024-06-26 11:32:00,8,风机联合连续重复,风机联合连续重复；用于计算重复风机功率扣减量，是否并入最终异常由参数控制
2024-06-26 11:25:00,2024-06-26 11:32:00,8,风机联合连续重复,风机联合连续重复；用于计算重复风机功率扣减量，是否并入最终异常由参数控制
2024-06-26 11:25:00,2024-06-26 11:32:00,8,风机联合连续重复,风机联合连续重复；用于计算重复风机功率扣减量，是否并入最终异常由参数控制
2024-06-26 11:25:00,2024-06-26 11:32:00,8,风机联合连续重复,风机联合连续重复；用于计算重复风机功率扣减量，是否并入最终异常由参数控制
2024-06-26 11:25:00,2024-06-26 11:32:00,8,风机联合连续重复,风机联合连续重复；用于计算重复风机功率扣减量，是否并入最终异常由参数控制
2024-06-26 11:25:00,2024-06-26 11:32:00,8,风机联合连续重复,风机联合连续重复；用于计算重复风机功率扣减量，是否并入最终异常由参数控制
2024-06-26 11:25:00,2024-06-26 11:32:00,8,风机联合连续重复,风机联合连续重复；用于计算重复风机功率扣减量，是否并入最终异常由参数控制
2024-06-26 11:25:00,2024-06-26 11:32:00,8,风机联合连续重复,风机联合连续重复；用于计算重复风机功率扣减量，是否并入最终异常由参数控制
2024-06-26 11:25:00,2024-06-26 11:32:00,8,风机联合连续重复,风机联合连续重复；用于计算重复风机功率扣减量，是否并入最终异常由参数控制
2024-06-26 11:25:00,2024-06-26 11:32:00,8,风机联合连续重复,风机联合连续重复；用于计算重复风机功率扣减量，是否并入最终异常由参数控制
2024-06-26 11:25:00,2024-06-26 11:32:00,8,风机联合连续重复,风机联合连续重复；用于计算重复风机功率扣减量，是否并入最终异常由参数控制
2024-06-26 11:25:00,2024-06-26 11:32:00,8,风机联合连续重复,风机联合连续重复；用于计算重复风机功率扣减量，是否并入最终异常由参数控制
2024-06-26 11:25:00,2024-06-26 11:32:00,8,风机联合连续重复,风机联合连续重复；用于计算重复风机功率扣减量，是否并入最终异常由参数控制
2024-06-26 11:25:00,2024-06-26 11:32:00,8,风机联合连续重复,风机联合连续重复；用于计算重复风机功率扣减量，是否并入最终异常由参数控制
2024-06-26 11:25:00,2024-06-26 11:32:00,8,风机联合连续重复,风机联合连续重复；用于计算重复风机功率扣减量，是否并入最终异常由参数控制
2024-06-26 11:25:00,2024-06-26 11:32:00,8,风机联合连续重复,风机联合连续重复；用于计算重复风机功率扣减量，是否并入最终异常由参数控制
2024-06-26 11:25:00,2024-06-26 11:32:00,8,风机联合连续重复,风机联合连续重复；用于计算重复风机功率扣减量，是否并入最终异常由参数控制
2024-06-26 11:25:00,2024-06-26 11:32:00,8,风机联合连续重复,风机联合连续重复；用于计算重复风机功率扣减量，是否并入最终异常由参数控制
2024-06-26 11:25:00,2024-06-26 11:32:00,8,风机联合连续重复,风机联合连续重复；用于计算重复风机功率扣减量，是否并入最终异常由参数控制
2024-06-26 11:25:00,2024-06-26 11:32:00,8,风机联合连续重复,风机联合连续重复；用于计算重复风机功率扣减量，是否并入最终异常由参数控制
2024-06-26 11:25:00,2024-06-26 11:32:00,8,风机联合连续重复,风机联合连续重复；用于计算重复风机功率扣减量，是否并入最终异常由参数控制
2024-06-26 11:25:00,2024-06-26 11:32:00,8,站端功率连续重复,ACTIVE_POWER_STATION 重复值大于阈值且持续长度大于阈值
2024-07-01 11:24:00,2024-07-01 12:44:00,81,风机联合连续重复,风机联合连续重复；用于计算重复风机功率扣减量，是否并入最终异常由参数控制
2024-07-01 11:24:00,2024-07-01 12:44:00,81,风机联合连续重复,风机联合连续重复；用于计算重复风机功率扣减量，是否并入最终异常由参数控制
2024-07-01 11:24:00,2024-07-01 12:44:00,81,风机联合连续重复,风机联合连续重复；用于计算重复风机功率扣减量，是否并入最终异常由参数控制
2024-07-01 11:24:00,2024-07-01 12:44:00,81,风机联合连续重复,风机联合连续重复；用于计算重复风机功率扣减量，是否并入最终异常由参数控制
2024-07-01 11:24:00,2024-07-01 12:44:00,81,风机联合连续重复,风机联合连续重复；用于计算重复风机功率扣减量，是否并入最终异常由参数控制
2024-07-01 11:24:00,2024-07-01 12:44:00,81,风机联合连续重复,风机联合连续重复；用于计算重复风机功率扣减量，是否并入最终异常由参数控制
2024-07-01 11:24:00,2024-07-01 12:44:00,81,风机联合连续重复,风机联合连续重复；用于计算重复风机功率扣减量，是否并入最终异常由参数控制
2024-07-01 11:24:00,2024-07-01 12:44:00,81,风机联合连续重复,风机联合连续重复；用于计算重复风机功率扣减量，是否并入最终异常由参数控制
2024-07-01 11:24:00,2024-07-01 12:44:00,81,风机联合连续重复,风机联合连续重复；用于计算重复风机功率扣减量，是否并入最终异常由参数控制
2024-07-01 11:24:00,2024-07-01 12:44:00,81,风机联合连续重复,风机联合连续重复；用于计算重复风机功率扣减量，是否并入最终异常由参数控制
2024-07-01 11:24:00,2024-07-01 12:44:00,81,风机联合连续重复,风机联合连续重复；用于计算重复风机功率扣减量，是否并入最终异常由参数控制
2024-07-01 11:24:00,2024-07-01 12:44:00,81,风机联合连续重复,风机联合连续重复；用于计算重复风机功率扣减量，是否并入最终异常由参数控制
2024-07-01 11:24:00,2024-07-01 12:44:00,81,风机联合连续重复,风机联合连续重复；用于计算重复风机功率扣减量，是否并入最终异常由参数控制
2024-07-01 11:24:00,2024-07-01 12:44:00,81,风机联合连续重复,风机联合连续重复；用于计算重复风机功率扣减量，是否并入最终异常由参数控制
2024-07-01 11:24:00,2024-07-01 12:44:00,81,风机联合连续重复,风机联合连续重复；用于计算重复风机功率扣减量，是否并入最终异常由参数控制
2024-07-01 11:24:00,2024-07-01 12:44:00,81,风机联合连续重复,风机联合连续重复；用于计算重复风机功率扣减量，是否并入最终异常由参数控制
2024-07-01 11:24:00,2024-07-01 12:44:00,81,风机联合连续重复,风机联合连续重复；用于计算重复风机功率扣减量，是否并入最终异常由参数控制
2024-07-01 11:24:00,2024-07-01 12:44:00,81,风机联合连续重复,风机联合连续重复；用于计算重复风机功率扣减量，是否并入最终异常由参数控制
2024-07-01 11:24:00,2024-07-01 12:44:00,81,风机联合连续重复,风机联合连续重复；用于计算重复风机功率扣减量，是否并入最终异常由参数控制
2024-07-01 11:24:00,2024-07-01 12:44:00,81,风机联合连续重复,风机联合连续重复；用于计算重复风机功率扣减量，是否并入最终异常由参数控制
2024-07-01 11:24:00,2024-07-01 12:44:00,81,风机联合连续重复,风机联合连续重复；用于计算重复风机功率扣减量，是否并入最终异常由参数控制
2024-07-01 11:24:00,2024-07-01 12:44:00,81,风机联合连续重复,风机联合连续重复；用于计算重复风机功率扣减量，是否并入最终异常由参数控制
2024-07-01 11:24:00,2024-07-01 12:44:00,81,风机联合连续重复,风机联合连续重复；用于计算重复风机功率扣减量，是否并入最终异常由参数控制
2024-07-01 11:24:00,2024-07-01 12:44:00,81,风机联合连续重复,风机联合连续重复；用于计算重复风机功率扣减量，是否并入最终异常由参数控制
2024-07-01 11:24:00,2024-07-01 12:44:00,81,风机联合连续重复,风机联合连续重复；用于计算重复风机功率扣减量，是否并入最终异常由参数控制
2024-07-01 11:24:00,2024-07-01 12:44:00,81,风机联合连续重复,风机联合连续重复；用于计算重复风机功率扣减量，是否并入最终异常由参数控制
2024-07-01 11:24:00,2024-07-01 12:44:00,81,风机联合连续重复,风机联合连续重复；用于计算重复风机功率扣减量，是否并入最终异常由参数控制
2024-07-01 11:24:00,2024-07-01 12:44:00,81,风机联合连续重复,风机联合连续重复；用于计算重复风机功率扣减量，是否并入最终异常由参数控制
2024-07-01 11:24:00,2024-07-01 12:44:00,81,风机联合连续重复,风机联合连续重复；用于计算重复风机功率扣减量，是否并入最终异常由参数控制
2024-07-01 11:24:00,2024-07-01 12:44:00,81,风机联合连续重复,风机联合连续重复；用于计算重复风机功率扣减量，是否并入最终异常由参数控制
2024-07-01 11:24:00,2024-07-01 12:44:00,81,风机联合连续重复,风机联合连续重复；用于计算重复风机功率扣减量，是否并入最终异常由参数控制
2024-07-01 11:24:00,2024-07-01 12:44:00,81,风机联合连续重复,风机联合连续重复；用于计算重复风机功率扣减量，是否并入最终异常由参数控制
2024-07-01 11:24:00,2024-07-01 12:44:00,81,风机联合连续重复,风机联合连续重复；用于计算重复风机功率扣减量，是否并入最终异常由参数控制
2024-07-01 11:24:00,2024-07-01 12:44:00,81,风机联合连续重复,风机联合连续重复；用于计算重复风机功率扣减量，是否并入最终异常由参数控制
2024-07-01 11:24:00,2024-07-01 12:44:00,81,风机联合连续重复,风机联合连续重复；用于计算重复风机功率扣减量，是否并入最终异常由参数控制
2024-07-01 11:24:00,2024-07-01 12:44:00,81,风机联合连续重复,风机联合连续重复；用于计算重复风机功率扣减量，是否并入最终异常由参数控制
2024-07-01 11:24:00,2024-07-01 12:44:00,81,风机联合连续重复,风机联合连续重复；用于计算重复风机功率扣减量，是否并入最终异常由参数控制
2024-07-01 11:24:00,2024-07-01 12:44:00,81,风机联合连续重复,风机联合连续重复；用于计算重复风机功率扣减量，是否并入最终异常由参数控制
2024-07-01 11:24:00,2024-07-01 12:44:00,81,风机联合连续重复,风机联合连续重复；用于计算重复风机功率扣减量，是否并入最终异常由参数控制
2024-07-01 11:24:00,2024-07-01 12:44:00,81,风机联合连续重复,风机联合连续重复；用于计算重复风机功率扣减量，是否并入最终异常由参数控制
2024-07-01 11:24:00,2024-07-01 12:44:00,81,风机联合连续重复,风机联合连续重复；用于计算重复风机功率扣减量，是否并入最终异常由参数控制
2024-07-01 11:24:00,2024-07-01 12:44:00,81,风机联合连续重复,风机联合连续重复；用于计算重复风机功率扣减量，是否并入最终异常由参数控制
2024-07-01 11:24:00,2024-07-01 12:44:00,81,风机联合连续重复,风机联合连续重复；用于计算重复风机功率扣减量，是否并入最终异常由参数控制
2024-07-01 11:24:00,2024-07-01 12:44:00,81,风机联合连续重复,风机联合连续重复；用于计算重复风机功率扣减量，是否并入最终异常由参数控制
2024-07-01 11:24:00,2024-07-01 12:44:00,81,风机联合连续重复,风机联合连续重复；用于计算重复风机功率扣减量，是否并入最终异常由参数控制
2024-07-01 11:24:00,2024-07-01 12:44:00,81,风机联合连续重复,风机联合连续重复；用于计算重复风机功率扣减量，是否并入最终异常由参数控制
2024-07-01 11:24:00,2024-07-01 12:44:00,81,风机联合连续重复,风机联合连续重复；用于计算重复风机功率扣减量，是否并入最终异常由参数控制
2024-07-01 11:24:00,2024-07-01 12:44:00,81,风机联合连续重复,风机联合连续重复；用于计算重复风机功率扣减量，是否并入最终异常由参数控制
2024-07-01 11:24:00,2024-07-01 12:44:00,81,风机联合连续重复,风机联合连续重复；用于计算重复风机功率扣减量，是否并入最终异常由参数控制
2024-07-01 11:24:00,2024-07-01 12:44:00,81,风机联合连续重复,风机联合连续重复；用于计算重复风机功率扣减量，是否并入最终异常由参数控制
2024-07-01 11:24:00,2024-07-01 12:44:00,81,风机联合连续重复,风机联合连续重复；用于计算重复风机功率扣减量，是否并入最终异常由参数控制
2024-07-01 11:24:00,2024-07-01 12:44:00,81,风机联合连续重复,风机联合连续重复；用于计算重复风机功率扣减量，是否并入最终异常由参数控制
2024-07-01 11:24:00,2024-07-01 12:44:00,81,风机联合连续重复,风机联合连续重复；用于计算重复风机功率扣减量，是否并入最终异常由参数控制
2024-07-01 11:24:00,2024-07-01 12:44:00,81,风机联合连续重复,风机联合连续重复；用于计算重复风机功率扣减量，是否并入最终异常由参数控制
2024-07-01 11:24:00,2024-07-01 12:44:00,81,风机联合连续重复,风机联合连续重复；用于计算重复风机功率扣减量，是否并入最终异常由参数控制
2024-07-01 11:24:00,2024-07-01 12:44:00,81,风机联合连续重复,风机联合连续重复；用于计算重复风机功率扣减量，是否并入最终异常由参数控制
2024-07-01 11:24:00,2024-07-01 12:44:00,81,风机联合连续重复,风机联合连续重复；用于计算重复风机功率扣减量，是否并入最终异常由参数控制
2024-07-01 11:24:00,2024-07-01 12:44:00,81,站端功率连续重复,ACTIVE_POWER_STATION 重复值大于阈值且持续长度大于阈值
2024-07-01 12:46:00,2024-07-01 12:50:00,5,站端功率连续重复,ACTIVE_POWER_STATION 重复值大于阈值且持续长度大于阈值
2024-07-01 13:08:00,2024-07-01 13:12:00,5,风机联合连续重复,风机联合连续重复；用于计算重复风机功率扣减量，是否并入最终异常由参数控制
2024-07-01 13:08:00,2024-07-01 13:12:00,5,风机联合连续重复,风机联合连续重复；用于计算重复风机功率扣减量，是否并入最终异常由参数控制
2024-07-01 13:08:00,2024-07-01 13:12:00,5,风机联合连续重复,风机联合连续重复；用于计算重复风机功率扣减量，是否并入最终异常由参数控制
2024-07-01 13:08:00,2024-07-01 13:12:00,5,风机联合连续重复,风机联合连续重复；用于计算重复风机功率扣减量，是否并入最终异常由参数控制
2024-07-01 13:08:00,2024-07-01 13:12:00,5,风机联合连续重复,风机联合连续重复；用于计算重复风机功率扣减量，是否并入最终异常由参数控制
2024-07-01 13:08:00,2024-07-01 13:12:00,5,风机联合连续重复,风机联合连续重复；用于计算重复风机功率扣减量，是否并入最终异常由参数控制
2024-07-01 13:08:00,2024-07-01 13:12:00,5,风机联合连续重复,风机联合连续重复；用于计算重复风机功率扣减量，是否并入最终异常由参数控制
2024-07-01 13:08:00,2024-07-01 13:12:00,5,风机联合连续重复,风机联合连续重复；用于计算重复风机功率扣减量，是否并入最终异常由参数控制
2024-07-01 13:08:00,2024-07-01 13:12:00,5,风机联合连续重复,风机联合连续重复；用于计算重复风机功率扣减量，是否并入最终异常由参数控制
2024-07-01 13:08:00,2024-07-01 13:12:00,5,风机联合连续重复,风机联合连续重复；用于计算重复风机功率扣减量，是否并入最终异常由参数控制
2024-07-01 13:08:00,2024-07-01 13:12:00,5,风机联合连续重复,风机联合连续重复；用于计算重复风机功率扣减量，是否并入最终异常由参数控制
2024-07-01 13:08:00,2024-07-01 13:12:00,5,风机联合连续重复,风机联合连续重复；用于计算重复风机功率扣减量，是否并入最终异常由参数控制
2024-07-01 13:08:00,2024-07-01 13:12:00,5,风机联合连续重复,风机联合连续重复；用于计算重复风机功率扣减量，是否并入最终异常由参数控制
2024-07-01 13:08:00,2024-07-01 13:12:00,5,风机联合连续重复,风机联合连续重复；用于计算重复风机功率扣减量，是否并入最终异常由参数控制
2024-07-01 13:08:00,2024-07-01 13:12:00,5,风机联合连续重复,风机联合连续重复；用于计算重复风机功率扣减量，是否并入最终异常由参数控制
2024-07-01 13:08:00,2024-07-01 13:12:00,5,风机联合连续重复,风机联合连续重复；用于计算重复风机功率扣减量，是否并入最终异常由参数控制
2024-07-01 13:08:00,2024-07-01 13:12:00,5,风机联合连续重复,风机联合连续重复；用于计算重复风机功率扣减量，是否并入最终异常由参数控制
2024-07-01 13:08:00,2024-07-01 13:12:00,5,风机联合连续重复,风机联合连续重复；用于计算重复风机功率扣减量，是否并入最终异常由参数控制
2024-07-01 13:08:00,2024-07-01 13:12:00,5,风机联合连续重复,风机联合连续重复；用于计算重复风机功率扣减量，是否并入最终异常由参数控制
2024-07-01 13:08:00,2024-07-01 13:12:00,5,风机联合连续重复,风机联合连续重复；用于计算重复风机功率扣减量，是否并入最终异常由参数控制
2024-07-01 13:08:00,2024-07-01 13:12:00,5,风机联合连续重复,风机联合连续重复；用于计算重复风机功率扣减量，是否并入最终异常由参数控制
2024-07-01 13:08:00,2024-07-01 13:12:00,5,风机联合连续重复,风机联合连续重复；用于计算重复风机功率扣减量，是否并入最终异常由参数控制
2024-07-01 13:08:00,2024-07-01 13:12:00,5,风机联合连续重复,风机联合连续重复；用于计算重复风机功率扣减量，是否并入最终异常由参数控制
2024-07-01 13:08:00,2024-07-01 13:12:00,5,风机联合连续重复,风机联合连续重复；用于计算重复风机功率扣减量，是否并入最终异常由参数控制
2024-07-01 13:08:00,2024-07-01 13:12:00,5,风机联合连续重复,风机联合连续重复；用于计算重复风机功率扣减量，是否并入最终异常由参数控制
2024-07-01 13:08:00,2024-07-01 13:12:00,5,风机联合连续重复,风机联合连续重复；用于计算重复风机功率扣减量，是否并入最终异常由参数控制
2024-07-01 13:08:00,2024-07-01 13:12:00,5,风机联合连续重复,风机联合连续重复；用于计算重复风机功率扣减量，是否并入最终异常由参数控制
2024-07-01 13:08:00,2024-07-01 13:12:00,5,风机联合连续重复,风机联合连续重复；用于计算重复风机功率扣减量，是否并入最终异常由参数控制
2024-07-01 13:08:00,2024-07-01 13:12:00,5,风机联合连续重复,风机联合连续重复；用于计算重复风机功率扣减量，是否并入最终异常由参数控制
2024-07-01 13:08:00,2024-07-01 13:12:00,5,风机联合连续重复,风机联合连续重复；用于计算重复风机功率扣减量，是否并入最终异常由参数控制
2024-07-01 13:08:00,2024-07-01 13:12:00,5,风机联合连续重复,风机联合连续重复；用于计算重复风机功率扣减量，是否并入最终异常由参数控制
2024-07-01 13:08:00,2024-07-01 13:12:00,5,风机联合连续重复,风机联合连续重复；用于计算重复风机功率扣减量，是否并入最终异常由参数控制
2024-07-01 13:08:00,2024-07-01 13:12:00,5,风机联合连续重复,风机联合连续重复；用于计算重复风机功率扣减量，是否并入最终异常由参数控制
2024-07-01 13:08:00,2024-07-01 13:12:00,5,风机联合连续重复,风机联合连续重复；用于计算重复风机功率扣减量，是否并入最终异常由参数控制
2024-07-01 13:08:00,2024-07-01 13:12:00,5,风机联合连续重复,风机联合连续重复；用于计算重复风机功率扣减量，是否并入最终异常由参数控制
2024-07-01 13:08:00,2024-07-01 13:12:00,5,风机联合连续重复,风机联合连续重复；用于计算重复风机功率扣减量，是否并入最终异常由参数控制
2024-07-01 13:08:00,2024-07-01 13:12:00,5,风机联合连续重复,风机联合连续重复；用于计算重复风机功率扣减量，是否并入最终异常由参数控制
2024-07-01 13:08:00,2024-07-01 13:12:00,5,风机联合连续重复,风机联合连续重复；用于计算重复风机功率扣减量，是否并入最终异常由参数控制
2024-07-01 13:08:00,2024-07-01 13:12:00,5,风机联合连续重复,风机联合连续重复；用于计算重复风机功率扣减量，是否并入最终异常由参数控制
2024-07-01 13:08:00,2024-07-01 13:12:00,5,风机联合连续重复,风机联合连续重复；用于计算重复风机功率扣减量，是否并入最终异常由参数控制
2024-07-01 13:08:00,2024-07-01 13:12:00,5,风机联合连续重复,风机联合连续重复；用于计算重复风机功率扣减量，是否并入最终异常由参数控制
2024-07-01 13:08:00,2024-07-01 13:12:00,5,风机联合连续重复,风机联合连续重复；用于计算重复风机功率扣减量，是否并入最终异常由参数控制
2024-07-01 13:08:00,2024-07-01 13:12:00,5,风机联合连续重复,风机联合连续重复；用于计算重复风机功率扣减量，是否并入最终异常由参数控制
2024-07-01 13:08:00,2024-07-01 13:12:00,5,风机联合连续重复,风机联合连续重复；用于计算重复风机功率扣减量，是否并入最终异常由参数控制
2024-07-01 13:08:00,2024-07-01 13:12:00,5,风机联合连续重复,风机联合连续重复；用于计算重复风机功率扣减量，是否并入最终异常由参数控制
2024-07-01 13:08:00,2024-07-01 13:12:00,5,风机联合连续重复,风机联合连续重复；用于计算重复风机功率扣减量，是否并入最终异常由参数控制
2024-07-01 13:08:00,2024-07-01 13:12:00,5,风机联合连续重复,风机联合连续重复；用于计算重复风机功率扣减量，是否并入最终异常由参数控制
2024-07-01 13:08:00,2024-07-01 13:12:00,5,风机联合连续重复,风机联合连续重复；用于计算重复风机功率扣减量，是否并入最终异常由参数控制
2024-07-01 13:08:00,2024-07-01 13:12:00,5,风机联合连续重复,风机联合连续重复；用于计算重复风机功率扣减量，是否并入最终异常由参数控制
2024-07-01 13:08:00,2024-07-01 13:12:00,5,风机联合连续重复,风机联合连续重复；用于计算重复风机功率扣减量，是否并入最终异常由参数控制
2024-07-01 13:08:00,2024-07-01 13:12:00,5,风机联合连续重复,风机联合连续重复；用于计算重复风机功率扣减量，是否并入最终异常由参数控制
2024-07-01 13:08:00,2024-07-01 13:12:00,5,风机联合连续重复,风机联合连续重复；用于计算重复风机功率扣减量，是否并入最终异常由参数控制
2024-07-01 13:08:00,2024-07-01 13:12:00,5,风机联合连续重复,风机联合连续重复；用于计算重复风机功率扣减量，是否并入最终异常由参数控制
2024-07-01 13:08:00,2024-07-01 13:12:00,5,风机联合连续重复,风机联合连续重复；用于计算重复风机功率扣减量，是否并入最终异常由参数控制
2024-07-01 13:08:00,2024-07-01 13:12:00,5,风机联合连续重复,风机联合连续重复；用于计算重复风机功率扣减量，是否并入最终异常由参数控制
2024-07-01 13:08:00,2024-07-01 13:12:00,5,风机联合连续重复,风机联合连续重复；用于计算重复风机功率扣减量，是否并入最终异常由参数控制
2024-07-01 13:08:00,2024-07-01 13:12:00,5,风机联合连续重复,风机联合连续重复；用于计算重复风机功率扣减量，是否并入最终异常由参数控制
2024-07-01 13:08:00,2024-07-01 13:12:00,5,站端功率连续重复,ACTIVE_POWER_STATION 重复值大于阈值且持续长度大于阈值
2024-07-01 13:13:00,2024-07-01 13:16:00,4,风机联合连续重复,风机联合连续重复；用于计算重复风机功率扣减量，是否并入最终异常由参数控制
2024-07-01 13:13:00,2024-07-01 13:16:00,4,风机联合连续重复,风机联合连续重复；用于计算重复风机功率扣减量，是否并入最终异常由参数控制
2024-07-01 13:13:00,2024-07-01 13:16:00,4,风机联合连续重复,风机联合连续重复；用于计算重复风机功率扣减量，是否并入最终异常由参数控制
2024-07-01 13:13:00,2024-07-01 13:16:00,4,风机联合连续重复,风机联合连续重复；用于计算重复风机功率扣减量，是否并入最终异常由参数控制
2024-07-01 13:13:00,2024-07-01 13:16:00,4,风机联合连续重复,风机联合连续重复；用于计算重复风机功率扣减量，是否并入最终异常由参数控制
2024-07-01 13:13:00,2024-07-01 13:16:00,4,风机联合连续重复,风机联合连续重复；用于计算重复风机功率扣减量，是否并入最终异常由参数控制
2024-07-01 13:13:00,2024-07-01 13:16:00,4,风机联合连续重复,风机联合连续重复；用于计算重复风机功率扣减量，是否并入最终异常由参数控制
2024-07-01 13:13:00,2024-07-01 13:16:00,4,风机联合连续重复,风机联合连续重复；用于计算重复风机功率扣减量，是否并入最终异常由参数控制
2024-07-01 13:13:00,2024-07-01 13:16:00,4,风机联合连续重复,风机联合连续重复；用于计算重复风机功率扣减量，是否并入最终异常由参数控制
2024-07-01 13:13:00,2024-07-01 13:16:00,4,风机联合连续重复,风机联合连续重复；用于计算重复风机功率扣减量，是否并入最终异常由参数控制
2024-07-01 13:13:00,2024-07-01 13:16:00,4,风机联合连续重复,风机联合连续重复；用于计算重复风机功率扣减量，是否并入最终异常由参数控制
2024-07-01 13:13:00,2024-07-01 13:16:00,4,风机联合连续重复,风机联合连续重复；用于计算重复风机功率扣减量，是否并入最终异常由参数控制
2024-07-01 13:13:00,2024-07-01 13:16:00,4,风机联合连续重复,风机联合连续重复；用于计算重复风机功率扣减量，是否并入最终异常由参数控制
2024-07-01 13:13:00,2024-07-01 13:16:00,4,风机联合连续重复,风机联合连续重复；用于计算重复风机功率扣减量，是否并入最终异常由参数控制
2024-07-01 13:13:00,2024-07-01 13:16:00,4,风机联合连续重复,风机联合连续重复；用于计算重复风机功率扣减量，是否并入最终异常由参数控制
2024-07-01 13:13:00,2024-07-01 13:16:00,4,风机联合连续重复,风机联合连续重复；用于计算重复风机功率扣减量，是否并入最终异常由参数控制
2024-07-01 13:13:00,2024-07-01 13:16:00,4,风机联合连续重复,风机联合连续重复；用于计算重复风机功率扣减量，是否并入最终异常由参数控制
2024-07-01 13:13:00,2024-07-01 13:16:00,4,风机联合连续重复,风机联合连续重复；用于计算重复风机功率扣减量，是否并入最终异常由参数控制
2024-07-01 13:13:00,2024-07-01 13:16:00,4,风机联合连续重复,风机联合连续重复；用于计算重复风机功率扣减量，是否并入最终异常由参数控制
2024-07-01 13:13:00,2024-07-01 13:16:00,4,风机联合连续重复,风机联合连续重复；用于计算重复风机功率扣减量，是否并入最终异常由参数控制
2024-07-01 13:13:00,2024-07-01 13:16:00,4,风机联合连续重复,风机联合连续重复；用于计算重复风机功率扣减量，是否并入最终异常由参数控制
2024-07-01 13:13:00,2024-07-01 13:16:00,4,风机联合连续重复,风机联合连续重复；用于计算重复风机功率扣减量，是否并入最终异常由参数控制
2024-07-01 13:13:00,2024-07-01 13:16:00,4,风机联合连续重复,风机联合连续重复；用于计算重复风机功率扣减量，是否并入最终异常由参数控制
2024-07-01 13:13:00,2024-07-01 13:16:00,4,风机联合连续重复,风机联合连续重复；用于计算重复风机功率扣减量，是否并入最终异常由参数控制
2024-07-01 13:13:00,2024-07-01 13:16:00,4,风机联合连续重复,风机联合连续重复；用于计算重复风机功率扣减量，是否并入最终异常由参数控制
2024-07-01 13:13:00,2024-07-01 13:16:00,4,风机联合连续重复,风机联合连续重复；用于计算重复风机功率扣减量，是否并入最终异常由参数控制
2024-07-01 13:13:00,2024-07-01 13:16:00,4,风机联合连续重复,风机联合连续重复；用于计算重复风机功率扣减量，是否并入最终异常由参数控制
2024-07-01 13:13:00,2024-07-01 13:16:00,4,风机联合连续重复,风机联合连续重复；用于计算重复风机功率扣减量，是否并入最终异常由参数控制
2024-07-01 13:13:00,2024-07-01 13:16:00,4,风机联合连续重复,风机联合连续重复；用于计算重复风机功率扣减量，是否并入最终异常由参数控制
2024-07-01 13:13:00,2024-07-01 13:16:00,4,风机联合连续重复,风机联合连续重复；用于计算重复风机功率扣减量，是否并入最终异常由参数控制
2024-07-01 13:13:00,2024-07-01 13:16:00,4,风机联合连续重复,风机联合连续重复；用于计算重复风机功率扣减量，是否并入最终异常由参数控制
2024-07-01 13:13:00,2024-07-01 13:16:00,4,风机联合连续重复,风机联合连续重复；用于计算重复风机功率扣减量，是否并入最终异常由参数控制
2024-07-01 13:13:00,2024-07-01 13:16:00,4,风机联合连续重复,风机联合连续重复；用于计算重复风机功率扣减量，是否并入最终异常由参数控制
2024-07-01 13:13:00,2024-07-01 13:16:00,4,风机联合连续重复,风机联合连续重复；用于计算重复风机功率扣减量，是否并入最终异常由参数控制
2024-07-01 13:13:00,2024-07-01 13:16:00,4,风机联合连续重复,风机联合连续重复；用于计算重复风机功率扣减量，是否并入最终异常由参数控制
2024-07-01 13:13:00,2024-07-01 13:16:00,4,风机联合连续重复,风机联合连续重复；用于计算重复风机功率扣减量，是否并入最终异常由参数控制
2024-07-01 13:13:00,2024-07-01 13:16:00,4,风机联合连续重复,风机联合连续重复；用于计算重复风机功率扣减量，是否并入最终异常由参数控制
2024-07-01 13:13:00,2024-07-01 13:16:00,4,风机联合连续重复,风机联合连续重复；用于计算重复风机功率扣减量，是否并入最终异常由参数控制
2024-07-01 13:13:00,2024-07-01 13:16:00,4,风机联合连续重复,风机联合连续重复；用于计算重复风机功率扣减量，是否并入最终异常由参数控制
2024-07-01 13:13:00,2024-07-01 13:16:00,4,风机联合连续重复,风机联合连续重复；用于计算重复风机功率扣减量，是否并入最终异常由参数控制
2024-07-01 13:13:00,2024-07-01 13:16:00,4,风机联合连续重复,风机联合连续重复；用于计算重复风机功率扣减量，是否并入最终异常由参数控制
2024-07-01 13:13:00,2024-07-01 13:16:00,4,风机联合连续重复,风机联合连续重复；用于计算重复风机功率扣减量，是否并入最终异常由参数控制
2024-07-01 13:13:00,2024-07-01 13:16:00,4,风机联合连续重复,风机联合连续重复；用于计算重复风机功率扣减量，是否并入最终异常由参数控制
2024-07-01 13:13:00,2024-07-01 13:16:00,4,风机联合连续重复,风机联合连续重复；用于计算重复风机功率扣减量，是否并入最终异常由参数控制
2024-07-01 13:13:00,2024-07-01 13:16:00,4,风机联合连续重复,风机联合连续重复；用于计算重复风机功率扣减量，是否并入最终异常由参数控制
2024-07-01 13:13:00,2024-07-01 13:16:00,4,风机联合连续重复,风机联合连续重复；用于计算重复风机功率扣减量，是否并入最终异常由参数控制
2024-07-01 13:13:00,2024-07-01 13:16:00,4,风机联合连续重复,风机联合连续重复；用于计算重复风机功率扣减量，是否并入最终异常由参数控制
2024-07-01 13:13:00,2024-07-01 13:16:00,4,风机联合连续重复,风机联合连续重复；用于计算重复风机功率扣减量，是否并入最终异常由参数控制
2024-07-01 13:13:00,2024-07-01 13:16:00,4,风机联合连续重复,风机联合连续重复；用于计算重复风机功率扣减量，是否并入最终异常由参数控制
2024-07-01 13:13:00,2024-07-01 13:16:00,4,风机联合连续重复,风机联合连续重复；用于计算重复风机功率扣减量，是否并入最终异常由参数控制
2024-07-01 13:13:00,2024-07-01 13:16:00,4,风机联合连续重复,风机联合连续重复；用于计算重复风机功率扣减量，是否并入最终异常由参数控制
2024-07-01 13:13:00,2024-07-01 13:16:00,4,风机联合连续重复,风机联合连续重复；用于计算重复风机功率扣减量，是否并入最终异常由参数控制
2024-07-01 13:13:00,2024-07-01 13:16:00,4,风机联合连续重复,风机联合连续重复；用于计算重复风机功率扣减量，是否并入最终异常由参数控制
2024-07-01 13:13:00,2024-07-01 13:16:00,4,风机联合连续重复,风机联合连续重复；用于计算重复风机功率扣减量，是否并入最终异常由参数控制
2024-07-01 13:13:00,2024-07-01 13:16:00,4,风机联合连续重复,风机联合连续重复；用于计算重复风机功率扣减量，是否并入最终异常由参数控制
2024-07-01 13:13:00,2024-07-01 13:16:00,4,风机联合连续重复,风机联合连续重复；用于计算重复风机功率扣减量，是否并入最终异常由参数控制
2024-07-01 13:13:00,2024-07-01 13:16:00,4,风机联合连续重复,风机联合连续重复；用于计算重复风机功率扣减量，是否并入最终异常由参数控制
2024-07-01 13:13:00,2024-07-01 13:16:00,4,站端功率连续重复,ACTIVE_POWER_STATION 重复值大于阈值且持续长度大于阈值
2024-07-01 16:22:00,2024-07-01 16:28:00,7,风机联合连续重复,风机联合连续重复；用于计算重复风机功率扣减量，是否并入最终异常由参数控制
2024-07-01 16:22:00,2024-07-01 16:28:00,7,风机联合连续重复,风机联合连续重复；用于计算重复风机功率扣减量，是否并入最终异常由参数控制
2024-07-01 16:22:00,2024-07-01 16:28:00,7,风机联合连续重复,风机联合连续重复；用于计算重复风机功率扣减量，是否并入最终异常由参数控制
2024-07-01 16:22:00,2024-07-01 16:28:00,7,风机联合连续重复,风机联合连续重复；用于计算重复风机功率扣减量，是否并入最终异常由参数控制
2024-07-01 16:22:00,2024-07-01 16:28:00,7,风机联合连续重复,风机联合连续重复；用于计算重复风机功率扣减量，是否并入最终异常由参数控制
2024-07-01 16:22:00,2024-07-01 16:28:00,7,风机联合连续重复,风机联合连续重复；用于计算重复风机功率扣减量，是否并入最终异常由参数控制
2024-07-01 16:22:00,2024-07-01 16:28:00,7,风机联合连续重复,风机联合连续重复；用于计算重复风机功率扣减量，是否并入最终异常由参数控制
2024-07-01 16:22:00,2024-07-01 16:28:00,7,风机联合连续重复,风机联合连续重复；用于计算重复风机功率扣减量，是否并入最终异常由参数控制
2024-07-01 16:22:00,2024-07-01 16:28:00,7,风机联合连续重复,风机联合连续重复；用于计算重复风机功率扣减量，是否并入最终异常由参数控制
2024-07-01 16:22:00,2024-07-01 16:28:00,7,风机联合连续重复,风机联合连续重复；用于计算重复风机功率扣减量，是否并入最终异常由参数控制
2024-07-01 16:22:00,2024-07-01 16:28:00,7,风机联合连续重复,风机联合连续重复；用于计算重复风机功率扣减量，是否并入最终异常由参数控制
2024-07-01 16:22:00,2024-07-01 16:28:00,7,风机联合连续重复,风机联合连续重复；用于计算重复风机功率扣减量，是否并入最终异常由参数控制
2024-07-01 16:22:00,2024-07-01 16:28:00,7,风机联合连续重复,风机联合连续重复；用于计算重复风机功率扣减量，是否并入最终异常由参数控制
2024-07-01 16:22:00,2024-07-01 16:28:00,7,风机联合连续重复,风机联合连续重复；用于计算重复风机功率扣减量，是否并入最终异常由参数控制
2024-07-01 16:22:00,2024-07-01 16:28:00,7,风机联合连续重复,风机联合连续重复；用于计算重复风机功率扣减量，是否并入最终异常由参数控制
2024-07-01 16:22:00,2024-07-01 16:28:00,7,风机联合连续重复,风机联合连续重复；用于计算重复风机功率扣减量，是否并入最终异常由参数控制
2024-07-01 16:22:00,2024-07-01 16:28:00,7,风机联合连续重复,风机联合连续重复；用于计算重复风机功率扣减量，是否并入最终异常由参数控制
2024-07-01 16:22:00,2024-07-01 16:28:00,7,风机联合连续重复,风机联合连续重复；用于计算重复风机功率扣减量，是否并入最终异常由参数控制
2024-07-01 16:22:00,2024-07-01 16:28:00,7,风机联合连续重复,风机联合连续重复；用于计算重复风机功率扣减量，是否并入最终异常由参数控制
2024-07-01 16:22:00,2024-07-01 16:28:00,7,风机联合连续重复,风机联合连续重复；用于计算重复风机功率扣减量，是否并入最终异常由参数控制
2024-07-01 16:22:00,2024-07-01 16:28:00,7,风机联合连续重复,风机联合连续重复；用于计算重复风机功率扣减量，是否并入最终异常由参数控制
2024-07-01 16:22:00,2024-07-01 16:28:00,7,风机联合连续重复,风机联合连续重复；用于计算重复风机功率扣减量，是否并入最终异常由参数控制
2024-07-01 16:22:00,2024-07-01 16:28:00,7,风机联合连续重复,风机联合连续重复；用于计算重复风机功率扣减量，是否并入最终异常由参数控制
2024-07-01 16:22:00,2024-07-01 16:28:00,7,风机联合连续重复,风机联合连续重复；用于计算重复风机功率扣减量，是否并入最终异常由参数控制
2024-07-01 16:22:00,2024-07-01 16:28:00,7,风机联合连续重复,风机联合连续重复；用于计算重复风机功率扣减量，是否并入最终异常由参数控制
2024-07-01 16:22:00,2024-07-01 16:29:00,8,风机联合连续重复,风机联合连续重复；用于计算重复风机功率扣减量，是否并入最终异常由参数控制
2024-07-01 16:22:00,2024-07-01 16:29:00,8,风机联合连续重复,风机联合连续重复；用于计算重复风机功率扣减量，是否并入最终异常由参数控制
2024-07-01 16:22:00,2024-07-01 16:29:00,8,风机联合连续重复,风机联合连续重复；用于计算重复风机功率扣减量，是否并入最终异常由参数控制
2024-07-01 16:22:00,2024-07-01 16:29:00,8,风机联合连续重复,风机联合连续重复；用于计算重复风机功率扣减量，是否并入最终异常由参数控制
2024-07-01 16:22:00,2024-07-01 16:29:00,8,风机联合连续重复,风机联合连续重复；用于计算重复风机功率扣减量，是否并入最终异常由参数控制
2024-07-01 16:22:00,2024-07-01 16:29:00,8,风机联合连续重复,风机联合连续重复；用于计算重复风机功率扣减量，是否并入最终异常由参数控制
2024-07-01 16:22:00,2024-07-01 16:29:00,8,风机联合连续重复,风机联合连续重复；用于计算重复风机功率扣减量，是否并入最终异常由参数控制
2024-07-01 16:22:00,2024-07-01 16:29:00,8,风机联合连续重复,风机联合连续重复；用于计算重复风机功率扣减量，是否并入最终异常由参数控制
2024-07-01 16:22:00,2024-07-01 16:29:00,8,风机联合连续重复,风机联合连续重复；用于计算重复风机功率扣减量，是否并入最终异常由参数控制
2024-07-01 16:22:00,2024-07-01 16:29:00,8,风机联合连续重复,风机联合连续重复；用于计算重复风机功率扣减量，是否并入最终异常由参数控制
2024-07-01 16:22:00,2024-07-01 16:29:00,8,风机联合连续重复,风机联合连续重复；用于计算重复风机功率扣减量，是否并入最终异常由参数控制
2024-07-01 16:22:00,2024-07-01 16:29:00,8,风机联合连续重复,风机联合连续重复；用于计算重复风机功率扣减量，是否并入最终异常由参数控制
2024-07-01 16:22:00,2024-07-01 16:29:00,8,风机联合连续重复,风机联合连续重复；用于计算重复风机功率扣减量，是否并入最终异常由参数控制
2024-07-01 16:22:00,2024-07-01 16:29:00,8,风机联合连续重复,风机联合连续重复；用于计算重复风机功率扣减量，是否并入最终异常由参数控制
2024-07-01 16:22:00,2024-07-01 16:29:00,8,风机联合连续重复,风机联合连续重复；用于计算重复风机功率扣减量，是否并入最终异常由参数控制
2024-07-01 16:22:00,2024-07-01 16:29:00,8,风机联合连续重复,风机联合连续重复；用于计算重复风机功率扣减量，是否并入最终异常由参数控制
2024-07-01 16:22:00,2024-07-01 16:29:00,8,风机联合连续重复,风机联合连续重复；用于计算重复风机功率扣减量，是否并入最终异常由参数控制
2024-07-01 16:22:00,2024-07-01 16:29:00,8,风机联合连续重复,风机联合连续重复；用于计算重复风机功率扣减量，是否并入最终异常由参数控制
2024-07-01 16:22:00,2024-07-01 16:29:00,8,风机联合连续重复,风机联合连续重复；用于计算重复风机功率扣减量，是否并入最终异常由参数控制
2024-07-01 16:22:00,2024-07-01 16:29:00,8,风机联合连续重复,风机联合连续重复；用于计算重复风机功率扣减量，是否并入最终异常由参数控制
2024-07-01 16:22:00,2024-07-01 16:29:00,8,风机联合连续重复,风机联合连续重复；用于计算重复风机功率扣减量，是否并入最终异常由参数控制
2024-07-01 16:22:00,2024-07-01 16:29:00,8,风机联合连续重复,风机联合连续重复；用于计算重复风机功率扣减量，是否并入最终异常由参数控制
2024-07-01 16:22:00,2024-07-01 16:29:00,8,风机联合连续重复,风机联合连续重复；用于计算重复风机功率扣减量，是否并入最终异常由参数控制
2024-07-01 16:22:00,2024-07-01 16:29:00,8,风机联合连续重复,风机联合连续重复；用于计算重复风机功率扣减量，是否并入最终异常由参数控制
2024-07-01 16:22:00,2024-07-01 16:29:00,8,风机联合连续重复,风机联合连续重复；用于计算重复风机功率扣减量，是否并入最终异常由参数控制
2024-07-01 16:22:00,2024-07-01 16:29:00,8,风机联合连续重复,风机联合连续重复；用于计算重复风机功率扣减量，是否并入最终异常由参数控制
2024-07-01 16:22:00,2024-07-01 16:29:00,8,风机联合连续重复,风机联合连续重复；用于计算重复风机功率扣减量，是否并入最终异常由参数控制
2024-07-01 16:22:00,2024-07-01 16:29:00,8,风机联合连续重复,风机联合连续重复；用于计算重复风机功率扣减量，是否并入最终异常由参数控制
2024-07-01 16:22:00,2024-07-01 16:29:00,8,风机联合连续重复,风机联合连续重复；用于计算重复风机功率扣减量，是否并入最终异常由参数控制
2024-07-01 16:22:00,2024-07-01 16:29:00,8,风机联合连续重复,风机联合连续重复；用于计算重复风机功率扣减量，是否并入最终异常由参数控制
2024-07-01 16:22:00,2024-07-01 16:29:00,8,风机联合连续重复,风机联合连续重复；用于计算重复风机功率扣减量，是否并入最终异常由参数控制
2024-07-01 16:22:00,2024-07-01 16:29:00,8,风机联合连续重复,风机联合连续重复；用于计算重复风机功率扣减量，是否并入最终异常由参数控制
2024-07-01 16:22:00,2024-07-01 16:29:00,8,风机联合连续重复,风机联合连续重复；用于计算重复风机功率扣减量，是否并入最终异常由参数控制
2024-07-01 16:22:00,2024-07-01 16:29:00,8,站端功率连续重复,ACTIVE_POWER_STATION 重复值大于阈值且持续长度大于阈值
2024-07-02 17:05:00,2024-07-02 17:08:00,4,风机联合连续重复,风机联合连续重复；用于计算重复风机功率扣减量，是否并入最终异常由参数控制
2024-07-02 17:05:00,2024-07-02 17:08:00,4,风机联合连续重复,风机联合连续重复；用于计算重复风机功率扣减量，是否并入最终异常由参数控制
2024-07-02 17:05:00,2024-07-02 17:08:00,4,风机联合连续重复,风机联合连续重复；用于计算重复风机功率扣减量，是否并入最终异常由参数控制
2024-07-02 17:05:00,2024-07-02 17:08:00,4,风机联合连续重复,风机联合连续重复；用于计算重复风机功率扣减量，是否并入最终异常由参数控制
2024-07-02 17:05:00,2024-07-02 17:08:00,4,风机联合连续重复,风机联合连续重复；用于计算重复风机功率扣减量，是否并入最终异常由参数控制
2024-07-02 17:05:00,2024-07-02 17:08:00,4,风机联合连续重复,风机联合连续重复；用于计算重复风机功率扣减量，是否并入最终异常由参数控制
2024-07-02 17:05:00,2024-07-02 17:08:00,4,风机联合连续重复,风机联合连续重复；用于计算重复风机功率扣减量，是否并入最终异常由参数控制
2024-07-02 17:05:00,2024-07-02 17:08:00,4,风机联合连续重复,风机联合连续重复；用于计算重复风机功率扣减量，是否并入最终异常由参数控制
2024-07-02 17:05:00,2024-07-02 17:08:00,4,风机联合连续重复,风机联合连续重复；用于计算重复风机功率扣减量，是否并入最终异常由参数控制
2024-07-02 17:05:00,2024-07-02 17:08:00,4,风机联合连续重复,风机联合连续重复；用于计算重复风机功率扣减量，是否并入最终异常由参数控制
2024-07-02 17:05:00,2024-07-02 17:08:00,4,风机联合连续重复,风机联合连续重复；用于计算重复风机功率扣减量，是否并入最终异常由参数控制
2024-07-02 17:05:00,2024-07-02 17:08:00,4,风机联合连续重复,风机联合连续重复；用于计算重复风机功率扣减量，是否并入最终异常由参数控制
2024-07-02 17:05:00,2024-07-02 17:08:00,4,风机联合连续重复,风机联合连续重复；用于计算重复风机功率扣减量，是否并入最终异常由参数控制
2024-07-02 17:05:00,2024-07-02 17:08:00,4,风机联合连续重复,风机联合连续重复；用于计算重复风机功率扣减量，是否并入最终异常由参数控制
2024-07-02 17:05:00,2024-07-02 17:08:00,4,风机联合连续重复,风机联合连续重复；用于计算重复风机功率扣减量，是否并入最终异常由参数控制
2024-07-02 17:05:00,2024-07-02 17:08:00,4,风机联合连续重复,风机联合连续重复；用于计算重复风机功率扣减量，是否并入最终异常由参数控制
2024-07-02 17:05:00,2024-07-02 17:08:00,4,风机联合连续重复,风机联合连续重复；用于计算重复风机功率扣减量，是否并入最终异常由参数控制
2024-07-02 17:05:00,2024-07-02 17:08:00,4,风机联合连续重复,风机联合连续重复；用于计算重复风机功率扣减量，是否并入最终异常由参数控制
2024-07-02 17:05:00,2024-07-02 17:08:00,4,风机联合连续重复,风机联合连续重复；用于计算重复风机功率扣减量，是否并入最终异常由参数控制
2024-07-02 17:05:00,2024-07-02 17:08:00,4,风机联合连续重复,风机联合连续重复；用于计算重复风机功率扣减量，是否并入最终异常由参数控制
2024-07-02 17:05:00,2024-07-02 17:08:00,4,风机联合连续重复,风机联合连续重复；用于计算重复风机功率扣减量，是否并入最终异常由参数控制
2024-07-02 17:05:00,2024-07-02 17:08:00,4,风机联合连续重复,风机联合连续重复；用于计算重复风机功率扣减量，是否并入最终异常由参数控制
2024-07-02 17:05:00,2024-07-02 17:08:00,4,风机联合连续重复,风机联合连续重复；用于计算重复风机功率扣减量，是否并入最终异常由参数控制
2024-07-02 17:05:00,2024-07-02 17:08:00,4,风机联合连续重复,风机联合连续重复；用于计算重复风机功率扣减量，是否并入最终异常由参数控制
2024-07-02 17:05:00,2024-07-02 17:08:00,4,风机联合连续重复,风机联合连续重复；用于计算重复风机功率扣减量，是否并入最终异常由参数控制
2024-07-02 17:05:00,2024-07-02 17:08:00,4,风机联合连续重复,风机联合连续重复；用于计算重复风机功率扣减量，是否并入最终异常由参数控制
2024-07-02 17:05:00,2024-07-02 17:08:00,4,风机联合连续重复,风机联合连续重复；用于计算重复风机功率扣减量，是否并入最终异常由参数控制
2024-07-02 17:05:00,2024-07-02 17:08:00,4,风机联合连续重复,风机联合连续重复；用于计算重复风机功率扣减量，是否并入最终异常由参数控制
2024-07-02 17:05:00,2024-07-02 17:08:00,4,风机联合连续重复,风机联合连续重复；用于计算重复风机功率扣减量，是否并入最终异常由参数控制
2024-07-02 17:05:00,2024-07-02 17:08:00,4,风机联合连续重复,风机联合连续重复；用于计算重复风机功率扣减量，是否并入最终异常由参数控制
2024-07-02 17:05:00,2024-07-02 17:08:00,4,风机联合连续重复,风机联合连续重复；用于计算重复风机功率扣减量，是否并入最终异常由参数控制
2024-07-02 17:05:00,2024-07-02 17:08:00,4,风机联合连续重复,风机联合连续重复；用于计算重复风机功率扣减量，是否并入最终异常由参数控制
2024-07-02 17:05:00,2024-07-02 17:08:00,4,风机联合连续重复,风机联合连续重复；用于计算重复风机功率扣减量，是否并入最终异常由参数控制
2024-07-02 17:05:00,2024-07-02 17:08:00,4,风机联合连续重复,风机联合连续重复；用于计算重复风机功率扣减量，是否并入最终异常由参数控制
2024-07-02 17:05:00,2024-07-02 17:08:00,4,风机联合连续重复,风机联合连续重复；用于计算重复风机功率扣减量，是否并入最终异常由参数控制
2024-07-02 17:05:00,2024-07-02 17:08:00,4,风机联合连续重复,风机联合连续重复；用于计算重复风机功率扣减量，是否并入最终异常由参数控制
2024-07-02 17:05:00,2024-07-02 17:08:00,4,风机联合连续重复,风机联合连续重复；用于计算重复风机功率扣减量，是否并入最终异常由参数控制
2024-07-02 17:05:00,2024-07-02 17:08:00,4,风机联合连续重复,风机联合连续重复；用于计算重复风机功率扣减量，是否并入最终异常由参数控制
2024-07-02 17:05:00,2024-07-02 17:08:00,4,风机联合连续重复,风机联合连续重复；用于计算重复风机功率扣减量，是否并入最终异常由参数控制
2024-07-02 17:05:00,2024-07-02 17:08:00,4,风机联合连续重复,风机联合连续重复；用于计算重复风机功率扣减量，是否并入最终异常由参数控制
2024-07-02 17:05:00,2024-07-02 17:08:00,4,风机联合连续重复,风机联合连续重复；用于计算重复风机功率扣减量，是否并入最终异常由参数控制
2024-07-02 17:05:00,2024-07-02 17:08:00,4,风机联合连续重复,风机联合连续重复；用于计算重复风机功率扣减量，是否并入最终异常由参数控制
2024-07-02 17:05:00,2024-07-02 17:08:00,4,风机联合连续重复,风机联合连续重复；用于计算重复风机功率扣减量，是否并入最终异常由参数控制
2024-07-02 17:05:00,2024-07-02 17:08:00,4,风机联合连续重复,风机联合连续重复；用于计算重复风机功率扣减量，是否并入最终异常由参数控制
2024-07-02 17:05:00,2024-07-02 17:08:00,4,风机联合连续重复,风机联合连续重复；用于计算重复风机功率扣减量，是否并入最终异常由参数控制
2024-07-02 17:05:00,2024-07-02 17:08:00,4,风机联合连续重复,风机联合连续重复；用于计算重复风机功率扣减量，是否并入最终异常由参数控制
2024-07-02 17:05:00,2024-07-02 17:08:00,4,风机联合连续重复,风机联合连续重复；用于计算重复风机功率扣减量，是否并入最终异常由参数控制
2024-07-02 17:05:00,2024-07-02 17:08:00,4,风机联合连续重复,风机联合连续重复；用于计算重复风机功率扣减量，是否并入最终异常由参数控制
2024-07-02 17:05:00,2024-07-02 17:08:00,4,风机联合连续重复,风机联合连续重复；用于计算重复风机功率扣减量，是否并入最终异常由参数控制
2024-07-02 17:05:00,2024-07-02 17:08:00,4,风机联合连续重复,风机联合连续重复；用于计算重复风机功率扣减量，是否并入最终异常由参数控制
2024-07-02 17:05:00,2024-07-02 17:08:00,4,风机联合连续重复,风机联合连续重复；用于计算重复风机功率扣减量，是否并入最终异常由参数控制
2024-07-02 17:05:00,2024-07-02 17:08:00,4,风机联合连续重复,风机联合连续重复；用于计算重复风机功率扣减量，是否并入最终异常由参数控制
2024-07-02 17:05:00,2024-07-02 17:08:00,4,风机联合连续重复,风机联合连续重复；用于计算重复风机功率扣减量，是否并入最终异常由参数控制
2024-07-02 17:05:00,2024-07-02 17:08:00,4,风机联合连续重复,风机联合连续重复；用于计算重复风机功率扣减量，是否并入最终异常由参数控制
2024-07-02 17:05:00,2024-07-02 17:08:00,4,风机联合连续重复,风机联合连续重复；用于计算重复风机功率扣减量，是否并入最终异常由参数控制
2024-07-02 17:05:00,2024-07-02 17:08:00,4,风机联合连续重复,风机联合连续重复；用于计算重复风机功率扣减量，是否并入最终异常由参数控制
2024-07-02 17:05:00,2024-07-02 17:08:00,4,风机联合连续重复,风机联合连续重复；用于计算重复风机功率扣减量，是否并入最终异常由参数控制
2024-07-02 17:05:00,2024-07-02 17:08:00,4,站端功率连续重复,ACTIVE_POWER_STATION 重复值大于阈值且持续长度大于阈值
2024-07-02 17:46:00,2024-07-02 17:51:00,6,风机联合连续重复,风机联合连续重复；用于计算重复风机功率扣减量，是否并入最终异常由参数控制
2024-07-02 17:46:00,2024-07-02 17:51:00,6,风机联合连续重复,风机联合连续重复；用于计算重复风机功率扣减量，是否并入最终异常由参数控制
2024-07-02 17:46:00,2024-07-02 17:51:00,6,风机联合连续重复,风机联合连续重复；用于计算重复风机功率扣减量，是否并入最终异常由参数控制
2024-07-02 17:46:00,2024-07-02 17:51:00,6,风机联合连续重复,风机联合连续重复；用于计算重复风机功率扣减量，是否并入最终异常由参数控制
2024-07-02 17:46:00,2024-07-02 17:51:00,6,风机联合连续重复,风机联合连续重复；用于计算重复风机功率扣减量，是否并入最终异常由参数控制
2024-07-02 17:46:00,2024-07-02 17:51:00,6,风机联合连续重复,风机联合连续重复；用于计算重复风机功率扣减量，是否并入最终异常由参数控制
2024-07-02 17:46:00,2024-07-02 17:51:00,6,风机联合连续重复,风机联合连续重复；用于计算重复风机功率扣减量，是否并入最终异常由参数控制
2024-07-02 17:46:00,2024-07-02 17:51:00,6,风机联合连续重复,风机联合连续重复；用于计算重复风机功率扣减量，是否并入最终异常由参数控制
2024-07-02 17:46:00,2024-07-02 17:51:00,6,风机联合连续重复,风机联合连续重复；用于计算重复风机功率扣减量，是否并入最终异常由参数控制
2024-07-02 17:46:00,2024-07-02 17:51:00,6,风机联合连续重复,风机联合连续重复；用于计算重复风机功率扣减量，是否并入最终异常由参数控制
2024-07-02 17:46:00,2024-07-02 17:51:00,6,风机联合连续重复,风机联合连续重复；用于计算重复风机功率扣减量，是否并入最终异常由参数控制
2024-07-02 17:46:00,2024-07-02 17:51:00,6,风机联合连续重复,风机联合连续重复；用于计算重复风机功率扣减量，是否并入最终异常由参数控制
2024-07-02 17:46:00,2024-07-02 17:51:00,6,风机联合连续重复,风机联合连续重复；用于计算重复风机功率扣减量，是否并入最终异常由参数控制
2024-07-02 17:46:00,2024-07-02 17:51:00,6,风机联合连续重复,风机联合连续重复；用于计算重复风机功率扣减量，是否并入最终异常由参数控制
2024-07-02 17:46:00,2024-07-02 17:51:00,6,风机联合连续重复,风机联合连续重复；用于计算重复风机功率扣减量，是否并入最终异常由参数控制
2024-07-02 17:46:00,2024-07-02 17:51:00,6,风机联合连续重复,风机联合连续重复；用于计算重复风机功率扣减量，是否并入最终异常由参数控制
2024-07-02 17:46:00,2024-07-02 17:51:00,6,风机联合连续重复,风机联合连续重复；用于计算重复风机功率扣减量，是否并入最终异常由参数控制
2024-07-02 17:46:00,2024-07-02 17:51:00,6,风机联合连续重复,风机联合连续重复；用于计算重复风机功率扣减量，是否并入最终异常由参数控制
2024-07-02 17:46:00,2024-07-02 17:51:00,6,风机联合连续重复,风机联合连续重复；用于计算重复风机功率扣减量，是否并入最终异常由参数控制
2024-07-02 17:46:00,2024-07-02 17:51:00,6,风机联合连续重复,风机联合连续重复；用于计算重复风机功率扣减量，是否并入最终异常由参数控制
2024-07-02 17:46:00,2024-07-02 17:51:00,6,风机联合连续重复,风机联合连续重复；用于计算重复风机功率扣减量，是否并入最终异常由参数控制
2024-07-02 17:46:00,2024-07-02 17:51:00,6,风机联合连续重复,风机联合连续重复；用于计算重复风机功率扣减量，是否并入最终异常由参数控制
2024-07-02 17:46:00,2024-07-02 17:51:00,6,风机联合连续重复,风机联合连续重复；用于计算重复风机功率扣减量，是否并入最终异常由参数控制
2024-07-02 17:46:00,2024-07-02 17:51:00,6,风机联合连续重复,风机联合连续重复；用于计算重复风机功率扣减量，是否并入最终异常由参数控制
2024-07-02 17:46:00,2024-07-02 17:51:00,6,风机联合连续重复,风机联合连续重复；用于计算重复风机功率扣减量，是否并入最终异常由参数控制
2024-07-02 17:46:00,2024-07-02 17:51:00,6,风机联合连续重复,风机联合连续重复；用于计算重复风机功率扣减量，是否并入最终异常由参数控制
2024-07-02 17:46:00,2024-07-02 17:51:00,6,风机联合连续重复,风机联合连续重复；用于计算重复风机功率扣减量，是否并入最终异常由参数控制
2024-07-02 17:46:00,2024-07-02 17:51:00,6,风机联合连续重复,风机联合连续重复；用于计算重复风机功率扣减量，是否并入最终异常由参数控制
2024-07-02 17:46:00,2024-07-02 17:51:00,6,风机联合连续重复,风机联合连续重复；用于计算重复风机功率扣减量，是否并入最终异常由参数控制
2024-07-02 17:46:00,2024-07-02 17:51:00,6,风机联合连续重复,风机联合连续重复；用于计算重复风机功率扣减量，是否并入最终异常由参数控制
2024-07-02 17:46:00,2024-07-02 17:51:00,6,风机联合连续重复,风机联合连续重复；用于计算重复风机功率扣减量，是否并入最终异常由参数控制
2024-07-02 17:46:00,2024-07-02 17:51:00,6,风机联合连续重复,风机联合连续重复；用于计算重复风机功率扣减量，是否并入最终异常由参数控制
2024-07-02 17:46:00,2024-07-02 17:51:00,6,风机联合连续重复,风机联合连续重复；用于计算重复风机功率扣减量，是否并入最终异常由参数控制
2024-07-02 17:46:00,2024-07-02 17:51:00,6,风机联合连续重复,风机联合连续重复；用于计算重复风机功率扣减量，是否并入最终异常由参数控制
2024-07-02 17:46:00,2024-07-02 17:51:00,6,风机联合连续重复,风机联合连续重复；用于计算重复风机功率扣减量，是否并入最终异常由参数控制
2024-07-02 17:46:00,2024-07-02 17:51:00,6,风机联合连续重复,风机联合连续重复；用于计算重复风机功率扣减量，是否并入最终异常由参数控制
2024-07-02 17:46:00,2024-07-02 17:51:00,6,风机联合连续重复,风机联合连续重复；用于计算重复风机功率扣减量，是否并入最终异常由参数控制
2024-07-02 17:46:00,2024-07-02 17:51:00,6,风机联合连续重复,风机联合连续重复；用于计算重复风机功率扣减量，是否并入最终异常由参数控制
2024-07-02 17:46:00,2024-07-02 17:51:00,6,风机联合连续重复,风机联合连续重复；用于计算重复风机功率扣减量，是否并入最终异常由参数控制
2024-07-02 17:46:00,2024-07-02 17:51:00,6,风机联合连续重复,风机联合连续重复；用于计算重复风机功率扣减量，是否并入最终异常由参数控制
2024-07-02 17:46:00,2024-07-02 17:51:00,6,风机联合连续重复,风机联合连续重复；用于计算重复风机功率扣减量，是否并入最终异常由参数控制
2024-07-02 17:46:00,2024-07-02 17:51:00,6,风机联合连续重复,风机联合连续重复；用于计算重复风机功率扣减量，是否并入最终异常由参数控制
2024-07-02 17:46:00,2024-07-02 17:51:00,6,风机联合连续重复,风机联合连续重复；用于计算重复风机功率扣减量，是否并入最终异常由参数控制
2024-07-02 17:46:00,2024-07-02 17:51:00,6,风机联合连续重复,风机联合连续重复；用于计算重复风机功率扣减量，是否并入最终异常由参数控制
2024-07-02 17:46:00,2024-07-02 17:51:00,6,风机联合连续重复,风机联合连续重复；用于计算重复风机功率扣减量，是否并入最终异常由参数控制
2024-07-02 17:46:00,2024-07-02 17:51:00,6,风机联合连续重复,风机联合连续重复；用于计算重复风机功率扣减量，是否并入最终异常由参数控制
2024-07-02 17:46:00,2024-07-02 17:51:00,6,风机联合连续重复,风机联合连续重复；用于计算重复风机功率扣减量，是否并入最终异常由参数控制
2024-07-02 17:46:00,2024-07-02 17:51:00,6,风机联合连续重复,风机联合连续重复；用于计算重复风机功率扣减量，是否并入最终异常由参数控制
2024-07-02 17:46:00,2024-07-02 17:51:00,6,风机联合连续重复,风机联合连续重复；用于计算重复风机功率扣减量，是否并入最终异常由参数控制
2024-07-02 17:46:00,2024-07-02 17:51:00,6,风机联合连续重复,风机联合连续重复；用于计算重复风机功率扣减量，是否并入最终异常由参数控制
2024-07-02 17:46:00,2024-07-02 17:51:00,6,风机联合连续重复,风机联合连续重复；用于计算重复风机功率扣减量，是否并入最终异常由参数控制
2024-07-02 17:46:00,2024-07-02 17:51:00,6,风机联合连续重复,风机联合连续重复；用于计算重复风机功率扣减量，是否并入最终异常由参数控制
2024-07-02 17:46:00,2024-07-02 17:51:00,6,风机联合连续重复,风机联合连续重复；用于计算重复风机功率扣减量，是否并入最终异常由参数控制
2024-07-02 17:46:00,2024-07-02 17:51:00,6,风机联合连续重复,风机联合连续重复；用于计算重复风机功率扣减量，是否并入最终异常由参数控制
2024-07-02 17:46:00,2024-07-02 17:51:00,6,风机联合连续重复,风机联合连续重复；用于计算重复风机功率扣减量，是否并入最终异常由参数控制
2024-07-02 17:46:00,2024-07-02 17:51:00,6,风机联合连续重复,风机联合连续重复；用于计算重复风机功率扣减量，是否并入最终异常由参数控制
2024-07-02 17:46:00,2024-07-02 17:51:00,6,风机联合连续重复,风机联合连续重复；用于计算重复风机功率扣减量，是否并入最终异常由参数控制
2024-07-02 17:46:00,2024-07-02 17:51:00,6,站端功率连续重复,ACTIVE_POWER_STATION 重复值大于阈值且持续长度大于阈值
2024-07-04 17:43:00,2024-07-04 17:59:00,17,风机联合连续重复,风机联合连续重复；用于计算重复风机功率扣减量，是否并入最终异常由参数控制
2024-07-04 17:43:00,2024-07-04 17:59:00,17,风机联合连续重复,风机联合连续重复；用于计算重复风机功率扣减量，是否并入最终异常由参数控制
2024-07-04 17:43:00,2024-07-04 17:59:00,17,风机联合连续重复,风机联合连续重复；用于计算重复风机功率扣减量，是否并入最终异常由参数控制
2024-07-04 17:43:00,2024-07-04 17:59:00,17,风机联合连续重复,风机联合连续重复；用于计算重复风机功率扣减量，是否并入最终异常由参数控制
2024-07-04 17:43:00,2024-07-04 17:59:00,17,风机联合连续重复,风机联合连续重复；用于计算重复风机功率扣减量，是否并入最终异常由参数控制
2024-07-04 17:43:00,2024-07-04 17:59:00,17,风机联合连续重复,风机联合连续重复；用于计算重复风机功率扣减量，是否并入最终异常由参数控制
2024-07-04 17:43:00,2024-07-04 17:59:00,17,风机联合连续重复,风机联合连续重复；用于计算重复风机功率扣减量，是否并入最终异常由参数控制
2024-07-04 17:43:00,2024-07-04 17:59:00,17,风机联合连续重复,风机联合连续重复；用于计算重复风机功率扣减量，是否并入最终异常由参数控制
2024-07-04 17:43:00,2024-07-04 17:59:00,17,风机联合连续重复,风机联合连续重复；用于计算重复风机功率扣减量，是否并入最终异常由参数控制
2024-07-04 17:43:00,2024-07-04 17:59:00,17,风机联合连续重复,风机联合连续重复；用于计算重复风机功率扣减量，是否并入最终异常由参数控制
2024-07-04 17:43:00,2024-07-04 17:59:00,17,风机联合连续重复,风机联合连续重复；用于计算重复风机功率扣减量，是否并入最终异常由参数控制
2024-07-04 17:43:00,2024-07-04 17:59:00,17,风机联合连续重复,风机联合连续重复；用于计算重复风机功率扣减量，是否并入最终异常由参数控制
2024-07-04 17:43:00,2024-07-04 17:59:00,17,风机联合连续重复,风机联合连续重复；用于计算重复风机功率扣减量，是否并入最终异常由参数控制
2024-07-04 17:43:00,2024-07-04 17:59:00,17,风机联合连续重复,风机联合连续重复；用于计算重复风机功率扣减量，是否并入最终异常由参数控制
2024-07-04 17:43:00,2024-07-04 17:59:00,17,风机联合连续重复,风机联合连续重复；用于计算重复风机功率扣减量，是否并入最终异常由参数控制
2024-07-04 17:43:00,2024-07-04 17:59:00,17,风机联合连续重复,风机联合连续重复；用于计算重复风机功率扣减量，是否并入最终异常由参数控制
2024-07-04 17:43:00,2024-07-04 17:59:00,17,风机联合连续重复,风机联合连续重复；用于计算重复风机功率扣减量，是否并入最终异常由参数控制
2024-07-04 17:43:00,2024-07-04 17:59:00,17,风机联合连续重复,风机联合连续重复；用于计算重复风机功率扣减量，是否并入最终异常由参数控制
2024-07-04 17:43:00,2024-07-04 17:59:00,17,风机联合连续重复,风机联合连续重复；用于计算重复风机功率扣减量，是否并入最终异常由参数控制
2024-07-04 17:43:00,2024-07-04 17:59:00,17,风机联合连续重复,风机联合连续重复；用于计算重复风机功率扣减量，是否并入最终异常由参数控制
2024-07-04 17:43:00,2024-07-04 17:59:00,17,风机联合连续重复,风机联合连续重复；用于计算重复风机功率扣减量，是否并入最终异常由参数控制
2024-07-04 17:43:00,2024-07-04 17:59:00,17,风机联合连续重复,风机联合连续重复；用于计算重复风机功率扣减量，是否并入最终异常由参数控制
2024-07-04 17:43:00,2024-07-04 17:59:00,17,风机联合连续重复,风机联合连续重复；用于计算重复风机功率扣减量，是否并入最终异常由参数控制
2024-07-04 17:45:00,2024-07-04 17:59:00,15,风机联合连续重复,风机联合连续重复；用于计算重复风机功率扣减量，是否并入最终异常由参数控制
2024-07-04 17:45:00,2024-07-04 17:59:00,15,风机联合连续重复,风机联合连续重复；用于计算重复风机功率扣减量，是否并入最终异常由参数控制
2024-07-04 17:45:00,2024-07-04 17:59:00,15,风机联合连续重复,风机联合连续重复；用于计算重复风机功率扣减量，是否并入最终异常由参数控制
2024-07-04 17:45:00,2024-07-04 17:59:00,15,风机联合连续重复,风机联合连续重复；用于计算重复风机功率扣减量，是否并入最终异常由参数控制
2024-07-04 17:45:00,2024-07-04 17:59:00,15,风机联合连续重复,风机联合连续重复；用于计算重复风机功率扣减量，是否并入最终异常由参数控制
2024-07-04 17:45:00,2024-07-04 17:59:00,15,风机联合连续重复,风机联合连续重复；用于计算重复风机功率扣减量，是否并入最终异常由参数控制
2024-07-04 17:45:00,2024-07-04 17:59:00,15,风机联合连续重复,风机联合连续重复；用于计算重复风机功率扣减量，是否并入最终异常由参数控制
2024-07-04 17:45:00,2024-07-04 17:59:00,15,风机联合连续重复,风机联合连续重复；用于计算重复风机功率扣减量，是否并入最终异常由参数控制
2024-07-04 17:45:00,2024-07-04 17:59:00,15,风机联合连续重复,风机联合连续重复；用于计算重复风机功率扣减量，是否并入最终异常由参数控制
2024-07-04 17:45:00,2024-07-04 17:59:00,15,风机联合连续重复,风机联合连续重复；用于计算重复风机功率扣减量，是否并入最终异常由参数控制
2024-07-04 17:45:00,2024-07-04 17:59:00,15,风机联合连续重复,风机联合连续重复；用于计算重复风机功率扣减量，是否并入最终异常由参数控制
2024-07-04 17:45:00,2024-07-04 17:59:00,15,风机联合连续重复,风机联合连续重复；用于计算重复风机功率扣减量，是否并入最终异常由参数控制
2024-07-04 17:45:00,2024-07-04 17:59:00,15,风机联合连续重复,风机联合连续重复；用于计算重复风机功率扣减量，是否并入最终异常由参数控制
2024-07-04 17:45:00,2024-07-04 17:59:00,15,风机联合连续重复,风机联合连续重复；用于计算重复风机功率扣减量，是否并入最终异常由参数控制
2024-07-04 17:45:00,2024-07-04 17:59:00,15,风机联合连续重复,风机联合连续重复；用于计算重复风机功率扣减量，是否并入最终异常由参数控制
2024-07-05 11:14:00,2024-07-05 11:17:00,4,风机联合连续重复,风机联合连续重复；用于计算重复风机功率扣减量，是否并入最终异常由参数控制
2024-07-05 11:14:00,2024-07-05 11:17:00,4,风机联合连续重复,风机联合连续重复；用于计算重复风机功率扣减量，是否并入最终异常由参数控制
2024-07-05 11:14:00,2024-07-05 11:17:00,4,风机联合连续重复,风机联合连续重复；用于计算重复风机功率扣减量，是否并入最终异常由参数控制
2024-07-05 11:14:00,2024-07-05 11:17:00,4,风机联合连续重复,风机联合连续重复；用于计算重复风机功率扣减量，是否并入最终异常由参数控制
2024-07-05 11:14:00,2024-07-05 11:17:00,4,风机联合连续重复,风机联合连续重复；用于计算重复风机功率扣减量，是否并入最终异常由参数控制
2024-07-05 11:14:00,2024-07-05 11:17:00,4,风机联合连续重复,风机联合连续重复；用于计算重复风机功率扣减量，是否并入最终异常由参数控制
2024-07-05 11:14:00,2024-07-05 11:17:00,4,风机联合连续重复,风机联合连续重复；用于计算重复风机功率扣减量，是否并入最终异常由参数控制
2024-07-05 11:14:00,2024-07-05 11:17:00,4,风机联合连续重复,风机联合连续重复；用于计算重复风机功率扣减量，是否并入最终异常由参数控制
2024-07-05 11:14:00,2024-07-05 11:17:00,4,风机联合连续重复,风机联合连续重复；用于计算重复风机功率扣减量，是否并入最终异常由参数控制
2024-07-05 11:14:00,2024-07-05 11:17:00,4,风机联合连续重复,风机联合连续重复；用于计算重复风机功率扣减量，是否并入最终异常由参数控制
2024-07-05 11:14:00,2024-07-05 11:17:00,4,风机联合连续重复,风机联合连续重复；用于计算重复风机功率扣减量，是否并入最终异常由参数控制
2024-07-05 11:14:00,2024-07-05 11:17:00,4,风机联合连续重复,风机联合连续重复；用于计算重复风机功率扣减量，是否并入最终异常由参数控制
2024-07-05 11:14:00,2024-07-05 11:17:00,4,风机联合连续重复,风机联合连续重复；用于计算重复风机功率扣减量，是否并入最终异常由参数控制
2024-07-05 11:14:00,2024-07-05 11:17:00,4,风机联合连续重复,风机联合连续重复；用于计算重复风机功率扣减量，是否并入最终异常由参数控制
2024-07-05 11:14:00,2024-07-05 11:17:00,4,风机联合连续重复,风机联合连续重复；用于计算重复风机功率扣减量，是否并入最终异常由参数控制
2024-07-05 11:14:00,2024-07-05 11:17:00,4,风机联合连续重复,风机联合连续重复；用于计算重复风机功率扣减量，是否并入最终异常由参数控制
2024-07-05 11:14:00,2024-07-05 11:17:00,4,风机联合连续重复,风机联合连续重复；用于计算重复风机功率扣减量，是否并入最终异常由参数控制
2024-07-05 11:14:00,2024-07-05 11:17:00,4,风机联合连续重复,风机联合连续重复；用于计算重复风机功率扣减量，是否并入最终异常由参数控制
2024-07-05 11:14:00,2024-07-05 11:17:00,4,风机联合连续重复,风机联合连续重复；用于计算重复风机功率扣减量，是否并入最终异常由参数控制
2024-07-05 11:14:00,2024-07-05 11:17:00,4,风机联合连续重复,风机联合连续重复；用于计算重复风机功率扣减量，是否并入最终异常由参数控制
2024-07-05 11:14:00,2024-07-05 11:17:00,4,风机联合连续重复,风机联合连续重复；用于计算重复风机功率扣减量，是否并入最终异常由参数控制
2024-07-05 11:14:00,2024-07-05 11:17:00,4,风机联合连续重复,风机联合连续重复；用于计算重复风机功率扣减量，是否并入最终异常由参数控制
2024-07-05 11:14:00,2024-07-05 11:17:00,4,风机联合连续重复,风机联合连续重复；用于计算重复风机功率扣减量，是否并入最终异常由参数控制
2024-07-05 11:14:00,2024-07-05 11:17:00,4,风机联合连续重复,风机联合连续重复；用于计算重复风机功率扣减量，是否并入最终异常由参数控制
2024-07-05 11:14:00,2024-07-05 11:17:00,4,风机联合连续重复,风机联合连续重复；用于计算重复风机功率扣减量，是否并入最终异常由参数控制
2024-07-05 11:14:00,2024-07-05 11:17:00,4,风机联合连续重复,风机联合连续重复；用于计算重复风机功率扣减量，是否并入最终异常由参数控制
2024-07-05 11:14:00,2024-07-05 11:17:00,4,风机联合连续重复,风机联合连续重复；用于计算重复风机功率扣减量，是否并入最终异常由参数控制
2024-07-05 11:14:00,2024-07-05 11:17:00,4,风机联合连续重复,风机联合连续重复；用于计算重复风机功率扣减量，是否并入最终异常由参数控制
2024-07-05 11:14:00,2024-07-05 11:17:00,4,风机联合连续重复,风机联合连续重复；用于计算重复风机功率扣减量，是否并入最终异常由参数控制
2024-07-05 11:14:00,2024-07-05 11:17:00,4,风机联合连续重复,风机联合连续重复；用于计算重复风机功率扣减量，是否并入最终异常由参数控制
2024-07-05 11:14:00,2024-07-05 11:17:00,4,风机联合连续重复,风机联合连续重复；用于计算重复风机功率扣减量，是否并入最终异常由参数控制
2024-07-05 11:14:00,2024-07-05 11:17:00,4,风机联合连续重复,风机联合连续重复；用于计算重复风机功率扣减量，是否并入最终异常由参数控制
2024-07-05 11:14:00,2024-07-05 11:17:00,4,风机联合连续重复,风机联合连续重复；用于计算重复风机功率扣减量，是否并入最终异常由参数控制
2024-07-05 11:14:00,2024-07-05 11:17:00,4,风机联合连续重复,风机联合连续重复；用于计算重复风机功率扣减量，是否并入最终异常由参数控制
2024-07-05 11:14:00,2024-07-05 11:17:00,4,风机联合连续重复,风机联合连续重复；用于计算重复风机功率扣减量，是否并入最终异常由参数控制
2024-07-05 11:14:00,2024-07-05 11:17:00,4,风机联合连续重复,风机联合连续重复；用于计算重复风机功率扣减量，是否并入最终异常由参数控制
2024-07-05 11:14:00,2024-07-05 11:17:00,4,风机联合连续重复,风机联合连续重复；用于计算重复风机功率扣减量，是否并入最终异常由参数控制
2024-07-05 11:14:00,2024-07-05 11:17:00,4,风机联合连续重复,风机联合连续重复；用于计算重复风机功率扣减量，是否并入最终异常由参数控制
2024-07-05 11:14:00,2024-07-05 11:17:00,4,风机联合连续重复,风机联合连续重复；用于计算重复风机功率扣减量，是否并入最终异常由参数控制
2024-07-05 11:14:00,2024-07-05 11:17:00,4,风机联合连续重复,风机联合连续重复；用于计算重复风机功率扣减量，是否并入最终异常由参数控制
2024-07-05 11:14:00,2024-07-05 11:17:00,4,风机联合连续重复,风机联合连续重复；用于计算重复风机功率扣减量，是否并入最终异常由参数控制
2024-07-05 11:14:00,2024-07-05 11:17:00,4,风机联合连续重复,风机联合连续重复；用于计算重复风机功率扣减量，是否并入最终异常由参数控制
2024-07-05 11:14:00,2024-07-05 11:17:00,4,风机联合连续重复,风机联合连续重复；用于计算重复风机功率扣减量，是否并入最终异常由参数控制
2024-07-05 11:14:00,2024-07-05 11:17:00,4,风机联合连续重复,风机联合连续重复；用于计算重复风机功率扣减量，是否并入最终异常由参数控制
2024-07-05 11:14:00,2024-07-05 11:17:00,4,风机联合连续重复,风机联合连续重复；用于计算重复风机功率扣减量，是否并入最终异常由参数控制
2024-07-05 11:14:00,2024-07-05 11:17:00,4,风机联合连续重复,风机联合连续重复；用于计算重复风机功率扣减量，是否并入最终异常由参数控制
2024-07-05 11:14:00,2024-07-05 11:17:00,4,风机联合连续重复,风机联合连续重复；用于计算重复风机功率扣减量，是否并入最终异常由参数控制
2024-07-05 11:14:00,2024-07-05 11:17:00,4,风机联合连续重复,风机联合连续重复；用于计算重复风机功率扣减量，是否并入最终异常由参数控制
2024-07-05 11:14:00,2024-07-05 11:17:00,4,风机联合连续重复,风机联合连续重复；用于计算重复风机功率扣减量，是否并入最终异常由参数控制
2024-07-05 11:14:00,2024-07-05 11:17:00,4,风机联合连续重复,风机联合连续重复；用于计算重复风机功率扣减量，是否并入最终异常由参数控制
2024-07-05 11:14:00,2024-07-05 11:17:00,4,风机联合连续重复,风机联合连续重复；用于计算重复风机功率扣减量，是否并入最终异常由参数控制
2024-07-05 11:14:00,2024-07-05 11:17:00,4,风机联合连续重复,风机联合连续重复；用于计算重复风机功率扣减量，是否并入最终异常由参数控制
2024-07-05 11:14:00,2024-07-05 11:17:00,4,风机联合连续重复,风机联合连续重复；用于计算重复风机功率扣减量，是否并入最终异常由参数控制
2024-07-05 11:14:00,2024-07-05 11:17:00,4,风机联合连续重复,风机联合连续重复；用于计算重复风机功率扣减量，是否并入最终异常由参数控制
2024-07-05 11:14:00,2024-07-05 11:17:00,4,风机联合连续重复,风机联合连续重复；用于计算重复风机功率扣减量，是否并入最终异常由参数控制
2024-07-05 11:14:00,2024-07-05 11:17:00,4,风机联合连续重复,风机联合连续重复；用于计算重复风机功率扣减量，是否并入最终异常由参数控制
2024-07-05 11:14:00,2024-07-05 11:17:00,4,风机联合连续重复,风机联合连续重复；用于计算重复风机功率扣减量，是否并入最终异常由参数控制
2024-07-05 11:14:00,2024-07-05 11:17:00,4,风机联合连续重复,风机联合连续重复；用于计算重复风机功率扣减量，是否并入最终异常由参数控制
2024-07-05 11:14:00,2024-07-05 11:17:00,4,站端功率连续重复,ACTIVE_POWER_STATION 重复值大于阈值且持续长度大于阈值
2024-07-05 16:49:00,2024-07-05 16:55:00,7,风机联合连续重复,风机联合连续重复；用于计算重复风机功率扣减量，是否并入最终异常由参数控制
2024-07-05 16:49:00,2024-07-05 16:55:00,7,风机联合连续重复,风机联合连续重复；用于计算重复风机功率扣减量，是否并入最终异常由参数控制
2024-07-05 16:49:00,2024-07-05 16:55:00,7,风机联合连续重复,风机联合连续重复；用于计算重复风机功率扣减量，是否并入最终异常由参数控制
2024-07-05 16:49:00,2024-07-05 16:55:00,7,风机联合连续重复,风机联合连续重复；用于计算重复风机功率扣减量，是否并入最终异常由参数控制
2024-07-05 16:49:00,2024-07-05 16:55:00,7,风机联合连续重复,风机联合连续重复；用于计算重复风机功率扣减量，是否并入最终异常由参数控制
2024-07-05 16:49:00,2024-07-05 16:55:00,7,风机联合连续重复,风机联合连续重复；用于计算重复风机功率扣减量，是否并入最终异常由参数控制
2024-07-05 16:49:00,2024-07-05 16:55:00,7,风机联合连续重复,风机联合连续重复；用于计算重复风机功率扣减量，是否并入最终异常由参数控制
2024-07-05 16:49:00,2024-07-05 16:55:00,7,风机联合连续重复,风机联合连续重复；用于计算重复风机功率扣减量，是否并入最终异常由参数控制
2024-07-05 16:49:00,2024-07-05 16:55:00,7,风机联合连续重复,风机联合连续重复；用于计算重复风机功率扣减量，是否并入最终异常由参数控制
2024-07-05 16:49:00,2024-07-05 16:55:00,7,风机联合连续重复,风机联合连续重复；用于计算重复风机功率扣减量，是否并入最终异常由参数控制
2024-07-05 16:49:00,2024-07-05 16:55:00,7,风机联合连续重复,风机联合连续重复；用于计算重复风机功率扣减量，是否并入最终异常由参数控制
2024-07-05 16:49:00,2024-07-05 16:55:00,7,风机联合连续重复,风机联合连续重复；用于计算重复风机功率扣减量，是否并入最终异常由参数控制
2024-07-05 16:49:00,2024-07-05 16:55:00,7,风机联合连续重复,风机联合连续重复；用于计算重复风机功率扣减量，是否并入最终异常由参数控制
2024-07-05 16:49:00,2024-07-05 16:55:00,7,风机联合连续重复,风机联合连续重复；用于计算重复风机功率扣减量，是否并入最终异常由参数控制
2024-07-05 16:49:00,2024-07-05 16:55:00,7,风机联合连续重复,风机联合连续重复；用于计算重复风机功率扣减量，是否并入最终异常由参数控制
2024-07-05 16:49:00,2024-07-05 16:55:00,7,风机联合连续重复,风机联合连续重复；用于计算重复风机功率扣减量，是否并入最终异常由参数控制
2024-07-05 16:49:00,2024-07-05 16:55:00,7,风机联合连续重复,风机联合连续重复；用于计算重复风机功率扣减量，是否并入最终异常由参数控制
2024-07-05 16:49:00,2024-07-05 16:55:00,7,风机联合连续重复,风机联合连续重复；用于计算重复风机功率扣减量，是否并入最终异常由参数控制
2024-07-05 16:49:00,2024-07-05 16:55:00,7,风机联合连续重复,风机联合连续重复；用于计算重复风机功率扣减量，是否并入最终异常由参数控制
2024-07-05 16:49:00,2024-07-05 16:55:00,7,风机联合连续重复,风机联合连续重复；用于计算重复风机功率扣减量，是否并入最终异常由参数控制
2024-07-05 16:49:00,2024-07-05 16:55:00,7,风机联合连续重复,风机联合连续重复；用于计算重复风机功率扣减量，是否并入最终异常由参数控制
2024-07-05 16:49:00,2024-07-05 16:55:00,7,风机联合连续重复,风机联合连续重复；用于计算重复风机功率扣减量，是否并入最终异常由参数控制
2024-07-05 16:49:00,2024-07-05 16:55:00,7,风机联合连续重复,风机联合连续重复；用于计算重复风机功率扣减量，是否并入最终异常由参数控制
2024-07-05 16:49:00,2024-07-05 16:55:00,7,风机联合连续重复,风机联合连续重复；用于计算重复风机功率扣减量，是否并入最终异常由参数控制
2024-07-05 16:49:00,2024-07-05 16:55:00,7,风机联合连续重复,风机联合连续重复；用于计算重复风机功率扣减量，是否并入最终异常由参数控制
2024-07-05 16:49:00,2024-07-05 16:55:00,7,风机联合连续重复,风机联合连续重复；用于计算重复风机功率扣减量，是否并入最终异常由参数控制
2024-07-05 16:49:00,2024-07-05 16:55:00,7,风机联合连续重复,风机联合连续重复；用于计算重复风机功率扣减量，是否并入最终异常由参数控制
2024-07-05 16:49:00,2024-07-05 16:55:00,7,风机联合连续重复,风机联合连续重复；用于计算重复风机功率扣减量，是否并入最终异常由参数控制
2024-07-05 16:49:00,2024-07-05 16:55:00,7,风机联合连续重复,风机联合连续重复；用于计算重复风机功率扣减量，是否并入最终异常由参数控制
2024-07-05 16:49:00,2024-07-05 16:55:00,7,风机联合连续重复,风机联合连续重复；用于计算重复风机功率扣减量，是否并入最终异常由参数控制
2024-07-05 16:49:00,2024-07-05 16:55:00,7,风机联合连续重复,风机联合连续重复；用于计算重复风机功率扣减量，是否并入最终异常由参数控制
2024-07-05 16:49:00,2024-07-05 16:55:00,7,风机联合连续重复,风机联合连续重复；用于计算重复风机功率扣减量，是否并入最终异常由参数控制
2024-07-05 16:49:00,2024-07-05 16:55:00,7,风机联合连续重复,风机联合连续重复；用于计算重复风机功率扣减量，是否并入最终异常由参数控制
2024-07-05 16:49:00,2024-07-05 16:55:00,7,风机联合连续重复,风机联合连续重复；用于计算重复风机功率扣减量，是否并入最终异常由参数控制
2024-07-05 16:49:00,2024-07-05 16:55:00,7,风机联合连续重复,风机联合连续重复；用于计算重复风机功率扣减量，是否并入最终异常由参数控制
2024-07-05 16:49:00,2024-07-05 16:55:00,7,风机联合连续重复,风机联合连续重复；用于计算重复风机功率扣减量，是否并入最终异常由参数控制
2024-07-05 16:49:00,2024-07-05 16:55:00,7,风机联合连续重复,风机联合连续重复；用于计算重复风机功率扣减量，是否并入最终异常由参数控制
2024-07-05 16:49:00,2024-07-05 16:55:00,7,风机联合连续重复,风机联合连续重复；用于计算重复风机功率扣减量，是否并入最终异常由参数控制
2024-07-05 16:49:00,2024-07-05 16:55:00,7,风机联合连续重复,风机联合连续重复；用于计算重复风机功率扣减量，是否并入最终异常由参数控制
2024-07-05 16:49:00,2024-07-05 16:55:00,7,风机联合连续重复,风机联合连续重复；用于计算重复风机功率扣减量，是否并入最终异常由参数控制
2024-07-05 16:49:00,2024-07-05 16:55:00,7,风机联合连续重复,风机联合连续重复；用于计算重复风机功率扣减量，是否并入最终异常由参数控制
2024-07-05 16:49:00,2024-07-05 16:55:00,7,风机联合连续重复,风机联合连续重复；用于计算重复风机功率扣减量，是否并入最终异常由参数控制
2024-07-05 16:49:00,2024-07-05 16:55:00,7,风机联合连续重复,风机联合连续重复；用于计算重复风机功率扣减量，是否并入最终异常由参数控制
2024-07-05 16:49:00,2024-07-05 16:55:00,7,风机联合连续重复,风机联合连续重复；用于计算重复风机功率扣减量，是否并入最终异常由参数控制
2024-07-05 16:49:00,2024-07-05 16:55:00,7,风机联合连续重复,风机联合连续重复；用于计算重复风机功率扣减量，是否并入最终异常由参数控制
2024-07-05 16:49:00,2024-07-05 16:55:00,7,风机联合连续重复,风机联合连续重复；用于计算重复风机功率扣减量，是否并入最终异常由参数控制
2024-07-05 16:49:00,2024-07-05 16:55:00,7,风机联合连续重复,风机联合连续重复；用于计算重复风机功率扣减量，是否并入最终异常由参数控制
2024-07-05 16:49:00,2024-07-05 16:55:00,7,风机联合连续重复,风机联合连续重复；用于计算重复风机功率扣减量，是否并入最终异常由参数控制
2024-07-05 16:49:00,2024-07-05 16:55:00,7,风机联合连续重复,风机联合连续重复；用于计算重复风机功率扣减量，是否并入最终异常由参数控制
2024-07-05 16:49:00,2024-07-05 16:55:00,7,风机联合连续重复,风机联合连续重复；用于计算重复风机功率扣减量，是否并入最终异常由参数控制
2024-07-05 16:49:00,2024-07-05 16:55:00,7,风机联合连续重复,风机联合连续重复；用于计算重复风机功率扣减量，是否并入最终异常由参数控制
2024-07-05 16:49:00,2024-07-05 16:55:00,7,风机联合连续重复,风机联合连续重复；用于计算重复风机功率扣减量，是否并入最终异常由参数控制
2024-07-05 16:49:00,2024-07-05 16:55:00,7,风机联合连续重复,风机联合连续重复；用于计算重复风机功率扣减量，是否并入最终异常由参数控制
2024-07-05 16:49:00,2024-07-05 16:55:00,7,风机联合连续重复,风机联合连续重复；用于计算重复风机功率扣减量，是否并入最终异常由参数控制
2024-07-05 16:49:00,2024-07-05 16:55:00,7,风机联合连续重复,风机联合连续重复；用于计算重复风机功率扣减量，是否并入最终异常由参数控制
2024-07-05 16:49:00,2024-07-05 16:55:00,7,风机联合连续重复,风机联合连续重复；用于计算重复风机功率扣减量，是否并入最终异常由参数控制
2024-07-05 16:49:00,2024-07-05 16:55:00,7,风机联合连续重复,风机联合连续重复；用于计算重复风机功率扣减量，是否并入最终异常由参数控制
2024-07-05 16:49:00,2024-07-05 16:55:00,7,风机联合连续重复,风机联合连续重复；用于计算重复风机功率扣减量，是否并入最终异常由参数控制
2024-07-05 16:49:00,2024-07-05 16:55:00,7,站端功率连续重复,ACTIVE_POWER_STATION 重复值大于阈值且持续长度大于阈值
2024-07-05 18:54:00,2024-07-05 18:57:00,4,风机联合连续重复,风机联合连续重复；用于计算重复风机功率扣减量，是否并入最终异常由参数控制
2024-07-05 18:54:00,2024-07-05 18:57:00,4,风机联合连续重复,风机联合连续重复；用于计算重复风机功率扣减量，是否并入最终异常由参数控制
2024-07-05 18:54:00,2024-07-05 18:57:00,4,风机联合连续重复,风机联合连续重复；用于计算重复风机功率扣减量，是否并入最终异常由参数控制
2024-07-05 18:54:00,2024-07-05 18:57:00,4,风机联合连续重复,风机联合连续重复；用于计算重复风机功率扣减量，是否并入最终异常由参数控制
2024-07-05 18:54:00,2024-07-05 18:57:00,4,风机联合连续重复,风机联合连续重复；用于计算重复风机功率扣减量，是否并入最终异常由参数控制
2024-07-05 18:54:00,2024-07-05 18:57:00,4,风机联合连续重复,风机联合连续重复；用于计算重复风机功率扣减量，是否并入最终异常由参数控制
2024-07-05 18:54:00,2024-07-05 18:57:00,4,风机联合连续重复,风机联合连续重复；用于计算重复风机功率扣减量，是否并入最终异常由参数控制
2024-07-05 18:54:00,2024-07-05 18:57:00,4,风机联合连续重复,风机联合连续重复；用于计算重复风机功率扣减量，是否并入最终异常由参数控制
2024-07-05 18:54:00,2024-07-05 18:57:00,4,风机联合连续重复,风机联合连续重复；用于计算重复风机功率扣减量，是否并入最终异常由参数控制
2024-07-05 18:54:00,2024-07-05 18:57:00,4,风机联合连续重复,风机联合连续重复；用于计算重复风机功率扣减量，是否并入最终异常由参数控制
2024-07-05 18:54:00,2024-07-05 18:57:00,4,风机联合连续重复,风机联合连续重复；用于计算重复风机功率扣减量，是否并入最终异常由参数控制
2024-07-05 18:54:00,2024-07-05 18:57:00,4,风机联合连续重复,风机联合连续重复；用于计算重复风机功率扣减量，是否并入最终异常由参数控制
2024-07-05 18:54:00,2024-07-05 18:57:00,4,风机联合连续重复,风机联合连续重复；用于计算重复风机功率扣减量，是否并入最终异常由参数控制
2024-07-05 18:54:00,2024-07-05 18:57:00,4,风机联合连续重复,风机联合连续重复；用于计算重复风机功率扣减量，是否并入最终异常由参数控制
2024-07-05 18:54:00,2024-07-05 18:57:00,4,风机联合连续重复,风机联合连续重复；用于计算重复风机功率扣减量，是否并入最终异常由参数控制
2024-07-05 18:54:00,2024-07-05 18:57:00,4,风机联合连续重复,风机联合连续重复；用于计算重复风机功率扣减量，是否并入最终异常由参数控制
2024-07-05 18:54:00,2024-07-05 18:57:00,4,风机联合连续重复,风机联合连续重复；用于计算重复风机功率扣减量，是否并入最终异常由参数控制
2024-07-05 18:54:00,2024-07-05 18:57:00,4,风机联合连续重复,风机联合连续重复；用于计算重复风机功率扣减量，是否并入最终异常由参数控制
2024-07-05 18:54:00,2024-07-05 18:57:00,4,风机联合连续重复,风机联合连续重复；用于计算重复风机功率扣减量，是否并入最终异常由参数控制
2024-07-05 18:54:00,2024-07-05 18:57:00,4,风机联合连续重复,风机联合连续重复；用于计算重复风机功率扣减量，是否并入最终异常由参数控制
2024-07-05 18:54:00,2024-07-05 18:57:00,4,风机联合连续重复,风机联合连续重复；用于计算重复风机功率扣减量，是否并入最终异常由参数控制
2024-07-05 18:54:00,2024-07-05 18:57:00,4,风机联合连续重复,风机联合连续重复；用于计算重复风机功率扣减量，是否并入最终异常由参数控制
2024-07-05 18:54:00,2024-07-05 18:57:00,4,风机联合连续重复,风机联合连续重复；用于计算重复风机功率扣减量，是否并入最终异常由参数控制
2024-07-05 18:54:00,2024-07-05 18:57:00,4,风机联合连续重复,风机联合连续重复；用于计算重复风机功率扣减量，是否并入最终异常由参数控制
2024-07-05 18:54:00,2024-07-05 18:57:00,4,风机联合连续重复,风机联合连续重复；用于计算重复风机功率扣减量，是否并入最终异常由参数控制
2024-07-05 18:54:00,2024-07-05 18:57:00,4,风机联合连续重复,风机联合连续重复；用于计算重复风机功率扣减量，是否并入最终异常由参数控制
2024-07-05 18:54:00,2024-07-05 18:57:00,4,风机联合连续重复,风机联合连续重复；用于计算重复风机功率扣减量，是否并入最终异常由参数控制
2024-07-05 18:54:00,2024-07-05 18:57:00,4,风机联合连续重复,风机联合连续重复；用于计算重复风机功率扣减量，是否并入最终异常由参数控制
2024-07-05 18:54:00,2024-07-05 18:57:00,4,风机联合连续重复,风机联合连续重复；用于计算重复风机功率扣减量，是否并入最终异常由参数控制
2024-07-05 18:54:00,2024-07-05 18:57:00,4,风机联合连续重复,风机联合连续重复；用于计算重复风机功率扣减量，是否并入最终异常由参数控制
2024-07-05 18:54:00,2024-07-05 18:57:00,4,风机联合连续重复,风机联合连续重复；用于计算重复风机功率扣减量，是否并入最终异常由参数控制
2024-07-05 18:54:00,2024-07-05 18:57:00,4,风机联合连续重复,风机联合连续重复；用于计算重复风机功率扣减量，是否并入最终异常由参数控制
2024-07-05 18:54:00,2024-07-05 18:57:00,4,风机联合连续重复,风机联合连续重复；用于计算重复风机功率扣减量，是否并入最终异常由参数控制
2024-07-05 18:54:00,2024-07-05 18:57:00,4,风机联合连续重复,风机联合连续重复；用于计算重复风机功率扣减量，是否并入最终异常由参数控制
2024-07-05 18:54:00,2024-07-05 18:57:00,4,风机联合连续重复,风机联合连续重复；用于计算重复风机功率扣减量，是否并入最终异常由参数控制
2024-07-05 18:54:00,2024-07-05 18:57:00,4,风机联合连续重复,风机联合连续重复；用于计算重复风机功率扣减量，是否并入最终异常由参数控制
2024-07-05 18:54:00,2024-07-05 18:57:00,4,风机联合连续重复,风机联合连续重复；用于计算重复风机功率扣减量，是否并入最终异常由参数控制
2024-07-05 18:54:00,2024-07-05 18:57:00,4,风机联合连续重复,风机联合连续重复；用于计算重复风机功率扣减量，是否并入最终异常由参数控制
2024-07-05 18:54:00,2024-07-05 18:57:00,4,风机联合连续重复,风机联合连续重复；用于计算重复风机功率扣减量，是否并入最终异常由参数控制
2024-07-05 18:54:00,2024-07-05 18:57:00,4,风机联合连续重复,风机联合连续重复；用于计算重复风机功率扣减量，是否并入最终异常由参数控制
2024-07-05 18:54:00,2024-07-05 18:57:00,4,风机联合连续重复,风机联合连续重复；用于计算重复风机功率扣减量，是否并入最终异常由参数控制
2024-07-05 18:54:00,2024-07-05 18:57:00,4,风机联合连续重复,风机联合连续重复；用于计算重复风机功率扣减量，是否并入最终异常由参数控制
2024-07-05 18:54:00,2024-07-05 18:57:00,4,风机联合连续重复,风机联合连续重复；用于计算重复风机功率扣减量，是否并入最终异常由参数控制
2024-07-05 18:54:00,2024-07-05 18:57:00,4,风机联合连续重复,风机联合连续重复；用于计算重复风机功率扣减量，是否并入最终异常由参数控制
2024-07-05 18:54:00,2024-07-05 18:57:00,4,风机联合连续重复,风机联合连续重复；用于计算重复风机功率扣减量，是否并入最终异常由参数控制
2024-07-05 18:54:00,2024-07-05 18:57:00,4,风机联合连续重复,风机联合连续重复；用于计算重复风机功率扣减量，是否并入最终异常由参数控制
2024-07-05 18:54:00,2024-07-05 18:57:00,4,风机联合连续重复,风机联合连续重复；用于计算重复风机功率扣减量，是否并入最终异常由参数控制
2024-07-05 18:54:00,2024-07-05 18:57:00,4,风机联合连续重复,风机联合连续重复；用于计算重复风机功率扣减量，是否并入最终异常由参数控制
2024-07-05 18:54:00,2024-07-05 18:57:00,4,风机联合连续重复,风机联合连续重复；用于计算重复风机功率扣减量，是否并入最终异常由参数控制
2024-07-05 18:54:00,2024-07-05 18:57:00,4,风机联合连续重复,风机联合连续重复；用于计算重复风机功率扣减量，是否并入最终异常由参数控制
2024-07-05 18:54:00,2024-07-05 18:57:00,4,风机联合连续重复,风机联合连续重复；用于计算重复风机功率扣减量，是否并入最终异常由参数控制
2024-07-05 18:54:00,2024-07-05 18:57:00,4,风机联合连续重复,风机联合连续重复；用于计算重复风机功率扣减量，是否并入最终异常由参数控制
2024-07-05 18:54:00,2024-07-05 18:57:00,4,风机联合连续重复,风机联合连续重复；用于计算重复风机功率扣减量，是否并入最终异常由参数控制
2024-07-05 18:54:00,2024-07-05 18:57:00,4,风机联合连续重复,风机联合连续重复；用于计算重复风机功率扣减量，是否并入最终异常由参数控制
2024-07-05 18:54:00,2024-07-05 18:57:00,4,风机联合连续重复,风机联合连续重复；用于计算重复风机功率扣减量，是否并入最终异常由参数控制
2024-07-05 18:54:00,2024-07-05 18:57:00,4,风机联合连续重复,风机联合连续重复；用于计算重复风机功率扣减量，是否并入最终异常由参数控制
2024-07-05 18:54:00,2024-07-05 18:57:00,4,风机联合连续重复,风机联合连续重复；用于计算重复风机功率扣减量，是否并入最终异常由参数控制
2024-07-05 18:54:00,2024-07-05 18:57:00,4,风机联合连续重复,风机联合连续重复；用于计算重复风机功率扣减量，是否并入最终异常由参数控制
2024-07-05 18:54:00,2024-07-05 18:57:00,4,站端功率连续重复,ACTIVE_POWER_STATION 重复值大于阈值且持续长度大于阈值
2024-07-09 21:03:00,2024-07-09 21:17:00,15,风机联合连续重复,风机联合连续重复；用于计算重复风机功率扣减量，是否并入最终异常由参数控制
2024-07-09 21:03:00,2024-07-09 21:17:00,15,风机联合连续重复,风机联合连续重复；用于计算重复风机功率扣减量，是否并入最终异常由参数控制
2024-07-09 21:03:00,2024-07-09 21:17:00,15,风机联合连续重复,风机联合连续重复；用于计算重复风机功率扣减量，是否并入最终异常由参数控制
2024-07-09 21:03:00,2024-07-09 21:17:00,15,风机联合连续重复,风机联合连续重复；用于计算重复风机功率扣减量，是否并入最终异常由参数控制
2024-07-09 21:03:00,2024-07-09 21:17:00,15,风机联合连续重复,风机联合连续重复；用于计算重复风机功率扣减量，是否并入最终异常由参数控制
2024-07-09 21:03:00,2024-07-09 21:17:00,15,风机联合连续重复,风机联合连续重复；用于计算重复风机功率扣减量，是否并入最终异常由参数控制
2024-07-09 21:03:00,2024-07-09 21:17:00,15,风机联合连续重复,风机联合连续重复；用于计算重复风机功率扣减量，是否并入最终异常由参数控制
2024-07-09 21:03:00,2024-07-09 21:17:00,15,风机联合连续重复,风机联合连续重复；用于计算重复风机功率扣减量，是否并入最终异常由参数控制
2024-07-09 21:03:00,2024-07-09 21:17:00,15,风机联合连续重复,风机联合连续重复；用于计算重复风机功率扣减量，是否并入最终异常由参数控制
2024-07-09 21:03:00,2024-07-09 21:17:00,15,风机联合连续重复,风机联合连续重复；用于计算重复风机功率扣减量，是否并入最终异常由参数控制
2024-07-09 21:03:00,2024-07-09 21:17:00,15,风机联合连续重复,风机联合连续重复；用于计算重复风机功率扣减量，是否并入最终异常由参数控制
2024-07-09 21:03:00,2024-07-09 21:17:00,15,风机联合连续重复,风机联合连续重复；用于计算重复风机功率扣减量，是否并入最终异常由参数控制
2024-07-09 21:03:00,2024-07-09 21:17:00,15,风机联合连续重复,风机联合连续重复；用于计算重复风机功率扣减量，是否并入最终异常由参数控制
2024-07-09 21:03:00,2024-07-09 21:17:00,15,风机联合连续重复,风机联合连续重复；用于计算重复风机功率扣减量，是否并入最终异常由参数控制
2024-07-09 21:03:00,2024-07-09 21:17:00,15,风机联合连续重复,风机联合连续重复；用于计算重复风机功率扣减量，是否并入最终异常由参数控制
2024-07-09 21:03:00,2024-07-09 21:17:00,15,风机联合连续重复,风机联合连续重复；用于计算重复风机功率扣减量，是否并入最终异常由参数控制
2024-07-09 21:03:00,2024-07-09 21:17:00,15,风机联合连续重复,风机联合连续重复；用于计算重复风机功率扣减量，是否并入最终异常由参数控制
2024-07-09 21:03:00,2024-07-09 21:17:00,15,风机联合连续重复,风机联合连续重复；用于计算重复风机功率扣减量，是否并入最终异常由参数控制
2024-07-09 21:03:00,2024-07-09 21:17:00,15,风机联合连续重复,风机联合连续重复；用于计算重复风机功率扣减量，是否并入最终异常由参数控制
2024-07-09 21:03:00,2024-07-09 21:17:00,15,风机联合连续重复,风机联合连续重复；用于计算重复风机功率扣减量，是否并入最终异常由参数控制
2024-07-09 21:03:00,2024-07-09 21:17:00,15,风机联合连续重复,风机联合连续重复；用于计算重复风机功率扣减量，是否并入最终异常由参数控制
2024-07-09 21:03:00,2024-07-09 21:17:00,15,风机联合连续重复,风机联合连续重复；用于计算重复风机功率扣减量，是否并入最终异常由参数控制
2024-07-09 21:03:00,2024-07-09 21:17:00,15,风机联合连续重复,风机联合连续重复；用于计算重复风机功率扣减量，是否并入最终异常由参数控制
2024-07-09 21:03:00,2024-07-09 21:17:00,15,风机联合连续重复,风机联合连续重复；用于计算重复风机功率扣减量，是否并入最终异常由参数控制
2024-07-09 21:03:00,2024-07-09 21:17:00,15,风机联合连续重复,风机联合连续重复；用于计算重复风机功率扣减量，是否并入最终异常由参数控制
2024-07-09 21:03:00,2024-07-09 21:17:00,15,风机联合连续重复,风机联合连续重复；用于计算重复风机功率扣减量，是否并入最终异常由参数控制
2024-07-09 21:03:00,2024-07-09 21:17:00,15,风机联合连续重复,风机联合连续重复；用于计算重复风机功率扣减量，是否并入最终异常由参数控制
2024-07-09 21:03:00,2024-07-09 21:17:00,15,风机联合连续重复,风机联合连续重复；用于计算重复风机功率扣减量，是否并入最终异常由参数控制
2024-07-09 21:03:00,2024-07-09 21:17:00,15,风机联合连续重复,风机联合连续重复；用于计算重复风机功率扣减量，是否并入最终异常由参数控制
2024-07-09 21:03:00,2024-07-09 21:18:00,16,风机联合连续重复,风机联合连续重复；用于计算重复风机功率扣减量，是否并入最终异常由参数控制
2024-07-09 21:03:00,2024-07-09 21:18:00,16,风机联合连续重复,风机联合连续重复；用于计算重复风机功率扣减量，是否并入最终异常由参数控制
2024-07-09 21:03:00,2024-07-09 21:18:00,16,风机联合连续重复,风机联合连续重复；用于计算重复风机功率扣减量，是否并入最终异常由参数控制
2024-07-09 21:03:00,2024-07-09 21:18:00,16,风机联合连续重复,风机联合连续重复；用于计算重复风机功率扣减量，是否并入最终异常由参数控制
2024-07-09 21:03:00,2024-07-09 21:18:00,16,风机联合连续重复,风机联合连续重复；用于计算重复风机功率扣减量，是否并入最终异常由参数控制
2024-07-09 21:03:00,2024-07-09 21:18:00,16,风机联合连续重复,风机联合连续重复；用于计算重复风机功率扣减量，是否并入最终异常由参数控制
2024-07-09 21:03:00,2024-07-09 21:18:00,16,风机联合连续重复,风机联合连续重复；用于计算重复风机功率扣减量，是否并入最终异常由参数控制
2024-07-09 21:03:00,2024-07-09 21:18:00,16,风机联合连续重复,风机联合连续重复；用于计算重复风机功率扣减量，是否并入最终异常由参数控制
2024-07-09 21:03:00,2024-07-09 21:18:00,16,风机联合连续重复,风机联合连续重复；用于计算重复风机功率扣减量，是否并入最终异常由参数控制
2024-07-09 21:03:00,2024-07-09 21:18:00,16,风机联合连续重复,风机联合连续重复；用于计算重复风机功率扣减量，是否并入最终异常由参数控制
2024-07-09 21:03:00,2024-07-09 21:18:00,16,风机联合连续重复,风机联合连续重复；用于计算重复风机功率扣减量，是否并入最终异常由参数控制
2024-07-09 21:03:00,2024-07-09 21:18:00,16,风机联合连续重复,风机联合连续重复；用于计算重复风机功率扣减量，是否并入最终异常由参数控制
2024-07-09 21:03:00,2024-07-09 21:18:00,16,风机联合连续重复,风机联合连续重复；用于计算重复风机功率扣减量，是否并入最终异常由参数控制
2024-07-09 21:03:00,2024-07-09 21:18:00,16,风机联合连续重复,风机联合连续重复；用于计算重复风机功率扣减量，是否并入最终异常由参数控制
2024-07-09 21:03:00,2024-07-09 21:18:00,16,风机联合连续重复,风机联合连续重复；用于计算重复风机功率扣减量，是否并入最终异常由参数控制
2024-07-09 21:03:00,2024-07-09 21:18:00,16,风机联合连续重复,风机联合连续重复；用于计算重复风机功率扣减量，是否并入最终异常由参数控制
2024-07-09 21:03:00,2024-07-09 21:18:00,16,风机联合连续重复,风机联合连续重复；用于计算重复风机功率扣减量，是否并入最终异常由参数控制
2024-07-09 21:03:00,2024-07-09 21:18:00,16,风机联合连续重复,风机联合连续重复；用于计算重复风机功率扣减量，是否并入最终异常由参数控制
2024-07-09 21:03:00,2024-07-09 21:18:00,16,风机联合连续重复,风机联合连续重复；用于计算重复风机功率扣减量，是否并入最终异常由参数控制
2024-07-09 21:03:00,2024-07-09 21:18:00,16,风机联合连续重复,风机联合连续重复；用于计算重复风机功率扣减量，是否并入最终异常由参数控制
2024-07-09 21:03:00,2024-07-09 21:18:00,16,风机联合连续重复,风机联合连续重复；用于计算重复风机功率扣减量，是否并入最终异常由参数控制
2024-07-09 21:03:00,2024-07-09 21:18:00,16,风机联合连续重复,风机联合连续重复；用于计算重复风机功率扣减量，是否并入最终异常由参数控制
2024-07-09 21:03:00,2024-07-09 21:18:00,16,风机联合连续重复,风机联合连续重复；用于计算重复风机功率扣减量，是否并入最终异常由参数控制
2024-07-09 21:03:00,2024-07-09 21:18:00,16,风机联合连续重复,风机联合连续重复；用于计算重复风机功率扣减量，是否并入最终异常由参数控制
2024-07-09 21:03:00,2024-07-09 21:18:00,16,风机联合连续重复,风机联合连续重复；用于计算重复风机功率扣减量，是否并入最终异常由参数控制
2024-07-09 21:03:00,2024-07-09 21:18:00,16,风机联合连续重复,风机联合连续重复；用于计算重复风机功率扣减量，是否并入最终异常由参数控制
2024-07-09 21:03:00,2024-07-09 21:18:00,16,风机联合连续重复,风机联合连续重复；用于计算重复风机功率扣减量，是否并入最终异常由参数控制
2024-07-10 16:22:00,2024-07-10 16:29:00,8,风机联合连续重复,风机联合连续重复；用于计算重复风机功率扣减量，是否并入最终异常由参数控制
2024-07-10 16:22:00,2024-07-10 16:29:00,8,风机联合连续重复,风机联合连续重复；用于计算重复风机功率扣减量，是否并入最终异常由参数控制
2024-07-10 16:22:00,2024-07-10 16:29:00,8,风机联合连续重复,风机联合连续重复；用于计算重复风机功率扣减量，是否并入最终异常由参数控制
2024-07-10 16:22:00,2024-07-10 16:29:00,8,风机联合连续重复,风机联合连续重复；用于计算重复风机功率扣减量，是否并入最终异常由参数控制
2024-07-10 16:22:00,2024-07-10 16:29:00,8,风机联合连续重复,风机联合连续重复；用于计算重复风机功率扣减量，是否并入最终异常由参数控制
2024-07-10 16:22:00,2024-07-10 16:29:00,8,风机联合连续重复,风机联合连续重复；用于计算重复风机功率扣减量，是否并入最终异常由参数控制
2024-07-10 16:22:00,2024-07-10 16:29:00,8,风机联合连续重复,风机联合连续重复；用于计算重复风机功率扣减量，是否并入最终异常由参数控制
2024-07-10 16:22:00,2024-07-10 16:29:00,8,风机联合连续重复,风机联合连续重复；用于计算重复风机功率扣减量，是否并入最终异常由参数控制
2024-07-10 16:22:00,2024-07-10 16:29:00,8,风机联合连续重复,风机联合连续重复；用于计算重复风机功率扣减量，是否并入最终异常由参数控制
2024-07-10 16:22:00,2024-07-10 16:29:00,8,风机联合连续重复,风机联合连续重复；用于计算重复风机功率扣减量，是否并入最终异常由参数控制
2024-07-10 16:22:00,2024-07-10 16:29:00,8,风机联合连续重复,风机联合连续重复；用于计算重复风机功率扣减量，是否并入最终异常由参数控制
2024-07-10 16:22:00,2024-07-10 16:29:00,8,风机联合连续重复,风机联合连续重复；用于计算重复风机功率扣减量，是否并入最终异常由参数控制
2024-07-10 16:22:00,2024-07-10 16:29:00,8,风机联合连续重复,风机联合连续重复；用于计算重复风机功率扣减量，是否并入最终异常由参数控制
2024-07-10 16:22:00,2024-07-10 16:29:00,8,风机联合连续重复,风机联合连续重复；用于计算重复风机功率扣减量，是否并入最终异常由参数控制
2024-07-10 16:22:00,2024-07-10 16:29:00,8,风机联合连续重复,风机联合连续重复；用于计算重复风机功率扣减量，是否并入最终异常由参数控制
2024-07-10 16:22:00,2024-07-10 16:29:00,8,风机联合连续重复,风机联合连续重复；用于计算重复风机功率扣减量，是否并入最终异常由参数控制
2024-07-10 16:22:00,2024-07-10 16:29:00,8,风机联合连续重复,风机联合连续重复；用于计算重复风机功率扣减量，是否并入最终异常由参数控制
2024-07-10 16:22:00,2024-07-10 16:29:00,8,风机联合连续重复,风机联合连续重复；用于计算重复风机功率扣减量，是否并入最终异常由参数控制
2024-07-10 16:22:00,2024-07-10 16:29:00,8,风机联合连续重复,风机联合连续重复；用于计算重复风机功率扣减量，是否并入最终异常由参数控制
2024-07-10 16:22:00,2024-07-10 16:29:00,8,风机联合连续重复,风机联合连续重复；用于计算重复风机功率扣减量，是否并入最终异常由参数控制
2024-07-10 16:22:00,2024-07-10 16:29:00,8,风机联合连续重复,风机联合连续重复；用于计算重复风机功率扣减量，是否并入最终异常由参数控制
2024-07-10 16:22:00,2024-07-10 16:29:00,8,风机联合连续重复,风机联合连续重复；用于计算重复风机功率扣减量，是否并入最终异常由参数控制
2024-07-10 16:22:00,2024-07-10 16:29:00,8,风机联合连续重复,风机联合连续重复；用于计算重复风机功率扣减量，是否并入最终异常由参数控制
2024-07-10 16:22:00,2024-07-10 16:29:00,8,风机联合连续重复,风机联合连续重复；用于计算重复风机功率扣减量，是否并入最终异常由参数控制
2024-07-10 16:22:00,2024-07-10 16:29:00,8,风机联合连续重复,风机联合连续重复；用于计算重复风机功率扣减量，是否并入最终异常由参数控制
2024-07-10 16:22:00,2024-07-10 16:29:00,8,风机联合连续重复,风机联合连续重复；用于计算重复风机功率扣减量，是否并入最终异常由参数控制
2024-07-10 16:22:00,2024-07-10 16:29:00,8,风机联合连续重复,风机联合连续重复；用于计算重复风机功率扣减量，是否并入最终异常由参数控制
2024-07-10 16:22:00,2024-07-10 16:29:00,8,风机联合连续重复,风机联合连续重复；用于计算重复风机功率扣减量，是否并入最终异常由参数控制
2024-07-10 16:22:00,2024-07-10 16:29:00,8,风机联合连续重复,风机联合连续重复；用于计算重复风机功率扣减量，是否并入最终异常由参数控制
2024-07-10 16:22:00,2024-07-10 16:29:00,8,风机联合连续重复,风机联合连续重复；用于计算重复风机功率扣减量，是否并入最终异常由参数控制
2024-07-10 16:22:00,2024-07-10 16:29:00,8,风机联合连续重复,风机联合连续重复；用于计算重复风机功率扣减量，是否并入最终异常由参数控制
2024-07-11 13:25:00,2024-07-11 13:28:00,4,风机联合连续重复,风机联合连续重复；用于计算重复风机功率扣减量，是否并入最终异常由参数控制
2024-07-11 13:25:00,2024-07-11 13:28:00,4,风机联合连续重复,风机联合连续重复；用于计算重复风机功率扣减量，是否并入最终异常由参数控制
2024-07-11 15:10:00,2024-07-11 15:13:00,4,风机联合连续重复,风机联合连续重复；用于计算重复风机功率扣减量，是否并入最终异常由参数控制
2024-07-11 15:10:00,2024-07-11 15:13:00,4,风机联合连续重复,风机联合连续重复；用于计算重复风机功率扣减量，是否并入最终异常由参数控制
2024-07-11 15:10:00,2024-07-11 15:13:00,4,风机联合连续重复,风机联合连续重复；用于计算重复风机功率扣减量，是否并入最终异常由参数控制
2024-07-11 15:10:00,2024-07-11 15:13:00,4,风机联合连续重复,风机联合连续重复；用于计算重复风机功率扣减量，是否并入最终异常由参数控制
2024-07-11 15:10:00,2024-07-11 15:13:00,4,风机联合连续重复,风机联合连续重复；用于计算重复风机功率扣减量，是否并入最终异常由参数控制
2024-07-11 15:10:00,2024-07-11 15:13:00,4,风机联合连续重复,风机联合连续重复；用于计算重复风机功率扣减量，是否并入最终异常由参数控制
2024-07-11 15:10:00,2024-07-11 15:13:00,4,风机联合连续重复,风机联合连续重复；用于计算重复风机功率扣减量，是否并入最终异常由参数控制
2024-07-11 15:10:00,2024-07-11 15:13:00,4,风机联合连续重复,风机联合连续重复；用于计算重复风机功率扣减量，是否并入最终异常由参数控制
2024-07-11 15:10:00,2024-07-11 15:13:00,4,风机联合连续重复,风机联合连续重复；用于计算重复风机功率扣减量，是否并入最终异常由参数控制
2024-07-11 15:10:00,2024-07-11 15:13:00,4,风机联合连续重复,风机联合连续重复；用于计算重复风机功率扣减量，是否并入最终异常由参数控制
2024-07-11 15:10:00,2024-07-11 15:13:00,4,风机联合连续重复,风机联合连续重复；用于计算重复风机功率扣减量，是否并入最终异常由参数控制
2024-07-11 15:10:00,2024-07-11 15:13:00,4,风机联合连续重复,风机联合连续重复；用于计算重复风机功率扣减量，是否并入最终异常由参数控制
2024-07-11 15:10:00,2024-07-11 15:13:00,4,风机联合连续重复,风机联合连续重复；用于计算重复风机功率扣减量，是否并入最终异常由参数控制
2024-07-11 15:10:00,2024-07-11 15:13:00,4,风机联合连续重复,风机联合连续重复；用于计算重复风机功率扣减量，是否并入最终异常由参数控制
2024-07-11 15:10:00,2024-07-11 15:13:00,4,风机联合连续重复,风机联合连续重复；用于计算重复风机功率扣减量，是否并入最终异常由参数控制
2024-07-11 15:10:00,2024-07-11 15:13:00,4,风机联合连续重复,风机联合连续重复；用于计算重复风机功率扣减量，是否并入最终异常由参数控制
2024-07-11 15:10:00,2024-07-11 15:13:00,4,风机联合连续重复,风机联合连续重复；用于计算重复风机功率扣减量，是否并入最终异常由参数控制
2024-07-11 15:10:00,2024-07-11 15:13:00,4,风机联合连续重复,风机联合连续重复；用于计算重复风机功率扣减量，是否并入最终异常由参数控制
2024-07-11 15:10:00,2024-07-11 15:13:00,4,风机联合连续重复,风机联合连续重复；用于计算重复风机功率扣减量，是否并入最终异常由参数控制
2024-07-11 15:10:00,2024-07-11 15:13:00,4,风机联合连续重复,风机联合连续重复；用于计算重复风机功率扣减量，是否并入最终异常由参数控制
2024-07-11 15:10:00,2024-07-11 15:13:00,4,风机联合连续重复,风机联合连续重复；用于计算重复风机功率扣减量，是否并入最终异常由参数控制
2024-07-11 15:10:00,2024-07-11 15:13:00,4,风机联合连续重复,风机联合连续重复；用于计算重复风机功率扣减量，是否并入最终异常由参数控制
2024-07-11 15:10:00,2024-07-11 15:13:00,4,风机联合连续重复,风机联合连续重复；用于计算重复风机功率扣减量，是否并入最终异常由参数控制
2024-07-11 15:10:00,2024-07-11 15:13:00,4,风机联合连续重复,风机联合连续重复；用于计算重复风机功率扣减量，是否并入最终异常由参数控制
2024-07-11 15:10:00,2024-07-11 15:13:00,4,风机联合连续重复,风机联合连续重复；用于计算重复风机功率扣减量，是否并入最终异常由参数控制
2024-07-11 15:10:00,2024-07-11 15:13:00,4,风机联合连续重复,风机联合连续重复；用于计算重复风机功率扣减量，是否并入最终异常由参数控制
2024-07-11 15:10:00,2024-07-11 15:13:00,4,风机联合连续重复,风机联合连续重复；用于计算重复风机功率扣减量，是否并入最终异常由参数控制
2024-07-11 15:10:00,2024-07-11 15:13:00,4,风机联合连续重复,风机联合连续重复；用于计算重复风机功率扣减量，是否并入最终异常由参数控制
2024-07-11 15:10:00,2024-07-11 15:13:00,4,风机联合连续重复,风机联合连续重复；用于计算重复风机功率扣减量，是否并入最终异常由参数控制
2024-07-11 15:10:00,2024-07-11 15:13:00,4,风机联合连续重复,风机联合连续重复；用于计算重复风机功率扣减量，是否并入最终异常由参数控制
2024-07-11 15:10:00,2024-07-11 15:13:00,4,风机联合连续重复,风机联合连续重复；用于计算重复风机功率扣减量，是否并入最终异常由参数控制
2024-07-11 15:10:00,2024-07-11 15:13:00,4,风机联合连续重复,风机联合连续重复；用于计算重复风机功率扣减量，是否并入最终异常由参数控制
2024-07-11 15:10:00,2024-07-11 15:13:00,4,风机联合连续重复,风机联合连续重复；用于计算重复风机功率扣减量，是否并入最终异常由参数控制
2024-07-11 15:10:00,2024-07-11 15:13:00,4,风机联合连续重复,风机联合连续重复；用于计算重复风机功率扣减量，是否并入最终异常由参数控制
2024-07-11 15:10:00,2024-07-11 15:13:00,4,风机联合连续重复,风机联合连续重复；用于计算重复风机功率扣减量，是否并入最终异常由参数控制
2024-07-11 15:10:00,2024-07-11 15:13:00,4,风机联合连续重复,风机联合连续重复；用于计算重复风机功率扣减量，是否并入最终异常由参数控制
2024-07-11 15:10:00,2024-07-11 15:13:00,4,风机联合连续重复,风机联合连续重复；用于计算重复风机功率扣减量，是否并入最终异常由参数控制
2024-07-11 15:10:00,2024-07-11 15:13:00,4,风机联合连续重复,风机联合连续重复；用于计算重复风机功率扣减量，是否并入最终异常由参数控制
2024-07-11 15:10:00,2024-07-11 15:13:00,4,风机联合连续重复,风机联合连续重复；用于计算重复风机功率扣减量，是否并入最终异常由参数控制
2024-07-11 15:10:00,2024-07-11 15:13:00,4,风机联合连续重复,风机联合连续重复；用于计算重复风机功率扣减量，是否并入最终异常由参数控制
2024-07-11 15:10:00,2024-07-11 15:13:00,4,风机联合连续重复,风机联合连续重复；用于计算重复风机功率扣减量，是否并入最终异常由参数控制
2024-07-11 15:10:00,2024-07-11 15:13:00,4,风机联合连续重复,风机联合连续重复；用于计算重复风机功率扣减量，是否并入最终异常由参数控制
2024-07-11 15:10:00,2024-07-11 15:13:00,4,站端功率连续重复,ACTIVE_POWER_STATION 重复值大于阈值且持续长度大于阈值
2024-07-12 11:18:00,2024-07-12 11:24:00,7,风机联合连续重复,风机联合连续重复；用于计算重复风机功率扣减量，是否并入最终异常由参数控制
2024-07-12 11:18:00,2024-07-12 11:24:00,7,风机联合连续重复,风机联合连续重复；用于计算重复风机功率扣减量，是否并入最终异常由参数控制
2024-07-12 11:18:00,2024-07-12 11:24:00,7,风机联合连续重复,风机联合连续重复；用于计算重复风机功率扣减量，是否并入最终异常由参数控制
2024-07-12 11:18:00,2024-07-12 11:24:00,7,风机联合连续重复,风机联合连续重复；用于计算重复风机功率扣减量，是否并入最终异常由参数控制
2024-07-12 11:18:00,2024-07-12 11:24:00,7,风机联合连续重复,风机联合连续重复；用于计算重复风机功率扣减量，是否并入最终异常由参数控制
2024-07-12 11:18:00,2024-07-12 11:24:00,7,风机联合连续重复,风机联合连续重复；用于计算重复风机功率扣减量，是否并入最终异常由参数控制
2024-07-12 11:18:00,2024-07-12 11:24:00,7,风机联合连续重复,风机联合连续重复；用于计算重复风机功率扣减量，是否并入最终异常由参数控制
2024-07-12 11:18:00,2024-07-12 11:24:00,7,风机联合连续重复,风机联合连续重复；用于计算重复风机功率扣减量，是否并入最终异常由参数控制
2024-07-12 11:18:00,2024-07-12 11:24:00,7,风机联合连续重复,风机联合连续重复；用于计算重复风机功率扣减量，是否并入最终异常由参数控制
2024-07-12 11:18:00,2024-07-12 11:24:00,7,风机联合连续重复,风机联合连续重复；用于计算重复风机功率扣减量，是否并入最终异常由参数控制
2024-07-12 11:18:00,2024-07-12 11:24:00,7,风机联合连续重复,风机联合连续重复；用于计算重复风机功率扣减量，是否并入最终异常由参数控制
2024-07-12 11:18:00,2024-07-12 11:24:00,7,风机联合连续重复,风机联合连续重复；用于计算重复风机功率扣减量，是否并入最终异常由参数控制
2024-07-12 11:18:00,2024-07-12 11:24:00,7,风机联合连续重复,风机联合连续重复；用于计算重复风机功率扣减量，是否并入最终异常由参数控制
2024-07-12 11:18:00,2024-07-12 11:24:00,7,风机联合连续重复,风机联合连续重复；用于计算重复风机功率扣减量，是否并入最终异常由参数控制
2024-07-12 11:18:00,2024-07-12 11:24:00,7,风机联合连续重复,风机联合连续重复；用于计算重复风机功率扣减量，是否并入最终异常由参数控制
2024-07-12 11:18:00,2024-07-12 11:24:00,7,风机联合连续重复,风机联合连续重复；用于计算重复风机功率扣减量，是否并入最终异常由参数控制
2024-07-12 11:18:00,2024-07-12 11:24:00,7,风机联合连续重复,风机联合连续重复；用于计算重复风机功率扣减量，是否并入最终异常由参数控制
2024-07-12 11:18:00,2024-07-12 11:24:00,7,风机联合连续重复,风机联合连续重复；用于计算重复风机功率扣减量，是否并入最终异常由参数控制
2024-07-12 11:18:00,2024-07-12 11:24:00,7,风机联合连续重复,风机联合连续重复；用于计算重复风机功率扣减量，是否并入最终异常由参数控制
2024-07-12 11:18:00,2024-07-12 11:24:00,7,风机联合连续重复,风机联合连续重复；用于计算重复风机功率扣减量，是否并入最终异常由参数控制
2024-07-12 11:18:00,2024-07-12 11:24:00,7,风机联合连续重复,风机联合连续重复；用于计算重复风机功率扣减量，是否并入最终异常由参数控制
2024-07-12 11:18:00,2024-07-12 11:24:00,7,风机联合连续重复,风机联合连续重复；用于计算重复风机功率扣减量，是否并入最终异常由参数控制
2024-07-12 11:18:00,2024-07-12 11:24:00,7,风机联合连续重复,风机联合连续重复；用于计算重复风机功率扣减量，是否并入最终异常由参数控制
2024-07-12 11:18:00,2024-07-12 11:24:00,7,风机联合连续重复,风机联合连续重复；用于计算重复风机功率扣减量，是否并入最终异常由参数控制
2024-07-12 11:18:00,2024-07-12 11:24:00,7,风机联合连续重复,风机联合连续重复；用于计算重复风机功率扣减量，是否并入最终异常由参数控制
2024-07-12 11:18:00,2024-07-12 11:24:00,7,风机联合连续重复,风机联合连续重复；用于计算重复风机功率扣减量，是否并入最终异常由参数控制
2024-07-12 11:18:00,2024-07-12 11:24:00,7,风机联合连续重复,风机联合连续重复；用于计算重复风机功率扣减量，是否并入最终异常由参数控制
2024-07-12 11:18:00,2024-07-12 11:24:00,7,风机联合连续重复,风机联合连续重复；用于计算重复风机功率扣减量，是否并入最终异常由参数控制
2024-07-12 11:18:00,2024-07-12 11:24:00,7,风机联合连续重复,风机联合连续重复；用于计算重复风机功率扣减量，是否并入最终异常由参数控制
2024-07-12 11:18:00,2024-07-12 11:24:00,7,风机联合连续重复,风机联合连续重复；用于计算重复风机功率扣减量，是否并入最终异常由参数控制
2024-07-12 11:18:00,2024-07-12 11:24:00,7,风机联合连续重复,风机联合连续重复；用于计算重复风机功率扣减量，是否并入最终异常由参数控制
2024-07-12 11:18:00,2024-07-12 11:24:00,7,风机联合连续重复,风机联合连续重复；用于计算重复风机功率扣减量，是否并入最终异常由参数控制
2024-07-12 11:18:00,2024-07-12 11:24:00,7,风机联合连续重复,风机联合连续重复；用于计算重复风机功率扣减量，是否并入最终异常由参数控制
2024-07-12 11:18:00,2024-07-12 11:24:00,7,风机联合连续重复,风机联合连续重复；用于计算重复风机功率扣减量，是否并入最终异常由参数控制
2024-07-12 11:18:00,2024-07-12 11:24:00,7,风机联合连续重复,风机联合连续重复；用于计算重复风机功率扣减量，是否并入最终异常由参数控制
2024-07-12 11:18:00,2024-07-12 11:24:00,7,风机联合连续重复,风机联合连续重复；用于计算重复风机功率扣减量，是否并入最终异常由参数控制
2024-07-12 11:18:00,2024-07-12 11:24:00,7,风机联合连续重复,风机联合连续重复；用于计算重复风机功率扣减量，是否并入最终异常由参数控制
2024-07-12 11:18:00,2024-07-12 11:24:00,7,风机联合连续重复,风机联合连续重复；用于计算重复风机功率扣减量，是否并入最终异常由参数控制
2024-07-12 11:18:00,2024-07-12 11:24:00,7,风机联合连续重复,风机联合连续重复；用于计算重复风机功率扣减量，是否并入最终异常由参数控制
2024-07-12 11:18:00,2024-07-12 11:24:00,7,风机联合连续重复,风机联合连续重复；用于计算重复风机功率扣减量，是否并入最终异常由参数控制
2024-07-12 11:18:00,2024-07-12 11:24:00,7,风机联合连续重复,风机联合连续重复；用于计算重复风机功率扣减量，是否并入最终异常由参数控制
2024-07-12 11:18:00,2024-07-12 11:24:00,7,风机联合连续重复,风机联合连续重复；用于计算重复风机功率扣减量，是否并入最终异常由参数控制
2024-07-12 11:18:00,2024-07-12 11:24:00,7,风机联合连续重复,风机联合连续重复；用于计算重复风机功率扣减量，是否并入最终异常由参数控制
2024-07-12 11:18:00,2024-07-12 11:24:00,7,风机联合连续重复,风机联合连续重复；用于计算重复风机功率扣减量，是否并入最终异常由参数控制
2024-07-12 11:18:00,2024-07-12 11:24:00,7,风机联合连续重复,风机联合连续重复；用于计算重复风机功率扣减量，是否并入最终异常由参数控制
2024-07-12 11:18:00,2024-07-12 11:24:00,7,风机联合连续重复,风机联合连续重复；用于计算重复风机功率扣减量，是否并入最终异常由参数控制
2024-07-12 11:18:00,2024-07-12 11:24:00,7,风机联合连续重复,风机联合连续重复；用于计算重复风机功率扣减量，是否并入最终异常由参数控制
2024-07-12 11:18:00,2024-07-12 11:24:00,7,风机联合连续重复,风机联合连续重复；用于计算重复风机功率扣减量，是否并入最终异常由参数控制
2024-07-12 11:18:00,2024-07-12 11:24:00,7,风机联合连续重复,风机联合连续重复；用于计算重复风机功率扣减量，是否并入最终异常由参数控制
2024-07-12 11:18:00,2024-07-12 11:24:00,7,风机联合连续重复,风机联合连续重复；用于计算重复风机功率扣减量，是否并入最终异常由参数控制
2024-07-12 11:18:00,2024-07-12 11:24:00,7,风机联合连续重复,风机联合连续重复；用于计算重复风机功率扣减量，是否并入最终异常由参数控制
2024-07-12 11:18:00,2024-07-12 11:24:00,7,风机联合连续重复,风机联合连续重复；用于计算重复风机功率扣减量，是否并入最终异常由参数控制
2024-07-12 11:18:00,2024-07-12 11:24:00,7,风机联合连续重复,风机联合连续重复；用于计算重复风机功率扣减量，是否并入最终异常由参数控制
2024-07-12 11:18:00,2024-07-12 11:24:00,7,风机联合连续重复,风机联合连续重复；用于计算重复风机功率扣减量，是否并入最终异常由参数控制
2024-07-12 11:18:00,2024-07-12 11:24:00,7,风机联合连续重复,风机联合连续重复；用于计算重复风机功率扣减量，是否并入最终异常由参数控制
2024-07-12 11:18:00,2024-07-12 11:24:00,7,风机联合连续重复,风机联合连续重复；用于计算重复风机功率扣减量，是否并入最终异常由参数控制
2024-07-12 11:18:00,2024-07-12 11:24:00,7,站端功率连续重复,ACTIVE_POWER_STATION 重复值大于阈值且持续长度大于阈值
2024-07-25 10:39:00,2024-07-25 11:15:00,37,风机联合连续重复,风机联合连续重复；用于计算重复风机功率扣减量，是否并入最终异常由参数控制
2024-07-25 10:39:00,2024-07-25 11:15:00,37,风机联合连续重复,风机联合连续重复；用于计算重复风机功率扣减量，是否并入最终异常由参数控制
2024-07-25 10:39:00,2024-07-25 11:15:00,37,风机联合连续重复,风机联合连续重复；用于计算重复风机功率扣减量，是否并入最终异常由参数控制
2024-07-25 10:39:00,2024-07-25 11:15:00,37,风机联合连续重复,风机联合连续重复；用于计算重复风机功率扣减量，是否并入最终异常由参数控制
2024-07-25 10:39:00,2024-07-25 11:15:00,37,风机联合连续重复,风机联合连续重复；用于计算重复风机功率扣减量，是否并入最终异常由参数控制
2024-07-25 10:39:00,2024-07-25 11:15:00,37,风机联合连续重复,风机联合连续重复；用于计算重复风机功率扣减量，是否并入最终异常由参数控制
2024-07-25 10:39:00,2024-07-25 11:15:00,37,风机联合连续重复,风机联合连续重复；用于计算重复风机功率扣减量，是否并入最终异常由参数控制
2024-07-25 10:39:00,2024-07-25 11:15:00,37,风机联合连续重复,风机联合连续重复；用于计算重复风机功率扣减量，是否并入最终异常由参数控制
2024-07-25 10:39:00,2024-07-25 11:30:00,52,风机联合连续重复,风机联合连续重复；用于计算重复风机功率扣减量，是否并入最终异常由参数控制
2024-07-25 10:39:00,2024-07-25 11:30:00,52,风机联合连续重复,风机联合连续重复；用于计算重复风机功率扣减量，是否并入最终异常由参数控制
2024-07-25 10:39:00,2024-07-25 11:30:00,52,风机联合连续重复,风机联合连续重复；用于计算重复风机功率扣减量，是否并入最终异常由参数控制
2024-07-25 10:39:00,2024-07-25 11:30:00,52,风机联合连续重复,风机联合连续重复；用于计算重复风机功率扣减量，是否并入最终异常由参数控制
2024-07-25 10:39:00,2024-07-25 11:30:00,52,风机联合连续重复,风机联合连续重复；用于计算重复风机功率扣减量，是否并入最终异常由参数控制
2024-07-25 10:39:00,2024-07-25 11:30:00,52,风机联合连续重复,风机联合连续重复；用于计算重复风机功率扣减量，是否并入最终异常由参数控制
2024-07-25 10:39:00,2024-07-25 11:30:00,52,风机联合连续重复,风机联合连续重复；用于计算重复风机功率扣减量，是否并入最终异常由参数控制
2024-07-25 10:39:00,2024-07-25 11:30:00,52,风机联合连续重复,风机联合连续重复；用于计算重复风机功率扣减量，是否并入最终异常由参数控制
2024-07-25 10:39:00,2024-07-25 11:30:00,52,风机联合连续重复,风机联合连续重复；用于计算重复风机功率扣减量，是否并入最终异常由参数控制
2024-07-25 10:39:00,2024-07-25 11:30:00,52,风机联合连续重复,风机联合连续重复；用于计算重复风机功率扣减量，是否并入最终异常由参数控制
2024-07-25 10:39:00,2024-07-25 11:30:00,52,风机联合连续重复,风机联合连续重复；用于计算重复风机功率扣减量，是否并入最终异常由参数控制
2024-07-25 10:39:00,2024-07-25 11:30:00,52,风机联合连续重复,风机联合连续重复；用于计算重复风机功率扣减量，是否并入最终异常由参数控制
2024-07-25 10:39:00,2024-07-25 11:30:00,52,风机联合连续重复,风机联合连续重复；用于计算重复风机功率扣减量，是否并入最终异常由参数控制
2024-07-25 10:39:00,2024-07-25 11:30:00,52,风机联合连续重复,风机联合连续重复；用于计算重复风机功率扣减量，是否并入最终异常由参数控制
2024-07-25 10:39:00,2024-07-25 11:30:00,52,风机联合连续重复,风机联合连续重复；用于计算重复风机功率扣减量，是否并入最终异常由参数控制
2024-07-25 10:39:00,2024-07-25 11:30:00,52,风机联合连续重复,风机联合连续重复；用于计算重复风机功率扣减量，是否并入最终异常由参数控制
2024-07-25 10:39:00,2024-07-25 11:30:00,52,风机联合连续重复,风机联合连续重复；用于计算重复风机功率扣减量，是否并入最终异常由参数控制
2024-07-25 10:39:00,2024-07-25 11:30:00,52,风机联合连续重复,风机联合连续重复；用于计算重复风机功率扣减量，是否并入最终异常由参数控制
2024-07-25 10:39:00,2024-07-25 11:30:00,52,风机联合连续重复,风机联合连续重复；用于计算重复风机功率扣减量，是否并入最终异常由参数控制
2024-07-25 10:39:00,2024-07-25 11:30:00,52,风机联合连续重复,风机联合连续重复；用于计算重复风机功率扣减量，是否并入最终异常由参数控制
2024-07-25 10:39:00,2024-07-25 11:30:00,52,风机联合连续重复,风机联合连续重复；用于计算重复风机功率扣减量，是否并入最终异常由参数控制
2024-07-25 10:39:00,2024-07-25 11:30:00,52,风机联合连续重复,风机联合连续重复；用于计算重复风机功率扣减量，是否并入最终异常由参数控制
2024-07-25 10:39:00,2024-07-25 11:30:00,52,风机联合连续重复,风机联合连续重复；用于计算重复风机功率扣减量，是否并入最终异常由参数控制
2024-07-25 10:39:00,2024-07-25 11:30:00,52,风机联合连续重复,风机联合连续重复；用于计算重复风机功率扣减量，是否并入最终异常由参数控制
2024-07-25 10:39:00,2024-07-25 11:30:00,52,风机联合连续重复,风机联合连续重复；用于计算重复风机功率扣减量，是否并入最终异常由参数控制
2024-07-25 10:39:00,2024-07-25 11:30:00,52,风机联合连续重复,风机联合连续重复；用于计算重复风机功率扣减量，是否并入最终异常由参数控制
2024-07-25 10:39:00,2024-07-25 11:30:00,52,风机联合连续重复,风机联合连续重复；用于计算重复风机功率扣减量，是否并入最终异常由参数控制
2024-07-25 10:39:00,2024-07-25 11:30:00,52,风机联合连续重复,风机联合连续重复；用于计算重复风机功率扣减量，是否并入最终异常由参数控制
2024-07-25 10:39:00,2024-07-25 11:30:00,52,风机联合连续重复,风机联合连续重复；用于计算重复风机功率扣减量，是否并入最终异常由参数控制
2024-07-25 10:39:00,2024-07-25 11:30:00,52,风机联合连续重复,风机联合连续重复；用于计算重复风机功率扣减量，是否并入最终异常由参数控制
2024-07-25 10:39:00,2024-07-25 11:30:00,52,风机联合连续重复,风机联合连续重复；用于计算重复风机功率扣减量，是否并入最终异常由参数控制
2024-07-25 10:39:00,2024-07-25 11:30:00,52,风机联合连续重复,风机联合连续重复；用于计算重复风机功率扣减量，是否并入最终异常由参数控制
2024-07-25 10:39:00,2024-07-25 11:30:00,52,风机联合连续重复,风机联合连续重复；用于计算重复风机功率扣减量，是否并入最终异常由参数控制
2024-07-25 10:39:00,2024-07-25 11:30:00,52,风机联合连续重复,风机联合连续重复；用于计算重复风机功率扣减量，是否并入最终异常由参数控制
2024-07-25 10:39:00,2024-07-25 11:30:00,52,风机联合连续重复,风机联合连续重复；用于计算重复风机功率扣减量，是否并入最终异常由参数控制
2024-07-25 10:39:00,2024-07-25 11:30:00,52,风机联合连续重复,风机联合连续重复；用于计算重复风机功率扣减量，是否并入最终异常由参数控制
2024-07-25 10:39:00,2024-07-25 11:30:00,52,风机联合连续重复,风机联合连续重复；用于计算重复风机功率扣减量，是否并入最终异常由参数控制
2024-07-25 10:39:00,2024-07-25 11:30:00,52,风机联合连续重复,风机联合连续重复；用于计算重复风机功率扣减量，是否并入最终异常由参数控制
2024-07-25 10:39:00,2024-07-25 11:30:00,52,风机联合连续重复,风机联合连续重复；用于计算重复风机功率扣减量，是否并入最终异常由参数控制
2024-07-25 10:39:00,2024-07-25 11:30:00,52,风机联合连续重复,风机联合连续重复；用于计算重复风机功率扣减量，是否并入最终异常由参数控制
2024-07-25 10:39:00,2024-07-25 11:30:00,52,风机联合连续重复,风机联合连续重复；用于计算重复风机功率扣减量，是否并入最终异常由参数控制
2024-07-25 10:39:00,2024-07-25 11:30:00,52,风机联合连续重复,风机联合连续重复；用于计算重复风机功率扣减量，是否并入最终异常由参数控制
2024-07-25 10:39:00,2024-07-25 11:30:00,52,风机联合连续重复,风机联合连续重复；用于计算重复风机功率扣减量，是否并入最终异常由参数控制
2024-07-25 10:39:00,2024-07-25 11:30:00,52,风机联合连续重复,风机联合连续重复；用于计算重复风机功率扣减量，是否并入最终异常由参数控制
2024-07-25 10:39:00,2024-07-25 11:30:00,52,风机联合连续重复,风机联合连续重复；用于计算重复风机功率扣减量，是否并入最终异常由参数控制
2024-07-25 10:39:00,2024-07-25 11:30:00,52,风机联合连续重复,风机联合连续重复；用于计算重复风机功率扣减量，是否并入最终异常由参数控制
2024-07-25 10:43:00,2024-07-25 11:14:00,32,站端功率连续重复,ACTIVE_POWER_STATION 重复值大于阈值且持续长度大于阈值
2024-07-25 11:16:00,2024-07-25 11:29:00,14,风机联合连续重复,风机联合连续重复；用于计算重复风机功率扣减量，是否并入最终异常由参数控制
2024-07-25 11:16:00,2024-07-25 11:29:00,14,风机联合连续重复,风机联合连续重复；用于计算重复风机功率扣减量，是否并入最终异常由参数控制
2024-07-25 11:16:00,2024-07-25 11:30:00,15,风机联合连续重复,风机联合连续重复；用于计算重复风机功率扣减量，是否并入最终异常由参数控制
2024-07-25 11:16:00,2024-07-25 11:30:00,15,风机联合连续重复,风机联合连续重复；用于计算重复风机功率扣减量，是否并入最终异常由参数控制
2024-07-25 11:16:00,2024-07-25 11:30:00,15,风机联合连续重复,风机联合连续重复；用于计算重复风机功率扣减量，是否并入最终异常由参数控制
2024-07-25 11:16:00,2024-07-25 11:30:00,15,风机联合连续重复,风机联合连续重复；用于计算重复风机功率扣减量，是否并入最终异常由参数控制
2024-07-25 11:16:00,2024-07-25 11:30:00,15,风机联合连续重复,风机联合连续重复；用于计算重复风机功率扣减量，是否并入最终异常由参数控制
2024-07-25 11:16:00,2024-07-25 11:30:00,15,风机联合连续重复,风机联合连续重复；用于计算重复风机功率扣减量，是否并入最终异常由参数控制
2024-07-25 11:16:00,2024-07-25 11:30:00,15,站端功率连续重复,ACTIVE_POWER_STATION 重复值大于阈值且持续长度大于阈值
2024-07-25 13:22:00,2024-07-25 13:25:00,4,风机联合连续重复,风机联合连续重复；用于计算重复风机功率扣减量，是否并入最终异常由参数控制
2024-07-25 13:22:00,2024-07-25 13:25:00,4,风机联合连续重复,风机联合连续重复；用于计算重复风机功率扣减量，是否并入最终异常由参数控制
2024-07-25 13:22:00,2024-07-25 13:25:00,4,风机联合连续重复,风机联合连续重复；用于计算重复风机功率扣减量，是否并入最终异常由参数控制
2024-07-25 13:22:00,2024-07-25 13:25:00,4,风机联合连续重复,风机联合连续重复；用于计算重复风机功率扣减量，是否并入最终异常由参数控制
2024-07-25 13:22:00,2024-07-25 13:25:00,4,风机联合连续重复,风机联合连续重复；用于计算重复风机功率扣减量，是否并入最终异常由参数控制
2024-07-25 13:22:00,2024-07-25 13:25:00,4,风机联合连续重复,风机联合连续重复；用于计算重复风机功率扣减量，是否并入最终异常由参数控制
2024-07-25 13:22:00,2024-07-25 13:25:00,4,风机联合连续重复,风机联合连续重复；用于计算重复风机功率扣减量，是否并入最终异常由参数控制
2024-07-25 13:22:00,2024-07-25 13:25:00,4,风机联合连续重复,风机联合连续重复；用于计算重复风机功率扣减量，是否并入最终异常由参数控制
2024-07-25 13:22:00,2024-07-25 13:25:00,4,风机联合连续重复,风机联合连续重复；用于计算重复风机功率扣减量，是否并入最终异常由参数控制
2024-07-25 13:22:00,2024-07-25 13:25:00,4,风机联合连续重复,风机联合连续重复；用于计算重复风机功率扣减量，是否并入最终异常由参数控制
2024-07-25 13:22:00,2024-07-25 13:25:00,4,风机联合连续重复,风机联合连续重复；用于计算重复风机功率扣减量，是否并入最终异常由参数控制
2024-07-25 13:22:00,2024-07-25 13:25:00,4,风机联合连续重复,风机联合连续重复；用于计算重复风机功率扣减量，是否并入最终异常由参数控制
2024-07-25 13:22:00,2024-07-25 13:25:00,4,风机联合连续重复,风机联合连续重复；用于计算重复风机功率扣减量，是否并入最终异常由参数控制
2024-07-25 13:22:00,2024-07-25 13:25:00,4,风机联合连续重复,风机联合连续重复；用于计算重复风机功率扣减量，是否并入最终异常由参数控制
2024-07-25 13:22:00,2024-07-25 13:25:00,4,风机联合连续重复,风机联合连续重复；用于计算重复风机功率扣减量，是否并入最终异常由参数控制
2024-07-25 13:22:00,2024-07-25 13:25:00,4,风机联合连续重复,风机联合连续重复；用于计算重复风机功率扣减量，是否并入最终异常由参数控制
2024-07-25 13:22:00,2024-07-25 13:25:00,4,风机联合连续重复,风机联合连续重复；用于计算重复风机功率扣减量，是否并入最终异常由参数控制
2024-07-25 13:22:00,2024-07-25 13:25:00,4,风机联合连续重复,风机联合连续重复；用于计算重复风机功率扣减量，是否并入最终异常由参数控制
2024-07-25 13:22:00,2024-07-25 13:25:00,4,风机联合连续重复,风机联合连续重复；用于计算重复风机功率扣减量，是否并入最终异常由参数控制
2024-07-25 13:22:00,2024-07-25 13:25:00,4,风机联合连续重复,风机联合连续重复；用于计算重复风机功率扣减量，是否并入最终异常由参数控制
2024-07-25 13:22:00,2024-07-25 13:25:00,4,风机联合连续重复,风机联合连续重复；用于计算重复风机功率扣减量，是否并入最终异常由参数控制
2024-07-25 13:22:00,2024-07-25 13:25:00,4,风机联合连续重复,风机联合连续重复；用于计算重复风机功率扣减量，是否并入最终异常由参数控制
2024-07-25 13:22:00,2024-07-25 13:25:00,4,风机联合连续重复,风机联合连续重复；用于计算重复风机功率扣减量，是否并入最终异常由参数控制
2024-07-25 13:22:00,2024-07-25 13:25:00,4,风机联合连续重复,风机联合连续重复；用于计算重复风机功率扣减量，是否并入最终异常由参数控制
2024-07-25 13:22:00,2024-07-25 13:25:00,4,风机联合连续重复,风机联合连续重复；用于计算重复风机功率扣减量，是否并入最终异常由参数控制
2024-07-25 13:22:00,2024-07-25 13:25:00,4,风机联合连续重复,风机联合连续重复；用于计算重复风机功率扣减量，是否并入最终异常由参数控制
2024-07-25 13:22:00,2024-07-25 13:25:00,4,风机联合连续重复,风机联合连续重复；用于计算重复风机功率扣减量，是否并入最终异常由参数控制
2024-07-25 13:22:00,2024-07-25 13:25:00,4,风机联合连续重复,风机联合连续重复；用于计算重复风机功率扣减量，是否并入最终异常由参数控制
2024-07-25 13:22:00,2024-07-25 13:25:00,4,风机联合连续重复,风机联合连续重复；用于计算重复风机功率扣减量，是否并入最终异常由参数控制
2024-07-25 13:22:00,2024-07-25 13:25:00,4,风机联合连续重复,风机联合连续重复；用于计算重复风机功率扣减量，是否并入最终异常由参数控制
2024-07-25 13:22:00,2024-07-25 13:25:00,4,风机联合连续重复,风机联合连续重复；用于计算重复风机功率扣减量，是否并入最终异常由参数控制
2024-07-25 13:22:00,2024-07-25 13:25:00,4,风机联合连续重复,风机联合连续重复；用于计算重复风机功率扣减量，是否并入最终异常由参数控制
2024-07-25 13:22:00,2024-07-25 13:25:00,4,风机联合连续重复,风机联合连续重复；用于计算重复风机功率扣减量，是否并入最终异常由参数控制
2024-07-25 13:22:00,2024-07-25 13:25:00,4,风机联合连续重复,风机联合连续重复；用于计算重复风机功率扣减量，是否并入最终异常由参数控制
2024-07-25 13:22:00,2024-07-25 13:25:00,4,风机联合连续重复,风机联合连续重复；用于计算重复风机功率扣减量，是否并入最终异常由参数控制
2024-07-25 13:22:00,2024-07-25 13:25:00,4,风机联合连续重复,风机联合连续重复；用于计算重复风机功率扣减量，是否并入最终异常由参数控制
2024-07-25 13:22:00,2024-07-25 13:25:00,4,风机联合连续重复,风机联合连续重复；用于计算重复风机功率扣减量，是否并入最终异常由参数控制
2024-07-25 13:22:00,2024-07-25 13:25:00,4,风机联合连续重复,风机联合连续重复；用于计算重复风机功率扣减量，是否并入最终异常由参数控制
2024-07-25 13:22:00,2024-07-25 13:25:00,4,风机联合连续重复,风机联合连续重复；用于计算重复风机功率扣减量，是否并入最终异常由参数控制
2024-07-25 13:22:00,2024-07-25 13:25:00,4,风机联合连续重复,风机联合连续重复；用于计算重复风机功率扣减量，是否并入最终异常由参数控制
2024-07-25 13:22:00,2024-07-25 13:25:00,4,风机联合连续重复,风机联合连续重复；用于计算重复风机功率扣减量，是否并入最终异常由参数控制
2024-07-25 13:22:00,2024-07-25 13:25:00,4,风机联合连续重复,风机联合连续重复；用于计算重复风机功率扣减量，是否并入最终异常由参数控制
2024-07-25 13:22:00,2024-07-25 13:25:00,4,风机联合连续重复,风机联合连续重复；用于计算重复风机功率扣减量，是否并入最终异常由参数控制
2024-07-25 13:22:00,2024-07-25 13:25:00,4,风机联合连续重复,风机联合连续重复；用于计算重复风机功率扣减量，是否并入最终异常由参数控制
2024-07-25 13:22:00,2024-07-25 13:25:00,4,风机联合连续重复,风机联合连续重复；用于计算重复风机功率扣减量，是否并入最终异常由参数控制
2024-07-25 13:22:00,2024-07-25 13:25:00,4,风机联合连续重复,风机联合连续重复；用于计算重复风机功率扣减量，是否并入最终异常由参数控制
2024-07-25 13:22:00,2024-07-25 13:25:00,4,风机联合连续重复,风机联合连续重复；用于计算重复风机功率扣减量，是否并入最终异常由参数控制
2024-07-25 13:22:00,2024-07-25 13:25:00,4,风机联合连续重复,风机联合连续重复；用于计算重复风机功率扣减量，是否并入最终异常由参数控制
2024-07-25 13:22:00,2024-07-25 13:25:00,4,风机联合连续重复,风机联合连续重复；用于计算重复风机功率扣减量，是否并入最终异常由参数控制
2024-07-25 13:22:00,2024-07-25 13:25:00,4,风机联合连续重复,风机联合连续重复；用于计算重复风机功率扣减量，是否并入最终异常由参数控制
2024-07-25 13:22:00,2024-07-25 13:25:00,4,风机联合连续重复,风机联合连续重复；用于计算重复风机功率扣减量，是否并入最终异常由参数控制
2024-07-25 13:22:00,2024-07-25 13:25:00,4,风机联合连续重复,风机联合连续重复；用于计算重复风机功率扣减量，是否并入最终异常由参数控制
2024-07-25 13:22:00,2024-07-25 13:25:00,4,风机联合连续重复,风机联合连续重复；用于计算重复风机功率扣减量，是否并入最终异常由参数控制
2024-07-25 13:22:00,2024-07-25 13:25:00,4,风机联合连续重复,风机联合连续重复；用于计算重复风机功率扣减量，是否并入最终异常由参数控制
2024-07-25 13:22:00,2024-07-25 13:25:00,4,站端功率连续重复,ACTIVE_POWER_STATION 重复值大于阈值且持续长度大于阈值
2024-07-25 13:26:00,2024-07-25 14:01:00,36,风机联合连续重复,风机联合连续重复；用于计算重复风机功率扣减量，是否并入最终异常由参数控制
2024-07-25 13:26:00,2024-07-25 14:01:00,36,风机联合连续重复,风机联合连续重复；用于计算重复风机功率扣减量，是否并入最终异常由参数控制
2024-07-25 13:26:00,2024-07-25 14:01:00,36,风机联合连续重复,风机联合连续重复；用于计算重复风机功率扣减量，是否并入最终异常由参数控制
2024-07-25 13:26:00,2024-07-25 14:01:00,36,风机联合连续重复,风机联合连续重复；用于计算重复风机功率扣减量，是否并入最终异常由参数控制
2024-07-25 13:26:00,2024-07-25 14:01:00,36,风机联合连续重复,风机联合连续重复；用于计算重复风机功率扣减量，是否并入最终异常由参数控制
2024-07-25 13:26:00,2024-07-25 14:01:00,36,风机联合连续重复,风机联合连续重复；用于计算重复风机功率扣减量，是否并入最终异常由参数控制
2024-07-25 13:26:00,2024-07-25 14:01:00,36,风机联合连续重复,风机联合连续重复；用于计算重复风机功率扣减量，是否并入最终异常由参数控制
2024-07-25 13:26:00,2024-07-25 14:01:00,36,风机联合连续重复,风机联合连续重复；用于计算重复风机功率扣减量，是否并入最终异常由参数控制
2024-07-25 13:26:00,2024-07-25 14:01:00,36,风机联合连续重复,风机联合连续重复；用于计算重复风机功率扣减量，是否并入最终异常由参数控制
2024-07-25 13:26:00,2024-07-25 14:01:00,36,风机联合连续重复,风机联合连续重复；用于计算重复风机功率扣减量，是否并入最终异常由参数控制
2024-07-25 13:26:00,2024-07-25 14:01:00,36,风机联合连续重复,风机联合连续重复；用于计算重复风机功率扣减量，是否并入最终异常由参数控制
2024-07-25 13:26:00,2024-07-25 14:01:00,36,风机联合连续重复,风机联合连续重复；用于计算重复风机功率扣减量，是否并入最终异常由参数控制
2024-07-25 13:26:00,2024-07-25 14:01:00,36,风机联合连续重复,风机联合连续重复；用于计算重复风机功率扣减量，是否并入最终异常由参数控制
2024-07-25 13:26:00,2024-07-25 14:01:00,36,风机联合连续重复,风机联合连续重复；用于计算重复风机功率扣减量，是否并入最终异常由参数控制
2024-07-25 13:26:00,2024-07-25 14:01:00,36,风机联合连续重复,风机联合连续重复；用于计算重复风机功率扣减量，是否并入最终异常由参数控制
2024-07-25 13:26:00,2024-07-25 14:01:00,36,风机联合连续重复,风机联合连续重复；用于计算重复风机功率扣减量，是否并入最终异常由参数控制
2024-07-25 13:26:00,2024-07-25 14:01:00,36,风机联合连续重复,风机联合连续重复；用于计算重复风机功率扣减量，是否并入最终异常由参数控制
2024-07-25 13:26:00,2024-07-25 14:01:00,36,风机联合连续重复,风机联合连续重复；用于计算重复风机功率扣减量，是否并入最终异常由参数控制
2024-07-25 13:26:00,2024-07-25 14:01:00,36,风机联合连续重复,风机联合连续重复；用于计算重复风机功率扣减量，是否并入最终异常由参数控制
2024-07-25 13:26:00,2024-07-25 14:01:00,36,风机联合连续重复,风机联合连续重复；用于计算重复风机功率扣减量，是否并入最终异常由参数控制
2024-07-25 13:26:00,2024-07-25 14:01:00,36,风机联合连续重复,风机联合连续重复；用于计算重复风机功率扣减量，是否并入最终异常由参数控制
2024-07-25 13:26:00,2024-07-25 14:01:00,36,风机联合连续重复,风机联合连续重复；用于计算重复风机功率扣减量，是否并入最终异常由参数控制
2024-07-25 13:26:00,2024-07-25 14:02:00,37,风机联合连续重复,风机联合连续重复；用于计算重复风机功率扣减量，是否并入最终异常由参数控制
2024-07-25 13:26:00,2024-07-25 14:02:00,37,风机联合连续重复,风机联合连续重复；用于计算重复风机功率扣减量，是否并入最终异常由参数控制
2024-07-25 13:26:00,2024-07-25 14:02:00,37,风机联合连续重复,风机联合连续重复；用于计算重复风机功率扣减量，是否并入最终异常由参数控制
2024-07-25 13:26:00,2024-07-25 14:02:00,37,风机联合连续重复,风机联合连续重复；用于计算重复风机功率扣减量，是否并入最终异常由参数控制
2024-07-25 13:26:00,2024-07-25 14:02:00,37,风机联合连续重复,风机联合连续重复；用于计算重复风机功率扣减量，是否并入最终异常由参数控制
2024-07-25 13:26:00,2024-07-25 14:02:00,37,风机联合连续重复,风机联合连续重复；用于计算重复风机功率扣减量，是否并入最终异常由参数控制
2024-07-25 13:26:00,2024-07-25 14:02:00,37,风机联合连续重复,风机联合连续重复；用于计算重复风机功率扣减量，是否并入最终异常由参数控制
2024-07-25 13:26:00,2024-07-25 14:02:00,37,风机联合连续重复,风机联合连续重复；用于计算重复风机功率扣减量，是否并入最终异常由参数控制
2024-07-25 13:26:00,2024-07-25 14:02:00,37,风机联合连续重复,风机联合连续重复；用于计算重复风机功率扣减量，是否并入最终异常由参数控制
2024-07-25 13:26:00,2024-07-25 14:02:00,37,风机联合连续重复,风机联合连续重复；用于计算重复风机功率扣减量，是否并入最终异常由参数控制
2024-07-25 13:26:00,2024-07-25 14:02:00,37,风机联合连续重复,风机联合连续重复；用于计算重复风机功率扣减量，是否并入最终异常由参数控制
2024-07-25 13:26:00,2024-07-25 14:02:00,37,风机联合连续重复,风机联合连续重复；用于计算重复风机功率扣减量，是否并入最终异常由参数控制
2024-07-25 13:26:00,2024-07-25 14:02:00,37,风机联合连续重复,风机联合连续重复；用于计算重复风机功率扣减量，是否并入最终异常由参数控制
2024-07-25 13:26:00,2024-07-25 14:02:00,37,风机联合连续重复,风机联合连续重复；用于计算重复风机功率扣减量，是否并入最终异常由参数控制
2024-07-25 13:26:00,2024-07-25 14:02:00,37,风机联合连续重复,风机联合连续重复；用于计算重复风机功率扣减量，是否并入最终异常由参数控制
2024-07-25 13:26:00,2024-07-25 14:02:00,37,风机联合连续重复,风机联合连续重复；用于计算重复风机功率扣减量，是否并入最终异常由参数控制
2024-07-25 13:26:00,2024-07-25 14:02:00,37,风机联合连续重复,风机联合连续重复；用于计算重复风机功率扣减量，是否并入最终异常由参数控制
2024-07-25 13:26:00,2024-07-25 14:02:00,37,风机联合连续重复,风机联合连续重复；用于计算重复风机功率扣减量，是否并入最终异常由参数控制
2024-07-25 13:26:00,2024-07-25 14:02:00,37,风机联合连续重复,风机联合连续重复；用于计算重复风机功率扣减量，是否并入最终异常由参数控制
2024-07-25 13:26:00,2024-07-25 14:02:00,37,风机联合连续重复,风机联合连续重复；用于计算重复风机功率扣减量，是否并入最终异常由参数控制
2024-07-25 13:26:00,2024-07-25 14:02:00,37,风机联合连续重复,风机联合连续重复；用于计算重复风机功率扣减量，是否并入最终异常由参数控制
2024-07-25 13:26:00,2024-07-25 14:02:00,37,风机联合连续重复,风机联合连续重复；用于计算重复风机功率扣减量，是否并入最终异常由参数控制
2024-07-25 13:26:00,2024-07-25 14:02:00,37,风机联合连续重复,风机联合连续重复；用于计算重复风机功率扣减量，是否并入最终异常由参数控制
2024-07-25 13:26:00,2024-07-25 14:02:00,37,风机联合连续重复,风机联合连续重复；用于计算重复风机功率扣减量，是否并入最终异常由参数控制
2024-07-25 13:26:00,2024-07-25 14:02:00,37,风机联合连续重复,风机联合连续重复；用于计算重复风机功率扣减量，是否并入最终异常由参数控制
2024-07-25 13:26:00,2024-07-25 14:02:00,37,风机联合连续重复,风机联合连续重复；用于计算重复风机功率扣减量，是否并入最终异常由参数控制
2024-07-25 13:26:00,2024-07-25 14:02:00,37,风机联合连续重复,风机联合连续重复；用于计算重复风机功率扣减量，是否并入最终异常由参数控制
2024-07-25 13:26:00,2024-07-25 14:02:00,37,风机联合连续重复,风机联合连续重复；用于计算重复风机功率扣减量，是否并入最终异常由参数控制
2024-07-25 13:26:00,2024-07-25 14:02:00,37,风机联合连续重复,风机联合连续重复；用于计算重复风机功率扣减量，是否并入最终异常由参数控制
2024-07-25 13:26:00,2024-07-25 14:02:00,37,风机联合连续重复,风机联合连续重复；用于计算重复风机功率扣减量，是否并入最终异常由参数控制
2024-07-25 13:26:00,2024-07-25 14:02:00,37,风机联合连续重复,风机联合连续重复；用于计算重复风机功率扣减量，是否并入最终异常由参数控制
2024-07-25 13:26:00,2024-07-25 14:02:00,37,风机联合连续重复,风机联合连续重复；用于计算重复风机功率扣减量，是否并入最终异常由参数控制
2024-07-25 13:26:00,2024-07-25 14:04:00,39,站端功率连续重复,ACTIVE_POWER_STATION 重复值大于阈值且持续长度大于阈值
2024-07-25 15:08:00,2024-07-25 15:38:00,31,风机联合连续重复,风机联合连续重复；用于计算重复风机功率扣减量，是否并入最终异常由参数控制
2024-07-25 15:08:00,2024-07-25 15:38:00,31,风机联合连续重复,风机联合连续重复；用于计算重复风机功率扣减量，是否并入最终异常由参数控制
2024-07-25 15:08:00,2024-07-25 15:38:00,31,风机联合连续重复,风机联合连续重复；用于计算重复风机功率扣减量，是否并入最终异常由参数控制
2024-07-25 15:08:00,2024-07-25 15:38:00,31,站端功率连续重复,ACTIVE_POWER_STATION 重复值大于阈值且持续长度大于阈值
2024-07-25 15:08:00,2024-07-25 15:40:00,33,风机联合连续重复,风机联合连续重复；用于计算重复风机功率扣减量，是否并入最终异常由参数控制
2024-07-25 15:08:00,2024-07-25 15:40:00,33,风机联合连续重复,风机联合连续重复；用于计算重复风机功率扣减量，是否并入最终异常由参数控制
2024-07-25 15:08:00,2024-07-25 15:40:00,33,风机联合连续重复,风机联合连续重复；用于计算重复风机功率扣减量，是否并入最终异常由参数控制
2024-07-25 15:08:00,2024-07-25 15:40:00,33,风机联合连续重复,风机联合连续重复；用于计算重复风机功率扣减量，是否并入最终异常由参数控制
2024-07-25 15:08:00,2024-07-25 15:40:00,33,风机联合连续重复,风机联合连续重复；用于计算重复风机功率扣减量，是否并入最终异常由参数控制
2024-07-25 15:08:00,2024-07-25 15:40:00,33,风机联合连续重复,风机联合连续重复；用于计算重复风机功率扣减量，是否并入最终异常由参数控制
2024-07-25 15:08:00,2024-07-25 15:40:00,33,风机联合连续重复,风机联合连续重复；用于计算重复风机功率扣减量，是否并入最终异常由参数控制
2024-07-25 15:08:00,2024-07-25 15:40:00,33,风机联合连续重复,风机联合连续重复；用于计算重复风机功率扣减量，是否并入最终异常由参数控制
2024-07-25 15:08:00,2024-07-25 15:40:00,33,风机联合连续重复,风机联合连续重复；用于计算重复风机功率扣减量，是否并入最终异常由参数控制
2024-07-25 15:08:00,2024-07-25 15:40:00,33,风机联合连续重复,风机联合连续重复；用于计算重复风机功率扣减量，是否并入最终异常由参数控制
2024-07-25 15:08:00,2024-07-25 15:40:00,33,风机联合连续重复,风机联合连续重复；用于计算重复风机功率扣减量，是否并入最终异常由参数控制
2024-07-25 15:08:00,2024-07-25 15:40:00,33,风机联合连续重复,风机联合连续重复；用于计算重复风机功率扣减量，是否并入最终异常由参数控制
2024-07-25 15:08:00,2024-07-25 15:40:00,33,风机联合连续重复,风机联合连续重复；用于计算重复风机功率扣减量，是否并入最终异常由参数控制
2024-07-25 15:08:00,2024-07-25 15:40:00,33,风机联合连续重复,风机联合连续重复；用于计算重复风机功率扣减量，是否并入最终异常由参数控制
2024-07-25 15:08:00,2024-07-25 15:40:00,33,风机联合连续重复,风机联合连续重复；用于计算重复风机功率扣减量，是否并入最终异常由参数控制
2024-07-25 15:08:00,2024-07-25 15:40:00,33,风机联合连续重复,风机联合连续重复；用于计算重复风机功率扣减量，是否并入最终异常由参数控制
2024-07-25 15:08:00,2024-07-25 15:40:00,33,风机联合连续重复,风机联合连续重复；用于计算重复风机功率扣减量，是否并入最终异常由参数控制
2024-07-25 15:08:00,2024-07-25 15:40:00,33,风机联合连续重复,风机联合连续重复；用于计算重复风机功率扣减量，是否并入最终异常由参数控制
2024-07-25 15:08:00,2024-07-25 15:40:00,33,风机联合连续重复,风机联合连续重复；用于计算重复风机功率扣减量，是否并入最终异常由参数控制
2024-07-25 15:08:00,2024-07-25 15:40:00,33,风机联合连续重复,风机联合连续重复；用于计算重复风机功率扣减量，是否并入最终异常由参数控制
2024-07-25 15:08:00,2024-07-25 15:40:00,33,风机联合连续重复,风机联合连续重复；用于计算重复风机功率扣减量，是否并入最终异常由参数控制
2024-07-25 15:08:00,2024-07-25 15:40:00,33,风机联合连续重复,风机联合连续重复；用于计算重复风机功率扣减量，是否并入最终异常由参数控制
2024-07-25 15:08:00,2024-07-25 15:40:00,33,风机联合连续重复,风机联合连续重复；用于计算重复风机功率扣减量，是否并入最终异常由参数控制
2024-07-25 15:08:00,2024-07-25 15:40:00,33,风机联合连续重复,风机联合连续重复；用于计算重复风机功率扣减量，是否并入最终异常由参数控制
2024-07-25 15:08:00,2024-07-25 15:40:00,33,风机联合连续重复,风机联合连续重复；用于计算重复风机功率扣减量，是否并入最终异常由参数控制
2024-07-25 15:08:00,2024-07-25 15:40:00,33,风机联合连续重复,风机联合连续重复；用于计算重复风机功率扣减量，是否并入最终异常由参数控制
2024-07-25 15:08:00,2024-07-25 15:40:00,33,风机联合连续重复,风机联合连续重复；用于计算重复风机功率扣减量，是否并入最终异常由参数控制
2024-07-25 15:08:00,2024-07-25 15:40:00,33,风机联合连续重复,风机联合连续重复；用于计算重复风机功率扣减量，是否并入最终异常由参数控制
2024-07-25 15:08:00,2024-07-25 15:40:00,33,风机联合连续重复,风机联合连续重复；用于计算重复风机功率扣减量，是否并入最终异常由参数控制
2024-07-25 15:08:00,2024-07-25 15:40:00,33,风机联合连续重复,风机联合连续重复；用于计算重复风机功率扣减量，是否并入最终异常由参数控制
2024-07-25 15:08:00,2024-07-25 15:40:00,33,风机联合连续重复,风机联合连续重复；用于计算重复风机功率扣减量，是否并入最终异常由参数控制
2024-07-25 15:08:00,2024-07-25 15:40:00,33,风机联合连续重复,风机联合连续重复；用于计算重复风机功率扣减量，是否并入最终异常由参数控制
2024-07-25 15:08:00,2024-07-25 15:40:00,33,风机联合连续重复,风机联合连续重复；用于计算重复风机功率扣减量，是否并入最终异常由参数控制
2024-07-25 15:08:00,2024-07-25 15:40:00,33,风机联合连续重复,风机联合连续重复；用于计算重复风机功率扣减量，是否并入最终异常由参数控制
2024-07-25 15:08:00,2024-07-25 15:40:00,33,风机联合连续重复,风机联合连续重复；用于计算重复风机功率扣减量，是否并入最终异常由参数控制
2024-07-25 15:08:00,2024-07-25 15:40:00,33,风机联合连续重复,风机联合连续重复；用于计算重复风机功率扣减量，是否并入最终异常由参数控制
2024-07-25 15:08:00,2024-07-25 15:40:00,33,风机联合连续重复,风机联合连续重复；用于计算重复风机功率扣减量，是否并入最终异常由参数控制
2024-07-25 15:08:00,2024-07-25 15:40:00,33,风机联合连续重复,风机联合连续重复；用于计算重复风机功率扣减量，是否并入最终异常由参数控制
2024-07-25 15:08:00,2024-07-25 15:40:00,33,风机联合连续重复,风机联合连续重复；用于计算重复风机功率扣减量，是否并入最终异常由参数控制
2024-07-25 15:08:00,2024-07-25 15:40:00,33,风机联合连续重复,风机联合连续重复；用于计算重复风机功率扣减量，是否并入最终异常由参数控制
2024-07-25 15:08:00,2024-07-25 15:40:00,33,风机联合连续重复,风机联合连续重复；用于计算重复风机功率扣减量，是否并入最终异常由参数控制
2024-07-25 15:08:00,2024-07-25 15:40:00,33,风机联合连续重复,风机联合连续重复；用于计算重复风机功率扣减量，是否并入最终异常由参数控制
2024-07-25 15:08:00,2024-07-25 15:40:00,33,风机联合连续重复,风机联合连续重复；用于计算重复风机功率扣减量，是否并入最终异常由参数控制
2024-07-25 15:08:00,2024-07-25 15:40:00,33,风机联合连续重复,风机联合连续重复；用于计算重复风机功率扣减量，是否并入最终异常由参数控制
2024-07-25 15:08:00,2024-07-25 15:40:00,33,风机联合连续重复,风机联合连续重复；用于计算重复风机功率扣减量，是否并入最终异常由参数控制
2024-07-25 15:08:00,2024-07-25 15:40:00,33,风机联合连续重复,风机联合连续重复；用于计算重复风机功率扣减量，是否并入最终异常由参数控制
2024-07-25 15:08:00,2024-07-25 15:40:00,33,风机联合连续重复,风机联合连续重复；用于计算重复风机功率扣减量，是否并入最终异常由参数控制
2024-07-25 15:08:00,2024-07-25 15:40:00,33,风机联合连续重复,风机联合连续重复；用于计算重复风机功率扣减量，是否并入最终异常由参数控制
2024-07-25 15:08:00,2024-07-25 15:40:00,33,风机联合连续重复,风机联合连续重复；用于计算重复风机功率扣减量，是否并入最终异常由参数控制
2024-07-25 15:08:00,2024-07-25 15:40:00,33,风机联合连续重复,风机联合连续重复；用于计算重复风机功率扣减量，是否并入最终异常由参数控制
2024-07-25 15:08:00,2024-07-25 15:40:00,33,风机联合连续重复,风机联合连续重复；用于计算重复风机功率扣减量，是否并入最终异常由参数控制
2024-07-25 15:40:00,2024-07-25 15:54:00,15,站端功率连续重复,ACTIVE_POWER_STATION 重复值大于阈值且持续长度大于阈值
2024-07-25 17:35:00,2024-07-25 17:47:00,13,站端功率连续重复,ACTIVE_POWER_STATION 重复值大于阈值且持续长度大于阈值
2024-07-25 17:43:00,2024-07-25 17:47:00,5,风机联合连续重复,风机联合连续重复；用于计算重复风机功率扣减量，是否并入最终异常由参数控制
2024-07-25 17:43:00,2024-07-25 17:47:00,5,风机联合连续重复,风机联合连续重复；用于计算重复风机功率扣减量，是否并入最终异常由参数控制
2024-07-25 17:43:00,2024-07-25 17:47:00,5,风机联合连续重复,风机联合连续重复；用于计算重复风机功率扣减量，是否并入最终异常由参数控制
2024-07-25 17:43:00,2024-07-25 17:47:00,5,风机联合连续重复,风机联合连续重复；用于计算重复风机功率扣减量，是否并入最终异常由参数控制
2024-07-25 17:43:00,2024-07-25 17:47:00,5,风机联合连续重复,风机联合连续重复；用于计算重复风机功率扣减量，是否并入最终异常由参数控制
2024-07-25 17:43:00,2024-07-25 17:47:00,5,风机联合连续重复,风机联合连续重复；用于计算重复风机功率扣减量，是否并入最终异常由参数控制
2024-07-25 17:43:00,2024-07-25 17:47:00,5,风机联合连续重复,风机联合连续重复；用于计算重复风机功率扣减量，是否并入最终异常由参数控制
2024-07-25 17:43:00,2024-07-25 17:47:00,5,风机联合连续重复,风机联合连续重复；用于计算重复风机功率扣减量，是否并入最终异常由参数控制
2024-07-25 17:43:00,2024-07-25 17:47:00,5,风机联合连续重复,风机联合连续重复；用于计算重复风机功率扣减量，是否并入最终异常由参数控制
2024-07-25 17:43:00,2024-07-25 17:47:00,5,风机联合连续重复,风机联合连续重复；用于计算重复风机功率扣减量，是否并入最终异常由参数控制
2024-07-25 17:43:00,2024-07-25 17:47:00,5,风机联合连续重复,风机联合连续重复；用于计算重复风机功率扣减量，是否并入最终异常由参数控制
2024-07-25 17:43:00,2024-07-25 17:47:00,5,风机联合连续重复,风机联合连续重复；用于计算重复风机功率扣减量，是否并入最终异常由参数控制
2024-07-25 17:43:00,2024-07-25 17:47:00,5,风机联合连续重复,风机联合连续重复；用于计算重复风机功率扣减量，是否并入最终异常由参数控制
2024-07-25 17:43:00,2024-07-25 17:47:00,5,风机联合连续重复,风机联合连续重复；用于计算重复风机功率扣减量，是否并入最终异常由参数控制
2024-07-25 17:43:00,2024-07-25 17:47:00,5,风机联合连续重复,风机联合连续重复；用于计算重复风机功率扣减量，是否并入最终异常由参数控制
2024-07-25 17:43:00,2024-07-25 17:47:00,5,风机联合连续重复,风机联合连续重复；用于计算重复风机功率扣减量，是否并入最终异常由参数控制
2024-07-25 17:43:00,2024-07-25 17:47:00,5,风机联合连续重复,风机联合连续重复；用于计算重复风机功率扣减量，是否并入最终异常由参数控制
2024-07-25 17:43:00,2024-07-25 17:47:00,5,风机联合连续重复,风机联合连续重复；用于计算重复风机功率扣减量，是否并入最终异常由参数控制
2024-07-25 17:43:00,2024-07-25 17:47:00,5,风机联合连续重复,风机联合连续重复；用于计算重复风机功率扣减量，是否并入最终异常由参数控制
2024-07-25 17:43:00,2024-07-25 17:47:00,5,风机联合连续重复,风机联合连续重复；用于计算重复风机功率扣减量，是否并入最终异常由参数控制
2024-07-25 17:43:00,2024-07-25 17:47:00,5,风机联合连续重复,风机联合连续重复；用于计算重复风机功率扣减量，是否并入最终异常由参数控制
2024-07-25 17:43:00,2024-07-25 17:47:00,5,风机联合连续重复,风机联合连续重复；用于计算重复风机功率扣减量，是否并入最终异常由参数控制
2024-07-25 17:43:00,2024-07-25 17:47:00,5,风机联合连续重复,风机联合连续重复；用于计算重复风机功率扣减量，是否并入最终异常由参数控制
2024-07-25 17:43:00,2024-07-25 17:47:00,5,风机联合连续重复,风机联合连续重复；用于计算重复风机功率扣减量，是否并入最终异常由参数控制
2024-07-25 17:43:00,2024-07-25 17:47:00,5,风机联合连续重复,风机联合连续重复；用于计算重复风机功率扣减量，是否并入最终异常由参数控制
2024-07-25 17:43:00,2024-07-25 17:47:00,5,风机联合连续重复,风机联合连续重复；用于计算重复风机功率扣减量，是否并入最终异常由参数控制
2024-07-25 17:43:00,2024-07-25 17:47:00,5,风机联合连续重复,风机联合连续重复；用于计算重复风机功率扣减量，是否并入最终异常由参数控制
2024-07-25 17:43:00,2024-07-25 17:47:00,5,风机联合连续重复,风机联合连续重复；用于计算重复风机功率扣减量，是否并入最终异常由参数控制
2024-07-25 17:43:00,2024-07-25 17:47:00,5,风机联合连续重复,风机联合连续重复；用于计算重复风机功率扣减量，是否并入最终异常由参数控制
2024-07-25 17:43:00,2024-07-25 17:47:00,5,风机联合连续重复,风机联合连续重复；用于计算重复风机功率扣减量，是否并入最终异常由参数控制
2024-07-25 17:43:00,2024-07-25 17:47:00,5,风机联合连续重复,风机联合连续重复；用于计算重复风机功率扣减量，是否并入最终异常由参数控制
2024-07-25 17:43:00,2024-07-25 17:47:00,5,风机联合连续重复,风机联合连续重复；用于计算重复风机功率扣减量，是否并入最终异常由参数控制
2024-07-25 17:43:00,2024-07-25 17:47:00,5,风机联合连续重复,风机联合连续重复；用于计算重复风机功率扣减量，是否并入最终异常由参数控制
2024-07-25 17:43:00,2024-07-25 17:47:00,5,风机联合连续重复,风机联合连续重复；用于计算重复风机功率扣减量，是否并入最终异常由参数控制
2024-07-25 17:43:00,2024-07-25 17:47:00,5,风机联合连续重复,风机联合连续重复；用于计算重复风机功率扣减量，是否并入最终异常由参数控制
2024-07-25 17:43:00,2024-07-25 17:47:00,5,风机联合连续重复,风机联合连续重复；用于计算重复风机功率扣减量，是否并入最终异常由参数控制
2024-07-25 17:43:00,2024-07-25 17:47:00,5,风机联合连续重复,风机联合连续重复；用于计算重复风机功率扣减量，是否并入最终异常由参数控制
2024-07-25 17:43:00,2024-07-25 17:47:00,5,风机联合连续重复,风机联合连续重复；用于计算重复风机功率扣减量，是否并入最终异常由参数控制
2024-07-25 17:43:00,2024-07-25 17:47:00,5,风机联合连续重复,风机联合连续重复；用于计算重复风机功率扣减量，是否并入最终异常由参数控制
2024-07-25 17:43:00,2024-07-25 17:47:00,5,风机联合连续重复,风机联合连续重复；用于计算重复风机功率扣减量，是否并入最终异常由参数控制
2024-07-25 17:43:00,2024-07-25 17:47:00,5,风机联合连续重复,风机联合连续重复；用于计算重复风机功率扣减量，是否并入最终异常由参数控制
2024-07-25 17:43:00,2024-07-25 17:47:00,5,风机联合连续重复,风机联合连续重复；用于计算重复风机功率扣减量，是否并入最终异常由参数控制
2024-07-25 17:43:00,2024-07-25 17:47:00,5,风机联合连续重复,风机联合连续重复；用于计算重复风机功率扣减量，是否并入最终异常由参数控制
2024-07-25 17:43:00,2024-07-25 17:47:00,5,风机联合连续重复,风机联合连续重复；用于计算重复风机功率扣减量，是否并入最终异常由参数控制
2024-07-25 17:43:00,2024-07-25 17:47:00,5,风机联合连续重复,风机联合连续重复；用于计算重复风机功率扣减量，是否并入最终异常由参数控制
2024-07-25 17:43:00,2024-07-25 17:47:00,5,风机联合连续重复,风机联合连续重复；用于计算重复风机功率扣减量，是否并入最终异常由参数控制
2024-07-25 17:43:00,2024-07-25 17:47:00,5,风机联合连续重复,风机联合连续重复；用于计算重复风机功率扣减量，是否并入最终异常由参数控制
2024-07-25 17:43:00,2024-07-25 17:47:00,5,风机联合连续重复,风机联合连续重复；用于计算重复风机功率扣减量，是否并入最终异常由参数控制
2024-07-25 17:43:00,2024-07-25 17:47:00,5,风机联合连续重复,风机联合连续重复；用于计算重复风机功率扣减量，是否并入最终异常由参数控制
2024-07-25 17:43:00,2024-07-25 17:47:00,5,风机联合连续重复,风机联合连续重复；用于计算重复风机功率扣减量，是否并入最终异常由参数控制
2024-07-25 17:43:00,2024-07-25 17:47:00,5,风机联合连续重复,风机联合连续重复；用于计算重复风机功率扣减量，是否并入最终异常由参数控制
2024-07-25 17:43:00,2024-07-25 17:47:00,5,风机联合连续重复,风机联合连续重复；用于计算重复风机功率扣减量，是否并入最终异常由参数控制
2024-07-25 17:43:00,2024-07-25 17:47:00,5,风机联合连续重复,风机联合连续重复；用于计算重复风机功率扣减量，是否并入最终异常由参数控制
2024-07-25 17:43:00,2024-07-25 17:47:00,5,风机联合连续重复,风机联合连续重复；用于计算重复风机功率扣减量，是否并入最终异常由参数控制
