分段ID,开始时间,结束时间,持续时长min,纳入统计分钟数,冻结风机数,重复风机功率之和MW,风机编号列表,原异常分钟数,修正后异常分钟数,异常分钟数变化量,原异常占比,修正后异常占比,异常占比变化量,原异常程度总和,修正后异常程度总和,异常程度变化量,异常程度下降率,原平均异常程度,修正后平均异常程度,原最大异常程度,修正后最大异常程度,原偏离程度总和,修正后偏离程度总和,偏离程度变化量,偏离程度下降率,原平均偏离程度,修正后平均偏离程度,原最大偏离程度,修正后最大偏离程度,原负损耗分钟数,修正后负损耗分钟数,站端功率重复硬异常分钟数,物理越限硬异常分钟数,风机联合重复标记分钟数,是否异常分钟减少,是否异常程度下降,是否偏离程度下降,是否全部修正为正常,重复详情
1,2023-09-21 00:00:00,2023-09-25 21:35:00,7056,7049,0,0.0,,819,819,0,0.116071,0.116071,0.0,172.274662,172.274662,0.0,0.0,0.02444,0.02444,1.857983,1.857983,1676.586005,1676.586005,0.0,0.0,0.237847,0.237847,2.358668,2.358668,21,21,0.0,0,0,False,False,False,False,
2,2023-09-25 21:36:00,2023-09-25 21:50:00,15,15,1,0.00055,38,0,0,0,0.0,0.0,0.0,0.0,0.0,0.0,,0.0,0.0,0.0,0.0,0.0,0.0,0.0,,0.0,0.0,0.0,0.0,0,0,0.0,0,15,False,False,False,False,"38[status=3.0,P=0.55,WS=2.85]"
3,2023-09-25 21:51:00,2023-09-28 09:14:00,3564,3564,0,0.0,,168,168,0,0.047138,0.047138,0.0,23.083035,23.083035,0.0,0.0,0.006477,0.006477,1.022846,1.022846,418.87696,418.87696,0.0,0.0,0.11753,0.11753,1.950538,1.950538,2,2,0.0,0,0,False,False,False,False,
4,2023-09-28 09:15:00,2023-09-28 09:19:00,5,5,58,21.6867,1、2、3、4、5、6、7、8、9、10、11、12、13、14、15、16、17、18、19、20、21、22、23、24、25、26、27、28、29、30、31、32、33、34、35、36、37、38、39、40、41、42、43、44、45、46、47、48、49、50、51、52、53、54、55、56、57、58,5,5,0,1.0,1.0,0.0,0.0,2015.0639,2015.0639,,0.0,403.01278,0.0,403.01278,0.595713,2015.0639,2014.468187,-3381.610429,0.119143,403.01278,0.119143,403.01278,0,5,5.0,0,5,False,False,False,False,"1[status=5.0,P=317.56,WS=4.22] 、 2[status=5.0,P=334.21,WS=4.23] 、 3[status=5.0,P=307.32,WS=4.16] 、 4[status=5.0,P=297.07,WS=4.0] 、 5[status=5.0,P=421.28,WS=4.64] 、 6[status=5.0,P=494.27,WS=4.84] 、 7[status=5.0,P=364.94,WS=4.84] 、 8[status=5.0,P=441.77,WS=4.62] 、 9[status=5.0,P=313.72,WS=4.08] 、 10[status=5.0,P=394.39,WS=4.45] 、 11[status=5.0,P=505.79,WS=4.83] 、 12[status=5.0,P=377.74,WS=4.35] 、 13[status=5.0,P=390.55,WS=4.26] 、 14[status=5.0,P=402.07,WS=4.39] 、 15[status=5.0,P=375.18,WS=4.3] 、 16[status=5.0,P=350.85,WS=4.21] 、 17[status=5.0,P=373.9,WS=4.4] 、 18[status=5.0,P=376.46,WS=4.29] 、 19[status=5.0,P=293.23,WS=4.01] 、 20[status=5.0,P=361.1,WS=4.29] 、 21[status=5.0,P=339.33,WS=4.15] 、 22[status=5.0,P=396.95,WS=4.36] 、 23[status=5.0,P=332.93,WS=4.14] 、 24[status=5.0,P=387.99,WS=4.4] 、 25[status=5.0,P=381.58,WS=4.4] 、 26[status=5.0,P=441.77,WS=4.52] 、 27[status=5.0,P=539.08,WS=4.88] 、 28[status=5.0,P=386.71,WS=4.34] 、 29[status=5.0,P=418.72,WS=4.45] 、 30[status=5.0,P=399.51,WS=4.35] 、 31[status=5.0,P=368.78,WS=4.42] 、 32[status=5.0,P=496.83,WS=4.73] 、 33[status=5.0,P=599.27,WS=5.0] 、 34[status=5.0,P=364.94,WS=4.45] 、 35[status=5.0,P=195.91,WS=3.67] 、 36[status=5.0,P=266.34,WS=3.91] 、 37[status=5.0,P=344.45,WS=4.08] 、 38[status=5.0,P=495.55,WS=4.67] 、 39[status=5.0,P=183.54,WS=4.02] 、 40[status=5.0,P=323.53,WS=4.38] 、 41[status=5.0,P=393.53,WS=4.64] 、 42[status=5.0,P=149.39,WS=4.2] 、 43[status=5.0,P=390.97,WS=4.54] 、 44[status=5.0,P=307.32,WS=4.36] 、 45[status=5.0,P=373.9,WS=4.66] 、 46[status=5.0,P=402.07,WS=3.88] 、 47[status=5.0,P=346.58,WS=4.58] 、 48[status=5.0,P=282.56,WS=4.03] 、 49[status=5.0,P=506.22,WS=4.64] 、 50[status=5.0,P=182.68,WS=4.08] 、 51[status=5.0,P=459.27,WS=4.48] 、 52[status=5.0,P=191.22,WS=4.41] 、 53[status=5.0,P=478.9,WS=4.85] 、 54[status=5.0,P=501.09,WS=4.78] 、 55[status=5.0,P=247.56,WS=4.62] 、 56[status=5.0,P=353.41,WS=4.54] 、 57[status=5.0,P=393.53,WS=4.33] 、 58[status=5.0,P=569.39,WS=4.27]"
5,2023-09-28 09:20:00,2023-09-28 09:22:00,3,3,0,0.0,,0,0,0,0.0,0.0,0.0,0.0,0.0,0.0,,0.0,0.0,0.0,0.0,0.598751,0.598751,0.0,0.0,0.199584,0.199584,0.297596,0.297596,0,0,0.0,0,0,False,False,False,False,
6,2023-09-28 09:23:00,2023-09-28 09:23:00,1,1,9,2.36804,46、47、50、51、52、53、54、55、56,0,1,1,0.0,1.0,1.0,0.0,1.233725,1.233725,,0.0,1.233725,0.0,1.233725,0.313885,1.689188,1.375303,-4.381551,0.313885,1.689188,0.313885,1.689188,0,1,0.0,0,1,False,False,False,False,"46[status=5.0,P=214.27,WS=4.23] 、 47[status=5.0,P=367.92,WS=4.29] 、 50[status=5.0,P=39.27,WS=3.69] 、 51[status=5.0,P=459.27,WS=5.24] 、 52[status=5.0,P=240.73,WS=3.9] 、 53[status=5.0,P=472.92,WS=4.62] 、 54[status=5.0,P=233.05,WS=4.46] 、 55[status=5.0,P=113.54,WS=4.11] 、 56[status=5.0,P=227.07,WS=4.37]"
7,2023-09-28 09:24:00,2023-09-28 09:27:00,4,4,57,15.62912,1、2、3、4、5、6、7、8、9、10、11、12、13、14、15、16、17、18、19、20、21、22、23、24、25、26、27、28、29、30、31、32、33、34、35、36、37、38、39、40、42、43、44、45、46、47、48、49、50、51、52、53、54、55、56、57、58,4,4,0,1.0,1.0,0.0,0.0,1156.75536,1156.75536,,0.0,289.18884,0.0,289.18884,1.692291,1156.75536,1155.063069,-682.54419,0.423073,289.18884,0.423073,289.18884,0,4,4.0,0,4,False,False,False,False,"1[status=5.0,P=373.9,WS=4.32] 、 2[status=5.0,P=277.86,WS=3.94] 、 3[status=5.0,P=303.47,WS=4.05] 、 4[status=5.0,P=298.35,WS=4.06] 、 5[status=5.0,P=336.77,WS=4.18] 、 6[status=5.0,P=428.96,WS=4.53] 、 7[status=5.0,P=317.56,WS=4.53] 、 8[status=5.0,P=417.44,WS=4.36] 、 9[status=5.0,P=379.02,WS=4.33] 、 10[status=5.0,P=276.58,WS=4.03] 、 11[status=5.0,P=408.47,WS=4.45] 、 12[status=5.0,P=343.17,WS=4.2] 、 13[status=5.0,P=308.6,WS=4.09] 、 14[status=5.0,P=311.16,WS=4.06] 、 15[status=5.0,P=285.55,WS=4.06] 、 16[status=5.0,P=329.08,WS=4.21] 、 17[status=5.0,P=329.08,WS=4.15] 、 18[status=5.0,P=302.19,WS=4.0] 、 19[status=5.0,P=262.5,WS=3.86] 、 20[status=5.0,P=325.24,WS=4.17] 、 21[status=5.0,P=133.17,WS=3.21] 、 22[status=5.0,P=294.51,WS=3.98] 、 23[status=5.0,P=161.34,WS=3.53] 、 24[status=5.0,P=320.12,WS=4.11] 、 25[status=5.0,P=384.14,WS=4.3] 、 26[status=5.0,P=357.25,WS=4.26] 、 27[status=5.0,P=361.1,WS=4.24] 、 28[status=5.0,P=281.71,WS=4.02] 、 29[status=5.0,P=131.89,WS=3.18] 、 30[status=5.0,P=353.41,WS=4.25] 、 31[status=5.0,P=186.95,WS=3.6] 、 32[status=5.0,P=244.57,WS=3.88] 、 33[status=5.0,P=257.38,WS=3.93] 、 34[status=5.0,P=179.27,WS=3.59] 、 35[status=5.0,P=308.6,WS=4.05] 、 36[status=5.0,P=331.64,WS=4.13] 、 37[status=5.0,P=306.03,WS=4.12] 、 38[status=5.0,P=350.85,WS=4.28] 、 39[status=5.0,P=174.15,WS=4.49] 、 40[status=5.0,P=328.66,WS=4.32] 、 42[status=5.0,P=292.8,WS=4.48] 、 43[status=5.0,P=36.71,WS=3.88] 、 44[status=5.0,P=160.49,WS=4.17] 、 45[status=5.0,P=156.22,WS=3.97] 、 46[status=5.0,P=214.27,WS=4.23] 、 47[status=5.0,P=367.92,WS=4.29] 、 48[status=5.0,P=217.68,WS=3.9] 、 49[status=5.0,P=58.05,WS=3.91] 、 50[status=5.0,P=39.27,WS=3.69] 、 51[status=5.0,P=459.27,WS=5.24] 、 52[status=5.0,P=240.73,WS=3.9] 、 53[status=5.0,P=472.92,WS=4.62] 、 54[status=5.0,P=233.05,WS=4.46] 、 55[status=5.0,P=113.54,WS=4.11] 、 56[status=5.0,P=227.07,WS=4.37] 、 57[status=5.0,P=168.17,WS=4.18] 、 58[status=5.0,P=109.27,WS=4.2]"
8,2023-09-28 09:28:00,2023-09-28 09:33:00,6,6,0,0.0,,2,2,0,0.333333,0.333333,0.0,0.054385,0.054385,-0.0,0.0,0.009064,0.009064,0.038001,0.038001,1.998024,1.998024,0.0,0.0,0.333004,0.333004,0.488921,0.488921,0,0,0.0,0,0,False,True,False,False,
9,2023-09-28 09:34:00,2023-09-28 09:37:00,4,4,49,11.9934,1、2、3、4、5、6、7、8、9、10、11、12、13、14、15、16、17、18、19、20、21、22、23、24、25、26、27、28、29、30、31、32、33、34、35、36、37、38、39、40、41、42、44、45、46、47、48、50、58,4,4,0,1.0,1.0,0.0,0.0,785.45848,785.45848,,0.0,196.36462,0.0,196.36462,0.13232,785.45848,785.32616,-5935.068951,0.03308,196.36462,0.03308,196.36462,0,4,4.0,0,4,False,False,False,False,"1[status=5.0,P=247.13,WS=3.8] 、 2[status=5.0,P=457.13,WS=4.49] 、 3[status=5.0,P=403.35,WS=4.45] 、 4[status=5.0,P=373.9,WS=4.33] 、 5[status=5.0,P=322.68,WS=4.06] 、 6[status=5.0,P=315.0,WS=4.1] 、 7[status=5.0,P=316.28,WS=4.1] 、 8[status=5.0,P=380.3,WS=4.31] 、 9[status=5.0,P=330.36,WS=4.2] 、 10[status=5.0,P=261.22,WS=3.93] 、 11[status=5.0,P=367.5,WS=4.32] 、 12[status=5.0,P=330.36,WS=4.05] 、 13[status=5.0,P=334.21,WS=4.31] 、 14[status=5.0,P=288.11,WS=4.03] 、 15[status=5.0,P=288.11,WS=3.99] 、 16[status=5.0,P=222.8,WS=3.71] 、 17[status=5.0,P=299.63,WS=4.0] 、 18[status=5.0,P=371.34,WS=4.32] 、 19[status=5.0,P=329.08,WS=4.18] 、 20[status=5.0,P=234.33,WS=3.79] 、 21[status=5.0,P=89.63,WS=3.02] 、 22[status=5.0,P=257.38,WS=3.91] 、 23[status=5.0,P=261.22,WS=3.89] 、 24[status=5.0,P=165.18,WS=3.46] 、 25[status=5.0,P=343.17,WS=4.21] 、 26[status=5.0,P=300.91,WS=3.97] 、 27[status=5.0,P=323.96,WS=4.11] 、 28[status=5.0,P=315.0,WS=4.09] 、 29[status=5.0,P=121.65,WS=3.25] 、 30[status=5.0,P=226.65,WS=3.74] 、 31[status=5.0,P=158.78,WS=3.47] 、 32[status=5.0,P=331.64,WS=4.2] 、 33[status=5.0,P=157.5,WS=3.43] 、 34[status=5.0,P=160.06,WS=3.5] 、 35[status=5.0,P=195.91,WS=3.63] 、 36[status=5.0,P=265.06,WS=3.89] 、 37[status=5.0,P=198.47,WS=3.61] 、 38[status=5.0,P=138.29,WS=3.44] 、 39[status=5.0,P=223.66,WS=5.14] 、 40[status=5.0,P=175.85,WS=4.18] 、 41[status=5.0,P=66.59,WS=3.74] 、 42[status=5.0,P=113.54,WS=3.89] 、 44[status=5.0,P=189.51,WS=4.0] 、 45[status=5.0,P=185.24,WS=3.99] 、 46[status=5.0,P=22.2,WS=3.79] 、 47[status=5.0,P=299.63,WS=4.04] 、 48[status=5.0,P=30.73,WS=3.61] 、 50[status=5.0,P=48.66,WS=3.45] 、 58[status=5.0,P=154.51,WS=4.06]"
10,2023-09-28 09:38:00,2023-10-14 14:15:00,23318,23295,0,0.0,,2309,2309,0,0.099022,0.099022,0.0,414.707363,414.707363,-0.0,0.0,0.017802,0.017802,12.553495,12.553495,5018.887955,5018.887955,-0.0,0.0,0.215449,0.215449,13.057258,13.057258,46,46,0.0,0,0,False,True,True,False,
11,2023-10-14 14:16:00,2023-10-14 19:30:00,315,315,1,0.9053,19,27,203,176,0.085714,0.644444,0.55873,3.593904,50.838599,47.244696,-13.145787,0.011409,0.161392,0.490625,1.037921,68.307144,181.958548,113.651405,-1.663829,0.216848,0.577646,0.991867,1.546462,0,10,0.0,0,315,False,False,False,False,"19[status=5.0,P=905.3,WS=5.7]"
12,2023-10-14 19:31:00,2023-10-15 09:27:00,837,837,0,0.0,,66,66,0,0.078853,0.078853,0.0,8.252579,8.252579,0.0,-0.0,0.00986,0.00986,0.858672,0.858672,111.052755,111.052755,-0.0,0.0,0.13268,0.13268,1.786353,1.786353,0,0,0.0,0,0,False,False,True,False,
13,2023-10-15 09:28:00,2023-10-15 15:43:00,376,376,1,2e-05,4,48,48,0,0.12766,0.12766,0.0,6.750176,6.750913,0.000737,-0.000109,0.017953,0.017955,0.45255,0.452551,61.084277,61.086272,0.001995,-3.3e-05,0.162458,0.162463,0.909572,0.90958,0,0,0.0,0,376,False,False,False,False,"4[status=6.0,P=0.02,WS=3.18]"
14,2023-10-15 15:44:00,2023-10-21 11:59:00,8416,8416,0,0.0,,720,720,0,0.085551,0.085551,0.0,119.234493,119.234493,0.0,-0.0,0.014168,0.014168,6.439034,6.439034,1551.863977,1551.863977,0.0,-0.0,0.184394,0.184394,6.922471,6.922471,13,13,0.0,0,0,False,False,False,False,
15,2023-10-21 12:00:00,2023-10-21 12:03:00,4,4,37,11.70446,1、2、3、4、5、6、7、8、9、10、11、12、13、14、15、16、17、18、19、20、21、22、23、24、25、26、27、28、30、31、32、33、34、35、36、38、39,0,4,4,0.0,1.0,1.0,0.0,738.271972,738.271972,,0.0,184.567993,0.0,188.872174,1.52733,738.54275,737.01542,-482.551501,0.381833,184.635687,0.41723,188.94371,0,4,0.0,0,4,False,False,False,False,"1[status=5.0,P=571.09,WS=4.96] 、 2[status=5.0,P=448.17,WS=4.5] 、 3[status=5.0,P=279.14,WS=3.94] 、 4[status=5.0,P=236.89,WS=3.79] 、 5[status=5.0,P=576.22,WS=4.86] 、 6[status=5.0,P=382.86,WS=4.31] 、 7[status=5.0,P=220.24,WS=4.31] 、 8[status=5.0,P=263.78,WS=3.96] 、 9[status=5.0,P=181.83,WS=3.52] 、 10[status=5.0,P=567.25,WS=4.95] 、 11[status=5.0,P=309.88,WS=4.24] 、 12[status=5.0,P=157.5,WS=3.41] 、 13[status=5.0,P=151.1,WS=3.4] 、 14[status=5.0,P=242.01,WS=3.79] 、 15[status=5.0,P=345.73,WS=4.25] 、 16[status=5.0,P=170.3,WS=3.43] 、 17[status=5.0,P=66.59,WS=2.87] 、 18[status=5.0,P=217.68,WS=3.69] 、 19[status=5.0,P=192.07,WS=3.56] 、 20[status=5.0,P=533.96,WS=4.84] 、 21[status=5.0,P=601.83,WS=4.87] 、 22[status=5.0,P=452.01,WS=4.62] 、 23[status=5.0,P=458.41,WS=4.49] 、 24[status=5.0,P=199.76,WS=3.38] 、 25[status=5.0,P=290.67,WS=4.03] 、 26[status=5.0,P=574.94,WS=5.13] 、 27[status=5.0,P=341.89,WS=4.22] 、 28[status=5.0,P=532.68,WS=4.74] 、 30[status=5.0,P=408.47,WS=4.3] 、 31[status=5.0,P=256.1,WS=3.92] 、 32[status=5.0,P=560.85,WS=4.75] 、 33[status=5.0,P=281.71,WS=3.9] 、 34[status=5.0,P=215.12,WS=3.71] 、 35[status=5.0,P=188.23,WS=3.59] 、 36[status=5.0,P=62.74,WS=2.97] 、 38[status=5.0,P=53.78,WS=3.03] 、 39[status=5.0,P=110.98,WS=3.86]"
16,2023-10-21 12:04:00,2023-10-21 14:34:00,151,150,0,0.0,,4,4,0,0.02649,0.02649,0.0,0.30156,0.30156,0.0,-0.0,0.00201,0.00201,0.192003,0.192003,27.798188,27.798188,0.0,0.0,0.185321,0.185321,0.699382,0.699382,0,0,0.0,0,0,False,False,False,False,
17,2023-10-21 14:35:00,2023-10-21 14:38:00,4,4,34,7.68246,1、2、3、4、5、7、8、9、11、12、13、14、17、18、19、22、23、24、25、26、27、28、30、31、32、33、34、35、36、37、38、39、47、52,4,4,0,1.0,1.0,0.0,0.0,367.417488,367.417488,,0.0,91.854372,0.0,91.854372,1.040939,367.417488,366.376549,-351.967445,0.260235,91.854372,0.260235,91.854372,0,4,4.0,0,4,False,False,False,False,"1[status=5.0,P=454.57,WS=4.4] 、 2[status=5.0,P=525.0,WS=5.0] 、 3[status=5.0,P=467.38,WS=4.71] 、 4[status=5.0,P=107.56,WS=3.12] 、 5[status=5.0,P=192.07,WS=3.64] 、 7[status=5.0,P=167.74,WS=2.94] 、 8[status=5.0,P=52.5,WS=2.9] 、 9[status=5.0,P=233.05,WS=3.72] 、 11[status=5.0,P=204.88,WS=3.59] 、 12[status=5.0,P=265.06,WS=3.87] 、 13[status=5.0,P=270.18,WS=3.87] 、 14[status=5.0,P=220.24,WS=3.74] 、 17[status=5.0,P=367.5,WS=4.38] 、 18[status=5.0,P=403.35,WS=4.43] 、 19[status=5.0,P=33.29,WS=2.67] 、 22[status=5.0,P=507.07,WS=4.79] 、 23[status=5.0,P=275.3,WS=3.95] 、 24[status=5.0,P=204.88,WS=3.59] 、 25[status=5.0,P=66.59,WS=2.91] 、 26[status=5.0,P=172.86,WS=3.43] 、 27[status=5.0,P=110.12,WS=3.28] 、 28[status=5.0,P=274.02,WS=3.86] 、 30[status=5.0,P=243.29,WS=3.93] 、 31[status=5.0,P=227.93,WS=3.79] 、 32[status=5.0,P=307.32,WS=4.11] 、 33[status=5.0,P=352.13,WS=4.33] 、 34[status=5.0,P=227.93,WS=3.69] 、 35[status=5.0,P=140.85,WS=3.33] 、 36[status=5.0,P=112.68,WS=3.16] 、 37[status=5.0,P=226.65,WS=3.71] 、 38[status=5.0,P=154.94,WS=3.4] 、 39[status=5.0,P=25.61,WS=3.7] 、 47[status=5.0,P=75.12,WS=3.71] 、 52[status=5.0,P=12.8,WS=3.67]"
18,2023-10-21 14:39:00,2023-10-23 17:57:00,3079,3079,0,0.0,,169,169,0,0.054888,0.054888,0.0,20.057893,20.057893,-0.0,0.0,0.006514,0.006514,2.120047,2.120047,396.157531,396.157531,0.0,0.0,0.128664,0.128664,3.00318,3.00318,0,0,0.0,0,0,False,True,False,False,
19,2023-10-23 17:58:00,2023-10-23 18:02:00,5,5,1,5e-05,16,1,1,0,0.2,0.2,0.0,0.255568,0.255594,2.6e-05,-0.0001,0.051114,0.051119,0.255568,0.255594,1.92923,1.929203,-2.7e-05,1.4e-05,0.385846,0.385841,0.760744,0.76077,0,0,0.0,0,5,False,False,True,False,"16[status=6.0,P=0.05,WS=5.41]"
20,2023-10-23 18:03:00,2023-10-28 14:25:00,6983,6982,0,0.0,,505,505,0,0.072318,0.072318,0.0,148.013012,148.013012,-0.0,0.0,0.021199,0.021199,15.485231,15.485231,998.744475,998.744475,0.0,0.0,0.143046,0.143046,15.981855,15.981855,0,0,0.0,0,0,False,True,False,False,
21,2023-10-28 14:26:00,2023-10-28 15:59:00,94,94,1,0.00016,11,0,0,0,0.0,0.0,0.0,0.0,0.0,0.0,,0.0,0.0,0.0,0.0,0.0,0.0,0.0,,0.0,0.0,0.0,0.0,0,0,0.0,0,94,False,False,False,False,"11[status=6.0,P=0.16,WS=1.34]"
22,2023-10-28 16:00:00,2023-10-28 16:07:00,8,8,2,0.00017,11、32,0,0,0,0.0,0.0,0.0,0.0,0.0,0.0,,0.0,0.0,0.0,0.0,0.0,0.0,0.0,,0.0,0.0,0.0,0.0,0,0,0.0,0,8,False,False,False,False,"11[status=6.0,P=0.16,WS=1.34] 、 32[status=6.0,P=0.01,WS=0.91]"
23,2023-10-28 16:08:00,2023-10-28 17:40:00,93,93,1,0.00016,11,0,0,0,0.0,0.0,0.0,0.0,0.0,0.0,,0.0,0.0,0.0,0.0,0.0,0.0,0.0,,0.0,0.0,0.0,0.0,0,0,0.0,0,93,False,False,False,False,"11[status=6.0,P=0.16,WS=1.34]"
24,2023-10-28 17:41:00,2023-10-29 18:27:00,1487,1487,0,0.0,,251,251,0,0.168796,0.168796,0.0,67.498875,67.498875,0.0,-0.0,0.045393,0.045393,13.179603,13.179603,297.795341,297.795341,0.0,0.0,0.200266,0.200266,13.678938,13.678938,0,0,0.0,0,0,False,False,False,False,
25,2023-10-29 18:28:00,2023-10-29 18:32:00,5,5,1,1e-05,32,0,0,0,0.0,0.0,0.0,0.0,0.0,0.0,,0.0,0.0,0.0,0.0,0.942796,0.942815,1.9e-05,-2e-05,0.188559,0.188563,0.324381,0.324387,0,0,0.0,0,5,False,False,False,False,"32[status=6.0,P=0.01,WS=5.09]"
26,2023-10-29 18:33:00,2023-11-02 14:20:00,5508,5508,0,0.0,,484,484,0,0.087872,0.087872,0.0,55.365028,55.365028,-0.0,0.0,0.010052,0.010052,0.976944,0.976944,1197.573707,1197.573707,0.0,-0.0,0.217424,0.217424,1.507411,1.507411,2,2,0.0,0,0,False,True,False,False,
27,2023-11-02 14:21:00,2023-11-02 14:35:00,15,15,58,275.80829,1、2、3、4、5、6、7、8、9、10、11、12、13、14、15、16、17、18、19、20、21、22、23、24、25、26、27、28、29、30、31、32、33、34、35、36、37、38、39、40、41、42、43、44、45、46、47、48、49、50、51、52、53、54、55、56、57、58,5,15,10,0.333333,1.0,0.666667,3.86802,79183.4156,79179.54758,-20470.304244,0.257868,5278.894373,1.490874,5402.2986,8.811181,79183.4156,79174.604419,-8985.69739,0.587412,5278.894373,1.946054,5402.2986,0,15,0.0,0,15,False,False,False,False,"1[status=5.0,P=4453.51,WS=11.16] 、 2[status=5.0,P=4138.51,WS=10.36] 、 3[status=5.0,P=4376.68,WS=11.23] 、 4[status=5.0,P=4543.15,WS=10.61] 、 5[status=5.0,P=4549.55,WS=11.18] 、 6[status=5.0,P=4586.68,WS=10.66] 、 7[status=5.0,P=4512.42,WS=10.66] 、 8[status=5.0,P=4397.17,WS=11.02] 、 9[status=5.0,P=4449.67,WS=11.33] 、 10[status=5.0,P=4424.06,WS=11.55] 、 11[status=5.0,P=4453.51,WS=11.58] 、 12[status=5.0,P=4573.88,WS=12.11] 、 13[status=5.0,P=4563.63,WS=11.28] 、 14[status=5.0,P=4527.78,WS=10.92] 、 15[status=5.0,P=4474.0,WS=11.35] 、 16[status=5.0,P=2007.79,WS=6.44] 、 17[status=5.0,P=3062.91,WS=8.65] 、 18[status=5.0,P=2993.76,WS=8.47] 、 19[status=5.0,P=4539.31,WS=10.69] 、 20[status=5.0,P=4549.55,WS=11.85] 、 21[status=5.0,P=4549.55,WS=10.7] 、 22[status=5.0,P=4361.32,WS=10.9] 、 23[status=5.0,P=4518.82,WS=10.84] 、 24[status=5.0,P=4531.62,WS=11.22] 、 25[status=5.0,P=4472.72,WS=11.53] 、 26[status=5.0,P=4365.16,WS=10.72] 、 27[status=5.0,P=4511.13,WS=10.58] 、 28[status=5.0,P=4552.11,WS=10.65] 、 29[status=5.0,P=4456.07,WS=11.31] 、 30[status=5.0,P=4472.72,WS=11.53] 、 31[status=5.0,P=4403.57,WS=11.26] 、 32[status=5.0,P=4511.13,WS=11.29] 、 33[status=5.0,P=4403.57,WS=11.46] 、 34[status=5.0,P=4534.18,WS=11.78] 、 35[status=5.0,P=4520.1,WS=11.61] 、 36[status=5.0,P=4470.16,WS=11.52] 、 37[status=5.0,P=4480.4,WS=11.85] 、 38[status=5.0,P=4502.17,WS=11.98] 、 39[status=5.0,P=6511.67,WS=11.42] 、 40[status=5.0,P=4003.64,WS=8.78] 、 41[status=5.0,P=6474.11,WS=11.45] 、 42[status=5.0,P=6124.97,WS=11.05] 、 43[status=5.0,P=5933.75,WS=10.48] 、 44[status=5.0,P=5249.97,WS=9.64] 、 45[status=5.0,P=4768.51,WS=8.57] 、 46[status=5.0,P=2519.13,WS=6.52] 、 47[status=5.0,P=3494.86,WS=8.26] 、 48[status=5.0,P=6467.28,WS=11.38] 、 49[status=5.0,P=6533.01,WS=11.18] 、 50[status=5.0,P=6364.84,WS=10.95] 、 51[status=5.0,P=6027.65,WS=11.27] 、 52[status=5.0,P=5646.92,WS=10.67] 、 53[status=5.0,P=6082.29,WS=10.76] 、 54[status=5.0,P=6023.38,WS=10.6] 、 55[status=5.0,P=4679.73,WS=10.73] 、 56[status=5.0,P=5871.43,WS=10.7] 、 57[status=5.0,P=6282.89,WS=10.95] 、 58[status=5.0,P=5954.24,WS=11.05]"
28,2023-11-02 14:36:00,2023-11-02 14:36:00,1,1,29,151.31227,30、31、32、33、34、35、36、37、38、39、40、41、42、43、44、45、46、47、48、49、50、51、52、53、54、55、56、57、58,0,1,1,0.0,1.0,1.0,0.0,46.30908,46.30908,,0.0,46.30908,0.0,46.30908,0.197258,46.813602,46.616345,-236.322024,0.197258,46.813602,0.197258,46.813602,0,1,0.0,0,1,False,False,False,False,"30[status=5.0,P=4472.72,WS=11.53] 、 31[status=5.0,P=4403.57,WS=11.26] 、 32[status=5.0,P=4511.13,WS=11.29] 、 33[status=5.0,P=4403.57,WS=11.46] 、 34[status=5.0,P=4534.18,WS=11.78] 、 35[status=5.0,P=4520.1,WS=11.61] 、 36[status=5.0,P=4470.16,WS=11.52] 、 37[status=5.0,P=4480.4,WS=11.85] 、 38[status=5.0,P=4502.17,WS=11.98] 、 39[status=5.0,P=6511.67,WS=11.42] 、 40[status=5.0,P=4003.64,WS=8.78] 、 41[status=5.0,P=6474.11,WS=11.45] 、 42[status=5.0,P=6124.97,WS=11.05] 、 43[status=5.0,P=5933.75,WS=10.48] 、 44[status=5.0,P=5249.97,WS=9.64] 、 45[status=5.0,P=4768.51,WS=8.57] 、 46[status=5.0,P=2519.13,WS=6.52] 、 47[status=5.0,P=3494.86,WS=8.26] 、 48[status=5.0,P=6467.28,WS=11.38] 、 49[status=5.0,P=6533.01,WS=11.18] 、 50[status=5.0,P=6364.84,WS=10.95] 、 51[status=5.0,P=6027.65,WS=11.27] 、 52[status=5.0,P=5646.92,WS=10.67] 、 53[status=5.0,P=6082.29,WS=10.76] 、 54[status=5.0,P=6023.38,WS=10.6] 、 55[status=5.0,P=4679.73,WS=10.73] 、 56[status=5.0,P=5871.43,WS=10.7] 、 57[status=5.0,P=6282.89,WS=10.95] 、 58[status=5.0,P=5954.24,WS=11.05]"
29,2023-11-02 14:37:00,2023-11-14 12:43:00,17167,17167,0,0.0,,2022,2022,0,0.117784,0.117784,0.0,468.750532,468.750532,0.0,-0.0,0.027305,0.027305,12.373103,12.373103,3984.712936,3984.712936,-0.0,0.0,0.232115,0.232115,12.879643,12.879643,45,45,0.0,0,0,False,False,True,False,
30,2023-11-14 12:44:00,2023-11-14 13:00:00,17,17,1,3e-05,13,4,4,0,0.235294,0.235294,0.0,0.727736,0.727816,8e-05,-0.00011,0.042808,0.042813,0.36343,0.36345,5.925978,5.926279,0.000301,-5.1e-05,0.348587,0.348605,0.831465,0.831485,0,0,0.0,0,17,False,False,False,False,"13[status=6.0,P=0.03,WS=4.7]"
31,2023-11-14 13:01:00,2023-11-30 08:07:00,22747,22747,0,0.0,,2808,2808,0,0.123445,0.123445,0.0,637.232907,637.232907,-0.0,0.0,0.028014,0.028014,6.353626,6.353626,5265.133362,5265.133362,0.0,-0.0,0.231465,0.231465,6.848889,6.848889,138,138,0.0,0,0,False,True,False,False,
32,2023-11-30 08:08:00,2023-11-30 08:12:00,5,5,1,2.39706,33,0,1,1,0.0,0.2,0.2,0.0,0.476519,0.476519,,0.0,0.095304,0.0,0.476519,1.290112,2.286478,0.996366,-0.77231,0.258022,0.457296,0.449013,0.974513,0,1,0.0,0,5,False,False,False,False,"33[status=5.0,P=2397.06,WS=7.89]"
33,2023-11-30 08:13:00,2023-12-18 11:58:00,26146,26144,0,0.0,,2466,2466,0,0.094317,0.094317,0.0,482.717877,482.717877,0.0,-0.0,0.018464,0.018464,6.048692,6.048692,5419.304055,5419.304055,0.0,-0.0,0.207287,0.207287,6.531742,6.531742,42,42,0.0,0,0,False,False,False,False,
34,2023-12-18 11:59:00,2023-12-18 12:02:00,4,4,10,8.79605,15、17、18、19、20、21、22、23、24、39,4,4,0,1.0,1.0,0.0,0.0,20.830202,20.830202,,0.0,5.207551,0.0,5.216338,0.037418,22.82268,22.785262,-608.93884,0.009354,5.70567,0.017619,5.714502,0,4,4.0,0,4,False,False,False,False,"15[status=5.0,P=1092.25,WS=6.01] 、 17[status=5.0,P=801.58,WS=5.59] 、 18[status=5.0,P=736.28,WS=5.35] 、 19[status=5.0,P=1309.93,WS=6.38] 、 20[status=5.0,P=937.31,WS=5.81] 、 21[status=5.0,P=861.76,WS=5.52] 、 22[status=5.0,P=633.84,WS=5.2] 、 23[status=5.0,P=973.17,WS=5.88] 、 24[status=5.0,P=610.79,WS=5.06] 、 39[status=5.0,P=839.14,WS=5.17]"
35,2023-12-18 12:03:00,2023-12-20 14:37:00,3035,3035,0,0.0,,361,361,0,0.118946,0.118946,0.0,83.0401,83.0401,0.0,-0.0,0.027361,0.027361,2.562522,2.562522,772.505162,772.505162,0.0,-0.0,0.254532,0.254532,3.05913,3.05913,22,22,0.0,0,0,False,False,False,False,
36,2023-12-20 14:38:00,2023-12-20 14:41:00,4,4,1,6.5074,39,4,4,0,1.0,1.0,0.0,0.0,3.826902,3.826902,,0.0,0.956726,0.0,0.9618,0.209989,5.762393,5.552404,-26.441361,0.052497,1.440598,0.084285,1.445425,0,0,4.0,0,4,False,False,False,False,"39[status=5.0,P=6507.4,WS=13.04]"
37,2023-12-20 14:42:00,2023-12-20 15:03:00,22,22,0,0.0,,0,0,0,0.0,0.0,0.0,0.0,0.0,0.0,,0.0,0.0,0.0,0.0,4.268411,4.268411,0.0,-0.0,0.194019,0.194019,0.44576,0.44576,0,0,0.0,0,0,False,False,False,False,
38,2023-12-20 15:04:00,2023-12-20 15:07:00,4,4,57,294.57461,1、2、3、4、5、6、7、8、9、10、11、12、13、14、15、16、17、18、19、20、22、23、24、25、26、27、28、29、30、31、32、33、34、35、36、37、38、39、40、41、42、43、44、45、46、47、48、49、50、51、52、53、54、55、56、57、58,4,4,0,1.0,1.0,0.0,0.0,22615.024,22615.024,,0.0,5653.756,0.0,5653.756,0.439185,22615.024,22614.584815,-51492.137933,0.109796,5653.756,0.109796,5653.756,0,4,4.0,0,4,False,False,False,False,"1[status=5.0,P=4454.79,WS=11.71] 、 2[status=5.0,P=4425.34,WS=11.99] 、 3[status=5.0,P=4477.84,WS=12.22] 、 4[status=5.0,P=4564.92,WS=13.63] 、 5[status=5.0,P=4476.56,WS=11.98] 、 6[status=5.0,P=4538.02,WS=13.19] 、 7[status=5.0,P=4486.81,WS=13.19] 、 8[status=5.0,P=4456.07,WS=11.6] 、 9[status=5.0,P=4561.07,WS=10.85] 、 10[status=5.0,P=4531.62,WS=11.98] 、 11[status=5.0,P=4609.73,WS=11.34] 、 12[status=5.0,P=4562.35,WS=13.39] 、 13[status=5.0,P=4566.2,WS=11.93] 、 14[status=5.0,P=4504.73,WS=12.6] 、 15[status=5.0,P=4495.77,WS=12.15] 、 16[status=5.0,P=2009.07,WS=10.91] 、 17[status=5.0,P=4529.06,WS=13.27] 、 18[status=5.0,P=4554.67,WS=13.59] 、 19[status=5.0,P=4520.1,WS=12.96] 、 20[status=5.0,P=4436.87,WS=11.36] 、 22[status=5.0,P=4662.23,WS=13.91] 、 23[status=5.0,P=4474.0,WS=12.0] 、 24[status=5.0,P=4538.02,WS=12.9] 、 25[status=5.0,P=4571.32,WS=11.19] 、 26[status=5.0,P=4342.11,WS=10.81] 、 27[status=5.0,P=4418.94,WS=12.18] 、 28[status=5.0,P=4535.46,WS=12.02] 、 29[status=5.0,P=4630.22,WS=11.05] 、 30[status=5.0,P=4512.42,WS=13.8] 、 31[status=5.0,P=4554.67,WS=13.71] 、 32[status=5.0,P=4590.52,WS=12.78] 、 33[status=5.0,P=4525.22,WS=11.83] 、 34[status=5.0,P=4561.07,WS=12.04] 、 35[status=5.0,P=4507.29,WS=11.07] 、 36[status=5.0,P=4490.65,WS=12.05] 、 37[status=5.0,P=4393.33,WS=11.78] 、 38[status=5.0,P=4590.52,WS=12.34] 、 39[status=5.0,P=6494.6,WS=13.32] 、 40[status=5.0,P=6474.97,WS=12.42] 、 41[status=5.0,P=6588.5,WS=11.88] 、 42[status=5.0,P=6506.55,WS=12.79] 、 43[status=5.0,P=6406.67,WS=13.25] 、 44[status=5.0,P=6494.6,WS=13.14] 、 45[status=5.0,P=6468.99,WS=13.01] 、 46[status=5.0,P=6492.04,WS=13.5] 、 47[status=5.0,P=6486.06,WS=12.86] 、 48[status=5.0,P=6457.89,WS=11.32] 、 49[status=5.0,P=6471.55,WS=12.14] 、 50[status=5.0,P=6533.01,WS=12.07] 、 51[status=5.0,P=6501.43,WS=10.93] 、 52[status=5.0,P=6492.04,WS=13.03] 、 53[status=5.0,P=6502.28,WS=12.68] 、 54[status=5.0,P=6529.6,WS=12.39] 、 55[status=5.0,P=6468.14,WS=11.61] 、 56[status=5.0,P=6516.79,WS=12.82] 、 57[status=5.0,P=6492.04,WS=12.28] 、 58[status=5.0,P=6537.28,WS=11.75]"
39,2023-12-20 15:08:00,2023-12-28 16:19:00,11592,11592,0,0.0,,992,992,0,0.085576,0.085576,0.0,189.995299,189.995299,0.0,-0.0,0.01639,0.01639,7.904704,7.904704,2308.327711,2308.327711,0.0,-0.0,0.199131,0.199131,8.408274,8.408274,11,11,4.0,0,0,False,False,False,False,
40,2023-12-28 16:20:00,2023-12-28 16:27:00,8,8,1,0.1511,37,0,0,0,0.0,0.0,0.0,0.0,0.0,0.0,,0.0,0.0,0.0,0.0,0.58055,0.804598,0.224048,-0.385924,0.072569,0.100575,0.185477,0.266262,0,0,0.0,0,8,False,False,False,False,"37[status=5.0,P=151.1,WS=3.36]"
41,2023-12-28 16:28:00,2023-12-31 20:03:00,4536,4536,0,0.0,,230,230,0,0.050705,0.050705,0.0,38.662732,38.662732,-0.0,0.0,0.008524,0.008524,1.225178,1.225178,706.29485,706.29485,0.0,-0.0,0.155709,0.155709,1.670352,1.670352,3,3,8.0,0,0,False,True,False,False,
42,2023-12-31 20:04:00,2024-01-03 12:37:00,3874,3874,1,4.47144,18,1820,916,-904,0.469799,0.236448,-0.233351,2339.221422,341.4859,-1997.735521,0.854017,0.603826,0.088148,3.930556,6.060512,4524.504195,1032.220215,-3492.283981,0.77186,1.167915,0.266448,4.466887,6.601777,0,183,0.0,0,3874,True,True,True,False,"18[status=5.0,P=4471.44,WS=10.03]"
43,2024-01-03 12:38:00,2024-01-05 15:32:00,3055,3055,0,0.0,,223,223,0,0.072995,0.072995,0.0,93.589254,93.589254,-0.0,0.0,0.030635,0.030635,24.646726,24.646726,635.065931,635.065931,-0.0,0.0,0.207878,0.207878,25.244368,25.244368,6,6,0.0,0,0,False,True,True,False,
44,2024-01-05 15:33:00,2024-01-05 15:36:00,4,4,41,3.35234,1、2、3、4、5、7、8、9、10、11、12、13、14、15、16、18、19、20、21、23、24、25、26、27、28、29、30、31、32、33、34、37、38、47、49、50、54、55、56、57、58,0,0,0,0.0,0.0,0.0,0.0,0.0,0.0,,0.0,0.0,0.0,0.0,0.0199,0.0,-0.0199,1.0,0.004975,0.0,0.004975,0.0,0,0,0.0,0,4,False,False,True,False,"1[status=5.0,P=24.33,WS=2.89] 、 2[status=5.0,P=89.63,WS=3.01] 、 3[status=5.0,P=47.38,WS=2.81] 、 4[status=5.0,P=6.4,WS=2.76] 、 5[status=5.0,P=16.65,WS=2.71] 、 7[status=5.0,P=72.99,WS=3.5] 、 8[status=5.0,P=125.49,WS=3.23] 、 9[status=5.0,P=105.0,WS=3.06] 、 10[status=5.0,P=52.5,WS=3.01] 、 11[status=5.0,P=47.38,WS=2.87] 、 12[status=5.0,P=43.54,WS=2.76] 、 13[status=5.0,P=24.33,WS=2.98] 、 14[status=5.0,P=52.5,WS=2.49] 、 15[status=5.0,P=71.71,WS=3.21] 、 16[status=5.0,P=148.54,WS=3.36] 、 18[status=5.0,P=128.05,WS=3.22] 、 19[status=5.0,P=43.54,WS=2.95] 、 20[status=5.0,P=40.98,WS=2.49] 、 21[status=5.0,P=29.45,WS=2.24] 、 23[status=5.0,P=67.87,WS=2.86] 、 24[status=5.0,P=78.11,WS=3.3] 、 25[status=5.0,P=112.68,WS=3.22] 、 26[status=5.0,P=115.24,WS=3.11] 、 27[status=5.0,P=57.62,WS=3.01] 、 28[status=5.0,P=46.1,WS=2.83] 、 29[status=5.0,P=99.88,WS=2.94] 、 30[status=5.0,P=102.44,WS=3.07] 、 31[status=5.0,P=97.32,WS=3.02] 、 32[status=5.0,P=137.01,WS=3.18] 、 33[status=5.0,P=213.84,WS=3.66] 、 34[status=5.0,P=83.23,WS=2.92] 、 37[status=5.0,P=171.58,WS=3.37] 、 38[status=5.0,P=133.17,WS=3.23] 、 47[status=5.0,P=78.54,WS=3.56] 、 49[status=5.0,P=212.56,WS=3.68] 、 50[status=5.0,P=101.58,WS=3.87] 、 54[status=5.0,P=6.83,WS=3.24] 、 55[status=5.0,P=39.27,WS=3.68] 、 56[status=5.0,P=6.83,WS=3.43] 、 57[status=5.0,P=69.15,WS=4.19] 、 58[status=5.0,P=151.1,WS=4.38]"
45,2024-01-05 15:37:00,2024-01-25 08:44:00,28388,28385,0,0.0,,2351,2351,0,0.082817,0.082817,0.0,460.152835,460.152835,-0.0,0.0,0.016211,0.016211,8.600897,8.600897,5611.58041,5611.58041,-0.0,0.0,0.197695,0.197695,9.092527,9.092527,30,30,23.0,0,0,False,True,True,False,
46,2024-01-25 08:45:00,2024-01-25 09:20:00,36,36,1,0.00013,13,0,0,0,0.0,0.0,0.0,0.0,0.0,0.0,,0.0,0.0,0.0,0.0,0.0,0.0,0.0,,0.0,0.0,0.0,0.0,0,0,0.0,0,36,False,False,False,False,"13[status=6.0,P=0.13,WS=5.06]"
47,2024-01-25 09:21:00,2024-01-25 09:21:00,1,1,3,0.00039,13、21、23,0,0,0,0.0,0.0,0.0,0.0,0.0,0.0,,0.0,0.0,0.0,0.0,0.0,0.0,0.0,,0.0,0.0,0.0,0.0,0,0,0.0,0,1,False,False,False,False,"13[status=6.0,P=0.13,WS=5.06] 、 21[status=6.0,P=0.12,WS=4.34] 、 23[status=6.0,P=0.14,WS=5.43]"
48,2024-01-25 09:22:00,2024-01-25 09:28:00,7,7,4,0.0004,13、21、23、31,0,0,0,0.0,0.0,0.0,0.0,0.0,0.0,,0.0,0.0,0.0,0.0,0.0,0.0,0.0,,0.0,0.0,0.0,0.0,0,0,0.0,0,7,False,False,False,False,"13[status=6.0,P=0.13,WS=5.06] 、 21[status=6.0,P=0.12,WS=4.34] 、 23[status=6.0,P=0.14,WS=5.43] 、 31[status=6.0,P=0.01,WS=5.33]"
49,2024-01-25 09:29:00,2024-01-25 09:36:00,8,8,6,0.00044,13、21、23、27、31、32,0,0,0,0.0,0.0,0.0,0.0,0.0,0.0,,0.0,0.0,0.0,0.0,0.0,0.0,0.0,,0.0,0.0,0.0,0.0,0,0,0.0,0,8,False,False,False,False,"13[status=6.0,P=0.13,WS=5.06] 、 21[status=6.0,P=0.12,WS=4.34] 、 23[status=6.0,P=0.14,WS=5.43] 、 27[status=6.0,P=0.01,WS=5.3] 、 31[status=6.0,P=0.01,WS=5.33] 、 32[status=6.0,P=0.03,WS=0.0]"
50,2024-01-25 09:37:00,2024-01-25 10:39:00,63,63,7,0.00054,13、21、23、27、31、32、36,0,0,0,0.0,0.0,0.0,0.0,0.0,0.0,,0.0,0.0,0.0,0.0,0.0,0.0,0.0,,0.0,0.0,0.0,0.0,0,0,0.0,0,63,False,False,False,False,"13[status=6.0,P=0.13,WS=5.06] 、 21[status=6.0,P=0.12,WS=4.34] 、 23[status=6.0,P=0.14,WS=5.43] 、 27[status=6.0,P=0.01,WS=5.3] 、 31[status=6.0,P=0.01,WS=5.33] 、 32[status=6.0,P=0.03,WS=0.0] 、 36[status=6.0,P=0.1,WS=0.0]"
51,2024-01-25 10:40:00,2024-01-25 10:40:00,1,1,8,0.00058,10、13、21、23、27、31、32、36,0,0,0,0.0,0.0,0.0,0.0,0.0,0.0,,0.0,0.0,0.0,0.0,0.0,0.0,0.0,,0.0,0.0,0.0,0.0,0,0,0.0,0,1,False,False,False,False,"10[status=6.0,P=0.04,WS=4.9] 、 13[status=6.0,P=0.13,WS=5.06] 、 21[status=6.0,P=0.12,WS=4.34] 、 23[status=6.0,P=0.14,WS=5.43] 、 27[status=6.0,P=0.01,WS=5.3] 、 31[status=6.0,P=0.01,WS=5.33] 、 32[status=6.0,P=0.03,WS=0.0] 、 36[status=6.0,P=0.1,WS=0.0]"
52,2024-01-25 10:41:00,2024-01-25 10:42:00,2,2,9,0.00073,4、10、13、21、23、27、31、32、36,0,0,0,0.0,0.0,0.0,0.0,0.0,0.0,,0.0,0.0,0.0,0.0,0.0,0.0,0.0,,0.0,0.0,0.0,0.0,0,0,0.0,0,2,False,False,False,False,"4[status=6.0,P=0.15,WS=0.0] 、 10[status=6.0,P=0.04,WS=4.9] 、 13[status=6.0,P=0.13,WS=5.06] 、 21[status=6.0,P=0.12,WS=4.34] 、 23[status=6.0,P=0.14,WS=5.43] 、 27[status=6.0,P=0.01,WS=5.3] 、 31[status=6.0,P=0.01,WS=5.33] 、 32[status=6.0,P=0.03,WS=0.0] 、 36[status=6.0,P=0.1,WS=0.0]"
53,2024-01-25 10:43:00,2024-01-25 10:50:00,8,8,10,0.00075,4、10、12、13、21、23、27、31、32、36,0,0,0,0.0,0.0,0.0,0.0,0.0,0.0,,0.0,0.0,0.0,0.0,0.0,0.0,0.0,,0.0,0.0,0.0,0.0,0,0,0.0,0,8,False,False,False,False,"4[status=6.0,P=0.15,WS=0.0] 、 10[status=6.0,P=0.04,WS=4.9] 、 12[status=6.0,P=0.02,WS=5.06] 、 13[status=6.0,P=0.13,WS=5.06] 、 21[status=6.0,P=0.12,WS=4.34] 、 23[status=6.0,P=0.14,WS=5.43] 、 27[status=6.0,P=0.01,WS=5.3] 、 31[status=6.0,P=0.01,WS=5.33] 、 32[status=6.0,P=0.03,WS=0.0] 、 36[status=6.0,P=0.1,WS=0.0]"
54,2024-01-25 10:51:00,2024-01-25 10:56:00,6,6,12,0.00089,2、4、5、10、12、13、21、23、27、31、32、36,0,0,0,0.0,0.0,0.0,0.0,0.0,0.0,,0.0,0.0,0.0,0.0,0.0,0.0,0.0,,0.0,0.0,0.0,0.0,0,0,0.0,0,6,False,False,False,False,"2[status=6.0,P=0.08,WS=5.08] 、 4[status=6.0,P=0.15,WS=0.0] 、 5[status=6.0,P=0.06,WS=4.52] 、 10[status=6.0,P=0.04,WS=4.9] 、 12[status=6.0,P=0.02,WS=5.06] 、 13[status=6.0,P=0.13,WS=5.06] 、 21[status=6.0,P=0.12,WS=4.34] 、 23[status=6.0,P=0.14,WS=5.43] 、 27[status=6.0,P=0.01,WS=5.3] 、 31[status=6.0,P=0.01,WS=5.33] 、 32[status=6.0,P=0.03,WS=0.0] 、 36[status=6.0,P=0.1,WS=0.0]"
55,2024-01-25 10:57:00,2024-02-02 18:08:00,11952,11942,13,0.00095,2、4、5、10、12、13、21、23、24、27、31、32、36,0,0,0,0.0,0.0,0.0,0.0,0.0,0.0,,0.0,0.0,0.0,0.0,0.0,0.0,0.0,,0.0,0.0,0.0,0.0,0,0,0.0,0,11942,False,False,False,False,"2[status=6.0,P=0.08,WS=5.08] 、 4[status=6.0,P=0.15,WS=0.0] 、 5[status=6.0,P=0.06,WS=4.52] 、 10[status=6.0,P=0.04,WS=4.9] 、 12[status=6.0,P=0.02,WS=5.06] 、 13[status=6.0,P=0.13,WS=5.06] 、 21[status=6.0,P=0.12,WS=4.34] 、 23[status=6.0,P=0.14,WS=5.43] 、 24[status=6.0,P=0.06,WS=0.0] 、 27[status=6.0,P=0.01,WS=5.3] 、 31[status=6.0,P=0.01,WS=5.33] 、 32[status=6.0,P=0.03,WS=0.0] 、 36[status=6.0,P=0.1,WS=0.0]"
56,2024-02-02 18:09:00,2024-02-02 18:32:00,24,24,12,0.00082,2、4、5、10、12、21、23、24、27、31、32、36,0,0,0,0.0,0.0,0.0,0.0,0.0,0.0,,0.0,0.0,0.0,0.0,0.0,0.0,0.0,,0.0,0.0,0.0,0.0,0,0,0.0,0,24,False,False,False,False,"2[status=6.0,P=0.08,WS=5.08] 、 4[status=6.0,P=0.15,WS=0.0] 、 5[status=6.0,P=0.06,WS=4.52] 、 10[status=6.0,P=0.04,WS=4.9] 、 12[status=6.0,P=0.02,WS=5.06] 、 21[status=6.0,P=0.12,WS=4.34] 、 23[status=6.0,P=0.14,WS=5.43] 、 24[status=6.0,P=0.06,WS=0.0] 、 27[status=6.0,P=0.01,WS=5.3] 、 31[status=6.0,P=0.01,WS=5.33] 、 32[status=6.0,P=0.03,WS=0.0] 、 36[status=6.0,P=0.1,WS=0.0]"
57,2024-02-02 18:33:00,2024-02-02 18:34:00,2,2,10,0.00056,2、4、5、10、12、24、27、31、32、36,0,0,0,0.0,0.0,0.0,0.0,0.0,0.0,,0.0,0.0,0.0,0.0,0.0,0.0,0.0,,0.0,0.0,0.0,0.0,0,0,0.0,0,2,False,False,False,False,"2[status=6.0,P=0.08,WS=5.08] 、 4[status=6.0,P=0.15,WS=0.0] 、 5[status=6.0,P=0.06,WS=4.52] 、 10[status=6.0,P=0.04,WS=4.9] 、 12[status=6.0,P=0.02,WS=5.06] 、 24[status=6.0,P=0.06,WS=0.0] 、 27[status=6.0,P=0.01,WS=5.3] 、 31[status=6.0,P=0.01,WS=5.33] 、 32[status=6.0,P=0.03,WS=0.0] 、 36[status=6.0,P=0.1,WS=0.0]"
58,2024-02-02 18:35:00,2024-02-02 18:37:00,3,3,7,0.00051,2、4、5、10、12、24、36,0,0,0,0.0,0.0,0.0,0.0,0.0,0.0,,0.0,0.0,0.0,0.0,0.0,0.0,0.0,,0.0,0.0,0.0,0.0,0,0,0.0,0,3,False,False,False,False,"2[status=6.0,P=0.08,WS=5.08] 、 4[status=6.0,P=0.15,WS=0.0] 、 5[status=6.0,P=0.06,WS=4.52] 、 10[status=6.0,P=0.04,WS=4.9] 、 12[status=6.0,P=0.02,WS=5.06] 、 24[status=6.0,P=0.06,WS=0.0] 、 36[status=6.0,P=0.1,WS=0.0]"
59,2024-02-02 18:38:00,2024-02-02 19:10:00,33,33,6,0.00041,2、4、5、10、12、24,0,0,0,0.0,0.0,0.0,0.0,0.0,0.0,,0.0,0.0,0.0,0.0,0.0,0.0,0.0,,0.0,0.0,0.0,0.0,0,0,0.0,0,33,False,False,False,False,"2[status=6.0,P=0.08,WS=5.08] 、 4[status=6.0,P=0.15,WS=0.0] 、 5[status=6.0,P=0.06,WS=4.52] 、 10[status=6.0,P=0.04,WS=4.9] 、 12[status=6.0,P=0.02,WS=5.06] 、 24[status=6.0,P=0.06,WS=0.0]"
60,2024-02-02 19:11:00,2024-02-02 19:13:00,3,3,4,0.00035,2、4、5、24,0,0,0,0.0,0.0,0.0,0.0,0.0,0.0,,0.0,0.0,0.0,0.0,0.0,0.0,0.0,,0.0,0.0,0.0,0.0,0,0,0.0,0,3,False,False,False,False,"2[status=6.0,P=0.08,WS=5.08] 、 4[status=6.0,P=0.15,WS=0.0] 、 5[status=6.0,P=0.06,WS=4.52] 、 24[status=6.0,P=0.06,WS=0.0]"
61,2024-02-02 19:14:00,2024-02-02 19:15:00,2,2,1,6e-05,24,0,0,0,0.0,0.0,0.0,0.0,0.0,0.0,,0.0,0.0,0.0,0.0,0.0,0.0,0.0,,0.0,0.0,0.0,0.0,0,0,0.0,0,2,False,False,False,False,"24[status=6.0,P=0.06,WS=0.0]"
62,2024-02-02 19:16:00,2024-02-03 04:04:00,529,529,0,0.0,,87,87,0,0.164461,0.164461,0.0,34.537431,34.537431,-0.0,0.0,0.065288,0.065288,6.752353,6.752353,134.870177,134.870177,0.0,-0.0,0.254953,0.254953,7.250721,7.250721,1,1,0.0,0,0,False,True,False,False,
63,2024-02-03 04:05:00,2024-02-03 04:53:00,49,49,1,4.37028,20,35,1,-34,0.714286,0.020408,-0.693878,9.696131,0.25492,-9.44121,0.973709,0.19788,0.005202,0.610018,0.25492,31.491479,8.543402,-22.948077,0.728707,0.642683,0.174355,1.066723,0.796351,0,0,0.0,0,49,True,True,True,False,"20[status=5.0,P=4370.28,WS=9.84]"
64,2024-02-03 04:54:00,2024-02-03 04:58:00,5,5,2,8.88782,20、33,5,5,0,1.0,1.0,0.0,0.695699,0.687885,-0.007813,0.011231,0.13914,0.137577,0.199968,0.216448,3.153069,3.351112,0.198043,-0.06281,0.630614,0.670222,0.685784,0.748275,0,0,0.0,0,5,False,True,False,False,"20[status=5.0,P=4370.28,WS=9.84] 、 33[status=5.0,P=4517.54,WS=12.14]"
65,2024-02-03 04:59:00,2024-02-26 10:00:00,33422,33410,1,4.37028,20,29541,2392,-27149,0.883879,0.07157,-0.812309,26680.949511,529.079357,-26151.870154,0.98017,0.798592,0.015836,15.709151,16.884528,43248.352767,6065.639734,-37182.713033,0.859749,1.294473,0.181552,16.169331,17.437663,2,39,4.0,0,33410,True,True,True,False,"20[status=5.0,P=4370.28,WS=9.84]"
66,2024-02-26 10:01:00,2024-02-26 10:04:00,4,4,41,98.64056,2、6、8、9、10、11、12、13、14、15、16、18、20、23、24、25、28、29、30、31、32、34、35、36、37、38、39、40、41、43、45、46、47、48、49、51、54、55、56、57、58,4,4,0,1.0,1.0,0.0,7.112803,7280.3136,7273.200797,-1022.550529,1.778201,1820.0784,1.778201,1820.0784,9.094188,7280.3136,7271.219412,-799.545722,2.273547,1820.0784,2.273547,1820.0784,0,4,4.0,0,4,False,False,False,False,"2[status=5.0,P=2724.86,WS=7.93] 、 6[status=5.0,P=2171.7,WS=7.4] 、 8[status=5.0,P=1793.95,WS=6.93] 、 9[status=5.0,P=897.62,WS=6.17] 、 10[status=5.0,P=2028.28,WS=7.05] 、 11[status=5.0,P=1898.95,WS=7.06] 、 12[status=5.0,P=2532.79,WS=7.67] 、 13[status=5.0,P=2436.76,WS=7.76] 、 14[status=5.0,P=3093.64,WS=8.23] 、 15[status=5.0,P=2480.29,WS=7.75] 、 16[status=5.0,P=2865.72,WS=8.19] 、 18[status=5.0,P=3096.2,WS=8.41] 、 20[status=5.0,P=4370.28,WS=9.84] 、 23[status=5.0,P=1703.04,WS=7.24] 、 24[status=5.0,P=1928.4,WS=7.01] 、 25[status=5.0,P=3179.43,WS=8.43] 、 28[status=5.0,P=2864.44,WS=8.11] 、 29[status=5.0,P=1261.27,WS=6.15] 、 30[status=5.0,P=1009.02,WS=8.51] 、 31[status=5.0,P=2873.4,WS=8.47] 、 32[status=5.0,P=3199.92,WS=8.44] 、 34[status=5.0,P=2639.07,WS=7.86] 、 35[status=5.0,P=2840.11,WS=8.04] 、 36[status=5.0,P=2513.58,WS=7.74] 、 37[status=5.0,P=877.13,WS=6.45] 、 38[status=5.0,P=2303.59,WS=7.34] 、 39[status=5.0,P=1512.67,WS=5.79] 、 40[status=5.0,P=2847.79,WS=7.9] 、 41[status=5.0,P=3443.64,WS=7.73] 、 43[status=5.0,P=3165.35,WS=7.58] 、 45[status=5.0,P=2747.91,WS=7.78] 、 46[status=5.0,P=2488.4,WS=7.23] 、 47[status=5.0,P=1759.38,WS=6.93] 、 48[status=5.0,P=2919.5,WS=7.12] 、 49[status=5.0,P=1490.48,WS=6.98] 、 51[status=5.0,P=2538.77,WS=6.88] 、 54[status=5.0,P=3152.54,WS=7.61] 、 55[status=5.0,P=2852.06,WS=7.44] 、 56[status=5.0,P=1359.02,WS=6.51] 、 57[status=5.0,P=2445.72,WS=7.24] 、 58[status=5.0,P=2333.89,WS=6.89]"
67,2024-02-26 10:05:00,2024-02-26 10:12:00,8,8,1,4.37028,20,8,1,-7,1.0,0.125,-0.875,11.822782,0.059619,-11.763163,0.994957,1.477848,0.007452,2.003138,0.059619,15.764506,1.207174,-14.557332,0.923425,1.970563,0.150897,2.500534,0.560851,0,0,0.0,0,8,True,True,True,False,"20[status=5.0,P=4370.28,WS=9.84]"
68,2024-02-26 10:13:00,2024-02-26 10:16:00,4,4,41,88.24008,2、6、8、9、10、11、12、13、14、15、16、18、20、23、24、25、28、29、30、31、32、34、35、36、37、38、39、40、41、43、45、46、47、48、49、51、54、55、56、57、58,4,4,0,1.0,1.0,0.0,2.589034,6683.192,6680.602966,-2580.345977,0.647258,1670.798,0.647258,1670.798,4.536316,6683.192,6678.655684,-1472.264291,1.134079,1670.798,1.134079,1670.798,0,4,4.0,0,4,False,False,False,False,"2[status=5.0,P=2055.17,WS=7.0] 、 6[status=5.0,P=2066.7,WS=7.11] 、 8[status=5.0,P=2559.68,WS=7.98] 、 9[status=5.0,P=893.78,WS=6.53] 、 10[status=5.0,P=2244.68,WS=7.41] 、 11[status=5.0,P=3068.03,WS=8.32] 、 12[status=5.0,P=2390.66,WS=7.59] 、 13[status=5.0,P=2134.56,WS=7.32] 、 14[status=5.0,P=2208.83,WS=7.31] 、 15[status=5.0,P=2712.06,WS=8.09] 、 16[status=5.0,P=2589.13,WS=7.87] 、 18[status=5.0,P=2340.72,WS=7.44] 、 20[status=5.0,P=4370.28,WS=9.84] 、 23[status=5.0,P=936.03,WS=6.84] 、 24[status=5.0,P=2367.61,WS=7.62] 、 25[status=5.0,P=2379.13,WS=7.42] 、 28[status=5.0,P=2003.95,WS=7.12] 、 29[status=5.0,P=2400.9,WS=7.67] 、 30[status=5.0,P=1009.02,WS=7.52] 、 31[status=5.0,P=909.14,WS=6.1] 、 32[status=5.0,P=1464.87,WS=6.41] 、 34[status=5.0,P=2613.46,WS=7.84] 、 35[status=5.0,P=1525.05,WS=6.57] 、 36[status=5.0,P=1745.3,WS=6.81] 、 37[status=5.0,P=901.46,WS=6.31] 、 38[status=5.0,P=2311.27,WS=7.44] 、 39[status=5.0,P=2193.89,WS=6.74] 、 40[status=5.0,P=1778.16,WS=6.88] 、 41[status=5.0,P=2807.67,WS=7.36] 、 43[status=5.0,P=2881.08,WS=7.7] 、 45[status=5.0,P=2667.67,WS=7.04] 、 46[status=5.0,P=2377.43,WS=7.83] 、 47[status=5.0,P=3249.86,WS=7.37] 、 48[status=5.0,P=2877.67,WS=7.48] 、 49[status=5.0,P=1302.68,WS=5.95] 、 51[status=5.0,P=1684.26,WS=5.75] 、 54[status=5.0,P=2529.38,WS=7.68] 、 55[status=5.0,P=2568.65,WS=7.55] 、 56[status=5.0,P=2083.77,WS=7.04] 、 57[status=5.0,P=1227.55,WS=6.47] 、 58[status=5.0,P=1808.89,WS=6.03]"
69,2024-02-26 10:17:00,2024-02-27 21:11:00,2095,2092,1,4.37028,20,2050,229,-1821,0.97852,0.109308,-0.869212,4138.686105,88.250461,-4050.435645,0.978677,1.978339,0.042185,3.547921,11.776622,5198.272596,520.741434,-4677.531162,0.899824,2.484834,0.24892,4.043045,12.364788,0,10,0.0,0,2092,True,True,True,False,"20[status=5.0,P=4370.28,WS=9.84]"
70,2024-02-27 21:12:00,2024-02-28 10:53:00,822,822,0,0.0,,98,98,0,0.119221,0.119221,0.0,45.453331,45.453331,0.0,-0.0,0.055296,0.055296,1.815218,1.815218,217.210246,217.210246,0.0,-0.0,0.264246,0.264246,2.311732,2.311732,32,32,0.0,0,0,False,False,False,False,
71,2024-02-28 10:54:00,2024-02-28 10:57:00,4,4,55,86.86743,1、2、3、4、5、6、7、8、9、10、11、12、13、14、15、16、17、18、20、21、22、23、24、25、26、27、28、29、30、31、32、33、34、35、36、37、38、39、40、41、43、44、45、46、47、48、49、50、51、52、54、55、56、57、58,4,4,0,1.0,1.0,0.0,0.0,6818.0672,6818.0672,,0.0,1704.5168,0.0,1704.5168,1.16646,6818.0672,6816.90074,-5844.093917,0.291615,1704.5168,0.291615,1704.5168,0,4,4.0,0,4,False,False,False,False,"1[status=5.0,P=2819.62,WS=8.39] 、 2[status=5.0,P=2878.52,WS=8.27] 、 3[status=5.0,P=2607.06,WS=8.09] 、 4[status=5.0,P=2605.78,WS=7.87] 、 5[status=5.0,P=2470.05,WS=7.48] 、 6[status=5.0,P=2243.4,WS=7.51] 、 7[status=5.0,P=2121.76,WS=7.51] 、 8[status=5.0,P=2082.06,WS=7.46] 、 9[status=5.0,P=2101.27,WS=7.28] 、 10[status=5.0,P=2279.26,WS=7.42] 、 11[status=5.0,P=2228.04,WS=7.53] 、 12[status=5.0,P=2226.76,WS=7.59] 、 13[status=5.0,P=2023.16,WS=7.19] 、 14[status=5.0,P=1993.71,WS=7.42] 、 15[status=5.0,P=2059.01,WS=7.44] 、 16[status=5.0,P=1299.69,WS=6.12] 、 17[status=5.0,P=2386.82,WS=7.74] 、 18[status=5.0,P=2020.6,WS=7.54] 、 20[status=5.0,P=2413.71,WS=7.79] 、 21[status=5.0,P=1759.38,WS=7.96] 、 22[status=5.0,P=1454.63,WS=7.28] 、 23[status=5.0,P=1098.65,WS=6.31] 、 24[status=5.0,P=1172.92,WS=5.99] 、 25[status=5.0,P=1075.6,WS=5.82] 、 26[status=5.0,P=959.08,WS=5.63] 、 27[status=5.0,P=2412.43,WS=7.76] 、 28[status=5.0,P=2130.72,WS=7.28] 、 29[status=5.0,P=2238.28,WS=7.69] 、 30[status=5.0,P=2290.78,WS=7.65] 、 31[status=5.0,P=910.42,WS=7.67] 、 32[status=5.0,P=1837.49,WS=7.09] 、 33[status=5.0,P=1534.02,WS=6.42] 、 34[status=5.0,P=1472.55,WS=6.37] 、 35[status=5.0,P=1391.88,WS=6.35] 、 36[status=5.0,P=1453.35,WS=6.64] 、 37[status=5.0,P=1359.87,WS=6.3] 、 38[status=5.0,P=1133.23,WS=5.87] 、 39[status=5.0,P=1102.07,WS=6.23] 、 40[status=5.0,P=978.29,WS=5.56] 、 41[status=5.0,P=909.14,WS=5.43] 、 43[status=5.0,P=745.24,WS=5.3] 、 44[status=5.0,P=681.22,WS=5.04] 、 45[status=5.0,P=919.39,WS=5.13] 、 46[status=5.0,P=1099.51,WS=5.38] 、 47[status=5.0,P=1147.31,WS=5.76] 、 48[status=5.0,P=1108.9,WS=5.72] 、 49[status=5.0,P=935.6,WS=5.51] 、 50[status=5.0,P=1038.04,WS=5.4] 、 51[status=5.0,P=1096.09,WS=5.33] 、 52[status=5.0,P=892.92,WS=5.23] 、 54[status=5.0,P=708.53,WS=5.01] 、 55[status=5.0,P=455.0,WS=4.66] 、 56[status=5.0,P=804.14,WS=5.16] 、 57[status=5.0,P=726.46,WS=5.0] 、 58[status=5.0,P=974.02,WS=5.0]"
72,2024-02-28 10:58:00,2024-02-29 05:03:00,1086,1086,0,0.0,,49,49,0,0.04512,0.04512,0.0,24.944649,24.944649,0.0,-0.0,0.022969,0.022969,11.308138,11.308138,175.482682,175.482682,0.0,-0.0,0.161586,0.161586,11.849012,11.849012,0,0,0.0,0,0,False,False,False,False,
73,2024-02-29 05:04:00,2024-02-29 05:09:00,6,6,1,4.49449,33,2,5,3,0.333333,0.833333,0.5,0.182968,3.198373,3.015405,-16.480535,0.030495,0.533062,0.116025,0.902515,2.793968,6.110959,3.31699,-1.187197,0.465661,1.018493,0.664553,1.466297,0,0,0.0,0,6,False,False,False,False,"33[status=5.0,P=4494.49,WS=11.1]"
74,2024-02-29 05:10:00,2024-02-29 09:11:00,242,242,0,0.0,,16,16,0,0.066116,0.066116,0.0,2.795355,2.795355,0.0,-0.0,0.011551,0.011551,0.46875,0.46875,42.2337,42.2337,0.0,-0.0,0.174519,0.174519,0.974091,0.974091,0,0,0.0,0,0,False,False,False,False,
75,2024-02-29 09:12:00,2024-02-29 09:35:00,24,24,1,4.34723,33,2,21,19,0.083333,0.875,0.791667,0.283883,7.597357,7.313474,-25.762309,0.011828,0.316557,0.214033,0.834796,4.798631,19.885997,15.087366,-3.144098,0.199943,0.828583,0.746264,1.369364,0,0,0.0,0,24,False,False,False,False,"33[status=5.0,P=4347.23,WS=10.09]"
76,2024-02-29 09:36:00,2024-02-29 11:16:00,101,101,0,0.0,,2,2,0,0.019802,0.019802,0.0,0.027802,0.027802,0.0,-0.0,0.000275,0.000275,0.014652,0.014652,16.440431,16.440431,-0.0,0.0,0.162777,0.162777,0.543484,0.543484,0,0,0.0,0,0,False,False,True,False,
77,2024-02-29 11:17:00,2024-02-29 11:31:00,15,15,1,4.49449,33,0,15,15,0.0,1.0,1.0,0.0,5.04399,5.04399,,0.0,0.336266,0.0,0.545653,1.690856,13.256066,11.56521,-6.839856,0.112724,0.883738,0.343919,1.102002,0,0,0.0,0,15,False,False,False,False,"33[status=5.0,P=4494.49,WS=10.6]"
78,2024-02-29 11:32:00,2024-02-29 13:58:00,147,147,0,0.0,,5,5,0,0.034014,0.034014,0.0,0.565739,0.565739,-0.0,0.0,0.003849,0.003849,0.148544,0.148544,26.572421,26.572421,-0.0,0.0,0.180765,0.180765,0.676587,0.676587,0,0,0.0,0,0,False,True,True,False,
79,2024-02-29 13:59:00,2024-02-29 14:12:00,14,14,55,282.22531,1、2、3、4、5、6、7、8、9、10、11、12、13、14、15、16、17、18、20、21、22、23、24、25、26、27、28、30、31、32、33、34、35、36、37、38、39、40、41、43、44、45、46、47、48、49、50、51、52、53、54、55、56、57、58,5,14,9,0.357143,1.0,0.642857,0.0,75893.2604,75893.2604,,0.0,5420.947171,0.0,5429.4074,1.260977,75893.2604,75891.999423,-60185.065422,0.09007,5420.947171,0.176573,5429.4074,0,14,5.0,0,14,False,False,False,False,"1[status=5.0,P=4534.18,WS=12.3] 、 2[status=5.0,P=4452.23,WS=10.7] 、 3[status=5.0,P=4406.14,WS=10.93] 、 4[status=5.0,P=4523.94,WS=14.45] 、 5[status=5.0,P=4577.72,WS=12.68] 、 6[status=5.0,P=4562.35,WS=15.01] 、 7[status=5.0,P=4563.63,WS=15.01] 、 8[status=5.0,P=4585.4,WS=14.14] 、 9[status=5.0,P=4463.76,WS=12.68] 、 10[status=5.0,P=4631.5,WS=13.27] 、 11[status=5.0,P=4363.88,WS=10.73] 、 12[status=5.0,P=4284.49,WS=13.52] 、 13[status=5.0,P=4504.73,WS=15.23] 、 14[status=5.0,P=4386.93,WS=10.64] 、 15[status=5.0,P=4443.27,WS=14.04] 、 16[status=5.0,P=4608.45,WS=14.91] 、 17[status=5.0,P=4594.37,WS=12.66] 、 18[status=5.0,P=4570.04,WS=15.5] 、 20[status=5.0,P=4550.83,WS=14.51] 、 21[status=5.0,P=4566.2,WS=13.95] 、 22[status=5.0,P=4695.52,WS=13.57] 、 23[status=5.0,P=4529.06,WS=14.26] 、 24[status=5.0,P=4527.78,WS=15.14] 、 25[status=5.0,P=4491.93,WS=11.21] 、 26[status=5.0,P=4553.39,WS=15.49] 、 27[status=5.0,P=4658.39,WS=14.3] 、 28[status=5.0,P=4381.81,WS=10.82] 、 30[status=5.0,P=4372.84,WS=10.47] 、 31[status=5.0,P=4550.83,WS=11.82] 、 32[status=5.0,P=4463.76,WS=10.4] 、 33[status=5.0,P=4433.03,WS=10.55] 、 34[status=5.0,P=4577.72,WS=13.7] 、 35[status=5.0,P=4512.42,WS=14.46] 、 36[status=5.0,P=4509.85,WS=15.5] 、 37[status=5.0,P=4643.02,WS=11.38] 、 38[status=5.0,P=4470.16,WS=10.85] 、 39[status=5.0,P=6430.58,WS=16.05] 、 40[status=5.0,P=6507.4,WS=15.74] 、 41[status=5.0,P=6460.45,WS=12.69] 、 43[status=5.0,P=6526.19,WS=14.42] 、 44[status=5.0,P=6591.92,WS=13.65] 、 45[status=5.0,P=6521.92,WS=11.49] 、 46[status=5.0,P=6508.26,WS=13.66] 、 47[status=5.0,P=6500.58,WS=13.26] 、 48[status=5.0,P=6474.11,WS=12.57] 、 49[status=5.0,P=6477.53,WS=13.45] 、 50[status=5.0,P=6549.23,WS=12.56] 、 51[status=5.0,P=6509.97,WS=17.72] 、 52[status=5.0,P=6497.16,WS=13.31] 、 53[status=5.0,P=2488.4,WS=14.43] 、 54[status=5.0,P=6534.72,WS=14.34] 、 55[status=5.0,P=6598.75,WS=14.16] 、 56[status=5.0,P=6458.75,WS=13.43] 、 57[status=5.0,P=6491.19,WS=11.19] 、 58[status=5.0,P=6552.65,WS=14.87]"
80,2024-02-29 14:13:00,2024-03-02 05:15:00,2343,2343,0,0.0,,152,152,0,0.064874,0.064874,0.0,25.235813,25.235813,-0.0,0.0,0.010771,0.010771,1.059833,1.059833,421.493975,421.493975,0.0,-0.0,0.179895,0.179895,1.563081,1.563081,3,3,0.0,0,0,False,True,False,False,
81,2024-03-02 05:16:00,2024-03-02 05:30:00,15,15,54,70.73763,1、2、3、4、5、6、7、8、9、10、11、12、13、14、15、16、17、18、20、21、22、23、24、25、26、27、28、30、31、32、33、34、35、36、37、38、39、40、41、43、44、45、46、47、48、49、51、52、53、54、55、56、57、58,14,15,1,0.933333,1.0,0.066667,14.195976,20630.36168,20616.165704,-1452.254148,0.946398,1375.357445,2.114827,1456.3443,21.196262,20630.36168,20609.165418,-972.301879,1.413084,1375.357445,2.596503,1456.3443,5,15,0.0,0,15,False,False,False,False,"1[status=5.0,P=979.57,WS=5.78] 、 2[status=5.0,P=577.5,WS=4.75] 、 3[status=5.0,P=567.25,WS=4.81] 、 4[status=5.0,P=335.49,WS=4.03] 、 5[status=5.0,P=640.24,WS=4.78] 、 6[status=5.0,P=565.97,WS=4.71] 、 7[status=5.0,P=409.75,WS=4.71] 、 8[status=5.0,P=1222.86,WS=5.99] 、 9[status=5.0,P=1147.31,WS=5.97] 、 10[status=5.0,P=1535.3,WS=6.56] 、 11[status=5.0,P=1156.27,WS=6.03] 、 12[status=5.0,P=1357.31,WS=6.27] 、 13[status=5.0,P=1221.58,WS=6.05] 、 14[status=5.0,P=1454.63,WS=6.42] 、 15[status=5.0,P=1573.71,WS=6.86] 、 16[status=5.0,P=1669.75,WS=6.76] 、 17[status=5.0,P=1920.72,WS=6.93] 、 18[status=5.0,P=1267.68,WS=6.11] 、 20[status=5.0,P=852.8,WS=5.37] 、 21[status=5.0,P=400.79,WS=3.92] 、 22[status=5.0,P=258.66,WS=3.74] 、 23[status=5.0,P=562.13,WS=5.39] 、 24[status=5.0,P=851.52,WS=5.31] 、 25[status=5.0,P=1167.8,WS=5.91] 、 26[status=5.0,P=717.07,WS=4.92] 、 27[status=5.0,P=1099.93,WS=5.85] 、 28[status=5.0,P=1615.97,WS=6.55] 、 30[status=5.0,P=2005.23,WS=7.19] 、 31[status=5.0,P=1493.04,WS=6.36] 、 32[status=5.0,P=1295.85,WS=6.11] 、 33[status=5.0,P=1279.2,WS=6.28] 、 34[status=5.0,P=973.17,WS=5.68] 、 35[status=5.0,P=1263.83,WS=6.09] 、 36[status=5.0,P=1126.82,WS=5.94] 、 37[status=5.0,P=1537.86,WS=6.67] 、 38[status=5.0,P=1363.71,WS=6.4] 、 39[status=5.0,P=1105.48,WS=4.71] 、 40[status=5.0,P=885.24,WS=5.45] 、 41[status=5.0,P=1340.24,WS=5.95] 、 43[status=5.0,P=1703.04,WS=6.52] 、 44[status=5.0,P=1404.26,WS=6.43] 、 45[status=5.0,P=2199.01,WS=6.94] 、 46[status=5.0,P=1895.97,WS=6.19] 、 47[status=5.0,P=1213.9,WS=5.99] 、 48[status=5.0,P=2022.31,WS=7.81] 、 49[status=5.0,P=1889.99,WS=6.78] 、 51[status=5.0,P=1457.19,WS=6.97] 、 52[status=5.0,P=2189.62,WS=6.78] 、 53[status=5.0,P=1641.58,WS=6.91] 、 54[status=5.0,P=2974.13,WS=7.13] 、 55[status=5.0,P=1755.11,WS=6.89] 、 56[status=5.0,P=2113.65,WS=6.89] 、 57[status=5.0,P=1428.16,WS=6.36] 、 58[status=5.0,P=2050.48,WS=6.87]"
82,2024-03-02 05:31:00,2024-03-02 05:31:00,1,1,19,32.63307,38、39、40、41、43、44、45、46、47、48、49、51、52、53、54、55、56、57、58,1,1,0,1.0,1.0,0.0,1.973819,17.018841,15.045022,-7.622292,1.973819,17.018841,1.973819,17.018841,2.463065,17.543277,15.080212,-6.12254,2.463065,17.543277,2.463065,17.543277,0,1,0.0,0,1,False,False,False,False,"38[status=5.0,P=1363.71,WS=6.4] 、 39[status=5.0,P=1105.48,WS=4.71] 、 40[status=5.0,P=885.24,WS=5.45] 、 41[status=5.0,P=1340.24,WS=5.95] 、 43[status=5.0,P=1703.04,WS=6.52] 、 44[status=5.0,P=1404.26,WS=6.43] 、 45[status=5.0,P=2199.01,WS=6.94] 、 46[status=5.0,P=1895.97,WS=6.19] 、 47[status=5.0,P=1213.9,WS=5.99] 、 48[status=5.0,P=2022.31,WS=7.81] 、 49[status=5.0,P=1889.99,WS=6.78] 、 51[status=5.0,P=1457.19,WS=6.97] 、 52[status=5.0,P=2189.62,WS=6.78] 、 53[status=5.0,P=1641.58,WS=6.91] 、 54[status=5.0,P=2974.13,WS=7.13] 、 55[status=5.0,P=1755.11,WS=6.89] 、 56[status=5.0,P=2113.65,WS=6.89] 、 57[status=5.0,P=1428.16,WS=6.36] 、 58[status=5.0,P=2050.48,WS=6.87]"
83,2024-03-02 05:32:00,2024-03-04 10:38:00,3187,3187,0,0.0,,171,171,0,0.053655,0.053655,0.0,23.986223,23.986223,-0.0,0.0,0.007526,0.007526,0.721703,0.721703,607.957013,607.957013,-0.0,0.0,0.190762,0.190762,1.230839,1.230839,1,1,1.0,0,0,False,True,True,False,
84,2024-03-04 10:39:00,2024-03-04 10:42:00,4,4,57,293.17463,1、2、3、4、5、6、7、8、9、10、11、12、13、14、15、16、17、18、19、20、21、22、23、24、25、26、27、28、30、31、32、33、34、35、36、37、38、39、40、41、42、43、44、45、46、47、48、49、50、51、52、53、54、55、56、57、58,4,4,0,1.0,1.0,0.0,0.0,22520.432,22520.432,,0.0,5630.108,0.0,5630.108,0.365708,22520.432,22520.066292,-61579.422369,0.091427,5630.108,0.091427,5630.108,0,4,4.0,0,4,False,False,False,False,"1[status=5.0,P=4525.22,WS=13.44] 、 2[status=5.0,P=4504.73,WS=14.29] 、 3[status=5.0,P=4532.9,WS=14.98] 、 4[status=5.0,P=4444.55,WS=10.83] 、 5[status=5.0,P=4538.02,WS=12.6] 、 6[status=5.0,P=4456.07,WS=10.33] 、 7[status=5.0,P=4554.67,WS=10.33] 、 8[status=5.0,P=4611.01,WS=14.25] 、 9[status=5.0,P=4503.45,WS=14.48] 、 10[status=5.0,P=4470.16,WS=10.96] 、 11[status=5.0,P=4538.02,WS=14.87] 、 12[status=5.0,P=4495.77,WS=11.42] 、 13[status=5.0,P=4552.11,WS=15.13] 、 14[status=5.0,P=4658.39,WS=14.15] 、 15[status=5.0,P=4462.48,WS=10.89] 、 16[status=5.0,P=4219.19,WS=13.89] 、 17[status=5.0,P=4476.56,WS=10.78] 、 18[status=5.0,P=4480.4,WS=11.14] 、 19[status=5.0,P=4536.74,WS=13.86] 、 20[status=5.0,P=4544.43,WS=12.43] 、 21[status=5.0,P=4489.37,WS=13.13] 、 22[status=5.0,P=4536.74,WS=12.91] 、 23[status=5.0,P=4554.67,WS=13.4] 、 24[status=5.0,P=4630.22,WS=13.07] 、 25[status=5.0,P=4607.17,WS=13.15] 、 26[status=5.0,P=4640.46,WS=13.86] 、 27[status=5.0,P=4523.94,WS=12.73] 、 28[status=5.0,P=4525.22,WS=12.8] 、 30[status=5.0,P=4581.56,WS=13.25] 、 31[status=5.0,P=4596.93,WS=11.87] 、 32[status=5.0,P=4546.99,WS=13.49] 、 33[status=5.0,P=4463.76,WS=10.73] 、 34[status=5.0,P=4507.29,WS=12.86] 、 35[status=5.0,P=4502.17,WS=14.07] 、 36[status=5.0,P=4532.9,WS=13.77] 、 37[status=5.0,P=4523.94,WS=13.76] 、 38[status=5.0,P=4536.74,WS=14.75] 、 39[status=5.0,P=6463.01,WS=12.53] 、 40[status=5.0,P=6544.11,WS=14.72] 、 41[status=5.0,P=6405.82,WS=15.49] 、 42[status=5.0,P=6470.7,WS=15.66] 、 43[status=5.0,P=6512.53,WS=14.69] 、 44[status=5.0,P=6498.01,WS=11.9] 、 45[status=5.0,P=6390.45,WS=14.47] 、 46[status=5.0,P=6523.62,WS=14.28] 、 47[status=5.0,P=2517.43,WS=14.73] 、 48[status=5.0,P=6497.16,WS=13.79] 、 49[status=5.0,P=6505.7,WS=15.09] 、 50[status=5.0,P=6515.94,WS=15.2] 、 51[status=5.0,P=6494.6,WS=14.67] 、 52[status=5.0,P=6501.43,WS=15.3] 、 53[status=5.0,P=6486.06,WS=15.29] 、 54[status=5.0,P=6490.33,WS=15.22] 、 55[status=5.0,P=6499.72,WS=15.17] 、 56[status=5.0,P=6473.26,WS=15.39] 、 57[status=5.0,P=6509.97,WS=15.46] 、 58[status=5.0,P=6469.84,WS=14.01]"
85,2024-03-04 10:43:00,2024-03-05 02:03:00,921,921,0,0.0,,91,91,0,0.098806,0.098806,0.0,32.500195,32.500195,-0.0,0.0,0.035288,0.035288,2.085654,2.085654,205.967563,205.967563,0.0,-0.0,0.223635,0.223635,2.581236,2.581236,6,6,0.0,0,0,False,True,False,False,
86,2024-03-05 02:04:00,2024-03-05 02:15:00,12,12,1,0.91298,20,6,5,-1,0.5,0.416667,-0.083333,4.318272,1.382528,-2.935744,0.679842,0.359856,0.115211,1.334793,0.794745,9.178788,5.574956,-3.603832,0.392626,0.764899,0.46458,1.83852,1.303834,0,0,0.0,0,12,True,True,True,False,"20[status=5.0,P=912.98,WS=5.37]"
87,2024-03-05 02:16:00,2024-03-10 12:15:00,7800,7800,0,0.0,,385,385,0,0.049359,0.049359,0.0,78.419978,78.419978,0.0,-0.0,0.010054,0.010054,7.08899,7.08899,1287.381702,1287.381702,-0.0,0.0,0.165049,0.165049,7.572571,7.572571,5,5,0.0,0,0,False,False,True,False,
88,2024-03-10 12:16:00,2024-03-10 12:35:00,20,20,1,0.73756,15,2,3,1,0.1,0.15,0.05,0.121145,0.513743,0.392598,-3.240729,0.006057,0.025687,0.100931,0.349755,3.848418,6.749694,2.901276,-0.753888,0.192421,0.337485,0.594008,0.88292,0,0,0.0,0,20,False,False,False,False,"15[status=5.0,P=737.56,WS=4.93]"
89,2024-03-10 12:36:00,2024-03-14 19:36:00,6181,6181,0,0.0,,396,396,0,0.064067,0.064067,0.0,108.174092,108.174092,0.0,-0.0,0.017501,0.017501,5.081504,5.081504,1144.994616,1144.994616,-0.0,0.0,0.185244,0.185244,5.778214,5.778214,15,15,0.0,0,0,False,False,True,False,
90,2024-03-14 19:37:00,2024-03-14 19:42:00,6,6,1,0.36024,42,3,5,2,0.5,0.833333,0.333333,1.019894,1.804322,0.784428,-0.769127,0.169982,0.30072,0.456352,0.704539,3.110841,4.510403,1.399562,-0.449898,0.518473,0.751734,0.918295,1.168125,0,1,0.0,0,6,False,False,False,False,"42[status=5.0,P=360.24,WS=4.05]"
91,2024-03-14 19:43:00,2024-03-23 02:13:00,11911,11900,0,0.0,,511,511,0,0.042902,0.042902,0.0,90.124686,90.124686,-0.0,0.0,0.007574,0.007574,4.74225,4.74225,1932.140638,1932.140638,0.0,-0.0,0.162365,0.162365,5.241353,5.241353,7,7,0.0,0,0,False,True,False,False,
92,2024-03-23 02:14:00,2024-03-23 04:09:00,116,116,1,0.42768,33,55,84,29,0.474138,0.724138,0.25,11.159118,23.120235,11.961118,-1.071869,0.096199,0.199312,0.800924,1.077644,57.39555,76.654525,19.258974,-0.335548,0.494789,0.660815,1.304063,1.578397,1,6,0.0,0,116,False,False,False,False,"33[status=5.0,P=427.68,WS=4.45]"
93,2024-03-23 04:10:00,2024-03-24 09:51:00,1782,1782,0,0.0,,209,209,0,0.117284,0.117284,0.0,62.041763,62.041763,-0.0,0.0,0.034816,0.034816,2.083439,2.083439,419.306339,419.306339,-0.0,0.0,0.235301,0.235301,2.5727,2.5727,22,22,0.0,0,0,False,True,True,False,
94,2024-03-24 09:52:00,2024-03-24 10:15:00,24,24,1,4.52778,33,1,22,21,0.041667,0.916667,0.875,0.57996,6.4433,5.86334,-10.109898,0.024165,0.268471,0.57996,0.554388,4.121825,18.633782,14.511957,-3.520761,0.171743,0.776408,1.092918,1.079731,0,0,0.0,0,24,False,False,False,False,"33[status=5.0,P=4527.78,WS=11.34]"
95,2024-03-24 10:16:00,2024-03-24 10:54:00,39,39,0,0.0,,1,1,0,0.025641,0.025641,0.0,0.08129,0.08129,0.0,0.0,0.002084,0.002084,0.08129,0.08129,5.957524,5.957524,0.0,-0.0,0.152757,0.152757,0.592987,0.592987,0,0,0.0,0,0,False,False,False,False,
96,2024-03-24 10:55:00,2024-03-25 02:19:00,925,925,1,4.55211,33,323,677,354,0.349189,0.731892,0.382703,155.293555,224.008568,68.715013,-0.442485,0.167885,0.242171,2.361458,1.451167,442.022615,651.407365,209.38475,-0.473697,0.477862,0.704224,2.912226,1.962985,1,101,0.0,0,925,False,False,False,False,"33[status=5.0,P=4552.11,WS=10.59]"
97,2024-03-25 02:20:00,2024-03-28 04:08:00,4429,4429,0,0.0,,391,391,0,0.088282,0.088282,0.0,95.545079,95.545079,0.0,-0.0,0.021573,0.021573,2.11651,2.11651,930.805192,930.805192,0.0,-0.0,0.210161,0.210161,2.637417,2.637417,20,20,0.0,0,0,False,False,False,False,
98,2024-03-28 04:09:00,2024-03-28 04:12:00,4,4,1,0.46353,33,1,4,3,0.25,1.0,0.75,0.09778,0.5289,0.43112,-4.409068,0.024445,0.132225,0.09778,0.377986,1.17022,2.272457,1.102237,-0.941906,0.292555,0.568114,0.53596,0.814549,0,0,0.0,0,4,False,False,False,False,"33[status=5.0,P=463.53,WS=4.53]"
99,2024-03-28 04:13:00,2024-03-29 15:27:00,2115,2115,0,0.0,,501,501,0,0.236879,0.236879,0.0,130.274781,130.274781,-0.0,0.0,0.061596,0.061596,1.374169,1.374169,669.02884,669.02884,-0.0,0.0,0.316326,0.316326,1.875102,1.875102,38,38,0.0,0,0,False,True,True,False,
100,2024-03-29 15:28:00,2024-03-29 15:31:00,4,4,58,36.91751,1、2、3、4、5、6、7、8、9、10、11、12、13、14、15、16、17、18、19、20、21、22、23、24、25、26、27、28、29、30、31、32、33、34、35、36、37、38、39、40、41、42、43、44、45、46、47、48、49、50、51、52、53、54、55、56、57、58,4,4,0,1.0,1.0,0.0,0.0,2803.06216,2803.06216,,0.0,700.76554,0.0,700.76554,0.526889,2803.06216,2802.535271,-5319.02591,0.131722,700.76554,0.131722,700.76554,0,4,4.0,0,4,False,False,False,False,"1[status=5.0,P=806.7,WS=5.39] 、 2[status=5.0,P=765.73,WS=5.4] 、 3[status=5.0,P=778.53,WS=5.34] 、 4[status=5.0,P=773.41,WS=5.23] 、 5[status=5.0,P=829.75,WS=5.52] 、 6[status=5.0,P=758.04,WS=5.53] 、 7[status=5.0,P=800.3,WS=5.53] 、 8[status=5.0,P=750.36,WS=5.28] 、 9[status=5.0,P=699.14,WS=5.11] 、 10[status=5.0,P=779.81,WS=5.27] 、 11[status=5.0,P=786.22,WS=5.29] 、 12[status=5.0,P=872.01,WS=5.66] 、 13[status=5.0,P=971.89,WS=5.78] 、 14[status=5.0,P=1037.19,WS=5.9] 、 15[status=5.0,P=1071.76,WS=5.98] 、 16[status=5.0,P=983.41,WS=5.91] 、 17[status=5.0,P=1151.15,WS=6.2] 、 18[status=5.0,P=1084.57,WS=5.9] 、 19[status=5.0,P=783.65,WS=5.45] 、 20[status=5.0,P=704.26,WS=5.13] 、 21[status=5.0,P=432.8,WS=4.22] 、 22[status=5.0,P=473.78,WS=5.15] 、 23[status=5.0,P=413.6,WS=4.53] 、 24[status=5.0,P=724.75,WS=5.17] 、 25[status=5.0,P=577.5,WS=4.84] 、 26[status=5.0,P=749.08,WS=5.09] 、 27[status=5.0,P=385.42,WS=4.3] 、 28[status=5.0,P=509.63,WS=4.79] 、 29[status=5.0,P=371.34,WS=4.16] 、 30[status=5.0,P=494.27,WS=4.49] 、 31[status=5.0,P=669.69,WS=5.23] 、 32[status=5.0,P=810.54,WS=5.47] 、 33[status=5.0,P=605.67,WS=4.81] 、 34[status=5.0,P=613.35,WS=4.93] 、 35[status=5.0,P=569.81,WS=4.84] 、 36[status=5.0,P=306.03,WS=3.92] 、 37[status=5.0,P=542.92,WS=4.68] 、 38[status=5.0,P=476.34,WS=4.61] 、 39[status=5.0,P=547.19,WS=4.87] 、 40[status=5.0,P=552.31,WS=4.51] 、 41[status=5.0,P=468.66,WS=4.71] 、 42[status=5.0,P=542.07,WS=4.69] 、 43[status=5.0,P=656.46,WS=4.75] 、 44[status=5.0,P=638.53,WS=4.85] 、 45[status=5.0,P=607.8,WS=4.67] 、 46[status=5.0,P=673.53,WS=5.06] 、 47[status=5.0,P=892.92,WS=5.28] 、 48[status=5.0,P=503.66,WS=4.61] 、 49[status=5.0,P=331.22,WS=4.36] 、 50[status=5.0,P=353.41,WS=4.59] 、 51[status=5.0,P=402.07,WS=4.42] 、 52[status=5.0,P=369.63,WS=4.41] 、 53[status=5.0,P=251.83,WS=4.22] 、 54[status=5.0,P=571.09,WS=4.77] 、 55[status=5.0,P=198.9,WS=4.31] 、 56[status=5.0,P=527.56,WS=4.87] 、 57[status=5.0,P=214.27,WS=4.61] 、 58[status=5.0,P=700.0,WS=5.02]"
101,2024-03-29 15:32:00,2024-03-30 11:38:00,1207,1207,0,0.0,,54,54,0,0.044739,0.044739,0.0,11.99146,11.99146,0.0,-0.0,0.009935,0.009935,1.427549,1.427549,188.345275,188.345275,0.0,-0.0,0.156044,0.156044,1.916933,1.916933,4,4,8.0,0,0,False,False,False,False,
102,2024-03-30 11:39:00,2024-03-30 16:11:00,273,273,1,6e-05,11,28,28,0,0.102564,0.102564,0.0,6.181537,6.181157,-0.00038,6.1e-05,0.022643,0.022642,1.052055,1.052086,65.399399,65.397683,-0.001716,2.6e-05,0.239558,0.239552,1.567093,1.567125,1,1,0.0,0,273,False,True,True,False,"11[status=6.0,P=0.06,WS=5.83]"
103,2024-03-30 16:12:00,2024-04-09 07:08:00,13857,13845,0,0.0,,1035,1035,0,0.074691,0.074691,0.0,281.465212,281.465212,-0.0,0.0,0.02033,0.02033,22.13513,22.13513,2662.821846,2662.821846,0.0,-0.0,0.192331,0.192331,22.65769,22.65769,24,24,15.0,0,0,False,True,False,False,
104,2024-04-09 07:09:00,2024-04-09 09:49:00,161,161,1,0.13332,15,5,5,0,0.031056,0.031056,0.0,1.167568,1.206379,0.038811,-0.033241,0.007252,0.007493,0.754178,0.737186,26.175631,26.532703,0.357071,-0.013641,0.162582,0.164799,1.254959,1.238118,0,0,0.0,0,161,False,False,False,False,"15[status=2.0,P=133.32,WS=7.47]"
105,2024-04-09 09:50:00,2024-04-09 12:58:00,189,189,2,0.1334,11、15,6,7,1,0.031746,0.037037,0.005291,0.487794,0.423418,-0.064376,0.131973,0.002581,0.00224,0.152588,0.116056,32.807728,32.273416,-0.534313,0.016286,0.173586,0.170759,0.652512,0.574458,0,0,0.0,0,189,False,True,True,False,"11[status=6.0,P=0.08,WS=6.42] 、 15[status=2.0,P=133.32,WS=7.47]"
106,2024-04-09 12:59:00,2024-04-09 19:02:00,364,364,1,0.13332,15,2,1,-1,0.005495,0.002747,-0.002747,0.069987,2.504635,2.434648,-34.78715,0.000192,0.006881,0.039445,2.504635,35.320405,34.476843,-0.843561,0.023883,0.097034,0.094717,0.847483,3.255086,0,0,0.0,0,364,True,False,True,False,"15[status=2.0,P=133.32,WS=7.47]"
107,2024-04-09 19:03:00,2024-04-11 12:55:00,2513,2513,0,0.0,,204,204,0,0.081178,0.081178,0.0,162.983752,162.983752,0.0,-0.0,0.064856,0.064856,9.765812,9.765812,568.199911,568.199911,-0.0,0.0,0.226104,0.226104,10.270217,10.270217,19,19,4.0,0,0,False,False,True,False,
108,2024-04-11 12:56:00,2024-04-11 13:52:00,57,57,19,21.99184,39、40、41、42、43、44、45、46、47、48、49、50、51、52、53、54、55、57、58,41,57,16,0.719298,1.0,0.280702,103.527667,655.627973,552.100307,-5.332877,1.816275,11.502245,6.887443,14.588791,126.365269,683.229677,556.864408,-4.406784,2.216935,11.986486,7.364721,15.112676,4,57,0.0,0,57,False,False,False,False,"39[status=5.0,P=792.19,WS=4.95] 、 40[status=5.0,P=811.82,WS=5.27] 、 41[status=5.0,P=895.48,WS=5.17] 、 42[status=5.0,P=1139.63,WS=5.91] 、 43[status=5.0,P=590.73,WS=4.85] 、 44[status=5.0,P=710.24,WS=5.27] 、 45[status=5.0,P=791.34,WS=5.34] 、 46[status=5.0,P=851.95,WS=5.19] 、 47[status=5.0,P=1016.7,WS=5.59] 、 48[status=5.0,P=1412.8,WS=7.51] 、 49[status=5.0,P=1399.99,WS=7.18] 、 50[status=5.0,P=1392.31,WS=6.28] 、 51[status=5.0,P=1321.46,WS=6.93] 、 52[status=5.0,P=1417.92,WS=6.36] 、 53[status=5.0,P=1493.04,WS=6.42] 、 54[status=5.0,P=1538.28,WS=6.53] 、 55[status=5.0,P=1440.97,WS=6.9] 、 57[status=5.0,P=1571.58,WS=6.6] 、 58[status=5.0,P=1403.41,WS=7.36]"
109,2024-04-11 13:53:00,2024-04-11 14:14:00,22,22,55,41.38985,1、2、3、4、5、7、8、9、10、11、12、13、14、15、16、17、18、19、20、21、22、24、25、26、27、28、29、30、31、32、33、34、35、36、37、38、39、40、41、42、43、44、45、46、47、48、49、50、51、52、53、54、55、57、58,22,22,0,1.0,1.0,0.0,185.611428,11205.24292,11019.631492,-59.369359,8.436883,509.329224,9.358477,549.9286,196.04865,11205.24292,11009.19427,-56.15542,8.911302,509.329224,9.832896,549.9286,0,22,0.0,0,22,False,False,False,False,"1[status=5.0,P=742.68,WS=5.12] 、 2[status=5.0,P=614.63,WS=4.77] 、 3[status=5.0,P=471.22,WS=4.38] 、 4[status=5.0,P=480.18,WS=4.45] 、 5[status=5.0,P=574.94,WS=4.82] 、 7[status=5.0,P=404.63,WS=6.43] 、 8[status=5.0,P=431.52,WS=4.38] 、 9[status=5.0,P=485.3,WS=4.62] 、 10[status=5.0,P=294.51,WS=3.96] 、 11[status=5.0,P=409.75,WS=4.23] 、 12[status=5.0,P=380.3,WS=4.29] 、 13[status=5.0,P=427.68,WS=4.27] 、 14[status=5.0,P=396.95,WS=4.22] 、 15[status=5.0,P=376.46,WS=3.92] 、 16[status=5.0,P=294.51,WS=3.78] 、 17[status=5.0,P=414.88,WS=4.28] 、 18[status=5.0,P=334.21,WS=4.02] 、 19[status=5.0,P=878.41,WS=5.29] 、 20[status=5.0,P=740.12,WS=5.05] 、 21[status=5.0,P=343.17,WS=3.62] 、 22[status=5.0,P=201.04,WS=4.13] 、 24[status=5.0,P=508.35,WS=4.5] 、 25[status=5.0,P=394.39,WS=4.22] 、 26[status=5.0,P=355.97,WS=4.04] 、 27[status=5.0,P=751.64,WS=5.04] 、 28[status=5.0,P=747.8,WS=5.14] 、 29[status=5.0,P=742.68,WS=5.09] 、 30[status=5.0,P=706.83,WS=5.0] 、 31[status=5.0,P=669.69,WS=4.9] 、 32[status=5.0,P=694.02,WS=4.92] 、 33[status=5.0,P=685.06,WS=4.96] 、 34[status=5.0,P=687.62,WS=4.95] 、 35[status=5.0,P=700.42,WS=5.01] 、 36[status=5.0,P=688.9,WS=5.06] 、 37[status=5.0,P=695.3,WS=5.04] 、 38[status=5.0,P=672.25,WS=4.92] 、 39[status=5.0,P=792.19,WS=4.95] 、 40[status=5.0,P=811.82,WS=5.27] 、 41[status=5.0,P=895.48,WS=5.17] 、 42[status=5.0,P=1139.63,WS=5.91] 、 43[status=5.0,P=590.73,WS=4.85] 、 44[status=5.0,P=710.24,WS=5.27] 、 45[status=5.0,P=791.34,WS=5.34] 、 46[status=5.0,P=851.95,WS=5.19] 、 47[status=5.0,P=1016.7,WS=5.59] 、 48[status=5.0,P=1412.8,WS=7.51] 、 49[status=5.0,P=1399.99,WS=7.18] 、 50[status=5.0,P=1392.31,WS=6.28] 、 51[status=5.0,P=1321.46,WS=6.93] 、 52[status=5.0,P=1417.92,WS=6.36] 、 53[status=5.0,P=1493.04,WS=6.42] 、 54[status=5.0,P=1538.28,WS=6.53] 、 55[status=5.0,P=1440.97,WS=6.9] 、 57[status=5.0,P=1571.58,WS=6.6] 、 58[status=5.0,P=1403.41,WS=7.36]"
110,2024-04-11 14:15:00,2024-04-11 14:36:00,22,22,54,40.72016,1、2、3、4、5、7、8、9、10、11、12、13、14、15、16、17、18、19、20、21、22、24、25、26、27、28、29、30、32、33、34、35、36、37、38、39、40、41、42、43、44、45、46、47、48、49、50、51、52、53、54、55、57、58,18,22,4,0.818182,1.0,0.181818,31.523491,16983.36912,16951.845629,-537.752805,1.432886,771.971324,5.833729,853.9848,41.630149,16983.36912,16941.738971,-406.958405,1.892279,771.971324,6.303784,853.9848,10,22,0.0,0,22,False,False,False,False,"1[status=5.0,P=742.68,WS=5.12] 、 2[status=5.0,P=614.63,WS=4.77] 、 3[status=5.0,P=471.22,WS=4.38] 、 4[status=5.0,P=480.18,WS=4.45] 、 5[status=5.0,P=574.94,WS=4.82] 、 7[status=5.0,P=404.63,WS=6.43] 、 8[status=5.0,P=431.52,WS=4.38] 、 9[status=5.0,P=485.3,WS=4.62] 、 10[status=5.0,P=294.51,WS=3.96] 、 11[status=5.0,P=409.75,WS=4.23] 、 12[status=5.0,P=380.3,WS=4.29] 、 13[status=5.0,P=427.68,WS=4.27] 、 14[status=5.0,P=396.95,WS=4.22] 、 15[status=5.0,P=376.46,WS=3.92] 、 16[status=5.0,P=294.51,WS=3.78] 、 17[status=5.0,P=414.88,WS=4.28] 、 18[status=5.0,P=334.21,WS=4.02] 、 19[status=5.0,P=878.41,WS=5.29] 、 20[status=5.0,P=740.12,WS=5.05] 、 21[status=5.0,P=343.17,WS=3.62] 、 22[status=5.0,P=201.04,WS=4.13] 、 24[status=5.0,P=508.35,WS=4.5] 、 25[status=5.0,P=394.39,WS=4.22] 、 26[status=5.0,P=355.97,WS=4.04] 、 27[status=5.0,P=751.64,WS=5.04] 、 28[status=5.0,P=747.8,WS=5.14] 、 29[status=5.0,P=742.68,WS=5.09] 、 30[status=5.0,P=706.83,WS=5.0] 、 32[status=5.0,P=694.02,WS=4.92] 、 33[status=5.0,P=685.06,WS=4.96] 、 34[status=5.0,P=687.62,WS=4.95] 、 35[status=5.0,P=700.42,WS=5.01] 、 36[status=5.0,P=688.9,WS=5.06] 、 37[status=5.0,P=695.3,WS=5.04] 、 38[status=5.0,P=672.25,WS=4.92] 、 39[status=5.0,P=792.19,WS=4.95] 、 40[status=5.0,P=811.82,WS=5.27] 、 41[status=5.0,P=895.48,WS=5.17] 、 42[status=5.0,P=1139.63,WS=5.91] 、 43[status=5.0,P=590.73,WS=4.85] 、 44[status=5.0,P=710.24,WS=5.27] 、 45[status=5.0,P=791.34,WS=5.34] 、 46[status=5.0,P=851.95,WS=5.19] 、 47[status=5.0,P=1016.7,WS=5.59] 、 48[status=5.0,P=1412.8,WS=7.51] 、 49[status=5.0,P=1399.99,WS=7.18] 、 50[status=5.0,P=1392.31,WS=6.28] 、 51[status=5.0,P=1321.46,WS=6.93] 、 52[status=5.0,P=1417.92,WS=6.36] 、 53[status=5.0,P=1493.04,WS=6.42] 、 54[status=5.0,P=1538.28,WS=6.53] 、 55[status=5.0,P=1440.97,WS=6.9] 、 57[status=5.0,P=1571.58,WS=6.6] 、 58[status=5.0,P=1403.41,WS=7.36]"
111,2024-04-11 14:37:00,2024-04-11 16:18:00,102,102,19,21.99184,39、40、41、42、43、44、45、46、47、48、49、50、51、52、53、54、55、57、58,100,102,2,0.980392,1.0,0.019608,361.276979,1401.305282,1040.028303,-2.878756,3.541931,13.738287,5.797043,21.27588,412.40891,1451.697177,1039.288267,-2.520043,4.043225,14.232325,6.301098,21.781144,43,102,0.0,0,102,False,False,False,False,"39[status=5.0,P=792.19,WS=4.95] 、 40[status=5.0,P=811.82,WS=5.27] 、 41[status=5.0,P=895.48,WS=5.17] 、 42[status=5.0,P=1139.63,WS=5.91] 、 43[status=5.0,P=590.73,WS=4.85] 、 44[status=5.0,P=710.24,WS=5.27] 、 45[status=5.0,P=791.34,WS=5.34] 、 46[status=5.0,P=851.95,WS=5.19] 、 47[status=5.0,P=1016.7,WS=5.59] 、 48[status=5.0,P=1412.8,WS=7.51] 、 49[status=5.0,P=1399.99,WS=7.18] 、 50[status=5.0,P=1392.31,WS=6.28] 、 51[status=5.0,P=1321.46,WS=6.93] 、 52[status=5.0,P=1417.92,WS=6.36] 、 53[status=5.0,P=1493.04,WS=6.42] 、 54[status=5.0,P=1538.28,WS=6.53] 、 55[status=5.0,P=1440.97,WS=6.9] 、 57[status=5.0,P=1571.58,WS=6.6] 、 58[status=5.0,P=1403.41,WS=7.36]"
112,2024-04-11 16:19:00,2024-04-12 10:49:00,1111,1111,0,0.0,,10,10,0,0.009001,0.009001,0.0,0.526839,0.526839,0.0,-0.0,0.000474,0.000474,0.189959,0.189959,138.299428,138.299428,0.0,-0.0,0.124482,0.124482,0.68125,0.68125,0,0,0.0,0,0,False,False,False,False,
113,2024-04-12 10:50:00,2024-04-12 10:54:00,5,5,58,217.1474,1、2、3、4、5、6、7、8、9、10、11、12、13、14、15、16、17、18、19、20、21、22、23、24、25、26、27、28、29、30、31、32、33、34、35、36、37、38、39、40、41、42、43、44、45、46、47、48、49、50、51、52、53、54、55、56、57、58,0,5,5,0.0,1.0,1.0,0.0,21141.7124,21141.7124,,0.0,4228.34248,0.0,4253.277,1.123285,21141.7124,21140.589115,-18820.32344,0.224657,4228.34248,0.409323,4253.277,0,5,0.0,0,5,False,False,False,False,"1[status=5.0,P=4504.73,WS=11.58] 、 2[status=5.0,P=4151.32,WS=9.61] 、 3[status=5.0,P=4303.7,WS=9.86] 、 4[status=5.0,P=3281.87,WS=8.47] 、 5[status=5.0,P=3993.82,WS=9.24] 、 6[status=5.0,P=3940.04,WS=9.11] 、 7[status=5.0,P=3715.96,WS=9.11] 、 8[status=5.0,P=3267.79,WS=8.33] 、 9[status=5.0,P=3631.44,WS=8.96] 、 10[status=5.0,P=3443.21,WS=8.94] 、 11[status=5.0,P=2717.18,WS=7.85] 、 12[status=5.0,P=2998.89,WS=8.42] 、 13[status=5.0,P=2074.38,WS=7.19] 、 14[status=5.0,P=2505.9,WS=7.55] 、 15[status=5.0,P=2260.05,WS=7.29] 、 16[status=5.0,P=2012.92,WS=7.25] 、 17[status=5.0,P=2161.45,WS=7.42] 、 18[status=5.0,P=2009.07,WS=7.21] 、 19[status=5.0,P=4522.66,WS=11.14] 、 20[status=5.0,P=3470.1,WS=8.94] 、 21[status=5.0,P=3936.2,WS=10.59] 、 22[status=5.0,P=3266.51,WS=8.99] 、 23[status=5.0,P=3931.08,WS=9.36] 、 24[status=5.0,P=4550.83,WS=9.58] 、 25[status=5.0,P=3899.06,WS=9.09] 、 26[status=5.0,P=3488.03,WS=8.78] 、 27[status=5.0,P=4509.85,WS=9.94] 、 28[status=5.0,P=4331.87,WS=9.87] 、 29[status=5.0,P=4534.18,WS=10.91] 、 30[status=5.0,P=4536.74,WS=10.62] 、 31[status=5.0,P=4568.76,WS=10.47] 、 32[status=5.0,P=4526.5,WS=10.43] 、 33[status=5.0,P=4539.31,WS=10.34] 、 34[status=5.0,P=4513.7,WS=10.34] 、 35[status=5.0,P=4330.59,WS=10.0] 、 36[status=5.0,P=4128.27,WS=9.96] 、 37[status=5.0,P=4139.79,WS=9.6] 、 38[status=5.0,P=4185.89,WS=9.58] 、 39[status=5.0,P=4205.1,WS=8.02] 、 40[status=5.0,P=4281.08,WS=9.02] 、 41[status=5.0,P=3655.35,WS=8.33] 、 42[status=5.0,P=2986.94,WS=7.81] 、 43[status=5.0,P=2960.47,WS=7.96] 、 44[status=5.0,P=3228.52,WS=8.15] 、 45[status=5.0,P=3037.3,WS=7.98] 、 46[status=5.0,P=2889.62,WS=7.07] 、 47[status=5.0,P=2759.86,WS=7.56] 、 48[status=5.0,P=4793.27,WS=9.44] 、 49[status=5.0,P=4910.22,WS=9.42] 、 50[status=5.0,P=4840.22,WS=8.92] 、 51[status=5.0,P=4412.54,WS=8.61] 、 52[status=5.0,P=4287.9,WS=8.77] 、 53[status=5.0,P=4267.42,WS=8.74] 、 54[status=5.0,P=4048.03,WS=8.51] 、 55[status=5.0,P=3948.15,WS=8.53] 、 56[status=5.0,P=3692.05,WS=8.37] 、 57[status=5.0,P=3508.52,WS=8.21] 、 58[status=5.0,P=3551.2,WS=7.53]"
114,2024-04-12 10:55:00,2024-04-12 10:56:00,2,2,38,140.88364,1、2、3、4、5、6、7、8、9、10、11、12、13、14、15、16、17、18、19、20、21、22、23、24、25、26、27、28、29、30、31、32、33、34、35、36、37、38,0,2,2,0.0,1.0,1.0,0.0,143.284562,143.284562,,0.0,71.642281,0.0,72.371201,0.506385,144.297776,143.791391,-283.956523,0.253193,72.148888,0.267414,72.879954,0,2,0.0,0,2,False,False,False,False,"1[status=5.0,P=4504.73,WS=11.58] 、 2[status=5.0,P=4151.32,WS=9.61] 、 3[status=5.0,P=4303.7,WS=9.86] 、 4[status=5.0,P=3281.87,WS=8.47] 、 5[status=5.0,P=3993.82,WS=9.24] 、 6[status=5.0,P=3940.04,WS=9.11] 、 7[status=5.0,P=3715.96,WS=9.11] 、 8[status=5.0,P=3267.79,WS=8.33] 、 9[status=5.0,P=3631.44,WS=8.96] 、 10[status=5.0,P=3443.21,WS=8.94] 、 11[status=5.0,P=2717.18,WS=7.85] 、 12[status=5.0,P=2998.89,WS=8.42] 、 13[status=5.0,P=2074.38,WS=7.19] 、 14[status=5.0,P=2505.9,WS=7.55] 、 15[status=5.0,P=2260.05,WS=7.29] 、 16[status=5.0,P=2012.92,WS=7.25] 、 17[status=5.0,P=2161.45,WS=7.42] 、 18[status=5.0,P=2009.07,WS=7.21] 、 19[status=5.0,P=4522.66,WS=11.14] 、 20[status=5.0,P=3470.1,WS=8.94] 、 21[status=5.0,P=3936.2,WS=10.59] 、 22[status=5.0,P=3266.51,WS=8.99] 、 23[status=5.0,P=3931.08,WS=9.36] 、 24[status=5.0,P=4550.83,WS=9.58] 、 25[status=5.0,P=3899.06,WS=9.09] 、 26[status=5.0,P=3488.03,WS=8.78] 、 27[status=5.0,P=4509.85,WS=9.94] 、 28[status=5.0,P=4331.87,WS=9.87] 、 29[status=5.0,P=4534.18,WS=10.91] 、 30[status=5.0,P=4536.74,WS=10.62] 、 31[status=5.0,P=4568.76,WS=10.47] 、 32[status=5.0,P=4526.5,WS=10.43] 、 33[status=5.0,P=4539.31,WS=10.34] 、 34[status=5.0,P=4513.7,WS=10.34] 、 35[status=5.0,P=4330.59,WS=10.0] 、 36[status=5.0,P=4128.27,WS=9.96] 、 37[status=5.0,P=4139.79,WS=9.6] 、 38[status=5.0,P=4185.89,WS=9.58]"
115,2024-04-12 10:57:00,2024-04-12 11:10:00,14,14,0,0.0,,0,0,0,0.0,0.0,0.0,0.0,0.0,0.0,,0.0,0.0,0.0,0.0,2.351704,2.351704,0.0,-0.0,0.167979,0.167979,0.401031,0.401031,0,0,0.0,0,0,False,False,False,False,
116,2024-04-12 11:11:00,2024-04-12 11:11:00,1,1,48,175.15319,1、2、3、4、5、6、7、8、9、10、11、12、13、14、15、16、17、18、19、20、21、22、23、24、25、26、27、28、29、30、31、32、33、34、35、36、37、38、39、40、41、42、44、45、46、47、48、49,0,1,1,0.0,1.0,1.0,0.0,104.897022,104.897022,,0.0,104.897022,0.0,104.897022,0.108212,105.381523,105.273311,-972.846198,0.108212,105.381523,0.108212,105.381523,0,1,0.0,0,1,False,False,False,False,"1[status=5.0,P=4540.59,WS=0.0] 、 2[status=5.0,P=4211.5,WS=0.0] 、 3[status=5.0,P=3881.14,WS=0.0] 、 4[status=5.0,P=3797.91,WS=0.0] 、 5[status=5.0,P=4383.09,WS=0.0] 、 6[status=5.0,P=3928.52,WS=0.0] 、 7[status=5.0,P=3053.95,WS=0.0] 、 8[status=5.0,P=3891.38,WS=0.0] 、 9[status=5.0,P=3479.07,WS=0.0] 、 10[status=5.0,P=3121.81,WS=0.0] 、 11[status=5.0,P=3238.34,WS=0.0] 、 12[status=5.0,P=2802.97,WS=0.0] 、 13[status=5.0,P=2149.93,WS=0.0] 、 14[status=5.0,P=1941.21,WS=0.0] 、 15[status=5.0,P=2146.09,WS=0.0] 、 16[status=5.0,P=1886.15,WS=0.0] 、 17[status=5.0,P=2060.29,WS=0.0] 、 18[status=5.0,P=1779.87,WS=0.0] 、 19[status=5.0,P=4514.98,WS=0.0] 、 20[status=5.0,P=3390.71,WS=0.0] 、 21[status=5.0,P=3269.07,WS=0.0] 、 22[status=5.0,P=3933.64,WS=0.0] 、 23[status=5.0,P=4549.55,WS=0.0] 、 24[status=5.0,P=4409.98,WS=0.0] 、 25[status=5.0,P=3970.77,WS=0.0] 、 26[status=5.0,P=3489.31,WS=0.0] 、 27[status=5.0,P=4511.13,WS=0.0] 、 28[status=5.0,P=4520.1,WS=0.0] 、 29[status=5.0,P=4539.31,WS=0.0] 、 30[status=5.0,P=4516.26,WS=0.0] 、 31[status=5.0,P=4535.46,WS=0.0] 、 32[status=5.0,P=4507.29,WS=0.0] 、 33[status=5.0,P=4523.94,WS=0.0] 、 34[status=5.0,P=4541.87,WS=0.0] 、 35[status=5.0,P=4488.09,WS=0.0] 、 36[status=5.0,P=4403.57,WS=0.0] 、 37[status=5.0,P=4342.11,WS=0.0] 、 38[status=5.0,P=4233.27,WS=0.0] 、 39[status=5.0,P=3836.32,WS=8.17] 、 40[status=5.0,P=3682.66,WS=8.42] 、 41[status=5.0,P=3672.42,WS=8.71] 、 42[status=5.0,P=2814.5,WS=7.78] 、 44[status=5.0,P=2422.67,WS=7.49] 、 45[status=5.0,P=2942.55,WS=7.89] 、 46[status=5.0,P=2614.74,WS=5.73] 、 47[status=5.0,P=2473.04,WS=7.47] 、 48[status=5.0,P=4663.51,WS=9.32] 、 49[status=5.0,P=4546.56,WS=9.0]"
117,2024-04-12 11:12:00,2024-04-12 11:30:00,19,19,58,211.93715,1、2、3、4、5、6、7、8、9、10、11、12、13、14、15、16、17、18、19、20、21、22、23、24、25、26、27、28、29、30、31、32、33、34、35、36、37、38、39、40、41、42、43、44、45、46、47、48、49、50、51、52、53、54、55、56、57、58,16,19,3,0.842105,1.0,0.157895,17.682323,81529.416,81511.733677,-4609.786517,0.930649,4291.021895,1.920795,4426.942,27.229462,81529.416,81502.186538,-2993.161877,1.43313,4291.021895,2.454862,4426.942,13,19,0.0,0,19,False,False,False,False,"1[status=5.0,P=4540.59,WS=0.0] 、 2[status=5.0,P=4211.5,WS=0.0] 、 3[status=5.0,P=3881.14,WS=0.0] 、 4[status=5.0,P=3797.91,WS=0.0] 、 5[status=5.0,P=4383.09,WS=0.0] 、 6[status=5.0,P=3928.52,WS=0.0] 、 7[status=5.0,P=3053.95,WS=0.0] 、 8[status=5.0,P=3891.38,WS=0.0] 、 9[status=5.0,P=3479.07,WS=0.0] 、 10[status=5.0,P=3121.81,WS=0.0] 、 11[status=5.0,P=3238.34,WS=0.0] 、 12[status=5.0,P=2802.97,WS=0.0] 、 13[status=5.0,P=2149.93,WS=0.0] 、 14[status=5.0,P=1941.21,WS=0.0] 、 15[status=5.0,P=2146.09,WS=0.0] 、 16[status=5.0,P=1886.15,WS=0.0] 、 17[status=5.0,P=2060.29,WS=0.0] 、 18[status=5.0,P=1779.87,WS=0.0] 、 19[status=5.0,P=4514.98,WS=0.0] 、 20[status=5.0,P=3390.71,WS=0.0] 、 21[status=5.0,P=3269.07,WS=0.0] 、 22[status=5.0,P=3933.64,WS=0.0] 、 23[status=5.0,P=4549.55,WS=0.0] 、 24[status=5.0,P=4409.98,WS=0.0] 、 25[status=5.0,P=3970.77,WS=0.0] 、 26[status=5.0,P=3489.31,WS=0.0] 、 27[status=5.0,P=4511.13,WS=0.0] 、 28[status=5.0,P=4520.1,WS=0.0] 、 29[status=5.0,P=4539.31,WS=0.0] 、 30[status=5.0,P=4516.26,WS=0.0] 、 31[status=5.0,P=4535.46,WS=0.0] 、 32[status=5.0,P=4507.29,WS=0.0] 、 33[status=5.0,P=4523.94,WS=0.0] 、 34[status=5.0,P=4541.87,WS=0.0] 、 35[status=5.0,P=4488.09,WS=0.0] 、 36[status=5.0,P=4403.57,WS=0.0] 、 37[status=5.0,P=4342.11,WS=0.0] 、 38[status=5.0,P=4233.27,WS=0.0] 、 39[status=5.0,P=3836.32,WS=8.17] 、 40[status=5.0,P=3682.66,WS=8.42] 、 41[status=5.0,P=3672.42,WS=8.71] 、 42[status=5.0,P=2814.5,WS=7.78] 、 43[status=5.0,P=2608.77,WS=7.56] 、 44[status=5.0,P=2422.67,WS=7.49] 、 45[status=5.0,P=2942.55,WS=7.89] 、 46[status=5.0,P=2614.74,WS=5.73] 、 47[status=5.0,P=2473.04,WS=7.47] 、 48[status=5.0,P=4663.51,WS=9.32] 、 49[status=5.0,P=4546.56,WS=9.0] 、 50[status=5.0,P=4218.76,WS=8.89] 、 51[status=5.0,P=3869.61,WS=8.89] 、 52[status=5.0,P=4045.47,WS=8.57] 、 53[status=5.0,P=3814.13,WS=8.55] 、 54[status=5.0,P=3616.93,WS=8.26] 、 55[status=5.0,P=3616.08,WS=8.61] 、 56[status=5.0,P=3499.13,WS=8.2] 、 57[status=5.0,P=3708.27,WS=8.58] 、 58[status=5.0,P=3786.81,WS=7.53]"
118,2024-04-12 11:31:00,2024-04-13 12:00:00,1470,1470,0,0.0,,89,89,0,0.060544,0.060544,0.0,16.675832,16.675832,0.0,-0.0,0.011344,0.011344,0.853217,0.853217,286.483676,286.483676,-0.0,0.0,0.194887,0.194887,1.357807,1.357807,4,4,0.0,0,0,False,False,True,False,
119,2024-04-13 12:01:00,2024-04-13 12:04:00,4,4,37,143.95808,1、2、3、5、6、7、8、9、10、11、12、13、14、15、16、17、18、19、20、21、22、23、24、25、26、27、28、29、30、31、32、33、34、35、36、37、38,0,4,4,0.0,1.0,1.0,0.0,307.590308,307.590308,,0.0,76.897577,0.0,77.806371,0.714532,309.627941,308.913408,-432.329458,0.178633,77.406985,0.387946,78.327142,0,4,0.0,0,4,False,False,False,False,"1[status=5.0,P=4436.87,WS=0.0] 、 2[status=5.0,P=3634.01,WS=0.0] 、 3[status=5.0,P=4566.2,WS=0.0] 、 5[status=5.0,P=4459.92,WS=0.0] 、 6[status=5.0,P=4488.09,WS=0.0] 、 7[status=5.0,P=4463.76,WS=0.0] 、 8[status=5.0,P=3924.67,WS=0.0] 、 9[status=5.0,P=3584.07,WS=0.0] 、 10[status=5.0,P=3836.32,WS=0.0] 、 11[status=5.0,P=3922.11,WS=0.0] 、 12[status=5.0,P=3651.93,WS=0.0] 、 13[status=5.0,P=2852.91,WS=0.0] 、 14[status=5.0,P=2621.14,WS=0.0] 、 15[status=5.0,P=2412.43,WS=0.0] 、 16[status=5.0,P=1964.26,WS=0.0] 、 17[status=5.0,P=2256.21,WS=0.0] 、 18[status=5.0,P=1874.62,WS=0.0] 、 19[status=5.0,P=4571.32,WS=0.0] 、 20[status=5.0,P=4106.5,WS=0.0] 、 21[status=5.0,P=3607.11,WS=0.0] 、 22[status=5.0,P=3420.16,WS=0.0] 、 23[status=5.0,P=4504.73,WS=0.0] 、 24[status=5.0,P=4225.59,WS=0.0] 、 25[status=5.0,P=3841.44,WS=0.0] 、 26[status=5.0,P=2995.05,WS=0.0] 、 27[status=5.0,P=4529.06,WS=0.0] 、 28[status=5.0,P=4474.0,WS=0.0] 、 29[status=5.0,P=4531.62,WS=0.0] 、 30[status=5.0,P=4543.15,WS=0.0] 、 31[status=5.0,P=4527.78,WS=0.0] 、 32[status=5.0,P=4485.52,WS=0.0] 、 33[status=5.0,P=4521.38,WS=0.0] 、 34[status=5.0,P=4555.95,WS=0.0] 、 35[status=5.0,P=4363.88,WS=0.0] 、 36[status=5.0,P=4557.23,WS=0.0] 、 37[status=5.0,P=4521.38,WS=0.0] 、 38[status=5.0,P=4125.71,WS=0.0]"
120,2024-04-13 12:05:00,2024-04-14 14:49:00,1605,1601,0,0.0,,248,248,0,0.154517,0.154517,0.0,63.422609,63.422609,-0.0,0.0,0.039614,0.039614,2.78744,2.78744,431.40361,431.40361,0.0,-0.0,0.269459,0.269459,3.40306,3.40306,0,0,0.0,0,0,False,True,False,False,
121,2024-04-14 14:50:00,2024-04-14 15:14:00,25,25,58,297.98246,1、2、3、4、5、6、7、8、9、10、11、12、13、14、15、16、17、18、19、20、21、22、23、24、25、26、27、28、29、30、31、32、33、34、35、36、37、38、39、40、41、42、43、44、45、46、47、48、49、50、51、52、53、54、55、56、57、58,25,25,0,1.0,1.0,0.0,1.799321,143618.8,143617.000679,-79817.320142,0.071973,5744.752,0.071973,5744.752,12.936194,143618.8,143605.863806,-11101.090658,0.517448,5744.752,0.517448,5744.752,0,25,25.0,0,25,False,False,False,False,"1[status=5.0,P=4604.61,WS=15.19] 、 2[status=5.0,P=4523.94,WS=15.95] 、 3[status=5.0,P=4605.89,WS=13.1] 、 4[status=5.0,P=4680.16,WS=13.99] 、 5[status=5.0,P=4506.01,WS=13.29] 、 6[status=5.0,P=4472.72,WS=13.52] 、 7[status=5.0,P=4800.52,WS=13.52] 、 8[status=5.0,P=4511.13,WS=13.45] 、 9[status=5.0,P=4407.42,WS=14.23] 、 10[status=5.0,P=4591.81,WS=14.3] 、 11[status=5.0,P=4563.63,WS=13.07] 、 12[status=5.0,P=4554.67,WS=13.82] 、 13[status=5.0,P=3668.58,WS=11.94] 、 14[status=5.0,P=4430.46,WS=13.6] 、 15[status=5.0,P=4648.15,WS=11.98] 、 16[status=5.0,P=4482.96,WS=11.67] 、 17[status=5.0,P=4587.96,WS=12.62] 、 18[status=5.0,P=4441.99,WS=12.78] 、 19[status=5.0,P=4503.45,WS=13.98] 、 20[status=5.0,P=4575.16,WS=13.86] 、 21[status=5.0,P=4480.4,WS=13.42] 、 22[status=5.0,P=4435.59,WS=13.35] 、 23[status=5.0,P=4626.38,WS=13.31] 、 24[status=5.0,P=4438.15,WS=12.29] 、 25[status=5.0,P=4529.06,WS=14.02] 、 26[status=5.0,P=4541.87,WS=14.67] 、 27[status=5.0,P=4526.5,WS=13.89] 、 28[status=5.0,P=4514.98,WS=13.06] 、 29[status=5.0,P=4526.5,WS=13.79] 、 30[status=5.0,P=4530.34,WS=13.72] 、 31[status=5.0,P=4525.22,WS=13.92] 、 32[status=5.0,P=4184.61,WS=13.71] 、 33[status=5.0,P=4115.47,WS=13.61] 、 34[status=5.0,P=4459.92,WS=14.8] 、 35[status=5.0,P=4572.6,WS=14.41] 、 36[status=5.0,P=4046.32,WS=14.03] 、 37[status=5.0,P=4310.1,WS=14.16] 、 38[status=5.0,P=4489.37,WS=14.06] 、 39[status=5.0,P=6469.84,WS=14.47] 、 40[status=5.0,P=6466.43,WS=12.79] 、 41[status=5.0,P=6488.62,WS=12.69] 、 42[status=5.0,P=6442.53,WS=13.39] 、 43[status=5.0,P=6503.99,WS=12.72] 、 44[status=5.0,P=6291.43,WS=12.54] 、 45[status=5.0,P=6174.48,WS=11.35] 、 46[status=5.0,P=6266.67,WS=10.33] 、 47[status=5.0,P=6002.9,WS=10.25] 、 48[status=5.0,P=6417.77,WS=13.82] 、 49[status=5.0,P=6488.62,WS=14.46] 、 50[status=5.0,P=6489.48,WS=14.37] 、 51[status=5.0,P=6451.06,WS=12.78] 、 52[status=5.0,P=6474.11,WS=13.45] 、 53[status=5.0,P=6513.38,WS=12.39] 、 54[status=5.0,P=6218.02,WS=13.17] 、 55[status=5.0,P=6480.09,WS=13.48] 、 56[status=5.0,P=6376.8,WS=12.92] 、 57[status=5.0,P=6459.6,WS=12.27] 、 58[status=5.0,P=6492.04,WS=13.04]"
122,2024-04-14 15:15:00,2024-04-14 15:29:00,15,15,58,300.98521,1、2、3、4、5、6、7、8、9、10、11、12、13、14、15、16、17、18、19、20、21、22、23、24、25、26、27、28、29、30、31、32、33、34、35、36、37、38、39、40、41、42、43、44、45、46、47、48、49、50、51、52、53、54、55、56、57、58,5,15,10,0.333333,1.0,0.666667,0.463257,86234.69,86234.226743,-186147.735353,0.030884,5748.979333,0.100022,5785.302,6.017071,86234.69,86228.672929,-14330.671218,0.401138,5748.979333,0.715641,5785.302,0,15,4.0,0,15,False,False,False,False,"1[status=5.0,P=4452.23,WS=14.41] 、 2[status=5.0,P=4664.79,WS=15.08] 、 3[status=5.0,P=4394.61,WS=14.05] 、 4[status=5.0,P=4491.93,WS=15.71] 、 5[status=5.0,P=4435.59,WS=14.75] 、 6[status=5.0,P=4526.5,WS=14.45] 、 7[status=5.0,P=4539.31,WS=14.45] 、 8[status=5.0,P=4488.09,WS=14.59] 、 9[status=5.0,P=4509.85,WS=13.63] 、 10[status=5.0,P=4618.7,WS=12.59] 、 11[status=5.0,P=4585.4,WS=13.66] 、 12[status=5.0,P=4668.63,WS=13.88] 、 13[status=5.0,P=4450.95,WS=11.08] 、 14[status=5.0,P=4722.41,WS=11.18] 、 15[status=5.0,P=4526.5,WS=11.4] 、 16[status=5.0,P=4474.0,WS=13.04] 、 17[status=5.0,P=4420.22,WS=12.36] 、 18[status=5.0,P=4549.55,WS=12.52] 、 19[status=5.0,P=4513.7,WS=14.08] 、 20[status=5.0,P=4553.39,WS=14.05] 、 21[status=5.0,P=4540.59,WS=14.55] 、 22[status=5.0,P=4557.23,WS=13.44] 、 23[status=5.0,P=4705.77,WS=13.77] 、 24[status=5.0,P=4463.76,WS=13.18] 、 25[status=5.0,P=4429.18,WS=14.42] 、 26[status=5.0,P=4541.87,WS=14.07] 、 27[status=5.0,P=4558.51,WS=13.98] 、 28[status=5.0,P=4491.93,WS=14.11] 、 29[status=5.0,P=4403.57,WS=13.74] 、 30[status=5.0,P=4548.27,WS=13.8] 、 31[status=5.0,P=4502.17,WS=14.03] 、 32[status=5.0,P=4279.37,WS=13.93] 、 33[status=5.0,P=4349.79,WS=13.54] 、 34[status=5.0,P=4635.34,WS=14.33] 、 35[status=5.0,P=4594.37,WS=14.59] 、 36[status=5.0,P=4470.16,WS=14.78] 、 37[status=5.0,P=4605.89,WS=14.16] 、 38[status=5.0,P=4534.18,WS=14.18] 、 39[status=5.0,P=6472.41,WS=13.68] 、 40[status=5.0,P=6554.36,WS=12.65] 、 41[status=5.0,P=6468.14,WS=13.09] 、 42[status=5.0,P=6455.33,WS=13.59] 、 43[status=5.0,P=6480.09,WS=12.8] 、 44[status=5.0,P=6505.7,WS=12.42] 、 45[status=5.0,P=6517.65,WS=13.25] 、 46[status=5.0,P=6539.84,WS=10.9] 、 47[status=5.0,P=6092.53,WS=12.31] 、 48[status=5.0,P=6431.43,WS=14.73] 、 49[status=5.0,P=6470.7,WS=13.81] 、 50[status=5.0,P=6500.58,WS=13.83] 、 51[status=5.0,P=6458.75,WS=13.81] 、 52[status=5.0,P=6460.45,WS=13.55] 、 53[status=5.0,P=6413.5,WS=13.33] 、 54[status=5.0,P=6513.38,WS=13.25] 、 55[status=5.0,P=6465.58,WS=13.49] 、 56[status=5.0,P=6458.75,WS=13.23] 、 57[status=5.0,P=6473.26,WS=12.71] 、 58[status=5.0,P=6454.48,WS=13.74]"
123,2024-04-14 15:30:00,2024-04-14 15:36:00,7,2,0,0.0,,0,0,0,0.0,0.0,0.0,0.0,0.0,0.0,,0.0,0.0,0.0,0.0,0.407497,0.407497,-0.0,0.0,0.203749,0.203749,0.208252,0.208252,0,0,0.0,0,0,False,False,True,False,
124,2024-04-14 15:37:00,2024-04-14 15:40:00,4,4,58,300.34192,1、2、3、4、5、6、7、8、9、10、11、12、13、14、15、16、17、18、19、20、21、22、23、24、25、26、27、28、29、30、31、32、33、34、35、36、37、38、39、40、41、42、43、44、45、46、47、48、49、50、51、52、53、54、55、56、57、58,4,4,0,1.0,1.0,0.0,0.0,22962.5584,22962.5584,,0.0,5740.6396,0.0,5740.6396,1.03247,22962.5584,22961.52593,-22239.405504,0.258118,5740.6396,0.258118,5740.6396,0,4,4.0,0,4,False,False,False,False,"1[status=5.0,P=4490.65,WS=14.23] 、 2[status=5.0,P=4449.67,WS=13.62] 、 3[status=5.0,P=4486.81,WS=15.23] 、 4[status=5.0,P=4605.89,WS=13.28] 、 5[status=5.0,P=4558.51,WS=14.35] 、 6[status=5.0,P=4434.31,WS=13.52] 、 7[status=5.0,P=4639.18,WS=13.52] 、 8[status=5.0,P=4452.23,WS=12.47] 、 9[status=5.0,P=4532.9,WS=12.11] 、 10[status=5.0,P=4522.66,WS=11.96] 、 11[status=5.0,P=4602.05,WS=12.68] 、 12[status=5.0,P=4526.5,WS=12.45] 、 13[status=5.0,P=3837.6,WS=11.67] 、 14[status=5.0,P=4529.06,WS=12.12] 、 15[status=5.0,P=4531.62,WS=13.73] 、 16[status=5.0,P=4438.15,WS=13.88] 、 17[status=5.0,P=4369.0,WS=12.7] 、 18[status=5.0,P=4736.5,WS=12.26] 、 19[status=5.0,P=4531.62,WS=13.81] 、 20[status=5.0,P=4527.78,WS=13.93] 、 21[status=5.0,P=4444.55,WS=15.26] 、 22[status=5.0,P=4511.13,WS=13.82] 、 23[status=5.0,P=4576.44,WS=14.45] 、 24[status=5.0,P=4594.37,WS=13.91] 、 25[status=5.0,P=4449.67,WS=12.77] 、 26[status=5.0,P=4372.84,WS=12.86] 、 27[status=5.0,P=4559.79,WS=14.56] 、 28[status=5.0,P=4438.15,WS=14.16] 、 29[status=5.0,P=4511.13,WS=14.99] 、 30[status=5.0,P=4506.01,WS=14.97] 、 31[status=5.0,P=4543.15,WS=14.97] 、 32[status=5.0,P=4403.57,WS=14.73] 、 33[status=5.0,P=4600.77,WS=13.94] 、 34[status=5.0,P=4572.6,WS=13.15] 、 35[status=5.0,P=4527.78,WS=12.86] 、 36[status=5.0,P=4452.23,WS=12.38] 、 37[status=5.0,P=4573.88,WS=13.98] 、 38[status=5.0,P=4462.48,WS=13.81] 、 39[status=5.0,P=6413.5,WS=12.44] 、 40[status=5.0,P=6457.04,WS=12.91] 、 41[status=5.0,P=6495.45,WS=13.54] 、 42[status=5.0,P=6454.48,WS=13.36] 、 43[status=5.0,P=6483.5,WS=13.06] 、 44[status=5.0,P=6440.82,WS=12.36] 、 45[status=5.0,P=6503.99,WS=13.89] 、 46[status=5.0,P=6499.72,WS=11.33] 、 47[status=5.0,P=6487.77,WS=12.87] 、 48[status=5.0,P=6478.38,WS=12.49] 、 49[status=5.0,P=6457.04,WS=13.27] 、 50[status=5.0,P=6428.01,WS=13.56] 、 51[status=5.0,P=6448.5,WS=14.07] 、 52[status=5.0,P=6474.11,WS=13.98] 、 53[status=5.0,P=6486.06,WS=14.12] 、 54[status=5.0,P=6454.48,WS=13.81] 、 55[status=5.0,P=6463.01,WS=13.71] 、 56[status=5.0,P=6501.43,WS=13.37] 、 57[status=5.0,P=6493.75,WS=14.46] 、 58[status=5.0,P=6517.65,WS=13.92]"
125,2024-04-14 15:41:00,2024-04-14 16:31:00,51,51,0,0.0,,8,8,0,0.156863,0.156863,0.0,1.522522,1.522522,-0.0,0.0,0.029853,0.029853,0.357409,0.357409,12.334369,12.334369,0.0,-0.0,0.24185,0.24185,0.862519,0.862519,0,0,0.0,0,0,False,True,False,False,
126,2024-04-14 16:32:00,2024-04-14 16:32:00,1,1,17,102.49055,35、36、37、38、39、40、41、47、48、49、50、51、52、53、54、55、56,0,1,1,0.0,1.0,1.0,0.0,14.393803,14.393803,,0.0,14.393803,0.0,14.393803,0.012727,14.965302,14.952575,-1174.839623,0.012727,14.965302,0.012727,14.965302,0,1,0.0,0,1,False,False,False,False,"35[status=5.0,P=4541.87,WS=13.64] 、 36[status=5.0,P=4555.95,WS=13.35] 、 37[status=5.0,P=4495.77,WS=12.89] 、 38[status=5.0,P=4497.05,WS=13.37] 、 39[status=5.0,P=6518.5,WS=14.38] 、 40[status=5.0,P=6507.4,WS=14.91] 、 41[status=5.0,P=6493.75,WS=13.73] 、 47[status=5.0,P=6486.92,WS=13.08] 、 48[status=5.0,P=6472.4,WS=15.31] 、 49[status=5.0,P=6518.5,WS=14.31] 、 50[status=5.0,P=6484.36,WS=14.42] 、 51[status=5.0,P=6512.53,WS=14.37] 、 52[status=5.0,P=6487.77,WS=14.16] 、 53[status=5.0,P=6495.45,WS=14.19] 、 54[status=5.0,P=6457.89,WS=14.19] 、 55[status=5.0,P=6482.65,WS=14.05] 、 56[status=5.0,P=6481.79,WS=14.28]"
127,2024-04-14 16:33:00,2024-04-14 16:48:00,16,16,58,300.6155,1、2、3、4、5、6、7、8、9、10、11、12、13、14、15、16、17、18、19、20、21、22、23、24、25、26、27、28、29、30、31、32、33、34、35、36、37、38、39、40、41、42、43、44、45、46、47、48、49、50、51、52、53、54、55、56、57、58,7,16,9,0.4375,1.0,0.5625,2.651703,91642.733,91640.081297,-34558.958966,0.165731,5727.670813,0.980431,5768.5668,10.264763,91642.733,91632.468237,-8926.895497,0.641548,5727.670813,1.59605,5768.5668,0,16,0.0,0,16,False,False,False,False,"1[status=5.0,P=4735.22,WS=14.69] 、 2[status=5.0,P=4285.77,WS=13.35] 、 3[status=5.0,P=4377.96,WS=13.62] 、 4[status=5.0,P=4590.52,WS=13.72] 、 5[status=5.0,P=4521.38,WS=14.2] 、 6[status=5.0,P=4415.1,WS=13.06] 、 7[status=5.0,P=4590.52,WS=13.06] 、 8[status=5.0,P=4508.57,WS=12.73] 、 9[status=5.0,P=4453.51,WS=13.23] 、 10[status=5.0,P=4290.89,WS=12.78] 、 11[status=5.0,P=4475.28,WS=11.96] 、 12[status=5.0,P=4402.29,WS=12.39] 、 13[status=5.0,P=4435.59,WS=14.78] 、 14[status=5.0,P=4585.4,WS=12.23] 、 15[status=5.0,P=4522.66,WS=12.75] 、 16[status=5.0,P=4585.4,WS=11.25] 、 17[status=5.0,P=4772.35,WS=11.9] 、 18[status=5.0,P=4484.24,WS=12.2] 、 19[status=5.0,P=4385.65,WS=15.18] 、 20[status=5.0,P=4506.01,WS=14.52] 、 21[status=5.0,P=4475.28,WS=12.87] 、 22[status=5.0,P=4506.01,WS=14.45] 、 23[status=5.0,P=4462.48,WS=12.48] 、 24[status=5.0,P=4504.73,WS=13.26] 、 25[status=5.0,P=4427.9,WS=12.11] 、 26[status=5.0,P=4521.38,WS=13.69] 、 27[status=5.0,P=4541.87,WS=14.18] 、 28[status=5.0,P=4468.88,WS=13.56] 、 29[status=5.0,P=4613.57,WS=13.44] 、 30[status=5.0,P=4511.13,WS=14.13] 、 31[status=5.0,P=4543.15,WS=13.97] 、 32[status=5.0,P=4482.96,WS=14.3] 、 33[status=5.0,P=4527.78,WS=13.96] 、 34[status=5.0,P=4466.32,WS=13.69] 、 35[status=5.0,P=4541.87,WS=13.64] 、 36[status=5.0,P=4555.95,WS=13.35] 、 37[status=5.0,P=4495.77,WS=12.89] 、 38[status=5.0,P=4497.05,WS=13.37] 、 39[status=5.0,P=6518.5,WS=14.38] 、 40[status=5.0,P=6507.4,WS=14.91] 、 41[status=5.0,P=6493.75,WS=13.73] 、 42[status=5.0,P=6396.43,WS=13.56] 、 43[status=5.0,P=6448.5,WS=13.21] 、 44[status=5.0,P=6469.84,WS=13.41] 、 45[status=5.0,P=6461.31,WS=12.76] 、 46[status=5.0,P=6433.14,WS=12.95] 、 47[status=5.0,P=6486.92,WS=13.08] 、 48[status=5.0,P=6472.4,WS=15.31] 、 49[status=5.0,P=6518.5,WS=14.31] 、 50[status=5.0,P=6484.36,WS=14.42] 、 51[status=5.0,P=6512.53,WS=14.37] 、 52[status=5.0,P=6487.77,WS=14.16] 、 53[status=5.0,P=6495.45,WS=14.19] 、 54[status=5.0,P=6457.89,WS=14.19] 、 55[status=5.0,P=6482.65,WS=14.05] 、 56[status=5.0,P=6481.79,WS=14.28] 、 57[status=5.0,P=6496.31,WS=14.24] 、 58[status=5.0,P=6441.67,WS=14.32]"
128,2024-04-14 16:49:00,2024-04-15 14:23:00,1295,1295,0,0.0,,104,104,0,0.080309,0.080309,0.0,15.679458,15.679458,0.0,-0.0,0.012108,0.012108,1.071841,1.071841,267.609027,267.609027,-0.0,0.0,0.206648,0.206648,1.68746,1.68746,1,1,0.0,0,0,False,False,True,False,
129,2024-04-15 14:24:00,2024-04-15 14:27:00,4,4,5,0.24201,1、19、20、27、28,0,0,0,0.0,0.0,0.0,0.0,0.0,0.0,,0.0,0.0,0.0,0.0,0.0,0.0,0.0,,0.0,0.0,0.0,0.0,0,0,0.0,0,4,False,False,False,False,"1[status=5.0,P=7.68,WS=2.95] 、 19[status=5.0,P=101.16,WS=3.11] 、 20[status=5.0,P=74.27,WS=3.0] 、 27[status=5.0,P=55.06,WS=3.14] 、 28[status=5.0,P=3.84,WS=2.77]"
130,2024-04-15 14:28:00,2024-04-16 09:17:00,1130,1130,0,0.0,,18,18,0,0.015929,0.015929,0.0,2.47586,2.47586,0.0,-0.0,0.002191,0.002191,0.626172,0.626172,121.292908,121.292908,-0.0,0.0,0.107339,0.107339,1.31104,1.31104,0,0,0.0,0,0,False,False,True,False,
131,2024-04-16 09:18:00,2024-04-16 09:30:00,13,13,1,0.00014,25,0,0,0,0.0,0.0,0.0,0.0,0.0,0.0,,0.0,0.0,0.0,0.0,0.0,0.0,0.0,,0.0,0.0,0.0,0.0,0,0,0.0,0,13,False,False,False,False,"25[status=6.0,P=0.14,WS=3.09]"
132,2024-04-16 09:31:00,2024-04-22 14:29:00,8939,8939,0,0.0,,582,582,0,0.065108,0.065108,0.0,125.329939,125.329939,0.0,-0.0,0.014021,0.014021,2.16247,2.16247,1458.288048,1458.288048,0.0,-0.0,0.163138,0.163138,2.702093,2.702093,21,21,0.0,0,0,False,False,False,False,
133,2024-04-22 14:30:00,2024-04-22 14:34:00,5,5,3,0.0589,16、17、18,0,0,0,0.0,0.0,0.0,0.0,0.0,0.0,,0.0,0.0,0.0,0.0,0.0,0.0,0.0,,0.0,0.0,0.0,0.0,0,0,0.0,0,5,False,False,False,False,"16[status=5.0,P=46.1,WS=2.84] 、 17[status=5.0,P=5.12,WS=2.84] 、 18[status=5.0,P=7.68,WS=2.76]"
134,2024-04-22 14:35:00,2024-04-22 17:49:00,195,195,0,0.0,,0,0,0,0.0,0.0,0.0,0.0,0.0,0.0,,0.0,0.0,0.0,0.0,0.073832,0.073832,-0.0,0.0,0.000379,0.000379,0.045717,0.045717,0,0,0.0,0,0,False,False,True,False,
135,2024-04-22 17:50:00,2024-04-22 18:15:00,26,26,1,3e-05,29,0,0,0,0.0,0.0,0.0,0.0,0.0,0.0,,0.0,0.0,0.0,0.0,0.0,0.0,0.0,,0.0,0.0,0.0,0.0,0,0,0.0,0,26,False,False,False,False,"29[status=6.0,P=0.03,WS=2.07]"
136,2024-04-22 18:16:00,2024-04-23 10:05:00,950,950,0,0.0,,24,24,0,0.025263,0.025263,0.0,8.648539,8.648539,0.0,-0.0,0.009104,0.009104,5.903995,5.903995,87.830352,87.830352,-0.0,0.0,0.092453,0.092453,6.387447,6.387447,1,1,0.0,0,0,False,False,True,False,
137,2024-04-23 10:06:00,2024-04-23 10:12:00,7,7,22,2.22804,1、2、3、4、5、9、12、13、19、20、21、23、24、27、30、31、32、34、35、36、37、38,0,0,0,0.0,0.0,0.0,0.0,0.0,0.0,,0.0,0.0,0.0,0.0,0.0,0.0,0.0,,0.0,0.0,0.0,0.0,0,0,0.0,0,7,False,False,False,False,"1[status=5.0,P=52.5,WS=3.29] 、 2[status=5.0,P=128.05,WS=3.26] 、 3[status=5.0,P=97.32,WS=3.11] 、 4[status=5.0,P=46.1,WS=3.37] 、 5[status=5.0,P=14.09,WS=2.77] 、 9[status=5.0,P=60.18,WS=2.99] 、 12[status=5.0,P=256.1,WS=3.74] 、 13[status=5.0,P=60.18,WS=2.92] 、 19[status=5.0,P=90.91,WS=3.01] 、 20[status=5.0,P=215.12,WS=3.82] 、 21[status=5.0,P=128.05,WS=3.87] 、 23[status=5.0,P=33.29,WS=3.27] 、 24[status=5.0,P=79.39,WS=3.31] 、 27[status=5.0,P=90.91,WS=2.97] 、 30[status=5.0,P=166.46,WS=3.34] 、 31[status=5.0,P=256.1,WS=3.85] 、 32[status=5.0,P=156.22,WS=3.45] 、 34[status=5.0,P=71.71,WS=3.4] 、 35[status=5.0,P=37.13,WS=2.86] 、 36[status=5.0,P=29.45,WS=2.72] 、 37[status=5.0,P=101.16,WS=3.12] 、 38[status=5.0,P=57.62,WS=3.33]"
138,2024-04-23 10:13:00,2024-04-24 07:54:00,1302,1301,0,0.0,,121,121,0,0.092934,0.092934,0.0,34.031412,34.031412,-0.0,0.0,0.026158,0.026158,3.871864,3.871864,267.683011,267.683011,0.0,-0.0,0.205752,0.205752,4.376239,4.376239,8,8,0.0,0,0,False,True,False,False,
139,2024-04-24 07:55:00,2024-04-24 12:50:00,296,296,1,0.82207,27,130,57,-73,0.439189,0.192568,-0.246622,30.984577,17.583704,-13.400873,0.432501,0.104678,0.059404,1.162239,1.329653,139.684483,89.104356,-50.580127,0.362103,0.471907,0.301028,1.649405,1.797397,1,8,0.0,0,296,True,True,True,False,"27[status=5.0,P=822.07,WS=5.29]"
140,2024-04-24 12:51:00,2024-04-25 14:38:00,1548,1540,0,0.0,,25,25,0,0.01615,0.01615,0.0,83.318425,83.318425,0.0,-0.0,0.054103,0.054103,16.665994,16.665994,253.65624,253.65624,-0.0,0.0,0.164712,0.164712,17.138735,17.138735,6,6,0.0,0,0,False,False,True,False,
141,2024-04-25 14:39:00,2024-04-25 17:28:00,170,170,1,0.00022,16,11,11,0,0.064706,0.064706,0.0,1.302267,1.302362,9.5e-05,-7.3e-05,0.00766,0.007661,0.421106,0.421123,28.249098,28.249494,0.000395,-1.4e-05,0.166171,0.166173,0.940943,0.940958,0,0,0.0,0,170,False,False,False,False,"16[status=6.0,P=0.22,WS=6.79]"
142,2024-04-25 17:29:00,2024-05-06 16:45:00,15797,15735,0,0.0,,1218,1218,0,0.077103,0.077103,0.0,274.829787,274.829787,0.0,-0.0,0.017466,0.017466,5.977874,5.977874,3077.87376,3077.87376,0.0,-0.0,0.195607,0.195607,6.482405,6.482405,48,48,8.0,0,0,False,False,False,False,
143,2024-05-06 16:46:00,2024-05-06 16:50:00,5,4,57,102.6664,2、3、4、5、6、7、8、9、10、11、12、13、14、15、16、17、18、19、20、21、22、23、24、25、26、27、28、29、30、31、32、33、34、35、36、37、38、39、40、41、42、43、44、45、46、47、48、49、50、51、52、53、54、55、56、57、58,4,4,0,0.8,0.8,0.0,0.0,8007.4632,8007.4632,,0.0,2001.8658,0.0,2001.8658,0.082213,8007.4632,8007.380987,-97398.340827,0.020553,2001.8658,0.020553,2001.8658,0,4,4.0,0,4,False,False,False,False,"2[status=5.0,P=1993.71,WS=7.19] 、 3[status=5.0,P=1888.71,WS=7.1] 、 4[status=5.0,P=1591.64,WS=6.65] 、 5[status=5.0,P=2299.74,WS=7.46] 、 6[status=5.0,P=1409.81,WS=6.42] 、 7[status=5.0,P=2238.28,WS=6.42] 、 8[status=5.0,P=2079.5,WS=7.27] 、 9[status=5.0,P=1517.37,WS=6.59] 、 10[status=5.0,P=2204.99,WS=7.46] 、 11[status=5.0,P=1677.43,WS=6.75] 、 12[status=5.0,P=2181.94,WS=7.28] 、 13[status=5.0,P=1591.64,WS=6.71] 、 14[status=5.0,P=1749.14,WS=7.05] 、 15[status=5.0,P=1994.99,WS=7.36] 、 16[status=5.0,P=2007.79,WS=7.4] 、 17[status=5.0,P=2432.91,WS=7.56] 、 18[status=5.0,P=2074.38,WS=7.35] 、 19[status=5.0,P=1630.05,WS=6.85] 、 20[status=5.0,P=1713.28,WS=6.85] 、 21[status=5.0,P=1504.57,WS=7.1] 、 22[status=5.0,P=1505.85,WS=8.39] 、 23[status=5.0,P=1829.81,WS=6.77] 、 24[status=5.0,P=2053.89,WS=7.31] 、 25[status=5.0,P=1064.08,WS=5.7] 、 26[status=5.0,P=2760.72,WS=8.0] 、 27[status=5.0,P=1577.55,WS=6.67] 、 28[status=5.0,P=1576.27,WS=6.71] 、 29[status=5.0,P=1102.49,WS=5.83] 、 30[status=5.0,P=1750.42,WS=6.96] 、 31[status=5.0,P=1016.7,WS=5.64] 、 32[status=5.0,P=1624.93,WS=6.69] 、 33[status=5.0,P=1823.41,WS=7.08] 、 34[status=5.0,P=1436.7,WS=6.47] 、 35[status=5.0,P=2050.05,WS=7.11] 、 36[status=5.0,P=2096.15,WS=7.28] 、 37[status=5.0,P=2850.35,WS=8.1] 、 38[status=5.0,P=1487.92,WS=6.63] 、 39[status=5.0,P=1194.26,WS=5.21] 、 40[status=5.0,P=1313.77,WS=6.04] 、 41[status=5.0,P=1254.87,WS=6.09] 、 42[status=5.0,P=2372.3,WS=7.63] 、 43[status=5.0,P=2267.31,WS=7.3] 、 44[status=5.0,P=2524.25,WS=7.12] 、 45[status=5.0,P=1592.92,WS=6.75] 、 46[status=5.0,P=2029.99,WS=7.23] 、 47[status=5.0,P=2826.45,WS=7.41] 、 48[status=5.0,P=2289.5,WS=7.56] 、 49[status=5.0,P=1528.04,WS=6.34] 、 50[status=5.0,P=723.04,WS=5.45] 、 51[status=5.0,P=1199.38,WS=5.14] 、 52[status=5.0,P=1290.72,WS=6.53] 、 53[status=5.0,P=1987.31,WS=7.16] 、 54[status=5.0,P=2072.67,WS=6.74] 、 55[status=5.0,P=2101.7,WS=6.98] 、 56[status=5.0,P=1425.6,WS=6.66] 、 57[status=5.0,P=1096.95,WS=6.2] 、 58[status=5.0,P=2186.21,WS=8.02]"
144,2024-05-06 16:51:00,2024-05-07 15:24:00,1354,1354,0,0.0,,56,56,0,0.041359,0.041359,0.0,9.291529,9.291529,-0.0,0.0,0.006862,0.006862,0.581854,0.581854,223.662513,223.662513,-0.0,0.0,0.165186,0.165186,1.090796,1.090796,0,0,0.0,0,0,False,True,True,False,
145,2024-05-07 15:25:00,2024-05-07 15:28:00,4,4,31,2.75437,2、3、4、5、6、7、8、9、10、11、12、13、14、15、16、18、19、21、23、24、25、26、27、28、29、32、36、37、38、46、47,0,0,0,0.0,0.0,0.0,0.0,0.0,0.0,,0.0,0.0,0.0,0.0,0.0,0.0,0.0,,0.0,0.0,0.0,0.0,0,0,0.0,0,4,False,False,False,False,"2[status=5.0,P=183.11,WS=3.64] 、 3[status=5.0,P=171.58,WS=3.51] 、 4[status=5.0,P=198.47,WS=3.81] 、 5[status=5.0,P=189.51,WS=3.61] 、 6[status=5.0,P=88.35,WS=2.82] 、 7[status=5.0,P=96.04,WS=2.82] 、 8[status=5.0,P=51.22,WS=2.83] 、 9[status=5.0,P=87.07,WS=3.19] 、 10[status=5.0,P=130.61,WS=2.98] 、 11[status=5.0,P=176.71,WS=3.48] 、 12[status=5.0,P=111.4,WS=3.14] 、 13[status=5.0,P=72.99,WS=2.61] 、 14[status=5.0,P=128.05,WS=3.19] 、 15[status=5.0,P=143.41,WS=3.39] 、 16[status=5.0,P=2.56,WS=3.02] 、 18[status=5.0,P=25.61,WS=2.93] 、 19[status=5.0,P=144.69,WS=3.23] 、 21[status=5.0,P=3.84,WS=2.47] 、 23[status=5.0,P=37.13,WS=2.82] 、 24[status=5.0,P=25.61,WS=2.45] 、 25[status=5.0,P=70.43,WS=2.92] 、 26[status=6.0,P=0.09,WS=3.55] 、 27[status=5.0,P=115.24,WS=3.16] 、 28[status=5.0,P=90.91,WS=3.01] 、 29[status=5.0,P=11.52,WS=2.4] 、 32[status=5.0,P=34.57,WS=3.12] 、 36[status=5.0,P=47.38,WS=3.01] 、 37[status=5.0,P=65.3,WS=2.89] 、 38[status=5.0,P=112.68,WS=3.19] 、 46[status=5.0,P=23.05,WS=3.86] 、 47[status=5.0,P=115.24,WS=3.41]"
146,2024-05-07 15:29:00,2024-05-08 17:07:00,1539,1537,0,0.0,,77,77,0,0.050032,0.050032,0.0,8.859248,8.859248,-0.0,0.0,0.005764,0.005764,0.593559,0.593559,276.465511,276.465511,-0.0,0.0,0.179873,0.179873,1.112279,1.112279,0,0,0.0,0,0,False,True,True,False,
147,2024-05-08 17:08:00,2024-05-08 19:34:00,147,147,1,0.00015,26,0,0,0,0.0,0.0,0.0,0.0,0.0,0.0,,0.0,0.0,0.0,0.0,0.0,0.0,0.0,,0.0,0.0,0.0,0.0,0,0,0.0,0,147,False,False,False,False,"26[status=6.0,P=0.15,WS=1.89]"
148,2024-05-08 19:35:00,2024-05-13 11:13:00,6699,6699,0,0.0,,239,239,0,0.035677,0.035677,0.0,35.483104,35.483104,-0.0,0.0,0.005297,0.005297,1.184236,1.184236,1017.647159,1017.647159,-0.0,0.0,0.15191,0.15191,1.672184,1.672184,0,0,0.0,0,0,False,True,True,False,
149,2024-05-13 11:14:00,2024-05-13 11:18:00,5,5,1,0.00033,26,0,0,0,0.0,0.0,0.0,0.0,0.0,0.0,,0.0,0.0,0.0,0.0,0.0,0.0,0.0,,0.0,0.0,0.0,0.0,0,0,0.0,0,5,False,False,False,False,"26[status=6.0,P=0.33,WS=1.92]"
150,2024-05-13 11:19:00,2024-05-13 12:10:00,52,52,0,0.0,,0,0,0,0.0,0.0,0.0,0.0,0.0,0.0,,0.0,0.0,0.0,0.0,0.0,0.0,0.0,,0.0,0.0,0.0,0.0,0,0,0.0,0,0,False,False,False,False,
151,2024-05-13 12:11:00,2024-05-13 12:20:00,10,10,1,8e-05,8,0,0,0,0.0,0.0,0.0,0.0,0.0,0.0,,0.0,0.0,0.0,0.0,0.0,0.0,0.0,,0.0,0.0,0.0,0.0,0,0,0.0,0,10,False,False,False,False,"8[status=6.0,P=0.08,WS=0.0]"
152,2024-05-13 12:21:00,2024-05-23 10:34:00,14294,14293,0,0.0,,1070,1070,0,0.074857,0.074857,0.0,193.129072,193.129072,0.0,-0.0,0.013512,0.013512,6.850028,6.850028,3042.233399,3042.233399,-0.0,0.0,0.212848,0.212848,7.369196,7.369196,8,8,0.0,0,0,False,False,True,False,
153,2024-05-23 10:35:00,2024-05-23 10:38:00,4,4,14,0.77128,1、2、9、12、15、19、20、21、24、27、28、29、30、46,0,0,0,0.0,0.0,0.0,0.0,0.0,0.0,,0.0,0.0,0.0,0.0,0.0,0.0,0.0,,0.0,0.0,0.0,0.0,0,0,0.0,0,4,False,False,False,False,"1[status=5.0,P=28.17,WS=2.86] 、 2[status=5.0,P=17.93,WS=2.36] 、 9[status=5.0,P=10.24,WS=2.59] 、 12[status=5.0,P=72.99,WS=2.5] 、 15[status=5.0,P=52.5,WS=3.04] 、 19[status=5.0,P=151.1,WS=3.28] 、 20[status=5.0,P=38.41,WS=2.4] 、 21[status=5.0,P=1.28,WS=2.15] 、 24[status=5.0,P=19.21,WS=2.77] 、 27[status=5.0,P=186.95,WS=3.48] 、 28[status=5.0,P=12.8,WS=2.69] 、 29[status=5.0,P=17.93,WS=2.44] 、 30[status=5.0,P=6.4,WS=2.21] 、 46[status=5.0,P=155.37,WS=3.21]"
154,2024-05-23 10:39:00,2024-05-23 11:09:00,31,31,0,0.0,,0,0,0,0.0,0.0,0.0,0.0,0.0,0.0,,0.0,0.0,0.0,0.0,0.0,0.0,0.0,,0.0,0.0,0.0,0.0,0,0,0.0,0,0,False,False,False,False,
155,2024-05-23 11:10:00,2024-05-23 13:41:00,152,152,1,0.04997,32,83,83,0,0.546053,0.546053,0.0,2899.671132,2970.350212,70.679081,-0.024375,19.076784,19.541778,114.380108,114.390102,2946.495278,3017.202279,70.707,-0.023997,19.384837,19.850015,114.936332,114.936332,57,58,0.0,0,152,False,False,False,False,"32[status=6.0,P=49.97,WS=18.55]"
156,2024-05-23 13:42:00,2024-05-24 15:41:00,1560,1560,0,0.0,,37,37,0,0.023718,0.023718,0.0,4.651259,4.651259,-0.0,0.0,0.002982,0.002982,0.566666,0.566666,218.946547,218.946547,-0.0,0.0,0.14035,0.14035,1.062327,1.062327,0,0,0.0,0,0,False,True,True,False,
157,2024-05-24 15:42:00,2024-05-24 15:54:00,13,13,1,1e-05,13,1,1,0,0.076923,0.076923,0.0,0.076422,0.076428,7e-06,-8.6e-05,0.005879,0.005879,0.076422,0.076428,2.555197,2.555227,3e-05,-1.2e-05,0.196554,0.196556,0.597113,0.597119,0,0,0.0,0,13,False,False,False,False,"13[status=6.0,P=0.01,WS=4.37]"
158,2024-05-24 15:55:00,2024-06-06 14:14:00,18620,18612,0,0.0,,1229,1229,0,0.066004,0.066004,0.0,233.379634,233.379634,0.0,-0.0,0.012539,0.012539,2.731637,2.731637,3251.961547,3251.961547,0.0,-0.0,0.174724,0.174724,3.235785,3.235785,23,23,0.0,0,0,False,False,False,False,
159,2024-06-06 14:15:00,2024-06-06 14:20:00,6,6,11,0.77212,9、10、13、14、15、26、38、40、43、46、47,0,0,0,0.0,0.0,0.0,0.0,0.0,0.0,,0.0,0.0,0.0,0.0,0.0,0.0,0.0,,0.0,0.0,0.0,0.0,0,0,0.0,0,6,False,False,False,False,"9[status=5.0,P=161.34,WS=3.24] 、 10[status=5.0,P=32.01,WS=3.34] 、 13[status=5.0,P=88.35,WS=2.7] 、 14[status=5.0,P=119.08,WS=3.29] 、 15[status=5.0,P=113.96,WS=3.23] 、 26[status=5.0,P=29.45,WS=2.73] 、 38[status=5.0,P=7.68,WS=3.28] 、 40[status=5.0,P=22.2,WS=3.1] 、 43[status=5.0,P=154.51,WS=3.62] 、 46[status=5.0,P=11.95,WS=3.39] 、 47[status=5.0,P=31.59,WS=3.67]"
160,2024-06-06 14:21:00,2024-06-07 10:57:00,1237,1237,0,0.0,,134,134,0,0.108327,0.108327,0.0,28.336342,28.336342,-0.0,0.0,0.022907,0.022907,1.028946,1.028946,197.570292,197.570292,0.0,-0.0,0.159717,0.159717,1.500662,1.500662,1,1,0.0,0,0,False,True,False,False,
161,2024-06-07 10:58:00,2024-06-07 11:01:00,4,4,8,0.73243,5、8、11、12、14、15、18、26,1,1,0,0.25,0.25,0.0,36.3941,36.540586,0.146486,-0.004025,9.098525,9.135146,36.3941,36.540586,36.971342,36.971342,-0.0,0.0,9.242836,9.242835,36.971342,36.971342,0,0,0.0,0,4,False,False,True,False,"5[status=5.0,P=107.56,WS=3.07] 、 8[status=5.0,P=171.58,WS=3.38] 、 11[status=5.0,P=175.43,WS=3.86] 、 12[status=5.0,P=71.71,WS=2.73] 、 14[status=5.0,P=87.07,WS=3.32] 、 15[status=5.0,P=64.02,WS=3.01] 、 18[status=5.0,P=39.69,WS=3.17] 、 26[status=5.0,P=15.37,WS=2.56]"
162,2024-06-07 11:02:00,2024-06-07 12:56:00,115,115,0,0.0,,6,6,0,0.052174,0.052174,0.0,1.12411,1.12411,-0.0,0.0,0.009775,0.009775,0.477464,0.477464,7.782292,7.782292,-0.0,0.0,0.067672,0.067672,0.749099,0.749099,0,0,0.0,0,0,False,True,True,False,
163,2024-06-07 12:57:00,2024-06-07 13:01:00,5,5,1,0.36,12,5,5,0,1.0,1.0,0.0,49.434983,48.275634,-1.159349,0.023452,9.886997,9.655127,9.91027,9.6783,52.25324,51.085969,-1.167271,0.022339,10.450648,10.217194,10.47408,10.240525,0,0,0.0,0,5,False,True,True,False,"12[status=0.0,P=360.0,WS=0.0]"
164,2024-06-07 13:02:00,2024-06-07 14:54:00,113,113,0,0.0,,56,56,0,0.495575,0.495575,0.0,397.930095,397.930095,-0.0,0.0,3.521505,3.521505,10.177705,10.177705,446.683376,446.683376,0.0,-0.0,3.95295,3.95295,10.743343,10.743343,0,0,0.0,0,0,False,True,False,False,
165,2024-06-07 14:55:00,2024-06-07 14:58:00,4,4,38,17.55665,1、2、3、4、5、6、7、8、9、10、11、12、13、14、15、16、17、18、19、20、21、22、23、24、25、26、27、28、29、30、31、32、33、34、35、36、37、38,1,4,3,0.25,1.0,0.75,0.390848,39.703103,39.312255,-100.582017,0.097712,9.925776,0.390848,10.516204,1.173943,41.488204,40.314261,-34.340905,0.293486,10.372051,0.87935,10.956486,0,4,0.0,0,4,False,False,False,False,"1[status=5.0,P=225.36,WS=3.89] 、 2[status=5.0,P=380.3,WS=4.32] 、 3[status=5.0,P=542.92,WS=4.61] 、 4[status=5.0,P=453.29,WS=4.4] 、 5[status=5.0,P=326.52,WS=4.05] 、 6[status=5.0,P=517.31,WS=4.57] 、 7[status=5.0,P=472.5,WS=4.57] 、 8[status=5.0,P=580.06,WS=4.88] 、 9[status=5.0,P=468.66,WS=4.48] 、 10[status=5.0,P=476.34,WS=4.47] 、 11[status=5.0,P=654.33,WS=5.04] 、 12[status=5.0,P=586.46,WS=4.77] 、 13[status=5.0,P=711.95,WS=5.19] 、 14[status=5.0,P=460.97,WS=4.44] 、 15[status=5.0,P=605.67,WS=4.92] 、 16[status=5.0,P=480.18,WS=4.54] 、 17[status=5.0,P=686.34,WS=5.2] 、 18[status=5.0,P=510.91,WS=4.8] 、 19[status=5.0,P=355.97,WS=4.1] 、 20[status=5.0,P=361.1,WS=4.24] 、 21[status=5.0,P=411.03,WS=4.27] 、 22[status=5.0,P=303.47,WS=4.0] 、 23[status=5.0,P=472.5,WS=4.41] 、 24[status=5.0,P=294.51,WS=3.91] 、 25[status=5.0,P=623.59,WS=4.93] 、 26[status=5.0,P=384.14,WS=4.32] 、 27[status=5.0,P=428.96,WS=4.37] 、 28[status=5.0,P=372.62,WS=4.19] 、 29[status=5.0,P=344.45,WS=4.25] 、 30[status=5.0,P=276.58,WS=3.77] 、 31[status=5.0,P=475.06,WS=4.54] 、 32[status=5.0,P=452.01,WS=4.4] 、 33[status=5.0,P=540.36,WS=4.67] 、 34[status=5.0,P=478.9,WS=4.5] 、 35[status=5.0,P=306.03,WS=3.89] 、 36[status=5.0,P=480.18,WS=4.57] 、 37[status=5.0,P=585.18,WS=4.85] 、 38[status=5.0,P=469.94,WS=4.5]"
166,2024-06-07 14:59:00,2024-06-13 11:33:00,8435,8435,0,0.0,,380,380,0,0.04505,0.04505,0.0,53.015565,53.015565,0.0,-0.0,0.006285,0.006285,0.748628,0.748628,1463.978092,1463.978092,0.0,-0.0,0.17356,0.17356,1.219082,1.219082,3,3,0.0,0,0,False,False,False,False,
167,2024-06-13 11:34:00,2024-06-13 11:37:00,4,4,1,0.00014,27,0,0,0,0.0,0.0,0.0,0.0,0.0,0.0,,0.0,0.0,0.0,0.0,0.872004,0.872172,0.000168,-0.000192,0.218001,0.218043,0.387102,0.387025,0,0,0.0,0,4,False,False,False,False,"27[status=6.0,P=0.14,WS=0.0]"
168,2024-06-13 11:38:00,2024-06-13 11:44:00,7,7,0,0.0,,0,0,0,0.0,0.0,0.0,0.0,0.0,0.0,,0.0,0.0,0.0,0.0,0.979405,0.979405,0.0,-0.0,0.139915,0.139915,0.294018,0.294018,0,0,0.0,0,0,False,False,False,False,
169,2024-06-13 11:45:00,2024-06-13 11:48:00,4,4,1,0.00014,27,0,0,0,0.0,0.0,0.0,0.0,0.0,0.0,,0.0,0.0,0.0,0.0,0.799133,0.79945,0.000318,-0.000398,0.199783,0.199863,0.25635,0.256412,0,0,0.0,0,4,False,False,False,False,"27[status=6.0,P=0.14,WS=0.0]"
170,2024-06-13 11:49:00,2024-06-13 11:55:00,7,7,0,0.0,,0,0,0,0.0,0.0,0.0,0.0,0.0,0.0,,0.0,0.0,0.0,0.0,1.151285,1.151285,0.0,0.0,0.164469,0.164469,0.256828,0.256828,0,0,0.0,0,0,False,False,False,False,
171,2024-06-13 11:56:00,2024-06-13 12:01:00,6,6,1,0.00014,27,0,0,0,0.0,0.0,0.0,0.0,0.0,0.0,,0.0,0.0,0.0,0.0,0.836168,0.83671,0.000542,-0.000648,0.139361,0.139452,0.320673,0.32086,0,0,0.0,0,6,False,False,False,False,"27[status=6.0,P=0.14,WS=0.0]"
172,2024-06-13 12:02:00,2024-06-13 12:02:00,1,1,0,0.0,,0,0,0,0.0,0.0,0.0,0.0,0.0,0.0,,0.0,0.0,0.0,0.0,0.124789,0.124789,-0.0,0.0,0.124789,0.124789,0.124789,0.124789,0,0,0.0,0,0,False,False,True,False,
173,2024-06-13 12:03:00,2024-06-13 12:09:00,7,7,1,0.00014,27,0,0,0,0.0,0.0,0.0,0.0,0.0,0.0,,0.0,0.0,0.0,0.0,1.022623,1.022937,0.000314,-0.000307,0.146089,0.146134,0.263649,0.263731,0,0,0.0,0,7,False,False,False,False,"27[status=6.0,P=0.14,WS=0.0]"
174,2024-06-13 12:10:00,2024-06-13 12:13:00,4,4,0,0.0,,0,0,0,0.0,0.0,0.0,0.0,0.0,0.0,,0.0,0.0,0.0,0.0,0.570233,0.570233,0.0,-0.0,0.142558,0.142558,0.293736,0.293736,0,0,0.0,0,0,False,False,False,False,
175,2024-06-13 12:14:00,2024-06-13 12:20:00,7,7,1,0.00014,27,1,1,0,0.142857,0.142857,0.0,0.00268,0.002731,5.2e-05,-0.019249,0.000383,0.00039,0.00268,0.002731,1.634348,1.635138,0.00079,-0.000483,0.233478,0.233591,0.598104,0.597745,0,0,0.0,0,7,False,False,False,False,"27[status=6.0,P=0.14,WS=0.0]"
176,2024-06-13 12:21:00,2024-06-13 12:31:00,11,11,0,0.0,,1,1,0,0.090909,0.090909,0.0,0.00275,0.00275,0.0,-0.0,0.00025,0.00025,0.00275,0.00275,2.572171,2.572171,0.0,0.0,0.233834,0.233834,0.448707,0.448707,0,0,0.0,0,0,False,False,False,False,
177,2024-06-13 12:32:00,2024-06-13 12:37:00,6,6,1,0.00014,27,0,0,0,0.0,0.0,0.0,0.0,0.0,0.0,,0.0,0.0,0.0,0.0,0.962752,0.963371,0.000619,-0.000643,0.160459,0.160562,0.272416,0.272478,0,0,0.0,0,6,False,False,False,False,"27[status=6.0,P=0.14,WS=0.0]"
178,2024-06-13 12:38:00,2024-06-26 11:24:00,18647,18647,0,0.0,,1440,1440,0,0.077224,0.077224,0.0,307.140667,307.140667,0.0,-0.0,0.016471,0.016471,2.642045,2.642045,3436.795563,3436.795563,-0.0,0.0,0.184308,0.184308,3.210484,3.210484,36,36,7.0,0,0,False,False,True,False,
179,2024-06-26 11:25:00,2024-06-26 11:32:00,8,7,58,69.347,1、2、3、4、5、6、7、8、9、10、11、12、13、14、15、16、17、18、19、20、21、22、23、24、25、26、27、28、29、30、31、32、33、34、35、36、37、38、39、40、41、42、43、44、45、46、47、48、49、50、51、52、53、54、55、56、57、58,7,7,0,0.875,0.875,0.0,0.0,9550.4486,9550.4486,,0.0,1364.3498,0.0,1364.3498,3.187867,9550.4486,9547.260733,-2994.874603,0.45541,1364.3498,0.45541,1364.3498,0,7,7.0,0,7,False,False,False,False,"1[status=5.0,P=2511.02,WS=7.69] 、 2[status=5.0,P=1294.57,WS=5.92] 、 3[status=5.0,P=1649.26,WS=6.73] 、 4[status=5.0,P=1154.99,WS=6.1] 、 5[status=5.0,P=1199.81,WS=6.06] 、 6[status=5.0,P=761.89,WS=5.32] 、 7[status=5.0,P=2139.68,WS=5.32] 、 8[status=5.0,P=1808.04,WS=6.83] 、 9[status=5.0,P=900.18,WS=5.46] 、 10[status=5.0,P=1517.37,WS=6.65] 、 11[status=5.0,P=914.26,WS=5.48] 、 12[status=5.0,P=851.52,WS=5.89] 、 13[status=5.0,P=1006.46,WS=5.47] 、 14[status=5.0,P=1062.8,WS=5.55] 、 15[status=5.0,P=644.08,WS=4.87] 、 16[status=5.0,P=1382.92,WS=6.02] 、 17[status=5.0,P=1157.55,WS=5.95] 、 18[status=5.0,P=381.58,WS=4.14] 、 19[status=5.0,P=2457.24,WS=7.5] 、 20[status=5.0,P=765.73,WS=5.01] 、 21[status=5.0,P=1531.46,WS=6.74] 、 22[status=5.0,P=1044.87,WS=5.63] 、 23[status=5.0,P=878.41,WS=5.69] 、 24[status=5.0,P=916.82,WS=5.74] 、 25[status=5.0,P=939.87,WS=5.58] 、 26[status=5.0,P=1080.73,WS=5.93] 、 27[status=5.0,P=3098.76,WS=8.27] 、 28[status=5.0,P=595.42,WS=4.61] 、 29[status=5.0,P=955.24,WS=5.96] 、 30[status=5.0,P=1012.86,WS=5.92] 、 31[status=5.0,P=1283.04,WS=6.17] 、 32[status=5.0,P=847.68,WS=5.43] 、 33[status=5.0,P=1212.62,WS=5.97] 、 34[status=5.0,P=809.26,WS=5.4] 、 35[status=5.0,P=868.17,WS=5.52] 、 36[status=5.0,P=665.85,WS=5.1] 、 37[status=5.0,P=957.8,WS=5.88] 、 38[status=5.0,P=1185.73,WS=6.05] 、 39[status=5.0,P=1366.7,WS=6.27] 、 40[status=5.0,P=2099.14,WS=6.59] 、 41[status=5.0,P=656.46,WS=5.94] 、 42[status=5.0,P=1038.04,WS=5.86] 、 43[status=5.0,P=1149.02,WS=5.89] 、 44[status=5.0,P=1224.99,WS=6.13] 、 45[status=5.0,P=2169.99,WS=7.24] 、 46[status=5.0,P=1242.07,WS=5.39] 、 47[status=5.0,P=1175.48,WS=5.46] 、 48[status=5.0,P=1184.87,WS=6.57] 、 49[status=5.0,P=801.58,WS=5.75] 、 50[status=5.0,P=936.46,WS=5.54] 、 51[status=5.0,P=1329.14,WS=8.06] 、 52[status=5.0,P=694.87,WS=5.4] 、 53[status=5.0,P=1679.14,WS=5.92] 、 54[status=5.0,P=454.14,WS=5.54] 、 55[status=5.0,P=979.14,WS=6.18] 、 56[status=5.0,P=1932.67,WS=6.14] 、 57[status=5.0,P=1143.9,WS=6.03] 、 58[status=5.0,P=643.66,WS=5.41]"
180,2024-06-26 11:33:00,2024-07-01 11:23:00,7191,1170,0,0.0,,201,201,0,0.027952,0.027952,0.0,74.427269,74.427269,0.0,-0.0,0.063613,0.063613,2.534468,2.534468,292.254177,292.254177,-0.0,0.0,0.24979,0.24979,3.039092,3.039092,19,19,0.0,0,0,False,False,True,False,
181,2024-07-01 11:24:00,2024-07-01 12:44:00,81,75,57,29.20816,1、2、3、4、5、6、7、8、9、10、11、13、14、15、16、17、18、19、20、21、22、23、24、25、26、27、28、29、30、31、32、33、34、35、36、37、38、39、40、41、42、43、44、45、46、47、48、49、50、51、52、53、54、55、56、57、58,75,75,0,0.925926,0.925926,0.0,0.0,41411.4645,41411.4645,,0.0,552.15286,0.0,552.15286,2.888507,41411.4645,41408.575993,-14335.631322,0.038513,552.15286,0.038513,552.15286,0,75,75.0,0,75,False,False,False,False,"1[status=5.0,P=701.7,WS=5.26] 、 2[status=5.0,P=887.37,WS=5.2] 、 3[status=5.0,P=715.79,WS=5.07] 、 4[status=5.0,P=623.59,WS=4.74] 、 5[status=5.0,P=761.89,WS=5.2] 、 6[status=5.0,P=726.03,WS=5.03] 、 7[status=5.0,P=709.39,WS=5.03] 、 8[status=5.0,P=846.4,WS=5.21] 、 9[status=5.0,P=650.48,WS=4.82] 、 10[status=5.0,P=562.13,WS=4.75] 、 11[status=5.0,P=642.8,WS=4.86] 、 13[status=5.0,P=754.2,WS=5.16] 、 14[status=5.0,P=294.51,WS=3.79] 、 15[status=5.0,P=526.28,WS=4.59] 、 16[status=5.0,P=487.86,WS=4.57] 、 17[status=5.0,P=610.79,WS=4.7] 、 18[status=5.0,P=674.81,WS=4.99] 、 19[status=5.0,P=527.56,WS=4.55] 、 20[status=5.0,P=466.1,WS=4.6] 、 21[status=5.0,P=395.67,WS=4.2] 、 22[status=5.0,P=407.19,WS=4.11] 、 23[status=5.0,P=613.35,WS=4.87] 、 24[status=5.0,P=480.18,WS=4.74] 、 25[status=5.0,P=596.7,WS=4.82] 、 26[status=5.0,P=541.64,WS=4.61] 、 27[status=5.0,P=487.86,WS=4.4] 、 28[status=5.0,P=297.07,WS=3.98] 、 29[status=5.0,P=179.27,WS=3.41] 、 30[status=5.0,P=143.41,WS=3.07] 、 31[status=5.0,P=210.0,WS=3.49] 、 32[status=5.0,P=235.61,WS=3.62] 、 33[status=5.0,P=400.79,WS=4.32] 、 34[status=5.0,P=408.47,WS=4.32] 、 35[status=5.0,P=413.6,WS=4.33] 、 36[status=5.0,P=377.74,WS=4.19] 、 37[status=5.0,P=501.95,WS=4.59] 、 38[status=5.0,P=583.9,WS=4.78] 、 39[status=5.0,P=626.58,WS=4.29] 、 40[status=5.0,P=710.24,WS=4.86] 、 41[status=5.0,P=538.66,WS=4.62] 、 42[status=5.0,P=425.12,WS=4.86] 、 43[status=5.0,P=360.24,WS=4.57] 、 44[status=5.0,P=373.9,WS=4.69] 、 45[status=5.0,P=612.92,WS=4.8] 、 46[status=5.0,P=606.95,WS=4.89] 、 47[status=5.0,P=645.36,WS=5.19] 、 48[status=5.0,P=389.27,WS=4.28] 、 49[status=5.0,P=463.53,WS=4.66] 、 50[status=5.0,P=432.8,WS=4.7] 、 51[status=5.0,P=330.36,WS=4.44] 、 52[status=5.0,P=279.14,WS=4.33] 、 53[status=5.0,P=303.05,WS=4.14] 、 54[status=5.0,P=350.0,WS=4.32] 、 55[status=5.0,P=400.36,WS=4.29] 、 56[status=5.0,P=500.24,WS=4.61] 、 57[status=5.0,P=643.66,WS=4.82] 、 58[status=5.0,P=771.7,WS=5.4]"
182,2024-07-01 12:45:00,2024-07-01 13:07:00,23,20,0,0.0,,6,6,0,0.26087,0.26087,0.0,4.97045,4.97045,0.0,-0.0,0.248523,0.248523,2.358104,2.358104,11.508043,11.508043,0.0,-0.0,0.575402,0.575402,2.868019,2.868019,3,3,5.0,0,0,False,False,False,False,
183,2024-07-01 13:08:00,2024-07-01 13:12:00,5,5,57,62.18014,1、2、3、4、5、6、7、8、9、10、11、13、14、15、16、17、18、19、20、21、22、23、24、25、26、27、28、29、30、31、32、33、34、35、36、37、38、39、40、41、42、43、44、45、46、47、48、49、50、51、52、53、54、55、56、57、58,5,5,0,1.0,1.0,0.0,0.0,6021.9154,6021.9154,,0.0,1204.38308,0.0,1204.38308,0.770414,6021.9154,6021.144986,-7815.462863,0.154083,1204.38308,0.154083,1204.38308,0,5,5.0,0,5,False,False,False,False,"1[status=5.0,P=791.34,WS=5.11] 、 2[status=5.0,P=850.24,WS=5.38] 、 3[status=5.0,P=978.29,WS=5.71] 、 4[status=5.0,P=1227.98,WS=6.25] 、 5[status=5.0,P=974.45,WS=5.63] 、 6[status=5.0,P=847.68,WS=5.42] 、 7[status=5.0,P=1160.12,WS=5.42] 、 8[status=5.0,P=880.97,WS=5.33] 、 9[status=5.0,P=312.44,WS=4.07] 、 10[status=5.0,P=565.97,WS=4.78] 、 11[status=5.0,P=918.1,WS=5.58] 、 13[status=5.0,P=373.9,WS=4.16] 、 14[status=5.0,P=279.14,WS=3.75] 、 15[status=5.0,P=811.82,WS=5.4] 、 16[status=5.0,P=540.36,WS=4.81] 、 17[status=5.0,P=682.5,WS=5.07] 、 18[status=5.0,P=667.13,WS=5.18] 、 19[status=5.0,P=1752.98,WS=6.89] 、 20[status=5.0,P=1417.49,WS=6.54] 、 21[status=5.0,P=1139.63,WS=5.79] 、 22[status=5.0,P=1413.65,WS=6.6] 、 23[status=5.0,P=1121.7,WS=5.76] 、 24[status=5.0,P=1138.35,WS=6.02] 、 25[status=5.0,P=969.32,WS=5.74] 、 26[status=5.0,P=1674.87,WS=6.83] 、 27[status=5.0,P=1459.75,WS=6.5] 、 28[status=5.0,P=1504.57,WS=6.49] 、 29[status=5.0,P=1431.58,WS=6.56] 、 30[status=5.0,P=1233.1,WS=6.25] 、 31[status=5.0,P=1381.64,WS=6.29] 、 32[status=5.0,P=1628.77,WS=6.78] 、 33[status=5.0,P=1482.8,WS=6.55] 、 34[status=5.0,P=1514.81,WS=6.7] 、 35[status=5.0,P=1549.38,WS=6.76] 、 36[status=5.0,P=1592.92,WS=6.83] 、 37[status=5.0,P=1519.93,WS=6.51] 、 38[status=5.0,P=1313.77,WS=6.19] 、 39[status=5.0,P=875.85,WS=4.91] 、 40[status=5.0,P=1558.77,WS=6.47] 、 41[status=5.0,P=816.09,WS=5.63] 、 42[status=5.0,P=481.46,WS=4.59] 、 43[status=5.0,P=386.71,WS=4.54] 、 44[status=5.0,P=438.78,WS=4.46] 、 45[status=5.0,P=790.48,WS=5.24] 、 46[status=5.0,P=540.36,WS=4.73] 、 47[status=5.0,P=621.46,WS=5.06] 、 48[status=5.0,P=1422.19,WS=6.19] 、 49[status=5.0,P=1480.24,WS=6.47] 、 50[status=5.0,P=1423.04,WS=6.29] 、 51[status=5.0,P=1316.33,WS=5.54] 、 52[status=5.0,P=1226.7,WS=6.17] 、 53[status=5.0,P=1217.31,WS=6.02] 、 54[status=5.0,P=1206.21,WS=6.03] 、 55[status=5.0,P=1288.16,WS=6.35] 、 56[status=5.0,P=1411.09,WS=6.1] 、 57[status=5.0,P=1322.31,WS=5.96] 、 58[status=5.0,P=1253.16,WS=5.87]"
184,2024-07-01 13:13:00,2024-07-01 13:16:00,4,4,57,42.98828,1、2、3、4、5、6、7、8、9、10、11、13、14、15、16、17、18、19、20、21、22、23、24、25、26、27、28、29、30、31、32、33、34、35、36、37、38、39、40、41、42、43、44、45、46、47、48、49、50、51、52、53、54、55、56、57、58,4,4,0,1.0,1.0,0.0,0.0,3284.84344,3284.84344,,0.0,821.21086,0.0,821.21086,0.664803,3284.84344,3284.178637,-4940.078973,0.166201,821.21086,0.166201,821.21086,0,4,4.0,0,4,False,False,False,False,"1[status=5.0,P=572.38,WS=4.5] 、 2[status=5.0,P=702.98,WS=5.03] 、 3[status=5.0,P=923.23,WS=5.68] 、 4[status=5.0,P=934.75,WS=5.52] 、 5[status=5.0,P=1042.31,WS=5.64] 、 6[status=5.0,P=435.36,WS=4.35] 、 7[status=5.0,P=663.29,WS=4.35] 、 8[status=5.0,P=633.84,WS=4.64] 、 9[status=5.0,P=355.97,WS=4.06] 、 10[status=5.0,P=464.81,WS=4.6] 、 11[status=5.0,P=873.29,WS=5.5] 、 13[status=5.0,P=190.79,WS=3.38] 、 14[status=5.0,P=425.12,WS=4.25] 、 15[status=5.0,P=697.86,WS=4.94] 、 16[status=5.0,P=418.72,WS=4.28] 、 17[status=5.0,P=420.0,WS=4.27] 、 18[status=5.0,P=443.05,WS=4.53] 、 19[status=5.0,P=1170.36,WS=5.97] 、 20[status=5.0,P=1138.35,WS=6.04] 、 21[status=5.0,P=726.03,WS=5.15] 、 22[status=5.0,P=1010.3,WS=5.93] 、 23[status=5.0,P=937.31,WS=5.51] 、 24[status=5.0,P=491.7,WS=4.43] 、 25[status=5.0,P=970.6,WS=5.7] 、 26[status=5.0,P=1001.34,WS=5.94] 、 27[status=5.0,P=832.31,WS=5.55] 、 28[status=5.0,P=773.41,WS=5.27] 、 29[status=5.0,P=811.82,WS=5.31] 、 30[status=5.0,P=722.19,WS=5.2] 、 31[status=5.0,P=855.36,WS=5.27] 、 32[status=5.0,P=944.99,WS=5.71] 、 33[status=5.0,P=930.91,WS=5.6] 、 34[status=5.0,P=937.31,WS=5.64] 、 35[status=5.0,P=933.47,WS=5.7] 、 36[status=5.0,P=947.56,WS=5.7] 、 37[status=5.0,P=1016.7,WS=5.79] 、 38[status=5.0,P=971.89,WS=5.67] 、 39[status=5.0,P=628.29,WS=5.27] 、 40[status=5.0,P=1117.43,WS=5.87] 、 41[status=5.0,P=663.29,WS=4.71] 、 42[status=5.0,P=326.1,WS=4.27] 、 43[status=5.0,P=388.41,WS=4.6] 、 44[status=5.0,P=368.78,WS=4.69] 、 45[status=5.0,P=401.22,WS=4.55] 、 46[status=5.0,P=455.85,WS=4.07] 、 47[status=5.0,P=411.46,WS=4.67] 、 48[status=5.0,P=906.58,WS=5.62] 、 49[status=5.0,P=904.02,WS=5.73] 、 50[status=5.0,P=864.75,WS=5.44] 、 51[status=5.0,P=899.75,WS=5.0] 、 52[status=5.0,P=857.92,WS=5.53] 、 53[status=5.0,P=930.48,WS=5.44] 、 54[status=5.0,P=1023.53,WS=5.69] 、 55[status=5.0,P=911.7,WS=5.51] 、 56[status=5.0,P=831.46,WS=5.43] 、 57[status=5.0,P=890.36,WS=5.65] 、 58[status=5.0,P=885.24,WS=5.5]"
185,2024-07-01 13:17:00,2024-07-01 16:21:00,185,185,0,0.0,,1,1,0,0.005405,0.005405,0.0,0.156207,0.156207,-0.0,0.0,0.000844,0.000844,0.156207,0.156207,27.506784,27.506784,0.0,-0.0,0.148685,0.148685,0.631417,0.631417,0,0,0.0,0,0,False,True,False,False,
186,2024-07-01 16:22:00,2024-07-01 16:28:00,7,7,58,44.3499,1、2、3、4、5、6、7、8、9、10、11、12、13、14、15、16、17、18、19、20、21、22、23、24、25、26、27、28、29、30、31、32、33、34、35、36、37、38、39、40、41、42、43、44、45、46、47、48、49、50、51、52、53、54、55、56、57、58,7,7,0,1.0,1.0,0.0,0.0,5973.59252,5973.59252,,0.0,853.37036,0.0,853.37036,0.003026,5973.59252,5973.589494,-1973817.18296,0.000432,853.37036,0.000432,853.37036,0,7,7.0,0,7,False,False,False,False,"1[status=5.0,P=959.08,WS=5.58] 、 2[status=5.0,P=941.15,WS=5.65] 、 3[status=5.0,P=914.26,WS=5.48] 、 4[status=5.0,P=688.9,WS=5.04] 、 5[status=5.0,P=592.86,WS=4.91] 、 6[status=5.0,P=592.86,WS=4.83] 、 7[status=5.0,P=542.92,WS=4.83] 、 8[status=5.0,P=501.95,WS=4.53] 、 9[status=5.0,P=604.39,WS=4.81] 、 10[status=5.0,P=580.06,WS=4.68] 、 11[status=5.0,P=635.12,WS=4.67] 、 12[status=5.0,P=612.07,WS=4.83] 、 13[status=5.0,P=601.83,WS=4.87] 、 14[status=5.0,P=551.89,WS=4.77] 、 15[status=5.0,P=589.02,WS=4.71] 、 16[status=5.0,P=596.7,WS=4.86] 、 17[status=5.0,P=555.73,WS=4.79] 、 18[status=5.0,P=630.0,WS=4.97] 、 19[status=5.0,P=779.81,WS=5.1] 、 20[status=5.0,P=773.41,WS=5.36] 、 21[status=5.0,P=792.62,WS=5.22] 、 22[status=5.0,P=710.67,WS=5.07] 、 23[status=5.0,P=637.68,WS=4.9] 、 24[status=5.0,P=651.76,WS=5.01] 、 25[status=5.0,P=536.52,WS=4.76] 、 26[status=5.0,P=526.28,WS=4.62] 、 27[status=5.0,P=1000.06,WS=5.79] 、 28[status=5.0,P=884.81,WS=5.49] 、 29[status=5.0,P=732.44,WS=5.07] 、 30[status=5.0,P=685.06,WS=5.09] 、 31[status=5.0,P=846.4,WS=5.59] 、 32[status=5.0,P=916.82,WS=5.48] 、 33[status=5.0,P=825.91,WS=5.38] 、 34[status=5.0,P=907.86,WS=5.54] 、 35[status=5.0,P=829.75,WS=5.35] 、 36[status=5.0,P=784.93,WS=5.25] 、 37[status=5.0,P=855.36,WS=5.41] 、 38[status=5.0,P=656.89,WS=5.07] 、 39[status=5.0,P=544.63,WS=4.35] 、 40[status=5.0,P=683.78,WS=4.99] 、 41[status=5.0,P=628.29,WS=5.0] 、 42[status=5.0,P=564.27,WS=5.26] 、 43[status=5.0,P=752.92,WS=5.08] 、 44[status=5.0,P=690.61,WS=5.13] 、 45[status=5.0,P=731.58,WS=5.05] 、 46[status=5.0,P=822.07,WS=5.39] 、 47[status=5.0,P=937.31,WS=5.67] 、 48[status=5.0,P=625.73,WS=4.17] 、 49[status=5.0,P=748.65,WS=5.17] 、 50[status=5.0,P=841.7,WS=5.41] 、 51[status=5.0,P=890.36,WS=4.83] 、 52[status=5.0,P=917.68,WS=5.53] 、 53[status=5.0,P=973.17,WS=5.69] 、 54[status=5.0,P=1013.29,WS=5.61] 、 55[status=5.0,P=1048.29,WS=5.62] 、 56[status=5.0,P=1127.68,WS=5.81] 、 57[status=5.0,P=1318.04,WS=6.12] 、 58[status=5.0,P=1464.02,WS=7.2]"
187,2024-07-01 16:29:00,2024-07-01 16:29:00,1,1,33,22.99104,1、2、3、4、5、6、7、8、9、10、11、12、13、14、15、16、17、18、19、20、21、22、23、24、25、26、27、28、29、30、31、32、33,1,1,0,1.0,1.0,0.0,0.875227,12.381351,11.506124,-13.146447,0.875227,12.381351,0.875227,12.381351,1.378293,12.846544,11.468251,-8.32062,1.378293,12.846544,1.378293,12.846544,0,1,1.0,0,1,False,False,False,False,"1[status=5.0,P=959.08,WS=5.58] 、 2[status=5.0,P=941.15,WS=5.65] 、 3[status=5.0,P=914.26,WS=5.48] 、 4[status=5.0,P=688.9,WS=5.04] 、 5[status=5.0,P=592.86,WS=4.91] 、 6[status=5.0,P=592.86,WS=4.83] 、 7[status=5.0,P=542.92,WS=4.83] 、 8[status=5.0,P=501.95,WS=4.53] 、 9[status=5.0,P=604.39,WS=4.81] 、 10[status=5.0,P=580.06,WS=4.68] 、 11[status=5.0,P=635.12,WS=4.67] 、 12[status=5.0,P=612.07,WS=4.83] 、 13[status=5.0,P=601.83,WS=4.87] 、 14[status=5.0,P=551.89,WS=4.77] 、 15[status=5.0,P=589.02,WS=4.71] 、 16[status=5.0,P=596.7,WS=4.86] 、 17[status=5.0,P=555.73,WS=4.79] 、 18[status=5.0,P=630.0,WS=4.97] 、 19[status=5.0,P=779.81,WS=5.1] 、 20[status=5.0,P=773.41,WS=5.36] 、 21[status=5.0,P=792.62,WS=5.22] 、 22[status=5.0,P=710.67,WS=5.07] 、 23[status=5.0,P=637.68,WS=4.9] 、 24[status=5.0,P=651.76,WS=5.01] 、 25[status=5.0,P=536.52,WS=4.76] 、 26[status=5.0,P=526.28,WS=4.62] 、 27[status=5.0,P=1000.06,WS=5.79] 、 28[status=5.0,P=884.81,WS=5.49] 、 29[status=5.0,P=732.44,WS=5.07] 、 30[status=5.0,P=685.06,WS=5.09] 、 31[status=5.0,P=846.4,WS=5.59] 、 32[status=5.0,P=916.82,WS=5.48] 、 33[status=5.0,P=825.91,WS=5.38]"
188,2024-07-01 16:30:00,2024-07-02 17:04:00,1475,1466,0,0.0,,75,75,0,0.050847,0.050847,0.0,17.109737,17.109737,-0.0,0.0,0.011671,0.011671,5.495243,5.495243,286.800638,286.800638,-0.0,0.0,0.195635,0.195635,5.979966,5.979966,0,0,0.0,0,0,False,True,True,False,
189,2024-07-02 17:05:00,2024-07-02 17:08:00,4,4,57,285.16615,1、2、3、4、5、6、7、8、9、10、11、12、13、14、15、16、17、18、19、20、22、23、24、25、26、27、28、29、30、31、32、33、34、35、36、37、38、39、40、41、42、43、44、45、46、47、48、49、50、51、52、53、54、55、56、57、58,4,4,0,1.0,1.0,0.0,0.0,21794.1064,21794.1064,,0.0,5448.5266,0.0,5448.5266,1.318064,21794.1064,21792.788336,-16533.933319,0.329516,5448.5266,0.329516,5448.5266,0,4,4.0,0,4,False,False,False,False,"1[status=5.0,P=4630.22,WS=12.86] 、 2[status=5.0,P=4409.98,WS=10.04] 、 3[status=5.0,P=4632.78,WS=12.0] 、 4[status=5.0,P=4499.61,WS=10.32] 、 5[status=5.0,P=4462.48,WS=10.35] 、 6[status=5.0,P=4497.05,WS=10.59] 、 7[status=5.0,P=4470.16,WS=10.59] 、 8[status=5.0,P=4471.44,WS=10.3] 、 9[status=5.0,P=4471.44,WS=10.47] 、 10[status=5.0,P=4564.92,WS=11.36] 、 11[status=5.0,P=4461.2,WS=10.31] 、 12[status=5.0,P=1014.14,WS=12.56] 、 13[status=5.0,P=4459.92,WS=10.22] 、 14[status=5.0,P=4541.87,WS=11.85] 、 15[status=5.0,P=4549.55,WS=11.67] 、 16[status=5.0,P=4324.18,WS=10.26] 、 17[status=5.0,P=4495.77,WS=10.18] 、 18[status=5.0,P=4518.82,WS=11.97] 、 19[status=5.0,P=4488.09,WS=10.5] 、 20[status=5.0,P=4504.73,WS=11.85] 、 22[status=5.0,P=4539.31,WS=11.85] 、 23[status=5.0,P=4504.73,WS=11.7] 、 24[status=5.0,P=4534.18,WS=11.92] 、 25[status=5.0,P=4370.28,WS=10.32] 、 26[status=5.0,P=4541.87,WS=13.43] 、 27[status=5.0,P=4471.44,WS=10.34] 、 28[status=5.0,P=4581.56,WS=11.64] 、 29[status=5.0,P=4476.56,WS=10.47] 、 30[status=5.0,P=4546.99,WS=12.75] 、 31[status=5.0,P=4454.79,WS=10.46] 、 32[status=5.0,P=4448.39,WS=10.37] 、 33[status=5.0,P=4477.84,WS=10.07] 、 34[status=5.0,P=4452.23,WS=10.51] 、 35[status=5.0,P=4558.51,WS=13.36] 、 36[status=5.0,P=4567.48,WS=12.73] 、 37[status=5.0,P=4477.84,WS=10.51] 、 38[status=5.0,P=4439.43,WS=10.3] 、 39[status=5.0,P=5990.94,WS=10.22] 、 40[status=5.0,P=6561.19,WS=11.48] 、 41[status=5.0,P=6358.02,WS=11.98] 、 42[status=5.0,P=6471.55,WS=12.11] 、 43[status=5.0,P=5857.77,WS=11.28] 、 44[status=5.0,P=6369.97,WS=12.32] 、 45[status=5.0,P=5608.51,WS=11.73] 、 46[status=5.0,P=6556.92,WS=10.81] 、 47[status=5.0,P=6136.07,WS=11.8] 、 48[status=5.0,P=6420.33,WS=13.1] 、 49[status=5.0,P=6515.94,WS=11.75] 、 50[status=5.0,P=6409.23,WS=12.66] 、 51[status=5.0,P=6477.53,WS=13.23] 、 52[status=5.0,P=6602.16,WS=12.73] 、 53[status=5.0,P=2480.72,WS=12.2] 、 54[status=5.0,P=5611.07,WS=11.11] 、 55[status=5.0,P=6223.99,WS=10.78] 、 56[status=5.0,P=6509.97,WS=11.94] 、 57[status=5.0,P=6610.7,WS=12.36] 、 58[status=5.0,P=6481.79,WS=12.55]"
190,2024-07-02 17:09:00,2024-07-02 17:45:00,37,37,0,0.0,,1,1,0,0.027027,0.027027,0.0,0.032261,0.032261,0.0,0.0,0.000872,0.000872,0.032261,0.032261,7.584633,7.584633,0.0,-0.0,0.20499,0.20499,0.566268,0.566268,0,0,0.0,0,0,False,False,False,False,
191,2024-07-02 17:46:00,2024-07-02 17:51:00,6,6,57,287.49953,1、2、3、4、5、6、7、8、9、10、11、12、13、14、15、16、17、18、19、20、22、23、24、25、26、27、28、29、30、31、32、33、34、35、36、37、38、39、40、41、42、43、44、45、46、47、48、49、50、51、52、53、54、55、56、57、58,6,6,0,1.0,1.0,0.0,0.0,33052.35,33052.35,,0.0,5508.725,0.0,5508.725,0.835582,33052.35,33051.514418,-39555.068103,0.139264,5508.725,0.139264,5508.725,0,6,6.0,0,6,False,False,False,False,"1[status=5.0,P=4526.5,WS=12.12] 、 2[status=5.0,P=4438.15,WS=10.26] 、 3[status=5.0,P=4444.55,WS=9.96] 、 4[status=5.0,P=4349.79,WS=9.9] 、 5[status=5.0,P=4412.54,WS=9.96] 、 6[status=5.0,P=4550.83,WS=11.61] 、 7[status=5.0,P=3887.54,WS=11.61] 、 8[status=5.0,P=4518.82,WS=11.39] 、 9[status=5.0,P=4545.71,WS=11.41] 、 10[status=5.0,P=4605.89,WS=10.61] 、 11[status=5.0,P=4517.54,WS=10.27] 、 12[status=5.0,P=991.09,WS=13.43] 、 13[status=5.0,P=4609.73,WS=11.97] 、 14[status=5.0,P=4448.39,WS=10.13] 、 15[status=5.0,P=4474.0,WS=10.79] 、 16[status=5.0,P=4490.65,WS=10.44] 、 17[status=5.0,P=4575.16,WS=13.64] 、 18[status=5.0,P=4480.4,WS=10.34] 、 19[status=5.0,P=4489.37,WS=10.45] 、 20[status=5.0,P=4582.84,WS=9.66] 、 22[status=5.0,P=4535.46,WS=11.33] 、 23[status=5.0,P=4475.28,WS=10.81] 、 24[status=5.0,P=4476.56,WS=10.55] 、 25[status=5.0,P=4454.79,WS=9.98] 、 26[status=5.0,P=4608.45,WS=11.42] 、 27[status=5.0,P=4433.03,WS=10.21] 、 28[status=5.0,P=4457.35,WS=10.29] 、 29[status=5.0,P=4458.63,WS=10.16] 、 30[status=5.0,P=4292.17,WS=11.0] 、 31[status=5.0,P=4499.61,WS=10.6] 、 32[status=5.0,P=4549.55,WS=10.9] 、 33[status=5.0,P=4476.56,WS=10.35] 、 34[status=5.0,P=4521.38,WS=12.33] 、 35[status=5.0,P=4482.96,WS=10.58] 、 36[status=5.0,P=4463.76,WS=10.26] 、 37[status=5.0,P=4481.68,WS=10.24] 、 38[status=5.0,P=4479.12,WS=10.15] 、 39[status=5.0,P=6547.53,WS=11.47] 、 40[status=5.0,P=6558.62,WS=11.5] 、 41[status=5.0,P=6432.28,WS=11.96] 、 42[status=5.0,P=6450.21,WS=11.84] 、 43[status=5.0,P=6460.45,WS=12.21] 、 44[status=5.0,P=6463.01,WS=12.97] 、 45[status=5.0,P=6455.33,WS=11.22] 、 46[status=5.0,P=6483.5,WS=11.78] 、 47[status=5.0,P=6285.45,WS=12.38] 、 48[status=5.0,P=6497.16,WS=12.54] 、 49[status=5.0,P=6487.77,WS=12.09] 、 50[status=5.0,P=6465.58,WS=13.11] 、 51[status=5.0,P=6489.48,WS=12.3] 、 52[status=5.0,P=6450.21,WS=13.21] 、 53[status=5.0,P=2493.52,WS=12.71] 、 54[status=5.0,P=6474.11,WS=12.19] 、 55[status=5.0,P=6452.77,WS=12.8] 、 56[status=5.0,P=6467.28,WS=12.4] 、 57[status=5.0,P=6544.11,WS=11.38] 、 58[status=5.0,P=6455.33,WS=12.81]"
192,2024-07-02 17:52:00,2024-07-04 17:42:00,2871,2871,0,0.0,,194,194,0,0.067572,0.067572,0.0,35.413367,35.413367,-0.0,0.0,0.012335,0.012335,1.165242,1.165242,590.093788,590.093788,-0.0,0.0,0.205536,0.205536,1.695393,1.695393,2,2,0.0,0,0,False,True,True,False,
193,2024-07-04 17:43:00,2024-07-04 17:44:00,2,2,23,5.30719,1、4、9、10、12、13、14、24、25、26、27、28、29、35、36、37、38、43、44、45、46、47、55,2,2,0,1.0,1.0,0.0,1.202086,112.907388,111.705302,-92.926239,0.601043,56.453694,1.169509,76.618216,2.181654,113.726724,111.54507,-51.128683,1.090827,56.863362,1.659293,77.027884,0,1,0.0,0,2,False,False,False,False,"1[status=5.0,P=139.57,WS=3.23] 、 4[status=5.0,P=120.37,WS=3.23] 、 9[status=5.0,P=35.85,WS=2.86] 、 10[status=5.0,P=20.49,WS=3.43] 、 12[status=5.0,P=188.23,WS=3.47] 、 13[status=5.0,P=74.27,WS=3.38] 、 14[status=5.0,P=16.65,WS=3.46] 、 24[status=5.0,P=58.9,WS=3.45] 、 25[status=5.0,P=152.38,WS=3.48] 、 26[status=5.0,P=7.68,WS=2.94] 、 27[status=5.0,P=842.56,WS=5.57] 、 28[status=5.0,P=670.97,WS=5.38] 、 29[status=5.0,P=448.17,WS=4.41] 、 35[status=5.0,P=101.16,WS=3.26] 、 36[status=5.0,P=386.71,WS=4.29] 、 37[status=5.0,P=448.17,WS=4.37] 、 38[status=5.0,P=160.06,WS=3.32] 、 43[status=5.0,P=64.88,WS=3.42] 、 44[status=5.0,P=281.71,WS=4.46] 、 45[status=5.0,P=444.75,WS=5.2] 、 46[status=5.0,P=280.0,WS=4.41] 、 47[status=5.0,P=258.66,WS=4.2] 、 55[status=5.0,P=105.0,WS=3.95]"
194,2024-07-04 17:45:00,2024-07-04 17:59:00,15,15,38,7.4187,1、2、3、4、6、7、9、10、11、12、13、14、19、22、23、24、25、26、27、28、29、30、31、32、33、34、35、36、37、38、43、44、45、46、47、55、56、58,11,15,4,0.733333,1.0,0.266667,5.809229,1380.989941,1375.180711,-236.723442,0.387282,92.065996,1.645464,137.271834,12.216402,1380.989941,1368.773538,-112.043915,0.814427,92.065996,2.163642,137.271834,0,15,0.0,0,15,False,False,False,False,"1[status=5.0,P=139.57,WS=3.23] 、 2[status=5.0,P=89.63,WS=2.99] 、 3[status=5.0,P=140.85,WS=3.29] 、 4[status=5.0,P=120.37,WS=3.23] 、 6[status=5.0,P=35.85,WS=2.7] 、 7[status=5.0,P=17.93,WS=2.7] 、 9[status=5.0,P=35.85,WS=2.86] 、 10[status=5.0,P=20.49,WS=3.43] 、 11[status=5.0,P=110.12,WS=3.21] 、 12[status=5.0,P=188.23,WS=3.47] 、 13[status=5.0,P=74.27,WS=3.38] 、 14[status=5.0,P=16.65,WS=3.46] 、 19[status=5.0,P=121.65,WS=3.39] 、 22[status=5.0,P=160.06,WS=3.31] 、 23[status=5.0,P=163.9,WS=3.58] 、 24[status=5.0,P=58.9,WS=3.45] 、 25[status=5.0,P=152.38,WS=3.48] 、 26[status=5.0,P=7.68,WS=2.94] 、 27[status=5.0,P=842.56,WS=5.57] 、 28[status=5.0,P=670.97,WS=5.38] 、 29[status=5.0,P=448.17,WS=4.41] 、 30[status=5.0,P=345.73,WS=4.05] 、 31[status=5.0,P=303.47,WS=4.05] 、 32[status=5.0,P=167.74,WS=3.43] 、 33[status=5.0,P=75.55,WS=2.62] 、 34[status=5.0,P=148.54,WS=3.32] 、 35[status=5.0,P=101.16,WS=3.26] 、 36[status=5.0,P=386.71,WS=4.29] 、 37[status=5.0,P=448.17,WS=4.37] 、 38[status=5.0,P=160.06,WS=3.32] 、 43[status=5.0,P=64.88,WS=3.42] 、 44[status=5.0,P=281.71,WS=4.46] 、 45[status=5.0,P=444.75,WS=5.2] 、 46[status=5.0,P=280.0,WS=4.41] 、 47[status=5.0,P=258.66,WS=4.2] 、 55[status=5.0,P=105.0,WS=3.95] 、 56[status=5.0,P=167.32,WS=3.94] 、 58[status=5.0,P=63.17,WS=3.97]"
195,2024-07-04 18:00:00,2024-07-05 11:13:00,1034,1034,0,0.0,,138,138,0,0.133462,0.133462,0.0,27.328291,27.328291,-0.0,0.0,0.02643,0.02643,1.635918,1.635918,206.895121,206.895121,-0.0,0.0,0.200092,0.200092,2.180751,2.180751,2,2,0.0,0,0,False,True,True,False,
196,2024-07-05 11:14:00,2024-07-05 11:17:00,4,4,58,47.91688,1、2、3、4、5、6、7、8、9、10、11、12、13、14、15、16、17、18、19、20、21、22、23、24、25、26、27、28、29、30、31、32、33、34、35、36、37、38、39、40、41、42、43、44、45、46、47、48、49、50、51、52、53、54、55、56、57、58,4,4,0,1.0,1.0,0.0,0.0,3646.6656,3646.6656,,0.0,911.6664,0.0,911.6664,1.630084,3646.6656,3645.035516,-2236.103032,0.407521,911.6664,0.407521,911.6664,0,4,4.0,0,4,False,False,False,False,"1[status=5.0,P=784.93,WS=5.36] 、 2[status=5.0,P=694.02,WS=5.16] 、 3[status=5.0,P=413.6,WS=4.12] 、 4[status=5.0,P=825.91,WS=5.29] 、 5[status=5.0,P=638.96,WS=4.77] 、 6[status=5.0,P=578.78,WS=4.66] 、 7[status=5.0,P=587.74,WS=4.66] 、 8[status=4.0,P=699.14,WS=5.11] 、 9[status=5.0,P=603.11,WS=4.95] 、 10[status=5.0,P=650.48,WS=5.06] 、 11[status=5.0,P=536.52,WS=4.58] 、 12[status=5.0,P=380.3,WS=4.21] 、 13[status=5.0,P=581.34,WS=4.9] 、 14[status=5.0,P=533.96,WS=4.66] 、 15[status=5.0,P=510.91,WS=4.53] 、 16[status=5.0,P=413.6,WS=4.31] 、 17[status=5.0,P=768.29,WS=5.39] 、 18[status=5.0,P=647.92,WS=5.02] 、 19[status=5.0,P=659.45,WS=4.92] 、 20[status=5.0,P=427.68,WS=4.1] 、 21[status=5.0,P=759.33,WS=5.15] 、 22[status=5.0,P=982.13,WS=5.84] 、 23[status=5.0,P=792.62,WS=5.36] 、 24[status=5.0,P=761.89,WS=5.3] 、 25[status=5.0,P=809.26,WS=5.26] 、 26[status=5.0,P=902.74,WS=5.62] 、 27[status=5.0,P=1152.43,WS=6.03] 、 28[status=5.0,P=1167.8,WS=6.23] 、 29[status=5.0,P=1011.58,WS=5.66] 、 30[status=5.0,P=957.8,WS=5.65] 、 31[status=5.0,P=970.6,WS=5.82] 、 32[status=5.0,P=927.07,WS=5.55] 、 33[status=5.0,P=987.25,WS=5.87] 、 34[status=5.0,P=982.13,WS=5.81] 、 35[status=5.0,P=955.24,WS=5.68] 、 36[status=5.0,P=985.97,WS=5.82] 、 37[status=5.0,P=942.43,WS=5.66] 、 38[status=5.0,P=898.9,WS=5.66] 、 39[status=5.0,P=531.83,WS=4.43] 、 40[status=5.0,P=1184.87,WS=6.02] 、 41[status=5.0,P=635.12,WS=5.28] 、 42[status=5.0,P=519.88,WS=4.58] 、 43[status=5.0,P=695.73,WS=5.24] 、 44[status=5.0,P=1024.38,WS=6.13] 、 45[status=5.0,P=1054.26,WS=5.89] 、 46[status=5.0,P=1018.41,WS=6.64] 、 47[status=5.0,P=1002.19,WS=6.05] 、 48[status=5.0,P=873.29,WS=5.67] 、 49[status=5.0,P=936.46,WS=5.6] 、 50[status=5.0,P=1022.68,WS=5.72] 、 51[status=5.0,P=950.12,WS=6.14] 、 52[status=5.0,P=956.09,WS=5.77] 、 53[status=5.0,P=976.58,WS=5.95] 、 54[status=5.0,P=1061.09,WS=5.96] 、 55[status=5.0,P=961.21,WS=6.5] 、 56[status=5.0,P=1108.04,WS=6.01] 、 57[status=5.0,P=1199.38,WS=6.13] 、 58[status=5.0,P=1321.46,WS=7.04]"
197,2024-07-05 11:18:00,2024-07-05 16:48:00,331,331,0,0.0,,20,20,0,0.060423,0.060423,0.0,3.185685,3.185685,-0.0,0.0,0.009624,0.009624,0.426845,0.426845,66.785407,66.785407,-0.0,0.0,0.201769,0.201769,0.920406,0.920406,0,0,0.0,0,0,False,True,True,False,
198,2024-07-05 16:49:00,2024-07-05 16:55:00,7,7,58,182.18128,1、2、3、4、5、6、7、8、9、10、11、12、13、14、15、16、17、18、19、20、21、22、23、24、25、26、27、28、29、30、31、32、33、34、35、36、37、38、39、40、41、42、43、44、45、46、47、48、49、50、51、52、53、54、55、56、57、58,7,7,0,1.0,1.0,0.0,1.419076,25276.0284,25274.609324,-17810.610594,0.202725,3610.8612,0.202725,3610.8612,4.974792,25276.0284,25271.053608,-5079.821458,0.710685,3610.8612,0.710685,3610.8612,0,7,7.0,0,7,False,False,False,False,"1[status=5.0,P=3384.31,WS=8.72] 、 2[status=5.0,P=3608.4,WS=8.69] 、 3[status=5.0,P=3708.27,WS=9.05] 、 4[status=5.0,P=3822.24,WS=9.22] 、 5[status=5.0,P=4426.62,WS=10.02] 、 6[status=5.0,P=4235.83,WS=9.84] 、 7[status=5.0,P=2344.56,WS=9.84] 、 8[status=4.0,P=3886.26,WS=9.43] 、 9[status=5.0,P=3933.64,WS=9.42] 、 10[status=5.0,P=1708.16,WS=6.61] 、 11[status=5.0,P=2827.3,WS=8.09] 、 12[status=5.0,P=3823.52,WS=9.17] 、 13[status=5.0,P=1815.72,WS=6.9] 、 14[status=5.0,P=2175.54,WS=7.54] 、 15[status=5.0,P=2481.57,WS=7.88] 、 16[status=5.0,P=1576.27,WS=6.52] 、 17[status=5.0,P=2035.96,WS=7.1] 、 18[status=5.0,P=1827.25,WS=6.82] 、 19[status=5.0,P=2067.98,WS=7.12] 、 20[status=5.0,P=3151.26,WS=8.44] 、 21[status=5.0,P=3495.71,WS=8.81] 、 22[status=5.0,P=3439.37,WS=8.59] 、 23[status=5.0,P=2875.96,WS=8.18] 、 24[status=5.0,P=3819.67,WS=9.16] 、 25[status=5.0,P=1751.7,WS=6.92] 、 26[status=5.0,P=2708.22,WS=7.82] 、 27[status=5.0,P=4525.22,WS=11.29] 、 28[status=5.0,P=4521.38,WS=11.29] 、 29[status=5.0,P=4394.61,WS=10.16] 、 30[status=5.0,P=4540.59,WS=11.26] 、 31[status=5.0,P=4546.99,WS=11.7] 、 32[status=5.0,P=4540.59,WS=11.3] 、 33[status=5.0,P=4362.6,WS=10.12] 、 34[status=5.0,P=4319.06,WS=10.09] 、 35[status=5.0,P=4223.03,WS=9.88] 、 36[status=5.0,P=3759.49,WS=9.02] 、 37[status=5.0,P=3334.37,WS=8.75] 、 38[status=5.0,P=3353.58,WS=8.74] 、 39[status=5.0,P=2312.55,WS=7.84] 、 40[status=5.0,P=2282.67,WS=7.42] 、 41[status=5.0,P=1404.26,WS=6.8] 、 42[status=5.0,P=1874.62,WS=7.25] 、 43[status=5.0,P=3056.08,WS=7.86] 、 44[status=5.0,P=3331.81,WS=7.82] 、 45[status=5.0,P=3400.1,WS=8.19] 、 46[status=5.0,P=3567.42,WS=8.36] 、 47[status=5.0,P=3758.64,WS=8.41] 、 48[status=5.0,P=3984.86,WS=8.98] 、 49[status=5.0,P=3666.44,WS=8.37] 、 50[status=5.0,P=2092.31,WS=7.1] 、 51[status=5.0,P=1573.28,WS=6.66] 、 52[status=5.0,P=1779.02,WS=7.07] 、 53[status=5.0,P=2269.87,WS=7.18] 、 54[status=5.0,P=2290.35,WS=7.39] 、 55[status=5.0,P=2507.18,WS=7.76] 、 56[status=5.0,P=2650.6,WS=7.84] 、 57[status=5.0,P=3264.37,WS=8.32] 、 58[status=5.0,P=3762.05,WS=8.13]"
199,2024-07-05 16:56:00,2024-07-05 18:53:00,118,118,0,0.0,,9,9,0,0.076271,0.076271,0.0,1.978478,1.978478,0.0,-0.0,0.016767,0.016767,0.833875,0.833875,26.659268,26.659268,0.0,-0.0,0.225926,0.225926,1.370562,1.370562,0,0,0.0,0,0,False,False,False,False,
200,2024-07-05 18:54:00,2024-07-05 18:57:00,4,4,58,282.01745,1、2、3、4、5、6、7、8、9、10、11、12、13、14、15、16、17、18、19、20、21、22、23、24、25、26、27、28、29、30、31、32、33、34、35、36、37、38、39、40、41、42、43、44、45、46、47、48、49、50、51、52、53、54、55、56、57、58,4,4,0,1.0,1.0,0.0,0.0,21800.2416,21800.2416,,0.0,5450.0604,0.0,5450.0604,1.446324,21800.2416,21798.795276,-15071.858632,0.361581,5450.0604,0.361581,5450.0604,0,4,4.0,0,4,False,False,False,False,"1[status=5.0,P=3540.53,WS=8.78] 、 2[status=5.0,P=4183.33,WS=9.03] 、 3[status=5.0,P=4033.52,WS=9.2] 、 4[status=5.0,P=4422.78,WS=9.74] 、 5[status=5.0,P=4349.79,WS=9.64] 、 6[status=5.0,P=4666.07,WS=11.17] 、 7[status=5.0,P=4328.03,WS=11.17] 、 8[status=5.0,P=4593.09,WS=11.75] 、 9[status=5.0,P=4614.85,WS=12.58] 、 10[status=5.0,P=4481.68,WS=10.11] 、 11[status=5.0,P=4488.09,WS=10.32] 、 12[status=5.0,P=4618.69,WS=10.49] 、 13[status=5.0,P=3554.62,WS=8.96] 、 14[status=5.0,P=2706.94,WS=8.23] 、 15[status=5.0,P=3201.2,WS=8.32] 、 16[status=5.0,P=3021.94,WS=8.53] 、 17[status=5.0,P=3705.71,WS=8.91] 、 18[status=5.0,P=4146.2,WS=9.76] 、 19[status=5.0,P=4549.55,WS=12.09] 、 20[status=5.0,P=3694.19,WS=8.91] 、 21[status=5.0,P=4498.33,WS=10.15] 、 22[status=5.0,P=4536.74,WS=12.19] 、 23[status=5.0,P=4438.15,WS=9.62] 、 24[status=5.0,P=4549.55,WS=11.82] 、 25[status=5.0,P=4555.95,WS=10.27] 、 26[status=5.0,P=4497.05,WS=12.45] 、 27[status=5.0,P=4465.04,WS=10.27] 、 28[status=5.0,P=4493.21,WS=10.34] 、 29[status=5.0,P=4479.12,WS=10.27] 、 30[status=5.0,P=4257.6,WS=12.45] 、 31[status=5.0,P=4447.11,WS=10.3] 、 32[status=5.0,P=4481.68,WS=10.31] 、 33[status=5.0,P=4495.77,WS=10.35] 、 34[status=5.0,P=4512.42,WS=12.51] 、 35[status=5.0,P=4497.05,WS=10.38] 、 36[status=5.0,P=4527.78,WS=12.27] 、 37[status=5.0,P=4514.98,WS=11.81] 、 38[status=5.0,P=4497.05,WS=10.31] 、 39[status=5.0,P=6394.72,WS=10.66] 、 40[status=5.0,P=6247.04,WS=11.12] 、 41[status=5.0,P=5948.26,WS=10.12] 、 42[status=5.0,P=5780.95,WS=10.51] 、 43[status=5.0,P=5675.95,WS=10.58] 、 44[status=5.0,P=5431.8,WS=12.4] 、 45[status=5.0,P=5260.22,WS=10.29] 、 46[status=5.0,P=5148.39,WS=10.64] 、 47[status=5.0,P=3593.03,WS=9.75] 、 48[status=5.0,P=6413.5,WS=11.48] 、 49[status=5.0,P=6433.14,WS=12.48] 、 50[status=5.0,P=6428.87,WS=12.22] 、 51[status=5.0,P=6485.21,WS=11.88] 、 52[status=5.0,P=6424.6,WS=12.08] 、 53[status=5.0,P=6388.75,WS=12.1] 、 54[status=5.0,P=6465.58,WS=11.82] 、 55[status=5.0,P=6416.06,WS=12.21] 、 56[status=5.0,P=6480.09,WS=11.87] 、 57[status=5.0,P=6485.21,WS=12.03] 、 58[status=5.0,P=6470.7,WS=11.4]"
201,2024-07-05 18:58:00,2024-07-09 21:02:00,5885,5885,0,0.0,,623,623,0,0.105862,0.105862,0.0,106.706246,106.706246,-0.0,0.0,0.018132,0.018132,1.361127,1.361127,1352.160755,1352.160755,0.0,-0.0,0.229764,0.229764,1.885907,1.885907,1,1,0.0,0,0,False,True,False,False,
202,2024-07-09 21:03:00,2024-07-09 21:17:00,15,15,56,112.32765,1、2、3、4、5、6、7、8、9、10、11、12、13、14、15、16、17、18、19、20、21、22、23、24、25、26、27、28、29、30、31、32、33、34、35、36、37、38、39、40、42、43、44、45、47、48、49、50、51、52、53、54、55、56、57、58,15,15,0,1.0,1.0,0.0,232.500008,20312.33994,20079.839932,-86.3649,15.500001,1354.155996,23.929401,2088.362,239.996698,20312.33994,20072.343242,-83.635914,15.99978,1354.155996,24.42918,2088.362,0,15,0.0,0,15,False,False,False,False,"1[status=5.0,P=2494.38,WS=7.87] 、 2[status=5.0,P=2106.39,WS=7.37] 、 3[status=5.0,P=2108.95,WS=7.39] 、 4[status=5.0,P=1898.95,WS=7.03] 、 5[status=5.0,P=2030.84,WS=7.19] 、 6[status=5.0,P=1980.9,WS=7.09] 、 7[status=5.0,P=1968.1,WS=7.09] 、 8[status=5.0,P=1947.61,WS=7.13] 、 9[status=5.0,P=1534.02,WS=6.76] 、 10[status=5.0,P=1238.23,WS=6.13] 、 11[status=5.0,P=1165.24,WS=5.99] 、 12[status=5.0,P=1325.3,WS=6.27] 、 13[status=5.0,P=1601.88,WS=6.81] 、 14[status=5.0,P=1691.52,WS=6.86] 、 15[status=5.0,P=1927.12,WS=7.09] 、 16[status=5.0,P=1664.63,WS=6.78] 、 17[status=5.0,P=1705.6,WS=6.78] 、 18[status=5.0,P=1745.3,WS=6.93] 、 19[status=5.0,P=3064.19,WS=8.29] 、 20[status=5.0,P=2480.29,WS=7.76] 、 21[status=5.0,P=2155.05,WS=7.49] 、 22[status=5.0,P=2176.82,WS=7.53] 、 23[status=5.0,P=2093.59,WS=7.51] 、 24[status=5.0,P=1604.44,WS=6.91] 、 25[status=5.0,P=1245.91,WS=6.08] 、 26[status=5.0,P=1061.52,WS=5.71] 、 27[status=5.0,P=3051.39,WS=8.51] 、 28[status=5.0,P=3148.7,WS=8.39] 、 29[status=5.0,P=3244.74,WS=8.61] 、 30[status=5.0,P=3286.99,WS=8.66] 、 31[status=5.0,P=3383.03,WS=8.86] 、 32[status=5.0,P=3385.59,WS=8.7] 、 33[status=5.0,P=3210.17,WS=8.44] 、 34[status=5.0,P=3134.62,WS=8.58] 、 35[status=5.0,P=2951.51,WS=8.46] 、 36[status=5.0,P=2487.97,WS=7.7] 、 37[status=5.0,P=2375.29,WS=7.76] 、 38[status=5.0,P=2206.27,WS=7.73] 、 39[status=5.0,P=1187.43,WS=6.38] 、 40[status=5.0,P=1207.07,WS=6.43] 、 42[status=5.0,P=1625.36,WS=6.72] 、 43[status=5.0,P=1331.7,WS=6.98] 、 44[status=5.0,P=1762.8,WS=5.71] 、 45[status=5.0,P=2006.09,WS=6.9] 、 47[status=5.0,P=2304.01,WS=7.22] 、 48[status=5.0,P=1659.5,WS=7.49] 、 49[status=5.0,P=1639.87,WS=6.87] 、 50[status=5.0,P=1784.14,WS=7.09] 、 51[status=5.0,P=1405.97,WS=6.56] 、 52[status=5.0,P=1436.7,WS=6.97] 、 53[status=5.0,P=1252.31,WS=6.68] 、 54[status=5.0,P=1167.8,WS=6.31] 、 55[status=5.0,P=1261.7,WS=6.53] 、 56[status=5.0,P=1308.65,WS=6.42] 、 57[status=5.0,P=1808.89,WS=6.84] 、 58[status=5.0,P=2294.62,WS=6.82]"
203,2024-07-09 21:18:00,2024-07-09 21:18:00,1,1,27,54.86605,30、31、32、33、34、35、36、37、38、39、40、42、43、44、45、47、48、49、50、51、52、53、54、55、56、57、58,1,1,0,1.0,1.0,0.0,12.884525,17.753634,4.86911,-0.377904,12.884525,17.753634,12.884525,17.753634,13.388551,18.243454,4.854902,-0.362616,13.388551,18.243454,13.388551,18.243454,0,1,0.0,0,1,False,False,False,False,"30[status=5.0,P=3286.99,WS=8.66] 、 31[status=5.0,P=3383.03,WS=8.86] 、 32[status=5.0,P=3385.59,WS=8.7] 、 33[status=5.0,P=3210.17,WS=8.44] 、 34[status=5.0,P=3134.62,WS=8.58] 、 35[status=5.0,P=2951.51,WS=8.46] 、 36[status=5.0,P=2487.97,WS=7.7] 、 37[status=5.0,P=2375.29,WS=7.76] 、 38[status=5.0,P=2206.27,WS=7.73] 、 39[status=5.0,P=1187.43,WS=6.38] 、 40[status=5.0,P=1207.07,WS=6.43] 、 42[status=5.0,P=1625.36,WS=6.72] 、 43[status=5.0,P=1331.7,WS=6.98] 、 44[status=5.0,P=1762.8,WS=5.71] 、 45[status=5.0,P=2006.09,WS=6.9] 、 47[status=5.0,P=2304.01,WS=7.22] 、 48[status=5.0,P=1659.5,WS=7.49] 、 49[status=5.0,P=1639.87,WS=6.87] 、 50[status=5.0,P=1784.14,WS=7.09] 、 51[status=5.0,P=1405.97,WS=6.56] 、 52[status=5.0,P=1436.7,WS=6.97] 、 53[status=5.0,P=1252.31,WS=6.68] 、 54[status=5.0,P=1167.8,WS=6.31] 、 55[status=5.0,P=1261.7,WS=6.53] 、 56[status=5.0,P=1308.65,WS=6.42] 、 57[status=5.0,P=1808.89,WS=6.84] 、 58[status=5.0,P=2294.62,WS=6.82]"
204,2024-07-09 21:19:00,2024-07-10 16:21:00,1143,1064,0,0.0,,101,101,0,0.088364,0.088364,0.0,24.329041,24.329041,-0.0,0.0,0.022866,0.022866,2.013081,2.013081,216.608045,216.608045,0.0,-0.0,0.203579,0.203579,2.509583,2.509583,3,3,0.0,0,0,False,True,False,False,
205,2024-07-10 16:22:00,2024-07-10 16:29:00,8,8,31,2.40816,1、3、4、5、6、7、8、9、10、11、12、13、14、15、16、17、18、20、21、23、24、25、26、27、28、30、31、33、35、37、54,0,0,0,0.0,0.0,0.0,0.0,0.0,0.0,,0.0,0.0,0.0,0.0,0.0,0.0,0.0,,0.0,0.0,0.0,0.0,0,0,0.0,0,8,False,False,False,False,"1[status=5.0,P=61.46,WS=3.21] 、 3[status=5.0,P=125.49,WS=3.06] 、 4[status=5.0,P=163.9,WS=3.39] 、 5[status=5.0,P=110.12,WS=3.15] 、 6[status=5.0,P=83.23,WS=2.87] 、 7[status=5.0,P=116.52,WS=2.87] 、 8[status=5.0,P=120.37,WS=3.34] 、 9[status=5.0,P=53.78,WS=3.11] 、 10[status=5.0,P=42.26,WS=2.98] 、 11[status=5.0,P=152.38,WS=3.36] 、 12[status=5.0,P=93.48,WS=2.97] 、 13[status=5.0,P=113.96,WS=3.2] 、 14[status=5.0,P=98.6,WS=3.07] 、 15[status=5.0,P=38.41,WS=2.68] 、 16[status=5.0,P=52.5,WS=2.91] 、 17[status=5.0,P=2.56,WS=2.86] 、 18[status=5.0,P=25.61,WS=2.5] 、 20[status=5.0,P=74.27,WS=3.04] 、 21[status=5.0,P=26.89,WS=2.19] 、 23[status=5.0,P=25.61,WS=3.34] 、 24[status=5.0,P=87.07,WS=2.95] 、 25[status=5.0,P=134.45,WS=3.32] 、 26[status=5.0,P=44.82,WS=2.8] 、 27[status=5.0,P=39.69,WS=2.39] 、 28[status=5.0,P=29.45,WS=2.6] 、 30[status=5.0,P=47.38,WS=2.43] 、 31[status=5.0,P=42.26,WS=3.07] 、 33[status=5.0,P=99.88,WS=3.14] 、 35[status=5.0,P=115.24,WS=3.11] 、 37[status=5.0,P=3.84,WS=2.96] 、 54[status=5.0,P=182.68,WS=3.39]"
206,2024-07-10 16:30:00,2024-07-11 13:24:00,1255,1255,0,0.0,,54,54,0,0.043028,0.043028,0.0,8.892933,8.892933,0.0,-0.0,0.007086,0.007086,0.617807,0.617807,90.003725,90.003725,-0.0,0.0,0.071716,0.071716,1.118132,1.118132,0,0,0.0,0,0,False,False,True,False,
207,2024-07-11 13:25:00,2024-07-11 13:28:00,4,4,2,2.12475,40、41,0,4,4,0.0,1.0,1.0,0.0,4.264258,4.264258,,0.0,1.066065,0.0,1.115623,0.455205,6.100935,5.64573,-12.402616,0.113801,1.525234,0.231238,1.586131,0,4,0.0,0,4,False,False,False,False,"40[status=5.0,P=1415.36,WS=6.14] 、 41[status=5.0,P=709.39,WS=4.48]"
208,2024-07-11 13:29:00,2024-07-11 15:09:00,101,101,0,0.0,,10,10,0,0.09901,0.09901,0.0,0.723573,0.723573,-0.0,0.0,0.007164,0.007164,0.309152,0.309152,26.412994,26.412994,0.0,-0.0,0.261515,0.261515,0.848197,0.848197,0,0,0.0,0,0,False,True,False,False,
209,2024-07-11 15:10:00,2024-07-11 15:13:00,4,4,42,8.64115,1、2、3、4、6、7、10、11、12、13、15、16、17、18、19、20、21、22、23、24、25、26、27、28、29、30、31、32、33、34、35、36、37、38、43、45、46、48、49、50、56、58,4,4,0,1.0,1.0,0.0,0.0,488.91736,488.91736,,0.0,122.22934,0.0,122.22934,0.123556,488.91736,488.793804,-3956.063885,0.030889,122.22934,0.030889,122.22934,0,4,4.0,0,4,False,False,False,False,"1[status=5.0,P=377.74,WS=4.12] 、 2[status=5.0,P=234.33,WS=3.79] 、 3[status=5.0,P=363.66,WS=4.19] 、 4[status=5.0,P=576.22,WS=4.8] 、 6[status=5.0,P=153.66,WS=3.41] 、 7[status=5.0,P=236.89,WS=3.41] 、 10[status=5.0,P=137.01,WS=3.18] 、 11[status=5.0,P=83.23,WS=2.86] 、 12[status=5.0,P=116.52,WS=3.14] 、 13[status=5.0,P=48.66,WS=2.77] 、 15[status=5.0,P=35.85,WS=2.9] 、 16[status=5.0,P=75.55,WS=2.87] 、 17[status=5.0,P=16.65,WS=2.56] 、 18[status=5.0,P=81.95,WS=3.25] 、 19[status=5.0,P=345.73,WS=4.16] 、 20[status=5.0,P=347.01,WS=4.07] 、 21[status=5.0,P=286.83,WS=4.05] 、 22[status=5.0,P=394.39,WS=4.29] 、 23[status=5.0,P=257.38,WS=3.83] 、 24[status=5.0,P=334.21,WS=4.07] 、 25[status=5.0,P=309.88,WS=3.95] 、 26[status=5.0,P=174.15,WS=3.48] 、 27[status=5.0,P=267.62,WS=3.82] 、 28[status=5.0,P=327.8,WS=4.03] 、 29[status=5.0,P=504.51,WS=4.59] 、 30[status=5.0,P=252.25,WS=3.67] 、 31[status=5.0,P=302.19,WS=4.17] 、 32[status=5.0,P=389.27,WS=4.08] 、 33[status=5.0,P=230.49,WS=3.7] 、 34[status=5.0,P=247.13,WS=3.7] 、 35[status=5.0,P=142.13,WS=3.34] 、 36[status=5.0,P=218.96,WS=3.61] 、 37[status=5.0,P=134.45,WS=3.45] 、 38[status=5.0,P=151.1,WS=3.39] 、 43[status=5.0,P=20.49,WS=3.74] 、 45[status=5.0,P=40.98,WS=2.91] 、 46[status=5.0,P=46.1,WS=3.84] 、 48[status=5.0,P=32.44,WS=4.8] 、 49[status=5.0,P=64.88,WS=3.73] 、 50[status=5.0,P=98.17,WS=3.49] 、 56[status=5.0,P=148.54,WS=4.17] 、 58[status=5.0,P=34.15,WS=3.62]"
210,2024-07-11 15:14:00,2024-07-12 11:17:00,1204,1204,0,0.0,,25,25,0,0.020764,0.020764,0.0,2.562838,2.562838,-0.0,0.0,0.002129,0.002129,0.434595,0.434595,127.167897,127.167897,-0.0,0.0,0.105621,0.105621,1.110495,1.110495,0,0,0.0,0,0,False,True,True,False,
211,2024-07-12 11:18:00,2024-07-12 11:24:00,7,7,56,58.75573,1、2、3、4、5、6、7、8、9、10、11、12、13、14、15、16、17、18、20、22、23、24、25、26、27、28、29、30、31、32、33、34、35、36、37、38、39、40、41、42、43、44、45、46、47、48、49、50、51、52、53、54、55、56、57、58,7,7,0,1.0,1.0,0.0,0.0,7952.8288,7952.8288,,0.0,1136.1184,0.0,1136.1184,0.545072,7952.8288,7952.283728,-14589.42555,0.077867,1136.1184,0.077867,1136.1184,0,7,7.0,0,7,False,False,False,False,"1[status=5.0,P=1112.74,WS=5.97] 、 2[status=5.0,P=665.85,WS=5.05] 、 3[status=5.0,P=901.46,WS=5.57] 、 4[status=5.0,P=1044.87,WS=5.8] 、 5[status=5.0,P=1444.38,WS=6.48] 、 6[status=5.0,P=1280.48,WS=6.23] 、 7[status=5.0,P=859.2,WS=6.23] 、 8[status=5.0,P=868.17,WS=5.43] 、 9[status=5.0,P=1166.52,WS=5.95] 、 10[status=5.0,P=879.69,WS=5.58] 、 11[status=5.0,P=1266.4,WS=6.15] 、 12[status=5.0,P=1064.08,WS=5.69] 、 13[status=5.0,P=1330.42,WS=6.34] 、 14[status=5.0,P=987.25,WS=5.72] 、 15[status=5.0,P=850.24,WS=5.46] 、 16[status=5.0,P=724.75,WS=5.21] 、 17[status=5.0,P=518.59,WS=4.73] 、 18[status=5.0,P=895.06,WS=5.53] 、 20[status=5.0,P=910.42,WS=5.5] 、 22[status=5.0,P=1087.13,WS=5.54] 、 23[status=5.0,P=1466.15,WS=6.71] 、 24[status=5.0,P=1242.07,WS=5.98] 、 25[status=5.0,P=1121.7,WS=6.06] 、 26[status=5.0,P=815.67,WS=5.33] 、 27[status=5.0,P=1056.4,WS=5.79] 、 28[status=5.0,P=930.91,WS=5.49] 、 29[status=5.0,P=831.03,WS=5.5] 、 30[status=5.0,P=934.75,WS=5.6] 、 31[status=5.0,P=980.85,WS=5.7] 、 32[status=5.0,P=852.8,WS=5.48] 、 33[status=5.0,P=1330.42,WS=6.24] 、 34[status=5.0,P=1315.05,WS=6.2] 、 35[status=5.0,P=1071.76,WS=5.81] 、 36[status=5.0,P=984.69,WS=5.68] 、 37[status=5.0,P=1074.32,WS=5.77] 、 38[status=5.0,P=1245.91,WS=6.19] 、 39[status=5.0,P=1082.43,WS=6.3] 、 40[status=5.0,P=674.39,WS=3.85] 、 41[status=5.0,P=573.66,WS=5.4] 、 42[status=5.0,P=1209.63,WS=6.16] 、 43[status=5.0,P=413.17,WS=5.06] 、 44[status=5.0,P=755.48,WS=5.79] 、 45[status=5.0,P=1131.09,WS=5.84] 、 46[status=5.0,P=1229.26,WS=6.45] 、 47[status=5.0,P=893.78,WS=5.67] 、 48[status=5.0,P=1172.92,WS=6.47] 、 49[status=5.0,P=1271.94,WS=6.11] 、 50[status=5.0,P=1300.97,WS=5.73] 、 51[status=5.0,P=1090.97,WS=5.61] 、 52[status=5.0,P=902.31,WS=6.0] 、 53[status=5.0,P=1260.85,WS=6.1] 、 54[status=5.0,P=1191.7,WS=6.02] 、 55[status=5.0,P=1090.97,WS=5.89] 、 56[status=5.0,P=1574.99,WS=6.59] 、 57[status=5.0,P=1627.92,WS=6.36] 、 58[status=5.0,P=1195.12,WS=6.31]"
212,2024-07-12 11:25:00,2024-07-25 10:38:00,18674,18674,0,0.0,,2435,2435,0,0.130395,0.130395,0.0,614.033647,614.033647,-0.0,0.0,0.032882,0.032882,7.271656,7.271656,4648.879662,4648.879662,0.0,-0.0,0.248949,0.248949,7.767798,7.767798,56,56,0.0,0,0,False,True,False,False,
213,2024-07-25 10:39:00,2024-07-25 11:15:00,37,33,54,259.22058,1、2、4、5、6、7、10、11、12、13、14、15、16、17、18、19、20、21、22、23、24、25、26、27、28、29、30、31、32、33、34、35、36、38、39、40、41、42、43、44、45、46、47、48、49、50、51、52、53、54、55、56、57、58,28,33,5,0.756757,0.891892,0.135135,0.0,166161.185,166161.185,,0.0,5035.187424,0.0,5049.1488,13.956376,166161.185,166147.228624,-11904.754776,0.42292,5035.187424,0.508324,5049.1488,0,33,28.0,0,33,False,False,False,False,"1[status=5.0,P=4433.03,WS=10.31] 、 2[status=5.0,P=4452.23,WS=10.2] 、 4[status=5.0,P=4526.5,WS=10.28] 、 5[status=5.0,P=4453.51,WS=10.08] 、 6[status=5.0,P=4522.66,WS=11.45] 、 7[status=5.0,P=4319.06,WS=11.45] 、 10[status=5.0,P=4279.37,WS=9.98] 、 11[status=5.0,P=4283.21,WS=9.82] 、 12[status=5.0,P=4495.77,WS=10.37] 、 13[status=5.0,P=4618.7,WS=11.63] 、 14[status=5.0,P=3534.13,WS=8.73] 、 15[status=5.0,P=4649.43,WS=7.89] 、 16[status=5.0,P=895.06,WS=11.25] 、 17[status=5.0,P=4636.62,WS=10.6] 、 18[status=5.0,P=4605.89,WS=10.11] 、 19[status=5.0,P=4495.77,WS=10.3] 、 20[status=5.0,P=4448.39,WS=10.07] 、 21[status=5.0,P=4586.68,WS=12.45] 、 22[status=5.0,P=4365.16,WS=10.29] 、 23[status=5.0,P=4210.22,WS=10.17] 、 24[status=5.0,P=4707.05,WS=10.07] 、 25[status=5.0,P=4476.56,WS=10.38] 、 26[status=5.0,P=882.25,WS=12.31] 、 27[status=5.0,P=4438.15,WS=10.34] 、 28[status=5.0,P=4535.46,WS=11.35] 、 29[status=5.0,P=4484.24,WS=10.32] 、 30[status=5.0,P=4525.22,WS=12.25] 、 31[status=5.0,P=4485.52,WS=10.35] 、 32[status=5.0,P=4394.61,WS=10.2] 、 33[status=5.0,P=4522.66,WS=11.98] 、 34[status=5.0,P=4472.72,WS=10.26] 、 35[status=5.0,P=4536.74,WS=10.44] 、 36[status=5.0,P=4447.11,WS=10.28] 、 38[status=5.0,P=4416.38,WS=10.21] 、 39[status=5.0,P=6072.04,WS=11.66] 、 40[status=5.0,P=6450.21,WS=9.38] 、 41[status=5.0,P=5687.9,WS=8.79] 、 42[status=5.0,P=4564.49,WS=10.55] 、 43[status=5.0,P=5944.85,WS=10.35] 、 44[status=5.0,P=5068.14,WS=8.7] 、 45[status=5.0,P=6369.97,WS=10.08] 、 46[status=5.0,P=2474.74,WS=8.86] 、 47[status=5.0,P=6029.36,WS=10.46] 、 48[status=5.0,P=6492.89,WS=9.05] 、 49[status=5.0,P=6013.99,WS=10.91] 、 50[status=5.0,P=6244.48,WS=9.49] 、 51[status=5.0,P=6500.58,WS=11.12] 、 52[status=5.0,P=6547.53,WS=11.16] 、 53[status=5.0,P=6277.77,WS=10.83] 、 54[status=5.0,P=6442.53,WS=11.03] 、 55[status=5.0,P=6460.45,WS=11.15] 、 56[status=5.0,P=6489.48,WS=10.26] 、 57[status=5.0,P=6469.84,WS=10.69] 、 58[status=5.0,P=2483.28,WS=10.34]"
214,2024-07-25 11:16:00,2024-07-25 11:29:00,14,14,54,259.55223,1、2、4、5、6、7、10、11、12、13、14、15、16、17、18、19、20、21、22、23、24、25、26、27、28、29、30、31、32、33、34、35、36、38、39、40、41、42、43、44、45、46、47、48、49、50、51、52、53、54、55、56、57、58,14,14,0,1.0,1.0,0.0,0.0,70277.8132,70277.8132,,0.0,5019.8438,0.0,5019.8438,3.08406,70277.8132,70274.72914,-22786.433997,0.22029,5019.8438,0.22029,5019.8438,0,14,14.0,0,14,False,False,False,False,"1[status=5.0,P=4511.13,WS=10.68] 、 2[status=5.0,P=4490.65,WS=10.45] 、 4[status=5.0,P=4526.5,WS=10.08] 、 5[status=5.0,P=4453.51,WS=10.08] 、 6[status=5.0,P=4522.66,WS=11.45] 、 7[status=5.0,P=4319.06,WS=11.45] 、 10[status=5.0,P=4279.37,WS=9.98] 、 11[status=5.0,P=4283.21,WS=9.82] 、 12[status=5.0,P=4495.77,WS=10.37] 、 13[status=5.0,P=4618.7,WS=11.63] 、 14[status=5.0,P=3534.13,WS=8.73] 、 15[status=5.0,P=4649.43,WS=7.89] 、 16[status=5.0,P=895.06,WS=11.25] 、 17[status=5.0,P=4636.62,WS=10.6] 、 18[status=5.0,P=4605.89,WS=10.11] 、 19[status=5.0,P=4495.77,WS=10.3] 、 20[status=5.0,P=4448.39,WS=10.07] 、 21[status=5.0,P=4354.92,WS=10.05] 、 22[status=5.0,P=4433.03,WS=10.09] 、 23[status=5.0,P=4589.24,WS=12.97] 、 24[status=5.0,P=4707.05,WS=10.07] 、 25[status=5.0,P=4476.56,WS=10.38] 、 26[status=5.0,P=882.25,WS=12.31] 、 27[status=5.0,P=4438.15,WS=10.34] 、 28[status=5.0,P=4535.46,WS=11.35] 、 29[status=5.0,P=4484.24,WS=10.32] 、 30[status=5.0,P=4525.22,WS=12.25] 、 31[status=5.0,P=4485.52,WS=11.56] 、 32[status=5.0,P=4394.61,WS=10.2] 、 33[status=5.0,P=4522.66,WS=11.98] 、 34[status=5.0,P=4472.72,WS=10.26] 、 35[status=5.0,P=4536.74,WS=10.44] 、 36[status=5.0,P=4447.11,WS=10.28] 、 38[status=5.0,P=4416.38,WS=10.21] 、 39[status=5.0,P=6072.04,WS=11.66] 、 40[status=5.0,P=6450.21,WS=9.38] 、 41[status=5.0,P=5687.9,WS=8.79] 、 42[status=5.0,P=4564.49,WS=10.55] 、 43[status=5.0,P=5944.85,WS=10.35] 、 44[status=5.0,P=5068.14,WS=8.7] 、 45[status=5.0,P=6369.97,WS=10.08] 、 46[status=5.0,P=2474.74,WS=8.86] 、 47[status=5.0,P=6029.36,WS=10.46] 、 48[status=5.0,P=6492.89,WS=9.05] 、 49[status=5.0,P=6013.99,WS=10.91] 、 50[status=5.0,P=6244.48,WS=9.49] 、 51[status=5.0,P=6500.58,WS=11.12] 、 52[status=5.0,P=6547.53,WS=11.16] 、 53[status=5.0,P=6277.77,WS=10.83] 、 54[status=5.0,P=6442.53,WS=11.03] 、 55[status=5.0,P=6460.45,WS=11.15] 、 56[status=5.0,P=6489.48,WS=10.26] 、 57[status=5.0,P=6469.84,WS=10.69] 、 58[status=5.0,P=2483.28,WS=10.34]"
215,2024-07-25 11:30:00,2024-07-25 11:30:00,1,1,52,250.55045,4、5、6、7、10、11、12、13、14、15、16、17、18、19、20、21、22、23、24、25、26、27、28、29、30、31、32、33、34、35、36、38、39、40、41、42、43、44、45、46、47、48、49、50、51、52、53、54、55、56、57、58,1,1,0,1.0,1.0,0.0,0.0,133.465867,133.465867,,0.0,133.465867,0.0,133.465867,0.239082,133.984097,133.745015,-559.410557,0.239082,133.984097,0.239082,133.984097,0,1,1.0,0,1,False,False,False,False,"4[status=5.0,P=4526.5,WS=10.08] 、 5[status=5.0,P=4453.51,WS=10.08] 、 6[status=5.0,P=4522.66,WS=11.45] 、 7[status=5.0,P=4319.06,WS=11.45] 、 10[status=5.0,P=4279.37,WS=9.98] 、 11[status=5.0,P=4283.21,WS=9.82] 、 12[status=5.0,P=4495.77,WS=10.37] 、 13[status=5.0,P=4618.7,WS=11.63] 、 14[status=5.0,P=3534.13,WS=8.73] 、 15[status=5.0,P=4649.43,WS=7.89] 、 16[status=5.0,P=895.06,WS=11.25] 、 17[status=5.0,P=4636.62,WS=10.6] 、 18[status=5.0,P=4605.89,WS=10.11] 、 19[status=5.0,P=4495.77,WS=10.3] 、 20[status=5.0,P=4448.39,WS=10.07] 、 21[status=5.0,P=4354.92,WS=10.05] 、 22[status=5.0,P=4433.03,WS=10.09] 、 23[status=5.0,P=4589.24,WS=12.97] 、 24[status=5.0,P=4707.05,WS=10.07] 、 25[status=5.0,P=4476.56,WS=10.38] 、 26[status=5.0,P=882.25,WS=12.31] 、 27[status=5.0,P=4438.15,WS=10.34] 、 28[status=5.0,P=4535.46,WS=11.35] 、 29[status=5.0,P=4484.24,WS=10.32] 、 30[status=5.0,P=4525.22,WS=12.25] 、 31[status=5.0,P=4485.52,WS=11.56] 、 32[status=5.0,P=4394.61,WS=10.2] 、 33[status=5.0,P=4522.66,WS=11.98] 、 34[status=5.0,P=4472.72,WS=10.26] 、 35[status=5.0,P=4536.74,WS=10.44] 、 36[status=5.0,P=4447.11,WS=10.28] 、 38[status=5.0,P=4416.38,WS=10.21] 、 39[status=5.0,P=6072.04,WS=11.66] 、 40[status=5.0,P=6450.21,WS=9.38] 、 41[status=5.0,P=5687.9,WS=8.79] 、 42[status=5.0,P=4564.49,WS=10.55] 、 43[status=5.0,P=5944.85,WS=10.35] 、 44[status=5.0,P=5068.14,WS=8.7] 、 45[status=5.0,P=6369.97,WS=10.08] 、 46[status=5.0,P=2474.74,WS=8.86] 、 47[status=5.0,P=6029.36,WS=10.46] 、 48[status=5.0,P=6492.89,WS=9.05] 、 49[status=5.0,P=6013.99,WS=10.91] 、 50[status=5.0,P=6244.48,WS=9.49] 、 51[status=5.0,P=6500.58,WS=11.12] 、 52[status=5.0,P=6547.53,WS=11.16] 、 53[status=5.0,P=6277.77,WS=10.83] 、 54[status=5.0,P=6442.53,WS=11.03] 、 55[status=5.0,P=6460.45,WS=11.15] 、 56[status=5.0,P=6489.48,WS=10.26] 、 57[status=5.0,P=6469.84,WS=10.69] 、 58[status=5.0,P=2483.28,WS=10.34]"
216,2024-07-25 11:31:00,2024-07-25 13:21:00,111,108,0,0.0,,14,14,0,0.126126,0.126126,0.0,1.845282,1.845282,-0.0,0.0,0.017086,0.017086,0.3399,0.3399,27.743472,27.743472,-0.0,0.0,0.256884,0.256884,0.827844,0.827844,0,0,0.0,0,0,False,True,True,False,
217,2024-07-25 13:22:00,2024-07-25 13:25:00,4,4,54,263.12772,1、2、4、5、6、7、10、11、12、13、14、15、16、17、18、19、20、21、22、23、24、25、26、27、28、29、30、31、32、33、34、35、36、38、39、40、41、42、43、44、45、46、47、48、49、50、51、52、53、54、55、56、57、58,4,4,0,1.0,1.0,0.0,0.0,20320.5704,20320.5704,,0.0,5080.1426,0.0,5080.1426,0.66385,20320.5704,20319.90655,-30609.166115,0.165963,5080.1426,0.165963,5080.1426,0,4,4.0,0,4,False,False,False,False,"1[status=5.0,P=4452.23,WS=10.29] 、 2[status=5.0,P=4500.89,WS=12.05] 、 4[status=5.0,P=4518.82,WS=10.2] 、 5[status=5.0,P=4456.07,WS=10.35] 、 6[status=5.0,P=4261.44,WS=9.95] 、 7[status=5.0,P=4486.81,WS=9.95] 、 10[status=5.0,P=4458.63,WS=9.8] 、 11[status=5.0,P=4230.71,WS=9.73] 、 12[status=5.0,P=4563.63,WS=11.03] 、 13[status=5.0,P=4424.06,WS=10.36] 、 14[status=5.0,P=4590.52,WS=11.89] 、 15[status=5.0,P=4575.16,WS=10.92] 、 16[status=5.0,P=886.09,WS=12.2] 、 17[status=5.0,P=3674.98,WS=9.31] 、 18[status=5.0,P=4495.77,WS=10.25] 、 19[status=5.0,P=4489.37,WS=10.33] 、 20[status=5.0,P=4452.23,WS=10.1] 、 21[status=5.0,P=4581.56,WS=11.69] 、 22[status=5.0,P=4559.79,WS=10.25] 、 23[status=5.0,P=4618.69,WS=11.81] 、 24[status=5.0,P=4621.26,WS=12.74] 、 25[status=5.0,P=4559.79,WS=10.19] 、 26[status=5.0,P=905.3,WS=11.06] 、 27[status=5.0,P=4531.62,WS=11.45] 、 28[status=5.0,P=4526.5,WS=11.72] 、 29[status=5.0,P=4443.27,WS=10.3] 、 30[status=5.0,P=4242.23,WS=12.66] 、 31[status=5.0,P=4513.7,WS=11.73] 、 32[status=5.0,P=4584.12,WS=11.71] 、 33[status=5.0,P=4541.87,WS=11.21] 、 34[status=5.0,P=4489.37,WS=10.13] 、 35[status=5.0,P=4521.38,WS=12.09] 、 36[status=5.0,P=4452.23,WS=10.35] 、 38[status=5.0,P=4422.78,WS=10.2] 、 39[status=5.0,P=6430.58,WS=11.29] 、 40[status=5.0,P=6403.26,WS=11.16] 、 41[status=5.0,P=6092.53,WS=9.75] 、 42[status=5.0,P=6402.41,WS=11.76] 、 43[status=5.0,P=5430.09,WS=11.44] 、 44[status=5.0,P=5844.97,WS=11.1] 、 45[status=5.0,P=6194.11,WS=11.37] 、 46[status=5.0,P=2494.38,WS=11.95] 、 47[status=5.0,P=6212.89,WS=11.15] 、 48[status=5.0,P=6607.28,WS=9.54] 、 49[status=5.0,P=6385.33,WS=11.82] 、 50[status=5.0,P=6478.38,WS=12.65] 、 51[status=5.0,P=6498.01,WS=11.93] 、 52[status=5.0,P=6333.26,WS=11.6] 、 53[status=5.0,P=6443.38,WS=11.72] 、 54[status=5.0,P=6371.67,WS=11.52] 、 55[status=5.0,P=6428.01,WS=11.91] 、 56[status=5.0,P=6499.72,WS=10.42] 、 57[status=5.0,P=6472.41,WS=11.14] 、 58[status=5.0,P=2472.18,WS=11.09]"
218,2024-07-25 13:26:00,2024-07-25 14:01:00,36,36,54,260.01742,1、2、4、5、6、7、10、11、12、13、14、15、16、17、18、19、20、21、22、23、24、25、26、27、28、29、30、31、32、33、34、35、36、38、39、40、41、42、43、44、45、46、47、48、49、50、51、52、53、54、55、56、57、58,36,36,0,1.0,1.0,0.0,1.187369,182453.1624,182451.975031,-153660.770943,0.032982,5068.1434,0.032982,5068.1434,20.17085,182453.1624,182432.99155,-9044.387905,0.560301,5068.1434,0.560301,5068.1434,0,36,36.0,0,36,False,False,False,False,"1[status=5.0,P=4603.33,WS=13.21] 、 2[status=5.0,P=4516.26,WS=11.16] 、 4[status=5.0,P=4550.83,WS=11.22] 、 5[status=5.0,P=4554.67,WS=10.85] 、 6[status=5.0,P=4458.63,WS=10.02] 、 7[status=5.0,P=4424.06,WS=10.02] 、 10[status=5.0,P=4684.0,WS=11.91] 、 11[status=5.0,P=3344.62,WS=8.89] 、 12[status=5.0,P=4495.77,WS=10.35] 、 13[status=5.0,P=4548.27,WS=12.14] 、 14[status=5.0,P=4531.62,WS=11.94] 、 15[status=5.0,P=4360.04,WS=10.19] 、 16[status=5.0,P=898.9,WS=10.52] 、 17[status=5.0,P=3339.49,WS=8.85] 、 18[status=5.0,P=4472.72,WS=10.2] 、 19[status=5.0,P=4366.44,WS=10.21] 、 20[status=5.0,P=4644.3,WS=11.19] 、 21[status=5.0,P=4456.07,WS=10.01] 、 22[status=5.0,P=4599.49,WS=10.36] 、 23[status=5.0,P=4463.76,WS=10.46] 、 24[status=5.0,P=4261.44,WS=10.06] 、 25[status=5.0,P=4586.68,WS=10.07] 、 26[status=5.0,P=910.42,WS=10.0] 、 27[status=5.0,P=4466.32,WS=10.33] 、 28[status=5.0,P=4504.73,WS=11.9] 、 29[status=5.0,P=4484.24,WS=10.34] 、 30[status=5.0,P=4223.03,WS=11.84] 、 31[status=5.0,P=4461.2,WS=10.29] 、 32[status=5.0,P=4336.99,WS=10.06] 、 33[status=5.0,P=4375.4,WS=10.16] 、 34[status=5.0,P=4485.52,WS=10.46] 、 35[status=5.0,P=4521.38,WS=10.76] 、 36[status=5.0,P=4535.46,WS=11.87] 、 38[status=5.0,P=4459.92,WS=10.24] 、 39[status=5.0,P=6316.19,WS=10.43] 、 40[status=5.0,P=6096.8,WS=11.58] 、 41[status=5.0,P=6072.89,WS=9.53] 、 42[status=5.0,P=5990.94,WS=11.72] 、 43[status=5.0,P=5850.94,WS=11.0] 、 44[status=5.0,P=5880.82,WS=10.17] 、 45[status=5.0,P=5808.26,WS=10.73] 、 46[status=5.0,P=2502.91,WS=10.41] 、 47[status=5.0,P=5337.04,WS=10.94] 、 48[status=5.0,P=6349.48,WS=11.19] 、 49[status=5.0,P=6455.33,WS=12.11] 、 50[status=5.0,P=6467.28,WS=11.52] 、 51[status=5.0,P=6477.53,WS=10.39] 、 52[status=5.0,P=6553.5,WS=11.53] 、 53[status=5.0,P=6462.16,WS=11.7] 、 54[status=5.0,P=6544.11,WS=11.69] 、 55[status=5.0,P=6444.23,WS=11.84] 、 56[status=5.0,P=6478.38,WS=11.6] 、 57[status=5.0,P=6486.06,WS=11.56] 、 58[status=5.0,P=2516.57,WS=11.98]"
219,2024-07-25 14:02:00,2024-07-25 14:02:00,1,1,32,166.85603,26、27、28、29、30、31、32、33、34、35、36、38、39、40、41、42、43、44、45、46、47、48、49、50、51、52、53、54、55、56、57、58,1,1,0,1.0,1.0,0.0,0.0,71.576459,71.576459,,0.0,71.576459,0.0,71.576459,0.33365,72.089867,71.756217,-215.064149,0.33365,72.089867,0.33365,72.089867,0,1,1.0,0,1,False,False,False,False,"26[status=5.0,P=910.42,WS=10.0] 、 27[status=5.0,P=4466.32,WS=10.33] 、 28[status=5.0,P=4504.73,WS=11.9] 、 29[status=5.0,P=4484.24,WS=10.34] 、 30[status=5.0,P=4223.03,WS=11.84] 、 31[status=5.0,P=4461.2,WS=10.29] 、 32[status=5.0,P=4336.99,WS=10.06] 、 33[status=5.0,P=4375.4,WS=10.16] 、 34[status=5.0,P=4485.52,WS=10.46] 、 35[status=5.0,P=4521.38,WS=10.76] 、 36[status=5.0,P=4535.46,WS=11.87] 、 38[status=5.0,P=4459.92,WS=10.24] 、 39[status=5.0,P=6316.19,WS=10.43] 、 40[status=5.0,P=6096.8,WS=11.58] 、 41[status=5.0,P=6072.89,WS=9.53] 、 42[status=5.0,P=5990.94,WS=11.72] 、 43[status=5.0,P=5850.94,WS=11.0] 、 44[status=5.0,P=5880.82,WS=10.17] 、 45[status=5.0,P=5808.26,WS=10.73] 、 46[status=5.0,P=2502.91,WS=10.41] 、 47[status=5.0,P=5337.04,WS=10.94] 、 48[status=5.0,P=6349.48,WS=11.19] 、 49[status=5.0,P=6455.33,WS=12.11] 、 50[status=5.0,P=6467.28,WS=11.52] 、 51[status=5.0,P=6477.53,WS=10.39] 、 52[status=5.0,P=6553.5,WS=11.53] 、 53[status=5.0,P=6462.16,WS=11.7] 、 54[status=5.0,P=6544.11,WS=11.69] 、 55[status=5.0,P=6444.23,WS=11.84] 、 56[status=5.0,P=6478.38,WS=11.6] 、 57[status=5.0,P=6486.06,WS=11.56] 、 58[status=5.0,P=2516.57,WS=11.98]"
220,2024-07-25 14:03:00,2024-07-25 15:07:00,65,65,0,0.0,,9,9,0,0.138462,0.138462,0.0,0.865844,0.865844,-0.0,0.0,0.013321,0.013321,0.293539,0.293539,15.817213,15.817213,-0.0,0.0,0.243342,0.243342,0.795339,0.795339,0,0,2.0,0,0,False,True,True,False,
221,2024-07-25 15:08:00,2024-07-25 15:38:00,31,28,54,251.55008,1、2、4、5、6、7、10、11、12、13、14、15、16、17、18、19、20、21、22、23、24、25、26、27、28、29、30、31、32、33、34、35、36、38、39、40、41、42、43、44、45、46、47、48、49、50、51、52、53、54、55、56、57、58,28,28,0,0.903226,0.903226,0.0,6.377988,138386.5056,138380.127612,-21696.516686,0.227785,4942.3752,0.227785,4942.3752,21.015992,138386.5056,138365.489608,-6583.819224,0.750571,4942.3752,0.750571,4942.3752,0,28,28.0,0,28,False,False,False,False,"1[status=5.0,P=4445.83,WS=10.04] 、 2[status=5.0,P=4499.61,WS=10.06] 、 4[status=5.0,P=4303.7,WS=9.75] 、 5[status=5.0,P=4216.62,WS=9.5] 、 6[status=5.0,P=4367.72,WS=9.96] 、 7[status=5.0,P=4577.72,WS=9.96] 、 10[status=5.0,P=4422.78,WS=10.12] 、 11[status=5.0,P=4434.31,WS=10.04] 、 12[status=5.0,P=4335.71,WS=9.87] 、 13[status=5.0,P=4474.0,WS=10.14] 、 14[status=5.0,P=4380.53,WS=10.07] 、 15[status=5.0,P=4530.34,WS=10.89] 、 16[status=5.0,P=901.46,WS=11.38] 、 17[status=5.0,P=3893.94,WS=9.48] 、 18[status=5.0,P=4457.35,WS=9.89] 、 19[status=5.0,P=4499.61,WS=10.17] 、 20[status=5.0,P=4152.6,WS=9.56] 、 21[status=5.0,P=3609.68,WS=9.05] 、 22[status=5.0,P=2213.95,WS=7.85] 、 23[status=5.0,P=4535.46,WS=10.12] 、 24[status=5.0,P=4604.61,WS=10.61] 、 25[status=5.0,P=4628.94,WS=10.78] 、 26[status=5.0,P=911.7,WS=9.55] 、 27[status=5.0,P=4463.76,WS=9.91] 、 28[status=5.0,P=4484.24,WS=9.7] 、 29[status=5.0,P=4409.98,WS=9.77] 、 30[status=5.0,P=4283.21,WS=11.31] 、 31[status=5.0,P=4522.66,WS=10.95] 、 32[status=5.0,P=4506.01,WS=10.78] 、 33[status=5.0,P=4536.74,WS=10.51] 、 34[status=5.0,P=4627.66,WS=10.95] 、 35[status=5.0,P=4516.26,WS=10.72] 、 36[status=5.0,P=4429.18,WS=9.96] 、 38[status=5.0,P=4466.32,WS=9.75] 、 39[status=5.0,P=5057.9,WS=9.96] 、 40[status=5.0,P=6545.82,WS=10.36] 、 41[status=5.0,P=5678.51,WS=9.86] 、 42[status=5.0,P=4485.1,WS=10.55] 、 43[status=5.0,P=5968.75,WS=10.59] 、 44[status=5.0,P=5382.29,WS=9.86] 、 45[status=5.0,P=6245.33,WS=11.14] 、 46[status=5.0,P=2460.23,WS=9.87] 、 47[status=5.0,P=6080.58,WS=10.88] 、 48[status=5.0,P=5744.24,WS=9.43] 、 49[status=5.0,P=6317.89,WS=10.74] 、 50[status=5.0,P=5949.12,WS=10.57] 、 51[status=5.0,P=6089.97,WS=10.61] 、 52[status=5.0,P=5872.29,WS=11.19] 、 53[status=5.0,P=6425.45,WS=11.18] 、 54[status=5.0,P=5512.9,WS=11.21] 、 55[status=5.0,P=6354.6,WS=11.36] 、 56[status=5.0,P=6408.38,WS=11.74] 、 57[status=5.0,P=5821.07,WS=10.44] 、 58[status=5.0,P=2505.47,WS=10.82]"
222,2024-07-25 15:39:00,2024-07-25 15:40:00,2,2,51,238.00003,1、2、4、5、10、11、12、13、14、15、16、17、18、19、20、21、22、23、25、26、27、28、29、30、31、32、33、34、35、36、38、39、40、41、42、43、44、45、46、47、48、49、50、51、52、53、54、55、56、57、58,2,2,0,1.0,1.0,0.0,1.010547,246.819062,245.808515,-243.243012,0.505274,123.409531,0.664343,123.993356,1.955146,247.736133,245.780987,-125.709775,0.977573,123.868067,1.136643,124.451891,0,2,1.0,0,2,False,False,False,False,"1[status=5.0,P=4445.83,WS=10.04] 、 2[status=5.0,P=4499.61,WS=10.06] 、 4[status=5.0,P=4303.7,WS=9.75] 、 5[status=5.0,P=4216.62,WS=9.5] 、 10[status=5.0,P=4422.78,WS=10.12] 、 11[status=5.0,P=4434.31,WS=10.04] 、 12[status=5.0,P=4335.71,WS=9.87] 、 13[status=5.0,P=4474.0,WS=10.14] 、 14[status=5.0,P=4380.53,WS=10.07] 、 15[status=5.0,P=4530.34,WS=10.89] 、 16[status=5.0,P=901.46,WS=11.38] 、 17[status=5.0,P=3893.94,WS=9.48] 、 18[status=5.0,P=4457.35,WS=9.89] 、 19[status=5.0,P=4499.61,WS=10.17] 、 20[status=5.0,P=4152.6,WS=9.56] 、 21[status=5.0,P=3609.68,WS=9.05] 、 22[status=5.0,P=2213.95,WS=7.85] 、 23[status=5.0,P=4535.46,WS=10.12] 、 25[status=5.0,P=4628.94,WS=10.78] 、 26[status=5.0,P=911.7,WS=9.55] 、 27[status=5.0,P=4463.76,WS=9.91] 、 28[status=5.0,P=4484.24,WS=9.7] 、 29[status=5.0,P=4409.98,WS=9.77] 、 30[status=5.0,P=4283.21,WS=11.31] 、 31[status=5.0,P=4522.66,WS=10.95] 、 32[status=5.0,P=4506.01,WS=10.78] 、 33[status=5.0,P=4536.74,WS=10.51] 、 34[status=5.0,P=4627.66,WS=10.95] 、 35[status=5.0,P=4516.26,WS=10.72] 、 36[status=5.0,P=4429.18,WS=9.96] 、 38[status=5.0,P=4466.32,WS=9.75] 、 39[status=5.0,P=5057.9,WS=9.96] 、 40[status=5.0,P=6545.82,WS=10.36] 、 41[status=5.0,P=5678.51,WS=9.86] 、 42[status=5.0,P=4485.1,WS=10.55] 、 43[status=5.0,P=5968.75,WS=10.59] 、 44[status=5.0,P=5382.29,WS=9.86] 、 45[status=5.0,P=6245.33,WS=11.14] 、 46[status=5.0,P=2460.23,WS=9.87] 、 47[status=5.0,P=6080.58,WS=10.88] 、 48[status=5.0,P=5744.24,WS=9.43] 、 49[status=5.0,P=6317.89,WS=10.74] 、 50[status=5.0,P=5949.12,WS=10.57] 、 51[status=5.0,P=6089.97,WS=10.61] 、 52[status=5.0,P=5872.29,WS=11.19] 、 53[status=5.0,P=6425.45,WS=11.18] 、 54[status=5.0,P=5512.9,WS=11.21] 、 55[status=5.0,P=6354.6,WS=11.36] 、 56[status=5.0,P=6408.38,WS=11.74] 、 57[status=5.0,P=5821.07,WS=10.44] 、 58[status=5.0,P=2505.47,WS=10.82]"
223,2024-07-25 15:41:00,2024-07-25 17:42:00,122,115,0,0.0,,34,34,0,0.278689,0.278689,0.0,7.767727,7.767727,0.0,-0.0,0.067545,0.067545,1.133281,1.133281,38.807509,38.807509,0.0,-0.0,0.337457,0.337457,1.580666,1.580666,0,0,15.0,0,0,False,False,False,False,
224,2024-07-25 17:43:00,2024-07-25 17:47:00,5,5,54,256.0433,1、2、4、5、6、7、10、11、12、13、14、15、16、17、18、19、20、21、22、23、24、25、26、27、28、29、30、31、32、33、34、35、36、38、39、40、41、42、43、44、45、46、47、48、49、50、51、52、53、54、55、56、57、58,5,5,0,1.0,1.0,0.0,0.0,24644.351,24644.351,,0.0,4928.8702,0.0,4928.8702,0.083383,24644.351,24644.267617,-295554.483855,0.016677,4928.8702,0.016677,4928.8702,0,5,5.0,0,5,False,False,False,False,"1[status=5.0,P=4413.82,WS=10.13] 、 2[status=5.0,P=4512.42,WS=10.18] 、 4[status=5.0,P=4545.71,WS=11.29] 、 5[status=5.0,P=4627.66,WS=11.57] 、 6[status=5.0,P=4681.44,WS=11.79] 、 7[status=5.0,P=4466.32,WS=11.79] 、 10[status=5.0,P=4522.66,WS=10.44] 、 11[status=5.0,P=4853.02,WS=11.78] 、 12[status=5.0,P=4386.93,WS=9.95] 、 13[status=5.0,P=4523.94,WS=11.08] 、 14[status=5.0,P=4498.33,WS=10.12] 、 15[status=5.0,P=4458.63,WS=10.13] 、 16[status=5.0,P=905.3,WS=8.85] 、 17[status=5.0,P=4453.51,WS=10.0] 、 18[status=5.0,P=2802.97,WS=8.5] 、 19[status=5.0,P=4425.34,WS=10.13] 、 20[status=5.0,P=4490.65,WS=9.9] 、 21[status=5.0,P=4516.26,WS=11.4] 、 22[status=5.0,P=4552.11,WS=11.11] 、 23[status=5.0,P=4363.88,WS=10.1] 、 24[status=5.0,P=4608.45,WS=11.4] 、 25[status=5.0,P=4482.96,WS=10.07] 、 26[status=5.0,P=896.34,WS=9.59] 、 27[status=5.0,P=4504.73,WS=11.49] 、 28[status=5.0,P=4445.83,WS=10.28] 、 29[status=5.0,P=4558.51,WS=11.82] 、 30[status=5.0,P=4287.05,WS=12.74] 、 31[status=5.0,P=4558.51,WS=11.61] 、 32[status=5.0,P=4459.92,WS=10.29] 、 33[status=5.0,P=4443.27,WS=10.1] 、 34[status=5.0,P=4477.84,WS=10.24] 、 35[status=5.0,P=4618.69,WS=12.03] 、 36[status=5.0,P=4383.09,WS=10.06] 、 38[status=5.0,P=4581.56,WS=11.08] 、 39[status=5.0,P=5550.46,WS=10.33] 、 40[status=5.0,P=6585.94,WS=9.52] 、 41[status=5.0,P=6482.65,WS=9.17] 、 42[status=5.0,P=5763.02,WS=10.04] 、 43[status=5.0,P=5554.73,WS=10.1] 、 44[status=5.0,P=5699.85,WS=9.7] 、 45[status=5.0,P=5430.95,WS=9.99] 、 46[status=5.0,P=2497.79,WS=9.0] 、 47[status=5.0,P=5526.56,WS=10.25] 、 48[status=5.0,P=6130.09,WS=10.35] 、 49[status=5.0,P=6470.7,WS=10.71] 、 50[status=5.0,P=6110.46,WS=10.52] 、 51[status=5.0,P=5838.14,WS=11.31] 、 52[status=5.0,P=6200.09,WS=11.17] 、 53[status=5.0,P=6251.31,WS=10.93] 、 54[status=5.0,P=6360.58,WS=11.01] 、 55[status=5.0,P=6219.72,WS=10.29] 、 56[status=5.0,P=4801.8,WS=10.8] 、 57[status=5.0,P=5752.77,WS=10.97] 、 58[status=5.0,P=2508.04,WS=11.8]"
225,2024-07-25 17:48:00,2024-07-29 10:29:00,5322,5322,0,0.0,,172,172,0,0.032319,0.032319,0.0,27.588407,27.588407,0.0,-0.0,0.005184,0.005184,0.7305,0.7305,810.51084,810.51084,-0.0,0.0,0.152294,0.152294,1.225322,1.225322,2,2,0.0,0,0,False,False,True,False,
