分段ID,开始时间,结束时间,持续时长min,冻结风机数,重复风机功率之和MW,风机编号,状态码,冻结有功kW,非负冻结有功kW,冻结风速ms,重复值组合,原始开始时间,原始结束时间,原始持续长度min,原异常分钟数,修正后异常分钟数,异常分钟数变化量,原异常占比,修正后异常占比,异常占比变化量,原异常程度总和,修正后异常程度总和,异常程度变化量,异常程度下降率,原偏离程度总和,修正后偏离程度总和,偏离程度变化量,偏离程度下降率
2,2023-09-28 09:15:00,2023-09-28 09:19:00,5,89,65.433,1,8.0,1304.0,1304.0,7.89,"(8.0, 1304.0, 38.0, 7.89, 0.0)",2023-09-28 09:15:00,2023-09-28 09:19:00,5,5,5,0,1.0,1.0,0.0,0.0,6511.8004,6511.8004,,1.69703,6511.8004,6510.10337,-3836.174093
2,2023-09-28 09:15:00,2023-09-28 09:19:00,5,89,65.433,2,8.0,1276.0,1276.0,7.14,"(8.0, 1276.0, -41.0, 7.14, 0.0)",2023-09-28 09:15:00,2023-09-28 09:19:00,5,5,5,0,1.0,1.0,0.0,0.0,6511.8004,6511.8004,,1.69703,6511.8004,6510.10337,-3836.174093
2,2023-09-28 09:15:00,2023-09-28 09:19:00,5,89,65.433,3,8.0,1509.0,1509.0,6.55,"(8.0, 1509.0, -61.0, 6.55, 0.0)",2023-09-28 09:15:00,2023-09-28 09:19:00,5,5,5,0,1.0,1.0,0.0,0.0,6511.8004,6511.8004,,1.69703,6511.8004,6510.10337,-3836.174093
2,2023-09-28 09:15:00,2023-09-28 09:19:00,5,89,65.433,4,8.0,1760.0,1760.0,7.41,"(8.0, 1760.0, -13.0, 7.41, 0.0)",2023-09-28 09:15:00,2023-09-28 09:19:00,5,5,5,0,1.0,1.0,0.0,0.0,6511.8004,6511.8004,,1.69703,6511.8004,6510.10337,-3836.174093
2,2023-09-28 09:15:00,2023-09-28 09:19:00,5,89,65.433,5,8.0,1331.0,1331.0,6.81,"(8.0, 1331.0, -14.0, 6.81, 0.0)",2023-09-28 09:15:00,2023-09-28 09:19:00,5,5,5,0,1.0,1.0,0.0,0.0,6511.8004,6511.8004,,1.69703,6511.8004,6510.10337,-3836.174093
2,2023-09-28 09:15:00,2023-09-28 09:19:00,5,89,65.433,6,8.0,1114.0,1114.0,6.86,"(8.0, 1114.0, 15.0, 6.86, 0.0)",2023-09-28 09:15:00,2023-09-28 09:19:00,5,5,5,0,1.0,1.0,0.0,0.0,6511.8004,6511.8004,,1.69703,6511.8004,6510.10337,-3836.174093
2,2023-09-28 09:15:00,2023-09-28 09:19:00,5,89,65.433,7,11.0,1105.0,1105.0,6.55,"(11.0, 1105.0, -12.0, 6.55, 0.0)",2023-09-28 09:15:00,2023-09-28 09:19:00,5,5,5,0,1.0,1.0,0.0,0.0,6511.8004,6511.8004,,1.69703,6511.8004,6510.10337,-3836.174093
2,2023-09-28 09:15:00,2023-09-28 09:19:00,5,89,65.433,8,8.0,1225.0,1225.0,7.08,"(8.0, 1225.0, -45.0, 7.08, 0.0)",2023-09-28 09:15:00,2023-09-28 09:19:00,5,5,5,0,1.0,1.0,0.0,0.0,6511.8004,6511.8004,,1.69703,6511.8004,6510.10337,-3836.174093
2,2023-09-28 09:15:00,2023-09-28 09:19:00,5,89,65.433,9,8.0,1498.0,1498.0,6.67,"(8.0, 1498.0, -31.0, 6.67, 0.0)",2023-09-28 09:15:00,2023-09-28 09:19:00,5,5,5,0,1.0,1.0,0.0,0.0,6511.8004,6511.8004,,1.69703,6511.8004,6510.10337,-3836.174093
2,2023-09-28 09:15:00,2023-09-28 09:19:00,5,89,65.433,10,11.0,1250.0,1250.0,6.98,"(11.0, 1250.0, 2.0, 6.98, 0.0)",2023-09-28 09:15:00,2023-09-28 09:19:00,5,5,5,0,1.0,1.0,0.0,0.0,6511.8004,6511.8004,,1.69703,6511.8004,6510.10337,-3836.174093
2,2023-09-28 09:15:00,2023-09-28 09:19:00,5,89,65.433,11,11.0,1271.0,1271.0,7.72,"(11.0, 1271.0, -12.0, 7.72, 0.0)",2023-09-28 09:15:00,2023-09-28 09:19:00,5,5,5,0,1.0,1.0,0.0,0.0,6511.8004,6511.8004,,1.69703,6511.8004,6510.10337,-3836.174093
2,2023-09-28 09:15:00,2023-09-28 09:19:00,5,89,65.433,12,11.0,722.0,722.0,6.01,"(11.0, 722.0, -43.0, 6.01, 0.0)",2023-09-28 09:15:00,2023-09-28 09:19:00,5,5,5,0,1.0,1.0,0.0,0.0,6511.8004,6511.8004,,1.69703,6511.8004,6510.10337,-3836.174093
2,2023-09-28 09:15:00,2023-09-28 09:19:00,5,89,65.433,13,11.0,468.0,468.0,5.32,"(11.0, 468.0, 14.0, 5.32, 0.0)",2023-09-28 09:15:00,2023-09-28 09:19:00,5,5,5,0,1.0,1.0,0.0,0.0,6511.8004,6511.8004,,1.69703,6511.8004,6510.10337,-3836.174093
2,2023-09-28 09:15:00,2023-09-28 09:19:00,5,89,65.433,14,11.0,542.0,542.0,4.87,"(11.0, 542.0, -38.0, 4.87, 0.0)",2023-09-28 09:15:00,2023-09-28 09:19:00,5,5,5,0,1.0,1.0,0.0,0.0,6511.8004,6511.8004,,1.69703,6511.8004,6510.10337,-3836.174093
2,2023-09-28 09:15:00,2023-09-28 09:19:00,5,89,65.433,16,11.0,547.0,547.0,4.94,"(11.0, 547.0, 21.0, 4.94, 0.0)",2023-09-28 09:15:00,2023-09-28 09:19:00,5,5,5,0,1.0,1.0,0.0,0.0,6511.8004,6511.8004,,1.69703,6511.8004,6510.10337,-3836.174093
2,2023-09-28 09:15:00,2023-09-28 09:19:00,5,89,65.433,17,11.0,808.0,808.0,5.89,"(11.0, 808.0, 73.0, 5.89, 0.0)",2023-09-28 09:15:00,2023-09-28 09:19:00,5,5,5,0,1.0,1.0,0.0,0.0,6511.8004,6511.8004,,1.69703,6511.8004,6510.10337,-3836.174093
2,2023-09-28 09:15:00,2023-09-28 09:19:00,5,89,65.433,18,8.0,709.0,709.0,6.07,"(8.0, 709.0, 1.0, 6.07, 0.0)",2023-09-28 09:15:00,2023-09-28 09:19:00,5,5,5,0,1.0,1.0,0.0,0.0,6511.8004,6511.8004,,1.69703,6511.8004,6510.10337,-3836.174093
2,2023-09-28 09:15:00,2023-09-28 09:19:00,5,89,65.433,19,11.0,1036.0,1036.0,6.15,"(11.0, 1036.0, -122.0, 6.15, 0.0)",2023-09-28 09:15:00,2023-09-28 09:19:00,5,5,5,0,1.0,1.0,0.0,0.0,6511.8004,6511.8004,,1.69703,6511.8004,6510.10337,-3836.174093
2,2023-09-28 09:15:00,2023-09-28 09:19:00,5,89,65.433,22,8.0,988.0,988.0,5.89,"(8.0, 988.0, 3.0, 5.89, 0.0)",2023-09-28 09:15:00,2023-09-28 09:19:00,5,5,5,0,1.0,1.0,0.0,0.0,6511.8004,6511.8004,,1.69703,6511.8004,6510.10337,-3836.174093
2,2023-09-28 09:15:00,2023-09-28 09:19:00,5,89,65.433,23,8.0,1130.0,1130.0,7.19,"(8.0, 1130.0, -10.0, 7.19, 0.0)",2023-09-28 09:15:00,2023-09-28 09:19:00,5,5,5,0,1.0,1.0,0.0,0.0,6511.8004,6511.8004,,1.69703,6511.8004,6510.10337,-3836.174093
2,2023-09-28 09:15:00,2023-09-28 09:19:00,5,89,65.433,24,11.0,963.0,963.0,6.37,"(11.0, 963.0, -21.0, 6.37, 0.0)",2023-09-28 09:15:00,2023-09-28 09:19:00,5,5,5,0,1.0,1.0,0.0,0.0,6511.8004,6511.8004,,1.69703,6511.8004,6510.10337,-3836.174093
2,2023-09-28 09:15:00,2023-09-28 09:19:00,5,89,65.433,25,8.0,686.0,686.0,5.31,"(8.0, 686.0, 19.0, 5.31, 0.0)",2023-09-28 09:15:00,2023-09-28 09:19:00,5,5,5,0,1.0,1.0,0.0,0.0,6511.8004,6511.8004,,1.69703,6511.8004,6510.10337,-3836.174093
2,2023-09-28 09:15:00,2023-09-28 09:19:00,5,89,65.433,27,11.0,801.0,801.0,6.05,"(11.0, 801.0, 12.0, 6.05, 0.0)",2023-09-28 09:15:00,2023-09-28 09:19:00,5,5,5,0,1.0,1.0,0.0,0.0,6511.8004,6511.8004,,1.69703,6511.8004,6510.10337,-3836.174093
2,2023-09-28 09:15:00,2023-09-28 09:19:00,5,89,65.433,28,11.0,439.0,439.0,4.56,"(11.0, 439.0, 26.0, 4.56, 0.0)",2023-09-28 09:15:00,2023-09-28 09:19:00,5,5,5,0,1.0,1.0,0.0,0.0,6511.8004,6511.8004,,1.69703,6511.8004,6510.10337,-3836.174093
2,2023-09-28 09:15:00,2023-09-28 09:19:00,5,89,65.433,29,8.0,286.0,286.0,4.54,"(8.0, 286.0, -89.0, 4.54, 0.0)",2023-09-28 09:15:00,2023-09-28 09:19:00,5,5,5,0,1.0,1.0,0.0,0.0,6511.8004,6511.8004,,1.69703,6511.8004,6510.10337,-3836.174093
2,2023-09-28 09:15:00,2023-09-28 09:19:00,5,89,65.433,31,11.0,368.0,368.0,4.35,"(11.0, 368.0, -72.0, 4.35, 0.0)",2023-09-28 09:15:00,2023-09-28 09:19:00,5,5,5,0,1.0,1.0,0.0,0.0,6511.8004,6511.8004,,1.69703,6511.8004,6510.10337,-3836.174093
2,2023-09-28 09:15:00,2023-09-28 09:19:00,5,89,65.433,32,11.0,621.0,621.0,5.29,"(11.0, 621.0, -51.0, 5.29, 0.0)",2023-09-28 09:15:00,2023-09-28 09:19:00,5,5,5,0,1.0,1.0,0.0,0.0,6511.8004,6511.8004,,1.69703,6511.8004,6510.10337,-3836.174093
2,2023-09-28 09:15:00,2023-09-28 09:19:00,5,89,65.433,33,11.0,508.0,508.0,5.44,"(11.0, 508.0, -196.0, 5.44, 0.0)",2023-09-28 09:15:00,2023-09-28 09:19:00,5,5,5,0,1.0,1.0,0.0,0.0,6511.8004,6511.8004,,1.69703,6511.8004,6510.10337,-3836.174093
2,2023-09-28 09:15:00,2023-09-28 09:19:00,5,89,65.433,34,11.0,405.0,405.0,4.93,"(11.0, 405.0, -74.0, 4.93, 0.0)",2023-09-28 09:15:00,2023-09-28 09:19:00,5,5,5,0,1.0,1.0,0.0,0.0,6511.8004,6511.8004,,1.69703,6511.8004,6510.10337,-3836.174093
2,2023-09-28 09:15:00,2023-09-28 09:19:00,5,89,65.433,35,11.0,510.0,510.0,5.06,"(11.0, 510.0, -26.0, 5.06, 0.0)",2023-09-28 09:15:00,2023-09-28 09:19:00,5,5,5,0,1.0,1.0,0.0,0.0,6511.8004,6511.8004,,1.69703,6511.8004,6510.10337,-3836.174093
2,2023-09-28 09:15:00,2023-09-28 09:19:00,5,89,65.433,36,11.0,1476.0,1476.0,7.53,"(11.0, 1476.0, -33.0, 7.53, 0.0)",2023-09-28 09:15:00,2023-09-28 09:19:00,5,5,5,0,1.0,1.0,0.0,0.0,6511.8004,6511.8004,,1.69703,6511.8004,6510.10337,-3836.174093
2,2023-09-28 09:15:00,2023-09-28 09:19:00,5,89,65.433,37,11.0,1491.0,1491.0,8.19,"(11.0, 1491.0, -94.0, 8.19, 0.0)",2023-09-28 09:15:00,2023-09-28 09:19:00,5,5,5,0,1.0,1.0,0.0,0.0,6511.8004,6511.8004,,1.69703,6511.8004,6510.10337,-3836.174093
2,2023-09-28 09:15:00,2023-09-28 09:19:00,5,89,65.433,39,8.0,828.0,828.0,5.99,"(8.0, 828.0, -2.0, 5.99, 0.0)",2023-09-28 09:15:00,2023-09-28 09:19:00,5,5,5,0,1.0,1.0,0.0,0.0,6511.8004,6511.8004,,1.69703,6511.8004,6510.10337,-3836.174093
2,2023-09-28 09:15:00,2023-09-28 09:19:00,5,89,65.433,40,11.0,508.0,508.0,5.1,"(11.0, 508.0, -19.0, 5.1, 0.0)",2023-09-28 09:15:00,2023-09-28 09:19:00,5,5,5,0,1.0,1.0,0.0,0.0,6511.8004,6511.8004,,1.69703,6511.8004,6510.10337,-3836.174093
2,2023-09-28 09:15:00,2023-09-28 09:19:00,5,89,65.433,42,8.0,1250.0,1250.0,7.21,"(8.0, 1250.0, 8.0, 7.21, 0.0)",2023-09-28 09:15:00,2023-09-28 09:19:00,5,5,5,0,1.0,1.0,0.0,0.0,6511.8004,6511.8004,,1.69703,6511.8004,6510.10337,-3836.174093
2,2023-09-28 09:15:00,2023-09-28 09:19:00,5,89,65.433,43,11.0,352.0,352.0,4.02,"(11.0, 352.0, -14.0, 4.02, 0.0)",2023-09-28 09:15:00,2023-09-28 09:19:00,5,5,5,0,1.0,1.0,0.0,0.0,6511.8004,6511.8004,,1.69703,6511.8004,6510.10337,-3836.174093
2,2023-09-28 09:15:00,2023-09-28 09:19:00,5,89,65.433,44,8.0,1018.0,1018.0,7.18,"(8.0, 1018.0, 5.0, 7.18, 0.0)",2023-09-28 09:15:00,2023-09-28 09:19:00,5,5,5,0,1.0,1.0,0.0,0.0,6511.8004,6511.8004,,1.69703,6511.8004,6510.10337,-3836.174093
2,2023-09-28 09:15:00,2023-09-28 09:19:00,5,89,65.433,46,11.0,381.0,381.0,4.29,"(11.0, 381.0, -81.0, 4.29, 0.0)",2023-09-28 09:15:00,2023-09-28 09:19:00,5,5,5,0,1.0,1.0,0.0,0.0,6511.8004,6511.8004,,1.69703,6511.8004,6510.10337,-3836.174093
2,2023-09-28 09:15:00,2023-09-28 09:19:00,5,89,65.433,47,8.0,405.0,405.0,4.92,"(8.0, 405.0, -50.0, 4.92, 0.0)",2023-09-28 09:15:00,2023-09-28 09:19:00,5,5,5,0,1.0,1.0,0.0,0.0,6511.8004,6511.8004,,1.69703,6511.8004,6510.10337,-3836.174093
2,2023-09-28 09:15:00,2023-09-28 09:19:00,5,89,65.433,48,11.0,521.0,521.0,4.87,"(11.0, 521.0, -39.0, 4.87, 0.0)",2023-09-28 09:15:00,2023-09-28 09:19:00,5,5,5,0,1.0,1.0,0.0,0.0,6511.8004,6511.8004,,1.69703,6511.8004,6510.10337,-3836.174093
2,2023-09-28 09:15:00,2023-09-28 09:19:00,5,89,65.433,49,11.0,366.0,366.0,4.47,"(11.0, 366.0, -18.0, 4.47, 0.0)",2023-09-28 09:15:00,2023-09-28 09:19:00,5,5,5,0,1.0,1.0,0.0,0.0,6511.8004,6511.8004,,1.69703,6511.8004,6510.10337,-3836.174093
2,2023-09-28 09:15:00,2023-09-28 09:19:00,5,89,65.433,50,11.0,412.0,412.0,4.45,"(11.0, 412.0, -63.0, 4.45, 0.0)",2023-09-28 09:15:00,2023-09-28 09:19:00,5,5,5,0,1.0,1.0,0.0,0.0,6511.8004,6511.8004,,1.69703,6511.8004,6510.10337,-3836.174093
2,2023-09-28 09:15:00,2023-09-28 09:19:00,5,89,65.433,51,8.0,364.0,364.0,5.05,"(8.0, 364.0, -73.0, 5.05, 0.0)",2023-09-28 09:15:00,2023-09-28 09:19:00,5,5,5,0,1.0,1.0,0.0,0.0,6511.8004,6511.8004,,1.69703,6511.8004,6510.10337,-3836.174093
2,2023-09-28 09:15:00,2023-09-28 09:19:00,5,89,65.433,52,8.0,231.0,231.0,3.88,"(8.0, 231.0, -77.0, 3.88, 0.0)",2023-09-28 09:15:00,2023-09-28 09:19:00,5,5,5,0,1.0,1.0,0.0,0.0,6511.8004,6511.8004,,1.69703,6511.8004,6510.10337,-3836.174093
2,2023-09-28 09:15:00,2023-09-28 09:19:00,5,89,65.433,53,8.0,270.0,270.0,4.01,"(8.0, 270.0, -76.0, 4.01, 0.0)",2023-09-28 09:15:00,2023-09-28 09:19:00,5,5,5,0,1.0,1.0,0.0,0.0,6511.8004,6511.8004,,1.69703,6511.8004,6510.10337,-3836.174093
2,2023-09-28 09:15:00,2023-09-28 09:19:00,5,89,65.433,54,8.0,300.0,300.0,3.83,"(8.0, 300.0, -81.0, 3.83, 0.0)",2023-09-28 09:15:00,2023-09-28 09:19:00,5,5,5,0,1.0,1.0,0.0,0.0,6511.8004,6511.8004,,1.69703,6511.8004,6510.10337,-3836.174093
2,2023-09-28 09:15:00,2023-09-28 09:19:00,5,89,65.433,55,8.0,456.0,456.0,4.79,"(8.0, 456.0, -66.0, 4.79, 0.0)",2023-09-28 09:15:00,2023-09-28 09:19:00,5,5,5,0,1.0,1.0,0.0,0.0,6511.8004,6511.8004,,1.69703,6511.8004,6510.10337,-3836.174093
2,2023-09-28 09:15:00,2023-09-28 09:19:00,5,89,65.433,56,8.0,261.0,261.0,3.86,"(8.0, 261.0, -76.0, 3.86, 0.0)",2023-09-28 09:15:00,2023-09-28 09:19:00,5,5,5,0,1.0,1.0,0.0,0.0,6511.8004,6511.8004,,1.69703,6511.8004,6510.10337,-3836.174093
2,2023-09-28 09:15:00,2023-09-28 09:19:00,5,89,65.433,57,8.0,436.0,436.0,5.37,"(8.0, 436.0, -52.0, 5.37, 0.0)",2023-09-28 09:15:00,2023-09-28 09:19:00,5,5,5,0,1.0,1.0,0.0,0.0,6511.8004,6511.8004,,1.69703,6511.8004,6510.10337,-3836.174093
2,2023-09-28 09:15:00,2023-09-28 09:19:00,5,89,65.433,58,8.0,365.0,365.0,4.51,"(8.0, 365.0, -79.0, 4.51, 0.0)",2023-09-28 09:15:00,2023-09-28 09:19:00,5,5,5,0,1.0,1.0,0.0,0.0,6511.8004,6511.8004,,1.69703,6511.8004,6510.10337,-3836.174093
2,2023-09-28 09:15:00,2023-09-28 09:19:00,5,89,65.433,59,8.0,727.0,727.0,5.53,"(8.0, 727.0, -20.0, 5.53, 0.0)",2023-09-28 09:15:00,2023-09-28 09:19:00,5,5,5,0,1.0,1.0,0.0,0.0,6511.8004,6511.8004,,1.69703,6511.8004,6510.10337,-3836.174093
2,2023-09-28 09:15:00,2023-09-28 09:19:00,5,89,65.433,60,8.0,855.0,855.0,6.08,"(8.0, 855.0, 19.0, 6.08, 0.0)",2023-09-28 09:15:00,2023-09-28 09:19:00,5,5,5,0,1.0,1.0,0.0,0.0,6511.8004,6511.8004,,1.69703,6511.8004,6510.10337,-3836.174093
2,2023-09-28 09:15:00,2023-09-28 09:19:00,5,89,65.433,61,8.0,831.0,831.0,5.53,"(8.0, 831.0, -4.0, 5.53, 0.0)",2023-09-28 09:15:00,2023-09-28 09:19:00,5,5,5,0,1.0,1.0,0.0,0.0,6511.8004,6511.8004,,1.69703,6511.8004,6510.10337,-3836.174093
2,2023-09-28 09:15:00,2023-09-28 09:19:00,5,89,65.433,62,8.0,716.0,716.0,6.08,"(8.0, 716.0, -67.0, 6.08, 0.0)",2023-09-28 09:15:00,2023-09-28 09:19:00,5,5,5,0,1.0,1.0,0.0,0.0,6511.8004,6511.8004,,1.69703,6511.8004,6510.10337,-3836.174093
2,2023-09-28 09:15:00,2023-09-28 09:19:00,5,89,65.433,63,8.0,687.0,687.0,5.54,"(8.0, 687.0, -18.0, 5.54, 0.0)",2023-09-28 09:15:00,2023-09-28 09:19:00,5,5,5,0,1.0,1.0,0.0,0.0,6511.8004,6511.8004,,1.69703,6511.8004,6510.10337,-3836.174093
2,2023-09-28 09:15:00,2023-09-28 09:19:00,5,89,65.433,64,8.0,453.0,453.0,4.98,"(8.0, 453.0, -109.0, 4.98, 0.0)",2023-09-28 09:15:00,2023-09-28 09:19:00,5,5,5,0,1.0,1.0,0.0,0.0,6511.8004,6511.8004,,1.69703,6511.8004,6510.10337,-3836.174093
2,2023-09-28 09:15:00,2023-09-28 09:19:00,5,89,65.433,65,8.0,506.0,506.0,4.77,"(8.0, 506.0, -113.0, 4.77, 0.0)",2023-09-28 09:15:00,2023-09-28 09:19:00,5,5,5,0,1.0,1.0,0.0,0.0,6511.8004,6511.8004,,1.69703,6511.8004,6510.10337,-3836.174093
2,2023-09-28 09:15:00,2023-09-28 09:19:00,5,89,65.433,66,8.0,781.0,781.0,5.5,"(8.0, 781.0, -16.0, 5.5, 0.0)",2023-09-28 09:15:00,2023-09-28 09:19:00,5,5,5,0,1.0,1.0,0.0,0.0,6511.8004,6511.8004,,1.69703,6511.8004,6510.10337,-3836.174093
2,2023-09-28 09:15:00,2023-09-28 09:19:00,5,89,65.433,67,8.0,504.0,504.0,5.46,"(8.0, 504.0, -55.0, 5.46, 0.0)",2023-09-28 09:15:00,2023-09-28 09:19:00,5,5,5,0,1.0,1.0,0.0,0.0,6511.8004,6511.8004,,1.69703,6511.8004,6510.10337,-3836.174093
2,2023-09-28 09:15:00,2023-09-28 09:19:00,5,89,65.433,68,8.0,494.0,494.0,5.61,"(8.0, 494.0, 0.0, 5.61, 0.0)",2023-09-28 09:15:00,2023-09-28 09:19:00,5,5,5,0,1.0,1.0,0.0,0.0,6511.8004,6511.8004,,1.69703,6511.8004,6510.10337,-3836.174093
2,2023-09-28 09:15:00,2023-09-28 09:19:00,5,89,65.433,69,8.0,736.0,736.0,5.81,"(8.0, 736.0, -25.0, 5.81, 0.0)",2023-09-28 09:15:00,2023-09-28 09:19:00,5,5,5,0,1.0,1.0,0.0,0.0,6511.8004,6511.8004,,1.69703,6511.8004,6510.10337,-3836.174093
2,2023-09-28 09:15:00,2023-09-28 09:19:00,5,89,65.433,70,8.0,991.0,991.0,6.53,"(8.0, 991.0, -41.0, 6.53, 0.0)",2023-09-28 09:15:00,2023-09-28 09:19:00,5,5,5,0,1.0,1.0,0.0,0.0,6511.8004,6511.8004,,1.69703,6511.8004,6510.10337,-3836.174093
2,2023-09-28 09:15:00,2023-09-28 09:19:00,5,89,65.433,71,8.0,786.0,786.0,6.12,"(8.0, 786.0, 0.0, 6.12, 0.0)",2023-09-28 09:15:00,2023-09-28 09:19:00,5,5,5,0,1.0,1.0,0.0,0.0,6511.8004,6511.8004,,1.69703,6511.8004,6510.10337,-3836.174093
2,2023-09-28 09:15:00,2023-09-28 09:19:00,5,89,65.433,72,8.0,918.0,918.0,6.41,"(8.0, 918.0, -21.0, 6.41, 0.0)",2023-09-28 09:15:00,2023-09-28 09:19:00,5,5,5,0,1.0,1.0,0.0,0.0,6511.8004,6511.8004,,1.69703,6511.8004,6510.10337,-3836.174093
2,2023-09-28 09:15:00,2023-09-28 09:19:00,5,89,65.433,74,8.0,680.0,680.0,5.49,"(8.0, 680.0, -33.0, 5.49, 0.0)",2023-09-28 09:15:00,2023-09-28 09:19:00,5,5,5,0,1.0,1.0,0.0,0.0,6511.8004,6511.8004,,1.69703,6511.8004,6510.10337,-3836.174093
2,2023-09-28 09:15:00,2023-09-28 09:19:00,5,89,65.433,75,8.0,458.0,458.0,5.07,"(8.0, 458.0, -18.0, 5.07, 0.0)",2023-09-28 09:15:00,2023-09-28 09:19:00,5,5,5,0,1.0,1.0,0.0,0.0,6511.8004,6511.8004,,1.69703,6511.8004,6510.10337,-3836.174093
2,2023-09-28 09:15:00,2023-09-28 09:19:00,5,89,65.433,76,8.0,877.0,877.0,6.7,"(8.0, 877.0, -10.0, 6.7, 0.0)",2023-09-28 09:15:00,2023-09-28 09:19:00,5,5,5,0,1.0,1.0,0.0,0.0,6511.8004,6511.8004,,1.69703,6511.8004,6510.10337,-3836.174093
2,2023-09-28 09:15:00,2023-09-28 09:19:00,5,89,65.433,77,8.0,893.0,893.0,6.03,"(8.0, 893.0, -32.0, 6.03, 0.0)",2023-09-28 09:15:00,2023-09-28 09:19:00,5,5,5,0,1.0,1.0,0.0,0.0,6511.8004,6511.8004,,1.69703,6511.8004,6510.10337,-3836.174093
2,2023-09-28 09:15:00,2023-09-28 09:19:00,5,89,65.433,78,8.0,825.0,825.0,5.57,"(8.0, 825.0, -18.0, 5.57, 0.0)",2023-09-28 09:15:00,2023-09-28 09:19:00,5,5,5,0,1.0,1.0,0.0,0.0,6511.8004,6511.8004,,1.69703,6511.8004,6510.10337,-3836.174093
2,2023-09-28 09:15:00,2023-09-28 09:19:00,5,89,65.433,79,8.0,862.0,862.0,6.69,"(8.0, 862.0, -19.0, 6.69, 0.0)",2023-09-28 09:15:00,2023-09-28 09:19:00,5,5,5,0,1.0,1.0,0.0,0.0,6511.8004,6511.8004,,1.69703,6511.8004,6510.10337,-3836.174093
2,2023-09-28 09:15:00,2023-09-28 09:19:00,5,89,65.433,81,8.0,1024.0,1024.0,6.22,"(8.0, 1024.0, -42.0, 6.22, 0.0)",2023-09-28 09:15:00,2023-09-28 09:19:00,5,5,5,0,1.0,1.0,0.0,0.0,6511.8004,6511.8004,,1.69703,6511.8004,6510.10337,-3836.174093
2,2023-09-28 09:15:00,2023-09-28 09:19:00,5,89,65.433,82,8.0,759.0,759.0,5.42,"(8.0, 759.0, 4.0, 5.42, 0.0)",2023-09-28 09:15:00,2023-09-28 09:19:00,5,5,5,0,1.0,1.0,0.0,0.0,6511.8004,6511.8004,,1.69703,6511.8004,6510.10337,-3836.174093
2,2023-09-28 09:15:00,2023-09-28 09:19:00,5,89,65.433,83,8.0,341.0,341.0,4.03,"(8.0, 341.0, -65.0, 4.03, 0.0)",2023-09-28 09:15:00,2023-09-28 09:19:00,5,5,5,0,1.0,1.0,0.0,0.0,6511.8004,6511.8004,,1.69703,6511.8004,6510.10337,-3836.174093
2,2023-09-28 09:15:00,2023-09-28 09:19:00,5,89,65.433,84,8.0,357.0,357.0,4.33,"(8.0, 357.0, -75.0, 4.33, 0.0)",2023-09-28 09:15:00,2023-09-28 09:19:00,5,5,5,0,1.0,1.0,0.0,0.0,6511.8004,6511.8004,,1.69703,6511.8004,6510.10337,-3836.174093
2,2023-09-28 09:15:00,2023-09-28 09:19:00,5,89,65.433,85,8.0,501.0,501.0,4.5,"(8.0, 501.0, -58.0, 4.5, 0.0)",2023-09-28 09:15:00,2023-09-28 09:19:00,5,5,5,0,1.0,1.0,0.0,0.0,6511.8004,6511.8004,,1.69703,6511.8004,6510.10337,-3836.174093
2,2023-09-28 09:15:00,2023-09-28 09:19:00,5,89,65.433,86,8.0,283.0,283.0,4.43,"(8.0, 283.0, -75.0, 4.43, 0.0)",2023-09-28 09:15:00,2023-09-28 09:19:00,5,5,5,0,1.0,1.0,0.0,0.0,6511.8004,6511.8004,,1.69703,6511.8004,6510.10337,-3836.174093
2,2023-09-28 09:15:00,2023-09-28 09:19:00,5,89,65.433,87,8.0,557.0,557.0,4.87,"(8.0, 557.0, -8.0, 4.87, 0.0)",2023-09-28 09:15:00,2023-09-28 09:19:00,5,5,5,0,1.0,1.0,0.0,0.0,6511.8004,6511.8004,,1.69703,6511.8004,6510.10337,-3836.174093
2,2023-09-28 09:15:00,2023-09-28 09:19:00,5,89,65.433,88,8.0,541.0,541.0,5.93,"(8.0, 541.0, -51.0, 5.93, 0.0)",2023-09-28 09:15:00,2023-09-28 09:19:00,5,5,5,0,1.0,1.0,0.0,0.0,6511.8004,6511.8004,,1.69703,6511.8004,6510.10337,-3836.174093
2,2023-09-28 09:15:00,2023-09-28 09:19:00,5,89,65.433,89,8.0,401.0,401.0,4.86,"(8.0, 401.0, -110.0, 4.86, 0.0)",2023-09-28 09:15:00,2023-09-28 09:19:00,5,5,5,0,1.0,1.0,0.0,0.0,6511.8004,6511.8004,,1.69703,6511.8004,6510.10337,-3836.174093
2,2023-09-28 09:15:00,2023-09-28 09:19:00,5,89,65.433,90,8.0,420.0,420.0,4.71,"(8.0, 420.0, -79.0, 4.71, 0.0)",2023-09-28 09:15:00,2023-09-28 09:19:00,5,5,5,0,1.0,1.0,0.0,0.0,6511.8004,6511.8004,,1.69703,6511.8004,6510.10337,-3836.174093
2,2023-09-28 09:15:00,2023-09-28 09:19:00,5,89,65.433,91,8.0,462.0,462.0,5.57,"(8.0, 462.0, -71.0, 5.57, 0.0)",2023-09-28 09:15:00,2023-09-28 09:19:00,5,5,5,0,1.0,1.0,0.0,0.0,6511.8004,6511.8004,,1.69703,6511.8004,6510.10337,-3836.174093
2,2023-09-28 09:15:00,2023-09-28 09:19:00,5,89,65.433,92,8.0,648.0,648.0,6.38,"(8.0, 648.0, -42.0, 6.38, 0.0)",2023-09-28 09:15:00,2023-09-28 09:19:00,5,5,5,0,1.0,1.0,0.0,0.0,6511.8004,6511.8004,,1.69703,6511.8004,6510.10337,-3836.174093
2,2023-09-28 09:15:00,2023-09-28 09:19:00,5,89,65.433,93,8.0,903.0,903.0,5.74,"(8.0, 903.0, -82.0, 5.74, 0.0)",2023-09-28 09:15:00,2023-09-28 09:19:00,5,5,5,0,1.0,1.0,0.0,0.0,6511.8004,6511.8004,,1.69703,6511.8004,6510.10337,-3836.174093
2,2023-09-28 09:15:00,2023-09-28 09:19:00,5,89,65.433,94,8.0,867.0,867.0,5.8,"(8.0, 867.0, -4.0, 5.8, 0.0)",2023-09-28 09:15:00,2023-09-28 09:19:00,5,5,5,0,1.0,1.0,0.0,0.0,6511.8004,6511.8004,,1.69703,6511.8004,6510.10337,-3836.174093
2,2023-09-28 09:15:00,2023-09-28 09:19:00,5,89,65.433,95,8.0,507.0,507.0,4.51,"(8.0, 507.0, -92.0, 4.51, 0.0)",2023-09-28 09:15:00,2023-09-28 09:19:00,5,5,5,0,1.0,1.0,0.0,0.0,6511.8004,6511.8004,,1.69703,6511.8004,6510.10337,-3836.174093
2,2023-09-28 09:15:00,2023-09-28 09:19:00,5,89,65.433,96,8.0,847.0,847.0,6.48,"(8.0, 847.0, -112.0, 6.48, 0.0)",2023-09-28 09:15:00,2023-09-28 09:19:00,5,5,5,0,1.0,1.0,0.0,0.0,6511.8004,6511.8004,,1.69703,6511.8004,6510.10337,-3836.174093
2,2023-09-28 09:15:00,2023-09-28 09:19:00,5,89,65.433,97,8.0,740.0,740.0,5.88,"(8.0, 740.0, -8.0, 5.88, 0.0)",2023-09-28 09:15:00,2023-09-28 09:19:00,5,5,5,0,1.0,1.0,0.0,0.0,6511.8004,6511.8004,,1.69703,6511.8004,6510.10337,-3836.174093
2,2023-09-28 09:15:00,2023-09-28 09:19:00,5,89,65.433,98,8.0,962.0,962.0,5.36,"(8.0, 962.0, -28.0, 5.36, 0.0)",2023-09-28 09:15:00,2023-09-28 09:19:00,5,5,5,0,1.0,1.0,0.0,0.0,6511.8004,6511.8004,,1.69703,6511.8004,6510.10337,-3836.174093
2,2023-09-28 09:15:00,2023-09-28 09:19:00,5,89,65.433,99,8.0,862.0,862.0,7.22,"(8.0, 862.0, -30.0, 7.22, 0.0)",2023-09-28 09:15:00,2023-09-28 09:19:00,5,5,5,0,1.0,1.0,0.0,0.0,6511.8004,6511.8004,,1.69703,6511.8004,6510.10337,-3836.174093
4,2023-09-28 09:23:00,2023-09-28 09:23:00,1,64,52.861,19,8.0,1534.0,1534.0,6.95,"(8.0, 1534.0, -136.0, 6.95, 0.0)",2023-09-28 09:23:00,2023-09-28 09:27:00,5,1,1,0,1.0,1.0,0.0,0.0,29.649384,29.649384,,0.03552,29.962911,29.927392,-842.559186
4,2023-09-28 09:23:00,2023-09-28 09:23:00,1,64,52.861,27,8.0,834.0,834.0,5.42,"(8.0, 834.0, 2.0, 5.42, 0.0)",2023-09-28 09:23:00,2023-09-28 09:27:00,5,1,1,0,1.0,1.0,0.0,0.0,29.649384,29.649384,,0.03552,29.962911,29.927392,-842.559186
4,2023-09-28 09:23:00,2023-09-28 09:23:00,1,64,52.861,28,8.0,1008.0,1008.0,6.08,"(8.0, 1008.0, 5.0, 6.08, 0.0)",2023-09-28 09:23:00,2023-09-28 09:27:00,5,1,1,0,1.0,1.0,0.0,0.0,29.649384,29.649384,,0.03552,29.962911,29.927392,-842.559186
4,2023-09-28 09:23:00,2023-09-28 09:23:00,1,64,52.861,29,8.0,1117.0,1117.0,5.8,"(8.0, 1117.0, -38.0, 5.8, 0.0)",2023-09-28 09:23:00,2023-09-28 09:27:00,5,1,1,0,1.0,1.0,0.0,0.0,29.649384,29.649384,,0.03552,29.962911,29.927392,-842.559186
4,2023-09-28 09:23:00,2023-09-28 09:23:00,1,64,52.861,31,8.0,1449.0,1449.0,7.15,"(8.0, 1449.0, -9.0, 7.15, 0.0)",2023-09-28 09:23:00,2023-09-28 09:27:00,5,1,1,0,1.0,1.0,0.0,0.0,29.649384,29.649384,,0.03552,29.962911,29.927392,-842.559186
4,2023-09-28 09:23:00,2023-09-28 09:23:00,1,64,52.861,32,11.0,1520.0,1520.0,6.87,"(11.0, 1520.0, -35.0, 6.87, 0.0)",2023-09-28 09:23:00,2023-09-28 09:27:00,5,1,1,0,1.0,1.0,0.0,0.0,29.649384,29.649384,,0.03552,29.962911,29.927392,-842.559186
4,2023-09-28 09:23:00,2023-09-28 09:23:00,1,64,52.861,33,8.0,1068.0,1068.0,6.43,"(8.0, 1068.0, -175.0, 6.43, 0.0)",2023-09-28 09:23:00,2023-09-28 09:27:00,5,1,1,0,1.0,1.0,0.0,0.0,29.649384,29.649384,,0.03552,29.962911,29.927392,-842.559186
4,2023-09-28 09:23:00,2023-09-28 09:23:00,1,64,52.861,34,11.0,800.0,800.0,5.76,"(11.0, 800.0, -11.0, 5.76, 0.0)",2023-09-28 09:23:00,2023-09-28 09:27:00,5,1,1,0,1.0,1.0,0.0,0.0,29.649384,29.649384,,0.03552,29.962911,29.927392,-842.559186
4,2023-09-28 09:23:00,2023-09-28 09:23:00,1,64,52.861,35,11.0,593.0,593.0,5.24,"(11.0, 593.0, 6.0, 5.24, 0.0)",2023-09-28 09:23:00,2023-09-28 09:27:00,5,1,1,0,1.0,1.0,0.0,0.0,29.649384,29.649384,,0.03552,29.962911,29.927392,-842.559186
4,2023-09-28 09:23:00,2023-09-28 09:23:00,1,64,52.861,36,8.0,772.0,772.0,5.91,"(8.0, 772.0, -24.0, 5.91, 0.0)",2023-09-28 09:23:00,2023-09-28 09:27:00,5,1,1,0,1.0,1.0,0.0,0.0,29.649384,29.649384,,0.03552,29.962911,29.927392,-842.559186
4,2023-09-28 09:23:00,2023-09-28 09:23:00,1,64,52.861,37,8.0,890.0,890.0,6.75,"(8.0, 890.0, -103.0, 6.75, 0.0)",2023-09-28 09:23:00,2023-09-28 09:27:00,5,1,1,0,1.0,1.0,0.0,0.0,29.649384,29.649384,,0.03552,29.962911,29.927392,-842.559186
4,2023-09-28 09:23:00,2023-09-28 09:23:00,1,64,52.861,38,11.0,692.0,692.0,6.09,"(11.0, 692.0, 8.0, 6.09, 0.0)",2023-09-28 09:23:00,2023-09-28 09:27:00,5,1,1,0,1.0,1.0,0.0,0.0,29.649384,29.649384,,0.03552,29.962911,29.927392,-842.559186
4,2023-09-28 09:23:00,2023-09-28 09:23:00,1,64,52.861,39,8.0,938.0,938.0,6.17,"(8.0, 938.0, 18.0, 6.17, 0.0)",2023-09-28 09:23:00,2023-09-28 09:27:00,5,1,1,0,1.0,1.0,0.0,0.0,29.649384,29.649384,,0.03552,29.962911,29.927392,-842.559186
4,2023-09-28 09:23:00,2023-09-28 09:23:00,1,64,52.861,40,8.0,1056.0,1056.0,6.77,"(8.0, 1056.0, 3.0, 6.77, 0.0)",2023-09-28 09:23:00,2023-09-28 09:27:00,5,1,1,0,1.0,1.0,0.0,0.0,29.649384,29.649384,,0.03552,29.962911,29.927392,-842.559186
4,2023-09-28 09:23:00,2023-09-28 09:23:00,1,64,52.861,41,8.0,1440.0,1440.0,7.29,"(8.0, 1440.0, -6.0, 7.29, 0.0)",2023-09-28 09:23:00,2023-09-28 09:27:00,5,1,1,0,1.0,1.0,0.0,0.0,29.649384,29.649384,,0.03552,29.962911,29.927392,-842.559186
4,2023-09-28 09:23:00,2023-09-28 09:23:00,1,64,52.861,42,8.0,947.0,947.0,6.76,"(8.0, 947.0, 12.0, 6.76, 0.0)",2023-09-28 09:23:00,2023-09-28 09:27:00,5,1,1,0,1.0,1.0,0.0,0.0,29.649384,29.649384,,0.03552,29.962911,29.927392,-842.559186
4,2023-09-28 09:23:00,2023-09-28 09:23:00,1,64,52.861,43,8.0,968.0,968.0,6.94,"(8.0, 968.0, 41.0, 6.94, 0.0)",2023-09-28 09:23:00,2023-09-28 09:27:00,5,1,1,0,1.0,1.0,0.0,0.0,29.649384,29.649384,,0.03552,29.962911,29.927392,-842.559186
4,2023-09-28 09:23:00,2023-09-28 09:23:00,1,64,52.861,44,8.0,1036.0,1036.0,6.41,"(8.0, 1036.0, 0.0, 6.41, 0.0)",2023-09-28 09:23:00,2023-09-28 09:27:00,5,1,1,0,1.0,1.0,0.0,0.0,29.649384,29.649384,,0.03552,29.962911,29.927392,-842.559186
4,2023-09-28 09:23:00,2023-09-28 09:23:00,1,64,52.861,46,8.0,988.0,988.0,5.99,"(8.0, 988.0, -56.0, 5.99, 0.0)",2023-09-28 09:23:00,2023-09-28 09:27:00,5,1,1,0,1.0,1.0,0.0,0.0,29.649384,29.649384,,0.03552,29.962911,29.927392,-842.559186
4,2023-09-28 09:23:00,2023-09-28 09:23:00,1,64,52.861,47,8.0,656.0,656.0,6.03,"(8.0, 656.0, 2.0, 6.03, 0.0)",2023-09-28 09:23:00,2023-09-28 09:27:00,5,1,1,0,1.0,1.0,0.0,0.0,29.649384,29.649384,,0.03552,29.962911,29.927392,-842.559186
4,2023-09-28 09:23:00,2023-09-28 09:23:00,1,64,52.861,48,8.0,639.0,639.0,5.08,"(8.0, 639.0, 15.0, 5.08, 0.0)",2023-09-28 09:23:00,2023-09-28 09:27:00,5,1,1,0,1.0,1.0,0.0,0.0,29.649384,29.649384,,0.03552,29.962911,29.927392,-842.559186
4,2023-09-28 09:23:00,2023-09-28 09:23:00,1,64,52.861,49,11.0,642.0,642.0,5.67,"(11.0, 642.0, 41.0, 5.67, 0.0)",2023-09-28 09:23:00,2023-09-28 09:27:00,5,1,1,0,1.0,1.0,0.0,0.0,29.649384,29.649384,,0.03552,29.962911,29.927392,-842.559186
4,2023-09-28 09:23:00,2023-09-28 09:23:00,1,64,52.861,50,11.0,427.0,427.0,4.32,"(11.0, 427.0, -59.0, 4.32, 0.0)",2023-09-28 09:23:00,2023-09-28 09:27:00,5,1,1,0,1.0,1.0,0.0,0.0,29.649384,29.649384,,0.03552,29.962911,29.927392,-842.559186
4,2023-09-28 09:23:00,2023-09-28 09:23:00,1,64,52.861,51,8.0,1803.0,1803.0,7.91,"(8.0, 1803.0, -57.0, 7.91, 0.0)",2023-09-28 09:23:00,2023-09-28 09:27:00,5,1,1,0,1.0,1.0,0.0,0.0,29.649384,29.649384,,0.03552,29.962911,29.927392,-842.559186
4,2023-09-28 09:23:00,2023-09-28 09:23:00,1,64,52.861,52,8.0,1438.0,1438.0,8.35,"(8.0, 1438.0, -47.0, 8.35, 0.0)",2023-09-28 09:23:00,2023-09-28 09:27:00,5,1,1,0,1.0,1.0,0.0,0.0,29.649384,29.649384,,0.03552,29.962911,29.927392,-842.559186
4,2023-09-28 09:23:00,2023-09-28 09:23:00,1,64,52.861,53,8.0,660.0,660.0,5.93,"(8.0, 660.0, -46.0, 5.93, 0.0)",2023-09-28 09:23:00,2023-09-28 09:27:00,5,1,1,0,1.0,1.0,0.0,0.0,29.649384,29.649384,,0.03552,29.962911,29.927392,-842.559186
4,2023-09-28 09:23:00,2023-09-28 09:23:00,1,64,52.861,54,8.0,1319.0,1319.0,6.4,"(8.0, 1319.0, -58.0, 6.4, 0.0)",2023-09-28 09:23:00,2023-09-28 09:27:00,5,1,1,0,1.0,1.0,0.0,0.0,29.649384,29.649384,,0.03552,29.962911,29.927392,-842.559186
4,2023-09-28 09:23:00,2023-09-28 09:23:00,1,64,52.861,55,8.0,1247.0,1247.0,7.52,"(8.0, 1247.0, -64.0, 7.52, 0.0)",2023-09-28 09:23:00,2023-09-28 09:27:00,5,1,1,0,1.0,1.0,0.0,0.0,29.649384,29.649384,,0.03552,29.962911,29.927392,-842.559186
4,2023-09-28 09:23:00,2023-09-28 09:23:00,1,64,52.861,56,8.0,1092.0,1092.0,6.3,"(8.0, 1092.0, 7.0, 6.3, 0.0)",2023-09-28 09:23:00,2023-09-28 09:27:00,5,1,1,0,1.0,1.0,0.0,0.0,29.649384,29.649384,,0.03552,29.962911,29.927392,-842.559186
4,2023-09-28 09:23:00,2023-09-28 09:23:00,1,64,52.861,57,8.0,1131.0,1131.0,7.22,"(8.0, 1131.0, -33.0, 7.22, 0.0)",2023-09-28 09:23:00,2023-09-28 09:27:00,5,1,1,0,1.0,1.0,0.0,0.0,29.649384,29.649384,,0.03552,29.962911,29.927392,-842.559186
4,2023-09-28 09:23:00,2023-09-28 09:23:00,1,64,52.861,58,8.0,1277.0,1277.0,7.62,"(8.0, 1277.0, -60.0, 7.62, 0.0)",2023-09-28 09:23:00,2023-09-28 09:27:00,5,1,1,0,1.0,1.0,0.0,0.0,29.649384,29.649384,,0.03552,29.962911,29.927392,-842.559186
4,2023-09-28 09:23:00,2023-09-28 09:23:00,1,64,52.861,59,8.0,822.0,822.0,5.7,"(8.0, 822.0, -11.0, 5.7, 0.0)",2023-09-28 09:23:00,2023-09-28 09:27:00,5,1,1,0,1.0,1.0,0.0,0.0,29.649384,29.649384,,0.03552,29.962911,29.927392,-842.559186
4,2023-09-28 09:23:00,2023-09-28 09:23:00,1,64,52.861,60,8.0,405.0,405.0,4.94,"(8.0, 405.0, -70.0, 4.94, 0.0)",2023-09-28 09:23:00,2023-09-28 09:27:00,5,1,1,0,1.0,1.0,0.0,0.0,29.649384,29.649384,,0.03552,29.962911,29.927392,-842.559186
4,2023-09-28 09:23:00,2023-09-28 09:23:00,1,64,52.861,61,8.0,713.0,713.0,5.45,"(8.0, 713.0, -3.0, 5.45, 0.0)",2023-09-28 09:23:00,2023-09-28 09:27:00,5,1,1,0,1.0,1.0,0.0,0.0,29.649384,29.649384,,0.03552,29.962911,29.927392,-842.559186
4,2023-09-28 09:23:00,2023-09-28 09:23:00,1,64,52.861,62,8.0,537.0,537.0,4.77,"(8.0, 537.0, -26.0, 4.77, 0.0)",2023-09-28 09:23:00,2023-09-28 09:27:00,5,1,1,0,1.0,1.0,0.0,0.0,29.649384,29.649384,,0.03552,29.962911,29.927392,-842.559186
4,2023-09-28 09:23:00,2023-09-28 09:23:00,1,64,52.861,63,8.0,487.0,487.0,4.79,"(8.0, 487.0, -53.0, 4.79, 0.0)",2023-09-28 09:23:00,2023-09-28 09:27:00,5,1,1,0,1.0,1.0,0.0,0.0,29.649384,29.649384,,0.03552,29.962911,29.927392,-842.559186
4,2023-09-28 09:23:00,2023-09-28 09:23:00,1,64,52.861,64,8.0,264.0,264.0,4.35,"(8.0, 264.0, -113.0, 4.35, 0.0)",2023-09-28 09:23:00,2023-09-28 09:27:00,5,1,1,0,1.0,1.0,0.0,0.0,29.649384,29.649384,,0.03552,29.962911,29.927392,-842.559186
4,2023-09-28 09:23:00,2023-09-28 09:23:00,1,64,52.861,65,8.0,349.0,349.0,4.54,"(8.0, 349.0, -111.0, 4.54, 0.0)",2023-09-28 09:23:00,2023-09-28 09:27:00,5,1,1,0,1.0,1.0,0.0,0.0,29.649384,29.649384,,0.03552,29.962911,29.927392,-842.559186
4,2023-09-28 09:23:00,2023-09-28 09:23:00,1,64,52.861,66,8.0,1051.0,1051.0,6.7,"(8.0, 1051.0, -29.0, 6.7, 0.0)",2023-09-28 09:23:00,2023-09-28 09:27:00,5,1,1,0,1.0,1.0,0.0,0.0,29.649384,29.649384,,0.03552,29.962911,29.927392,-842.559186
4,2023-09-28 09:23:00,2023-09-28 09:23:00,1,64,52.861,67,8.0,848.0,848.0,5.87,"(8.0, 848.0, -29.0, 5.87, 0.0)",2023-09-28 09:23:00,2023-09-28 09:27:00,5,1,1,0,1.0,1.0,0.0,0.0,29.649384,29.649384,,0.03552,29.962911,29.927392,-842.559186
4,2023-09-28 09:23:00,2023-09-28 09:23:00,1,64,52.861,68,8.0,603.0,603.0,5.03,"(8.0, 603.0, 3.0, 5.03, 0.0)",2023-09-28 09:23:00,2023-09-28 09:27:00,5,1,1,0,1.0,1.0,0.0,0.0,29.649384,29.649384,,0.03552,29.962911,29.927392,-842.559186
4,2023-09-28 09:23:00,2023-09-28 09:23:00,1,64,52.861,69,8.0,799.0,799.0,5.62,"(8.0, 799.0, -35.0, 5.62, 0.0)",2023-09-28 09:23:00,2023-09-28 09:27:00,5,1,1,0,1.0,1.0,0.0,0.0,29.649384,29.649384,,0.03552,29.962911,29.927392,-842.559186
4,2023-09-28 09:23:00,2023-09-28 09:23:00,1,64,52.861,70,8.0,502.0,502.0,5.09,"(8.0, 502.0, -72.0, 5.09, 0.0)",2023-09-28 09:23:00,2023-09-28 09:27:00,5,1,1,0,1.0,1.0,0.0,0.0,29.649384,29.649384,,0.03552,29.962911,29.927392,-842.559186
4,2023-09-28 09:23:00,2023-09-28 09:23:00,1,64,52.861,71,8.0,553.0,553.0,5.27,"(8.0, 553.0, -44.0, 5.27, 0.0)",2023-09-28 09:23:00,2023-09-28 09:27:00,5,1,1,0,1.0,1.0,0.0,0.0,29.649384,29.649384,,0.03552,29.962911,29.927392,-842.559186
4,2023-09-28 09:23:00,2023-09-28 09:23:00,1,64,52.861,72,8.0,965.0,965.0,7.04,"(8.0, 965.0, -22.0, 7.04, 0.0)",2023-09-28 09:23:00,2023-09-28 09:27:00,5,1,1,0,1.0,1.0,0.0,0.0,29.649384,29.649384,,0.03552,29.962911,29.927392,-842.559186
4,2023-09-28 09:23:00,2023-09-28 09:23:00,1,64,52.861,74,8.0,813.0,813.0,5.73,"(8.0, 813.0, -47.0, 5.73, 0.0)",2023-09-28 09:23:00,2023-09-28 09:27:00,5,1,1,0,1.0,1.0,0.0,0.0,29.649384,29.649384,,0.03552,29.962911,29.927392,-842.559186
4,2023-09-28 09:23:00,2023-09-28 09:23:00,1,64,52.861,75,8.0,782.0,782.0,6.82,"(8.0, 782.0, 47.0, 6.82, 0.0)",2023-09-28 09:23:00,2023-09-28 09:27:00,5,1,1,0,1.0,1.0,0.0,0.0,29.649384,29.649384,,0.03552,29.962911,29.927392,-842.559186
4,2023-09-28 09:23:00,2023-09-28 09:23:00,1,64,52.861,76,8.0,941.0,941.0,6.56,"(8.0, 941.0, -14.0, 6.56, 0.0)",2023-09-28 09:23:00,2023-09-28 09:27:00,5,1,1,0,1.0,1.0,0.0,0.0,29.649384,29.649384,,0.03552,29.962911,29.927392,-842.559186
4,2023-09-28 09:23:00,2023-09-28 09:23:00,1,64,52.861,77,8.0,553.0,553.0,3.74,"(8.0, 553.0, -36.0, 3.74, 0.0)",2023-09-28 09:23:00,2023-09-28 09:27:00,5,1,1,0,1.0,1.0,0.0,0.0,29.649384,29.649384,,0.03552,29.962911,29.927392,-842.559186
4,2023-09-28 09:23:00,2023-09-28 09:23:00,1,64,52.861,78,8.0,459.0,459.0,4.39,"(8.0, 459.0, -52.0, 4.39, 0.0)",2023-09-28 09:23:00,2023-09-28 09:27:00,5,1,1,0,1.0,1.0,0.0,0.0,29.649384,29.649384,,0.03552,29.962911,29.927392,-842.559186
4,2023-09-28 09:23:00,2023-09-28 09:23:00,1,64,52.861,79,8.0,873.0,873.0,5.53,"(8.0, 873.0, -11.0, 5.53, 0.0)",2023-09-28 09:23:00,2023-09-28 09:27:00,5,1,1,0,1.0,1.0,0.0,0.0,29.649384,29.649384,,0.03552,29.962911,29.927392,-842.559186
4,2023-09-28 09:23:00,2023-09-28 09:23:00,1,64,52.861,81,8.0,709.0,709.0,5.09,"(8.0, 709.0, -35.0, 5.09, 0.0)",2023-09-28 09:23:00,2023-09-28 09:27:00,5,1,1,0,1.0,1.0,0.0,0.0,29.649384,29.649384,,0.03552,29.962911,29.927392,-842.559186
4,2023-09-28 09:23:00,2023-09-28 09:23:00,1,64,52.861,82,8.0,623.0,623.0,5.06,"(8.0, 623.0, -15.0, 5.06, 0.0)",2023-09-28 09:23:00,2023-09-28 09:27:00,5,1,1,0,1.0,1.0,0.0,0.0,29.649384,29.649384,,0.03552,29.962911,29.927392,-842.559186
4,2023-09-28 09:23:00,2023-09-28 09:23:00,1,64,52.861,83,8.0,756.0,756.0,6.0,"(8.0, 756.0, -20.0, 6.0, 0.0)",2023-09-28 09:23:00,2023-09-28 09:27:00,5,1,1,0,1.0,1.0,0.0,0.0,29.649384,29.649384,,0.03552,29.962911,29.927392,-842.559186
4,2023-09-28 09:23:00,2023-09-28 09:23:00,1,64,52.861,84,8.0,550.0,550.0,5.12,"(8.0, 550.0, -55.0, 5.12, 0.0)",2023-09-28 09:23:00,2023-09-28 09:27:00,5,1,1,0,1.0,1.0,0.0,0.0,29.649384,29.649384,,0.03552,29.962911,29.927392,-842.559186
4,2023-09-28 09:23:00,2023-09-28 09:23:00,1,64,52.861,85,8.0,608.0,608.0,4.95,"(8.0, 608.0, -40.0, 4.95, 0.0)",2023-09-28 09:23:00,2023-09-28 09:27:00,5,1,1,0,1.0,1.0,0.0,0.0,29.649384,29.649384,,0.03552,29.962911,29.927392,-842.559186
4,2023-09-28 09:23:00,2023-09-28 09:23:00,1,64,52.861,86,8.0,873.0,873.0,5.44,"(8.0, 873.0, -3.0, 5.44, 0.0)",2023-09-28 09:23:00,2023-09-28 09:27:00,5,1,1,0,1.0,1.0,0.0,0.0,29.649384,29.649384,,0.03552,29.962911,29.927392,-842.559186
4,2023-09-28 09:23:00,2023-09-28 09:23:00,1,64,52.861,87,8.0,601.0,601.0,5.19,"(8.0, 601.0, -18.0, 5.19, 0.0)",2023-09-28 09:23:00,2023-09-28 09:27:00,5,1,1,0,1.0,1.0,0.0,0.0,29.649384,29.649384,,0.03552,29.962911,29.927392,-842.559186
4,2023-09-28 09:23:00,2023-09-28 09:23:00,1,64,52.861,88,8.0,691.0,691.0,6.17,"(8.0, 691.0, -41.0, 6.17, 0.0)",2023-09-28 09:23:00,2023-09-28 09:27:00,5,1,1,0,1.0,1.0,0.0,0.0,29.649384,29.649384,,0.03552,29.962911,29.927392,-842.559186
4,2023-09-28 09:23:00,2023-09-28 09:23:00,1,64,52.861,89,8.0,397.0,397.0,4.48,"(8.0, 397.0, -110.0, 4.48, 0.0)",2023-09-28 09:23:00,2023-09-28 09:27:00,5,1,1,0,1.0,1.0,0.0,0.0,29.649384,29.649384,,0.03552,29.962911,29.927392,-842.559186
4,2023-09-28 09:23:00,2023-09-28 09:23:00,1,64,52.861,90,8.0,542.0,542.0,5.06,"(8.0, 542.0, -39.0, 5.06, 0.0)",2023-09-28 09:23:00,2023-09-28 09:27:00,5,1,1,0,1.0,1.0,0.0,0.0,29.649384,29.649384,,0.03552,29.962911,29.927392,-842.559186
4,2023-09-28 09:23:00,2023-09-28 09:23:00,1,64,52.861,91,8.0,468.0,468.0,5.13,"(8.0, 468.0, -70.0, 5.13, 0.0)",2023-09-28 09:23:00,2023-09-28 09:27:00,5,1,1,0,1.0,1.0,0.0,0.0,29.649384,29.649384,,0.03552,29.962911,29.927392,-842.559186
4,2023-09-28 09:23:00,2023-09-28 09:23:00,1,64,52.861,92,8.0,540.0,540.0,5.21,"(8.0, 540.0, -83.0, 5.21, 0.0)",2023-09-28 09:23:00,2023-09-28 09:27:00,5,1,1,0,1.0,1.0,0.0,0.0,29.649384,29.649384,,0.03552,29.962911,29.927392,-842.559186
4,2023-09-28 09:23:00,2023-09-28 09:23:00,1,64,52.861,93,8.0,203.0,203.0,4.03,"(8.0, 203.0, -98.0, 4.03, 0.0)",2023-09-28 09:23:00,2023-09-28 09:27:00,5,1,1,0,1.0,1.0,0.0,0.0,29.649384,29.649384,,0.03552,29.962911,29.927392,-842.559186
5,2023-09-28 09:24:00,2023-09-28 09:27:00,4,92,84.091,1,8.0,840.0,840.0,5.73,"(8.0, 840.0, 38.0, 5.73, 0.0)",2023-09-28 09:24:00,2023-09-28 09:27:00,4,4,4,0,1.0,1.0,0.0,0.0,6655.3296,6655.3296,,0.023183,6655.3296,6655.306417,-287070.883937
5,2023-09-28 09:24:00,2023-09-28 09:27:00,4,92,84.091,2,8.0,1031.0,1031.0,6.22,"(8.0, 1031.0, -18.0, 6.22, 0.0)",2023-09-28 09:24:00,2023-09-28 09:27:00,4,4,4,0,1.0,1.0,0.0,0.0,6655.3296,6655.3296,,0.023183,6655.3296,6655.306417,-287070.883937
5,2023-09-28 09:24:00,2023-09-28 09:27:00,4,92,84.091,3,8.0,1220.0,1220.0,6.09,"(8.0, 1220.0, -38.0, 6.09, 0.0)",2023-09-28 09:24:00,2023-09-28 09:27:00,4,4,4,0,1.0,1.0,0.0,0.0,6655.3296,6655.3296,,0.023183,6655.3296,6655.306417,-287070.883937
5,2023-09-28 09:24:00,2023-09-28 09:27:00,4,92,84.091,4,8.0,1247.0,1247.0,6.45,"(8.0, 1247.0, -33.0, 6.45, 0.0)",2023-09-28 09:24:00,2023-09-28 09:27:00,4,4,4,0,1.0,1.0,0.0,0.0,6655.3296,6655.3296,,0.023183,6655.3296,6655.306417,-287070.883937
5,2023-09-28 09:24:00,2023-09-28 09:27:00,4,92,84.091,5,8.0,1311.0,1311.0,6.8,"(8.0, 1311.0, -32.0, 6.8, 0.0)",2023-09-28 09:24:00,2023-09-28 09:27:00,4,4,4,0,1.0,1.0,0.0,0.0,6655.3296,6655.3296,,0.023183,6655.3296,6655.306417,-287070.883937
5,2023-09-28 09:24:00,2023-09-28 09:27:00,4,92,84.091,6,8.0,1283.0,1283.0,7.76,"(8.0, 1283.0, -11.0, 7.76, 0.0)",2023-09-28 09:24:00,2023-09-28 09:27:00,4,4,4,0,1.0,1.0,0.0,0.0,6655.3296,6655.3296,,0.023183,6655.3296,6655.306417,-287070.883937
5,2023-09-28 09:24:00,2023-09-28 09:27:00,4,92,84.091,7,8.0,1520.0,1520.0,7.24,"(8.0, 1520.0, -44.0, 7.24, 0.0)",2023-09-28 09:24:00,2023-09-28 09:27:00,4,4,4,0,1.0,1.0,0.0,0.0,6655.3296,6655.3296,,0.023183,6655.3296,6655.306417,-287070.883937
5,2023-09-28 09:24:00,2023-09-28 09:27:00,4,92,84.091,8,8.0,1559.0,1559.0,7.22,"(8.0, 1559.0, -23.0, 7.22, 0.0)",2023-09-28 09:24:00,2023-09-28 09:27:00,4,4,4,0,1.0,1.0,0.0,0.0,6655.3296,6655.3296,,0.023183,6655.3296,6655.306417,-287070.883937
5,2023-09-28 09:24:00,2023-09-28 09:27:00,4,92,84.091,9,8.0,1360.0,1360.0,7.15,"(8.0, 1360.0, -36.0, 7.15, 0.0)",2023-09-28 09:24:00,2023-09-28 09:27:00,4,4,4,0,1.0,1.0,0.0,0.0,6655.3296,6655.3296,,0.023183,6655.3296,6655.306417,-287070.883937
5,2023-09-28 09:24:00,2023-09-28 09:27:00,4,92,84.091,10,8.0,1293.0,1293.0,7.68,"(8.0, 1293.0, 4.0, 7.68, 0.0)",2023-09-28 09:24:00,2023-09-28 09:27:00,4,4,4,0,1.0,1.0,0.0,0.0,6655.3296,6655.3296,,0.023183,6655.3296,6655.306417,-287070.883937
5,2023-09-28 09:24:00,2023-09-28 09:27:00,4,92,84.091,11,8.0,1383.0,1383.0,6.83,"(8.0, 1383.0, -8.0, 6.83, 0.0)",2023-09-28 09:24:00,2023-09-28 09:27:00,4,4,4,0,1.0,1.0,0.0,0.0,6655.3296,6655.3296,,0.023183,6655.3296,6655.306417,-287070.883937
5,2023-09-28 09:24:00,2023-09-28 09:27:00,4,92,84.091,12,8.0,1461.0,1461.0,7.27,"(8.0, 1461.0, -75.0, 7.27, 0.0)",2023-09-28 09:24:00,2023-09-28 09:27:00,4,4,4,0,1.0,1.0,0.0,0.0,6655.3296,6655.3296,,0.023183,6655.3296,6655.306417,-287070.883937
5,2023-09-28 09:24:00,2023-09-28 09:27:00,4,92,84.091,13,8.0,1254.0,1254.0,6.82,"(8.0, 1254.0, 0.0, 6.82, 0.0)",2023-09-28 09:24:00,2023-09-28 09:27:00,4,4,4,0,1.0,1.0,0.0,0.0,6655.3296,6655.3296,,0.023183,6655.3296,6655.306417,-287070.883937
5,2023-09-28 09:24:00,2023-09-28 09:27:00,4,92,84.091,14,8.0,1226.0,1226.0,7.44,"(8.0, 1226.0, -46.0, 7.44, 0.0)",2023-09-28 09:24:00,2023-09-28 09:27:00,4,4,4,0,1.0,1.0,0.0,0.0,6655.3296,6655.3296,,0.023183,6655.3296,6655.306417,-287070.883937
5,2023-09-28 09:24:00,2023-09-28 09:27:00,4,92,84.091,16,8.0,1224.0,1224.0,6.74,"(8.0, 1224.0, 14.0, 6.74, 0.0)",2023-09-28 09:24:00,2023-09-28 09:27:00,4,4,4,0,1.0,1.0,0.0,0.0,6655.3296,6655.3296,,0.023183,6655.3296,6655.306417,-287070.883937
5,2023-09-28 09:24:00,2023-09-28 09:27:00,4,92,84.091,17,8.0,1075.0,1075.0,6.17,"(8.0, 1075.0, 64.0, 6.17, 0.0)",2023-09-28 09:24:00,2023-09-28 09:27:00,4,4,4,0,1.0,1.0,0.0,0.0,6655.3296,6655.3296,,0.023183,6655.3296,6655.306417,-287070.883937
5,2023-09-28 09:24:00,2023-09-28 09:27:00,4,92,84.091,18,8.0,1152.0,1152.0,6.88,"(8.0, 1152.0, -8.0, 6.88, 0.0)",2023-09-28 09:24:00,2023-09-28 09:27:00,4,4,4,0,1.0,1.0,0.0,0.0,6655.3296,6655.3296,,0.023183,6655.3296,6655.306417,-287070.883937
5,2023-09-28 09:24:00,2023-09-28 09:27:00,4,92,84.091,19,8.0,1534.0,1534.0,6.95,"(8.0, 1534.0, -136.0, 6.95, 0.0)",2023-09-28 09:23:00,2023-09-28 09:27:00,5,4,4,0,1.0,1.0,0.0,0.0,6655.3296,6655.3296,,0.023183,6655.3296,6655.306417,-287070.883937
5,2023-09-28 09:24:00,2023-09-28 09:27:00,4,92,84.091,22,8.0,1592.0,1592.0,8.31,"(8.0, 1592.0, -51.0, 8.31, 0.0)",2023-09-28 09:24:00,2023-09-28 09:27:00,4,4,4,0,1.0,1.0,0.0,0.0,6655.3296,6655.3296,,0.023183,6655.3296,6655.306417,-287070.883937
5,2023-09-28 09:24:00,2023-09-28 09:27:00,4,92,84.091,23,8.0,1363.0,1363.0,6.3,"(8.0, 1363.0, -11.0, 6.3, 0.0)",2023-09-28 09:24:00,2023-09-28 09:27:00,4,4,4,0,1.0,1.0,0.0,0.0,6655.3296,6655.3296,,0.023183,6655.3296,6655.306417,-287070.883937
5,2023-09-28 09:24:00,2023-09-28 09:27:00,4,92,84.091,24,8.0,1359.0,1359.0,7.03,"(8.0, 1359.0, -47.0, 7.03, 0.0)",2023-09-28 09:24:00,2023-09-28 09:27:00,4,4,4,0,1.0,1.0,0.0,0.0,6655.3296,6655.3296,,0.023183,6655.3296,6655.306417,-287070.883937
5,2023-09-28 09:24:00,2023-09-28 09:27:00,4,92,84.091,25,8.0,1449.0,1449.0,7.49,"(8.0, 1449.0, -48.0, 7.49, 0.0)",2023-09-28 09:24:00,2023-09-28 09:27:00,4,4,4,0,1.0,1.0,0.0,0.0,6655.3296,6655.3296,,0.023183,6655.3296,6655.306417,-287070.883937
5,2023-09-28 09:24:00,2023-09-28 09:27:00,4,92,84.091,26,11.0,826.0,826.0,5.73,"(11.0, 826.0, 0.0, 5.73, 0.0)",2023-09-28 09:24:00,2023-09-28 09:27:00,4,4,4,0,1.0,1.0,0.0,0.0,6655.3296,6655.3296,,0.023183,6655.3296,6655.306417,-287070.883937
5,2023-09-28 09:24:00,2023-09-28 09:27:00,4,92,84.091,27,8.0,834.0,834.0,5.42,"(8.0, 834.0, 2.0, 5.42, 0.0)",2023-09-28 09:23:00,2023-09-28 09:27:00,5,4,4,0,1.0,1.0,0.0,0.0,6655.3296,6655.3296,,0.023183,6655.3296,6655.306417,-287070.883937
5,2023-09-28 09:24:00,2023-09-28 09:27:00,4,92,84.091,28,8.0,1008.0,1008.0,6.08,"(8.0, 1008.0, 5.0, 6.08, 0.0)",2023-09-28 09:23:00,2023-09-28 09:27:00,5,4,4,0,1.0,1.0,0.0,0.0,6655.3296,6655.3296,,0.023183,6655.3296,6655.306417,-287070.883937
5,2023-09-28 09:24:00,2023-09-28 09:27:00,4,92,84.091,29,8.0,1117.0,1117.0,5.8,"(8.0, 1117.0, -38.0, 5.8, 0.0)",2023-09-28 09:23:00,2023-09-28 09:27:00,5,4,4,0,1.0,1.0,0.0,0.0,6655.3296,6655.3296,,0.023183,6655.3296,6655.306417,-287070.883937
5,2023-09-28 09:24:00,2023-09-28 09:27:00,4,92,84.091,31,8.0,1449.0,1449.0,7.15,"(8.0, 1449.0, -9.0, 7.15, 0.0)",2023-09-28 09:23:00,2023-09-28 09:27:00,5,4,4,0,1.0,1.0,0.0,0.0,6655.3296,6655.3296,,0.023183,6655.3296,6655.306417,-287070.883937
5,2023-09-28 09:24:00,2023-09-28 09:27:00,4,92,84.091,32,11.0,1520.0,1520.0,6.87,"(11.0, 1520.0, -35.0, 6.87, 0.0)",2023-09-28 09:23:00,2023-09-28 09:27:00,5,4,4,0,1.0,1.0,0.0,0.0,6655.3296,6655.3296,,0.023183,6655.3296,6655.306417,-287070.883937
5,2023-09-28 09:24:00,2023-09-28 09:27:00,4,92,84.091,33,8.0,1068.0,1068.0,6.43,"(8.0, 1068.0, -175.0, 6.43, 0.0)",2023-09-28 09:23:00,2023-09-28 09:27:00,5,4,4,0,1.0,1.0,0.0,0.0,6655.3296,6655.3296,,0.023183,6655.3296,6655.306417,-287070.883937
5,2023-09-28 09:24:00,2023-09-28 09:27:00,4,92,84.091,34,11.0,800.0,800.0,5.76,"(11.0, 800.0, -11.0, 5.76, 0.0)",2023-09-28 09:23:00,2023-09-28 09:27:00,5,4,4,0,1.0,1.0,0.0,0.0,6655.3296,6655.3296,,0.023183,6655.3296,6655.306417,-287070.883937
5,2023-09-28 09:24:00,2023-09-28 09:27:00,4,92,84.091,35,11.0,593.0,593.0,5.24,"(11.0, 593.0, 6.0, 5.24, 0.0)",2023-09-28 09:23:00,2023-09-28 09:27:00,5,4,4,0,1.0,1.0,0.0,0.0,6655.3296,6655.3296,,0.023183,6655.3296,6655.306417,-287070.883937
5,2023-09-28 09:24:00,2023-09-28 09:27:00,4,92,84.091,36,8.0,772.0,772.0,5.91,"(8.0, 772.0, -24.0, 5.91, 0.0)",2023-09-28 09:23:00,2023-09-28 09:27:00,5,4,4,0,1.0,1.0,0.0,0.0,6655.3296,6655.3296,,0.023183,6655.3296,6655.306417,-287070.883937
5,2023-09-28 09:24:00,2023-09-28 09:27:00,4,92,84.091,37,8.0,890.0,890.0,6.75,"(8.0, 890.0, -103.0, 6.75, 0.0)",2023-09-28 09:23:00,2023-09-28 09:27:00,5,4,4,0,1.0,1.0,0.0,0.0,6655.3296,6655.3296,,0.023183,6655.3296,6655.306417,-287070.883937
5,2023-09-28 09:24:00,2023-09-28 09:27:00,4,92,84.091,38,11.0,692.0,692.0,6.09,"(11.0, 692.0, 8.0, 6.09, 0.0)",2023-09-28 09:23:00,2023-09-28 09:27:00,5,4,4,0,1.0,1.0,0.0,0.0,6655.3296,6655.3296,,0.023183,6655.3296,6655.306417,-287070.883937
5,2023-09-28 09:24:00,2023-09-28 09:27:00,4,92,84.091,39,8.0,938.0,938.0,6.17,"(8.0, 938.0, 18.0, 6.17, 0.0)",2023-09-28 09:23:00,2023-09-28 09:27:00,5,4,4,0,1.0,1.0,0.0,0.0,6655.3296,6655.3296,,0.023183,6655.3296,6655.306417,-287070.883937
5,2023-09-28 09:24:00,2023-09-28 09:27:00,4,92,84.091,40,8.0,1056.0,1056.0,6.77,"(8.0, 1056.0, 3.0, 6.77, 0.0)",2023-09-28 09:23:00,2023-09-28 09:27:00,5,4,4,0,1.0,1.0,0.0,0.0,6655.3296,6655.3296,,0.023183,6655.3296,6655.306417,-287070.883937
5,2023-09-28 09:24:00,2023-09-28 09:27:00,4,92,84.091,41,8.0,1440.0,1440.0,7.29,"(8.0, 1440.0, -6.0, 7.29, 0.0)",2023-09-28 09:23:00,2023-09-28 09:27:00,5,4,4,0,1.0,1.0,0.0,0.0,6655.3296,6655.3296,,0.023183,6655.3296,6655.306417,-287070.883937
5,2023-09-28 09:24:00,2023-09-28 09:27:00,4,92,84.091,42,8.0,947.0,947.0,6.76,"(8.0, 947.0, 12.0, 6.76, 0.0)",2023-09-28 09:23:00,2023-09-28 09:27:00,5,4,4,0,1.0,1.0,0.0,0.0,6655.3296,6655.3296,,0.023183,6655.3296,6655.306417,-287070.883937
5,2023-09-28 09:24:00,2023-09-28 09:27:00,4,92,84.091,43,8.0,968.0,968.0,6.94,"(8.0, 968.0, 41.0, 6.94, 0.0)",2023-09-28 09:23:00,2023-09-28 09:27:00,5,4,4,0,1.0,1.0,0.0,0.0,6655.3296,6655.3296,,0.023183,6655.3296,6655.306417,-287070.883937
5,2023-09-28 09:24:00,2023-09-28 09:27:00,4,92,84.091,44,8.0,1036.0,1036.0,6.41,"(8.0, 1036.0, 0.0, 6.41, 0.0)",2023-09-28 09:23:00,2023-09-28 09:27:00,5,4,4,0,1.0,1.0,0.0,0.0,6655.3296,6655.3296,,0.023183,6655.3296,6655.306417,-287070.883937
5,2023-09-28 09:24:00,2023-09-28 09:27:00,4,92,84.091,46,8.0,988.0,988.0,5.99,"(8.0, 988.0, -56.0, 5.99, 0.0)",2023-09-28 09:23:00,2023-09-28 09:27:00,5,4,4,0,1.0,1.0,0.0,0.0,6655.3296,6655.3296,,0.023183,6655.3296,6655.306417,-287070.883937
5,2023-09-28 09:24:00,2023-09-28 09:27:00,4,92,84.091,47,8.0,656.0,656.0,6.03,"(8.0, 656.0, 2.0, 6.03, 0.0)",2023-09-28 09:23:00,2023-09-28 09:27:00,5,4,4,0,1.0,1.0,0.0,0.0,6655.3296,6655.3296,,0.023183,6655.3296,6655.306417,-287070.883937
5,2023-09-28 09:24:00,2023-09-28 09:27:00,4,92,84.091,48,8.0,639.0,639.0,5.08,"(8.0, 639.0, 15.0, 5.08, 0.0)",2023-09-28 09:23:00,2023-09-28 09:27:00,5,4,4,0,1.0,1.0,0.0,0.0,6655.3296,6655.3296,,0.023183,6655.3296,6655.306417,-287070.883937
5,2023-09-28 09:24:00,2023-09-28 09:27:00,4,92,84.091,49,11.0,642.0,642.0,5.67,"(11.0, 642.0, 41.0, 5.67, 0.0)",2023-09-28 09:23:00,2023-09-28 09:27:00,5,4,4,0,1.0,1.0,0.0,0.0,6655.3296,6655.3296,,0.023183,6655.3296,6655.306417,-287070.883937
5,2023-09-28 09:24:00,2023-09-28 09:27:00,4,92,84.091,50,11.0,427.0,427.0,4.32,"(11.0, 427.0, -59.0, 4.32, 0.0)",2023-09-28 09:23:00,2023-09-28 09:27:00,5,4,4,0,1.0,1.0,0.0,0.0,6655.3296,6655.3296,,0.023183,6655.3296,6655.306417,-287070.883937
5,2023-09-28 09:24:00,2023-09-28 09:27:00,4,92,84.091,51,8.0,1803.0,1803.0,7.91,"(8.0, 1803.0, -57.0, 7.91, 0.0)",2023-09-28 09:23:00,2023-09-28 09:27:00,5,4,4,0,1.0,1.0,0.0,0.0,6655.3296,6655.3296,,0.023183,6655.3296,6655.306417,-287070.883937
5,2023-09-28 09:24:00,2023-09-28 09:27:00,4,92,84.091,52,8.0,1438.0,1438.0,8.35,"(8.0, 1438.0, -47.0, 8.35, 0.0)",2023-09-28 09:23:00,2023-09-28 09:27:00,5,4,4,0,1.0,1.0,0.0,0.0,6655.3296,6655.3296,,0.023183,6655.3296,6655.306417,-287070.883937
5,2023-09-28 09:24:00,2023-09-28 09:27:00,4,92,84.091,53,8.0,660.0,660.0,5.93,"(8.0, 660.0, -46.0, 5.93, 0.0)",2023-09-28 09:23:00,2023-09-28 09:27:00,5,4,4,0,1.0,1.0,0.0,0.0,6655.3296,6655.3296,,0.023183,6655.3296,6655.306417,-287070.883937
5,2023-09-28 09:24:00,2023-09-28 09:27:00,4,92,84.091,54,8.0,1319.0,1319.0,6.4,"(8.0, 1319.0, -58.0, 6.4, 0.0)",2023-09-28 09:23:00,2023-09-28 09:27:00,5,4,4,0,1.0,1.0,0.0,0.0,6655.3296,6655.3296,,0.023183,6655.3296,6655.306417,-287070.883937
5,2023-09-28 09:24:00,2023-09-28 09:27:00,4,92,84.091,55,8.0,1247.0,1247.0,7.52,"(8.0, 1247.0, -64.0, 7.52, 0.0)",2023-09-28 09:23:00,2023-09-28 09:27:00,5,4,4,0,1.0,1.0,0.0,0.0,6655.3296,6655.3296,,0.023183,6655.3296,6655.306417,-287070.883937
5,2023-09-28 09:24:00,2023-09-28 09:27:00,4,92,84.091,56,8.0,1092.0,1092.0,6.3,"(8.0, 1092.0, 7.0, 6.3, 0.0)",2023-09-28 09:23:00,2023-09-28 09:27:00,5,4,4,0,1.0,1.0,0.0,0.0,6655.3296,6655.3296,,0.023183,6655.3296,6655.306417,-287070.883937
5,2023-09-28 09:24:00,2023-09-28 09:27:00,4,92,84.091,57,8.0,1131.0,1131.0,7.22,"(8.0, 1131.0, -33.0, 7.22, 0.0)",2023-09-28 09:23:00,2023-09-28 09:27:00,5,4,4,0,1.0,1.0,0.0,0.0,6655.3296,6655.3296,,0.023183,6655.3296,6655.306417,-287070.883937
5,2023-09-28 09:24:00,2023-09-28 09:27:00,4,92,84.091,58,8.0,1277.0,1277.0,7.62,"(8.0, 1277.0, -60.0, 7.62, 0.0)",2023-09-28 09:23:00,2023-09-28 09:27:00,5,4,4,0,1.0,1.0,0.0,0.0,6655.3296,6655.3296,,0.023183,6655.3296,6655.306417,-287070.883937
5,2023-09-28 09:24:00,2023-09-28 09:27:00,4,92,84.091,59,8.0,822.0,822.0,5.7,"(8.0, 822.0, -11.0, 5.7, 0.0)",2023-09-28 09:23:00,2023-09-28 09:27:00,5,4,4,0,1.0,1.0,0.0,0.0,6655.3296,6655.3296,,0.023183,6655.3296,6655.306417,-287070.883937
5,2023-09-28 09:24:00,2023-09-28 09:27:00,4,92,84.091,60,8.0,405.0,405.0,4.94,"(8.0, 405.0, -70.0, 4.94, 0.0)",2023-09-28 09:23:00,2023-09-28 09:27:00,5,4,4,0,1.0,1.0,0.0,0.0,6655.3296,6655.3296,,0.023183,6655.3296,6655.306417,-287070.883937
5,2023-09-28 09:24:00,2023-09-28 09:27:00,4,92,84.091,61,8.0,713.0,713.0,5.45,"(8.0, 713.0, -3.0, 5.45, 0.0)",2023-09-28 09:23:00,2023-09-28 09:27:00,5,4,4,0,1.0,1.0,0.0,0.0,6655.3296,6655.3296,,0.023183,6655.3296,6655.306417,-287070.883937
5,2023-09-28 09:24:00,2023-09-28 09:27:00,4,92,84.091,62,8.0,537.0,537.0,4.77,"(8.0, 537.0, -26.0, 4.77, 0.0)",2023-09-28 09:23:00,2023-09-28 09:27:00,5,4,4,0,1.0,1.0,0.0,0.0,6655.3296,6655.3296,,0.023183,6655.3296,6655.306417,-287070.883937
5,2023-09-28 09:24:00,2023-09-28 09:27:00,4,92,84.091,63,8.0,487.0,487.0,4.79,"(8.0, 487.0, -53.0, 4.79, 0.0)",2023-09-28 09:23:00,2023-09-28 09:27:00,5,4,4,0,1.0,1.0,0.0,0.0,6655.3296,6655.3296,,0.023183,6655.3296,6655.306417,-287070.883937
5,2023-09-28 09:24:00,2023-09-28 09:27:00,4,92,84.091,64,8.0,264.0,264.0,4.35,"(8.0, 264.0, -113.0, 4.35, 0.0)",2023-09-28 09:23:00,2023-09-28 09:27:00,5,4,4,0,1.0,1.0,0.0,0.0,6655.3296,6655.3296,,0.023183,6655.3296,6655.306417,-287070.883937
5,2023-09-28 09:24:00,2023-09-28 09:27:00,4,92,84.091,65,8.0,349.0,349.0,4.54,"(8.0, 349.0, -111.0, 4.54, 0.0)",2023-09-28 09:23:00,2023-09-28 09:27:00,5,4,4,0,1.0,1.0,0.0,0.0,6655.3296,6655.3296,,0.023183,6655.3296,6655.306417,-287070.883937
5,2023-09-28 09:24:00,2023-09-28 09:27:00,4,92,84.091,66,8.0,1051.0,1051.0,6.7,"(8.0, 1051.0, -29.0, 6.7, 0.0)",2023-09-28 09:23:00,2023-09-28 09:27:00,5,4,4,0,1.0,1.0,0.0,0.0,6655.3296,6655.3296,,0.023183,6655.3296,6655.306417,-287070.883937
5,2023-09-28 09:24:00,2023-09-28 09:27:00,4,92,84.091,67,8.0,848.0,848.0,5.87,"(8.0, 848.0, -29.0, 5.87, 0.0)",2023-09-28 09:23:00,2023-09-28 09:27:00,5,4,4,0,1.0,1.0,0.0,0.0,6655.3296,6655.3296,,0.023183,6655.3296,6655.306417,-287070.883937
5,2023-09-28 09:24:00,2023-09-28 09:27:00,4,92,84.091,68,8.0,603.0,603.0,5.03,"(8.0, 603.0, 3.0, 5.03, 0.0)",2023-09-28 09:23:00,2023-09-28 09:27:00,5,4,4,0,1.0,1.0,0.0,0.0,6655.3296,6655.3296,,0.023183,6655.3296,6655.306417,-287070.883937
5,2023-09-28 09:24:00,2023-09-28 09:27:00,4,92,84.091,69,8.0,799.0,799.0,5.62,"(8.0, 799.0, -35.0, 5.62, 0.0)",2023-09-28 09:23:00,2023-09-28 09:27:00,5,4,4,0,1.0,1.0,0.0,0.0,6655.3296,6655.3296,,0.023183,6655.3296,6655.306417,-287070.883937
5,2023-09-28 09:24:00,2023-09-28 09:27:00,4,92,84.091,70,8.0,502.0,502.0,5.09,"(8.0, 502.0, -72.0, 5.09, 0.0)",2023-09-28 09:23:00,2023-09-28 09:27:00,5,4,4,0,1.0,1.0,0.0,0.0,6655.3296,6655.3296,,0.023183,6655.3296,6655.306417,-287070.883937
5,2023-09-28 09:24:00,2023-09-28 09:27:00,4,92,84.091,71,8.0,553.0,553.0,5.27,"(8.0, 553.0, -44.0, 5.27, 0.0)",2023-09-28 09:23:00,2023-09-28 09:27:00,5,4,4,0,1.0,1.0,0.0,0.0,6655.3296,6655.3296,,0.023183,6655.3296,6655.306417,-287070.883937
5,2023-09-28 09:24:00,2023-09-28 09:27:00,4,92,84.091,72,8.0,965.0,965.0,7.04,"(8.0, 965.0, -22.0, 7.04, 0.0)",2023-09-28 09:23:00,2023-09-28 09:27:00,5,4,4,0,1.0,1.0,0.0,0.0,6655.3296,6655.3296,,0.023183,6655.3296,6655.306417,-287070.883937
5,2023-09-28 09:24:00,2023-09-28 09:27:00,4,92,84.091,74,8.0,813.0,813.0,5.73,"(8.0, 813.0, -47.0, 5.73, 0.0)",2023-09-28 09:23:00,2023-09-28 09:27:00,5,4,4,0,1.0,1.0,0.0,0.0,6655.3296,6655.3296,,0.023183,6655.3296,6655.306417,-287070.883937
5,2023-09-28 09:24:00,2023-09-28 09:27:00,4,92,84.091,75,8.0,782.0,782.0,6.82,"(8.0, 782.0, 47.0, 6.82, 0.0)",2023-09-28 09:23:00,2023-09-28 09:27:00,5,4,4,0,1.0,1.0,0.0,0.0,6655.3296,6655.3296,,0.023183,6655.3296,6655.306417,-287070.883937
5,2023-09-28 09:24:00,2023-09-28 09:27:00,4,92,84.091,76,8.0,941.0,941.0,6.56,"(8.0, 941.0, -14.0, 6.56, 0.0)",2023-09-28 09:23:00,2023-09-28 09:27:00,5,4,4,0,1.0,1.0,0.0,0.0,6655.3296,6655.3296,,0.023183,6655.3296,6655.306417,-287070.883937
5,2023-09-28 09:24:00,2023-09-28 09:27:00,4,92,84.091,77,8.0,553.0,553.0,3.74,"(8.0, 553.0, -36.0, 3.74, 0.0)",2023-09-28 09:23:00,2023-09-28 09:27:00,5,4,4,0,1.0,1.0,0.0,0.0,6655.3296,6655.3296,,0.023183,6655.3296,6655.306417,-287070.883937
5,2023-09-28 09:24:00,2023-09-28 09:27:00,4,92,84.091,78,8.0,459.0,459.0,4.39,"(8.0, 459.0, -52.0, 4.39, 0.0)",2023-09-28 09:23:00,2023-09-28 09:27:00,5,4,4,0,1.0,1.0,0.0,0.0,6655.3296,6655.3296,,0.023183,6655.3296,6655.306417,-287070.883937
5,2023-09-28 09:24:00,2023-09-28 09:27:00,4,92,84.091,79,8.0,873.0,873.0,5.53,"(8.0, 873.0, -11.0, 5.53, 0.0)",2023-09-28 09:23:00,2023-09-28 09:27:00,5,4,4,0,1.0,1.0,0.0,0.0,6655.3296,6655.3296,,0.023183,6655.3296,6655.306417,-287070.883937
5,2023-09-28 09:24:00,2023-09-28 09:27:00,4,92,84.091,81,8.0,709.0,709.0,5.09,"(8.0, 709.0, -35.0, 5.09, 0.0)",2023-09-28 09:23:00,2023-09-28 09:27:00,5,4,4,0,1.0,1.0,0.0,0.0,6655.3296,6655.3296,,0.023183,6655.3296,6655.306417,-287070.883937
5,2023-09-28 09:24:00,2023-09-28 09:27:00,4,92,84.091,82,8.0,623.0,623.0,5.06,"(8.0, 623.0, -15.0, 5.06, 0.0)",2023-09-28 09:23:00,2023-09-28 09:27:00,5,4,4,0,1.0,1.0,0.0,0.0,6655.3296,6655.3296,,0.023183,6655.3296,6655.306417,-287070.883937
5,2023-09-28 09:24:00,2023-09-28 09:27:00,4,92,84.091,83,8.0,756.0,756.0,6.0,"(8.0, 756.0, -20.0, 6.0, 0.0)",2023-09-28 09:23:00,2023-09-28 09:27:00,5,4,4,0,1.0,1.0,0.0,0.0,6655.3296,6655.3296,,0.023183,6655.3296,6655.306417,-287070.883937
5,2023-09-28 09:24:00,2023-09-28 09:27:00,4,92,84.091,84,8.0,550.0,550.0,5.12,"(8.0, 550.0, -55.0, 5.12, 0.0)",2023-09-28 09:23:00,2023-09-28 09:27:00,5,4,4,0,1.0,1.0,0.0,0.0,6655.3296,6655.3296,,0.023183,6655.3296,6655.306417,-287070.883937
5,2023-09-28 09:24:00,2023-09-28 09:27:00,4,92,84.091,85,8.0,608.0,608.0,4.95,"(8.0, 608.0, -40.0, 4.95, 0.0)",2023-09-28 09:23:00,2023-09-28 09:27:00,5,4,4,0,1.0,1.0,0.0,0.0,6655.3296,6655.3296,,0.023183,6655.3296,6655.306417,-287070.883937
5,2023-09-28 09:24:00,2023-09-28 09:27:00,4,92,84.091,86,8.0,873.0,873.0,5.44,"(8.0, 873.0, -3.0, 5.44, 0.0)",2023-09-28 09:23:00,2023-09-28 09:27:00,5,4,4,0,1.0,1.0,0.0,0.0,6655.3296,6655.3296,,0.023183,6655.3296,6655.306417,-287070.883937
5,2023-09-28 09:24:00,2023-09-28 09:27:00,4,92,84.091,87,8.0,601.0,601.0,5.19,"(8.0, 601.0, -18.0, 5.19, 0.0)",2023-09-28 09:23:00,2023-09-28 09:27:00,5,4,4,0,1.0,1.0,0.0,0.0,6655.3296,6655.3296,,0.023183,6655.3296,6655.306417,-287070.883937
5,2023-09-28 09:24:00,2023-09-28 09:27:00,4,92,84.091,88,8.0,691.0,691.0,6.17,"(8.0, 691.0, -41.0, 6.17, 0.0)",2023-09-28 09:23:00,2023-09-28 09:27:00,5,4,4,0,1.0,1.0,0.0,0.0,6655.3296,6655.3296,,0.023183,6655.3296,6655.306417,-287070.883937
5,2023-09-28 09:24:00,2023-09-28 09:27:00,4,92,84.091,89,8.0,397.0,397.0,4.48,"(8.0, 397.0, -110.0, 4.48, 0.0)",2023-09-28 09:23:00,2023-09-28 09:27:00,5,4,4,0,1.0,1.0,0.0,0.0,6655.3296,6655.3296,,0.023183,6655.3296,6655.306417,-287070.883937
5,2023-09-28 09:24:00,2023-09-28 09:27:00,4,92,84.091,90,8.0,542.0,542.0,5.06,"(8.0, 542.0, -39.0, 5.06, 0.0)",2023-09-28 09:23:00,2023-09-28 09:27:00,5,4,4,0,1.0,1.0,0.0,0.0,6655.3296,6655.3296,,0.023183,6655.3296,6655.306417,-287070.883937
5,2023-09-28 09:24:00,2023-09-28 09:27:00,4,92,84.091,91,8.0,468.0,468.0,5.13,"(8.0, 468.0, -70.0, 5.13, 0.0)",2023-09-28 09:23:00,2023-09-28 09:27:00,5,4,4,0,1.0,1.0,0.0,0.0,6655.3296,6655.3296,,0.023183,6655.3296,6655.306417,-287070.883937
5,2023-09-28 09:24:00,2023-09-28 09:27:00,4,92,84.091,92,8.0,540.0,540.0,5.21,"(8.0, 540.0, -83.0, 5.21, 0.0)",2023-09-28 09:23:00,2023-09-28 09:27:00,5,4,4,0,1.0,1.0,0.0,0.0,6655.3296,6655.3296,,0.023183,6655.3296,6655.306417,-287070.883937
5,2023-09-28 09:24:00,2023-09-28 09:27:00,4,92,84.091,93,8.0,203.0,203.0,4.03,"(8.0, 203.0, -98.0, 4.03, 0.0)",2023-09-28 09:23:00,2023-09-28 09:27:00,5,4,4,0,1.0,1.0,0.0,0.0,6655.3296,6655.3296,,0.023183,6655.3296,6655.306417,-287070.883937
5,2023-09-28 09:24:00,2023-09-28 09:27:00,4,92,84.091,94,8.0,309.0,309.0,4.31,"(8.0, 309.0, -78.0, 4.31, 0.0)",2023-09-28 09:24:00,2023-09-28 09:27:00,4,4,4,0,1.0,1.0,0.0,0.0,6655.3296,6655.3296,,0.023183,6655.3296,6655.306417,-287070.883937
5,2023-09-28 09:24:00,2023-09-28 09:27:00,4,92,84.091,95,8.0,494.0,494.0,4.98,"(8.0, 494.0, -72.0, 4.98, 0.0)",2023-09-28 09:24:00,2023-09-28 09:27:00,4,4,4,0,1.0,1.0,0.0,0.0,6655.3296,6655.3296,,0.023183,6655.3296,6655.306417,-287070.883937
5,2023-09-28 09:24:00,2023-09-28 09:27:00,4,92,84.091,96,8.0,553.0,553.0,5.58,"(8.0, 553.0, -133.0, 5.58, 0.0)",2023-09-28 09:24:00,2023-09-28 09:27:00,4,4,4,0,1.0,1.0,0.0,0.0,6655.3296,6655.3296,,0.023183,6655.3296,6655.306417,-287070.883937
5,2023-09-28 09:24:00,2023-09-28 09:27:00,4,92,84.091,97,8.0,664.0,664.0,6.06,"(8.0, 664.0, -38.0, 6.06, 0.0)",2023-09-28 09:24:00,2023-09-28 09:27:00,4,4,4,0,1.0,1.0,0.0,0.0,6655.3296,6655.3296,,0.023183,6655.3296,6655.306417,-287070.883937
5,2023-09-28 09:24:00,2023-09-28 09:27:00,4,92,84.091,98,8.0,463.0,463.0,5.71,"(8.0, 463.0, -55.0, 5.71, 0.0)",2023-09-28 09:24:00,2023-09-28 09:27:00,4,4,4,0,1.0,1.0,0.0,0.0,6655.3296,6655.3296,,0.023183,6655.3296,6655.306417,-287070.883937
5,2023-09-28 09:24:00,2023-09-28 09:27:00,4,92,84.091,99,8.0,719.0,719.0,6.09,"(8.0, 719.0, -30.0, 6.09, 0.0)",2023-09-28 09:24:00,2023-09-28 09:27:00,4,4,4,0,1.0,1.0,0.0,0.0,6655.3296,6655.3296,,0.023183,6655.3296,6655.306417,-287070.883937
7,2023-09-28 09:34:00,2023-09-28 09:37:00,4,92,101.945,1,8.0,1347.0,1347.0,6.85,"(8.0, 1347.0, 38.0, 6.85, 0.0)",2023-09-28 09:34:00,2023-09-28 09:37:00,4,4,4,0,1.0,1.0,0.0,0.0,8110.112,8110.112,,0.997256,8110.112,8109.114744,-8131.424993
7,2023-09-28 09:34:00,2023-09-28 09:37:00,4,92,101.945,2,8.0,1083.0,1083.0,5.7,"(8.0, 1083.0, -43.0, 5.7, 0.0)",2023-09-28 09:34:00,2023-09-28 09:37:00,4,4,4,0,1.0,1.0,0.0,0.0,8110.112,8110.112,,0.997256,8110.112,8109.114744,-8131.424993
7,2023-09-28 09:34:00,2023-09-28 09:37:00,4,92,101.945,3,8.0,926.0,926.0,6.1,"(8.0, 926.0, -36.0, 6.1, 0.0)",2023-09-28 09:34:00,2023-09-28 09:37:00,4,4,4,0,1.0,1.0,0.0,0.0,8110.112,8110.112,,0.997256,8110.112,8109.114744,-8131.424993
7,2023-09-28 09:34:00,2023-09-28 09:37:00,4,92,101.945,4,8.0,1670.0,1670.0,8.6,"(8.0, 1670.0, -77.0, 8.6, 0.0)",2023-09-28 09:34:00,2023-09-28 09:37:00,4,4,4,0,1.0,1.0,0.0,0.0,8110.112,8110.112,,0.997256,8110.112,8109.114744,-8131.424993
7,2023-09-28 09:34:00,2023-09-28 09:37:00,4,92,101.945,5,8.0,1273.0,1273.0,7.64,"(8.0, 1273.0, -27.0, 7.64, 0.0)",2023-09-28 09:34:00,2023-09-28 09:37:00,4,4,4,0,1.0,1.0,0.0,0.0,8110.112,8110.112,,0.997256,8110.112,8109.114744,-8131.424993
7,2023-09-28 09:34:00,2023-09-28 09:37:00,4,92,101.945,6,8.0,1526.0,1526.0,7.72,"(8.0, 1526.0, 12.0, 7.72, 0.0)",2023-09-28 09:34:00,2023-09-28 09:37:00,4,4,4,0,1.0,1.0,0.0,0.0,8110.112,8110.112,,0.997256,8110.112,8109.114744,-8131.424993
7,2023-09-28 09:34:00,2023-09-28 09:37:00,4,92,101.945,7,8.0,1213.0,1213.0,7.89,"(8.0, 1213.0, -30.0, 7.89, 0.0)",2023-09-28 09:34:00,2023-09-28 09:37:00,4,4,4,0,1.0,1.0,0.0,0.0,8110.112,8110.112,,0.997256,8110.112,8109.114744,-8131.424993
7,2023-09-28 09:34:00,2023-09-28 09:37:00,4,92,101.945,8,8.0,1454.0,1454.0,7.78,"(8.0, 1454.0, -40.0, 7.78, 0.0)",2023-09-28 09:34:00,2023-09-28 09:37:00,4,4,4,0,1.0,1.0,0.0,0.0,8110.112,8110.112,,0.997256,8110.112,8109.114744,-8131.424993
7,2023-09-28 09:34:00,2023-09-28 09:37:00,4,92,101.945,9,8.0,1112.0,1112.0,6.35,"(8.0, 1112.0, -30.0, 6.35, 0.0)",2023-09-28 09:34:00,2023-09-28 09:37:00,4,4,4,0,1.0,1.0,0.0,0.0,8110.112,8110.112,,0.997256,8110.112,8109.114744,-8131.424993
7,2023-09-28 09:34:00,2023-09-28 09:37:00,4,92,101.945,10,8.0,1523.0,1523.0,7.4,"(8.0, 1523.0, -30.0, 7.4, 0.0)",2023-09-28 09:34:00,2023-09-28 09:37:00,4,4,4,0,1.0,1.0,0.0,0.0,8110.112,8110.112,,0.997256,8110.112,8109.114744,-8131.424993
7,2023-09-28 09:34:00,2023-09-28 09:37:00,4,92,101.945,11,8.0,1204.0,1204.0,6.83,"(8.0, 1204.0, -20.0, 6.83, 0.0)",2023-09-28 09:34:00,2023-09-28 09:37:00,4,4,4,0,1.0,1.0,0.0,0.0,8110.112,8110.112,,0.997256,8110.112,8109.114744,-8131.424993
7,2023-09-28 09:34:00,2023-09-28 09:37:00,4,92,101.945,12,8.0,1472.0,1472.0,6.8,"(8.0, 1472.0, -77.0, 6.8, 0.0)",2023-09-28 09:34:00,2023-09-28 09:37:00,4,4,4,0,1.0,1.0,0.0,0.0,8110.112,8110.112,,0.997256,8110.112,8109.114744,-8131.424993
7,2023-09-28 09:34:00,2023-09-28 09:37:00,4,92,101.945,13,8.0,1412.0,1412.0,6.39,"(8.0, 1412.0, -12.0, 6.39, 0.0)",2023-09-28 09:34:00,2023-09-28 09:37:00,4,4,4,0,1.0,1.0,0.0,0.0,8110.112,8110.112,,0.997256,8110.112,8109.114744,-8131.424993
7,2023-09-28 09:34:00,2023-09-28 09:37:00,4,92,101.945,14,8.0,1608.0,1608.0,7.35,"(8.0, 1608.0, -77.0, 7.35, 0.0)",2023-09-28 09:34:00,2023-09-28 09:37:00,4,4,4,0,1.0,1.0,0.0,0.0,8110.112,8110.112,,0.997256,8110.112,8109.114744,-8131.424993
7,2023-09-28 09:34:00,2023-09-28 09:37:00,4,92,101.945,16,8.0,1056.0,1056.0,6.18,"(8.0, 1056.0, 5.0, 6.18, 0.0)",2023-09-28 09:34:00,2023-09-28 09:37:00,4,4,4,0,1.0,1.0,0.0,0.0,8110.112,8110.112,,0.997256,8110.112,8109.114744,-8131.424993
7,2023-09-28 09:34:00,2023-09-28 09:37:00,4,92,101.945,17,8.0,1083.0,1083.0,6.63,"(8.0, 1083.0, 40.0, 6.63, 0.0)",2023-09-28 09:34:00,2023-09-28 09:37:00,4,4,4,0,1.0,1.0,0.0,0.0,8110.112,8110.112,,0.997256,8110.112,8109.114744,-8131.424993
7,2023-09-28 09:34:00,2023-09-28 09:37:00,4,92,101.945,18,8.0,1075.0,1075.0,6.34,"(8.0, 1075.0, -40.0, 6.34, 0.0)",2023-09-28 09:34:00,2023-09-28 09:37:00,4,4,4,0,1.0,1.0,0.0,0.0,8110.112,8110.112,,0.997256,8110.112,8109.114744,-8131.424993
7,2023-09-28 09:34:00,2023-09-28 09:37:00,4,92,101.945,19,8.0,1358.0,1358.0,6.67,"(8.0, 1358.0, -141.0, 6.67, 0.0)",2023-09-28 09:34:00,2023-09-28 09:37:00,4,4,4,0,1.0,1.0,0.0,0.0,8110.112,8110.112,,0.997256,8110.112,8109.114744,-8131.424993
7,2023-09-28 09:34:00,2023-09-28 09:37:00,4,92,101.945,22,8.0,1452.0,1452.0,7.42,"(8.0, 1452.0, -50.0, 7.42, 0.0)",2023-09-28 09:34:00,2023-09-28 09:37:00,4,4,4,0,1.0,1.0,0.0,0.0,8110.112,8110.112,,0.997256,8110.112,8109.114744,-8131.424993
7,2023-09-28 09:34:00,2023-09-28 09:37:00,4,92,101.945,23,8.0,1115.0,1115.0,6.91,"(8.0, 1115.0, -11.0, 6.91, 0.0)",2023-09-28 09:34:00,2023-09-28 09:37:00,4,4,4,0,1.0,1.0,0.0,0.0,8110.112,8110.112,,0.997256,8110.112,8109.114744,-8131.424993
7,2023-09-28 09:34:00,2023-09-28 09:37:00,4,92,101.945,24,8.0,1033.0,1033.0,6.32,"(8.0, 1033.0, -36.0, 6.32, 0.0)",2023-09-28 09:34:00,2023-09-28 09:37:00,4,4,4,0,1.0,1.0,0.0,0.0,8110.112,8110.112,,0.997256,8110.112,8109.114744,-8131.424993
7,2023-09-28 09:34:00,2023-09-28 09:37:00,4,92,101.945,25,8.0,1472.0,1472.0,7.91,"(8.0, 1472.0, -35.0, 7.91, 0.0)",2023-09-28 09:34:00,2023-09-28 09:37:00,4,4,4,0,1.0,1.0,0.0,0.0,8110.112,8110.112,,0.997256,8110.112,8109.114744,-8131.424993
7,2023-09-28 09:34:00,2023-09-28 09:37:00,4,92,101.945,26,11.0,947.0,947.0,5.5,"(11.0, 947.0, -27.0, 5.5, 0.0)",2023-09-28 09:34:00,2023-09-28 09:37:00,4,4,4,0,1.0,1.0,0.0,0.0,8110.112,8110.112,,0.997256,8110.112,8109.114744,-8131.424993
7,2023-09-28 09:34:00,2023-09-28 09:37:00,4,92,101.945,27,8.0,929.0,929.0,6.01,"(8.0, 929.0, -30.0, 6.01, 0.0)",2023-09-28 09:34:00,2023-09-28 09:37:00,4,4,4,0,1.0,1.0,0.0,0.0,8110.112,8110.112,,0.997256,8110.112,8109.114744,-8131.424993
7,2023-09-28 09:34:00,2023-09-28 09:37:00,4,92,101.945,28,8.0,1306.0,1306.0,7.11,"(8.0, 1306.0, -37.0, 7.11, 0.0)",2023-09-28 09:34:00,2023-09-28 09:37:00,4,4,4,0,1.0,1.0,0.0,0.0,8110.112,8110.112,,0.997256,8110.112,8109.114744,-8131.424993
7,2023-09-28 09:34:00,2023-09-28 09:37:00,4,92,101.945,29,8.0,1395.0,1395.0,6.35,"(8.0, 1395.0, -59.0, 6.35, 0.0)",2023-09-28 09:34:00,2023-09-28 09:37:00,4,4,4,0,1.0,1.0,0.0,0.0,8110.112,8110.112,,0.997256,8110.112,8109.114744,-8131.424993
7,2023-09-28 09:34:00,2023-09-28 09:37:00,4,92,101.945,31,8.0,939.0,939.0,6.41,"(8.0, 939.0, 2.0, 6.41, 0.0)",2023-09-28 09:34:00,2023-09-28 09:37:00,4,4,4,0,1.0,1.0,0.0,0.0,8110.112,8110.112,,0.997256,8110.112,8109.114744,-8131.424993
7,2023-09-28 09:34:00,2023-09-28 09:37:00,4,92,101.945,32,8.0,1045.0,1045.0,6.18,"(8.0, 1045.0, -39.0, 6.18, 0.0)",2023-09-28 09:34:00,2023-09-28 09:37:00,4,4,4,0,1.0,1.0,0.0,0.0,8110.112,8110.112,,0.997256,8110.112,8109.114744,-8131.424993
7,2023-09-28 09:34:00,2023-09-28 09:37:00,4,92,101.945,33,8.0,886.0,886.0,6.3,"(8.0, 886.0, -213.0, 6.3, 0.0)",2023-09-28 09:34:00,2023-09-28 09:37:00,4,4,4,0,1.0,1.0,0.0,0.0,8110.112,8110.112,,0.997256,8110.112,8109.114744,-8131.424993
7,2023-09-28 09:34:00,2023-09-28 09:37:00,4,92,101.945,34,8.0,829.0,829.0,6.22,"(8.0, 829.0, -62.0, 6.22, 0.0)",2023-09-28 09:34:00,2023-09-28 09:37:00,4,4,4,0,1.0,1.0,0.0,0.0,8110.112,8110.112,,0.997256,8110.112,8109.114744,-8131.424993
7,2023-09-28 09:34:00,2023-09-28 09:37:00,4,92,101.945,35,8.0,1078.0,1078.0,7.3,"(8.0, 1078.0, -25.0, 7.3, 0.0)",2023-09-28 09:34:00,2023-09-28 09:37:00,4,4,4,0,1.0,1.0,0.0,0.0,8110.112,8110.112,,0.997256,8110.112,8109.114744,-8131.424993
7,2023-09-28 09:34:00,2023-09-28 09:37:00,4,92,101.945,36,8.0,1489.0,1489.0,6.91,"(8.0, 1489.0, -32.0, 6.91, 0.0)",2023-09-28 09:34:00,2023-09-28 09:37:00,4,4,4,0,1.0,1.0,0.0,0.0,8110.112,8110.112,,0.997256,8110.112,8109.114744,-8131.424993
7,2023-09-28 09:34:00,2023-09-28 09:37:00,4,92,101.945,37,8.0,1472.0,1472.0,7.09,"(8.0, 1472.0, -104.0, 7.09, 0.0)",2023-09-28 09:34:00,2023-09-28 09:37:00,4,4,4,0,1.0,1.0,0.0,0.0,8110.112,8110.112,,0.997256,8110.112,8109.114744,-8131.424993
7,2023-09-28 09:34:00,2023-09-28 09:37:00,4,92,101.945,38,8.0,1472.0,1472.0,7.35,"(8.0, 1472.0, -49.0, 7.35, 0.0)",2023-09-28 09:34:00,2023-09-28 09:37:00,4,4,4,0,1.0,1.0,0.0,0.0,8110.112,8110.112,,0.997256,8110.112,8109.114744,-8131.424993
7,2023-09-28 09:34:00,2023-09-28 09:37:00,4,92,101.945,39,8.0,985.0,985.0,6.09,"(8.0, 985.0, -23.0, 6.09, 0.0)",2023-09-28 09:34:00,2023-09-28 09:37:00,4,4,4,0,1.0,1.0,0.0,0.0,8110.112,8110.112,,0.997256,8110.112,8109.114744,-8131.424993
7,2023-09-28 09:34:00,2023-09-28 09:37:00,4,92,101.945,40,8.0,1459.0,1459.0,7.23,"(8.0, 1459.0, -27.0, 7.23, 0.0)",2023-09-28 09:34:00,2023-09-28 09:37:00,4,4,4,0,1.0,1.0,0.0,0.0,8110.112,8110.112,,0.997256,8110.112,8109.114744,-8131.424993
7,2023-09-28 09:34:00,2023-09-28 09:37:00,4,92,101.945,41,8.0,1454.0,1454.0,6.93,"(8.0, 1454.0, -29.0, 6.93, 0.0)",2023-09-28 09:34:00,2023-09-28 09:37:00,4,4,4,0,1.0,1.0,0.0,0.0,8110.112,8110.112,,0.997256,8110.112,8109.114744,-8131.424993
7,2023-09-28 09:34:00,2023-09-28 09:37:00,4,92,101.945,42,8.0,1161.0,1161.0,6.53,"(8.0, 1161.0, -8.0, 6.53, 0.0)",2023-09-28 09:34:00,2023-09-28 09:37:00,4,4,4,0,1.0,1.0,0.0,0.0,8110.112,8110.112,,0.997256,8110.112,8109.114744,-8131.424993
7,2023-09-28 09:34:00,2023-09-28 09:37:00,4,92,101.945,43,8.0,956.0,956.0,5.97,"(8.0, 956.0, 47.0, 5.97, 0.0)",2023-09-28 09:34:00,2023-09-28 09:37:00,4,4,4,0,1.0,1.0,0.0,0.0,8110.112,8110.112,,0.997256,8110.112,8109.114744,-8131.424993
7,2023-09-28 09:34:00,2023-09-28 09:37:00,4,92,101.945,44,8.0,982.0,982.0,6.7,"(8.0, 982.0, 2.0, 6.7, 0.0)",2023-09-28 09:34:00,2023-09-28 09:37:00,4,4,4,0,1.0,1.0,0.0,0.0,8110.112,8110.112,,0.997256,8110.112,8109.114744,-8131.424993
7,2023-09-28 09:34:00,2023-09-28 09:37:00,4,92,101.945,46,8.0,652.0,652.0,5.32,"(8.0, 652.0, -42.0, 5.32, 0.0)",2023-09-28 09:34:00,2023-09-28 09:37:00,4,4,4,0,1.0,1.0,0.0,0.0,8110.112,8110.112,,0.997256,8110.112,8109.114744,-8131.424993
7,2023-09-28 09:34:00,2023-09-28 09:37:00,4,92,101.945,47,8.0,1014.0,1014.0,6.8,"(8.0, 1014.0, -9.0, 6.8, 0.0)",2023-09-28 09:34:00,2023-09-28 09:37:00,4,4,4,0,1.0,1.0,0.0,0.0,8110.112,8110.112,,0.997256,8110.112,8109.114744,-8131.424993
7,2023-09-28 09:34:00,2023-09-28 09:37:00,4,92,101.945,48,8.0,841.0,841.0,5.92,"(8.0, 841.0, -1.0, 5.92, 0.0)",2023-09-28 09:34:00,2023-09-28 09:37:00,4,4,4,0,1.0,1.0,0.0,0.0,8110.112,8110.112,,0.997256,8110.112,8109.114744,-8131.424993
7,2023-09-28 09:34:00,2023-09-28 09:37:00,4,92,101.945,49,8.0,1153.0,1153.0,7.77,"(8.0, 1153.0, 18.0, 7.77, 0.0)",2023-09-28 09:34:00,2023-09-28 09:37:00,4,4,4,0,1.0,1.0,0.0,0.0,8110.112,8110.112,,0.997256,8110.112,8109.114744,-8131.424993
7,2023-09-28 09:34:00,2023-09-28 09:37:00,4,92,101.945,50,8.0,807.0,807.0,5.64,"(8.0, 807.0, -13.0, 5.64, 0.0)",2023-09-28 09:34:00,2023-09-28 09:37:00,4,4,4,0,1.0,1.0,0.0,0.0,8110.112,8110.112,,0.997256,8110.112,8109.114744,-8131.424993
7,2023-09-28 09:34:00,2023-09-28 09:37:00,4,92,101.945,51,8.0,1304.0,1304.0,7.56,"(8.0, 1304.0, -64.0, 7.56, 0.0)",2023-09-28 09:34:00,2023-09-28 09:37:00,4,4,4,0,1.0,1.0,0.0,0.0,8110.112,8110.112,,0.997256,8110.112,8109.114744,-8131.424993
7,2023-09-28 09:34:00,2023-09-28 09:37:00,4,92,101.945,52,8.0,1153.0,1153.0,6.42,"(8.0, 1153.0, -36.0, 6.42, 0.0)",2023-09-28 09:34:00,2023-09-28 09:37:00,4,4,4,0,1.0,1.0,0.0,0.0,8110.112,8110.112,,0.997256,8110.112,8109.114744,-8131.424993
7,2023-09-28 09:34:00,2023-09-28 09:37:00,4,92,101.945,53,8.0,1108.0,1108.0,6.59,"(8.0, 1108.0, -76.0, 6.59, 0.0)",2023-09-28 09:34:00,2023-09-28 09:37:00,4,4,4,0,1.0,1.0,0.0,0.0,8110.112,8110.112,,0.997256,8110.112,8109.114744,-8131.424993
7,2023-09-28 09:34:00,2023-09-28 09:37:00,4,92,101.945,54,8.0,1219.0,1219.0,7.17,"(8.0, 1219.0, -60.0, 7.17, 0.0)",2023-09-28 09:34:00,2023-09-28 09:37:00,4,4,4,0,1.0,1.0,0.0,0.0,8110.112,8110.112,,0.997256,8110.112,8109.114744,-8131.424993
7,2023-09-28 09:34:00,2023-09-28 09:37:00,4,92,101.945,55,8.0,1070.0,1070.0,6.74,"(8.0, 1070.0, -61.0, 6.74, 0.0)",2023-09-28 09:34:00,2023-09-28 09:37:00,4,4,4,0,1.0,1.0,0.0,0.0,8110.112,8110.112,,0.997256,8110.112,8109.114744,-8131.424993
7,2023-09-28 09:34:00,2023-09-28 09:37:00,4,92,101.945,56,8.0,989.0,989.0,6.83,"(8.0, 989.0, -17.0, 6.83, 0.0)",2023-09-28 09:34:00,2023-09-28 09:37:00,4,4,4,0,1.0,1.0,0.0,0.0,8110.112,8110.112,,0.997256,8110.112,8109.114744,-8131.424993
7,2023-09-28 09:34:00,2023-09-28 09:37:00,4,92,101.945,57,8.0,836.0,836.0,5.73,"(8.0, 836.0, -3.0, 5.73, 0.0)",2023-09-28 09:34:00,2023-09-28 09:37:00,4,4,4,0,1.0,1.0,0.0,0.0,8110.112,8110.112,,0.997256,8110.112,8109.114744,-8131.424993
7,2023-09-28 09:34:00,2023-09-28 09:37:00,4,92,101.945,58,8.0,1135.0,1135.0,6.62,"(8.0, 1135.0, -65.0, 6.62, 0.0)",2023-09-28 09:34:00,2023-09-28 09:37:00,4,4,4,0,1.0,1.0,0.0,0.0,8110.112,8110.112,,0.997256,8110.112,8109.114744,-8131.424993
7,2023-09-28 09:34:00,2023-09-28 09:37:00,4,92,101.945,59,8.0,1166.0,1166.0,6.96,"(8.0, 1166.0, -34.0, 6.96, 0.0)",2023-09-28 09:34:00,2023-09-28 09:37:00,4,4,4,0,1.0,1.0,0.0,0.0,8110.112,8110.112,,0.997256,8110.112,8109.114744,-8131.424993
7,2023-09-28 09:34:00,2023-09-28 09:37:00,4,92,101.945,60,8.0,1061.0,1061.0,6.48,"(8.0, 1061.0, -29.0, 6.48, 0.0)",2023-09-28 09:34:00,2023-09-28 09:37:00,4,4,4,0,1.0,1.0,0.0,0.0,8110.112,8110.112,,0.997256,8110.112,8109.114744,-8131.424993
7,2023-09-28 09:34:00,2023-09-28 09:37:00,4,92,101.945,61,8.0,1092.0,1092.0,6.59,"(8.0, 1092.0, -18.0, 6.59, 0.0)",2023-09-28 09:34:00,2023-09-28 09:37:00,4,4,4,0,1.0,1.0,0.0,0.0,8110.112,8110.112,,0.997256,8110.112,8109.114744,-8131.424993
7,2023-09-28 09:34:00,2023-09-28 09:37:00,4,92,101.945,62,8.0,1315.0,1315.0,6.53,"(8.0, 1315.0, -62.0, 6.53, 0.0)",2023-09-28 09:34:00,2023-09-28 09:37:00,4,4,4,0,1.0,1.0,0.0,0.0,8110.112,8110.112,,0.997256,8110.112,8109.114744,-8131.424993
7,2023-09-28 09:34:00,2023-09-28 09:37:00,4,92,101.945,63,8.0,1343.0,1343.0,6.95,"(8.0, 1343.0, -49.0, 6.95, 0.0)",2023-09-28 09:34:00,2023-09-28 09:37:00,4,4,4,0,1.0,1.0,0.0,0.0,8110.112,8110.112,,0.997256,8110.112,8109.114744,-8131.424993
7,2023-09-28 09:34:00,2023-09-28 09:37:00,4,92,101.945,64,8.0,1117.0,1117.0,6.91,"(8.0, 1117.0, -104.0, 6.91, 0.0)",2023-09-28 09:34:00,2023-09-28 09:37:00,4,4,4,0,1.0,1.0,0.0,0.0,8110.112,8110.112,,0.997256,8110.112,8109.114744,-8131.424993
7,2023-09-28 09:34:00,2023-09-28 09:37:00,4,92,101.945,65,8.0,1157.0,1157.0,6.45,"(8.0, 1157.0, -114.0, 6.45, 0.0)",2023-09-28 09:34:00,2023-09-28 09:37:00,4,4,4,0,1.0,1.0,0.0,0.0,8110.112,8110.112,,0.997256,8110.112,8109.114744,-8131.424993
7,2023-09-28 09:34:00,2023-09-28 09:37:00,4,92,101.945,66,8.0,1450.0,1450.0,6.79,"(8.0, 1450.0, -39.0, 6.79, 0.0)",2023-09-28 09:34:00,2023-09-28 09:37:00,4,4,4,0,1.0,1.0,0.0,0.0,8110.112,8110.112,,0.997256,8110.112,8109.114744,-8131.424993
7,2023-09-28 09:34:00,2023-09-28 09:37:00,4,92,101.945,67,8.0,1505.0,1505.0,7.38,"(8.0, 1505.0, -50.0, 7.38, 0.0)",2023-09-28 09:34:00,2023-09-28 09:37:00,4,4,4,0,1.0,1.0,0.0,0.0,8110.112,8110.112,,0.997256,8110.112,8109.114744,-8131.424993
7,2023-09-28 09:34:00,2023-09-28 09:37:00,4,92,101.945,68,8.0,1358.0,1358.0,7.44,"(8.0, 1358.0, -23.0, 7.44, 0.0)",2023-09-28 09:34:00,2023-09-28 09:37:00,4,4,4,0,1.0,1.0,0.0,0.0,8110.112,8110.112,,0.997256,8110.112,8109.114744,-8131.424993
7,2023-09-28 09:34:00,2023-09-28 09:37:00,4,92,101.945,69,8.0,1177.0,1177.0,7.21,"(8.0, 1177.0, -67.0, 7.21, 0.0)",2023-09-28 09:34:00,2023-09-28 09:37:00,4,4,4,0,1.0,1.0,0.0,0.0,8110.112,8110.112,,0.997256,8110.112,8109.114744,-8131.424993
7,2023-09-28 09:34:00,2023-09-28 09:37:00,4,92,101.945,70,8.0,901.0,901.0,6.75,"(8.0, 901.0, -52.0, 6.75, 0.0)",2023-09-28 09:34:00,2023-09-28 09:37:00,4,4,4,0,1.0,1.0,0.0,0.0,8110.112,8110.112,,0.997256,8110.112,8109.114744,-8131.424993
7,2023-09-28 09:34:00,2023-09-28 09:37:00,4,92,101.945,71,8.0,688.0,688.0,5.94,"(8.0, 688.0, -25.0, 5.94, 0.0)",2023-09-28 09:34:00,2023-09-28 09:37:00,4,4,4,0,1.0,1.0,0.0,0.0,8110.112,8110.112,,0.997256,8110.112,8109.114744,-8131.424993
7,2023-09-28 09:34:00,2023-09-28 09:37:00,4,92,101.945,72,8.0,787.0,787.0,6.34,"(8.0, 787.0, -31.0, 6.34, 0.0)",2023-09-28 09:34:00,2023-09-28 09:37:00,4,4,4,0,1.0,1.0,0.0,0.0,8110.112,8110.112,,0.997256,8110.112,8109.114744,-8131.424993
7,2023-09-28 09:34:00,2023-09-28 09:37:00,4,92,101.945,74,8.0,1146.0,1146.0,6.84,"(8.0, 1146.0, -52.0, 6.84, 0.0)",2023-09-28 09:34:00,2023-09-28 09:37:00,4,4,4,0,1.0,1.0,0.0,0.0,8110.112,8110.112,,0.997256,8110.112,8109.114744,-8131.424993
7,2023-09-28 09:34:00,2023-09-28 09:37:00,4,92,101.945,75,8.0,1070.0,1070.0,6.57,"(8.0, 1070.0, -21.0, 6.57, 0.0)",2023-09-28 09:34:00,2023-09-28 09:37:00,4,4,4,0,1.0,1.0,0.0,0.0,8110.112,8110.112,,0.997256,8110.112,8109.114744,-8131.424993
7,2023-09-28 09:34:00,2023-09-28 09:37:00,4,92,101.945,76,8.0,974.0,974.0,6.8,"(8.0, 974.0, -26.0, 6.8, 0.0)",2023-09-28 09:34:00,2023-09-28 09:37:00,4,4,4,0,1.0,1.0,0.0,0.0,8110.112,8110.112,,0.997256,8110.112,8109.114744,-8131.424993
7,2023-09-28 09:34:00,2023-09-28 09:37:00,4,92,101.945,77,8.0,1212.0,1212.0,6.99,"(8.0, 1212.0, -33.0, 6.99, 0.0)",2023-09-28 09:34:00,2023-09-28 09:37:00,4,4,4,0,1.0,1.0,0.0,0.0,8110.112,8110.112,,0.997256,8110.112,8109.114744,-8131.424993
7,2023-09-28 09:34:00,2023-09-28 09:37:00,4,92,101.945,78,8.0,734.0,734.0,6.29,"(8.0, 734.0, -28.0, 6.29, 0.0)",2023-09-28 09:34:00,2023-09-28 09:37:00,4,4,4,0,1.0,1.0,0.0,0.0,8110.112,8110.112,,0.997256,8110.112,8109.114744,-8131.424993
7,2023-09-28 09:34:00,2023-09-28 09:37:00,4,92,101.945,79,8.0,759.0,759.0,5.95,"(8.0, 759.0, -41.0, 5.95, 0.0)",2023-09-28 09:34:00,2023-09-28 09:37:00,4,4,4,0,1.0,1.0,0.0,0.0,8110.112,8110.112,,0.997256,8110.112,8109.114744,-8131.424993
7,2023-09-28 09:34:00,2023-09-28 09:37:00,4,92,101.945,81,8.0,931.0,931.0,5.97,"(8.0, 931.0, -48.0, 5.97, 0.0)",2023-09-28 09:34:00,2023-09-28 09:37:00,4,4,4,0,1.0,1.0,0.0,0.0,8110.112,8110.112,,0.997256,8110.112,8109.114744,-8131.424993
7,2023-09-28 09:34:00,2023-09-28 09:37:00,4,92,101.945,82,8.0,1240.0,1240.0,5.98,"(8.0, 1240.0, -49.0, 5.98, 0.0)",2023-09-28 09:34:00,2023-09-28 09:37:00,4,4,4,0,1.0,1.0,0.0,0.0,8110.112,8110.112,,0.997256,8110.112,8109.114744,-8131.424993
7,2023-09-28 09:34:00,2023-09-28 09:37:00,4,92,101.945,83,8.0,1410.0,1410.0,7.17,"(8.0, 1410.0, -48.0, 7.17, 0.0)",2023-09-28 09:34:00,2023-09-28 09:37:00,4,4,4,0,1.0,1.0,0.0,0.0,8110.112,8110.112,,0.997256,8110.112,8109.114744,-8131.424993
7,2023-09-28 09:34:00,2023-09-28 09:37:00,4,92,101.945,84,8.0,1201.0,1201.0,6.58,"(8.0, 1201.0, -40.0, 6.58, 0.0)",2023-09-28 09:34:00,2023-09-28 09:37:00,4,4,4,0,1.0,1.0,0.0,0.0,8110.112,8110.112,,0.997256,8110.112,8109.114744,-8131.424993
7,2023-09-28 09:34:00,2023-09-28 09:37:00,4,92,101.945,85,8.0,1438.0,1438.0,8.21,"(8.0, 1438.0, -77.0, 8.21, 0.0)",2023-09-28 09:34:00,2023-09-28 09:37:00,4,4,4,0,1.0,1.0,0.0,0.0,8110.112,8110.112,,0.997256,8110.112,8109.114744,-8131.424993
7,2023-09-28 09:34:00,2023-09-28 09:37:00,4,92,101.945,86,8.0,757.0,757.0,5.72,"(8.0, 757.0, -34.0, 5.72, 0.0)",2023-09-28 09:34:00,2023-09-28 09:37:00,4,4,4,0,1.0,1.0,0.0,0.0,8110.112,8110.112,,0.997256,8110.112,8109.114744,-8131.424993
7,2023-09-28 09:34:00,2023-09-28 09:37:00,4,92,101.945,87,8.0,1053.0,1053.0,6.34,"(8.0, 1053.0, -31.0, 6.34, 0.0)",2023-09-28 09:34:00,2023-09-28 09:37:00,4,4,4,0,1.0,1.0,0.0,0.0,8110.112,8110.112,,0.997256,8110.112,8109.114744,-8131.424993
7,2023-09-28 09:34:00,2023-09-28 09:37:00,4,92,101.945,88,8.0,835.0,835.0,5.43,"(8.0, 835.0, -37.0, 5.43, 0.0)",2023-09-28 09:34:00,2023-09-28 09:37:00,4,4,4,0,1.0,1.0,0.0,0.0,8110.112,8110.112,,0.997256,8110.112,8109.114744,-8131.424993
7,2023-09-28 09:34:00,2023-09-28 09:37:00,4,92,101.945,89,8.0,732.0,732.0,4.66,"(8.0, 732.0, -106.0, 4.66, 0.0)",2023-09-28 09:34:00,2023-09-28 09:37:00,4,4,4,0,1.0,1.0,0.0,0.0,8110.112,8110.112,,0.997256,8110.112,8109.114744,-8131.424993
7,2023-09-28 09:34:00,2023-09-28 09:37:00,4,92,101.945,90,8.0,721.0,721.0,5.62,"(8.0, 721.0, -44.0, 5.62, 0.0)",2023-09-28 09:34:00,2023-09-28 09:37:00,4,4,4,0,1.0,1.0,0.0,0.0,8110.112,8110.112,,0.997256,8110.112,8109.114744,-8131.424993
7,2023-09-28 09:34:00,2023-09-28 09:37:00,4,92,101.945,91,8.0,828.0,828.0,7.75,"(8.0, 828.0, -65.0, 7.75, 0.0)",2023-09-28 09:34:00,2023-09-28 09:37:00,4,4,4,0,1.0,1.0,0.0,0.0,8110.112,8110.112,,0.997256,8110.112,8109.114744,-8131.424993
7,2023-09-28 09:34:00,2023-09-28 09:37:00,4,92,101.945,92,8.0,630.0,630.0,6.06,"(8.0, 630.0, -60.0, 6.06, 0.0)",2023-09-28 09:34:00,2023-09-28 09:37:00,4,4,4,0,1.0,1.0,0.0,0.0,8110.112,8110.112,,0.997256,8110.112,8109.114744,-8131.424993
7,2023-09-28 09:34:00,2023-09-28 09:37:00,4,92,101.945,93,8.0,977.0,977.0,6.61,"(8.0, 977.0, -87.0, 6.61, 0.0)",2023-09-28 09:34:00,2023-09-28 09:37:00,4,4,4,0,1.0,1.0,0.0,0.0,8110.112,8110.112,,0.997256,8110.112,8109.114744,-8131.424993
7,2023-09-28 09:34:00,2023-09-28 09:37:00,4,92,101.945,94,8.0,698.0,698.0,5.28,"(8.0, 698.0, -11.0, 5.28, 0.0)",2023-09-28 09:34:00,2023-09-28 09:37:00,4,4,4,0,1.0,1.0,0.0,0.0,8110.112,8110.112,,0.997256,8110.112,8109.114744,-8131.424993
7,2023-09-28 09:34:00,2023-09-28 09:37:00,4,92,101.945,95,8.0,919.0,919.0,6.49,"(8.0, 919.0, -64.0, 6.49, 0.0)",2023-09-28 09:34:00,2023-09-28 09:37:00,4,4,4,0,1.0,1.0,0.0,0.0,8110.112,8110.112,,0.997256,8110.112,8109.114744,-8131.424993
7,2023-09-28 09:34:00,2023-09-28 09:37:00,4,92,101.945,96,8.0,752.0,752.0,6.52,"(8.0, 752.0, -120.0, 6.52, 0.0)",2023-09-28 09:34:00,2023-09-28 09:37:00,4,4,4,0,1.0,1.0,0.0,0.0,8110.112,8110.112,,0.997256,8110.112,8109.114744,-8131.424993
7,2023-09-28 09:34:00,2023-09-28 09:37:00,4,92,101.945,97,8.0,794.0,794.0,5.17,"(8.0, 794.0, -26.0, 5.17, 0.0)",2023-09-28 09:34:00,2023-09-28 09:37:00,4,4,4,0,1.0,1.0,0.0,0.0,8110.112,8110.112,,0.997256,8110.112,8109.114744,-8131.424993
7,2023-09-28 09:34:00,2023-09-28 09:37:00,4,92,101.945,98,8.0,816.0,816.0,5.92,"(8.0, 816.0, -46.0, 5.92, 0.0)",2023-09-28 09:34:00,2023-09-28 09:37:00,4,4,4,0,1.0,1.0,0.0,0.0,8110.112,8110.112,,0.997256,8110.112,8109.114744,-8131.424993
7,2023-09-28 09:34:00,2023-09-28 09:37:00,4,92,101.945,99,8.0,669.0,669.0,6.11,"(8.0, 669.0, -36.0, 6.11, 0.0)",2023-09-28 09:34:00,2023-09-28 09:37:00,4,4,4,0,1.0,1.0,0.0,0.0,8110.112,8110.112,,0.997256,8110.112,8109.114744,-8131.424993
9,2023-10-20 07:11:00,2023-10-21 11:59:00,1729,1,3.71,52,0.0,3710.0,3710.0,9.82,"(0.0, 3710.0, 57.0, 9.82, 0.0)",2023-10-20 07:11:00,2023-11-04 07:15:00,21603,992,1187,195,0.573742,0.686524,0.112782,1079.663163,916.969078,-162.694085,0.15069,1788.146335,1625.979973,-162.166362,0.09069
10,2023-10-21 12:00:00,2023-10-21 12:03:00,4,67,73.771,31,8.0,1120.0,1120.0,5.97,"(8.0, 1120.0, 3.0, 5.97, 0.0)",2023-10-21 12:00:00,2023-10-21 12:03:00,4,4,4,0,1.0,1.0,0.0,2.21573,194.900076,192.684346,-86.962029,4.21466,196.281243,192.066583,-45.571069
10,2023-10-21 12:00:00,2023-10-21 12:03:00,4,67,73.771,32,8.0,1763.0,1763.0,8.26,"(8.0, 1763.0, -53.0, 8.26, 0.0)",2023-10-21 12:00:00,2023-10-21 12:03:00,4,4,4,0,1.0,1.0,0.0,2.21573,194.900076,192.684346,-86.962029,4.21466,196.281243,192.066583,-45.571069
10,2023-10-21 12:00:00,2023-10-21 12:03:00,4,67,73.771,33,8.0,1148.0,1148.0,7.5,"(8.0, 1148.0, 25.0, 7.5, 0.0)",2023-10-21 12:00:00,2023-10-21 12:03:00,4,4,4,0,1.0,1.0,0.0,2.21573,194.900076,192.684346,-86.962029,4.21466,196.281243,192.066583,-45.571069
10,2023-10-21 12:00:00,2023-10-21 12:03:00,4,67,73.771,34,8.0,1428.0,1428.0,6.74,"(8.0, 1428.0, -50.0, 6.74, 0.0)",2023-10-21 12:00:00,2023-10-21 12:03:00,4,4,4,0,1.0,1.0,0.0,2.21573,194.900076,192.684346,-86.962029,4.21466,196.281243,192.066583,-45.571069
10,2023-10-21 12:00:00,2023-10-21 12:03:00,4,67,73.771,35,8.0,1227.0,1227.0,7.06,"(8.0, 1227.0, -29.0, 7.06, 0.0)",2023-10-21 12:00:00,2023-10-21 12:03:00,4,4,4,0,1.0,1.0,0.0,2.21573,194.900076,192.684346,-86.962029,4.21466,196.281243,192.066583,-45.571069
10,2023-10-21 12:00:00,2023-10-21 12:03:00,4,67,73.771,36,8.0,1373.0,1373.0,7.53,"(8.0, 1373.0, -51.0, 7.53, 0.0)",2023-10-21 12:00:00,2023-10-21 12:03:00,4,4,4,0,1.0,1.0,0.0,2.21573,194.900076,192.684346,-86.962029,4.21466,196.281243,192.066583,-45.571069
10,2023-10-21 12:00:00,2023-10-21 12:03:00,4,67,73.771,37,8.0,674.0,674.0,6.1,"(8.0, 674.0, -93.0, 6.1, 0.0)",2023-10-21 12:00:00,2023-10-21 12:03:00,4,4,4,0,1.0,1.0,0.0,2.21573,194.900076,192.684346,-86.962029,4.21466,196.281243,192.066583,-45.571069
10,2023-10-21 12:00:00,2023-10-21 12:03:00,4,67,73.771,38,8.0,785.0,785.0,5.85,"(8.0, 785.0, -47.0, 5.85, 0.0)",2023-10-21 12:00:00,2023-10-21 12:03:00,4,4,4,0,1.0,1.0,0.0,2.21573,194.900076,192.684346,-86.962029,4.21466,196.281243,192.066583,-45.571069
10,2023-10-21 12:00:00,2023-10-21 12:03:00,4,67,73.771,39,8.0,970.0,970.0,5.66,"(8.0, 970.0, -24.0, 5.66, 0.0)",2023-10-21 12:00:00,2023-10-21 12:03:00,4,4,4,0,1.0,1.0,0.0,2.21573,194.900076,192.684346,-86.962029,4.21466,196.281243,192.066583,-45.571069
10,2023-10-21 12:00:00,2023-10-21 12:03:00,4,67,73.771,40,8.0,1145.0,1145.0,6.65,"(8.0, 1145.0, -38.0, 6.65, 0.0)",2023-10-21 12:00:00,2023-10-21 12:03:00,4,4,4,0,1.0,1.0,0.0,2.21573,194.900076,192.684346,-86.962029,4.21466,196.281243,192.066583,-45.571069
10,2023-10-21 12:00:00,2023-10-21 12:03:00,4,67,73.771,41,8.0,1123.0,1123.0,7.17,"(8.0, 1123.0, 8.0, 7.17, 0.0)",2023-10-21 12:00:00,2023-10-21 12:03:00,4,4,4,0,1.0,1.0,0.0,2.21573,194.900076,192.684346,-86.962029,4.21466,196.281243,192.066583,-45.571069
10,2023-10-21 12:00:00,2023-10-21 12:03:00,4,67,73.771,42,8.0,1316.0,1316.0,7.14,"(8.0, 1316.0, -25.0, 7.14, 0.0)",2023-10-21 12:00:00,2023-10-21 12:03:00,4,4,4,0,1.0,1.0,0.0,2.21573,194.900076,192.684346,-86.962029,4.21466,196.281243,192.066583,-45.571069
10,2023-10-21 12:00:00,2023-10-21 12:03:00,4,67,73.771,44,8.0,1865.0,1865.0,8.98,"(8.0, 1865.0, -7.0, 8.98, 0.0)",2023-10-21 12:00:00,2023-10-21 12:03:00,4,4,4,0,1.0,1.0,0.0,2.21573,194.900076,192.684346,-86.962029,4.21466,196.281243,192.066583,-45.571069
10,2023-10-21 12:00:00,2023-10-21 12:03:00,4,67,73.771,45,8.0,882.0,882.0,6.03,"(8.0, 882.0, 11.0, 6.03, 0.0)",2023-10-21 12:00:00,2023-10-21 12:03:00,4,4,4,0,1.0,1.0,0.0,2.21573,194.900076,192.684346,-86.962029,4.21466,196.281243,192.066583,-45.571069
10,2023-10-21 12:00:00,2023-10-21 12:03:00,4,67,73.771,46,8.0,1127.0,1127.0,6.25,"(8.0, 1127.0, -48.0, 6.25, 0.0)",2023-10-21 12:00:00,2023-10-21 12:03:00,4,4,4,0,1.0,1.0,0.0,2.21573,194.900076,192.684346,-86.962029,4.21466,196.281243,192.066583,-45.571069
10,2023-10-21 12:00:00,2023-10-21 12:03:00,4,67,73.771,47,8.0,745.0,745.0,6.61,"(8.0, 745.0, 15.0, 6.61, 0.0)",2023-10-21 12:00:00,2023-10-21 12:03:00,4,4,4,0,1.0,1.0,0.0,2.21573,194.900076,192.684346,-86.962029,4.21466,196.281243,192.066583,-45.571069
10,2023-10-21 12:00:00,2023-10-21 12:03:00,4,67,73.771,48,8.0,771.0,771.0,5.73,"(8.0, 771.0, 1.0, 5.73, 0.0)",2023-10-21 12:00:00,2023-10-21 12:03:00,4,4,4,0,1.0,1.0,0.0,2.21573,194.900076,192.684346,-86.962029,4.21466,196.281243,192.066583,-45.571069
10,2023-10-21 12:00:00,2023-10-21 12:03:00,4,67,73.771,49,8.0,949.0,949.0,6.19,"(8.0, 949.0, 36.0, 6.19, 0.0)",2023-10-21 12:00:00,2023-10-21 12:03:00,4,4,4,0,1.0,1.0,0.0,2.21573,194.900076,192.684346,-86.962029,4.21466,196.281243,192.066583,-45.571069
10,2023-10-21 12:00:00,2023-10-21 12:03:00,4,67,73.771,50,8.0,1050.0,1050.0,6.48,"(8.0, 1050.0, -12.0, 6.48, 0.0)",2023-10-21 12:00:00,2023-10-21 12:03:00,4,4,4,0,1.0,1.0,0.0,2.21573,194.900076,192.684346,-86.962029,4.21466,196.281243,192.066583,-45.571069
10,2023-10-21 12:00:00,2023-10-21 12:03:00,4,67,73.771,51,8.0,724.0,724.0,5.53,"(8.0, 724.0, -55.0, 5.53, 0.0)",2023-10-21 12:00:00,2023-10-21 12:03:00,4,4,4,0,1.0,1.0,0.0,2.21573,194.900076,192.684346,-86.962029,4.21466,196.281243,192.066583,-45.571069
10,2023-10-21 12:00:00,2023-10-21 12:03:00,4,67,73.771,52,0.0,3710.0,3710.0,9.82,"(0.0, 3710.0, 57.0, 9.82, 0.0)",2023-10-20 07:11:00,2023-11-04 07:15:00,21603,4,4,0,1.0,1.0,0.0,2.21573,194.900076,192.684346,-86.962029,4.21466,196.281243,192.066583,-45.571069
10,2023-10-21 12:00:00,2023-10-21 12:03:00,4,67,73.771,53,8.0,1422.0,1422.0,6.67,"(8.0, 1422.0, -92.0, 6.67, 0.0)",2023-10-21 12:00:00,2023-10-21 12:03:00,4,4,4,0,1.0,1.0,0.0,2.21573,194.900076,192.684346,-86.962029,4.21466,196.281243,192.066583,-45.571069
10,2023-10-21 12:00:00,2023-10-21 12:03:00,4,67,73.771,55,8.0,1162.0,1162.0,7.05,"(8.0, 1162.0, -45.0, 7.05, 0.0)",2023-10-21 12:00:00,2023-10-21 12:03:00,4,4,4,0,1.0,1.0,0.0,2.21573,194.900076,192.684346,-86.962029,4.21466,196.281243,192.066583,-45.571069
10,2023-10-21 12:00:00,2023-10-21 12:03:00,4,67,73.771,56,8.0,599.0,599.0,5.43,"(8.0, 599.0, -37.0, 5.43, 0.0)",2023-10-21 12:00:00,2023-10-21 12:03:00,4,4,4,0,1.0,1.0,0.0,2.21573,194.900076,192.684346,-86.962029,4.21466,196.281243,192.066583,-45.571069
10,2023-10-21 12:00:00,2023-10-21 12:03:00,4,67,73.771,57,8.0,1215.0,1215.0,6.13,"(8.0, 1215.0, 21.0, 6.13, 0.0)",2023-10-21 12:00:00,2023-10-21 12:03:00,4,4,4,0,1.0,1.0,0.0,2.21573,194.900076,192.684346,-86.962029,4.21466,196.281243,192.066583,-45.571069
10,2023-10-21 12:00:00,2023-10-21 12:03:00,4,67,73.771,58,8.0,1125.0,1125.0,6.08,"(8.0, 1125.0, -50.0, 6.08, 0.0)",2023-10-21 12:00:00,2023-10-21 12:03:00,4,4,4,0,1.0,1.0,0.0,2.21573,194.900076,192.684346,-86.962029,4.21466,196.281243,192.066583,-45.571069
10,2023-10-21 12:00:00,2023-10-21 12:03:00,4,67,73.771,59,8.0,1238.0,1238.0,6.89,"(8.0, 1238.0, -37.0, 6.89, 0.0)",2023-10-21 12:00:00,2023-10-21 12:03:00,4,4,4,0,1.0,1.0,0.0,2.21573,194.900076,192.684346,-86.962029,4.21466,196.281243,192.066583,-45.571069
10,2023-10-21 12:00:00,2023-10-21 12:03:00,4,67,73.771,60,8.0,1012.0,1012.0,6.53,"(8.0, 1012.0, -36.0, 6.53, 0.0)",2023-10-21 12:00:00,2023-10-21 12:03:00,4,4,4,0,1.0,1.0,0.0,2.21573,194.900076,192.684346,-86.962029,4.21466,196.281243,192.066583,-45.571069
10,2023-10-21 12:00:00,2023-10-21 12:03:00,4,67,73.771,61,8.0,730.0,730.0,5.12,"(8.0, 730.0, -3.0, 5.12, 0.0)",2023-10-21 12:00:00,2023-10-21 12:03:00,4,4,4,0,1.0,1.0,0.0,2.21573,194.900076,192.684346,-86.962029,4.21466,196.281243,192.066583,-45.571069
10,2023-10-21 12:00:00,2023-10-21 12:03:00,4,67,73.771,62,8.0,1312.0,1312.0,6.62,"(8.0, 1312.0, -44.0, 6.62, 0.0)",2023-10-21 12:00:00,2023-10-21 12:03:00,4,4,4,0,1.0,1.0,0.0,2.21573,194.900076,192.684346,-86.962029,4.21466,196.281243,192.066583,-45.571069
10,2023-10-21 12:00:00,2023-10-21 12:03:00,4,67,73.771,63,8.0,1392.0,1392.0,6.59,"(8.0, 1392.0, -47.0, 6.59, 0.0)",2023-10-21 12:00:00,2023-10-21 12:03:00,4,4,4,0,1.0,1.0,0.0,2.21573,194.900076,192.684346,-86.962029,4.21466,196.281243,192.066583,-45.571069
10,2023-10-21 12:00:00,2023-10-21 12:03:00,4,67,73.771,64,8.0,1281.0,1281.0,7.29,"(8.0, 1281.0, -60.0, 7.29, 0.0)",2023-10-21 12:00:00,2023-10-21 12:03:00,4,4,4,0,1.0,1.0,0.0,2.21573,194.900076,192.684346,-86.962029,4.21466,196.281243,192.066583,-45.571069
10,2023-10-21 12:00:00,2023-10-21 12:03:00,4,67,73.771,65,8.0,1437.0,1437.0,7.12,"(8.0, 1437.0, -75.0, 7.12, 0.0)",2023-10-21 12:00:00,2023-10-21 12:03:00,4,4,4,0,1.0,1.0,0.0,2.21573,194.900076,192.684346,-86.962029,4.21466,196.281243,192.066583,-45.571069
10,2023-10-21 12:00:00,2023-10-21 12:03:00,4,67,73.771,66,8.0,1557.0,1557.0,6.6,"(8.0, 1557.0, -46.0, 6.6, 0.0)",2023-10-21 12:00:00,2023-10-21 12:03:00,4,4,4,0,1.0,1.0,0.0,2.21573,194.900076,192.684346,-86.962029,4.21466,196.281243,192.066583,-45.571069
10,2023-10-21 12:00:00,2023-10-21 12:03:00,4,67,73.771,67,8.0,1364.0,1364.0,7.26,"(8.0, 1364.0, -44.0, 7.26, 0.0)",2023-10-21 12:00:00,2023-10-21 12:03:00,4,4,4,0,1.0,1.0,0.0,2.21573,194.900076,192.684346,-86.962029,4.21466,196.281243,192.066583,-45.571069
10,2023-10-21 12:00:00,2023-10-21 12:03:00,4,67,73.771,68,8.0,1166.0,1166.0,7.08,"(8.0, 1166.0, -4.0, 7.08, 0.0)",2023-10-21 12:00:00,2023-10-21 12:03:00,4,4,4,0,1.0,1.0,0.0,2.21573,194.900076,192.684346,-86.962029,4.21466,196.281243,192.066583,-45.571069
10,2023-10-21 12:00:00,2023-10-21 12:03:00,4,67,73.771,69,8.0,1106.0,1106.0,6.23,"(8.0, 1106.0, -53.0, 6.23, 0.0)",2023-10-21 12:00:00,2023-10-21 12:03:00,4,4,4,0,1.0,1.0,0.0,2.21573,194.900076,192.684346,-86.962029,4.21466,196.281243,192.066583,-45.571069
10,2023-10-21 12:00:00,2023-10-21 12:03:00,4,67,73.771,70,8.0,982.0,982.0,5.06,"(8.0, 982.0, -40.0, 5.06, 0.0)",2023-10-21 12:00:00,2023-10-21 12:03:00,4,4,4,0,1.0,1.0,0.0,2.21573,194.900076,192.684346,-86.962029,4.21466,196.281243,192.066583,-45.571069
10,2023-10-21 12:00:00,2023-10-21 12:03:00,4,67,73.771,71,8.0,832.0,832.0,6.12,"(8.0, 832.0, -16.0, 6.12, 0.0)",2023-10-21 12:00:00,2023-10-21 12:03:00,4,4,4,0,1.0,1.0,0.0,2.21573,194.900076,192.684346,-86.962029,4.21466,196.281243,192.066583,-45.571069
10,2023-10-21 12:00:00,2023-10-21 12:03:00,4,67,73.771,72,8.0,1134.0,1134.0,6.39,"(8.0, 1134.0, -18.0, 6.39, 0.0)",2023-10-21 12:00:00,2023-10-21 12:03:00,4,4,4,0,1.0,1.0,0.0,2.21573,194.900076,192.684346,-86.962029,4.21466,196.281243,192.066583,-45.571069
10,2023-10-21 12:00:00,2023-10-21 12:03:00,4,67,73.771,73,8.0,913.0,913.0,5.52,"(8.0, 913.0, -5.0, 5.52, 0.0)",2023-10-21 12:00:00,2023-10-21 12:03:00,4,4,4,0,1.0,1.0,0.0,2.21573,194.900076,192.684346,-86.962029,4.21466,196.281243,192.066583,-45.571069
10,2023-10-21 12:00:00,2023-10-21 12:03:00,4,67,73.771,74,8.0,935.0,935.0,5.6,"(8.0, 935.0, -46.0, 5.6, 0.0)",2023-10-21 12:00:00,2023-10-21 12:03:00,4,4,4,0,1.0,1.0,0.0,2.21573,194.900076,192.684346,-86.962029,4.21466,196.281243,192.066583,-45.571069
10,2023-10-21 12:00:00,2023-10-21 12:03:00,4,67,73.771,75,8.0,609.0,609.0,4.77,"(8.0, 609.0, 45.0, 4.77, 0.0)",2023-10-21 12:00:00,2023-10-21 12:03:00,4,4,4,0,1.0,1.0,0.0,2.21573,194.900076,192.684346,-86.962029,4.21466,196.281243,192.066583,-45.571069
10,2023-10-21 12:00:00,2023-10-21 12:03:00,4,67,73.771,76,8.0,957.0,957.0,5.57,"(8.0, 957.0, -12.0, 5.57, 0.0)",2023-10-21 12:00:00,2023-10-21 12:03:00,4,4,4,0,1.0,1.0,0.0,2.21573,194.900076,192.684346,-86.962029,4.21466,196.281243,192.066583,-45.571069
10,2023-10-21 12:00:00,2023-10-21 12:03:00,4,67,73.771,77,8.0,994.0,994.0,5.47,"(8.0, 994.0, -17.0, 5.47, 0.0)",2023-10-21 12:00:00,2023-10-21 12:03:00,4,4,4,0,1.0,1.0,0.0,2.21573,194.900076,192.684346,-86.962029,4.21466,196.281243,192.066583,-45.571069
10,2023-10-21 12:00:00,2023-10-21 12:03:00,4,67,73.771,78,8.0,817.0,817.0,6.47,"(8.0, 817.0, -22.0, 6.47, 0.0)",2023-10-21 12:00:00,2023-10-21 12:03:00,4,4,4,0,1.0,1.0,0.0,2.21573,194.900076,192.684346,-86.962029,4.21466,196.281243,192.066583,-45.571069
10,2023-10-21 12:00:00,2023-10-21 12:03:00,4,67,73.771,79,8.0,723.0,723.0,5.8,"(8.0, 723.0, -24.0, 5.8, 0.0)",2023-10-21 12:00:00,2023-10-21 12:03:00,4,4,4,0,1.0,1.0,0.0,2.21573,194.900076,192.684346,-86.962029,4.21466,196.281243,192.066583,-45.571069
10,2023-10-21 12:00:00,2023-10-21 12:03:00,4,67,73.771,80,8.0,1002.0,1002.0,6.44,"(8.0, 1002.0, -21.0, 6.44, 0.0)",2023-10-21 12:00:00,2023-10-21 12:03:00,4,4,4,0,1.0,1.0,0.0,2.21573,194.900076,192.684346,-86.962029,4.21466,196.281243,192.066583,-45.571069
10,2023-10-21 12:00:00,2023-10-21 12:03:00,4,67,73.771,81,8.0,759.0,759.0,6.05,"(8.0, 759.0, -19.0, 6.05, 0.0)",2023-10-21 12:00:00,2023-10-21 12:03:00,4,4,4,0,1.0,1.0,0.0,2.21573,194.900076,192.684346,-86.962029,4.21466,196.281243,192.066583,-45.571069
10,2023-10-21 12:00:00,2023-10-21 12:03:00,4,67,73.771,82,8.0,1221.0,1221.0,6.35,"(8.0, 1221.0, -44.0, 6.35, 0.0)",2023-10-21 12:00:00,2023-10-21 12:03:00,4,4,4,0,1.0,1.0,0.0,2.21573,194.900076,192.684346,-86.962029,4.21466,196.281243,192.066583,-45.571069
10,2023-10-21 12:00:00,2023-10-21 12:03:00,4,67,73.771,83,8.0,879.0,879.0,6.39,"(8.0, 879.0, -20.0, 6.39, 0.0)",2023-10-21 12:00:00,2023-10-21 12:03:00,4,4,4,0,1.0,1.0,0.0,2.21573,194.900076,192.684346,-86.962029,4.21466,196.281243,192.066583,-45.571069
10,2023-10-21 12:00:00,2023-10-21 12:03:00,4,67,73.771,84,8.0,1130.0,1130.0,6.36,"(8.0, 1130.0, -33.0, 6.36, 0.0)",2023-10-21 12:00:00,2023-10-21 12:03:00,4,4,4,0,1.0,1.0,0.0,2.21573,194.900076,192.684346,-86.962029,4.21466,196.281243,192.066583,-45.571069
10,2023-10-21 12:00:00,2023-10-21 12:03:00,4,67,73.771,85,8.0,696.0,696.0,5.7,"(8.0, 696.0, -58.0, 5.7, 0.0)",2023-10-21 12:00:00,2023-10-21 12:03:00,4,4,4,0,1.0,1.0,0.0,2.21573,194.900076,192.684346,-86.962029,4.21466,196.281243,192.066583,-45.571069
10,2023-10-21 12:00:00,2023-10-21 12:03:00,4,67,73.771,86,8.0,752.0,752.0,6.54,"(8.0, 752.0, -34.0, 6.54, 0.0)",2023-10-21 12:00:00,2023-10-21 12:03:00,4,4,4,0,1.0,1.0,0.0,2.21573,194.900076,192.684346,-86.962029,4.21466,196.281243,192.066583,-45.571069
10,2023-10-21 12:00:00,2023-10-21 12:03:00,4,67,73.771,87,8.0,1221.0,1221.0,6.72,"(8.0, 1221.0, -31.0, 6.72, 0.0)",2023-10-21 12:00:00,2023-10-21 12:03:00,4,4,4,0,1.0,1.0,0.0,2.21573,194.900076,192.684346,-86.962029,4.21466,196.281243,192.066583,-45.571069
10,2023-10-21 12:00:00,2023-10-21 12:03:00,4,67,73.771,89,8.0,744.0,744.0,6.06,"(8.0, 744.0, -57.0, 6.06, 0.0)",2023-10-21 12:00:00,2023-10-21 12:03:00,4,4,4,0,1.0,1.0,0.0,2.21573,194.900076,192.684346,-86.962029,4.21466,196.281243,192.066583,-45.571069
10,2023-10-21 12:00:00,2023-10-21 12:03:00,4,67,73.771,90,8.0,1447.0,1447.0,6.05,"(8.0, 1447.0, -62.0, 6.05, 0.0)",2023-10-21 12:00:00,2023-10-21 12:03:00,4,4,4,0,1.0,1.0,0.0,2.21573,194.900076,192.684346,-86.962029,4.21466,196.281243,192.066583,-45.571069
10,2023-10-21 12:00:00,2023-10-21 12:03:00,4,67,73.771,91,8.0,987.0,987.0,5.65,"(8.0, 987.0, -39.0, 5.65, 0.0)",2023-10-21 12:00:00,2023-10-21 12:03:00,4,4,4,0,1.0,1.0,0.0,2.21573,194.900076,192.684346,-86.962029,4.21466,196.281243,192.066583,-45.571069
10,2023-10-21 12:00:00,2023-10-21 12:03:00,4,67,73.771,92,8.0,919.0,919.0,5.55,"(8.0, 919.0, -67.0, 5.55, 0.0)",2023-10-21 12:00:00,2023-10-21 12:03:00,4,4,4,0,1.0,1.0,0.0,2.21573,194.900076,192.684346,-86.962029,4.21466,196.281243,192.066583,-45.571069
10,2023-10-21 12:00:00,2023-10-21 12:03:00,4,67,73.771,93,8.0,839.0,839.0,6.58,"(8.0, 839.0, -102.0, 6.58, 0.0)",2023-10-21 12:00:00,2023-10-21 12:03:00,4,4,4,0,1.0,1.0,0.0,2.21573,194.900076,192.684346,-86.962029,4.21466,196.281243,192.066583,-45.571069
10,2023-10-21 12:00:00,2023-10-21 12:03:00,4,67,73.771,94,8.0,776.0,776.0,5.48,"(8.0, 776.0, -12.0, 5.48, 0.0)",2023-10-21 12:00:00,2023-10-21 12:03:00,4,4,4,0,1.0,1.0,0.0,2.21573,194.900076,192.684346,-86.962029,4.21466,196.281243,192.066583,-45.571069
10,2023-10-21 12:00:00,2023-10-21 12:03:00,4,67,73.771,95,8.0,1253.0,1253.0,6.04,"(8.0, 1253.0, -55.0, 6.04, 0.0)",2023-10-21 12:00:00,2023-10-21 12:03:00,4,4,4,0,1.0,1.0,0.0,2.21573,194.900076,192.684346,-86.962029,4.21466,196.281243,192.066583,-45.571069
10,2023-10-21 12:00:00,2023-10-21 12:03:00,4,67,73.771,96,8.0,1106.0,1106.0,6.35,"(8.0, 1106.0, -125.0, 6.35, 0.0)",2023-10-21 12:00:00,2023-10-21 12:03:00,4,4,4,0,1.0,1.0,0.0,2.21573,194.900076,192.684346,-86.962029,4.21466,196.281243,192.066583,-45.571069
10,2023-10-21 12:00:00,2023-10-21 12:03:00,4,67,73.771,97,8.0,735.0,735.0,5.82,"(8.0, 735.0, -37.0, 5.82, 0.0)",2023-10-21 12:00:00,2023-10-21 12:03:00,4,4,4,0,1.0,1.0,0.0,2.21573,194.900076,192.684346,-86.962029,4.21466,196.281243,192.066583,-45.571069
10,2023-10-21 12:00:00,2023-10-21 12:03:00,4,67,73.771,98,8.0,935.0,935.0,5.22,"(8.0, 935.0, -38.0, 5.22, 0.0)",2023-10-21 12:00:00,2023-10-21 12:03:00,4,4,4,0,1.0,1.0,0.0,2.21573,194.900076,192.684346,-86.962029,4.21466,196.281243,192.066583,-45.571069
10,2023-10-21 12:00:00,2023-10-21 12:03:00,4,67,73.771,99,8.0,1223.0,1223.0,7.34,"(8.0, 1223.0, -43.0, 7.34, 0.0)",2023-10-21 12:00:00,2023-10-21 12:03:00,4,4,4,0,1.0,1.0,0.0,2.21573,194.900076,192.684346,-86.962029,4.21466,196.281243,192.066583,-45.571069
10,2023-10-21 12:00:00,2023-10-21 12:03:00,4,67,73.771,100,8.0,1238.0,1238.0,6.64,"(8.0, 1238.0, -49.0, 6.64, 0.0)",2023-10-21 12:00:00,2023-10-21 12:03:00,4,4,4,0,1.0,1.0,0.0,2.21573,194.900076,192.684346,-86.962029,4.21466,196.281243,192.066583,-45.571069
11,2023-10-21 12:04:00,2023-10-21 14:34:00,151,1,3.71,52,0.0,3710.0,3710.0,9.82,"(0.0, 3710.0, 57.0, 9.82, 0.0)",2023-10-20 07:11:00,2023-11-04 07:15:00,21603,149,113,-36,0.986755,0.748344,-0.238411,185.530805,33.514365,-152.01644,0.81936,270.552726,91.179217,-179.37351,0.662989
12,2023-10-21 14:35:00,2023-10-21 14:38:00,4,93,28.206,1,8.0,862.0,862.0,5.71,"(8.0, 862.0, 38.0, 5.71, 0.0)",2023-10-21 14:35:00,2023-10-21 14:38:00,4,4,4,0,1.0,1.0,0.0,3.624348,1957.6824,1954.058052,-539.14747,6.338609,1957.6824,1951.343791,-307.850451
12,2023-10-21 14:35:00,2023-10-21 14:38:00,4,93,28.206,2,8.0,486.0,486.0,4.93,"(8.0, 486.0, 23.0, 4.93, 0.0)",2023-10-21 14:35:00,2023-10-21 14:38:00,4,4,4,0,1.0,1.0,0.0,3.624348,1957.6824,1954.058052,-539.14747,6.338609,1957.6824,1951.343791,-307.850451
12,2023-10-21 14:35:00,2023-10-21 14:38:00,4,93,28.206,3,8.0,263.0,263.0,3.53,"(8.0, 263.0, -73.0, 3.53, 0.0)",2023-10-21 14:35:00,2023-10-21 14:38:00,4,4,4,0,1.0,1.0,0.0,3.624348,1957.6824,1954.058052,-539.14747,6.338609,1957.6824,1951.343791,-307.850451
12,2023-10-21 14:35:00,2023-10-21 14:38:00,4,93,28.206,5,8.0,219.0,219.0,3.91,"(8.0, 219.0, -72.0, 3.91, 0.0)",2023-10-21 14:35:00,2023-10-21 14:38:00,4,4,4,0,1.0,1.0,0.0,3.624348,1957.6824,1954.058052,-539.14747,6.338609,1957.6824,1951.343791,-307.850451
12,2023-10-21 14:35:00,2023-10-21 14:38:00,4,93,28.206,6,8.0,361.0,361.0,5.8,"(8.0, 361.0, -49.0, 5.8, 0.0)",2023-10-21 14:35:00,2023-10-21 14:38:00,4,4,4,0,1.0,1.0,0.0,3.624348,1957.6824,1954.058052,-539.14747,6.338609,1957.6824,1951.343791,-307.850451
12,2023-10-21 14:35:00,2023-10-21 14:38:00,4,93,28.206,7,8.0,526.0,526.0,4.71,"(8.0, 526.0, 48.0, 4.71, 0.0)",2023-10-21 14:35:00,2023-10-21 14:38:00,4,4,4,0,1.0,1.0,0.0,3.624348,1957.6824,1954.058052,-539.14747,6.338609,1957.6824,1951.343791,-307.850451
12,2023-10-21 14:35:00,2023-10-21 14:38:00,4,93,28.206,8,8.0,210.0,210.0,3.82,"(8.0, 210.0, -65.0, 3.82, 0.0)",2023-10-21 14:35:00,2023-10-21 14:38:00,4,4,4,0,1.0,1.0,0.0,3.624348,1957.6824,1954.058052,-539.14747,6.338609,1957.6824,1951.343791,-307.850451
12,2023-10-21 14:35:00,2023-10-21 14:38:00,4,93,28.206,9,8.0,326.0,326.0,4.64,"(8.0, 326.0, -51.0, 4.64, 0.0)",2023-10-21 14:35:00,2023-10-21 14:38:00,4,4,4,0,1.0,1.0,0.0,3.624348,1957.6824,1954.058052,-539.14747,6.338609,1957.6824,1951.343791,-307.850451
12,2023-10-21 14:35:00,2023-10-21 14:38:00,4,93,28.206,10,8.0,152.0,152.0,4.71,"(8.0, 152.0, -66.0, 4.71, 0.0)",2023-10-21 14:35:00,2023-10-21 14:38:00,4,4,4,0,1.0,1.0,0.0,3.624348,1957.6824,1954.058052,-539.14747,6.338609,1957.6824,1951.343791,-307.850451
12,2023-10-21 14:35:00,2023-10-21 14:38:00,4,93,28.206,11,8.0,94.0,94.0,2.94,"(8.0, 94.0, -69.0, 2.94, 0.0)",2023-10-21 14:35:00,2023-10-21 14:38:00,4,4,4,0,1.0,1.0,0.0,3.624348,1957.6824,1954.058052,-539.14747,6.338609,1957.6824,1951.343791,-307.850451
12,2023-10-21 14:35:00,2023-10-21 14:38:00,4,93,28.206,12,8.0,128.0,128.0,3.22,"(8.0, 128.0, -71.0, 3.22, 0.0)",2023-10-21 14:35:00,2023-10-21 14:38:00,4,4,4,0,1.0,1.0,0.0,3.624348,1957.6824,1954.058052,-539.14747,6.338609,1957.6824,1951.343791,-307.850451
12,2023-10-21 14:35:00,2023-10-21 14:38:00,4,93,28.206,13,8.0,363.0,363.0,4.54,"(8.0, 363.0, 7.0, 4.54, 0.0)",2023-10-21 14:35:00,2023-10-21 14:38:00,4,4,4,0,1.0,1.0,0.0,3.624348,1957.6824,1954.058052,-539.14747,6.338609,1957.6824,1951.343791,-307.850451
12,2023-10-21 14:35:00,2023-10-21 14:38:00,4,93,28.206,14,8.0,322.0,322.0,4.62,"(8.0, 322.0, -86.0, 4.62, 0.0)",2023-10-21 14:35:00,2023-10-21 14:38:00,4,4,4,0,1.0,1.0,0.0,3.624348,1957.6824,1954.058052,-539.14747,6.338609,1957.6824,1951.343791,-307.850451
12,2023-10-21 14:35:00,2023-10-21 14:38:00,4,93,28.206,15,8.0,300.0,300.0,3.89,"(8.0, 300.0, -55.0, 3.89, 0.0)",2023-10-21 14:35:00,2023-10-21 14:38:00,4,4,4,0,1.0,1.0,0.0,3.624348,1957.6824,1954.058052,-539.14747,6.338609,1957.6824,1951.343791,-307.850451
12,2023-10-21 14:35:00,2023-10-21 14:38:00,4,93,28.206,16,8.0,192.0,192.0,3.91,"(8.0, 192.0, -66.0, 3.91, 0.0)",2023-10-21 14:35:00,2023-10-21 14:38:00,4,4,4,0,1.0,1.0,0.0,3.624348,1957.6824,1954.058052,-539.14747,6.338609,1957.6824,1951.343791,-307.850451
12,2023-10-21 14:35:00,2023-10-21 14:38:00,4,93,28.206,17,8.0,3.0,3.0,2.9,"(8.0, 3.0, -53.0, 2.9, 0.0)",2023-10-21 14:35:00,2023-10-21 14:38:00,4,4,4,0,1.0,1.0,0.0,3.624348,1957.6824,1954.058052,-539.14747,6.338609,1957.6824,1951.343791,-307.850451
12,2023-10-21 14:35:00,2023-10-21 14:38:00,4,93,28.206,18,8.0,367.0,367.0,5.24,"(8.0, 367.0, -38.0, 5.24, 0.0)",2023-10-21 14:35:00,2023-10-21 14:38:00,4,4,4,0,1.0,1.0,0.0,3.624348,1957.6824,1954.058052,-539.14747,6.338609,1957.6824,1951.343791,-307.850451
12,2023-10-21 14:35:00,2023-10-21 14:38:00,4,93,28.206,19,8.0,499.0,499.0,4.61,"(8.0, 499.0, -27.0, 4.61, 0.0)",2023-10-21 14:35:00,2023-10-21 14:38:00,4,4,4,0,1.0,1.0,0.0,3.624348,1957.6824,1954.058052,-539.14747,6.338609,1957.6824,1951.343791,-307.850451
12,2023-10-21 14:35:00,2023-10-21 14:38:00,4,93,28.206,21,8.0,359.0,359.0,4.32,"(8.0, 359.0, 55.0, 4.32, 0.0)",2023-10-21 14:35:00,2023-10-21 14:38:00,4,4,4,0,1.0,1.0,0.0,3.624348,1957.6824,1954.058052,-539.14747,6.338609,1957.6824,1951.343791,-307.850451
12,2023-10-21 14:35:00,2023-10-21 14:38:00,4,93,28.206,22,8.0,227.0,227.0,4.13,"(8.0, 227.0, -73.0, 4.13, 0.0)",2023-10-21 14:35:00,2023-10-21 14:38:00,4,4,4,0,1.0,1.0,0.0,3.624348,1957.6824,1954.058052,-539.14747,6.338609,1957.6824,1951.343791,-307.850451
12,2023-10-21 14:35:00,2023-10-21 14:38:00,4,93,28.206,23,8.0,288.0,288.0,4.39,"(8.0, 288.0, -60.0, 4.39, 0.0)",2023-10-21 14:35:00,2023-10-21 14:38:00,4,4,4,0,1.0,1.0,0.0,3.624348,1957.6824,1954.058052,-539.14747,6.338609,1957.6824,1951.343791,-307.850451
12,2023-10-21 14:35:00,2023-10-21 14:38:00,4,93,28.206,25,8.0,238.0,238.0,3.24,"(8.0, 238.0, -76.0, 3.24, 0.0)",2023-10-21 14:35:00,2023-10-21 14:38:00,4,4,4,0,1.0,1.0,0.0,3.624348,1957.6824,1954.058052,-539.14747,6.338609,1957.6824,1951.343791,-307.850451
12,2023-10-21 14:35:00,2023-10-21 14:38:00,4,93,28.206,26,11.0,169.0,169.0,3.54,"(11.0, 169.0, -81.0, 3.54, 0.0)",2023-10-21 14:35:00,2023-10-21 14:38:00,4,4,4,0,1.0,1.0,0.0,3.624348,1957.6824,1954.058052,-539.14747,6.338609,1957.6824,1951.343791,-307.850451
12,2023-10-21 14:35:00,2023-10-21 14:38:00,4,93,28.206,27,8.0,145.0,145.0,3.57,"(8.0, 145.0, -65.0, 3.57, 0.0)",2023-10-21 14:35:00,2023-10-21 14:38:00,4,4,4,0,1.0,1.0,0.0,3.624348,1957.6824,1954.058052,-539.14747,6.338609,1957.6824,1951.343791,-307.850451
12,2023-10-21 14:35:00,2023-10-21 14:38:00,4,93,28.206,28,11.0,147.0,147.0,3.85,"(11.0, 147.0, -65.0, 3.85, 0.0)",2023-10-21 14:35:00,2023-10-21 14:38:00,4,4,4,0,1.0,1.0,0.0,3.624348,1957.6824,1954.058052,-539.14747,6.338609,1957.6824,1951.343791,-307.850451
12,2023-10-21 14:35:00,2023-10-21 14:38:00,4,93,28.206,29,8.0,114.0,114.0,3.58,"(8.0, 114.0, -66.0, 3.58, 0.0)",2023-10-21 14:35:00,2023-10-21 14:38:00,4,4,4,0,1.0,1.0,0.0,3.624348,1957.6824,1954.058052,-539.14747,6.338609,1957.6824,1951.343791,-307.850451
12,2023-10-21 14:35:00,2023-10-21 14:38:00,4,93,28.206,30,8.0,184.0,184.0,4.04,"(8.0, 184.0, -65.0, 4.04, 0.0)",2023-10-21 14:35:00,2023-10-21 14:38:00,4,4,4,0,1.0,1.0,0.0,3.624348,1957.6824,1954.058052,-539.14747,6.338609,1957.6824,1951.343791,-307.850451
12,2023-10-21 14:35:00,2023-10-21 14:38:00,4,93,28.206,31,11.0,93.0,93.0,4.01,"(11.0, 93.0, -69.0, 4.01, 0.0)",2023-10-21 14:35:00,2023-10-21 14:38:00,4,4,4,0,1.0,1.0,0.0,3.624348,1957.6824,1954.058052,-539.14747,6.338609,1957.6824,1951.343791,-307.850451
12,2023-10-21 14:35:00,2023-10-21 14:38:00,4,93,28.206,32,8.0,274.0,274.0,4.39,"(8.0, 274.0, -64.0, 4.39, 0.0)",2023-10-21 14:35:00,2023-10-21 14:38:00,4,4,4,0,1.0,1.0,0.0,3.624348,1957.6824,1954.058052,-539.14747,6.338609,1957.6824,1951.343791,-307.850451
12,2023-10-21 14:35:00,2023-10-21 14:38:00,4,93,28.206,33,8.0,176.0,176.0,3.65,"(8.0, 176.0, -66.0, 3.65, 0.0)",2023-10-21 14:35:00,2023-10-21 14:38:00,4,4,4,0,1.0,1.0,0.0,3.624348,1957.6824,1954.058052,-539.14747,6.338609,1957.6824,1951.343791,-307.850451
12,2023-10-21 14:35:00,2023-10-21 14:38:00,4,93,28.206,34,8.0,180.0,180.0,3.1,"(8.0, 180.0, -74.0, 3.1, 0.0)",2023-10-21 14:35:00,2023-10-21 14:38:00,4,4,4,0,1.0,1.0,0.0,3.624348,1957.6824,1954.058052,-539.14747,6.338609,1957.6824,1951.343791,-307.850451
12,2023-10-21 14:35:00,2023-10-21 14:38:00,4,93,28.206,35,8.0,116.0,116.0,2.92,"(8.0, 116.0, -66.0, 2.92, 0.0)",2023-10-21 14:35:00,2023-10-21 14:38:00,4,4,4,0,1.0,1.0,0.0,3.624348,1957.6824,1954.058052,-539.14747,6.338609,1957.6824,1951.343791,-307.850451
12,2023-10-21 14:35:00,2023-10-21 14:38:00,4,93,28.206,36,8.0,535.0,535.0,4.42,"(8.0, 535.0, 46.0, 4.42, 0.0)",2023-10-21 14:35:00,2023-10-21 14:38:00,4,4,4,0,1.0,1.0,0.0,3.624348,1957.6824,1954.058052,-539.14747,6.338609,1957.6824,1951.343791,-307.850451
12,2023-10-21 14:35:00,2023-10-21 14:38:00,4,93,28.206,37,8.0,374.0,374.0,5.15,"(8.0, 374.0, -89.0, 5.15, 0.0)",2023-10-21 14:35:00,2023-10-21 14:38:00,4,4,4,0,1.0,1.0,0.0,3.624348,1957.6824,1954.058052,-539.14747,6.338609,1957.6824,1951.343791,-307.850451
12,2023-10-21 14:35:00,2023-10-21 14:38:00,4,93,28.206,38,8.0,491.0,491.0,4.69,"(8.0, 491.0, -70.0, 4.69, 0.0)",2023-10-21 14:35:00,2023-10-21 14:38:00,4,4,4,0,1.0,1.0,0.0,3.624348,1957.6824,1954.058052,-539.14747,6.338609,1957.6824,1951.343791,-307.850451
12,2023-10-21 14:35:00,2023-10-21 14:38:00,4,93,28.206,39,8.0,227.0,227.0,4.5,"(8.0, 227.0, -68.0, 4.5, 0.0)",2023-10-21 14:35:00,2023-10-21 14:38:00,4,4,4,0,1.0,1.0,0.0,3.624348,1957.6824,1954.058052,-539.14747,6.338609,1957.6824,1951.343791,-307.850451
12,2023-10-21 14:35:00,2023-10-21 14:38:00,4,93,28.206,40,8.0,335.0,335.0,4.38,"(8.0, 335.0, -66.0, 4.38, 0.0)",2023-10-21 14:35:00,2023-10-21 14:38:00,4,4,4,0,1.0,1.0,0.0,3.624348,1957.6824,1954.058052,-539.14747,6.338609,1957.6824,1951.343791,-307.850451
12,2023-10-21 14:35:00,2023-10-21 14:38:00,4,93,28.206,41,8.0,224.0,224.0,3.5,"(8.0, 224.0, -66.0, 3.5, 0.0)",2023-10-21 14:35:00,2023-10-21 14:38:00,4,4,4,0,1.0,1.0,0.0,3.624348,1957.6824,1954.058052,-539.14747,6.338609,1957.6824,1951.343791,-307.850451
12,2023-10-21 14:35:00,2023-10-21 14:38:00,4,93,28.206,42,8.0,329.0,329.0,4.68,"(8.0, 329.0, -39.0, 4.68, 0.0)",2023-10-21 14:35:00,2023-10-21 14:38:00,4,4,4,0,1.0,1.0,0.0,3.624348,1957.6824,1954.058052,-539.14747,6.338609,1957.6824,1951.343791,-307.850451
12,2023-10-21 14:35:00,2023-10-21 14:38:00,4,93,28.206,44,8.0,33.0,33.0,2.96,"(8.0, 33.0, -72.0, 2.96, 0.0)",2023-10-21 14:35:00,2023-10-21 14:38:00,4,4,4,0,1.0,1.0,0.0,3.624348,1957.6824,1954.058052,-539.14747,6.338609,1957.6824,1951.343791,-307.850451
12,2023-10-21 14:35:00,2023-10-21 14:38:00,4,93,28.206,45,8.0,201.0,201.0,3.75,"(8.0, 201.0, -66.0, 3.75, 0.0)",2023-10-21 14:35:00,2023-10-21 14:38:00,4,4,4,0,1.0,1.0,0.0,3.624348,1957.6824,1954.058052,-539.14747,6.338609,1957.6824,1951.343791,-307.850451
12,2023-10-21 14:35:00,2023-10-21 14:38:00,4,93,28.206,46,8.0,153.0,153.0,3.84,"(8.0, 153.0, -84.0, 3.84, 0.0)",2023-10-21 14:35:00,2023-10-21 14:38:00,4,4,4,0,1.0,1.0,0.0,3.624348,1957.6824,1954.058052,-539.14747,6.338609,1957.6824,1951.343791,-307.850451
12,2023-10-21 14:35:00,2023-10-21 14:38:00,4,93,28.206,48,8.0,281.0,281.0,3.58,"(8.0, 281.0, -63.0, 3.58, 0.0)",2023-10-21 14:35:00,2023-10-21 14:38:00,4,4,4,0,1.0,1.0,0.0,3.624348,1957.6824,1954.058052,-539.14747,6.338609,1957.6824,1951.343791,-307.850451
12,2023-10-21 14:35:00,2023-10-21 14:38:00,4,93,28.206,49,11.0,247.0,247.0,4.14,"(11.0, 247.0, -75.0, 4.14, 0.0)",2023-10-21 14:35:00,2023-10-21 14:38:00,4,4,4,0,1.0,1.0,0.0,3.624348,1957.6824,1954.058052,-539.14747,6.338609,1957.6824,1951.343791,-307.850451
12,2023-10-21 14:35:00,2023-10-21 14:38:00,4,93,28.206,50,8.0,203.0,203.0,3.71,"(8.0, 203.0, -60.0, 3.71, 0.0)",2023-10-21 14:35:00,2023-10-21 14:38:00,4,4,4,0,1.0,1.0,0.0,3.624348,1957.6824,1954.058052,-539.14747,6.338609,1957.6824,1951.343791,-307.850451
12,2023-10-21 14:35:00,2023-10-21 14:38:00,4,93,28.206,51,8.0,286.0,286.0,4.16,"(8.0, 286.0, -69.0, 4.16, 0.0)",2023-10-21 14:35:00,2023-10-21 14:38:00,4,4,4,0,1.0,1.0,0.0,3.624348,1957.6824,1954.058052,-539.14747,6.338609,1957.6824,1951.343791,-307.850451
12,2023-10-21 14:35:00,2023-10-21 14:38:00,4,93,28.206,52,0.0,3710.0,3710.0,9.82,"(0.0, 3710.0, 57.0, 9.82, 0.0)",2023-10-20 07:11:00,2023-11-04 07:15:00,21603,4,4,0,1.0,1.0,0.0,3.624348,1957.6824,1954.058052,-539.14747,6.338609,1957.6824,1951.343791,-307.850451
12,2023-10-21 14:35:00,2023-10-21 14:38:00,4,93,28.206,53,8.0,514.0,514.0,4.19,"(8.0, 514.0, -5.0, 4.19, 0.0)",2023-10-21 14:35:00,2023-10-21 14:38:00,4,4,4,0,1.0,1.0,0.0,3.624348,1957.6824,1954.058052,-539.14747,6.338609,1957.6824,1951.343791,-307.850451
12,2023-10-21 14:35:00,2023-10-21 14:38:00,4,93,28.206,55,8.0,219.0,219.0,3.96,"(8.0, 219.0, -79.0, 3.96, 0.0)",2023-10-21 14:35:00,2023-10-21 14:38:00,4,4,4,0,1.0,1.0,0.0,3.624348,1957.6824,1954.058052,-539.14747,6.338609,1957.6824,1951.343791,-307.850451
12,2023-10-21 14:35:00,2023-10-21 14:38:00,4,93,28.206,56,8.0,253.0,253.0,3.93,"(8.0, 253.0, -71.0, 3.93, 0.0)",2023-10-21 14:35:00,2023-10-21 14:38:00,4,4,4,0,1.0,1.0,0.0,3.624348,1957.6824,1954.058052,-539.14747,6.338609,1957.6824,1951.343791,-307.850451
12,2023-10-21 14:35:00,2023-10-21 14:38:00,4,93,28.206,57,8.0,254.0,254.0,4.53,"(8.0, 254.0, -73.0, 4.53, 0.0)",2023-10-21 14:35:00,2023-10-21 14:38:00,4,4,4,0,1.0,1.0,0.0,3.624348,1957.6824,1954.058052,-539.14747,6.338609,1957.6824,1951.343791,-307.850451
12,2023-10-21 14:35:00,2023-10-21 14:38:00,4,93,28.206,58,8.0,315.0,315.0,4.06,"(8.0, 315.0, -79.0, 4.06, 0.0)",2023-10-21 14:35:00,2023-10-21 14:38:00,4,4,4,0,1.0,1.0,0.0,3.624348,1957.6824,1954.058052,-539.14747,6.338609,1957.6824,1951.343791,-307.850451
12,2023-10-21 14:35:00,2023-10-21 14:38:00,4,93,28.206,59,8.0,186.0,186.0,4.37,"(8.0, 186.0, -62.0, 4.37, 0.0)",2023-10-21 14:35:00,2023-10-21 14:38:00,4,4,4,0,1.0,1.0,0.0,3.624348,1957.6824,1954.058052,-539.14747,6.338609,1957.6824,1951.343791,-307.850451
12,2023-10-21 14:35:00,2023-10-21 14:38:00,4,93,28.206,60,8.0,148.0,148.0,3.17,"(8.0, 148.0, -61.0, 3.17, 0.0)",2023-10-21 14:35:00,2023-10-21 14:38:00,4,4,4,0,1.0,1.0,0.0,3.624348,1957.6824,1954.058052,-539.14747,6.338609,1957.6824,1951.343791,-307.850451
12,2023-10-21 14:35:00,2023-10-21 14:38:00,4,93,28.206,61,11.0,299.0,299.0,4.57,"(11.0, 299.0, -53.0, 4.57, 0.0)",2023-10-21 14:35:00,2023-10-21 14:38:00,4,4,4,0,1.0,1.0,0.0,3.624348,1957.6824,1954.058052,-539.14747,6.338609,1957.6824,1951.343791,-307.850451
12,2023-10-21 14:35:00,2023-10-21 14:38:00,4,93,28.206,62,8.0,267.0,267.0,4.21,"(8.0, 267.0, -77.0, 4.21, 0.0)",2023-10-21 14:35:00,2023-10-21 14:38:00,4,4,4,0,1.0,1.0,0.0,3.624348,1957.6824,1954.058052,-539.14747,6.338609,1957.6824,1951.343791,-307.850451
12,2023-10-21 14:35:00,2023-10-21 14:38:00,4,93,28.206,63,8.0,264.0,264.0,4.36,"(8.0, 264.0, -69.0, 4.36, 0.0)",2023-10-21 14:35:00,2023-10-21 14:38:00,4,4,4,0,1.0,1.0,0.0,3.624348,1957.6824,1954.058052,-539.14747,6.338609,1957.6824,1951.343791,-307.850451
12,2023-10-21 14:35:00,2023-10-21 14:38:00,4,93,28.206,64,8.0,135.0,135.0,3.57,"(8.0, 135.0, -64.0, 3.57, 0.0)",2023-10-21 14:35:00,2023-10-21 14:38:00,4,4,4,0,1.0,1.0,0.0,3.624348,1957.6824,1954.058052,-539.14747,6.338609,1957.6824,1951.343791,-307.850451
12,2023-10-21 14:35:00,2023-10-21 14:38:00,4,93,28.206,65,8.0,324.0,324.0,4.4,"(8.0, 324.0, -88.0, 4.4, 0.0)",2023-10-21 14:35:00,2023-10-21 14:38:00,4,4,4,0,1.0,1.0,0.0,3.624348,1957.6824,1954.058052,-539.14747,6.338609,1957.6824,1951.343791,-307.850451
12,2023-10-21 14:35:00,2023-10-21 14:38:00,4,93,28.206,66,8.0,376.0,376.0,4.55,"(8.0, 376.0, -2.0, 4.55, 0.0)",2023-10-21 14:35:00,2023-10-21 14:38:00,4,4,4,0,1.0,1.0,0.0,3.624348,1957.6824,1954.058052,-539.14747,6.338609,1957.6824,1951.343791,-307.850451
12,2023-10-21 14:35:00,2023-10-21 14:38:00,4,93,28.206,67,8.0,226.0,226.0,3.74,"(8.0, 226.0, -65.0, 3.74, 0.0)",2023-10-21 14:35:00,2023-10-21 14:38:00,4,4,4,0,1.0,1.0,0.0,3.624348,1957.6824,1954.058052,-539.14747,6.338609,1957.6824,1951.343791,-307.850451
12,2023-10-21 14:35:00,2023-10-21 14:38:00,4,93,28.206,68,8.0,159.0,159.0,3.25,"(8.0, 159.0, -73.0, 3.25, 0.0)",2023-10-21 14:35:00,2023-10-21 14:38:00,4,4,4,0,1.0,1.0,0.0,3.624348,1957.6824,1954.058052,-539.14747,6.338609,1957.6824,1951.343791,-307.850451
12,2023-10-21 14:35:00,2023-10-21 14:38:00,4,93,28.206,69,8.0,208.0,208.0,3.77,"(8.0, 208.0, -66.0, 3.77, 0.0)",2023-10-21 14:35:00,2023-10-21 14:38:00,4,4,4,0,1.0,1.0,0.0,3.624348,1957.6824,1954.058052,-539.14747,6.338609,1957.6824,1951.343791,-307.850451
12,2023-10-21 14:35:00,2023-10-21 14:38:00,4,93,28.206,70,8.0,249.0,249.0,4.73,"(8.0, 249.0, -72.0, 4.73, 0.0)",2023-10-21 14:35:00,2023-10-21 14:38:00,4,4,4,0,1.0,1.0,0.0,3.624348,1957.6824,1954.058052,-539.14747,6.338609,1957.6824,1951.343791,-307.850451
12,2023-10-21 14:35:00,2023-10-21 14:38:00,4,93,28.206,71,8.0,307.0,307.0,4.43,"(8.0, 307.0, -75.0, 4.43, 0.0)",2023-10-21 14:35:00,2023-10-21 14:38:00,4,4,4,0,1.0,1.0,0.0,3.624348,1957.6824,1954.058052,-539.14747,6.338609,1957.6824,1951.343791,-307.850451
12,2023-10-21 14:35:00,2023-10-21 14:38:00,4,93,28.206,72,8.0,230.0,230.0,4.53,"(8.0, 230.0, -62.0, 4.53, 0.0)",2023-10-21 14:35:00,2023-10-21 14:38:00,4,4,4,0,1.0,1.0,0.0,3.624348,1957.6824,1954.058052,-539.14747,6.338609,1957.6824,1951.343791,-307.850451
12,2023-10-21 14:35:00,2023-10-21 14:38:00,4,93,28.206,73,11.0,156.0,156.0,3.45,"(11.0, 156.0, -63.0, 3.45, 0.0)",2023-10-21 14:35:00,2023-10-21 14:38:00,4,4,4,0,1.0,1.0,0.0,3.624348,1957.6824,1954.058052,-539.14747,6.338609,1957.6824,1951.343791,-307.850451
12,2023-10-21 14:35:00,2023-10-21 14:38:00,4,93,28.206,74,8.0,319.0,319.0,4.25,"(8.0, 319.0, -67.0, 4.25, 0.0)",2023-10-21 14:35:00,2023-10-21 14:38:00,4,4,4,0,1.0,1.0,0.0,3.624348,1957.6824,1954.058052,-539.14747,6.338609,1957.6824,1951.343791,-307.850451
12,2023-10-21 14:35:00,2023-10-21 14:38:00,4,93,28.206,75,8.0,385.0,385.0,5.32,"(8.0, 385.0, -2.0, 5.32, 0.0)",2023-10-21 14:35:00,2023-10-21 14:38:00,4,4,4,0,1.0,1.0,0.0,3.624348,1957.6824,1954.058052,-539.14747,6.338609,1957.6824,1951.343791,-307.850451
12,2023-10-21 14:35:00,2023-10-21 14:38:00,4,93,28.206,76,8.0,397.0,397.0,5.04,"(8.0, 397.0, 0.0, 5.04, 0.0)",2023-10-21 14:35:00,2023-10-21 14:38:00,4,4,4,0,1.0,1.0,0.0,3.624348,1957.6824,1954.058052,-539.14747,6.338609,1957.6824,1951.343791,-307.850451
12,2023-10-21 14:35:00,2023-10-21 14:38:00,4,93,28.206,77,8.0,349.0,349.0,4.38,"(8.0, 349.0, -36.0, 4.38, 0.0)",2023-10-21 14:35:00,2023-10-21 14:38:00,4,4,4,0,1.0,1.0,0.0,3.624348,1957.6824,1954.058052,-539.14747,6.338609,1957.6824,1951.343791,-307.850451
12,2023-10-21 14:35:00,2023-10-21 14:38:00,4,93,28.206,78,8.0,251.0,251.0,4.06,"(8.0, 251.0, -64.0, 4.06, 0.0)",2023-10-21 14:35:00,2023-10-21 14:38:00,4,4,4,0,1.0,1.0,0.0,3.624348,1957.6824,1954.058052,-539.14747,6.338609,1957.6824,1951.343791,-307.850451
12,2023-10-21 14:35:00,2023-10-21 14:38:00,4,93,28.206,79,8.0,215.0,215.0,4.46,"(8.0, 215.0, -75.0, 4.46, 0.0)",2023-10-21 14:35:00,2023-10-21 14:38:00,4,4,4,0,1.0,1.0,0.0,3.624348,1957.6824,1954.058052,-539.14747,6.338609,1957.6824,1951.343791,-307.850451
12,2023-10-21 14:35:00,2023-10-21 14:38:00,4,93,28.206,80,8.0,116.0,116.0,3.52,"(8.0, 116.0, -63.0, 3.52, 0.0)",2023-10-21 14:35:00,2023-10-21 14:38:00,4,4,4,0,1.0,1.0,0.0,3.624348,1957.6824,1954.058052,-539.14747,6.338609,1957.6824,1951.343791,-307.850451
12,2023-10-21 14:35:00,2023-10-21 14:38:00,4,93,28.206,81,11.0,200.0,200.0,3.88,"(11.0, 200.0, -62.0, 3.88, 0.0)",2023-10-21 14:35:00,2023-10-21 14:38:00,4,4,4,0,1.0,1.0,0.0,3.624348,1957.6824,1954.058052,-539.14747,6.338609,1957.6824,1951.343791,-307.850451
12,2023-10-21 14:35:00,2023-10-21 14:38:00,4,93,28.206,82,8.0,217.0,217.0,3.68,"(8.0, 217.0, -62.0, 3.68, 0.0)",2023-10-21 14:35:00,2023-10-21 14:38:00,4,4,4,0,1.0,1.0,0.0,3.624348,1957.6824,1954.058052,-539.14747,6.338609,1957.6824,1951.343791,-307.850451
12,2023-10-21 14:35:00,2023-10-21 14:38:00,4,93,28.206,83,8.0,390.0,390.0,4.97,"(8.0, 390.0, -50.0, 4.97, 0.0)",2023-10-21 14:35:00,2023-10-21 14:38:00,4,4,4,0,1.0,1.0,0.0,3.624348,1957.6824,1954.058052,-539.14747,6.338609,1957.6824,1951.343791,-307.850451
12,2023-10-21 14:35:00,2023-10-21 14:38:00,4,93,28.206,84,8.0,367.0,367.0,5.18,"(8.0, 367.0, -43.0, 5.18, 0.0)",2023-10-21 14:35:00,2023-10-21 14:38:00,4,4,4,0,1.0,1.0,0.0,3.624348,1957.6824,1954.058052,-539.14747,6.338609,1957.6824,1951.343791,-307.850451
12,2023-10-21 14:35:00,2023-10-21 14:38:00,4,93,28.206,85,11.0,241.0,241.0,3.51,"(11.0, 241.0, -80.0, 3.51, 0.0)",2023-10-21 14:35:00,2023-10-21 14:38:00,4,4,4,0,1.0,1.0,0.0,3.624348,1957.6824,1954.058052,-539.14747,6.338609,1957.6824,1951.343791,-307.850451
12,2023-10-21 14:35:00,2023-10-21 14:38:00,4,93,28.206,86,8.0,219.0,219.0,4.75,"(8.0, 219.0, -71.0, 4.75, 0.0)",2023-10-21 14:35:00,2023-10-21 14:38:00,4,4,4,0,1.0,1.0,0.0,3.624348,1957.6824,1954.058052,-539.14747,6.338609,1957.6824,1951.343791,-307.850451
12,2023-10-21 14:35:00,2023-10-21 14:38:00,4,93,28.206,87,8.0,789.0,789.0,6.11,"(8.0, 789.0, 70.0, 6.11, 0.0)",2023-10-21 14:35:00,2023-10-21 14:38:00,4,4,4,0,1.0,1.0,0.0,3.624348,1957.6824,1954.058052,-539.14747,6.338609,1957.6824,1951.343791,-307.850451
12,2023-10-21 14:35:00,2023-10-21 14:38:00,4,93,28.206,89,8.0,479.0,479.0,5.75,"(8.0, 479.0, -2.0, 5.75, 0.0)",2023-10-21 14:35:00,2023-10-21 14:38:00,4,4,4,0,1.0,1.0,0.0,3.624348,1957.6824,1954.058052,-539.14747,6.338609,1957.6824,1951.343791,-307.850451
12,2023-10-21 14:35:00,2023-10-21 14:38:00,4,93,28.206,90,8.0,215.0,215.0,3.82,"(8.0, 215.0, -81.0, 3.82, 0.0)",2023-10-21 14:35:00,2023-10-21 14:38:00,4,4,4,0,1.0,1.0,0.0,3.624348,1957.6824,1954.058052,-539.14747,6.338609,1957.6824,1951.343791,-307.850451
12,2023-10-21 14:35:00,2023-10-21 14:38:00,4,93,28.206,91,8.0,415.0,415.0,4.67,"(8.0, 415.0, -9.0, 4.67, 0.0)",2023-10-21 14:35:00,2023-10-21 14:38:00,4,4,4,0,1.0,1.0,0.0,3.624348,1957.6824,1954.058052,-539.14747,6.338609,1957.6824,1951.343791,-307.850451
12,2023-10-21 14:35:00,2023-10-21 14:38:00,4,93,28.206,92,8.0,253.0,253.0,3.63,"(8.0, 253.0, -84.0, 3.63, 0.0)",2023-10-21 14:35:00,2023-10-21 14:38:00,4,4,4,0,1.0,1.0,0.0,3.624348,1957.6824,1954.058052,-539.14747,6.338609,1957.6824,1951.343791,-307.850451
12,2023-10-21 14:35:00,2023-10-21 14:38:00,4,93,28.206,93,8.0,233.0,233.0,3.98,"(8.0, 233.0, -104.0, 3.98, 0.0)",2023-10-21 14:35:00,2023-10-21 14:38:00,4,4,4,0,1.0,1.0,0.0,3.624348,1957.6824,1954.058052,-539.14747,6.338609,1957.6824,1951.343791,-307.850451
12,2023-10-21 14:35:00,2023-10-21 14:38:00,4,93,28.206,94,8.0,65.0,65.0,2.91,"(8.0, 65.0, -66.0, 2.91, 0.0)",2023-10-21 14:35:00,2023-10-21 14:38:00,4,4,4,0,1.0,1.0,0.0,3.624348,1957.6824,1954.058052,-539.14747,6.338609,1957.6824,1951.343791,-307.850451
12,2023-10-21 14:35:00,2023-10-21 14:38:00,4,93,28.206,95,8.0,70.0,70.0,3.04,"(8.0, 70.0, -74.0, 3.04, 0.0)",2023-10-21 14:35:00,2023-10-21 14:38:00,4,4,4,0,1.0,1.0,0.0,3.624348,1957.6824,1954.058052,-539.14747,6.338609,1957.6824,1951.343791,-307.850451
12,2023-10-21 14:35:00,2023-10-21 14:38:00,4,93,28.206,96,8.0,266.0,266.0,4.2,"(8.0, 266.0, -112.0, 4.2, 0.0)",2023-10-21 14:35:00,2023-10-21 14:38:00,4,4,4,0,1.0,1.0,0.0,3.624348,1957.6824,1954.058052,-539.14747,6.338609,1957.6824,1951.343791,-307.850451
12,2023-10-21 14:35:00,2023-10-21 14:38:00,4,93,28.206,97,8.0,107.0,107.0,3.34,"(8.0, 107.0, -77.0, 3.34, 0.0)",2023-10-21 14:35:00,2023-10-21 14:38:00,4,4,4,0,1.0,1.0,0.0,3.624348,1957.6824,1954.058052,-539.14747,6.338609,1957.6824,1951.343791,-307.850451
12,2023-10-21 14:35:00,2023-10-21 14:38:00,4,93,28.206,98,8.0,180.0,180.0,3.04,"(8.0, 180.0, -67.0, 3.04, 0.0)",2023-10-21 14:35:00,2023-10-21 14:38:00,4,4,4,0,1.0,1.0,0.0,3.624348,1957.6824,1954.058052,-539.14747,6.338609,1957.6824,1951.343791,-307.850451
12,2023-10-21 14:35:00,2023-10-21 14:38:00,4,93,28.206,99,8.0,102.0,102.0,3.8,"(8.0, 102.0, -66.0, 3.8, 0.0)",2023-10-21 14:35:00,2023-10-21 14:38:00,4,4,4,0,1.0,1.0,0.0,3.624348,1957.6824,1954.058052,-539.14747,6.338609,1957.6824,1951.343791,-307.850451
12,2023-10-21 14:35:00,2023-10-21 14:38:00,4,93,28.206,100,8.0,265.0,265.0,4.1,"(8.0, 265.0, -65.0, 4.1, 0.0)",2023-10-21 14:35:00,2023-10-21 14:38:00,4,4,4,0,1.0,1.0,0.0,3.624348,1957.6824,1954.058052,-539.14747,6.338609,1957.6824,1951.343791,-307.850451
13,2023-10-21 14:39:00,2023-10-22 12:47:00,1329,1,3.71,52,0.0,3710.0,3710.0,9.82,"(0.0, 3710.0, 57.0, 9.82, 0.0)",2023-10-20 07:11:00,2023-11-04 07:15:00,21603,298,26,-272,0.224229,0.019564,-0.204665,342.748182,20.407508,-322.340674,0.940459,930.100141,62.165878,-867.934263,0.933162
14,2023-10-22 12:48:00,2023-10-22 13:52:00,65,2,3.761,44,0.0,51.0,51.0,3.2,"(0.0, 51.0, -69.0, 3.2, 0.0)",2023-10-22 12:48:00,2023-10-22 13:52:00,65,59,4,-55,0.907692,0.061538,-0.846154,56.017727,0.320559,-55.697168,0.994278,89.490809,6.768036,-82.722773,0.924372
14,2023-10-22 12:48:00,2023-10-22 13:52:00,65,2,3.761,52,0.0,3710.0,3710.0,9.82,"(0.0, 3710.0, 57.0, 9.82, 0.0)",2023-10-20 07:11:00,2023-11-04 07:15:00,21603,59,4,-55,0.907692,0.061538,-0.846154,56.017727,0.320559,-55.697168,0.994278,89.490809,6.768036,-82.722773,0.924372
15,2023-10-22 13:53:00,2023-10-22 15:59:00,127,1,3.71,52,0.0,3710.0,3710.0,9.82,"(0.0, 3710.0, 57.0, 9.82, 0.0)",2023-10-20 07:11:00,2023-11-04 07:15:00,21603,67,3,-64,0.527559,0.023622,-0.503937,61.803829,0.149331,-61.654498,0.997584,128.403036,10.986062,-117.416974,0.914441
16,2023-10-22 16:00:00,2023-10-22 17:10:00,71,2,4.114,44,0.0,404.0,404.0,4.8,"(0.0, 404.0, 86.0, 4.8, 0.0)",2023-10-22 16:00:00,2023-10-22 17:10:00,71,71,60,-11,1.0,0.84507,-0.15493,89.094555,15.666398,-73.428157,0.82416,135.266753,41.268486,-93.998267,0.69491
16,2023-10-22 16:00:00,2023-10-22 17:10:00,71,2,4.114,52,0.0,3710.0,3710.0,9.82,"(0.0, 3710.0, 57.0, 9.82, 0.0)",2023-10-20 07:11:00,2023-11-04 07:15:00,21603,71,60,-11,1.0,0.84507,-0.15493,89.094555,15.666398,-73.428157,0.82416,135.266753,41.268486,-93.998267,0.69491
17,2023-10-22 17:11:00,2023-10-23 17:10:00,1440,1,3.71,52,0.0,3710.0,3710.0,9.82,"(0.0, 3710.0, 57.0, 9.82, 0.0)",2023-10-20 07:11:00,2023-11-04 07:15:00,21603,1427,467,-960,0.990972,0.324306,-0.666667,1866.044497,128.632191,-1737.412306,0.931067,2655.533012,478.220131,-2177.312881,0.819916
18,2023-10-23 17:11:00,2023-10-23 19:03:00,113,3,5.044,44,0.0,701.0,701.0,5.3,"(0.0, 701.0, 51.0, 5.3, 0.0)",2023-10-23 17:11:00,2023-10-23 19:03:00,113,45,111,66,0.39823,0.982301,0.584071,16.11975,100.893563,84.773813,-5.259003,56.097368,157.189703,101.092335,-1.802087
18,2023-10-23 17:11:00,2023-10-23 19:03:00,113,3,5.044,46,0.0,633.0,633.0,5.31,"(0.0, 633.0, -78.0, 5.31, 0.0)",2023-10-23 17:11:00,2023-10-23 19:03:00,113,45,111,66,0.39823,0.982301,0.584071,16.11975,100.893563,84.773813,-5.259003,56.097368,157.189703,101.092335,-1.802087
18,2023-10-23 17:11:00,2023-10-23 19:03:00,113,3,5.044,52,0.0,3710.0,3710.0,9.82,"(0.0, 3710.0, 57.0, 9.82, 0.0)",2023-10-20 07:11:00,2023-11-04 07:15:00,21603,45,111,66,0.39823,0.982301,0.584071,16.11975,100.893563,84.773813,-5.259003,56.097368,157.189703,101.092335,-1.802087
19,2023-10-23 19:04:00,2023-10-23 20:25:00,82,1,3.71,52,0.0,3710.0,3710.0,9.82,"(0.0, 3710.0, 57.0, 9.82, 0.0)",2023-10-20 07:11:00,2023-11-04 07:15:00,21603,9,49,40,0.109756,0.597561,0.487805,2.142136,8.814235,6.672099,-3.114694,21.444958,45.43079,23.985832,-1.118484
20,2023-10-23 20:26:00,2023-10-23 20:32:00,7,3,8.51,44,0.0,2465.0,2465.0,9.22,"(0.0, 2465.0, 54.0, 9.22, 0.0)",2023-10-23 20:26:00,2023-10-23 20:32:00,7,1,7,6,0.142857,1.0,0.857143,0.452772,6.489141,6.036369,-13.332022,2.151975,10.137729,7.985754,-3.710896
20,2023-10-23 20:26:00,2023-10-23 20:32:00,7,3,8.51,46,0.0,2335.0,2335.0,7.5,"(0.0, 2335.0, -52.0, 7.5, 0.0)",2023-10-23 20:26:00,2023-10-23 20:32:00,7,1,7,6,0.142857,1.0,0.857143,0.452772,6.489141,6.036369,-13.332022,2.151975,10.137729,7.985754,-3.710896
20,2023-10-23 20:26:00,2023-10-23 20:32:00,7,3,8.51,52,0.0,3710.0,3710.0,9.82,"(0.0, 3710.0, 57.0, 9.82, 0.0)",2023-10-20 07:11:00,2023-11-04 07:15:00,21603,1,7,6,0.142857,1.0,0.857143,0.452772,6.489141,6.036369,-13.332022,2.151975,10.137729,7.985754,-3.710896
21,2023-10-23 20:33:00,2023-10-23 20:50:00,18,1,3.71,52,0.0,3710.0,3710.0,9.82,"(0.0, 3710.0, 57.0, 9.82, 0.0)",2023-10-20 07:11:00,2023-11-04 07:15:00,21603,2,9,7,0.111111,0.5,0.388889,0.31645,1.466614,1.150165,-3.63459,4.468405,9.004754,4.536349,-1.015205
22,2023-10-23 20:51:00,2023-10-23 21:01:00,11,3,8.948,44,0.0,2852.0,2852.0,8.84,"(0.0, 2852.0, 48.0, 8.84, 0.0)",2023-10-23 20:51:00,2023-10-23 21:01:00,11,3,11,8,0.272727,1.0,0.727273,0.550691,9.504443,8.953752,-16.259118,3.898256,15.213881,11.315625,-2.902741
22,2023-10-23 20:51:00,2023-10-23 21:01:00,11,3,8.948,46,0.0,2386.0,2386.0,9.02,"(0.0, 2386.0, -47.0, 9.02, 0.0)",2023-10-23 20:51:00,2023-10-23 21:01:00,11,3,11,8,0.272727,1.0,0.727273,0.550691,9.504443,8.953752,-16.259118,3.898256,15.213881,11.315625,-2.902741
22,2023-10-23 20:51:00,2023-10-23 21:01:00,11,3,8.948,52,0.0,3710.0,3710.0,9.82,"(0.0, 3710.0, 57.0, 9.82, 0.0)",2023-10-20 07:11:00,2023-11-04 07:15:00,21603,3,11,8,0.272727,1.0,0.727273,0.550691,9.504443,8.953752,-16.259118,3.898256,15.213881,11.315625,-2.902741
23,2023-10-23 21:02:00,2023-10-30 11:57:00,9536,1,3.71,52,0.0,3710.0,3710.0,9.82,"(0.0, 3710.0, 57.0, 9.82, 0.0)",2023-10-20 07:11:00,2023-11-04 07:15:00,21603,1370,550,-820,0.143666,0.057676,-0.08599,1679.506042,122.580758,-1556.925284,0.927014,5733.226159,576.039595,-5157.186564,0.899526
24,2023-10-30 11:58:00,2023-10-30 12:03:00,6,2,3.71,52,0.0,3710.0,3710.0,9.82,"(0.0, 3710.0, 57.0, 9.82, 0.0)",2023-10-20 07:11:00,2023-11-04 07:15:00,21603,0,0,0,0.0,0.0,0.0,0.0,0.0,0.0,,2.424569,0.0,-2.424569,1.0
24,2023-10-30 11:58:00,2023-10-30 12:03:00,6,2,3.71,78,5.614822e-39,6.122808e-39,6.122808e-39,0.0,"(5.614822e-39, 6.122808e-39, 6.122751e-39, 0.0, 0.0)",2023-10-30 11:58:00,2023-10-30 12:03:00,6,0,0,0,0.0,0.0,0.0,0.0,0.0,0.0,,2.424569,0.0,-2.424569,1.0
25,2023-10-30 12:04:00,2023-11-04 07:15:00,6912,1,3.71,52,0.0,3710.0,3710.0,9.82,"(0.0, 3710.0, 57.0, 9.82, 0.0)",2023-10-20 07:11:00,2023-11-04 07:15:00,21603,0,0,0,0.0,0.0,0.0,0.0,0.0,0.0,,2793.103593,0.0,-2793.103593,1.0
27,2023-11-08 11:57:00,2023-11-08 12:02:00,6,2,5.634,72,0.0,3538.0,3538.0,10.56,"(0.0, 3538.0, 42.0, 10.56, 0.0)",2023-11-08 11:57:00,2023-11-08 12:02:00,6,1,5,4,0.166667,0.833333,0.666667,0.032705,3.119599,3.086894,-94.385649,1.277503,6.145595,4.868092,-3.810631
27,2023-11-08 11:57:00,2023-11-08 12:02:00,6,2,5.634,74,0.0,2096.0,2096.0,6.57,"(0.0, 2096.0, 32.0, 6.57, 0.0)",2023-11-08 11:57:00,2023-11-08 12:02:00,6,1,5,4,0.166667,0.833333,0.666667,0.032705,3.119599,3.086894,-94.385649,1.277503,6.145595,4.868092,-3.810631
29,2023-11-20 12:02:00,2023-11-20 15:06:00,185,1,0.316,44,0.0,316.0,316.0,4.45,"(0.0, 316.0, 5.0, 4.45, 0.0)",2023-11-20 12:02:00,2023-11-20 15:06:00,185,6,12,6,0.032432,0.064865,0.032432,0.466162,1.724096,1.257934,-2.698492,38.389844,26.837607,-11.552237,0.300919
31,2023-11-21 11:16:00,2023-11-21 11:16:00,1,1,1.471,15,0.0,1471.0,1471.0,7.1,"(0.0, 1471.0, 41.0, 7.1, 0.0)",2023-11-21 11:16:00,2023-11-21 12:12:00,57,0,1,1,0.0,1.0,1.0,0.0,0.615563,0.615563,,0.022673,1.057531,1.034858,-45.642596
32,2023-11-21 11:17:00,2023-11-21 12:11:00,55,4,3.946,13,0.0,729.0,729.0,5.46,"(0.0, 729.0, 35.0, 5.46, 0.0)",2023-11-21 11:17:00,2023-11-21 12:12:00,56,26,55,29,0.472727,1.0,0.527273,10.155047,82.645145,72.490098,-7.138332,30.156975,108.058183,77.901208,-2.58319
32,2023-11-21 11:17:00,2023-11-21 12:11:00,55,4,3.946,14,0.0,1096.0,1096.0,7.05,"(0.0, 1096.0, -26.0, 7.05, 0.0)",2023-11-21 11:17:00,2023-11-21 12:12:00,56,26,55,29,0.472727,1.0,0.527273,10.155047,82.645145,72.490098,-7.138332,30.156975,108.058183,77.901208,-2.58319
32,2023-11-21 11:17:00,2023-11-21 12:11:00,55,4,3.946,15,0.0,1471.0,1471.0,7.1,"(0.0, 1471.0, 41.0, 7.1, 0.0)",2023-11-21 11:16:00,2023-11-21 12:12:00,57,26,55,29,0.472727,1.0,0.527273,10.155047,82.645145,72.490098,-7.138332,30.156975,108.058183,77.901208,-2.58319
32,2023-11-21 11:17:00,2023-11-21 12:11:00,55,4,3.946,16,0.0,650.0,650.0,4.99,"(0.0, 650.0, 23.0, 4.99, 0.0)",2023-11-21 11:17:00,2023-11-21 12:11:00,55,26,55,29,0.472727,1.0,0.527273,10.155047,82.645145,72.490098,-7.138332,30.156975,108.058183,77.901208,-2.58319
33,2023-11-21 12:12:00,2023-11-21 12:12:00,1,3,3.296,13,0.0,729.0,729.0,5.46,"(0.0, 729.0, 35.0, 5.46, 0.0)",2023-11-21 11:17:00,2023-11-21 12:12:00,56,0,1,1,0.0,1.0,1.0,0.0,0.954905,0.954905,,0.350059,1.413159,1.063099,-3.03691
33,2023-11-21 12:12:00,2023-11-21 12:12:00,1,3,3.296,14,0.0,1096.0,1096.0,7.05,"(0.0, 1096.0, -26.0, 7.05, 0.0)",2023-11-21 11:17:00,2023-11-21 12:12:00,56,0,1,1,0.0,1.0,1.0,0.0,0.954905,0.954905,,0.350059,1.413159,1.063099,-3.03691
33,2023-11-21 12:12:00,2023-11-21 12:12:00,1,3,3.296,15,0.0,1471.0,1471.0,7.1,"(0.0, 1471.0, 41.0, 7.1, 0.0)",2023-11-21 11:16:00,2023-11-21 12:12:00,57,0,1,1,0.0,1.0,1.0,0.0,0.954905,0.954905,,0.350059,1.413159,1.063099,-3.03691
35,2023-12-18 11:59:00,2023-12-18 12:02:00,4,30,18.153,31,8.0,617.0,617.0,5.31,"(8.0, 617.0, 27.0, 5.31, 0.0)",2023-12-18 11:59:00,2023-12-18 12:02:00,4,0,4,4,0.0,1.0,1.0,0.0,45.114378,45.114378,,0.805159,46.602266,45.797107,-56.879615
35,2023-12-18 11:59:00,2023-12-18 12:02:00,4,30,18.153,32,8.0,1119.0,1119.0,5.88,"(8.0, 1119.0, -22.0, 5.88, 0.0)",2023-12-18 11:59:00,2023-12-18 12:02:00,4,0,4,4,0.0,1.0,1.0,0.0,45.114378,45.114378,,0.805159,46.602266,45.797107,-56.879615
35,2023-12-18 11:59:00,2023-12-18 12:02:00,4,30,18.153,33,8.0,1101.0,1101.0,7.08,"(8.0, 1101.0, -2.0, 7.08, 0.0)",2023-12-18 11:59:00,2023-12-18 12:02:00,4,0,4,4,0.0,1.0,1.0,0.0,45.114378,45.114378,,0.805159,46.602266,45.797107,-56.879615
35,2023-12-18 11:59:00,2023-12-18 12:02:00,4,30,18.153,34,8.0,606.0,606.0,4.59,"(8.0, 606.0, -19.0, 4.59, 0.0)",2023-12-18 11:59:00,2023-12-18 12:02:00,4,0,4,4,0.0,1.0,1.0,0.0,45.114378,45.114378,,0.805159,46.602266,45.797107,-56.879615
35,2023-12-18 11:59:00,2023-12-18 12:02:00,4,30,18.153,35,8.0,779.0,779.0,5.99,"(8.0, 779.0, 22.0, 5.99, 0.0)",2023-12-18 11:59:00,2023-12-18 12:02:00,4,0,4,4,0.0,1.0,1.0,0.0,45.114378,45.114378,,0.805159,46.602266,45.797107,-56.879615
35,2023-12-18 11:59:00,2023-12-18 12:02:00,4,30,18.153,36,8.0,508.0,508.0,5.46,"(8.0, 508.0, -43.0, 5.46, 0.0)",2023-12-18 11:59:00,2023-12-18 12:02:00,4,0,4,4,0.0,1.0,1.0,0.0,45.114378,45.114378,,0.805159,46.602266,45.797107,-56.879615
35,2023-12-18 11:59:00,2023-12-18 12:02:00,4,30,18.153,37,8.0,655.0,655.0,5.08,"(8.0, 655.0, 1.0, 5.08, 0.0)",2023-12-18 11:59:00,2023-12-18 12:02:00,4,0,4,4,0.0,1.0,1.0,0.0,45.114378,45.114378,,0.805159,46.602266,45.797107,-56.879615
35,2023-12-18 11:59:00,2023-12-18 12:02:00,4,30,18.153,38,8.0,436.0,436.0,4.9,"(8.0, 436.0, -88.0, 4.9, 0.0)",2023-12-18 11:59:00,2023-12-18 12:02:00,4,0,4,4,0.0,1.0,1.0,0.0,45.114378,45.114378,,0.805159,46.602266,45.797107,-56.879615
35,2023-12-18 11:59:00,2023-12-18 12:02:00,4,30,18.153,39,8.0,377.0,377.0,4.71,"(8.0, 377.0, -69.0, 4.71, 0.0)",2023-12-18 11:59:00,2023-12-18 12:02:00,4,0,4,4,0.0,1.0,1.0,0.0,45.114378,45.114378,,0.805159,46.602266,45.797107,-56.879615
35,2023-12-18 11:59:00,2023-12-18 12:02:00,4,30,18.153,41,8.0,596.0,596.0,4.96,"(8.0, 596.0, 22.0, 4.96, 0.0)",2023-12-18 11:59:00,2023-12-18 12:02:00,4,0,4,4,0.0,1.0,1.0,0.0,45.114378,45.114378,,0.805159,46.602266,45.797107,-56.879615
35,2023-12-18 11:59:00,2023-12-18 12:02:00,4,30,18.153,42,11.0,650.0,650.0,5.78,"(11.0, 650.0, 16.0, 5.78, 0.0)",2023-12-18 11:59:00,2023-12-18 12:02:00,4,0,4,4,0.0,1.0,1.0,0.0,45.114378,45.114378,,0.805159,46.602266,45.797107,-56.879615
35,2023-12-18 11:59:00,2023-12-18 12:02:00,4,30,18.153,43,8.0,412.0,412.0,4.2,"(8.0, 412.0, -1.0, 4.2, 0.0)",2023-12-18 11:59:00,2023-12-18 12:02:00,4,0,4,4,0.0,1.0,1.0,0.0,45.114378,45.114378,,0.805159,46.602266,45.797107,-56.879615
35,2023-12-18 11:59:00,2023-12-18 12:02:00,4,30,18.153,44,8.0,689.0,689.0,5.22,"(8.0, 689.0, 16.0, 5.22, 0.0)",2023-12-18 11:59:00,2023-12-18 12:02:00,4,0,4,4,0.0,1.0,1.0,0.0,45.114378,45.114378,,0.805159,46.602266,45.797107,-56.879615
35,2023-12-18 11:59:00,2023-12-18 12:02:00,4,30,18.153,45,8.0,527.0,527.0,4.45,"(8.0, 527.0, -8.0, 4.45, 0.0)",2023-12-18 11:59:00,2023-12-18 12:02:00,4,0,4,4,0.0,1.0,1.0,0.0,45.114378,45.114378,,0.805159,46.602266,45.797107,-56.879615
35,2023-12-18 11:59:00,2023-12-18 12:02:00,4,30,18.153,46,8.0,509.0,509.0,5.12,"(8.0, 509.0, -139.0, 5.12, 0.0)",2023-12-18 11:59:00,2023-12-18 12:02:00,4,0,4,4,0.0,1.0,1.0,0.0,45.114378,45.114378,,0.805159,46.602266,45.797107,-56.879615
35,2023-12-18 11:59:00,2023-12-18 12:02:00,4,30,18.153,47,8.0,510.0,510.0,5.33,"(8.0, 510.0, -97.0, 5.33, 0.0)",2023-12-18 11:59:00,2023-12-18 12:02:00,4,0,4,4,0.0,1.0,1.0,0.0,45.114378,45.114378,,0.805159,46.602266,45.797107,-56.879615
35,2023-12-18 11:59:00,2023-12-18 12:02:00,4,30,18.153,48,8.0,633.0,633.0,5.87,"(8.0, 633.0, 7.0, 5.87, 0.0)",2023-12-18 11:59:00,2023-12-18 12:02:00,4,0,4,4,0.0,1.0,1.0,0.0,45.114378,45.114378,,0.805159,46.602266,45.797107,-56.879615
35,2023-12-18 11:59:00,2023-12-18 12:02:00,4,30,18.153,49,8.0,770.0,770.0,6.18,"(8.0, 770.0, 30.0, 6.18, 0.0)",2023-12-18 11:59:00,2023-12-18 12:02:00,4,0,4,4,0.0,1.0,1.0,0.0,45.114378,45.114378,,0.805159,46.602266,45.797107,-56.879615
35,2023-12-18 11:59:00,2023-12-18 12:02:00,4,30,18.153,50,8.0,381.0,381.0,4.0,"(8.0, 381.0, -70.0, 4.0, 0.0)",2023-12-18 11:59:00,2023-12-18 12:02:00,4,0,4,4,0.0,1.0,1.0,0.0,45.114378,45.114378,,0.805159,46.602266,45.797107,-56.879615
35,2023-12-18 11:59:00,2023-12-18 12:02:00,4,30,18.153,51,8.0,393.0,393.0,4.27,"(8.0, 393.0, -69.0, 4.27, 0.0)",2023-12-18 11:59:00,2023-12-18 12:02:00,4,0,4,4,0.0,1.0,1.0,0.0,45.114378,45.114378,,0.805159,46.602266,45.797107,-56.879615
35,2023-12-18 11:59:00,2023-12-18 12:02:00,4,30,18.153,52,8.0,475.0,475.0,4.4,"(8.0, 475.0, -56.0, 4.4, 0.0)",2023-12-18 11:59:00,2023-12-18 12:02:00,4,0,4,4,0.0,1.0,1.0,0.0,45.114378,45.114378,,0.805159,46.602266,45.797107,-56.879615
35,2023-12-18 11:59:00,2023-12-18 12:02:00,4,30,18.153,53,8.0,957.0,957.0,6.5,"(8.0, 957.0, -22.0, 6.5, 0.0)",2023-12-18 11:59:00,2023-12-18 12:02:00,4,0,4,4,0.0,1.0,1.0,0.0,45.114378,45.114378,,0.805159,46.602266,45.797107,-56.879615
35,2023-12-18 11:59:00,2023-12-18 12:02:00,4,30,18.153,54,8.0,562.0,562.0,4.77,"(8.0, 562.0, -67.0, 4.77, 0.0)",2023-12-18 11:59:00,2023-12-18 12:02:00,4,0,4,4,0.0,1.0,1.0,0.0,45.114378,45.114378,,0.805159,46.602266,45.797107,-56.879615
35,2023-12-18 11:59:00,2023-12-18 12:02:00,4,30,18.153,55,8.0,565.0,565.0,4.66,"(8.0, 565.0, -12.0, 4.66, 0.0)",2023-12-18 11:59:00,2023-12-18 12:02:00,4,0,4,4,0.0,1.0,1.0,0.0,45.114378,45.114378,,0.805159,46.602266,45.797107,-56.879615
35,2023-12-18 11:59:00,2023-12-18 12:02:00,4,30,18.153,56,8.0,737.0,737.0,5.23,"(8.0, 737.0, 26.0, 5.23, 0.0)",2023-12-18 11:59:00,2023-12-18 12:02:00,4,0,4,4,0.0,1.0,1.0,0.0,45.114378,45.114378,,0.805159,46.602266,45.797107,-56.879615
35,2023-12-18 11:59:00,2023-12-18 12:02:00,4,30,18.153,57,8.0,801.0,801.0,6.62,"(8.0, 801.0, -15.0, 6.62, 0.0)",2023-12-18 11:59:00,2023-12-18 12:02:00,4,0,4,4,0.0,1.0,1.0,0.0,45.114378,45.114378,,0.805159,46.602266,45.797107,-56.879615
35,2023-12-18 11:59:00,2023-12-18 12:02:00,4,30,18.153,58,8.0,597.0,597.0,5.22,"(8.0, 597.0, -3.0, 5.22, 0.0)",2023-12-18 11:59:00,2023-12-18 12:02:00,4,0,4,4,0.0,1.0,1.0,0.0,45.114378,45.114378,,0.805159,46.602266,45.797107,-56.879615
35,2023-12-18 11:59:00,2023-12-18 12:02:00,4,30,18.153,59,8.0,528.0,528.0,5.12,"(8.0, 528.0, -29.0, 5.12, 0.0)",2023-12-18 11:59:00,2023-12-18 12:02:00,4,0,4,4,0.0,1.0,1.0,0.0,45.114378,45.114378,,0.805159,46.602266,45.797107,-56.879615
35,2023-12-18 11:59:00,2023-12-18 12:02:00,4,30,18.153,60,8.0,411.0,411.0,4.99,"(8.0, 411.0, -70.0, 4.99, 0.0)",2023-12-18 11:59:00,2023-12-18 12:02:00,4,0,4,4,0.0,1.0,1.0,0.0,45.114378,45.114378,,0.805159,46.602266,45.797107,-56.879615
35,2023-12-18 11:59:00,2023-12-18 12:02:00,4,30,18.153,61,8.0,252.0,252.0,3.37,"(8.0, 252.0, -76.0, 3.37, 0.0)",2023-12-18 11:59:00,2023-12-18 12:02:00,4,0,4,4,0.0,1.0,1.0,0.0,45.114378,45.114378,,0.805159,46.602266,45.797107,-56.879615
37,2023-12-20 15:04:00,2023-12-20 15:07:00,4,95,385.02,1,8.0,4076.0,4076.0,13.57,"(8.0, 4076.0, 38.0, 13.57, 0.0)",2023-12-20 15:04:00,2023-12-20 15:07:00,4,4,4,0,1.0,1.0,0.0,0.0,30109.896,30109.896,,1.02734,30109.896,30108.86866,-29307.590899
37,2023-12-20 15:04:00,2023-12-20 15:07:00,4,95,385.02,2,8.0,4049.0,4049.0,10.75,"(8.0, 4049.0, 50.0, 10.75, 0.0)",2023-12-20 15:04:00,2023-12-20 15:07:00,4,4,4,0,1.0,1.0,0.0,0.0,30109.896,30109.896,,1.02734,30109.896,30108.86866,-29307.590899
37,2023-12-20 15:04:00,2023-12-20 15:07:00,4,95,385.02,3,8.0,4011.0,4011.0,12.27,"(8.0, 4011.0, 47.0, 12.27, 0.0)",2023-12-20 15:04:00,2023-12-20 15:07:00,4,4,4,0,1.0,1.0,0.0,0.0,30109.896,30109.896,,1.02734,30109.896,30108.86866,-29307.590899
37,2023-12-20 15:04:00,2023-12-20 15:07:00,4,95,385.02,5,8.0,4066.0,4066.0,14.33,"(8.0, 4066.0, 60.0, 14.33, 0.0)",2023-12-20 15:04:00,2023-12-20 15:07:00,4,4,4,0,1.0,1.0,0.0,0.0,30109.896,30109.896,,1.02734,30109.896,30108.86866,-29307.590899
37,2023-12-20 15:04:00,2023-12-20 15:07:00,4,95,385.02,6,8.0,4040.0,4040.0,12.89,"(8.0, 4040.0, 24.0, 12.89, 0.0)",2023-12-20 15:04:00,2023-12-20 15:07:00,4,4,4,0,1.0,1.0,0.0,0.0,30109.896,30109.896,,1.02734,30109.896,30108.86866,-29307.590899
37,2023-12-20 15:04:00,2023-12-20 15:07:00,4,95,385.02,7,8.0,4048.0,4048.0,11.43,"(8.0, 4048.0, 60.0, 11.43, 0.0)",2023-12-20 15:04:00,2023-12-20 15:07:00,4,4,4,0,1.0,1.0,0.0,0.0,30109.896,30109.896,,1.02734,30109.896,30108.86866,-29307.590899
37,2023-12-20 15:04:00,2023-12-20 15:07:00,4,95,385.02,8,8.0,4027.0,4027.0,10.33,"(8.0, 4027.0, 111.0, 10.33, 0.0)",2023-12-20 15:04:00,2023-12-20 15:07:00,4,4,4,0,1.0,1.0,0.0,0.0,30109.896,30109.896,,1.02734,30109.896,30108.86866,-29307.590899
37,2023-12-20 15:04:00,2023-12-20 15:07:00,4,95,385.02,9,8.0,4037.0,4037.0,12.66,"(8.0, 4037.0, 40.0, 12.66, 0.0)",2023-12-20 15:04:00,2023-12-20 15:07:00,4,4,4,0,1.0,1.0,0.0,0.0,30109.896,30109.896,,1.02734,30109.896,30108.86866,-29307.590899
37,2023-12-20 15:04:00,2023-12-20 15:07:00,4,95,385.02,10,8.0,4056.0,4056.0,13.66,"(8.0, 4056.0, 56.0, 13.66, 0.0)",2023-12-20 15:04:00,2023-12-20 15:07:00,4,4,4,0,1.0,1.0,0.0,0.0,30109.896,30109.896,,1.02734,30109.896,30108.86866,-29307.590899
37,2023-12-20 15:04:00,2023-12-20 15:07:00,4,95,385.02,11,8.0,4035.0,4035.0,12.28,"(8.0, 4035.0, 43.0, 12.28, 0.0)",2023-12-20 15:04:00,2023-12-20 15:07:00,4,4,4,0,1.0,1.0,0.0,0.0,30109.896,30109.896,,1.02734,30109.896,30108.86866,-29307.590899
37,2023-12-20 15:04:00,2023-12-20 15:07:00,4,95,385.02,12,8.0,4078.0,4078.0,11.68,"(8.0, 4078.0, 28.0, 11.68, 0.0)",2023-12-20 15:04:00,2023-12-20 15:07:00,4,4,4,0,1.0,1.0,0.0,0.0,30109.896,30109.896,,1.02734,30109.896,30108.86866,-29307.590899
37,2023-12-20 15:04:00,2023-12-20 15:07:00,4,95,385.02,13,8.0,4072.0,4072.0,12.02,"(8.0, 4072.0, 53.0, 12.02, 0.0)",2023-12-20 15:04:00,2023-12-20 15:07:00,4,4,4,0,1.0,1.0,0.0,0.0,30109.896,30109.896,,1.02734,30109.896,30108.86866,-29307.590899
37,2023-12-20 15:04:00,2023-12-20 15:07:00,4,95,385.02,14,8.0,4037.0,4037.0,13.74,"(8.0, 4037.0, 16.0, 13.74, 0.0)",2023-12-20 15:04:00,2023-12-20 15:07:00,4,4,4,0,1.0,1.0,0.0,0.0,30109.896,30109.896,,1.02734,30109.896,30108.86866,-29307.590899
37,2023-12-20 15:04:00,2023-12-20 15:07:00,4,95,385.02,15,8.0,4050.0,4050.0,12.61,"(8.0, 4050.0, 70.0, 12.61, 0.0)",2023-12-20 15:04:00,2023-12-20 15:07:00,4,4,4,0,1.0,1.0,0.0,0.0,30109.896,30109.896,,1.02734,30109.896,30108.86866,-29307.590899
37,2023-12-20 15:04:00,2023-12-20 15:07:00,4,95,385.02,16,8.0,4037.0,4037.0,9.55,"(8.0, 4037.0, 53.0, 9.55, 0.0)",2023-12-20 15:04:00,2023-12-20 15:07:00,4,4,4,0,1.0,1.0,0.0,0.0,30109.896,30109.896,,1.02734,30109.896,30108.86866,-29307.590899
37,2023-12-20 15:04:00,2023-12-20 15:07:00,4,95,385.02,17,8.0,4098.0,4098.0,14.71,"(8.0, 4098.0, 69.0, 14.71, 0.0)",2023-12-20 15:04:00,2023-12-20 15:07:00,4,4,4,0,1.0,1.0,0.0,0.0,30109.896,30109.896,,1.02734,30109.896,30108.86866,-29307.590899
37,2023-12-20 15:04:00,2023-12-20 15:07:00,4,95,385.02,19,8.0,4043.0,4043.0,14.26,"(8.0, 4043.0, 41.0, 14.26, 0.0)",2023-12-20 15:04:00,2023-12-20 15:07:00,4,4,4,0,1.0,1.0,0.0,0.0,30109.896,30109.896,,1.02734,30109.896,30108.86866,-29307.590899
37,2023-12-20 15:04:00,2023-12-20 15:07:00,4,95,385.02,20,8.0,4030.0,4030.0,11.34,"(8.0, 4030.0, 56.0, 11.34, 0.0)",2023-12-20 15:04:00,2023-12-20 15:07:00,4,4,4,0,1.0,1.0,0.0,0.0,30109.896,30109.896,,1.02734,30109.896,30108.86866,-29307.590899
37,2023-12-20 15:04:00,2023-12-20 15:07:00,4,95,385.02,21,8.0,4079.0,4079.0,14.18,"(8.0, 4079.0, 38.0, 14.18, 0.0)",2023-12-20 15:04:00,2023-12-20 15:07:00,4,4,4,0,1.0,1.0,0.0,0.0,30109.896,30109.896,,1.02734,30109.896,30108.86866,-29307.590899
37,2023-12-20 15:04:00,2023-12-20 15:07:00,4,95,385.02,22,8.0,4100.0,4100.0,13.21,"(8.0, 4100.0, 44.0, 13.21, 0.0)",2023-12-20 15:04:00,2023-12-20 15:07:00,4,4,4,0,1.0,1.0,0.0,0.0,30109.896,30109.896,,1.02734,30109.896,30108.86866,-29307.590899
37,2023-12-20 15:04:00,2023-12-20 15:07:00,4,95,385.02,23,8.0,4053.0,4053.0,14.31,"(8.0, 4053.0, 61.0, 14.31, 0.0)",2023-12-20 15:04:00,2023-12-20 15:07:00,4,4,4,0,1.0,1.0,0.0,0.0,30109.896,30109.896,,1.02734,30109.896,30108.86866,-29307.590899
37,2023-12-20 15:04:00,2023-12-20 15:07:00,4,95,385.02,24,8.0,4086.0,4086.0,14.2,"(8.0, 4086.0, 62.0, 14.2, 0.0)",2023-12-20 15:04:00,2023-12-20 15:07:00,4,4,4,0,1.0,1.0,0.0,0.0,30109.896,30109.896,,1.02734,30109.896,30108.86866,-29307.590899
37,2023-12-20 15:04:00,2023-12-20 15:07:00,4,95,385.02,25,8.0,4072.0,4072.0,14.48,"(8.0, 4072.0, 31.0, 14.48, 0.0)",2023-12-20 15:04:00,2023-12-20 15:07:00,4,4,4,0,1.0,1.0,0.0,0.0,30109.896,30109.896,,1.02734,30109.896,30108.86866,-29307.590899
37,2023-12-20 15:04:00,2023-12-20 15:07:00,4,95,385.02,26,8.0,4081.0,4081.0,14.42,"(8.0, 4081.0, 32.0, 14.42, 0.0)",2023-12-20 15:04:00,2023-12-20 15:07:00,4,4,4,0,1.0,1.0,0.0,0.0,30109.896,30109.896,,1.02734,30109.896,30108.86866,-29307.590899
37,2023-12-20 15:04:00,2023-12-20 15:07:00,4,95,385.02,27,8.0,4035.0,4035.0,13.48,"(8.0, 4035.0, 37.0, 13.48, 0.0)",2023-12-20 15:04:00,2023-12-20 15:07:00,4,4,4,0,1.0,1.0,0.0,0.0,30109.896,30109.896,,1.02734,30109.896,30108.86866,-29307.590899
37,2023-12-20 15:04:00,2023-12-20 15:07:00,4,95,385.02,28,8.0,4074.0,4074.0,13.44,"(8.0, 4074.0, 36.0, 13.44, 0.0)",2023-12-20 15:04:00,2023-12-20 15:07:00,4,4,4,0,1.0,1.0,0.0,0.0,30109.896,30109.896,,1.02734,30109.896,30108.86866,-29307.590899
37,2023-12-20 15:04:00,2023-12-20 15:07:00,4,95,385.02,29,8.0,4042.0,4042.0,12.75,"(8.0, 4042.0, 41.0, 12.75, 0.0)",2023-12-20 15:04:00,2023-12-20 15:07:00,4,4,4,0,1.0,1.0,0.0,0.0,30109.896,30109.896,,1.02734,30109.896,30108.86866,-29307.590899
37,2023-12-20 15:04:00,2023-12-20 15:07:00,4,95,385.02,31,8.0,4039.0,4039.0,12.89,"(8.0, 4039.0, 25.0, 12.89, 0.0)",2023-12-20 15:04:00,2023-12-20 15:07:00,4,4,4,0,1.0,1.0,0.0,0.0,30109.896,30109.896,,1.02734,30109.896,30108.86866,-29307.590899
37,2023-12-20 15:04:00,2023-12-20 15:07:00,4,95,385.02,32,8.0,4030.0,4030.0,12.51,"(8.0, 4030.0, 50.0, 12.51, 0.0)",2023-12-20 15:04:00,2023-12-20 15:07:00,4,4,4,0,1.0,1.0,0.0,0.0,30109.896,30109.896,,1.02734,30109.896,30108.86866,-29307.590899
37,2023-12-20 15:04:00,2023-12-20 15:07:00,4,95,385.02,33,8.0,4064.0,4064.0,14.14,"(8.0, 4064.0, 34.0, 14.14, 0.0)",2023-12-20 15:04:00,2023-12-20 15:07:00,4,4,4,0,1.0,1.0,0.0,0.0,30109.896,30109.896,,1.02734,30109.896,30108.86866,-29307.590899
37,2023-12-20 15:04:00,2023-12-20 15:07:00,4,95,385.02,34,8.0,4095.0,4095.0,12.62,"(8.0, 4095.0, 43.0, 12.62, 0.0)",2023-12-20 15:04:00,2023-12-20 15:07:00,4,4,4,0,1.0,1.0,0.0,0.0,30109.896,30109.896,,1.02734,30109.896,30108.86866,-29307.590899
37,2023-12-20 15:04:00,2023-12-20 15:07:00,4,95,385.02,35,8.0,4075.0,4075.0,13.59,"(8.0, 4075.0, 67.0, 13.59, 0.0)",2023-12-20 15:04:00,2023-12-20 15:07:00,4,4,4,0,1.0,1.0,0.0,0.0,30109.896,30109.896,,1.02734,30109.896,30108.86866,-29307.590899
37,2023-12-20 15:04:00,2023-12-20 15:07:00,4,95,385.02,36,8.0,4038.0,4038.0,13.92,"(8.0, 4038.0, 52.0, 13.92, 0.0)",2023-12-20 15:04:00,2023-12-20 15:07:00,4,4,4,0,1.0,1.0,0.0,0.0,30109.896,30109.896,,1.02734,30109.896,30108.86866,-29307.590899
37,2023-12-20 15:04:00,2023-12-20 15:07:00,4,95,385.02,37,8.0,4085.0,4085.0,15.3,"(8.0, 4085.0, 66.0, 15.3, 0.0)",2023-12-20 15:04:00,2023-12-20 15:07:00,4,4,4,0,1.0,1.0,0.0,0.0,30109.896,30109.896,,1.02734,30109.896,30108.86866,-29307.590899
37,2023-12-20 15:04:00,2023-12-20 15:07:00,4,95,385.02,38,8.0,4082.0,4082.0,16.7,"(8.0, 4082.0, 23.0, 16.7, 0.0)",2023-12-20 15:04:00,2023-12-20 15:07:00,4,4,4,0,1.0,1.0,0.0,0.0,30109.896,30109.896,,1.02734,30109.896,30108.86866,-29307.590899
37,2023-12-20 15:04:00,2023-12-20 15:07:00,4,95,385.02,39,8.0,4065.0,4065.0,14.41,"(8.0, 4065.0, 63.0, 14.41, 0.0)",2023-12-20 15:04:00,2023-12-20 15:07:00,4,4,4,0,1.0,1.0,0.0,0.0,30109.896,30109.896,,1.02734,30109.896,30108.86866,-29307.590899
37,2023-12-20 15:04:00,2023-12-20 15:07:00,4,95,385.02,41,8.0,4018.0,4018.0,10.95,"(8.0, 4018.0, 21.0, 10.95, 0.0)",2023-12-20 15:04:00,2023-12-20 15:07:00,4,4,4,0,1.0,1.0,0.0,0.0,30109.896,30109.896,,1.02734,30109.896,30108.86866,-29307.590899
37,2023-12-20 15:04:00,2023-12-20 15:07:00,4,95,385.02,42,8.0,4046.0,4046.0,14.3,"(8.0, 4046.0, 35.0, 14.3, 0.0)",2023-12-20 15:04:00,2023-12-20 15:07:00,4,4,4,0,1.0,1.0,0.0,0.0,30109.896,30109.896,,1.02734,30109.896,30108.86866,-29307.590899
37,2023-12-20 15:04:00,2023-12-20 15:07:00,4,95,385.02,43,8.0,4068.0,4068.0,10.67,"(8.0, 4068.0, 61.0, 10.67, 0.0)",2023-12-20 15:04:00,2023-12-20 15:07:00,4,4,4,0,1.0,1.0,0.0,0.0,30109.896,30109.896,,1.02734,30109.896,30108.86866,-29307.590899
37,2023-12-20 15:04:00,2023-12-20 15:07:00,4,95,385.02,44,8.0,4084.0,4084.0,13.66,"(8.0, 4084.0, 82.0, 13.66, 0.0)",2023-12-20 15:04:00,2023-12-20 15:07:00,4,4,4,0,1.0,1.0,0.0,0.0,30109.896,30109.896,,1.02734,30109.896,30108.86866,-29307.590899
37,2023-12-20 15:04:00,2023-12-20 15:07:00,4,95,385.02,45,8.0,4064.0,4064.0,11.55,"(8.0, 4064.0, 31.0, 11.55, 0.0)",2023-12-20 15:04:00,2023-12-20 15:07:00,4,4,4,0,1.0,1.0,0.0,0.0,30109.896,30109.896,,1.02734,30109.896,30108.86866,-29307.590899
37,2023-12-20 15:04:00,2023-12-20 15:07:00,4,95,385.02,46,8.0,4082.0,4082.0,12.05,"(8.0, 4082.0, -78.0, 12.05, 0.0)",2023-12-20 15:04:00,2023-12-20 15:07:00,4,4,4,0,1.0,1.0,0.0,0.0,30109.896,30109.896,,1.02734,30109.896,30108.86866,-29307.590899
37,2023-12-20 15:04:00,2023-12-20 15:07:00,4,95,385.02,47,8.0,4054.0,4054.0,14.16,"(8.0, 4054.0, 71.0, 14.16, 0.0)",2023-12-20 15:04:00,2023-12-20 15:07:00,4,4,4,0,1.0,1.0,0.0,0.0,30109.896,30109.896,,1.02734,30109.896,30108.86866,-29307.590899
37,2023-12-20 15:04:00,2023-12-20 15:07:00,4,95,385.02,48,8.0,4069.0,4069.0,13.89,"(8.0, 4069.0, 61.0, 13.89, 0.0)",2023-12-20 15:04:00,2023-12-20 15:07:00,4,4,4,0,1.0,1.0,0.0,0.0,30109.896,30109.896,,1.02734,30109.896,30108.86866,-29307.590899
37,2023-12-20 15:04:00,2023-12-20 15:07:00,4,95,385.02,49,8.0,4019.0,4019.0,11.27,"(8.0, 4019.0, 49.0, 11.27, 0.0)",2023-12-20 15:04:00,2023-12-20 15:07:00,4,4,4,0,1.0,1.0,0.0,0.0,30109.896,30109.896,,1.02734,30109.896,30108.86866,-29307.590899
37,2023-12-20 15:04:00,2023-12-20 15:07:00,4,95,385.02,50,8.0,4085.0,4085.0,13.92,"(8.0, 4085.0, 52.0, 13.92, 0.0)",2023-12-20 15:04:00,2023-12-20 15:07:00,4,4,4,0,1.0,1.0,0.0,0.0,30109.896,30109.896,,1.02734,30109.896,30108.86866,-29307.590899
37,2023-12-20 15:04:00,2023-12-20 15:07:00,4,95,385.02,51,8.0,4073.0,4073.0,13.22,"(8.0, 4073.0, 31.0, 13.22, 0.0)",2023-12-20 15:04:00,2023-12-20 15:07:00,4,4,4,0,1.0,1.0,0.0,0.0,30109.896,30109.896,,1.02734,30109.896,30108.86866,-29307.590899
37,2023-12-20 15:04:00,2023-12-20 15:07:00,4,95,385.02,52,8.0,4044.0,4044.0,11.18,"(8.0, 4044.0, 41.0, 11.18, 0.0)",2023-12-20 15:04:00,2023-12-20 15:07:00,4,4,4,0,1.0,1.0,0.0,0.0,30109.896,30109.896,,1.02734,30109.896,30108.86866,-29307.590899
37,2023-12-20 15:04:00,2023-12-20 15:07:00,4,95,385.02,53,8.0,4019.0,4019.0,12.95,"(8.0, 4019.0, -51.0, 12.95, 0.0)",2023-12-20 15:04:00,2023-12-20 15:07:00,4,4,4,0,1.0,1.0,0.0,0.0,30109.896,30109.896,,1.02734,30109.896,30108.86866,-29307.590899
37,2023-12-20 15:04:00,2023-12-20 15:07:00,4,95,385.02,54,8.0,4066.0,4066.0,14.17,"(8.0, 4066.0, 46.0, 14.17, 0.0)",2023-12-20 15:04:00,2023-12-20 15:07:00,4,4,4,0,1.0,1.0,0.0,0.0,30109.896,30109.896,,1.02734,30109.896,30108.86866,-29307.590899
37,2023-12-20 15:04:00,2023-12-20 15:07:00,4,95,385.02,55,8.0,4088.0,4088.0,13.82,"(8.0, 4088.0, 52.0, 13.82, 0.0)",2023-12-20 15:04:00,2023-12-20 15:07:00,4,4,4,0,1.0,1.0,0.0,0.0,30109.896,30109.896,,1.02734,30109.896,30108.86866,-29307.590899
37,2023-12-20 15:04:00,2023-12-20 15:07:00,4,95,385.02,56,8.0,4036.0,4036.0,11.82,"(8.0, 4036.0, 33.0, 11.82, 0.0)",2023-12-20 15:04:00,2023-12-20 15:07:00,4,4,4,0,1.0,1.0,0.0,0.0,30109.896,30109.896,,1.02734,30109.896,30108.86866,-29307.590899
37,2023-12-20 15:04:00,2023-12-20 15:07:00,4,95,385.02,57,8.0,4104.0,4104.0,12.17,"(8.0, 4104.0, 76.0, 12.17, 0.0)",2023-12-20 15:04:00,2023-12-20 15:07:00,4,4,4,0,1.0,1.0,0.0,0.0,30109.896,30109.896,,1.02734,30109.896,30108.86866,-29307.590899
37,2023-12-20 15:04:00,2023-12-20 15:07:00,4,95,385.02,58,8.0,4088.0,4088.0,10.6,"(8.0, 4088.0, 56.0, 10.6, 0.0)",2023-12-20 15:04:00,2023-12-20 15:07:00,4,4,4,0,1.0,1.0,0.0,0.0,30109.896,30109.896,,1.02734,30109.896,30108.86866,-29307.590899
37,2023-12-20 15:04:00,2023-12-20 15:07:00,4,95,385.02,59,8.0,4067.0,4067.0,14.17,"(8.0, 4067.0, 54.0, 14.17, 0.0)",2023-12-20 15:04:00,2023-12-20 15:07:00,4,4,4,0,1.0,1.0,0.0,0.0,30109.896,30109.896,,1.02734,30109.896,30108.86866,-29307.590899
37,2023-12-20 15:04:00,2023-12-20 15:07:00,4,95,385.02,60,8.0,4010.0,4010.0,11.49,"(8.0, 4010.0, 59.0, 11.49, 0.0)",2023-12-20 15:04:00,2023-12-20 15:07:00,4,4,4,0,1.0,1.0,0.0,0.0,30109.896,30109.896,,1.02734,30109.896,30108.86866,-29307.590899
37,2023-12-20 15:04:00,2023-12-20 15:07:00,4,95,385.02,61,8.0,4025.0,4025.0,13.49,"(8.0, 4025.0, 49.0, 13.49, 0.0)",2023-12-20 15:04:00,2023-12-20 15:07:00,4,4,4,0,1.0,1.0,0.0,0.0,30109.896,30109.896,,1.02734,30109.896,30108.86866,-29307.590899
37,2023-12-20 15:04:00,2023-12-20 15:07:00,4,95,385.02,62,8.0,4036.0,4036.0,11.41,"(8.0, 4036.0, 41.0, 11.41, 0.0)",2023-12-20 15:04:00,2023-12-20 15:07:00,4,4,4,0,1.0,1.0,0.0,0.0,30109.896,30109.896,,1.02734,30109.896,30108.86866,-29307.590899
37,2023-12-20 15:04:00,2023-12-20 15:07:00,4,95,385.02,63,8.0,3977.0,3977.0,15.5,"(8.0, 3977.0, 36.0, 15.5, 0.0)",2023-12-20 15:04:00,2023-12-20 15:07:00,4,4,4,0,1.0,1.0,0.0,0.0,30109.896,30109.896,,1.02734,30109.896,30108.86866,-29307.590899
37,2023-12-20 15:04:00,2023-12-20 15:07:00,4,95,385.02,64,8.0,4068.0,4068.0,14.7,"(8.0, 4068.0, -27.0, 14.7, 0.0)",2023-12-20 15:04:00,2023-12-20 15:07:00,4,4,4,0,1.0,1.0,0.0,0.0,30109.896,30109.896,,1.02734,30109.896,30108.86866,-29307.590899
37,2023-12-20 15:04:00,2023-12-20 15:07:00,4,95,385.02,65,8.0,4013.0,4013.0,14.79,"(8.0, 4013.0, -228.0, 14.79, 0.0)",2023-12-20 15:04:00,2023-12-20 15:07:00,4,4,4,0,1.0,1.0,0.0,0.0,30109.896,30109.896,,1.02734,30109.896,30108.86866,-29307.590899
37,2023-12-20 15:04:00,2023-12-20 15:07:00,4,95,385.02,66,8.0,4032.0,4032.0,10.54,"(8.0, 4032.0, 18.0, 10.54, 0.0)",2023-12-20 15:04:00,2023-12-20 15:07:00,4,4,4,0,1.0,1.0,0.0,0.0,30109.896,30109.896,,1.02734,30109.896,30108.86866,-29307.590899
37,2023-12-20 15:04:00,2023-12-20 15:07:00,4,95,385.02,67,8.0,4014.0,4014.0,12.26,"(8.0, 4014.0, 56.0, 12.26, 0.0)",2023-12-20 15:04:00,2023-12-20 15:07:00,4,4,4,0,1.0,1.0,0.0,0.0,30109.896,30109.896,,1.02734,30109.896,30108.86866,-29307.590899
37,2023-12-20 15:04:00,2023-12-20 15:07:00,4,95,385.02,68,8.0,4046.0,4046.0,13.98,"(8.0, 4046.0, 40.0, 13.98, 0.0)",2023-12-20 15:04:00,2023-12-20 15:07:00,4,4,4,0,1.0,1.0,0.0,0.0,30109.896,30109.896,,1.02734,30109.896,30108.86866,-29307.590899
37,2023-12-20 15:04:00,2023-12-20 15:07:00,4,95,385.02,69,8.0,4035.0,4035.0,12.28,"(8.0, 4035.0, -3.0, 12.28, 0.0)",2023-12-20 15:04:00,2023-12-20 15:07:00,4,4,4,0,1.0,1.0,0.0,0.0,30109.896,30109.896,,1.02734,30109.896,30108.86866,-29307.590899
37,2023-12-20 15:04:00,2023-12-20 15:07:00,4,95,385.02,70,8.0,4034.0,4034.0,13.43,"(8.0, 4034.0, 31.0, 13.43, 0.0)",2023-12-20 15:04:00,2023-12-20 15:07:00,4,4,4,0,1.0,1.0,0.0,0.0,30109.896,30109.896,,1.02734,30109.896,30108.86866,-29307.590899
37,2023-12-20 15:04:00,2023-12-20 15:07:00,4,95,385.02,71,8.0,4075.0,4075.0,12.68,"(8.0, 4075.0, 54.0, 12.68, 0.0)",2023-12-20 15:04:00,2023-12-20 15:07:00,4,4,4,0,1.0,1.0,0.0,0.0,30109.896,30109.896,,1.02734,30109.896,30108.86866,-29307.590899
37,2023-12-20 15:04:00,2023-12-20 15:07:00,4,95,385.02,72,8.0,4100.0,4100.0,12.37,"(8.0, 4100.0, 42.0, 12.37, 0.0)",2023-12-20 15:04:00,2023-12-20 15:07:00,4,4,4,0,1.0,1.0,0.0,0.0,30109.896,30109.896,,1.02734,30109.896,30108.86866,-29307.590899
37,2023-12-20 15:04:00,2023-12-20 15:07:00,4,95,385.02,73,8.0,4057.0,4057.0,10.23,"(8.0, 4057.0, 7.0, 10.23, 0.0)",2023-12-20 15:04:00,2023-12-20 15:07:00,4,4,4,0,1.0,1.0,0.0,0.0,30109.896,30109.896,,1.02734,30109.896,30108.86866,-29307.590899
37,2023-12-20 15:04:00,2023-12-20 15:07:00,4,95,385.02,74,8.0,4030.0,4030.0,10.04,"(8.0, 4030.0, 75.0, 10.04, 0.0)",2023-12-20 15:04:00,2023-12-20 15:07:00,4,4,4,0,1.0,1.0,0.0,0.0,30109.896,30109.896,,1.02734,30109.896,30108.86866,-29307.590899
37,2023-12-20 15:04:00,2023-12-20 15:07:00,4,95,385.02,75,8.0,4074.0,4074.0,13.55,"(8.0, 4074.0, 184.0, 13.55, 0.0)",2023-12-20 15:04:00,2023-12-20 15:07:00,4,4,4,0,1.0,1.0,0.0,0.0,30109.896,30109.896,,1.02734,30109.896,30108.86866,-29307.590899
37,2023-12-20 15:04:00,2023-12-20 15:07:00,4,95,385.02,76,8.0,4061.0,4061.0,11.47,"(8.0, 4061.0, 74.0, 11.47, 0.0)",2023-12-20 15:04:00,2023-12-20 15:07:00,4,4,4,0,1.0,1.0,0.0,0.0,30109.896,30109.896,,1.02734,30109.896,30108.86866,-29307.590899
37,2023-12-20 15:04:00,2023-12-20 15:07:00,4,95,385.02,77,8.0,4044.0,4044.0,12.96,"(8.0, 4044.0, 64.0, 12.96, 0.0)",2023-12-20 15:04:00,2023-12-20 15:07:00,4,4,4,0,1.0,1.0,0.0,0.0,30109.896,30109.896,,1.02734,30109.896,30108.86866,-29307.590899
37,2023-12-20 15:04:00,2023-12-20 15:07:00,4,95,385.02,78,8.0,3983.0,3983.0,12.51,"(8.0, 3983.0, 34.0, 12.51, 0.0)",2023-12-20 15:04:00,2023-12-20 15:07:00,4,4,4,0,1.0,1.0,0.0,0.0,30109.896,30109.896,,1.02734,30109.896,30108.86866,-29307.590899
37,2023-12-20 15:04:00,2023-12-20 15:07:00,4,95,385.02,79,8.0,4113.0,4113.0,11.56,"(8.0, 4113.0, 61.0, 11.56, 0.0)",2023-12-20 15:04:00,2023-12-20 15:07:00,4,4,4,0,1.0,1.0,0.0,0.0,30109.896,30109.896,,1.02734,30109.896,30108.86866,-29307.590899
37,2023-12-20 15:04:00,2023-12-20 15:07:00,4,95,385.02,80,8.0,4058.0,4058.0,12.33,"(8.0, 4058.0, 81.0, 12.33, 0.0)",2023-12-20 15:04:00,2023-12-20 15:07:00,4,4,4,0,1.0,1.0,0.0,0.0,30109.896,30109.896,,1.02734,30109.896,30108.86866,-29307.590899
37,2023-12-20 15:04:00,2023-12-20 15:07:00,4,95,385.02,81,8.0,4037.0,4037.0,12.57,"(8.0, 4037.0, 35.0, 12.57, 0.0)",2023-12-20 15:04:00,2023-12-20 15:07:00,4,4,4,0,1.0,1.0,0.0,0.0,30109.896,30109.896,,1.02734,30109.896,30108.86866,-29307.590899
37,2023-12-20 15:04:00,2023-12-20 15:07:00,4,95,385.02,82,8.0,4052.0,4052.0,13.02,"(8.0, 4052.0, 19.0, 13.02, 0.0)",2023-12-20 15:04:00,2023-12-20 15:07:00,4,4,4,0,1.0,1.0,0.0,0.0,30109.896,30109.896,,1.02734,30109.896,30108.86866,-29307.590899
37,2023-12-20 15:04:00,2023-12-20 15:07:00,4,95,385.02,83,8.0,4073.0,4073.0,10.58,"(8.0, 4073.0, 49.0, 10.58, 0.0)",2023-12-20 15:04:00,2023-12-20 15:07:00,4,4,4,0,1.0,1.0,0.0,0.0,30109.896,30109.896,,1.02734,30109.896,30108.86866,-29307.590899
37,2023-12-20 15:04:00,2023-12-20 15:07:00,4,95,385.02,84,8.0,4060.0,4060.0,12.01,"(8.0, 4060.0, 50.0, 12.01, 0.0)",2023-12-20 15:04:00,2023-12-20 15:07:00,4,4,4,0,1.0,1.0,0.0,0.0,30109.896,30109.896,,1.02734,30109.896,30108.86866,-29307.590899
37,2023-12-20 15:04:00,2023-12-20 15:07:00,4,95,385.02,85,8.0,4015.0,4015.0,12.1,"(8.0, 4015.0, -52.0, 12.1, 0.0)",2023-12-20 15:04:00,2023-12-20 15:07:00,4,4,4,0,1.0,1.0,0.0,0.0,30109.896,30109.896,,1.02734,30109.896,30108.86866,-29307.590899
37,2023-12-20 15:04:00,2023-12-20 15:07:00,4,95,385.02,86,8.0,4048.0,4048.0,11.14,"(8.0, 4048.0, 38.0, 11.14, 0.0)",2023-12-20 15:04:00,2023-12-20 15:07:00,4,4,4,0,1.0,1.0,0.0,0.0,30109.896,30109.896,,1.02734,30109.896,30108.86866,-29307.590899
37,2023-12-20 15:04:00,2023-12-20 15:07:00,4,95,385.02,87,8.0,4059.0,4059.0,14.56,"(8.0, 4059.0, 66.0, 14.56, 0.0)",2023-12-20 15:04:00,2023-12-20 15:07:00,4,4,4,0,1.0,1.0,0.0,0.0,30109.896,30109.896,,1.02734,30109.896,30108.86866,-29307.590899
37,2023-12-20 15:04:00,2023-12-20 15:07:00,4,95,385.02,89,8.0,4052.0,4052.0,10.75,"(8.0, 4052.0, 17.0, 10.75, 0.0)",2023-12-20 15:04:00,2023-12-20 15:07:00,4,4,4,0,1.0,1.0,0.0,0.0,30109.896,30109.896,,1.02734,30109.896,30108.86866,-29307.590899
37,2023-12-20 15:04:00,2023-12-20 15:07:00,4,95,385.02,90,8.0,4082.0,4082.0,10.3,"(8.0, 4082.0, 11.0, 10.3, 0.0)",2023-12-20 15:04:00,2023-12-20 15:07:00,4,4,4,0,1.0,1.0,0.0,0.0,30109.896,30109.896,,1.02734,30109.896,30108.86866,-29307.590899
37,2023-12-20 15:04:00,2023-12-20 15:07:00,4,95,385.02,91,8.0,4023.0,4023.0,13.23,"(8.0, 4023.0, 31.0, 13.23, 0.0)",2023-12-20 15:04:00,2023-12-20 15:07:00,4,4,4,0,1.0,1.0,0.0,0.0,30109.896,30109.896,,1.02734,30109.896,30108.86866,-29307.590899
37,2023-12-20 15:04:00,2023-12-20 15:07:00,4,95,385.02,92,8.0,4044.0,4044.0,14.1,"(8.0, 4044.0, 47.0, 14.1, 0.0)",2023-12-20 15:04:00,2023-12-20 15:07:00,4,4,4,0,1.0,1.0,0.0,0.0,30109.896,30109.896,,1.02734,30109.896,30108.86866,-29307.590899
37,2023-12-20 15:04:00,2023-12-20 15:07:00,4,95,385.02,93,8.0,3977.0,3977.0,11.02,"(8.0, 3977.0, -8.0, 11.02, 0.0)",2023-12-20 15:04:00,2023-12-20 15:07:00,4,4,4,0,1.0,1.0,0.0,0.0,30109.896,30109.896,,1.02734,30109.896,30108.86866,-29307.590899
37,2023-12-20 15:04:00,2023-12-20 15:07:00,4,95,385.02,94,8.0,4054.0,4054.0,10.28,"(8.0, 4054.0, 46.0, 10.28, 0.0)",2023-12-20 15:04:00,2023-12-20 15:07:00,4,4,4,0,1.0,1.0,0.0,0.0,30109.896,30109.896,,1.02734,30109.896,30108.86866,-29307.590899
37,2023-12-20 15:04:00,2023-12-20 15:07:00,4,95,385.02,95,8.0,4038.0,4038.0,11.27,"(8.0, 4038.0, 40.0, 11.27, 0.0)",2023-12-20 15:04:00,2023-12-20 15:07:00,4,4,4,0,1.0,1.0,0.0,0.0,30109.896,30109.896,,1.02734,30109.896,30108.86866,-29307.590899
37,2023-12-20 15:04:00,2023-12-20 15:07:00,4,95,385.02,96,8.0,4032.0,4032.0,13.89,"(8.0, 4032.0, 5.0, 13.89, 0.0)",2023-12-20 15:04:00,2023-12-20 15:07:00,4,4,4,0,1.0,1.0,0.0,0.0,30109.896,30109.896,,1.02734,30109.896,30108.86866,-29307.590899
37,2023-12-20 15:04:00,2023-12-20 15:07:00,4,95,385.02,97,8.0,4036.0,4036.0,12.67,"(8.0, 4036.0, 35.0, 12.67, 0.0)",2023-12-20 15:04:00,2023-12-20 15:07:00,4,4,4,0,1.0,1.0,0.0,0.0,30109.896,30109.896,,1.02734,30109.896,30108.86866,-29307.590899
37,2023-12-20 15:04:00,2023-12-20 15:07:00,4,95,385.02,98,8.0,4059.0,4059.0,14.29,"(8.0, 4059.0, 68.0, 14.29, 0.0)",2023-12-20 15:04:00,2023-12-20 15:07:00,4,4,4,0,1.0,1.0,0.0,0.0,30109.896,30109.896,,1.02734,30109.896,30108.86866,-29307.590899
37,2023-12-20 15:04:00,2023-12-20 15:07:00,4,95,385.02,99,8.0,4071.0,4071.0,13.76,"(8.0, 4071.0, 38.0, 13.76, 0.0)",2023-12-20 15:04:00,2023-12-20 15:07:00,4,4,4,0,1.0,1.0,0.0,0.0,30109.896,30109.896,,1.02734,30109.896,30108.86866,-29307.590899
37,2023-12-20 15:04:00,2023-12-20 15:07:00,4,95,385.02,100,8.0,4064.0,4064.0,10.85,"(8.0, 4064.0, 51.0, 10.85, 0.0)",2023-12-20 15:04:00,2023-12-20 15:07:00,4,4,4,0,1.0,1.0,0.0,0.0,30109.896,30109.896,,1.02734,30109.896,30108.86866,-29307.590899
39,2024-01-05 15:33:00,2024-01-05 15:36:00,4,37,6.582,2,8.0,217.0,217.0,4.92,"(8.0, 217.0, -84.0, 4.92, 0.0)",2024-01-05 15:33:00,2024-01-05 15:36:00,4,4,4,0,1.0,1.0,0.0,0.0,308.356896,308.356896,,0.124543,308.356896,308.232353,-2474.900767
39,2024-01-05 15:33:00,2024-01-05 15:36:00,4,37,6.582,3,8.0,221.0,221.0,4.31,"(8.0, 221.0, -75.0, 4.31, 0.0)",2024-01-05 15:33:00,2024-01-05 15:36:00,4,4,4,0,1.0,1.0,0.0,0.0,308.356896,308.356896,,0.124543,308.356896,308.232353,-2474.900767
39,2024-01-05 15:33:00,2024-01-05 15:36:00,4,37,6.582,6,8.0,154.0,154.0,3.89,"(8.0, 154.0, -61.0, 3.89, 0.0)",2024-01-05 15:33:00,2024-01-05 15:36:00,4,4,4,0,1.0,1.0,0.0,0.0,308.356896,308.356896,,0.124543,308.356896,308.232353,-2474.900767
39,2024-01-05 15:33:00,2024-01-05 15:36:00,4,37,6.582,7,8.0,156.0,156.0,4.02,"(8.0, 156.0, -63.0, 4.02, 0.0)",2024-01-05 15:33:00,2024-01-05 15:36:00,4,4,4,0,1.0,1.0,0.0,0.0,308.356896,308.356896,,0.124543,308.356896,308.232353,-2474.900767
39,2024-01-05 15:33:00,2024-01-05 15:36:00,4,37,6.582,8,8.0,154.0,154.0,3.89,"(8.0, 154.0, -60.0, 3.89, 0.0)",2024-01-05 15:33:00,2024-01-05 15:36:00,4,4,4,0,1.0,1.0,0.0,0.0,308.356896,308.356896,,0.124543,308.356896,308.232353,-2474.900767
39,2024-01-05 15:33:00,2024-01-05 15:36:00,4,37,6.582,13,8.0,129.0,129.0,3.36,"(8.0, 129.0, -59.0, 3.36, 0.0)",2024-01-05 15:33:00,2024-01-05 15:36:00,4,4,4,0,1.0,1.0,0.0,0.0,308.356896,308.356896,,0.124543,308.356896,308.232353,-2474.900767
39,2024-01-05 15:33:00,2024-01-05 15:36:00,4,37,6.582,18,11.0,91.0,91.0,3.62,"(11.0, 91.0, -61.0, 3.62, 0.0)",2024-01-05 15:33:00,2024-01-05 15:36:00,4,4,4,0,1.0,1.0,0.0,0.0,308.356896,308.356896,,0.124543,308.356896,308.232353,-2474.900767
39,2024-01-05 15:33:00,2024-01-05 15:36:00,4,37,6.582,19,8.0,280.0,280.0,4.23,"(8.0, 280.0, -107.0, 4.23, 0.0)",2024-01-05 15:33:00,2024-01-05 15:36:00,4,4,4,0,1.0,1.0,0.0,0.0,308.356896,308.356896,,0.124543,308.356896,308.232353,-2474.900767
39,2024-01-05 15:33:00,2024-01-05 15:36:00,4,37,6.582,22,8.0,272.0,272.0,4.48,"(8.0, 272.0, -79.0, 4.48, 0.0)",2024-01-05 15:33:00,2024-01-05 15:36:00,4,4,4,0,1.0,1.0,0.0,0.0,308.356896,308.356896,,0.124543,308.356896,308.232353,-2474.900767
39,2024-01-05 15:33:00,2024-01-05 15:36:00,4,37,6.582,24,8.0,322.0,322.0,4.31,"(8.0, 322.0, -39.0, 4.31, 0.0)",2024-01-05 15:33:00,2024-01-05 15:36:00,4,4,4,0,1.0,1.0,0.0,0.0,308.356896,308.356896,,0.124543,308.356896,308.232353,-2474.900767
39,2024-01-05 15:33:00,2024-01-05 15:36:00,4,37,6.582,27,8.0,1.0,1.0,2.31,"(8.0, 1.0, -65.0, 2.31, 0.0)",2024-01-05 15:33:00,2024-01-05 15:36:00,4,4,4,0,1.0,1.0,0.0,0.0,308.356896,308.356896,,0.124543,308.356896,308.232353,-2474.900767
39,2024-01-05 15:33:00,2024-01-05 15:36:00,4,37,6.582,33,8.0,67.0,67.0,2.97,"(8.0, 67.0, -61.0, 2.97, 0.0)",2024-01-05 15:33:00,2024-01-05 15:36:00,4,4,4,0,1.0,1.0,0.0,0.0,308.356896,308.356896,,0.124543,308.356896,308.232353,-2474.900767
39,2024-01-05 15:33:00,2024-01-05 15:36:00,4,37,6.582,35,8.0,59.0,59.0,3.13,"(8.0, 59.0, -60.0, 3.13, 0.0)",2024-01-05 15:33:00,2024-01-05 15:36:00,4,4,4,0,1.0,1.0,0.0,0.0,308.356896,308.356896,,0.124543,308.356896,308.232353,-2474.900767
39,2024-01-05 15:33:00,2024-01-05 15:36:00,4,37,6.582,37,8.0,46.0,46.0,2.92,"(8.0, 46.0, -64.0, 2.92, 0.0)",2024-01-05 15:33:00,2024-01-05 15:36:00,4,4,4,0,1.0,1.0,0.0,0.0,308.356896,308.356896,,0.124543,308.356896,308.232353,-2474.900767
39,2024-01-05 15:33:00,2024-01-05 15:36:00,4,37,6.582,41,8.0,152.0,152.0,3.43,"(8.0, 152.0, -64.0, 3.43, 0.0)",2024-01-05 15:33:00,2024-01-05 15:36:00,4,4,4,0,1.0,1.0,0.0,0.0,308.356896,308.356896,,0.124543,308.356896,308.232353,-2474.900767
39,2024-01-05 15:33:00,2024-01-05 15:36:00,4,37,6.582,49,8.0,172.0,172.0,3.59,"(8.0, 172.0, -65.0, 3.59, 0.0)",2024-01-05 15:33:00,2024-01-05 15:36:00,4,4,4,0,1.0,1.0,0.0,0.0,308.356896,308.356896,,0.124543,308.356896,308.232353,-2474.900767
39,2024-01-05 15:33:00,2024-01-05 15:36:00,4,37,6.582,53,8.0,52.0,52.0,2.77,"(8.0, 52.0, -61.0, 2.77, 0.0)",2024-01-05 15:33:00,2024-01-05 15:36:00,4,4,4,0,1.0,1.0,0.0,0.0,308.356896,308.356896,,0.124543,308.356896,308.232353,-2474.900767
39,2024-01-05 15:33:00,2024-01-05 15:36:00,4,37,6.582,56,8.0,71.0,71.0,3.45,"(8.0, 71.0, -64.0, 3.45, 0.0)",2024-01-05 15:33:00,2024-01-05 15:36:00,4,4,4,0,1.0,1.0,0.0,0.0,308.356896,308.356896,,0.124543,308.356896,308.232353,-2474.900767
39,2024-01-05 15:33:00,2024-01-05 15:36:00,4,37,6.582,57,8.0,52.0,52.0,2.77,"(8.0, 52.0, -73.0, 2.77, 0.0)",2024-01-05 15:33:00,2024-01-05 15:36:00,4,4,4,0,1.0,1.0,0.0,0.0,308.356896,308.356896,,0.124543,308.356896,308.232353,-2474.900767
39,2024-01-05 15:33:00,2024-01-05 15:36:00,4,37,6.582,59,8.0,127.0,127.0,3.89,"(8.0, 127.0, -59.0, 3.89, 0.0)",2024-01-05 15:33:00,2024-01-05 15:36:00,4,4,4,0,1.0,1.0,0.0,0.0,308.356896,308.356896,,0.124543,308.356896,308.232353,-2474.900767
39,2024-01-05 15:33:00,2024-01-05 15:36:00,4,37,6.582,60,8.0,137.0,137.0,3.69,"(8.0, 137.0, -57.0, 3.69, 0.0)",2024-01-05 15:33:00,2024-01-05 15:36:00,4,4,4,0,1.0,1.0,0.0,0.0,308.356896,308.356896,,0.124543,308.356896,308.232353,-2474.900767
39,2024-01-05 15:33:00,2024-01-05 15:36:00,4,37,6.582,62,8.0,154.0,154.0,3.84,"(8.0, 154.0, -63.0, 3.84, 0.0)",2024-01-05 15:33:00,2024-01-05 15:36:00,4,4,4,0,1.0,1.0,0.0,0.0,308.356896,308.356896,,0.124543,308.356896,308.232353,-2474.900767
39,2024-01-05 15:33:00,2024-01-05 15:36:00,4,37,6.582,63,8.0,161.0,161.0,3.7,"(8.0, 161.0, -75.0, 3.7, 0.0)",2024-01-05 15:33:00,2024-01-05 15:36:00,4,4,4,0,1.0,1.0,0.0,0.0,308.356896,308.356896,,0.124543,308.356896,308.232353,-2474.900767
39,2024-01-05 15:33:00,2024-01-05 15:36:00,4,37,6.582,64,8.0,127.0,127.0,4.01,"(8.0, 127.0, -59.0, 4.01, 0.0)",2024-01-05 15:33:00,2024-01-05 15:36:00,4,4,4,0,1.0,1.0,0.0,0.0,308.356896,308.356896,,0.124543,308.356896,308.232353,-2474.900767
39,2024-01-05 15:33:00,2024-01-05 15:36:00,4,37,6.582,66,8.0,289.0,289.0,3.93,"(8.0, 289.0, -33.0, 3.93, 0.0)",2024-01-05 15:33:00,2024-01-05 15:36:00,4,4,4,0,1.0,1.0,0.0,0.0,308.356896,308.356896,,0.124543,308.356896,308.232353,-2474.900767
39,2024-01-05 15:33:00,2024-01-05 15:36:00,4,37,6.582,67,8.0,291.0,291.0,4.22,"(8.0, 291.0, -68.0, 4.22, 0.0)",2024-01-05 15:33:00,2024-01-05 15:36:00,4,4,4,0,1.0,1.0,0.0,0.0,308.356896,308.356896,,0.124543,308.356896,308.232353,-2474.900767
39,2024-01-05 15:33:00,2024-01-05 15:36:00,4,37,6.582,68,8.0,257.0,257.0,4.29,"(8.0, 257.0, -69.0, 4.29, 0.0)",2024-01-05 15:33:00,2024-01-05 15:36:00,4,4,4,0,1.0,1.0,0.0,0.0,308.356896,308.356896,,0.124543,308.356896,308.232353,-2474.900767
39,2024-01-05 15:33:00,2024-01-05 15:36:00,4,37,6.582,69,8.0,254.0,254.0,4.19,"(8.0, 254.0, -76.0, 4.19, 0.0)",2024-01-05 15:33:00,2024-01-05 15:36:00,4,4,4,0,1.0,1.0,0.0,0.0,308.356896,308.356896,,0.124543,308.356896,308.232353,-2474.900767
39,2024-01-05 15:33:00,2024-01-05 15:36:00,4,37,6.582,72,8.0,242.0,242.0,4.07,"(8.0, 242.0, -68.0, 4.07, 0.0)",2024-01-05 15:33:00,2024-01-05 15:36:00,4,4,4,0,1.0,1.0,0.0,0.0,308.356896,308.356896,,0.124543,308.356896,308.232353,-2474.900767
39,2024-01-05 15:33:00,2024-01-05 15:36:00,4,37,6.582,85,8.0,275.0,275.0,4.67,"(8.0, 275.0, -80.0, 4.67, 0.0)",2024-01-05 15:33:00,2024-01-05 15:36:00,4,4,4,0,1.0,1.0,0.0,0.0,308.356896,308.356896,,0.124543,308.356896,308.232353,-2474.900767
39,2024-01-05 15:33:00,2024-01-05 15:36:00,4,37,6.582,86,8.0,273.0,273.0,4.75,"(8.0, 273.0, -78.0, 4.75, 0.0)",2024-01-05 15:33:00,2024-01-05 15:36:00,4,4,4,0,1.0,1.0,0.0,0.0,308.356896,308.356896,,0.124543,308.356896,308.232353,-2474.900767
39,2024-01-05 15:33:00,2024-01-05 15:36:00,4,37,6.582,90,8.0,276.0,276.0,4.23,"(8.0, 276.0, -80.0, 4.23, 0.0)",2024-01-05 15:33:00,2024-01-05 15:36:00,4,4,4,0,1.0,1.0,0.0,0.0,308.356896,308.356896,,0.124543,308.356896,308.232353,-2474.900767
39,2024-01-05 15:33:00,2024-01-05 15:36:00,4,37,6.582,91,8.0,135.0,135.0,3.82,"(8.0, 135.0, -68.0, 3.82, 0.0)",2024-01-05 15:33:00,2024-01-05 15:36:00,4,4,4,0,1.0,1.0,0.0,0.0,308.356896,308.356896,,0.124543,308.356896,308.232353,-2474.900767
39,2024-01-05 15:33:00,2024-01-05 15:36:00,4,37,6.582,92,8.0,262.0,262.0,4.39,"(8.0, 262.0, -78.0, 4.39, 0.0)",2024-01-05 15:33:00,2024-01-05 15:36:00,4,4,4,0,1.0,1.0,0.0,0.0,308.356896,308.356896,,0.124543,308.356896,308.232353,-2474.900767
39,2024-01-05 15:33:00,2024-01-05 15:36:00,4,37,6.582,93,8.0,224.0,224.0,4.51,"(8.0, 224.0, -92.0, 4.51, 0.0)",2024-01-05 15:33:00,2024-01-05 15:36:00,4,4,4,0,1.0,1.0,0.0,0.0,308.356896,308.356896,,0.124543,308.356896,308.232353,-2474.900767
39,2024-01-05 15:33:00,2024-01-05 15:36:00,4,37,6.582,97,8.0,193.0,193.0,3.42,"(8.0, 193.0, -65.0, 3.42, 0.0)",2024-01-05 15:33:00,2024-01-05 15:36:00,4,4,4,0,1.0,1.0,0.0,0.0,308.356896,308.356896,,0.124543,308.356896,308.232353,-2474.900767
39,2024-01-05 15:33:00,2024-01-05 15:36:00,4,37,6.582,99,8.0,237.0,237.0,4.15,"(8.0, 237.0, -74.0, 4.15, 0.0)",2024-01-05 15:33:00,2024-01-05 15:36:00,4,4,4,0,1.0,1.0,0.0,0.0,308.356896,308.356896,,0.124543,308.356896,308.232353,-2474.900767
41,2024-01-06 01:42:00,2024-01-06 08:32:00,411,1,0.359,81,0.0,359.0,359.0,4.82,"(0.0, 359.0, -55.0, 4.82, 0.0)",2024-01-06 01:42:00,2024-01-06 08:32:00,411,35,36,1,0.085158,0.087591,0.002433,3.563505,35.204219,31.640714,-8.8791,102.291973,136.770331,34.478358,-0.337058
43,2024-01-06 17:01:00,2024-01-06 17:04:00,4,60,10.567,31,8.0,131.0,131.0,3.99,"(8.0, 131.0, -58.0, 3.99, 0.0)",2024-01-06 17:01:00,2024-01-06 17:04:00,4,1,4,3,0.25,1.0,0.75,2.681483,27.56519,24.883707,-9.27983,4.000656,29.462511,25.461855,-6.364421
43,2024-01-06 17:01:00,2024-01-06 17:04:00,4,60,10.567,32,8.0,191.0,191.0,3.34,"(8.0, 191.0, -61.0, 3.34, 0.0)",2024-01-06 17:01:00,2024-01-06 17:04:00,4,1,4,3,0.25,1.0,0.75,2.681483,27.56519,24.883707,-9.27983,4.000656,29.462511,25.461855,-6.364421
43,2024-01-06 17:01:00,2024-01-06 17:04:00,4,60,10.567,33,8.0,70.0,70.0,3.41,"(8.0, 70.0, -65.0, 3.41, 0.0)",2024-01-06 17:01:00,2024-01-06 17:04:00,4,1,4,3,0.25,1.0,0.75,2.681483,27.56519,24.883707,-9.27983,4.000656,29.462511,25.461855,-6.364421
43,2024-01-06 17:01:00,2024-01-06 17:04:00,4,60,10.567,35,8.0,207.0,207.0,3.78,"(8.0, 207.0, -57.0, 3.78, 0.0)",2024-01-06 17:01:00,2024-01-06 17:04:00,4,1,4,3,0.25,1.0,0.75,2.681483,27.56519,24.883707,-9.27983,4.000656,29.462511,25.461855,-6.364421
43,2024-01-06 17:01:00,2024-01-06 17:04:00,4,60,10.567,36,8.0,223.0,223.0,3.82,"(8.0, 223.0, -61.0, 3.82, 0.0)",2024-01-06 17:01:00,2024-01-06 17:04:00,4,1,4,3,0.25,1.0,0.75,2.681483,27.56519,24.883707,-9.27983,4.000656,29.462511,25.461855,-6.364421
43,2024-01-06 17:01:00,2024-01-06 17:04:00,4,60,10.567,37,8.0,241.0,241.0,4.27,"(8.0, 241.0, -64.0, 4.27, 0.0)",2024-01-06 17:01:00,2024-01-06 17:04:00,4,1,4,3,0.25,1.0,0.75,2.681483,27.56519,24.883707,-9.27983,4.000656,29.462511,25.461855,-6.364421
43,2024-01-06 17:01:00,2024-01-06 17:04:00,4,60,10.567,39,8.0,271.0,271.0,4.53,"(8.0, 271.0, -61.0, 4.53, 0.0)",2024-01-06 17:01:00,2024-01-06 17:04:00,4,1,4,3,0.25,1.0,0.75,2.681483,27.56519,24.883707,-9.27983,4.000656,29.462511,25.461855,-6.364421
43,2024-01-06 17:01:00,2024-01-06 17:04:00,4,60,10.567,41,8.0,149.0,149.0,3.62,"(8.0, 149.0, -60.0, 3.62, 0.0)",2024-01-06 17:01:00,2024-01-06 17:04:00,4,1,4,3,0.25,1.0,0.75,2.681483,27.56519,24.883707,-9.27983,4.000656,29.462511,25.461855,-6.364421
43,2024-01-06 17:01:00,2024-01-06 17:04:00,4,60,10.567,42,8.0,97.0,97.0,3.96,"(8.0, 97.0, -64.0, 3.96, 0.0)",2024-01-06 17:01:00,2024-01-06 17:04:00,4,1,4,3,0.25,1.0,0.75,2.681483,27.56519,24.883707,-9.27983,4.000656,29.462511,25.461855,-6.364421
43,2024-01-06 17:01:00,2024-01-06 17:04:00,4,60,10.567,44,8.0,150.0,150.0,3.88,"(8.0, 150.0, -66.0, 3.88, 0.0)",2024-01-06 17:01:00,2024-01-06 17:04:00,4,1,4,3,0.25,1.0,0.75,2.681483,27.56519,24.883707,-9.27983,4.000656,29.462511,25.461855,-6.364421
43,2024-01-06 17:01:00,2024-01-06 17:04:00,4,60,10.567,45,8.0,159.0,159.0,4.32,"(8.0, 159.0, -66.0, 4.32, 0.0)",2024-01-06 17:01:00,2024-01-06 17:04:00,4,1,4,3,0.25,1.0,0.75,2.681483,27.56519,24.883707,-9.27983,4.000656,29.462511,25.461855,-6.364421
43,2024-01-06 17:01:00,2024-01-06 17:04:00,4,60,10.567,46,8.0,253.0,253.0,4.19,"(8.0, 253.0, -63.0, 4.19, 0.0)",2024-01-06 17:01:00,2024-01-06 17:04:00,4,1,4,3,0.25,1.0,0.75,2.681483,27.56519,24.883707,-9.27983,4.000656,29.462511,25.461855,-6.364421
43,2024-01-06 17:01:00,2024-01-06 17:04:00,4,60,10.567,47,8.0,293.0,293.0,4.07,"(8.0, 293.0, -92.0, 4.07, 0.0)",2024-01-06 17:01:00,2024-01-06 17:04:00,4,1,4,3,0.25,1.0,0.75,2.681483,27.56519,24.883707,-9.27983,4.000656,29.462511,25.461855,-6.364421
43,2024-01-06 17:01:00,2024-01-06 17:04:00,4,60,10.567,48,8.0,149.0,149.0,3.95,"(8.0, 149.0, -58.0, 3.95, 0.0)",2024-01-06 17:01:00,2024-01-06 17:04:00,4,1,4,3,0.25,1.0,0.75,2.681483,27.56519,24.883707,-9.27983,4.000656,29.462511,25.461855,-6.364421
43,2024-01-06 17:01:00,2024-01-06 17:04:00,4,60,10.567,49,8.0,174.0,174.0,3.69,"(8.0, 174.0, -60.0, 3.69, 0.0)",2024-01-06 17:01:00,2024-01-06 17:04:00,4,1,4,3,0.25,1.0,0.75,2.681483,27.56519,24.883707,-9.27983,4.000656,29.462511,25.461855,-6.364421
43,2024-01-06 17:01:00,2024-01-06 17:04:00,4,60,10.567,50,8.0,57.0,57.0,3.26,"(8.0, 57.0, -56.0, 3.26, 0.0)",2024-01-06 17:01:00,2024-01-06 17:04:00,4,1,4,3,0.25,1.0,0.75,2.681483,27.56519,24.883707,-9.27983,4.000656,29.462511,25.461855,-6.364421
43,2024-01-06 17:01:00,2024-01-06 17:04:00,4,60,10.567,51,8.0,129.0,129.0,3.59,"(8.0, 129.0, -59.0, 3.59, 0.0)",2024-01-06 17:01:00,2024-01-06 17:04:00,4,1,4,3,0.25,1.0,0.75,2.681483,27.56519,24.883707,-9.27983,4.000656,29.462511,25.461855,-6.364421
43,2024-01-06 17:01:00,2024-01-06 17:04:00,4,60,10.567,52,8.0,31.0,31.0,2.64,"(8.0, 31.0, -67.0, 2.64, 0.0)",2024-01-06 17:01:00,2024-01-06 17:04:00,4,1,4,3,0.25,1.0,0.75,2.681483,27.56519,24.883707,-9.27983,4.000656,29.462511,25.461855,-6.364421
43,2024-01-06 17:01:00,2024-01-06 17:04:00,4,60,10.567,53,8.0,242.0,242.0,4.29,"(8.0, 242.0, -63.0, 4.29, 0.0)",2024-01-06 17:01:00,2024-01-06 17:04:00,4,1,4,3,0.25,1.0,0.75,2.681483,27.56519,24.883707,-9.27983,4.000656,29.462511,25.461855,-6.364421
43,2024-01-06 17:01:00,2024-01-06 17:04:00,4,60,10.567,55,8.0,112.0,112.0,3.4,"(8.0, 112.0, -66.0, 3.4, 0.0)",2024-01-06 17:01:00,2024-01-06 17:04:00,4,1,4,3,0.25,1.0,0.75,2.681483,27.56519,24.883707,-9.27983,4.000656,29.462511,25.461855,-6.364421
43,2024-01-06 17:01:00,2024-01-06 17:04:00,4,60,10.567,56,8.0,102.0,102.0,3.4,"(8.0, 102.0, -58.0, 3.4, 0.0)",2024-01-06 17:01:00,2024-01-06 17:04:00,4,1,4,3,0.25,1.0,0.75,2.681483,27.56519,24.883707,-9.27983,4.000656,29.462511,25.461855,-6.364421
43,2024-01-06 17:01:00,2024-01-06 17:04:00,4,60,10.567,57,8.0,190.0,190.0,3.89,"(8.0, 190.0, -65.0, 3.89, 0.0)",2024-01-06 17:01:00,2024-01-06 17:04:00,4,1,4,3,0.25,1.0,0.75,2.681483,27.56519,24.883707,-9.27983,4.000656,29.462511,25.461855,-6.364421
43,2024-01-06 17:01:00,2024-01-06 17:04:00,4,60,10.567,58,8.0,204.0,204.0,4.05,"(8.0, 204.0, -64.0, 4.05, 0.0)",2024-01-06 17:01:00,2024-01-06 17:04:00,4,1,4,3,0.25,1.0,0.75,2.681483,27.56519,24.883707,-9.27983,4.000656,29.462511,25.461855,-6.364421
43,2024-01-06 17:01:00,2024-01-06 17:04:00,4,60,10.567,59,8.0,98.0,98.0,2.54,"(8.0, 98.0, -61.0, 2.54, 0.0)",2024-01-06 17:01:00,2024-01-06 17:04:00,4,1,4,3,0.25,1.0,0.75,2.681483,27.56519,24.883707,-9.27983,4.000656,29.462511,25.461855,-6.364421
43,2024-01-06 17:01:00,2024-01-06 17:04:00,4,60,10.567,60,8.0,110.0,110.0,3.25,"(8.0, 110.0, -55.0, 3.25, 0.0)",2024-01-06 17:01:00,2024-01-06 17:04:00,4,1,4,3,0.25,1.0,0.75,2.681483,27.56519,24.883707,-9.27983,4.000656,29.462511,25.461855,-6.364421
43,2024-01-06 17:01:00,2024-01-06 17:04:00,4,60,10.567,61,8.0,28.0,28.0,3.15,"(8.0, 28.0, -59.0, 3.15, 0.0)",2024-01-06 17:01:00,2024-01-06 17:04:00,4,1,4,3,0.25,1.0,0.75,2.681483,27.56519,24.883707,-9.27983,4.000656,29.462511,25.461855,-6.364421
43,2024-01-06 17:01:00,2024-01-06 17:04:00,4,60,10.567,62,8.0,150.0,150.0,3.41,"(8.0, 150.0, -65.0, 3.41, 0.0)",2024-01-06 17:01:00,2024-01-06 17:04:00,4,1,4,3,0.25,1.0,0.75,2.681483,27.56519,24.883707,-9.27983,4.000656,29.462511,25.461855,-6.364421
43,2024-01-06 17:01:00,2024-01-06 17:04:00,4,60,10.567,63,8.0,76.0,76.0,3.77,"(8.0, 76.0, -68.0, 3.77, 0.0)",2024-01-06 17:01:00,2024-01-06 17:04:00,4,1,4,3,0.25,1.0,0.75,2.681483,27.56519,24.883707,-9.27983,4.000656,29.462511,25.461855,-6.364421
43,2024-01-06 17:01:00,2024-01-06 17:04:00,4,60,10.567,64,8.0,187.0,187.0,3.92,"(8.0, 187.0, -53.0, 3.92, 0.0)",2024-01-06 17:01:00,2024-01-06 17:04:00,4,1,4,3,0.25,1.0,0.75,2.681483,27.56519,24.883707,-9.27983,4.000656,29.462511,25.461855,-6.364421
43,2024-01-06 17:01:00,2024-01-06 17:04:00,4,60,10.567,65,8.0,12.0,12.0,3.45,"(8.0, 12.0, -139.0, 3.45, 0.0)",2024-01-06 17:01:00,2024-01-06 17:04:00,4,1,4,3,0.25,1.0,0.75,2.681483,27.56519,24.883707,-9.27983,4.000656,29.462511,25.461855,-6.364421
43,2024-01-06 17:01:00,2024-01-06 17:04:00,4,60,10.567,66,8.0,239.0,239.0,3.73,"(8.0, 239.0, -59.0, 3.73, 0.0)",2024-01-06 17:01:00,2024-01-06 17:04:00,4,1,4,3,0.25,1.0,0.75,2.681483,27.56519,24.883707,-9.27983,4.000656,29.462511,25.461855,-6.364421
43,2024-01-06 17:01:00,2024-01-06 17:04:00,4,60,10.567,67,8.0,156.0,156.0,4.26,"(8.0, 156.0, -57.0, 4.26, 0.0)",2024-01-06 17:01:00,2024-01-06 17:04:00,4,1,4,3,0.25,1.0,0.75,2.681483,27.56519,24.883707,-9.27983,4.000656,29.462511,25.461855,-6.364421
43,2024-01-06 17:01:00,2024-01-06 17:04:00,4,60,10.567,68,8.0,279.0,279.0,4.33,"(8.0, 279.0, -56.0, 4.33, 0.0)",2024-01-06 17:01:00,2024-01-06 17:04:00,4,1,4,3,0.25,1.0,0.75,2.681483,27.56519,24.883707,-9.27983,4.000656,29.462511,25.461855,-6.364421
43,2024-01-06 17:01:00,2024-01-06 17:04:00,4,60,10.567,69,8.0,264.0,264.0,4.11,"(8.0, 264.0, -64.0, 4.11, 0.0)",2024-01-06 17:01:00,2024-01-06 17:04:00,4,1,4,3,0.25,1.0,0.75,2.681483,27.56519,24.883707,-9.27983,4.000656,29.462511,25.461855,-6.364421
43,2024-01-06 17:01:00,2024-01-06 17:04:00,4,60,10.567,70,8.0,389.0,389.0,4.22,"(8.0, 389.0, -197.0, 4.22, 0.0)",2024-01-06 17:01:00,2024-01-06 17:04:00,4,1,4,3,0.25,1.0,0.75,2.681483,27.56519,24.883707,-9.27983,4.000656,29.462511,25.461855,-6.364421
43,2024-01-06 17:01:00,2024-01-06 17:04:00,4,60,10.567,71,8.0,262.0,262.0,3.94,"(8.0, 262.0, -60.0, 3.94, 0.0)",2024-01-06 17:01:00,2024-01-06 17:04:00,4,1,4,3,0.25,1.0,0.75,2.681483,27.56519,24.883707,-9.27983,4.000656,29.462511,25.461855,-6.364421
43,2024-01-06 17:01:00,2024-01-06 17:04:00,4,60,10.567,72,8.0,242.0,242.0,4.41,"(8.0, 242.0, -60.0, 4.41, 0.0)",2024-01-06 17:01:00,2024-01-06 17:04:00,4,1,4,3,0.25,1.0,0.75,2.681483,27.56519,24.883707,-9.27983,4.000656,29.462511,25.461855,-6.364421
43,2024-01-06 17:01:00,2024-01-06 17:04:00,4,60,10.567,73,8.0,229.0,229.0,3.48,"(8.0, 229.0, -59.0, 3.48, 0.0)",2024-01-06 17:01:00,2024-01-06 17:04:00,4,1,4,3,0.25,1.0,0.75,2.681483,27.56519,24.883707,-9.27983,4.000656,29.462511,25.461855,-6.364421
43,2024-01-06 17:01:00,2024-01-06 17:04:00,4,60,10.567,74,8.0,95.0,95.0,3.44,"(8.0, 95.0, -73.0, 3.44, 0.0)",2024-01-06 17:01:00,2024-01-06 17:04:00,4,1,4,3,0.25,1.0,0.75,2.681483,27.56519,24.883707,-9.27983,4.000656,29.462511,25.461855,-6.364421
43,2024-01-06 17:01:00,2024-01-06 17:04:00,4,60,10.567,75,8.0,162.0,162.0,3.92,"(8.0, 162.0, -116.0, 3.92, 0.0)",2024-01-06 17:01:00,2024-01-06 17:04:00,4,1,4,3,0.25,1.0,0.75,2.681483,27.56519,24.883707,-9.27983,4.000656,29.462511,25.461855,-6.364421
43,2024-01-06 17:01:00,2024-01-06 17:04:00,4,60,10.567,76,8.0,195.0,195.0,3.35,"(8.0, 195.0, -55.0, 3.35, 0.0)",2024-01-06 17:01:00,2024-01-06 17:04:00,4,1,4,3,0.25,1.0,0.75,2.681483,27.56519,24.883707,-9.27983,4.000656,29.462511,25.461855,-6.364421
43,2024-01-06 17:01:00,2024-01-06 17:04:00,4,60,10.567,77,8.0,155.0,155.0,3.42,"(8.0, 155.0, -56.0, 3.42, 0.0)",2024-01-06 17:01:00,2024-01-06 17:04:00,4,1,4,3,0.25,1.0,0.75,2.681483,27.56519,24.883707,-9.27983,4.000656,29.462511,25.461855,-6.364421
43,2024-01-06 17:01:00,2024-01-06 17:04:00,4,60,10.567,79,8.0,84.0,84.0,3.56,"(8.0, 84.0, -54.0, 3.56, 0.0)",2024-01-06 17:01:00,2024-01-06 17:04:00,4,1,4,3,0.25,1.0,0.75,2.681483,27.56519,24.883707,-9.27983,4.000656,29.462511,25.461855,-6.364421
43,2024-01-06 17:01:00,2024-01-06 17:04:00,4,60,10.567,82,8.0,187.0,187.0,4.09,"(8.0, 187.0, -55.0, 4.09, 0.0)",2024-01-06 17:01:00,2024-01-06 17:04:00,4,1,4,3,0.25,1.0,0.75,2.681483,27.56519,24.883707,-9.27983,4.000656,29.462511,25.461855,-6.364421
43,2024-01-06 17:01:00,2024-01-06 17:04:00,4,60,10.567,83,8.0,156.0,156.0,3.41,"(8.0, 156.0, -53.0, 3.41, 0.0)",2024-01-06 17:01:00,2024-01-06 17:04:00,4,1,4,3,0.25,1.0,0.75,2.681483,27.56519,24.883707,-9.27983,4.000656,29.462511,25.461855,-6.364421
43,2024-01-06 17:01:00,2024-01-06 17:04:00,4,60,10.567,84,8.0,294.0,294.0,4.62,"(8.0, 294.0, -62.0, 4.62, 0.0)",2024-01-06 17:01:00,2024-01-06 17:04:00,4,1,4,3,0.25,1.0,0.75,2.681483,27.56519,24.883707,-9.27983,4.000656,29.462511,25.461855,-6.364421
43,2024-01-06 17:01:00,2024-01-06 17:04:00,4,60,10.567,85,8.0,81.0,81.0,3.55,"(8.0, 81.0, -65.0, 3.55, 0.0)",2024-01-06 17:01:00,2024-01-06 17:04:00,4,1,4,3,0.25,1.0,0.75,2.681483,27.56519,24.883707,-9.27983,4.000656,29.462511,25.461855,-6.364421
43,2024-01-06 17:01:00,2024-01-06 17:04:00,4,60,10.567,86,8.0,138.0,138.0,3.88,"(8.0, 138.0, -64.0, 3.88, 0.0)",2024-01-06 17:01:00,2024-01-06 17:04:00,4,1,4,3,0.25,1.0,0.75,2.681483,27.56519,24.883707,-9.27983,4.000656,29.462511,25.461855,-6.364421
43,2024-01-06 17:01:00,2024-01-06 17:04:00,4,60,10.567,87,11.0,114.0,114.0,3.3,"(11.0, 114.0, -56.0, 3.3, 0.0)",2024-01-06 17:01:00,2024-01-06 17:04:00,4,1,4,3,0.25,1.0,0.75,2.681483,27.56519,24.883707,-9.27983,4.000656,29.462511,25.461855,-6.364421
43,2024-01-06 17:01:00,2024-01-06 17:04:00,4,60,10.567,89,8.0,168.0,168.0,4.42,"(8.0, 168.0, -68.0, 4.42, 0.0)",2024-01-06 17:01:00,2024-01-06 17:04:00,4,1,4,3,0.25,1.0,0.75,2.681483,27.56519,24.883707,-9.27983,4.000656,29.462511,25.461855,-6.364421
43,2024-01-06 17:01:00,2024-01-06 17:04:00,4,60,10.567,90,8.0,320.0,320.0,3.5,"(8.0, 320.0, -59.0, 3.5, 0.0)",2024-01-06 17:01:00,2024-01-06 17:04:00,4,1,4,3,0.25,1.0,0.75,2.681483,27.56519,24.883707,-9.27983,4.000656,29.462511,25.461855,-6.364421
43,2024-01-06 17:01:00,2024-01-06 17:04:00,4,60,10.567,91,8.0,272.0,272.0,4.17,"(8.0, 272.0, -66.0, 4.17, 0.0)",2024-01-06 17:01:00,2024-01-06 17:04:00,4,1,4,3,0.25,1.0,0.75,2.681483,27.56519,24.883707,-9.27983,4.000656,29.462511,25.461855,-6.364421
43,2024-01-06 17:01:00,2024-01-06 17:04:00,4,60,10.567,92,8.0,196.0,196.0,4.01,"(8.0, 196.0, -69.0, 4.01, 0.0)",2024-01-06 17:01:00,2024-01-06 17:04:00,4,1,4,3,0.25,1.0,0.75,2.681483,27.56519,24.883707,-9.27983,4.000656,29.462511,25.461855,-6.364421
43,2024-01-06 17:01:00,2024-01-06 17:04:00,4,60,10.567,93,8.0,231.0,231.0,3.68,"(8.0, 231.0, -81.0, 3.68, 0.0)",2024-01-06 17:01:00,2024-01-06 17:04:00,4,1,4,3,0.25,1.0,0.75,2.681483,27.56519,24.883707,-9.27983,4.000656,29.462511,25.461855,-6.364421
43,2024-01-06 17:01:00,2024-01-06 17:04:00,4,60,10.567,94,8.0,224.0,224.0,4.04,"(8.0, 224.0, -57.0, 4.04, 0.0)",2024-01-06 17:01:00,2024-01-06 17:04:00,4,1,4,3,0.25,1.0,0.75,2.681483,27.56519,24.883707,-9.27983,4.000656,29.462511,25.461855,-6.364421
43,2024-01-06 17:01:00,2024-01-06 17:04:00,4,60,10.567,95,8.0,193.0,193.0,4.62,"(8.0, 193.0, -64.0, 4.62, 0.0)",2024-01-06 17:01:00,2024-01-06 17:04:00,4,1,4,3,0.25,1.0,0.75,2.681483,27.56519,24.883707,-9.27983,4.000656,29.462511,25.461855,-6.364421
43,2024-01-06 17:01:00,2024-01-06 17:04:00,4,60,10.567,96,8.0,280.0,280.0,4.18,"(8.0, 280.0, -66.0, 4.18, 0.0)",2024-01-06 17:01:00,2024-01-06 17:04:00,4,1,4,3,0.25,1.0,0.75,2.681483,27.56519,24.883707,-9.27983,4.000656,29.462511,25.461855,-6.364421
43,2024-01-06 17:01:00,2024-01-06 17:04:00,4,60,10.567,97,8.0,143.0,143.0,3.24,"(8.0, 143.0, -58.0, 3.24, 0.0)",2024-01-06 17:01:00,2024-01-06 17:04:00,4,1,4,3,0.25,1.0,0.75,2.681483,27.56519,24.883707,-9.27983,4.000656,29.462511,25.461855,-6.364421
43,2024-01-06 17:01:00,2024-01-06 17:04:00,4,60,10.567,98,8.0,203.0,203.0,3.88,"(8.0, 203.0, -62.0, 3.88, 0.0)",2024-01-06 17:01:00,2024-01-06 17:04:00,4,1,4,3,0.25,1.0,0.75,2.681483,27.56519,24.883707,-9.27983,4.000656,29.462511,25.461855,-6.364421
43,2024-01-06 17:01:00,2024-01-06 17:04:00,4,60,10.567,99,8.0,130.0,130.0,3.15,"(8.0, 130.0, -63.0, 3.15, 0.0)",2024-01-06 17:01:00,2024-01-06 17:04:00,4,1,4,3,0.25,1.0,0.75,2.681483,27.56519,24.883707,-9.27983,4.000656,29.462511,25.461855,-6.364421
45,2024-02-07 14:37:00,2024-02-20 07:51:00,18315,1,0.808,88,0.0,808.0,808.0,7.64,"(0.0, 808.0, -13.0, 7.64, 0.0)",2024-02-07 14:37:00,2024-02-20 07:51:00,18301,2993,1156,-1837,0.163418,0.063118,-0.1003,838.809243,448.204553,-390.60469,0.465666,5883.23546,2817.607255,-3065.628205,0.521079
47,2024-02-26 10:01:00,2024-02-26 10:04:00,4,88,82.008,1,8.0,962.0,962.0,6.56,"(8.0, 962.0, 38.0, 6.56, 0.0)",2024-02-26 10:01:00,2024-02-26 10:04:00,4,4,4,0,1.0,1.0,0.0,0.0,6509.12,6509.12,,0.549205,6509.12,6508.570795,-11850.88929
47,2024-02-26 10:01:00,2024-02-26 10:04:00,4,88,82.008,2,8.0,1335.0,1335.0,6.6,"(8.0, 1335.0, -46.0, 6.6, 0.0)",2024-02-26 10:01:00,2024-02-26 10:04:00,4,4,4,0,1.0,1.0,0.0,0.0,6509.12,6509.12,,0.549205,6509.12,6508.570795,-11850.88929
47,2024-02-26 10:01:00,2024-02-26 10:04:00,4,88,82.008,3,8.0,1500.0,1500.0,6.62,"(8.0, 1500.0, -36.0, 6.62, 0.0)",2024-02-26 10:01:00,2024-02-26 10:04:00,4,4,4,0,1.0,1.0,0.0,0.0,6509.12,6509.12,,0.549205,6509.12,6508.570795,-11850.88929
47,2024-02-26 10:01:00,2024-02-26 10:04:00,4,88,82.008,4,8.0,1462.0,1462.0,7.31,"(8.0, 1462.0, -51.0, 7.31, 0.0)",2024-02-26 10:01:00,2024-02-26 10:04:00,4,4,4,0,1.0,1.0,0.0,0.0,6509.12,6509.12,,0.549205,6509.12,6508.570795,-11850.88929
47,2024-02-26 10:01:00,2024-02-26 10:04:00,4,88,82.008,5,11.0,1253.0,1253.0,6.2,"(11.0, 1253.0, -34.0, 6.2, 0.0)",2024-02-26 10:01:00,2024-02-26 10:04:00,4,4,4,0,1.0,1.0,0.0,0.0,6509.12,6509.12,,0.549205,6509.12,6508.570795,-11850.88929
47,2024-02-26 10:01:00,2024-02-26 10:04:00,4,88,82.008,6,8.0,1260.0,1260.0,6.6,"(8.0, 1260.0, 4.0, 6.6, 0.0)",2024-02-26 10:01:00,2024-02-26 10:04:00,4,4,4,0,1.0,1.0,0.0,0.0,6509.12,6509.12,,0.549205,6509.12,6508.570795,-11850.88929
47,2024-02-26 10:01:00,2024-02-26 10:04:00,4,88,82.008,7,8.0,1053.0,1053.0,6.82,"(8.0, 1053.0, -17.0, 6.82, 0.0)",2024-02-26 10:01:00,2024-02-26 10:04:00,4,4,4,0,1.0,1.0,0.0,0.0,6509.12,6509.12,,0.549205,6509.12,6508.570795,-11850.88929
47,2024-02-26 10:01:00,2024-02-26 10:04:00,4,88,82.008,8,8.0,1060.0,1060.0,6.03,"(8.0, 1060.0, -4.0, 6.03, 0.0)",2024-02-26 10:01:00,2024-02-26 10:04:00,4,4,4,0,1.0,1.0,0.0,0.0,6509.12,6509.12,,0.549205,6509.12,6508.570795,-11850.88929
47,2024-02-26 10:01:00,2024-02-26 10:04:00,4,88,82.008,9,8.0,1323.0,1323.0,7.16,"(8.0, 1323.0, -17.0, 7.16, 0.0)",2024-02-26 10:01:00,2024-02-26 10:04:00,4,4,4,0,1.0,1.0,0.0,0.0,6509.12,6509.12,,0.549205,6509.12,6508.570795,-11850.88929
47,2024-02-26 10:01:00,2024-02-26 10:04:00,4,88,82.008,10,8.0,973.0,973.0,6.18,"(8.0, 973.0, 13.0, 6.18, 0.0)",2024-02-26 10:01:00,2024-02-26 10:04:00,4,4,4,0,1.0,1.0,0.0,0.0,6509.12,6509.12,,0.549205,6509.12,6508.570795,-11850.88929
47,2024-02-26 10:01:00,2024-02-26 10:04:00,4,88,82.008,11,8.0,911.0,911.0,5.66,"(8.0, 911.0, 3.0, 5.66, 0.0)",2024-02-26 10:01:00,2024-02-26 10:04:00,4,4,4,0,1.0,1.0,0.0,0.0,6509.12,6509.12,,0.549205,6509.12,6508.570795,-11850.88929
47,2024-02-26 10:01:00,2024-02-26 10:04:00,4,88,82.008,12,8.0,880.0,880.0,4.98,"(8.0, 880.0, 16.0, 4.98, 0.0)",2024-02-26 10:01:00,2024-02-26 10:04:00,4,4,4,0,1.0,1.0,0.0,0.0,6509.12,6509.12,,0.549205,6509.12,6508.570795,-11850.88929
47,2024-02-26 10:01:00,2024-02-26 10:04:00,4,88,82.008,13,8.0,1051.0,1051.0,5.8,"(8.0, 1051.0, -5.0, 5.8, 0.0)",2024-02-26 10:01:00,2024-02-26 10:04:00,4,4,4,0,1.0,1.0,0.0,0.0,6509.12,6509.12,,0.549205,6509.12,6508.570795,-11850.88929
47,2024-02-26 10:01:00,2024-02-26 10:04:00,4,88,82.008,15,8.0,1101.0,1101.0,5.71,"(8.0, 1101.0, 51.0, 5.71, 0.0)",2024-02-26 10:01:00,2024-02-26 10:04:00,4,4,4,0,1.0,1.0,0.0,0.0,6509.12,6509.12,,0.549205,6509.12,6508.570795,-11850.88929
47,2024-02-26 10:01:00,2024-02-26 10:04:00,4,88,82.008,17,8.0,812.0,812.0,5.29,"(8.0, 812.0, 59.0, 5.29, 0.0)",2024-02-26 10:01:00,2024-02-26 10:04:00,4,4,4,0,1.0,1.0,0.0,0.0,6509.12,6509.12,,0.549205,6509.12,6508.570795,-11850.88929
47,2024-02-26 10:01:00,2024-02-26 10:04:00,4,88,82.008,18,8.0,1187.0,1187.0,6.78,"(8.0, 1187.0, -24.0, 6.78, 0.0)",2024-02-26 10:01:00,2024-02-26 10:04:00,4,4,4,0,1.0,1.0,0.0,0.0,6509.12,6509.12,,0.549205,6509.12,6508.570795,-11850.88929
47,2024-02-26 10:01:00,2024-02-26 10:04:00,4,88,82.008,19,8.0,1698.0,1698.0,7.19,"(8.0, 1698.0, -125.0, 7.19, 0.0)",2024-02-26 10:01:00,2024-02-26 10:04:00,4,4,4,0,1.0,1.0,0.0,0.0,6509.12,6509.12,,0.549205,6509.12,6508.570795,-11850.88929
47,2024-02-26 10:01:00,2024-02-26 10:04:00,4,88,82.008,20,8.0,1321.0,1321.0,6.14,"(8.0, 1321.0, -15.0, 6.14, 0.0)",2024-02-26 10:01:00,2024-02-26 10:04:00,4,4,4,0,1.0,1.0,0.0,0.0,6509.12,6509.12,,0.549205,6509.12,6508.570795,-11850.88929
47,2024-02-26 10:01:00,2024-02-26 10:04:00,4,88,82.008,21,11.0,1144.0,1144.0,5.28,"(11.0, 1144.0, 4.0, 5.28, 0.0)",2024-02-26 10:01:00,2024-02-26 10:04:00,4,4,4,0,1.0,1.0,0.0,0.0,6509.12,6509.12,,0.549205,6509.12,6508.570795,-11850.88929
47,2024-02-26 10:01:00,2024-02-26 10:04:00,4,88,82.008,22,8.0,850.0,850.0,6.0,"(8.0, 850.0, 8.0, 6.0, 0.0)",2024-02-26 10:01:00,2024-02-26 10:04:00,4,4,4,0,1.0,1.0,0.0,0.0,6509.12,6509.12,,0.549205,6509.12,6508.570795,-11850.88929
47,2024-02-26 10:01:00,2024-02-26 10:04:00,4,88,82.008,23,8.0,1396.0,1396.0,6.71,"(8.0, 1396.0, -27.0, 6.71, 0.0)",2024-02-26 10:01:00,2024-02-26 10:04:00,4,4,4,0,1.0,1.0,0.0,0.0,6509.12,6509.12,,0.549205,6509.12,6508.570795,-11850.88929
47,2024-02-26 10:01:00,2024-02-26 10:04:00,4,88,82.008,24,8.0,1073.0,1073.0,7.1,"(8.0, 1073.0, 3.0, 7.1, 0.0)",2024-02-26 10:01:00,2024-02-26 10:04:00,4,4,4,0,1.0,1.0,0.0,0.0,6509.12,6509.12,,0.549205,6509.12,6508.570795,-11850.88929
47,2024-02-26 10:01:00,2024-02-26 10:04:00,4,88,82.008,25,8.0,1108.0,1108.0,6.6,"(8.0, 1108.0, -14.0, 6.6, 0.0)",2024-02-26 10:01:00,2024-02-26 10:04:00,4,4,4,0,1.0,1.0,0.0,0.0,6509.12,6509.12,,0.549205,6509.12,6508.570795,-11850.88929
47,2024-02-26 10:01:00,2024-02-26 10:04:00,4,88,82.008,26,8.0,670.0,670.0,6.13,"(8.0, 670.0, 45.0, 6.13, 0.0)",2024-02-26 10:01:00,2024-02-26 10:04:00,4,4,4,0,1.0,1.0,0.0,0.0,6509.12,6509.12,,0.549205,6509.12,6508.570795,-11850.88929
47,2024-02-26 10:01:00,2024-02-26 10:04:00,4,88,82.008,27,8.0,639.0,639.0,5.12,"(8.0, 639.0, 6.0, 5.12, 0.0)",2024-02-26 10:01:00,2024-02-26 10:04:00,4,4,4,0,1.0,1.0,0.0,0.0,6509.12,6509.12,,0.549205,6509.12,6508.570795,-11850.88929
47,2024-02-26 10:01:00,2024-02-26 10:04:00,4,88,82.008,29,8.0,755.0,755.0,5.57,"(8.0, 755.0, -10.0, 5.57, 0.0)",2024-02-26 10:01:00,2024-02-26 10:04:00,4,4,4,0,1.0,1.0,0.0,0.0,6509.12,6509.12,,0.549205,6509.12,6508.570795,-11850.88929
47,2024-02-26 10:01:00,2024-02-26 10:04:00,4,88,82.008,30,8.0,948.0,948.0,6.35,"(8.0, 948.0, -11.0, 6.35, 0.0)",2024-02-26 10:01:00,2024-02-26 10:04:00,4,4,4,0,1.0,1.0,0.0,0.0,6509.12,6509.12,,0.549205,6509.12,6508.570795,-11850.88929
47,2024-02-26 10:01:00,2024-02-26 10:04:00,4,88,82.008,31,11.0,619.0,619.0,4.57,"(11.0, 619.0, -4.0, 4.57, 0.0)",2024-02-26 10:01:00,2024-02-26 10:04:00,4,4,4,0,1.0,1.0,0.0,0.0,6509.12,6509.12,,0.549205,6509.12,6508.570795,-11850.88929
47,2024-02-26 10:01:00,2024-02-26 10:04:00,4,88,82.008,32,8.0,1106.0,1106.0,6.15,"(8.0, 1106.0, -9.0, 6.15, 0.0)",2024-02-26 10:01:00,2024-02-26 10:04:00,4,4,4,0,1.0,1.0,0.0,0.0,6509.12,6509.12,,0.549205,6509.12,6508.570795,-11850.88929
47,2024-02-26 10:01:00,2024-02-26 10:04:00,4,88,82.008,33,8.0,1400.0,1400.0,7.66,"(8.0, 1400.0, -4.0, 7.66, 0.0)",2024-02-26 10:01:00,2024-02-26 10:04:00,4,4,4,0,1.0,1.0,0.0,0.0,6509.12,6509.12,,0.549205,6509.12,6508.570795,-11850.88929
47,2024-02-26 10:01:00,2024-02-26 10:04:00,4,88,82.008,35,8.0,1011.0,1011.0,6.42,"(8.0, 1011.0, 19.0, 6.42, 0.0)",2024-02-26 10:01:00,2024-02-26 10:04:00,4,4,4,0,1.0,1.0,0.0,0.0,6509.12,6509.12,,0.549205,6509.12,6508.570795,-11850.88929
47,2024-02-26 10:01:00,2024-02-26 10:04:00,4,88,82.008,37,8.0,1050.0,1050.0,6.12,"(8.0, 1050.0, 5.0, 6.12, 0.0)",2024-02-26 10:01:00,2024-02-26 10:04:00,4,4,4,0,1.0,1.0,0.0,0.0,6509.12,6509.12,,0.549205,6509.12,6508.570795,-11850.88929
47,2024-02-26 10:01:00,2024-02-26 10:04:00,4,88,82.008,38,8.0,503.0,503.0,4.74,"(8.0, 503.0, -33.0, 4.74, 0.0)",2024-02-26 10:01:00,2024-02-26 10:04:00,4,4,4,0,1.0,1.0,0.0,0.0,6509.12,6509.12,,0.549205,6509.12,6508.570795,-11850.88929
47,2024-02-26 10:01:00,2024-02-26 10:04:00,4,88,82.008,39,8.0,987.0,987.0,5.94,"(8.0, 987.0, 2.0, 5.94, 0.0)",2024-02-26 10:01:00,2024-02-26 10:04:00,4,4,4,0,1.0,1.0,0.0,0.0,6509.12,6509.12,,0.549205,6509.12,6508.570795,-11850.88929
47,2024-02-26 10:01:00,2024-02-26 10:04:00,4,88,82.008,40,8.0,777.0,777.0,5.01,"(8.0, 777.0, 16.0, 5.01, 0.0)",2024-02-26 10:01:00,2024-02-26 10:04:00,4,4,4,0,1.0,1.0,0.0,0.0,6509.12,6509.12,,0.549205,6509.12,6508.570795,-11850.88929
47,2024-02-26 10:01:00,2024-02-26 10:04:00,4,88,82.008,42,8.0,1061.0,1061.0,6.3,"(8.0, 1061.0, 23.0, 6.3, 0.0)",2024-02-26 10:01:00,2024-02-26 10:04:00,4,4,4,0,1.0,1.0,0.0,0.0,6509.12,6509.12,,0.549205,6509.12,6508.570795,-11850.88929
47,2024-02-26 10:01:00,2024-02-26 10:04:00,4,88,82.008,43,8.0,599.0,599.0,5.39,"(8.0, 599.0, 63.0, 5.39, 0.0)",2024-02-26 10:01:00,2024-02-26 10:04:00,4,4,4,0,1.0,1.0,0.0,0.0,6509.12,6509.12,,0.549205,6509.12,6508.570795,-11850.88929
47,2024-02-26 10:01:00,2024-02-26 10:04:00,4,88,82.008,44,8.0,850.0,850.0,5.89,"(8.0, 850.0, 21.0, 5.89, 0.0)",2024-02-26 10:01:00,2024-02-26 10:04:00,4,4,4,0,1.0,1.0,0.0,0.0,6509.12,6509.12,,0.549205,6509.12,6508.570795,-11850.88929
47,2024-02-26 10:01:00,2024-02-26 10:04:00,4,88,82.008,45,8.0,1069.0,1069.0,5.91,"(8.0, 1069.0, -14.0, 5.91, 0.0)",2024-02-26 10:01:00,2024-02-26 10:04:00,4,4,4,0,1.0,1.0,0.0,0.0,6509.12,6509.12,,0.549205,6509.12,6508.570795,-11850.88929
47,2024-02-26 10:01:00,2024-02-26 10:04:00,4,88,82.008,47,8.0,897.0,897.0,5.54,"(8.0, 897.0, 29.0, 5.54, 0.0)",2024-02-26 10:01:00,2024-02-26 10:04:00,4,4,4,0,1.0,1.0,0.0,0.0,6509.12,6509.12,,0.549205,6509.12,6508.570795,-11850.88929
47,2024-02-26 10:01:00,2024-02-26 10:04:00,4,88,82.008,49,8.0,765.0,765.0,4.87,"(8.0, 765.0, 55.0, 4.87, 0.0)",2024-02-26 10:01:00,2024-02-26 10:04:00,4,4,4,0,1.0,1.0,0.0,0.0,6509.12,6509.12,,0.549205,6509.12,6508.570795,-11850.88929
47,2024-02-26 10:01:00,2024-02-26 10:04:00,4,88,82.008,50,8.0,1085.0,1085.0,6.15,"(8.0, 1085.0, 15.0, 6.15, 0.0)",2024-02-26 10:01:00,2024-02-26 10:04:00,4,4,4,0,1.0,1.0,0.0,0.0,6509.12,6509.12,,0.549205,6509.12,6508.570795,-11850.88929
47,2024-02-26 10:01:00,2024-02-26 10:04:00,4,88,82.008,51,8.0,1506.0,1506.0,7.72,"(8.0, 1506.0, -48.0, 7.72, 0.0)",2024-02-26 10:01:00,2024-02-26 10:04:00,4,4,4,0,1.0,1.0,0.0,0.0,6509.12,6509.12,,0.549205,6509.12,6508.570795,-11850.88929
47,2024-02-26 10:01:00,2024-02-26 10:04:00,4,88,82.008,52,8.0,1554.0,1554.0,7.49,"(8.0, 1554.0, -49.0, 7.49, 0.0)",2024-02-26 10:01:00,2024-02-26 10:04:00,4,4,4,0,1.0,1.0,0.0,0.0,6509.12,6509.12,,0.549205,6509.12,6508.570795,-11850.88929
47,2024-02-26 10:01:00,2024-02-26 10:04:00,4,88,82.008,53,8.0,942.0,942.0,5.66,"(8.0, 942.0, -42.0, 5.66, 0.0)",2024-02-26 10:01:00,2024-02-26 10:04:00,4,4,4,0,1.0,1.0,0.0,0.0,6509.12,6509.12,,0.549205,6509.12,6508.570795,-11850.88929
47,2024-02-26 10:01:00,2024-02-26 10:04:00,4,88,82.008,54,8.0,1134.0,1134.0,6.55,"(8.0, 1134.0, -40.0, 6.55, 0.0)",2024-02-26 10:01:00,2024-02-26 10:04:00,4,4,4,0,1.0,1.0,0.0,0.0,6509.12,6509.12,,0.549205,6509.12,6508.570795,-11850.88929
47,2024-02-26 10:01:00,2024-02-26 10:04:00,4,88,82.008,55,8.0,493.0,493.0,4.8,"(8.0, 493.0, -56.0, 4.8, 0.0)",2024-02-26 10:01:00,2024-02-26 10:04:00,4,4,4,0,1.0,1.0,0.0,0.0,6509.12,6509.12,,0.549205,6509.12,6508.570795,-11850.88929
47,2024-02-26 10:01:00,2024-02-26 10:04:00,4,88,82.008,56,8.0,919.0,919.0,5.54,"(8.0, 919.0, -1.0, 5.54, 0.0)",2024-02-26 10:01:00,2024-02-26 10:04:00,4,4,4,0,1.0,1.0,0.0,0.0,6509.12,6509.12,,0.549205,6509.12,6508.570795,-11850.88929
47,2024-02-26 10:01:00,2024-02-26 10:04:00,4,88,82.008,58,8.0,832.0,832.0,5.8,"(8.0, 832.0, -11.0, 5.8, 0.0)",2024-02-26 10:01:00,2024-02-26 10:04:00,4,4,4,0,1.0,1.0,0.0,0.0,6509.12,6509.12,,0.549205,6509.12,6508.570795,-11850.88929
47,2024-02-26 10:01:00,2024-02-26 10:04:00,4,88,82.008,59,8.0,670.0,670.0,5.86,"(8.0, 670.0, -5.0, 5.86, 0.0)",2024-02-26 10:01:00,2024-02-26 10:04:00,4,4,4,0,1.0,1.0,0.0,0.0,6509.12,6509.12,,0.549205,6509.12,6508.570795,-11850.88929
47,2024-02-26 10:01:00,2024-02-26 10:04:00,4,88,82.008,60,8.0,801.0,801.0,4.93,"(8.0, 801.0, 22.0, 4.93, 0.0)",2024-02-26 10:01:00,2024-02-26 10:04:00,4,4,4,0,1.0,1.0,0.0,0.0,6509.12,6509.12,,0.549205,6509.12,6508.570795,-11850.88929
47,2024-02-26 10:01:00,2024-02-26 10:04:00,4,88,82.008,62,8.0,719.0,719.0,5.11,"(8.0, 719.0, 47.0, 5.11, 0.0)",2024-02-26 10:01:00,2024-02-26 10:04:00,4,4,4,0,1.0,1.0,0.0,0.0,6509.12,6509.12,,0.549205,6509.12,6508.570795,-11850.88929
47,2024-02-26 10:01:00,2024-02-26 10:04:00,4,88,82.008,63,8.0,514.0,514.0,5.47,"(8.0, 514.0, -61.0, 5.47, 0.0)",2024-02-26 10:01:00,2024-02-26 10:04:00,4,4,4,0,1.0,1.0,0.0,0.0,6509.12,6509.12,,0.549205,6509.12,6508.570795,-11850.88929
47,2024-02-26 10:01:00,2024-02-26 10:04:00,4,88,82.008,64,8.0,800.0,800.0,5.61,"(8.0, 800.0, -26.0, 5.61, 0.0)",2024-02-26 10:01:00,2024-02-26 10:04:00,4,4,4,0,1.0,1.0,0.0,0.0,6509.12,6509.12,,0.549205,6509.12,6508.570795,-11850.88929
47,2024-02-26 10:01:00,2024-02-26 10:04:00,4,88,82.008,65,8.0,1012.0,1012.0,5.89,"(8.0, 1012.0, -4.0, 5.89, 0.0)",2024-02-26 10:01:00,2024-02-26 10:04:00,4,4,4,0,1.0,1.0,0.0,0.0,6509.12,6509.12,,0.549205,6509.12,6508.570795,-11850.88929
47,2024-02-26 10:01:00,2024-02-26 10:04:00,4,88,82.008,67,8.0,686.0,686.0,5.42,"(8.0, 686.0, 9.0, 5.42, 0.0)",2024-02-26 10:01:00,2024-02-26 10:04:00,4,4,4,0,1.0,1.0,0.0,0.0,6509.12,6509.12,,0.549205,6509.12,6508.570795,-11850.88929
47,2024-02-26 10:01:00,2024-02-26 10:04:00,4,88,82.008,68,8.0,1696.0,1696.0,7.32,"(8.0, 1696.0, -59.0, 7.32, 0.0)",2024-02-26 10:01:00,2024-02-26 10:04:00,4,4,4,0,1.0,1.0,0.0,0.0,6509.12,6509.12,,0.549205,6509.12,6508.570795,-11850.88929
47,2024-02-26 10:01:00,2024-02-26 10:04:00,4,88,82.008,69,8.0,1230.0,1230.0,7.12,"(8.0, 1230.0, -41.0, 7.12, 0.0)",2024-02-26 10:01:00,2024-02-26 10:04:00,4,4,4,0,1.0,1.0,0.0,0.0,6509.12,6509.12,,0.549205,6509.12,6508.570795,-11850.88929
47,2024-02-26 10:01:00,2024-02-26 10:04:00,4,88,82.008,70,8.0,792.0,792.0,5.52,"(8.0, 792.0, -50.0, 5.52, 0.0)",2024-02-26 10:01:00,2024-02-26 10:04:00,4,4,4,0,1.0,1.0,0.0,0.0,6509.12,6509.12,,0.549205,6509.12,6508.570795,-11850.88929
47,2024-02-26 10:01:00,2024-02-26 10:04:00,4,88,82.008,71,8.0,885.0,885.0,5.6,"(8.0, 885.0, -5.0, 5.6, 0.0)",2024-02-26 10:01:00,2024-02-26 10:04:00,4,4,4,0,1.0,1.0,0.0,0.0,6509.12,6509.12,,0.549205,6509.12,6508.570795,-11850.88929
47,2024-02-26 10:01:00,2024-02-26 10:04:00,4,88,82.008,72,8.0,888.0,888.0,6.17,"(8.0, 888.0, -14.0, 6.17, 0.0)",2024-02-26 10:01:00,2024-02-26 10:04:00,4,4,4,0,1.0,1.0,0.0,0.0,6509.12,6509.12,,0.549205,6509.12,6508.570795,-11850.88929
47,2024-02-26 10:01:00,2024-02-26 10:04:00,4,88,82.008,73,8.0,461.0,461.0,4.77,"(8.0, 461.0, -61.0, 4.77, 0.0)",2024-02-26 10:01:00,2024-02-26 10:04:00,4,4,4,0,1.0,1.0,0.0,0.0,6509.12,6509.12,,0.549205,6509.12,6508.570795,-11850.88929
47,2024-02-26 10:01:00,2024-02-26 10:04:00,4,88,82.008,74,8.0,916.0,916.0,6.22,"(8.0, 916.0, -69.0, 6.22, 0.0)",2024-02-26 10:01:00,2024-02-26 10:04:00,4,4,4,0,1.0,1.0,0.0,0.0,6509.12,6509.12,,0.549205,6509.12,6508.570795,-11850.88929
47,2024-02-26 10:01:00,2024-02-26 10:04:00,4,88,82.008,75,8.0,638.0,638.0,5.46,"(8.0, 638.0, 45.0, 5.46, 0.0)",2024-02-26 10:01:00,2024-02-26 10:04:00,4,4,4,0,1.0,1.0,0.0,0.0,6509.12,6509.12,,0.549205,6509.12,6508.570795,-11850.88929
47,2024-02-26 10:01:00,2024-02-26 10:04:00,4,88,82.008,76,8.0,460.0,460.0,4.78,"(8.0, 460.0, -64.0, 4.78, 0.0)",2024-02-26 10:01:00,2024-02-26 10:04:00,4,4,4,0,1.0,1.0,0.0,0.0,6509.12,6509.12,,0.549205,6509.12,6508.570795,-11850.88929
47,2024-02-26 10:01:00,2024-02-26 10:04:00,4,88,82.008,77,8.0,582.0,582.0,4.58,"(8.0, 582.0, -23.0, 4.58, 0.0)",2024-02-26 10:01:00,2024-02-26 10:04:00,4,4,4,0,1.0,1.0,0.0,0.0,6509.12,6509.12,,0.549205,6509.12,6508.570795,-11850.88929
47,2024-02-26 10:01:00,2024-02-26 10:04:00,4,88,82.008,78,8.0,720.0,720.0,4.79,"(8.0, 720.0, 14.0, 4.79, 0.0)",2024-02-26 10:01:00,2024-02-26 10:04:00,4,4,4,0,1.0,1.0,0.0,0.0,6509.12,6509.12,,0.549205,6509.12,6508.570795,-11850.88929
47,2024-02-26 10:01:00,2024-02-26 10:04:00,4,88,82.008,79,8.0,1020.0,1020.0,6.01,"(8.0, 1020.0, -22.0, 6.01, 0.0)",2024-02-26 10:01:00,2024-02-26 10:04:00,4,4,4,0,1.0,1.0,0.0,0.0,6509.12,6509.12,,0.549205,6509.12,6508.570795,-11850.88929
47,2024-02-26 10:01:00,2024-02-26 10:04:00,4,88,82.008,80,8.0,828.0,828.0,5.02,"(8.0, 828.0, 1.0, 5.02, 0.0)",2024-02-26 10:01:00,2024-02-26 10:04:00,4,4,4,0,1.0,1.0,0.0,0.0,6509.12,6509.12,,0.549205,6509.12,6508.570795,-11850.88929
47,2024-02-26 10:01:00,2024-02-26 10:04:00,4,88,82.008,81,8.0,996.0,996.0,5.39,"(8.0, 996.0, 23.0, 5.39, 0.0)",2024-02-26 10:01:00,2024-02-26 10:04:00,4,4,4,0,1.0,1.0,0.0,0.0,6509.12,6509.12,,0.549205,6509.12,6508.570795,-11850.88929
47,2024-02-26 10:01:00,2024-02-26 10:04:00,4,88,82.008,82,8.0,363.0,363.0,4.38,"(8.0, 363.0, -72.0, 4.38, 0.0)",2024-02-26 10:01:00,2024-02-26 10:04:00,4,4,4,0,1.0,1.0,0.0,0.0,6509.12,6509.12,,0.549205,6509.12,6508.570795,-11850.88929
47,2024-02-26 10:01:00,2024-02-26 10:04:00,4,88,82.008,83,8.0,1308.0,1308.0,6.5,"(8.0, 1308.0, -28.0, 6.5, 0.0)",2024-02-26 10:01:00,2024-02-26 10:04:00,4,4,4,0,1.0,1.0,0.0,0.0,6509.12,6509.12,,0.549205,6509.12,6508.570795,-11850.88929
47,2024-02-26 10:01:00,2024-02-26 10:04:00,4,88,82.008,84,8.0,1075.0,1075.0,5.68,"(8.0, 1075.0, -34.0, 5.68, 0.0)",2024-02-26 10:01:00,2024-02-26 10:04:00,4,4,4,0,1.0,1.0,0.0,0.0,6509.12,6509.12,,0.549205,6509.12,6508.570795,-11850.88929
47,2024-02-26 10:01:00,2024-02-26 10:04:00,4,88,82.008,85,8.0,885.0,885.0,5.48,"(8.0, 885.0, -36.0, 5.48, 0.0)",2024-02-26 10:01:00,2024-02-26 10:04:00,4,4,4,0,1.0,1.0,0.0,0.0,6509.12,6509.12,,0.549205,6509.12,6508.570795,-11850.88929
47,2024-02-26 10:01:00,2024-02-26 10:04:00,4,88,82.008,86,8.0,822.0,822.0,5.21,"(8.0, 822.0, 4.0, 5.21, 0.0)",2024-02-26 10:01:00,2024-02-26 10:04:00,4,4,4,0,1.0,1.0,0.0,0.0,6509.12,6509.12,,0.549205,6509.12,6508.570795,-11850.88929
47,2024-02-26 10:01:00,2024-02-26 10:04:00,4,88,82.008,87,8.0,729.0,729.0,4.86,"(8.0, 729.0, -11.0, 4.86, 0.0)",2024-02-26 10:01:00,2024-02-26 10:04:00,4,4,4,0,1.0,1.0,0.0,0.0,6509.12,6509.12,,0.549205,6509.12,6508.570795,-11850.88929
47,2024-02-26 10:01:00,2024-02-26 10:04:00,4,88,82.008,88,8.0,744.0,744.0,5.34,"(8.0, 744.0, -1.0, 5.34, 0.0)",2024-02-26 10:01:00,2024-02-26 10:04:00,4,4,4,0,1.0,1.0,0.0,0.0,6509.12,6509.12,,0.549205,6509.12,6508.570795,-11850.88929
47,2024-02-26 10:01:00,2024-02-26 10:04:00,4,88,82.008,89,8.0,647.0,647.0,4.81,"(8.0, 647.0, -43.0, 4.81, 0.0)",2024-02-26 10:01:00,2024-02-26 10:04:00,4,4,4,0,1.0,1.0,0.0,0.0,6509.12,6509.12,,0.549205,6509.12,6508.570795,-11850.88929
47,2024-02-26 10:01:00,2024-02-26 10:04:00,4,88,82.008,90,8.0,441.0,441.0,4.86,"(8.0, 441.0, -84.0, 4.86, 0.0)",2024-02-26 10:01:00,2024-02-26 10:04:00,4,4,4,0,1.0,1.0,0.0,0.0,6509.12,6509.12,,0.549205,6509.12,6508.570795,-11850.88929
47,2024-02-26 10:01:00,2024-02-26 10:04:00,4,88,82.008,92,8.0,591.0,591.0,5.52,"(8.0, 591.0, -32.0, 5.52, 0.0)",2024-02-26 10:01:00,2024-02-26 10:04:00,4,4,4,0,1.0,1.0,0.0,0.0,6509.12,6509.12,,0.549205,6509.12,6508.570795,-11850.88929
47,2024-02-26 10:01:00,2024-02-26 10:04:00,4,88,82.008,93,8.0,835.0,835.0,6.71,"(8.0, 835.0, -36.0, 6.71, 0.0)",2024-02-26 10:01:00,2024-02-26 10:04:00,4,4,4,0,1.0,1.0,0.0,0.0,6509.12,6509.12,,0.549205,6509.12,6508.570795,-11850.88929
47,2024-02-26 10:01:00,2024-02-26 10:04:00,4,88,82.008,94,8.0,1021.0,1021.0,5.69,"(8.0, 1021.0, -10.0, 5.69, 0.0)",2024-02-26 10:01:00,2024-02-26 10:04:00,4,4,4,0,1.0,1.0,0.0,0.0,6509.12,6509.12,,0.549205,6509.12,6508.570795,-11850.88929
47,2024-02-26 10:01:00,2024-02-26 10:04:00,4,88,82.008,95,8.0,573.0,573.0,4.72,"(8.0, 573.0, -13.0, 4.72, 0.0)",2024-02-26 10:01:00,2024-02-26 10:04:00,4,4,4,0,1.0,1.0,0.0,0.0,6509.12,6509.12,,0.549205,6509.12,6508.570795,-11850.88929
47,2024-02-26 10:01:00,2024-02-26 10:04:00,4,88,82.008,96,8.0,689.0,689.0,4.77,"(8.0, 689.0, 2.0, 4.77, 0.0)",2024-02-26 10:01:00,2024-02-26 10:04:00,4,4,4,0,1.0,1.0,0.0,0.0,6509.12,6509.12,,0.549205,6509.12,6508.570795,-11850.88929
47,2024-02-26 10:01:00,2024-02-26 10:04:00,4,88,82.008,97,8.0,713.0,713.0,5.59,"(8.0, 713.0, -27.0, 5.59, 0.0)",2024-02-26 10:01:00,2024-02-26 10:04:00,4,4,4,0,1.0,1.0,0.0,0.0,6509.12,6509.12,,0.549205,6509.12,6508.570795,-11850.88929
47,2024-02-26 10:01:00,2024-02-26 10:04:00,4,88,82.008,98,8.0,1035.0,1035.0,5.5,"(8.0, 1035.0, -18.0, 5.5, 0.0)",2024-02-26 10:01:00,2024-02-26 10:04:00,4,4,4,0,1.0,1.0,0.0,0.0,6509.12,6509.12,,0.549205,6509.12,6508.570795,-11850.88929
47,2024-02-26 10:01:00,2024-02-26 10:04:00,4,88,82.008,99,8.0,957.0,957.0,5.56,"(8.0, 957.0, -16.0, 5.56, 0.0)",2024-02-26 10:01:00,2024-02-26 10:04:00,4,4,4,0,1.0,1.0,0.0,0.0,6509.12,6509.12,,0.549205,6509.12,6508.570795,-11850.88929
47,2024-02-26 10:01:00,2024-02-26 10:04:00,4,88,82.008,100,8.0,382.0,382.0,5.02,"(8.0, 382.0, -68.0, 5.02, 0.0)",2024-02-26 10:01:00,2024-02-26 10:04:00,4,4,4,0,1.0,1.0,0.0,0.0,6509.12,6509.12,,0.549205,6509.12,6508.570795,-11850.88929
49,2024-02-26 10:13:00,2024-02-26 10:16:00,4,88,99.977,1,8.0,1359.0,1359.0,6.61,"(8.0, 1359.0, 38.0, 6.61, 0.0)",2024-02-26 10:13:00,2024-02-26 10:16:00,4,4,4,0,1.0,1.0,0.0,0.0,7924.1312,7924.1312,,0.197956,7924.1312,7923.933244,-40028.817332
49,2024-02-26 10:13:00,2024-02-26 10:16:00,4,88,99.977,2,8.0,1373.0,1373.0,7.52,"(8.0, 1373.0, -32.0, 7.52, 0.0)",2024-02-26 10:13:00,2024-02-26 10:16:00,4,4,4,0,1.0,1.0,0.0,0.0,7924.1312,7924.1312,,0.197956,7924.1312,7923.933244,-40028.817332
49,2024-02-26 10:13:00,2024-02-26 10:16:00,4,88,99.977,3,8.0,1635.0,1635.0,6.41,"(8.0, 1635.0, -31.0, 6.41, 0.0)",2024-02-26 10:13:00,2024-02-26 10:16:00,4,4,4,0,1.0,1.0,0.0,0.0,7924.1312,7924.1312,,0.197956,7924.1312,7923.933244,-40028.817332
49,2024-02-26 10:13:00,2024-02-26 10:16:00,4,88,99.977,4,8.0,1769.0,1769.0,7.58,"(8.0, 1769.0, -22.0, 7.58, 0.0)",2024-02-26 10:13:00,2024-02-26 10:16:00,4,4,4,0,1.0,1.0,0.0,0.0,7924.1312,7924.1312,,0.197956,7924.1312,7923.933244,-40028.817332
49,2024-02-26 10:13:00,2024-02-26 10:16:00,4,88,99.977,5,11.0,1509.0,1509.0,7.68,"(11.0, 1509.0, -55.0, 7.68, 0.0)",2024-02-26 10:13:00,2024-02-26 10:16:00,4,4,4,0,1.0,1.0,0.0,0.0,7924.1312,7924.1312,,0.197956,7924.1312,7923.933244,-40028.817332
49,2024-02-26 10:13:00,2024-02-26 10:16:00,4,88,99.977,6,8.0,1561.0,1561.0,6.09,"(8.0, 1561.0, -20.0, 6.09, 0.0)",2024-02-26 10:13:00,2024-02-26 10:16:00,4,4,4,0,1.0,1.0,0.0,0.0,7924.1312,7924.1312,,0.197956,7924.1312,7923.933244,-40028.817332
49,2024-02-26 10:13:00,2024-02-26 10:16:00,4,88,99.977,7,8.0,1252.0,1252.0,7.94,"(8.0, 1252.0, -16.0, 7.94, 0.0)",2024-02-26 10:13:00,2024-02-26 10:16:00,4,4,4,0,1.0,1.0,0.0,0.0,7924.1312,7924.1312,,0.197956,7924.1312,7923.933244,-40028.817332
49,2024-02-26 10:13:00,2024-02-26 10:16:00,4,88,99.977,8,8.0,1336.0,1336.0,6.55,"(8.0, 1336.0, -1.0, 6.55, 0.0)",2024-02-26 10:13:00,2024-02-26 10:16:00,4,4,4,0,1.0,1.0,0.0,0.0,7924.1312,7924.1312,,0.197956,7924.1312,7923.933244,-40028.817332
49,2024-02-26 10:13:00,2024-02-26 10:16:00,4,88,99.977,9,8.0,1171.0,1171.0,6.27,"(8.0, 1171.0, -27.0, 6.27, 0.0)",2024-02-26 10:13:00,2024-02-26 10:16:00,4,4,4,0,1.0,1.0,0.0,0.0,7924.1312,7924.1312,,0.197956,7924.1312,7923.933244,-40028.817332
49,2024-02-26 10:13:00,2024-02-26 10:16:00,4,88,99.977,10,8.0,1046.0,1046.0,6.61,"(8.0, 1046.0, 33.0, 6.61, 0.0)",2024-02-26 10:13:00,2024-02-26 10:16:00,4,4,4,0,1.0,1.0,0.0,0.0,7924.1312,7924.1312,,0.197956,7924.1312,7923.933244,-40028.817332
49,2024-02-26 10:13:00,2024-02-26 10:16:00,4,88,99.977,11,8.0,1724.0,1724.0,7.09,"(8.0, 1724.0, -27.0, 7.09, 0.0)",2024-02-26 10:13:00,2024-02-26 10:16:00,4,4,4,0,1.0,1.0,0.0,0.0,7924.1312,7924.1312,,0.197956,7924.1312,7923.933244,-40028.817332
49,2024-02-26 10:13:00,2024-02-26 10:16:00,4,88,99.977,12,8.0,1105.0,1105.0,6.76,"(8.0, 1105.0, 9.0, 6.76, 0.0)",2024-02-26 10:13:00,2024-02-26 10:16:00,4,4,4,0,1.0,1.0,0.0,0.0,7924.1312,7924.1312,,0.197956,7924.1312,7923.933244,-40028.817332
49,2024-02-26 10:13:00,2024-02-26 10:16:00,4,88,99.977,13,8.0,953.0,953.0,5.36,"(8.0, 953.0, 9.0, 5.36, 0.0)",2024-02-26 10:13:00,2024-02-26 10:16:00,4,4,4,0,1.0,1.0,0.0,0.0,7924.1312,7924.1312,,0.197956,7924.1312,7923.933244,-40028.817332
49,2024-02-26 10:13:00,2024-02-26 10:16:00,4,88,99.977,15,8.0,704.0,704.0,5.54,"(8.0, 704.0, 62.0, 5.54, 0.0)",2024-02-26 10:13:00,2024-02-26 10:16:00,4,4,4,0,1.0,1.0,0.0,0.0,7924.1312,7924.1312,,0.197956,7924.1312,7923.933244,-40028.817332
49,2024-02-26 10:13:00,2024-02-26 10:16:00,4,88,99.977,17,8.0,1139.0,1139.0,6.79,"(8.0, 1139.0, 45.0, 6.79, 0.0)",2024-02-26 10:13:00,2024-02-26 10:16:00,4,4,4,0,1.0,1.0,0.0,0.0,7924.1312,7924.1312,,0.197956,7924.1312,7923.933244,-40028.817332
49,2024-02-26 10:13:00,2024-02-26 10:16:00,4,88,99.977,18,8.0,1412.0,1412.0,7.41,"(8.0, 1412.0, -48.0, 7.41, 0.0)",2024-02-26 10:13:00,2024-02-26 10:16:00,4,4,4,0,1.0,1.0,0.0,0.0,7924.1312,7924.1312,,0.197956,7924.1312,7923.933244,-40028.817332
49,2024-02-26 10:13:00,2024-02-26 10:16:00,4,88,99.977,19,8.0,1288.0,1288.0,5.58,"(8.0, 1288.0, -127.0, 5.58, 0.0)",2024-02-26 10:13:00,2024-02-26 10:16:00,4,4,4,0,1.0,1.0,0.0,0.0,7924.1312,7924.1312,,0.197956,7924.1312,7923.933244,-40028.817332
49,2024-02-26 10:13:00,2024-02-26 10:16:00,4,88,99.977,20,8.0,1416.0,1416.0,6.64,"(8.0, 1416.0, -26.0, 6.64, 0.0)",2024-02-26 10:13:00,2024-02-26 10:16:00,4,4,4,0,1.0,1.0,0.0,0.0,7924.1312,7924.1312,,0.197956,7924.1312,7923.933244,-40028.817332
49,2024-02-26 10:13:00,2024-02-26 10:16:00,4,88,99.977,21,11.0,1291.0,1291.0,6.34,"(11.0, 1291.0, -47.0, 6.34, 0.0)",2024-02-26 10:13:00,2024-02-26 10:16:00,4,4,4,0,1.0,1.0,0.0,0.0,7924.1312,7924.1312,,0.197956,7924.1312,7923.933244,-40028.817332
49,2024-02-26 10:13:00,2024-02-26 10:16:00,4,88,99.977,22,8.0,1116.0,1116.0,6.15,"(8.0, 1116.0, -16.0, 6.15, 0.0)",2024-02-26 10:13:00,2024-02-26 10:16:00,4,4,4,0,1.0,1.0,0.0,0.0,7924.1312,7924.1312,,0.197956,7924.1312,7923.933244,-40028.817332
49,2024-02-26 10:13:00,2024-02-26 10:16:00,4,88,99.977,23,8.0,1125.0,1125.0,6.37,"(8.0, 1125.0, -12.0, 6.37, 0.0)",2024-02-26 10:13:00,2024-02-26 10:16:00,4,4,4,0,1.0,1.0,0.0,0.0,7924.1312,7924.1312,,0.197956,7924.1312,7923.933244,-40028.817332
49,2024-02-26 10:13:00,2024-02-26 10:16:00,4,88,99.977,24,8.0,1146.0,1146.0,5.65,"(8.0, 1146.0, -18.0, 5.65, 0.0)",2024-02-26 10:13:00,2024-02-26 10:16:00,4,4,4,0,1.0,1.0,0.0,0.0,7924.1312,7924.1312,,0.197956,7924.1312,7923.933244,-40028.817332
49,2024-02-26 10:13:00,2024-02-26 10:16:00,4,88,99.977,25,8.0,1710.0,1710.0,8.01,"(8.0, 1710.0, -47.0, 8.01, 0.0)",2024-02-26 10:13:00,2024-02-26 10:16:00,4,4,4,0,1.0,1.0,0.0,0.0,7924.1312,7924.1312,,0.197956,7924.1312,7923.933244,-40028.817332
49,2024-02-26 10:13:00,2024-02-26 10:16:00,4,88,99.977,26,8.0,796.0,796.0,5.85,"(8.0, 796.0, 25.0, 5.85, 0.0)",2024-02-26 10:13:00,2024-02-26 10:16:00,4,4,4,0,1.0,1.0,0.0,0.0,7924.1312,7924.1312,,0.197956,7924.1312,7923.933244,-40028.817332
49,2024-02-26 10:13:00,2024-02-26 10:16:00,4,88,99.977,27,8.0,663.0,663.0,4.75,"(8.0, 663.0, -2.0, 4.75, 0.0)",2024-02-26 10:13:00,2024-02-26 10:16:00,4,4,4,0,1.0,1.0,0.0,0.0,7924.1312,7924.1312,,0.197956,7924.1312,7923.933244,-40028.817332
49,2024-02-26 10:13:00,2024-02-26 10:16:00,4,88,99.977,29,8.0,862.0,862.0,5.67,"(8.0, 862.0, 2.0, 5.67, 0.0)",2024-02-26 10:13:00,2024-02-26 10:16:00,4,4,4,0,1.0,1.0,0.0,0.0,7924.1312,7924.1312,,0.197956,7924.1312,7923.933244,-40028.817332
49,2024-02-26 10:13:00,2024-02-26 10:16:00,4,88,99.977,30,8.0,1314.0,1314.0,6.46,"(8.0, 1314.0, -21.0, 6.46, 0.0)",2024-02-26 10:13:00,2024-02-26 10:16:00,4,4,4,0,1.0,1.0,0.0,0.0,7924.1312,7924.1312,,0.197956,7924.1312,7923.933244,-40028.817332
49,2024-02-26 10:13:00,2024-02-26 10:16:00,4,88,99.977,31,11.0,797.0,797.0,5.73,"(11.0, 797.0, 20.0, 5.73, 0.0)",2024-02-26 10:13:00,2024-02-26 10:16:00,4,4,4,0,1.0,1.0,0.0,0.0,7924.1312,7924.1312,,0.197956,7924.1312,7923.933244,-40028.817332
49,2024-02-26 10:13:00,2024-02-26 10:16:00,4,88,99.977,32,8.0,801.0,801.0,5.35,"(8.0, 801.0, -28.0, 5.35, 0.0)",2024-02-26 10:13:00,2024-02-26 10:16:00,4,4,4,0,1.0,1.0,0.0,0.0,7924.1312,7924.1312,,0.197956,7924.1312,7923.933244,-40028.817332
49,2024-02-26 10:13:00,2024-02-26 10:16:00,4,88,99.977,33,8.0,854.0,854.0,5.54,"(8.0, 854.0, 30.0, 5.54, 0.0)",2024-02-26 10:13:00,2024-02-26 10:16:00,4,4,4,0,1.0,1.0,0.0,0.0,7924.1312,7924.1312,,0.197956,7924.1312,7923.933244,-40028.817332
49,2024-02-26 10:13:00,2024-02-26 10:16:00,4,88,99.977,35,8.0,1380.0,1380.0,6.65,"(8.0, 1380.0, -22.0, 6.65, 0.0)",2024-02-26 10:13:00,2024-02-26 10:16:00,4,4,4,0,1.0,1.0,0.0,0.0,7924.1312,7924.1312,,0.197956,7924.1312,7923.933244,-40028.817332
49,2024-02-26 10:13:00,2024-02-26 10:16:00,4,88,99.977,37,8.0,1461.0,1461.0,7.35,"(8.0, 1461.0, -25.0, 7.35, 0.0)",2024-02-26 10:13:00,2024-02-26 10:16:00,4,4,4,0,1.0,1.0,0.0,0.0,7924.1312,7924.1312,,0.197956,7924.1312,7923.933244,-40028.817332
49,2024-02-26 10:13:00,2024-02-26 10:16:00,4,88,99.977,38,8.0,1292.0,1292.0,6.65,"(8.0, 1292.0, -44.0, 6.65, 0.0)",2024-02-26 10:13:00,2024-02-26 10:16:00,4,4,4,0,1.0,1.0,0.0,0.0,7924.1312,7924.1312,,0.197956,7924.1312,7923.933244,-40028.817332
49,2024-02-26 10:13:00,2024-02-26 10:16:00,4,88,99.977,39,8.0,873.0,873.0,5.59,"(8.0, 873.0, 15.0, 5.59, 0.0)",2024-02-26 10:13:00,2024-02-26 10:16:00,4,4,4,0,1.0,1.0,0.0,0.0,7924.1312,7924.1312,,0.197956,7924.1312,7923.933244,-40028.817332
49,2024-02-26 10:13:00,2024-02-26 10:16:00,4,88,99.977,40,8.0,939.0,939.0,4.92,"(8.0, 939.0, 16.0, 4.92, 0.0)",2024-02-26 10:13:00,2024-02-26 10:16:00,4,4,4,0,1.0,1.0,0.0,0.0,7924.1312,7924.1312,,0.197956,7924.1312,7923.933244,-40028.817332
49,2024-02-26 10:13:00,2024-02-26 10:16:00,4,88,99.977,42,8.0,952.0,952.0,6.01,"(8.0, 952.0, 15.0, 6.01, 0.0)",2024-02-26 10:13:00,2024-02-26 10:16:00,4,4,4,0,1.0,1.0,0.0,0.0,7924.1312,7924.1312,,0.197956,7924.1312,7923.933244,-40028.817332
49,2024-02-26 10:13:00,2024-02-26 10:16:00,4,88,99.977,43,8.0,783.0,783.0,5.42,"(8.0, 783.0, 64.0, 5.42, 0.0)",2024-02-26 10:13:00,2024-02-26 10:16:00,4,4,4,0,1.0,1.0,0.0,0.0,7924.1312,7924.1312,,0.197956,7924.1312,7923.933244,-40028.817332
49,2024-02-26 10:13:00,2024-02-26 10:16:00,4,88,99.977,44,8.0,653.0,653.0,5.26,"(8.0, 653.0, -1.0, 5.26, 0.0)",2024-02-26 10:13:00,2024-02-26 10:16:00,4,4,4,0,1.0,1.0,0.0,0.0,7924.1312,7924.1312,,0.197956,7924.1312,7923.933244,-40028.817332
49,2024-02-26 10:13:00,2024-02-26 10:16:00,4,88,99.977,45,8.0,589.0,589.0,5.47,"(8.0, 589.0, 14.0, 5.47, 0.0)",2024-02-26 10:13:00,2024-02-26 10:16:00,4,4,4,0,1.0,1.0,0.0,0.0,7924.1312,7924.1312,,0.197956,7924.1312,7923.933244,-40028.817332
49,2024-02-26 10:13:00,2024-02-26 10:16:00,4,88,99.977,47,8.0,635.0,635.0,5.29,"(8.0, 635.0, -9.0, 5.29, 0.0)",2024-02-26 10:13:00,2024-02-26 10:16:00,4,4,4,0,1.0,1.0,0.0,0.0,7924.1312,7924.1312,,0.197956,7924.1312,7923.933244,-40028.817332
49,2024-02-26 10:13:00,2024-02-26 10:16:00,4,88,99.977,49,8.0,1534.0,1534.0,7.57,"(8.0, 1534.0, -10.0, 7.57, 0.0)",2024-02-26 10:13:00,2024-02-26 10:16:00,4,4,4,0,1.0,1.0,0.0,0.0,7924.1312,7924.1312,,0.197956,7924.1312,7923.933244,-40028.817332
49,2024-02-26 10:13:00,2024-02-26 10:16:00,4,88,99.977,50,8.0,1039.0,1039.0,6.57,"(8.0, 1039.0, -2.0, 6.57, 0.0)",2024-02-26 10:13:00,2024-02-26 10:16:00,4,4,4,0,1.0,1.0,0.0,0.0,7924.1312,7924.1312,,0.197956,7924.1312,7923.933244,-40028.817332
49,2024-02-26 10:13:00,2024-02-26 10:16:00,4,88,99.977,51,8.0,1663.0,1663.0,6.6,"(8.0, 1663.0, -34.0, 6.6, 0.0)",2024-02-26 10:13:00,2024-02-26 10:16:00,4,4,4,0,1.0,1.0,0.0,0.0,7924.1312,7924.1312,,0.197956,7924.1312,7923.933244,-40028.817332
49,2024-02-26 10:13:00,2024-02-26 10:16:00,4,88,99.977,52,8.0,2016.0,2016.0,7.93,"(8.0, 2016.0, -39.0, 7.93, 0.0)",2024-02-26 10:13:00,2024-02-26 10:16:00,4,4,4,0,1.0,1.0,0.0,0.0,7924.1312,7924.1312,,0.197956,7924.1312,7923.933244,-40028.817332
49,2024-02-26 10:13:00,2024-02-26 10:16:00,4,88,99.977,53,8.0,1839.0,1839.0,8.09,"(8.0, 1839.0, -102.0, 8.09, 0.0)",2024-02-26 10:13:00,2024-02-26 10:16:00,4,4,4,0,1.0,1.0,0.0,0.0,7924.1312,7924.1312,,0.197956,7924.1312,7923.933244,-40028.817332
49,2024-02-26 10:13:00,2024-02-26 10:16:00,4,88,99.977,54,8.0,1593.0,1593.0,7.95,"(8.0, 1593.0, -59.0, 7.95, 0.0)",2024-02-26 10:13:00,2024-02-26 10:16:00,4,4,4,0,1.0,1.0,0.0,0.0,7924.1312,7924.1312,,0.197956,7924.1312,7923.933244,-40028.817332
49,2024-02-26 10:13:00,2024-02-26 10:16:00,4,88,99.977,55,8.0,848.0,848.0,6.37,"(8.0, 848.0, 11.0, 6.37, 0.0)",2024-02-26 10:13:00,2024-02-26 10:16:00,4,4,4,0,1.0,1.0,0.0,0.0,7924.1312,7924.1312,,0.197956,7924.1312,7923.933244,-40028.817332
49,2024-02-26 10:13:00,2024-02-26 10:16:00,4,88,99.977,56,8.0,789.0,789.0,4.77,"(8.0, 789.0, 8.0, 4.77, 0.0)",2024-02-26 10:13:00,2024-02-26 10:16:00,4,4,4,0,1.0,1.0,0.0,0.0,7924.1312,7924.1312,,0.197956,7924.1312,7923.933244,-40028.817332
49,2024-02-26 10:13:00,2024-02-26 10:16:00,4,88,99.977,58,8.0,942.0,942.0,6.24,"(8.0, 942.0, 16.0, 6.24, 0.0)",2024-02-26 10:13:00,2024-02-26 10:16:00,4,4,4,0,1.0,1.0,0.0,0.0,7924.1312,7924.1312,,0.197956,7924.1312,7923.933244,-40028.817332
49,2024-02-26 10:13:00,2024-02-26 10:16:00,4,88,99.977,59,8.0,1133.0,1133.0,5.82,"(8.0, 1133.0, -9.0, 5.82, 0.0)",2024-02-26 10:13:00,2024-02-26 10:16:00,4,4,4,0,1.0,1.0,0.0,0.0,7924.1312,7924.1312,,0.197956,7924.1312,7923.933244,-40028.817332
49,2024-02-26 10:13:00,2024-02-26 10:16:00,4,88,99.977,60,8.0,868.0,868.0,5.57,"(8.0, 868.0, 13.0, 5.57, 0.0)",2024-02-26 10:13:00,2024-02-26 10:16:00,4,4,4,0,1.0,1.0,0.0,0.0,7924.1312,7924.1312,,0.197956,7924.1312,7923.933244,-40028.817332
49,2024-02-26 10:13:00,2024-02-26 10:16:00,4,88,99.977,62,8.0,974.0,974.0,6.72,"(8.0, 974.0, 33.0, 6.72, 0.0)",2024-02-26 10:13:00,2024-02-26 10:16:00,4,4,4,0,1.0,1.0,0.0,0.0,7924.1312,7924.1312,,0.197956,7924.1312,7923.933244,-40028.817332
49,2024-02-26 10:13:00,2024-02-26 10:16:00,4,88,99.977,63,8.0,565.0,565.0,5.62,"(8.0, 565.0, -41.0, 5.62, 0.0)",2024-02-26 10:13:00,2024-02-26 10:16:00,4,4,4,0,1.0,1.0,0.0,0.0,7924.1312,7924.1312,,0.197956,7924.1312,7923.933244,-40028.817332
49,2024-02-26 10:13:00,2024-02-26 10:16:00,4,88,99.977,64,8.0,1626.0,1626.0,6.93,"(8.0, 1626.0, -51.0, 6.93, 0.0)",2024-02-26 10:13:00,2024-02-26 10:16:00,4,4,4,0,1.0,1.0,0.0,0.0,7924.1312,7924.1312,,0.197956,7924.1312,7923.933244,-40028.817332
49,2024-02-26 10:13:00,2024-02-26 10:16:00,4,88,99.977,65,8.0,1106.0,1106.0,5.62,"(8.0, 1106.0, -4.0, 5.62, 0.0)",2024-02-26 10:13:00,2024-02-26 10:16:00,4,4,4,0,1.0,1.0,0.0,0.0,7924.1312,7924.1312,,0.197956,7924.1312,7923.933244,-40028.817332
49,2024-02-26 10:13:00,2024-02-26 10:16:00,4,88,99.977,67,8.0,1625.0,1625.0,6.65,"(8.0, 1625.0, -33.0, 6.65, 0.0)",2024-02-26 10:13:00,2024-02-26 10:16:00,4,4,4,0,1.0,1.0,0.0,0.0,7924.1312,7924.1312,,0.197956,7924.1312,7923.933244,-40028.817332
49,2024-02-26 10:13:00,2024-02-26 10:16:00,4,88,99.977,68,8.0,856.0,856.0,6.45,"(8.0, 856.0, -32.0, 6.45, 0.0)",2024-02-26 10:13:00,2024-02-26 10:16:00,4,4,4,0,1.0,1.0,0.0,0.0,7924.1312,7924.1312,,0.197956,7924.1312,7923.933244,-40028.817332
49,2024-02-26 10:13:00,2024-02-26 10:16:00,4,88,99.977,69,8.0,1132.0,1132.0,6.36,"(8.0, 1132.0, -10.0, 6.36, 0.0)",2024-02-26 10:13:00,2024-02-26 10:16:00,4,4,4,0,1.0,1.0,0.0,0.0,7924.1312,7924.1312,,0.197956,7924.1312,7923.933244,-40028.817332
49,2024-02-26 10:13:00,2024-02-26 10:16:00,4,88,99.977,70,8.0,822.0,822.0,5.74,"(8.0, 822.0, -21.0, 5.74, 0.0)",2024-02-26 10:13:00,2024-02-26 10:16:00,4,4,4,0,1.0,1.0,0.0,0.0,7924.1312,7924.1312,,0.197956,7924.1312,7923.933244,-40028.817332
49,2024-02-26 10:13:00,2024-02-26 10:16:00,4,88,99.977,71,8.0,1167.0,1167.0,7.02,"(8.0, 1167.0, -31.0, 7.02, 0.0)",2024-02-26 10:13:00,2024-02-26 10:16:00,4,4,4,0,1.0,1.0,0.0,0.0,7924.1312,7924.1312,,0.197956,7924.1312,7923.933244,-40028.817332
49,2024-02-26 10:13:00,2024-02-26 10:16:00,4,88,99.977,72,8.0,1070.0,1070.0,5.76,"(8.0, 1070.0, -9.0, 5.76, 0.0)",2024-02-26 10:13:00,2024-02-26 10:16:00,4,4,4,0,1.0,1.0,0.0,0.0,7924.1312,7924.1312,,0.197956,7924.1312,7923.933244,-40028.817332
49,2024-02-26 10:13:00,2024-02-26 10:16:00,4,88,99.977,73,8.0,996.0,996.0,6.04,"(8.0, 996.0, -27.0, 6.04, 0.0)",2024-02-26 10:13:00,2024-02-26 10:16:00,4,4,4,0,1.0,1.0,0.0,0.0,7924.1312,7924.1312,,0.197956,7924.1312,7923.933244,-40028.817332
49,2024-02-26 10:13:00,2024-02-26 10:16:00,4,88,99.977,74,8.0,1246.0,1246.0,6.53,"(8.0, 1246.0, -59.0, 6.53, 0.0)",2024-02-26 10:13:00,2024-02-26 10:16:00,4,4,4,0,1.0,1.0,0.0,0.0,7924.1312,7924.1312,,0.197956,7924.1312,7923.933244,-40028.817332
49,2024-02-26 10:13:00,2024-02-26 10:16:00,4,88,99.977,75,8.0,797.0,797.0,6.21,"(8.0, 797.0, 60.0, 6.21, 0.0)",2024-02-26 10:13:00,2024-02-26 10:16:00,4,4,4,0,1.0,1.0,0.0,0.0,7924.1312,7924.1312,,0.197956,7924.1312,7923.933244,-40028.817332
49,2024-02-26 10:13:00,2024-02-26 10:16:00,4,88,99.977,76,8.0,1031.0,1031.0,6.03,"(8.0, 1031.0, -22.0, 6.03, 0.0)",2024-02-26 10:13:00,2024-02-26 10:16:00,4,4,4,0,1.0,1.0,0.0,0.0,7924.1312,7924.1312,,0.197956,7924.1312,7923.933244,-40028.817332
49,2024-02-26 10:13:00,2024-02-26 10:16:00,4,88,99.977,77,8.0,1064.0,1064.0,5.75,"(8.0, 1064.0, -4.0, 5.75, 0.0)",2024-02-26 10:13:00,2024-02-26 10:16:00,4,4,4,0,1.0,1.0,0.0,0.0,7924.1312,7924.1312,,0.197956,7924.1312,7923.933244,-40028.817332
49,2024-02-26 10:13:00,2024-02-26 10:16:00,4,88,99.977,78,8.0,1560.0,1560.0,7.25,"(8.0, 1560.0, -31.0, 7.25, 0.0)",2024-02-26 10:13:00,2024-02-26 10:16:00,4,4,4,0,1.0,1.0,0.0,0.0,7924.1312,7924.1312,,0.197956,7924.1312,7923.933244,-40028.817332
49,2024-02-26 10:13:00,2024-02-26 10:16:00,4,88,99.977,79,8.0,912.0,912.0,5.4,"(8.0, 912.0, -8.0, 5.4, 0.0)",2024-02-26 10:13:00,2024-02-26 10:16:00,4,4,4,0,1.0,1.0,0.0,0.0,7924.1312,7924.1312,,0.197956,7924.1312,7923.933244,-40028.817332
49,2024-02-26 10:13:00,2024-02-26 10:16:00,4,88,99.977,80,8.0,737.0,737.0,5.18,"(8.0, 737.0, 42.0, 5.18, 0.0)",2024-02-26 10:13:00,2024-02-26 10:16:00,4,4,4,0,1.0,1.0,0.0,0.0,7924.1312,7924.1312,,0.197956,7924.1312,7923.933244,-40028.817332
49,2024-02-26 10:13:00,2024-02-26 10:16:00,4,88,99.977,81,8.0,659.0,659.0,5.02,"(8.0, 659.0, -6.0, 5.02, 0.0)",2024-02-26 10:13:00,2024-02-26 10:16:00,4,4,4,0,1.0,1.0,0.0,0.0,7924.1312,7924.1312,,0.197956,7924.1312,7923.933244,-40028.817332
49,2024-02-26 10:13:00,2024-02-26 10:16:00,4,88,99.977,82,8.0,1050.0,1050.0,5.98,"(8.0, 1050.0, -35.0, 5.98, 0.0)",2024-02-26 10:13:00,2024-02-26 10:16:00,4,4,4,0,1.0,1.0,0.0,0.0,7924.1312,7924.1312,,0.197956,7924.1312,7923.933244,-40028.817332
49,2024-02-26 10:13:00,2024-02-26 10:16:00,4,88,99.977,83,8.0,1573.0,1573.0,6.53,"(8.0, 1573.0, -46.0, 6.53, 0.0)",2024-02-26 10:13:00,2024-02-26 10:16:00,4,4,4,0,1.0,1.0,0.0,0.0,7924.1312,7924.1312,,0.197956,7924.1312,7923.933244,-40028.817332
49,2024-02-26 10:13:00,2024-02-26 10:16:00,4,88,99.977,84,8.0,1875.0,1875.0,7.45,"(8.0, 1875.0, -29.0, 7.45, 0.0)",2024-02-26 10:13:00,2024-02-26 10:16:00,4,4,4,0,1.0,1.0,0.0,0.0,7924.1312,7924.1312,,0.197956,7924.1312,7923.933244,-40028.817332
49,2024-02-26 10:13:00,2024-02-26 10:16:00,4,88,99.977,85,8.0,1400.0,1400.0,6.98,"(8.0, 1400.0, -70.0, 6.98, 0.0)",2024-02-26 10:13:00,2024-02-26 10:16:00,4,4,4,0,1.0,1.0,0.0,0.0,7924.1312,7924.1312,,0.197956,7924.1312,7923.933244,-40028.817332
49,2024-02-26 10:13:00,2024-02-26 10:16:00,4,88,99.977,86,8.0,1348.0,1348.0,7.43,"(8.0, 1348.0, -22.0, 7.43, 0.0)",2024-02-26 10:13:00,2024-02-26 10:16:00,4,4,4,0,1.0,1.0,0.0,0.0,7924.1312,7924.1312,,0.197956,7924.1312,7923.933244,-40028.817332
49,2024-02-26 10:13:00,2024-02-26 10:16:00,4,88,99.977,87,8.0,1328.0,1328.0,6.19,"(8.0, 1328.0, -14.0, 6.19, 0.0)",2024-02-26 10:13:00,2024-02-26 10:16:00,4,4,4,0,1.0,1.0,0.0,0.0,7924.1312,7924.1312,,0.197956,7924.1312,7923.933244,-40028.817332
49,2024-02-26 10:13:00,2024-02-26 10:16:00,4,88,99.977,88,8.0,1021.0,1021.0,6.24,"(8.0, 1021.0, 6.0, 6.24, 0.0)",2024-02-26 10:13:00,2024-02-26 10:16:00,4,4,4,0,1.0,1.0,0.0,0.0,7924.1312,7924.1312,,0.197956,7924.1312,7923.933244,-40028.817332
49,2024-02-26 10:13:00,2024-02-26 10:16:00,4,88,99.977,89,8.0,1032.0,1032.0,5.6,"(8.0, 1032.0, -40.0, 5.6, 0.0)",2024-02-26 10:13:00,2024-02-26 10:16:00,4,4,4,0,1.0,1.0,0.0,0.0,7924.1312,7924.1312,,0.197956,7924.1312,7923.933244,-40028.817332
49,2024-02-26 10:13:00,2024-02-26 10:16:00,4,88,99.977,90,8.0,1530.0,1530.0,6.66,"(8.0, 1530.0, -66.0, 6.66, 0.0)",2024-02-26 10:13:00,2024-02-26 10:16:00,4,4,4,0,1.0,1.0,0.0,0.0,7924.1312,7924.1312,,0.197956,7924.1312,7923.933244,-40028.817332
49,2024-02-26 10:13:00,2024-02-26 10:16:00,4,88,99.977,92,8.0,1031.0,1031.0,4.97,"(8.0, 1031.0, 7.0, 4.97, 0.0)",2024-02-26 10:13:00,2024-02-26 10:16:00,4,4,4,0,1.0,1.0,0.0,0.0,7924.1312,7924.1312,,0.197956,7924.1312,7923.933244,-40028.817332
49,2024-02-26 10:13:00,2024-02-26 10:16:00,4,88,99.977,93,8.0,761.0,761.0,4.61,"(8.0, 761.0, -28.0, 4.61, 0.0)",2024-02-26 10:13:00,2024-02-26 10:16:00,4,4,4,0,1.0,1.0,0.0,0.0,7924.1312,7924.1312,,0.197956,7924.1312,7923.933244,-40028.817332
49,2024-02-26 10:13:00,2024-02-26 10:16:00,4,88,99.977,94,8.0,938.0,938.0,6.04,"(8.0, 938.0, 12.0, 6.04, 0.0)",2024-02-26 10:13:00,2024-02-26 10:16:00,4,4,4,0,1.0,1.0,0.0,0.0,7924.1312,7924.1312,,0.197956,7924.1312,7923.933244,-40028.817332
49,2024-02-26 10:13:00,2024-02-26 10:16:00,4,88,99.977,95,8.0,814.0,814.0,6.48,"(8.0, 814.0, -4.0, 6.48, 0.0)",2024-02-26 10:13:00,2024-02-26 10:16:00,4,4,4,0,1.0,1.0,0.0,0.0,7924.1312,7924.1312,,0.197956,7924.1312,7923.933244,-40028.817332
49,2024-02-26 10:13:00,2024-02-26 10:16:00,4,88,99.977,96,8.0,598.0,598.0,5.49,"(8.0, 598.0, 16.0, 5.49, 0.0)",2024-02-26 10:13:00,2024-02-26 10:16:00,4,4,4,0,1.0,1.0,0.0,0.0,7924.1312,7924.1312,,0.197956,7924.1312,7923.933244,-40028.817332
49,2024-02-26 10:13:00,2024-02-26 10:16:00,4,88,99.977,97,8.0,517.0,517.0,4.57,"(8.0, 517.0, -47.0, 4.57, 0.0)",2024-02-26 10:13:00,2024-02-26 10:16:00,4,4,4,0,1.0,1.0,0.0,0.0,7924.1312,7924.1312,,0.197956,7924.1312,7923.933244,-40028.817332
49,2024-02-26 10:13:00,2024-02-26 10:16:00,4,88,99.977,98,8.0,1292.0,1292.0,6.2,"(8.0, 1292.0, -13.0, 6.2, 0.0)",2024-02-26 10:13:00,2024-02-26 10:16:00,4,4,4,0,1.0,1.0,0.0,0.0,7924.1312,7924.1312,,0.197956,7924.1312,7923.933244,-40028.817332
49,2024-02-26 10:13:00,2024-02-26 10:16:00,4,88,99.977,99,8.0,1141.0,1141.0,6.89,"(8.0, 1141.0, -14.0, 6.89, 0.0)",2024-02-26 10:13:00,2024-02-26 10:16:00,4,4,4,0,1.0,1.0,0.0,0.0,7924.1312,7924.1312,,0.197956,7924.1312,7923.933244,-40028.817332
49,2024-02-26 10:13:00,2024-02-26 10:16:00,4,88,99.977,100,8.0,735.0,735.0,5.29,"(8.0, 735.0, -13.0, 5.29, 0.0)",2024-02-26 10:13:00,2024-02-26 10:16:00,4,4,4,0,1.0,1.0,0.0,0.0,7924.1312,7924.1312,,0.197956,7924.1312,7923.933244,-40028.817332
51,2024-02-28 10:54:00,2024-02-28 10:57:00,4,90,60.409,1,8.0,1019.0,1019.0,5.76,"(8.0, 1019.0, 38.0, 5.76, 0.0)",2024-02-28 10:54:00,2024-02-28 10:57:00,4,4,4,0,1.0,1.0,0.0,0.038472,4705.432,4705.393528,-122307.049518,2.244577,4705.432,4703.187423,-2095.355981
51,2024-02-28 10:54:00,2024-02-28 10:57:00,4,90,60.409,2,8.0,779.0,779.0,5.47,"(8.0, 779.0, -22.0, 5.47, 0.0)",2024-02-28 10:54:00,2024-02-28 10:57:00,4,4,4,0,1.0,1.0,0.0,0.038472,4705.432,4705.393528,-122307.049518,2.244577,4705.432,4703.187423,-2095.355981
51,2024-02-28 10:54:00,2024-02-28 10:57:00,4,90,60.409,3,8.0,651.0,651.0,6.35,"(8.0, 651.0, -51.0, 6.35, 0.0)",2024-02-28 10:54:00,2024-02-28 10:57:00,4,4,4,0,1.0,1.0,0.0,0.038472,4705.432,4705.393528,-122307.049518,2.244577,4705.432,4703.187423,-2095.355981
51,2024-02-28 10:54:00,2024-02-28 10:57:00,4,90,60.409,4,8.0,580.0,580.0,4.95,"(8.0, 580.0, -28.0, 4.95, 0.0)",2024-02-28 10:54:00,2024-02-28 10:57:00,4,4,4,0,1.0,1.0,0.0,0.038472,4705.432,4705.393528,-122307.049518,2.244577,4705.432,4703.187423,-2095.355981
51,2024-02-28 10:54:00,2024-02-28 10:57:00,4,90,60.409,5,11.0,446.0,446.0,4.85,"(11.0, 446.0, -73.0, 4.85, 0.0)",2024-02-28 10:54:00,2024-02-28 10:57:00,4,4,4,0,1.0,1.0,0.0,0.038472,4705.432,4705.393528,-122307.049518,2.244577,4705.432,4703.187423,-2095.355981
51,2024-02-28 10:54:00,2024-02-28 10:57:00,4,90,60.409,7,8.0,618.0,618.0,5.67,"(8.0, 618.0, 0.0, 5.67, 0.0)",2024-02-28 10:54:00,2024-02-28 10:57:00,4,4,4,0,1.0,1.0,0.0,0.038472,4705.432,4705.393528,-122307.049518,2.244577,4705.432,4703.187423,-2095.355981
51,2024-02-28 10:54:00,2024-02-28 10:57:00,4,90,60.409,8,8.0,474.0,474.0,4.09,"(8.0, 474.0, -46.0, 4.09, 0.0)",2024-02-28 10:54:00,2024-02-28 10:57:00,4,4,4,0,1.0,1.0,0.0,0.038472,4705.432,4705.393528,-122307.049518,2.244577,4705.432,4703.187423,-2095.355981
51,2024-02-28 10:54:00,2024-02-28 10:57:00,4,90,60.409,9,8.0,554.0,554.0,4.68,"(8.0, 554.0, -41.0, 4.68, 0.0)",2024-02-28 10:54:00,2024-02-28 10:57:00,4,4,4,0,1.0,1.0,0.0,0.038472,4705.432,4705.393528,-122307.049518,2.244577,4705.432,4703.187423,-2095.355981
51,2024-02-28 10:54:00,2024-02-28 10:57:00,4,90,60.409,10,8.0,407.0,407.0,4.17,"(8.0, 407.0, -62.0, 4.17, 0.0)",2024-02-28 10:54:00,2024-02-28 10:57:00,4,4,4,0,1.0,1.0,0.0,0.038472,4705.432,4705.393528,-122307.049518,2.244577,4705.432,4703.187423,-2095.355981
51,2024-02-28 10:54:00,2024-02-28 10:57:00,4,90,60.409,11,8.0,387.0,387.0,4.18,"(8.0, 387.0, -66.0, 4.18, 0.0)",2024-02-28 10:54:00,2024-02-28 10:57:00,4,4,4,0,1.0,1.0,0.0,0.038472,4705.432,4705.393528,-122307.049518,2.244577,4705.432,4703.187423,-2095.355981
51,2024-02-28 10:54:00,2024-02-28 10:57:00,4,90,60.409,12,8.0,512.0,512.0,5.31,"(8.0, 512.0, 2.0, 5.31, 0.0)",2024-02-28 10:54:00,2024-02-28 10:57:00,4,4,4,0,1.0,1.0,0.0,0.038472,4705.432,4705.393528,-122307.049518,2.244577,4705.432,4703.187423,-2095.355981
51,2024-02-28 10:54:00,2024-02-28 10:57:00,4,90,60.409,13,8.0,464.0,464.0,4.91,"(8.0, 464.0, -23.0, 4.91, 0.0)",2024-02-28 10:54:00,2024-02-28 10:57:00,4,4,4,0,1.0,1.0,0.0,0.038472,4705.432,4705.393528,-122307.049518,2.244577,4705.432,4703.187423,-2095.355981
51,2024-02-28 10:54:00,2024-02-28 10:57:00,4,90,60.409,14,8.0,428.0,428.0,4.24,"(8.0, 428.0, -56.0, 4.24, 0.0)",2024-02-28 10:54:00,2024-02-28 10:57:00,4,4,4,0,1.0,1.0,0.0,0.038472,4705.432,4705.393528,-122307.049518,2.244577,4705.432,4703.187423,-2095.355981
51,2024-02-28 10:54:00,2024-02-28 10:57:00,4,90,60.409,15,8.0,575.0,575.0,4.76,"(8.0, 575.0, 60.0, 4.76, 0.0)",2024-02-28 10:54:00,2024-02-28 10:57:00,4,4,4,0,1.0,1.0,0.0,0.038472,4705.432,4705.393528,-122307.049518,2.244577,4705.432,4703.187423,-2095.355981
51,2024-02-28 10:54:00,2024-02-28 10:57:00,4,90,60.409,16,8.0,583.0,583.0,4.9,"(8.0, 583.0, 15.0, 4.9, 0.0)",2024-02-28 10:54:00,2024-02-28 10:57:00,4,4,4,0,1.0,1.0,0.0,0.038472,4705.432,4705.393528,-122307.049518,2.244577,4705.432,4703.187423,-2095.355981
51,2024-02-28 10:54:00,2024-02-28 10:57:00,4,90,60.409,17,8.0,700.0,700.0,5.23,"(8.0, 700.0, 55.0, 5.23, 0.0)",2024-02-28 10:54:00,2024-02-28 10:57:00,4,4,4,0,1.0,1.0,0.0,0.038472,4705.432,4705.393528,-122307.049518,2.244577,4705.432,4703.187423,-2095.355981
51,2024-02-28 10:54:00,2024-02-28 10:57:00,4,90,60.409,18,8.0,532.0,532.0,5.8,"(8.0, 532.0, -35.0, 5.8, 0.0)",2024-02-28 10:54:00,2024-02-28 10:57:00,4,4,4,0,1.0,1.0,0.0,0.038472,4705.432,4705.393528,-122307.049518,2.244577,4705.432,4703.187423,-2095.355981
51,2024-02-28 10:54:00,2024-02-28 10:57:00,4,90,60.409,19,8.0,1114.0,1114.0,5.53,"(8.0, 1114.0, -132.0, 5.53, 0.0)",2024-02-28 10:54:00,2024-02-28 10:57:00,4,4,4,0,1.0,1.0,0.0,0.038472,4705.432,4705.393528,-122307.049518,2.244577,4705.432,4703.187423,-2095.355981
51,2024-02-28 10:54:00,2024-02-28 10:57:00,4,90,60.409,20,8.0,830.0,830.0,5.99,"(8.0, 830.0, 7.0, 5.99, 0.0)",2024-02-28 10:54:00,2024-02-28 10:57:00,4,4,4,0,1.0,1.0,0.0,0.038472,4705.432,4705.393528,-122307.049518,2.244577,4705.432,4703.187423,-2095.355981
51,2024-02-28 10:54:00,2024-02-28 10:57:00,4,90,60.409,21,11.0,735.0,735.0,5.77,"(11.0, 735.0, -33.0, 5.77, 0.0)",2024-02-28 10:54:00,2024-02-28 10:57:00,4,4,4,0,1.0,1.0,0.0,0.038472,4705.432,4705.393528,-122307.049518,2.244577,4705.432,4703.187423,-2095.355981
51,2024-02-28 10:54:00,2024-02-28 10:57:00,4,90,60.409,22,8.0,570.0,570.0,4.7,"(8.0, 570.0, -40.0, 4.7, 0.0)",2024-02-28 10:54:00,2024-02-28 10:57:00,4,4,4,0,1.0,1.0,0.0,0.038472,4705.432,4705.393528,-122307.049518,2.244577,4705.432,4703.187423,-2095.355981
51,2024-02-28 10:54:00,2024-02-28 10:57:00,4,90,60.409,23,8.0,396.0,396.0,4.47,"(8.0, 396.0, -77.0, 4.47, 0.0)",2024-02-28 10:54:00,2024-02-28 10:57:00,4,4,4,0,1.0,1.0,0.0,0.038472,4705.432,4705.393528,-122307.049518,2.244577,4705.432,4703.187423,-2095.355981
51,2024-02-28 10:54:00,2024-02-28 10:57:00,4,90,60.409,24,8.0,613.0,613.0,4.98,"(8.0, 613.0, -21.0, 4.98, 0.0)",2024-02-28 10:54:00,2024-02-28 10:57:00,4,4,4,0,1.0,1.0,0.0,0.038472,4705.432,4705.393528,-122307.049518,2.244577,4705.432,4703.187423,-2095.355981
51,2024-02-28 10:54:00,2024-02-28 10:57:00,4,90,60.409,25,8.0,456.0,456.0,3.6,"(8.0, 456.0, -65.0, 3.6, 0.0)",2024-02-28 10:54:00,2024-02-28 10:57:00,4,4,4,0,1.0,1.0,0.0,0.038472,4705.432,4705.393528,-122307.049518,2.244577,4705.432,4703.187423,-2095.355981
51,2024-02-28 10:54:00,2024-02-28 10:57:00,4,90,60.409,26,8.0,520.0,520.0,5.72,"(8.0, 520.0, 32.0, 5.72, 0.0)",2024-02-28 10:54:00,2024-02-28 10:57:00,4,4,4,0,1.0,1.0,0.0,0.038472,4705.432,4705.393528,-122307.049518,2.244577,4705.432,4703.187423,-2095.355981
51,2024-02-28 10:54:00,2024-02-28 10:57:00,4,90,60.409,27,8.0,317.0,317.0,3.35,"(8.0, 317.0, -70.0, 3.35, 0.0)",2024-02-28 10:54:00,2024-02-28 10:57:00,4,4,4,0,1.0,1.0,0.0,0.038472,4705.432,4705.393528,-122307.049518,2.244577,4705.432,4703.187423,-2095.355981
51,2024-02-28 10:54:00,2024-02-28 10:57:00,4,90,60.409,28,8.0,263.0,263.0,3.54,"(8.0, 263.0, -75.0, 3.54, 0.0)",2024-02-28 10:54:00,2024-02-28 10:57:00,4,4,4,0,1.0,1.0,0.0,0.038472,4705.432,4705.393528,-122307.049518,2.244577,4705.432,4703.187423,-2095.355981
51,2024-02-28 10:54:00,2024-02-28 10:57:00,4,90,60.409,29,8.0,452.0,452.0,4.17,"(8.0, 452.0, -47.0, 4.17, 0.0)",2024-02-28 10:54:00,2024-02-28 10:57:00,4,4,4,0,1.0,1.0,0.0,0.038472,4705.432,4705.393528,-122307.049518,2.244577,4705.432,4703.187423,-2095.355981
51,2024-02-28 10:54:00,2024-02-28 10:57:00,4,90,60.409,30,8.0,389.0,389.0,4.3,"(8.0, 389.0, -64.0, 4.3, 0.0)",2024-02-28 10:54:00,2024-02-28 10:57:00,4,4,4,0,1.0,1.0,0.0,0.038472,4705.432,4705.393528,-122307.049518,2.244577,4705.432,4703.187423,-2095.355981
51,2024-02-28 10:54:00,2024-02-28 10:57:00,4,90,60.409,31,8.0,508.0,508.0,5.01,"(8.0, 508.0, -2.0, 5.01, 0.0)",2024-02-28 10:54:00,2024-02-28 10:57:00,4,4,4,0,1.0,1.0,0.0,0.038472,4705.432,4705.393528,-122307.049518,2.244577,4705.432,4703.187423,-2095.355981
51,2024-02-28 10:54:00,2024-02-28 10:57:00,4,90,60.409,32,8.0,566.0,566.0,5.63,"(8.0, 566.0, -30.0, 5.63, 0.0)",2024-02-28 10:54:00,2024-02-28 10:57:00,4,4,4,0,1.0,1.0,0.0,0.038472,4705.432,4705.393528,-122307.049518,2.244577,4705.432,4703.187423,-2095.355981
51,2024-02-28 10:54:00,2024-02-28 10:57:00,4,90,60.409,33,8.0,554.0,554.0,4.98,"(8.0, 554.0, 41.0, 4.98, 0.0)",2024-02-28 10:54:00,2024-02-28 10:57:00,4,4,4,0,1.0,1.0,0.0,0.038472,4705.432,4705.393528,-122307.049518,2.244577,4705.432,4703.187423,-2095.355981
51,2024-02-28 10:54:00,2024-02-28 10:57:00,4,90,60.409,35,8.0,615.0,615.0,4.65,"(8.0, 615.0, -7.0, 4.65, 0.0)",2024-02-28 10:54:00,2024-02-28 10:57:00,4,4,4,0,1.0,1.0,0.0,0.038472,4705.432,4705.393528,-122307.049518,2.244577,4705.432,4703.187423,-2095.355981
51,2024-02-28 10:54:00,2024-02-28 10:57:00,4,90,60.409,36,8.0,1048.0,1048.0,5.9,"(8.0, 1048.0, -22.0, 5.9, 0.0)",2024-02-28 10:54:00,2024-02-28 10:57:00,4,4,4,0,1.0,1.0,0.0,0.038472,4705.432,4705.393528,-122307.049518,2.244577,4705.432,4703.187423,-2095.355981
51,2024-02-28 10:54:00,2024-02-28 10:57:00,4,90,60.409,37,8.0,862.0,862.0,5.81,"(8.0, 862.0, -15.0, 5.81, 0.0)",2024-02-28 10:54:00,2024-02-28 10:57:00,4,4,4,0,1.0,1.0,0.0,0.038472,4705.432,4705.393528,-122307.049518,2.244577,4705.432,4703.187423,-2095.355981
51,2024-02-28 10:54:00,2024-02-28 10:57:00,4,90,60.409,38,8.0,509.0,509.0,3.91,"(8.0, 509.0, -46.0, 3.91, 0.0)",2024-02-28 10:54:00,2024-02-28 10:57:00,4,4,4,0,1.0,1.0,0.0,0.038472,4705.432,4705.393528,-122307.049518,2.244577,4705.432,4703.187423,-2095.355981
51,2024-02-28 10:54:00,2024-02-28 10:57:00,4,90,60.409,39,8.0,569.0,569.0,5.26,"(8.0, 569.0, -2.0, 5.26, 0.0)",2024-02-28 10:54:00,2024-02-28 10:57:00,4,4,4,0,1.0,1.0,0.0,0.038472,4705.432,4705.393528,-122307.049518,2.244577,4705.432,4703.187423,-2095.355981
51,2024-02-28 10:54:00,2024-02-28 10:57:00,4,90,60.409,40,8.0,265.0,265.0,4.02,"(8.0, 265.0, -82.0, 4.02, 0.0)",2024-02-28 10:54:00,2024-02-28 10:57:00,4,4,4,0,1.0,1.0,0.0,0.038472,4705.432,4705.393528,-122307.049518,2.244577,4705.432,4703.187423,-2095.355981
51,2024-02-28 10:54:00,2024-02-28 10:57:00,4,90,60.409,42,8.0,587.0,587.0,6.09,"(8.0, 587.0, 3.0, 6.09, 0.0)",2024-02-28 10:54:00,2024-02-28 10:57:00,4,4,4,0,1.0,1.0,0.0,0.038472,4705.432,4705.393528,-122307.049518,2.244577,4705.432,4703.187423,-2095.355981
51,2024-02-28 10:54:00,2024-02-28 10:57:00,4,90,60.409,43,8.0,436.0,436.0,4.36,"(8.0, 436.0, 0.0, 4.36, 0.0)",2024-02-28 10:54:00,2024-02-28 10:57:00,4,4,4,0,1.0,1.0,0.0,0.038472,4705.432,4705.393528,-122307.049518,2.244577,4705.432,4703.187423,-2095.355981
51,2024-02-28 10:54:00,2024-02-28 10:57:00,4,90,60.409,45,8.0,337.0,337.0,3.8,"(8.0, 337.0, -73.0, 3.8, 0.0)",2024-02-28 10:54:00,2024-02-28 10:57:00,4,4,4,0,1.0,1.0,0.0,0.038472,4705.432,4705.393528,-122307.049518,2.244577,4705.432,4703.187423,-2095.355981
51,2024-02-28 10:54:00,2024-02-28 10:57:00,4,90,60.409,48,8.0,322.0,322.0,4.41,"(8.0, 322.0, -78.0, 4.41, 0.0)",2024-02-28 10:54:00,2024-02-28 10:57:00,4,4,4,0,1.0,1.0,0.0,0.038472,4705.432,4705.393528,-122307.049518,2.244577,4705.432,4703.187423,-2095.355981
51,2024-02-28 10:54:00,2024-02-28 10:57:00,4,90,60.409,49,8.0,673.0,673.0,6.33,"(8.0, 673.0, 53.0, 6.33, 0.0)",2024-02-28 10:54:00,2024-02-28 10:57:00,4,4,4,0,1.0,1.0,0.0,0.038472,4705.432,4705.393528,-122307.049518,2.244577,4705.432,4703.187423,-2095.355981
51,2024-02-28 10:54:00,2024-02-28 10:57:00,4,90,60.409,50,8.0,660.0,660.0,6.43,"(8.0, 660.0, -3.0, 6.43, 0.0)",2024-02-28 10:54:00,2024-02-28 10:57:00,4,4,4,0,1.0,1.0,0.0,0.038472,4705.432,4705.393528,-122307.049518,2.244577,4705.432,4703.187423,-2095.355981
51,2024-02-28 10:54:00,2024-02-28 10:57:00,4,90,60.409,51,8.0,939.0,939.0,5.72,"(8.0, 939.0, -35.0, 5.72, 0.0)",2024-02-28 10:54:00,2024-02-28 10:57:00,4,4,4,0,1.0,1.0,0.0,0.038472,4705.432,4705.393528,-122307.049518,2.244577,4705.432,4703.187423,-2095.355981
51,2024-02-28 10:54:00,2024-02-28 10:57:00,4,90,60.409,52,8.0,805.0,805.0,6.11,"(8.0, 805.0, -37.0, 6.11, 0.0)",2024-02-28 10:54:00,2024-02-28 10:57:00,4,4,4,0,1.0,1.0,0.0,0.038472,4705.432,4705.393528,-122307.049518,2.244577,4705.432,4703.187423,-2095.355981
51,2024-02-28 10:54:00,2024-02-28 10:57:00,4,90,60.409,53,8.0,632.0,632.0,5.55,"(8.0, 632.0, -34.0, 5.55, 0.0)",2024-02-28 10:54:00,2024-02-28 10:57:00,4,4,4,0,1.0,1.0,0.0,0.038472,4705.432,4705.393528,-122307.049518,2.244577,4705.432,4703.187423,-2095.355981
51,2024-02-28 10:54:00,2024-02-28 10:57:00,4,90,60.409,54,8.0,547.0,547.0,4.69,"(8.0, 547.0, -57.0, 4.69, 0.0)",2024-02-28 10:54:00,2024-02-28 10:57:00,4,4,4,0,1.0,1.0,0.0,0.038472,4705.432,4705.393528,-122307.049518,2.244577,4705.432,4703.187423,-2095.355981
51,2024-02-28 10:54:00,2024-02-28 10:57:00,4,90,60.409,55,8.0,601.0,601.0,4.36,"(8.0, 601.0, -10.0, 4.36, 0.0)",2024-02-28 10:54:00,2024-02-28 10:57:00,4,4,4,0,1.0,1.0,0.0,0.038472,4705.432,4705.393528,-122307.049518,2.244577,4705.432,4703.187423,-2095.355981
51,2024-02-28 10:54:00,2024-02-28 10:57:00,4,90,60.409,56,8.0,394.0,394.0,4.78,"(8.0, 394.0, -80.0, 4.78, 0.0)",2024-02-28 10:54:00,2024-02-28 10:57:00,4,4,4,0,1.0,1.0,0.0,0.038472,4705.432,4705.393528,-122307.049518,2.244577,4705.432,4703.187423,-2095.355981
51,2024-02-28 10:54:00,2024-02-28 10:57:00,4,90,60.409,57,8.0,484.0,484.0,4.23,"(8.0, 484.0, -113.0, 4.23, 0.0)",2024-02-28 10:54:00,2024-02-28 10:57:00,4,4,4,0,1.0,1.0,0.0,0.038472,4705.432,4705.393528,-122307.049518,2.244577,4705.432,4703.187423,-2095.355981
51,2024-02-28 10:54:00,2024-02-28 10:57:00,4,90,60.409,58,8.0,664.0,664.0,5.41,"(8.0, 664.0, -22.0, 5.41, 0.0)",2024-02-28 10:54:00,2024-02-28 10:57:00,4,4,4,0,1.0,1.0,0.0,0.038472,4705.432,4705.393528,-122307.049518,2.244577,4705.432,4703.187423,-2095.355981
51,2024-02-28 10:54:00,2024-02-28 10:57:00,4,90,60.409,59,8.0,566.0,566.0,6.01,"(8.0, 566.0, -39.0, 6.01, 0.0)",2024-02-28 10:54:00,2024-02-28 10:57:00,4,4,4,0,1.0,1.0,0.0,0.038472,4705.432,4705.393528,-122307.049518,2.244577,4705.432,4703.187423,-2095.355981
51,2024-02-28 10:54:00,2024-02-28 10:57:00,4,90,60.409,60,8.0,523.0,523.0,5.91,"(8.0, 523.0, -63.0, 5.91, 0.0)",2024-02-28 10:54:00,2024-02-28 10:57:00,4,4,4,0,1.0,1.0,0.0,0.038472,4705.432,4705.393528,-122307.049518,2.244577,4705.432,4703.187423,-2095.355981
51,2024-02-28 10:54:00,2024-02-28 10:57:00,4,90,60.409,61,8.0,546.0,546.0,4.47,"(8.0, 546.0, -18.0, 4.47, 0.0)",2024-02-28 10:54:00,2024-02-28 10:57:00,4,4,4,0,1.0,1.0,0.0,0.038472,4705.432,4705.393528,-122307.049518,2.244577,4705.432,4703.187423,-2095.355981
51,2024-02-28 10:54:00,2024-02-28 10:57:00,4,90,60.409,62,8.0,549.0,549.0,4.07,"(8.0, 549.0, 21.0, 4.07, 0.0)",2024-02-28 10:54:00,2024-02-28 10:57:00,4,4,4,0,1.0,1.0,0.0,0.038472,4705.432,4705.393528,-122307.049518,2.244577,4705.432,4703.187423,-2095.355981
51,2024-02-28 10:54:00,2024-02-28 10:57:00,4,90,60.409,63,8.0,550.0,550.0,4.2,"(8.0, 550.0, -47.0, 4.2, 0.0)",2024-02-28 10:54:00,2024-02-28 10:57:00,4,4,4,0,1.0,1.0,0.0,0.038472,4705.432,4705.393528,-122307.049518,2.244577,4705.432,4703.187423,-2095.355981
51,2024-02-28 10:54:00,2024-02-28 10:57:00,4,90,60.409,64,8.0,702.0,702.0,5.26,"(8.0, 702.0, -26.0, 5.26, 0.0)",2024-02-28 10:54:00,2024-02-28 10:57:00,4,4,4,0,1.0,1.0,0.0,0.038472,4705.432,4705.393528,-122307.049518,2.244577,4705.432,4703.187423,-2095.355981
51,2024-02-28 10:54:00,2024-02-28 10:57:00,4,90,60.409,65,8.0,614.0,614.0,3.98,"(8.0, 614.0, 5.0, 3.98, 0.0)",2024-02-28 10:54:00,2024-02-28 10:57:00,4,4,4,0,1.0,1.0,0.0,0.038472,4705.432,4705.393528,-122307.049518,2.244577,4705.432,4703.187423,-2095.355981
51,2024-02-28 10:54:00,2024-02-28 10:57:00,4,90,60.409,67,8.0,875.0,875.0,5.53,"(8.0, 875.0, -30.0, 5.53, 0.0)",2024-02-28 10:54:00,2024-02-28 10:57:00,4,4,4,0,1.0,1.0,0.0,0.038472,4705.432,4705.393528,-122307.049518,2.244577,4705.432,4703.187423,-2095.355981
51,2024-02-28 10:54:00,2024-02-28 10:57:00,4,90,60.409,68,8.0,799.0,799.0,5.3,"(8.0, 799.0, -2.0, 5.3, 0.0)",2024-02-28 10:54:00,2024-02-28 10:57:00,4,4,4,0,1.0,1.0,0.0,0.038472,4705.432,4705.393528,-122307.049518,2.244577,4705.432,4703.187423,-2095.355981
51,2024-02-28 10:54:00,2024-02-28 10:57:00,4,90,60.409,69,8.0,704.0,704.0,5.68,"(8.0, 704.0, -32.0, 5.68, 0.0)",2024-02-28 10:54:00,2024-02-28 10:57:00,4,4,4,0,1.0,1.0,0.0,0.038472,4705.432,4705.393528,-122307.049518,2.244577,4705.432,4703.187423,-2095.355981
51,2024-02-28 10:54:00,2024-02-28 10:57:00,4,90,60.409,70,8.0,525.0,525.0,6.18,"(8.0, 525.0, -67.0, 6.18, 0.0)",2024-02-28 10:54:00,2024-02-28 10:57:00,4,4,4,0,1.0,1.0,0.0,0.038472,4705.432,4705.393528,-122307.049518,2.244577,4705.432,4703.187423,-2095.355981
51,2024-02-28 10:54:00,2024-02-28 10:57:00,4,90,60.409,71,8.0,450.0,450.0,5.08,"(8.0, 450.0, -80.0, 5.08, 0.0)",2024-02-28 10:54:00,2024-02-28 10:57:00,4,4,4,0,1.0,1.0,0.0,0.038472,4705.432,4705.393528,-122307.049518,2.244577,4705.432,4703.187423,-2095.355981
51,2024-02-28 10:54:00,2024-02-28 10:57:00,4,90,60.409,72,8.0,397.0,397.0,4.66,"(8.0, 397.0, -56.0, 4.66, 0.0)",2024-02-28 10:54:00,2024-02-28 10:57:00,4,4,4,0,1.0,1.0,0.0,0.038472,4705.432,4705.393528,-122307.049518,2.244577,4705.432,4703.187423,-2095.355981
51,2024-02-28 10:54:00,2024-02-28 10:57:00,4,90,60.409,73,8.0,691.0,691.0,5.38,"(8.0, 691.0, -5.0, 5.38, 0.0)",2024-02-28 10:54:00,2024-02-28 10:57:00,4,4,4,0,1.0,1.0,0.0,0.038472,4705.432,4705.393528,-122307.049518,2.244577,4705.432,4703.187423,-2095.355981
51,2024-02-28 10:54:00,2024-02-28 10:57:00,4,90,60.409,74,8.0,760.0,760.0,5.66,"(8.0, 760.0, -51.0, 5.66, 0.0)",2024-02-28 10:54:00,2024-02-28 10:57:00,4,4,4,0,1.0,1.0,0.0,0.038472,4705.432,4705.393528,-122307.049518,2.244577,4705.432,4703.187423,-2095.355981
51,2024-02-28 10:54:00,2024-02-28 10:57:00,4,90,60.409,75,8.0,993.0,993.0,5.85,"(8.0, 993.0, 12.0, 5.85, 0.0)",2024-02-28 10:54:00,2024-02-28 10:57:00,4,4,4,0,1.0,1.0,0.0,0.038472,4705.432,4705.393528,-122307.049518,2.244577,4705.432,4703.187423,-2095.355981
51,2024-02-28 10:54:00,2024-02-28 10:57:00,4,90,60.409,76,8.0,773.0,773.0,6.32,"(8.0, 773.0, 10.0, 6.32, 0.0)",2024-02-28 10:54:00,2024-02-28 10:57:00,4,4,4,0,1.0,1.0,0.0,0.038472,4705.432,4705.393528,-122307.049518,2.244577,4705.432,4703.187423,-2095.355981
51,2024-02-28 10:54:00,2024-02-28 10:57:00,4,90,60.409,77,8.0,624.0,624.0,4.81,"(8.0, 624.0, -19.0, 4.81, 0.0)",2024-02-28 10:54:00,2024-02-28 10:57:00,4,4,4,0,1.0,1.0,0.0,0.038472,4705.432,4705.393528,-122307.049518,2.244577,4705.432,4703.187423,-2095.355981
51,2024-02-28 10:54:00,2024-02-28 10:57:00,4,90,60.409,78,8.0,541.0,541.0,5.49,"(8.0, 541.0, -39.0, 5.49, 0.0)",2024-02-28 10:54:00,2024-02-28 10:57:00,4,4,4,0,1.0,1.0,0.0,0.038472,4705.432,4705.393528,-122307.049518,2.244577,4705.432,4703.187423,-2095.355981
51,2024-02-28 10:54:00,2024-02-28 10:57:00,4,90,60.409,79,8.0,660.0,660.0,4.43,"(8.0, 660.0, -11.0, 4.43, 0.0)",2024-02-28 10:54:00,2024-02-28 10:57:00,4,4,4,0,1.0,1.0,0.0,0.038472,4705.432,4705.393528,-122307.049518,2.244577,4705.432,4703.187423,-2095.355981
51,2024-02-28 10:54:00,2024-02-28 10:57:00,4,90,60.409,80,8.0,959.0,959.0,6.2,"(8.0, 959.0, 22.0, 6.2, 0.0)",2024-02-28 10:54:00,2024-02-28 10:57:00,4,4,4,0,1.0,1.0,0.0,0.038472,4705.432,4705.393528,-122307.049518,2.244577,4705.432,4703.187423,-2095.355981
51,2024-02-28 10:54:00,2024-02-28 10:57:00,4,90,60.409,81,8.0,569.0,569.0,4.76,"(8.0, 569.0, -37.0, 4.76, 0.0)",2024-02-28 10:54:00,2024-02-28 10:57:00,4,4,4,0,1.0,1.0,0.0,0.038472,4705.432,4705.393528,-122307.049518,2.244577,4705.432,4703.187423,-2095.355981
51,2024-02-28 10:54:00,2024-02-28 10:57:00,4,90,60.409,82,8.0,679.0,679.0,5.13,"(8.0, 679.0, -9.0, 5.13, 0.0)",2024-02-28 10:54:00,2024-02-28 10:57:00,4,4,4,0,1.0,1.0,0.0,0.038472,4705.432,4705.393528,-122307.049518,2.244577,4705.432,4703.187423,-2095.355981
51,2024-02-28 10:54:00,2024-02-28 10:57:00,4,90,60.409,83,8.0,891.0,891.0,6.09,"(8.0, 891.0, -29.0, 6.09, 0.0)",2024-02-28 10:54:00,2024-02-28 10:57:00,4,4,4,0,1.0,1.0,0.0,0.038472,4705.432,4705.393528,-122307.049518,2.244577,4705.432,4703.187423,-2095.355981
51,2024-02-28 10:54:00,2024-02-28 10:57:00,4,90,60.409,84,8.0,1013.0,1013.0,6.04,"(8.0, 1013.0, -28.0, 6.04, 0.0)",2024-02-28 10:54:00,2024-02-28 10:57:00,4,4,4,0,1.0,1.0,0.0,0.038472,4705.432,4705.393528,-122307.049518,2.244577,4705.432,4703.187423,-2095.355981
51,2024-02-28 10:54:00,2024-02-28 10:57:00,4,90,60.409,85,8.0,1026.0,1026.0,6.05,"(8.0, 1026.0, -54.0, 6.05, 0.0)",2024-02-28 10:54:00,2024-02-28 10:57:00,4,4,4,0,1.0,1.0,0.0,0.038472,4705.432,4705.393528,-122307.049518,2.244577,4705.432,4703.187423,-2095.355981
51,2024-02-28 10:54:00,2024-02-28 10:57:00,4,90,60.409,86,8.0,922.0,922.0,5.37,"(8.0, 922.0, -19.0, 5.37, 0.0)",2024-02-28 10:54:00,2024-02-28 10:57:00,4,4,4,0,1.0,1.0,0.0,0.038472,4705.432,4705.393528,-122307.049518,2.244577,4705.432,4703.187423,-2095.355981
51,2024-02-28 10:54:00,2024-02-28 10:57:00,4,90,60.409,87,8.0,1020.0,1020.0,5.53,"(8.0, 1020.0, -26.0, 5.53, 0.0)",2024-02-28 10:54:00,2024-02-28 10:57:00,4,4,4,0,1.0,1.0,0.0,0.038472,4705.432,4705.393528,-122307.049518,2.244577,4705.432,4703.187423,-2095.355981
51,2024-02-28 10:54:00,2024-02-28 10:57:00,4,90,60.409,88,8.0,1032.0,1032.0,6.22,"(8.0, 1032.0, -19.0, 6.22, 0.0)",2024-02-28 10:54:00,2024-02-28 10:57:00,4,4,4,0,1.0,1.0,0.0,0.038472,4705.432,4705.393528,-122307.049518,2.244577,4705.432,4703.187423,-2095.355981
51,2024-02-28 10:54:00,2024-02-28 10:57:00,4,90,60.409,89,8.0,1043.0,1043.0,6.4,"(8.0, 1043.0, -34.0, 6.4, 0.0)",2024-02-28 10:54:00,2024-02-28 10:57:00,4,4,4,0,1.0,1.0,0.0,0.038472,4705.432,4705.393528,-122307.049518,2.244577,4705.432,4703.187423,-2095.355981
51,2024-02-28 10:54:00,2024-02-28 10:57:00,4,90,60.409,90,8.0,1153.0,1153.0,6.15,"(8.0, 1153.0, -57.0, 6.15, 0.0)",2024-02-28 10:54:00,2024-02-28 10:57:00,4,4,4,0,1.0,1.0,0.0,0.038472,4705.432,4705.393528,-122307.049518,2.244577,4705.432,4703.187423,-2095.355981
51,2024-02-28 10:54:00,2024-02-28 10:57:00,4,90,60.409,92,8.0,1071.0,1071.0,6.16,"(8.0, 1071.0, -42.0, 6.16, 0.0)",2024-02-28 10:54:00,2024-02-28 10:57:00,4,4,4,0,1.0,1.0,0.0,0.038472,4705.432,4705.393528,-122307.049518,2.244577,4705.432,4703.187423,-2095.355981
51,2024-02-28 10:54:00,2024-02-28 10:57:00,4,90,60.409,93,8.0,1123.0,1123.0,6.07,"(8.0, 1123.0, -21.0, 6.07, 0.0)",2024-02-28 10:54:00,2024-02-28 10:57:00,4,4,4,0,1.0,1.0,0.0,0.038472,4705.432,4705.393528,-122307.049518,2.244577,4705.432,4703.187423,-2095.355981
51,2024-02-28 10:54:00,2024-02-28 10:57:00,4,90,60.409,95,8.0,1048.0,1048.0,6.02,"(8.0, 1048.0, -19.0, 6.02, 0.0)",2024-02-28 10:54:00,2024-02-28 10:57:00,4,4,4,0,1.0,1.0,0.0,0.038472,4705.432,4705.393528,-122307.049518,2.244577,4705.432,4703.187423,-2095.355981
51,2024-02-28 10:54:00,2024-02-28 10:57:00,4,90,60.409,97,8.0,946.0,946.0,6.05,"(8.0, 946.0, -28.0, 6.05, 0.0)",2024-02-28 10:54:00,2024-02-28 10:57:00,4,4,4,0,1.0,1.0,0.0,0.038472,4705.432,4705.393528,-122307.049518,2.244577,4705.432,4703.187423,-2095.355981
51,2024-02-28 10:54:00,2024-02-28 10:57:00,4,90,60.409,98,8.0,1050.0,1050.0,6.05,"(8.0, 1050.0, -20.0, 6.05, 0.0)",2024-02-28 10:54:00,2024-02-28 10:57:00,4,4,4,0,1.0,1.0,0.0,0.038472,4705.432,4705.393528,-122307.049518,2.244577,4705.432,4703.187423,-2095.355981
51,2024-02-28 10:54:00,2024-02-28 10:57:00,4,90,60.409,99,8.0,1008.0,1008.0,5.87,"(8.0, 1008.0, 5.0, 5.87, 0.0)",2024-02-28 10:54:00,2024-02-28 10:57:00,4,4,4,0,1.0,1.0,0.0,0.038472,4705.432,4705.393528,-122307.049518,2.244577,4705.432,4703.187423,-2095.355981
51,2024-02-28 10:54:00,2024-02-28 10:57:00,4,90,60.409,100,8.0,1073.0,1073.0,6.27,"(8.0, 1073.0, -16.0, 6.27, 0.0)",2024-02-28 10:54:00,2024-02-28 10:57:00,4,4,4,0,1.0,1.0,0.0,0.038472,4705.432,4705.393528,-122307.049518,2.244577,4705.432,4703.187423,-2095.355981
53,2024-03-04 10:39:00,2024-03-04 10:42:00,4,98,395.507,1,8.0,4027.0,4027.0,12.98,"(8.0, 4027.0, 38.0, 12.98, 0.0)",2024-03-04 10:39:00,2024-03-04 10:42:00,4,4,4,0,1.0,1.0,0.0,0.0,30983.744,30983.744,,0.62367,30983.744,30983.12033,-49678.742735
53,2024-03-04 10:39:00,2024-03-04 10:42:00,4,98,395.507,2,8.0,4045.0,4045.0,13.53,"(8.0, 4045.0, 51.0, 13.53, 0.0)",2024-03-04 10:39:00,2024-03-04 10:42:00,4,4,4,0,1.0,1.0,0.0,0.0,30983.744,30983.744,,0.62367,30983.744,30983.12033,-49678.742735
53,2024-03-04 10:39:00,2024-03-04 10:42:00,4,98,395.507,3,8.0,4068.0,4068.0,12.55,"(8.0, 4068.0, 68.0, 12.55, 0.0)",2024-03-04 10:39:00,2024-03-04 10:42:00,4,4,4,0,1.0,1.0,0.0,0.0,30983.744,30983.744,,0.62367,30983.744,30983.12033,-49678.742735
53,2024-03-04 10:39:00,2024-03-04 10:42:00,4,98,395.507,4,8.0,4042.0,4042.0,13.25,"(8.0, 4042.0, 112.0, 13.25, 0.0)",2024-03-04 10:39:00,2024-03-04 10:42:00,4,4,4,0,1.0,1.0,0.0,0.0,30983.744,30983.744,,0.62367,30983.744,30983.12033,-49678.742735
53,2024-03-04 10:39:00,2024-03-04 10:42:00,4,98,395.507,5,8.0,4035.0,4035.0,12.49,"(8.0, 4035.0, 44.0, 12.49, 0.0)",2024-03-04 10:39:00,2024-03-04 10:42:00,4,4,4,0,1.0,1.0,0.0,0.0,30983.744,30983.744,,0.62367,30983.744,30983.12033,-49678.742735
53,2024-03-04 10:39:00,2024-03-04 10:42:00,4,98,395.507,6,8.0,4049.0,4049.0,13.76,"(8.0, 4049.0, 46.0, 13.76, 0.0)",2024-03-04 10:39:00,2024-03-04 10:42:00,4,4,4,0,1.0,1.0,0.0,0.0,30983.744,30983.744,,0.62367,30983.744,30983.12033,-49678.742735
53,2024-03-04 10:39:00,2024-03-04 10:42:00,4,98,395.507,7,8.0,4044.0,4044.0,13.98,"(8.0, 4044.0, 48.0, 13.98, 0.0)",2024-03-04 10:39:00,2024-03-04 10:42:00,4,4,4,0,1.0,1.0,0.0,0.0,30983.744,30983.744,,0.62367,30983.744,30983.12033,-49678.742735
53,2024-03-04 10:39:00,2024-03-04 10:42:00,4,98,395.507,8,8.0,4031.0,4031.0,13.63,"(8.0, 4031.0, 114.0, 13.63, 0.0)",2024-03-04 10:39:00,2024-03-04 10:42:00,4,4,4,0,1.0,1.0,0.0,0.0,30983.744,30983.744,,0.62367,30983.744,30983.12033,-49678.742735
53,2024-03-04 10:39:00,2024-03-04 10:42:00,4,98,395.507,9,8.0,4044.0,4044.0,13.18,"(8.0, 4044.0, 39.0, 13.18, 0.0)",2024-03-04 10:39:00,2024-03-04 10:42:00,4,4,4,0,1.0,1.0,0.0,0.0,30983.744,30983.744,,0.62367,30983.744,30983.12033,-49678.742735
53,2024-03-04 10:39:00,2024-03-04 10:42:00,4,98,395.507,10,8.0,4000.0,4000.0,13.24,"(8.0, 4000.0, 53.0, 13.24, 0.0)",2024-03-04 10:39:00,2024-03-04 10:42:00,4,4,4,0,1.0,1.0,0.0,0.0,30983.744,30983.744,,0.62367,30983.744,30983.12033,-49678.742735
53,2024-03-04 10:39:00,2024-03-04 10:42:00,4,98,395.507,11,8.0,3985.0,3985.0,14.81,"(8.0, 3985.0, 52.0, 14.81, 0.0)",2024-03-04 10:39:00,2024-03-04 10:42:00,4,4,4,0,1.0,1.0,0.0,0.0,30983.744,30983.744,,0.62367,30983.744,30983.12033,-49678.742735
53,2024-03-04 10:39:00,2024-03-04 10:42:00,4,98,395.507,12,8.0,4036.0,4036.0,13.17,"(8.0, 4036.0, -36.0, 13.17, 0.0)",2024-03-04 10:39:00,2024-03-04 10:42:00,4,4,4,0,1.0,1.0,0.0,0.0,30983.744,30983.744,,0.62367,30983.744,30983.12033,-49678.742735
53,2024-03-04 10:39:00,2024-03-04 10:42:00,4,98,395.507,13,8.0,4097.0,4097.0,12.19,"(8.0, 4097.0, 20.0, 12.19, 0.0)",2024-03-04 10:39:00,2024-03-04 10:42:00,4,4,4,0,1.0,1.0,0.0,0.0,30983.744,30983.744,,0.62367,30983.744,30983.12033,-49678.742735
53,2024-03-04 10:39:00,2024-03-04 10:42:00,4,98,395.507,14,8.0,4044.0,4044.0,11.07,"(8.0, 4044.0, 71.0, 11.07, 0.0)",2024-03-04 10:39:00,2024-03-04 10:42:00,4,4,4,0,1.0,1.0,0.0,0.0,30983.744,30983.744,,0.62367,30983.744,30983.12033,-49678.742735
53,2024-03-04 10:39:00,2024-03-04 10:42:00,4,98,395.507,15,8.0,4029.0,4029.0,13.81,"(8.0, 4029.0, 43.0, 13.81, 0.0)",2024-03-04 10:39:00,2024-03-04 10:42:00,4,4,4,0,1.0,1.0,0.0,0.0,30983.744,30983.744,,0.62367,30983.744,30983.12033,-49678.742735
53,2024-03-04 10:39:00,2024-03-04 10:42:00,4,98,395.507,16,8.0,4027.0,4027.0,11.99,"(8.0, 4027.0, 62.0, 11.99, 0.0)",2024-03-04 10:39:00,2024-03-04 10:42:00,4,4,4,0,1.0,1.0,0.0,0.0,30983.744,30983.744,,0.62367,30983.744,30983.12033,-49678.742735
53,2024-03-04 10:39:00,2024-03-04 10:42:00,4,98,395.507,17,8.0,4036.0,4036.0,12.59,"(8.0, 4036.0, 48.0, 12.59, 0.0)",2024-03-04 10:39:00,2024-03-04 10:42:00,4,4,4,0,1.0,1.0,0.0,0.0,30983.744,30983.744,,0.62367,30983.744,30983.12033,-49678.742735
53,2024-03-04 10:39:00,2024-03-04 10:42:00,4,98,395.507,18,8.0,4041.0,4041.0,11.32,"(8.0, 4041.0, 34.0, 11.32, 0.0)",2024-03-04 10:39:00,2024-03-04 10:42:00,4,4,4,0,1.0,1.0,0.0,0.0,30983.744,30983.744,,0.62367,30983.744,30983.12033,-49678.742735
53,2024-03-04 10:39:00,2024-03-04 10:42:00,4,98,395.507,19,8.0,4033.0,4033.0,13.57,"(8.0, 4033.0, 27.0, 13.57, 0.0)",2024-03-04 10:39:00,2024-03-04 10:42:00,4,4,4,0,1.0,1.0,0.0,0.0,30983.744,30983.744,,0.62367,30983.744,30983.12033,-49678.742735
53,2024-03-04 10:39:00,2024-03-04 10:42:00,4,98,395.507,20,8.0,4019.0,4019.0,12.69,"(8.0, 4019.0, 43.0, 12.69, 0.0)",2024-03-04 10:39:00,2024-03-04 10:42:00,4,4,4,0,1.0,1.0,0.0,0.0,30983.744,30983.744,,0.62367,30983.744,30983.12033,-49678.742735
53,2024-03-04 10:39:00,2024-03-04 10:42:00,4,98,395.507,21,8.0,4036.0,4036.0,14.04,"(8.0, 4036.0, 15.0, 14.04, 0.0)",2024-03-04 10:39:00,2024-03-04 10:42:00,4,4,4,0,1.0,1.0,0.0,0.0,30983.744,30983.744,,0.62367,30983.744,30983.12033,-49678.742735
53,2024-03-04 10:39:00,2024-03-04 10:42:00,4,98,395.507,22,8.0,4036.0,4036.0,11.99,"(8.0, 4036.0, 37.0, 11.99, 0.0)",2024-03-04 10:39:00,2024-03-04 10:42:00,4,4,4,0,1.0,1.0,0.0,0.0,30983.744,30983.744,,0.62367,30983.744,30983.12033,-49678.742735
53,2024-03-04 10:39:00,2024-03-04 10:42:00,4,98,395.507,23,8.0,4075.0,4075.0,10.23,"(8.0, 4075.0, 53.0, 10.23, 0.0)",2024-03-04 10:39:00,2024-03-04 10:42:00,4,4,4,0,1.0,1.0,0.0,0.0,30983.744,30983.744,,0.62367,30983.744,30983.12033,-49678.742735
53,2024-03-04 10:39:00,2024-03-04 10:42:00,4,98,395.507,24,8.0,4053.0,4053.0,11.03,"(8.0, 4053.0, 40.0, 11.03, 0.0)",2024-03-04 10:39:00,2024-03-04 10:42:00,4,4,4,0,1.0,1.0,0.0,0.0,30983.744,30983.744,,0.62367,30983.744,30983.12033,-49678.742735
53,2024-03-04 10:39:00,2024-03-04 10:42:00,4,98,395.507,25,8.0,4028.0,4028.0,11.3,"(8.0, 4028.0, 33.0, 11.3, 0.0)",2024-03-04 10:39:00,2024-03-04 10:42:00,4,4,4,0,1.0,1.0,0.0,0.0,30983.744,30983.744,,0.62367,30983.744,30983.12033,-49678.742735
53,2024-03-04 10:39:00,2024-03-04 10:42:00,4,98,395.507,26,8.0,4024.0,4024.0,13.22,"(8.0, 4024.0, 19.0, 13.22, 0.0)",2024-03-04 10:39:00,2024-03-04 10:42:00,4,4,4,0,1.0,1.0,0.0,0.0,30983.744,30983.744,,0.62367,30983.744,30983.12033,-49678.742735
53,2024-03-04 10:39:00,2024-03-04 10:42:00,4,98,395.507,27,8.0,4028.0,4028.0,11.45,"(8.0, 4028.0, 17.0, 11.45, 0.0)",2024-03-04 10:39:00,2024-03-04 10:42:00,4,4,4,0,1.0,1.0,0.0,0.0,30983.744,30983.744,,0.62367,30983.744,30983.12033,-49678.742735
53,2024-03-04 10:39:00,2024-03-04 10:42:00,4,98,395.507,28,8.0,4051.0,4051.0,9.81,"(8.0, 4051.0, 28.0, 9.81, 0.0)",2024-03-04 10:39:00,2024-03-04 10:42:00,4,4,4,0,1.0,1.0,0.0,0.0,30983.744,30983.744,,0.62367,30983.744,30983.12033,-49678.742735
53,2024-03-04 10:39:00,2024-03-04 10:42:00,4,98,395.507,29,8.0,4038.0,4038.0,10.99,"(8.0, 4038.0, 51.0, 10.99, 0.0)",2024-03-04 10:39:00,2024-03-04 10:42:00,4,4,4,0,1.0,1.0,0.0,0.0,30983.744,30983.744,,0.62367,30983.744,30983.12033,-49678.742735
53,2024-03-04 10:39:00,2024-03-04 10:42:00,4,98,395.507,30,8.0,4041.0,4041.0,12.2,"(8.0, 4041.0, 33.0, 12.2, 0.0)",2024-03-04 10:39:00,2024-03-04 10:42:00,4,4,4,0,1.0,1.0,0.0,0.0,30983.744,30983.744,,0.62367,30983.744,30983.12033,-49678.742735
53,2024-03-04 10:39:00,2024-03-04 10:42:00,4,98,395.507,31,8.0,4039.0,4039.0,12.13,"(8.0, 4039.0, 17.0, 12.13, 0.0)",2024-03-04 10:39:00,2024-03-04 10:42:00,4,4,4,0,1.0,1.0,0.0,0.0,30983.744,30983.744,,0.62367,30983.744,30983.12033,-49678.742735
53,2024-03-04 10:39:00,2024-03-04 10:42:00,4,98,395.507,32,8.0,4046.0,4046.0,11.38,"(8.0, 4046.0, 45.0, 11.38, 0.0)",2024-03-04 10:39:00,2024-03-04 10:42:00,4,4,4,0,1.0,1.0,0.0,0.0,30983.744,30983.744,,0.62367,30983.744,30983.12033,-49678.742735
53,2024-03-04 10:39:00,2024-03-04 10:42:00,4,98,395.507,33,8.0,4018.0,4018.0,13.83,"(8.0, 4018.0, 19.0, 13.83, 0.0)",2024-03-04 10:39:00,2024-03-04 10:42:00,4,4,4,0,1.0,1.0,0.0,0.0,30983.744,30983.744,,0.62367,30983.744,30983.12033,-49678.742735
53,2024-03-04 10:39:00,2024-03-04 10:42:00,4,98,395.507,35,8.0,4026.0,4026.0,11.52,"(8.0, 4026.0, 52.0, 11.52, 0.0)",2024-03-04 10:39:00,2024-03-04 10:42:00,4,4,4,0,1.0,1.0,0.0,0.0,30983.744,30983.744,,0.62367,30983.744,30983.12033,-49678.742735
53,2024-03-04 10:39:00,2024-03-04 10:42:00,4,98,395.507,36,8.0,4036.0,4036.0,11.9,"(8.0, 4036.0, 68.0, 11.9, 0.0)",2024-03-04 10:39:00,2024-03-04 10:42:00,4,4,4,0,1.0,1.0,0.0,0.0,30983.744,30983.744,,0.62367,30983.744,30983.12033,-49678.742735
53,2024-03-04 10:39:00,2024-03-04 10:42:00,4,98,395.507,37,8.0,4040.0,4040.0,12.46,"(8.0, 4040.0, 49.0, 12.46, 0.0)",2024-03-04 10:39:00,2024-03-04 10:42:00,4,4,4,0,1.0,1.0,0.0,0.0,30983.744,30983.744,,0.62367,30983.744,30983.12033,-49678.742735
53,2024-03-04 10:39:00,2024-03-04 10:42:00,4,98,395.507,38,8.0,4043.0,4043.0,13.37,"(8.0, 4043.0, 36.0, 13.37, 0.0)",2024-03-04 10:39:00,2024-03-04 10:42:00,4,4,4,0,1.0,1.0,0.0,0.0,30983.744,30983.744,,0.62367,30983.744,30983.12033,-49678.742735
53,2024-03-04 10:39:00,2024-03-04 10:42:00,4,98,395.507,39,8.0,4039.0,4039.0,12.46,"(8.0, 4039.0, 61.0, 12.46, 0.0)",2024-03-04 10:39:00,2024-03-04 10:42:00,4,4,4,0,1.0,1.0,0.0,0.0,30983.744,30983.744,,0.62367,30983.744,30983.12033,-49678.742735
53,2024-03-04 10:39:00,2024-03-04 10:42:00,4,98,395.507,40,8.0,4057.0,4057.0,12.57,"(8.0, 4057.0, 54.0, 12.57, 0.0)",2024-03-04 10:39:00,2024-03-04 10:42:00,4,4,4,0,1.0,1.0,0.0,0.0,30983.744,30983.744,,0.62367,30983.744,30983.12033,-49678.742735
53,2024-03-04 10:39:00,2024-03-04 10:42:00,4,98,395.507,41,8.0,4031.0,4031.0,15.41,"(8.0, 4031.0, 17.0, 15.41, 0.0)",2024-03-04 10:39:00,2024-03-04 10:42:00,4,4,4,0,1.0,1.0,0.0,0.0,30983.744,30983.744,,0.62367,30983.744,30983.12033,-49678.742735
53,2024-03-04 10:39:00,2024-03-04 10:42:00,4,98,395.507,42,8.0,4066.0,4066.0,12.4,"(8.0, 4066.0, 20.0, 12.4, 0.0)",2024-03-04 10:39:00,2024-03-04 10:42:00,4,4,4,0,1.0,1.0,0.0,0.0,30983.744,30983.744,,0.62367,30983.744,30983.12033,-49678.742735
53,2024-03-04 10:39:00,2024-03-04 10:42:00,4,98,395.507,43,8.0,4019.0,4019.0,13.34,"(8.0, 4019.0, 41.0, 13.34, 0.0)",2024-03-04 10:39:00,2024-03-04 10:42:00,4,4,4,0,1.0,1.0,0.0,0.0,30983.744,30983.744,,0.62367,30983.744,30983.12033,-49678.742735
53,2024-03-04 10:39:00,2024-03-04 10:42:00,4,98,395.507,44,8.0,4020.0,4020.0,12.58,"(8.0, 4020.0, 58.0, 12.58, 0.0)",2024-03-04 10:39:00,2024-03-04 10:42:00,4,4,4,0,1.0,1.0,0.0,0.0,30983.744,30983.744,,0.62367,30983.744,30983.12033,-49678.742735
53,2024-03-04 10:39:00,2024-03-04 10:42:00,4,98,395.507,45,8.0,4041.0,4041.0,13.12,"(8.0, 4041.0, 35.0, 13.12, 0.0)",2024-03-04 10:39:00,2024-03-04 10:42:00,4,4,4,0,1.0,1.0,0.0,0.0,30983.744,30983.744,,0.62367,30983.744,30983.12033,-49678.742735
53,2024-03-04 10:39:00,2024-03-04 10:42:00,4,98,395.507,46,8.0,4023.0,4023.0,11.47,"(8.0, 4023.0, 82.0, 11.47, 0.0)",2024-03-04 10:39:00,2024-03-04 10:42:00,4,4,4,0,1.0,1.0,0.0,0.0,30983.744,30983.744,,0.62367,30983.744,30983.12033,-49678.742735
53,2024-03-04 10:39:00,2024-03-04 10:42:00,4,98,395.507,47,8.0,4041.0,4041.0,11.26,"(8.0, 4041.0, 8.0, 11.26, 0.0)",2024-03-04 10:39:00,2024-03-04 10:42:00,4,4,4,0,1.0,1.0,0.0,0.0,30983.744,30983.744,,0.62367,30983.744,30983.12033,-49678.742735
53,2024-03-04 10:39:00,2024-03-04 10:42:00,4,98,395.507,48,8.0,4076.0,4076.0,11.41,"(8.0, 4076.0, -31.0, 11.41, 0.0)",2024-03-04 10:39:00,2024-03-04 10:42:00,4,4,4,0,1.0,1.0,0.0,0.0,30983.744,30983.744,,0.62367,30983.744,30983.12033,-49678.742735
53,2024-03-04 10:39:00,2024-03-04 10:42:00,4,98,395.507,49,8.0,3995.0,3995.0,12.83,"(8.0, 3995.0, 56.0, 12.83, 0.0)",2024-03-04 10:39:00,2024-03-04 10:42:00,4,4,4,0,1.0,1.0,0.0,0.0,30983.744,30983.744,,0.62367,30983.744,30983.12033,-49678.742735
53,2024-03-04 10:39:00,2024-03-04 10:42:00,4,98,395.507,50,8.0,4043.0,4043.0,12.59,"(8.0, 4043.0, 38.0, 12.59, 0.0)",2024-03-04 10:39:00,2024-03-04 10:42:00,4,4,4,0,1.0,1.0,0.0,0.0,30983.744,30983.744,,0.62367,30983.744,30983.12033,-49678.742735
53,2024-03-04 10:39:00,2024-03-04 10:42:00,4,98,395.507,51,8.0,4040.0,4040.0,13.24,"(8.0, 4040.0, 26.0, 13.24, 0.0)",2024-03-04 10:39:00,2024-03-04 10:42:00,4,4,4,0,1.0,1.0,0.0,0.0,30983.744,30983.744,,0.62367,30983.744,30983.12033,-49678.742735
53,2024-03-04 10:39:00,2024-03-04 10:42:00,4,98,395.507,52,8.0,4031.0,4031.0,12.97,"(8.0, 4031.0, 46.0, 12.97, 0.0)",2024-03-04 10:39:00,2024-03-04 10:42:00,4,4,4,0,1.0,1.0,0.0,0.0,30983.744,30983.744,,0.62367,30983.744,30983.12033,-49678.742735
53,2024-03-04 10:39:00,2024-03-04 10:42:00,4,98,395.507,53,8.0,4002.0,4002.0,12.63,"(8.0, 4002.0, -30.0, 12.63, 0.0)",2024-03-04 10:39:00,2024-03-04 10:42:00,4,4,4,0,1.0,1.0,0.0,0.0,30983.744,30983.744,,0.62367,30983.744,30983.12033,-49678.742735
53,2024-03-04 10:39:00,2024-03-04 10:42:00,4,98,395.507,54,8.0,4030.0,4030.0,14.06,"(8.0, 4030.0, 23.0, 14.06, 0.0)",2024-03-04 10:39:00,2024-03-04 10:42:00,4,4,4,0,1.0,1.0,0.0,0.0,30983.744,30983.744,,0.62367,30983.744,30983.12033,-49678.742735
53,2024-03-04 10:39:00,2024-03-04 10:42:00,4,98,395.507,55,8.0,4048.0,4048.0,13.37,"(8.0, 4048.0, 25.0, 13.37, 0.0)",2024-03-04 10:39:00,2024-03-04 10:42:00,4,4,4,0,1.0,1.0,0.0,0.0,30983.744,30983.744,,0.62367,30983.744,30983.12033,-49678.742735
53,2024-03-04 10:39:00,2024-03-04 10:42:00,4,98,395.507,56,8.0,4045.0,4045.0,13.26,"(8.0, 4045.0, 55.0, 13.26, 0.0)",2024-03-04 10:39:00,2024-03-04 10:42:00,4,4,4,0,1.0,1.0,0.0,0.0,30983.744,30983.744,,0.62367,30983.744,30983.12033,-49678.742735
53,2024-03-04 10:39:00,2024-03-04 10:42:00,4,98,395.507,57,8.0,4039.0,4039.0,13.99,"(8.0, 4039.0, -95.0, 13.99, 0.0)",2024-03-04 10:39:00,2024-03-04 10:42:00,4,4,4,0,1.0,1.0,0.0,0.0,30983.744,30983.744,,0.62367,30983.744,30983.12033,-49678.742735
53,2024-03-04 10:39:00,2024-03-04 10:42:00,4,98,395.507,58,8.0,4034.0,4034.0,11.02,"(8.0, 4034.0, 17.0, 11.02, 0.0)",2024-03-04 10:39:00,2024-03-04 10:42:00,4,4,4,0,1.0,1.0,0.0,0.0,30983.744,30983.744,,0.62367,30983.744,30983.12033,-49678.742735
53,2024-03-04 10:39:00,2024-03-04 10:42:00,4,98,395.507,59,8.0,4030.0,4030.0,10.96,"(8.0, 4030.0, 54.0, 10.96, 0.0)",2024-03-04 10:39:00,2024-03-04 10:42:00,4,4,4,0,1.0,1.0,0.0,0.0,30983.744,30983.744,,0.62367,30983.744,30983.12033,-49678.742735
53,2024-03-04 10:39:00,2024-03-04 10:42:00,4,98,395.507,60,8.0,4032.0,4032.0,13.17,"(8.0, 4032.0, 27.0, 13.17, 0.0)",2024-03-04 10:39:00,2024-03-04 10:42:00,4,4,4,0,1.0,1.0,0.0,0.0,30983.744,30983.744,,0.62367,30983.744,30983.12033,-49678.742735
53,2024-03-04 10:39:00,2024-03-04 10:42:00,4,98,395.507,61,8.0,4019.0,4019.0,12.4,"(8.0, 4019.0, 57.0, 12.4, 0.0)",2024-03-04 10:39:00,2024-03-04 10:42:00,4,4,4,0,1.0,1.0,0.0,0.0,30983.744,30983.744,,0.62367,30983.744,30983.12033,-49678.742735
53,2024-03-04 10:39:00,2024-03-04 10:42:00,4,98,395.507,62,8.0,4040.0,4040.0,10.89,"(8.0, 4040.0, 65.0, 10.89, 0.0)",2024-03-04 10:39:00,2024-03-04 10:42:00,4,4,4,0,1.0,1.0,0.0,0.0,30983.744,30983.744,,0.62367,30983.744,30983.12033,-49678.742735
53,2024-03-04 10:39:00,2024-03-04 10:42:00,4,98,395.507,63,8.0,4052.0,4052.0,12.69,"(8.0, 4052.0, 1.0, 12.69, 0.0)",2024-03-04 10:39:00,2024-03-04 10:42:00,4,4,4,0,1.0,1.0,0.0,0.0,30983.744,30983.744,,0.62367,30983.744,30983.12033,-49678.742735
53,2024-03-04 10:39:00,2024-03-04 10:42:00,4,98,395.507,64,8.0,4052.0,4052.0,11.63,"(8.0, 4052.0, -24.0, 11.63, 0.0)",2024-03-04 10:39:00,2024-03-04 10:42:00,4,4,4,0,1.0,1.0,0.0,0.0,30983.744,30983.744,,0.62367,30983.744,30983.12033,-49678.742735
53,2024-03-04 10:39:00,2024-03-04 10:42:00,4,98,395.507,65,8.0,4077.0,4077.0,14.27,"(8.0, 4077.0, -51.0, 14.27, 0.0)",2024-03-04 10:39:00,2024-03-04 10:42:00,4,4,4,0,1.0,1.0,0.0,0.0,30983.744,30983.744,,0.62367,30983.744,30983.12033,-49678.742735
53,2024-03-04 10:39:00,2024-03-04 10:42:00,4,98,395.507,66,8.0,4023.0,4023.0,14.49,"(8.0, 4023.0, -15.0, 14.49, 0.0)",2024-03-04 10:39:00,2024-03-04 10:42:00,4,4,4,0,1.0,1.0,0.0,0.0,30983.744,30983.744,,0.62367,30983.744,30983.12033,-49678.742735
53,2024-03-04 10:39:00,2024-03-04 10:42:00,4,98,395.507,67,8.0,4019.0,4019.0,14.19,"(8.0, 4019.0, 47.0, 14.19, 0.0)",2024-03-04 10:39:00,2024-03-04 10:42:00,4,4,4,0,1.0,1.0,0.0,0.0,30983.744,30983.744,,0.62367,30983.744,30983.12033,-49678.742735
53,2024-03-04 10:39:00,2024-03-04 10:42:00,4,98,395.507,68,8.0,4034.0,4034.0,12.45,"(8.0, 4034.0, -2.0, 12.45, 0.0)",2024-03-04 10:39:00,2024-03-04 10:42:00,4,4,4,0,1.0,1.0,0.0,0.0,30983.744,30983.744,,0.62367,30983.744,30983.12033,-49678.742735
53,2024-03-04 10:39:00,2024-03-04 10:42:00,4,98,395.507,70,8.0,4067.0,4067.0,14.42,"(8.0, 4067.0, 1.0, 14.42, 0.0)",2024-03-04 10:39:00,2024-03-04 10:42:00,4,4,4,0,1.0,1.0,0.0,0.0,30983.744,30983.744,,0.62367,30983.744,30983.12033,-49678.742735
53,2024-03-04 10:39:00,2024-03-04 10:42:00,4,98,395.507,71,8.0,4024.0,4024.0,12.84,"(8.0, 4024.0, 26.0, 12.84, 0.0)",2024-03-04 10:39:00,2024-03-04 10:42:00,4,4,4,0,1.0,1.0,0.0,0.0,30983.744,30983.744,,0.62367,30983.744,30983.12033,-49678.742735
53,2024-03-04 10:39:00,2024-03-04 10:42:00,4,98,395.507,72,8.0,4011.0,4011.0,11.15,"(8.0, 4011.0, 50.0, 11.15, 0.0)",2024-03-04 10:39:00,2024-03-04 10:42:00,4,4,4,0,1.0,1.0,0.0,0.0,30983.744,30983.744,,0.62367,30983.744,30983.12033,-49678.742735
53,2024-03-04 10:39:00,2024-03-04 10:42:00,4,98,395.507,73,8.0,4076.0,4076.0,12.92,"(8.0, 4076.0, 40.0, 12.92, 0.0)",2024-03-04 10:39:00,2024-03-04 10:42:00,4,4,4,0,1.0,1.0,0.0,0.0,30983.744,30983.744,,0.62367,30983.744,30983.12033,-49678.742735
53,2024-03-04 10:39:00,2024-03-04 10:42:00,4,98,395.507,74,8.0,4023.0,4023.0,13.2,"(8.0, 4023.0, 53.0, 13.2, 0.0)",2024-03-04 10:39:00,2024-03-04 10:42:00,4,4,4,0,1.0,1.0,0.0,0.0,30983.744,30983.744,,0.62367,30983.744,30983.12033,-49678.742735
53,2024-03-04 10:39:00,2024-03-04 10:42:00,4,98,395.507,75,8.0,4027.0,4027.0,13.49,"(8.0, 4027.0, 207.0, 13.49, 0.0)",2024-03-04 10:39:00,2024-03-04 10:42:00,4,4,4,0,1.0,1.0,0.0,0.0,30983.744,30983.744,,0.62367,30983.744,30983.12033,-49678.742735
53,2024-03-04 10:39:00,2024-03-04 10:42:00,4,98,395.507,76,8.0,4034.0,4034.0,12.62,"(8.0, 4034.0, 48.0, 12.62, 0.0)",2024-03-04 10:39:00,2024-03-04 10:42:00,4,4,4,0,1.0,1.0,0.0,0.0,30983.744,30983.744,,0.62367,30983.744,30983.12033,-49678.742735
53,2024-03-04 10:39:00,2024-03-04 10:42:00,4,98,395.507,77,8.0,4044.0,4044.0,11.73,"(8.0, 4044.0, 44.0, 11.73, 0.0)",2024-03-04 10:39:00,2024-03-04 10:42:00,4,4,4,0,1.0,1.0,0.0,0.0,30983.744,30983.744,,0.62367,30983.744,30983.12033,-49678.742735
53,2024-03-04 10:39:00,2024-03-04 10:42:00,4,98,395.507,78,8.0,4026.0,4026.0,12.08,"(8.0, 4026.0, 1.0, 12.08, 0.0)",2024-03-04 10:39:00,2024-03-04 10:42:00,4,4,4,0,1.0,1.0,0.0,0.0,30983.744,30983.744,,0.62367,30983.744,30983.12033,-49678.742735
53,2024-03-04 10:39:00,2024-03-04 10:42:00,4,98,395.507,79,8.0,4040.0,4040.0,10.82,"(8.0, 4040.0, 54.0, 10.82, 0.0)",2024-03-04 10:39:00,2024-03-04 10:42:00,4,4,4,0,1.0,1.0,0.0,0.0,30983.744,30983.744,,0.62367,30983.744,30983.12033,-49678.742735
53,2024-03-04 10:39:00,2024-03-04 10:42:00,4,98,395.507,80,8.0,4046.0,4046.0,14.54,"(8.0, 4046.0, 51.0, 14.54, 0.0)",2024-03-04 10:39:00,2024-03-04 10:42:00,4,4,4,0,1.0,1.0,0.0,0.0,30983.744,30983.744,,0.62367,30983.744,30983.12033,-49678.742735
53,2024-03-04 10:39:00,2024-03-04 10:42:00,4,98,395.507,81,8.0,4026.0,4026.0,12.55,"(8.0, 4026.0, 52.0, 12.55, 0.0)",2024-03-04 10:39:00,2024-03-04 10:42:00,4,4,4,0,1.0,1.0,0.0,0.0,30983.744,30983.744,,0.62367,30983.744,30983.12033,-49678.742735
53,2024-03-04 10:39:00,2024-03-04 10:42:00,4,98,395.507,82,8.0,4024.0,4024.0,12.97,"(8.0, 4024.0, 9.0, 12.97, 0.0)",2024-03-04 10:39:00,2024-03-04 10:42:00,4,4,4,0,1.0,1.0,0.0,0.0,30983.744,30983.744,,0.62367,30983.744,30983.12033,-49678.742735
53,2024-03-04 10:39:00,2024-03-04 10:42:00,4,98,395.507,83,8.0,4031.0,4031.0,12.69,"(8.0, 4031.0, 55.0, 12.69, 0.0)",2024-03-04 10:39:00,2024-03-04 10:42:00,4,4,4,0,1.0,1.0,0.0,0.0,30983.744,30983.744,,0.62367,30983.744,30983.12033,-49678.742735
53,2024-03-04 10:39:00,2024-03-04 10:42:00,4,98,395.507,84,8.0,4058.0,4058.0,13.87,"(8.0, 4058.0, 45.0, 13.87, 0.0)",2024-03-04 10:39:00,2024-03-04 10:42:00,4,4,4,0,1.0,1.0,0.0,0.0,30983.744,30983.744,,0.62367,30983.744,30983.12033,-49678.742735
53,2024-03-04 10:39:00,2024-03-04 10:42:00,4,98,395.507,85,8.0,4025.0,4025.0,13.27,"(8.0, 4025.0, -75.0, 13.27, 0.0)",2024-03-04 10:39:00,2024-03-04 10:42:00,4,4,4,0,1.0,1.0,0.0,0.0,30983.744,30983.744,,0.62367,30983.744,30983.12033,-49678.742735
53,2024-03-04 10:39:00,2024-03-04 10:42:00,4,98,395.507,86,8.0,4024.0,4024.0,14.02,"(8.0, 4024.0, 36.0, 14.02, 0.0)",2024-03-04 10:39:00,2024-03-04 10:42:00,4,4,4,0,1.0,1.0,0.0,0.0,30983.744,30983.744,,0.62367,30983.744,30983.12033,-49678.742735
53,2024-03-04 10:39:00,2024-03-04 10:42:00,4,98,395.507,87,8.0,4036.0,4036.0,14.37,"(8.0, 4036.0, 49.0, 14.37, 0.0)",2024-03-04 10:39:00,2024-03-04 10:42:00,4,4,4,0,1.0,1.0,0.0,0.0,30983.744,30983.744,,0.62367,30983.744,30983.12033,-49678.742735
53,2024-03-04 10:39:00,2024-03-04 10:42:00,4,98,395.507,88,8.0,4027.0,4027.0,13.04,"(8.0, 4027.0, 43.0, 13.04, 0.0)",2024-03-04 10:39:00,2024-03-04 10:42:00,4,4,4,0,1.0,1.0,0.0,0.0,30983.744,30983.744,,0.62367,30983.744,30983.12033,-49678.742735
53,2024-03-04 10:39:00,2024-03-04 10:42:00,4,98,395.507,89,8.0,4029.0,4029.0,13.79,"(8.0, 4029.0, -48.0, 13.79, 0.0)",2024-03-04 10:39:00,2024-03-04 10:42:00,4,4,4,0,1.0,1.0,0.0,0.0,30983.744,30983.744,,0.62367,30983.744,30983.12033,-49678.742735
53,2024-03-04 10:39:00,2024-03-04 10:42:00,4,98,395.507,90,8.0,4037.0,4037.0,13.51,"(8.0, 4037.0, 6.0, 13.51, 0.0)",2024-03-04 10:39:00,2024-03-04 10:42:00,4,4,4,0,1.0,1.0,0.0,0.0,30983.744,30983.744,,0.62367,30983.744,30983.12033,-49678.742735
53,2024-03-04 10:39:00,2024-03-04 10:42:00,4,98,395.507,91,8.0,4023.0,4023.0,13.61,"(8.0, 4023.0, 11.0, 13.61, 0.0)",2024-03-04 10:39:00,2024-03-04 10:42:00,4,4,4,0,1.0,1.0,0.0,0.0,30983.744,30983.744,,0.62367,30983.744,30983.12033,-49678.742735
53,2024-03-04 10:39:00,2024-03-04 10:42:00,4,98,395.507,92,8.0,4026.0,4026.0,13.45,"(8.0, 4026.0, 19.0, 13.45, 0.0)",2024-03-04 10:39:00,2024-03-04 10:42:00,4,4,4,0,1.0,1.0,0.0,0.0,30983.744,30983.744,,0.62367,30983.744,30983.12033,-49678.742735
53,2024-03-04 10:39:00,2024-03-04 10:42:00,4,98,395.507,93,8.0,4020.0,4020.0,13.27,"(8.0, 4020.0, 31.0, 13.27, 0.0)",2024-03-04 10:39:00,2024-03-04 10:42:00,4,4,4,0,1.0,1.0,0.0,0.0,30983.744,30983.744,,0.62367,30983.744,30983.12033,-49678.742735
53,2024-03-04 10:39:00,2024-03-04 10:42:00,4,98,395.507,94,8.0,4042.0,4042.0,12.83,"(8.0, 4042.0, 31.0, 12.83, 0.0)",2024-03-04 10:39:00,2024-03-04 10:42:00,4,4,4,0,1.0,1.0,0.0,0.0,30983.744,30983.744,,0.62367,30983.744,30983.12033,-49678.742735
53,2024-03-04 10:39:00,2024-03-04 10:42:00,4,98,395.507,95,8.0,4016.0,4016.0,13.16,"(8.0, 4016.0, 23.0, 13.16, 0.0)",2024-03-04 10:39:00,2024-03-04 10:42:00,4,4,4,0,1.0,1.0,0.0,0.0,30983.744,30983.744,,0.62367,30983.744,30983.12033,-49678.742735
53,2024-03-04 10:39:00,2024-03-04 10:42:00,4,98,395.507,96,8.0,4026.0,4026.0,12.16,"(8.0, 4026.0, -19.0, 12.16, 0.0)",2024-03-04 10:39:00,2024-03-04 10:42:00,4,4,4,0,1.0,1.0,0.0,0.0,30983.744,30983.744,,0.62367,30983.744,30983.12033,-49678.742735
53,2024-03-04 10:39:00,2024-03-04 10:42:00,4,98,395.507,97,8.0,4026.0,4026.0,12.45,"(8.0, 4026.0, 24.0, 12.45, 0.0)",2024-03-04 10:39:00,2024-03-04 10:42:00,4,4,4,0,1.0,1.0,0.0,0.0,30983.744,30983.744,,0.62367,30983.744,30983.12033,-49678.742735
53,2024-03-04 10:39:00,2024-03-04 10:42:00,4,98,395.507,98,8.0,4040.0,4040.0,12.04,"(8.0, 4040.0, 71.0, 12.04, 0.0)",2024-03-04 10:39:00,2024-03-04 10:42:00,4,4,4,0,1.0,1.0,0.0,0.0,30983.744,30983.744,,0.62367,30983.744,30983.12033,-49678.742735
53,2024-03-04 10:39:00,2024-03-04 10:42:00,4,98,395.507,99,8.0,4025.0,4025.0,13.25,"(8.0, 4025.0, 44.0, 13.25, 0.0)",2024-03-04 10:39:00,2024-03-04 10:42:00,4,4,4,0,1.0,1.0,0.0,0.0,30983.744,30983.744,,0.62367,30983.744,30983.12033,-49678.742735
53,2024-03-04 10:39:00,2024-03-04 10:42:00,4,98,395.507,100,8.0,4040.0,4040.0,12.58,"(8.0, 4040.0, 42.0, 12.58, 0.0)",2024-03-04 10:39:00,2024-03-04 10:42:00,4,4,4,0,1.0,1.0,0.0,0.0,30983.744,30983.744,,0.62367,30983.744,30983.12033,-49678.742735
55,2024-03-08 08:27:00,2024-03-08 08:30:00,4,1,0.568,95,0.0,568.0,568.0,5.44,"(0.0, 568.0, -43.0, 5.44, 0.0)",2024-03-08 08:27:00,2024-03-08 08:30:00,4,3,2,-1,0.75,0.5,-0.25,1.404301,2.379023,0.974722,-0.694098,2.899217,3.906638,1.007421,-0.34748
57,2024-03-23 15:22:00,2024-03-23 15:25:00,4,28,36.253,70,8.0,1145.0,1145.0,8.83,"(8.0, 1145.0, 62.0, 8.83, 0.0)",2024-03-23 15:22:00,2024-03-23 15:25:00,4,0,4,4,0.0,1.0,1.0,0.0,27.469522,27.469522,,1.59647,29.513226,27.916756,-17.486551
57,2024-03-23 15:22:00,2024-03-23 15:25:00,4,28,36.253,71,8.0,1112.0,1112.0,4.22,"(8.0, 1112.0, 76.0, 4.22, 0.0)",2024-03-23 15:22:00,2024-03-23 15:25:00,4,0,4,4,0.0,1.0,1.0,0.0,27.469522,27.469522,,1.59647,29.513226,27.916756,-17.486551
57,2024-03-23 15:22:00,2024-03-23 15:25:00,4,28,36.253,72,8.0,915.0,915.0,6.03,"(8.0, 915.0, 58.0, 6.03, 0.0)",2024-03-23 15:22:00,2024-03-23 15:25:00,4,0,4,4,0.0,1.0,1.0,0.0,27.469522,27.469522,,1.59647,29.513226,27.916756,-17.486551
57,2024-03-23 15:22:00,2024-03-23 15:25:00,4,28,36.253,73,8.0,1122.0,1122.0,3.39,"(8.0, 1122.0, 27.0, 3.39, 0.0)",2024-03-23 15:22:00,2024-03-23 15:25:00,4,0,4,4,0.0,1.0,1.0,0.0,27.469522,27.469522,,1.59647,29.513226,27.916756,-17.486551
57,2024-03-23 15:22:00,2024-03-23 15:25:00,4,28,36.253,74,8.0,1172.0,1172.0,8.64,"(8.0, 1172.0, 34.0, 8.64, 0.0)",2024-03-23 15:22:00,2024-03-23 15:25:00,4,0,4,4,0.0,1.0,1.0,0.0,27.469522,27.469522,,1.59647,29.513226,27.916756,-17.486551
57,2024-03-23 15:22:00,2024-03-23 15:25:00,4,28,36.253,76,8.0,1002.0,1002.0,5.82,"(8.0, 1002.0, 39.0, 5.82, 0.0)",2024-03-23 15:22:00,2024-03-23 15:25:00,4,0,4,4,0.0,1.0,1.0,0.0,27.469522,27.469522,,1.59647,29.513226,27.916756,-17.486551
57,2024-03-23 15:22:00,2024-03-23 15:25:00,4,28,36.253,77,8.0,969.0,969.0,5.17,"(8.0, 969.0, 57.0, 5.17, 0.0)",2024-03-23 15:22:00,2024-03-23 15:25:00,4,0,4,4,0.0,1.0,1.0,0.0,27.469522,27.469522,,1.59647,29.513226,27.916756,-17.486551
57,2024-03-23 15:22:00,2024-03-23 15:25:00,4,28,36.253,78,8.0,626.0,626.0,6.39,"(8.0, 626.0, 45.0, 6.39, 0.0)",2024-03-23 15:22:00,2024-03-23 15:25:00,4,0,4,4,0.0,1.0,1.0,0.0,27.469522,27.469522,,1.59647,29.513226,27.916756,-17.486551
57,2024-03-23 15:22:00,2024-03-23 15:25:00,4,28,36.253,79,8.0,1059.0,1059.0,5.85,"(8.0, 1059.0, 41.0, 5.85, 0.0)",2024-03-23 15:22:00,2024-03-23 15:25:00,4,0,4,4,0.0,1.0,1.0,0.0,27.469522,27.469522,,1.59647,29.513226,27.916756,-17.486551
57,2024-03-23 15:22:00,2024-03-23 15:25:00,4,28,36.253,80,8.0,750.0,750.0,5.65,"(8.0, 750.0, 69.0, 5.65, 0.0)",2024-03-23 15:22:00,2024-03-23 15:25:00,4,0,4,4,0.0,1.0,1.0,0.0,27.469522,27.469522,,1.59647,29.513226,27.916756,-17.486551
57,2024-03-23 15:22:00,2024-03-23 15:25:00,4,28,36.253,81,8.0,980.0,980.0,4.12,"(8.0, 980.0, -72.0, 4.12, 0.0)",2024-03-23 15:22:00,2024-03-23 15:25:00,4,0,4,4,0.0,1.0,1.0,0.0,27.469522,27.469522,,1.59647,29.513226,27.916756,-17.486551
57,2024-03-23 15:22:00,2024-03-23 15:25:00,4,28,36.253,82,8.0,2660.0,2660.0,8.39,"(8.0, 2660.0, 2.0, 8.39, 0.0)",2024-03-23 15:22:00,2024-03-23 15:25:00,4,0,4,4,0.0,1.0,1.0,0.0,27.469522,27.469522,,1.59647,29.513226,27.916756,-17.486551
57,2024-03-23 15:22:00,2024-03-23 15:25:00,4,28,36.253,83,8.0,4053.0,4053.0,11.13,"(8.0, 4053.0, 13.0, 11.13, 0.0)",2024-03-23 15:22:00,2024-03-23 15:25:00,4,0,4,4,0.0,1.0,1.0,0.0,27.469522,27.469522,,1.59647,29.513226,27.916756,-17.486551
57,2024-03-23 15:22:00,2024-03-23 15:25:00,4,28,36.253,84,8.0,2179.0,2179.0,5.98,"(8.0, 2179.0, 15.0, 5.98, 0.0)",2024-03-23 15:22:00,2024-03-23 15:25:00,4,0,4,4,0.0,1.0,1.0,0.0,27.469522,27.469522,,1.59647,29.513226,27.916756,-17.486551
57,2024-03-23 15:22:00,2024-03-23 15:25:00,4,28,36.253,86,8.0,2116.0,2116.0,7.12,"(8.0, 2116.0, 25.0, 7.12, 0.0)",2024-03-23 15:22:00,2024-03-23 15:25:00,4,0,4,4,0.0,1.0,1.0,0.0,27.469522,27.469522,,1.59647,29.513226,27.916756,-17.486551
57,2024-03-23 15:22:00,2024-03-23 15:25:00,4,28,36.253,88,8.0,2074.0,2074.0,6.76,"(8.0, 2074.0, 27.0, 6.76, 0.0)",2024-03-23 15:22:00,2024-03-23 15:25:00,4,0,4,4,0.0,1.0,1.0,0.0,27.469522,27.469522,,1.59647,29.513226,27.916756,-17.486551
57,2024-03-23 15:22:00,2024-03-23 15:25:00,4,28,36.253,89,8.0,1003.0,1003.0,7.23,"(8.0, 1003.0, 20.0, 7.23, 0.0)",2024-03-23 15:22:00,2024-03-23 15:25:00,4,0,4,4,0.0,1.0,1.0,0.0,27.469522,27.469522,,1.59647,29.513226,27.916756,-17.486551
57,2024-03-23 15:22:00,2024-03-23 15:25:00,4,28,36.253,90,8.0,1804.0,1804.0,6.34,"(8.0, 1804.0, -40.0, 6.34, 0.0)",2024-03-23 15:22:00,2024-03-23 15:25:00,4,0,4,4,0.0,1.0,1.0,0.0,27.469522,27.469522,,1.59647,29.513226,27.916756,-17.486551
57,2024-03-23 15:22:00,2024-03-23 15:25:00,4,28,36.253,91,8.0,1217.0,1217.0,4.18,"(8.0, 1217.0, -37.0, 4.18, 0.0)",2024-03-23 15:22:00,2024-03-23 15:25:00,4,0,4,4,0.0,1.0,1.0,0.0,27.469522,27.469522,,1.59647,29.513226,27.916756,-17.486551
57,2024-03-23 15:22:00,2024-03-23 15:25:00,4,28,36.253,92,8.0,1318.0,1318.0,8.01,"(8.0, 1318.0, 16.0, 8.01, 0.0)",2024-03-23 15:22:00,2024-03-23 15:25:00,4,0,4,4,0.0,1.0,1.0,0.0,27.469522,27.469522,,1.59647,29.513226,27.916756,-17.486551
57,2024-03-23 15:22:00,2024-03-23 15:25:00,4,28,36.253,93,8.0,1129.0,1129.0,6.53,"(8.0, 1129.0, 35.0, 6.53, 0.0)",2024-03-23 15:22:00,2024-03-23 15:25:00,4,0,4,4,0.0,1.0,1.0,0.0,27.469522,27.469522,,1.59647,29.513226,27.916756,-17.486551
57,2024-03-23 15:22:00,2024-03-23 15:25:00,4,28,36.253,94,8.0,1144.0,1144.0,4.82,"(8.0, 1144.0, 21.0, 4.82, 0.0)",2024-03-23 15:22:00,2024-03-23 15:25:00,4,0,4,4,0.0,1.0,1.0,0.0,27.469522,27.469522,,1.59647,29.513226,27.916756,-17.486551
57,2024-03-23 15:22:00,2024-03-23 15:25:00,4,28,36.253,95,8.0,725.0,725.0,4.0,"(8.0, 725.0, 30.0, 4.0, 0.0)",2024-03-23 15:22:00,2024-03-23 15:25:00,4,0,4,4,0.0,1.0,1.0,0.0,27.469522,27.469522,,1.59647,29.513226,27.916756,-17.486551
57,2024-03-23 15:22:00,2024-03-23 15:25:00,4,28,36.253,96,8.0,593.0,593.0,4.8,"(8.0, 593.0, -111.0, 4.8, 0.0)",2024-03-23 15:22:00,2024-03-23 15:25:00,4,0,4,4,0.0,1.0,1.0,0.0,27.469522,27.469522,,1.59647,29.513226,27.916756,-17.486551
57,2024-03-23 15:22:00,2024-03-23 15:25:00,4,28,36.253,97,8.0,661.0,661.0,3.62,"(8.0, 661.0, 38.0, 3.62, 0.0)",2024-03-23 15:22:00,2024-03-23 15:25:00,4,0,4,4,0.0,1.0,1.0,0.0,27.469522,27.469522,,1.59647,29.513226,27.916756,-17.486551
57,2024-03-23 15:22:00,2024-03-23 15:25:00,4,28,36.253,98,8.0,934.0,934.0,4.98,"(8.0, 934.0, 64.0, 4.98, 0.0)",2024-03-23 15:22:00,2024-03-23 15:25:00,4,0,4,4,0.0,1.0,1.0,0.0,27.469522,27.469522,,1.59647,29.513226,27.916756,-17.486551
57,2024-03-23 15:22:00,2024-03-23 15:25:00,4,28,36.253,99,8.0,757.0,757.0,5.08,"(8.0, 757.0, 44.0, 5.08, 0.0)",2024-03-23 15:22:00,2024-03-23 15:25:00,4,0,4,4,0.0,1.0,1.0,0.0,27.469522,27.469522,,1.59647,29.513226,27.916756,-17.486551
57,2024-03-23 15:22:00,2024-03-23 15:25:00,4,28,36.253,100,8.0,1034.0,1034.0,4.34,"(8.0, 1034.0, 36.0, 4.34, 0.0)",2024-03-23 15:22:00,2024-03-23 15:25:00,4,0,4,4,0.0,1.0,1.0,0.0,27.469522,27.469522,,1.59647,29.513226,27.916756,-17.486551
59,2024-04-14 14:50:00,2024-04-14 15:15:00,26,99,323.69,1,8.0,4039.0,4039.0,11.53,"(8.0, 4039.0, 38.0, 11.53, 0.0)",2024-04-14 14:50:00,2024-04-14 15:15:00,26,26,26,0,1.0,1.0,0.0,4.229424,165423.5808,165419.351376,-39111.558583,7.195366,165423.5808,165416.385434,-22989.293581
59,2024-04-14 14:50:00,2024-04-14 15:15:00,26,99,323.69,2,8.0,4036.0,4036.0,12.16,"(8.0, 4036.0, -3.0, 12.16, 0.0)",2024-04-14 14:50:00,2024-04-14 15:15:00,26,26,26,0,1.0,1.0,0.0,4.229424,165423.5808,165419.351376,-39111.558583,7.195366,165423.5808,165416.385434,-22989.293581
59,2024-04-14 14:50:00,2024-04-14 15:15:00,26,99,323.69,3,8.0,3969.0,3969.0,10.8,"(8.0, 3969.0, 66.0, 10.8, 0.0)",2024-04-14 14:50:00,2024-04-14 15:15:00,26,26,26,0,1.0,1.0,0.0,4.229424,165423.5808,165419.351376,-39111.558583,7.195366,165423.5808,165416.385434,-22989.293581
59,2024-04-14 14:50:00,2024-04-14 15:15:00,26,99,323.69,4,8.0,3451.0,3451.0,9.99,"(8.0, 3451.0, 36.0, 9.99, 0.0)",2024-04-14 14:50:00,2024-04-14 15:15:00,26,26,26,0,1.0,1.0,0.0,4.229424,165423.5808,165419.351376,-39111.558583,7.195366,165423.5808,165416.385434,-22989.293581
59,2024-04-14 14:50:00,2024-04-14 15:15:00,26,99,323.69,5,8.0,3246.0,3246.0,8.75,"(8.0, 3246.0, 42.0, 8.75, 0.0)",2024-04-14 14:50:00,2024-04-14 15:15:00,26,26,26,0,1.0,1.0,0.0,4.229424,165423.5808,165419.351376,-39111.558583,7.195366,165423.5808,165416.385434,-22989.293581
59,2024-04-14 14:50:00,2024-04-14 15:15:00,26,99,323.69,6,8.0,2828.0,2828.0,8.34,"(8.0, 2828.0, -11.0, 8.34, 0.0)",2024-04-14 14:50:00,2024-04-14 15:15:00,26,26,26,0,1.0,1.0,0.0,4.229424,165423.5808,165419.351376,-39111.558583,7.195366,165423.5808,165416.385434,-22989.293581
59,2024-04-14 14:50:00,2024-04-14 15:15:00,26,99,323.69,7,8.0,2859.0,2859.0,8.14,"(8.0, 2859.0, 18.0, 8.14, 0.0)",2024-04-14 14:50:00,2024-04-14 15:15:00,26,26,26,0,1.0,1.0,0.0,4.229424,165423.5808,165419.351376,-39111.558583,7.195366,165423.5808,165416.385434,-22989.293581
59,2024-04-14 14:50:00,2024-04-14 15:15:00,26,99,323.69,8,8.0,2493.0,2493.0,8.27,"(8.0, 2493.0, 88.0, 8.27, 0.0)",2024-04-14 14:50:00,2024-04-14 15:15:00,26,26,26,0,1.0,1.0,0.0,4.229424,165423.5808,165419.351376,-39111.558583,7.195366,165423.5808,165416.385434,-22989.293581
59,2024-04-14 14:50:00,2024-04-14 15:15:00,26,99,323.69,9,8.0,2226.0,2226.0,7.01,"(8.0, 2226.0, 23.0, 7.01, 0.0)",2024-04-14 14:50:00,2024-04-14 15:15:00,26,26,26,0,1.0,1.0,0.0,4.229424,165423.5808,165419.351376,-39111.558583,7.195366,165423.5808,165416.385434,-22989.293581
59,2024-04-14 14:50:00,2024-04-14 15:15:00,26,99,323.69,10,8.0,2060.0,2060.0,7.78,"(8.0, 2060.0, 37.0, 7.78, 0.0)",2024-04-14 14:50:00,2024-04-14 15:15:00,26,26,26,0,1.0,1.0,0.0,4.229424,165423.5808,165419.351376,-39111.558583,7.195366,165423.5808,165416.385434,-22989.293581
59,2024-04-14 14:50:00,2024-04-14 15:15:00,26,99,323.69,11,8.0,2192.0,2192.0,7.39,"(8.0, 2192.0, 21.0, 7.39, 0.0)",2024-04-14 14:50:00,2024-04-14 15:15:00,26,26,26,0,1.0,1.0,0.0,4.229424,165423.5808,165419.351376,-39111.558583,7.195366,165423.5808,165416.385434,-22989.293581
59,2024-04-14 14:50:00,2024-04-14 15:15:00,26,99,323.69,12,8.0,2140.0,2140.0,7.27,"(8.0, 2140.0, 20.0, 7.27, 0.0)",2024-04-14 14:50:00,2024-04-14 15:15:00,26,26,26,0,1.0,1.0,0.0,4.229424,165423.5808,165419.351376,-39111.558583,7.195366,165423.5808,165416.385434,-22989.293581
59,2024-04-14 14:50:00,2024-04-14 15:15:00,26,99,323.69,13,8.0,2374.0,2374.0,7.9,"(8.0, 2374.0, 21.0, 7.9, 0.0)",2024-04-14 14:50:00,2024-04-14 15:15:00,26,26,26,0,1.0,1.0,0.0,4.229424,165423.5808,165419.351376,-39111.558583,7.195366,165423.5808,165416.385434,-22989.293581
59,2024-04-14 14:50:00,2024-04-14 15:15:00,26,99,323.69,14,8.0,2238.0,2238.0,7.89,"(8.0, 2238.0, 9.0, 7.89, 0.0)",2024-04-14 14:50:00,2024-04-14 15:15:00,26,26,26,0,1.0,1.0,0.0,4.229424,165423.5808,165419.351376,-39111.558583,7.195366,165423.5808,165416.385434,-22989.293581
59,2024-04-14 14:50:00,2024-04-14 15:15:00,26,99,323.69,15,8.0,2346.0,2346.0,7.35,"(8.0, 2346.0, 40.0, 7.35, 0.0)",2024-04-14 14:50:00,2024-04-14 15:15:00,26,26,26,0,1.0,1.0,0.0,4.229424,165423.5808,165419.351376,-39111.558583,7.195366,165423.5808,165416.385434,-22989.293581
59,2024-04-14 14:50:00,2024-04-14 15:15:00,26,99,323.69,16,8.0,2772.0,2772.0,8.95,"(8.0, 2772.0, 42.0, 8.95, 0.0)",2024-04-14 14:50:00,2024-04-14 15:15:00,26,26,26,0,1.0,1.0,0.0,4.229424,165423.5808,165419.351376,-39111.558583,7.195366,165423.5808,165416.385434,-22989.293581
59,2024-04-14 14:50:00,2024-04-14 15:15:00,26,99,323.69,17,8.0,2296.0,2296.0,7.75,"(8.0, 2296.0, 28.0, 7.75, 0.0)",2024-04-14 14:50:00,2024-04-14 15:15:00,26,26,26,0,1.0,1.0,0.0,4.229424,165423.5808,165419.351376,-39111.558583,7.195366,165423.5808,165416.385434,-22989.293581
59,2024-04-14 14:50:00,2024-04-14 15:15:00,26,99,323.69,18,8.0,2488.0,2488.0,7.93,"(8.0, 2488.0, 29.0, 7.93, 0.0)",2024-04-14 14:50:00,2024-04-14 15:15:00,26,26,26,0,1.0,1.0,0.0,4.229424,165423.5808,165419.351376,-39111.558583,7.195366,165423.5808,165416.385434,-22989.293581
59,2024-04-14 14:50:00,2024-04-14 15:15:00,26,99,323.69,19,8.0,4012.0,4012.0,12.82,"(8.0, 4012.0, -21.0, 12.82, 0.0)",2024-04-14 14:50:00,2024-04-14 15:15:00,26,26,26,0,1.0,1.0,0.0,4.229424,165423.5808,165419.351376,-39111.558583,7.195366,165423.5808,165416.385434,-22989.293581
59,2024-04-14 14:50:00,2024-04-14 15:15:00,26,99,323.69,20,8.0,4038.0,4038.0,11.66,"(8.0, 4038.0, 26.0, 11.66, 0.0)",2024-04-14 14:50:00,2024-04-14 15:15:00,26,26,26,0,1.0,1.0,0.0,4.229424,165423.5808,165419.351376,-39111.558583,7.195366,165423.5808,165416.385434,-22989.293581
59,2024-04-14 14:50:00,2024-04-14 15:15:00,26,99,323.69,21,8.0,4023.0,4023.0,10.89,"(8.0, 4023.0, -4.0, 10.89, 0.0)",2024-04-14 14:50:00,2024-04-14 15:15:00,26,26,26,0,1.0,1.0,0.0,4.229424,165423.5808,165419.351376,-39111.558583,7.195366,165423.5808,165416.385434,-22989.293581
59,2024-04-14 14:50:00,2024-04-14 15:15:00,26,99,323.69,22,8.0,3260.0,3260.0,8.85,"(8.0, 3260.0, 36.0, 8.85, 0.0)",2024-04-14 14:50:00,2024-04-14 15:15:00,26,26,26,0,1.0,1.0,0.0,4.229424,165423.5808,165419.351376,-39111.558583,7.195366,165423.5808,165416.385434,-22989.293581
59,2024-04-14 14:50:00,2024-04-14 15:15:00,26,99,323.69,23,8.0,2870.0,2870.0,7.85,"(8.0, 2870.0, 42.0, 7.85, 0.0)",2024-04-14 14:50:00,2024-04-14 15:15:00,26,26,26,0,1.0,1.0,0.0,4.229424,165423.5808,165419.351376,-39111.558583,7.195366,165423.5808,165416.385434,-22989.293581
59,2024-04-14 14:50:00,2024-04-14 15:15:00,26,99,323.69,24,8.0,2591.0,2591.0,8.37,"(8.0, 2591.0, 29.0, 8.37, 0.0)",2024-04-14 14:50:00,2024-04-14 15:15:00,26,26,26,0,1.0,1.0,0.0,4.229424,165423.5808,165419.351376,-39111.558583,7.195366,165423.5808,165416.385434,-22989.293581
59,2024-04-14 14:50:00,2024-04-14 15:15:00,26,99,323.69,25,8.0,2318.0,2318.0,8.06,"(8.0, 2318.0, 18.0, 8.06, 0.0)",2024-04-14 14:50:00,2024-04-14 15:15:00,26,26,26,0,1.0,1.0,0.0,4.229424,165423.5808,165419.351376,-39111.558583,7.195366,165423.5808,165416.385434,-22989.293581
59,2024-04-14 14:50:00,2024-04-14 15:15:00,26,99,323.69,26,8.0,2143.0,2143.0,7.92,"(8.0, 2143.0, 31.0, 7.92, 0.0)",2024-04-14 14:50:00,2024-04-14 15:15:00,26,26,26,0,1.0,1.0,0.0,4.229424,165423.5808,165419.351376,-39111.558583,7.195366,165423.5808,165416.385434,-22989.293581
59,2024-04-14 14:50:00,2024-04-14 15:15:00,26,99,323.69,27,8.0,1881.0,1881.0,6.85,"(8.0, 1881.0, 41.0, 6.85, 0.0)",2024-04-14 14:50:00,2024-04-14 15:15:00,26,26,26,0,1.0,1.0,0.0,4.229424,165423.5808,165419.351376,-39111.558583,7.195366,165423.5808,165416.385434,-22989.293581
59,2024-04-14 14:50:00,2024-04-14 15:15:00,26,99,323.69,28,8.0,2146.0,2146.0,7.46,"(8.0, 2146.0, 25.0, 7.46, 0.0)",2024-04-14 14:50:00,2024-04-14 15:15:00,26,26,26,0,1.0,1.0,0.0,4.229424,165423.5808,165419.351376,-39111.558583,7.195366,165423.5808,165416.385434,-22989.293581
59,2024-04-14 14:50:00,2024-04-14 15:15:00,26,99,323.69,29,8.0,2406.0,2406.0,9.11,"(8.0, 2406.0, 27.0, 9.11, 0.0)",2024-04-14 14:50:00,2024-04-14 15:15:00,26,26,26,0,1.0,1.0,0.0,4.229424,165423.5808,165419.351376,-39111.558583,7.195366,165423.5808,165416.385434,-22989.293581
59,2024-04-14 14:50:00,2024-04-14 15:15:00,26,99,323.69,30,8.0,2133.0,2133.0,7.44,"(8.0, 2133.0, 29.0, 7.44, 0.0)",2024-04-14 14:50:00,2024-04-14 15:15:00,26,26,26,0,1.0,1.0,0.0,4.229424,165423.5808,165419.351376,-39111.558583,7.195366,165423.5808,165416.385434,-22989.293581
59,2024-04-14 14:50:00,2024-04-14 15:15:00,26,99,323.69,31,8.0,2715.0,2715.0,7.54,"(8.0, 2715.0, 12.0, 7.54, 0.0)",2024-04-14 14:50:00,2024-04-14 15:15:00,26,26,26,0,1.0,1.0,0.0,4.229424,165423.5808,165419.351376,-39111.558583,7.195366,165423.5808,165416.385434,-22989.293581
59,2024-04-14 14:50:00,2024-04-14 15:15:00,26,99,323.69,32,8.0,2641.0,2641.0,8.86,"(8.0, 2641.0, 36.0, 8.86, 0.0)",2024-04-14 14:50:00,2024-04-14 15:15:00,26,26,26,0,1.0,1.0,0.0,4.229424,165423.5808,165419.351376,-39111.558583,7.195366,165423.5808,165416.385434,-22989.293581
59,2024-04-14 14:50:00,2024-04-14 15:15:00,26,99,323.69,33,8.0,2825.0,2825.0,8.79,"(8.0, 2825.0, 2.0, 8.79, 0.0)",2024-04-14 14:50:00,2024-04-14 15:15:00,26,26,26,0,1.0,1.0,0.0,4.229424,165423.5808,165419.351376,-39111.558583,7.195366,165423.5808,165416.385434,-22989.293581
59,2024-04-14 14:50:00,2024-04-14 15:15:00,26,99,323.69,34,8.0,3019.0,3019.0,8.34,"(8.0, 3019.0, 38.0, 8.34, 0.0)",2024-04-14 14:50:00,2024-04-14 15:15:00,26,26,26,0,1.0,1.0,0.0,4.229424,165423.5808,165419.351376,-39111.558583,7.195366,165423.5808,165416.385434,-22989.293581
59,2024-04-14 14:50:00,2024-04-14 15:15:00,26,99,323.69,35,8.0,2771.0,2771.0,7.62,"(8.0, 2771.0, 36.0, 7.62, 0.0)",2024-04-14 14:50:00,2024-04-14 15:15:00,26,26,26,0,1.0,1.0,0.0,4.229424,165423.5808,165419.351376,-39111.558583,7.195366,165423.5808,165416.385434,-22989.293581
59,2024-04-14 14:50:00,2024-04-14 15:15:00,26,99,323.69,36,8.0,4035.0,4035.0,10.94,"(8.0, 4035.0, 44.0, 10.94, 0.0)",2024-04-14 14:50:00,2024-04-14 15:15:00,26,26,26,0,1.0,1.0,0.0,4.229424,165423.5808,165419.351376,-39111.558583,7.195366,165423.5808,165416.385434,-22989.293581
59,2024-04-14 14:50:00,2024-04-14 15:15:00,26,99,323.69,37,8.0,4036.0,4036.0,11.71,"(8.0, 4036.0, 41.0, 11.71, 0.0)",2024-04-14 14:50:00,2024-04-14 15:15:00,26,26,26,0,1.0,1.0,0.0,4.229424,165423.5808,165419.351376,-39111.558583,7.195366,165423.5808,165416.385434,-22989.293581
59,2024-04-14 14:50:00,2024-04-14 15:15:00,26,99,323.69,38,8.0,3722.0,3722.0,10.58,"(8.0, 3722.0, -62.0, 10.58, 0.0)",2024-04-14 14:50:00,2024-04-14 15:15:00,26,26,26,0,1.0,1.0,0.0,4.229424,165423.5808,165419.351376,-39111.558583,7.195366,165423.5808,165416.385434,-22989.293581
59,2024-04-14 14:50:00,2024-04-14 15:15:00,26,99,323.69,39,8.0,3934.0,3934.0,10.1,"(8.0, 3934.0, 25.0, 10.1, 0.0)",2024-04-14 14:50:00,2024-04-14 15:15:00,26,26,26,0,1.0,1.0,0.0,4.229424,165423.5808,165419.351376,-39111.558583,7.195366,165423.5808,165416.385434,-22989.293581
59,2024-04-14 14:50:00,2024-04-14 15:15:00,26,99,323.69,40,8.0,2675.0,2675.0,7.66,"(8.0, 2675.0, 60.0, 7.66, 0.0)",2024-04-14 14:50:00,2024-04-14 15:15:00,26,26,26,0,1.0,1.0,0.0,4.229424,165423.5808,165419.351376,-39111.558583,7.195366,165423.5808,165416.385434,-22989.293581
59,2024-04-14 14:50:00,2024-04-14 15:15:00,26,99,323.69,41,8.0,2921.0,2921.0,8.02,"(8.0, 2921.0, -1.0, 8.02, 0.0)",2024-04-14 14:50:00,2024-04-14 15:15:00,26,26,26,0,1.0,1.0,0.0,4.229424,165423.5808,165419.351376,-39111.558583,7.195366,165423.5808,165416.385434,-22989.293581
59,2024-04-14 14:50:00,2024-04-14 15:15:00,26,99,323.69,42,8.0,2480.0,2480.0,8.12,"(8.0, 2480.0, 27.0, 8.12, 0.0)",2024-04-14 14:50:00,2024-04-14 15:15:00,26,26,26,0,1.0,1.0,0.0,4.229424,165423.5808,165419.351376,-39111.558583,7.195366,165423.5808,165416.385434,-22989.293581
59,2024-04-14 14:50:00,2024-04-14 15:15:00,26,99,323.69,43,8.0,2327.0,2327.0,8.54,"(8.0, 2327.0, 12.0, 8.54, 0.0)",2024-04-14 14:50:00,2024-04-14 15:15:00,26,26,26,0,1.0,1.0,0.0,4.229424,165423.5808,165419.351376,-39111.558583,7.195366,165423.5808,165416.385434,-22989.293581
59,2024-04-14 14:50:00,2024-04-14 15:15:00,26,99,323.69,44,8.0,2135.0,2135.0,8.6,"(8.0, 2135.0, 49.0, 8.6, 0.0)",2024-04-14 14:50:00,2024-04-14 15:15:00,26,26,26,0,1.0,1.0,0.0,4.229424,165423.5808,165419.351376,-39111.558583,7.195366,165423.5808,165416.385434,-22989.293581
59,2024-04-14 14:50:00,2024-04-14 15:15:00,26,99,323.69,45,8.0,2255.0,2255.0,6.87,"(8.0, 2255.0, 27.0, 6.87, 0.0)",2024-04-14 14:50:00,2024-04-14 15:15:00,26,26,26,0,1.0,1.0,0.0,4.229424,165423.5808,165419.351376,-39111.558583,7.195366,165423.5808,165416.385434,-22989.293581
59,2024-04-14 14:50:00,2024-04-14 15:15:00,26,99,323.69,46,8.0,2383.0,2383.0,8.39,"(8.0, 2383.0, 81.0, 8.39, 0.0)",2024-04-14 14:50:00,2024-04-14 15:15:00,26,26,26,0,1.0,1.0,0.0,4.229424,165423.5808,165419.351376,-39111.558583,7.195366,165423.5808,165416.385434,-22989.293581
59,2024-04-14 14:50:00,2024-04-14 15:15:00,26,99,323.69,47,8.0,2721.0,2721.0,8.63,"(8.0, 2721.0, 3.0, 8.63, 0.0)",2024-04-14 14:50:00,2024-04-14 15:15:00,26,26,26,0,1.0,1.0,0.0,4.229424,165423.5808,165419.351376,-39111.558583,7.195366,165423.5808,165416.385434,-22989.293581
59,2024-04-14 14:50:00,2024-04-14 15:15:00,26,99,323.69,48,8.0,2323.0,2323.0,7.36,"(8.0, 2323.0, 33.0, 7.36, 0.0)",2024-04-14 14:50:00,2024-04-14 15:15:00,26,26,26,0,1.0,1.0,0.0,4.229424,165423.5808,165419.351376,-39111.558583,7.195366,165423.5808,165416.385434,-22989.293581
59,2024-04-14 14:50:00,2024-04-14 15:15:00,26,99,323.69,49,8.0,2825.0,2825.0,8.45,"(8.0, 2825.0, 31.0, 8.45, 0.0)",2024-04-14 14:50:00,2024-04-14 15:15:00,26,26,26,0,1.0,1.0,0.0,4.229424,165423.5808,165419.351376,-39111.558583,7.195366,165423.5808,165416.385434,-22989.293581
59,2024-04-14 14:50:00,2024-04-14 15:15:00,26,99,323.69,51,8.0,4019.0,4019.0,9.84,"(8.0, 4019.0, 11.0, 9.84, 0.0)",2024-04-14 14:50:00,2024-04-14 15:15:00,26,26,26,0,1.0,1.0,0.0,4.229424,165423.5808,165419.351376,-39111.558583,7.195366,165423.5808,165416.385434,-22989.293581
59,2024-04-14 14:50:00,2024-04-14 15:15:00,26,99,323.69,52,8.0,4037.0,4037.0,10.78,"(8.0, 4037.0, 59.0, 10.78, 0.0)",2024-04-14 14:50:00,2024-04-14 15:15:00,26,26,26,0,1.0,1.0,0.0,4.229424,165423.5808,165419.351376,-39111.558583,7.195366,165423.5808,165416.385434,-22989.293581
59,2024-04-14 14:50:00,2024-04-14 15:15:00,26,99,323.69,53,8.0,3992.0,3992.0,9.04,"(8.0, 3992.0, -72.0, 9.04, 0.0)",2024-04-14 14:50:00,2024-04-14 15:15:00,26,26,26,0,1.0,1.0,0.0,4.229424,165423.5808,165419.351376,-39111.558583,7.195366,165423.5808,165416.385434,-22989.293581
59,2024-04-14 14:50:00,2024-04-14 15:15:00,26,99,323.69,54,8.0,3779.0,3779.0,10.48,"(8.0, 3779.0, 14.0, 10.48, 0.0)",2024-04-14 14:50:00,2024-04-14 15:15:00,26,26,26,0,1.0,1.0,0.0,4.229424,165423.5808,165419.351376,-39111.558583,7.195366,165423.5808,165416.385434,-22989.293581
59,2024-04-14 14:50:00,2024-04-14 15:15:00,26,99,323.69,55,8.0,3225.0,3225.0,9.28,"(8.0, 3225.0, 9.0, 9.28, 0.0)",2024-04-14 14:50:00,2024-04-14 15:15:00,26,26,26,0,1.0,1.0,0.0,4.229424,165423.5808,165419.351376,-39111.558583,7.195366,165423.5808,165416.385434,-22989.293581
59,2024-04-14 14:50:00,2024-04-14 15:15:00,26,99,323.69,56,8.0,3318.0,3318.0,7.71,"(8.0, 3318.0, 50.0, 7.71, 0.0)",2024-04-14 14:50:00,2024-04-14 15:15:00,26,26,26,0,1.0,1.0,0.0,4.229424,165423.5808,165419.351376,-39111.558583,7.195366,165423.5808,165416.385434,-22989.293581
59,2024-04-14 14:50:00,2024-04-14 15:15:00,26,99,323.69,57,8.0,3118.0,3118.0,7.81,"(8.0, 3118.0, 30.0, 7.81, 0.0)",2024-04-14 14:50:00,2024-04-14 15:15:00,26,26,26,0,1.0,1.0,0.0,4.229424,165423.5808,165419.351376,-39111.558583,7.195366,165423.5808,165416.385434,-22989.293581
59,2024-04-14 14:50:00,2024-04-14 15:15:00,26,99,323.69,58,8.0,2902.0,2902.0,8.57,"(8.0, 2902.0, 5.0, 8.57, 0.0)",2024-04-14 14:50:00,2024-04-14 15:15:00,26,26,26,0,1.0,1.0,0.0,4.229424,165423.5808,165419.351376,-39111.558583,7.195366,165423.5808,165416.385434,-22989.293581
59,2024-04-14 14:50:00,2024-04-14 15:15:00,26,99,323.69,59,8.0,2797.0,2797.0,9.12,"(8.0, 2797.0, 65.0, 9.12, 0.0)",2024-04-14 14:50:00,2024-04-14 15:15:00,26,26,26,0,1.0,1.0,0.0,4.229424,165423.5808,165419.351376,-39111.558583,7.195366,165423.5808,165416.385434,-22989.293581
59,2024-04-14 14:50:00,2024-04-14 15:15:00,26,99,323.69,60,8.0,2317.0,2317.0,8.36,"(8.0, 2317.0, 40.0, 8.36, 0.0)",2024-04-14 14:50:00,2024-04-14 15:15:00,26,26,26,0,1.0,1.0,0.0,4.229424,165423.5808,165419.351376,-39111.558583,7.195366,165423.5808,165416.385434,-22989.293581
59,2024-04-14 14:50:00,2024-04-14 15:15:00,26,99,323.69,61,8.0,2642.0,2642.0,7.96,"(8.0, 2642.0, 47.0, 7.96, 0.0)",2024-04-14 14:50:00,2024-04-14 15:15:00,26,26,26,0,1.0,1.0,0.0,4.229424,165423.5808,165419.351376,-39111.558583,7.195366,165423.5808,165416.385434,-22989.293581
59,2024-04-14 14:50:00,2024-04-14 15:15:00,26,99,323.69,62,8.0,2900.0,2900.0,7.68,"(8.0, 2900.0, 37.0, 7.68, 0.0)",2024-04-14 14:50:00,2024-04-14 15:15:00,26,26,26,0,1.0,1.0,0.0,4.229424,165423.5808,165419.351376,-39111.558583,7.195366,165423.5808,165416.385434,-22989.293581
59,2024-04-14 14:50:00,2024-04-14 15:15:00,26,99,323.69,63,8.0,3161.0,3161.0,7.45,"(8.0, 3161.0, -9.0, 7.45, 0.0)",2024-04-14 14:50:00,2024-04-14 15:15:00,26,26,26,0,1.0,1.0,0.0,4.229424,165423.5808,165419.351376,-39111.558583,7.195366,165423.5808,165416.385434,-22989.293581
59,2024-04-14 14:50:00,2024-04-14 15:15:00,26,99,323.69,64,8.0,3416.0,3416.0,9.6,"(8.0, 3416.0, -16.0, 9.6, 0.0)",2024-04-14 14:50:00,2024-04-14 15:15:00,26,26,26,0,1.0,1.0,0.0,4.229424,165423.5808,165419.351376,-39111.558583,7.195366,165423.5808,165416.385434,-22989.293581
59,2024-04-14 14:50:00,2024-04-14 15:15:00,26,99,323.69,65,8.0,3238.0,3238.0,7.77,"(8.0, 3238.0, -8.0, 7.77, 0.0)",2024-04-14 14:50:00,2024-04-14 15:15:00,26,26,26,0,1.0,1.0,0.0,4.229424,165423.5808,165419.351376,-39111.558583,7.195366,165423.5808,165416.385434,-22989.293581
59,2024-04-14 14:50:00,2024-04-14 15:15:00,26,99,323.69,66,8.0,4022.0,4022.0,11.05,"(8.0, 4022.0, 21.0, 11.05, 0.0)",2024-04-14 14:50:00,2024-04-14 15:15:00,26,26,26,0,1.0,1.0,0.0,4.229424,165423.5808,165419.351376,-39111.558583,7.195366,165423.5808,165416.385434,-22989.293581
59,2024-04-14 14:50:00,2024-04-14 15:15:00,26,99,323.69,67,8.0,4025.0,4025.0,10.33,"(8.0, 4025.0, 27.0, 10.33, 0.0)",2024-04-14 14:50:00,2024-04-14 15:15:00,26,26,26,0,1.0,1.0,0.0,4.229424,165423.5808,165419.351376,-39111.558583,7.195366,165423.5808,165416.385434,-22989.293581
59,2024-04-14 14:50:00,2024-04-14 15:15:00,26,99,323.69,68,8.0,4045.0,4045.0,9.12,"(8.0, 4045.0, -22.0, 9.12, 0.0)",2024-04-14 14:50:00,2024-04-14 15:15:00,26,26,26,0,1.0,1.0,0.0,4.229424,165423.5808,165419.351376,-39111.558583,7.195366,165423.5808,165416.385434,-22989.293581
59,2024-04-14 14:50:00,2024-04-14 15:15:00,26,99,323.69,69,8.0,4029.0,4029.0,10.23,"(8.0, 4029.0, 28.0, 10.23, 0.0)",2024-04-14 14:50:00,2024-04-14 15:15:00,26,26,26,0,1.0,1.0,0.0,4.229424,165423.5808,165419.351376,-39111.558583,7.195366,165423.5808,165416.385434,-22989.293581
59,2024-04-14 14:50:00,2024-04-14 15:15:00,26,99,323.69,70,8.0,4038.0,4038.0,9.43,"(8.0, 4038.0, 31.0, 9.43, 0.0)",2024-04-14 14:50:00,2024-04-14 15:15:00,26,26,26,0,1.0,1.0,0.0,4.229424,165423.5808,165419.351376,-39111.558583,7.195366,165423.5808,165416.385434,-22989.293581
59,2024-04-14 14:50:00,2024-04-14 15:15:00,26,99,323.69,71,8.0,4018.0,4018.0,9.9,"(8.0, 4018.0, 45.0, 9.9, 0.0)",2024-04-14 14:50:00,2024-04-14 15:15:00,26,26,26,0,1.0,1.0,0.0,4.229424,165423.5808,165419.351376,-39111.558583,7.195366,165423.5808,165416.385434,-22989.293581
59,2024-04-14 14:50:00,2024-04-14 15:15:00,26,99,323.69,72,8.0,4065.0,4065.0,10.23,"(8.0, 4065.0, 30.0, 10.23, 0.0)",2024-04-14 14:50:00,2024-04-14 15:15:00,26,26,26,0,1.0,1.0,0.0,4.229424,165423.5808,165419.351376,-39111.558583,7.195366,165423.5808,165416.385434,-22989.293581
59,2024-04-14 14:50:00,2024-04-14 15:15:00,26,99,323.69,73,8.0,3810.0,3810.0,9.8,"(8.0, 3810.0, 13.0, 9.8, 0.0)",2024-04-14 14:50:00,2024-04-14 15:15:00,26,26,26,0,1.0,1.0,0.0,4.229424,165423.5808,165419.351376,-39111.558583,7.195366,165423.5808,165416.385434,-22989.293581
59,2024-04-14 14:50:00,2024-04-14 15:15:00,26,99,323.69,74,8.0,3785.0,3785.0,9.74,"(8.0, 3785.0, 74.0, 9.74, 0.0)",2024-04-14 14:50:00,2024-04-14 15:15:00,26,26,26,0,1.0,1.0,0.0,4.229424,165423.5808,165419.351376,-39111.558583,7.195366,165423.5808,165416.385434,-22989.293581
59,2024-04-14 14:50:00,2024-04-14 15:15:00,26,99,323.69,75,8.0,3524.0,3524.0,9.33,"(8.0, 3524.0, 190.0, 9.33, 0.0)",2024-04-14 14:50:00,2024-04-14 15:15:00,26,26,26,0,1.0,1.0,0.0,4.229424,165423.5808,165419.351376,-39111.558583,7.195366,165423.5808,165416.385434,-22989.293581
59,2024-04-14 14:50:00,2024-04-14 15:15:00,26,99,323.69,76,8.0,3307.0,3307.0,8.15,"(8.0, 3307.0, 48.0, 8.15, 0.0)",2024-04-14 14:50:00,2024-04-14 15:15:00,26,26,26,0,1.0,1.0,0.0,4.229424,165423.5808,165419.351376,-39111.558583,7.195366,165423.5808,165416.385434,-22989.293581
59,2024-04-14 14:50:00,2024-04-14 15:15:00,26,99,323.69,77,8.0,3486.0,3486.0,8.65,"(8.0, 3486.0, 47.0, 8.65, 0.0)",2024-04-14 14:50:00,2024-04-14 15:15:00,26,26,26,0,1.0,1.0,0.0,4.229424,165423.5808,165419.351376,-39111.558583,7.195366,165423.5808,165416.385434,-22989.293581
59,2024-04-14 14:50:00,2024-04-14 15:15:00,26,99,323.69,78,8.0,3222.0,3222.0,7.99,"(8.0, 3222.0, 1.0, 7.99, 0.0)",2024-04-14 14:50:00,2024-04-14 15:15:00,26,26,26,0,1.0,1.0,0.0,4.229424,165423.5808,165419.351376,-39111.558583,7.195366,165423.5808,165416.385434,-22989.293581
59,2024-04-14 14:50:00,2024-04-14 15:15:00,26,99,323.69,79,8.0,3669.0,3669.0,9.15,"(8.0, 3669.0, -19.0, 9.15, 0.0)",2024-04-14 14:50:00,2024-04-14 15:15:00,26,26,26,0,1.0,1.0,0.0,4.229424,165423.5808,165419.351376,-39111.558583,7.195366,165423.5808,165416.385434,-22989.293581
59,2024-04-14 14:50:00,2024-04-14 15:15:00,26,99,323.69,80,8.0,3451.0,3451.0,8.76,"(8.0, 3451.0, 33.0, 8.76, 0.0)",2024-04-14 14:50:00,2024-04-14 15:15:00,26,26,26,0,1.0,1.0,0.0,4.229424,165423.5808,165419.351376,-39111.558583,7.195366,165423.5808,165416.385434,-22989.293581
59,2024-04-14 14:50:00,2024-04-14 15:15:00,26,99,323.69,81,8.0,3496.0,3496.0,10.05,"(8.0, 3496.0, -65.0, 10.05, 0.0)",2024-04-14 14:50:00,2024-04-14 15:15:00,26,26,26,0,1.0,1.0,0.0,4.229424,165423.5808,165419.351376,-39111.558583,7.195366,165423.5808,165416.385434,-22989.293581
59,2024-04-14 14:50:00,2024-04-14 15:15:00,26,99,323.69,82,8.0,3629.0,3629.0,11.14,"(8.0, 3629.0, 24.0, 11.14, 0.0)",2024-04-14 14:50:00,2024-04-14 15:15:00,26,26,26,0,1.0,1.0,0.0,4.229424,165423.5808,165419.351376,-39111.558583,7.195366,165423.5808,165416.385434,-22989.293581
59,2024-04-14 14:50:00,2024-04-14 15:15:00,26,99,323.69,83,8.0,4028.0,4028.0,10.86,"(8.0, 4028.0, 42.0, 10.86, 0.0)",2024-04-14 14:50:00,2024-04-14 15:15:00,26,26,26,0,1.0,1.0,0.0,4.229424,165423.5808,165419.351376,-39111.558583,7.195366,165423.5808,165416.385434,-22989.293581
59,2024-04-14 14:50:00,2024-04-14 15:15:00,26,99,323.69,84,8.0,4053.0,4053.0,10.52,"(8.0, 4053.0, 37.0, 10.52, 0.0)",2024-04-14 14:50:00,2024-04-14 15:15:00,26,26,26,0,1.0,1.0,0.0,4.229424,165423.5808,165419.351376,-39111.558583,7.195366,165423.5808,165416.385434,-22989.293581
59,2024-04-14 14:50:00,2024-04-14 15:15:00,26,99,323.69,85,8.0,4026.0,4026.0,10.71,"(8.0, 4026.0, -28.0, 10.71, 0.0)",2024-04-14 14:50:00,2024-04-14 15:15:00,26,26,26,0,1.0,1.0,0.0,4.229424,165423.5808,165419.351376,-39111.558583,7.195366,165423.5808,165416.385434,-22989.293581
59,2024-04-14 14:50:00,2024-04-14 15:15:00,26,99,323.69,86,8.0,4036.0,4036.0,11.05,"(8.0, 4036.0, 40.0, 11.05, 0.0)",2024-04-14 14:50:00,2024-04-14 15:15:00,26,26,26,0,1.0,1.0,0.0,4.229424,165423.5808,165419.351376,-39111.558583,7.195366,165423.5808,165416.385434,-22989.293581
59,2024-04-14 14:50:00,2024-04-14 15:15:00,26,99,323.69,87,8.0,4024.0,4024.0,9.9,"(8.0, 4024.0, 24.0, 9.9, 0.0)",2024-04-14 14:50:00,2024-04-14 15:15:00,26,26,26,0,1.0,1.0,0.0,4.229424,165423.5808,165419.351376,-39111.558583,7.195366,165423.5808,165416.385434,-22989.293581
59,2024-04-14 14:50:00,2024-04-14 15:15:00,26,99,323.69,88,8.0,4029.0,4029.0,11.05,"(8.0, 4029.0, 42.0, 11.05, 0.0)",2024-04-14 14:50:00,2024-04-14 15:15:00,26,26,26,0,1.0,1.0,0.0,4.229424,165423.5808,165419.351376,-39111.558583,7.195366,165423.5808,165416.385434,-22989.293581
59,2024-04-14 14:50:00,2024-04-14 15:15:00,26,99,323.69,89,8.0,4041.0,4041.0,10.84,"(8.0, 4041.0, 20.0, 10.84, 0.0)",2024-04-14 14:50:00,2024-04-14 15:15:00,26,26,26,0,1.0,1.0,0.0,4.229424,165423.5808,165419.351376,-39111.558583,7.195366,165423.5808,165416.385434,-22989.293581
59,2024-04-14 14:50:00,2024-04-14 15:15:00,26,99,323.69,90,8.0,4053.0,4053.0,10.72,"(8.0, 4053.0, -67.0, 10.72, 0.0)",2024-04-14 14:50:00,2024-04-14 15:15:00,26,26,26,0,1.0,1.0,0.0,4.229424,165423.5808,165419.351376,-39111.558583,7.195366,165423.5808,165416.385434,-22989.293581
59,2024-04-14 14:50:00,2024-04-14 15:15:00,26,99,323.69,91,8.0,4028.0,4028.0,11.04,"(8.0, 4028.0, -78.0, 11.04, 0.0)",2024-04-14 14:50:00,2024-04-14 15:15:00,26,26,26,0,1.0,1.0,0.0,4.229424,165423.5808,165419.351376,-39111.558583,7.195366,165423.5808,165416.385434,-22989.293581
59,2024-04-14 14:50:00,2024-04-14 15:15:00,26,99,323.69,92,8.0,4024.0,4024.0,10.87,"(8.0, 4024.0, 25.0, 10.87, 0.0)",2024-04-14 14:50:00,2024-04-14 15:15:00,26,26,26,0,1.0,1.0,0.0,4.229424,165423.5808,165419.351376,-39111.558583,7.195366,165423.5808,165416.385434,-22989.293581
59,2024-04-14 14:50:00,2024-04-14 15:15:00,26,99,323.69,93,8.0,4038.0,4038.0,10.22,"(8.0, 4038.0, -3.0, 10.22, 0.0)",2024-04-14 14:50:00,2024-04-14 15:15:00,26,26,26,0,1.0,1.0,0.0,4.229424,165423.5808,165419.351376,-39111.558583,7.195366,165423.5808,165416.385434,-22989.293581
59,2024-04-14 14:50:00,2024-04-14 15:15:00,26,99,323.69,94,8.0,4041.0,4041.0,10.13,"(8.0, 4041.0, 11.0, 10.13, 0.0)",2024-04-14 14:50:00,2024-04-14 15:15:00,26,26,26,0,1.0,1.0,0.0,4.229424,165423.5808,165419.351376,-39111.558583,7.195366,165423.5808,165416.385434,-22989.293581
59,2024-04-14 14:50:00,2024-04-14 15:15:00,26,99,323.69,95,8.0,4016.0,4016.0,9.82,"(8.0, 4016.0, -86.0, 9.82, 0.0)",2024-04-14 14:50:00,2024-04-14 15:15:00,26,26,26,0,1.0,1.0,0.0,4.229424,165423.5808,165419.351376,-39111.558583,7.195366,165423.5808,165416.385434,-22989.293581
59,2024-04-14 14:50:00,2024-04-14 15:15:00,26,99,323.69,96,8.0,4041.0,4041.0,9.66,"(8.0, 4041.0, -18.0, 9.66, 0.0)",2024-04-14 14:50:00,2024-04-14 15:15:00,26,26,26,0,1.0,1.0,0.0,4.229424,165423.5808,165419.351376,-39111.558583,7.195366,165423.5808,165416.385434,-22989.293581
59,2024-04-14 14:50:00,2024-04-14 15:15:00,26,99,323.69,97,8.0,4038.0,4038.0,8.79,"(8.0, 4038.0, 23.0, 8.79, 0.0)",2024-04-14 14:50:00,2024-04-14 15:15:00,26,26,26,0,1.0,1.0,0.0,4.229424,165423.5808,165419.351376,-39111.558583,7.195366,165423.5808,165416.385434,-22989.293581
59,2024-04-14 14:50:00,2024-04-14 15:15:00,26,99,323.69,98,8.0,4049.0,4049.0,10.12,"(8.0, 4049.0, 68.0, 10.12, 0.0)",2024-04-14 14:50:00,2024-04-14 15:15:00,26,26,26,0,1.0,1.0,0.0,4.229424,165423.5808,165419.351376,-39111.558583,7.195366,165423.5808,165416.385434,-22989.293581
59,2024-04-14 14:50:00,2024-04-14 15:15:00,26,99,323.69,99,8.0,3997.0,3997.0,10.46,"(8.0, 3997.0, 20.0, 10.46, 0.0)",2024-04-14 14:50:00,2024-04-14 15:15:00,26,26,26,0,1.0,1.0,0.0,4.229424,165423.5808,165419.351376,-39111.558583,7.195366,165423.5808,165416.385434,-22989.293581
59,2024-04-14 14:50:00,2024-04-14 15:15:00,26,99,323.69,100,8.0,4029.0,4029.0,9.52,"(8.0, 4029.0, 34.0, 9.52, 0.0)",2024-04-14 14:50:00,2024-04-14 15:15:00,26,26,26,0,1.0,1.0,0.0,4.229424,165423.5808,165419.351376,-39111.558583,7.195366,165423.5808,165416.385434,-22989.293581
61,2024-04-14 15:37:00,2024-04-14 15:40:00,4,99,349.788,1,8.0,4045.0,4045.0,12.1,"(8.0, 4045.0, 38.0, 12.1, 0.0)",2024-04-14 15:37:00,2024-04-14 15:40:00,4,4,4,0,1.0,1.0,0.0,0.0,27309.7264,27309.7264,,1.086928,27309.7264,27308.639472,-25124.599159
61,2024-04-14 15:37:00,2024-04-14 15:40:00,4,99,349.788,2,8.0,4037.0,4037.0,11.49,"(8.0, 4037.0, 20.0, 11.49, 0.0)",2024-04-14 15:37:00,2024-04-14 15:40:00,4,4,4,0,1.0,1.0,0.0,0.0,27309.7264,27309.7264,,1.086928,27309.7264,27308.639472,-25124.599159
61,2024-04-14 15:37:00,2024-04-14 15:40:00,4,99,349.788,3,8.0,4026.0,4026.0,11.33,"(8.0, 4026.0, 69.0, 11.33, 0.0)",2024-04-14 15:37:00,2024-04-14 15:40:00,4,4,4,0,1.0,1.0,0.0,0.0,27309.7264,27309.7264,,1.086928,27309.7264,27308.639472,-25124.599159
61,2024-04-14 15:37:00,2024-04-14 15:40:00,4,99,349.788,4,8.0,4023.0,4023.0,10.11,"(8.0, 4023.0, 55.0, 10.11, 0.0)",2024-04-14 15:37:00,2024-04-14 15:40:00,4,4,4,0,1.0,1.0,0.0,0.0,27309.7264,27309.7264,,1.086928,27309.7264,27308.639472,-25124.599159
61,2024-04-14 15:37:00,2024-04-14 15:40:00,4,99,349.788,5,8.0,4039.0,4039.0,10.03,"(8.0, 4039.0, 18.0, 10.03, 0.0)",2024-04-14 15:37:00,2024-04-14 15:40:00,4,4,4,0,1.0,1.0,0.0,0.0,27309.7264,27309.7264,,1.086928,27309.7264,27308.639472,-25124.599159
61,2024-04-14 15:37:00,2024-04-14 15:40:00,4,99,349.788,6,8.0,3556.0,3556.0,8.69,"(8.0, 3556.0, -6.0, 8.69, 0.0)",2024-04-14 15:37:00,2024-04-14 15:40:00,4,4,4,0,1.0,1.0,0.0,0.0,27309.7264,27309.7264,,1.086928,27309.7264,27308.639472,-25124.599159
61,2024-04-14 15:37:00,2024-04-14 15:40:00,4,99,349.788,7,8.0,3170.0,3170.0,9.03,"(8.0, 3170.0, 7.0, 9.03, 0.0)",2024-04-14 15:37:00,2024-04-14 15:40:00,4,4,4,0,1.0,1.0,0.0,0.0,27309.7264,27309.7264,,1.086928,27309.7264,27308.639472,-25124.599159
61,2024-04-14 15:37:00,2024-04-14 15:40:00,4,99,349.788,8,8.0,2866.0,2866.0,8.01,"(8.0, 2866.0, 16.0, 8.01, 0.0)",2024-04-14 15:37:00,2024-04-14 15:40:00,4,4,4,0,1.0,1.0,0.0,0.0,27309.7264,27309.7264,,1.086928,27309.7264,27308.639472,-25124.599159
61,2024-04-14 15:37:00,2024-04-14 15:40:00,4,99,349.788,9,8.0,2745.0,2745.0,9.17,"(8.0, 2745.0, 30.0, 9.17, 0.0)",2024-04-14 15:37:00,2024-04-14 15:40:00,4,4,4,0,1.0,1.0,0.0,0.0,27309.7264,27309.7264,,1.086928,27309.7264,27308.639472,-25124.599159
61,2024-04-14 15:37:00,2024-04-14 15:40:00,4,99,349.788,10,8.0,2690.0,2690.0,7.55,"(8.0, 2690.0, 40.0, 7.55, 0.0)",2024-04-14 15:37:00,2024-04-14 15:40:00,4,4,4,0,1.0,1.0,0.0,0.0,27309.7264,27309.7264,,1.086928,27309.7264,27308.639472,-25124.599159
61,2024-04-14 15:37:00,2024-04-14 15:40:00,4,99,349.788,11,8.0,2844.0,2844.0,9.93,"(8.0, 2844.0, 32.0, 9.93, 0.0)",2024-04-14 15:37:00,2024-04-14 15:40:00,4,4,4,0,1.0,1.0,0.0,0.0,27309.7264,27309.7264,,1.086928,27309.7264,27308.639472,-25124.599159
61,2024-04-14 15:37:00,2024-04-14 15:40:00,4,99,349.788,12,8.0,2073.0,2073.0,7.63,"(8.0, 2073.0, 26.0, 7.63, 0.0)",2024-04-14 15:37:00,2024-04-14 15:40:00,4,4,4,0,1.0,1.0,0.0,0.0,27309.7264,27309.7264,,1.086928,27309.7264,27308.639472,-25124.599159
61,2024-04-14 15:37:00,2024-04-14 15:40:00,4,99,349.788,13,8.0,3183.0,3183.0,9.17,"(8.0, 3183.0, 28.0, 9.17, 0.0)",2024-04-14 15:37:00,2024-04-14 15:40:00,4,4,4,0,1.0,1.0,0.0,0.0,27309.7264,27309.7264,,1.086928,27309.7264,27308.639472,-25124.599159
61,2024-04-14 15:37:00,2024-04-14 15:40:00,4,99,349.788,14,8.0,2192.0,2192.0,7.66,"(8.0, 2192.0, 30.0, 7.66, 0.0)",2024-04-14 15:37:00,2024-04-14 15:40:00,4,4,4,0,1.0,1.0,0.0,0.0,27309.7264,27309.7264,,1.086928,27309.7264,27308.639472,-25124.599159
61,2024-04-14 15:37:00,2024-04-14 15:40:00,4,99,349.788,15,8.0,2923.0,2923.0,9.92,"(8.0, 2923.0, 40.0, 9.92, 0.0)",2024-04-14 15:37:00,2024-04-14 15:40:00,4,4,4,0,1.0,1.0,0.0,0.0,27309.7264,27309.7264,,1.086928,27309.7264,27308.639472,-25124.599159
61,2024-04-14 15:37:00,2024-04-14 15:40:00,4,99,349.788,16,8.0,2367.0,2367.0,7.81,"(8.0, 2367.0, 53.0, 7.81, 0.0)",2024-04-14 15:37:00,2024-04-14 15:40:00,4,4,4,0,1.0,1.0,0.0,0.0,27309.7264,27309.7264,,1.086928,27309.7264,27308.639472,-25124.599159
61,2024-04-14 15:37:00,2024-04-14 15:40:00,4,99,349.788,17,8.0,3126.0,3126.0,7.97,"(8.0, 3126.0, 25.0, 7.97, 0.0)",2024-04-14 15:37:00,2024-04-14 15:40:00,4,4,4,0,1.0,1.0,0.0,0.0,27309.7264,27309.7264,,1.086928,27309.7264,27308.639472,-25124.599159
61,2024-04-14 15:37:00,2024-04-14 15:40:00,4,99,349.788,18,8.0,3264.0,3264.0,9.22,"(8.0, 3264.0, 23.0, 9.22, 0.0)",2024-04-14 15:37:00,2024-04-14 15:40:00,4,4,4,0,1.0,1.0,0.0,0.0,27309.7264,27309.7264,,1.086928,27309.7264,27308.639472,-25124.599159
61,2024-04-14 15:37:00,2024-04-14 15:40:00,4,99,349.788,19,8.0,4012.0,4012.0,12.32,"(8.0, 4012.0, -8.0, 12.32, 0.0)",2024-04-14 15:37:00,2024-04-14 15:40:00,4,4,4,0,1.0,1.0,0.0,0.0,27309.7264,27309.7264,,1.086928,27309.7264,27308.639472,-25124.599159
61,2024-04-14 15:37:00,2024-04-14 15:40:00,4,99,349.788,20,8.0,4043.0,4043.0,11.24,"(8.0, 4043.0, 30.0, 11.24, 0.0)",2024-04-14 15:37:00,2024-04-14 15:40:00,4,4,4,0,1.0,1.0,0.0,0.0,27309.7264,27309.7264,,1.086928,27309.7264,27308.639472,-25124.599159
61,2024-04-14 15:37:00,2024-04-14 15:40:00,4,99,349.788,21,8.0,4045.0,4045.0,10.36,"(8.0, 4045.0, 6.0, 10.36, 0.0)",2024-04-14 15:37:00,2024-04-14 15:40:00,4,4,4,0,1.0,1.0,0.0,0.0,27309.7264,27309.7264,,1.086928,27309.7264,27308.639472,-25124.599159
61,2024-04-14 15:37:00,2024-04-14 15:40:00,4,99,349.788,22,8.0,4018.0,4018.0,10.78,"(8.0, 4018.0, 35.0, 10.78, 0.0)",2024-04-14 15:37:00,2024-04-14 15:40:00,4,4,4,0,1.0,1.0,0.0,0.0,27309.7264,27309.7264,,1.086928,27309.7264,27308.639472,-25124.599159
61,2024-04-14 15:37:00,2024-04-14 15:40:00,4,99,349.788,23,8.0,3897.0,3897.0,9.78,"(8.0, 3897.0, 43.0, 9.78, 0.0)",2024-04-14 15:37:00,2024-04-14 15:40:00,4,4,4,0,1.0,1.0,0.0,0.0,27309.7264,27309.7264,,1.086928,27309.7264,27308.639472,-25124.599159
61,2024-04-14 15:37:00,2024-04-14 15:40:00,4,99,349.788,24,8.0,3515.0,3515.0,9.29,"(8.0, 3515.0, 22.0, 9.29, 0.0)",2024-04-14 15:37:00,2024-04-14 15:40:00,4,4,4,0,1.0,1.0,0.0,0.0,27309.7264,27309.7264,,1.086928,27309.7264,27308.639472,-25124.599159
61,2024-04-14 15:37:00,2024-04-14 15:40:00,4,99,349.788,25,8.0,2917.0,2917.0,7.58,"(8.0, 2917.0, -1.0, 7.58, 0.0)",2024-04-14 15:37:00,2024-04-14 15:40:00,4,4,4,0,1.0,1.0,0.0,0.0,27309.7264,27309.7264,,1.086928,27309.7264,27308.639472,-25124.599159
61,2024-04-14 15:37:00,2024-04-14 15:40:00,4,99,349.788,26,8.0,2518.0,2518.0,7.49,"(8.0, 2518.0, 22.0, 7.49, 0.0)",2024-04-14 15:37:00,2024-04-14 15:40:00,4,4,4,0,1.0,1.0,0.0,0.0,27309.7264,27309.7264,,1.086928,27309.7264,27308.639472,-25124.599159
61,2024-04-14 15:37:00,2024-04-14 15:40:00,4,99,349.788,27,8.0,2284.0,2284.0,7.72,"(8.0, 2284.0, 34.0, 7.72, 0.0)",2024-04-14 15:37:00,2024-04-14 15:40:00,4,4,4,0,1.0,1.0,0.0,0.0,27309.7264,27309.7264,,1.086928,27309.7264,27308.639472,-25124.599159
61,2024-04-14 15:37:00,2024-04-14 15:40:00,4,99,349.788,28,8.0,2680.0,2680.0,9.05,"(8.0, 2680.0, 13.0, 9.05, 0.0)",2024-04-14 15:37:00,2024-04-14 15:40:00,4,4,4,0,1.0,1.0,0.0,0.0,27309.7264,27309.7264,,1.086928,27309.7264,27308.639472,-25124.599159
61,2024-04-14 15:37:00,2024-04-14 15:40:00,4,99,349.788,29,8.0,3162.0,3162.0,8.69,"(8.0, 3162.0, 41.0, 8.69, 0.0)",2024-04-14 15:37:00,2024-04-14 15:40:00,4,4,4,0,1.0,1.0,0.0,0.0,27309.7264,27309.7264,,1.086928,27309.7264,27308.639472,-25124.599159
61,2024-04-14 15:37:00,2024-04-14 15:40:00,4,99,349.788,30,8.0,3687.0,3687.0,9.91,"(8.0, 3687.0, 14.0, 9.91, 0.0)",2024-04-14 15:37:00,2024-04-14 15:40:00,4,4,4,0,1.0,1.0,0.0,0.0,27309.7264,27309.7264,,1.086928,27309.7264,27308.639472,-25124.599159
61,2024-04-14 15:37:00,2024-04-14 15:40:00,4,99,349.788,31,8.0,3202.0,3202.0,8.53,"(8.0, 3202.0, -3.0, 8.53, 0.0)",2024-04-14 15:37:00,2024-04-14 15:40:00,4,4,4,0,1.0,1.0,0.0,0.0,27309.7264,27309.7264,,1.086928,27309.7264,27308.639472,-25124.599159
61,2024-04-14 15:37:00,2024-04-14 15:40:00,4,99,349.788,32,8.0,2734.0,2734.0,7.61,"(8.0, 2734.0, 48.0, 7.61, 0.0)",2024-04-14 15:37:00,2024-04-14 15:40:00,4,4,4,0,1.0,1.0,0.0,0.0,27309.7264,27309.7264,,1.086928,27309.7264,27308.639472,-25124.599159
61,2024-04-14 15:37:00,2024-04-14 15:40:00,4,99,349.788,33,8.0,2392.0,2392.0,8.25,"(8.0, 2392.0, 25.0, 8.25, 0.0)",2024-04-14 15:37:00,2024-04-14 15:40:00,4,4,4,0,1.0,1.0,0.0,0.0,27309.7264,27309.7264,,1.086928,27309.7264,27308.639472,-25124.599159
61,2024-04-14 15:37:00,2024-04-14 15:40:00,4,99,349.788,34,8.0,4025.0,4025.0,9.34,"(8.0, 4025.0, 22.0, 9.34, 0.0)",2024-04-14 15:37:00,2024-04-14 15:40:00,4,4,4,0,1.0,1.0,0.0,0.0,27309.7264,27309.7264,,1.086928,27309.7264,27308.639472,-25124.599159
61,2024-04-14 15:37:00,2024-04-14 15:40:00,4,99,349.788,35,8.0,3169.0,3169.0,9.27,"(8.0, 3169.0, 51.0, 9.27, 0.0)",2024-04-14 15:37:00,2024-04-14 15:40:00,4,4,4,0,1.0,1.0,0.0,0.0,27309.7264,27309.7264,,1.086928,27309.7264,27308.639472,-25124.599159
61,2024-04-14 15:37:00,2024-04-14 15:40:00,4,99,349.788,36,8.0,4035.0,4035.0,10.54,"(8.0, 4035.0, 26.0, 10.54, 0.0)",2024-04-14 15:37:00,2024-04-14 15:40:00,4,4,4,0,1.0,1.0,0.0,0.0,27309.7264,27309.7264,,1.086928,27309.7264,27308.639472,-25124.599159
61,2024-04-14 15:37:00,2024-04-14 15:40:00,4,99,349.788,37,8.0,4054.0,4054.0,10.98,"(8.0, 4054.0, 22.0, 10.98, 0.0)",2024-04-14 15:37:00,2024-04-14 15:40:00,4,4,4,0,1.0,1.0,0.0,0.0,27309.7264,27309.7264,,1.086928,27309.7264,27308.639472,-25124.599159
61,2024-04-14 15:37:00,2024-04-14 15:40:00,4,99,349.788,38,8.0,4037.0,4037.0,11.26,"(8.0, 4037.0, -45.0, 11.26, 0.0)",2024-04-14 15:37:00,2024-04-14 15:40:00,4,4,4,0,1.0,1.0,0.0,0.0,27309.7264,27309.7264,,1.086928,27309.7264,27308.639472,-25124.599159
61,2024-04-14 15:37:00,2024-04-14 15:40:00,4,99,349.788,39,8.0,4025.0,4025.0,9.85,"(8.0, 4025.0, 20.0, 9.85, 0.0)",2024-04-14 15:37:00,2024-04-14 15:40:00,4,4,4,0,1.0,1.0,0.0,0.0,27309.7264,27309.7264,,1.086928,27309.7264,27308.639472,-25124.599159
61,2024-04-14 15:37:00,2024-04-14 15:40:00,4,99,349.788,40,8.0,3171.0,3171.0,9.36,"(8.0, 3171.0, 42.0, 9.36, 0.0)",2024-04-14 15:37:00,2024-04-14 15:40:00,4,4,4,0,1.0,1.0,0.0,0.0,27309.7264,27309.7264,,1.086928,27309.7264,27308.639472,-25124.599159
61,2024-04-14 15:37:00,2024-04-14 15:40:00,4,99,349.788,41,8.0,2838.0,2838.0,8.49,"(8.0, 2838.0, 18.0, 8.49, 0.0)",2024-04-14 15:37:00,2024-04-14 15:40:00,4,4,4,0,1.0,1.0,0.0,0.0,27309.7264,27309.7264,,1.086928,27309.7264,27308.639472,-25124.599159
61,2024-04-14 15:37:00,2024-04-14 15:40:00,4,99,349.788,42,8.0,3184.0,3184.0,7.72,"(8.0, 3184.0, 12.0, 7.72, 0.0)",2024-04-14 15:37:00,2024-04-14 15:40:00,4,4,4,0,1.0,1.0,0.0,0.0,27309.7264,27309.7264,,1.086928,27309.7264,27308.639472,-25124.599159
61,2024-04-14 15:37:00,2024-04-14 15:40:00,4,99,349.788,43,8.0,3039.0,3039.0,8.57,"(8.0, 3039.0, 22.0, 8.57, 0.0)",2024-04-14 15:37:00,2024-04-14 15:40:00,4,4,4,0,1.0,1.0,0.0,0.0,27309.7264,27309.7264,,1.086928,27309.7264,27308.639472,-25124.599159
61,2024-04-14 15:37:00,2024-04-14 15:40:00,4,99,349.788,44,8.0,2632.0,2632.0,9.07,"(8.0, 2632.0, 43.0, 9.07, 0.0)",2024-04-14 15:37:00,2024-04-14 15:40:00,4,4,4,0,1.0,1.0,0.0,0.0,27309.7264,27309.7264,,1.086928,27309.7264,27308.639472,-25124.599159
61,2024-04-14 15:37:00,2024-04-14 15:40:00,4,99,349.788,45,8.0,2989.0,2989.0,8.97,"(8.0, 2989.0, 7.0, 8.97, 0.0)",2024-04-14 15:37:00,2024-04-14 15:40:00,4,4,4,0,1.0,1.0,0.0,0.0,27309.7264,27309.7264,,1.086928,27309.7264,27308.639472,-25124.599159
61,2024-04-14 15:37:00,2024-04-14 15:40:00,4,99,349.788,46,8.0,3197.0,3197.0,8.48,"(8.0, 3197.0, 68.0, 8.48, 0.0)",2024-04-14 15:37:00,2024-04-14 15:40:00,4,4,4,0,1.0,1.0,0.0,0.0,27309.7264,27309.7264,,1.086928,27309.7264,27308.639472,-25124.599159
61,2024-04-14 15:37:00,2024-04-14 15:40:00,4,99,349.788,47,8.0,2952.0,2952.0,9.18,"(8.0, 2952.0, 34.0, 9.18, 0.0)",2024-04-14 15:37:00,2024-04-14 15:40:00,4,4,4,0,1.0,1.0,0.0,0.0,27309.7264,27309.7264,,1.086928,27309.7264,27308.639472,-25124.599159
61,2024-04-14 15:37:00,2024-04-14 15:40:00,4,99,349.788,48,8.0,3191.0,3191.0,8.62,"(8.0, 3191.0, 42.0, 8.62, 0.0)",2024-04-14 15:37:00,2024-04-14 15:40:00,4,4,4,0,1.0,1.0,0.0,0.0,27309.7264,27309.7264,,1.086928,27309.7264,27308.639472,-25124.599159
61,2024-04-14 15:37:00,2024-04-14 15:40:00,4,99,349.788,49,8.0,3405.0,3405.0,8.2,"(8.0, 3405.0, 39.0, 8.2, 0.0)",2024-04-14 15:37:00,2024-04-14 15:40:00,4,4,4,0,1.0,1.0,0.0,0.0,27309.7264,27309.7264,,1.086928,27309.7264,27308.639472,-25124.599159
61,2024-04-14 15:37:00,2024-04-14 15:40:00,4,99,349.788,51,8.0,4038.0,4038.0,10.71,"(8.0, 4038.0, -13.0, 10.71, 0.0)",2024-04-14 15:37:00,2024-04-14 15:40:00,4,4,4,0,1.0,1.0,0.0,0.0,27309.7264,27309.7264,,1.086928,27309.7264,27308.639472,-25124.599159
61,2024-04-14 15:37:00,2024-04-14 15:40:00,4,99,349.788,52,8.0,4046.0,4046.0,10.65,"(8.0, 4046.0, 13.0, 10.65, 0.0)",2024-04-14 15:37:00,2024-04-14 15:40:00,4,4,4,0,1.0,1.0,0.0,0.0,27309.7264,27309.7264,,1.086928,27309.7264,27308.639472,-25124.599159
61,2024-04-14 15:37:00,2024-04-14 15:40:00,4,99,349.788,53,8.0,3893.0,3893.0,10.16,"(8.0, 3893.0, -136.0, 10.16, 0.0)",2024-04-14 15:37:00,2024-04-14 15:40:00,4,4,4,0,1.0,1.0,0.0,0.0,27309.7264,27309.7264,,1.086928,27309.7264,27308.639472,-25124.599159
61,2024-04-14 15:37:00,2024-04-14 15:40:00,4,99,349.788,54,8.0,3474.0,3474.0,9.35,"(8.0, 3474.0, 30.0, 9.35, 0.0)",2024-04-14 15:37:00,2024-04-14 15:40:00,4,4,4,0,1.0,1.0,0.0,0.0,27309.7264,27309.7264,,1.086928,27309.7264,27308.639472,-25124.599159
61,2024-04-14 15:37:00,2024-04-14 15:40:00,4,99,349.788,55,8.0,3424.0,3424.0,8.77,"(8.0, 3424.0, -4.0, 8.77, 0.0)",2024-04-14 15:37:00,2024-04-14 15:40:00,4,4,4,0,1.0,1.0,0.0,0.0,27309.7264,27309.7264,,1.086928,27309.7264,27308.639472,-25124.599159
61,2024-04-14 15:37:00,2024-04-14 15:40:00,4,99,349.788,56,8.0,3151.0,3151.0,8.51,"(8.0, 3151.0, 38.0, 8.51, 0.0)",2024-04-14 15:37:00,2024-04-14 15:40:00,4,4,4,0,1.0,1.0,0.0,0.0,27309.7264,27309.7264,,1.086928,27309.7264,27308.639472,-25124.599159
61,2024-04-14 15:37:00,2024-04-14 15:40:00,4,99,349.788,57,8.0,3011.0,3011.0,7.91,"(8.0, 3011.0, 23.0, 7.91, 0.0)",2024-04-14 15:37:00,2024-04-14 15:40:00,4,4,4,0,1.0,1.0,0.0,0.0,27309.7264,27309.7264,,1.086928,27309.7264,27308.639472,-25124.599159
61,2024-04-14 15:37:00,2024-04-14 15:40:00,4,99,349.788,58,8.0,3469.0,3469.0,9.15,"(8.0, 3469.0, -53.0, 9.15, 0.0)",2024-04-14 15:37:00,2024-04-14 15:40:00,4,4,4,0,1.0,1.0,0.0,0.0,27309.7264,27309.7264,,1.086928,27309.7264,27308.639472,-25124.599159
61,2024-04-14 15:37:00,2024-04-14 15:40:00,4,99,349.788,59,8.0,3098.0,3098.0,8.22,"(8.0, 3098.0, 58.0, 8.22, 0.0)",2024-04-14 15:37:00,2024-04-14 15:40:00,4,4,4,0,1.0,1.0,0.0,0.0,27309.7264,27309.7264,,1.086928,27309.7264,27308.639472,-25124.599159
61,2024-04-14 15:37:00,2024-04-14 15:40:00,4,99,349.788,60,8.0,3159.0,3159.0,9.31,"(8.0, 3159.0, 34.0, 9.31, 0.0)",2024-04-14 15:37:00,2024-04-14 15:40:00,4,4,4,0,1.0,1.0,0.0,0.0,27309.7264,27309.7264,,1.086928,27309.7264,27308.639472,-25124.599159
61,2024-04-14 15:37:00,2024-04-14 15:40:00,4,99,349.788,61,8.0,3188.0,3188.0,9.31,"(8.0, 3188.0, 35.0, 9.31, 0.0)",2024-04-14 15:37:00,2024-04-14 15:40:00,4,4,4,0,1.0,1.0,0.0,0.0,27309.7264,27309.7264,,1.086928,27309.7264,27308.639472,-25124.599159
61,2024-04-14 15:37:00,2024-04-14 15:40:00,4,99,349.788,62,8.0,4026.0,4026.0,9.87,"(8.0, 4026.0, 50.0, 9.87, 0.0)",2024-04-14 15:37:00,2024-04-14 15:40:00,4,4,4,0,1.0,1.0,0.0,0.0,27309.7264,27309.7264,,1.086928,27309.7264,27308.639472,-25124.599159
61,2024-04-14 15:37:00,2024-04-14 15:40:00,4,99,349.788,63,8.0,3300.0,3300.0,9.03,"(8.0, 3300.0, -1.0, 9.03, 0.0)",2024-04-14 15:37:00,2024-04-14 15:40:00,4,4,4,0,1.0,1.0,0.0,0.0,27309.7264,27309.7264,,1.086928,27309.7264,27308.639472,-25124.599159
61,2024-04-14 15:37:00,2024-04-14 15:40:00,4,99,349.788,64,8.0,3663.0,3663.0,9.49,"(8.0, 3663.0, -17.0, 9.49, 0.0)",2024-04-14 15:37:00,2024-04-14 15:40:00,4,4,4,0,1.0,1.0,0.0,0.0,27309.7264,27309.7264,,1.086928,27309.7264,27308.639472,-25124.599159
61,2024-04-14 15:37:00,2024-04-14 15:40:00,4,99,349.788,65,8.0,3802.0,3802.0,9.08,"(8.0, 3802.0, -25.0, 9.08, 0.0)",2024-04-14 15:37:00,2024-04-14 15:40:00,4,4,4,0,1.0,1.0,0.0,0.0,27309.7264,27309.7264,,1.086928,27309.7264,27308.639472,-25124.599159
61,2024-04-14 15:37:00,2024-04-14 15:40:00,4,99,349.788,66,8.0,4011.0,4011.0,10.03,"(8.0, 4011.0, 12.0, 10.03, 0.0)",2024-04-14 15:37:00,2024-04-14 15:40:00,4,4,4,0,1.0,1.0,0.0,0.0,27309.7264,27309.7264,,1.086928,27309.7264,27308.639472,-25124.599159
61,2024-04-14 15:37:00,2024-04-14 15:40:00,4,99,349.788,67,8.0,3999.0,3999.0,10.45,"(8.0, 3999.0, 55.0, 10.45, 0.0)",2024-04-14 15:37:00,2024-04-14 15:40:00,4,4,4,0,1.0,1.0,0.0,0.0,27309.7264,27309.7264,,1.086928,27309.7264,27308.639472,-25124.599159
61,2024-04-14 15:37:00,2024-04-14 15:40:00,4,99,349.788,68,8.0,4031.0,4031.0,10.08,"(8.0, 4031.0, -8.0, 10.08, 0.0)",2024-04-14 15:37:00,2024-04-14 15:40:00,4,4,4,0,1.0,1.0,0.0,0.0,27309.7264,27309.7264,,1.086928,27309.7264,27308.639472,-25124.599159
61,2024-04-14 15:37:00,2024-04-14 15:40:00,4,99,349.788,69,8.0,3815.0,3815.0,9.23,"(8.0, 3815.0, 16.0, 9.23, 0.0)",2024-04-14 15:37:00,2024-04-14 15:40:00,4,4,4,0,1.0,1.0,0.0,0.0,27309.7264,27309.7264,,1.086928,27309.7264,27308.639472,-25124.599159
61,2024-04-14 15:37:00,2024-04-14 15:40:00,4,99,349.788,70,8.0,3705.0,3705.0,9.07,"(8.0, 3705.0, 28.0, 9.07, 0.0)",2024-04-14 15:37:00,2024-04-14 15:40:00,4,4,4,0,1.0,1.0,0.0,0.0,27309.7264,27309.7264,,1.086928,27309.7264,27308.639472,-25124.599159
61,2024-04-14 15:37:00,2024-04-14 15:40:00,4,99,349.788,71,8.0,3585.0,3585.0,8.92,"(8.0, 3585.0, 43.0, 8.92, 0.0)",2024-04-14 15:37:00,2024-04-14 15:40:00,4,4,4,0,1.0,1.0,0.0,0.0,27309.7264,27309.7264,,1.086928,27309.7264,27308.639472,-25124.599159
61,2024-04-14 15:37:00,2024-04-14 15:40:00,4,99,349.788,72,8.0,4013.0,4013.0,9.59,"(8.0, 4013.0, 20.0, 9.59, 0.0)",2024-04-14 15:37:00,2024-04-14 15:40:00,4,4,4,0,1.0,1.0,0.0,0.0,27309.7264,27309.7264,,1.086928,27309.7264,27308.639472,-25124.599159
61,2024-04-14 15:37:00,2024-04-14 15:40:00,4,99,349.788,73,8.0,3554.0,3554.0,10.21,"(8.0, 3554.0, 28.0, 10.21, 0.0)",2024-04-14 15:37:00,2024-04-14 15:40:00,4,4,4,0,1.0,1.0,0.0,0.0,27309.7264,27309.7264,,1.086928,27309.7264,27308.639472,-25124.599159
61,2024-04-14 15:37:00,2024-04-14 15:40:00,4,99,349.788,74,8.0,3479.0,3479.0,10.02,"(8.0, 3479.0, 26.0, 10.02, 0.0)",2024-04-14 15:37:00,2024-04-14 15:40:00,4,4,4,0,1.0,1.0,0.0,0.0,27309.7264,27309.7264,,1.086928,27309.7264,27308.639472,-25124.599159
61,2024-04-14 15:37:00,2024-04-14 15:40:00,4,99,349.788,75,8.0,3331.0,3331.0,8.37,"(8.0, 3331.0, 165.0, 8.37, 0.0)",2024-04-14 15:37:00,2024-04-14 15:40:00,4,4,4,0,1.0,1.0,0.0,0.0,27309.7264,27309.7264,,1.086928,27309.7264,27308.639472,-25124.599159
61,2024-04-14 15:37:00,2024-04-14 15:40:00,4,99,349.788,76,8.0,3398.0,3398.0,8.37,"(8.0, 3398.0, 52.0, 8.37, 0.0)",2024-04-14 15:37:00,2024-04-14 15:40:00,4,4,4,0,1.0,1.0,0.0,0.0,27309.7264,27309.7264,,1.086928,27309.7264,27308.639472,-25124.599159
61,2024-04-14 15:37:00,2024-04-14 15:40:00,4,99,349.788,77,8.0,3492.0,3492.0,8.11,"(8.0, 3492.0, 53.0, 8.11, 0.0)",2024-04-14 15:37:00,2024-04-14 15:40:00,4,4,4,0,1.0,1.0,0.0,0.0,27309.7264,27309.7264,,1.086928,27309.7264,27308.639472,-25124.599159
61,2024-04-14 15:37:00,2024-04-14 15:40:00,4,99,349.788,78,8.0,3567.0,3567.0,8.59,"(8.0, 3567.0, -6.0, 8.59, 0.0)",2024-04-14 15:37:00,2024-04-14 15:40:00,4,4,4,0,1.0,1.0,0.0,0.0,27309.7264,27309.7264,,1.086928,27309.7264,27308.639472,-25124.599159
61,2024-04-14 15:37:00,2024-04-14 15:40:00,4,99,349.788,79,8.0,4029.0,4029.0,9.62,"(8.0, 4029.0, -25.0, 9.62, 0.0)",2024-04-14 15:37:00,2024-04-14 15:40:00,4,4,4,0,1.0,1.0,0.0,0.0,27309.7264,27309.7264,,1.086928,27309.7264,27308.639472,-25124.599159
61,2024-04-14 15:37:00,2024-04-14 15:40:00,4,99,349.788,80,8.0,4044.0,4044.0,10.36,"(8.0, 4044.0, 77.0, 10.36, 0.0)",2024-04-14 15:37:00,2024-04-14 15:40:00,4,4,4,0,1.0,1.0,0.0,0.0,27309.7264,27309.7264,,1.086928,27309.7264,27308.639472,-25124.599159
61,2024-04-14 15:37:00,2024-04-14 15:40:00,4,99,349.788,81,8.0,4061.0,4061.0,12.05,"(8.0, 4061.0, -107.0, 12.05, 0.0)",2024-04-14 15:37:00,2024-04-14 15:40:00,4,4,4,0,1.0,1.0,0.0,0.0,27309.7264,27309.7264,,1.086928,27309.7264,27308.639472,-25124.599159
61,2024-04-14 15:37:00,2024-04-14 15:40:00,4,99,349.788,82,8.0,4045.0,4045.0,11.38,"(8.0, 4045.0, -10.0, 11.38, 0.0)",2024-04-14 15:37:00,2024-04-14 15:40:00,4,4,4,0,1.0,1.0,0.0,0.0,27309.7264,27309.7264,,1.086928,27309.7264,27308.639472,-25124.599159
61,2024-04-14 15:37:00,2024-04-14 15:40:00,4,99,349.788,83,8.0,4031.0,4031.0,11.11,"(8.0, 4031.0, 53.0, 11.11, 0.0)",2024-04-14 15:37:00,2024-04-14 15:40:00,4,4,4,0,1.0,1.0,0.0,0.0,27309.7264,27309.7264,,1.086928,27309.7264,27308.639472,-25124.599159
61,2024-04-14 15:37:00,2024-04-14 15:40:00,4,99,349.788,84,8.0,4040.0,4040.0,10.75,"(8.0, 4040.0, 39.0, 10.75, 0.0)",2024-04-14 15:37:00,2024-04-14 15:40:00,4,4,4,0,1.0,1.0,0.0,0.0,27309.7264,27309.7264,,1.086928,27309.7264,27308.639472,-25124.599159
61,2024-04-14 15:37:00,2024-04-14 15:40:00,4,99,349.788,85,8.0,4032.0,4032.0,11.87,"(8.0, 4032.0, -39.0, 11.87, 0.0)",2024-04-14 15:37:00,2024-04-14 15:40:00,4,4,4,0,1.0,1.0,0.0,0.0,27309.7264,27309.7264,,1.086928,27309.7264,27308.639472,-25124.599159
61,2024-04-14 15:37:00,2024-04-14 15:40:00,4,99,349.788,86,8.0,4050.0,4050.0,11.46,"(8.0, 4050.0, 51.0, 11.46, 0.0)",2024-04-14 15:37:00,2024-04-14 15:40:00,4,4,4,0,1.0,1.0,0.0,0.0,27309.7264,27309.7264,,1.086928,27309.7264,27308.639472,-25124.599159
61,2024-04-14 15:37:00,2024-04-14 15:40:00,4,99,349.788,87,8.0,4036.0,4036.0,10.33,"(8.0, 4036.0, 20.0, 10.33, 0.0)",2024-04-14 15:37:00,2024-04-14 15:40:00,4,4,4,0,1.0,1.0,0.0,0.0,27309.7264,27309.7264,,1.086928,27309.7264,27308.639472,-25124.599159
61,2024-04-14 15:37:00,2024-04-14 15:40:00,4,99,349.788,88,8.0,4030.0,4030.0,10.74,"(8.0, 4030.0, 42.0, 10.74, 0.0)",2024-04-14 15:37:00,2024-04-14 15:40:00,4,4,4,0,1.0,1.0,0.0,0.0,27309.7264,27309.7264,,1.086928,27309.7264,27308.639472,-25124.599159
61,2024-04-14 15:37:00,2024-04-14 15:40:00,4,99,349.788,89,8.0,4013.0,4013.0,10.96,"(8.0, 4013.0, -8.0, 10.96, 0.0)",2024-04-14 15:37:00,2024-04-14 15:40:00,4,4,4,0,1.0,1.0,0.0,0.0,27309.7264,27309.7264,,1.086928,27309.7264,27308.639472,-25124.599159
61,2024-04-14 15:37:00,2024-04-14 15:40:00,4,99,349.788,90,8.0,4042.0,4042.0,10.04,"(8.0, 4042.0, -84.0, 10.04, 0.0)",2024-04-14 15:37:00,2024-04-14 15:40:00,4,4,4,0,1.0,1.0,0.0,0.0,27309.7264,27309.7264,,1.086928,27309.7264,27308.639472,-25124.599159
61,2024-04-14 15:37:00,2024-04-14 15:40:00,4,99,349.788,91,8.0,4038.0,4038.0,10.96,"(8.0, 4038.0, -42.0, 10.96, 0.0)",2024-04-14 15:37:00,2024-04-14 15:40:00,4,4,4,0,1.0,1.0,0.0,0.0,27309.7264,27309.7264,,1.086928,27309.7264,27308.639472,-25124.599159
61,2024-04-14 15:37:00,2024-04-14 15:40:00,4,99,349.788,92,8.0,4040.0,4040.0,10.0,"(8.0, 4040.0, 12.0, 10.0, 0.0)",2024-04-14 15:37:00,2024-04-14 15:40:00,4,4,4,0,1.0,1.0,0.0,0.0,27309.7264,27309.7264,,1.086928,27309.7264,27308.639472,-25124.599159
61,2024-04-14 15:37:00,2024-04-14 15:40:00,4,99,349.788,93,8.0,4045.0,4045.0,10.58,"(8.0, 4045.0, -9.0, 10.58, 0.0)",2024-04-14 15:37:00,2024-04-14 15:40:00,4,4,4,0,1.0,1.0,0.0,0.0,27309.7264,27309.7264,,1.086928,27309.7264,27308.639472,-25124.599159
61,2024-04-14 15:37:00,2024-04-14 15:40:00,4,99,349.788,94,8.0,4024.0,4024.0,10.43,"(8.0, 4024.0, 11.0, 10.43, 0.0)",2024-04-14 15:37:00,2024-04-14 15:40:00,4,4,4,0,1.0,1.0,0.0,0.0,27309.7264,27309.7264,,1.086928,27309.7264,27308.639472,-25124.599159
61,2024-04-14 15:37:00,2024-04-14 15:40:00,4,99,349.788,95,8.0,4025.0,4025.0,10.41,"(8.0, 4025.0, -64.0, 10.41, 0.0)",2024-04-14 15:37:00,2024-04-14 15:40:00,4,4,4,0,1.0,1.0,0.0,0.0,27309.7264,27309.7264,,1.086928,27309.7264,27308.639472,-25124.599159
61,2024-04-14 15:37:00,2024-04-14 15:40:00,4,99,349.788,96,8.0,4052.0,4052.0,10.46,"(8.0, 4052.0, -41.0, 10.46, 0.0)",2024-04-14 15:37:00,2024-04-14 15:40:00,4,4,4,0,1.0,1.0,0.0,0.0,27309.7264,27309.7264,,1.086928,27309.7264,27308.639472,-25124.599159
61,2024-04-14 15:37:00,2024-04-14 15:40:00,4,99,349.788,97,8.0,4031.0,4031.0,11.6,"(8.0, 4031.0, 23.0, 11.6, 0.0)",2024-04-14 15:37:00,2024-04-14 15:40:00,4,4,4,0,1.0,1.0,0.0,0.0,27309.7264,27309.7264,,1.086928,27309.7264,27308.639472,-25124.599159
61,2024-04-14 15:37:00,2024-04-14 15:40:00,4,99,349.788,98,8.0,4041.0,4041.0,10.42,"(8.0, 4041.0, 63.0, 10.42, 0.0)",2024-04-14 15:37:00,2024-04-14 15:40:00,4,4,4,0,1.0,1.0,0.0,0.0,27309.7264,27309.7264,,1.086928,27309.7264,27308.639472,-25124.599159
61,2024-04-14 15:37:00,2024-04-14 15:40:00,4,99,349.788,99,8.0,4043.0,4043.0,11.45,"(8.0, 4043.0, 37.0, 11.45, 0.0)",2024-04-14 15:37:00,2024-04-14 15:40:00,4,4,4,0,1.0,1.0,0.0,0.0,27309.7264,27309.7264,,1.086928,27309.7264,27308.639472,-25124.599159
61,2024-04-14 15:37:00,2024-04-14 15:40:00,4,99,349.788,100,8.0,4056.0,4056.0,10.56,"(8.0, 4056.0, 40.0, 10.56, 0.0)",2024-04-14 15:37:00,2024-04-14 15:40:00,4,4,4,0,1.0,1.0,0.0,0.0,27309.7264,27309.7264,,1.086928,27309.7264,27308.639472,-25124.599159
63,2024-04-23 10:06:00,2024-04-23 10:12:00,7,6,0.617,3,11.0,199.0,199.0,4.03,"(11.0, 199.0, -77.0, 4.03, 0.0)",2024-04-23 10:06:00,2024-04-23 10:12:00,7,0,0,0,0.0,0.0,0.0,0.0,0.0,0.0,,0.0,0.0,0.0,
63,2024-04-23 10:06:00,2024-04-23 10:12:00,7,6,0.617,4,11.0,160.0,160.0,4.64,"(11.0, 160.0, -117.0, 4.64, 0.0)",2024-04-23 10:06:00,2024-04-23 10:12:00,7,0,0,0,0.0,0.0,0.0,0.0,0.0,0.0,,0.0,0.0,0.0,
63,2024-04-23 10:06:00,2024-04-23 10:12:00,7,6,0.617,5,11.0,90.0,90.0,3.14,"(11.0, 90.0, -70.0, 3.14, 0.0)",2024-04-23 10:06:00,2024-04-23 10:12:00,7,0,0,0,0.0,0.0,0.0,0.0,0.0,0.0,,0.0,0.0,0.0,
63,2024-04-23 10:06:00,2024-04-23 10:12:00,7,6,0.617,36,11.0,61.0,61.0,3.54,"(11.0, 61.0, -67.0, 3.54, 0.0)",2024-04-23 10:06:00,2024-04-23 10:12:00,7,0,0,0,0.0,0.0,0.0,0.0,0.0,0.0,,0.0,0.0,0.0,
63,2024-04-23 10:06:00,2024-04-23 10:12:00,7,6,0.617,51,8.0,91.0,91.0,3.73,"(8.0, 91.0, -62.0, 3.73, 0.0)",2024-04-23 10:06:00,2024-04-23 10:12:00,7,0,0,0,0.0,0.0,0.0,0.0,0.0,0.0,,0.0,0.0,0.0,
63,2024-04-23 10:06:00,2024-04-23 10:12:00,7,6,0.617,66,8.0,16.0,16.0,2.97,"(8.0, 16.0, -60.0, 2.97, 0.0)",2024-04-23 10:06:00,2024-04-23 10:12:00,7,0,0,0,0.0,0.0,0.0,0.0,0.0,0.0,,0.0,0.0,0.0,
65,2024-04-26 11:34:00,2024-04-26 11:38:00,5,93,40.849,1,11.0,1034.0,1034.0,5.93,"(11.0, 1034.0, 38.0, 5.93, 0.0)",2024-04-26 11:34:00,2024-04-26 11:38:00,5,5,5,0,1.0,1.0,0.0,0.0,4027.5303,4027.5303,,0.594799,4027.5303,4026.935501,-6770.245667
65,2024-04-26 11:34:00,2024-04-26 11:38:00,5,93,40.849,2,11.0,559.0,559.0,5.37,"(11.0, 559.0, -28.0, 5.37, 0.0)",2024-04-26 11:34:00,2024-04-26 11:38:00,5,5,5,0,1.0,1.0,0.0,0.0,4027.5303,4027.5303,,0.594799,4027.5303,4026.935501,-6770.245667
65,2024-04-26 11:34:00,2024-04-26 11:38:00,5,93,40.849,3,11.0,550.0,550.0,5.24,"(11.0, 550.0, -61.0, 5.24, 0.0)",2024-04-26 11:34:00,2024-04-26 11:38:00,5,5,5,0,1.0,1.0,0.0,0.0,4027.5303,4027.5303,,0.594799,4027.5303,4026.935501,-6770.245667
65,2024-04-26 11:34:00,2024-04-26 11:38:00,5,93,40.849,4,11.0,400.0,400.0,5.23,"(11.0, 400.0, -109.0, 5.23, 0.0)",2024-04-26 11:34:00,2024-04-26 11:38:00,5,5,5,0,1.0,1.0,0.0,0.0,4027.5303,4027.5303,,0.594799,4027.5303,4026.935501,-6770.245667
65,2024-04-26 11:34:00,2024-04-26 11:38:00,5,93,40.849,5,11.0,521.0,521.0,4.87,"(11.0, 521.0, -52.0, 4.87, 0.0)",2024-04-26 11:34:00,2024-04-26 11:38:00,5,5,5,0,1.0,1.0,0.0,0.0,4027.5303,4027.5303,,0.594799,4027.5303,4026.935501,-6770.245667
65,2024-04-26 11:34:00,2024-04-26 11:38:00,5,93,40.849,6,11.0,233.0,233.0,5.11,"(11.0, 233.0, -71.0, 5.11, 0.0)",2024-04-26 11:34:00,2024-04-26 11:38:00,5,5,5,0,1.0,1.0,0.0,0.0,4027.5303,4027.5303,,0.594799,4027.5303,4026.935501,-6770.245667
65,2024-04-26 11:34:00,2024-04-26 11:38:00,5,93,40.849,7,8.0,482.0,482.0,5.09,"(8.0, 482.0, -48.0, 5.09, 0.0)",2024-04-26 11:34:00,2024-04-26 11:38:00,5,5,5,0,1.0,1.0,0.0,0.0,4027.5303,4027.5303,,0.594799,4027.5303,4026.935501,-6770.245667
65,2024-04-26 11:34:00,2024-04-26 11:38:00,5,93,40.849,8,8.0,473.0,473.0,4.33,"(8.0, 473.0, -55.0, 4.33, 0.0)",2024-04-26 11:34:00,2024-04-26 11:38:00,5,5,5,0,1.0,1.0,0.0,0.0,4027.5303,4027.5303,,0.594799,4027.5303,4026.935501,-6770.245667
65,2024-04-26 11:34:00,2024-04-26 11:38:00,5,93,40.849,9,11.0,440.0,440.0,5.06,"(11.0, 440.0, -56.0, 5.06, 0.0)",2024-04-26 11:34:00,2024-04-26 11:38:00,5,5,5,0,1.0,1.0,0.0,0.0,4027.5303,4027.5303,,0.594799,4027.5303,4026.935501,-6770.245667
65,2024-04-26 11:34:00,2024-04-26 11:38:00,5,93,40.849,10,8.0,469.0,469.0,4.49,"(8.0, 469.0, -60.0, 4.49, 0.0)",2024-04-26 11:34:00,2024-04-26 11:38:00,5,5,5,0,1.0,1.0,0.0,0.0,4027.5303,4027.5303,,0.594799,4027.5303,4026.935501,-6770.245667
65,2024-04-26 11:34:00,2024-04-26 11:38:00,5,93,40.849,11,8.0,444.0,444.0,4.61,"(8.0, 444.0, -61.0, 4.61, 0.0)",2024-04-26 11:34:00,2024-04-26 11:38:00,5,5,5,0,1.0,1.0,0.0,0.0,4027.5303,4027.5303,,0.594799,4027.5303,4026.935501,-6770.245667
65,2024-04-26 11:34:00,2024-04-26 11:38:00,5,93,40.849,12,8.0,401.0,401.0,4.79,"(8.0, 401.0, -41.0, 4.79, 0.0)",2024-04-26 11:34:00,2024-04-26 11:38:00,5,5,5,0,1.0,1.0,0.0,0.0,4027.5303,4027.5303,,0.594799,4027.5303,4026.935501,-6770.245667
65,2024-04-26 11:34:00,2024-04-26 11:38:00,5,93,40.849,13,8.0,376.0,376.0,4.33,"(8.0, 376.0, -48.0, 4.33, 0.0)",2024-04-26 11:34:00,2024-04-26 11:38:00,5,5,5,0,1.0,1.0,0.0,0.0,4027.5303,4027.5303,,0.594799,4027.5303,4026.935501,-6770.245667
65,2024-04-26 11:34:00,2024-04-26 11:38:00,5,93,40.849,14,8.0,328.0,328.0,4.1,"(8.0, 328.0, -85.0, 4.1, 0.0)",2024-04-26 11:34:00,2024-04-26 11:38:00,5,5,5,0,1.0,1.0,0.0,0.0,4027.5303,4027.5303,,0.594799,4027.5303,4026.935501,-6770.245667
65,2024-04-26 11:34:00,2024-04-26 11:38:00,5,93,40.849,15,8.0,332.0,332.0,4.06,"(8.0, 332.0, -36.0, 4.06, 0.0)",2024-04-26 11:34:00,2024-04-26 11:38:00,5,5,5,0,1.0,1.0,0.0,0.0,4027.5303,4027.5303,,0.594799,4027.5303,4026.935501,-6770.245667
65,2024-04-26 11:34:00,2024-04-26 11:38:00,5,93,40.849,16,8.0,267.0,267.0,3.67,"(8.0, 267.0, -66.0, 3.67, 0.0)",2024-04-26 11:34:00,2024-04-26 11:38:00,5,5,5,0,1.0,1.0,0.0,0.0,4027.5303,4027.5303,,0.594799,4027.5303,4026.935501,-6770.245667
65,2024-04-26 11:34:00,2024-04-26 11:38:00,5,93,40.849,17,8.0,246.0,246.0,3.66,"(8.0, 246.0, -68.0, 3.66, 0.0)",2024-04-26 11:34:00,2024-04-26 11:38:00,5,5,5,0,1.0,1.0,0.0,0.0,4027.5303,4027.5303,,0.594799,4027.5303,4026.935501,-6770.245667
65,2024-04-26 11:34:00,2024-04-26 11:38:00,5,93,40.849,18,8.0,500.0,500.0,3.65,"(8.0, 500.0, -48.0, 3.65, 0.0)",2024-04-26 11:34:00,2024-04-26 11:38:00,5,5,5,0,1.0,1.0,0.0,0.0,4027.5303,4027.5303,,0.594799,4027.5303,4026.935501,-6770.245667
65,2024-04-26 11:34:00,2024-04-26 11:38:00,5,93,40.849,19,11.0,478.0,478.0,5.53,"(11.0, 478.0, -83.0, 5.53, 0.0)",2024-04-26 11:34:00,2024-04-26 11:38:00,5,5,5,0,1.0,1.0,0.0,0.0,4027.5303,4027.5303,,0.594799,4027.5303,4026.935501,-6770.245667
65,2024-04-26 11:34:00,2024-04-26 11:38:00,5,93,40.849,20,11.0,441.0,441.0,5.71,"(11.0, 441.0, -47.0, 5.71, 0.0)",2024-04-26 11:34:00,2024-04-26 11:38:00,5,5,5,0,1.0,1.0,0.0,0.0,4027.5303,4027.5303,,0.594799,4027.5303,4026.935501,-6770.245667
65,2024-04-26 11:34:00,2024-04-26 11:38:00,5,93,40.849,21,11.0,447.0,447.0,5.13,"(11.0, 447.0, -28.0, 5.13, 0.0)",2024-04-26 11:34:00,2024-04-26 11:38:00,5,5,5,0,1.0,1.0,0.0,0.0,4027.5303,4027.5303,,0.594799,4027.5303,4026.935501,-6770.245667
65,2024-04-26 11:34:00,2024-04-26 11:38:00,5,93,40.849,22,11.0,481.0,481.0,5.51,"(11.0, 481.0, -57.0, 5.51, 0.0)",2024-04-26 11:34:00,2024-04-26 11:38:00,5,5,5,0,1.0,1.0,0.0,0.0,4027.5303,4027.5303,,0.594799,4027.5303,4026.935501,-6770.245667
65,2024-04-26 11:34:00,2024-04-26 11:38:00,5,93,40.849,23,8.0,438.0,438.0,4.37,"(8.0, 438.0, -49.0, 4.37, 0.0)",2024-04-26 11:34:00,2024-04-26 11:38:00,5,5,5,0,1.0,1.0,0.0,0.0,4027.5303,4027.5303,,0.594799,4027.5303,4026.935501,-6770.245667
65,2024-04-26 11:34:00,2024-04-26 11:38:00,5,93,40.849,24,8.0,458.0,458.0,4.03,"(8.0, 458.0, -43.0, 4.03, 0.0)",2024-04-26 11:34:00,2024-04-26 11:38:00,5,5,5,0,1.0,1.0,0.0,0.0,4027.5303,4027.5303,,0.594799,4027.5303,4026.935501,-6770.245667
65,2024-04-26 11:34:00,2024-04-26 11:38:00,5,93,40.849,25,8.0,470.0,470.0,4.77,"(8.0, 470.0, -72.0, 4.77, 0.0)",2024-04-26 11:34:00,2024-04-26 11:38:00,5,5,5,0,1.0,1.0,0.0,0.0,4027.5303,4027.5303,,0.594799,4027.5303,4026.935501,-6770.245667
65,2024-04-26 11:34:00,2024-04-26 11:38:00,5,93,40.849,26,8.0,457.0,457.0,4.44,"(8.0, 457.0, -36.0, 4.44, 0.0)",2024-04-26 11:34:00,2024-04-26 11:38:00,5,5,5,0,1.0,1.0,0.0,0.0,4027.5303,4027.5303,,0.594799,4027.5303,4026.935501,-6770.245667
65,2024-04-26 11:34:00,2024-04-26 11:38:00,5,93,40.849,27,8.0,509.0,509.0,5.56,"(8.0, 509.0, -45.0, 5.56, 0.0)",2024-04-26 11:34:00,2024-04-26 11:38:00,5,5,5,0,1.0,1.0,0.0,0.0,4027.5303,4027.5303,,0.594799,4027.5303,4026.935501,-6770.245667
65,2024-04-26 11:34:00,2024-04-26 11:38:00,5,93,40.849,28,8.0,381.0,381.0,4.49,"(8.0, 381.0, -29.0, 4.49, 0.0)",2024-04-26 11:34:00,2024-04-26 11:38:00,5,5,5,0,1.0,1.0,0.0,0.0,4027.5303,4027.5303,,0.594799,4027.5303,4026.935501,-6770.245667
65,2024-04-26 11:34:00,2024-04-26 11:38:00,5,93,40.849,29,8.0,309.0,309.0,4.56,"(8.0, 309.0, -71.0, 4.56, 0.0)",2024-04-26 11:34:00,2024-04-26 11:38:00,5,5,5,0,1.0,1.0,0.0,0.0,4027.5303,4027.5303,,0.594799,4027.5303,4026.935501,-6770.245667
65,2024-04-26 11:34:00,2024-04-26 11:38:00,5,93,40.849,30,8.0,263.0,263.0,2.88,"(8.0, 263.0, -68.0, 2.88, 0.0)",2024-04-26 11:34:00,2024-04-26 11:38:00,5,5,5,0,1.0,1.0,0.0,0.0,4027.5303,4027.5303,,0.594799,4027.5303,4026.935501,-6770.245667
65,2024-04-26 11:34:00,2024-04-26 11:38:00,5,93,40.849,31,8.0,225.0,225.0,4.13,"(8.0, 225.0, -69.0, 4.13, 0.0)",2024-04-26 11:34:00,2024-04-26 11:38:00,5,5,5,0,1.0,1.0,0.0,0.0,4027.5303,4027.5303,,0.594799,4027.5303,4026.935501,-6770.245667
65,2024-04-26 11:34:00,2024-04-26 11:38:00,5,93,40.849,32,8.0,516.0,516.0,4.95,"(8.0, 516.0, -32.0, 4.95, 0.0)",2024-04-26 11:34:00,2024-04-26 11:38:00,5,5,5,0,1.0,1.0,0.0,0.0,4027.5303,4027.5303,,0.594799,4027.5303,4026.935501,-6770.245667
65,2024-04-26 11:34:00,2024-04-26 11:38:00,5,93,40.849,33,8.0,270.0,270.0,4.1,"(8.0, 270.0, -74.0, 4.1, 0.0)",2024-04-26 11:34:00,2024-04-26 11:38:00,5,5,5,0,1.0,1.0,0.0,0.0,4027.5303,4027.5303,,0.594799,4027.5303,4026.935501,-6770.245667
65,2024-04-26 11:34:00,2024-04-26 11:38:00,5,93,40.849,34,8.0,516.0,516.0,4.51,"(8.0, 516.0, -45.0, 4.51, 0.0)",2024-04-26 11:34:00,2024-04-26 11:38:00,5,5,5,0,1.0,1.0,0.0,0.0,4027.5303,4027.5303,,0.594799,4027.5303,4026.935501,-6770.245667
65,2024-04-26 11:34:00,2024-04-26 11:38:00,5,93,40.849,35,8.0,486.0,486.0,4.66,"(8.0, 486.0, -22.0, 4.66, 0.0)",2024-04-26 11:34:00,2024-04-26 11:38:00,5,5,5,0,1.0,1.0,0.0,0.0,4027.5303,4027.5303,,0.594799,4027.5303,4026.935501,-6770.245667
65,2024-04-26 11:34:00,2024-04-26 11:38:00,5,93,40.849,36,11.0,558.0,558.0,5.14,"(11.0, 558.0, -4.0, 5.14, 0.0)",2024-04-26 11:34:00,2024-04-26 11:38:00,5,5,5,0,1.0,1.0,0.0,0.0,4027.5303,4027.5303,,0.594799,4027.5303,4026.935501,-6770.245667
65,2024-04-26 11:34:00,2024-04-26 11:38:00,5,93,40.849,37,11.0,381.0,381.0,5.62,"(11.0, 381.0, -62.0, 5.62, 0.0)",2024-04-26 11:34:00,2024-04-26 11:38:00,5,5,5,0,1.0,1.0,0.0,0.0,4027.5303,4027.5303,,0.594799,4027.5303,4026.935501,-6770.245667
65,2024-04-26 11:34:00,2024-04-26 11:38:00,5,93,40.849,38,11.0,469.0,469.0,5.37,"(11.0, 469.0, -53.0, 5.37, 0.0)",2024-04-26 11:34:00,2024-04-26 11:38:00,5,5,5,0,1.0,1.0,0.0,0.0,4027.5303,4027.5303,,0.594799,4027.5303,4026.935501,-6770.245667
65,2024-04-26 11:34:00,2024-04-26 11:38:00,5,93,40.849,39,11.0,25.0,25.0,3.94,"(11.0, 25.0, -74.0, 3.94, 0.0)",2024-04-26 11:34:00,2024-04-26 11:38:00,5,5,5,0,1.0,1.0,0.0,0.0,4027.5303,4027.5303,,0.594799,4027.5303,4026.935501,-6770.245667
65,2024-04-26 11:34:00,2024-04-26 11:38:00,5,93,40.849,40,8.0,524.0,524.0,5.14,"(8.0, 524.0, -31.0, 5.14, 0.0)",2024-04-26 11:34:00,2024-04-26 11:38:00,5,5,5,0,1.0,1.0,0.0,0.0,4027.5303,4027.5303,,0.594799,4027.5303,4026.935501,-6770.245667
65,2024-04-26 11:34:00,2024-04-26 11:38:00,5,93,40.849,41,8.0,529.0,529.0,5.06,"(8.0, 529.0, 21.0, 5.06, 0.0)",2024-04-26 11:34:00,2024-04-26 11:38:00,5,5,5,0,1.0,1.0,0.0,0.0,4027.5303,4027.5303,,0.594799,4027.5303,4026.935501,-6770.245667
65,2024-04-26 11:34:00,2024-04-26 11:38:00,5,93,40.849,42,8.0,389.0,389.0,4.82,"(8.0, 389.0, -64.0, 4.82, 0.0)",2024-04-26 11:34:00,2024-04-26 11:38:00,5,5,5,0,1.0,1.0,0.0,0.0,4027.5303,4027.5303,,0.594799,4027.5303,4026.935501,-6770.245667
65,2024-04-26 11:34:00,2024-04-26 11:38:00,5,93,40.849,43,8.0,365.0,365.0,4.27,"(8.0, 365.0, -58.0, 4.27, 0.0)",2024-04-26 11:34:00,2024-04-26 11:38:00,5,5,5,0,1.0,1.0,0.0,0.0,4027.5303,4027.5303,,0.594799,4027.5303,4026.935501,-6770.245667
65,2024-04-26 11:34:00,2024-04-26 11:38:00,5,93,40.849,44,8.0,364.0,364.0,4.28,"(8.0, 364.0, -65.0, 4.28, 0.0)",2024-04-26 11:34:00,2024-04-26 11:38:00,5,5,5,0,1.0,1.0,0.0,0.0,4027.5303,4027.5303,,0.594799,4027.5303,4026.935501,-6770.245667
65,2024-04-26 11:34:00,2024-04-26 11:38:00,5,93,40.849,45,8.0,247.0,247.0,4.99,"(8.0, 247.0, -78.0, 4.99, 0.0)",2024-04-26 11:34:00,2024-04-26 11:38:00,5,5,5,0,1.0,1.0,0.0,0.0,4027.5303,4027.5303,,0.594799,4027.5303,4026.935501,-6770.245667
65,2024-04-26 11:34:00,2024-04-26 11:38:00,5,93,40.849,46,8.0,344.0,344.0,4.48,"(8.0, 344.0, -51.0, 4.48, 0.0)",2024-04-26 11:34:00,2024-04-26 11:38:00,5,5,5,0,1.0,1.0,0.0,0.0,4027.5303,4027.5303,,0.594799,4027.5303,4026.935501,-6770.245667
65,2024-04-26 11:34:00,2024-04-26 11:38:00,5,93,40.849,47,8.0,334.0,334.0,4.47,"(8.0, 334.0, -72.0, 4.47, 0.0)",2024-04-26 11:34:00,2024-04-26 11:38:00,5,5,5,0,1.0,1.0,0.0,0.0,4027.5303,4027.5303,,0.594799,4027.5303,4026.935501,-6770.245667
65,2024-04-26 11:34:00,2024-04-26 11:38:00,5,93,40.849,48,8.0,503.0,503.0,4.99,"(8.0, 503.0, -29.0, 4.99, 0.0)",2024-04-26 11:34:00,2024-04-26 11:38:00,5,5,5,0,1.0,1.0,0.0,0.0,4027.5303,4027.5303,,0.594799,4027.5303,4026.935501,-6770.245667
65,2024-04-26 11:34:00,2024-04-26 11:38:00,5,93,40.849,49,8.0,425.0,425.0,4.6,"(8.0, 425.0, -1.0, 4.6, 0.0)",2024-04-26 11:34:00,2024-04-26 11:38:00,5,5,5,0,1.0,1.0,0.0,0.0,4027.5303,4027.5303,,0.594799,4027.5303,4026.935501,-6770.245667
65,2024-04-26 11:34:00,2024-04-26 11:38:00,5,93,40.849,52,11.0,562.0,562.0,5.76,"(11.0, 562.0, -38.0, 5.76, 0.0)",2024-04-26 11:34:00,2024-04-26 11:38:00,5,5,5,0,1.0,1.0,0.0,0.0,4027.5303,4027.5303,,0.594799,4027.5303,4026.935501,-6770.245667
65,2024-04-26 11:34:00,2024-04-26 11:38:00,5,93,40.849,53,11.0,521.0,521.0,5.75,"(11.0, 521.0, -53.0, 5.75, 0.0)",2024-04-26 11:34:00,2024-04-26 11:38:00,5,5,5,0,1.0,1.0,0.0,0.0,4027.5303,4027.5303,,0.594799,4027.5303,4026.935501,-6770.245667
65,2024-04-26 11:34:00,2024-04-26 11:38:00,5,93,40.849,54,11.0,478.0,478.0,5.1,"(11.0, 478.0, -73.0, 5.1, 0.0)",2024-04-26 11:34:00,2024-04-26 11:38:00,5,5,5,0,1.0,1.0,0.0,0.0,4027.5303,4027.5303,,0.594799,4027.5303,4026.935501,-6770.245667
65,2024-04-26 11:34:00,2024-04-26 11:38:00,5,93,40.849,55,11.0,371.0,371.0,4.49,"(11.0, 371.0, -84.0, 4.49, 0.0)",2024-04-26 11:34:00,2024-04-26 11:38:00,5,5,5,0,1.0,1.0,0.0,0.0,4027.5303,4027.5303,,0.594799,4027.5303,4026.935501,-6770.245667
65,2024-04-26 11:34:00,2024-04-26 11:38:00,5,93,40.849,56,8.0,439.0,439.0,4.88,"(8.0, 439.0, -67.0, 4.88, 0.0)",2024-04-26 11:34:00,2024-04-26 11:38:00,5,5,5,0,1.0,1.0,0.0,0.0,4027.5303,4027.5303,,0.594799,4027.5303,4026.935501,-6770.245667
65,2024-04-26 11:34:00,2024-04-26 11:38:00,5,93,40.849,57,8.0,415.0,415.0,4.41,"(8.0, 415.0, -58.0, 4.41, 0.0)",2024-04-26 11:34:00,2024-04-26 11:38:00,5,5,5,0,1.0,1.0,0.0,0.0,4027.5303,4027.5303,,0.594799,4027.5303,4026.935501,-6770.245667
65,2024-04-26 11:34:00,2024-04-26 11:38:00,5,93,40.849,58,8.0,312.0,312.0,4.88,"(8.0, 312.0, -94.0, 4.88, 0.0)",2024-04-26 11:34:00,2024-04-26 11:38:00,5,5,5,0,1.0,1.0,0.0,0.0,4027.5303,4027.5303,,0.594799,4027.5303,4026.935501,-6770.245667
65,2024-04-26 11:34:00,2024-04-26 11:38:00,5,93,40.849,59,8.0,332.0,332.0,4.74,"(8.0, 332.0, -63.0, 4.74, 0.0)",2024-04-26 11:34:00,2024-04-26 11:38:00,5,5,5,0,1.0,1.0,0.0,0.0,4027.5303,4027.5303,,0.594799,4027.5303,4026.935501,-6770.245667
65,2024-04-26 11:34:00,2024-04-26 11:38:00,5,93,40.849,60,8.0,366.0,366.0,4.31,"(8.0, 366.0, -65.0, 4.31, 0.0)",2024-04-26 11:34:00,2024-04-26 11:38:00,5,5,5,0,1.0,1.0,0.0,0.0,4027.5303,4027.5303,,0.594799,4027.5303,4026.935501,-6770.245667
65,2024-04-26 11:34:00,2024-04-26 11:38:00,5,93,40.849,61,8.0,401.0,401.0,5.69,"(8.0, 401.0, -58.0, 5.69, 0.0)",2024-04-26 11:34:00,2024-04-26 11:38:00,5,5,5,0,1.0,1.0,0.0,0.0,4027.5303,4027.5303,,0.594799,4027.5303,4026.935501,-6770.245667
65,2024-04-26 11:34:00,2024-04-26 11:38:00,5,93,40.849,62,8.0,342.0,342.0,3.9,"(8.0, 342.0, -49.0, 3.9, 0.0)",2024-04-26 11:34:00,2024-04-26 11:38:00,5,5,5,0,1.0,1.0,0.0,0.0,4027.5303,4027.5303,,0.594799,4027.5303,4026.935501,-6770.245667
65,2024-04-26 11:34:00,2024-04-26 11:38:00,5,93,40.849,63,8.0,508.0,508.0,4.87,"(8.0, 508.0, -61.0, 4.87, 0.0)",2024-04-26 11:34:00,2024-04-26 11:38:00,5,5,5,0,1.0,1.0,0.0,0.0,4027.5303,4027.5303,,0.594799,4027.5303,4026.935501,-6770.245667
65,2024-04-26 11:34:00,2024-04-26 11:38:00,5,93,40.849,64,8.0,454.0,454.0,4.58,"(8.0, 454.0, -75.0, 4.58, 0.0)",2024-04-26 11:34:00,2024-04-26 11:38:00,5,5,5,0,1.0,1.0,0.0,0.0,4027.5303,4027.5303,,0.594799,4027.5303,4026.935501,-6770.245667
65,2024-04-26 11:34:00,2024-04-26 11:38:00,5,93,40.849,65,8.0,429.0,429.0,4.03,"(8.0, 429.0, -61.0, 4.03, 0.0)",2024-04-26 11:34:00,2024-04-26 11:38:00,5,5,5,0,1.0,1.0,0.0,0.0,4027.5303,4027.5303,,0.594799,4027.5303,4026.935501,-6770.245667
65,2024-04-26 11:34:00,2024-04-26 11:38:00,5,93,40.849,66,11.0,433.0,433.0,5.65,"(11.0, 433.0, -59.0, 5.65, 0.0)",2024-04-26 11:34:00,2024-04-26 11:38:00,5,5,5,0,1.0,1.0,0.0,0.0,4027.5303,4027.5303,,0.594799,4027.5303,4026.935501,-6770.245667
65,2024-04-26 11:34:00,2024-04-26 11:38:00,5,93,40.849,67,11.0,563.0,563.0,5.83,"(11.0, 563.0, -39.0, 5.83, 0.0)",2024-04-26 11:34:00,2024-04-26 11:38:00,5,5,5,0,1.0,1.0,0.0,0.0,4027.5303,4027.5303,,0.594799,4027.5303,4026.935501,-6770.245667
65,2024-04-26 11:34:00,2024-04-26 11:38:00,5,93,40.849,68,11.0,560.0,560.0,5.63,"(11.0, 560.0, 3.0, 5.63, 0.0)",2024-04-26 11:34:00,2024-04-26 11:38:00,5,5,5,0,1.0,1.0,0.0,0.0,4027.5303,4027.5303,,0.594799,4027.5303,4026.935501,-6770.245667
65,2024-04-26 11:34:00,2024-04-26 11:38:00,5,93,40.849,69,11.0,361.0,361.0,5.45,"(11.0, 361.0, -69.0, 5.45, 0.0)",2024-04-26 11:34:00,2024-04-26 11:38:00,5,5,5,0,1.0,1.0,0.0,0.0,4027.5303,4027.5303,,0.594799,4027.5303,4026.935501,-6770.245667
65,2024-04-26 11:34:00,2024-04-26 11:38:00,5,93,40.849,70,11.0,363.0,363.0,5.54,"(11.0, 363.0, -63.0, 5.54, 0.0)",2024-04-26 11:34:00,2024-04-26 11:38:00,5,5,5,0,1.0,1.0,0.0,0.0,4027.5303,4027.5303,,0.594799,4027.5303,4026.935501,-6770.245667
65,2024-04-26 11:34:00,2024-04-26 11:38:00,5,93,40.849,71,8.0,612.0,612.0,5.4,"(8.0, 612.0, -29.0, 5.4, 0.0)",2024-04-26 11:34:00,2024-04-26 11:38:00,5,5,5,0,1.0,1.0,0.0,0.0,4027.5303,4027.5303,,0.594799,4027.5303,4026.935501,-6770.245667
65,2024-04-26 11:34:00,2024-04-26 11:38:00,5,93,40.849,72,8.0,575.0,575.0,5.53,"(8.0, 575.0, -43.0, 5.53, 0.0)",2024-04-26 11:34:00,2024-04-26 11:38:00,5,5,5,0,1.0,1.0,0.0,0.0,4027.5303,4027.5303,,0.594799,4027.5303,4026.935501,-6770.245667
65,2024-04-26 11:34:00,2024-04-26 11:38:00,5,93,40.849,73,8.0,437.0,437.0,4.55,"(8.0, 437.0, -58.0, 4.55, 0.0)",2024-04-26 11:34:00,2024-04-26 11:38:00,5,5,5,0,1.0,1.0,0.0,0.0,4027.5303,4027.5303,,0.594799,4027.5303,4026.935501,-6770.245667
65,2024-04-26 11:34:00,2024-04-26 11:38:00,5,93,40.849,74,8.0,506.0,506.0,4.88,"(8.0, 506.0, -50.0, 4.88, 0.0)",2024-04-26 11:34:00,2024-04-26 11:38:00,5,5,5,0,1.0,1.0,0.0,0.0,4027.5303,4027.5303,,0.594799,4027.5303,4026.935501,-6770.245667
65,2024-04-26 11:34:00,2024-04-26 11:38:00,5,93,40.849,76,8.0,427.0,427.0,4.51,"(8.0, 427.0, -55.0, 4.51, 0.0)",2024-04-26 11:34:00,2024-04-26 11:38:00,5,5,5,0,1.0,1.0,0.0,0.0,4027.5303,4027.5303,,0.594799,4027.5303,4026.935501,-6770.245667
65,2024-04-26 11:34:00,2024-04-26 11:38:00,5,93,40.849,77,8.0,500.0,500.0,4.9,"(8.0, 500.0, -46.0, 4.9, 0.0)",2024-04-26 11:34:00,2024-04-26 11:38:00,5,5,5,0,1.0,1.0,0.0,0.0,4027.5303,4027.5303,,0.594799,4027.5303,4026.935501,-6770.245667
65,2024-04-26 11:34:00,2024-04-26 11:38:00,5,93,40.849,78,8.0,568.0,568.0,4.85,"(8.0, 568.0, -61.0, 4.85, 0.0)",2024-04-26 11:34:00,2024-04-26 11:38:00,5,5,5,0,1.0,1.0,0.0,0.0,4027.5303,4027.5303,,0.594799,4027.5303,4026.935501,-6770.245667
65,2024-04-26 11:34:00,2024-04-26 11:38:00,5,93,40.849,79,11.0,281.0,281.0,5.39,"(11.0, 281.0, -73.0, 5.39, 0.0)",2024-04-26 11:34:00,2024-04-26 11:38:00,5,5,5,0,1.0,1.0,0.0,0.0,4027.5303,4027.5303,,0.594799,4027.5303,4026.935501,-6770.245667
65,2024-04-26 11:34:00,2024-04-26 11:38:00,5,93,40.849,81,8.0,476.0,476.0,4.62,"(8.0, 476.0, -85.0, 4.62, 0.0)",2024-04-26 11:34:00,2024-04-26 11:38:00,5,5,5,0,1.0,1.0,0.0,0.0,4027.5303,4027.5303,,0.594799,4027.5303,4026.935501,-6770.245667
65,2024-04-26 11:34:00,2024-04-26 11:38:00,5,93,40.849,82,11.0,360.0,360.0,4.89,"(11.0, 360.0, -61.0, 4.89, 0.0)",2024-04-26 11:34:00,2024-04-26 11:38:00,5,5,5,0,1.0,1.0,0.0,0.0,4027.5303,4027.5303,,0.594799,4027.5303,4026.935501,-6770.245667
65,2024-04-26 11:34:00,2024-04-26 11:38:00,5,93,40.849,83,11.0,324.0,324.0,5.44,"(11.0, 324.0, -65.0, 5.44, 0.0)",2024-04-26 11:34:00,2024-04-26 11:38:00,5,5,5,0,1.0,1.0,0.0,0.0,4027.5303,4027.5303,,0.594799,4027.5303,4026.935501,-6770.245667
65,2024-04-26 11:34:00,2024-04-26 11:38:00,5,93,40.849,84,11.0,439.0,439.0,5.15,"(11.0, 439.0, -64.0, 5.15, 0.0)",2024-04-26 11:34:00,2024-04-26 11:38:00,5,5,5,0,1.0,1.0,0.0,0.0,4027.5303,4027.5303,,0.594799,4027.5303,4026.935501,-6770.245667
65,2024-04-26 11:34:00,2024-04-26 11:38:00,5,93,40.849,85,11.0,309.0,309.0,4.96,"(11.0, 309.0, -71.0, 4.96, 0.0)",2024-04-26 11:34:00,2024-04-26 11:38:00,5,5,5,0,1.0,1.0,0.0,0.0,4027.5303,4027.5303,,0.594799,4027.5303,4026.935501,-6770.245667
65,2024-04-26 11:34:00,2024-04-26 11:38:00,5,93,40.849,86,11.0,569.0,569.0,5.22,"(11.0, 569.0, -55.0, 5.22, 0.0)",2024-04-26 11:34:00,2024-04-26 11:38:00,5,5,5,0,1.0,1.0,0.0,0.0,4027.5303,4027.5303,,0.594799,4027.5303,4026.935501,-6770.245667
65,2024-04-26 11:34:00,2024-04-26 11:38:00,5,93,40.849,87,11.0,360.0,360.0,5.76,"(11.0, 360.0, -59.0, 5.76, 0.0)",2024-04-26 11:34:00,2024-04-26 11:38:00,5,5,5,0,1.0,1.0,0.0,0.0,4027.5303,4027.5303,,0.594799,4027.5303,4026.935501,-6770.245667
65,2024-04-26 11:34:00,2024-04-26 11:38:00,5,93,40.849,88,11.0,598.0,598.0,5.21,"(11.0, 598.0, -36.0, 5.21, 0.0)",2024-04-26 11:34:00,2024-04-26 11:38:00,5,5,5,0,1.0,1.0,0.0,0.0,4027.5303,4027.5303,,0.594799,4027.5303,4026.935501,-6770.245667
65,2024-04-26 11:34:00,2024-04-26 11:38:00,5,93,40.849,89,11.0,362.0,362.0,5.44,"(11.0, 362.0, -63.0, 5.44, 0.0)",2024-04-26 11:34:00,2024-04-26 11:38:00,5,5,5,0,1.0,1.0,0.0,0.0,4027.5303,4027.5303,,0.594799,4027.5303,4026.935501,-6770.245667
65,2024-04-26 11:34:00,2024-04-26 11:38:00,5,93,40.849,90,11.0,602.0,602.0,5.8,"(11.0, 602.0, -61.0, 5.8, 0.0)",2024-04-26 11:34:00,2024-04-26 11:38:00,5,5,5,0,1.0,1.0,0.0,0.0,4027.5303,4027.5303,,0.594799,4027.5303,4026.935501,-6770.245667
65,2024-04-26 11:34:00,2024-04-26 11:38:00,5,93,40.849,92,11.0,599.0,599.0,5.42,"(11.0, 599.0, -57.0, 5.42, 0.0)",2024-04-26 11:34:00,2024-04-26 11:38:00,5,5,5,0,1.0,1.0,0.0,0.0,4027.5303,4027.5303,,0.594799,4027.5303,4026.935501,-6770.245667
65,2024-04-26 11:34:00,2024-04-26 11:38:00,5,93,40.849,93,11.0,496.0,496.0,6.12,"(11.0, 496.0, -52.0, 6.12, 0.0)",2024-04-26 11:34:00,2024-04-26 11:38:00,5,5,5,0,1.0,1.0,0.0,0.0,4027.5303,4027.5303,,0.594799,4027.5303,4026.935501,-6770.245667
65,2024-04-26 11:34:00,2024-04-26 11:38:00,5,93,40.849,94,11.0,660.0,660.0,5.75,"(11.0, 660.0, -1.0, 5.75, 0.0)",2024-04-26 11:34:00,2024-04-26 11:38:00,5,5,5,0,1.0,1.0,0.0,0.0,4027.5303,4027.5303,,0.594799,4027.5303,4026.935501,-6770.245667
65,2024-04-26 11:34:00,2024-04-26 11:38:00,5,93,40.849,95,11.0,252.0,252.0,4.0,"(11.0, 252.0, -72.0, 4.0, 0.0)",2024-04-26 11:34:00,2024-04-26 11:38:00,5,5,5,0,1.0,1.0,0.0,0.0,4027.5303,4027.5303,,0.594799,4027.5303,4026.935501,-6770.245667
65,2024-04-26 11:34:00,2024-04-26 11:38:00,5,93,40.849,97,11.0,520.0,520.0,5.3,"(11.0, 520.0, -52.0, 5.3, 0.0)",2024-04-26 11:34:00,2024-04-26 11:38:00,5,5,5,0,1.0,1.0,0.0,0.0,4027.5303,4027.5303,,0.594799,4027.5303,4026.935501,-6770.245667
65,2024-04-26 11:34:00,2024-04-26 11:38:00,5,93,40.849,98,8.0,548.0,548.0,4.81,"(8.0, 548.0, -49.0, 4.81, 0.0)",2024-04-26 11:34:00,2024-04-26 11:38:00,5,5,5,0,1.0,1.0,0.0,0.0,4027.5303,4027.5303,,0.594799,4027.5303,4026.935501,-6770.245667
65,2024-04-26 11:34:00,2024-04-26 11:38:00,5,93,40.849,100,11.0,602.0,602.0,5.73,"(11.0, 602.0, -21.0, 5.73, 0.0)",2024-04-26 11:34:00,2024-04-26 11:38:00,5,5,5,0,1.0,1.0,0.0,0.0,4027.5303,4027.5303,,0.594799,4027.5303,4026.935501,-6770.245667
67,2024-05-06 16:46:00,2024-05-06 16:50:00,5,92,112.473,1,8.0,3699.0,3699.0,9.82,"(8.0, 3699.0, 38.0, 9.82, 0.0)",2024-05-06 16:46:00,2024-05-06 16:50:00,4,4,4,0,0.8,0.8,0.0,0.0,8886.67968,8886.67968,,0.521012,8886.67968,8886.158668,-17055.588963
67,2024-05-06 16:46:00,2024-05-06 16:50:00,5,92,112.473,2,8.0,3836.0,3836.0,10.53,"(8.0, 3836.0, -20.0, 10.53, 0.0)",2024-05-06 16:46:00,2024-05-06 16:50:00,4,4,4,0,0.8,0.8,0.0,0.0,8886.67968,8886.67968,,0.521012,8886.67968,8886.158668,-17055.588963
67,2024-05-06 16:46:00,2024-05-06 16:50:00,5,92,112.473,3,8.0,3679.0,3679.0,10.2,"(8.0, 3679.0, -8.0, 10.2, 0.0)",2024-05-06 16:46:00,2024-05-06 16:50:00,4,4,4,0,0.8,0.8,0.0,0.0,8886.67968,8886.67968,,0.521012,8886.67968,8886.158668,-17055.588963
67,2024-05-06 16:46:00,2024-05-06 16:50:00,5,92,112.473,4,11.0,1596.0,1596.0,6.93,"(11.0, 1596.0, -11.0, 6.93, 0.0)",2024-05-06 16:46:00,2024-05-06 16:50:00,4,4,4,0,0.8,0.8,0.0,0.0,8886.67968,8886.67968,,0.521012,8886.67968,8886.158668,-17055.588963
67,2024-05-06 16:46:00,2024-05-06 16:50:00,5,92,112.473,5,8.0,2869.0,2869.0,9.39,"(8.0, 2869.0, -28.0, 9.39, 0.0)",2024-05-06 16:46:00,2024-05-06 16:50:00,4,4,4,0,0.8,0.8,0.0,0.0,8886.67968,8886.67968,,0.521012,8886.67968,8886.158668,-17055.588963
67,2024-05-06 16:46:00,2024-05-06 16:50:00,5,92,112.473,6,8.0,2643.0,2643.0,8.98,"(8.0, 2643.0, -5.0, 8.98, 0.0)",2024-05-06 16:46:00,2024-05-06 16:50:00,4,4,4,0,0.8,0.8,0.0,0.0,8886.67968,8886.67968,,0.521012,8886.67968,8886.158668,-17055.588963
67,2024-05-06 16:46:00,2024-05-06 16:50:00,5,92,112.473,7,8.0,2414.0,2414.0,8.18,"(8.0, 2414.0, -23.0, 8.18, 0.0)",2024-05-06 16:46:00,2024-05-06 16:50:00,4,4,4,0,0.8,0.8,0.0,0.0,8886.67968,8886.67968,,0.521012,8886.67968,8886.158668,-17055.588963
67,2024-05-06 16:46:00,2024-05-06 16:50:00,5,92,112.473,8,8.0,2081.0,2081.0,7.23,"(8.0, 2081.0, 4.0, 7.23, 0.0)",2024-05-06 16:46:00,2024-05-06 16:50:00,4,4,4,0,0.8,0.8,0.0,0.0,8886.67968,8886.67968,,0.521012,8886.67968,8886.158668,-17055.588963
67,2024-05-06 16:46:00,2024-05-06 16:50:00,5,92,112.473,9,8.0,2303.0,2303.0,8.3,"(8.0, 2303.0, -23.0, 8.3, 0.0)",2024-05-06 16:46:00,2024-05-06 16:50:00,4,4,4,0,0.8,0.8,0.0,0.0,8886.67968,8886.67968,,0.521012,8886.67968,8886.158668,-17055.588963
67,2024-05-06 16:46:00,2024-05-06 16:50:00,5,92,112.473,10,8.0,1564.0,1564.0,7.39,"(8.0, 1564.0, 1.0, 7.39, 0.0)",2024-05-06 16:46:00,2024-05-06 16:50:00,4,4,4,0,0.8,0.8,0.0,0.0,8886.67968,8886.67968,,0.521012,8886.67968,8886.158668,-17055.588963
67,2024-05-06 16:46:00,2024-05-06 16:50:00,5,92,112.473,11,8.0,1713.0,1713.0,7.75,"(8.0, 1713.0, -8.0, 7.75, 0.0)",2024-05-06 16:46:00,2024-05-06 16:50:00,4,4,4,0,0.8,0.8,0.0,0.0,8886.67968,8886.67968,,0.521012,8886.67968,8886.158668,-17055.588963
67,2024-05-06 16:46:00,2024-05-06 16:50:00,5,92,112.473,12,8.0,2661.0,2661.0,8.93,"(8.0, 2661.0, -16.0, 8.93, 0.0)",2024-05-06 16:46:00,2024-05-06 16:50:00,4,4,4,0,0.8,0.8,0.0,0.0,8886.67968,8886.67968,,0.521012,8886.67968,8886.158668,-17055.588963
67,2024-05-06 16:46:00,2024-05-06 16:50:00,5,92,112.473,13,11.0,1594.0,1594.0,7.7,"(11.0, 1594.0, 12.0, 7.7, 0.0)",2024-05-06 16:46:00,2024-05-06 16:50:00,4,4,4,0,0.8,0.8,0.0,0.0,8886.67968,8886.67968,,0.521012,8886.67968,8886.158668,-17055.588963
67,2024-05-06 16:46:00,2024-05-06 16:50:00,5,92,112.473,14,11.0,1601.0,1601.0,7.58,"(11.0, 1601.0, -50.0, 7.58, 0.0)",2024-05-06 16:46:00,2024-05-06 16:50:00,4,4,4,0,0.8,0.8,0.0,0.0,8886.67968,8886.67968,,0.521012,8886.67968,8886.158668,-17055.588963
67,2024-05-06 16:46:00,2024-05-06 16:50:00,5,92,112.473,15,8.0,2195.0,2195.0,7.93,"(8.0, 2195.0, 11.0, 7.93, 0.0)",2024-05-06 16:46:00,2024-05-06 16:50:00,4,4,4,0,0.8,0.8,0.0,0.0,8886.67968,8886.67968,,0.521012,8886.67968,8886.158668,-17055.588963
67,2024-05-06 16:46:00,2024-05-06 16:50:00,5,92,112.473,16,11.0,1591.0,1591.0,8.49,"(11.0, 1591.0, 37.0, 8.49, 0.0)",2024-05-06 16:46:00,2024-05-06 16:50:00,4,4,4,0,0.8,0.8,0.0,0.0,8886.67968,8886.67968,,0.521012,8886.67968,8886.158668,-17055.588963
67,2024-05-06 16:46:00,2024-05-06 16:50:00,5,92,112.473,17,11.0,1603.0,1603.0,7.39,"(11.0, 1603.0, 37.0, 7.39, 0.0)",2024-05-06 16:46:00,2024-05-06 16:50:00,4,4,4,0,0.8,0.8,0.0,0.0,8886.67968,8886.67968,,0.521012,8886.67968,8886.158668,-17055.588963
67,2024-05-06 16:46:00,2024-05-06 16:50:00,5,92,112.473,18,8.0,1663.0,1663.0,7.7,"(8.0, 1663.0, -28.0, 7.7, 0.0)",2024-05-06 16:46:00,2024-05-06 16:50:00,4,4,4,0,0.8,0.8,0.0,0.0,8886.67968,8886.67968,,0.521012,8886.67968,8886.158668,-17055.588963
67,2024-05-06 16:46:00,2024-05-06 16:50:00,5,92,112.473,19,8.0,3855.0,3855.0,9.92,"(8.0, 3855.0, -95.0, 9.92, 0.0)",2024-05-06 16:46:00,2024-05-06 16:50:00,4,4,4,0,0.8,0.8,0.0,0.0,8886.67968,8886.67968,,0.521012,8886.67968,8886.158668,-17055.588963
67,2024-05-06 16:46:00,2024-05-06 16:50:00,5,92,112.473,20,8.0,1663.0,1663.0,7.14,"(8.0, 1663.0, 6.0, 7.14, 0.0)",2024-05-06 16:46:00,2024-05-06 16:50:00,4,4,4,0,0.8,0.8,0.0,0.0,8886.67968,8886.67968,,0.521012,8886.67968,8886.158668,-17055.588963
67,2024-05-06 16:46:00,2024-05-06 16:50:00,5,92,112.473,21,8.0,2175.0,2175.0,9.29,"(8.0, 2175.0, -58.0, 9.29, 0.0)",2024-05-06 16:46:00,2024-05-06 16:50:00,4,4,4,0,0.8,0.8,0.0,0.0,8886.67968,8886.67968,,0.521012,8886.67968,8886.158668,-17055.588963
67,2024-05-06 16:46:00,2024-05-06 16:50:00,5,92,112.473,22,8.0,1948.0,1948.0,7.15,"(8.0, 1948.0, -29.0, 7.15, 0.0)",2024-05-06 16:46:00,2024-05-06 16:50:00,4,4,4,0,0.8,0.8,0.0,0.0,8886.67968,8886.67968,,0.521012,8886.67968,8886.158668,-17055.588963
67,2024-05-06 16:46:00,2024-05-06 16:50:00,5,92,112.473,23,8.0,1921.0,1921.0,7.29,"(8.0, 1921.0, 17.0, 7.29, 0.0)",2024-05-06 16:46:00,2024-05-06 16:50:00,4,4,4,0,0.8,0.8,0.0,0.0,8886.67968,8886.67968,,0.521012,8886.67968,8886.158668,-17055.588963
67,2024-05-06 16:46:00,2024-05-06 16:50:00,5,92,112.473,24,8.0,2142.0,2142.0,7.49,"(8.0, 2142.0, -14.0, 7.49, 0.0)",2024-05-06 16:46:00,2024-05-06 16:50:00,4,4,4,0,0.8,0.8,0.0,0.0,8886.67968,8886.67968,,0.521012,8886.67968,8886.158668,-17055.588963
67,2024-05-06 16:46:00,2024-05-06 16:50:00,5,92,112.473,25,8.0,2077.0,2077.0,8.22,"(8.0, 2077.0, -53.0, 8.22, 0.0)",2024-05-06 16:46:00,2024-05-06 16:50:00,4,4,4,0,0.8,0.8,0.0,0.0,8886.67968,8886.67968,,0.521012,8886.67968,8886.158668,-17055.588963
67,2024-05-06 16:46:00,2024-05-06 16:50:00,5,92,112.473,26,11.0,1586.0,1586.0,6.16,"(11.0, 1586.0, 11.0, 6.16, 0.0)",2024-05-06 16:46:00,2024-05-06 16:50:00,4,4,4,0,0.8,0.8,0.0,0.0,8886.67968,8886.67968,,0.521012,8886.67968,8886.158668,-17055.588963
67,2024-05-06 16:46:00,2024-05-06 16:50:00,5,92,112.473,27,8.0,2304.0,2304.0,8.29,"(8.0, 2304.0, -52.0, 8.29, 0.0)",2024-05-06 16:46:00,2024-05-06 16:50:00,4,4,4,0,0.8,0.8,0.0,0.0,8886.67968,8886.67968,,0.521012,8886.67968,8886.158668,-17055.588963
67,2024-05-06 16:46:00,2024-05-06 16:50:00,5,92,112.473,28,8.0,1558.0,1558.0,7.1,"(8.0, 1558.0, 5.0, 7.1, 0.0)",2024-05-06 16:46:00,2024-05-06 16:50:00,4,4,4,0,0.8,0.8,0.0,0.0,8886.67968,8886.67968,,0.521012,8886.67968,8886.158668,-17055.588963
67,2024-05-06 16:46:00,2024-05-06 16:50:00,5,92,112.473,29,8.0,1008.0,1008.0,6.2,"(8.0, 1008.0, 15.0, 6.2, 0.0)",2024-05-06 16:46:00,2024-05-06 16:50:00,4,4,4,0,0.8,0.8,0.0,0.0,8886.67968,8886.67968,,0.521012,8886.67968,8886.158668,-17055.588963
67,2024-05-06 16:46:00,2024-05-06 16:50:00,5,92,112.473,30,11.0,1321.0,1321.0,7.84,"(11.0, 1321.0, 4.0, 7.84, 0.0)",2024-05-06 16:46:00,2024-05-06 16:50:00,4,4,4,0,0.8,0.8,0.0,0.0,8886.67968,8886.67968,,0.521012,8886.67968,8886.158668,-17055.588963
67,2024-05-06 16:46:00,2024-05-06 16:50:00,5,92,112.473,31,11.0,1552.0,1552.0,7.3,"(11.0, 1552.0, 12.0, 7.3, 0.0)",2024-05-06 16:46:00,2024-05-06 16:50:00,4,4,4,0,0.8,0.8,0.0,0.0,8886.67968,8886.67968,,0.521012,8886.67968,8886.158668,-17055.588963
67,2024-05-06 16:46:00,2024-05-06 16:50:00,5,92,112.473,32,8.0,1081.0,1081.0,6.33,"(8.0, 1081.0, 25.0, 6.33, 0.0)",2024-05-06 16:46:00,2024-05-06 16:50:00,4,4,4,0,0.8,0.8,0.0,0.0,8886.67968,8886.67968,,0.521012,8886.67968,8886.158668,-17055.588963
67,2024-05-06 16:46:00,2024-05-06 16:50:00,5,92,112.473,33,11.0,1418.0,1418.0,6.94,"(11.0, 1418.0, 9.0, 6.94, 0.0)",2024-05-06 16:46:00,2024-05-06 16:50:00,4,4,4,0,0.8,0.8,0.0,0.0,8886.67968,8886.67968,,0.521012,8886.67968,8886.158668,-17055.588963
67,2024-05-06 16:46:00,2024-05-06 16:50:00,5,92,112.473,34,8.0,1543.0,1543.0,8.22,"(8.0, 1543.0, -7.0, 8.22, 0.0)",2024-05-06 16:46:00,2024-05-06 16:50:00,4,4,4,0,0.8,0.8,0.0,0.0,8886.67968,8886.67968,,0.521012,8886.67968,8886.158668,-17055.588963
67,2024-05-06 16:46:00,2024-05-06 16:50:00,5,92,112.473,35,11.0,1577.0,1577.0,6.53,"(11.0, 1577.0, 5.0, 6.53, 0.0)",2024-05-06 16:46:00,2024-05-06 16:50:00,4,4,4,0,0.8,0.8,0.0,0.0,8886.67968,8886.67968,,0.521012,8886.67968,8886.158668,-17055.588963
67,2024-05-06 16:46:00,2024-05-06 16:50:00,5,92,112.473,36,8.0,2298.0,2298.0,8.52,"(8.0, 2298.0, -18.0, 8.52, 0.0)",2024-05-06 16:46:00,2024-05-06 16:50:00,4,4,4,0,0.8,0.8,0.0,0.0,8886.67968,8886.67968,,0.521012,8886.67968,8886.158668,-17055.588963
67,2024-05-06 16:46:00,2024-05-06 16:50:00,5,92,112.473,37,11.0,988.0,988.0,6.42,"(11.0, 988.0, 39.0, 6.42, 0.0)",2024-05-06 16:46:00,2024-05-06 16:50:00,4,4,4,0,0.8,0.8,0.0,0.0,8886.67968,8886.67968,,0.521012,8886.67968,8886.158668,-17055.588963
67,2024-05-06 16:46:00,2024-05-06 16:50:00,5,92,112.473,38,8.0,1194.0,1194.0,7.35,"(8.0, 1194.0, -98.0, 7.35, 0.0)",2024-05-06 16:46:00,2024-05-06 16:50:00,4,4,4,0,0.8,0.8,0.0,0.0,8886.67968,8886.67968,,0.521012,8886.67968,8886.158668,-17055.588963
67,2024-05-06 16:46:00,2024-05-06 16:50:00,5,92,112.473,39,11.0,1198.0,1198.0,6.52,"(11.0, 1198.0, 22.0, 6.52, 0.0)",2024-05-06 16:46:00,2024-05-06 16:50:00,4,4,4,0,0.8,0.8,0.0,0.0,8886.67968,8886.67968,,0.521012,8886.67968,8886.158668,-17055.588963
67,2024-05-06 16:46:00,2024-05-06 16:50:00,5,92,112.473,40,8.0,957.0,957.0,5.58,"(8.0, 957.0, 37.0, 5.58, 0.0)",2024-05-06 16:46:00,2024-05-06 16:50:00,4,4,4,0,0.8,0.8,0.0,0.0,8886.67968,8886.67968,,0.521012,8886.67968,8886.158668,-17055.588963
67,2024-05-06 16:46:00,2024-05-06 16:50:00,5,92,112.473,41,8.0,1015.0,1015.0,6.79,"(8.0, 1015.0, 51.0, 6.79, 0.0)",2024-05-06 16:46:00,2024-05-06 16:50:00,4,4,4,0,0.8,0.8,0.0,0.0,8886.67968,8886.67968,,0.521012,8886.67968,8886.158668,-17055.588963
67,2024-05-06 16:46:00,2024-05-06 16:50:00,5,92,112.473,42,11.0,1216.0,1216.0,7.34,"(11.0, 1216.0, 16.0, 7.34, 0.0)",2024-05-06 16:46:00,2024-05-06 16:50:00,4,4,4,0,0.8,0.8,0.0,0.0,8886.67968,8886.67968,,0.521012,8886.67968,8886.158668,-17055.588963
67,2024-05-06 16:46:00,2024-05-06 16:50:00,5,92,112.473,43,8.0,1462.0,1462.0,6.87,"(8.0, 1462.0, 48.0, 6.87, 0.0)",2024-05-06 16:46:00,2024-05-06 16:50:00,4,4,4,0,0.8,0.8,0.0,0.0,8886.67968,8886.67968,,0.521012,8886.67968,8886.158668,-17055.588963
67,2024-05-06 16:46:00,2024-05-06 16:50:00,5,92,112.473,44,8.0,1283.0,1283.0,7.56,"(8.0, 1283.0, 41.0, 7.56, 0.0)",2024-05-06 16:46:00,2024-05-06 16:50:00,4,4,4,0,0.8,0.8,0.0,0.0,8886.67968,8886.67968,,0.521012,8886.67968,8886.158668,-17055.588963
67,2024-05-06 16:46:00,2024-05-06 16:50:00,5,92,112.473,45,11.0,1191.0,1191.0,7.33,"(11.0, 1191.0, 23.0, 7.33, 0.0)",2024-05-06 16:46:00,2024-05-06 16:50:00,4,4,4,0,0.8,0.8,0.0,0.0,8886.67968,8886.67968,,0.521012,8886.67968,8886.158668,-17055.588963
67,2024-05-06 16:46:00,2024-05-06 16:50:00,5,92,112.473,46,8.0,1350.0,1350.0,7.66,"(8.0, 1350.0, 69.0, 7.66, 0.0)",2024-05-06 16:46:00,2024-05-06 16:50:00,4,4,4,0,0.8,0.8,0.0,0.0,8886.67968,8886.67968,,0.521012,8886.67968,8886.158668,-17055.588963
67,2024-05-06 16:46:00,2024-05-06 16:50:00,5,92,112.473,47,8.0,728.0,728.0,5.65,"(8.0, 728.0, 52.0, 5.65, 0.0)",2024-05-06 16:46:00,2024-05-06 16:50:00,4,4,4,0,0.8,0.8,0.0,0.0,8886.67968,8886.67968,,0.521012,8886.67968,8886.158668,-17055.588963
67,2024-05-06 16:46:00,2024-05-06 16:50:00,5,92,112.473,48,11.0,707.0,707.0,5.34,"(11.0, 707.0, 62.0, 5.34, 0.0)",2024-05-06 16:46:00,2024-05-06 16:50:00,4,4,4,0,0.8,0.8,0.0,0.0,8886.67968,8886.67968,,0.521012,8886.67968,8886.158668,-17055.588963
67,2024-05-06 16:46:00,2024-05-06 16:50:00,5,92,112.473,49,11.0,1224.0,1224.0,6.63,"(11.0, 1224.0, 50.0, 6.63, 0.0)",2024-05-06 16:46:00,2024-05-06 16:50:00,4,4,4,0,0.8,0.8,0.0,0.0,8886.67968,8886.67968,,0.521012,8886.67968,8886.158668,-17055.588963
67,2024-05-06 16:46:00,2024-05-06 16:50:00,5,92,112.473,51,8.0,1156.0,1156.0,6.92,"(8.0, 1156.0, -26.0, 6.92, 0.0)",2024-05-06 16:46:00,2024-05-06 16:50:00,4,4,4,0,0.8,0.8,0.0,0.0,8886.67968,8886.67968,,0.521012,8886.67968,8886.158668,-17055.588963
67,2024-05-06 16:46:00,2024-05-06 16:50:00,5,92,112.473,52,11.0,767.0,767.0,5.99,"(11.0, 767.0, 11.0, 5.99, 0.0)",2024-05-06 16:46:00,2024-05-06 16:50:00,4,4,4,0,0.8,0.8,0.0,0.0,8886.67968,8886.67968,,0.521012,8886.67968,8886.158668,-17055.588963
67,2024-05-06 16:46:00,2024-05-06 16:50:00,5,92,112.473,53,11.0,927.0,927.0,5.4,"(11.0, 927.0, -37.0, 5.4, 0.0)",2024-05-06 16:46:00,2024-05-06 16:50:00,4,4,4,0,0.8,0.8,0.0,0.0,8886.67968,8886.67968,,0.521012,8886.67968,8886.158668,-17055.588963
67,2024-05-06 16:46:00,2024-05-06 16:50:00,5,92,112.473,54,8.0,807.0,807.0,6.13,"(8.0, 807.0, -51.0, 6.13, 0.0)",2024-05-06 16:46:00,2024-05-06 16:50:00,4,4,4,0,0.8,0.8,0.0,0.0,8886.67968,8886.67968,,0.521012,8886.67968,8886.158668,-17055.588963
67,2024-05-06 16:46:00,2024-05-06 16:50:00,5,92,112.473,55,11.0,1309.0,1309.0,7.18,"(11.0, 1309.0, -47.0, 7.18, 0.0)",2024-05-06 16:46:00,2024-05-06 16:50:00,4,4,4,0,0.8,0.8,0.0,0.0,8886.67968,8886.67968,,0.521012,8886.67968,8886.158668,-17055.588963
67,2024-05-06 16:46:00,2024-05-06 16:50:00,5,92,112.473,56,8.0,630.0,630.0,5.73,"(8.0, 630.0, 24.0, 5.73, 0.0)",2024-05-06 16:46:00,2024-05-06 16:50:00,4,4,4,0,0.8,0.8,0.0,0.0,8886.67968,8886.67968,,0.521012,8886.67968,8886.158668,-17055.588963
67,2024-05-06 16:46:00,2024-05-06 16:50:00,5,92,112.473,57,11.0,556.0,556.0,4.78,"(11.0, 556.0, -46.0, 4.78, 0.0)",2024-05-06 16:46:00,2024-05-06 16:50:00,4,4,4,0,0.8,0.8,0.0,0.0,8886.67968,8886.67968,,0.521012,8886.67968,8886.158668,-17055.588963
67,2024-05-06 16:46:00,2024-05-06 16:50:00,5,92,112.473,58,11.0,599.0,599.0,5.05,"(11.0, 599.0, -63.0, 5.05, 0.0)",2024-05-06 16:46:00,2024-05-06 16:50:00,4,4,4,0,0.8,0.8,0.0,0.0,8886.67968,8886.67968,,0.521012,8886.67968,8886.158668,-17055.588963
67,2024-05-06 16:46:00,2024-05-06 16:50:00,5,92,112.473,59,11.0,763.0,763.0,5.92,"(11.0, 763.0, 30.0, 5.92, 0.0)",2024-05-06 16:46:00,2024-05-06 16:50:00,4,4,4,0,0.8,0.8,0.0,0.0,8886.67968,8886.67968,,0.521012,8886.67968,8886.158668,-17055.588963
67,2024-05-06 16:46:00,2024-05-06 16:50:00,5,92,112.473,60,11.0,207.0,207.0,3.8,"(11.0, 207.0, -78.0, 3.8, 0.0)",2024-05-06 16:46:00,2024-05-06 16:50:00,4,4,4,0,0.8,0.8,0.0,0.0,8886.67968,8886.67968,,0.521012,8886.67968,8886.158668,-17055.588963
67,2024-05-06 16:46:00,2024-05-06 16:50:00,5,92,112.473,61,11.0,509.0,509.0,5.82,"(11.0, 509.0, -40.0, 5.82, 0.0)",2024-05-06 16:46:00,2024-05-06 16:50:00,4,4,4,0,0.8,0.8,0.0,0.0,8886.67968,8886.67968,,0.521012,8886.67968,8886.158668,-17055.588963
67,2024-05-06 16:46:00,2024-05-06 16:50:00,5,92,112.473,62,11.0,467.0,467.0,5.08,"(11.0, 467.0, 47.0, 5.08, 0.0)",2024-05-06 16:46:00,2024-05-06 16:50:00,4,4,4,0,0.8,0.8,0.0,0.0,8886.67968,8886.67968,,0.521012,8886.67968,8886.158668,-17055.588963
67,2024-05-06 16:46:00,2024-05-06 16:50:00,5,92,112.473,63,11.0,388.0,388.0,4.43,"(11.0, 388.0, -79.0, 4.43, 0.0)",2024-05-06 16:46:00,2024-05-06 16:50:00,4,4,4,0,0.8,0.8,0.0,0.0,8886.67968,8886.67968,,0.521012,8886.67968,8886.158668,-17055.588963
67,2024-05-06 16:46:00,2024-05-06 16:50:00,5,92,112.473,64,8.0,578.0,578.0,5.58,"(8.0, 578.0, -8.0, 5.58, 0.0)",2024-05-06 16:46:00,2024-05-06 16:50:00,4,4,4,0,0.8,0.8,0.0,0.0,8886.67968,8886.67968,,0.521012,8886.67968,8886.158668,-17055.588963
67,2024-05-06 16:46:00,2024-05-06 16:50:00,5,92,112.473,65,8.0,593.0,593.0,5.92,"(8.0, 593.0, 29.0, 5.92, 0.0)",2024-05-06 16:46:00,2024-05-06 16:50:00,4,4,4,0,0.8,0.8,0.0,0.0,8886.67968,8886.67968,,0.521012,8886.67968,8886.158668,-17055.588963
67,2024-05-06 16:46:00,2024-05-06 16:50:00,5,92,112.473,66,11.0,1080.0,1080.0,6.4,"(11.0, 1080.0, 9.0, 6.4, 0.0)",2024-05-06 16:46:00,2024-05-06 16:50:00,4,4,4,0,0.8,0.8,0.0,0.0,8886.67968,8886.67968,,0.521012,8886.67968,8886.158668,-17055.588963
67,2024-05-06 16:46:00,2024-05-06 16:50:00,5,92,112.473,67,11.0,1386.0,1386.0,6.96,"(11.0, 1386.0, -38.0, 6.96, 0.0)",2024-05-06 16:46:00,2024-05-06 16:50:00,4,4,4,0,0.8,0.8,0.0,0.0,8886.67968,8886.67968,,0.521012,8886.67968,8886.158668,-17055.588963
67,2024-05-06 16:46:00,2024-05-06 16:50:00,5,92,112.473,68,8.0,875.0,875.0,6.31,"(8.0, 875.0, 21.0, 6.31, 0.0)",2024-05-06 16:46:00,2024-05-06 16:50:00,4,4,4,0,0.8,0.8,0.0,0.0,8886.67968,8886.67968,,0.521012,8886.67968,8886.158668,-17055.588963
67,2024-05-06 16:46:00,2024-05-06 16:50:00,5,92,112.473,69,11.0,783.0,783.0,5.86,"(11.0, 783.0, 1.0, 5.86, 0.0)",2024-05-06 16:46:00,2024-05-06 16:50:00,4,4,4,0,0.8,0.8,0.0,0.0,8886.67968,8886.67968,,0.521012,8886.67968,8886.158668,-17055.588963
67,2024-05-06 16:46:00,2024-05-06 16:50:00,5,92,112.473,70,11.0,506.0,506.0,5.21,"(11.0, 506.0, -46.0, 5.21, 0.0)",2024-05-06 16:46:00,2024-05-06 16:50:00,4,4,4,0,0.8,0.8,0.0,0.0,8886.67968,8886.67968,,0.521012,8886.67968,8886.158668,-17055.588963
67,2024-05-06 16:46:00,2024-05-06 16:50:00,5,92,112.473,71,11.0,349.0,349.0,4.4,"(11.0, 349.0, -89.0, 4.4, 0.0)",2024-05-06 16:46:00,2024-05-06 16:50:00,4,4,4,0,0.8,0.8,0.0,0.0,8886.67968,8886.67968,,0.521012,8886.67968,8886.158668,-17055.588963
67,2024-05-06 16:46:00,2024-05-06 16:50:00,5,92,112.473,72,11.0,390.0,390.0,4.89,"(11.0, 390.0, -61.0, 4.89, 0.0)",2024-05-06 16:46:00,2024-05-06 16:50:00,4,4,4,0,0.8,0.8,0.0,0.0,8886.67968,8886.67968,,0.521012,8886.67968,8886.158668,-17055.588963
67,2024-05-06 16:46:00,2024-05-06 16:50:00,5,92,112.473,73,11.0,507.0,507.0,4.98,"(11.0, 507.0, 1.0, 4.98, 0.0)",2024-05-06 16:46:00,2024-05-06 16:50:00,4,4,4,0,0.8,0.8,0.0,0.0,8886.67968,8886.67968,,0.521012,8886.67968,8886.158668,-17055.588963
67,2024-05-06 16:46:00,2024-05-06 16:50:00,5,92,112.473,74,11.0,454.0,454.0,5.32,"(11.0, 454.0, -43.0, 5.32, 0.0)",2024-05-06 16:46:00,2024-05-06 16:50:00,4,4,4,0,0.8,0.8,0.0,0.0,8886.67968,8886.67968,,0.521012,8886.67968,8886.158668,-17055.588963
67,2024-05-06 16:46:00,2024-05-06 16:50:00,5,92,112.473,75,11.0,77.0,77.0,3.38,"(11.0, 77.0, -124.0, 3.38, 0.0)",2024-05-06 16:46:00,2024-05-06 16:50:00,4,4,4,0,0.8,0.8,0.0,0.0,8886.67968,8886.67968,,0.521012,8886.67968,8886.158668,-17055.588963
67,2024-05-06 16:46:00,2024-05-06 16:50:00,5,92,112.473,76,11.0,54.0,54.0,2.96,"(11.0, 54.0, -67.0, 2.96, 0.0)",2024-05-06 16:46:00,2024-05-06 16:50:00,4,4,4,0,0.8,0.8,0.0,0.0,8886.67968,8886.67968,,0.521012,8886.67968,8886.158668,-17055.588963
67,2024-05-06 16:46:00,2024-05-06 16:50:00,5,92,112.473,77,11.0,144.0,144.0,4.07,"(11.0, 144.0, -65.0, 4.07, 0.0)",2024-05-06 16:46:00,2024-05-06 16:50:00,4,4,4,0,0.8,0.8,0.0,0.0,8886.67968,8886.67968,,0.521012,8886.67968,8886.158668,-17055.588963
67,2024-05-06 16:46:00,2024-05-06 16:50:00,5,92,112.473,78,11.0,169.0,169.0,3.48,"(11.0, 169.0, -68.0, 3.48, 0.0)",2024-05-06 16:46:00,2024-05-06 16:50:00,4,4,4,0,0.8,0.8,0.0,0.0,8886.67968,8886.67968,,0.521012,8886.67968,8886.158668,-17055.588963
67,2024-05-06 16:46:00,2024-05-06 16:50:00,5,92,112.473,80,11.0,377.0,377.0,4.9,"(11.0, 377.0, -36.0, 4.9, 0.0)",2024-05-06 16:46:00,2024-05-06 16:50:00,4,4,4,0,0.8,0.8,0.0,0.0,8886.67968,8886.67968,,0.521012,8886.67968,8886.158668,-17055.588963
67,2024-05-06 16:46:00,2024-05-06 16:50:00,5,92,112.473,81,11.0,369.0,369.0,4.76,"(11.0, 369.0, -130.0, 4.76, 0.0)",2024-05-06 16:46:00,2024-05-06 16:50:00,4,4,4,0,0.8,0.8,0.0,0.0,8886.67968,8886.67968,,0.521012,8886.67968,8886.158668,-17055.588963
67,2024-05-06 16:46:00,2024-05-06 16:50:00,5,92,112.473,82,11.0,279.0,279.0,3.89,"(11.0, 279.0, -71.0, 3.89, 0.0)",2024-05-06 16:46:00,2024-05-06 16:50:00,4,4,4,0,0.8,0.8,0.0,0.0,8886.67968,8886.67968,,0.521012,8886.67968,8886.158668,-17055.588963
67,2024-05-06 16:46:00,2024-05-06 16:50:00,5,92,112.473,83,11.0,782.0,782.0,6.25,"(11.0, 782.0, 17.0, 6.25, 0.0)",2024-05-06 16:46:00,2024-05-06 16:50:00,4,4,4,0,0.8,0.8,0.0,0.0,8886.67968,8886.67968,,0.521012,8886.67968,8886.158668,-17055.588963
67,2024-05-06 16:46:00,2024-05-06 16:50:00,5,92,112.473,85,11.0,1018.0,1018.0,5.88,"(11.0, 1018.0, -53.0, 5.88, 0.0)",2024-05-06 16:46:00,2024-05-06 16:50:00,4,4,4,0,0.8,0.8,0.0,0.0,8886.67968,8886.67968,,0.521012,8886.67968,8886.158668,-17055.588963
67,2024-05-06 16:46:00,2024-05-06 16:50:00,5,92,112.473,86,11.0,806.0,806.0,5.48,"(11.0, 806.0, 17.0, 5.48, 0.0)",2024-05-06 16:46:00,2024-05-06 16:50:00,4,4,4,0,0.8,0.8,0.0,0.0,8886.67968,8886.67968,,0.521012,8886.67968,8886.158668,-17055.588963
67,2024-05-06 16:46:00,2024-05-06 16:50:00,5,92,112.473,87,11.0,525.0,525.0,6.14,"(11.0, 525.0, -32.0, 6.14, 0.0)",2024-05-06 16:46:00,2024-05-06 16:50:00,4,4,4,0,0.8,0.8,0.0,0.0,8886.67968,8886.67968,,0.521012,8886.67968,8886.158668,-17055.588963
67,2024-05-06 16:46:00,2024-05-06 16:50:00,5,92,112.473,88,11.0,280.0,280.0,4.25,"(11.0, 280.0, -78.0, 4.25, 0.0)",2024-05-06 16:46:00,2024-05-06 16:50:00,4,4,4,0,0.8,0.8,0.0,0.0,8886.67968,8886.67968,,0.521012,8886.67968,8886.158668,-17055.588963
67,2024-05-06 16:46:00,2024-05-06 16:50:00,5,92,112.473,91,11.0,153.0,153.0,3.67,"(11.0, 153.0, -106.0, 3.67, 0.0)",2024-05-06 16:46:00,2024-05-06 16:50:00,4,4,4,0,0.8,0.8,0.0,0.0,8886.67968,8886.67968,,0.521012,8886.67968,8886.158668,-17055.588963
67,2024-05-06 16:46:00,2024-05-06 16:50:00,5,92,112.473,92,11.0,286.0,286.0,4.12,"(11.0, 286.0, -82.0, 4.12, 0.0)",2024-05-06 16:46:00,2024-05-06 16:50:00,4,4,4,0,0.8,0.8,0.0,0.0,8886.67968,8886.67968,,0.521012,8886.67968,8886.158668,-17055.588963
67,2024-05-06 16:46:00,2024-05-06 16:50:00,5,92,112.473,96,11.0,395.0,395.0,4.56,"(11.0, 395.0, -143.0, 4.56, 0.0)",2024-05-06 16:46:00,2024-05-06 16:50:00,4,4,4,0,0.8,0.8,0.0,0.0,8886.67968,8886.67968,,0.521012,8886.67968,8886.158668,-17055.588963
67,2024-05-06 16:46:00,2024-05-06 16:50:00,5,92,112.473,97,11.0,274.0,274.0,3.84,"(11.0, 274.0, -95.0, 3.84, 0.0)",2024-05-06 16:46:00,2024-05-06 16:50:00,4,4,4,0,0.8,0.8,0.0,0.0,8886.67968,8886.67968,,0.521012,8886.67968,8886.158668,-17055.588963
67,2024-05-06 16:46:00,2024-05-06 16:50:00,5,92,112.473,98,11.0,436.0,436.0,4.61,"(11.0, 436.0, -53.0, 4.61, 0.0)",2024-05-06 16:46:00,2024-05-06 16:50:00,4,4,4,0,0.8,0.8,0.0,0.0,8886.67968,8886.67968,,0.521012,8886.67968,8886.158668,-17055.588963
67,2024-05-06 16:46:00,2024-05-06 16:50:00,5,92,112.473,99,11.0,315.0,315.0,4.16,"(11.0, 315.0, -72.0, 4.16, 0.0)",2024-05-06 16:46:00,2024-05-06 16:50:00,4,4,4,0,0.8,0.8,0.0,0.0,8886.67968,8886.67968,,0.521012,8886.67968,8886.158668,-17055.588963
67,2024-05-06 16:46:00,2024-05-06 16:50:00,5,92,112.473,100,11.0,303.0,303.0,4.3,"(11.0, 303.0, -67.0, 4.3, 0.0)",2024-05-06 16:46:00,2024-05-06 16:50:00,4,4,4,0,0.8,0.8,0.0,0.0,8886.67968,8886.67968,,0.521012,8886.67968,8886.158668,-17055.588963
69,2024-05-07 15:25:00,2024-05-07 15:28:00,4,5,0.776,52,11.0,61.0,61.0,2.78,"(11.0, 61.0, -74.0, 2.78, 0.0)",2024-05-07 15:25:00,2024-05-07 15:28:00,4,0,0,0,0.0,0.0,0.0,0.0,0.0,0.0,,0.0,0.0,0.0,
69,2024-05-07 15:25:00,2024-05-07 15:28:00,4,5,0.776,66,8.0,142.0,142.0,2.87,"(8.0, 142.0, -69.0, 2.87, 0.0)",2024-05-07 15:25:00,2024-05-07 15:28:00,4,0,0,0,0.0,0.0,0.0,0.0,0.0,0.0,,0.0,0.0,0.0,
69,2024-05-07 15:25:00,2024-05-07 15:28:00,4,5,0.776,83,8.0,129.0,129.0,3.76,"(8.0, 129.0, -68.0, 3.76, 0.0)",2024-05-07 15:25:00,2024-05-07 15:28:00,4,0,0,0,0.0,0.0,0.0,0.0,0.0,0.0,,0.0,0.0,0.0,
69,2024-05-07 15:25:00,2024-05-07 15:28:00,4,5,0.776,90,11.0,137.0,137.0,3.41,"(11.0, 137.0, -87.0, 3.41, 0.0)",2024-05-07 15:25:00,2024-05-07 15:28:00,4,0,0,0,0.0,0.0,0.0,0.0,0.0,0.0,,0.0,0.0,0.0,
69,2024-05-07 15:25:00,2024-05-07 15:28:00,4,5,0.776,100,11.0,307.0,307.0,2.82,"(11.0, 307.0, -77.0, 2.82, 0.0)",2024-05-07 15:25:00,2024-05-07 15:28:00,4,0,0,0,0.0,0.0,0.0,0.0,0.0,0.0,,0.0,0.0,0.0,
71,2024-06-09 06:04:00,2024-06-09 13:17:00,434,1,0.414,98,0.0,414.0,414.0,4.65,"(0.0, 414.0, -55.0, 4.65, 0.0)",2024-06-09 06:04:00,2024-06-09 13:17:00,434,42,266,224,0.096774,0.612903,0.516129,5.858863,40.49062,34.631757,-5.911003,104.360534,186.978949,82.618415,-0.791663
73,2024-06-12 17:20:00,2024-06-12 18:43:00,84,1,0.283,98,0.0,283.0,283.0,4.54,"(0.0, 283.0, -68.0, 4.54, 0.0)",2024-06-12 17:20:00,2024-06-12 18:43:00,84,4,31,27,0.047619,0.369048,0.321429,0.318027,2.86211,2.544082,-7.999568,15.360543,27.202511,11.841968,-0.770934
75,2024-06-26 11:25:00,2024-06-26 11:32:00,8,16,2.885,2,8.0,42.0,42.0,2.94,"(8.0, 42.0, -77.0, 2.94, 0.0)",2024-06-26 11:25:00,2024-06-26 11:32:00,7,0,0,0,0.0,0.0,0.0,0.0,0.0,0.0,,0.0,0.0,0.0,
75,2024-06-26 11:25:00,2024-06-26 11:32:00,8,16,2.885,83,8.0,341.0,341.0,4.99,"(8.0, 341.0, -59.0, 4.99, 0.0)",2024-06-26 11:25:00,2024-06-26 11:32:00,7,0,0,0,0.0,0.0,0.0,0.0,0.0,0.0,,0.0,0.0,0.0,
75,2024-06-26 11:25:00,2024-06-26 11:32:00,8,16,2.885,84,11.0,339.0,339.0,4.31,"(11.0, 339.0, -116.0, 4.31, 0.0)",2024-06-26 11:25:00,2024-06-26 11:32:00,7,0,0,0,0.0,0.0,0.0,0.0,0.0,0.0,,0.0,0.0,0.0,
75,2024-06-26 11:25:00,2024-06-26 11:32:00,8,16,2.885,85,8.0,318.0,318.0,4.87,"(8.0, 318.0, -67.0, 4.87, 0.0)",2024-06-26 11:25:00,2024-06-26 11:32:00,7,0,0,0,0.0,0.0,0.0,0.0,0.0,0.0,,0.0,0.0,0.0,
75,2024-06-26 11:25:00,2024-06-26 11:32:00,8,16,2.885,86,8.0,229.0,229.0,4.11,"(8.0, 229.0, -76.0, 4.11, 0.0)",2024-06-26 11:25:00,2024-06-26 11:32:00,7,0,0,0,0.0,0.0,0.0,0.0,0.0,0.0,,0.0,0.0,0.0,
75,2024-06-26 11:25:00,2024-06-26 11:32:00,8,16,2.885,87,8.0,297.0,297.0,4.06,"(8.0, 297.0, -47.0, 4.06, 0.0)",2024-06-26 11:25:00,2024-06-26 11:32:00,7,0,0,0,0.0,0.0,0.0,0.0,0.0,0.0,,0.0,0.0,0.0,
75,2024-06-26 11:25:00,2024-06-26 11:32:00,8,16,2.885,88,8.0,143.0,143.0,3.51,"(8.0, 143.0, -68.0, 3.51, 0.0)",2024-06-26 11:25:00,2024-06-26 11:32:00,7,0,0,0,0.0,0.0,0.0,0.0,0.0,0.0,,0.0,0.0,0.0,
75,2024-06-26 11:25:00,2024-06-26 11:32:00,8,16,2.885,89,8.0,171.0,171.0,3.94,"(8.0, 171.0, -73.0, 3.94, 0.0)",2024-06-26 11:25:00,2024-06-26 11:32:00,7,0,0,0,0.0,0.0,0.0,0.0,0.0,0.0,,0.0,0.0,0.0,
75,2024-06-26 11:25:00,2024-06-26 11:32:00,8,16,2.885,90,8.0,223.0,223.0,3.9,"(8.0, 223.0, -93.0, 3.9, 0.0)",2024-06-26 11:25:00,2024-06-26 11:32:00,7,0,0,0,0.0,0.0,0.0,0.0,0.0,0.0,,0.0,0.0,0.0,
75,2024-06-26 11:25:00,2024-06-26 11:32:00,8,16,2.885,91,8.0,170.0,170.0,4.24,"(8.0, 170.0, -69.0, 4.24, 0.0)",2024-06-26 11:25:00,2024-06-26 11:32:00,7,0,0,0,0.0,0.0,0.0,0.0,0.0,0.0,,0.0,0.0,0.0,
75,2024-06-26 11:25:00,2024-06-26 11:32:00,8,16,2.885,92,8.0,185.0,185.0,4.43,"(8.0, 185.0, -78.0, 4.43, 0.0)",2024-06-26 11:25:00,2024-06-26 11:32:00,7,0,0,0,0.0,0.0,0.0,0.0,0.0,0.0,,0.0,0.0,0.0,
75,2024-06-26 11:25:00,2024-06-26 11:32:00,8,16,2.885,93,8.0,168.0,168.0,3.91,"(8.0, 168.0, -76.0, 3.91, 0.0)",2024-06-26 11:25:00,2024-06-26 11:32:00,7,0,0,0,0.0,0.0,0.0,0.0,0.0,0.0,,0.0,0.0,0.0,
75,2024-06-26 11:25:00,2024-06-26 11:32:00,8,16,2.885,94,8.0,112.0,112.0,3.86,"(8.0, 112.0, -76.0, 3.86, 0.0)",2024-06-26 11:25:00,2024-06-26 11:32:00,7,0,0,0,0.0,0.0,0.0,0.0,0.0,0.0,,0.0,0.0,0.0,
75,2024-06-26 11:25:00,2024-06-26 11:32:00,8,16,2.885,95,8.0,65.0,65.0,3.57,"(8.0, 65.0, -64.0, 3.57, 0.0)",2024-06-26 11:25:00,2024-06-26 11:32:00,7,0,0,0,0.0,0.0,0.0,0.0,0.0,0.0,,0.0,0.0,0.0,
75,2024-06-26 11:25:00,2024-06-26 11:32:00,8,16,2.885,96,8.0,57.0,57.0,3.45,"(8.0, 57.0, -167.0, 3.45, 0.0)",2024-06-26 11:25:00,2024-06-26 11:32:00,7,0,0,0,0.0,0.0,0.0,0.0,0.0,0.0,,0.0,0.0,0.0,
75,2024-06-26 11:25:00,2024-06-26 11:32:00,8,16,2.885,97,8.0,25.0,25.0,3.24,"(8.0, 25.0, -73.0, 3.24, 0.0)",2024-06-26 11:25:00,2024-06-26 11:32:00,7,0,0,0,0.0,0.0,0.0,0.0,0.0,0.0,,0.0,0.0,0.0,
77,2024-07-01 10:57:00,2024-07-01 11:23:00,27,1,4.024,49,0.0,4024.0,4024.0,12.75,"(0.0, 4024.0, 27.0, 12.75, 0.0)",2024-07-01 10:57:00,2024-07-03 18:30:00,3316,27,0,-27,1.0,0.0,-1.0,60.406987,0.0,-60.406987,1.0,75.227849,3.059369,-72.16848,0.959332
78,2024-07-01 11:24:00,2024-07-01 12:43:00,80,96,61.32,1,8.0,226.0,226.0,4.48,"(8.0, 226.0, 38.0, 4.48, 0.0)",2024-07-01 11:24:00,2024-07-01 12:43:00,74,74,74,0,0.925,0.925,0.0,171.949947,83472.5106,83300.560653,-484.446563,212.504784,83472.5106,83260.005816,-391.802971
78,2024-07-01 11:24:00,2024-07-01 12:43:00,80,96,61.32,2,8.0,251.0,251.0,4.12,"(8.0, 251.0, -80.0, 4.12, 0.0)",2024-07-01 11:24:00,2024-07-01 12:43:00,74,74,74,0,0.925,0.925,0.0,171.949947,83472.5106,83300.560653,-484.446563,212.504784,83472.5106,83260.005816,-391.802971
78,2024-07-01 11:24:00,2024-07-01 12:43:00,80,96,61.32,3,8.0,238.0,238.0,3.97,"(8.0, 238.0, -78.0, 3.97, 0.0)",2024-07-01 11:24:00,2024-07-01 12:43:00,74,74,74,0,0.925,0.925,0.0,171.949947,83472.5106,83300.560653,-484.446563,212.504784,83472.5106,83260.005816,-391.802971
78,2024-07-01 11:24:00,2024-07-01 12:43:00,80,96,61.32,4,8.0,204.0,204.0,3.73,"(8.0, 204.0, -122.0, 3.73, 0.0)",2024-07-01 11:24:00,2024-07-01 12:43:00,74,74,74,0,0.925,0.925,0.0,171.949947,83472.5106,83300.560653,-484.446563,212.504784,83472.5106,83260.005816,-391.802971
78,2024-07-01 11:24:00,2024-07-01 12:43:00,80,96,61.32,5,8.0,260.0,260.0,4.28,"(8.0, 260.0, -81.0, 4.28, 0.0)",2024-07-01 11:24:00,2024-07-01 12:43:00,74,74,74,0,0.925,0.925,0.0,171.949947,83472.5106,83300.560653,-484.446563,212.504784,83472.5106,83260.005816,-391.802971
78,2024-07-01 11:24:00,2024-07-01 12:43:00,80,96,61.32,6,8.0,254.0,254.0,4.67,"(8.0, 254.0, -69.0, 4.67, 0.0)",2024-07-01 11:24:00,2024-07-01 12:43:00,74,74,74,0,0.925,0.925,0.0,171.949947,83472.5106,83300.560653,-484.446563,212.504784,83472.5106,83260.005816,-391.802971
78,2024-07-01 11:24:00,2024-07-01 12:43:00,80,96,61.32,7,8.0,277.0,277.0,4.37,"(8.0, 277.0, -73.0, 4.37, 0.0)",2024-07-01 11:24:00,2024-07-01 12:43:00,74,74,74,0,0.925,0.925,0.0,171.949947,83472.5106,83300.560653,-484.446563,212.504784,83472.5106,83260.005816,-391.802971
78,2024-07-01 11:24:00,2024-07-01 12:43:00,80,96,61.32,8,8.0,243.0,243.0,4.6,"(8.0, 243.0, -69.0, 4.6, 0.0)",2024-07-01 11:24:00,2024-07-01 12:43:00,74,74,74,0,0.925,0.925,0.0,171.949947,83472.5106,83300.560653,-484.446563,212.504784,83472.5106,83260.005816,-391.802971
78,2024-07-01 11:24:00,2024-07-01 12:43:00,80,96,61.32,9,8.0,357.0,357.0,4.71,"(8.0, 357.0, -56.0, 4.71, 0.0)",2024-07-01 11:24:00,2024-07-01 12:43:00,74,74,74,0,0.925,0.925,0.0,171.949947,83472.5106,83300.560653,-484.446563,212.504784,83472.5106,83260.005816,-391.802971
78,2024-07-01 11:24:00,2024-07-01 12:43:00,80,96,61.32,10,8.0,402.0,402.0,5.71,"(8.0, 402.0, -44.0, 5.71, 0.0)",2024-07-01 11:24:00,2024-07-01 12:43:00,74,74,74,0,0.925,0.925,0.0,171.949947,83472.5106,83300.560653,-484.446563,212.504784,83472.5106,83260.005816,-391.802971
78,2024-07-01 11:24:00,2024-07-01 12:43:00,80,96,61.32,12,8.0,302.0,302.0,3.59,"(8.0, 302.0, -82.0, 3.59, 0.0)",2024-07-01 11:24:00,2024-07-01 12:43:00,74,74,74,0,0.925,0.925,0.0,171.949947,83472.5106,83300.560653,-484.446563,212.504784,83472.5106,83260.005816,-391.802971
78,2024-07-01 11:24:00,2024-07-01 12:43:00,80,96,61.32,13,8.0,407.0,407.0,4.23,"(8.0, 407.0, -43.0, 4.23, 0.0)",2024-07-01 11:24:00,2024-07-01 12:43:00,74,74,74,0,0.925,0.925,0.0,171.949947,83472.5106,83300.560653,-484.446563,212.504784,83472.5106,83260.005816,-391.802971
78,2024-07-01 11:24:00,2024-07-01 12:43:00,80,96,61.32,14,8.0,510.0,510.0,4.32,"(8.0, 510.0, -38.0, 4.32, 0.0)",2024-07-01 11:24:00,2024-07-01 12:43:00,74,74,74,0,0.925,0.925,0.0,171.949947,83472.5106,83300.560653,-484.446563,212.504784,83472.5106,83260.005816,-391.802971
78,2024-07-01 11:24:00,2024-07-01 12:43:00,80,96,61.32,16,8.0,640.0,640.0,4.94,"(8.0, 640.0, 49.0, 4.94, 0.0)",2024-07-01 11:24:00,2024-07-01 12:43:00,74,74,74,0,0.925,0.925,0.0,171.949947,83472.5106,83300.560653,-484.446563,212.504784,83472.5106,83260.005816,-391.802971
78,2024-07-01 11:24:00,2024-07-01 12:43:00,80,96,61.32,17,8.0,630.0,630.0,5.36,"(8.0, 630.0, 70.0, 5.36, 0.0)",2024-07-01 11:24:00,2024-07-01 12:43:00,74,74,74,0,0.925,0.925,0.0,171.949947,83472.5106,83300.560653,-484.446563,212.504784,83472.5106,83260.005816,-391.802971
78,2024-07-01 11:24:00,2024-07-01 12:43:00,80,96,61.32,18,8.0,1054.0,1054.0,5.98,"(8.0, 1054.0, -8.0, 5.98, 0.0)",2024-07-01 11:24:00,2024-07-01 12:43:00,74,74,74,0,0.925,0.925,0.0,171.949947,83472.5106,83300.560653,-484.446563,212.504784,83472.5106,83260.005816,-391.802971
78,2024-07-01 11:24:00,2024-07-01 12:43:00,80,96,61.32,19,8.0,263.0,263.0,4.86,"(8.0, 263.0, -109.0, 4.86, 0.0)",2024-07-01 11:24:00,2024-07-01 12:43:00,74,74,74,0,0.925,0.925,0.0,171.949947,83472.5106,83300.560653,-484.446563,212.504784,83472.5106,83260.005816,-391.802971
78,2024-07-01 11:24:00,2024-07-01 12:43:00,80,96,61.32,20,8.0,304.0,304.0,5.09,"(8.0, 304.0, -70.0, 5.09, 0.0)",2024-07-01 11:24:00,2024-07-01 12:43:00,74,74,74,0,0.925,0.925,0.0,171.949947,83472.5106,83300.560653,-484.446563,212.504784,83472.5106,83260.005816,-391.802971
78,2024-07-01 11:24:00,2024-07-01 12:43:00,80,96,61.32,21,8.0,170.0,170.0,3.91,"(8.0, 170.0, -76.0, 3.91, 0.0)",2024-07-01 11:24:00,2024-07-01 12:43:00,74,74,74,0,0.925,0.925,0.0,171.949947,83472.5106,83300.560653,-484.446563,212.504784,83472.5106,83260.005816,-391.802971
78,2024-07-01 11:24:00,2024-07-01 12:43:00,80,96,61.32,22,8.0,201.0,201.0,4.4,"(8.0, 201.0, -81.0, 4.4, 0.0)",2024-07-01 11:24:00,2024-07-01 12:43:00,74,74,74,0,0.925,0.925,0.0,171.949947,83472.5106,83300.560653,-484.446563,212.504784,83472.5106,83260.005816,-391.802971
78,2024-07-01 11:24:00,2024-07-01 12:43:00,80,96,61.32,23,8.0,262.0,262.0,3.84,"(8.0, 262.0, -79.0, 3.84, 0.0)",2024-07-01 11:24:00,2024-07-01 12:43:00,74,74,74,0,0.925,0.925,0.0,171.949947,83472.5106,83300.560653,-484.446563,212.504784,83472.5106,83260.005816,-391.802971
78,2024-07-01 11:24:00,2024-07-01 12:43:00,80,96,61.32,24,8.0,278.0,278.0,4.32,"(8.0, 278.0, -73.0, 4.32, 0.0)",2024-07-01 11:24:00,2024-07-01 12:43:00,74,74,74,0,0.925,0.925,0.0,171.949947,83472.5106,83300.560653,-484.446563,212.504784,83472.5106,83260.005816,-391.802971
78,2024-07-01 11:24:00,2024-07-01 12:43:00,80,96,61.32,25,8.0,335.0,335.0,4.0,"(8.0, 335.0, -89.0, 4.0, 0.0)",2024-07-01 11:24:00,2024-07-01 12:43:00,74,74,74,0,0.925,0.925,0.0,171.949947,83472.5106,83300.560653,-484.446563,212.504784,83472.5106,83260.005816,-391.802971
78,2024-07-01 11:24:00,2024-07-01 12:43:00,80,96,61.32,26,8.0,241.0,241.0,4.06,"(8.0, 241.0, -79.0, 4.06, 0.0)",2024-07-01 11:24:00,2024-07-01 12:43:00,74,74,74,0,0.925,0.925,0.0,171.949947,83472.5106,83300.560653,-484.446563,212.504784,83472.5106,83260.005816,-391.802971
78,2024-07-01 11:24:00,2024-07-01 12:43:00,80,96,61.32,27,8.0,295.0,295.0,5.0,"(8.0, 295.0, -75.0, 5.0, 0.0)",2024-07-01 11:24:00,2024-07-01 12:43:00,74,74,74,0,0.925,0.925,0.0,171.949947,83472.5106,83300.560653,-484.446563,212.504784,83472.5106,83260.005816,-391.802971
78,2024-07-01 11:24:00,2024-07-01 12:43:00,80,96,61.32,28,8.0,325.0,325.0,4.63,"(8.0, 325.0, -70.0, 4.63, 0.0)",2024-07-01 11:24:00,2024-07-01 12:43:00,74,74,74,0,0.925,0.925,0.0,171.949947,83472.5106,83300.560653,-484.446563,212.504784,83472.5106,83260.005816,-391.802971
78,2024-07-01 11:24:00,2024-07-01 12:43:00,80,96,61.32,29,8.0,401.0,401.0,5.21,"(8.0, 401.0, -72.0, 5.21, 0.0)",2024-07-01 11:24:00,2024-07-01 12:43:00,74,74,74,0,0.925,0.925,0.0,171.949947,83472.5106,83300.560653,-484.446563,212.504784,83472.5106,83260.005816,-391.802971
78,2024-07-01 11:24:00,2024-07-01 12:43:00,80,96,61.32,30,8.0,321.0,321.0,4.53,"(8.0, 321.0, -73.0, 4.53, 0.0)",2024-07-01 11:24:00,2024-07-01 12:43:00,74,74,74,0,0.925,0.925,0.0,171.949947,83472.5106,83300.560653,-484.446563,212.504784,83472.5106,83260.005816,-391.802971
78,2024-07-01 11:24:00,2024-07-01 12:43:00,80,96,61.32,31,8.0,356.0,356.0,4.26,"(8.0, 356.0, -51.0, 4.26, 0.0)",2024-07-01 11:24:00,2024-07-01 12:43:00,74,74,74,0,0.925,0.925,0.0,171.949947,83472.5106,83300.560653,-484.446563,212.504784,83472.5106,83260.005816,-391.802971
78,2024-07-01 11:24:00,2024-07-01 12:43:00,80,96,61.32,32,8.0,339.0,339.0,3.19,"(8.0, 339.0, -71.0, 3.19, 0.0)",2024-07-01 11:24:00,2024-07-01 12:43:00,74,74,74,0,0.925,0.925,0.0,171.949947,83472.5106,83300.560653,-484.446563,212.504784,83472.5106,83260.005816,-391.802971
78,2024-07-01 11:24:00,2024-07-01 12:43:00,80,96,61.32,33,8.0,485.0,485.0,5.52,"(8.0, 485.0, 44.0, 5.52, 0.0)",2024-07-01 11:24:00,2024-07-01 12:43:00,74,74,74,0,0.925,0.925,0.0,171.949947,83472.5106,83300.560653,-484.446563,212.504784,83472.5106,83260.005816,-391.802971
78,2024-07-01 11:24:00,2024-07-01 12:43:00,80,96,61.32,34,8.0,539.0,539.0,5.59,"(8.0, 539.0, -41.0, 5.59, 0.0)",2024-07-01 11:24:00,2024-07-01 12:43:00,74,74,74,0,0.925,0.925,0.0,171.949947,83472.5106,83300.560653,-484.446563,212.504784,83472.5106,83260.005816,-391.802971
78,2024-07-01 11:24:00,2024-07-01 12:43:00,80,96,61.32,35,8.0,914.0,914.0,6.01,"(8.0, 914.0, 9.0, 6.01, 0.0)",2024-07-01 11:24:00,2024-07-01 12:43:00,74,74,74,0,0.925,0.925,0.0,171.949947,83472.5106,83300.560653,-484.446563,212.504784,83472.5106,83260.005816,-391.802971
78,2024-07-01 11:24:00,2024-07-01 12:43:00,80,96,61.32,36,8.0,528.0,528.0,5.43,"(8.0, 528.0, -36.0, 5.43, 0.0)",2024-07-01 11:24:00,2024-07-01 12:43:00,74,74,74,0,0.925,0.925,0.0,171.949947,83472.5106,83300.560653,-484.446563,212.504784,83472.5106,83260.005816,-391.802971
78,2024-07-01 11:24:00,2024-07-01 12:43:00,80,96,61.32,37,8.0,547.0,547.0,5.84,"(8.0, 547.0, -48.0, 5.84, 0.0)",2024-07-01 11:24:00,2024-07-01 12:43:00,74,74,74,0,0.925,0.925,0.0,171.949947,83472.5106,83300.560653,-484.446563,212.504784,83472.5106,83260.005816,-391.802971
78,2024-07-01 11:24:00,2024-07-01 12:43:00,80,96,61.32,38,8.0,503.0,503.0,5.16,"(8.0, 503.0, -76.0, 5.16, 0.0)",2024-07-01 11:24:00,2024-07-01 12:43:00,74,74,74,0,0.925,0.925,0.0,171.949947,83472.5106,83300.560653,-484.446563,212.504784,83472.5106,83260.005816,-391.802971
78,2024-07-01 11:24:00,2024-07-01 12:43:00,80,96,61.32,39,8.0,532.0,532.0,5.73,"(8.0, 532.0, -26.0, 5.73, 0.0)",2024-07-01 11:24:00,2024-07-01 12:43:00,74,74,74,0,0.925,0.925,0.0,171.949947,83472.5106,83300.560653,-484.446563,212.504784,83472.5106,83260.005816,-391.802971
78,2024-07-01 11:24:00,2024-07-01 12:43:00,80,96,61.32,40,8.0,524.0,524.0,5.31,"(8.0, 524.0, -32.0, 5.31, 0.0)",2024-07-01 11:24:00,2024-07-01 12:43:00,74,74,74,0,0.925,0.925,0.0,171.949947,83472.5106,83300.560653,-484.446563,212.504784,83472.5106,83260.005816,-391.802971
78,2024-07-01 11:24:00,2024-07-01 12:43:00,80,96,61.32,41,8.0,507.0,507.0,5.03,"(8.0, 507.0, 19.0, 5.03, 0.0)",2024-07-01 11:24:00,2024-07-01 12:43:00,74,74,74,0,0.925,0.925,0.0,171.949947,83472.5106,83300.560653,-484.446563,212.504784,83472.5106,83260.005816,-391.802971
78,2024-07-01 11:24:00,2024-07-01 12:43:00,80,96,61.32,42,8.0,496.0,496.0,4.8,"(8.0, 496.0, 9.0, 4.8, 0.0)",2024-07-01 11:24:00,2024-07-01 12:43:00,74,74,74,0,0.925,0.925,0.0,171.949947,83472.5106,83300.560653,-484.446563,212.504784,83472.5106,83260.005816,-391.802971
78,2024-07-01 11:24:00,2024-07-01 12:43:00,80,96,61.32,43,8.0,388.0,388.0,4.22,"(8.0, 388.0, -14.0, 4.22, 0.0)",2024-07-01 11:24:00,2024-07-01 12:43:00,74,74,74,0,0.925,0.925,0.0,171.949947,83472.5106,83300.560653,-484.446563,212.504784,83472.5106,83260.005816,-391.802971
78,2024-07-01 11:24:00,2024-07-01 12:43:00,80,96,61.32,44,8.0,374.0,374.0,5.19,"(8.0, 374.0, -35.0, 5.19, 0.0)",2024-07-01 11:24:00,2024-07-01 12:43:00,74,74,74,0,0.925,0.925,0.0,171.949947,83472.5106,83300.560653,-484.446563,212.504784,83472.5106,83260.005816,-391.802971
78,2024-07-01 11:24:00,2024-07-01 12:43:00,80,96,61.32,45,8.0,359.0,359.0,5.23,"(8.0, 359.0, -56.0, 5.23, 0.0)",2024-07-01 11:24:00,2024-07-01 12:43:00,74,74,74,0,0.925,0.925,0.0,171.949947,83472.5106,83300.560653,-484.446563,212.504784,83472.5106,83260.005816,-391.802971
78,2024-07-01 11:24:00,2024-07-01 12:43:00,80,96,61.32,46,8.0,254.0,254.0,3.2,"(8.0, 254.0, -85.0, 3.2, 0.0)",2024-07-01 11:24:00,2024-07-01 12:43:00,74,74,74,0,0.925,0.925,0.0,171.949947,83472.5106,83300.560653,-484.446563,212.504784,83472.5106,83260.005816,-391.802971
78,2024-07-01 11:24:00,2024-07-01 12:43:00,80,96,61.32,47,8.0,239.0,239.0,3.79,"(8.0, 239.0, -80.0, 3.79, 0.0)",2024-07-01 11:24:00,2024-07-01 12:43:00,74,74,74,0,0.925,0.925,0.0,171.949947,83472.5106,83300.560653,-484.446563,212.504784,83472.5106,83260.005816,-391.802971
78,2024-07-01 11:24:00,2024-07-01 12:43:00,80,96,61.32,48,8.0,350.0,350.0,4.78,"(8.0, 350.0, -62.0, 4.78, 0.0)",2024-07-01 11:24:00,2024-07-01 12:43:00,74,74,74,0,0.925,0.925,0.0,171.949947,83472.5106,83300.560653,-484.446563,212.504784,83472.5106,83260.005816,-391.802971
78,2024-07-01 11:24:00,2024-07-01 12:43:00,80,96,61.32,49,0.0,4024.0,4024.0,12.75,"(0.0, 4024.0, 27.0, 12.75, 0.0)",2024-07-01 10:57:00,2024-07-03 18:30:00,3316,74,74,0,0.925,0.925,0.0,171.949947,83472.5106,83300.560653,-484.446563,212.504784,83472.5106,83260.005816,-391.802971
78,2024-07-01 11:24:00,2024-07-01 12:43:00,80,96,61.32,50,8.0,914.0,914.0,6.04,"(8.0, 914.0, -6.0, 6.04, 0.0)",2024-07-01 11:24:00,2024-07-01 12:43:00,74,74,74,0,0.925,0.925,0.0,171.949947,83472.5106,83300.560653,-484.446563,212.504784,83472.5106,83260.005816,-391.802971
78,2024-07-01 11:24:00,2024-07-01 12:43:00,80,96,61.32,52,8.0,608.0,608.0,5.44,"(8.0, 608.0, -57.0, 5.44, 0.0)",2024-07-01 11:24:00,2024-07-01 12:43:00,74,74,74,0,0.925,0.925,0.0,171.949947,83472.5106,83300.560653,-484.446563,212.504784,83472.5106,83260.005816,-391.802971
78,2024-07-01 11:24:00,2024-07-01 12:43:00,80,96,61.32,53,8.0,640.0,640.0,6.0,"(8.0, 640.0, -70.0, 6.0, 0.0)",2024-07-01 11:24:00,2024-07-01 12:43:00,74,74,74,0,0.925,0.925,0.0,171.949947,83472.5106,83300.560653,-484.446563,212.504784,83472.5106,83260.005816,-391.802971
78,2024-07-01 11:24:00,2024-07-01 12:43:00,80,96,61.32,54,8.0,607.0,607.0,6.09,"(8.0, 607.0, -85.0, 6.09, 0.0)",2024-07-01 11:24:00,2024-07-01 12:43:00,74,74,74,0,0.925,0.925,0.0,171.949947,83472.5106,83300.560653,-484.446563,212.504784,83472.5106,83260.005816,-391.802971
78,2024-07-01 11:24:00,2024-07-01 12:43:00,80,96,61.32,55,8.0,654.0,654.0,6.23,"(8.0, 654.0, -135.0, 6.23, 0.0)",2024-07-01 11:24:00,2024-07-01 12:43:00,74,74,74,0,0.925,0.925,0.0,171.949947,83472.5106,83300.560653,-484.446563,212.504784,83472.5106,83260.005816,-391.802971
78,2024-07-01 11:24:00,2024-07-01 12:43:00,80,96,61.32,56,8.0,585.0,585.0,5.73,"(8.0, 585.0, -50.0, 5.73, 0.0)",2024-07-01 11:24:00,2024-07-01 12:43:00,74,74,74,0,0.925,0.925,0.0,171.949947,83472.5106,83300.560653,-484.446563,212.504784,83472.5106,83260.005816,-391.802971
78,2024-07-01 11:24:00,2024-07-01 12:43:00,80,96,61.32,57,8.0,571.0,571.0,5.0,"(8.0, 571.0, 21.0, 5.0, 0.0)",2024-07-01 11:24:00,2024-07-01 12:43:00,74,74,74,0,0.925,0.925,0.0,171.949947,83472.5106,83300.560653,-484.446563,212.504784,83472.5106,83260.005816,-391.802971
78,2024-07-01 11:24:00,2024-07-01 12:43:00,80,96,61.32,58,8.0,612.0,612.0,4.59,"(8.0, 612.0, -40.0, 4.59, 0.0)",2024-07-01 11:24:00,2024-07-01 12:43:00,74,74,74,0,0.925,0.925,0.0,171.949947,83472.5106,83300.560653,-484.446563,212.504784,83472.5106,83260.005816,-391.802971
78,2024-07-01 11:24:00,2024-07-01 12:43:00,80,96,61.32,59,8.0,659.0,659.0,5.73,"(8.0, 659.0, -15.0, 5.73, 0.0)",2024-07-01 11:24:00,2024-07-01 12:43:00,74,74,74,0,0.925,0.925,0.0,171.949947,83472.5106,83300.560653,-484.446563,212.504784,83472.5106,83260.005816,-391.802971
78,2024-07-01 11:24:00,2024-07-01 12:43:00,80,96,61.32,60,8.0,630.0,630.0,5.38,"(8.0, 630.0, -33.0, 5.38, 0.0)",2024-07-01 11:24:00,2024-07-01 12:43:00,74,74,74,0,0.925,0.925,0.0,171.949947,83472.5106,83300.560653,-484.446563,212.504784,83472.5106,83260.005816,-391.802971
78,2024-07-01 11:24:00,2024-07-01 12:43:00,80,96,61.32,62,8.0,545.0,545.0,6.37,"(8.0, 545.0, 52.0, 6.37, 0.0)",2024-07-01 11:24:00,2024-07-01 12:43:00,74,74,74,0,0.925,0.925,0.0,171.949947,83472.5106,83300.560653,-484.446563,212.504784,83472.5106,83260.005816,-391.802971
78,2024-07-01 11:24:00,2024-07-01 12:43:00,80,96,61.32,63,8.0,555.0,555.0,5.94,"(8.0, 555.0, -48.0, 5.94, 0.0)",2024-07-01 11:24:00,2024-07-01 12:43:00,74,74,74,0,0.925,0.925,0.0,171.949947,83472.5106,83300.560653,-484.446563,212.504784,83472.5106,83260.005816,-391.802971
78,2024-07-01 11:24:00,2024-07-01 12:43:00,80,96,61.32,64,8.0,681.0,681.0,6.28,"(8.0, 681.0, -81.0, 6.28, 0.0)",2024-07-01 11:24:00,2024-07-01 12:43:00,74,74,74,0,0.925,0.925,0.0,171.949947,83472.5106,83300.560653,-484.446563,212.504784,83472.5106,83260.005816,-391.802971
78,2024-07-01 11:24:00,2024-07-01 12:43:00,80,96,61.32,65,8.0,747.0,747.0,6.25,"(8.0, 747.0, -97.0, 6.25, 0.0)",2024-07-01 11:24:00,2024-07-01 12:43:00,74,74,74,0,0.925,0.925,0.0,171.949947,83472.5106,83300.560653,-484.446563,212.504784,83472.5106,83260.005816,-391.802971
78,2024-07-01 11:24:00,2024-07-01 12:43:00,80,96,61.32,66,8.0,888.0,888.0,6.11,"(8.0, 888.0, -42.0, 6.11, 0.0)",2024-07-01 11:24:00,2024-07-01 12:43:00,74,74,74,0,0.925,0.925,0.0,171.949947,83472.5106,83300.560653,-484.446563,212.504784,83472.5106,83260.005816,-391.802971
78,2024-07-01 11:24:00,2024-07-01 12:43:00,80,96,61.32,67,8.0,1002.0,1002.0,6.03,"(8.0, 1002.0, -22.0, 6.03, 0.0)",2024-07-01 11:24:00,2024-07-01 12:43:00,74,74,74,0,0.925,0.925,0.0,171.949947,83472.5106,83300.560653,-484.446563,212.504784,83472.5106,83260.005816,-391.802971
78,2024-07-01 11:24:00,2024-07-01 12:43:00,80,96,61.32,68,8.0,974.0,974.0,6.01,"(8.0, 974.0, -43.0, 6.01, 0.0)",2024-07-01 11:24:00,2024-07-01 12:43:00,74,74,74,0,0.925,0.925,0.0,171.949947,83472.5106,83300.560653,-484.446563,212.504784,83472.5106,83260.005816,-391.802971
78,2024-07-01 11:24:00,2024-07-01 12:43:00,80,96,61.32,69,8.0,900.0,900.0,6.52,"(8.0, 900.0, -43.0, 6.52, 0.0)",2024-07-01 11:24:00,2024-07-01 12:43:00,74,74,74,0,0.925,0.925,0.0,171.949947,83472.5106,83300.560653,-484.446563,212.504784,83472.5106,83260.005816,-391.802971
78,2024-07-01 11:24:00,2024-07-01 12:43:00,80,96,61.32,70,8.0,837.0,837.0,5.36,"(8.0, 837.0, -72.0, 5.36, 0.0)",2024-07-01 11:24:00,2024-07-01 12:43:00,74,74,74,0,0.925,0.925,0.0,171.949947,83472.5106,83300.560653,-484.446563,212.504784,83472.5106,83260.005816,-391.802971
78,2024-07-01 11:24:00,2024-07-01 12:43:00,80,96,61.32,71,8.0,779.0,779.0,5.47,"(8.0, 779.0, -42.0, 5.47, 0.0)",2024-07-01 11:24:00,2024-07-01 12:43:00,74,74,74,0,0.925,0.925,0.0,171.949947,83472.5106,83300.560653,-484.446563,212.504784,83472.5106,83260.005816,-391.802971
78,2024-07-01 11:24:00,2024-07-01 12:43:00,80,96,61.32,72,8.0,734.0,734.0,5.68,"(8.0, 734.0, -64.0, 5.68, 0.0)",2024-07-01 11:24:00,2024-07-01 12:43:00,74,74,74,0,0.925,0.925,0.0,171.949947,83472.5106,83300.560653,-484.446563,212.504784,83472.5106,83260.005816,-391.802971
78,2024-07-01 11:24:00,2024-07-01 12:43:00,80,96,61.32,73,8.0,641.0,641.0,4.34,"(8.0, 641.0, -37.0, 4.34, 0.0)",2024-07-01 11:24:00,2024-07-01 12:43:00,74,74,74,0,0.925,0.925,0.0,171.949947,83472.5106,83300.560653,-484.446563,212.504784,83472.5106,83260.005816,-391.802971
78,2024-07-01 11:24:00,2024-07-01 12:43:00,80,96,61.32,74,8.0,593.0,593.0,5.13,"(8.0, 593.0, -72.0, 5.13, 0.0)",2024-07-01 11:24:00,2024-07-01 12:43:00,74,74,74,0,0.925,0.925,0.0,171.949947,83472.5106,83300.560653,-484.446563,212.504784,83472.5106,83260.005816,-391.802971
78,2024-07-01 11:24:00,2024-07-01 12:43:00,80,96,61.32,75,8.0,652.0,652.0,5.64,"(8.0, 652.0, 0.0, 5.64, 0.0)",2024-07-01 11:24:00,2024-07-01 12:43:00,74,74,74,0,0.925,0.925,0.0,171.949947,83472.5106,83300.560653,-484.446563,212.504784,83472.5106,83260.005816,-391.802971
78,2024-07-01 11:24:00,2024-07-01 12:43:00,80,96,61.32,76,8.0,604.0,604.0,5.64,"(8.0, 604.0, -41.0, 5.64, 0.0)",2024-07-01 11:24:00,2024-07-01 12:43:00,74,74,74,0,0.925,0.925,0.0,171.949947,83472.5106,83300.560653,-484.446563,212.504784,83472.5106,83260.005816,-391.802971
78,2024-07-01 11:24:00,2024-07-01 12:43:00,80,96,61.32,77,8.0,613.0,613.0,6.05,"(8.0, 613.0, -18.0, 6.05, 0.0)",2024-07-01 11:24:00,2024-07-01 12:43:00,74,74,74,0,0.925,0.925,0.0,171.949947,83472.5106,83300.560653,-484.446563,212.504784,83472.5106,83260.005816,-391.802971
78,2024-07-01 11:24:00,2024-07-01 12:43:00,80,96,61.32,78,8.0,633.0,633.0,5.72,"(8.0, 633.0, -35.0, 5.72, 0.0)",2024-07-01 11:24:00,2024-07-01 12:43:00,74,74,74,0,0.925,0.925,0.0,171.949947,83472.5106,83300.560653,-484.446563,212.504784,83472.5106,83260.005816,-391.802971
78,2024-07-01 11:24:00,2024-07-01 12:43:00,80,96,61.32,79,8.0,741.0,741.0,5.76,"(8.0, 741.0, -15.0, 5.76, 0.0)",2024-07-01 11:24:00,2024-07-01 12:44:00,75,74,74,0,0.925,0.925,0.0,171.949947,83472.5106,83300.560653,-484.446563,212.504784,83472.5106,83260.005816,-391.802971
78,2024-07-01 11:24:00,2024-07-01 12:43:00,80,96,61.32,80,8.0,627.0,627.0,5.13,"(8.0, 627.0, 13.0, 5.13, 0.0)",2024-07-01 11:24:00,2024-07-01 12:44:00,75,74,74,0,0.925,0.925,0.0,171.949947,83472.5106,83300.560653,-484.446563,212.504784,83472.5106,83260.005816,-391.802971
78,2024-07-01 11:24:00,2024-07-01 12:43:00,80,96,61.32,81,8.0,681.0,681.0,5.15,"(8.0, 681.0, -212.0, 5.15, 0.0)",2024-07-01 11:24:00,2024-07-01 12:44:00,75,74,74,0,0.925,0.925,0.0,171.949947,83472.5106,83300.560653,-484.446563,212.504784,83472.5106,83260.005816,-391.802971
78,2024-07-01 11:24:00,2024-07-01 12:43:00,80,96,61.32,82,8.0,861.0,861.0,6.28,"(8.0, 861.0, -39.0, 6.28, 0.0)",2024-07-01 11:24:00,2024-07-01 12:44:00,75,74,74,0,0.925,0.925,0.0,171.949947,83472.5106,83300.560653,-484.446563,212.504784,83472.5106,83260.005816,-391.802971
78,2024-07-01 11:24:00,2024-07-01 12:43:00,80,96,61.32,83,8.0,1211.0,1211.0,6.09,"(8.0, 1211.0, -48.0, 6.09, 0.0)",2024-07-01 11:24:00,2024-07-01 12:44:00,75,74,74,0,0.925,0.925,0.0,171.949947,83472.5106,83300.560653,-484.446563,212.504784,83472.5106,83260.005816,-391.802971
78,2024-07-01 11:24:00,2024-07-01 12:43:00,80,96,61.32,84,8.0,1188.0,1188.0,5.95,"(8.0, 1188.0, -58.0, 5.95, 0.0)",2024-07-01 11:24:00,2024-07-01 12:44:00,75,74,74,0,0.925,0.925,0.0,171.949947,83472.5106,83300.560653,-484.446563,212.504784,83472.5106,83260.005816,-391.802971
78,2024-07-01 11:24:00,2024-07-01 12:43:00,80,96,61.32,85,8.0,1129.0,1129.0,6.51,"(8.0, 1129.0, -88.0, 6.51, 0.0)",2024-07-01 11:24:00,2024-07-01 12:44:00,75,74,74,0,0.925,0.925,0.0,171.949947,83472.5106,83300.560653,-484.446563,212.504784,83472.5106,83260.005816,-391.802971
78,2024-07-01 11:24:00,2024-07-01 12:43:00,80,96,61.32,86,8.0,1074.0,1074.0,6.17,"(8.0, 1074.0, -62.0, 6.17, 0.0)",2024-07-01 11:24:00,2024-07-01 12:44:00,75,74,74,0,0.925,0.925,0.0,171.949947,83472.5106,83300.560653,-484.446563,212.504784,83472.5106,83260.005816,-391.802971
78,2024-07-01 11:24:00,2024-07-01 12:43:00,80,96,61.32,87,8.0,1058.0,1058.0,6.32,"(8.0, 1058.0, -15.0, 6.32, 0.0)",2024-07-01 11:24:00,2024-07-01 12:44:00,75,74,74,0,0.925,0.925,0.0,171.949947,83472.5106,83300.560653,-484.446563,212.504784,83472.5106,83260.005816,-391.802971
78,2024-07-01 11:24:00,2024-07-01 12:43:00,80,96,61.32,88,8.0,1037.0,1037.0,5.79,"(8.0, 1037.0, -10.0, 5.79, 0.0)",2024-07-01 11:24:00,2024-07-01 12:44:00,75,74,74,0,0.925,0.925,0.0,171.949947,83472.5106,83300.560653,-484.446563,212.504784,83472.5106,83260.005816,-391.802971
78,2024-07-01 11:24:00,2024-07-01 12:43:00,80,96,61.32,89,8.0,990.0,990.0,6.52,"(8.0, 990.0, -75.0, 6.52, 0.0)",2024-07-01 11:24:00,2024-07-01 12:44:00,75,74,74,0,0.925,0.925,0.0,171.949947,83472.5106,83300.560653,-484.446563,212.504784,83472.5106,83260.005816,-391.802971
78,2024-07-01 11:24:00,2024-07-01 12:43:00,80,96,61.32,90,8.0,998.0,998.0,5.93,"(8.0, 998.0, -95.0, 5.93, 0.0)",2024-07-01 11:24:00,2024-07-01 12:44:00,75,74,74,0,0.925,0.925,0.0,171.949947,83472.5106,83300.560653,-484.446563,212.504784,83472.5106,83260.005816,-391.802971
78,2024-07-01 11:24:00,2024-07-01 12:43:00,80,96,61.32,91,8.0,987.0,987.0,6.2,"(8.0, 987.0, -64.0, 6.2, 0.0)",2024-07-01 11:24:00,2024-07-01 12:44:00,75,74,74,0,0.925,0.925,0.0,171.949947,83472.5106,83300.560653,-484.446563,212.504784,83472.5106,83260.005816,-391.802971
78,2024-07-01 11:24:00,2024-07-01 12:43:00,80,96,61.32,92,8.0,959.0,959.0,5.36,"(8.0, 959.0, -46.0, 5.36, 0.0)",2024-07-01 11:24:00,2024-07-01 12:44:00,75,74,74,0,0.925,0.925,0.0,171.949947,83472.5106,83300.560653,-484.446563,212.504784,83472.5106,83260.005816,-391.802971
78,2024-07-01 11:24:00,2024-07-01 12:43:00,80,96,61.32,93,8.0,942.0,942.0,6.35,"(8.0, 942.0, -45.0, 6.35, 0.0)",2024-07-01 11:24:00,2024-07-01 12:44:00,75,74,74,0,0.925,0.925,0.0,171.949947,83472.5106,83300.560653,-484.446563,212.504784,83472.5106,83260.005816,-391.802971
78,2024-07-01 11:24:00,2024-07-01 12:43:00,80,96,61.32,94,8.0,914.0,914.0,5.79,"(8.0, 914.0, -31.0, 5.79, 0.0)",2024-07-01 11:24:00,2024-07-01 12:44:00,75,74,74,0,0.925,0.925,0.0,171.949947,83472.5106,83300.560653,-484.446563,212.504784,83472.5106,83260.005816,-391.802971
78,2024-07-01 11:24:00,2024-07-01 12:43:00,80,96,61.32,95,8.0,892.0,892.0,5.64,"(8.0, 892.0, -60.0, 5.64, 0.0)",2024-07-01 11:24:00,2024-07-01 12:44:00,75,74,74,0,0.925,0.925,0.0,171.949947,83472.5106,83300.560653,-484.446563,212.504784,83472.5106,83260.005816,-391.802971
78,2024-07-01 11:24:00,2024-07-01 12:43:00,80,96,61.32,96,8.0,906.0,906.0,6.01,"(8.0, 906.0, -193.0, 6.01, 0.0)",2024-07-01 11:24:00,2024-07-01 12:44:00,75,74,74,0,0.925,0.925,0.0,171.949947,83472.5106,83300.560653,-484.446563,212.504784,83472.5106,83260.005816,-391.802971
78,2024-07-01 11:24:00,2024-07-01 12:43:00,80,96,61.32,97,8.0,868.0,868.0,5.83,"(8.0, 868.0, -51.0, 5.83, 0.0)",2024-07-01 11:24:00,2024-07-01 12:44:00,75,74,74,0,0.925,0.925,0.0,171.949947,83472.5106,83300.560653,-484.446563,212.504784,83472.5106,83260.005816,-391.802971
78,2024-07-01 11:24:00,2024-07-01 12:43:00,80,96,61.32,98,8.0,827.0,827.0,6.05,"(8.0, 827.0, -37.0, 6.05, 0.0)",2024-07-01 11:24:00,2024-07-01 12:44:00,75,74,74,0,0.925,0.925,0.0,171.949947,83472.5106,83300.560653,-484.446563,212.504784,83472.5106,83260.005816,-391.802971
78,2024-07-01 11:24:00,2024-07-01 12:43:00,80,96,61.32,99,8.0,803.0,803.0,5.7,"(8.0, 803.0, -26.0, 5.7, 0.0)",2024-07-01 11:24:00,2024-07-01 12:44:00,75,74,74,0,0.925,0.925,0.0,171.949947,83472.5106,83300.560653,-484.446563,212.504784,83472.5106,83260.005816,-391.802971
78,2024-07-01 11:24:00,2024-07-01 12:43:00,80,96,61.32,100,8.0,860.0,860.0,6.28,"(8.0, 860.0, -110.0, 6.28, 0.0)",2024-07-01 11:24:00,2024-07-01 12:44:00,75,74,74,0,0.925,0.925,0.0,171.949947,83472.5106,83300.560653,-484.446563,212.504784,83472.5106,83260.005816,-391.802971
79,2024-07-01 12:44:00,2024-07-01 12:44:00,1,23,24.577,49,0.0,4024.0,4024.0,12.75,"(0.0, 4024.0, 27.0, 12.75, 0.0)",2024-07-01 10:57:00,2024-07-03 18:30:00,3316,1,1,0,1.0,1.0,0.0,14.475774,28.069078,13.593304,-0.939038,14.794631,28.576279,13.781649,-0.93153
79,2024-07-01 12:44:00,2024-07-01 12:44:00,1,23,24.577,79,8.0,741.0,741.0,5.76,"(8.0, 741.0, -15.0, 5.76, 0.0)",2024-07-01 11:24:00,2024-07-01 12:44:00,75,1,1,0,1.0,1.0,0.0,14.475774,28.069078,13.593304,-0.939038,14.794631,28.576279,13.781649,-0.93153
79,2024-07-01 12:44:00,2024-07-01 12:44:00,1,23,24.577,80,8.0,627.0,627.0,5.13,"(8.0, 627.0, 13.0, 5.13, 0.0)",2024-07-01 11:24:00,2024-07-01 12:44:00,75,1,1,0,1.0,1.0,0.0,14.475774,28.069078,13.593304,-0.939038,14.794631,28.576279,13.781649,-0.93153
79,2024-07-01 12:44:00,2024-07-01 12:44:00,1,23,24.577,81,8.0,681.0,681.0,5.15,"(8.0, 681.0, -212.0, 5.15, 0.0)",2024-07-01 11:24:00,2024-07-01 12:44:00,75,1,1,0,1.0,1.0,0.0,14.475774,28.069078,13.593304,-0.939038,14.794631,28.576279,13.781649,-0.93153
79,2024-07-01 12:44:00,2024-07-01 12:44:00,1,23,24.577,82,8.0,861.0,861.0,6.28,"(8.0, 861.0, -39.0, 6.28, 0.0)",2024-07-01 11:24:00,2024-07-01 12:44:00,75,1,1,0,1.0,1.0,0.0,14.475774,28.069078,13.593304,-0.939038,14.794631,28.576279,13.781649,-0.93153
79,2024-07-01 12:44:00,2024-07-01 12:44:00,1,23,24.577,83,8.0,1211.0,1211.0,6.09,"(8.0, 1211.0, -48.0, 6.09, 0.0)",2024-07-01 11:24:00,2024-07-01 12:44:00,75,1,1,0,1.0,1.0,0.0,14.475774,28.069078,13.593304,-0.939038,14.794631,28.576279,13.781649,-0.93153
79,2024-07-01 12:44:00,2024-07-01 12:44:00,1,23,24.577,84,8.0,1188.0,1188.0,5.95,"(8.0, 1188.0, -58.0, 5.95, 0.0)",2024-07-01 11:24:00,2024-07-01 12:44:00,75,1,1,0,1.0,1.0,0.0,14.475774,28.069078,13.593304,-0.939038,14.794631,28.576279,13.781649,-0.93153
79,2024-07-01 12:44:00,2024-07-01 12:44:00,1,23,24.577,85,8.0,1129.0,1129.0,6.51,"(8.0, 1129.0, -88.0, 6.51, 0.0)",2024-07-01 11:24:00,2024-07-01 12:44:00,75,1,1,0,1.0,1.0,0.0,14.475774,28.069078,13.593304,-0.939038,14.794631,28.576279,13.781649,-0.93153
79,2024-07-01 12:44:00,2024-07-01 12:44:00,1,23,24.577,86,8.0,1074.0,1074.0,6.17,"(8.0, 1074.0, -62.0, 6.17, 0.0)",2024-07-01 11:24:00,2024-07-01 12:44:00,75,1,1,0,1.0,1.0,0.0,14.475774,28.069078,13.593304,-0.939038,14.794631,28.576279,13.781649,-0.93153
79,2024-07-01 12:44:00,2024-07-01 12:44:00,1,23,24.577,87,8.0,1058.0,1058.0,6.32,"(8.0, 1058.0, -15.0, 6.32, 0.0)",2024-07-01 11:24:00,2024-07-01 12:44:00,75,1,1,0,1.0,1.0,0.0,14.475774,28.069078,13.593304,-0.939038,14.794631,28.576279,13.781649,-0.93153
79,2024-07-01 12:44:00,2024-07-01 12:44:00,1,23,24.577,88,8.0,1037.0,1037.0,5.79,"(8.0, 1037.0, -10.0, 5.79, 0.0)",2024-07-01 11:24:00,2024-07-01 12:44:00,75,1,1,0,1.0,1.0,0.0,14.475774,28.069078,13.593304,-0.939038,14.794631,28.576279,13.781649,-0.93153
79,2024-07-01 12:44:00,2024-07-01 12:44:00,1,23,24.577,89,8.0,990.0,990.0,6.52,"(8.0, 990.0, -75.0, 6.52, 0.0)",2024-07-01 11:24:00,2024-07-01 12:44:00,75,1,1,0,1.0,1.0,0.0,14.475774,28.069078,13.593304,-0.939038,14.794631,28.576279,13.781649,-0.93153
79,2024-07-01 12:44:00,2024-07-01 12:44:00,1,23,24.577,90,8.0,998.0,998.0,5.93,"(8.0, 998.0, -95.0, 5.93, 0.0)",2024-07-01 11:24:00,2024-07-01 12:44:00,75,1,1,0,1.0,1.0,0.0,14.475774,28.069078,13.593304,-0.939038,14.794631,28.576279,13.781649,-0.93153
79,2024-07-01 12:44:00,2024-07-01 12:44:00,1,23,24.577,91,8.0,987.0,987.0,6.2,"(8.0, 987.0, -64.0, 6.2, 0.0)",2024-07-01 11:24:00,2024-07-01 12:44:00,75,1,1,0,1.0,1.0,0.0,14.475774,28.069078,13.593304,-0.939038,14.794631,28.576279,13.781649,-0.93153
79,2024-07-01 12:44:00,2024-07-01 12:44:00,1,23,24.577,92,8.0,959.0,959.0,5.36,"(8.0, 959.0, -46.0, 5.36, 0.0)",2024-07-01 11:24:00,2024-07-01 12:44:00,75,1,1,0,1.0,1.0,0.0,14.475774,28.069078,13.593304,-0.939038,14.794631,28.576279,13.781649,-0.93153
79,2024-07-01 12:44:00,2024-07-01 12:44:00,1,23,24.577,93,8.0,942.0,942.0,6.35,"(8.0, 942.0, -45.0, 6.35, 0.0)",2024-07-01 11:24:00,2024-07-01 12:44:00,75,1,1,0,1.0,1.0,0.0,14.475774,28.069078,13.593304,-0.939038,14.794631,28.576279,13.781649,-0.93153
79,2024-07-01 12:44:00,2024-07-01 12:44:00,1,23,24.577,94,8.0,914.0,914.0,5.79,"(8.0, 914.0, -31.0, 5.79, 0.0)",2024-07-01 11:24:00,2024-07-01 12:44:00,75,1,1,0,1.0,1.0,0.0,14.475774,28.069078,13.593304,-0.939038,14.794631,28.576279,13.781649,-0.93153
79,2024-07-01 12:44:00,2024-07-01 12:44:00,1,23,24.577,95,8.0,892.0,892.0,5.64,"(8.0, 892.0, -60.0, 5.64, 0.0)",2024-07-01 11:24:00,2024-07-01 12:44:00,75,1,1,0,1.0,1.0,0.0,14.475774,28.069078,13.593304,-0.939038,14.794631,28.576279,13.781649,-0.93153
79,2024-07-01 12:44:00,2024-07-01 12:44:00,1,23,24.577,96,8.0,906.0,906.0,6.01,"(8.0, 906.0, -193.0, 6.01, 0.0)",2024-07-01 11:24:00,2024-07-01 12:44:00,75,1,1,0,1.0,1.0,0.0,14.475774,28.069078,13.593304,-0.939038,14.794631,28.576279,13.781649,-0.93153
79,2024-07-01 12:44:00,2024-07-01 12:44:00,1,23,24.577,97,8.0,868.0,868.0,5.83,"(8.0, 868.0, -51.0, 5.83, 0.0)",2024-07-01 11:24:00,2024-07-01 12:44:00,75,1,1,0,1.0,1.0,0.0,14.475774,28.069078,13.593304,-0.939038,14.794631,28.576279,13.781649,-0.93153
79,2024-07-01 12:44:00,2024-07-01 12:44:00,1,23,24.577,98,8.0,827.0,827.0,6.05,"(8.0, 827.0, -37.0, 6.05, 0.0)",2024-07-01 11:24:00,2024-07-01 12:44:00,75,1,1,0,1.0,1.0,0.0,14.475774,28.069078,13.593304,-0.939038,14.794631,28.576279,13.781649,-0.93153
79,2024-07-01 12:44:00,2024-07-01 12:44:00,1,23,24.577,99,8.0,803.0,803.0,5.7,"(8.0, 803.0, -26.0, 5.7, 0.0)",2024-07-01 11:24:00,2024-07-01 12:44:00,75,1,1,0,1.0,1.0,0.0,14.475774,28.069078,13.593304,-0.939038,14.794631,28.576279,13.781649,-0.93153
79,2024-07-01 12:44:00,2024-07-01 12:44:00,1,23,24.577,100,8.0,860.0,860.0,6.28,"(8.0, 860.0, -110.0, 6.28, 0.0)",2024-07-01 11:24:00,2024-07-01 12:44:00,75,1,1,0,1.0,1.0,0.0,14.475774,28.069078,13.593304,-0.939038,14.794631,28.576279,13.781649,-0.93153
80,2024-07-01 12:45:00,2024-07-01 13:07:00,23,1,4.024,49,0.0,4024.0,4024.0,12.75,"(0.0, 4024.0, 27.0, 12.75, 0.0)",2024-07-01 10:57:00,2024-07-03 18:30:00,3316,20,6,-14,0.869565,0.26087,-0.608696,56.967461,8.200113,-48.767349,0.856056,70.130083,17.367423,-52.76266,0.752354
81,2024-07-01 13:08:00,2024-07-01 13:12:00,5,82,42.963,2,8.0,362.0,362.0,4.68,"(8.0, 362.0, -76.0, 4.68, 0.0)",2024-07-01 13:08:00,2024-07-01 13:12:00,5,5,5,0,1.0,1.0,0.0,11.372866,3808.285,3796.912134,-333.857107,14.400051,3808.285,3793.884949,-263.463295
81,2024-07-01 13:08:00,2024-07-01 13:12:00,5,82,42.963,3,8.0,444.0,444.0,5.63,"(8.0, 444.0, -77.0, 5.63, 0.0)",2024-07-01 13:08:00,2024-07-01 13:12:00,5,5,5,0,1.0,1.0,0.0,11.372866,3808.285,3796.912134,-333.857107,14.400051,3808.285,3793.884949,-263.463295
81,2024-07-01 13:08:00,2024-07-01 13:12:00,5,82,42.963,4,8.0,430.0,430.0,4.98,"(8.0, 430.0, -112.0, 4.98, 0.0)",2024-07-01 13:08:00,2024-07-01 13:12:00,5,5,5,0,1.0,1.0,0.0,11.372866,3808.285,3796.912134,-333.857107,14.400051,3808.285,3793.884949,-263.463295
81,2024-07-01 13:08:00,2024-07-01 13:12:00,5,82,42.963,5,8.0,443.0,443.0,4.67,"(8.0, 443.0, -64.0, 4.67, 0.0)",2024-07-01 13:08:00,2024-07-01 13:12:00,5,5,5,0,1.0,1.0,0.0,11.372866,3808.285,3796.912134,-333.857107,14.400051,3808.285,3793.884949,-263.463295
81,2024-07-01 13:08:00,2024-07-01 13:12:00,5,82,42.963,7,8.0,416.0,416.0,5.17,"(8.0, 416.0, -52.0, 5.17, 0.0)",2024-07-01 13:08:00,2024-07-01 13:12:00,5,5,5,0,1.0,1.0,0.0,11.372866,3808.285,3796.912134,-333.857107,14.400051,3808.285,3793.884949,-263.463295
81,2024-07-01 13:08:00,2024-07-01 13:12:00,5,82,42.963,8,8.0,248.0,248.0,3.48,"(8.0, 248.0, -69.0, 3.48, 0.0)",2024-07-01 13:08:00,2024-07-01 13:12:00,5,5,5,0,1.0,1.0,0.0,11.372866,3808.285,3796.912134,-333.857107,14.400051,3808.285,3793.884949,-263.463295
81,2024-07-01 13:08:00,2024-07-01 13:12:00,5,82,42.963,12,8.0,285.0,285.0,4.85,"(8.0, 285.0, -78.0, 4.85, 0.0)",2024-07-01 13:08:00,2024-07-01 13:12:00,5,5,5,0,1.0,1.0,0.0,11.372866,3808.285,3796.912134,-333.857107,14.400051,3808.285,3793.884949,-263.463295
81,2024-07-01 13:08:00,2024-07-01 13:12:00,5,82,42.963,13,8.0,370.0,370.0,4.66,"(8.0, 370.0, -63.0, 4.66, 0.0)",2024-07-01 13:08:00,2024-07-01 13:12:00,5,5,5,0,1.0,1.0,0.0,11.372866,3808.285,3796.912134,-333.857107,14.400051,3808.285,3793.884949,-263.463295
81,2024-07-01 13:08:00,2024-07-01 13:12:00,5,82,42.963,14,8.0,353.0,353.0,4.47,"(8.0, 353.0, -73.0, 4.47, 0.0)",2024-07-01 13:08:00,2024-07-01 13:12:00,5,5,5,0,1.0,1.0,0.0,11.372866,3808.285,3796.912134,-333.857107,14.400051,3808.285,3793.884949,-263.463295
81,2024-07-01 13:08:00,2024-07-01 13:12:00,5,82,42.963,16,8.0,437.0,437.0,5.03,"(8.0, 437.0, -8.0, 5.03, 0.0)",2024-07-01 13:08:00,2024-07-01 13:12:00,5,5,5,0,1.0,1.0,0.0,11.372866,3808.285,3796.912134,-333.857107,14.400051,3808.285,3793.884949,-263.463295
81,2024-07-01 13:08:00,2024-07-01 13:12:00,5,82,42.963,17,8.0,267.0,267.0,4.03,"(8.0, 267.0, -61.0, 4.03, 0.0)",2024-07-01 13:08:00,2024-07-01 13:12:00,5,5,5,0,1.0,1.0,0.0,11.372866,3808.285,3796.912134,-333.857107,14.400051,3808.285,3793.884949,-263.463295
81,2024-07-01 13:08:00,2024-07-01 13:12:00,5,82,42.963,18,8.0,530.0,530.0,4.98,"(8.0, 530.0, -19.0, 4.98, 0.0)",2024-07-01 13:08:00,2024-07-01 13:12:00,5,5,5,0,1.0,1.0,0.0,11.372866,3808.285,3796.912134,-333.857107,14.400051,3808.285,3793.884949,-263.463295
81,2024-07-01 13:08:00,2024-07-01 13:12:00,5,82,42.963,19,8.0,433.0,433.0,5.25,"(8.0, 433.0, -98.0, 5.25, 0.0)",2024-07-01 13:08:00,2024-07-01 13:12:00,5,5,5,0,1.0,1.0,0.0,11.372866,3808.285,3796.912134,-333.857107,14.400051,3808.285,3793.884949,-263.463295
81,2024-07-01 13:08:00,2024-07-01 13:12:00,5,82,42.963,20,8.0,493.0,493.0,5.26,"(8.0, 493.0, -24.0, 5.26, 0.0)",2024-07-01 13:08:00,2024-07-01 13:12:00,5,5,5,0,1.0,1.0,0.0,11.372866,3808.285,3796.912134,-333.857107,14.400051,3808.285,3793.884949,-263.463295
81,2024-07-01 13:08:00,2024-07-01 13:12:00,5,82,42.963,21,8.0,319.0,319.0,3.49,"(8.0, 319.0, -66.0, 3.49, 0.0)",2024-07-01 13:08:00,2024-07-01 13:12:00,5,5,5,0,1.0,1.0,0.0,11.372866,3808.285,3796.912134,-333.857107,14.400051,3808.285,3793.884949,-263.463295
81,2024-07-01 13:08:00,2024-07-01 13:12:00,5,82,42.963,24,8.0,500.0,500.0,5.35,"(8.0, 500.0, -14.0, 5.35, 0.0)",2024-07-01 13:08:00,2024-07-01 13:12:00,5,5,5,0,1.0,1.0,0.0,11.372866,3808.285,3796.912134,-333.857107,14.400051,3808.285,3793.884949,-263.463295
81,2024-07-01 13:08:00,2024-07-01 13:12:00,5,82,42.963,26,8.0,384.0,384.0,4.57,"(8.0, 384.0, -26.0, 4.57, 0.0)",2024-07-01 13:08:00,2024-07-01 13:12:00,5,5,5,0,1.0,1.0,0.0,11.372866,3808.285,3796.912134,-333.857107,14.400051,3808.285,3793.884949,-263.463295
81,2024-07-01 13:08:00,2024-07-01 13:12:00,5,82,42.963,27,11.0,374.0,374.0,4.8,"(11.0, 374.0, -63.0, 4.8, 0.0)",2024-07-01 13:08:00,2024-07-01 13:12:00,5,5,5,0,1.0,1.0,0.0,11.372866,3808.285,3796.912134,-333.857107,14.400051,3808.285,3793.884949,-263.463295
81,2024-07-01 13:08:00,2024-07-01 13:12:00,5,82,42.963,28,8.0,300.0,300.0,4.48,"(8.0, 300.0, -72.0, 4.48, 0.0)",2024-07-01 13:08:00,2024-07-01 13:12:00,5,5,5,0,1.0,1.0,0.0,11.372866,3808.285,3796.912134,-333.857107,14.400051,3808.285,3793.884949,-263.463295
81,2024-07-01 13:08:00,2024-07-01 13:12:00,5,82,42.963,29,8.0,408.0,408.0,5.06,"(8.0, 408.0, -56.0, 5.06, 0.0)",2024-07-01 13:08:00,2024-07-01 13:12:00,5,5,5,0,1.0,1.0,0.0,11.372866,3808.285,3796.912134,-333.857107,14.400051,3808.285,3793.884949,-263.463295
81,2024-07-01 13:08:00,2024-07-01 13:12:00,5,82,42.963,30,8.0,408.0,408.0,4.89,"(8.0, 408.0, -67.0, 4.89, 0.0)",2024-07-01 13:08:00,2024-07-01 13:12:00,5,5,5,0,1.0,1.0,0.0,11.372866,3808.285,3796.912134,-333.857107,14.400051,3808.285,3793.884949,-263.463295
81,2024-07-01 13:08:00,2024-07-01 13:12:00,5,82,42.963,33,8.0,290.0,290.0,4.55,"(8.0, 290.0, -68.0, 4.55, 0.0)",2024-07-01 13:08:00,2024-07-01 13:12:00,5,5,5,0,1.0,1.0,0.0,11.372866,3808.285,3796.912134,-333.857107,14.400051,3808.285,3793.884949,-263.463295
81,2024-07-01 13:08:00,2024-07-01 13:12:00,5,82,42.963,34,8.0,378.0,378.0,4.96,"(8.0, 378.0, -64.0, 4.96, 0.0)",2024-07-01 13:08:00,2024-07-01 13:12:00,5,5,5,0,1.0,1.0,0.0,11.372866,3808.285,3796.912134,-333.857107,14.400051,3808.285,3793.884949,-263.463295
81,2024-07-01 13:08:00,2024-07-01 13:12:00,5,82,42.963,35,8.0,547.0,547.0,4.59,"(8.0, 547.0, -11.0, 4.59, 0.0)",2024-07-01 13:08:00,2024-07-01 13:12:00,5,5,5,0,1.0,1.0,0.0,11.372866,3808.285,3796.912134,-333.857107,14.400051,3808.285,3793.884949,-263.463295
81,2024-07-01 13:08:00,2024-07-01 13:12:00,5,82,42.963,37,8.0,451.0,451.0,5.31,"(8.0, 451.0, -39.0, 5.31, 0.0)",2024-07-01 13:08:00,2024-07-01 13:12:00,5,5,5,0,1.0,1.0,0.0,11.372866,3808.285,3796.912134,-333.857107,14.400051,3808.285,3793.884949,-263.463295
81,2024-07-01 13:08:00,2024-07-01 13:12:00,5,82,42.963,38,8.0,504.0,504.0,5.39,"(8.0, 504.0, -84.0, 5.39, 0.0)",2024-07-01 13:08:00,2024-07-01 13:12:00,5,5,5,0,1.0,1.0,0.0,11.372866,3808.285,3796.912134,-333.857107,14.400051,3808.285,3793.884949,-263.463295
81,2024-07-01 13:08:00,2024-07-01 13:12:00,5,82,42.963,39,11.0,455.0,455.0,5.75,"(11.0, 455.0, -46.0, 5.75, 0.0)",2024-07-01 13:08:00,2024-07-01 13:12:00,5,5,5,0,1.0,1.0,0.0,11.372866,3808.285,3796.912134,-333.857107,14.400051,3808.285,3793.884949,-263.463295
81,2024-07-01 13:08:00,2024-07-01 13:12:00,5,82,42.963,40,11.0,635.0,635.0,5.47,"(11.0, 635.0, 11.0, 5.47, 0.0)",2024-07-01 13:08:00,2024-07-01 13:12:00,5,5,5,0,1.0,1.0,0.0,11.372866,3808.285,3796.912134,-333.857107,14.400051,3808.285,3793.884949,-263.463295
81,2024-07-01 13:08:00,2024-07-01 13:12:00,5,82,42.963,42,8.0,531.0,531.0,5.9,"(8.0, 531.0, -77.0, 5.9, 0.0)",2024-07-01 13:08:00,2024-07-01 13:12:00,5,5,5,0,1.0,1.0,0.0,11.372866,3808.285,3796.912134,-333.857107,14.400051,3808.285,3793.884949,-263.463295
81,2024-07-01 13:08:00,2024-07-01 13:12:00,5,82,42.963,43,11.0,517.0,517.0,5.49,"(11.0, 517.0, 39.0, 5.49, 0.0)",2024-07-01 13:08:00,2024-07-01 13:12:00,5,5,5,0,1.0,1.0,0.0,11.372866,3808.285,3796.912134,-333.857107,14.400051,3808.285,3793.884949,-263.463295
81,2024-07-01 13:08:00,2024-07-01 13:12:00,5,82,42.963,44,8.0,496.0,496.0,5.23,"(8.0, 496.0, 22.0, 5.23, 0.0)",2024-07-01 13:08:00,2024-07-01 13:12:00,5,5,5,0,1.0,1.0,0.0,11.372866,3808.285,3796.912134,-333.857107,14.400051,3808.285,3793.884949,-263.463295
81,2024-07-01 13:08:00,2024-07-01 13:12:00,5,82,42.963,46,8.0,357.0,357.0,4.42,"(8.0, 357.0, -1.0, 4.42, 0.0)",2024-07-01 13:08:00,2024-07-01 13:12:00,5,5,5,0,1.0,1.0,0.0,11.372866,3808.285,3796.912134,-333.857107,14.400051,3808.285,3793.884949,-263.463295
81,2024-07-01 13:08:00,2024-07-01 13:12:00,5,82,42.963,48,8.0,294.0,294.0,4.54,"(8.0, 294.0, -70.0, 4.54, 0.0)",2024-07-01 13:08:00,2024-07-01 13:12:00,5,5,5,0,1.0,1.0,0.0,11.372866,3808.285,3796.912134,-333.857107,14.400051,3808.285,3793.884949,-263.463295
81,2024-07-01 13:08:00,2024-07-01 13:12:00,5,82,42.963,49,0.0,4024.0,4024.0,12.75,"(0.0, 4024.0, 27.0, 12.75, 0.0)",2024-07-01 10:57:00,2024-07-03 18:30:00,3316,5,5,0,1.0,1.0,0.0,11.372866,3808.285,3796.912134,-333.857107,14.400051,3808.285,3793.884949,-263.463295
81,2024-07-01 13:08:00,2024-07-01 13:12:00,5,82,42.963,50,8.0,656.0,656.0,5.17,"(8.0, 656.0, 9.0, 5.17, 0.0)",2024-07-01 13:08:00,2024-07-01 13:12:00,5,5,5,0,1.0,1.0,0.0,11.372866,3808.285,3796.912134,-333.857107,14.400051,3808.285,3793.884949,-263.463295
81,2024-07-01 13:08:00,2024-07-01 13:12:00,5,82,42.963,52,8.0,284.0,284.0,4.5,"(8.0, 284.0, -73.0, 4.5, 0.0)",2024-07-01 13:08:00,2024-07-01 13:12:00,5,5,5,0,1.0,1.0,0.0,11.372866,3808.285,3796.912134,-333.857107,14.400051,3808.285,3793.884949,-263.463295
81,2024-07-01 13:08:00,2024-07-01 13:12:00,5,82,42.963,53,8.0,286.0,286.0,4.45,"(8.0, 286.0, -71.0, 4.45, 0.0)",2024-07-01 13:08:00,2024-07-01 13:12:00,5,5,5,0,1.0,1.0,0.0,11.372866,3808.285,3796.912134,-333.857107,14.400051,3808.285,3793.884949,-263.463295
81,2024-07-01 13:08:00,2024-07-01 13:12:00,5,82,42.963,54,8.0,334.0,334.0,5.34,"(8.0, 334.0, -80.0, 5.34, 0.0)",2024-07-01 13:08:00,2024-07-01 13:12:00,5,5,5,0,1.0,1.0,0.0,11.372866,3808.285,3796.912134,-333.857107,14.400051,3808.285,3793.884949,-263.463295
81,2024-07-01 13:08:00,2024-07-01 13:12:00,5,82,42.963,56,8.0,239.0,239.0,4.15,"(8.0, 239.0, -76.0, 4.15, 0.0)",2024-07-01 13:08:00,2024-07-01 13:12:00,5,5,5,0,1.0,1.0,0.0,11.372866,3808.285,3796.912134,-333.857107,14.400051,3808.285,3793.884949,-263.463295
81,2024-07-01 13:08:00,2024-07-01 13:12:00,5,82,42.963,57,8.0,452.0,452.0,5.3,"(8.0, 452.0, -13.0, 5.3, 0.0)",2024-07-01 13:08:00,2024-07-01 13:12:00,5,5,5,0,1.0,1.0,0.0,11.372866,3808.285,3796.912134,-333.857107,14.400051,3808.285,3793.884949,-263.463295
81,2024-07-01 13:08:00,2024-07-01 13:12:00,5,82,42.963,58,8.0,316.0,316.0,3.7,"(8.0, 316.0, -77.0, 3.7, 0.0)",2024-07-01 13:08:00,2024-07-01 13:12:00,5,5,5,0,1.0,1.0,0.0,11.372866,3808.285,3796.912134,-333.857107,14.400051,3808.285,3793.884949,-263.463295
81,2024-07-01 13:08:00,2024-07-01 13:12:00,5,82,42.963,59,8.0,396.0,396.0,4.48,"(8.0, 396.0, -65.0, 4.48, 0.0)",2024-07-01 13:08:00,2024-07-01 13:12:00,5,5,5,0,1.0,1.0,0.0,11.372866,3808.285,3796.912134,-333.857107,14.400051,3808.285,3793.884949,-263.463295
81,2024-07-01 13:08:00,2024-07-01 13:12:00,5,82,42.963,60,8.0,435.0,435.0,5.54,"(8.0, 435.0, -38.0, 5.54, 0.0)",2024-07-01 13:08:00,2024-07-01 13:12:00,5,5,5,0,1.0,1.0,0.0,11.372866,3808.285,3796.912134,-333.857107,14.400051,3808.285,3793.884949,-263.463295
81,2024-07-01 13:08:00,2024-07-01 13:12:00,5,82,42.963,62,8.0,386.0,386.0,4.84,"(8.0, 386.0, -92.0, 4.84, 0.0)",2024-07-01 13:08:00,2024-07-01 13:12:00,5,5,5,0,1.0,1.0,0.0,11.372866,3808.285,3796.912134,-333.857107,14.400051,3808.285,3793.884949,-263.463295
81,2024-07-01 13:08:00,2024-07-01 13:12:00,5,82,42.963,63,8.0,364.0,364.0,4.6,"(8.0, 364.0, -72.0, 4.6, 0.0)",2024-07-01 13:08:00,2024-07-01 13:12:00,5,5,5,0,1.0,1.0,0.0,11.372866,3808.285,3796.912134,-333.857107,14.400051,3808.285,3793.884949,-263.463295
81,2024-07-01 13:08:00,2024-07-01 13:12:00,5,82,42.963,64,8.0,331.0,331.0,4.69,"(8.0, 331.0, -106.0, 4.69, 0.0)",2024-07-01 13:08:00,2024-07-01 13:12:00,5,5,5,0,1.0,1.0,0.0,11.372866,3808.285,3796.912134,-333.857107,14.400051,3808.285,3793.884949,-263.463295
81,2024-07-01 13:08:00,2024-07-01 13:12:00,5,82,42.963,65,8.0,687.0,687.0,6.3,"(8.0, 687.0, -96.0, 6.3, 0.0)",2024-07-01 13:08:00,2024-07-01 13:12:00,5,5,5,0,1.0,1.0,0.0,11.372866,3808.285,3796.912134,-333.857107,14.400051,3808.285,3793.884949,-263.463295
81,2024-07-01 13:08:00,2024-07-01 13:12:00,5,82,42.963,66,8.0,406.0,406.0,4.94,"(8.0, 406.0, -61.0, 4.94, 0.0)",2024-07-01 13:08:00,2024-07-01 13:12:00,5,5,5,0,1.0,1.0,0.0,11.372866,3808.285,3796.912134,-333.857107,14.400051,3808.285,3793.884949,-263.463295
81,2024-07-01 13:08:00,2024-07-01 13:12:00,5,82,42.963,67,8.0,420.0,420.0,5.37,"(8.0, 420.0, -59.0, 5.37, 0.0)",2024-07-01 13:08:00,2024-07-01 13:12:00,5,5,5,0,1.0,1.0,0.0,11.372866,3808.285,3796.912134,-333.857107,14.400051,3808.285,3793.884949,-263.463295
81,2024-07-01 13:08:00,2024-07-01 13:12:00,5,82,42.963,68,8.0,463.0,463.0,5.07,"(8.0, 463.0, -16.0, 5.07, 0.0)",2024-07-01 13:08:00,2024-07-01 13:12:00,5,5,5,0,1.0,1.0,0.0,11.372866,3808.285,3796.912134,-333.857107,14.400051,3808.285,3793.884949,-263.463295
81,2024-07-01 13:08:00,2024-07-01 13:12:00,5,82,42.963,69,8.0,476.0,476.0,4.72,"(8.0, 476.0, -49.0, 4.72, 0.0)",2024-07-01 13:08:00,2024-07-01 13:12:00,5,5,5,0,1.0,1.0,0.0,11.372866,3808.285,3796.912134,-333.857107,14.400051,3808.285,3793.884949,-263.463295
81,2024-07-01 13:08:00,2024-07-01 13:12:00,5,82,42.963,70,8.0,463.0,463.0,5.04,"(8.0, 463.0, -69.0, 5.04, 0.0)",2024-07-01 13:08:00,2024-07-01 13:12:00,5,5,5,0,1.0,1.0,0.0,11.372866,3808.285,3796.912134,-333.857107,14.400051,3808.285,3793.884949,-263.463295
81,2024-07-01 13:08:00,2024-07-01 13:12:00,5,82,42.963,71,8.0,476.0,476.0,4.62,"(8.0, 476.0, -43.0, 4.62, 0.0)",2024-07-01 13:08:00,2024-07-01 13:12:00,5,5,5,0,1.0,1.0,0.0,11.372866,3808.285,3796.912134,-333.857107,14.400051,3808.285,3793.884949,-263.463295
81,2024-07-01 13:08:00,2024-07-01 13:12:00,5,82,42.963,72,8.0,459.0,459.0,4.86,"(8.0, 459.0, -64.0, 4.86, 0.0)",2024-07-01 13:08:00,2024-07-01 13:12:00,5,5,5,0,1.0,1.0,0.0,11.372866,3808.285,3796.912134,-333.857107,14.400051,3808.285,3793.884949,-263.463295
81,2024-07-01 13:08:00,2024-07-01 13:12:00,5,82,42.963,73,8.0,469.0,469.0,4.97,"(8.0, 469.0, -60.0, 4.97, 0.0)",2024-07-01 13:08:00,2024-07-01 13:12:00,5,5,5,0,1.0,1.0,0.0,11.372866,3808.285,3796.912134,-333.857107,14.400051,3808.285,3793.884949,-263.463295
81,2024-07-01 13:08:00,2024-07-01 13:12:00,5,82,42.963,74,8.0,437.0,437.0,4.91,"(8.0, 437.0, -74.0, 4.91, 0.0)",2024-07-01 13:08:00,2024-07-01 13:12:00,5,5,5,0,1.0,1.0,0.0,11.372866,3808.285,3796.912134,-333.857107,14.400051,3808.285,3793.884949,-263.463295
81,2024-07-01 13:08:00,2024-07-01 13:12:00,5,82,42.963,75,8.0,422.0,422.0,5.58,"(8.0, 422.0, -87.0, 5.58, 0.0)",2024-07-01 13:08:00,2024-07-01 13:12:00,5,5,5,0,1.0,1.0,0.0,11.372866,3808.285,3796.912134,-333.857107,14.400051,3808.285,3793.884949,-263.463295
81,2024-07-01 13:08:00,2024-07-01 13:12:00,5,82,42.963,76,8.0,479.0,479.0,4.87,"(8.0, 479.0, -49.0, 4.87, 0.0)",2024-07-01 13:08:00,2024-07-01 13:12:00,5,5,5,0,1.0,1.0,0.0,11.372866,3808.285,3796.912134,-333.857107,14.400051,3808.285,3793.884949,-263.463295
81,2024-07-01 13:08:00,2024-07-01 13:12:00,5,82,42.963,77,8.0,452.0,452.0,4.85,"(8.0, 452.0, -57.0, 4.85, 0.0)",2024-07-01 13:08:00,2024-07-01 13:12:00,5,5,5,0,1.0,1.0,0.0,11.372866,3808.285,3796.912134,-333.857107,14.400051,3808.285,3793.884949,-263.463295
81,2024-07-01 13:08:00,2024-07-01 13:12:00,5,82,42.963,78,8.0,459.0,459.0,5.19,"(8.0, 459.0, -45.0, 5.19, 0.0)",2024-07-01 13:08:00,2024-07-01 13:12:00,5,5,5,0,1.0,1.0,0.0,11.372866,3808.285,3796.912134,-333.857107,14.400051,3808.285,3793.884949,-263.463295
81,2024-07-01 13:08:00,2024-07-01 13:12:00,5,82,42.963,79,8.0,505.0,505.0,5.51,"(8.0, 505.0, -61.0, 5.51, 0.0)",2024-07-01 13:08:00,2024-07-01 13:12:00,5,5,5,0,1.0,1.0,0.0,11.372866,3808.285,3796.912134,-333.857107,14.400051,3808.285,3793.884949,-263.463295
81,2024-07-01 13:08:00,2024-07-01 13:12:00,5,82,42.963,80,8.0,455.0,455.0,5.38,"(8.0, 455.0, -46.0, 5.38, 0.0)",2024-07-01 13:08:00,2024-07-01 13:12:00,5,5,5,0,1.0,1.0,0.0,11.372866,3808.285,3796.912134,-333.857107,14.400051,3808.285,3793.884949,-263.463295
81,2024-07-01 13:08:00,2024-07-01 13:12:00,5,82,42.963,81,8.0,488.0,488.0,5.02,"(8.0, 488.0, -204.0, 5.02, 0.0)",2024-07-01 13:08:00,2024-07-01 13:12:00,5,5,5,0,1.0,1.0,0.0,11.372866,3808.285,3796.912134,-333.857107,14.400051,3808.285,3793.884949,-263.463295
81,2024-07-01 13:08:00,2024-07-01 13:12:00,5,82,42.963,82,8.0,666.0,666.0,4.34,"(8.0, 666.0, -3.0, 4.34, 0.0)",2024-07-01 13:08:00,2024-07-01 13:12:00,5,5,5,0,1.0,1.0,0.0,11.372866,3808.285,3796.912134,-333.857107,14.400051,3808.285,3793.884949,-263.463295
81,2024-07-01 13:08:00,2024-07-01 13:12:00,5,82,42.963,83,8.0,556.0,556.0,5.13,"(8.0, 556.0, -39.0, 5.13, 0.0)",2024-07-01 13:08:00,2024-07-01 13:12:00,5,5,5,0,1.0,1.0,0.0,11.372866,3808.285,3796.912134,-333.857107,14.400051,3808.285,3793.884949,-263.463295
81,2024-07-01 13:08:00,2024-07-01 13:12:00,5,82,42.963,84,8.0,543.0,543.0,4.91,"(8.0, 543.0, -56.0, 4.91, 0.0)",2024-07-01 13:08:00,2024-07-01 13:12:00,5,5,5,0,1.0,1.0,0.0,11.372866,3808.285,3796.912134,-333.857107,14.400051,3808.285,3793.884949,-263.463295
81,2024-07-01 13:08:00,2024-07-01 13:12:00,5,82,42.963,85,8.0,504.0,504.0,5.03,"(8.0, 504.0, -49.0, 5.03, 0.0)",2024-07-01 13:08:00,2024-07-01 13:12:00,5,5,5,0,1.0,1.0,0.0,11.372866,3808.285,3796.912134,-333.857107,14.400051,3808.285,3793.884949,-263.463295
81,2024-07-01 13:08:00,2024-07-01 13:12:00,5,82,42.963,86,8.0,527.0,527.0,4.92,"(8.0, 527.0, -47.0, 4.92, 0.0)",2024-07-01 13:08:00,2024-07-01 13:12:00,5,5,5,0,1.0,1.0,0.0,11.372866,3808.285,3796.912134,-333.857107,14.400051,3808.285,3793.884949,-263.463295
81,2024-07-01 13:08:00,2024-07-01 13:12:00,5,82,42.963,87,8.0,560.0,560.0,5.6,"(8.0, 560.0, -31.0, 5.6, 0.0)",2024-07-01 13:08:00,2024-07-01 13:12:00,5,5,5,0,1.0,1.0,0.0,11.372866,3808.285,3796.912134,-333.857107,14.400051,3808.285,3793.884949,-263.463295
81,2024-07-01 13:08:00,2024-07-01 13:12:00,5,82,42.963,88,8.0,591.0,591.0,4.97,"(8.0, 591.0, -33.0, 4.97, 0.0)",2024-07-01 13:08:00,2024-07-01 13:12:00,5,5,5,0,1.0,1.0,0.0,11.372866,3808.285,3796.912134,-333.857107,14.400051,3808.285,3793.884949,-263.463295
81,2024-07-01 13:08:00,2024-07-01 13:12:00,5,82,42.963,89,8.0,586.0,586.0,5.35,"(8.0, 586.0, -77.0, 5.35, 0.0)",2024-07-01 13:08:00,2024-07-01 13:12:00,5,5,5,0,1.0,1.0,0.0,11.372866,3808.285,3796.912134,-333.857107,14.400051,3808.285,3793.884949,-263.463295
81,2024-07-01 13:08:00,2024-07-01 13:12:00,5,82,42.963,90,8.0,618.0,618.0,5.2,"(8.0, 618.0, -86.0, 5.2, 0.0)",2024-07-01 13:08:00,2024-07-01 13:12:00,5,5,5,0,1.0,1.0,0.0,11.372866,3808.285,3796.912134,-333.857107,14.400051,3808.285,3793.884949,-263.463295
81,2024-07-01 13:08:00,2024-07-01 13:12:00,5,82,42.963,91,8.0,635.0,635.0,5.38,"(8.0, 635.0, -45.0, 5.38, 0.0)",2024-07-01 13:08:00,2024-07-01 13:12:00,5,5,5,0,1.0,1.0,0.0,11.372866,3808.285,3796.912134,-333.857107,14.400051,3808.285,3793.884949,-263.463295
81,2024-07-01 13:08:00,2024-07-01 13:12:00,5,82,42.963,92,8.0,674.0,674.0,5.21,"(8.0, 674.0, -45.0, 5.21, 0.0)",2024-07-01 13:08:00,2024-07-01 13:12:00,5,5,5,0,1.0,1.0,0.0,11.372866,3808.285,3796.912134,-333.857107,14.400051,3808.285,3793.884949,-263.463295
81,2024-07-01 13:08:00,2024-07-01 13:12:00,5,82,42.963,93,8.0,712.0,712.0,5.65,"(8.0, 712.0, -61.0, 5.65, 0.0)",2024-07-01 13:08:00,2024-07-01 13:12:00,5,5,5,0,1.0,1.0,0.0,11.372866,3808.285,3796.912134,-333.857107,14.400051,3808.285,3793.884949,-263.463295
81,2024-07-01 13:08:00,2024-07-01 13:12:00,5,82,42.963,94,8.0,736.0,736.0,5.68,"(8.0, 736.0, -37.0, 5.68, 0.0)",2024-07-01 13:08:00,2024-07-01 13:12:00,5,5,5,0,1.0,1.0,0.0,11.372866,3808.285,3796.912134,-333.857107,14.400051,3808.285,3793.884949,-263.463295
81,2024-07-01 13:08:00,2024-07-01 13:12:00,5,82,42.963,95,8.0,798.0,798.0,5.61,"(8.0, 798.0, -49.0, 5.61, 0.0)",2024-07-01 13:08:00,2024-07-01 13:12:00,5,5,5,0,1.0,1.0,0.0,11.372866,3808.285,3796.912134,-333.857107,14.400051,3808.285,3793.884949,-263.463295
81,2024-07-01 13:08:00,2024-07-01 13:12:00,5,82,42.963,96,8.0,782.0,782.0,5.5,"(8.0, 782.0, -194.0, 5.5, 0.0)",2024-07-01 13:08:00,2024-07-01 13:12:00,5,5,5,0,1.0,1.0,0.0,11.372866,3808.285,3796.912134,-333.857107,14.400051,3808.285,3793.884949,-263.463295
81,2024-07-01 13:08:00,2024-07-01 13:12:00,5,82,42.963,97,8.0,772.0,772.0,6.35,"(8.0, 772.0, -41.0, 6.35, 0.0)",2024-07-01 13:08:00,2024-07-01 13:12:00,5,5,5,0,1.0,1.0,0.0,11.372866,3808.285,3796.912134,-333.857107,14.400051,3808.285,3793.884949,-263.463295
81,2024-07-01 13:08:00,2024-07-01 13:12:00,5,82,42.963,98,8.0,823.0,823.0,6.02,"(8.0, 823.0, -16.0, 6.02, 0.0)",2024-07-01 13:08:00,2024-07-01 13:12:00,5,5,5,0,1.0,1.0,0.0,11.372866,3808.285,3796.912134,-333.857107,14.400051,3808.285,3793.884949,-263.463295
81,2024-07-01 13:08:00,2024-07-01 13:12:00,5,82,42.963,99,8.0,816.0,816.0,6.12,"(8.0, 816.0, -43.0, 6.12, 0.0)",2024-07-01 13:08:00,2024-07-01 13:12:00,5,5,5,0,1.0,1.0,0.0,11.372866,3808.285,3796.912134,-333.857107,14.400051,3808.285,3793.884949,-263.463295
81,2024-07-01 13:08:00,2024-07-01 13:12:00,5,82,42.963,100,8.0,886.0,886.0,6.61,"(8.0, 886.0, -124.0, 6.61, 0.0)",2024-07-01 13:08:00,2024-07-01 13:12:00,5,5,5,0,1.0,1.0,0.0,11.372866,3808.285,3796.912134,-333.857107,14.400051,3808.285,3793.884949,-263.463295
82,2024-07-01 13:13:00,2024-07-01 13:16:00,4,87,38.116,2,8.0,320.0,320.0,5.26,"(8.0, 320.0, -58.0, 5.26, 0.0)",2024-07-01 13:13:00,2024-07-01 13:16:00,4,4,4,0,1.0,1.0,0.0,8.572676,2640.06504,2631.492364,-306.962759,11.082844,2640.06504,2628.982196,-237.211884
82,2024-07-01 13:13:00,2024-07-01 13:16:00,4,87,38.116,3,8.0,275.0,275.0,4.45,"(8.0, 275.0, -76.0, 4.45, 0.0)",2024-07-01 13:13:00,2024-07-01 13:16:00,4,4,4,0,1.0,1.0,0.0,8.572676,2640.06504,2631.492364,-306.962759,11.082844,2640.06504,2628.982196,-237.211884
82,2024-07-01 13:13:00,2024-07-01 13:16:00,4,87,38.116,4,8.0,421.0,421.0,5.53,"(8.0, 421.0, -108.0, 5.53, 0.0)",2024-07-01 13:13:00,2024-07-01 13:16:00,4,4,4,0,1.0,1.0,0.0,8.572676,2640.06504,2631.492364,-306.962759,11.082844,2640.06504,2628.982196,-237.211884
82,2024-07-01 13:13:00,2024-07-01 13:16:00,4,87,38.116,5,8.0,381.0,381.0,4.29,"(8.0, 381.0, -77.0, 4.29, 0.0)",2024-07-01 13:13:00,2024-07-01 13:16:00,4,4,4,0,1.0,1.0,0.0,8.572676,2640.06504,2631.492364,-306.962759,11.082844,2640.06504,2628.982196,-237.211884
82,2024-07-01 13:13:00,2024-07-01 13:16:00,4,87,38.116,7,8.0,392.0,392.0,5.11,"(8.0, 392.0, -57.0, 5.11, 0.0)",2024-07-01 13:13:00,2024-07-01 13:16:00,4,4,4,0,1.0,1.0,0.0,8.572676,2640.06504,2631.492364,-306.962759,11.082844,2640.06504,2628.982196,-237.211884
82,2024-07-01 13:13:00,2024-07-01 13:16:00,4,87,38.116,8,8.0,238.0,238.0,4.13,"(8.0, 238.0, -66.0, 4.13, 0.0)",2024-07-01 13:13:00,2024-07-01 13:16:00,4,4,4,0,1.0,1.0,0.0,8.572676,2640.06504,2631.492364,-306.962759,11.082844,2640.06504,2628.982196,-237.211884
82,2024-07-01 13:13:00,2024-07-01 13:16:00,4,87,38.116,12,8.0,333.0,333.0,5.18,"(8.0, 333.0, -40.0, 5.18, 0.0)",2024-07-01 13:13:00,2024-07-01 13:16:00,4,4,4,0,1.0,1.0,0.0,8.572676,2640.06504,2631.492364,-306.962759,11.082844,2640.06504,2628.982196,-237.211884
82,2024-07-01 13:13:00,2024-07-01 13:16:00,4,87,38.116,13,8.0,309.0,309.0,4.77,"(8.0, 309.0, -68.0, 4.77, 0.0)",2024-07-01 13:13:00,2024-07-01 13:16:00,4,4,4,0,1.0,1.0,0.0,8.572676,2640.06504,2631.492364,-306.962759,11.082844,2640.06504,2628.982196,-237.211884
82,2024-07-01 13:13:00,2024-07-01 13:16:00,4,87,38.116,14,8.0,339.0,339.0,4.84,"(8.0, 339.0, -74.0, 4.84, 0.0)",2024-07-01 13:13:00,2024-07-01 13:16:00,4,4,4,0,1.0,1.0,0.0,8.572676,2640.06504,2631.492364,-306.962759,11.082844,2640.06504,2628.982196,-237.211884
82,2024-07-01 13:13:00,2024-07-01 13:16:00,4,87,38.116,16,8.0,280.0,280.0,4.71,"(8.0, 280.0, -68.0, 4.71, 0.0)",2024-07-01 13:13:00,2024-07-01 13:16:00,4,4,4,0,1.0,1.0,0.0,8.572676,2640.06504,2631.492364,-306.962759,11.082844,2640.06504,2628.982196,-237.211884
82,2024-07-01 13:13:00,2024-07-01 13:16:00,4,87,38.116,17,8.0,179.0,179.0,2.77,"(8.0, 179.0, -68.0, 2.77, 0.0)",2024-07-01 13:13:00,2024-07-01 13:16:00,4,4,4,0,1.0,1.0,0.0,8.572676,2640.06504,2631.492364,-306.962759,11.082844,2640.06504,2628.982196,-237.211884
82,2024-07-01 13:13:00,2024-07-01 13:16:00,4,87,38.116,18,8.0,510.0,510.0,5.34,"(8.0, 510.0, 10.0, 5.34, 0.0)",2024-07-01 13:13:00,2024-07-01 13:16:00,4,4,4,0,1.0,1.0,0.0,8.572676,2640.06504,2631.492364,-306.962759,11.082844,2640.06504,2628.982196,-237.211884
82,2024-07-01 13:13:00,2024-07-01 13:16:00,4,87,38.116,19,8.0,259.0,259.0,4.91,"(8.0, 259.0, -111.0, 4.91, 0.0)",2024-07-01 13:13:00,2024-07-01 13:16:00,4,4,4,0,1.0,1.0,0.0,8.572676,2640.06504,2631.492364,-306.962759,11.082844,2640.06504,2628.982196,-237.211884
82,2024-07-01 13:13:00,2024-07-01 13:16:00,4,87,38.116,20,8.0,148.0,148.0,3.98,"(8.0, 148.0, -64.0, 3.98, 0.0)",2024-07-01 13:13:00,2024-07-01 13:16:00,4,4,4,0,1.0,1.0,0.0,8.572676,2640.06504,2631.492364,-306.962759,11.082844,2640.06504,2628.982196,-237.211884
82,2024-07-01 13:13:00,2024-07-01 13:16:00,4,87,38.116,21,8.0,184.0,184.0,3.35,"(8.0, 184.0, -63.0, 3.35, 0.0)",2024-07-01 13:13:00,2024-07-01 13:16:00,4,4,4,0,1.0,1.0,0.0,8.572676,2640.06504,2631.492364,-306.962759,11.082844,2640.06504,2628.982196,-237.211884
82,2024-07-01 13:13:00,2024-07-01 13:16:00,4,87,38.116,22,8.0,233.0,233.0,3.78,"(8.0, 233.0, -75.0, 3.78, 0.0)",2024-07-01 13:13:00,2024-07-01 13:16:00,4,4,4,0,1.0,1.0,0.0,8.572676,2640.06504,2631.492364,-306.962759,11.082844,2640.06504,2628.982196,-237.211884
82,2024-07-01 13:13:00,2024-07-01 13:16:00,4,87,38.116,23,8.0,307.0,307.0,4.66,"(8.0, 307.0, -72.0, 4.66, 0.0)",2024-07-01 13:13:00,2024-07-01 13:16:00,4,4,4,0,1.0,1.0,0.0,8.572676,2640.06504,2631.492364,-306.962759,11.082844,2640.06504,2628.982196,-237.211884
82,2024-07-01 13:13:00,2024-07-01 13:16:00,4,87,38.116,24,8.0,398.0,398.0,5.04,"(8.0, 398.0, -22.0, 5.04, 0.0)",2024-07-01 13:13:00,2024-07-01 13:16:00,4,4,4,0,1.0,1.0,0.0,8.572676,2640.06504,2631.492364,-306.962759,11.082844,2640.06504,2628.982196,-237.211884
82,2024-07-01 13:13:00,2024-07-01 13:16:00,4,87,38.116,26,8.0,321.0,321.0,4.86,"(8.0, 321.0, -28.0, 4.86, 0.0)",2024-07-01 13:13:00,2024-07-01 13:16:00,4,4,4,0,1.0,1.0,0.0,8.572676,2640.06504,2631.492364,-306.962759,11.082844,2640.06504,2628.982196,-237.211884
82,2024-07-01 13:13:00,2024-07-01 13:16:00,4,87,38.116,27,11.0,307.0,307.0,4.96,"(11.0, 307.0, -66.0, 4.96, 0.0)",2024-07-01 13:13:00,2024-07-01 13:16:00,4,4,4,0,1.0,1.0,0.0,8.572676,2640.06504,2631.492364,-306.962759,11.082844,2640.06504,2628.982196,-237.211884
82,2024-07-01 13:13:00,2024-07-01 13:16:00,4,87,38.116,28,8.0,193.0,193.0,3.8,"(8.0, 193.0, -77.0, 3.8, 0.0)",2024-07-01 13:13:00,2024-07-01 13:16:00,4,4,4,0,1.0,1.0,0.0,8.572676,2640.06504,2631.492364,-306.962759,11.082844,2640.06504,2628.982196,-237.211884
82,2024-07-01 13:13:00,2024-07-01 13:16:00,4,87,38.116,29,8.0,319.0,319.0,3.97,"(8.0, 319.0, -73.0, 3.97, 0.0)",2024-07-01 13:13:00,2024-07-01 13:16:00,4,4,4,0,1.0,1.0,0.0,8.572676,2640.06504,2631.492364,-306.962759,11.082844,2640.06504,2628.982196,-237.211884
82,2024-07-01 13:13:00,2024-07-01 13:16:00,4,87,38.116,30,8.0,219.0,219.0,4.52,"(8.0, 219.0, -74.0, 4.52, 0.0)",2024-07-01 13:13:00,2024-07-01 13:16:00,4,4,4,0,1.0,1.0,0.0,8.572676,2640.06504,2631.492364,-306.962759,11.082844,2640.06504,2628.982196,-237.211884
82,2024-07-01 13:13:00,2024-07-01 13:16:00,4,87,38.116,33,8.0,304.0,304.0,4.18,"(8.0, 304.0, -59.0, 4.18, 0.0)",2024-07-01 13:13:00,2024-07-01 13:16:00,4,4,4,0,1.0,1.0,0.0,8.572676,2640.06504,2631.492364,-306.962759,11.082844,2640.06504,2628.982196,-237.211884
82,2024-07-01 13:13:00,2024-07-01 13:16:00,4,87,38.116,34,8.0,286.0,286.0,4.31,"(8.0, 286.0, -71.0, 4.31, 0.0)",2024-07-01 13:13:00,2024-07-01 13:16:00,4,4,4,0,1.0,1.0,0.0,8.572676,2640.06504,2631.492364,-306.962759,11.082844,2640.06504,2628.982196,-237.211884
82,2024-07-01 13:13:00,2024-07-01 13:16:00,4,87,38.116,35,8.0,502.0,502.0,4.75,"(8.0, 502.0, 18.0, 4.75, 0.0)",2024-07-01 13:13:00,2024-07-01 13:16:00,4,4,4,0,1.0,1.0,0.0,8.572676,2640.06504,2631.492364,-306.962759,11.082844,2640.06504,2628.982196,-237.211884
82,2024-07-01 13:13:00,2024-07-01 13:16:00,4,87,38.116,36,8.0,411.0,411.0,5.03,"(8.0, 411.0, -44.0, 5.03, 0.0)",2024-07-01 13:13:00,2024-07-01 13:16:00,4,4,4,0,1.0,1.0,0.0,8.572676,2640.06504,2631.492364,-306.962759,11.082844,2640.06504,2628.982196,-237.211884
82,2024-07-01 13:13:00,2024-07-01 13:16:00,4,87,38.116,37,8.0,329.0,329.0,3.97,"(8.0, 329.0, -66.0, 3.97, 0.0)",2024-07-01 13:13:00,2024-07-01 13:16:00,4,4,4,0,1.0,1.0,0.0,8.572676,2640.06504,2631.492364,-306.962759,11.082844,2640.06504,2628.982196,-237.211884
82,2024-07-01 13:13:00,2024-07-01 13:16:00,4,87,38.116,38,8.0,355.0,355.0,4.54,"(8.0, 355.0, -82.0, 4.54, 0.0)",2024-07-01 13:13:00,2024-07-01 13:16:00,4,4,4,0,1.0,1.0,0.0,8.572676,2640.06504,2631.492364,-306.962759,11.082844,2640.06504,2628.982196,-237.211884
82,2024-07-01 13:13:00,2024-07-01 13:16:00,4,87,38.116,39,11.0,330.0,330.0,4.2,"(11.0, 330.0, -56.0, 4.2, 0.0)",2024-07-01 13:13:00,2024-07-01 13:16:00,4,4,4,0,1.0,1.0,0.0,8.572676,2640.06504,2631.492364,-306.962759,11.082844,2640.06504,2628.982196,-237.211884
82,2024-07-01 13:13:00,2024-07-01 13:16:00,4,87,38.116,40,11.0,377.0,377.0,4.56,"(11.0, 377.0, -35.0, 4.56, 0.0)",2024-07-01 13:13:00,2024-07-01 13:16:00,4,4,4,0,1.0,1.0,0.0,8.572676,2640.06504,2631.492364,-306.962759,11.082844,2640.06504,2628.982196,-237.211884
82,2024-07-01 13:13:00,2024-07-01 13:16:00,4,87,38.116,41,11.0,404.0,404.0,4.57,"(11.0, 404.0, 24.0, 4.57, 0.0)",2024-07-01 13:13:00,2024-07-01 13:16:00,4,4,4,0,1.0,1.0,0.0,8.572676,2640.06504,2631.492364,-306.962759,11.082844,2640.06504,2628.982196,-237.211884
82,2024-07-01 13:13:00,2024-07-01 13:16:00,4,87,38.116,42,8.0,240.0,240.0,3.59,"(8.0, 240.0, -73.0, 3.59, 0.0)",2024-07-01 13:13:00,2024-07-01 13:16:00,4,4,4,0,1.0,1.0,0.0,8.572676,2640.06504,2631.492364,-306.962759,11.082844,2640.06504,2628.982196,-237.211884
82,2024-07-01 13:13:00,2024-07-01 13:16:00,4,87,38.116,43,11.0,181.0,181.0,3.79,"(11.0, 181.0, -73.0, 3.79, 0.0)",2024-07-01 13:13:00,2024-07-01 13:16:00,4,4,4,0,1.0,1.0,0.0,8.572676,2640.06504,2631.492364,-306.962759,11.082844,2640.06504,2628.982196,-237.211884
82,2024-07-01 13:13:00,2024-07-01 13:16:00,4,87,38.116,44,8.0,229.0,229.0,3.22,"(8.0, 229.0, -78.0, 3.22, 0.0)",2024-07-01 13:13:00,2024-07-01 13:16:00,4,4,4,0,1.0,1.0,0.0,8.572676,2640.06504,2631.492364,-306.962759,11.082844,2640.06504,2628.982196,-237.211884
82,2024-07-01 13:13:00,2024-07-01 13:16:00,4,87,38.116,45,8.0,263.0,263.0,4.09,"(8.0, 263.0, -69.0, 4.09, 0.0)",2024-07-01 13:13:00,2024-07-01 13:16:00,4,4,4,0,1.0,1.0,0.0,8.572676,2640.06504,2631.492364,-306.962759,11.082844,2640.06504,2628.982196,-237.211884
82,2024-07-01 13:13:00,2024-07-01 13:16:00,4,87,38.116,46,8.0,382.0,382.0,4.44,"(8.0, 382.0, -9.0, 4.44, 0.0)",2024-07-01 13:13:00,2024-07-01 13:16:00,4,4,4,0,1.0,1.0,0.0,8.572676,2640.06504,2631.492364,-306.962759,11.082844,2640.06504,2628.982196,-237.211884
82,2024-07-01 13:13:00,2024-07-01 13:16:00,4,87,38.116,48,8.0,263.0,263.0,4.17,"(8.0, 263.0, -66.0, 4.17, 0.0)",2024-07-01 13:13:00,2024-07-01 13:16:00,4,4,4,0,1.0,1.0,0.0,8.572676,2640.06504,2631.492364,-306.962759,11.082844,2640.06504,2628.982196,-237.211884
82,2024-07-01 13:13:00,2024-07-01 13:16:00,4,87,38.116,49,0.0,4024.0,4024.0,12.75,"(0.0, 4024.0, 27.0, 12.75, 0.0)",2024-07-01 10:57:00,2024-07-03 18:30:00,3316,4,4,0,1.0,1.0,0.0,8.572676,2640.06504,2631.492364,-306.962759,11.082844,2640.06504,2628.982196,-237.211884
82,2024-07-01 13:13:00,2024-07-01 13:16:00,4,87,38.116,50,8.0,705.0,705.0,5.72,"(8.0, 705.0, 31.0, 5.72, 0.0)",2024-07-01 13:13:00,2024-07-01 13:16:00,4,4,4,0,1.0,1.0,0.0,8.572676,2640.06504,2631.492364,-306.962759,11.082844,2640.06504,2628.982196,-237.211884
82,2024-07-01 13:13:00,2024-07-01 13:16:00,4,87,38.116,52,8.0,280.0,280.0,4.73,"(8.0, 280.0, -72.0, 4.73, 0.0)",2024-07-01 13:13:00,2024-07-01 13:16:00,4,4,4,0,1.0,1.0,0.0,8.572676,2640.06504,2631.492364,-306.962759,11.082844,2640.06504,2628.982196,-237.211884
82,2024-07-01 13:13:00,2024-07-01 13:16:00,4,87,38.116,53,8.0,262.0,262.0,4.59,"(8.0, 262.0, -69.0, 4.59, 0.0)",2024-07-01 13:13:00,2024-07-01 13:16:00,4,4,4,0,1.0,1.0,0.0,8.572676,2640.06504,2631.492364,-306.962759,11.082844,2640.06504,2628.982196,-237.211884
82,2024-07-01 13:13:00,2024-07-01 13:16:00,4,87,38.116,54,8.0,230.0,230.0,4.17,"(8.0, 230.0, -87.0, 4.17, 0.0)",2024-07-01 13:13:00,2024-07-01 13:16:00,4,4,4,0,1.0,1.0,0.0,8.572676,2640.06504,2631.492364,-306.962759,11.082844,2640.06504,2628.982196,-237.211884
82,2024-07-01 13:13:00,2024-07-01 13:16:00,4,87,38.116,56,8.0,271.0,271.0,4.36,"(8.0, 271.0, -73.0, 4.36, 0.0)",2024-07-01 13:13:00,2024-07-01 13:16:00,4,4,4,0,1.0,1.0,0.0,8.572676,2640.06504,2631.492364,-306.962759,11.082844,2640.06504,2628.982196,-237.211884
82,2024-07-01 13:13:00,2024-07-01 13:16:00,4,87,38.116,57,8.0,285.0,285.0,4.44,"(8.0, 285.0, -75.0, 4.44, 0.0)",2024-07-01 13:13:00,2024-07-01 13:16:00,4,4,4,0,1.0,1.0,0.0,8.572676,2640.06504,2631.492364,-306.962759,11.082844,2640.06504,2628.982196,-237.211884
82,2024-07-01 13:13:00,2024-07-01 13:16:00,4,87,38.116,58,8.0,281.0,281.0,4.57,"(8.0, 281.0, -78.0, 4.57, 0.0)",2024-07-01 13:13:00,2024-07-01 13:16:00,4,4,4,0,1.0,1.0,0.0,8.572676,2640.06504,2631.492364,-306.962759,11.082844,2640.06504,2628.982196,-237.211884
82,2024-07-01 13:13:00,2024-07-01 13:16:00,4,87,38.116,59,8.0,252.0,252.0,4.57,"(8.0, 252.0, -71.0, 4.57, 0.0)",2024-07-01 13:13:00,2024-07-01 13:16:00,4,4,4,0,1.0,1.0,0.0,8.572676,2640.06504,2631.492364,-306.962759,11.082844,2640.06504,2628.982196,-237.211884
82,2024-07-01 13:13:00,2024-07-01 13:16:00,4,87,38.116,60,8.0,242.0,242.0,4.64,"(8.0, 242.0, -66.0, 4.64, 0.0)",2024-07-01 13:13:00,2024-07-01 13:16:00,4,4,4,0,1.0,1.0,0.0,8.572676,2640.06504,2631.492364,-306.962759,11.082844,2640.06504,2628.982196,-237.211884
82,2024-07-01 13:13:00,2024-07-01 13:16:00,4,87,38.116,62,8.0,232.0,232.0,3.63,"(8.0, 232.0, -94.0, 3.63, 0.0)",2024-07-01 13:13:00,2024-07-01 13:16:00,4,4,4,0,1.0,1.0,0.0,8.572676,2640.06504,2631.492364,-306.962759,11.082844,2640.06504,2628.982196,-237.211884
82,2024-07-01 13:13:00,2024-07-01 13:16:00,4,87,38.116,63,8.0,250.0,250.0,3.75,"(8.0, 250.0, -74.0, 3.75, 0.0)",2024-07-01 13:13:00,2024-07-01 13:16:00,4,4,4,0,1.0,1.0,0.0,8.572676,2640.06504,2631.492364,-306.962759,11.082844,2640.06504,2628.982196,-237.211884
82,2024-07-01 13:13:00,2024-07-01 13:16:00,4,87,38.116,64,8.0,352.0,352.0,4.5,"(8.0, 352.0, -96.0, 4.5, 0.0)",2024-07-01 13:13:00,2024-07-01 13:16:00,4,4,4,0,1.0,1.0,0.0,8.572676,2640.06504,2631.492364,-306.962759,11.082844,2640.06504,2628.982196,-237.211884
82,2024-07-01 13:13:00,2024-07-01 13:16:00,4,87,38.116,65,8.0,698.0,698.0,6.36,"(8.0, 698.0, -86.0, 6.36, 0.0)",2024-07-01 13:13:00,2024-07-01 13:16:00,4,4,4,0,1.0,1.0,0.0,8.572676,2640.06504,2631.492364,-306.962759,11.082844,2640.06504,2628.982196,-237.211884
82,2024-07-01 13:13:00,2024-07-01 13:16:00,4,87,38.116,66,8.0,375.0,375.0,4.61,"(8.0, 375.0, -61.0, 4.61, 0.0)",2024-07-01 13:13:00,2024-07-01 13:16:00,4,4,4,0,1.0,1.0,0.0,8.572676,2640.06504,2631.492364,-306.962759,11.082844,2640.06504,2628.982196,-237.211884
82,2024-07-01 13:13:00,2024-07-01 13:16:00,4,87,38.116,67,8.0,401.0,401.0,4.8,"(8.0, 401.0, -63.0, 4.8, 0.0)",2024-07-01 13:13:00,2024-07-01 13:16:00,4,4,4,0,1.0,1.0,0.0,8.572676,2640.06504,2631.492364,-306.962759,11.082844,2640.06504,2628.982196,-237.211884
82,2024-07-01 13:13:00,2024-07-01 13:16:00,4,87,38.116,68,8.0,413.0,413.0,4.96,"(8.0, 413.0, -14.0, 4.96, 0.0)",2024-07-01 13:13:00,2024-07-01 13:16:00,4,4,4,0,1.0,1.0,0.0,8.572676,2640.06504,2631.492364,-306.962759,11.082844,2640.06504,2628.982196,-237.211884
82,2024-07-01 13:13:00,2024-07-01 13:16:00,4,87,38.116,69,8.0,392.0,392.0,5.23,"(8.0, 392.0, -65.0, 5.23, 0.0)",2024-07-01 13:13:00,2024-07-01 13:16:00,4,4,4,0,1.0,1.0,0.0,8.572676,2640.06504,2631.492364,-306.962759,11.082844,2640.06504,2628.982196,-237.211884
82,2024-07-01 13:13:00,2024-07-01 13:16:00,4,87,38.116,70,8.0,390.0,390.0,5.23,"(8.0, 390.0, -73.0, 5.23, 0.0)",2024-07-01 13:13:00,2024-07-01 13:16:00,4,4,4,0,1.0,1.0,0.0,8.572676,2640.06504,2631.492364,-306.962759,11.082844,2640.06504,2628.982196,-237.211884
82,2024-07-01 13:13:00,2024-07-01 13:16:00,4,87,38.116,71,8.0,366.0,366.0,5.45,"(8.0, 366.0, -65.0, 5.45, 0.0)",2024-07-01 13:13:00,2024-07-01 13:16:00,4,4,4,0,1.0,1.0,0.0,8.572676,2640.06504,2631.492364,-306.962759,11.082844,2640.06504,2628.982196,-237.211884
82,2024-07-01 13:13:00,2024-07-01 13:16:00,4,87,38.116,72,8.0,375.0,375.0,4.76,"(8.0, 375.0, -70.0, 4.76, 0.0)",2024-07-01 13:13:00,2024-07-01 13:16:00,4,4,4,0,1.0,1.0,0.0,8.572676,2640.06504,2631.492364,-306.962759,11.082844,2640.06504,2628.982196,-237.211884
82,2024-07-01 13:13:00,2024-07-01 13:16:00,4,87,38.116,73,8.0,382.0,382.0,4.74,"(8.0, 382.0, -65.0, 4.74, 0.0)",2024-07-01 13:13:00,2024-07-01 13:16:00,4,4,4,0,1.0,1.0,0.0,8.572676,2640.06504,2631.492364,-306.962759,11.082844,2640.06504,2628.982196,-237.211884
82,2024-07-01 13:13:00,2024-07-01 13:16:00,4,87,38.116,74,8.0,435.0,435.0,5.34,"(8.0, 435.0, -76.0, 5.34, 0.0)",2024-07-01 13:13:00,2024-07-01 13:16:00,4,4,4,0,1.0,1.0,0.0,8.572676,2640.06504,2631.492364,-306.962759,11.082844,2640.06504,2628.982196,-237.211884
82,2024-07-01 13:13:00,2024-07-01 13:16:00,4,87,38.116,75,8.0,448.0,448.0,5.52,"(8.0, 448.0, -76.0, 5.52, 0.0)",2024-07-01 13:13:00,2024-07-01 13:16:00,4,4,4,0,1.0,1.0,0.0,8.572676,2640.06504,2631.492364,-306.962759,11.082844,2640.06504,2628.982196,-237.211884
82,2024-07-01 13:13:00,2024-07-01 13:16:00,4,87,38.116,76,8.0,465.0,465.0,4.19,"(8.0, 465.0, -55.0, 4.19, 0.0)",2024-07-01 13:13:00,2024-07-01 13:16:00,4,4,4,0,1.0,1.0,0.0,8.572676,2640.06504,2631.492364,-306.962759,11.082844,2640.06504,2628.982196,-237.211884
82,2024-07-01 13:13:00,2024-07-01 13:16:00,4,87,38.116,77,8.0,433.0,433.0,4.56,"(8.0, 433.0, -55.0, 4.56, 0.0)",2024-07-01 13:13:00,2024-07-01 13:16:00,4,4,4,0,1.0,1.0,0.0,8.572676,2640.06504,2631.492364,-306.962759,11.082844,2640.06504,2628.982196,-237.211884
82,2024-07-01 13:13:00,2024-07-01 13:16:00,4,87,38.116,78,8.0,442.0,442.0,4.63,"(8.0, 442.0, -53.0, 4.63, 0.0)",2024-07-01 13:13:00,2024-07-01 13:16:00,4,4,4,0,1.0,1.0,0.0,8.572676,2640.06504,2631.492364,-306.962759,11.082844,2640.06504,2628.982196,-237.211884
82,2024-07-01 13:13:00,2024-07-01 13:16:00,4,87,38.116,79,8.0,429.0,429.0,4.19,"(8.0, 429.0, -64.0, 4.19, 0.0)",2024-07-01 13:13:00,2024-07-01 13:16:00,4,4,4,0,1.0,1.0,0.0,8.572676,2640.06504,2631.492364,-306.962759,11.082844,2640.06504,2628.982196,-237.211884
82,2024-07-01 13:13:00,2024-07-01 13:16:00,4,87,38.116,80,8.0,343.0,343.0,5.14,"(8.0, 343.0, -66.0, 5.14, 0.0)",2024-07-01 13:13:00,2024-07-01 13:16:00,4,4,4,0,1.0,1.0,0.0,8.572676,2640.06504,2631.492364,-306.962759,11.082844,2640.06504,2628.982196,-237.211884
82,2024-07-01 13:13:00,2024-07-01 13:16:00,4,87,38.116,81,8.0,245.0,245.0,4.21,"(8.0, 245.0, -170.0, 4.21, 0.0)",2024-07-01 13:13:00,2024-07-01 13:16:00,4,4,4,0,1.0,1.0,0.0,8.572676,2640.06504,2631.492364,-306.962759,11.082844,2640.06504,2628.982196,-237.211884
82,2024-07-01 13:13:00,2024-07-01 13:16:00,4,87,38.116,82,8.0,518.0,518.0,4.95,"(8.0, 518.0, -38.0, 4.95, 0.0)",2024-07-01 13:13:00,2024-07-01 13:16:00,4,4,4,0,1.0,1.0,0.0,8.572676,2640.06504,2631.492364,-306.962759,11.082844,2640.06504,2628.982196,-237.211884
82,2024-07-01 13:13:00,2024-07-01 13:16:00,4,87,38.116,83,8.0,505.0,505.0,5.51,"(8.0, 505.0, -50.0, 5.51, 0.0)",2024-07-01 13:13:00,2024-07-01 13:16:00,4,4,4,0,1.0,1.0,0.0,8.572676,2640.06504,2631.492364,-306.962759,11.082844,2640.06504,2628.982196,-237.211884
82,2024-07-01 13:13:00,2024-07-01 13:16:00,4,87,38.116,84,8.0,531.0,531.0,5.3,"(8.0, 531.0, -53.0, 5.3, 0.0)",2024-07-01 13:13:00,2024-07-01 13:16:00,4,4,4,0,1.0,1.0,0.0,8.572676,2640.06504,2631.492364,-306.962759,11.082844,2640.06504,2628.982196,-237.211884
82,2024-07-01 13:13:00,2024-07-01 13:16:00,4,87,38.116,85,8.0,528.0,528.0,4.84,"(8.0, 528.0, -69.0, 4.84, 0.0)",2024-07-01 13:13:00,2024-07-01 13:16:00,4,4,4,0,1.0,1.0,0.0,8.572676,2640.06504,2631.492364,-306.962759,11.082844,2640.06504,2628.982196,-237.211884
82,2024-07-01 13:13:00,2024-07-01 13:16:00,4,87,38.116,86,8.0,551.0,551.0,5.11,"(8.0, 551.0, -11.0, 5.11, 0.0)",2024-07-01 13:13:00,2024-07-01 13:16:00,4,4,4,0,1.0,1.0,0.0,8.572676,2640.06504,2631.492364,-306.962759,11.082844,2640.06504,2628.982196,-237.211884
82,2024-07-01 13:13:00,2024-07-01 13:16:00,4,87,38.116,87,8.0,561.0,561.0,5.49,"(8.0, 561.0, -21.0, 5.49, 0.0)",2024-07-01 13:13:00,2024-07-01 13:16:00,4,4,4,0,1.0,1.0,0.0,8.572676,2640.06504,2631.492364,-306.962759,11.082844,2640.06504,2628.982196,-237.211884
82,2024-07-01 13:13:00,2024-07-01 13:16:00,4,87,38.116,88,8.0,584.0,584.0,5.49,"(8.0, 584.0, -21.0, 5.49, 0.0)",2024-07-01 13:13:00,2024-07-01 13:16:00,4,4,4,0,1.0,1.0,0.0,8.572676,2640.06504,2631.492364,-306.962759,11.082844,2640.06504,2628.982196,-237.211884
82,2024-07-01 13:13:00,2024-07-01 13:16:00,4,87,38.116,89,8.0,580.0,580.0,4.97,"(8.0, 580.0, -70.0, 4.97, 0.0)",2024-07-01 13:13:00,2024-07-01 13:16:00,4,4,4,0,1.0,1.0,0.0,8.572676,2640.06504,2631.492364,-306.962759,11.082844,2640.06504,2628.982196,-237.211884
82,2024-07-01 13:13:00,2024-07-01 13:16:00,4,87,38.116,90,8.0,552.0,552.0,4.64,"(8.0, 552.0, -87.0, 4.64, 0.0)",2024-07-01 13:13:00,2024-07-01 13:16:00,4,4,4,0,1.0,1.0,0.0,8.572676,2640.06504,2631.492364,-306.962759,11.082844,2640.06504,2628.982196,-237.211884
82,2024-07-01 13:13:00,2024-07-01 13:16:00,4,87,38.116,91,8.0,597.0,597.0,5.53,"(8.0, 597.0, -58.0, 5.53, 0.0)",2024-07-01 13:13:00,2024-07-01 13:16:00,4,4,4,0,1.0,1.0,0.0,8.572676,2640.06504,2631.492364,-306.962759,11.082844,2640.06504,2628.982196,-237.211884
82,2024-07-01 13:13:00,2024-07-01 13:16:00,4,87,38.116,92,8.0,626.0,626.0,5.61,"(8.0, 626.0, -48.0, 5.61, 0.0)",2024-07-01 13:13:00,2024-07-01 13:16:00,4,4,4,0,1.0,1.0,0.0,8.572676,2640.06504,2631.492364,-306.962759,11.082844,2640.06504,2628.982196,-237.211884
82,2024-07-01 13:13:00,2024-07-01 13:16:00,4,87,38.116,93,8.0,646.0,646.0,5.37,"(8.0, 646.0, -46.0, 5.37, 0.0)",2024-07-01 13:13:00,2024-07-01 13:16:00,4,4,4,0,1.0,1.0,0.0,8.572676,2640.06504,2631.492364,-306.962759,11.082844,2640.06504,2628.982196,-237.211884
82,2024-07-01 13:13:00,2024-07-01 13:16:00,4,87,38.116,94,8.0,627.0,627.0,5.82,"(8.0, 627.0, -28.0, 5.82, 0.0)",2024-07-01 13:13:00,2024-07-01 13:16:00,4,4,4,0,1.0,1.0,0.0,8.572676,2640.06504,2631.492364,-306.962759,11.082844,2640.06504,2628.982196,-237.211884
82,2024-07-01 13:13:00,2024-07-01 13:16:00,4,87,38.116,95,8.0,681.0,681.0,5.76,"(8.0, 681.0, -36.0, 5.76, 0.0)",2024-07-01 13:13:00,2024-07-01 13:16:00,4,4,4,0,1.0,1.0,0.0,8.572676,2640.06504,2631.492364,-306.962759,11.082844,2640.06504,2628.982196,-237.211884
82,2024-07-01 13:13:00,2024-07-01 13:16:00,4,87,38.116,96,8.0,729.0,729.0,5.72,"(8.0, 729.0, -193.0, 5.72, 0.0)",2024-07-01 13:13:00,2024-07-01 13:16:00,4,4,4,0,1.0,1.0,0.0,8.572676,2640.06504,2631.492364,-306.962759,11.082844,2640.06504,2628.982196,-237.211884
82,2024-07-01 13:13:00,2024-07-01 13:16:00,4,87,38.116,97,8.0,688.0,688.0,6.21,"(8.0, 688.0, -43.0, 6.21, 0.0)",2024-07-01 13:13:00,2024-07-01 13:16:00,4,4,4,0,1.0,1.0,0.0,8.572676,2640.06504,2631.492364,-306.962759,11.082844,2640.06504,2628.982196,-237.211884
82,2024-07-01 13:13:00,2024-07-01 13:16:00,4,87,38.116,98,8.0,694.0,694.0,5.93,"(8.0, 694.0, -40.0, 5.93, 0.0)",2024-07-01 13:13:00,2024-07-01 13:16:00,4,4,4,0,1.0,1.0,0.0,8.572676,2640.06504,2631.492364,-306.962759,11.082844,2640.06504,2628.982196,-237.211884
82,2024-07-01 13:13:00,2024-07-01 13:16:00,4,87,38.116,99,8.0,740.0,740.0,5.81,"(8.0, 740.0, -26.0, 5.81, 0.0)",2024-07-01 13:13:00,2024-07-01 13:16:00,4,4,4,0,1.0,1.0,0.0,8.572676,2640.06504,2631.492364,-306.962759,11.082844,2640.06504,2628.982196,-237.211884
82,2024-07-01 13:13:00,2024-07-01 13:16:00,4,87,38.116,100,8.0,759.0,759.0,6.33,"(8.0, 759.0, -116.0, 6.33, 0.0)",2024-07-01 13:13:00,2024-07-01 13:16:00,4,4,4,0,1.0,1.0,0.0,8.572676,2640.06504,2631.492364,-306.962759,11.082844,2640.06504,2628.982196,-237.211884
83,2024-07-01 13:17:00,2024-07-01 16:21:00,185,1,4.024,49,0.0,4024.0,4024.0,12.75,"(0.0, 4024.0, 27.0, 12.75, 0.0)",2024-07-01 10:57:00,2024-07-03 18:30:00,3316,185,11,-174,1.0,0.059459,-0.940541,399.971754,1.919003,-398.052751,0.995202,501.809335,38.229941,-463.579394,0.923816
84,2024-07-01 16:22:00,2024-07-01 16:28:00,7,95,115.076,1,8.0,1214.0,1214.0,5.83,"(8.0, 1214.0, 38.0, 5.83, 0.0)",2024-07-01 16:22:00,2024-07-01 16:28:00,7,7,7,0,1.0,1.0,0.0,11.385,15347.70076,15336.31576,-1347.0633,14.883239,15347.70076,15332.817521,-1030.207034
84,2024-07-01 16:22:00,2024-07-01 16:28:00,7,95,115.076,2,8.0,637.0,637.0,4.96,"(8.0, 637.0, -78.0, 4.96, 0.0)",2024-07-01 16:22:00,2024-07-01 16:28:00,7,7,7,0,1.0,1.0,0.0,11.385,15347.70076,15336.31576,-1347.0633,14.883239,15347.70076,15332.817521,-1030.207034
84,2024-07-01 16:22:00,2024-07-01 16:28:00,7,95,115.076,3,8.0,469.0,469.0,5.06,"(8.0, 469.0, -79.0, 5.06, 0.0)",2024-07-01 16:22:00,2024-07-01 16:28:00,7,7,7,0,1.0,1.0,0.0,11.385,15347.70076,15336.31576,-1347.0633,14.883239,15347.70076,15332.817521,-1030.207034
84,2024-07-01 16:22:00,2024-07-01 16:28:00,7,95,115.076,5,8.0,372.0,372.0,4.43,"(8.0, 372.0, -84.0, 4.43, 0.0)",2024-07-01 16:22:00,2024-07-01 16:28:00,7,7,7,0,1.0,1.0,0.0,11.385,15347.70076,15336.31576,-1347.0633,14.883239,15347.70076,15332.817521,-1030.207034
84,2024-07-01 16:22:00,2024-07-01 16:28:00,7,95,115.076,6,8.0,453.0,453.0,4.99,"(8.0, 453.0, -68.0, 4.99, 0.0)",2024-07-01 16:22:00,2024-07-01 16:28:00,7,7,7,0,1.0,1.0,0.0,11.385,15347.70076,15336.31576,-1347.0633,14.883239,15347.70076,15332.817521,-1030.207034
84,2024-07-01 16:22:00,2024-07-01 16:28:00,7,95,115.076,7,8.0,377.0,377.0,3.38,"(8.0, 377.0, -76.0, 3.38, 0.0)",2024-07-01 16:22:00,2024-07-01 16:28:00,7,7,7,0,1.0,1.0,0.0,11.385,15347.70076,15336.31576,-1347.0633,14.883239,15347.70076,15332.817521,-1030.207034
84,2024-07-01 16:22:00,2024-07-01 16:28:00,7,95,115.076,8,8.0,258.0,258.0,3.45,"(8.0, 258.0, -74.0, 3.45, 0.0)",2024-07-01 16:22:00,2024-07-01 16:28:00,7,7,7,0,1.0,1.0,0.0,11.385,15347.70076,15336.31576,-1347.0633,14.883239,15347.70076,15332.817521,-1030.207034
84,2024-07-01 16:22:00,2024-07-01 16:28:00,7,95,115.076,9,8.0,341.0,341.0,3.57,"(8.0, 341.0, -69.0, 3.57, 0.0)",2024-07-01 16:22:00,2024-07-01 16:28:00,7,7,7,0,1.0,1.0,0.0,11.385,15347.70076,15336.31576,-1347.0633,14.883239,15347.70076,15332.817521,-1030.207034
84,2024-07-01 16:22:00,2024-07-01 16:28:00,7,95,115.076,10,8.0,293.0,293.0,3.83,"(8.0, 293.0, -73.0, 3.83, 0.0)",2024-07-01 16:22:00,2024-07-01 16:28:00,7,7,7,0,1.0,1.0,0.0,11.385,15347.70076,15336.31576,-1347.0633,14.883239,15347.70076,15332.817521,-1030.207034
84,2024-07-01 16:22:00,2024-07-01 16:28:00,7,95,115.076,12,8.0,343.0,343.0,4.52,"(8.0, 343.0, -67.0, 4.52, 0.0)",2024-07-01 16:22:00,2024-07-01 16:28:00,7,7,7,0,1.0,1.0,0.0,11.385,15347.70076,15336.31576,-1347.0633,14.883239,15347.70076,15332.817521,-1030.207034
84,2024-07-01 16:22:00,2024-07-01 16:28:00,7,95,115.076,13,8.0,577.0,577.0,4.53,"(8.0, 577.0, 9.0, 4.53, 0.0)",2024-07-01 16:22:00,2024-07-01 16:28:00,7,7,7,0,1.0,1.0,0.0,11.385,15347.70076,15336.31576,-1347.0633,14.883239,15347.70076,15332.817521,-1030.207034
84,2024-07-01 16:22:00,2024-07-01 16:28:00,7,95,115.076,14,8.0,591.0,591.0,5.36,"(8.0, 591.0, -11.0, 5.36, 0.0)",2024-07-01 16:22:00,2024-07-01 16:28:00,7,7,7,0,1.0,1.0,0.0,11.385,15347.70076,15336.31576,-1347.0633,14.883239,15347.70076,15332.817521,-1030.207034
84,2024-07-01 16:22:00,2024-07-01 16:28:00,7,95,115.076,16,8.0,554.0,554.0,6.19,"(8.0, 554.0, 16.0, 6.19, 0.0)",2024-07-01 16:22:00,2024-07-01 16:28:00,7,7,7,0,1.0,1.0,0.0,11.385,15347.70076,15336.31576,-1347.0633,14.883239,15347.70076,15332.817521,-1030.207034
84,2024-07-01 16:22:00,2024-07-01 16:28:00,7,95,115.076,17,8.0,635.0,635.0,5.53,"(8.0, 635.0, 66.0, 5.53, 0.0)",2024-07-01 16:22:00,2024-07-01 16:28:00,7,7,7,0,1.0,1.0,0.0,11.385,15347.70076,15336.31576,-1347.0633,14.883239,15347.70076,15332.817521,-1030.207034
84,2024-07-01 16:22:00,2024-07-01 16:28:00,7,95,115.076,18,8.0,636.0,636.0,4.91,"(8.0, 636.0, -19.0, 4.91, 0.0)",2024-07-01 16:22:00,2024-07-01 16:28:00,7,7,7,0,1.0,1.0,0.0,11.385,15347.70076,15336.31576,-1347.0633,14.883239,15347.70076,15332.817521,-1030.207034
84,2024-07-01 16:22:00,2024-07-01 16:28:00,7,95,115.076,19,8.0,1893.0,1893.0,8.12,"(8.0, 1893.0, -137.0, 8.12, 0.0)",2024-07-01 16:22:00,2024-07-01 16:28:00,7,7,7,0,1.0,1.0,0.0,11.385,15347.70076,15336.31576,-1347.0633,14.883239,15347.70076,15332.817521,-1030.207034
84,2024-07-01 16:22:00,2024-07-01 16:28:00,7,95,115.076,20,8.0,1011.0,1011.0,6.73,"(8.0, 1011.0, -9.0, 6.73, 0.0)",2024-07-01 16:22:00,2024-07-01 16:28:00,7,7,7,0,1.0,1.0,0.0,11.385,15347.70076,15336.31576,-1347.0633,14.883239,15347.70076,15332.817521,-1030.207034
84,2024-07-01 16:22:00,2024-07-01 16:28:00,7,95,115.076,21,8.0,539.0,539.0,5.18,"(8.0, 539.0, -52.0, 5.18, 0.0)",2024-07-01 16:22:00,2024-07-01 16:28:00,7,7,7,0,1.0,1.0,0.0,11.385,15347.70076,15336.31576,-1347.0633,14.883239,15347.70076,15332.817521,-1030.207034
84,2024-07-01 16:22:00,2024-07-01 16:28:00,7,95,115.076,22,8.0,857.0,857.0,6.89,"(8.0, 857.0, -32.0, 6.89, 0.0)",2024-07-01 16:22:00,2024-07-01 16:28:00,7,7,7,0,1.0,1.0,0.0,11.385,15347.70076,15336.31576,-1347.0633,14.883239,15347.70076,15332.817521,-1030.207034
84,2024-07-01 16:22:00,2024-07-01 16:28:00,7,95,115.076,23,8.0,397.0,397.0,3.99,"(8.0, 397.0, -89.0, 3.99, 0.0)",2024-07-01 16:22:00,2024-07-01 16:28:00,7,7,7,0,1.0,1.0,0.0,11.385,15347.70076,15336.31576,-1347.0633,14.883239,15347.70076,15332.817521,-1030.207034
84,2024-07-01 16:22:00,2024-07-01 16:28:00,7,95,115.076,24,8.0,425.0,425.0,3.84,"(8.0, 425.0, -69.0, 3.84, 0.0)",2024-07-01 16:22:00,2024-07-01 16:28:00,7,7,7,0,1.0,1.0,0.0,11.385,15347.70076,15336.31576,-1347.0633,14.883239,15347.70076,15332.817521,-1030.207034
84,2024-07-01 16:22:00,2024-07-01 16:28:00,7,95,115.076,25,8.0,306.0,306.0,4.13,"(8.0, 306.0, -93.0, 4.13, 0.0)",2024-07-01 16:22:00,2024-07-01 16:28:00,7,7,7,0,1.0,1.0,0.0,11.385,15347.70076,15336.31576,-1347.0633,14.883239,15347.70076,15332.817521,-1030.207034
84,2024-07-01 16:22:00,2024-07-01 16:28:00,7,95,115.076,26,8.0,390.0,390.0,4.15,"(8.0, 390.0, -62.0, 4.15, 0.0)",2024-07-01 16:22:00,2024-07-01 16:28:00,7,7,7,0,1.0,1.0,0.0,11.385,15347.70076,15336.31576,-1347.0633,14.883239,15347.70076,15332.817521,-1030.207034
84,2024-07-01 16:22:00,2024-07-01 16:28:00,7,95,115.076,27,11.0,624.0,624.0,5.58,"(11.0, 624.0, -31.0, 5.58, 0.0)",2024-07-01 16:22:00,2024-07-01 16:28:00,7,7,7,0,1.0,1.0,0.0,11.385,15347.70076,15336.31576,-1347.0633,14.883239,15347.70076,15332.817521,-1030.207034
84,2024-07-01 16:22:00,2024-07-01 16:28:00,7,95,115.076,28,8.0,740.0,740.0,6.18,"(8.0, 740.0, -9.0, 6.18, 0.0)",2024-07-01 16:22:00,2024-07-01 16:28:00,7,7,7,0,1.0,1.0,0.0,11.385,15347.70076,15336.31576,-1347.0633,14.883239,15347.70076,15332.817521,-1030.207034
84,2024-07-01 16:22:00,2024-07-01 16:28:00,7,95,115.076,29,8.0,667.0,667.0,5.58,"(8.0, 667.0, -19.0, 5.58, 0.0)",2024-07-01 16:22:00,2024-07-01 16:28:00,7,7,7,0,1.0,1.0,0.0,11.385,15347.70076,15336.31576,-1347.0633,14.883239,15347.70076,15332.817521,-1030.207034
84,2024-07-01 16:22:00,2024-07-01 16:28:00,7,95,115.076,30,8.0,561.0,561.0,5.69,"(8.0, 561.0, -34.0, 5.69, 0.0)",2024-07-01 16:22:00,2024-07-01 16:28:00,7,7,7,0,1.0,1.0,0.0,11.385,15347.70076,15336.31576,-1347.0633,14.883239,15347.70076,15332.817521,-1030.207034
84,2024-07-01 16:22:00,2024-07-01 16:28:00,7,95,115.076,31,8.0,427.0,427.0,4.34,"(8.0, 427.0, -35.0, 4.34, 0.0)",2024-07-01 16:22:00,2024-07-01 16:28:00,7,7,7,0,1.0,1.0,0.0,11.385,15347.70076,15336.31576,-1347.0633,14.883239,15347.70076,15332.817521,-1030.207034
84,2024-07-01 16:22:00,2024-07-01 16:28:00,7,95,115.076,32,8.0,466.0,466.0,3.9,"(8.0, 466.0, -74.0, 3.9, 0.0)",2024-07-01 16:22:00,2024-07-01 16:28:00,7,7,7,0,1.0,1.0,0.0,11.385,15347.70076,15336.31576,-1347.0633,14.883239,15347.70076,15332.817521,-1030.207034
84,2024-07-01 16:22:00,2024-07-01 16:28:00,7,95,115.076,33,8.0,473.0,473.0,4.28,"(8.0, 473.0, 19.0, 4.28, 0.0)",2024-07-01 16:22:00,2024-07-01 16:28:00,7,7,7,0,1.0,1.0,0.0,11.385,15347.70076,15336.31576,-1347.0633,14.883239,15347.70076,15332.817521,-1030.207034
84,2024-07-01 16:22:00,2024-07-01 16:28:00,7,95,115.076,34,8.0,672.0,672.0,5.61,"(8.0, 672.0, -26.0, 5.61, 0.0)",2024-07-01 16:22:00,2024-07-01 16:28:00,7,7,7,0,1.0,1.0,0.0,11.385,15347.70076,15336.31576,-1347.0633,14.883239,15347.70076,15332.817521,-1030.207034
84,2024-07-01 16:22:00,2024-07-01 16:28:00,7,95,115.076,35,8.0,627.0,627.0,5.06,"(8.0, 627.0, 2.0, 5.06, 0.0)",2024-07-01 16:22:00,2024-07-01 16:28:00,7,7,7,0,1.0,1.0,0.0,11.385,15347.70076,15336.31576,-1347.0633,14.883239,15347.70076,15332.817521,-1030.207034
84,2024-07-01 16:22:00,2024-07-01 16:28:00,7,95,115.076,36,8.0,3305.0,3305.0,10.38,"(8.0, 3305.0, -50.0, 10.38, 0.0)",2024-07-01 16:22:00,2024-07-01 16:28:00,7,7,7,0,1.0,1.0,0.0,11.385,15347.70076,15336.31576,-1347.0633,14.883239,15347.70076,15332.817521,-1030.207034
84,2024-07-01 16:22:00,2024-07-01 16:28:00,7,95,115.076,37,8.0,1306.0,1306.0,8.0,"(8.0, 1306.0, -8.0, 8.0, 0.0)",2024-07-01 16:22:00,2024-07-01 16:28:00,7,7,7,0,1.0,1.0,0.0,11.385,15347.70076,15336.31576,-1347.0633,14.883239,15347.70076,15332.817521,-1030.207034
84,2024-07-01 16:22:00,2024-07-01 16:28:00,7,95,115.076,38,8.0,1615.0,1615.0,8.7,"(8.0, 1615.0, -91.0, 8.7, 0.0)",2024-07-01 16:22:00,2024-07-01 16:28:00,7,7,7,0,1.0,1.0,0.0,11.385,15347.70076,15336.31576,-1347.0633,14.883239,15347.70076,15332.817521,-1030.207034
84,2024-07-01 16:22:00,2024-07-01 16:28:00,7,95,115.076,39,11.0,1224.0,1224.0,7.48,"(11.0, 1224.0, -26.0, 7.48, 0.0)",2024-07-01 16:22:00,2024-07-01 16:28:00,7,7,7,0,1.0,1.0,0.0,11.385,15347.70076,15336.31576,-1347.0633,14.883239,15347.70076,15332.817521,-1030.207034
84,2024-07-01 16:22:00,2024-07-01 16:28:00,7,95,115.076,40,11.0,1237.0,1237.0,7.27,"(11.0, 1237.0, -29.0, 7.27, 0.0)",2024-07-01 16:22:00,2024-07-01 16:28:00,7,7,7,0,1.0,1.0,0.0,11.385,15347.70076,15336.31576,-1347.0633,14.883239,15347.70076,15332.817521,-1030.207034
84,2024-07-01 16:22:00,2024-07-01 16:28:00,7,95,115.076,41,8.0,1025.0,1025.0,6.25,"(8.0, 1025.0, 11.0, 6.25, 0.0)",2024-07-01 16:22:00,2024-07-01 16:28:00,7,7,7,0,1.0,1.0,0.0,11.385,15347.70076,15336.31576,-1347.0633,14.883239,15347.70076,15332.817521,-1030.207034
84,2024-07-01 16:22:00,2024-07-01 16:28:00,7,95,115.076,42,8.0,925.0,925.0,6.72,"(8.0, 925.0, -22.0, 6.72, 0.0)",2024-07-01 16:22:00,2024-07-01 16:28:00,7,7,7,0,1.0,1.0,0.0,11.385,15347.70076,15336.31576,-1347.0633,14.883239,15347.70076,15332.817521,-1030.207034
84,2024-07-01 16:22:00,2024-07-01 16:28:00,7,95,115.076,43,11.0,913.0,913.0,6.45,"(11.0, 913.0, 56.0, 6.45, 0.0)",2024-07-01 16:22:00,2024-07-01 16:28:00,7,7,7,0,1.0,1.0,0.0,11.385,15347.70076,15336.31576,-1347.0633,14.883239,15347.70076,15332.817521,-1030.207034
84,2024-07-01 16:22:00,2024-07-01 16:28:00,7,95,115.076,44,8.0,804.0,804.0,5.33,"(8.0, 804.0, 50.0, 5.33, 0.0)",2024-07-01 16:22:00,2024-07-01 16:28:00,7,7,7,0,1.0,1.0,0.0,11.385,15347.70076,15336.31576,-1347.0633,14.883239,15347.70076,15332.817521,-1030.207034
84,2024-07-01 16:22:00,2024-07-01 16:28:00,7,95,115.076,45,8.0,961.0,961.0,5.22,"(8.0, 961.0, 20.0, 5.22, 0.0)",2024-07-01 16:22:00,2024-07-01 16:28:00,7,7,7,0,1.0,1.0,0.0,11.385,15347.70076,15336.31576,-1347.0633,14.883239,15347.70076,15332.817521,-1030.207034
84,2024-07-01 16:22:00,2024-07-01 16:28:00,7,95,115.076,46,8.0,976.0,976.0,5.69,"(8.0, 976.0, 51.0, 5.69, 0.0)",2024-07-01 16:22:00,2024-07-01 16:28:00,7,7,7,0,1.0,1.0,0.0,11.385,15347.70076,15336.31576,-1347.0633,14.883239,15347.70076,15332.817521,-1030.207034
84,2024-07-01 16:22:00,2024-07-01 16:28:00,7,95,115.076,47,8.0,855.0,855.0,5.58,"(8.0, 855.0, -15.0, 5.58, 0.0)",2024-07-01 16:22:00,2024-07-01 16:28:00,7,7,7,0,1.0,1.0,0.0,11.385,15347.70076,15336.31576,-1347.0633,14.883239,15347.70076,15332.817521,-1030.207034
84,2024-07-01 16:22:00,2024-07-01 16:28:00,7,95,115.076,48,8.0,748.0,748.0,4.77,"(8.0, 748.0, 14.0, 4.77, 0.0)",2024-07-01 16:22:00,2024-07-01 16:28:00,7,7,7,0,1.0,1.0,0.0,11.385,15347.70076,15336.31576,-1347.0633,14.883239,15347.70076,15332.817521,-1030.207034
84,2024-07-01 16:22:00,2024-07-01 16:28:00,7,95,115.076,49,0.0,4024.0,4024.0,12.75,"(0.0, 4024.0, 27.0, 12.75, 0.0)",2024-07-01 10:57:00,2024-07-03 18:30:00,3316,7,7,0,1.0,1.0,0.0,11.385,15347.70076,15336.31576,-1347.0633,14.883239,15347.70076,15332.817521,-1030.207034
84,2024-07-01 16:22:00,2024-07-01 16:28:00,7,95,115.076,50,8.0,990.0,990.0,5.67,"(8.0, 990.0, -6.0, 5.67, 0.0)",2024-07-01 16:22:00,2024-07-01 16:28:00,7,7,7,0,1.0,1.0,0.0,11.385,15347.70076,15336.31576,-1347.0633,14.883239,15347.70076,15332.817521,-1030.207034
84,2024-07-01 16:22:00,2024-07-01 16:28:00,7,95,115.076,52,8.0,1001.0,1001.0,5.85,"(8.0, 1001.0, -8.0, 5.85, 0.0)",2024-07-01 16:22:00,2024-07-01 16:28:00,7,7,7,0,1.0,1.0,0.0,11.385,15347.70076,15336.31576,-1347.0633,14.883239,15347.70076,15332.817521,-1030.207034
84,2024-07-01 16:22:00,2024-07-01 16:28:00,7,95,115.076,53,8.0,807.0,807.0,4.86,"(8.0, 807.0, -27.0, 4.86, 0.0)",2024-07-01 16:22:00,2024-07-01 16:28:00,7,7,7,0,1.0,1.0,0.0,11.385,15347.70076,15336.31576,-1347.0633,14.883239,15347.70076,15332.817521,-1030.207034
84,2024-07-01 16:22:00,2024-07-01 16:28:00,7,95,115.076,54,8.0,698.0,698.0,4.14,"(8.0, 698.0, -59.0, 4.14, 0.0)",2024-07-01 16:22:00,2024-07-01 16:28:00,7,7,7,0,1.0,1.0,0.0,11.385,15347.70076,15336.31576,-1347.0633,14.883239,15347.70076,15332.817521,-1030.207034
84,2024-07-01 16:22:00,2024-07-01 16:28:00,7,95,115.076,55,8.0,767.0,767.0,5.2,"(8.0, 767.0, -135.0, 5.2, 0.0)",2024-07-01 16:22:00,2024-07-01 16:28:00,7,7,7,0,1.0,1.0,0.0,11.385,15347.70076,15336.31576,-1347.0633,14.883239,15347.70076,15332.817521,-1030.207034
84,2024-07-01 16:22:00,2024-07-01 16:28:00,7,95,115.076,56,8.0,723.0,723.0,5.48,"(8.0, 723.0, -25.0, 5.48, 0.0)",2024-07-01 16:22:00,2024-07-01 16:28:00,7,7,7,0,1.0,1.0,0.0,11.385,15347.70076,15336.31576,-1347.0633,14.883239,15347.70076,15332.817521,-1030.207034
84,2024-07-01 16:22:00,2024-07-01 16:28:00,7,95,115.076,57,8.0,870.0,870.0,5.48,"(8.0, 870.0, -40.0, 5.48, 0.0)",2024-07-01 16:22:00,2024-07-01 16:28:00,7,7,7,0,1.0,1.0,0.0,11.385,15347.70076,15336.31576,-1347.0633,14.883239,15347.70076,15332.817521,-1030.207034
84,2024-07-01 16:22:00,2024-07-01 16:28:00,7,95,115.076,58,8.0,1128.0,1128.0,5.89,"(8.0, 1128.0, -35.0, 5.89, 0.0)",2024-07-01 16:22:00,2024-07-01 16:28:00,7,7,7,0,1.0,1.0,0.0,11.385,15347.70076,15336.31576,-1347.0633,14.883239,15347.70076,15332.817521,-1030.207034
84,2024-07-01 16:22:00,2024-07-01 16:28:00,7,95,115.076,59,8.0,1083.0,1083.0,6.78,"(8.0, 1083.0, -16.0, 6.78, 0.0)",2024-07-01 16:22:00,2024-07-01 16:28:00,7,7,7,0,1.0,1.0,0.0,11.385,15347.70076,15336.31576,-1347.0633,14.883239,15347.70076,15332.817521,-1030.207034
84,2024-07-01 16:22:00,2024-07-01 16:28:00,7,95,115.076,60,8.0,1168.0,1168.0,6.29,"(8.0, 1168.0, -1.0, 6.29, 0.0)",2024-07-01 16:22:00,2024-07-01 16:28:00,7,7,7,0,1.0,1.0,0.0,11.385,15347.70076,15336.31576,-1347.0633,14.883239,15347.70076,15332.817521,-1030.207034
84,2024-07-01 16:22:00,2024-07-01 16:28:00,7,95,115.076,62,8.0,821.0,821.0,5.8,"(8.0, 821.0, -29.0, 5.8, 0.0)",2024-07-01 16:22:00,2024-07-01 16:28:00,7,7,7,0,1.0,1.0,0.0,11.385,15347.70076,15336.31576,-1347.0633,14.883239,15347.70076,15332.817521,-1030.207034
84,2024-07-01 16:22:00,2024-07-01 16:28:00,7,95,115.076,63,8.0,844.0,844.0,5.46,"(8.0, 844.0, -24.0, 5.46, 0.0)",2024-07-01 16:22:00,2024-07-01 16:28:00,7,7,7,0,1.0,1.0,0.0,11.385,15347.70076,15336.31576,-1347.0633,14.883239,15347.70076,15332.817521,-1030.207034
84,2024-07-01 16:22:00,2024-07-01 16:28:00,7,95,115.076,64,8.0,996.0,996.0,5.66,"(8.0, 996.0, -64.0, 5.66, 0.0)",2024-07-01 16:22:00,2024-07-01 16:28:00,7,7,7,0,1.0,1.0,0.0,11.385,15347.70076,15336.31576,-1347.0633,14.883239,15347.70076,15332.817521,-1030.207034
84,2024-07-01 16:22:00,2024-07-01 16:28:00,7,95,115.076,65,8.0,969.0,969.0,6.43,"(8.0, 969.0, -77.0, 6.43, 0.0)",2024-07-01 16:22:00,2024-07-01 16:28:00,7,7,7,0,1.0,1.0,0.0,11.385,15347.70076,15336.31576,-1347.0633,14.883239,15347.70076,15332.817521,-1030.207034
84,2024-07-01 16:22:00,2024-07-01 16:28:00,7,95,115.076,66,8.0,2877.0,2877.0,9.53,"(8.0, 2877.0, -64.0, 9.53, 0.0)",2024-07-01 16:22:00,2024-07-01 16:28:00,7,7,7,0,1.0,1.0,0.0,11.385,15347.70076,15336.31576,-1347.0633,14.883239,15347.70076,15332.817521,-1030.207034
84,2024-07-01 16:22:00,2024-07-01 16:28:00,7,95,115.076,67,8.0,1318.0,1318.0,5.93,"(8.0, 1318.0, -33.0, 5.93, 0.0)",2024-07-01 16:22:00,2024-07-01 16:28:00,7,7,7,0,1.0,1.0,0.0,11.385,15347.70076,15336.31576,-1347.0633,14.883239,15347.70076,15332.817521,-1030.207034
84,2024-07-01 16:22:00,2024-07-01 16:28:00,7,95,115.076,68,8.0,1394.0,1394.0,8.7,"(8.0, 1394.0, -35.0, 8.7, 0.0)",2024-07-01 16:22:00,2024-07-01 16:28:00,7,7,7,0,1.0,1.0,0.0,11.385,15347.70076,15336.31576,-1347.0633,14.883239,15347.70076,15332.817521,-1030.207034
84,2024-07-01 16:22:00,2024-07-01 16:28:00,7,95,115.076,69,8.0,1731.0,1731.0,6.98,"(8.0, 1731.0, -47.0, 6.98, 0.0)",2024-07-01 16:22:00,2024-07-01 16:28:00,7,7,7,0,1.0,1.0,0.0,11.385,15347.70076,15336.31576,-1347.0633,14.883239,15347.70076,15332.817521,-1030.207034
84,2024-07-01 16:22:00,2024-07-01 16:28:00,7,95,115.076,70,8.0,1952.0,1952.0,6.67,"(8.0, 1952.0, -76.0, 6.67, 0.0)",2024-07-01 16:22:00,2024-07-01 16:28:00,7,7,7,0,1.0,1.0,0.0,11.385,15347.70076,15336.31576,-1347.0633,14.883239,15347.70076,15332.817521,-1030.207034
84,2024-07-01 16:22:00,2024-07-01 16:28:00,7,95,115.076,71,8.0,1947.0,1947.0,7.1,"(8.0, 1947.0, -53.0, 7.1, 0.0)",2024-07-01 16:22:00,2024-07-01 16:28:00,7,7,7,0,1.0,1.0,0.0,11.385,15347.70076,15336.31576,-1347.0633,14.883239,15347.70076,15332.817521,-1030.207034
84,2024-07-01 16:22:00,2024-07-01 16:28:00,7,95,115.076,72,8.0,2158.0,2158.0,7.48,"(8.0, 2158.0, -63.0, 7.48, 0.0)",2024-07-01 16:22:00,2024-07-01 16:28:00,7,7,7,0,1.0,1.0,0.0,11.385,15347.70076,15336.31576,-1347.0633,14.883239,15347.70076,15332.817521,-1030.207034
84,2024-07-01 16:22:00,2024-07-01 16:28:00,7,95,115.076,73,8.0,2193.0,2193.0,8.62,"(8.0, 2193.0, -39.0, 8.62, 0.0)",2024-07-01 16:22:00,2024-07-01 16:28:00,7,7,7,0,1.0,1.0,0.0,11.385,15347.70076,15336.31576,-1347.0633,14.883239,15347.70076,15332.817521,-1030.207034
84,2024-07-01 16:22:00,2024-07-01 16:28:00,7,95,115.076,74,8.0,1409.0,1409.0,7.09,"(8.0, 1409.0, -81.0, 7.09, 0.0)",2024-07-01 16:22:00,2024-07-01 16:28:00,7,7,7,0,1.0,1.0,0.0,11.385,15347.70076,15336.31576,-1347.0633,14.883239,15347.70076,15332.817521,-1030.207034
84,2024-07-01 16:22:00,2024-07-01 16:28:00,7,95,115.076,75,8.0,980.0,980.0,5.62,"(8.0, 980.0, 82.0, 5.62, 0.0)",2024-07-01 16:22:00,2024-07-01 16:28:00,7,7,7,0,1.0,1.0,0.0,11.385,15347.70076,15336.31576,-1347.0633,14.883239,15347.70076,15332.817521,-1030.207034
84,2024-07-01 16:22:00,2024-07-01 16:28:00,7,95,115.076,76,8.0,1208.0,1208.0,6.26,"(8.0, 1208.0, 1.0, 6.26, 0.0)",2024-07-01 16:22:00,2024-07-01 16:28:00,7,7,7,0,1.0,1.0,0.0,11.385,15347.70076,15336.31576,-1347.0633,14.883239,15347.70076,15332.817521,-1030.207034
84,2024-07-01 16:22:00,2024-07-01 16:28:00,7,95,115.076,77,8.0,1100.0,1100.0,6.6,"(8.0, 1100.0, 0.0, 6.6, 0.0)",2024-07-01 16:22:00,2024-07-01 16:28:00,7,7,7,0,1.0,1.0,0.0,11.385,15347.70076,15336.31576,-1347.0633,14.883239,15347.70076,15332.817521,-1030.207034
84,2024-07-01 16:22:00,2024-07-01 16:28:00,7,95,115.076,78,8.0,1075.0,1075.0,6.1,"(8.0, 1075.0, -10.0, 6.1, 0.0)",2024-07-01 16:22:00,2024-07-01 16:28:00,7,7,7,0,1.0,1.0,0.0,11.385,15347.70076,15336.31576,-1347.0633,14.883239,15347.70076,15332.817521,-1030.207034
84,2024-07-01 16:22:00,2024-07-01 16:28:00,7,95,115.076,79,8.0,939.0,939.0,5.9,"(8.0, 939.0, -16.0, 5.9, 0.0)",2024-07-01 16:22:00,2024-07-01 16:28:00,7,7,7,0,1.0,1.0,0.0,11.385,15347.70076,15336.31576,-1347.0633,14.883239,15347.70076,15332.817521,-1030.207034
84,2024-07-01 16:22:00,2024-07-01 16:28:00,7,95,115.076,80,8.0,904.0,904.0,6.65,"(8.0, 904.0, 25.0, 6.65, 0.0)",2024-07-01 16:22:00,2024-07-01 16:28:00,7,7,7,0,1.0,1.0,0.0,11.385,15347.70076,15336.31576,-1347.0633,14.883239,15347.70076,15332.817521,-1030.207034
84,2024-07-01 16:22:00,2024-07-01 16:28:00,7,95,115.076,81,8.0,928.0,928.0,7.28,"(8.0, 928.0, -212.0, 7.28, 0.0)",2024-07-01 16:22:00,2024-07-01 16:28:00,7,7,7,0,1.0,1.0,0.0,11.385,15347.70076,15336.31576,-1347.0633,14.883239,15347.70076,15332.817521,-1030.207034
84,2024-07-01 16:22:00,2024-07-01 16:28:00,7,95,115.076,82,8.0,743.0,743.0,5.78,"(8.0, 743.0, -18.0, 5.78, 0.0)",2024-07-01 16:22:00,2024-07-01 16:28:00,7,7,7,0,1.0,1.0,0.0,11.385,15347.70076,15336.31576,-1347.0633,14.883239,15347.70076,15332.817521,-1030.207034
84,2024-07-01 16:22:00,2024-07-01 16:28:00,7,95,115.076,83,8.0,2533.0,2533.0,8.15,"(8.0, 2533.0, -31.0, 8.15, 0.0)",2024-07-01 16:22:00,2024-07-01 16:28:00,7,7,7,0,1.0,1.0,0.0,11.385,15347.70076,15336.31576,-1347.0633,14.883239,15347.70076,15332.817521,-1030.207034
84,2024-07-01 16:22:00,2024-07-01 16:28:00,7,95,115.076,84,8.0,2468.0,2468.0,8.81,"(8.0, 2468.0, -74.0, 8.81, 0.0)",2024-07-01 16:22:00,2024-07-01 16:28:00,7,7,7,0,1.0,1.0,0.0,11.385,15347.70076,15336.31576,-1347.0633,14.883239,15347.70076,15332.817521,-1030.207034
84,2024-07-01 16:22:00,2024-07-01 16:28:00,7,95,115.076,85,8.0,2425.0,2425.0,8.51,"(8.0, 2425.0, -114.0, 8.51, 0.0)",2024-07-01 16:22:00,2024-07-01 16:28:00,7,7,7,0,1.0,1.0,0.0,11.385,15347.70076,15336.31576,-1347.0633,14.883239,15347.70076,15332.817521,-1030.207034
84,2024-07-01 16:22:00,2024-07-01 16:28:00,7,95,115.076,86,8.0,2262.0,2262.0,7.66,"(8.0, 2262.0, -37.0, 7.66, 0.0)",2024-07-01 16:22:00,2024-07-01 16:28:00,7,7,7,0,1.0,1.0,0.0,11.385,15347.70076,15336.31576,-1347.0633,14.883239,15347.70076,15332.817521,-1030.207034
84,2024-07-01 16:22:00,2024-07-01 16:28:00,7,95,115.076,87,8.0,2371.0,2371.0,8.18,"(8.0, 2371.0, -16.0, 8.18, 0.0)",2024-07-01 16:22:00,2024-07-01 16:28:00,7,7,7,0,1.0,1.0,0.0,11.385,15347.70076,15336.31576,-1347.0633,14.883239,15347.70076,15332.817521,-1030.207034
84,2024-07-01 16:22:00,2024-07-01 16:28:00,7,95,115.076,88,8.0,2220.0,2220.0,8.04,"(8.0, 2220.0, -29.0, 8.04, 0.0)",2024-07-01 16:22:00,2024-07-01 16:28:00,7,7,7,0,1.0,1.0,0.0,11.385,15347.70076,15336.31576,-1347.0633,14.883239,15347.70076,15332.817521,-1030.207034
84,2024-07-01 16:22:00,2024-07-01 16:28:00,7,95,115.076,89,8.0,2323.0,2323.0,8.14,"(8.0, 2323.0, -87.0, 8.14, 0.0)",2024-07-01 16:22:00,2024-07-01 16:28:00,7,7,7,0,1.0,1.0,0.0,11.385,15347.70076,15336.31576,-1347.0633,14.883239,15347.70076,15332.817521,-1030.207034
84,2024-07-01 16:22:00,2024-07-01 16:28:00,7,95,115.076,90,8.0,2139.0,2139.0,7.96,"(8.0, 2139.0, -99.0, 7.96, 0.0)",2024-07-01 16:22:00,2024-07-01 16:28:00,7,7,7,0,1.0,1.0,0.0,11.385,15347.70076,15336.31576,-1347.0633,14.883239,15347.70076,15332.817521,-1030.207034
84,2024-07-01 16:22:00,2024-07-01 16:28:00,7,95,115.076,91,8.0,2225.0,2225.0,8.02,"(8.0, 2225.0, -57.0, 8.02, 0.0)",2024-07-01 16:22:00,2024-07-01 16:28:00,7,7,7,0,1.0,1.0,0.0,11.385,15347.70076,15336.31576,-1347.0633,14.883239,15347.70076,15332.817521,-1030.207034
84,2024-07-01 16:22:00,2024-07-01 16:28:00,7,95,115.076,92,8.0,2122.0,2122.0,7.75,"(8.0, 2122.0, -57.0, 7.75, 0.0)",2024-07-01 16:22:00,2024-07-01 16:28:00,7,7,7,0,1.0,1.0,0.0,11.385,15347.70076,15336.31576,-1347.0633,14.883239,15347.70076,15332.817521,-1030.207034
84,2024-07-01 16:22:00,2024-07-01 16:28:00,7,95,115.076,93,8.0,2065.0,2065.0,7.99,"(8.0, 2065.0, -54.0, 7.99, 0.0)",2024-07-01 16:22:00,2024-07-01 16:28:00,7,7,7,0,1.0,1.0,0.0,11.385,15347.70076,15336.31576,-1347.0633,14.883239,15347.70076,15332.817521,-1030.207034
84,2024-07-01 16:22:00,2024-07-01 16:28:00,7,95,115.076,94,8.0,2116.0,2116.0,8.29,"(8.0, 2116.0, -33.0, 8.29, 0.0)",2024-07-01 16:22:00,2024-07-01 16:28:00,7,7,7,0,1.0,1.0,0.0,11.385,15347.70076,15336.31576,-1347.0633,14.883239,15347.70076,15332.817521,-1030.207034
84,2024-07-01 16:22:00,2024-07-01 16:28:00,7,95,115.076,95,8.0,1922.0,1922.0,7.69,"(8.0, 1922.0, -53.0, 7.69, 0.0)",2024-07-01 16:22:00,2024-07-01 16:28:00,7,7,7,0,1.0,1.0,0.0,11.385,15347.70076,15336.31576,-1347.0633,14.883239,15347.70076,15332.817521,-1030.207034
84,2024-07-01 16:22:00,2024-07-01 16:28:00,7,95,115.076,96,8.0,1868.0,1868.0,8.0,"(8.0, 1868.0, -220.0, 8.0, 0.0)",2024-07-01 16:22:00,2024-07-01 16:28:00,7,7,7,0,1.0,1.0,0.0,11.385,15347.70076,15336.31576,-1347.0633,14.883239,15347.70076,15332.817521,-1030.207034
84,2024-07-01 16:22:00,2024-07-01 16:28:00,7,95,115.076,97,8.0,1916.0,1916.0,8.22,"(8.0, 1916.0, -67.0, 8.22, 0.0)",2024-07-01 16:22:00,2024-07-01 16:28:00,7,7,7,0,1.0,1.0,0.0,11.385,15347.70076,15336.31576,-1347.0633,14.883239,15347.70076,15332.817521,-1030.207034
84,2024-07-01 16:22:00,2024-07-01 16:28:00,7,95,115.076,98,8.0,1835.0,1835.0,7.13,"(8.0, 1835.0, -24.0, 7.13, 0.0)",2024-07-01 16:22:00,2024-07-01 16:28:00,7,7,7,0,1.0,1.0,0.0,11.385,15347.70076,15336.31576,-1347.0633,14.883239,15347.70076,15332.817521,-1030.207034
84,2024-07-01 16:22:00,2024-07-01 16:28:00,7,95,115.076,99,8.0,1868.0,1868.0,7.66,"(8.0, 1868.0, -51.0, 7.66, 0.0)",2024-07-01 16:22:00,2024-07-01 16:28:00,7,7,7,0,1.0,1.0,0.0,11.385,15347.70076,15336.31576,-1347.0633,14.883239,15347.70076,15332.817521,-1030.207034
84,2024-07-01 16:22:00,2024-07-01 16:28:00,7,95,115.076,100,8.0,1934.0,1934.0,7.33,"(8.0, 1934.0, -127.0, 7.33, 0.0)",2024-07-01 16:22:00,2024-07-01 16:28:00,7,7,7,0,1.0,1.0,0.0,11.385,15347.70076,15336.31576,-1347.0633,14.883239,15347.70076,15332.817521,-1030.207034
85,2024-07-01 16:29:00,2024-07-02 17:04:00,1476,1,4.024,49,0.0,4024.0,4024.0,12.75,"(0.0, 4024.0, 27.0, 12.75, 0.0)",2024-07-01 10:57:00,2024-07-03 18:30:00,3316,1348,133,-1215,0.913279,0.090108,-0.823171,1614.158623,23.959996,-1590.198627,0.985156,2296.26131,283.855951,-2012.405359,0.876383
86,2024-07-02 17:05:00,2024-07-02 17:08:00,4,92,195.23,1,8.0,4045.0,4045.0,10.94,"(8.0, 4045.0, 38.0, 10.94, 0.0)",2024-07-02 17:05:00,2024-07-02 17:08:00,4,4,4,0,1.0,1.0,0.0,2.429856,15066.1624,15063.732544,-6199.435061,4.428992,15066.1624,15061.733408,-3400.713704
86,2024-07-02 17:05:00,2024-07-02 17:08:00,4,92,195.23,2,8.0,4048.0,4048.0,10.88,"(8.0, 4048.0, 12.0, 10.88, 0.0)",2024-07-02 17:05:00,2024-07-02 17:08:00,4,4,4,0,1.0,1.0,0.0,2.429856,15066.1624,15063.732544,-6199.435061,4.428992,15066.1624,15061.733408,-3400.713704
86,2024-07-02 17:05:00,2024-07-02 17:08:00,4,92,195.23,3,8.0,4011.0,4011.0,10.74,"(8.0, 4011.0, 56.0, 10.74, 0.0)",2024-07-02 17:05:00,2024-07-02 17:08:00,4,4,4,0,1.0,1.0,0.0,2.429856,15066.1624,15063.732544,-6199.435061,4.428992,15066.1624,15061.733408,-3400.713704
86,2024-07-02 17:05:00,2024-07-02 17:08:00,4,92,195.23,4,8.0,4039.0,4039.0,10.86,"(8.0, 4039.0, 65.0, 10.86, 0.0)",2024-07-02 17:05:00,2024-07-02 17:08:00,4,4,4,0,1.0,1.0,0.0,2.429856,15066.1624,15063.732544,-6199.435061,4.428992,15066.1624,15061.733408,-3400.713704
86,2024-07-02 17:05:00,2024-07-02 17:08:00,4,92,195.23,5,8.0,4022.0,4022.0,11.06,"(8.0, 4022.0, -87.0, 11.06, 0.0)",2024-07-02 17:05:00,2024-07-02 17:08:00,4,4,4,0,1.0,1.0,0.0,2.429856,15066.1624,15063.732544,-6199.435061,4.428992,15066.1624,15061.733408,-3400.713704
86,2024-07-02 17:05:00,2024-07-02 17:08:00,4,92,195.23,6,8.0,3999.0,3999.0,11.06,"(8.0, 3999.0, -74.0, 11.06, 0.0)",2024-07-02 17:05:00,2024-07-02 17:08:00,4,4,4,0,1.0,1.0,0.0,2.429856,15066.1624,15063.732544,-6199.435061,4.428992,15066.1624,15061.733408,-3400.713704
86,2024-07-02 17:05:00,2024-07-02 17:08:00,4,92,195.23,7,8.0,4045.0,4045.0,10.98,"(8.0, 4045.0, -39.0, 10.98, 0.0)",2024-07-02 17:05:00,2024-07-02 17:08:00,4,4,4,0,1.0,1.0,0.0,2.429856,15066.1624,15063.732544,-6199.435061,4.428992,15066.1624,15061.733408,-3400.713704
86,2024-07-02 17:05:00,2024-07-02 17:08:00,4,92,195.23,8,8.0,4026.0,4026.0,10.8,"(8.0, 4026.0, 81.0, 10.8, 0.0)",2024-07-02 17:05:00,2024-07-02 17:08:00,4,4,4,0,1.0,1.0,0.0,2.429856,15066.1624,15063.732544,-6199.435061,4.428992,15066.1624,15061.733408,-3400.713704
86,2024-07-02 17:05:00,2024-07-02 17:08:00,4,92,195.23,9,8.0,4013.0,4013.0,10.69,"(8.0, 4013.0, 0.0, 10.69, 0.0)",2024-07-02 17:05:00,2024-07-02 17:08:00,4,4,4,0,1.0,1.0,0.0,2.429856,15066.1624,15063.732544,-6199.435061,4.428992,15066.1624,15061.733408,-3400.713704
86,2024-07-02 17:05:00,2024-07-02 17:08:00,4,92,195.23,10,8.0,4036.0,4036.0,10.37,"(8.0, 4036.0, -43.0, 10.37, 0.0)",2024-07-02 17:05:00,2024-07-02 17:08:00,4,4,4,0,1.0,1.0,0.0,2.429856,15066.1624,15063.732544,-6199.435061,4.428992,15066.1624,15061.733408,-3400.713704
86,2024-07-02 17:05:00,2024-07-02 17:08:00,4,92,195.23,12,8.0,4052.0,4052.0,11.31,"(8.0, 4052.0, -48.0, 11.31, 0.0)",2024-07-02 17:05:00,2024-07-02 17:08:00,4,4,4,0,1.0,1.0,0.0,2.429856,15066.1624,15063.732544,-6199.435061,4.428992,15066.1624,15061.733408,-3400.713704
86,2024-07-02 17:05:00,2024-07-02 17:08:00,4,92,195.23,13,11.0,1992.0,1992.0,9.62,"(11.0, 1992.0, 42.0, 9.62, 0.0)",2024-07-02 17:05:00,2024-07-02 17:08:00,4,4,4,0,1.0,1.0,0.0,2.429856,15066.1624,15063.732544,-6199.435061,4.428992,15066.1624,15061.733408,-3400.713704
86,2024-07-02 17:05:00,2024-07-02 17:08:00,4,92,195.23,14,8.0,4030.0,4030.0,10.39,"(8.0, 4030.0, -4.0, 10.39, 0.0)",2024-07-02 17:05:00,2024-07-02 17:08:00,4,4,4,0,1.0,1.0,0.0,2.429856,15066.1624,15063.732544,-6199.435061,4.428992,15066.1624,15061.733408,-3400.713704
86,2024-07-02 17:05:00,2024-07-02 17:08:00,4,92,195.23,16,8.0,2633.0,2633.0,8.71,"(8.0, 2633.0, 19.0, 8.71, 0.0)",2024-07-02 17:05:00,2024-07-02 17:08:00,4,4,4,0,1.0,1.0,0.0,2.429856,15066.1624,15063.732544,-6199.435061,4.428992,15066.1624,15061.733408,-3400.713704
86,2024-07-02 17:05:00,2024-07-02 17:08:00,4,92,195.23,17,8.0,3691.0,3691.0,11.15,"(8.0, 3691.0, -2.0, 11.15, 0.0)",2024-07-02 17:05:00,2024-07-02 17:08:00,4,4,4,0,1.0,1.0,0.0,2.429856,15066.1624,15063.732544,-6199.435061,4.428992,15066.1624,15061.733408,-3400.713704
86,2024-07-02 17:05:00,2024-07-02 17:08:00,4,92,195.23,18,8.0,3513.0,3513.0,9.26,"(8.0, 3513.0, -13.0, 9.26, 0.0)",2024-07-02 17:05:00,2024-07-02 17:08:00,4,4,4,0,1.0,1.0,0.0,2.429856,15066.1624,15063.732544,-6199.435061,4.428992,15066.1624,15061.733408,-3400.713704
86,2024-07-02 17:05:00,2024-07-02 17:08:00,4,92,195.23,19,8.0,2812.0,2812.0,8.26,"(8.0, 2812.0, -123.0, 8.26, 0.0)",2024-07-02 17:05:00,2024-07-02 17:08:00,4,4,4,0,1.0,1.0,0.0,2.429856,15066.1624,15063.732544,-6199.435061,4.428992,15066.1624,15061.733408,-3400.713704
86,2024-07-02 17:05:00,2024-07-02 17:08:00,4,92,195.23,20,8.0,2148.0,2148.0,6.77,"(8.0, 2148.0, 17.0, 6.77, 0.0)",2024-07-02 17:05:00,2024-07-02 17:08:00,4,4,4,0,1.0,1.0,0.0,2.429856,15066.1624,15063.732544,-6199.435061,4.428992,15066.1624,15061.733408,-3400.713704
86,2024-07-02 17:05:00,2024-07-02 17:08:00,4,92,195.23,21,8.0,2461.0,2461.0,9.14,"(8.0, 2461.0, -38.0, 9.14, 0.0)",2024-07-02 17:05:00,2024-07-02 17:08:00,4,4,4,0,1.0,1.0,0.0,2.429856,15066.1624,15063.732544,-6199.435061,4.428992,15066.1624,15061.733408,-3400.713704
86,2024-07-02 17:05:00,2024-07-02 17:08:00,4,92,195.23,22,8.0,3221.0,3221.0,7.05,"(8.0, 3221.0, -8.0, 7.05, 0.0)",2024-07-02 17:05:00,2024-07-02 17:08:00,4,4,4,0,1.0,1.0,0.0,2.429856,15066.1624,15063.732544,-6199.435061,4.428992,15066.1624,15061.733408,-3400.713704
86,2024-07-02 17:05:00,2024-07-02 17:08:00,4,92,195.23,23,8.0,2176.0,2176.0,7.39,"(8.0, 2176.0, 42.0, 7.39, 0.0)",2024-07-02 17:05:00,2024-07-02 17:08:00,4,4,4,0,1.0,1.0,0.0,2.429856,15066.1624,15063.732544,-6199.435061,4.428992,15066.1624,15061.733408,-3400.713704
86,2024-07-02 17:05:00,2024-07-02 17:08:00,4,92,195.23,24,8.0,1958.0,1958.0,5.73,"(8.0, 1958.0, 3.0, 5.73, 0.0)",2024-07-02 17:05:00,2024-07-02 17:08:00,4,4,4,0,1.0,1.0,0.0,2.429856,15066.1624,15063.732544,-6199.435061,4.428992,15066.1624,15061.733408,-3400.713704
86,2024-07-02 17:05:00,2024-07-02 17:08:00,4,92,195.23,25,8.0,2081.0,2081.0,6.77,"(8.0, 2081.0, 2.0, 6.77, 0.0)",2024-07-02 17:05:00,2024-07-02 17:08:00,4,4,4,0,1.0,1.0,0.0,2.429856,15066.1624,15063.732544,-6199.435061,4.428992,15066.1624,15061.733408,-3400.713704
86,2024-07-02 17:05:00,2024-07-02 17:08:00,4,92,195.23,26,8.0,2830.0,2830.0,9.57,"(8.0, 2830.0, -28.0, 9.57, 0.0)",2024-07-02 17:05:00,2024-07-02 17:08:00,4,4,4,0,1.0,1.0,0.0,2.429856,15066.1624,15063.732544,-6199.435061,4.428992,15066.1624,15061.733408,-3400.713704
86,2024-07-02 17:05:00,2024-07-02 17:08:00,4,92,195.23,27,8.0,2218.0,2218.0,6.13,"(8.0, 2218.0, -122.0, 6.13, 0.0)",2024-07-02 17:05:00,2024-07-02 17:08:00,4,4,4,0,1.0,1.0,0.0,2.429856,15066.1624,15063.732544,-6199.435061,4.428992,15066.1624,15061.733408,-3400.713704
86,2024-07-02 17:05:00,2024-07-02 17:08:00,4,92,195.23,28,8.0,2173.0,2173.0,5.99,"(8.0, 2173.0, -22.0, 5.99, 0.0)",2024-07-02 17:05:00,2024-07-02 17:08:00,4,4,4,0,1.0,1.0,0.0,2.429856,15066.1624,15063.732544,-6199.435061,4.428992,15066.1624,15061.733408,-3400.713704
86,2024-07-02 17:05:00,2024-07-02 17:08:00,4,92,195.23,29,8.0,3136.0,3136.0,9.83,"(8.0, 3136.0, 37.0, 9.83, 0.0)",2024-07-02 17:05:00,2024-07-02 17:08:00,4,4,4,0,1.0,1.0,0.0,2.429856,15066.1624,15063.732544,-6199.435061,4.428992,15066.1624,15061.733408,-3400.713704
86,2024-07-02 17:05:00,2024-07-02 17:08:00,4,92,195.23,30,8.0,4021.0,4021.0,10.52,"(8.0, 4021.0, -70.0, 10.52, 0.0)",2024-07-02 17:05:00,2024-07-02 17:08:00,4,4,4,0,1.0,1.0,0.0,2.429856,15066.1624,15063.732544,-6199.435061,4.428992,15066.1624,15061.733408,-3400.713704
86,2024-07-02 17:05:00,2024-07-02 17:08:00,4,92,195.23,32,8.0,2068.0,2068.0,7.83,"(8.0, 2068.0, 0.0, 7.83, 0.0)",2024-07-02 17:05:00,2024-07-02 17:08:00,4,4,4,0,1.0,1.0,0.0,2.429856,15066.1624,15063.732544,-6199.435061,4.428992,15066.1624,15061.733408,-3400.713704
86,2024-07-02 17:05:00,2024-07-02 17:08:00,4,92,195.23,33,8.0,1826.0,1826.0,8.86,"(8.0, 1826.0, -3.0, 8.86, 0.0)",2024-07-02 17:05:00,2024-07-02 17:08:00,4,4,4,0,1.0,1.0,0.0,2.429856,15066.1624,15063.732544,-6199.435061,4.428992,15066.1624,15061.733408,-3400.713704
86,2024-07-02 17:05:00,2024-07-02 17:08:00,4,92,195.23,34,8.0,1310.0,1310.0,6.18,"(8.0, 1310.0, 35.0, 6.18, 0.0)",2024-07-02 17:05:00,2024-07-02 17:08:00,4,4,4,0,1.0,1.0,0.0,2.429856,15066.1624,15063.732544,-6199.435061,4.428992,15066.1624,15061.733408,-3400.713704
86,2024-07-02 17:05:00,2024-07-02 17:08:00,4,92,195.23,35,8.0,3282.0,3282.0,10.14,"(8.0, 3282.0, 31.0, 10.14, 0.0)",2024-07-02 17:05:00,2024-07-02 17:08:00,4,4,4,0,1.0,1.0,0.0,2.429856,15066.1624,15063.732544,-6199.435061,4.428992,15066.1624,15061.733408,-3400.713704
86,2024-07-02 17:05:00,2024-07-02 17:08:00,4,92,195.23,36,8.0,1420.0,1420.0,5.39,"(8.0, 1420.0, 36.0, 5.39, 0.0)",2024-07-02 17:05:00,2024-07-02 17:08:00,4,4,4,0,1.0,1.0,0.0,2.429856,15066.1624,15063.732544,-6199.435061,4.428992,15066.1624,15061.733408,-3400.713704
86,2024-07-02 17:05:00,2024-07-02 17:08:00,4,92,195.23,38,8.0,993.0,993.0,6.87,"(8.0, 993.0, 46.0, 6.87, 0.0)",2024-07-02 17:05:00,2024-07-02 17:08:00,4,4,4,0,1.0,1.0,0.0,2.429856,15066.1624,15063.732544,-6199.435061,4.428992,15066.1624,15061.733408,-3400.713704
86,2024-07-02 17:05:00,2024-07-02 17:08:00,4,92,195.23,39,8.0,2540.0,2540.0,8.39,"(8.0, 2540.0, 28.0, 8.39, 0.0)",2024-07-02 17:05:00,2024-07-02 17:08:00,4,4,4,0,1.0,1.0,0.0,2.429856,15066.1624,15063.732544,-6199.435061,4.428992,15066.1624,15061.733408,-3400.713704
86,2024-07-02 17:05:00,2024-07-02 17:08:00,4,92,195.23,40,8.0,1670.0,1670.0,8.67,"(8.0, 1670.0, 32.0, 8.67, 0.0)",2024-07-02 17:05:00,2024-07-02 17:08:00,4,4,4,0,1.0,1.0,0.0,2.429856,15066.1624,15063.732544,-6199.435061,4.428992,15066.1624,15061.733408,-3400.713704
86,2024-07-02 17:05:00,2024-07-02 17:08:00,4,92,195.23,41,8.0,3435.0,3435.0,10.53,"(8.0, 3435.0, -27.0, 10.53, 0.0)",2024-07-02 17:05:00,2024-07-02 17:08:00,4,4,4,0,1.0,1.0,0.0,2.429856,15066.1624,15063.732544,-6199.435061,4.428992,15066.1624,15061.733408,-3400.713704
86,2024-07-02 17:05:00,2024-07-02 17:08:00,4,92,195.23,42,8.0,2033.0,2033.0,7.49,"(8.0, 2033.0, -16.0, 7.49, 0.0)",2024-07-02 17:05:00,2024-07-02 17:08:00,4,4,4,0,1.0,1.0,0.0,2.429856,15066.1624,15063.732544,-6199.435061,4.428992,15066.1624,15061.733408,-3400.713704
86,2024-07-02 17:05:00,2024-07-02 17:08:00,4,92,195.23,43,8.0,1229.0,1229.0,4.58,"(8.0, 1229.0, -28.0, 4.58, 0.0)",2024-07-02 17:05:00,2024-07-02 17:08:00,4,4,4,0,1.0,1.0,0.0,2.429856,15066.1624,15063.732544,-6199.435061,4.428992,15066.1624,15061.733408,-3400.713704
86,2024-07-02 17:05:00,2024-07-02 17:08:00,4,92,195.23,44,8.0,2038.0,2038.0,8.06,"(8.0, 2038.0, 28.0, 8.06, 0.0)",2024-07-02 17:05:00,2024-07-02 17:08:00,4,4,4,0,1.0,1.0,0.0,2.429856,15066.1624,15063.732544,-6199.435061,4.428992,15066.1624,15061.733408,-3400.713704
86,2024-07-02 17:05:00,2024-07-02 17:08:00,4,92,195.23,45,8.0,1447.0,1447.0,8.34,"(8.0, 1447.0, 41.0, 8.34, 0.0)",2024-07-02 17:05:00,2024-07-02 17:08:00,4,4,4,0,1.0,1.0,0.0,2.429856,15066.1624,15063.732544,-6199.435061,4.428992,15066.1624,15061.733408,-3400.713704
86,2024-07-02 17:05:00,2024-07-02 17:08:00,4,92,195.23,46,8.0,1903.0,1903.0,8.48,"(8.0, 1903.0, 82.0, 8.48, 0.0)",2024-07-02 17:05:00,2024-07-02 17:08:00,4,4,4,0,1.0,1.0,0.0,2.429856,15066.1624,15063.732544,-6199.435061,4.428992,15066.1624,15061.733408,-3400.713704
86,2024-07-02 17:05:00,2024-07-02 17:08:00,4,92,195.23,47,8.0,920.0,920.0,5.52,"(8.0, 920.0, 81.0, 5.52, 0.0)",2024-07-02 17:05:00,2024-07-02 17:08:00,4,4,4,0,1.0,1.0,0.0,2.429856,15066.1624,15063.732544,-6199.435061,4.428992,15066.1624,15061.733408,-3400.713704
86,2024-07-02 17:05:00,2024-07-02 17:08:00,4,92,195.23,48,8.0,1923.0,1923.0,6.46,"(8.0, 1923.0, 18.0, 6.46, 0.0)",2024-07-02 17:05:00,2024-07-02 17:08:00,4,4,4,0,1.0,1.0,0.0,2.429856,15066.1624,15063.732544,-6199.435061,4.428992,15066.1624,15061.733408,-3400.713704
86,2024-07-02 17:05:00,2024-07-02 17:08:00,4,92,195.23,49,0.0,4024.0,4024.0,12.75,"(0.0, 4024.0, 27.0, 12.75, 0.0)",2024-07-01 10:57:00,2024-07-03 18:30:00,3316,4,4,0,1.0,1.0,0.0,2.429856,15066.1624,15063.732544,-6199.435061,4.428992,15066.1624,15061.733408,-3400.713704
86,2024-07-02 17:05:00,2024-07-02 17:08:00,4,92,195.23,50,8.0,2291.0,2291.0,8.27,"(8.0, 2291.0, 18.0, 8.27, 0.0)",2024-07-02 17:05:00,2024-07-02 17:08:00,4,4,4,0,1.0,1.0,0.0,2.429856,15066.1624,15063.732544,-6199.435061,4.428992,15066.1624,15061.733408,-3400.713704
86,2024-07-02 17:05:00,2024-07-02 17:08:00,4,92,195.23,52,8.0,3413.0,3413.0,8.76,"(8.0, 3413.0, -6.0, 8.76, 0.0)",2024-07-02 17:05:00,2024-07-02 17:08:00,4,4,4,0,1.0,1.0,0.0,2.429856,15066.1624,15063.732544,-6199.435061,4.428992,15066.1624,15061.733408,-3400.713704
86,2024-07-02 17:05:00,2024-07-02 17:08:00,4,92,195.23,53,8.0,1751.0,1751.0,8.25,"(8.0, 1751.0, -76.0, 8.25, 0.0)",2024-07-02 17:05:00,2024-07-02 17:08:00,4,4,4,0,1.0,1.0,0.0,2.429856,15066.1624,15063.732544,-6199.435061,4.428992,15066.1624,15061.733408,-3400.713704
86,2024-07-02 17:05:00,2024-07-02 17:08:00,4,92,195.23,54,8.0,2254.0,2254.0,9.2,"(8.0, 2254.0, -46.0, 9.2, 0.0)",2024-07-02 17:05:00,2024-07-02 17:08:00,4,4,4,0,1.0,1.0,0.0,2.429856,15066.1624,15063.732544,-6199.435061,4.428992,15066.1624,15061.733408,-3400.713704
86,2024-07-02 17:05:00,2024-07-02 17:08:00,4,92,195.23,55,8.0,1081.0,1081.0,4.49,"(8.0, 1081.0, 70.0, 4.49, 0.0)",2024-07-02 17:05:00,2024-07-02 17:08:00,4,4,4,0,1.0,1.0,0.0,2.429856,15066.1624,15063.732544,-6199.435061,4.428992,15066.1624,15061.733408,-3400.713704
86,2024-07-02 17:05:00,2024-07-02 17:08:00,4,92,195.23,56,8.0,1727.0,1727.0,9.27,"(8.0, 1727.0, -18.0, 9.27, 0.0)",2024-07-02 17:05:00,2024-07-02 17:08:00,4,4,4,0,1.0,1.0,0.0,2.429856,15066.1624,15063.732544,-6199.435061,4.428992,15066.1624,15061.733408,-3400.713704
86,2024-07-02 17:05:00,2024-07-02 17:08:00,4,92,195.23,57,8.0,1260.0,1260.0,6.72,"(8.0, 1260.0, -159.0, 6.72, 0.0)",2024-07-02 17:05:00,2024-07-02 17:08:00,4,4,4,0,1.0,1.0,0.0,2.429856,15066.1624,15063.732544,-6199.435061,4.428992,15066.1624,15061.733408,-3400.713704
86,2024-07-02 17:05:00,2024-07-02 17:08:00,4,92,195.23,58,8.0,1293.0,1293.0,8.63,"(8.0, 1293.0, -18.0, 8.63, 0.0)",2024-07-02 17:05:00,2024-07-02 17:08:00,4,4,4,0,1.0,1.0,0.0,2.429856,15066.1624,15063.732544,-6199.435061,4.428992,15066.1624,15061.733408,-3400.713704
86,2024-07-02 17:05:00,2024-07-02 17:08:00,4,92,195.23,59,8.0,1073.0,1073.0,5.46,"(8.0, 1073.0, 40.0, 5.46, 0.0)",2024-07-02 17:05:00,2024-07-02 17:08:00,4,4,4,0,1.0,1.0,0.0,2.429856,15066.1624,15063.732544,-6199.435061,4.428992,15066.1624,15061.733408,-3400.713704
86,2024-07-02 17:05:00,2024-07-02 17:08:00,4,92,195.23,60,8.0,2615.0,2615.0,9.44,"(8.0, 2615.0, 33.0, 9.44, 0.0)",2024-07-02 17:05:00,2024-07-02 17:08:00,4,4,4,0,1.0,1.0,0.0,2.429856,15066.1624,15063.732544,-6199.435061,4.428992,15066.1624,15061.733408,-3400.713704
86,2024-07-02 17:05:00,2024-07-02 17:08:00,4,92,195.23,62,8.0,1046.0,1046.0,5.81,"(8.0, 1046.0, 92.0, 5.81, 0.0)",2024-07-02 17:05:00,2024-07-02 17:08:00,4,4,4,0,1.0,1.0,0.0,2.429856,15066.1624,15063.732544,-6199.435061,4.428992,15066.1624,15061.733408,-3400.713704
86,2024-07-02 17:05:00,2024-07-02 17:08:00,4,92,195.23,63,8.0,713.0,713.0,5.77,"(8.0, 713.0, 40.0, 5.77, 0.0)",2024-07-02 17:05:00,2024-07-02 17:08:00,4,4,4,0,1.0,1.0,0.0,2.429856,15066.1624,15063.732544,-6199.435061,4.428992,15066.1624,15061.733408,-3400.713704
86,2024-07-02 17:05:00,2024-07-02 17:08:00,4,92,195.23,64,8.0,976.0,976.0,5.23,"(8.0, 976.0, 4.0, 5.23, 0.0)",2024-07-02 17:05:00,2024-07-02 17:08:00,4,4,4,0,1.0,1.0,0.0,2.429856,15066.1624,15063.732544,-6199.435061,4.428992,15066.1624,15061.733408,-3400.713704
86,2024-07-02 17:05:00,2024-07-02 17:08:00,4,92,195.23,65,8.0,3536.0,3536.0,9.44,"(8.0, 3536.0, -52.0, 9.44, 0.0)",2024-07-02 17:05:00,2024-07-02 17:08:00,4,4,4,0,1.0,1.0,0.0,2.429856,15066.1624,15063.732544,-6199.435061,4.428992,15066.1624,15061.733408,-3400.713704
86,2024-07-02 17:05:00,2024-07-02 17:08:00,4,92,195.23,67,8.0,1056.0,1056.0,6.03,"(8.0, 1056.0, 13.0, 6.03, 0.0)",2024-07-02 17:05:00,2024-07-02 17:08:00,4,4,4,0,1.0,1.0,0.0,2.429856,15066.1624,15063.732544,-6199.435061,4.428992,15066.1624,15061.733408,-3400.713704
86,2024-07-02 17:05:00,2024-07-02 17:08:00,4,92,195.23,69,8.0,841.0,841.0,6.0,"(8.0, 841.0, 38.0, 6.0, 0.0)",2024-07-02 17:05:00,2024-07-02 17:08:00,4,4,4,0,1.0,1.0,0.0,2.429856,15066.1624,15063.732544,-6199.435061,4.428992,15066.1624,15061.733408,-3400.713704
86,2024-07-02 17:05:00,2024-07-02 17:08:00,4,92,195.23,70,8.0,1195.0,1195.0,6.16,"(8.0, 1195.0, 15.0, 6.16, 0.0)",2024-07-02 17:05:00,2024-07-02 17:08:00,4,4,4,0,1.0,1.0,0.0,2.429856,15066.1624,15063.732544,-6199.435061,4.428992,15066.1624,15061.733408,-3400.713704
86,2024-07-02 17:05:00,2024-07-02 17:08:00,4,92,195.23,71,8.0,520.0,520.0,4.91,"(8.0, 520.0, 34.0, 4.91, 0.0)",2024-07-02 17:05:00,2024-07-02 17:08:00,4,4,4,0,1.0,1.0,0.0,2.429856,15066.1624,15063.732544,-6199.435061,4.428992,15066.1624,15061.733408,-3400.713704
86,2024-07-02 17:05:00,2024-07-02 17:08:00,4,92,195.23,72,8.0,1322.0,1322.0,5.8,"(8.0, 1322.0, 27.0, 5.8, 0.0)",2024-07-02 17:05:00,2024-07-02 17:08:00,4,4,4,0,1.0,1.0,0.0,2.429856,15066.1624,15063.732544,-6199.435061,4.428992,15066.1624,15061.733408,-3400.713704
86,2024-07-02 17:05:00,2024-07-02 17:08:00,4,92,195.23,73,8.0,514.0,514.0,3.67,"(8.0, 514.0, -5.0, 3.67, 0.0)",2024-07-02 17:05:00,2024-07-02 17:08:00,4,4,4,0,1.0,1.0,0.0,2.429856,15066.1624,15063.732544,-6199.435061,4.428992,15066.1624,15061.733408,-3400.713704
86,2024-07-02 17:05:00,2024-07-02 17:08:00,4,92,195.23,74,8.0,609.0,609.0,7.02,"(8.0, 609.0, 35.0, 7.02, 0.0)",2024-07-02 17:05:00,2024-07-02 17:08:00,4,4,4,0,1.0,1.0,0.0,2.429856,15066.1624,15063.732544,-6199.435061,4.428992,15066.1624,15061.733408,-3400.713704
86,2024-07-02 17:05:00,2024-07-02 17:08:00,4,92,195.23,75,8.0,572.0,572.0,4.86,"(8.0, 572.0, 88.0, 4.86, 0.0)",2024-07-02 17:05:00,2024-07-02 17:08:00,4,4,4,0,1.0,1.0,0.0,2.429856,15066.1624,15063.732544,-6199.435061,4.428992,15066.1624,15061.733408,-3400.713704
86,2024-07-02 17:05:00,2024-07-02 17:08:00,4,92,195.23,76,8.0,876.0,876.0,4.34,"(8.0, 876.0, 44.0, 4.34, 0.0)",2024-07-02 17:05:00,2024-07-02 17:08:00,4,4,4,0,1.0,1.0,0.0,2.429856,15066.1624,15063.732544,-6199.435061,4.428992,15066.1624,15061.733408,-3400.713704
86,2024-07-02 17:05:00,2024-07-02 17:08:00,4,92,195.23,77,8.0,1340.0,1340.0,5.26,"(8.0, 1340.0, -1.0, 5.26, 0.0)",2024-07-02 17:05:00,2024-07-02 17:08:00,4,4,4,0,1.0,1.0,0.0,2.429856,15066.1624,15063.732544,-6199.435061,4.428992,15066.1624,15061.733408,-3400.713704
86,2024-07-02 17:05:00,2024-07-02 17:08:00,4,92,195.23,78,8.0,1090.0,1090.0,8.44,"(8.0, 1090.0, 39.0, 8.44, 0.0)",2024-07-02 17:05:00,2024-07-02 17:08:00,4,4,4,0,1.0,1.0,0.0,2.429856,15066.1624,15063.732544,-6199.435061,4.428992,15066.1624,15061.733408,-3400.713704
86,2024-07-02 17:05:00,2024-07-02 17:08:00,4,92,195.23,79,8.0,1169.0,1169.0,6.41,"(8.0, 1169.0, -14.0, 6.41, 0.0)",2024-07-02 17:05:00,2024-07-02 17:08:00,4,4,4,0,1.0,1.0,0.0,2.429856,15066.1624,15063.732544,-6199.435061,4.428992,15066.1624,15061.733408,-3400.713704
86,2024-07-02 17:05:00,2024-07-02 17:08:00,4,92,195.23,80,8.0,801.0,801.0,4.99,"(8.0, 801.0, 82.0, 4.99, 0.0)",2024-07-02 17:05:00,2024-07-02 17:08:00,4,4,4,0,1.0,1.0,0.0,2.429856,15066.1624,15063.732544,-6199.435061,4.428992,15066.1624,15061.733408,-3400.713704
86,2024-07-02 17:05:00,2024-07-02 17:08:00,4,92,195.23,81,8.0,1177.0,1177.0,7.6,"(8.0, 1177.0, 18.0, 7.6, 0.0)",2024-07-02 17:05:00,2024-07-02 17:08:00,4,4,4,0,1.0,1.0,0.0,2.429856,15066.1624,15063.732544,-6199.435061,4.428992,15066.1624,15061.733408,-3400.713704
86,2024-07-02 17:05:00,2024-07-02 17:08:00,4,92,195.23,82,8.0,4030.0,4030.0,10.11,"(8.0, 4030.0, -44.0, 10.11, 0.0)",2024-07-02 17:05:00,2024-07-02 17:08:00,4,4,4,0,1.0,1.0,0.0,2.429856,15066.1624,15063.732544,-6199.435061,4.428992,15066.1624,15061.733408,-3400.713704
86,2024-07-02 17:05:00,2024-07-02 17:08:00,4,92,195.23,83,8.0,2061.0,2061.0,6.88,"(8.0, 2061.0, -16.0, 6.88, 0.0)",2024-07-02 17:05:00,2024-07-02 17:08:00,4,4,4,0,1.0,1.0,0.0,2.429856,15066.1624,15063.732544,-6199.435061,4.428992,15066.1624,15061.733408,-3400.713704
86,2024-07-02 17:05:00,2024-07-02 17:08:00,4,92,195.23,84,8.0,1191.0,1191.0,4.72,"(8.0, 1191.0, 38.0, 4.72, 0.0)",2024-07-02 17:05:00,2024-07-02 17:08:00,4,4,4,0,1.0,1.0,0.0,2.429856,15066.1624,15063.732544,-6199.435061,4.428992,15066.1624,15061.733408,-3400.713704
86,2024-07-02 17:05:00,2024-07-02 17:08:00,4,92,195.23,85,8.0,2526.0,2526.0,7.5,"(8.0, 2526.0, -61.0, 7.5, 0.0)",2024-07-02 17:05:00,2024-07-02 17:08:00,4,4,4,0,1.0,1.0,0.0,2.429856,15066.1624,15063.732544,-6199.435061,4.428992,15066.1624,15061.733408,-3400.713704
86,2024-07-02 17:05:00,2024-07-02 17:08:00,4,92,195.23,86,8.0,1755.0,1755.0,6.54,"(8.0, 1755.0, 29.0, 6.54, 0.0)",2024-07-02 17:05:00,2024-07-02 17:08:00,4,4,4,0,1.0,1.0,0.0,2.429856,15066.1624,15063.732544,-6199.435061,4.428992,15066.1624,15061.733408,-3400.713704
86,2024-07-02 17:05:00,2024-07-02 17:08:00,4,92,195.23,87,8.0,1157.0,1157.0,3.66,"(8.0, 1157.0, 10.0, 3.66, 0.0)",2024-07-02 17:05:00,2024-07-02 17:08:00,4,4,4,0,1.0,1.0,0.0,2.429856,15066.1624,15063.732544,-6199.435061,4.428992,15066.1624,15061.733408,-3400.713704
86,2024-07-02 17:05:00,2024-07-02 17:08:00,4,92,195.23,88,8.0,2187.0,2187.0,8.66,"(8.0, 2187.0, -2.0, 8.66, 0.0)",2024-07-02 17:05:00,2024-07-02 17:08:00,4,4,4,0,1.0,1.0,0.0,2.429856,15066.1624,15063.732544,-6199.435061,4.428992,15066.1624,15061.733408,-3400.713704
86,2024-07-02 17:05:00,2024-07-02 17:08:00,4,92,195.23,89,11.0,1414.0,1414.0,5.7,"(11.0, 1414.0, -40.0, 5.7, 0.0)",2024-07-02 17:05:00,2024-07-02 17:08:00,4,4,4,0,1.0,1.0,0.0,2.429856,15066.1624,15063.732544,-6199.435061,4.428992,15066.1624,15061.733408,-3400.713704
86,2024-07-02 17:05:00,2024-07-02 17:08:00,4,92,195.23,90,8.0,934.0,934.0,5.1,"(8.0, 934.0, -71.0, 5.1, 0.0)",2024-07-02 17:05:00,2024-07-02 17:08:00,4,4,4,0,1.0,1.0,0.0,2.429856,15066.1624,15063.732544,-6199.435061,4.428992,15066.1624,15061.733408,-3400.713704
86,2024-07-02 17:05:00,2024-07-02 17:08:00,4,92,195.23,91,8.0,613.0,613.0,4.48,"(8.0, 613.0, 24.0, 4.48, 0.0)",2024-07-02 17:05:00,2024-07-02 17:08:00,4,4,4,0,1.0,1.0,0.0,2.429856,15066.1624,15063.732544,-6199.435061,4.428992,15066.1624,15061.733408,-3400.713704
86,2024-07-02 17:05:00,2024-07-02 17:08:00,4,92,195.23,92,8.0,1730.0,1730.0,6.47,"(8.0, 1730.0, -41.0, 6.47, 0.0)",2024-07-02 17:05:00,2024-07-02 17:08:00,4,4,4,0,1.0,1.0,0.0,2.429856,15066.1624,15063.732544,-6199.435061,4.428992,15066.1624,15061.733408,-3400.713704
86,2024-07-02 17:05:00,2024-07-02 17:08:00,4,92,195.23,93,8.0,1255.0,1255.0,5.06,"(8.0, 1255.0, -7.0, 5.06, 0.0)",2024-07-02 17:05:00,2024-07-02 17:08:00,4,4,4,0,1.0,1.0,0.0,2.429856,15066.1624,15063.732544,-6199.435061,4.428992,15066.1624,15061.733408,-3400.713704
86,2024-07-02 17:05:00,2024-07-02 17:08:00,4,92,195.23,94,8.0,1038.0,1038.0,6.72,"(8.0, 1038.0, 59.0, 6.72, 0.0)",2024-07-02 17:05:00,2024-07-02 17:08:00,4,4,4,0,1.0,1.0,0.0,2.429856,15066.1624,15063.732544,-6199.435061,4.428992,15066.1624,15061.733408,-3400.713704
86,2024-07-02 17:05:00,2024-07-02 17:08:00,4,92,195.23,95,8.0,844.0,844.0,5.69,"(8.0, 844.0, 52.0, 5.69, 0.0)",2024-07-02 17:05:00,2024-07-02 17:08:00,4,4,4,0,1.0,1.0,0.0,2.429856,15066.1624,15063.732544,-6199.435061,4.428992,15066.1624,15061.733408,-3400.713704
86,2024-07-02 17:05:00,2024-07-02 17:08:00,4,92,195.23,96,8.0,1173.0,1173.0,6.09,"(8.0, 1173.0, -210.0, 6.09, 0.0)",2024-07-02 17:05:00,2024-07-02 17:08:00,4,4,4,0,1.0,1.0,0.0,2.429856,15066.1624,15063.732544,-6199.435061,4.428992,15066.1624,15061.733408,-3400.713704
86,2024-07-02 17:05:00,2024-07-02 17:08:00,4,92,195.23,97,8.0,1311.0,1311.0,6.7,"(8.0, 1311.0, 3.0, 6.7, 0.0)",2024-07-02 17:05:00,2024-07-02 17:08:00,4,4,4,0,1.0,1.0,0.0,2.429856,15066.1624,15063.732544,-6199.435061,4.428992,15066.1624,15061.733408,-3400.713704
86,2024-07-02 17:05:00,2024-07-02 17:08:00,4,92,195.23,98,8.0,1375.0,1375.0,8.21,"(8.0, 1375.0, 0.0, 8.21, 0.0)",2024-07-02 17:05:00,2024-07-02 17:08:00,4,4,4,0,1.0,1.0,0.0,2.429856,15066.1624,15063.732544,-6199.435061,4.428992,15066.1624,15061.733408,-3400.713704
86,2024-07-02 17:05:00,2024-07-02 17:08:00,4,92,195.23,99,8.0,1427.0,1427.0,5.33,"(8.0, 1427.0, -7.0, 5.33, 0.0)",2024-07-02 17:05:00,2024-07-02 17:08:00,4,4,4,0,1.0,1.0,0.0,2.429856,15066.1624,15063.732544,-6199.435061,4.428992,15066.1624,15061.733408,-3400.713704
86,2024-07-02 17:05:00,2024-07-02 17:08:00,4,92,195.23,100,8.0,3607.0,3607.0,9.41,"(8.0, 3607.0, -89.0, 9.41, 0.0)",2024-07-02 17:05:00,2024-07-02 17:08:00,4,4,4,0,1.0,1.0,0.0,2.429856,15066.1624,15063.732544,-6199.435061,4.428992,15066.1624,15061.733408,-3400.713704
87,2024-07-02 17:09:00,2024-07-02 17:45:00,37,1,4.024,49,0.0,4024.0,4024.0,12.75,"(0.0, 4024.0, 27.0, 12.75, 0.0)",2024-07-01 10:57:00,2024-07-03 18:30:00,3316,35,10,-25,0.945946,0.27027,-0.675676,26.801903,0.873244,-25.928659,0.967419,45.039864,9.859532,-35.180332,0.781093
88,2024-07-02 17:46:00,2024-07-02 17:51:00,6,92,157.201,1,8.0,2644.0,2644.0,9.85,"(8.0, 2644.0, 38.0, 9.85, 0.0)",2024-07-02 17:46:00,2024-07-02 17:51:00,6,6,6,0,1.0,1.0,0.0,9.041769,17974.8228,17965.781031,-1986.976441,12.01528,17974.8228,17962.80752,-1494.997049
88,2024-07-02 17:46:00,2024-07-02 17:51:00,6,92,157.201,2,8.0,2530.0,2530.0,9.53,"(8.0, 2530.0, 26.0, 9.53, 0.0)",2024-07-02 17:46:00,2024-07-02 17:51:00,6,6,6,0,1.0,1.0,0.0,9.041769,17974.8228,17965.781031,-1986.976441,12.01528,17974.8228,17962.80752,-1494.997049
88,2024-07-02 17:46:00,2024-07-02 17:51:00,6,92,157.201,3,8.0,2538.0,2538.0,9.61,"(8.0, 2538.0, 63.0, 9.61, 0.0)",2024-07-02 17:46:00,2024-07-02 17:51:00,6,6,6,0,1.0,1.0,0.0,9.041769,17974.8228,17965.781031,-1986.976441,12.01528,17974.8228,17962.80752,-1494.997049
88,2024-07-02 17:46:00,2024-07-02 17:51:00,6,92,157.201,4,8.0,2571.0,2571.0,9.2,"(8.0, 2571.0, 6.0, 9.2, 0.0)",2024-07-02 17:46:00,2024-07-02 17:51:00,6,6,6,0,1.0,1.0,0.0,9.041769,17974.8228,17965.781031,-1986.976441,12.01528,17974.8228,17962.80752,-1494.997049
88,2024-07-02 17:46:00,2024-07-02 17:51:00,6,92,157.201,5,8.0,2635.0,2635.0,8.14,"(8.0, 2635.0, -65.0, 8.14, 0.0)",2024-07-02 17:46:00,2024-07-02 17:51:00,6,6,6,0,1.0,1.0,0.0,9.041769,17974.8228,17965.781031,-1986.976441,12.01528,17974.8228,17962.80752,-1494.997049
88,2024-07-02 17:46:00,2024-07-02 17:51:00,6,92,157.201,6,8.0,2328.0,2328.0,9.13,"(8.0, 2328.0, -9.0, 9.13, 0.0)",2024-07-02 17:46:00,2024-07-02 17:51:00,6,6,6,0,1.0,1.0,0.0,9.041769,17974.8228,17965.781031,-1986.976441,12.01528,17974.8228,17962.80752,-1494.997049
88,2024-07-02 17:46:00,2024-07-02 17:51:00,6,92,157.201,7,8.0,3059.0,3059.0,9.97,"(8.0, 3059.0, -36.0, 9.97, 0.0)",2024-07-02 17:46:00,2024-07-02 17:51:00,6,6,6,0,1.0,1.0,0.0,9.041769,17974.8228,17965.781031,-1986.976441,12.01528,17974.8228,17962.80752,-1494.997049
88,2024-07-02 17:46:00,2024-07-02 17:51:00,6,92,157.201,8,8.0,3314.0,3314.0,10.42,"(8.0, 3314.0, 17.0, 10.42, 0.0)",2024-07-02 17:46:00,2024-07-02 17:51:00,6,6,6,0,1.0,1.0,0.0,9.041769,17974.8228,17965.781031,-1986.976441,12.01528,17974.8228,17962.80752,-1494.997049
88,2024-07-02 17:46:00,2024-07-02 17:51:00,6,92,157.201,9,8.0,3409.0,3409.0,10.28,"(8.0, 3409.0, 10.0, 10.28, 0.0)",2024-07-02 17:46:00,2024-07-02 17:51:00,6,6,6,0,1.0,1.0,0.0,9.041769,17974.8228,17965.781031,-1986.976441,12.01528,17974.8228,17962.80752,-1494.997049
88,2024-07-02 17:46:00,2024-07-02 17:51:00,6,92,157.201,10,8.0,2850.0,2850.0,9.75,"(8.0, 2850.0, -19.0, 9.75, 0.0)",2024-07-02 17:46:00,2024-07-02 17:51:00,6,6,6,0,1.0,1.0,0.0,9.041769,17974.8228,17965.781031,-1986.976441,12.01528,17974.8228,17962.80752,-1494.997049
88,2024-07-02 17:46:00,2024-07-02 17:51:00,6,92,157.201,12,8.0,2662.0,2662.0,9.66,"(8.0, 2662.0, -37.0, 9.66, 0.0)",2024-07-02 17:46:00,2024-07-02 17:51:00,6,6,6,0,1.0,1.0,0.0,9.041769,17974.8228,17965.781031,-1986.976441,12.01528,17974.8228,17962.80752,-1494.997049
88,2024-07-02 17:46:00,2024-07-02 17:51:00,6,92,157.201,13,11.0,1822.0,1822.0,7.42,"(11.0, 1822.0, 10.0, 7.42, 0.0)",2024-07-02 17:46:00,2024-07-02 17:51:00,6,6,6,0,1.0,1.0,0.0,9.041769,17974.8228,17965.781031,-1986.976441,12.01528,17974.8228,17962.80752,-1494.997049
88,2024-07-02 17:46:00,2024-07-02 17:51:00,6,92,157.201,14,8.0,3413.0,3413.0,8.95,"(8.0, 3413.0, 26.0, 8.95, 0.0)",2024-07-02 17:46:00,2024-07-02 17:51:00,6,6,6,0,1.0,1.0,0.0,9.041769,17974.8228,17965.781031,-1986.976441,12.01528,17974.8228,17962.80752,-1494.997049
88,2024-07-02 17:46:00,2024-07-02 17:51:00,6,92,157.201,16,8.0,2535.0,2535.0,8.22,"(8.0, 2535.0, 12.0, 8.22, 0.0)",2024-07-02 17:46:00,2024-07-02 17:51:00,6,6,6,0,1.0,1.0,0.0,9.041769,17974.8228,17965.781031,-1986.976441,12.01528,17974.8228,17962.80752,-1494.997049
88,2024-07-02 17:46:00,2024-07-02 17:51:00,6,92,157.201,17,8.0,1327.0,1327.0,5.7,"(8.0, 1327.0, 61.0, 5.7, 0.0)",2024-07-02 17:46:00,2024-07-02 17:51:00,6,6,6,0,1.0,1.0,0.0,9.041769,17974.8228,17965.781031,-1986.976441,12.01528,17974.8228,17962.80752,-1494.997049
88,2024-07-02 17:46:00,2024-07-02 17:51:00,6,92,157.201,18,8.0,2311.0,2311.0,7.91,"(8.0, 2311.0, 1.0, 7.91, 0.0)",2024-07-02 17:46:00,2024-07-02 17:51:00,6,6,6,0,1.0,1.0,0.0,9.041769,17974.8228,17965.781031,-1986.976441,12.01528,17974.8228,17962.80752,-1494.997049
88,2024-07-02 17:46:00,2024-07-02 17:51:00,6,92,157.201,19,8.0,1653.0,1653.0,6.27,"(8.0, 1653.0, -113.0, 6.27, 0.0)",2024-07-02 17:46:00,2024-07-02 17:51:00,6,6,6,0,1.0,1.0,0.0,9.041769,17974.8228,17965.781031,-1986.976441,12.01528,17974.8228,17962.80752,-1494.997049
88,2024-07-02 17:46:00,2024-07-02 17:51:00,6,92,157.201,20,8.0,1446.0,1446.0,5.27,"(8.0, 1446.0, -10.0, 5.27, 0.0)",2024-07-02 17:46:00,2024-07-02 17:51:00,6,6,6,0,1.0,1.0,0.0,9.041769,17974.8228,17965.781031,-1986.976441,12.01528,17974.8228,17962.80752,-1494.997049
88,2024-07-02 17:46:00,2024-07-02 17:51:00,6,92,157.201,21,8.0,2289.0,2289.0,9.05,"(8.0, 2289.0, -11.0, 9.05, 0.0)",2024-07-02 17:46:00,2024-07-02 17:51:00,6,6,6,0,1.0,1.0,0.0,9.041769,17974.8228,17965.781031,-1986.976441,12.01528,17974.8228,17962.80752,-1494.997049
88,2024-07-02 17:46:00,2024-07-02 17:51:00,6,92,157.201,22,8.0,2192.0,2192.0,8.83,"(8.0, 2192.0, -18.0, 8.83, 0.0)",2024-07-02 17:46:00,2024-07-02 17:51:00,6,6,6,0,1.0,1.0,0.0,9.041769,17974.8228,17965.781031,-1986.976441,12.01528,17974.8228,17962.80752,-1494.997049
88,2024-07-02 17:46:00,2024-07-02 17:51:00,6,92,157.201,23,8.0,2176.0,2176.0,8.0,"(8.0, 2176.0, -13.0, 8.0, 0.0)",2024-07-02 17:46:00,2024-07-02 17:51:00,6,6,6,0,1.0,1.0,0.0,9.041769,17974.8228,17965.781031,-1986.976441,12.01528,17974.8228,17962.80752,-1494.997049
88,2024-07-02 17:46:00,2024-07-02 17:51:00,6,92,157.201,24,8.0,1936.0,1936.0,8.37,"(8.0, 1936.0, -31.0, 8.37, 0.0)",2024-07-02 17:46:00,2024-07-02 17:51:00,6,6,6,0,1.0,1.0,0.0,9.041769,17974.8228,17965.781031,-1986.976441,12.01528,17974.8228,17962.80752,-1494.997049
88,2024-07-02 17:46:00,2024-07-02 17:51:00,6,92,157.201,25,8.0,2293.0,2293.0,9.9,"(8.0, 2293.0, 14.0, 9.9, 0.0)",2024-07-02 17:46:00,2024-07-02 17:51:00,6,6,6,0,1.0,1.0,0.0,9.041769,17974.8228,17965.781031,-1986.976441,12.01528,17974.8228,17962.80752,-1494.997049
88,2024-07-02 17:46:00,2024-07-02 17:51:00,6,92,157.201,26,8.0,1909.0,1909.0,6.57,"(8.0, 1909.0, -4.0, 6.57, 0.0)",2024-07-02 17:46:00,2024-07-02 17:51:00,6,6,6,0,1.0,1.0,0.0,9.041769,17974.8228,17965.781031,-1986.976441,12.01528,17974.8228,17962.80752,-1494.997049
88,2024-07-02 17:46:00,2024-07-02 17:51:00,6,92,157.201,27,8.0,2030.0,2030.0,7.21,"(8.0, 2030.0, -51.0, 7.21, 0.0)",2024-07-02 17:46:00,2024-07-02 17:51:00,6,6,6,0,1.0,1.0,0.0,9.041769,17974.8228,17965.781031,-1986.976441,12.01528,17974.8228,17962.80752,-1494.997049
88,2024-07-02 17:46:00,2024-07-02 17:51:00,6,92,157.201,28,8.0,2070.0,2070.0,8.16,"(8.0, 2070.0, -44.0, 8.16, 0.0)",2024-07-02 17:46:00,2024-07-02 17:51:00,6,6,6,0,1.0,1.0,0.0,9.041769,17974.8228,17965.781031,-1986.976441,12.01528,17974.8228,17962.80752,-1494.997049
88,2024-07-02 17:46:00,2024-07-02 17:51:00,6,92,157.201,29,8.0,2453.0,2453.0,8.65,"(8.0, 2453.0, 2.0, 8.65, 0.0)",2024-07-02 17:46:00,2024-07-02 17:51:00,6,6,6,0,1.0,1.0,0.0,9.041769,17974.8228,17965.781031,-1986.976441,12.01528,17974.8228,17962.80752,-1494.997049
88,2024-07-02 17:46:00,2024-07-02 17:51:00,6,92,157.201,30,8.0,3139.0,3139.0,10.04,"(8.0, 3139.0, -43.0, 10.04, 0.0)",2024-07-02 17:46:00,2024-07-02 17:51:00,6,6,6,0,1.0,1.0,0.0,9.041769,17974.8228,17965.781031,-1986.976441,12.01528,17974.8228,17962.80752,-1494.997049
88,2024-07-02 17:46:00,2024-07-02 17:51:00,6,92,157.201,32,8.0,1867.0,1867.0,6.07,"(8.0, 1867.0, -38.0, 6.07, 0.0)",2024-07-02 17:46:00,2024-07-02 17:51:00,6,6,6,0,1.0,1.0,0.0,9.041769,17974.8228,17965.781031,-1986.976441,12.01528,17974.8228,17962.80752,-1494.997049
88,2024-07-02 17:46:00,2024-07-02 17:51:00,6,92,157.201,33,8.0,2443.0,2443.0,8.87,"(8.0, 2443.0, -25.0, 8.87, 0.0)",2024-07-02 17:46:00,2024-07-02 17:51:00,6,6,6,0,1.0,1.0,0.0,9.041769,17974.8228,17965.781031,-1986.976441,12.01528,17974.8228,17962.80752,-1494.997049
88,2024-07-02 17:46:00,2024-07-02 17:51:00,6,92,157.201,35,8.0,2340.0,2340.0,8.1,"(8.0, 2340.0, 13.0, 8.1, 0.0)",2024-07-02 17:46:00,2024-07-02 17:51:00,6,6,6,0,1.0,1.0,0.0,9.041769,17974.8228,17965.781031,-1986.976441,12.01528,17974.8228,17962.80752,-1494.997049
88,2024-07-02 17:46:00,2024-07-02 17:51:00,6,92,157.201,36,8.0,2327.0,2327.0,8.32,"(8.0, 2327.0, -6.0, 8.32, 0.0)",2024-07-02 17:46:00,2024-07-02 17:51:00,6,6,6,0,1.0,1.0,0.0,9.041769,17974.8228,17965.781031,-1986.976441,12.01528,17974.8228,17962.80752,-1494.997049
88,2024-07-02 17:46:00,2024-07-02 17:51:00,6,92,157.201,38,8.0,1182.0,1182.0,7.3,"(8.0, 1182.0, 14.0, 7.3, 0.0)",2024-07-02 17:46:00,2024-07-02 17:51:00,6,6,6,0,1.0,1.0,0.0,9.041769,17974.8228,17965.781031,-1986.976441,12.01528,17974.8228,17962.80752,-1494.997049
88,2024-07-02 17:46:00,2024-07-02 17:51:00,6,92,157.201,39,8.0,1647.0,1647.0,7.75,"(8.0, 1647.0, -12.0, 7.75, 0.0)",2024-07-02 17:46:00,2024-07-02 17:51:00,6,6,6,0,1.0,1.0,0.0,9.041769,17974.8228,17965.781031,-1986.976441,12.01528,17974.8228,17962.80752,-1494.997049
88,2024-07-02 17:46:00,2024-07-02 17:51:00,6,92,157.201,40,8.0,2313.0,2313.0,9.36,"(8.0, 2313.0, 6.0, 9.36, 0.0)",2024-07-02 17:46:00,2024-07-02 17:51:00,6,6,6,0,1.0,1.0,0.0,9.041769,17974.8228,17965.781031,-1986.976441,12.01528,17974.8228,17962.80752,-1494.997049
88,2024-07-02 17:46:00,2024-07-02 17:51:00,6,92,157.201,41,8.0,1846.0,1846.0,6.98,"(8.0, 1846.0, -22.0, 6.98, 0.0)",2024-07-02 17:46:00,2024-07-02 17:51:00,6,6,6,0,1.0,1.0,0.0,9.041769,17974.8228,17965.781031,-1986.976441,12.01528,17974.8228,17962.80752,-1494.997049
88,2024-07-02 17:46:00,2024-07-02 17:51:00,6,92,157.201,42,8.0,2031.0,2031.0,8.27,"(8.0, 2031.0, -11.0, 8.27, 0.0)",2024-07-02 17:46:00,2024-07-02 17:51:00,6,6,6,0,1.0,1.0,0.0,9.041769,17974.8228,17965.781031,-1986.976441,12.01528,17974.8228,17962.80752,-1494.997049
88,2024-07-02 17:46:00,2024-07-02 17:51:00,6,92,157.201,43,8.0,1813.0,1813.0,8.33,"(8.0, 1813.0, -80.0, 8.33, 0.0)",2024-07-02 17:46:00,2024-07-02 17:51:00,6,6,6,0,1.0,1.0,0.0,9.041769,17974.8228,17965.781031,-1986.976441,12.01528,17974.8228,17962.80752,-1494.997049
88,2024-07-02 17:46:00,2024-07-02 17:51:00,6,92,157.201,44,8.0,1820.0,1820.0,6.84,"(8.0, 1820.0, 34.0, 6.84, 0.0)",2024-07-02 17:46:00,2024-07-02 17:51:00,6,6,6,0,1.0,1.0,0.0,9.041769,17974.8228,17965.781031,-1986.976441,12.01528,17974.8228,17962.80752,-1494.997049
88,2024-07-02 17:46:00,2024-07-02 17:51:00,6,92,157.201,45,8.0,1435.0,1435.0,5.96,"(8.0, 1435.0, 23.0, 5.96, 0.0)",2024-07-02 17:46:00,2024-07-02 17:51:00,6,6,6,0,1.0,1.0,0.0,9.041769,17974.8228,17965.781031,-1986.976441,12.01528,17974.8228,17962.80752,-1494.997049
88,2024-07-02 17:46:00,2024-07-02 17:51:00,6,92,157.201,46,8.0,1872.0,1872.0,6.15,"(8.0, 1872.0, 76.0, 6.15, 0.0)",2024-07-02 17:46:00,2024-07-02 17:51:00,6,6,6,0,1.0,1.0,0.0,9.041769,17974.8228,17965.781031,-1986.976441,12.01528,17974.8228,17962.80752,-1494.997049
88,2024-07-02 17:46:00,2024-07-02 17:51:00,6,92,157.201,47,8.0,764.0,764.0,4.38,"(8.0, 764.0, 82.0, 4.38, 0.0)",2024-07-02 17:46:00,2024-07-02 17:51:00,6,6,6,0,1.0,1.0,0.0,9.041769,17974.8228,17965.781031,-1986.976441,12.01528,17974.8228,17962.80752,-1494.997049
88,2024-07-02 17:46:00,2024-07-02 17:51:00,6,92,157.201,48,8.0,2050.0,2050.0,7.74,"(8.0, 2050.0, -24.0, 7.74, 0.0)",2024-07-02 17:46:00,2024-07-02 17:51:00,6,6,6,0,1.0,1.0,0.0,9.041769,17974.8228,17965.781031,-1986.976441,12.01528,17974.8228,17962.80752,-1494.997049
88,2024-07-02 17:46:00,2024-07-02 17:51:00,6,92,157.201,49,0.0,4024.0,4024.0,12.75,"(0.0, 4024.0, 27.0, 12.75, 0.0)",2024-07-01 10:57:00,2024-07-03 18:30:00,3316,6,6,0,1.0,1.0,0.0,9.041769,17974.8228,17965.781031,-1986.976441,12.01528,17974.8228,17962.80752,-1494.997049
88,2024-07-02 17:46:00,2024-07-02 17:51:00,6,92,157.201,50,8.0,2376.0,2376.0,7.79,"(8.0, 2376.0, 9.0, 7.79, 0.0)",2024-07-02 17:46:00,2024-07-02 17:51:00,6,6,6,0,1.0,1.0,0.0,9.041769,17974.8228,17965.781031,-1986.976441,12.01528,17974.8228,17962.80752,-1494.997049
88,2024-07-02 17:46:00,2024-07-02 17:51:00,6,92,157.201,52,8.0,2657.0,2657.0,8.41,"(8.0, 2657.0, -53.0, 8.41, 0.0)",2024-07-02 17:46:00,2024-07-02 17:51:00,6,6,6,0,1.0,1.0,0.0,9.041769,17974.8228,17965.781031,-1986.976441,12.01528,17974.8228,17962.80752,-1494.997049
88,2024-07-02 17:46:00,2024-07-02 17:51:00,6,92,157.201,53,8.0,643.0,643.0,6.45,"(8.0, 643.0, -25.0, 6.45, 0.0)",2024-07-02 17:46:00,2024-07-02 17:51:00,6,6,6,0,1.0,1.0,0.0,9.041769,17974.8228,17965.781031,-1986.976441,12.01528,17974.8228,17962.80752,-1494.997049
88,2024-07-02 17:46:00,2024-07-02 17:51:00,6,92,157.201,54,8.0,1327.0,1327.0,7.98,"(8.0, 1327.0, -84.0, 7.98, 0.0)",2024-07-02 17:46:00,2024-07-02 17:51:00,6,6,6,0,1.0,1.0,0.0,9.041769,17974.8228,17965.781031,-1986.976441,12.01528,17974.8228,17962.80752,-1494.997049
88,2024-07-02 17:46:00,2024-07-02 17:51:00,6,92,157.201,55,8.0,493.0,493.0,3.96,"(8.0, 493.0, -57.0, 3.96, 0.0)",2024-07-02 17:46:00,2024-07-02 17:51:00,6,6,6,0,1.0,1.0,0.0,9.041769,17974.8228,17965.781031,-1986.976441,12.01528,17974.8228,17962.80752,-1494.997049
88,2024-07-02 17:46:00,2024-07-02 17:51:00,6,92,157.201,56,8.0,826.0,826.0,6.04,"(8.0, 826.0, 9.0, 6.04, 0.0)",2024-07-02 17:46:00,2024-07-02 17:51:00,6,6,6,0,1.0,1.0,0.0,9.041769,17974.8228,17965.781031,-1986.976441,12.01528,17974.8228,17962.80752,-1494.997049
88,2024-07-02 17:46:00,2024-07-02 17:51:00,6,92,157.201,57,8.0,956.0,956.0,6.15,"(8.0, 956.0, -172.0, 6.15, 0.0)",2024-07-02 17:46:00,2024-07-02 17:51:00,6,6,6,0,1.0,1.0,0.0,9.041769,17974.8228,17965.781031,-1986.976441,12.01528,17974.8228,17962.80752,-1494.997049
88,2024-07-02 17:46:00,2024-07-02 17:51:00,6,92,157.201,58,8.0,701.0,701.0,5.33,"(8.0, 701.0, 53.0, 5.33, 0.0)",2024-07-02 17:46:00,2024-07-02 17:51:00,6,6,6,0,1.0,1.0,0.0,9.041769,17974.8228,17965.781031,-1986.976441,12.01528,17974.8228,17962.80752,-1494.997049
88,2024-07-02 17:46:00,2024-07-02 17:51:00,6,92,157.201,59,8.0,1014.0,1014.0,4.95,"(8.0, 1014.0, 18.0, 4.95, 0.0)",2024-07-02 17:46:00,2024-07-02 17:51:00,6,6,6,0,1.0,1.0,0.0,9.041769,17974.8228,17965.781031,-1986.976441,12.01528,17974.8228,17962.80752,-1494.997049
88,2024-07-02 17:46:00,2024-07-02 17:51:00,6,92,157.201,60,8.0,1078.0,1078.0,4.41,"(8.0, 1078.0, 23.0, 4.41, 0.0)",2024-07-02 17:46:00,2024-07-02 17:51:00,6,6,6,0,1.0,1.0,0.0,9.041769,17974.8228,17965.781031,-1986.976441,12.01528,17974.8228,17962.80752,-1494.997049
88,2024-07-02 17:46:00,2024-07-02 17:51:00,6,92,157.201,62,8.0,1336.0,1336.0,8.49,"(8.0, 1336.0, 40.0, 8.49, 0.0)",2024-07-02 17:46:00,2024-07-02 17:51:00,6,6,6,0,1.0,1.0,0.0,9.041769,17974.8228,17965.781031,-1986.976441,12.01528,17974.8228,17962.80752,-1494.997049
88,2024-07-02 17:46:00,2024-07-02 17:51:00,6,92,157.201,63,8.0,1376.0,1376.0,6.69,"(8.0, 1376.0, -36.0, 6.69, 0.0)",2024-07-02 17:46:00,2024-07-02 17:51:00,6,6,6,0,1.0,1.0,0.0,9.041769,17974.8228,17965.781031,-1986.976441,12.01528,17974.8228,17962.80752,-1494.997049
88,2024-07-02 17:46:00,2024-07-02 17:51:00,6,92,157.201,64,8.0,1138.0,1138.0,6.99,"(8.0, 1138.0, -31.0, 6.99, 0.0)",2024-07-02 17:46:00,2024-07-02 17:51:00,6,6,6,0,1.0,1.0,0.0,9.041769,17974.8228,17965.781031,-1986.976441,12.01528,17974.8228,17962.80752,-1494.997049
88,2024-07-02 17:46:00,2024-07-02 17:51:00,6,92,157.201,65,8.0,3072.0,3072.0,9.94,"(8.0, 3072.0, -67.0, 9.94, 0.0)",2024-07-02 17:46:00,2024-07-02 17:51:00,6,6,6,0,1.0,1.0,0.0,9.041769,17974.8228,17965.781031,-1986.976441,12.01528,17974.8228,17962.80752,-1494.997049
88,2024-07-02 17:46:00,2024-07-02 17:51:00,6,92,157.201,67,8.0,1017.0,1017.0,7.98,"(8.0, 1017.0, 5.0, 7.98, 0.0)",2024-07-02 17:46:00,2024-07-02 17:51:00,6,6,6,0,1.0,1.0,0.0,9.041769,17974.8228,17965.781031,-1986.976441,12.01528,17974.8228,17962.80752,-1494.997049
88,2024-07-02 17:46:00,2024-07-02 17:51:00,6,92,157.201,68,8.0,1279.0,1279.0,5.96,"(8.0, 1279.0, -36.0, 5.96, 0.0)",2024-07-02 17:46:00,2024-07-02 17:51:00,6,6,6,0,1.0,1.0,0.0,9.041769,17974.8228,17965.781031,-1986.976441,12.01528,17974.8228,17962.80752,-1494.997049
88,2024-07-02 17:46:00,2024-07-02 17:51:00,6,92,157.201,69,8.0,935.0,935.0,6.0,"(8.0, 935.0, 0.0, 6.0, 0.0)",2024-07-02 17:46:00,2024-07-02 17:51:00,6,6,6,0,1.0,1.0,0.0,9.041769,17974.8228,17965.781031,-1986.976441,12.01528,17974.8228,17962.80752,-1494.997049
88,2024-07-02 17:46:00,2024-07-02 17:51:00,6,92,157.201,70,8.0,904.0,904.0,5.21,"(8.0, 904.0, -19.0, 5.21, 0.0)",2024-07-02 17:46:00,2024-07-02 17:51:00,6,6,6,0,1.0,1.0,0.0,9.041769,17974.8228,17965.781031,-1986.976441,12.01528,17974.8228,17962.80752,-1494.997049
88,2024-07-02 17:46:00,2024-07-02 17:51:00,6,92,157.201,71,8.0,1952.0,1952.0,7.9,"(8.0, 1952.0, -57.0, 7.9, 0.0)",2024-07-02 17:46:00,2024-07-02 17:51:00,6,6,6,0,1.0,1.0,0.0,9.041769,17974.8228,17965.781031,-1986.976441,12.01528,17974.8228,17962.80752,-1494.997049
88,2024-07-02 17:46:00,2024-07-02 17:51:00,6,92,157.201,72,8.0,738.0,738.0,6.59,"(8.0, 738.0, 10.0, 6.59, 0.0)",2024-07-02 17:46:00,2024-07-02 17:51:00,6,6,6,0,1.0,1.0,0.0,9.041769,17974.8228,17965.781031,-1986.976441,12.01528,17974.8228,17962.80752,-1494.997049
88,2024-07-02 17:46:00,2024-07-02 17:51:00,6,92,157.201,73,8.0,1868.0,1868.0,10.14,"(8.0, 1868.0, -49.0, 10.14, 0.0)",2024-07-02 17:46:00,2024-07-02 17:51:00,6,6,6,0,1.0,1.0,0.0,9.041769,17974.8228,17965.781031,-1986.976441,12.01528,17974.8228,17962.80752,-1494.997049
88,2024-07-02 17:46:00,2024-07-02 17:51:00,6,92,157.201,74,8.0,580.0,580.0,4.49,"(8.0, 580.0, -98.0, 4.49, 0.0)",2024-07-02 17:46:00,2024-07-02 17:51:00,6,6,6,0,1.0,1.0,0.0,9.041769,17974.8228,17965.781031,-1986.976441,12.01528,17974.8228,17962.80752,-1494.997049
88,2024-07-02 17:46:00,2024-07-02 17:51:00,6,92,157.201,75,8.0,1075.0,1075.0,7.96,"(8.0, 1075.0, 85.0, 7.96, 0.0)",2024-07-02 17:46:00,2024-07-02 17:51:00,6,6,6,0,1.0,1.0,0.0,9.041769,17974.8228,17965.781031,-1986.976441,12.01528,17974.8228,17962.80752,-1494.997049
88,2024-07-02 17:46:00,2024-07-02 17:51:00,6,92,157.201,76,8.0,808.0,808.0,4.47,"(8.0, 808.0, -5.0, 4.47, 0.0)",2024-07-02 17:46:00,2024-07-02 17:51:00,6,6,6,0,1.0,1.0,0.0,9.041769,17974.8228,17965.781031,-1986.976441,12.01528,17974.8228,17962.80752,-1494.997049
88,2024-07-02 17:46:00,2024-07-02 17:51:00,6,92,157.201,77,8.0,853.0,853.0,6.96,"(8.0, 853.0, 18.0, 6.96, 0.0)",2024-07-02 17:46:00,2024-07-02 17:51:00,6,6,6,0,1.0,1.0,0.0,9.041769,17974.8228,17965.781031,-1986.976441,12.01528,17974.8228,17962.80752,-1494.997049
88,2024-07-02 17:46:00,2024-07-02 17:51:00,6,92,157.201,78,8.0,788.0,788.0,7.9,"(8.0, 788.0, 2.0, 7.9, 0.0)",2024-07-02 17:46:00,2024-07-02 17:51:00,6,6,6,0,1.0,1.0,0.0,9.041769,17974.8228,17965.781031,-1986.976441,12.01528,17974.8228,17962.80752,-1494.997049
88,2024-07-02 17:46:00,2024-07-02 17:51:00,6,92,157.201,79,8.0,1063.0,1063.0,7.26,"(8.0, 1063.0, -9.0, 7.26, 0.0)",2024-07-02 17:46:00,2024-07-02 17:51:00,6,6,6,0,1.0,1.0,0.0,9.041769,17974.8228,17965.781031,-1986.976441,12.01528,17974.8228,17962.80752,-1494.997049
88,2024-07-02 17:46:00,2024-07-02 17:51:00,6,92,157.201,80,8.0,554.0,554.0,6.82,"(8.0, 554.0, 17.0, 6.82, 0.0)",2024-07-02 17:46:00,2024-07-02 17:51:00,6,6,6,0,1.0,1.0,0.0,9.041769,17974.8228,17965.781031,-1986.976441,12.01528,17974.8228,17962.80752,-1494.997049
88,2024-07-02 17:46:00,2024-07-02 17:51:00,6,92,157.201,81,8.0,490.0,490.0,3.79,"(8.0, 490.0, -46.0, 3.79, 0.0)",2024-07-02 17:46:00,2024-07-02 17:51:00,6,6,6,0,1.0,1.0,0.0,9.041769,17974.8228,17965.781031,-1986.976441,12.01528,17974.8228,17962.80752,-1494.997049
88,2024-07-02 17:46:00,2024-07-02 17:51:00,6,92,157.201,82,8.0,2503.0,2503.0,8.54,"(8.0, 2503.0, -50.0, 8.54, 0.0)",2024-07-02 17:46:00,2024-07-02 17:51:00,6,6,6,0,1.0,1.0,0.0,9.041769,17974.8228,17965.781031,-1986.976441,12.01528,17974.8228,17962.80752,-1494.997049
88,2024-07-02 17:46:00,2024-07-02 17:51:00,6,92,157.201,83,8.0,1860.0,1860.0,6.7,"(8.0, 1860.0, -42.0, 6.7, 0.0)",2024-07-02 17:46:00,2024-07-02 17:51:00,6,6,6,0,1.0,1.0,0.0,9.041769,17974.8228,17965.781031,-1986.976441,12.01528,17974.8228,17962.80752,-1494.997049
88,2024-07-02 17:46:00,2024-07-02 17:51:00,6,92,157.201,84,8.0,767.0,767.0,5.15,"(8.0, 767.0, -8.0, 5.15, 0.0)",2024-07-02 17:46:00,2024-07-02 17:51:00,6,6,6,0,1.0,1.0,0.0,9.041769,17974.8228,17965.781031,-1986.976441,12.01528,17974.8228,17962.80752,-1494.997049
88,2024-07-02 17:46:00,2024-07-02 17:51:00,6,92,157.201,85,8.0,1089.0,1089.0,6.05,"(8.0, 1089.0, -28.0, 6.05, 0.0)",2024-07-02 17:46:00,2024-07-02 17:51:00,6,6,6,0,1.0,1.0,0.0,9.041769,17974.8228,17965.781031,-1986.976441,12.01528,17974.8228,17962.80752,-1494.997049
88,2024-07-02 17:46:00,2024-07-02 17:51:00,6,92,157.201,86,8.0,1522.0,1522.0,8.19,"(8.0, 1522.0, -31.0, 8.19, 0.0)",2024-07-02 17:46:00,2024-07-02 17:51:00,6,6,6,0,1.0,1.0,0.0,9.041769,17974.8228,17965.781031,-1986.976441,12.01528,17974.8228,17962.80752,-1494.997049
88,2024-07-02 17:46:00,2024-07-02 17:51:00,6,92,157.201,87,8.0,1633.0,1633.0,8.4,"(8.0, 1633.0, -41.0, 8.4, 0.0)",2024-07-02 17:46:00,2024-07-02 17:51:00,6,6,6,0,1.0,1.0,0.0,9.041769,17974.8228,17965.781031,-1986.976441,12.01528,17974.8228,17962.80752,-1494.997049
88,2024-07-02 17:46:00,2024-07-02 17:51:00,6,92,157.201,88,8.0,1081.0,1081.0,4.66,"(8.0, 1081.0, 7.0, 4.66, 0.0)",2024-07-02 17:46:00,2024-07-02 17:51:00,6,6,6,0,1.0,1.0,0.0,9.041769,17974.8228,17965.781031,-1986.976441,12.01528,17974.8228,17962.80752,-1494.997049
88,2024-07-02 17:46:00,2024-07-02 17:51:00,6,92,157.201,89,11.0,1224.0,1224.0,5.62,"(11.0, 1224.0, -38.0, 5.62, 0.0)",2024-07-02 17:46:00,2024-07-02 17:51:00,6,6,6,0,1.0,1.0,0.0,9.041769,17974.8228,17965.781031,-1986.976441,12.01528,17974.8228,17962.80752,-1494.997049
88,2024-07-02 17:46:00,2024-07-02 17:51:00,6,92,157.201,90,8.0,1408.0,1408.0,7.12,"(8.0, 1408.0, -133.0, 7.12, 0.0)",2024-07-02 17:46:00,2024-07-02 17:51:00,6,6,6,0,1.0,1.0,0.0,9.041769,17974.8228,17965.781031,-1986.976441,12.01528,17974.8228,17962.80752,-1494.997049
88,2024-07-02 17:46:00,2024-07-02 17:51:00,6,92,157.201,91,8.0,1151.0,1151.0,4.25,"(8.0, 1151.0, -54.0, 4.25, 0.0)",2024-07-02 17:46:00,2024-07-02 17:51:00,6,6,6,0,1.0,1.0,0.0,9.041769,17974.8228,17965.781031,-1986.976441,12.01528,17974.8228,17962.80752,-1494.997049
88,2024-07-02 17:46:00,2024-07-02 17:51:00,6,92,157.201,92,8.0,1333.0,1333.0,5.62,"(8.0, 1333.0, -29.0, 5.62, 0.0)",2024-07-02 17:46:00,2024-07-02 17:51:00,6,6,6,0,1.0,1.0,0.0,9.041769,17974.8228,17965.781031,-1986.976441,12.01528,17974.8228,17962.80752,-1494.997049
88,2024-07-02 17:46:00,2024-07-02 17:51:00,6,92,157.201,93,8.0,1006.0,1006.0,4.94,"(8.0, 1006.0, -15.0, 4.94, 0.0)",2024-07-02 17:46:00,2024-07-02 17:51:00,6,6,6,0,1.0,1.0,0.0,9.041769,17974.8228,17965.781031,-1986.976441,12.01528,17974.8228,17962.80752,-1494.997049
88,2024-07-02 17:46:00,2024-07-02 17:51:00,6,92,157.201,94,8.0,607.0,607.0,5.85,"(8.0, 607.0, 28.0, 5.85, 0.0)",2024-07-02 17:46:00,2024-07-02 17:51:00,6,6,6,0,1.0,1.0,0.0,9.041769,17974.8228,17965.781031,-1986.976441,12.01528,17974.8228,17962.80752,-1494.997049
88,2024-07-02 17:46:00,2024-07-02 17:51:00,6,92,157.201,95,8.0,862.0,862.0,4.45,"(8.0, 862.0, -1.0, 4.45, 0.0)",2024-07-02 17:46:00,2024-07-02 17:51:00,6,6,6,0,1.0,1.0,0.0,9.041769,17974.8228,17965.781031,-1986.976441,12.01528,17974.8228,17962.80752,-1494.997049
88,2024-07-02 17:46:00,2024-07-02 17:51:00,6,92,157.201,96,8.0,848.0,848.0,5.19,"(8.0, 848.0, -213.0, 5.19, 0.0)",2024-07-02 17:46:00,2024-07-02 17:51:00,6,6,6,0,1.0,1.0,0.0,9.041769,17974.8228,17965.781031,-1986.976441,12.01528,17974.8228,17962.80752,-1494.997049
88,2024-07-02 17:46:00,2024-07-02 17:51:00,6,92,157.201,97,8.0,776.0,776.0,4.22,"(8.0, 776.0, 9.0, 4.22, 0.0)",2024-07-02 17:46:00,2024-07-02 17:51:00,6,6,6,0,1.0,1.0,0.0,9.041769,17974.8228,17965.781031,-1986.976441,12.01528,17974.8228,17962.80752,-1494.997049
88,2024-07-02 17:46:00,2024-07-02 17:51:00,6,92,157.201,98,8.0,624.0,624.0,4.93,"(8.0, 624.0, -15.0, 4.93, 0.0)",2024-07-02 17:46:00,2024-07-02 17:51:00,6,6,6,0,1.0,1.0,0.0,9.041769,17974.8228,17965.781031,-1986.976441,12.01528,17974.8228,17962.80752,-1494.997049
88,2024-07-02 17:46:00,2024-07-02 17:51:00,6,92,157.201,99,8.0,283.0,283.0,3.54,"(8.0, 283.0, -104.0, 3.54, 0.0)",2024-07-02 17:46:00,2024-07-02 17:51:00,6,6,6,0,1.0,1.0,0.0,9.041769,17974.8228,17965.781031,-1986.976441,12.01528,17974.8228,17962.80752,-1494.997049
88,2024-07-02 17:46:00,2024-07-02 17:51:00,6,92,157.201,100,8.0,3419.0,3419.0,9.17,"(8.0, 3419.0, -115.0, 9.17, 0.0)",2024-07-02 17:46:00,2024-07-02 17:51:00,6,6,6,0,1.0,1.0,0.0,9.041769,17974.8228,17965.781031,-1986.976441,12.01528,17974.8228,17962.80752,-1494.997049
89,2024-07-02 17:52:00,2024-07-03 18:30:00,1479,1,4.024,49,0.0,4024.0,4024.0,12.75,"(0.0, 4024.0, 27.0, 12.75, 0.0)",2024-07-01 10:57:00,2024-07-03 18:30:00,3316,1377,221,-1156,0.931034,0.149425,-0.781609,2698.300583,55.367791,-2642.932792,0.97948,3551.041767,402.558649,-3148.483118,0.886636
91,2024-07-05 11:14:00,2024-07-05 11:17:00,4,93,51.329,1,8.0,295.0,295.0,4.57,"(8.0, 295.0, 38.0, 4.57, 0.0)",2024-07-05 11:14:00,2024-07-05 11:17:00,4,4,4,0,1.0,1.0,0.0,0.0,4057.26688,4057.26688,,0.42828,4057.26688,4056.8386,-9472.393863
91,2024-07-05 11:14:00,2024-07-05 11:17:00,4,93,51.329,2,8.0,310.0,310.0,4.41,"(8.0, 310.0, -85.0, 4.41, 0.0)",2024-07-05 11:14:00,2024-07-05 11:17:00,4,4,4,0,1.0,1.0,0.0,0.0,4057.26688,4057.26688,,0.42828,4057.26688,4056.8386,-9472.393863
91,2024-07-05 11:14:00,2024-07-05 11:17:00,4,93,51.329,3,8.0,196.0,196.0,3.46,"(8.0, 196.0, -79.0, 3.46, 0.0)",2024-07-05 11:14:00,2024-07-05 11:17:00,4,4,4,0,1.0,1.0,0.0,0.0,4057.26688,4057.26688,,0.42828,4057.26688,4056.8386,-9472.393863
91,2024-07-05 11:14:00,2024-07-05 11:17:00,4,93,51.329,4,8.0,376.0,376.0,4.69,"(8.0, 376.0, -125.0, 4.69, 0.0)",2024-07-05 11:14:00,2024-07-05 11:17:00,4,4,4,0,1.0,1.0,0.0,0.0,4057.26688,4057.26688,,0.42828,4057.26688,4056.8386,-9472.393863
91,2024-07-05 11:14:00,2024-07-05 11:17:00,4,93,51.329,5,8.0,288.0,288.0,4.12,"(8.0, 288.0, -76.0, 4.12, 0.0)",2024-07-05 11:14:00,2024-07-05 11:17:00,4,4,4,0,1.0,1.0,0.0,0.0,4057.26688,4057.26688,,0.42828,4057.26688,4056.8386,-9472.393863
91,2024-07-05 11:14:00,2024-07-05 11:17:00,4,93,51.329,6,8.0,410.0,410.0,4.66,"(8.0, 410.0, -67.0, 4.66, 0.0)",2024-07-05 11:14:00,2024-07-05 11:17:00,4,4,4,0,1.0,1.0,0.0,0.0,4057.26688,4057.26688,,0.42828,4057.26688,4056.8386,-9472.393863
91,2024-07-05 11:14:00,2024-07-05 11:17:00,4,93,51.329,7,8.0,616.0,616.0,5.79,"(8.0, 616.0, -51.0, 5.79, 0.0)",2024-07-05 11:14:00,2024-07-05 11:17:00,4,4,4,0,1.0,1.0,0.0,0.0,4057.26688,4057.26688,,0.42828,4057.26688,4056.8386,-9472.393863
91,2024-07-05 11:14:00,2024-07-05 11:17:00,4,93,51.329,8,8.0,648.0,648.0,5.75,"(8.0, 648.0, 4.0, 5.75, 0.0)",2024-07-05 11:14:00,2024-07-05 11:17:00,4,4,4,0,1.0,1.0,0.0,0.0,4057.26688,4057.26688,,0.42828,4057.26688,4056.8386,-9472.393863
91,2024-07-05 11:14:00,2024-07-05 11:17:00,4,93,51.329,9,8.0,564.0,564.0,5.28,"(8.0, 564.0, -40.0, 5.28, 0.0)",2024-07-05 11:14:00,2024-07-05 11:17:00,4,4,4,0,1.0,1.0,0.0,0.0,4057.26688,4057.26688,,0.42828,4057.26688,4056.8386,-9472.393863
91,2024-07-05 11:14:00,2024-07-05 11:17:00,4,93,51.329,10,8.0,259.0,259.0,3.74,"(8.0, 259.0, -72.0, 3.74, 0.0)",2024-07-05 11:14:00,2024-07-05 11:17:00,4,4,4,0,1.0,1.0,0.0,0.0,4057.26688,4057.26688,,0.42828,4057.26688,4056.8386,-9472.393863
91,2024-07-05 11:14:00,2024-07-05 11:17:00,4,93,51.329,11,8.0,301.0,301.0,4.63,"(8.0, 301.0, -72.0, 4.63, 0.0)",2024-07-05 11:14:00,2024-07-05 11:17:00,4,4,4,0,1.0,1.0,0.0,0.0,4057.26688,4057.26688,,0.42828,4057.26688,4056.8386,-9472.393863
91,2024-07-05 11:14:00,2024-07-05 11:17:00,4,93,51.329,12,8.0,355.0,355.0,4.29,"(8.0, 355.0, -93.0, 4.29, 0.0)",2024-07-05 11:14:00,2024-07-05 11:17:00,4,4,4,0,1.0,1.0,0.0,0.0,4057.26688,4057.26688,,0.42828,4057.26688,4056.8386,-9472.393863
91,2024-07-05 11:14:00,2024-07-05 11:17:00,4,93,51.329,13,8.0,416.0,416.0,4.75,"(8.0, 416.0, -57.0, 4.75, 0.0)",2024-07-05 11:14:00,2024-07-05 11:17:00,4,4,4,0,1.0,1.0,0.0,0.0,4057.26688,4057.26688,,0.42828,4057.26688,4056.8386,-9472.393863
91,2024-07-05 11:14:00,2024-07-05 11:17:00,4,93,51.329,14,8.0,254.0,254.0,4.09,"(8.0, 254.0, -82.0, 4.09, 0.0)",2024-07-05 11:14:00,2024-07-05 11:17:00,4,4,4,0,1.0,1.0,0.0,0.0,4057.26688,4057.26688,,0.42828,4057.26688,4056.8386,-9472.393863
91,2024-07-05 11:14:00,2024-07-05 11:17:00,4,93,51.329,15,8.0,412.0,412.0,5.2,"(8.0, 412.0, 58.0, 5.2, 0.0)",2024-07-05 11:14:00,2024-07-05 11:17:00,4,4,4,0,1.0,1.0,0.0,0.0,4057.26688,4057.26688,,0.42828,4057.26688,4056.8386,-9472.393863
91,2024-07-05 11:14:00,2024-07-05 11:17:00,4,93,51.329,16,8.0,362.0,362.0,4.79,"(8.0, 362.0, -43.0, 4.79, 0.0)",2024-07-05 11:14:00,2024-07-05 11:17:00,4,4,4,0,1.0,1.0,0.0,0.0,4057.26688,4057.26688,,0.42828,4057.26688,4056.8386,-9472.393863
91,2024-07-05 11:14:00,2024-07-05 11:17:00,4,93,51.329,18,8.0,302.0,302.0,3.36,"(8.0, 302.0, -75.0, 3.36, 0.0)",2024-07-05 11:14:00,2024-07-05 11:17:00,4,4,4,0,1.0,1.0,0.0,0.0,4057.26688,4057.26688,,0.42828,4057.26688,4056.8386,-9472.393863
91,2024-07-05 11:14:00,2024-07-05 11:17:00,4,93,51.329,19,8.0,203.0,203.0,3.25,"(8.0, 203.0, -109.0, 3.25, 0.0)",2024-07-05 11:14:00,2024-07-05 11:17:00,4,4,4,0,1.0,1.0,0.0,0.0,4057.26688,4057.26688,,0.42828,4057.26688,4056.8386,-9472.393863
91,2024-07-05 11:14:00,2024-07-05 11:17:00,4,93,51.329,20,8.0,286.0,286.0,4.07,"(8.0, 286.0, -72.0, 4.07, 0.0)",2024-07-05 11:14:00,2024-07-05 11:17:00,4,4,4,0,1.0,1.0,0.0,0.0,4057.26688,4057.26688,,0.42828,4057.26688,4056.8386,-9472.393863
91,2024-07-05 11:14:00,2024-07-05 11:17:00,4,93,51.329,21,8.0,325.0,325.0,4.42,"(8.0, 325.0, -80.0, 4.42, 0.0)",2024-07-05 11:14:00,2024-07-05 11:17:00,4,4,4,0,1.0,1.0,0.0,0.0,4057.26688,4057.26688,,0.42828,4057.26688,4056.8386,-9472.393863
91,2024-07-05 11:14:00,2024-07-05 11:17:00,4,93,51.329,22,8.0,472.0,472.0,4.93,"(8.0, 472.0, -64.0, 4.93, 0.0)",2024-07-05 11:14:00,2024-07-05 11:17:00,4,4,4,0,1.0,1.0,0.0,0.0,4057.26688,4057.26688,,0.42828,4057.26688,4056.8386,-9472.393863
91,2024-07-05 11:14:00,2024-07-05 11:17:00,4,93,51.329,23,8.0,455.0,455.0,4.91,"(8.0, 455.0, -37.0, 4.91, 0.0)",2024-07-05 11:14:00,2024-07-05 11:17:00,4,4,4,0,1.0,1.0,0.0,0.0,4057.26688,4057.26688,,0.42828,4057.26688,4056.8386,-9472.393863
91,2024-07-05 11:14:00,2024-07-05 11:17:00,4,93,51.329,24,8.0,184.0,184.0,3.5,"(8.0, 184.0, -104.0, 3.5, 0.0)",2024-07-05 11:14:00,2024-07-05 11:17:00,4,4,4,0,1.0,1.0,0.0,0.0,4057.26688,4057.26688,,0.42828,4057.26688,4056.8386,-9472.393863
91,2024-07-05 11:14:00,2024-07-05 11:17:00,4,93,51.329,25,8.0,155.0,155.0,3.17,"(8.0, 155.0, -95.0, 3.17, 0.0)",2024-07-05 11:14:00,2024-07-05 11:17:00,4,4,4,0,1.0,1.0,0.0,0.0,4057.26688,4057.26688,,0.42828,4057.26688,4056.8386,-9472.393863
91,2024-07-05 11:14:00,2024-07-05 11:17:00,4,93,51.329,26,8.0,153.0,153.0,3.62,"(8.0, 153.0, -81.0, 3.62, 0.0)",2024-07-05 11:14:00,2024-07-05 11:17:00,4,4,4,0,1.0,1.0,0.0,0.0,4057.26688,4057.26688,,0.42828,4057.26688,4056.8386,-9472.393863
91,2024-07-05 11:14:00,2024-07-05 11:17:00,4,93,51.329,27,8.0,251.0,251.0,3.66,"(8.0, 251.0, -78.0, 3.66, 0.0)",2024-07-05 11:14:00,2024-07-05 11:17:00,4,4,4,0,1.0,1.0,0.0,0.0,4057.26688,4057.26688,,0.42828,4057.26688,4056.8386,-9472.393863
91,2024-07-05 11:14:00,2024-07-05 11:17:00,4,93,51.329,28,8.0,371.0,371.0,4.43,"(8.0, 371.0, -42.0, 4.43, 0.0)",2024-07-05 11:14:00,2024-07-05 11:17:00,4,4,4,0,1.0,1.0,0.0,0.0,4057.26688,4057.26688,,0.42828,4057.26688,4056.8386,-9472.393863
91,2024-07-05 11:14:00,2024-07-05 11:17:00,4,93,51.329,29,8.0,485.0,485.0,4.9,"(8.0, 485.0, -81.0, 4.9, 0.0)",2024-07-05 11:14:00,2024-07-05 11:17:00,4,4,4,0,1.0,1.0,0.0,0.0,4057.26688,4057.26688,,0.42828,4057.26688,4056.8386,-9472.393863
91,2024-07-05 11:14:00,2024-07-05 11:17:00,4,93,51.329,30,8.0,793.0,793.0,6.68,"(8.0, 793.0, -50.0, 6.68, 0.0)",2024-07-05 11:14:00,2024-07-05 11:17:00,4,4,4,0,1.0,1.0,0.0,0.0,4057.26688,4057.26688,,0.42828,4057.26688,4056.8386,-9472.393863
91,2024-07-05 11:14:00,2024-07-05 11:17:00,4,93,51.329,31,8.0,564.0,564.0,5.06,"(8.0, 564.0, -7.0, 5.06, 0.0)",2024-07-05 11:14:00,2024-07-05 11:17:00,4,4,4,0,1.0,1.0,0.0,0.0,4057.26688,4057.26688,,0.42828,4057.26688,4056.8386,-9472.393863
91,2024-07-05 11:14:00,2024-07-05 11:17:00,4,93,51.329,32,8.0,494.0,494.0,5.62,"(8.0, 494.0, -46.0, 5.62, 0.0)",2024-07-05 11:14:00,2024-07-05 11:17:00,4,4,4,0,1.0,1.0,0.0,0.0,4057.26688,4057.26688,,0.42828,4057.26688,4056.8386,-9472.393863
91,2024-07-05 11:14:00,2024-07-05 11:17:00,4,93,51.329,33,8.0,263.0,263.0,4.6,"(8.0, 263.0, -82.0, 4.6, 0.0)",2024-07-05 11:14:00,2024-07-05 11:17:00,4,4,4,0,1.0,1.0,0.0,0.0,4057.26688,4057.26688,,0.42828,4057.26688,4056.8386,-9472.393863
91,2024-07-05 11:14:00,2024-07-05 11:17:00,4,93,51.329,35,8.0,693.0,693.0,5.79,"(8.0, 693.0, 9.0, 5.79, 0.0)",2024-07-05 11:14:00,2024-07-05 11:17:00,4,4,4,0,1.0,1.0,0.0,0.0,4057.26688,4057.26688,,0.42828,4057.26688,4056.8386,-9472.393863
91,2024-07-05 11:14:00,2024-07-05 11:17:00,4,93,51.329,36,8.0,220.0,220.0,4.29,"(8.0, 220.0, -83.0, 4.29, 0.0)",2024-07-05 11:14:00,2024-07-05 11:17:00,4,4,4,0,1.0,1.0,0.0,0.0,4057.26688,4057.26688,,0.42828,4057.26688,4056.8386,-9472.393863
91,2024-07-05 11:14:00,2024-07-05 11:17:00,4,93,51.329,37,8.0,281.0,281.0,3.78,"(8.0, 281.0, -76.0, 3.78, 0.0)",2024-07-05 11:14:00,2024-07-05 11:17:00,4,4,4,0,1.0,1.0,0.0,0.0,4057.26688,4057.26688,,0.42828,4057.26688,4056.8386,-9472.393863
91,2024-07-05 11:14:00,2024-07-05 11:17:00,4,93,51.329,38,8.0,286.0,286.0,3.88,"(8.0, 286.0, -89.0, 3.88, 0.0)",2024-07-05 11:14:00,2024-07-05 11:17:00,4,4,4,0,1.0,1.0,0.0,0.0,4057.26688,4057.26688,,0.42828,4057.26688,4056.8386,-9472.393863
91,2024-07-05 11:14:00,2024-07-05 11:17:00,4,93,51.329,39,8.0,366.0,366.0,4.47,"(8.0, 366.0, -60.0, 4.47, 0.0)",2024-07-05 11:14:00,2024-07-05 11:17:00,4,4,4,0,1.0,1.0,0.0,0.0,4057.26688,4057.26688,,0.42828,4057.26688,4056.8386,-9472.393863
91,2024-07-05 11:14:00,2024-07-05 11:17:00,4,93,51.329,40,8.0,410.0,410.0,4.45,"(8.0, 410.0, -55.0, 4.45, 0.0)",2024-07-05 11:14:00,2024-07-05 11:17:00,4,4,4,0,1.0,1.0,0.0,0.0,4057.26688,4057.26688,,0.42828,4057.26688,4056.8386,-9472.393863
91,2024-07-05 11:14:00,2024-07-05 11:17:00,4,93,51.329,41,8.0,502.0,502.0,4.38,"(8.0, 502.0, 54.0, 4.38, 0.0)",2024-07-05 11:14:00,2024-07-05 11:17:00,4,4,4,0,1.0,1.0,0.0,0.0,4057.26688,4057.26688,,0.42828,4057.26688,4056.8386,-9472.393863
91,2024-07-05 11:14:00,2024-07-05 11:17:00,4,93,51.329,42,8.0,356.0,356.0,3.75,"(8.0, 356.0, -69.0, 3.75, 0.0)",2024-07-05 11:14:00,2024-07-05 11:17:00,4,4,4,0,1.0,1.0,0.0,0.0,4057.26688,4057.26688,,0.42828,4057.26688,4056.8386,-9472.393863
91,2024-07-05 11:14:00,2024-07-05 11:17:00,4,93,51.329,43,8.0,330.0,330.0,3.65,"(8.0, 330.0, -66.0, 3.65, 0.0)",2024-07-05 11:14:00,2024-07-05 11:17:00,4,4,4,0,1.0,1.0,0.0,0.0,4057.26688,4057.26688,,0.42828,4057.26688,4056.8386,-9472.393863
91,2024-07-05 11:14:00,2024-07-05 11:17:00,4,93,51.329,44,8.0,273.0,273.0,3.26,"(8.0, 273.0, -83.0, 3.26, 0.0)",2024-07-05 11:14:00,2024-07-05 11:17:00,4,4,4,0,1.0,1.0,0.0,0.0,4057.26688,4057.26688,,0.42828,4057.26688,4056.8386,-9472.393863
91,2024-07-05 11:14:00,2024-07-05 11:17:00,4,93,51.329,46,8.0,438.0,438.0,4.93,"(8.0, 438.0, 19.0, 4.93, 0.0)",2024-07-05 11:14:00,2024-07-05 11:17:00,4,4,4,0,1.0,1.0,0.0,0.0,4057.26688,4057.26688,,0.42828,4057.26688,4056.8386,-9472.393863
91,2024-07-05 11:14:00,2024-07-05 11:17:00,4,93,51.329,47,8.0,339.0,339.0,4.95,"(8.0, 339.0, -78.0, 4.95, 0.0)",2024-07-05 11:14:00,2024-07-05 11:17:00,4,4,4,0,1.0,1.0,0.0,0.0,4057.26688,4057.26688,,0.42828,4057.26688,4056.8386,-9472.393863
91,2024-07-05 11:14:00,2024-07-05 11:17:00,4,93,51.329,48,8.0,400.0,400.0,4.93,"(8.0, 400.0, -39.0, 4.93, 0.0)",2024-07-05 11:14:00,2024-07-05 11:17:00,4,4,4,0,1.0,1.0,0.0,0.0,4057.26688,4057.26688,,0.42828,4057.26688,4056.8386,-9472.393863
91,2024-07-05 11:14:00,2024-07-05 11:17:00,4,93,51.329,49,8.0,499.0,499.0,4.92,"(8.0, 499.0, 53.0, 4.92, 0.0)",2024-07-05 11:14:00,2024-07-05 11:17:00,4,4,4,0,1.0,1.0,0.0,0.0,4057.26688,4057.26688,,0.42828,4057.26688,4056.8386,-9472.393863
91,2024-07-05 11:14:00,2024-07-05 11:17:00,4,93,51.329,51,8.0,382.0,382.0,4.78,"(8.0, 382.0, -79.0, 4.78, 0.0)",2024-07-05 11:14:00,2024-07-05 11:17:00,4,4,4,0,1.0,1.0,0.0,0.0,4057.26688,4057.26688,,0.42828,4057.26688,4056.8386,-9472.393863
91,2024-07-05 11:14:00,2024-07-05 11:17:00,4,93,51.329,52,8.0,219.0,219.0,3.75,"(8.0, 219.0, -85.0, 3.75, 0.0)",2024-07-05 11:14:00,2024-07-05 11:17:00,4,4,4,0,1.0,1.0,0.0,0.0,4057.26688,4057.26688,,0.42828,4057.26688,4056.8386,-9472.393863
91,2024-07-05 11:14:00,2024-07-05 11:17:00,4,93,51.329,53,8.0,532.0,532.0,5.52,"(8.0, 532.0, -67.0, 5.52, 0.0)",2024-07-05 11:14:00,2024-07-05 11:17:00,4,4,4,0,1.0,1.0,0.0,0.0,4057.26688,4057.26688,,0.42828,4057.26688,4056.8386,-9472.393863
91,2024-07-05 11:14:00,2024-07-05 11:17:00,4,93,51.329,54,8.0,531.0,531.0,6.02,"(8.0, 531.0, -84.0, 6.02, 0.0)",2024-07-05 11:14:00,2024-07-05 11:17:00,4,4,4,0,1.0,1.0,0.0,0.0,4057.26688,4057.26688,,0.42828,4057.26688,4056.8386,-9472.393863
91,2024-07-05 11:14:00,2024-07-05 11:17:00,4,93,51.329,55,8.0,833.0,833.0,6.42,"(8.0, 833.0, -61.0, 6.42, 0.0)",2024-07-05 11:14:00,2024-07-05 11:17:00,4,4,4,0,1.0,1.0,0.0,0.0,4057.26688,4057.26688,,0.42828,4057.26688,4056.8386,-9472.393863
91,2024-07-05 11:14:00,2024-07-05 11:17:00,4,93,51.329,56,8.0,1034.0,1034.0,7.09,"(8.0, 1034.0, -38.0, 7.09, 0.0)",2024-07-05 11:14:00,2024-07-05 11:17:00,4,4,4,0,1.0,1.0,0.0,0.0,4057.26688,4057.26688,,0.42828,4057.26688,4056.8386,-9472.393863
91,2024-07-05 11:14:00,2024-07-05 11:17:00,4,93,51.329,57,8.0,835.0,835.0,5.96,"(8.0, 835.0, -131.0, 5.96, 0.0)",2024-07-05 11:14:00,2024-07-05 11:17:00,4,4,4,0,1.0,1.0,0.0,0.0,4057.26688,4057.26688,,0.42828,4057.26688,4056.8386,-9472.393863
91,2024-07-05 11:14:00,2024-07-05 11:17:00,4,93,51.329,58,8.0,541.0,541.0,5.35,"(8.0, 541.0, -63.0, 5.35, 0.0)",2024-07-05 11:14:00,2024-07-05 11:17:00,4,4,4,0,1.0,1.0,0.0,0.0,4057.26688,4057.26688,,0.42828,4057.26688,4056.8386,-9472.393863
91,2024-07-05 11:14:00,2024-07-05 11:17:00,4,93,51.329,59,8.0,293.0,293.0,4.28,"(8.0, 293.0, -110.0, 4.28, 0.0)",2024-07-05 11:14:00,2024-07-05 11:17:00,4,4,4,0,1.0,1.0,0.0,0.0,4057.26688,4057.26688,,0.42828,4057.26688,4056.8386,-9472.393863
91,2024-07-05 11:14:00,2024-07-05 11:17:00,4,93,51.329,60,8.0,452.0,452.0,4.98,"(8.0, 452.0, -71.0, 4.98, 0.0)",2024-07-05 11:14:00,2024-07-05 11:17:00,4,4,4,0,1.0,1.0,0.0,0.0,4057.26688,4057.26688,,0.42828,4057.26688,4056.8386,-9472.393863
91,2024-07-05 11:14:00,2024-07-05 11:17:00,4,93,51.329,62,8.0,825.0,825.0,6.61,"(8.0, 825.0, 63.0, 6.61, 0.0)",2024-07-05 11:14:00,2024-07-05 11:17:00,4,4,4,0,1.0,1.0,0.0,0.0,4057.26688,4057.26688,,0.42828,4057.26688,4056.8386,-9472.393863
91,2024-07-05 11:14:00,2024-07-05 11:17:00,4,93,51.329,63,8.0,790.0,790.0,6.38,"(8.0, 790.0, -22.0, 6.38, 0.0)",2024-07-05 11:14:00,2024-07-05 11:17:00,4,4,4,0,1.0,1.0,0.0,0.0,4057.26688,4057.26688,,0.42828,4057.26688,4056.8386,-9472.393863
91,2024-07-05 11:14:00,2024-07-05 11:17:00,4,93,51.329,64,8.0,678.0,678.0,6.25,"(8.0, 678.0, -111.0, 6.25, 0.0)",2024-07-05 11:14:00,2024-07-05 11:17:00,4,4,4,0,1.0,1.0,0.0,0.0,4057.26688,4057.26688,,0.42828,4057.26688,4056.8386,-9472.393863
91,2024-07-05 11:14:00,2024-07-05 11:17:00,4,93,51.329,65,8.0,708.0,708.0,5.64,"(8.0, 708.0, -75.0, 5.64, 0.0)",2024-07-05 11:14:00,2024-07-05 11:17:00,4,4,4,0,1.0,1.0,0.0,0.0,4057.26688,4057.26688,,0.42828,4057.26688,4056.8386,-9472.393863
91,2024-07-05 11:14:00,2024-07-05 11:17:00,4,93,51.329,66,8.0,540.0,540.0,3.95,"(8.0, 540.0, -58.0, 3.95, 0.0)",2024-07-05 11:14:00,2024-07-05 11:17:00,4,4,4,0,1.0,1.0,0.0,0.0,4057.26688,4057.26688,,0.42828,4057.26688,4056.8386,-9472.393863
91,2024-07-05 11:14:00,2024-07-05 11:17:00,4,93,51.329,67,8.0,895.0,895.0,6.17,"(8.0, 895.0, -40.0, 6.17, 0.0)",2024-07-05 11:14:00,2024-07-05 11:17:00,4,4,4,0,1.0,1.0,0.0,0.0,4057.26688,4057.26688,,0.42828,4057.26688,4056.8386,-9472.393863
91,2024-07-05 11:14:00,2024-07-05 11:17:00,4,93,51.329,68,8.0,670.0,670.0,5.97,"(8.0, 670.0, -49.0, 5.97, 0.0)",2024-07-05 11:14:00,2024-07-05 11:17:00,4,4,4,0,1.0,1.0,0.0,0.0,4057.26688,4057.26688,,0.42828,4057.26688,4056.8386,-9472.393863
91,2024-07-05 11:14:00,2024-07-05 11:17:00,4,93,51.329,69,8.0,676.0,676.0,6.2,"(8.0, 676.0, -55.0, 6.2, 0.0)",2024-07-05 11:14:00,2024-07-05 11:17:00,4,4,4,0,1.0,1.0,0.0,0.0,4057.26688,4057.26688,,0.42828,4057.26688,4056.8386,-9472.393863
91,2024-07-05 11:14:00,2024-07-05 11:17:00,4,93,51.329,70,8.0,392.0,392.0,4.67,"(8.0, 392.0, -76.0, 4.67, 0.0)",2024-07-05 11:14:00,2024-07-05 11:17:00,4,4,4,0,1.0,1.0,0.0,0.0,4057.26688,4057.26688,,0.42828,4057.26688,4056.8386,-9472.393863
91,2024-07-05 11:14:00,2024-07-05 11:17:00,4,93,51.329,71,8.0,328.0,328.0,3.32,"(8.0, 328.0, -100.0, 3.32, 0.0)",2024-07-05 11:14:00,2024-07-05 11:17:00,4,4,4,0,1.0,1.0,0.0,0.0,4057.26688,4057.26688,,0.42828,4057.26688,4056.8386,-9472.393863
91,2024-07-05 11:14:00,2024-07-05 11:17:00,4,93,51.329,72,8.0,267.0,267.0,2.9,"(8.0, 267.0, -85.0, 2.9, 0.0)",2024-07-05 11:14:00,2024-07-05 11:17:00,4,4,4,0,1.0,1.0,0.0,0.0,4057.26688,4057.26688,,0.42828,4057.26688,4056.8386,-9472.393863
91,2024-07-05 11:14:00,2024-07-05 11:17:00,4,93,51.329,73,8.0,241.0,241.0,3.2,"(8.0, 241.0, -82.0, 3.2, 0.0)",2024-07-05 11:14:00,2024-07-05 11:17:00,4,4,4,0,1.0,1.0,0.0,0.0,4057.26688,4057.26688,,0.42828,4057.26688,4056.8386,-9472.393863
91,2024-07-05 11:14:00,2024-07-05 11:17:00,4,93,51.329,75,8.0,303.0,303.0,4.57,"(8.0, 303.0, -131.0, 4.57, 0.0)",2024-07-05 11:14:00,2024-07-05 11:17:00,4,4,4,0,1.0,1.0,0.0,0.0,4057.26688,4057.26688,,0.42828,4057.26688,4056.8386,-9472.393863
91,2024-07-05 11:14:00,2024-07-05 11:17:00,4,93,51.329,76,8.0,329.0,329.0,3.57,"(8.0, 329.0, -74.0, 3.57, 0.0)",2024-07-05 11:14:00,2024-07-05 11:17:00,4,4,4,0,1.0,1.0,0.0,0.0,4057.26688,4057.26688,,0.42828,4057.26688,4056.8386,-9472.393863
91,2024-07-05 11:14:00,2024-07-05 11:17:00,4,93,51.329,77,8.0,912.0,912.0,6.36,"(8.0, 912.0, -15.0, 6.36, 0.0)",2024-07-05 11:14:00,2024-07-05 11:17:00,4,4,4,0,1.0,1.0,0.0,0.0,4057.26688,4057.26688,,0.42828,4057.26688,4056.8386,-9472.393863
91,2024-07-05 11:14:00,2024-07-05 11:17:00,4,93,51.329,78,8.0,678.0,678.0,5.33,"(8.0, 678.0, -13.0, 5.33, 0.0)",2024-07-05 11:14:00,2024-07-05 11:17:00,4,4,4,0,1.0,1.0,0.0,0.0,4057.26688,4057.26688,,0.42828,4057.26688,4056.8386,-9472.393863
91,2024-07-05 11:14:00,2024-07-05 11:17:00,4,93,51.329,79,8.0,786.0,786.0,6.47,"(8.0, 786.0, -46.0, 6.47, 0.0)",2024-07-05 11:14:00,2024-07-05 11:17:00,4,4,4,0,1.0,1.0,0.0,0.0,4057.26688,4057.26688,,0.42828,4057.26688,4056.8386,-9472.393863
91,2024-07-05 11:14:00,2024-07-05 11:17:00,4,93,51.329,80,8.0,797.0,797.0,6.47,"(8.0, 797.0, -6.0, 6.47, 0.0)",2024-07-05 11:14:00,2024-07-05 11:17:00,4,4,4,0,1.0,1.0,0.0,0.0,4057.26688,4057.26688,,0.42828,4057.26688,4056.8386,-9472.393863
91,2024-07-05 11:14:00,2024-07-05 11:17:00,4,93,51.329,81,8.0,831.0,831.0,6.33,"(8.0, 831.0, -45.0, 6.33, 0.0)",2024-07-05 11:14:00,2024-07-05 11:17:00,4,4,4,0,1.0,1.0,0.0,0.0,4057.26688,4057.26688,,0.42828,4057.26688,4056.8386,-9472.393863
91,2024-07-05 11:14:00,2024-07-05 11:17:00,4,93,51.329,82,8.0,806.0,806.0,6.43,"(8.0, 806.0, -51.0, 6.43, 0.0)",2024-07-05 11:14:00,2024-07-05 11:17:00,4,4,4,0,1.0,1.0,0.0,0.0,4057.26688,4057.26688,,0.42828,4057.26688,4056.8386,-9472.393863
91,2024-07-05 11:14:00,2024-07-05 11:17:00,4,93,51.329,83,8.0,1384.0,1384.0,6.41,"(8.0, 1384.0, -59.0, 6.41, 0.0)",2024-07-05 11:14:00,2024-07-05 11:17:00,4,4,4,0,1.0,1.0,0.0,0.0,4057.26688,4057.26688,,0.42828,4057.26688,4056.8386,-9472.393863
91,2024-07-05 11:14:00,2024-07-05 11:17:00,4,93,51.329,84,8.0,1270.0,1270.0,6.31,"(8.0, 1270.0, -89.0, 6.31, 0.0)",2024-07-05 11:14:00,2024-07-05 11:17:00,4,4,4,0,1.0,1.0,0.0,0.0,4057.26688,4057.26688,,0.42828,4057.26688,4056.8386,-9472.393863
91,2024-07-05 11:14:00,2024-07-05 11:17:00,4,93,51.329,85,8.0,1122.0,1122.0,6.48,"(8.0, 1122.0, -83.0, 6.48, 0.0)",2024-07-05 11:14:00,2024-07-05 11:17:00,4,4,4,0,1.0,1.0,0.0,0.0,4057.26688,4057.26688,,0.42828,4057.26688,4056.8386,-9472.393863
91,2024-07-05 11:14:00,2024-07-05 11:17:00,4,93,51.329,86,8.0,985.0,985.0,6.25,"(8.0, 985.0, -43.0, 6.25, 0.0)",2024-07-05 11:14:00,2024-07-05 11:17:00,4,4,4,0,1.0,1.0,0.0,0.0,4057.26688,4057.26688,,0.42828,4057.26688,4056.8386,-9472.393863
91,2024-07-05 11:14:00,2024-07-05 11:17:00,4,93,51.329,87,8.0,945.0,945.0,6.45,"(8.0, 945.0, -16.0, 6.45, 0.0)",2024-07-05 11:14:00,2024-07-05 11:17:00,4,4,4,0,1.0,1.0,0.0,0.0,4057.26688,4057.26688,,0.42828,4057.26688,4056.8386,-9472.393863
91,2024-07-05 11:14:00,2024-07-05 11:17:00,4,93,51.329,88,8.0,938.0,938.0,6.15,"(8.0, 938.0, -24.0, 6.15, 0.0)",2024-07-05 11:14:00,2024-07-05 11:17:00,4,4,4,0,1.0,1.0,0.0,0.0,4057.26688,4057.26688,,0.42828,4057.26688,4056.8386,-9472.393863
91,2024-07-05 11:14:00,2024-07-05 11:17:00,4,93,51.329,89,8.0,908.0,908.0,5.84,"(8.0, 908.0, -58.0, 5.84, 0.0)",2024-07-05 11:14:00,2024-07-05 11:17:00,4,4,4,0,1.0,1.0,0.0,0.0,4057.26688,4057.26688,,0.42828,4057.26688,4056.8386,-9472.393863
91,2024-07-05 11:14:00,2024-07-05 11:17:00,4,93,51.329,90,8.0,895.0,895.0,6.59,"(8.0, 895.0, -115.0, 6.59, 0.0)",2024-07-05 11:14:00,2024-07-05 11:17:00,4,4,4,0,1.0,1.0,0.0,0.0,4057.26688,4057.26688,,0.42828,4057.26688,4056.8386,-9472.393863
91,2024-07-05 11:14:00,2024-07-05 11:17:00,4,93,51.329,91,8.0,891.0,891.0,6.29,"(8.0, 891.0, -62.0, 6.29, 0.0)",2024-07-05 11:14:00,2024-07-05 11:17:00,4,4,4,0,1.0,1.0,0.0,0.0,4057.26688,4057.26688,,0.42828,4057.26688,4056.8386,-9472.393863
91,2024-07-05 11:14:00,2024-07-05 11:17:00,4,93,51.329,92,8.0,880.0,880.0,5.8,"(8.0, 880.0, -71.0, 5.8, 0.0)",2024-07-05 11:14:00,2024-07-05 11:17:00,4,4,4,0,1.0,1.0,0.0,0.0,4057.26688,4057.26688,,0.42828,4057.26688,4056.8386,-9472.393863
91,2024-07-05 11:14:00,2024-07-05 11:17:00,4,93,51.329,93,8.0,890.0,890.0,6.25,"(8.0, 890.0, -25.0, 6.25, 0.0)",2024-07-05 11:14:00,2024-07-05 11:17:00,4,4,4,0,1.0,1.0,0.0,0.0,4057.26688,4057.26688,,0.42828,4057.26688,4056.8386,-9472.393863
91,2024-07-05 11:14:00,2024-07-05 11:17:00,4,93,51.329,95,8.0,854.0,854.0,6.75,"(8.0, 854.0, -47.0, 6.75, 0.0)",2024-07-05 11:14:00,2024-07-05 11:17:00,4,4,4,0,1.0,1.0,0.0,0.0,4057.26688,4057.26688,,0.42828,4057.26688,4056.8386,-9472.393863
91,2024-07-05 11:14:00,2024-07-05 11:17:00,4,93,51.329,96,8.0,824.0,824.0,6.25,"(8.0, 824.0, -229.0, 6.25, 0.0)",2024-07-05 11:14:00,2024-07-05 11:17:00,4,4,4,0,1.0,1.0,0.0,0.0,4057.26688,4057.26688,,0.42828,4057.26688,4056.8386,-9472.393863
91,2024-07-05 11:14:00,2024-07-05 11:17:00,4,93,51.329,97,8.0,807.0,807.0,5.96,"(8.0, 807.0, -112.0, 5.96, 0.0)",2024-07-05 11:14:00,2024-07-05 11:17:00,4,4,4,0,1.0,1.0,0.0,0.0,4057.26688,4057.26688,,0.42828,4057.26688,4056.8386,-9472.393863
91,2024-07-05 11:14:00,2024-07-05 11:17:00,4,93,51.329,98,8.0,791.0,791.0,6.14,"(8.0, 791.0, -12.0, 6.14, 0.0)",2024-07-05 11:14:00,2024-07-05 11:17:00,4,4,4,0,1.0,1.0,0.0,0.0,4057.26688,4057.26688,,0.42828,4057.26688,4056.8386,-9472.393863
91,2024-07-05 11:14:00,2024-07-05 11:17:00,4,93,51.329,99,8.0,797.0,797.0,6.05,"(8.0, 797.0, -42.0, 6.05, 0.0)",2024-07-05 11:14:00,2024-07-05 11:17:00,4,4,4,0,1.0,1.0,0.0,0.0,4057.26688,4057.26688,,0.42828,4057.26688,4056.8386,-9472.393863
91,2024-07-05 11:14:00,2024-07-05 11:17:00,4,93,51.329,100,8.0,833.0,833.0,6.0,"(8.0, 833.0, -92.0, 6.0, 0.0)",2024-07-05 11:14:00,2024-07-05 11:17:00,4,4,4,0,1.0,1.0,0.0,0.0,4057.26688,4057.26688,,0.42828,4057.26688,4056.8386,-9472.393863
93,2024-07-05 16:49:00,2024-07-05 16:55:00,7,96,195.267,1,8.0,1692.0,1692.0,7.5,"(8.0, 1692.0, 38.0, 7.5, 0.0)",2024-07-05 16:49:00,2024-07-05 16:55:00,7,7,7,0,1.0,1.0,0.0,0.0,27065.6638,27065.6638,,0.919093,27065.6638,27064.744707,-29447.247682
93,2024-07-05 16:49:00,2024-07-05 16:55:00,7,96,195.267,2,8.0,766.0,766.0,5.55,"(8.0, 766.0, 4.0, 5.55, 0.0)",2024-07-05 16:49:00,2024-07-05 16:55:00,7,7,7,0,1.0,1.0,0.0,0.0,27065.6638,27065.6638,,0.919093,27065.6638,27064.744707,-29447.247682
93,2024-07-05 16:49:00,2024-07-05 16:55:00,7,96,195.267,3,8.0,813.0,813.0,5.09,"(8.0, 813.0, 45.0, 5.09, 0.0)",2024-07-05 16:49:00,2024-07-05 16:55:00,7,7,7,0,1.0,1.0,0.0,0.0,27065.6638,27065.6638,,0.919093,27065.6638,27064.744707,-29447.247682
93,2024-07-05 16:49:00,2024-07-05 16:55:00,7,96,195.267,4,8.0,1316.0,1316.0,7.52,"(8.0, 1316.0, -5.0, 7.52, 0.0)",2024-07-05 16:49:00,2024-07-05 16:55:00,7,7,7,0,1.0,1.0,0.0,0.0,27065.6638,27065.6638,,0.919093,27065.6638,27064.744707,-29447.247682
93,2024-07-05 16:49:00,2024-07-05 16:55:00,7,96,195.267,5,8.0,1462.0,1462.0,6.45,"(8.0, 1462.0, -18.0, 6.45, 0.0)",2024-07-05 16:49:00,2024-07-05 16:55:00,7,7,7,0,1.0,1.0,0.0,0.0,27065.6638,27065.6638,,0.919093,27065.6638,27064.744707,-29447.247682
93,2024-07-05 16:49:00,2024-07-05 16:55:00,7,96,195.267,6,8.0,1379.0,1379.0,6.18,"(8.0, 1379.0, -2.0, 6.18, 0.0)",2024-07-05 16:49:00,2024-07-05 16:55:00,7,7,7,0,1.0,1.0,0.0,0.0,27065.6638,27065.6638,,0.919093,27065.6638,27064.744707,-29447.247682
93,2024-07-05 16:49:00,2024-07-05 16:55:00,7,96,195.267,7,8.0,1191.0,1191.0,5.6,"(8.0, 1191.0, 14.0, 5.6, 0.0)",2024-07-05 16:49:00,2024-07-05 16:55:00,7,7,7,0,1.0,1.0,0.0,0.0,27065.6638,27065.6638,,0.919093,27065.6638,27064.744707,-29447.247682
93,2024-07-05 16:49:00,2024-07-05 16:55:00,7,96,195.267,8,8.0,1152.0,1152.0,6.03,"(8.0, 1152.0, 35.0, 6.03, 0.0)",2024-07-05 16:49:00,2024-07-05 16:55:00,7,7,7,0,1.0,1.0,0.0,0.0,27065.6638,27065.6638,,0.919093,27065.6638,27064.744707,-29447.247682
93,2024-07-05 16:49:00,2024-07-05 16:55:00,7,96,195.267,9,8.0,1015.0,1015.0,6.08,"(8.0, 1015.0, 11.0, 6.08, 0.0)",2024-07-05 16:49:00,2024-07-05 16:55:00,7,7,7,0,1.0,1.0,0.0,0.0,27065.6638,27065.6638,,0.919093,27065.6638,27064.744707,-29447.247682
93,2024-07-05 16:49:00,2024-07-05 16:55:00,7,96,195.267,10,8.0,633.0,633.0,4.36,"(8.0, 633.0, 84.0, 4.36, 0.0)",2024-07-05 16:49:00,2024-07-05 16:55:00,7,7,7,0,1.0,1.0,0.0,0.0,27065.6638,27065.6638,,0.919093,27065.6638,27064.744707,-29447.247682
93,2024-07-05 16:49:00,2024-07-05 16:55:00,7,96,195.267,11,8.0,742.0,742.0,4.73,"(8.0, 742.0, 57.0, 4.73, 0.0)",2024-07-05 16:49:00,2024-07-05 16:55:00,7,7,7,0,1.0,1.0,0.0,0.0,27065.6638,27065.6638,,0.919093,27065.6638,27064.744707,-29447.247682
93,2024-07-05 16:49:00,2024-07-05 16:55:00,7,96,195.267,12,8.0,761.0,761.0,5.23,"(8.0, 761.0, 16.0, 5.23, 0.0)",2024-07-05 16:49:00,2024-07-05 16:55:00,7,7,7,0,1.0,1.0,0.0,0.0,27065.6638,27065.6638,,0.919093,27065.6638,27064.744707,-29447.247682
93,2024-07-05 16:49:00,2024-07-05 16:55:00,7,96,195.267,13,8.0,988.0,988.0,4.98,"(8.0, 988.0, 57.0, 4.98, 0.0)",2024-07-05 16:49:00,2024-07-05 16:55:00,7,7,7,0,1.0,1.0,0.0,0.0,27065.6638,27065.6638,,0.919093,27065.6638,27064.744707,-29447.247682
93,2024-07-05 16:49:00,2024-07-05 16:55:00,7,96,195.267,14,8.0,1119.0,1119.0,6.91,"(8.0, 1119.0, 43.0, 6.91, 0.0)",2024-07-05 16:49:00,2024-07-05 16:55:00,7,7,7,0,1.0,1.0,0.0,0.0,27065.6638,27065.6638,,0.919093,27065.6638,27064.744707,-29447.247682
93,2024-07-05 16:49:00,2024-07-05 16:55:00,7,96,195.267,15,8.0,1235.0,1235.0,6.62,"(8.0, 1235.0, 78.0, 6.62, 0.0)",2024-07-05 16:49:00,2024-07-05 16:55:00,7,7,7,0,1.0,1.0,0.0,0.0,27065.6638,27065.6638,,0.919093,27065.6638,27064.744707,-29447.247682
93,2024-07-05 16:49:00,2024-07-05 16:55:00,7,96,195.267,16,8.0,1158.0,1158.0,5.77,"(8.0, 1158.0, 67.0, 5.77, 0.0)",2024-07-05 16:49:00,2024-07-05 16:55:00,7,7,7,0,1.0,1.0,0.0,0.0,27065.6638,27065.6638,,0.919093,27065.6638,27064.744707,-29447.247682
93,2024-07-05 16:49:00,2024-07-05 16:55:00,7,96,195.267,17,8.0,1349.0,1349.0,7.53,"(8.0, 1349.0, 56.0, 7.53, 0.0)",2024-07-05 16:49:00,2024-07-05 16:55:00,7,7,7,0,1.0,1.0,0.0,0.0,27065.6638,27065.6638,,0.919093,27065.6638,27064.744707,-29447.247682
93,2024-07-05 16:49:00,2024-07-05 16:55:00,7,96,195.267,18,8.0,1259.0,1259.0,6.94,"(8.0, 1259.0, -3.0, 6.94, 0.0)",2024-07-05 16:49:00,2024-07-05 16:55:00,7,7,7,0,1.0,1.0,0.0,0.0,27065.6638,27065.6638,,0.919093,27065.6638,27064.744707,-29447.247682
93,2024-07-05 16:49:00,2024-07-05 16:55:00,7,96,195.267,19,8.0,1658.0,1658.0,6.88,"(8.0, 1658.0, -190.0, 6.88, 0.0)",2024-07-05 16:49:00,2024-07-05 16:55:00,7,7,7,0,1.0,1.0,0.0,0.0,27065.6638,27065.6638,,0.919093,27065.6638,27064.744707,-29447.247682
93,2024-07-05 16:49:00,2024-07-05 16:55:00,7,96,195.267,20,8.0,1147.0,1147.0,5.95,"(8.0, 1147.0, 59.0, 5.95, 0.0)",2024-07-05 16:49:00,2024-07-05 16:55:00,7,7,7,0,1.0,1.0,0.0,0.0,27065.6638,27065.6638,,0.919093,27065.6638,27064.744707,-29447.247682
93,2024-07-05 16:49:00,2024-07-05 16:55:00,7,96,195.267,21,8.0,1683.0,1683.0,6.95,"(8.0, 1683.0, -46.0, 6.95, 0.0)",2024-07-05 16:49:00,2024-07-05 16:55:00,7,7,7,0,1.0,1.0,0.0,0.0,27065.6638,27065.6638,,0.919093,27065.6638,27064.744707,-29447.247682
93,2024-07-05 16:49:00,2024-07-05 16:55:00,7,96,195.267,22,8.0,1976.0,1976.0,8.1,"(8.0, 1976.0, 7.0, 8.1, 0.0)",2024-07-05 16:49:00,2024-07-05 16:55:00,7,7,7,0,1.0,1.0,0.0,0.0,27065.6638,27065.6638,,0.919093,27065.6638,27064.744707,-29447.247682
93,2024-07-05 16:49:00,2024-07-05 16:55:00,7,96,195.267,23,8.0,1561.0,1561.0,7.85,"(8.0, 1561.0, 7.0, 7.85, 0.0)",2024-07-05 16:49:00,2024-07-05 16:55:00,7,7,7,0,1.0,1.0,0.0,0.0,27065.6638,27065.6638,,0.919093,27065.6638,27064.744707,-29447.247682
93,2024-07-05 16:49:00,2024-07-05 16:55:00,7,96,195.267,24,8.0,996.0,996.0,5.53,"(8.0, 996.0, 71.0, 5.53, 0.0)",2024-07-05 16:49:00,2024-07-05 16:55:00,7,7,7,0,1.0,1.0,0.0,0.0,27065.6638,27065.6638,,0.919093,27065.6638,27064.744707,-29447.247682
93,2024-07-05 16:49:00,2024-07-05 16:55:00,7,96,195.267,25,8.0,769.0,769.0,4.63,"(8.0, 769.0, 43.0, 4.63, 0.0)",2024-07-05 16:49:00,2024-07-05 16:55:00,7,7,7,0,1.0,1.0,0.0,0.0,27065.6638,27065.6638,,0.919093,27065.6638,27064.744707,-29447.247682
93,2024-07-05 16:49:00,2024-07-05 16:55:00,7,96,195.267,26,8.0,951.0,951.0,6.01,"(8.0, 951.0, 64.0, 6.01, 0.0)",2024-07-05 16:49:00,2024-07-05 16:55:00,7,7,7,0,1.0,1.0,0.0,0.0,27065.6638,27065.6638,,0.919093,27065.6638,27064.744707,-29447.247682
93,2024-07-05 16:49:00,2024-07-05 16:55:00,7,96,195.267,27,8.0,1053.0,1053.0,7.6,"(8.0, 1053.0, 26.0, 7.6, 0.0)",2024-07-05 16:49:00,2024-07-05 16:55:00,7,7,7,0,1.0,1.0,0.0,0.0,27065.6638,27065.6638,,0.919093,27065.6638,27064.744707,-29447.247682
93,2024-07-05 16:49:00,2024-07-05 16:55:00,7,96,195.267,28,8.0,1503.0,1503.0,7.67,"(8.0, 1503.0, -46.0, 7.67, 0.0)",2024-07-05 16:49:00,2024-07-05 16:55:00,7,7,7,0,1.0,1.0,0.0,0.0,27065.6638,27065.6638,,0.919093,27065.6638,27064.744707,-29447.247682
93,2024-07-05 16:49:00,2024-07-05 16:55:00,7,96,195.267,29,8.0,1753.0,1753.0,7.73,"(8.0, 1753.0, -130.0, 7.73, 0.0)",2024-07-05 16:49:00,2024-07-05 16:55:00,7,7,7,0,1.0,1.0,0.0,0.0,27065.6638,27065.6638,,0.919093,27065.6638,27064.744707,-29447.247682
93,2024-07-05 16:49:00,2024-07-05 16:55:00,7,96,195.267,30,8.0,1892.0,1892.0,7.71,"(8.0, 1892.0, -139.0, 7.71, 0.0)",2024-07-05 16:49:00,2024-07-05 16:55:00,7,7,7,0,1.0,1.0,0.0,0.0,27065.6638,27065.6638,,0.919093,27065.6638,27064.744707,-29447.247682
93,2024-07-05 16:49:00,2024-07-05 16:55:00,7,96,195.267,31,8.0,1564.0,1564.0,7.34,"(8.0, 1564.0, 26.0, 7.34, 0.0)",2024-07-05 16:49:00,2024-07-05 16:55:00,7,7,7,0,1.0,1.0,0.0,0.0,27065.6638,27065.6638,,0.919093,27065.6638,27064.744707,-29447.247682
93,2024-07-05 16:49:00,2024-07-05 16:55:00,7,96,195.267,32,8.0,1417.0,1417.0,7.15,"(8.0, 1417.0, 1.0, 7.15, 0.0)",2024-07-05 16:49:00,2024-07-05 16:55:00,7,7,7,0,1.0,1.0,0.0,0.0,27065.6638,27065.6638,,0.919093,27065.6638,27064.744707,-29447.247682
93,2024-07-05 16:49:00,2024-07-05 16:55:00,7,96,195.267,33,8.0,1241.0,1241.0,6.53,"(8.0, 1241.0, 73.0, 6.53, 0.0)",2024-07-05 16:49:00,2024-07-05 16:55:00,7,7,7,0,1.0,1.0,0.0,0.0,27065.6638,27065.6638,,0.919093,27065.6638,27064.744707,-29447.247682
93,2024-07-05 16:49:00,2024-07-05 16:55:00,7,96,195.267,34,8.0,1153.0,1153.0,6.13,"(8.0, 1153.0, 32.0, 6.13, 0.0)",2024-07-05 16:49:00,2024-07-05 16:55:00,7,7,7,0,1.0,1.0,0.0,0.0,27065.6638,27065.6638,,0.919093,27065.6638,27064.744707,-29447.247682
93,2024-07-05 16:49:00,2024-07-05 16:55:00,7,96,195.267,35,8.0,1515.0,1515.0,5.48,"(8.0, 1515.0, 29.0, 5.48, 0.0)",2024-07-05 16:49:00,2024-07-05 16:55:00,7,7,7,0,1.0,1.0,0.0,0.0,27065.6638,27065.6638,,0.919093,27065.6638,27064.744707,-29447.247682
93,2024-07-05 16:49:00,2024-07-05 16:55:00,7,96,195.267,36,8.0,2021.0,2021.0,7.49,"(8.0, 2021.0, -8.0, 7.49, 0.0)",2024-07-05 16:49:00,2024-07-05 16:55:00,7,7,7,0,1.0,1.0,0.0,0.0,27065.6638,27065.6638,,0.919093,27065.6638,27064.744707,-29447.247682
93,2024-07-05 16:49:00,2024-07-05 16:55:00,7,96,195.267,37,8.0,1415.0,1415.0,6.14,"(8.0, 1415.0, 17.0, 6.14, 0.0)",2024-07-05 16:49:00,2024-07-05 16:55:00,7,7,7,0,1.0,1.0,0.0,0.0,27065.6638,27065.6638,,0.919093,27065.6638,27064.744707,-29447.247682
93,2024-07-05 16:49:00,2024-07-05 16:55:00,7,96,195.267,38,8.0,1415.0,1415.0,7.87,"(8.0, 1415.0, 5.0, 7.87, 0.0)",2024-07-05 16:49:00,2024-07-05 16:55:00,7,7,7,0,1.0,1.0,0.0,0.0,27065.6638,27065.6638,,0.919093,27065.6638,27064.744707,-29447.247682
93,2024-07-05 16:49:00,2024-07-05 16:55:00,7,96,195.267,39,8.0,1260.0,1260.0,5.16,"(8.0, 1260.0, 24.0, 5.16, 0.0)",2024-07-05 16:49:00,2024-07-05 16:55:00,7,7,7,0,1.0,1.0,0.0,0.0,27065.6638,27065.6638,,0.919093,27065.6638,27064.744707,-29447.247682
93,2024-07-05 16:49:00,2024-07-05 16:55:00,7,96,195.267,40,8.0,1338.0,1338.0,6.98,"(8.0, 1338.0, 33.0, 6.98, 0.0)",2024-07-05 16:49:00,2024-07-05 16:55:00,7,7,7,0,1.0,1.0,0.0,0.0,27065.6638,27065.6638,,0.919093,27065.6638,27064.744707,-29447.247682
93,2024-07-05 16:49:00,2024-07-05 16:55:00,7,96,195.267,41,8.0,1497.0,1497.0,7.29,"(8.0, 1497.0, 27.0, 7.29, 0.0)",2024-07-05 16:49:00,2024-07-05 16:55:00,7,7,7,0,1.0,1.0,0.0,0.0,27065.6638,27065.6638,,0.919093,27065.6638,27064.744707,-29447.247682
93,2024-07-05 16:49:00,2024-07-05 16:55:00,7,96,195.267,42,8.0,1359.0,1359.0,7.44,"(8.0, 1359.0, 39.0, 7.44, 0.0)",2024-07-05 16:49:00,2024-07-05 16:55:00,7,7,7,0,1.0,1.0,0.0,0.0,27065.6638,27065.6638,,0.919093,27065.6638,27064.744707,-29447.247682
93,2024-07-05 16:49:00,2024-07-05 16:55:00,7,96,195.267,43,8.0,1564.0,1564.0,7.84,"(8.0, 1564.0, 55.0, 7.84, 0.0)",2024-07-05 16:49:00,2024-07-05 16:55:00,7,7,7,0,1.0,1.0,0.0,0.0,27065.6638,27065.6638,,0.919093,27065.6638,27064.744707,-29447.247682
93,2024-07-05 16:49:00,2024-07-05 16:55:00,7,96,195.267,44,8.0,1831.0,1831.0,8.88,"(8.0, 1831.0, 43.0, 8.88, 0.0)",2024-07-05 16:49:00,2024-07-05 16:55:00,7,7,7,0,1.0,1.0,0.0,0.0,27065.6638,27065.6638,,0.919093,27065.6638,27064.744707,-29447.247682
93,2024-07-05 16:49:00,2024-07-05 16:55:00,7,96,195.267,46,8.0,2372.0,2372.0,8.44,"(8.0, 2372.0, 77.0, 8.44, 0.0)",2024-07-05 16:49:00,2024-07-05 16:55:00,7,7,7,0,1.0,1.0,0.0,0.0,27065.6638,27065.6638,,0.919093,27065.6638,27064.744707,-29447.247682
93,2024-07-05 16:49:00,2024-07-05 16:55:00,7,96,195.267,47,8.0,952.0,952.0,5.83,"(8.0, 952.0, 84.0, 5.83, 0.0)",2024-07-05 16:49:00,2024-07-05 16:55:00,7,7,7,0,1.0,1.0,0.0,0.0,27065.6638,27065.6638,,0.919093,27065.6638,27064.744707,-29447.247682
93,2024-07-05 16:49:00,2024-07-05 16:55:00,7,96,195.267,48,8.0,1532.0,1532.0,7.16,"(8.0, 1532.0, 26.0, 7.16, 0.0)",2024-07-05 16:49:00,2024-07-05 16:55:00,7,7,7,0,1.0,1.0,0.0,0.0,27065.6638,27065.6638,,0.919093,27065.6638,27064.744707,-29447.247682
93,2024-07-05 16:49:00,2024-07-05 16:55:00,7,96,195.267,49,8.0,1870.0,1870.0,7.81,"(8.0, 1870.0, 30.0, 7.81, 0.0)",2024-07-05 16:49:00,2024-07-05 16:55:00,7,7,7,0,1.0,1.0,0.0,0.0,27065.6638,27065.6638,,0.919093,27065.6638,27064.744707,-29447.247682
93,2024-07-05 16:49:00,2024-07-05 16:55:00,7,96,195.267,50,8.0,2361.0,2361.0,7.93,"(8.0, 2361.0, 29.0, 7.93, 0.0)",2024-07-05 16:49:00,2024-07-05 16:55:00,7,7,7,0,1.0,1.0,0.0,0.0,27065.6638,27065.6638,,0.919093,27065.6638,27064.744707,-29447.247682
93,2024-07-05 16:49:00,2024-07-05 16:55:00,7,96,195.267,51,8.0,1781.0,1781.0,6.39,"(8.0, 1781.0, -6.0, 6.39, 0.0)",2024-07-05 16:49:00,2024-07-05 16:55:00,7,7,7,0,1.0,1.0,0.0,0.0,27065.6638,27065.6638,,0.919093,27065.6638,27064.744707,-29447.247682
93,2024-07-05 16:49:00,2024-07-05 16:55:00,7,96,195.267,52,8.0,2096.0,2096.0,8.17,"(8.0, 2096.0, 13.0, 8.17, 0.0)",2024-07-05 16:49:00,2024-07-05 16:55:00,7,7,7,0,1.0,1.0,0.0,0.0,27065.6638,27065.6638,,0.919093,27065.6638,27064.744707,-29447.247682
93,2024-07-05 16:49:00,2024-07-05 16:55:00,7,96,195.267,53,8.0,1904.0,1904.0,7.06,"(8.0, 1904.0, -71.0, 7.06, 0.0)",2024-07-05 16:49:00,2024-07-05 16:55:00,7,7,7,0,1.0,1.0,0.0,0.0,27065.6638,27065.6638,,0.919093,27065.6638,27064.744707,-29447.247682
93,2024-07-05 16:49:00,2024-07-05 16:55:00,7,96,195.267,54,8.0,1975.0,1975.0,6.85,"(8.0, 1975.0, -30.0, 6.85, 0.0)",2024-07-05 16:49:00,2024-07-05 16:55:00,7,7,7,0,1.0,1.0,0.0,0.0,27065.6638,27065.6638,,0.919093,27065.6638,27064.744707,-29447.247682
93,2024-07-05 16:49:00,2024-07-05 16:55:00,7,96,195.267,55,8.0,1966.0,1966.0,8.06,"(8.0, 1966.0, -16.0, 8.06, 0.0)",2024-07-05 16:49:00,2024-07-05 16:55:00,7,7,7,0,1.0,1.0,0.0,0.0,27065.6638,27065.6638,,0.919093,27065.6638,27064.744707,-29447.247682
93,2024-07-05 16:49:00,2024-07-05 16:55:00,7,96,195.267,56,8.0,1576.0,1576.0,6.19,"(8.0, 1576.0, 7.0, 6.19, 0.0)",2024-07-05 16:49:00,2024-07-05 16:55:00,7,7,7,0,1.0,1.0,0.0,0.0,27065.6638,27065.6638,,0.919093,27065.6638,27064.744707,-29447.247682
93,2024-07-05 16:49:00,2024-07-05 16:55:00,7,96,195.267,57,8.0,1675.0,1675.0,6.72,"(8.0, 1675.0, -106.0, 6.72, 0.0)",2024-07-05 16:49:00,2024-07-05 16:55:00,7,7,7,0,1.0,1.0,0.0,0.0,27065.6638,27065.6638,,0.919093,27065.6638,27064.744707,-29447.247682
93,2024-07-05 16:49:00,2024-07-05 16:55:00,7,96,195.267,58,8.0,1419.0,1419.0,6.17,"(8.0, 1419.0, 22.0, 6.17, 0.0)",2024-07-05 16:49:00,2024-07-05 16:55:00,7,7,7,0,1.0,1.0,0.0,0.0,27065.6638,27065.6638,,0.919093,27065.6638,27064.744707,-29447.247682
93,2024-07-05 16:49:00,2024-07-05 16:55:00,7,96,195.267,60,8.0,2831.0,2831.0,8.7,"(8.0, 2831.0, 25.0, 8.7, 0.0)",2024-07-05 16:49:00,2024-07-05 16:55:00,7,7,7,0,1.0,1.0,0.0,0.0,27065.6638,27065.6638,,0.919093,27065.6638,27064.744707,-29447.247682
93,2024-07-05 16:49:00,2024-07-05 16:55:00,7,96,195.267,62,8.0,2199.0,2199.0,8.22,"(8.0, 2199.0, -13.0, 8.22, 0.0)",2024-07-05 16:49:00,2024-07-05 16:55:00,7,7,7,0,1.0,1.0,0.0,0.0,27065.6638,27065.6638,,0.919093,27065.6638,27064.744707,-29447.247682
93,2024-07-05 16:49:00,2024-07-05 16:55:00,7,96,195.267,63,8.0,2991.0,2991.0,9.08,"(8.0, 2991.0, -30.0, 9.08, 0.0)",2024-07-05 16:49:00,2024-07-05 16:55:00,7,7,7,0,1.0,1.0,0.0,0.0,27065.6638,27065.6638,,0.919093,27065.6638,27064.744707,-29447.247682
93,2024-07-05 16:49:00,2024-07-05 16:55:00,7,96,195.267,64,8.0,2374.0,2374.0,8.63,"(8.0, 2374.0, -97.0, 8.63, 0.0)",2024-07-05 16:49:00,2024-07-05 16:55:00,7,7,7,0,1.0,1.0,0.0,0.0,27065.6638,27065.6638,,0.919093,27065.6638,27064.744707,-29447.247682
93,2024-07-05 16:49:00,2024-07-05 16:55:00,7,96,195.267,65,8.0,2100.0,2100.0,5.95,"(8.0, 2100.0, 4.0, 5.95, 0.0)",2024-07-05 16:49:00,2024-07-05 16:55:00,7,7,7,0,1.0,1.0,0.0,0.0,27065.6638,27065.6638,,0.919093,27065.6638,27064.744707,-29447.247682
93,2024-07-05 16:49:00,2024-07-05 16:55:00,7,96,195.267,66,8.0,2027.0,2027.0,6.55,"(8.0, 2027.0, 3.0, 6.55, 0.0)",2024-07-05 16:49:00,2024-07-05 16:55:00,7,7,7,0,1.0,1.0,0.0,0.0,27065.6638,27065.6638,,0.919093,27065.6638,27064.744707,-29447.247682
93,2024-07-05 16:49:00,2024-07-05 16:55:00,7,96,195.267,67,8.0,1914.0,1914.0,7.54,"(8.0, 1914.0, 9.0, 7.54, 0.0)",2024-07-05 16:49:00,2024-07-05 16:55:00,7,7,7,0,1.0,1.0,0.0,0.0,27065.6638,27065.6638,,0.919093,27065.6638,27064.744707,-29447.247682
93,2024-07-05 16:49:00,2024-07-05 16:55:00,7,96,195.267,68,8.0,1646.0,1646.0,6.1,"(8.0, 1646.0, -34.0, 6.1, 0.0)",2024-07-05 16:49:00,2024-07-05 16:55:00,7,7,7,0,1.0,1.0,0.0,0.0,27065.6638,27065.6638,,0.919093,27065.6638,27064.744707,-29447.247682
93,2024-07-05 16:49:00,2024-07-05 16:55:00,7,96,195.267,69,8.0,1837.0,1837.0,6.44,"(8.0, 1837.0, -27.0, 6.44, 0.0)",2024-07-05 16:49:00,2024-07-05 16:55:00,7,7,7,0,1.0,1.0,0.0,0.0,27065.6638,27065.6638,,0.919093,27065.6638,27064.744707,-29447.247682
93,2024-07-05 16:49:00,2024-07-05 16:55:00,7,96,195.267,70,8.0,2359.0,2359.0,7.08,"(8.0, 2359.0, 7.0, 7.08, 0.0)",2024-07-05 16:49:00,2024-07-05 16:55:00,7,7,7,0,1.0,1.0,0.0,0.0,27065.6638,27065.6638,,0.919093,27065.6638,27064.744707,-29447.247682
93,2024-07-05 16:49:00,2024-07-05 16:55:00,7,96,195.267,71,8.0,3000.0,3000.0,9.53,"(8.0, 3000.0, 5.0, 9.53, 0.0)",2024-07-05 16:49:00,2024-07-05 16:55:00,7,7,7,0,1.0,1.0,0.0,0.0,27065.6638,27065.6638,,0.919093,27065.6638,27064.744707,-29447.247682
93,2024-07-05 16:49:00,2024-07-05 16:55:00,7,96,195.267,72,8.0,3035.0,3035.0,9.54,"(8.0, 3035.0, 27.0, 9.54, 0.0)",2024-07-05 16:49:00,2024-07-05 16:55:00,7,7,7,0,1.0,1.0,0.0,0.0,27065.6638,27065.6638,,0.919093,27065.6638,27064.744707,-29447.247682
93,2024-07-05 16:49:00,2024-07-05 16:55:00,7,96,195.267,73,8.0,3053.0,3053.0,9.33,"(8.0, 3053.0, 4.0, 9.33, 0.0)",2024-07-05 16:49:00,2024-07-05 16:55:00,7,7,7,0,1.0,1.0,0.0,0.0,27065.6638,27065.6638,,0.919093,27065.6638,27064.744707,-29447.247682
93,2024-07-05 16:49:00,2024-07-05 16:55:00,7,96,195.267,74,8.0,3086.0,3086.0,9.45,"(8.0, 3086.0, -7.0, 9.45, 0.0)",2024-07-05 16:49:00,2024-07-05 16:55:00,7,7,7,0,1.0,1.0,0.0,0.0,27065.6638,27065.6638,,0.919093,27065.6638,27064.744707,-29447.247682
93,2024-07-05 16:49:00,2024-07-05 16:55:00,7,96,195.267,75,8.0,2699.0,2699.0,9.4,"(8.0, 2699.0, 130.0, 9.4, 0.0)",2024-07-05 16:49:00,2024-07-05 16:55:00,7,7,7,0,1.0,1.0,0.0,0.0,27065.6638,27065.6638,,0.919093,27065.6638,27064.744707,-29447.247682
93,2024-07-05 16:49:00,2024-07-05 16:55:00,7,96,195.267,76,8.0,3206.0,3206.0,9.2,"(8.0, 3206.0, 54.0, 9.2, 0.0)",2024-07-05 16:49:00,2024-07-05 16:55:00,7,7,7,0,1.0,1.0,0.0,0.0,27065.6638,27065.6638,,0.919093,27065.6638,27064.744707,-29447.247682
93,2024-07-05 16:49:00,2024-07-05 16:55:00,7,96,195.267,77,8.0,2123.0,2123.0,8.34,"(8.0, 2123.0, 42.0, 8.34, 0.0)",2024-07-05 16:49:00,2024-07-05 16:55:00,7,7,7,0,1.0,1.0,0.0,0.0,27065.6638,27065.6638,,0.919093,27065.6638,27064.744707,-29447.247682
93,2024-07-05 16:49:00,2024-07-05 16:55:00,7,96,195.267,78,8.0,1518.0,1518.0,6.7,"(8.0, 1518.0, 21.0, 6.7, 0.0)",2024-07-05 16:49:00,2024-07-05 16:55:00,7,7,7,0,1.0,1.0,0.0,0.0,27065.6638,27065.6638,,0.919093,27065.6638,27064.744707,-29447.247682
93,2024-07-05 16:49:00,2024-07-05 16:55:00,7,96,195.267,79,8.0,1373.0,1373.0,4.94,"(8.0, 1373.0, 14.0, 4.94, 0.0)",2024-07-05 16:49:00,2024-07-05 16:55:00,7,7,7,0,1.0,1.0,0.0,0.0,27065.6638,27065.6638,,0.919093,27065.6638,27064.744707,-29447.247682
93,2024-07-05 16:49:00,2024-07-05 16:55:00,7,96,195.267,80,8.0,1223.0,1223.0,5.58,"(8.0, 1223.0, 72.0, 5.58, 0.0)",2024-07-05 16:49:00,2024-07-05 16:55:00,7,7,7,0,1.0,1.0,0.0,0.0,27065.6638,27065.6638,,0.919093,27065.6638,27064.744707,-29447.247682
93,2024-07-05 16:49:00,2024-07-05 16:55:00,7,96,195.267,81,8.0,1239.0,1239.0,5.01,"(8.0, 1239.0, 35.0, 5.01, 0.0)",2024-07-05 16:49:00,2024-07-05 16:55:00,7,7,7,0,1.0,1.0,0.0,0.0,27065.6638,27065.6638,,0.919093,27065.6638,27064.744707,-29447.247682
93,2024-07-05 16:49:00,2024-07-05 16:55:00,7,96,195.267,82,8.0,1935.0,1935.0,5.72,"(8.0, 1935.0, -2.0, 5.72, 0.0)",2024-07-05 16:49:00,2024-07-05 16:55:00,7,7,7,0,1.0,1.0,0.0,0.0,27065.6638,27065.6638,,0.919093,27065.6638,27064.744707,-29447.247682
93,2024-07-05 16:49:00,2024-07-05 16:55:00,7,96,195.267,83,8.0,3756.0,3756.0,9.67,"(8.0, 3756.0, 33.0, 9.67, 0.0)",2024-07-05 16:49:00,2024-07-05 16:55:00,7,7,7,0,1.0,1.0,0.0,0.0,27065.6638,27065.6638,,0.919093,27065.6638,27064.744707,-29447.247682
93,2024-07-05 16:49:00,2024-07-05 16:55:00,7,96,195.267,84,8.0,3880.0,3880.0,9.59,"(8.0, 3880.0, -105.0, 9.59, 0.0)",2024-07-05 16:49:00,2024-07-05 16:55:00,7,7,7,0,1.0,1.0,0.0,0.0,27065.6638,27065.6638,,0.919093,27065.6638,27064.744707,-29447.247682
93,2024-07-05 16:49:00,2024-07-05 16:55:00,7,96,195.267,85,8.0,3935.0,3935.0,9.89,"(8.0, 3935.0, -175.0, 9.89, 0.0)",2024-07-05 16:49:00,2024-07-05 16:55:00,7,7,7,0,1.0,1.0,0.0,0.0,27065.6638,27065.6638,,0.919093,27065.6638,27064.744707,-29447.247682
93,2024-07-05 16:49:00,2024-07-05 16:55:00,7,96,195.267,86,8.0,3817.0,3817.0,9.99,"(8.0, 3817.0, -30.0, 9.99, 0.0)",2024-07-05 16:49:00,2024-07-05 16:55:00,7,7,7,0,1.0,1.0,0.0,0.0,27065.6638,27065.6638,,0.919093,27065.6638,27064.744707,-29447.247682
93,2024-07-05 16:49:00,2024-07-05 16:55:00,7,96,195.267,87,8.0,3913.0,3913.0,10.09,"(8.0, 3913.0, 24.0, 10.09, 0.0)",2024-07-05 16:49:00,2024-07-05 16:55:00,7,7,7,0,1.0,1.0,0.0,0.0,27065.6638,27065.6638,,0.919093,27065.6638,27064.744707,-29447.247682
93,2024-07-05 16:49:00,2024-07-05 16:55:00,7,96,195.267,88,8.0,3867.0,3867.0,9.85,"(8.0, 3867.0, 31.0, 9.85, 0.0)",2024-07-05 16:49:00,2024-07-05 16:55:00,7,7,7,0,1.0,1.0,0.0,0.0,27065.6638,27065.6638,,0.919093,27065.6638,27064.744707,-29447.247682
93,2024-07-05 16:49:00,2024-07-05 16:55:00,7,96,195.267,89,8.0,3836.0,3836.0,9.82,"(8.0, 3836.0, -82.0, 9.82, 0.0)",2024-07-05 16:49:00,2024-07-05 16:55:00,7,7,7,0,1.0,1.0,0.0,0.0,27065.6638,27065.6638,,0.919093,27065.6638,27064.744707,-29447.247682
93,2024-07-05 16:49:00,2024-07-05 16:55:00,7,96,195.267,90,8.0,3786.0,3786.0,9.47,"(8.0, 3786.0, -95.0, 9.47, 0.0)",2024-07-05 16:49:00,2024-07-05 16:55:00,7,7,7,0,1.0,1.0,0.0,0.0,27065.6638,27065.6638,,0.919093,27065.6638,27064.744707,-29447.247682
93,2024-07-05 16:49:00,2024-07-05 16:55:00,7,96,195.267,91,8.0,3891.0,3891.0,10.85,"(8.0, 3891.0, -15.0, 10.85, 0.0)",2024-07-05 16:49:00,2024-07-05 16:55:00,7,7,7,0,1.0,1.0,0.0,0.0,27065.6638,27065.6638,,0.919093,27065.6638,27064.744707,-29447.247682
93,2024-07-05 16:49:00,2024-07-05 16:55:00,7,96,195.267,92,8.0,3863.0,3863.0,10.19,"(8.0, 3863.0, -25.0, 10.19, 0.0)",2024-07-05 16:49:00,2024-07-05 16:55:00,7,7,7,0,1.0,1.0,0.0,0.0,27065.6638,27065.6638,,0.919093,27065.6638,27064.744707,-29447.247682
93,2024-07-05 16:49:00,2024-07-05 16:55:00,7,96,195.267,93,8.0,3929.0,3929.0,11.24,"(8.0, 3929.0, 3.0, 11.24, 0.0)",2024-07-05 16:49:00,2024-07-05 16:55:00,7,7,7,0,1.0,1.0,0.0,0.0,27065.6638,27065.6638,,0.919093,27065.6638,27064.744707,-29447.247682
93,2024-07-05 16:49:00,2024-07-05 16:55:00,7,96,195.267,95,8.0,3812.0,3812.0,9.77,"(8.0, 3812.0, -45.0, 9.77, 0.0)",2024-07-05 16:49:00,2024-07-05 16:55:00,7,7,7,0,1.0,1.0,0.0,0.0,27065.6638,27065.6638,,0.919093,27065.6638,27064.744707,-29447.247682
93,2024-07-05 16:49:00,2024-07-05 16:55:00,7,96,195.267,96,8.0,3710.0,3710.0,9.5,"(8.0, 3710.0, -176.0, 9.5, 0.0)",2024-07-05 16:49:00,2024-07-05 16:55:00,7,7,7,0,1.0,1.0,0.0,0.0,27065.6638,27065.6638,,0.919093,27065.6638,27064.744707,-29447.247682
93,2024-07-05 16:49:00,2024-07-05 16:55:00,7,96,195.267,97,8.0,3671.0,3671.0,9.61,"(8.0, 3671.0, 32.0, 9.61, 0.0)",2024-07-05 16:49:00,2024-07-05 16:55:00,7,7,7,0,1.0,1.0,0.0,0.0,27065.6638,27065.6638,,0.919093,27065.6638,27064.744707,-29447.247682
93,2024-07-05 16:49:00,2024-07-05 16:55:00,7,96,195.267,98,8.0,3609.0,3609.0,9.16,"(8.0, 3609.0, 55.0, 9.16, 0.0)",2024-07-05 16:49:00,2024-07-05 16:55:00,7,7,7,0,1.0,1.0,0.0,0.0,27065.6638,27065.6638,,0.919093,27065.6638,27064.744707,-29447.247682
93,2024-07-05 16:49:00,2024-07-05 16:55:00,7,96,195.267,99,8.0,3575.0,3575.0,9.64,"(8.0, 3575.0, 7.0, 9.64, 0.0)",2024-07-05 16:49:00,2024-07-05 16:55:00,7,7,7,0,1.0,1.0,0.0,0.0,27065.6638,27065.6638,,0.919093,27065.6638,27064.744707,-29447.247682
93,2024-07-05 16:49:00,2024-07-05 16:55:00,7,96,195.267,100,8.0,3608.0,3608.0,9.41,"(8.0, 3608.0, -156.0, 9.41, 0.0)",2024-07-05 16:49:00,2024-07-05 16:55:00,7,7,7,0,1.0,1.0,0.0,0.0,27065.6638,27065.6638,,0.919093,27065.6638,27064.744707,-29447.247682
95,2024-07-05 18:54:00,2024-07-05 18:57:00,4,29,87.777,1,8.0,2447.0,2447.0,7.64,"(8.0, 2447.0, 38.0, 7.64, 0.0)",2024-07-05 18:54:00,2024-07-05 18:57:00,4,4,4,0,1.0,1.0,0.0,0.23858,57.717024,57.478444,-240.918631,2.155171,59.844163,57.688993,-26.767716
95,2024-07-05 18:54:00,2024-07-05 18:57:00,4,29,87.777,2,8.0,2662.0,2662.0,8.71,"(8.0, 2662.0, 35.0, 8.71, 0.0)",2024-07-05 18:54:00,2024-07-05 18:57:00,4,4,4,0,1.0,1.0,0.0,0.23858,57.717024,57.478444,-240.918631,2.155171,59.844163,57.688993,-26.767716
95,2024-07-05 18:54:00,2024-07-05 18:57:00,4,29,87.777,3,8.0,3008.0,3008.0,10.07,"(8.0, 3008.0, 79.0, 10.07, 0.0)",2024-07-05 18:54:00,2024-07-05 18:57:00,4,4,4,0,1.0,1.0,0.0,0.23858,57.717024,57.478444,-240.918631,2.155171,59.844163,57.688993,-26.767716
95,2024-07-05 18:54:00,2024-07-05 18:57:00,4,29,87.777,4,8.0,2722.0,2722.0,7.95,"(8.0, 2722.0, 99.0, 7.95, 0.0)",2024-07-05 18:54:00,2024-07-05 18:57:00,4,4,4,0,1.0,1.0,0.0,0.23858,57.717024,57.478444,-240.918631,2.155171,59.844163,57.688993,-26.767716
95,2024-07-05 18:54:00,2024-07-05 18:57:00,4,29,87.777,5,8.0,2164.0,2164.0,8.12,"(8.0, 2164.0, 14.0, 8.12, 0.0)",2024-07-05 18:54:00,2024-07-05 18:57:00,4,4,4,0,1.0,1.0,0.0,0.23858,57.717024,57.478444,-240.918631,2.155171,59.844163,57.688993,-26.767716
95,2024-07-05 18:54:00,2024-07-05 18:57:00,4,29,87.777,6,8.0,2842.0,2842.0,7.84,"(8.0, 2842.0, 6.0, 7.84, 0.0)",2024-07-05 18:54:00,2024-07-05 18:57:00,4,4,4,0,1.0,1.0,0.0,0.23858,57.717024,57.478444,-240.918631,2.155171,59.844163,57.688993,-26.767716
95,2024-07-05 18:54:00,2024-07-05 18:57:00,4,29,87.777,7,8.0,2592.0,2592.0,8.12,"(8.0, 2592.0, 49.0, 8.12, 0.0)",2024-07-05 18:54:00,2024-07-05 18:57:00,4,4,4,0,1.0,1.0,0.0,0.23858,57.717024,57.478444,-240.918631,2.155171,59.844163,57.688993,-26.767716
95,2024-07-05 18:54:00,2024-07-05 18:57:00,4,29,87.777,8,8.0,2571.0,2571.0,8.18,"(8.0, 2571.0, 94.0, 8.18, 0.0)",2024-07-05 18:54:00,2024-07-05 18:57:00,4,4,4,0,1.0,1.0,0.0,0.23858,57.717024,57.478444,-240.918631,2.155171,59.844163,57.688993,-26.767716
95,2024-07-05 18:54:00,2024-07-05 18:57:00,4,29,87.777,9,8.0,2523.0,2523.0,7.95,"(8.0, 2523.0, 53.0, 7.95, 0.0)",2024-07-05 18:54:00,2024-07-05 18:57:00,4,4,4,0,1.0,1.0,0.0,0.23858,57.717024,57.478444,-240.918631,2.155171,59.844163,57.688993,-26.767716
95,2024-07-05 18:54:00,2024-07-05 18:57:00,4,29,87.777,10,8.0,2904.0,2904.0,8.82,"(8.0, 2904.0, 6.0, 8.82, 0.0)",2024-07-05 18:54:00,2024-07-05 18:57:00,4,4,4,0,1.0,1.0,0.0,0.23858,57.717024,57.478444,-240.918631,2.155171,59.844163,57.688993,-26.767716
95,2024-07-05 18:54:00,2024-07-05 18:57:00,4,29,87.777,11,8.0,2644.0,2644.0,10.12,"(8.0, 2644.0, 41.0, 10.12, 0.0)",2024-07-05 18:54:00,2024-07-05 18:57:00,4,4,4,0,1.0,1.0,0.0,0.23858,57.717024,57.478444,-240.918631,2.155171,59.844163,57.688993,-26.767716
95,2024-07-05 18:54:00,2024-07-05 18:57:00,4,29,87.777,12,8.0,3224.0,3224.0,9.31,"(8.0, 3224.0, -64.0, 9.31, 0.0)",2024-07-05 18:54:00,2024-07-05 18:57:00,4,4,4,0,1.0,1.0,0.0,0.23858,57.717024,57.478444,-240.918631,2.155171,59.844163,57.688993,-26.767716
95,2024-07-05 18:54:00,2024-07-05 18:57:00,4,29,87.777,13,8.0,3288.0,3288.0,8.93,"(8.0, 3288.0, 26.0, 8.93, 0.0)",2024-07-05 18:54:00,2024-07-05 18:57:00,4,4,4,0,1.0,1.0,0.0,0.23858,57.717024,57.478444,-240.918631,2.155171,59.844163,57.688993,-26.767716
95,2024-07-05 18:54:00,2024-07-05 18:57:00,4,29,87.777,14,8.0,3004.0,3004.0,8.43,"(8.0, 3004.0, 3.0, 8.43, 0.0)",2024-07-05 18:54:00,2024-07-05 18:57:00,4,4,4,0,1.0,1.0,0.0,0.23858,57.717024,57.478444,-240.918631,2.155171,59.844163,57.688993,-26.767716
95,2024-07-05 18:54:00,2024-07-05 18:57:00,4,29,87.777,15,8.0,2870.0,2870.0,7.02,"(8.0, 2870.0, 18.0, 7.02, 0.0)",2024-07-05 18:54:00,2024-07-05 18:57:00,4,4,4,0,1.0,1.0,0.0,0.23858,57.717024,57.478444,-240.918631,2.155171,59.844163,57.688993,-26.767716
95,2024-07-05 18:54:00,2024-07-05 18:57:00,4,29,87.777,16,8.0,3206.0,3206.0,9.55,"(8.0, 3206.0, 29.0, 9.55, 0.0)",2024-07-05 18:54:00,2024-07-05 18:57:00,4,4,4,0,1.0,1.0,0.0,0.23858,57.717024,57.478444,-240.918631,2.155171,59.844163,57.688993,-26.767716
95,2024-07-05 18:54:00,2024-07-05 18:57:00,4,29,87.777,17,8.0,4051.0,4051.0,10.32,"(8.0, 4051.0, -2.0, 10.32, 0.0)",2024-07-05 18:54:00,2024-07-05 18:57:00,4,4,4,0,1.0,1.0,0.0,0.23858,57.717024,57.478444,-240.918631,2.155171,59.844163,57.688993,-26.767716
95,2024-07-05 18:54:00,2024-07-05 18:57:00,4,29,87.777,18,8.0,4012.0,4012.0,13.74,"(8.0, 4012.0, -15.0, 13.74, 0.0)",2024-07-05 18:54:00,2024-07-05 18:57:00,4,4,4,0,1.0,1.0,0.0,0.23858,57.717024,57.478444,-240.918631,2.155171,59.844163,57.688993,-26.767716
95,2024-07-05 18:54:00,2024-07-05 18:57:00,4,29,87.777,19,8.0,3055.0,3055.0,8.56,"(8.0, 3055.0, 5.0, 8.56, 0.0)",2024-07-05 18:54:00,2024-07-05 18:57:00,4,4,4,0,1.0,1.0,0.0,0.23858,57.717024,57.478444,-240.918631,2.155171,59.844163,57.688993,-26.767716
95,2024-07-05 18:54:00,2024-07-05 18:57:00,4,29,87.777,20,8.0,3043.0,3043.0,9.34,"(8.0, 3043.0, 31.0, 9.34, 0.0)",2024-07-05 18:54:00,2024-07-05 18:57:00,4,4,4,0,1.0,1.0,0.0,0.23858,57.717024,57.478444,-240.918631,2.155171,59.844163,57.688993,-26.767716
95,2024-07-05 18:54:00,2024-07-05 18:57:00,4,29,87.777,21,8.0,3587.0,3587.0,9.48,"(8.0, 3587.0, 32.0, 9.48, 0.0)",2024-07-05 18:54:00,2024-07-05 18:57:00,4,4,4,0,1.0,1.0,0.0,0.23858,57.717024,57.478444,-240.918631,2.155171,59.844163,57.688993,-26.767716
95,2024-07-05 18:54:00,2024-07-05 18:57:00,4,29,87.777,22,8.0,3005.0,3005.0,7.19,"(8.0, 3005.0, 46.0, 7.19, 0.0)",2024-07-05 18:54:00,2024-07-05 18:57:00,4,4,4,0,1.0,1.0,0.0,0.23858,57.717024,57.478444,-240.918631,2.155171,59.844163,57.688993,-26.767716
95,2024-07-05 18:54:00,2024-07-05 18:57:00,4,29,87.777,23,8.0,2997.0,2997.0,7.92,"(8.0, 2997.0, 59.0, 7.92, 0.0)",2024-07-05 18:54:00,2024-07-05 18:57:00,4,4,4,0,1.0,1.0,0.0,0.23858,57.717024,57.478444,-240.918631,2.155171,59.844163,57.688993,-26.767716
95,2024-07-05 18:54:00,2024-07-05 18:57:00,4,29,87.777,24,8.0,2914.0,2914.0,10.14,"(8.0, 2914.0, -6.0, 10.14, 0.0)",2024-07-05 18:54:00,2024-07-05 18:57:00,4,4,4,0,1.0,1.0,0.0,0.23858,57.717024,57.478444,-240.918631,2.155171,59.844163,57.688993,-26.767716
95,2024-07-05 18:54:00,2024-07-05 18:57:00,4,29,87.777,25,8.0,3371.0,3371.0,8.04,"(8.0, 3371.0, -43.0, 8.04, 0.0)",2024-07-05 18:54:00,2024-07-05 18:57:00,4,4,4,0,1.0,1.0,0.0,0.23858,57.717024,57.478444,-240.918631,2.155171,59.844163,57.688993,-26.767716
95,2024-07-05 18:54:00,2024-07-05 18:57:00,4,29,87.777,26,8.0,2994.0,2994.0,8.22,"(8.0, 2994.0, 6.0, 8.22, 0.0)",2024-07-05 18:54:00,2024-07-05 18:57:00,4,4,4,0,1.0,1.0,0.0,0.23858,57.717024,57.478444,-240.918631,2.155171,59.844163,57.688993,-26.767716
95,2024-07-05 18:54:00,2024-07-05 18:57:00,4,29,87.777,27,8.0,3053.0,3053.0,8.35,"(8.0, 3053.0, -13.0, 8.35, 0.0)",2024-07-05 18:54:00,2024-07-05 18:57:00,4,4,4,0,1.0,1.0,0.0,0.23858,57.717024,57.478444,-240.918631,2.155171,59.844163,57.688993,-26.767716
95,2024-07-05 18:54:00,2024-07-05 18:57:00,4,29,87.777,28,8.0,2980.0,2980.0,8.96,"(8.0, 2980.0, -34.0, 8.96, 0.0)",2024-07-05 18:54:00,2024-07-05 18:57:00,4,4,4,0,1.0,1.0,0.0,0.23858,57.717024,57.478444,-240.918631,2.155171,59.844163,57.688993,-26.767716
95,2024-07-05 18:54:00,2024-07-05 18:57:00,4,29,87.777,29,8.0,4044.0,4044.0,9.67,"(8.0, 4044.0, -178.0, 9.67, 0.0)",2024-07-05 18:54:00,2024-07-05 18:57:00,4,4,4,0,1.0,1.0,0.0,0.23858,57.717024,57.478444,-240.918631,2.155171,59.844163,57.688993,-26.767716
97,2024-07-06 04:42:00,2024-07-07 10:47:00,1806,1,4.032,98,0.0,4032.0,4032.0,13.44,"(0.0, 4032.0, 72.0, 13.44, 0.0)",2024-07-06 04:42:00,2024-07-07 10:47:00,1806,436,1763,1327,0.241417,0.97619,0.734773,137.75943,1113.511108,975.751678,-7.083012,652.717242,2050.043425,1397.326183,-2.140783
98,2024-07-07 10:48:00,2024-07-07 11:20:00,33,1,2.417,98,0.0,2417.0,2417.0,8.47,"(0.0, 2417.0, 12.0, 8.47, 0.0)",2024-07-07 10:48:00,2024-07-07 11:20:00,33,0,33,33,0.0,1.0,1.0,0.0,12.650766,12.650766,,3.714711,29.078829,25.364119,-6.82802
100,2024-07-11 01:25:00,2024-07-11 01:28:00,4,6,0.765,54,11.0,20.0,20.0,3.57,"(11.0, 20.0, -90.0, 3.57, 0.0)",2024-07-11 01:25:00,2024-07-11 01:28:00,4,0,0,0,0.0,0.0,0.0,0.0,0.0,0.0,,0.0,0.0,0.0,
100,2024-07-11 01:25:00,2024-07-11 01:28:00,4,6,0.765,67,11.0,258.0,258.0,4.93,"(11.0, 258.0, -76.0, 4.93, 0.0)",2024-07-11 01:25:00,2024-07-11 01:28:00,4,0,0,0,0.0,0.0,0.0,0.0,0.0,0.0,,0.0,0.0,0.0,
100,2024-07-11 01:25:00,2024-07-11 01:28:00,4,6,0.765,71,11.0,145.0,145.0,3.79,"(11.0, 145.0, -78.0, 3.79, 0.0)",2024-07-11 01:25:00,2024-07-11 01:28:00,4,0,0,0,0.0,0.0,0.0,0.0,0.0,0.0,,0.0,0.0,0.0,
100,2024-07-11 01:25:00,2024-07-11 01:28:00,4,6,0.765,77,11.0,91.0,91.0,3.34,"(11.0, 91.0, -64.0, 3.34, 0.0)",2024-07-11 01:25:00,2024-07-11 01:28:00,4,0,0,0,0.0,0.0,0.0,0.0,0.0,0.0,,0.0,0.0,0.0,
100,2024-07-11 01:25:00,2024-07-11 01:28:00,4,6,0.765,85,11.0,100.0,100.0,3.74,"(11.0, 100.0, -121.0, 3.74, 0.0)",2024-07-11 01:25:00,2024-07-11 01:28:00,4,0,0,0,0.0,0.0,0.0,0.0,0.0,0.0,,0.0,0.0,0.0,
100,2024-07-11 01:25:00,2024-07-11 01:28:00,4,6,0.765,86,11.0,151.0,151.0,3.75,"(11.0, 151.0, -73.0, 3.75, 0.0)",2024-07-11 01:25:00,2024-07-11 01:28:00,4,0,0,0,0.0,0.0,0.0,0.0,0.0,0.0,,0.0,0.0,0.0,
102,2024-07-11 13:25:00,2024-07-11 13:28:00,4,48,8.533,44,8.0,219.0,219.0,3.81,"(8.0, 219.0, -68.0, 3.81, 0.0)",2024-07-11 13:25:00,2024-07-11 13:28:00,4,4,4,0,1.0,1.0,0.0,0.0,18.432844,18.432844,,0.850573,20.450035,19.599462,-23.042658
102,2024-07-11 13:25:00,2024-07-11 13:28:00,4,48,8.533,45,11.0,250.0,250.0,3.96,"(11.0, 250.0, -67.0, 3.96, 0.0)",2024-07-11 13:25:00,2024-07-11 13:28:00,4,4,4,0,1.0,1.0,0.0,0.0,18.432844,18.432844,,0.850573,20.450035,19.599462,-23.042658
102,2024-07-11 13:25:00,2024-07-11 13:28:00,4,48,8.533,46,11.0,263.0,263.0,3.75,"(11.0, 263.0, -78.0, 3.75, 0.0)",2024-07-11 13:25:00,2024-07-11 13:28:00,4,4,4,0,1.0,1.0,0.0,0.0,18.432844,18.432844,,0.850573,20.450035,19.599462,-23.042658
102,2024-07-11 13:25:00,2024-07-11 13:28:00,4,48,8.533,53,11.0,169.0,169.0,3.58,"(11.0, 169.0, -61.0, 3.58, 0.0)",2024-07-11 13:25:00,2024-07-11 13:28:00,4,4,4,0,1.0,1.0,0.0,0.0,18.432844,18.432844,,0.850573,20.450035,19.599462,-23.042658
102,2024-07-11 13:25:00,2024-07-11 13:28:00,4,48,8.533,54,11.0,99.0,99.0,4.14,"(11.0, 99.0, -86.0, 4.14, 0.0)",2024-07-11 13:25:00,2024-07-11 13:28:00,4,4,4,0,1.0,1.0,0.0,0.0,18.432844,18.432844,,0.850573,20.450035,19.599462,-23.042658
102,2024-07-11 13:25:00,2024-07-11 13:28:00,4,48,8.533,55,11.0,146.0,146.0,3.79,"(11.0, 146.0, -88.0, 3.79, 0.0)",2024-07-11 13:25:00,2024-07-11 13:28:00,4,4,4,0,1.0,1.0,0.0,0.0,18.432844,18.432844,,0.850573,20.450035,19.599462,-23.042658
102,2024-07-11 13:25:00,2024-07-11 13:28:00,4,48,8.533,56,11.0,175.0,175.0,4.1,"(11.0, 175.0, -58.0, 4.1, 0.0)",2024-07-11 13:25:00,2024-07-11 13:28:00,4,4,4,0,1.0,1.0,0.0,0.0,18.432844,18.432844,,0.850573,20.450035,19.599462,-23.042658
102,2024-07-11 13:25:00,2024-07-11 13:28:00,4,48,8.533,57,11.0,194.0,194.0,3.8,"(11.0, 194.0, -139.0, 3.8, 0.0)",2024-07-11 13:25:00,2024-07-11 13:28:00,4,4,4,0,1.0,1.0,0.0,0.0,18.432844,18.432844,,0.850573,20.450035,19.599462,-23.042658
102,2024-07-11 13:25:00,2024-07-11 13:28:00,4,48,8.533,58,11.0,115.0,115.0,3.34,"(11.0, 115.0, -67.0, 3.34, 0.0)",2024-07-11 13:25:00,2024-07-11 13:28:00,4,4,4,0,1.0,1.0,0.0,0.0,18.432844,18.432844,,0.850573,20.450035,19.599462,-23.042658
102,2024-07-11 13:25:00,2024-07-11 13:28:00,4,48,8.533,59,11.0,161.0,161.0,3.81,"(11.0, 161.0, -63.0, 3.81, 0.0)",2024-07-11 13:25:00,2024-07-11 13:28:00,4,4,4,0,1.0,1.0,0.0,0.0,18.432844,18.432844,,0.850573,20.450035,19.599462,-23.042658
102,2024-07-11 13:25:00,2024-07-11 13:28:00,4,48,8.533,60,11.0,198.0,198.0,3.83,"(11.0, 198.0, -60.0, 3.83, 0.0)",2024-07-11 13:25:00,2024-07-11 13:28:00,4,4,4,0,1.0,1.0,0.0,0.0,18.432844,18.432844,,0.850573,20.450035,19.599462,-23.042658
102,2024-07-11 13:25:00,2024-07-11 13:28:00,4,48,8.533,62,11.0,349.0,349.0,4.43,"(11.0, 349.0, -37.0, 4.43, 0.0)",2024-07-11 13:25:00,2024-07-11 13:28:00,4,4,4,0,1.0,1.0,0.0,0.0,18.432844,18.432844,,0.850573,20.450035,19.599462,-23.042658
102,2024-07-11 13:25:00,2024-07-11 13:28:00,4,48,8.533,63,8.0,288.0,288.0,4.33,"(8.0, 288.0, -50.0, 4.33, 0.0)",2024-07-11 13:25:00,2024-07-11 13:28:00,4,4,4,0,1.0,1.0,0.0,0.0,18.432844,18.432844,,0.850573,20.450035,19.599462,-23.042658
102,2024-07-11 13:25:00,2024-07-11 13:28:00,4,48,8.533,65,8.0,459.0,459.0,5.56,"(8.0, 459.0, -120.0, 5.56, 0.0)",2024-07-11 13:25:00,2024-07-11 13:28:00,4,4,4,0,1.0,1.0,0.0,0.0,18.432844,18.432844,,0.850573,20.450035,19.599462,-23.042658
102,2024-07-11 13:25:00,2024-07-11 13:28:00,4,48,8.533,66,11.0,228.0,228.0,3.89,"(11.0, 228.0, -84.0, 3.89, 0.0)",2024-07-11 13:25:00,2024-07-11 13:28:00,4,4,4,0,1.0,1.0,0.0,0.0,18.432844,18.432844,,0.850573,20.450035,19.599462,-23.042658
102,2024-07-11 13:25:00,2024-07-11 13:28:00,4,48,8.533,67,11.0,66.0,66.0,3.38,"(11.0, 66.0, -63.0, 3.38, 0.0)",2024-07-11 13:25:00,2024-07-11 13:28:00,4,4,4,0,1.0,1.0,0.0,0.0,18.432844,18.432844,,0.850573,20.450035,19.599462,-23.042658
102,2024-07-11 13:25:00,2024-07-11 13:28:00,4,48,8.533,68,11.0,154.0,154.0,3.89,"(11.0, 154.0, -76.0, 3.89, 0.0)",2024-07-11 13:25:00,2024-07-11 13:28:00,4,4,4,0,1.0,1.0,0.0,0.0,18.432844,18.432844,,0.850573,20.450035,19.599462,-23.042658
102,2024-07-11 13:25:00,2024-07-11 13:28:00,4,48,8.533,69,11.0,133.0,133.0,3.61,"(11.0, 133.0, -62.0, 3.61, 0.0)",2024-07-11 13:25:00,2024-07-11 13:28:00,4,4,4,0,1.0,1.0,0.0,0.0,18.432844,18.432844,,0.850573,20.450035,19.599462,-23.042658
102,2024-07-11 13:25:00,2024-07-11 13:28:00,4,48,8.533,70,8.0,167.0,167.0,3.78,"(8.0, 167.0, -65.0, 3.78, 0.0)",2024-07-11 13:25:00,2024-07-11 13:28:00,4,4,4,0,1.0,1.0,0.0,0.0,18.432844,18.432844,,0.850573,20.450035,19.599462,-23.042658
102,2024-07-11 13:25:00,2024-07-11 13:28:00,4,48,8.533,71,11.0,133.0,133.0,3.46,"(11.0, 133.0, -69.0, 3.46, 0.0)",2024-07-11 13:25:00,2024-07-11 13:28:00,4,4,4,0,1.0,1.0,0.0,0.0,18.432844,18.432844,,0.850573,20.450035,19.599462,-23.042658
102,2024-07-11 13:25:00,2024-07-11 13:28:00,4,48,8.533,72,11.0,193.0,193.0,3.87,"(11.0, 193.0, -59.0, 3.87, 0.0)",2024-07-11 13:25:00,2024-07-11 13:28:00,4,4,4,0,1.0,1.0,0.0,0.0,18.432844,18.432844,,0.850573,20.450035,19.599462,-23.042658
102,2024-07-11 13:25:00,2024-07-11 13:28:00,4,48,8.533,73,11.0,151.0,151.0,3.1,"(11.0, 151.0, -59.0, 3.1, 0.0)",2024-07-11 13:25:00,2024-07-11 13:28:00,4,4,4,0,1.0,1.0,0.0,0.0,18.432844,18.432844,,0.850573,20.450035,19.599462,-23.042658
102,2024-07-11 13:25:00,2024-07-11 13:28:00,4,48,8.533,74,11.0,192.0,192.0,3.53,"(11.0, 192.0, -65.0, 3.53, 0.0)",2024-07-11 13:25:00,2024-07-11 13:28:00,4,4,4,0,1.0,1.0,0.0,0.0,18.432844,18.432844,,0.850573,20.450035,19.599462,-23.042658
102,2024-07-11 13:25:00,2024-07-11 13:28:00,4,48,8.533,75,11.0,151.0,151.0,3.78,"(11.0, 151.0, -107.0, 3.78, 0.0)",2024-07-11 13:25:00,2024-07-11 13:28:00,4,4,4,0,1.0,1.0,0.0,0.0,18.432844,18.432844,,0.850573,20.450035,19.599462,-23.042658
102,2024-07-11 13:25:00,2024-07-11 13:28:00,4,48,8.533,76,11.0,166.0,166.0,3.63,"(11.0, 166.0, -62.0, 3.63, 0.0)",2024-07-11 13:25:00,2024-07-11 13:28:00,4,4,4,0,1.0,1.0,0.0,0.0,18.432844,18.432844,,0.850573,20.450035,19.599462,-23.042658
102,2024-07-11 13:25:00,2024-07-11 13:28:00,4,48,8.533,77,11.0,178.0,178.0,4.88,"(11.0, 178.0, -53.0, 4.88, 0.0)",2024-07-11 13:25:00,2024-07-11 13:28:00,4,4,4,0,1.0,1.0,0.0,0.0,18.432844,18.432844,,0.850573,20.450035,19.599462,-23.042658
102,2024-07-11 13:25:00,2024-07-11 13:28:00,4,48,8.533,78,11.0,251.0,251.0,4.22,"(11.0, 251.0, -62.0, 4.22, 0.0)",2024-07-11 13:25:00,2024-07-11 13:28:00,4,4,4,0,1.0,1.0,0.0,0.0,18.432844,18.432844,,0.850573,20.450035,19.599462,-23.042658
102,2024-07-11 13:25:00,2024-07-11 13:28:00,4,48,8.533,79,11.0,303.0,303.0,4.03,"(11.0, 303.0, -5.0, 4.03, 0.0)",2024-07-11 13:25:00,2024-07-11 13:28:00,4,4,4,0,1.0,1.0,0.0,0.0,18.432844,18.432844,,0.850573,20.450035,19.599462,-23.042658
102,2024-07-11 13:25:00,2024-07-11 13:28:00,4,48,8.533,80,11.0,330.0,330.0,4.45,"(11.0, 330.0, 52.0, 4.45, 0.0)",2024-07-11 13:25:00,2024-07-11 13:28:00,4,4,4,0,1.0,1.0,0.0,0.0,18.432844,18.432844,,0.850573,20.450035,19.599462,-23.042658
102,2024-07-11 13:25:00,2024-07-11 13:28:00,4,48,8.533,81,8.0,297.0,297.0,4.32,"(8.0, 297.0, -63.0, 4.32, 0.0)",2024-07-11 13:25:00,2024-07-11 13:28:00,4,4,4,0,1.0,1.0,0.0,0.0,18.432844,18.432844,,0.850573,20.450035,19.599462,-23.042658
102,2024-07-11 13:25:00,2024-07-11 13:28:00,4,48,8.533,82,11.0,293.0,293.0,4.27,"(11.0, 293.0, -33.0, 4.27, 0.0)",2024-07-11 13:25:00,2024-07-11 13:28:00,4,4,4,0,1.0,1.0,0.0,0.0,18.432844,18.432844,,0.850573,20.450035,19.599462,-23.042658
102,2024-07-11 13:25:00,2024-07-11 13:28:00,4,48,8.533,83,11.0,106.0,106.0,3.65,"(11.0, 106.0, -59.0, 3.65, 0.0)",2024-07-11 13:25:00,2024-07-11 13:28:00,4,4,4,0,1.0,1.0,0.0,0.0,18.432844,18.432844,,0.850573,20.450035,19.599462,-23.042658
102,2024-07-11 13:25:00,2024-07-11 13:28:00,4,48,8.533,84,11.0,131.0,131.0,3.7,"(11.0, 131.0, -75.0, 3.7, 0.0)",2024-07-11 13:25:00,2024-07-11 13:28:00,4,4,4,0,1.0,1.0,0.0,0.0,18.432844,18.432844,,0.850573,20.450035,19.599462,-23.042658
102,2024-07-11 13:25:00,2024-07-11 13:28:00,4,48,8.533,85,11.0,84.0,84.0,3.78,"(11.0, 84.0, -79.0, 3.78, 0.0)",2024-07-11 13:25:00,2024-07-11 13:28:00,4,4,4,0,1.0,1.0,0.0,0.0,18.432844,18.432844,,0.850573,20.450035,19.599462,-23.042658
102,2024-07-11 13:25:00,2024-07-11 13:28:00,4,48,8.533,86,11.0,137.0,137.0,3.32,"(11.0, 137.0, -61.0, 3.32, 0.0)",2024-07-11 13:25:00,2024-07-11 13:28:00,4,4,4,0,1.0,1.0,0.0,0.0,18.432844,18.432844,,0.850573,20.450035,19.599462,-23.042658
102,2024-07-11 13:25:00,2024-07-11 13:28:00,4,48,8.533,87,11.0,122.0,122.0,4.14,"(11.0, 122.0, -56.0, 4.14, 0.0)",2024-07-11 13:25:00,2024-07-11 13:28:00,4,4,4,0,1.0,1.0,0.0,0.0,18.432844,18.432844,,0.850573,20.450035,19.599462,-23.042658
102,2024-07-11 13:25:00,2024-07-11 13:28:00,4,48,8.533,88,11.0,90.0,90.0,3.76,"(11.0, 90.0, -61.0, 3.76, 0.0)",2024-07-11 13:25:00,2024-07-11 13:28:00,4,4,4,0,1.0,1.0,0.0,0.0,18.432844,18.432844,,0.850573,20.450035,19.599462,-23.042658
102,2024-07-11 13:25:00,2024-07-11 13:28:00,4,48,8.533,89,11.0,71.0,71.0,3.99,"(11.0, 71.0, -65.0, 3.99, 0.0)",2024-07-11 13:25:00,2024-07-11 13:28:00,4,4,4,0,1.0,1.0,0.0,0.0,18.432844,18.432844,,0.850573,20.450035,19.599462,-23.042658
102,2024-07-11 13:25:00,2024-07-11 13:28:00,4,48,8.533,90,11.0,76.0,76.0,3.74,"(11.0, 76.0, -107.0, 3.74, 0.0)",2024-07-11 13:25:00,2024-07-11 13:28:00,4,4,4,0,1.0,1.0,0.0,0.0,18.432844,18.432844,,0.850573,20.450035,19.599462,-23.042658
102,2024-07-11 13:25:00,2024-07-11 13:28:00,4,48,8.533,91,11.0,98.0,98.0,3.38,"(11.0, 98.0, -83.0, 3.38, 0.0)",2024-07-11 13:25:00,2024-07-11 13:28:00,4,4,4,0,1.0,1.0,0.0,0.0,18.432844,18.432844,,0.850573,20.450035,19.599462,-23.042658
102,2024-07-11 13:25:00,2024-07-11 13:28:00,4,48,8.533,92,11.0,105.0,105.0,3.58,"(11.0, 105.0, -67.0, 3.58, 0.0)",2024-07-11 13:25:00,2024-07-11 13:28:00,4,4,4,0,1.0,1.0,0.0,0.0,18.432844,18.432844,,0.850573,20.450035,19.599462,-23.042658
102,2024-07-11 13:25:00,2024-07-11 13:28:00,4,48,8.533,93,11.0,120.0,120.0,4.25,"(11.0, 120.0, -83.0, 4.25, 0.0)",2024-07-11 13:25:00,2024-07-11 13:28:00,4,4,4,0,1.0,1.0,0.0,0.0,18.432844,18.432844,,0.850573,20.450035,19.599462,-23.042658
102,2024-07-11 13:25:00,2024-07-11 13:28:00,4,48,8.533,94,11.0,148.0,148.0,3.88,"(11.0, 148.0, -56.0, 3.88, 0.0)",2024-07-11 13:25:00,2024-07-11 13:28:00,4,4,4,0,1.0,1.0,0.0,0.0,18.432844,18.432844,,0.850573,20.450035,19.599462,-23.042658
102,2024-07-11 13:25:00,2024-07-11 13:28:00,4,48,8.533,95,11.0,151.0,151.0,3.71,"(11.0, 151.0, -84.0, 3.71, 0.0)",2024-07-11 13:25:00,2024-07-11 13:28:00,4,4,4,0,1.0,1.0,0.0,0.0,18.432844,18.432844,,0.850573,20.450035,19.599462,-23.042658
102,2024-07-11 13:25:00,2024-07-11 13:28:00,4,48,8.533,96,11.0,140.0,140.0,4.05,"(11.0, 140.0, -225.0, 4.05, 0.0)",2024-07-11 13:25:00,2024-07-11 13:28:00,4,4,4,0,1.0,1.0,0.0,0.0,18.432844,18.432844,,0.850573,20.450035,19.599462,-23.042658
102,2024-07-11 13:25:00,2024-07-11 13:28:00,4,48,8.533,97,11.0,148.0,148.0,3.86,"(11.0, 148.0, -58.0, 3.86, 0.0)",2024-07-11 13:25:00,2024-07-11 13:28:00,4,4,4,0,1.0,1.0,0.0,0.0,18.432844,18.432844,,0.850573,20.450035,19.599462,-23.042658
102,2024-07-11 13:25:00,2024-07-11 13:28:00,4,48,8.533,98,8.0,175.0,175.0,3.89,"(8.0, 175.0, -58.0, 3.89, 0.0)",2024-07-11 13:25:00,2024-07-11 13:28:00,4,4,4,0,1.0,1.0,0.0,0.0,18.432844,18.432844,,0.850573,20.450035,19.599462,-23.042658
102,2024-07-11 13:25:00,2024-07-11 13:28:00,4,48,8.533,99,11.0,160.0,160.0,3.59,"(11.0, 160.0, -60.0, 3.59, 0.0)",2024-07-11 13:25:00,2024-07-11 13:28:00,4,4,4,0,1.0,1.0,0.0,0.0,18.432844,18.432844,,0.850573,20.450035,19.599462,-23.042658
104,2024-07-11 15:10:00,2024-07-11 15:13:00,4,25,8.872,2,11.0,492.0,492.0,4.78,"(11.0, 492.0, -45.0, 4.78, 0.0)",2024-07-11 15:10:00,2024-07-11 15:13:00,4,4,4,0,1.0,1.0,0.0,0.0,441.04488,441.04488,,1.964769,441.04488,439.080111,-223.476718
104,2024-07-11 15:10:00,2024-07-11 15:13:00,4,25,8.872,6,11.0,612.0,612.0,5.0,"(11.0, 612.0, 36.0, 5.0, 0.0)",2024-07-11 15:10:00,2024-07-11 15:13:00,4,4,4,0,1.0,1.0,0.0,0.0,441.04488,441.04488,,1.964769,441.04488,439.080111,-223.476718
104,2024-07-11 15:10:00,2024-07-11 15:13:00,4,25,8.872,7,11.0,650.0,650.0,5.32,"(11.0, 650.0, 17.0, 5.32, 0.0)",2024-07-11 15:10:00,2024-07-11 15:13:00,4,4,4,0,1.0,1.0,0.0,0.0,441.04488,441.04488,,1.964769,441.04488,439.080111,-223.476718
104,2024-07-11 15:10:00,2024-07-11 15:13:00,4,25,8.872,8,11.0,589.0,589.0,5.53,"(11.0, 589.0, 38.0, 5.53, 0.0)",2024-07-11 15:10:00,2024-07-11 15:13:00,4,4,4,0,1.0,1.0,0.0,0.0,441.04488,441.04488,,1.964769,441.04488,439.080111,-223.476718
104,2024-07-11 15:10:00,2024-07-11 15:13:00,4,25,8.872,9,8.0,463.0,463.0,5.11,"(8.0, 463.0, 6.0, 5.11, 0.0)",2024-07-11 15:10:00,2024-07-11 15:13:00,4,4,4,0,1.0,1.0,0.0,0.0,441.04488,441.04488,,1.964769,441.04488,439.080111,-223.476718
104,2024-07-11 15:10:00,2024-07-11 15:13:00,4,25,8.872,10,11.0,338.0,338.0,4.45,"(11.0, 338.0, -70.0, 4.45, 0.0)",2024-07-11 15:10:00,2024-07-11 15:13:00,4,4,4,0,1.0,1.0,0.0,0.0,441.04488,441.04488,,1.964769,441.04488,439.080111,-223.476718
104,2024-07-11 15:10:00,2024-07-11 15:13:00,4,25,8.872,15,11.0,468.0,468.0,5.02,"(11.0, 468.0, 82.0, 5.02, 0.0)",2024-07-11 15:10:00,2024-07-11 15:13:00,4,4,4,0,1.0,1.0,0.0,0.0,441.04488,441.04488,,1.964769,441.04488,439.080111,-223.476718
104,2024-07-11 15:10:00,2024-07-11 15:13:00,4,25,8.872,16,11.0,492.0,492.0,5.48,"(11.0, 492.0, 64.0, 5.48, 0.0)",2024-07-11 15:10:00,2024-07-11 15:13:00,4,4,4,0,1.0,1.0,0.0,0.0,441.04488,441.04488,,1.964769,441.04488,439.080111,-223.476718
104,2024-07-11 15:10:00,2024-07-11 15:13:00,4,25,8.872,17,11.0,498.0,498.0,4.65,"(11.0, 498.0, 73.0, 4.65, 0.0)",2024-07-11 15:10:00,2024-07-11 15:13:00,4,4,4,0,1.0,1.0,0.0,0.0,441.04488,441.04488,,1.964769,441.04488,439.080111,-223.476718
104,2024-07-11 15:10:00,2024-07-11 15:13:00,4,25,8.872,18,8.0,365.0,365.0,4.51,"(8.0, 365.0, -52.0, 4.51, 0.0)",2024-07-11 15:10:00,2024-07-11 15:13:00,4,4,4,0,1.0,1.0,0.0,0.0,441.04488,441.04488,,1.964769,441.04488,439.080111,-223.476718
104,2024-07-11 15:10:00,2024-07-11 15:13:00,4,25,8.872,21,11.0,703.0,703.0,5.77,"(11.0, 703.0, -70.0, 5.77, 0.0)",2024-07-11 15:10:00,2024-07-11 15:13:00,4,4,4,0,1.0,1.0,0.0,0.0,441.04488,441.04488,,1.964769,441.04488,439.080111,-223.476718
104,2024-07-11 15:10:00,2024-07-11 15:13:00,4,25,8.872,24,11.0,711.0,711.0,5.69,"(11.0, 711.0, 77.0, 5.69, 0.0)",2024-07-11 15:10:00,2024-07-11 15:13:00,4,4,4,0,1.0,1.0,0.0,0.0,441.04488,441.04488,,1.964769,441.04488,439.080111,-223.476718
104,2024-07-11 15:10:00,2024-07-11 15:13:00,4,25,8.872,26,11.0,427.0,427.0,3.77,"(11.0, 427.0, -47.0, 3.77, 0.0)",2024-07-11 15:10:00,2024-07-11 15:13:00,4,4,4,0,1.0,1.0,0.0,0.0,441.04488,441.04488,,1.964769,441.04488,439.080111,-223.476718
104,2024-07-11 15:10:00,2024-07-11 15:13:00,4,25,8.872,31,11.0,382.0,382.0,5.04,"(11.0, 382.0, -36.0, 5.04, 0.0)",2024-07-11 15:10:00,2024-07-11 15:13:00,4,4,4,0,1.0,1.0,0.0,0.0,441.04488,441.04488,,1.964769,441.04488,439.080111,-223.476718
104,2024-07-11 15:10:00,2024-07-11 15:13:00,4,25,8.872,33,11.0,423.0,423.0,5.5,"(11.0, 423.0, 75.0, 5.5, 0.0)",2024-07-11 15:10:00,2024-07-11 15:13:00,4,4,4,0,1.0,1.0,0.0,0.0,441.04488,441.04488,,1.964769,441.04488,439.080111,-223.476718
104,2024-07-11 15:10:00,2024-07-11 15:13:00,4,25,8.872,48,11.0,485.0,485.0,5.64,"(11.0, 485.0, 40.0, 5.64, 0.0)",2024-07-11 15:10:00,2024-07-11 15:13:00,4,4,4,0,1.0,1.0,0.0,0.0,441.04488,441.04488,,1.964769,441.04488,439.080111,-223.476718
104,2024-07-11 15:10:00,2024-07-11 15:13:00,4,25,8.872,51,11.0,128.0,128.0,3.37,"(11.0, 128.0, -66.0, 3.37, 0.0)",2024-07-11 15:10:00,2024-07-11 15:13:00,4,4,4,0,1.0,1.0,0.0,0.0,441.04488,441.04488,,1.964769,441.04488,439.080111,-223.476718
104,2024-07-11 15:10:00,2024-07-11 15:13:00,4,25,8.872,53,11.0,133.0,133.0,3.4,"(11.0, 133.0, -70.0, 3.4, 0.0)",2024-07-11 15:10:00,2024-07-11 15:13:00,4,4,4,0,1.0,1.0,0.0,0.0,441.04488,441.04488,,1.964769,441.04488,439.080111,-223.476718
104,2024-07-11 15:10:00,2024-07-11 15:13:00,4,25,8.872,54,11.0,134.0,134.0,3.2,"(11.0, 134.0, -89.0, 3.2, 0.0)",2024-07-11 15:10:00,2024-07-11 15:13:00,4,4,4,0,1.0,1.0,0.0,0.0,441.04488,441.04488,,1.964769,441.04488,439.080111,-223.476718
104,2024-07-11 15:10:00,2024-07-11 15:13:00,4,25,8.872,68,11.0,3.0,3.0,2.55,"(11.0, 3.0, -85.0, 2.55, 0.0)",2024-07-11 15:10:00,2024-07-11 15:13:00,4,4,4,0,1.0,1.0,0.0,0.0,441.04488,441.04488,,1.964769,441.04488,439.080111,-223.476718
104,2024-07-11 15:10:00,2024-07-11 15:13:00,4,25,8.872,70,11.0,25.0,25.0,2.61,"(11.0, 25.0, -77.0, 2.61, 0.0)",2024-07-11 15:10:00,2024-07-11 15:13:00,4,4,4,0,1.0,1.0,0.0,0.0,441.04488,441.04488,,1.964769,441.04488,439.080111,-223.476718
104,2024-07-11 15:10:00,2024-07-11 15:13:00,4,25,8.872,71,11.0,104.0,104.0,3.32,"(11.0, 104.0, -79.0, 3.32, 0.0)",2024-07-11 15:10:00,2024-07-11 15:13:00,4,4,4,0,1.0,1.0,0.0,0.0,441.04488,441.04488,,1.964769,441.04488,439.080111,-223.476718
104,2024-07-11 15:10:00,2024-07-11 15:13:00,4,25,8.872,81,11.0,70.0,70.0,3.49,"(11.0, 70.0, -66.0, 3.49, 0.0)",2024-07-11 15:10:00,2024-07-11 15:13:00,4,4,4,0,1.0,1.0,0.0,0.0,441.04488,441.04488,,1.964769,441.04488,439.080111,-223.476718
104,2024-07-11 15:10:00,2024-07-11 15:13:00,4,25,8.872,83,11.0,83.0,83.0,3.5,"(11.0, 83.0, -64.0, 3.5, 0.0)",2024-07-11 15:10:00,2024-07-11 15:13:00,4,4,4,0,1.0,1.0,0.0,0.0,441.04488,441.04488,,1.964769,441.04488,439.080111,-223.476718
104,2024-07-11 15:10:00,2024-07-11 15:13:00,4,25,8.872,94,11.0,94.0,94.0,3.33,"(11.0, 94.0, -67.0, 3.33, 0.0)",2024-07-11 15:10:00,2024-07-11 15:13:00,4,4,4,0,1.0,1.0,0.0,0.0,441.04488,441.04488,,1.964769,441.04488,439.080111,-223.476718
106,2024-07-12 11:18:00,2024-07-12 11:24:00,7,97,33.185,1,8.0,319.0,319.0,4.53,"(8.0, 319.0, 38.0, 4.53, 0.0)",2024-07-12 11:18:00,2024-07-12 11:24:00,7,7,7,0,1.0,1.0,0.0,2.626909,4678.07928,4675.452371,-1779.83054,5.029737,4678.07928,4673.049543,-929.084322
106,2024-07-12 11:18:00,2024-07-12 11:24:00,7,97,33.185,2,8.0,218.0,218.0,4.63,"(8.0, 218.0, -72.0, 4.63, 0.0)",2024-07-12 11:18:00,2024-07-12 11:24:00,7,7,7,0,1.0,1.0,0.0,2.626909,4678.07928,4675.452371,-1779.83054,5.029737,4678.07928,4673.049543,-929.084322
106,2024-07-12 11:18:00,2024-07-12 11:24:00,7,97,33.185,3,8.0,72.0,72.0,3.66,"(8.0, 72.0, -71.0, 3.66, 0.0)",2024-07-12 11:18:00,2024-07-12 11:24:00,7,7,7,0,1.0,1.0,0.0,2.626909,4678.07928,4675.452371,-1779.83054,5.029737,4678.07928,4673.049543,-929.084322
106,2024-07-12 11:18:00,2024-07-12 11:24:00,7,97,33.185,4,8.0,273.0,273.0,3.76,"(8.0, 273.0, -120.0, 3.76, 0.0)",2024-07-12 11:18:00,2024-07-12 11:24:00,7,7,7,0,1.0,1.0,0.0,2.626909,4678.07928,4675.452371,-1779.83054,5.029737,4678.07928,4673.049543,-929.084322
106,2024-07-12 11:18:00,2024-07-12 11:24:00,7,97,33.185,5,8.0,212.0,212.0,3.71,"(8.0, 212.0, -79.0, 3.71, 0.0)",2024-07-12 11:18:00,2024-07-12 11:24:00,7,7,7,0,1.0,1.0,0.0,2.626909,4678.07928,4675.452371,-1779.83054,5.029737,4678.07928,4673.049543,-929.084322
106,2024-07-12 11:18:00,2024-07-12 11:24:00,7,97,33.185,6,8.0,250.0,250.0,3.67,"(8.0, 250.0, -71.0, 3.67, 0.0)",2024-07-12 11:18:00,2024-07-12 11:24:00,7,7,7,0,1.0,1.0,0.0,2.626909,4678.07928,4675.452371,-1779.83054,5.029737,4678.07928,4673.049543,-929.084322
106,2024-07-12 11:18:00,2024-07-12 11:24:00,7,97,33.185,7,8.0,331.0,331.0,4.63,"(8.0, 331.0, -90.0, 4.63, 0.0)",2024-07-12 11:18:00,2024-07-12 11:24:00,7,7,7,0,1.0,1.0,0.0,2.626909,4678.07928,4675.452371,-1779.83054,5.029737,4678.07928,4673.049543,-929.084322
106,2024-07-12 11:18:00,2024-07-12 11:24:00,7,97,33.185,8,8.0,385.0,385.0,4.44,"(8.0, 385.0, -52.0, 4.44, 0.0)",2024-07-12 11:18:00,2024-07-12 11:24:00,7,7,7,0,1.0,1.0,0.0,2.626909,4678.07928,4675.452371,-1779.83054,5.029737,4678.07928,4673.049543,-929.084322
106,2024-07-12 11:18:00,2024-07-12 11:24:00,7,97,33.185,9,8.0,515.0,515.0,4.95,"(8.0, 515.0, 1.0, 4.95, 0.0)",2024-07-12 11:18:00,2024-07-12 11:24:00,7,7,7,0,1.0,1.0,0.0,2.626909,4678.07928,4675.452371,-1779.83054,5.029737,4678.07928,4673.049543,-929.084322
106,2024-07-12 11:18:00,2024-07-12 11:24:00,7,97,33.185,10,8.0,494.0,494.0,4.5,"(8.0, 494.0, -6.0, 4.5, 0.0)",2024-07-12 11:18:00,2024-07-12 11:24:00,7,7,7,0,1.0,1.0,0.0,2.626909,4678.07928,4675.452371,-1779.83054,5.029737,4678.07928,4673.049543,-929.084322
106,2024-07-12 11:18:00,2024-07-12 11:24:00,7,97,33.185,12,8.0,324.0,324.0,4.8,"(8.0, 324.0, -139.0, 4.8, 0.0)",2024-07-12 11:18:00,2024-07-12 11:24:00,7,7,7,0,1.0,1.0,0.0,2.626909,4678.07928,4675.452371,-1779.83054,5.029737,4678.07928,4673.049543,-929.084322
106,2024-07-12 11:18:00,2024-07-12 11:24:00,7,97,33.185,13,11.0,291.0,291.0,3.79,"(11.0, 291.0, -69.0, 3.79, 0.0)",2024-07-12 11:18:00,2024-07-12 11:24:00,7,7,7,0,1.0,1.0,0.0,2.626909,4678.07928,4675.452371,-1779.83054,5.029737,4678.07928,4673.049543,-929.084322
106,2024-07-12 11:18:00,2024-07-12 11:24:00,7,97,33.185,14,8.0,202.0,202.0,4.16,"(8.0, 202.0, -75.0, 4.16, 0.0)",2024-07-12 11:18:00,2024-07-12 11:24:00,7,7,7,0,1.0,1.0,0.0,2.626909,4678.07928,4675.452371,-1779.83054,5.029737,4678.07928,4673.049543,-929.084322
106,2024-07-12 11:18:00,2024-07-12 11:24:00,7,97,33.185,15,8.0,386.0,386.0,4.95,"(8.0, 386.0, 9.0, 4.95, 0.0)",2024-07-12 11:18:00,2024-07-12 11:24:00,7,7,7,0,1.0,1.0,0.0,2.626909,4678.07928,4675.452371,-1779.83054,5.029737,4678.07928,4673.049543,-929.084322
106,2024-07-12 11:18:00,2024-07-12 11:24:00,7,97,33.185,16,8.0,429.0,429.0,4.61,"(8.0, 429.0, 4.0, 4.61, 0.0)",2024-07-12 11:18:00,2024-07-12 11:24:00,7,7,7,0,1.0,1.0,0.0,2.626909,4678.07928,4675.452371,-1779.83054,5.029737,4678.07928,4673.049543,-929.084322
106,2024-07-12 11:18:00,2024-07-12 11:24:00,7,97,33.185,17,8.0,577.0,577.0,4.67,"(8.0, 577.0, 61.0, 4.67, 0.0)",2024-07-12 11:18:00,2024-07-12 11:24:00,7,7,7,0,1.0,1.0,0.0,2.626909,4678.07928,4675.452371,-1779.83054,5.029737,4678.07928,4673.049543,-929.084322
106,2024-07-12 11:18:00,2024-07-12 11:24:00,7,97,33.185,18,8.0,792.0,792.0,5.4,"(8.0, 792.0, 48.0, 5.4, 0.0)",2024-07-12 11:18:00,2024-07-12 11:24:00,7,7,7,0,1.0,1.0,0.0,2.626909,4678.07928,4675.452371,-1779.83054,5.029737,4678.07928,4673.049543,-929.084322
106,2024-07-12 11:18:00,2024-07-12 11:24:00,7,97,33.185,19,8.0,193.0,193.0,3.86,"(8.0, 193.0, -125.0, 3.86, 0.0)",2024-07-12 11:18:00,2024-07-12 11:24:00,7,7,7,0,1.0,1.0,0.0,2.626909,4678.07928,4675.452371,-1779.83054,5.029737,4678.07928,4673.049543,-929.084322
106,2024-07-12 11:18:00,2024-07-12 11:24:00,7,97,33.185,20,8.0,541.0,541.0,5.66,"(8.0, 541.0, -6.0, 5.66, 0.0)",2024-07-12 11:18:00,2024-07-12 11:24:00,7,7,7,0,1.0,1.0,0.0,2.626909,4678.07928,4675.452371,-1779.83054,5.029737,4678.07928,4673.049543,-929.084322
106,2024-07-12 11:18:00,2024-07-12 11:24:00,7,97,33.185,21,8.0,775.0,775.0,5.59,"(8.0, 775.0, -71.0, 5.59, 0.0)",2024-07-12 11:18:00,2024-07-12 11:24:00,7,7,7,0,1.0,1.0,0.0,2.626909,4678.07928,4675.452371,-1779.83054,5.029737,4678.07928,4673.049543,-929.084322
106,2024-07-12 11:18:00,2024-07-12 11:24:00,7,97,33.185,22,8.0,322.0,322.0,4.47,"(8.0, 322.0, -76.0, 4.47, 0.0)",2024-07-12 11:18:00,2024-07-12 11:24:00,7,7,7,0,1.0,1.0,0.0,2.626909,4678.07928,4675.452371,-1779.83054,5.029737,4678.07928,4673.049543,-929.084322
106,2024-07-12 11:18:00,2024-07-12 11:24:00,7,97,33.185,23,8.0,470.0,470.0,5.14,"(8.0, 470.0, -23.0, 5.14, 0.0)",2024-07-12 11:18:00,2024-07-12 11:24:00,7,7,7,0,1.0,1.0,0.0,2.626909,4678.07928,4675.452371,-1779.83054,5.029737,4678.07928,4673.049543,-929.084322
106,2024-07-12 11:18:00,2024-07-12 11:24:00,7,97,33.185,24,8.0,439.0,439.0,4.3,"(8.0, 439.0, -88.0, 4.3, 0.0)",2024-07-12 11:18:00,2024-07-12 11:24:00,7,7,7,0,1.0,1.0,0.0,2.626909,4678.07928,4675.452371,-1779.83054,5.029737,4678.07928,4673.049543,-929.084322
106,2024-07-12 11:18:00,2024-07-12 11:24:00,7,97,33.185,25,8.0,259.0,259.0,3.41,"(8.0, 259.0, -84.0, 3.41, 0.0)",2024-07-12 11:18:00,2024-07-12 11:24:00,7,7,7,0,1.0,1.0,0.0,2.626909,4678.07928,4675.452371,-1779.83054,5.029737,4678.07928,4673.049543,-929.084322
106,2024-07-12 11:18:00,2024-07-12 11:24:00,7,97,33.185,26,8.0,442.0,442.0,4.75,"(8.0, 442.0, 13.0, 4.75, 0.0)",2024-07-12 11:18:00,2024-07-12 11:24:00,7,7,7,0,1.0,1.0,0.0,2.626909,4678.07928,4675.452371,-1779.83054,5.029737,4678.07928,4673.049543,-929.084322
106,2024-07-12 11:18:00,2024-07-12 11:24:00,7,97,33.185,27,8.0,562.0,562.0,4.94,"(8.0, 562.0, -35.0, 4.94, 0.0)",2024-07-12 11:18:00,2024-07-12 11:24:00,7,7,7,0,1.0,1.0,0.0,2.626909,4678.07928,4675.452371,-1779.83054,5.029737,4678.07928,4673.049543,-929.084322
106,2024-07-12 11:18:00,2024-07-12 11:24:00,7,97,33.185,28,8.0,510.0,510.0,4.95,"(8.0, 510.0, -85.0, 4.95, 0.0)",2024-07-12 11:18:00,2024-07-12 11:24:00,7,7,7,0,1.0,1.0,0.0,2.626909,4678.07928,4675.452371,-1779.83054,5.029737,4678.07928,4673.049543,-929.084322
106,2024-07-12 11:18:00,2024-07-12 11:24:00,7,97,33.185,29,8.0,441.0,441.0,5.11,"(8.0, 441.0, -200.0, 5.11, 0.0)",2024-07-12 11:18:00,2024-07-12 11:24:00,7,7,7,0,1.0,1.0,0.0,2.626909,4678.07928,4675.452371,-1779.83054,5.029737,4678.07928,4673.049543,-929.084322
106,2024-07-12 11:18:00,2024-07-12 11:24:00,7,97,33.185,30,8.0,455.0,455.0,4.64,"(8.0, 455.0, -33.0, 4.64, 0.0)",2024-07-12 11:18:00,2024-07-12 11:24:00,7,7,7,0,1.0,1.0,0.0,2.626909,4678.07928,4675.452371,-1779.83054,5.029737,4678.07928,4673.049543,-929.084322
106,2024-07-12 11:18:00,2024-07-12 11:24:00,7,97,33.185,31,8.0,349.0,349.0,4.65,"(8.0, 349.0, -66.0, 4.65, 0.0)",2024-07-12 11:18:00,2024-07-12 11:24:00,7,7,7,0,1.0,1.0,0.0,2.626909,4678.07928,4675.452371,-1779.83054,5.029737,4678.07928,4673.049543,-929.084322
106,2024-07-12 11:18:00,2024-07-12 11:24:00,7,97,33.185,32,8.0,436.0,436.0,4.69,"(8.0, 436.0, -48.0, 4.69, 0.0)",2024-07-12 11:18:00,2024-07-12 11:24:00,7,7,7,0,1.0,1.0,0.0,2.626909,4678.07928,4675.452371,-1779.83054,5.029737,4678.07928,4673.049543,-929.084322
106,2024-07-12 11:18:00,2024-07-12 11:24:00,7,97,33.185,33,8.0,301.0,301.0,4.78,"(8.0, 301.0, -58.0, 4.78, 0.0)",2024-07-12 11:18:00,2024-07-12 11:24:00,7,7,7,0,1.0,1.0,0.0,2.626909,4678.07928,4675.452371,-1779.83054,5.029737,4678.07928,4673.049543,-929.084322
106,2024-07-12 11:18:00,2024-07-12 11:24:00,7,97,33.185,35,8.0,768.0,768.0,5.9,"(8.0, 768.0, 19.0, 5.9, 0.0)",2024-07-12 11:18:00,2024-07-12 11:24:00,7,7,7,0,1.0,1.0,0.0,2.626909,4678.07928,4675.452371,-1779.83054,5.029737,4678.07928,4673.049543,-929.084322
106,2024-07-12 11:18:00,2024-07-12 11:24:00,7,97,33.185,36,8.0,488.0,488.0,5.0,"(8.0, 488.0, -82.0, 5.0, 0.0)",2024-07-12 11:18:00,2024-07-12 11:24:00,7,7,7,0,1.0,1.0,0.0,2.626909,4678.07928,4675.452371,-1779.83054,5.029737,4678.07928,4673.049543,-929.084322
106,2024-07-12 11:18:00,2024-07-12 11:24:00,7,97,33.185,37,8.0,541.0,541.0,5.76,"(8.0, 541.0, -53.0, 5.76, 0.0)",2024-07-12 11:18:00,2024-07-12 11:24:00,7,7,7,0,1.0,1.0,0.0,2.626909,4678.07928,4675.452371,-1779.83054,5.029737,4678.07928,4673.049543,-929.084322
106,2024-07-12 11:18:00,2024-07-12 11:24:00,7,97,33.185,38,8.0,321.0,321.0,4.18,"(8.0, 321.0, -109.0, 4.18, 0.0)",2024-07-12 11:18:00,2024-07-12 11:24:00,7,7,7,0,1.0,1.0,0.0,2.626909,4678.07928,4675.452371,-1779.83054,5.029737,4678.07928,4673.049543,-929.084322
106,2024-07-12 11:18:00,2024-07-12 11:24:00,7,97,33.185,39,8.0,346.0,346.0,5.13,"(8.0, 346.0, -73.0, 5.13, 0.0)",2024-07-12 11:18:00,2024-07-12 11:24:00,7,7,7,0,1.0,1.0,0.0,2.626909,4678.07928,4675.452371,-1779.83054,5.029737,4678.07928,4673.049543,-929.084322
106,2024-07-12 11:18:00,2024-07-12 11:24:00,7,97,33.185,40,8.0,467.0,467.0,4.77,"(8.0, 467.0, -25.0, 4.77, 0.0)",2024-07-12 11:18:00,2024-07-12 11:24:00,7,7,7,0,1.0,1.0,0.0,2.626909,4678.07928,4675.452371,-1779.83054,5.029737,4678.07928,4673.049543,-929.084322
106,2024-07-12 11:18:00,2024-07-12 11:24:00,7,97,33.185,41,8.0,387.0,387.0,4.81,"(8.0, 387.0, -20.0, 4.81, 0.0)",2024-07-12 11:18:00,2024-07-12 11:24:00,7,7,7,0,1.0,1.0,0.0,2.626909,4678.07928,4675.452371,-1779.83054,5.029737,4678.07928,4673.049543,-929.084322
106,2024-07-12 11:18:00,2024-07-12 11:24:00,7,97,33.185,42,8.0,228.0,228.0,4.18,"(8.0, 228.0, -85.0, 4.18, 0.0)",2024-07-12 11:18:00,2024-07-12 11:24:00,7,7,7,0,1.0,1.0,0.0,2.626909,4678.07928,4675.452371,-1779.83054,5.029737,4678.07928,4673.049543,-929.084322
106,2024-07-12 11:18:00,2024-07-12 11:24:00,7,97,33.185,43,11.0,682.0,682.0,5.68,"(11.0, 682.0, 51.0, 5.68, 0.0)",2024-07-12 11:18:00,2024-07-12 11:24:00,7,7,7,0,1.0,1.0,0.0,2.626909,4678.07928,4675.452371,-1779.83054,5.029737,4678.07928,4673.049543,-929.084322
106,2024-07-12 11:18:00,2024-07-12 11:24:00,7,97,33.185,44,8.0,474.0,474.0,5.05,"(8.0, 474.0, 4.0, 5.05, 0.0)",2024-07-12 11:18:00,2024-07-12 11:24:00,7,7,7,0,1.0,1.0,0.0,2.626909,4678.07928,4675.452371,-1779.83054,5.029737,4678.07928,4673.049543,-929.084322
106,2024-07-12 11:18:00,2024-07-12 11:24:00,7,97,33.185,45,11.0,370.0,370.0,4.32,"(11.0, 370.0, -48.0, 4.32, 0.0)",2024-07-12 11:18:00,2024-07-12 11:24:00,7,7,7,0,1.0,1.0,0.0,2.626909,4678.07928,4675.452371,-1779.83054,5.029737,4678.07928,4673.049543,-929.084322
106,2024-07-12 11:18:00,2024-07-12 11:24:00,7,97,33.185,46,8.0,598.0,598.0,5.5,"(8.0, 598.0, 31.0, 5.5, 0.0)",2024-07-12 11:18:00,2024-07-12 11:24:00,7,7,7,0,1.0,1.0,0.0,2.626909,4678.07928,4675.452371,-1779.83054,5.029737,4678.07928,4673.049543,-929.084322
106,2024-07-12 11:18:00,2024-07-12 11:24:00,7,97,33.185,47,8.0,395.0,395.0,5.02,"(8.0, 395.0, -93.0, 5.02, 0.0)",2024-07-12 11:18:00,2024-07-12 11:24:00,7,7,7,0,1.0,1.0,0.0,2.626909,4678.07928,4675.452371,-1779.83054,5.029737,4678.07928,4673.049543,-929.084322
106,2024-07-12 11:18:00,2024-07-12 11:24:00,7,97,33.185,48,8.0,378.0,378.0,4.14,"(8.0, 378.0, -53.0, 4.14, 0.0)",2024-07-12 11:18:00,2024-07-12 11:24:00,7,7,7,0,1.0,1.0,0.0,2.626909,4678.07928,4675.452371,-1779.83054,5.029737,4678.07928,4673.049543,-929.084322
106,2024-07-12 11:18:00,2024-07-12 11:24:00,7,97,33.185,49,8.0,504.0,504.0,5.38,"(8.0, 504.0, 8.0, 5.38, 0.0)",2024-07-12 11:18:00,2024-07-12 11:24:00,7,7,7,0,1.0,1.0,0.0,2.626909,4678.07928,4675.452371,-1779.83054,5.029737,4678.07928,4673.049543,-929.084322
106,2024-07-12 11:18:00,2024-07-12 11:24:00,7,97,33.185,50,8.0,625.0,625.0,5.93,"(8.0, 625.0, 24.0, 5.93, 0.0)",2024-07-12 11:18:00,2024-07-12 11:24:00,7,7,7,0,1.0,1.0,0.0,2.626909,4678.07928,4675.452371,-1779.83054,5.029737,4678.07928,4673.049543,-929.084322
106,2024-07-12 11:18:00,2024-07-12 11:24:00,7,97,33.185,51,8.0,363.0,363.0,4.31,"(8.0, 363.0, -55.0, 4.31, 0.0)",2024-07-12 11:18:00,2024-07-12 11:24:00,7,7,7,0,1.0,1.0,0.0,2.626909,4678.07928,4675.452371,-1779.83054,5.029737,4678.07928,4673.049543,-929.084322
106,2024-07-12 11:18:00,2024-07-12 11:24:00,7,97,33.185,52,8.0,269.0,269.0,4.33,"(8.0, 269.0, -71.0, 4.33, 0.0)",2024-07-12 11:18:00,2024-07-12 11:24:00,7,7,7,0,1.0,1.0,0.0,2.626909,4678.07928,4675.452371,-1779.83054,5.029737,4678.07928,4673.049543,-929.084322
106,2024-07-12 11:18:00,2024-07-12 11:24:00,7,97,33.185,53,8.0,395.0,395.0,4.23,"(8.0, 395.0, -68.0, 4.23, 0.0)",2024-07-12 11:18:00,2024-07-12 11:24:00,7,7,7,0,1.0,1.0,0.0,2.626909,4678.07928,4675.452371,-1779.83054,5.029737,4678.07928,4673.049543,-929.084322
106,2024-07-12 11:18:00,2024-07-12 11:24:00,7,97,33.185,54,8.0,229.0,229.0,3.81,"(8.0, 229.0, -89.0, 3.81, 0.0)",2024-07-12 11:18:00,2024-07-12 11:24:00,7,7,7,0,1.0,1.0,0.0,2.626909,4678.07928,4675.452371,-1779.83054,5.029737,4678.07928,4673.049543,-929.084322
106,2024-07-12 11:18:00,2024-07-12 11:24:00,7,97,33.185,55,8.0,471.0,471.0,5.58,"(8.0, 471.0, -111.0, 5.58, 0.0)",2024-07-12 11:18:00,2024-07-12 11:24:00,7,7,7,0,1.0,1.0,0.0,2.626909,4678.07928,4675.452371,-1779.83054,5.029737,4678.07928,4673.049543,-929.084322
106,2024-07-12 11:18:00,2024-07-12 11:24:00,7,97,33.185,56,8.0,547.0,547.0,5.65,"(8.0, 547.0, 18.0, 5.65, 0.0)",2024-07-12 11:18:00,2024-07-12 11:24:00,7,7,7,0,1.0,1.0,0.0,2.626909,4678.07928,4675.452371,-1779.83054,5.029737,4678.07928,4673.049543,-929.084322
106,2024-07-12 11:18:00,2024-07-12 11:24:00,7,97,33.185,57,8.0,568.0,568.0,5.53,"(8.0, 568.0, -144.0, 5.53, 0.0)",2024-07-12 11:18:00,2024-07-12 11:24:00,7,7,7,0,1.0,1.0,0.0,2.626909,4678.07928,4675.452371,-1779.83054,5.029737,4678.07928,4673.049543,-929.084322
106,2024-07-12 11:18:00,2024-07-12 11:24:00,7,97,33.185,58,8.0,409.0,409.0,4.67,"(8.0, 409.0, -36.0, 4.67, 0.0)",2024-07-12 11:18:00,2024-07-12 11:24:00,7,7,7,0,1.0,1.0,0.0,2.626909,4678.07928,4675.452371,-1779.83054,5.029737,4678.07928,4673.049543,-929.084322
106,2024-07-12 11:18:00,2024-07-12 11:24:00,7,97,33.185,59,8.0,201.0,201.0,3.7,"(8.0, 201.0, -70.0, 3.7, 0.0)",2024-07-12 11:18:00,2024-07-12 11:24:00,7,7,7,0,1.0,1.0,0.0,2.626909,4678.07928,4675.452371,-1779.83054,5.029737,4678.07928,4673.049543,-929.084322
106,2024-07-12 11:18:00,2024-07-12 11:24:00,7,97,33.185,60,8.0,221.0,221.0,4.3,"(8.0, 221.0, -64.0, 4.3, 0.0)",2024-07-12 11:18:00,2024-07-12 11:24:00,7,7,7,0,1.0,1.0,0.0,2.626909,4678.07928,4675.452371,-1779.83054,5.029737,4678.07928,4673.049543,-929.084322
106,2024-07-12 11:18:00,2024-07-12 11:24:00,7,97,33.185,62,8.0,224.0,224.0,3.58,"(8.0, 224.0, -110.0, 3.58, 0.0)",2024-07-12 11:18:00,2024-07-12 11:24:00,7,7,7,0,1.0,1.0,0.0,2.626909,4678.07928,4675.452371,-1779.83054,5.029737,4678.07928,4673.049543,-929.084322
106,2024-07-12 11:18:00,2024-07-12 11:24:00,7,97,33.185,63,8.0,292.0,292.0,3.89,"(8.0, 292.0, -70.0, 3.89, 0.0)",2024-07-12 11:18:00,2024-07-12 11:24:00,7,7,7,0,1.0,1.0,0.0,2.626909,4678.07928,4675.452371,-1779.83054,5.029737,4678.07928,4673.049543,-929.084322
106,2024-07-12 11:18:00,2024-07-12 11:24:00,7,97,33.185,64,8.0,290.0,290.0,4.88,"(8.0, 290.0, -89.0, 4.88, 0.0)",2024-07-12 11:18:00,2024-07-12 11:24:00,7,7,7,0,1.0,1.0,0.0,2.626909,4678.07928,4675.452371,-1779.83054,5.029737,4678.07928,4673.049543,-929.084322
106,2024-07-12 11:18:00,2024-07-12 11:24:00,7,97,33.185,65,8.0,301.0,301.0,4.33,"(8.0, 301.0, -149.0, 4.33, 0.0)",2024-07-12 11:18:00,2024-07-12 11:24:00,7,7,7,0,1.0,1.0,0.0,2.626909,4678.07928,4675.452371,-1779.83054,5.029737,4678.07928,4673.049543,-929.084322
106,2024-07-12 11:18:00,2024-07-12 11:24:00,7,97,33.185,66,8.0,328.0,328.0,5.04,"(8.0, 328.0, -69.0, 5.04, 0.0)",2024-07-12 11:18:00,2024-07-12 11:24:00,7,7,7,0,1.0,1.0,0.0,2.626909,4678.07928,4675.452371,-1779.83054,5.029737,4678.07928,4673.049543,-929.084322
106,2024-07-12 11:18:00,2024-07-12 11:24:00,7,97,33.185,67,8.0,334.0,334.0,4.34,"(8.0, 334.0, -61.0, 4.34, 0.0)",2024-07-12 11:18:00,2024-07-12 11:24:00,7,7,7,0,1.0,1.0,0.0,2.626909,4678.07928,4675.452371,-1779.83054,5.029737,4678.07928,4673.049543,-929.084322
106,2024-07-12 11:18:00,2024-07-12 11:24:00,7,97,33.185,68,8.0,274.0,274.0,3.91,"(8.0, 274.0, -84.0, 3.91, 0.0)",2024-07-12 11:18:00,2024-07-12 11:24:00,7,7,7,0,1.0,1.0,0.0,2.626909,4678.07928,4675.452371,-1779.83054,5.029737,4678.07928,4673.049543,-929.084322
106,2024-07-12 11:18:00,2024-07-12 11:24:00,7,97,33.185,69,8.0,508.0,508.0,5.06,"(8.0, 508.0, -78.0, 5.06, 0.0)",2024-07-12 11:18:00,2024-07-12 11:24:00,7,7,7,0,1.0,1.0,0.0,2.626909,4678.07928,4675.452371,-1779.83054,5.029737,4678.07928,4673.049543,-929.084322
106,2024-07-12 11:18:00,2024-07-12 11:24:00,7,97,33.185,70,8.0,257.0,257.0,3.27,"(8.0, 257.0, -73.0, 3.27, 0.0)",2024-07-12 11:18:00,2024-07-12 11:24:00,7,7,7,0,1.0,1.0,0.0,2.626909,4678.07928,4675.452371,-1779.83054,5.029737,4678.07928,4673.049543,-929.084322
106,2024-07-12 11:18:00,2024-07-12 11:24:00,7,97,33.185,71,8.0,346.0,346.0,5.14,"(8.0, 346.0, -92.0, 5.14, 0.0)",2024-07-12 11:18:00,2024-07-12 11:24:00,7,7,7,0,1.0,1.0,0.0,2.626909,4678.07928,4675.452371,-1779.83054,5.029737,4678.07928,4673.049543,-929.084322
106,2024-07-12 11:18:00,2024-07-12 11:24:00,7,97,33.185,72,8.0,177.0,177.0,4.09,"(8.0, 177.0, -66.0, 4.09, 0.0)",2024-07-12 11:18:00,2024-07-12 11:24:00,7,7,7,0,1.0,1.0,0.0,2.626909,4678.07928,4675.452371,-1779.83054,5.029737,4678.07928,4673.049543,-929.084322
106,2024-07-12 11:18:00,2024-07-12 11:24:00,7,97,33.185,73,8.0,299.0,299.0,4.12,"(8.0, 299.0, -67.0, 4.12, 0.0)",2024-07-12 11:18:00,2024-07-12 11:24:00,7,7,7,0,1.0,1.0,0.0,2.626909,4678.07928,4675.452371,-1779.83054,5.029737,4678.07928,4673.049543,-929.084322
106,2024-07-12 11:18:00,2024-07-12 11:24:00,7,97,33.185,74,8.0,224.0,224.0,3.23,"(8.0, 224.0, -81.0, 3.23, 0.0)",2024-07-12 11:18:00,2024-07-12 11:24:00,7,7,7,0,1.0,1.0,0.0,2.626909,4678.07928,4675.452371,-1779.83054,5.029737,4678.07928,4673.049543,-929.084322
106,2024-07-12 11:18:00,2024-07-12 11:24:00,7,97,33.185,75,8.0,179.0,179.0,3.68,"(8.0, 179.0, -95.0, 3.68, 0.0)",2024-07-12 11:18:00,2024-07-12 11:24:00,7,7,7,0,1.0,1.0,0.0,2.626909,4678.07928,4675.452371,-1779.83054,5.029737,4678.07928,4673.049543,-929.084322
106,2024-07-12 11:18:00,2024-07-12 11:24:00,7,97,33.185,76,8.0,110.0,110.0,3.74,"(8.0, 110.0, -67.0, 3.74, 0.0)",2024-07-12 11:18:00,2024-07-12 11:24:00,7,7,7,0,1.0,1.0,0.0,2.626909,4678.07928,4675.452371,-1779.83054,5.029737,4678.07928,4673.049543,-929.084322
106,2024-07-12 11:18:00,2024-07-12 11:24:00,7,97,33.185,77,8.0,229.0,229.0,4.29,"(8.0, 229.0, -66.0, 4.29, 0.0)",2024-07-12 11:18:00,2024-07-12 11:24:00,7,7,7,0,1.0,1.0,0.0,2.626909,4678.07928,4675.452371,-1779.83054,5.029737,4678.07928,4673.049543,-929.084322
106,2024-07-12 11:18:00,2024-07-12 11:24:00,7,97,33.185,78,8.0,153.0,153.0,3.62,"(8.0, 153.0, -63.0, 3.62, 0.0)",2024-07-12 11:18:00,2024-07-12 11:24:00,7,7,7,0,1.0,1.0,0.0,2.626909,4678.07928,4675.452371,-1779.83054,5.029737,4678.07928,4673.049543,-929.084322
106,2024-07-12 11:18:00,2024-07-12 11:24:00,7,97,33.185,79,8.0,174.0,174.0,4.11,"(8.0, 174.0, -63.0, 4.11, 0.0)",2024-07-12 11:18:00,2024-07-12 11:24:00,7,7,7,0,1.0,1.0,0.0,2.626909,4678.07928,4675.452371,-1779.83054,5.029737,4678.07928,4673.049543,-929.084322
106,2024-07-12 11:18:00,2024-07-12 11:24:00,7,97,33.185,80,8.0,140.0,140.0,3.34,"(8.0, 140.0, -67.0, 3.34, 0.0)",2024-07-12 11:18:00,2024-07-12 11:24:00,7,7,7,0,1.0,1.0,0.0,2.626909,4678.07928,4675.452371,-1779.83054,5.029737,4678.07928,4673.049543,-929.084322
106,2024-07-12 11:18:00,2024-07-12 11:24:00,7,97,33.185,81,8.0,264.0,264.0,3.62,"(8.0, 264.0, -63.0, 3.62, 0.0)",2024-07-12 11:18:00,2024-07-12 11:24:00,7,7,7,0,1.0,1.0,0.0,2.626909,4678.07928,4675.452371,-1779.83054,5.029737,4678.07928,4673.049543,-929.084322
106,2024-07-12 11:18:00,2024-07-12 11:24:00,7,97,33.185,82,8.0,169.0,169.0,4.32,"(8.0, 169.0, -70.0, 4.32, 0.0)",2024-07-12 11:18:00,2024-07-12 11:24:00,7,7,7,0,1.0,1.0,0.0,2.626909,4678.07928,4675.452371,-1779.83054,5.029737,4678.07928,4673.049543,-929.084322
106,2024-07-12 11:18:00,2024-07-12 11:24:00,7,97,33.185,83,8.0,301.0,301.0,4.11,"(8.0, 301.0, -63.0, 4.11, 0.0)",2024-07-12 11:18:00,2024-07-12 11:24:00,7,7,7,0,1.0,1.0,0.0,2.626909,4678.07928,4675.452371,-1779.83054,5.029737,4678.07928,4673.049543,-929.084322
106,2024-07-12 11:18:00,2024-07-12 11:24:00,7,97,33.185,84,8.0,232.0,232.0,3.93,"(8.0, 232.0, -89.0, 3.93, 0.0)",2024-07-12 11:18:00,2024-07-12 11:24:00,7,7,7,0,1.0,1.0,0.0,2.626909,4678.07928,4675.452371,-1779.83054,5.029737,4678.07928,4673.049543,-929.084322
106,2024-07-12 11:18:00,2024-07-12 11:24:00,7,97,33.185,85,8.0,286.0,286.0,4.27,"(8.0, 286.0, -79.0, 4.27, 0.0)",2024-07-12 11:18:00,2024-07-12 11:24:00,7,7,7,0,1.0,1.0,0.0,2.626909,4678.07928,4675.452371,-1779.83054,5.029737,4678.07928,4673.049543,-929.084322
106,2024-07-12 11:18:00,2024-07-12 11:24:00,7,97,33.185,86,8.0,237.0,237.0,3.62,"(8.0, 237.0, -74.0, 3.62, 0.0)",2024-07-12 11:18:00,2024-07-12 11:24:00,7,7,7,0,1.0,1.0,0.0,2.626909,4678.07928,4675.452371,-1779.83054,5.029737,4678.07928,4673.049543,-929.084322
106,2024-07-12 11:18:00,2024-07-12 11:24:00,7,97,33.185,87,8.0,303.0,303.0,4.08,"(8.0, 303.0, -59.0, 4.08, 0.0)",2024-07-12 11:18:00,2024-07-12 11:24:00,7,7,7,0,1.0,1.0,0.0,2.626909,4678.07928,4675.452371,-1779.83054,5.029737,4678.07928,4673.049543,-929.084322
106,2024-07-12 11:18:00,2024-07-12 11:24:00,7,97,33.185,88,8.0,225.0,225.0,4.4,"(8.0, 225.0, -67.0, 4.4, 0.0)",2024-07-12 11:18:00,2024-07-12 11:24:00,7,7,7,0,1.0,1.0,0.0,2.626909,4678.07928,4675.452371,-1779.83054,5.029737,4678.07928,4673.049543,-929.084322
106,2024-07-12 11:18:00,2024-07-12 11:24:00,7,97,33.185,89,8.0,213.0,213.0,4.12,"(8.0, 213.0, -71.0, 4.12, 0.0)",2024-07-12 11:18:00,2024-07-12 11:24:00,7,7,7,0,1.0,1.0,0.0,2.626909,4678.07928,4675.452371,-1779.83054,5.029737,4678.07928,4673.049543,-929.084322
106,2024-07-12 11:18:00,2024-07-12 11:24:00,7,97,33.185,90,8.0,217.0,217.0,4.19,"(8.0, 217.0, -136.0, 4.19, 0.0)",2024-07-12 11:18:00,2024-07-12 11:24:00,7,7,7,0,1.0,1.0,0.0,2.626909,4678.07928,4675.452371,-1779.83054,5.029737,4678.07928,4673.049543,-929.084322
106,2024-07-12 11:18:00,2024-07-12 11:24:00,7,97,33.185,91,8.0,130.0,130.0,4.22,"(8.0, 130.0, -101.0, 4.22, 0.0)",2024-07-12 11:18:00,2024-07-12 11:24:00,7,7,7,0,1.0,1.0,0.0,2.626909,4678.07928,4675.452371,-1779.83054,5.029737,4678.07928,4673.049543,-929.084322
106,2024-07-12 11:18:00,2024-07-12 11:24:00,7,97,33.185,92,8.0,243.0,243.0,4.31,"(8.0, 243.0, -74.0, 4.31, 0.0)",2024-07-12 11:18:00,2024-07-12 11:24:00,7,7,7,0,1.0,1.0,0.0,2.626909,4678.07928,4675.452371,-1779.83054,5.029737,4678.07928,4673.049543,-929.084322
106,2024-07-12 11:18:00,2024-07-12 11:24:00,7,97,33.185,93,8.0,261.0,261.0,3.99,"(8.0, 261.0, -77.0, 3.99, 0.0)",2024-07-12 11:18:00,2024-07-12 11:24:00,7,7,7,0,1.0,1.0,0.0,2.626909,4678.07928,4675.452371,-1779.83054,5.029737,4678.07928,4673.049543,-929.084322
106,2024-07-12 11:18:00,2024-07-12 11:24:00,7,97,33.185,94,8.0,233.0,233.0,4.03,"(8.0, 233.0, -65.0, 4.03, 0.0)",2024-07-12 11:18:00,2024-07-12 11:24:00,7,7,7,0,1.0,1.0,0.0,2.626909,4678.07928,4675.452371,-1779.83054,5.029737,4678.07928,4673.049543,-929.084322
106,2024-07-12 11:18:00,2024-07-12 11:24:00,7,97,33.185,95,8.0,133.0,133.0,3.85,"(8.0, 133.0, -82.0, 3.85, 0.0)",2024-07-12 11:18:00,2024-07-12 11:24:00,7,7,7,0,1.0,1.0,0.0,2.626909,4678.07928,4675.452371,-1779.83054,5.029737,4678.07928,4673.049543,-929.084322
106,2024-07-12 11:18:00,2024-07-12 11:24:00,7,97,33.185,96,8.0,139.0,139.0,3.39,"(8.0, 139.0, -210.0, 3.39, 0.0)",2024-07-12 11:18:00,2024-07-12 11:24:00,7,7,7,0,1.0,1.0,0.0,2.626909,4678.07928,4675.452371,-1779.83054,5.029737,4678.07928,4673.049543,-929.084322
106,2024-07-12 11:18:00,2024-07-12 11:24:00,7,97,33.185,97,8.0,197.0,197.0,3.44,"(8.0, 197.0, -66.0, 3.44, 0.0)",2024-07-12 11:18:00,2024-07-12 11:24:00,7,7,7,0,1.0,1.0,0.0,2.626909,4678.07928,4675.452371,-1779.83054,5.029737,4678.07928,4673.049543,-929.084322
106,2024-07-12 11:18:00,2024-07-12 11:24:00,7,97,33.185,98,8.0,261.0,261.0,4.24,"(8.0, 261.0, -70.0, 4.24, 0.0)",2024-07-12 11:18:00,2024-07-12 11:24:00,7,7,7,0,1.0,1.0,0.0,2.626909,4678.07928,4675.452371,-1779.83054,5.029737,4678.07928,4673.049543,-929.084322
106,2024-07-12 11:18:00,2024-07-12 11:24:00,7,97,33.185,99,8.0,201.0,201.0,4.1,"(8.0, 201.0, -71.0, 4.1, 0.0)",2024-07-12 11:18:00,2024-07-12 11:24:00,7,7,7,0,1.0,1.0,0.0,2.626909,4678.07928,4675.452371,-1779.83054,5.029737,4678.07928,4673.049543,-929.084322
106,2024-07-12 11:18:00,2024-07-12 11:24:00,7,97,33.185,100,8.0,291.0,291.0,4.4,"(8.0, 291.0, -90.0, 4.4, 0.0)",2024-07-12 11:18:00,2024-07-12 11:24:00,7,7,7,0,1.0,1.0,0.0,2.626909,4678.07928,4675.452371,-1779.83054,5.029737,4678.07928,4673.049543,-929.084322
108,2024-07-25 10:43:00,2024-07-25 11:18:00,36,93,353.969,1,8.0,4035.0,4035.0,11.09,"(8.0, 4035.0, 38.0, 11.09, 0.0)",2024-07-25 10:43:00,2024-07-25 11:18:00,32,32,32,0,0.888889,0.888889,0.0,0.0,221319.2864,221319.2864,,11.313485,221319.2864,221307.972915,-19561.432446
108,2024-07-25 10:43:00,2024-07-25 11:18:00,36,93,353.969,2,8.0,4025.0,4025.0,12.13,"(8.0, 4025.0, 46.0, 12.13, 0.0)",2024-07-25 10:43:00,2024-07-25 11:18:00,32,32,32,0,0.888889,0.888889,0.0,0.0,221319.2864,221319.2864,,11.313485,221319.2864,221307.972915,-19561.432446
108,2024-07-25 10:43:00,2024-07-25 11:18:00,36,93,353.969,3,8.0,4011.0,4011.0,11.69,"(8.0, 4011.0, 89.0, 11.69, 0.0)",2024-07-25 10:43:00,2024-07-25 11:18:00,32,32,32,0,0.888889,0.888889,0.0,0.0,221319.2864,221319.2864,,11.313485,221319.2864,221307.972915,-19561.432446
108,2024-07-25 10:43:00,2024-07-25 11:18:00,36,93,353.969,4,8.0,4027.0,4027.0,11.3,"(8.0, 4027.0, 41.0, 11.3, 0.0)",2024-07-25 10:43:00,2024-07-25 11:18:00,32,32,32,0,0.888889,0.888889,0.0,0.0,221319.2864,221319.2864,,11.313485,221319.2864,221307.972915,-19561.432446
108,2024-07-25 10:43:00,2024-07-25 11:18:00,36,93,353.969,5,8.0,4026.0,4026.0,11.19,"(8.0, 4026.0, -33.0, 11.19, 0.0)",2024-07-25 10:43:00,2024-07-25 11:18:00,32,32,32,0,0.888889,0.888889,0.0,0.0,221319.2864,221319.2864,,11.313485,221319.2864,221307.972915,-19561.432446
108,2024-07-25 10:43:00,2024-07-25 11:18:00,36,93,353.969,6,8.0,4054.0,4054.0,10.81,"(8.0, 4054.0, -35.0, 10.81, 0.0)",2024-07-25 10:43:00,2024-07-25 11:18:00,32,32,32,0,0.888889,0.888889,0.0,0.0,221319.2864,221319.2864,,11.313485,221319.2864,221307.972915,-19561.432446
108,2024-07-25 10:43:00,2024-07-25 11:18:00,36,93,353.969,7,8.0,4025.0,4025.0,11.02,"(8.0, 4025.0, -42.0, 11.02, 0.0)",2024-07-25 10:43:00,2024-07-25 11:18:00,32,32,32,0,0.888889,0.888889,0.0,0.0,221319.2864,221319.2864,,11.313485,221319.2864,221307.972915,-19561.432446
108,2024-07-25 10:43:00,2024-07-25 11:18:00,36,93,353.969,8,11.0,2005.0,2005.0,9.87,"(11.0, 2005.0, 104.0, 9.87, 0.0)",2024-07-25 10:43:00,2024-07-25 11:18:00,32,32,32,0,0.888889,0.888889,0.0,0.0,221319.2864,221319.2864,,11.313485,221319.2864,221307.972915,-19561.432446
108,2024-07-25 10:43:00,2024-07-25 11:18:00,36,93,353.969,9,8.0,3853.0,3853.0,10.97,"(8.0, 3853.0, 23.0, 10.97, 0.0)",2024-07-25 10:43:00,2024-07-25 11:18:00,32,32,32,0,0.888889,0.888889,0.0,0.0,221319.2864,221319.2864,,11.313485,221319.2864,221307.972915,-19561.432446
108,2024-07-25 10:43:00,2024-07-25 11:18:00,36,93,353.969,10,8.0,3461.0,3461.0,8.76,"(8.0, 3461.0, 41.0, 8.76, 0.0)",2024-07-25 10:43:00,2024-07-25 11:18:00,32,32,32,0,0.888889,0.888889,0.0,0.0,221319.2864,221319.2864,,11.313485,221319.2864,221307.972915,-19561.432446
108,2024-07-25 10:43:00,2024-07-25 11:18:00,36,93,353.969,11,8.0,3598.0,3598.0,9.54,"(8.0, 3598.0, 24.0, 9.54, 0.0)",2024-07-25 10:43:00,2024-07-25 11:18:00,32,32,32,0,0.888889,0.888889,0.0,0.0,221319.2864,221319.2864,,11.313485,221319.2864,221307.972915,-19561.432446
108,2024-07-25 10:43:00,2024-07-25 11:18:00,36,93,353.969,12,8.0,4017.0,4017.0,9.72,"(8.0, 4017.0, -112.0, 9.72, 0.0)",2024-07-25 10:43:00,2024-07-25 11:18:00,32,32,32,0,0.888889,0.888889,0.0,0.0,221319.2864,221319.2864,,11.313485,221319.2864,221307.972915,-19561.432446
108,2024-07-25 10:43:00,2024-07-25 11:18:00,36,93,353.969,13,8.0,3479.0,3479.0,9.36,"(8.0, 3479.0, 22.0, 9.36, 0.0)",2024-07-25 10:43:00,2024-07-25 11:18:00,32,32,32,0,0.888889,0.888889,0.0,0.0,221319.2864,221319.2864,,11.313485,221319.2864,221307.972915,-19561.432446
108,2024-07-25 10:43:00,2024-07-25 11:18:00,36,93,353.969,14,8.0,3207.0,3207.0,9.63,"(8.0, 3207.0, 31.0, 9.63, 0.0)",2024-07-25 10:43:00,2024-07-25 11:18:00,32,32,32,0,0.888889,0.888889,0.0,0.0,221319.2864,221319.2864,,11.313485,221319.2864,221307.972915,-19561.432446
108,2024-07-25 10:43:00,2024-07-25 11:18:00,36,93,353.969,15,8.0,3657.0,3657.0,10.32,"(8.0, 3657.0, 46.0, 10.32, 0.0)",2024-07-25 10:43:00,2024-07-25 11:18:00,32,32,32,0,0.888889,0.888889,0.0,0.0,221319.2864,221319.2864,,11.313485,221319.2864,221307.972915,-19561.432446
108,2024-07-25 10:43:00,2024-07-25 11:18:00,36,93,353.969,16,8.0,3394.0,3394.0,9.69,"(8.0, 3394.0, 33.0, 9.69, 0.0)",2024-07-25 10:43:00,2024-07-25 11:18:00,32,32,32,0,0.888889,0.888889,0.0,0.0,221319.2864,221319.2864,,11.313485,221319.2864,221307.972915,-19561.432446
108,2024-07-25 10:43:00,2024-07-25 11:18:00,36,93,353.969,17,8.0,3383.0,3383.0,10.0,"(8.0, 3383.0, 11.0, 10.0, 0.0)",2024-07-25 10:43:00,2024-07-25 11:18:00,32,32,32,0,0.888889,0.888889,0.0,0.0,221319.2864,221319.2864,,11.313485,221319.2864,221307.972915,-19561.432446
108,2024-07-25 10:43:00,2024-07-25 11:18:00,36,93,353.969,18,8.0,3072.0,3072.0,10.0,"(8.0, 3072.0, 17.0, 10.0, 0.0)",2024-07-25 10:43:00,2024-07-25 11:18:00,32,32,32,0,0.888889,0.888889,0.0,0.0,221319.2864,221319.2864,,11.313485,221319.2864,221307.972915,-19561.432446
108,2024-07-25 10:43:00,2024-07-25 11:18:00,36,93,353.969,19,8.0,4023.0,4023.0,12.32,"(8.0, 4023.0, -30.0, 12.32, 0.0)",2024-07-25 10:43:00,2024-07-25 11:18:00,32,32,32,0,0.888889,0.888889,0.0,0.0,221319.2864,221319.2864,,11.313485,221319.2864,221307.972915,-19561.432446
108,2024-07-25 10:43:00,2024-07-25 11:18:00,36,93,353.969,20,8.0,4010.0,4010.0,12.39,"(8.0, 4010.0, 22.0, 12.39, 0.0)",2024-07-25 10:43:00,2024-07-25 11:18:00,32,32,32,0,0.888889,0.888889,0.0,0.0,221319.2864,221319.2864,,11.313485,221319.2864,221307.972915,-19561.432446
108,2024-07-25 10:43:00,2024-07-25 11:18:00,36,93,353.969,21,8.0,3997.0,3997.0,11.9,"(8.0, 3997.0, -32.0, 11.9, 0.0)",2024-07-25 10:43:00,2024-07-25 11:18:00,32,32,32,0,0.888889,0.888889,0.0,0.0,221319.2864,221319.2864,,11.313485,221319.2864,221307.972915,-19561.432446
108,2024-07-25 10:43:00,2024-07-25 11:18:00,36,93,353.969,22,8.0,4039.0,4039.0,11.16,"(8.0, 4039.0, 9.0, 11.16, 0.0)",2024-07-25 10:43:00,2024-07-25 11:18:00,32,32,32,0,0.888889,0.888889,0.0,0.0,221319.2864,221319.2864,,11.313485,221319.2864,221307.972915,-19561.432446
108,2024-07-25 10:43:00,2024-07-25 11:18:00,36,93,353.969,23,8.0,4005.0,4005.0,10.31,"(8.0, 4005.0, 16.0, 10.31, 0.0)",2024-07-25 10:43:00,2024-07-25 11:18:00,32,32,32,0,0.888889,0.888889,0.0,0.0,221319.2864,221319.2864,,11.313485,221319.2864,221307.972915,-19561.432446
108,2024-07-25 10:43:00,2024-07-25 11:18:00,36,93,353.969,24,8.0,4032.0,4032.0,10.2,"(8.0, 4032.0, -19.0, 10.2, 0.0)",2024-07-25 10:43:00,2024-07-25 11:18:00,32,32,32,0,0.888889,0.888889,0.0,0.0,221319.2864,221319.2864,,11.313485,221319.2864,221307.972915,-19561.432446
108,2024-07-25 10:43:00,2024-07-25 11:18:00,36,93,353.969,25,8.0,4015.0,4015.0,9.93,"(8.0, 4015.0, -65.0, 9.93, 0.0)",2024-07-25 10:43:00,2024-07-25 11:18:00,32,32,32,0,0.888889,0.888889,0.0,0.0,221319.2864,221319.2864,,11.313485,221319.2864,221307.972915,-19561.432446
108,2024-07-25 10:43:00,2024-07-25 11:18:00,36,93,353.969,27,8.0,3754.0,3754.0,11.44,"(8.0, 3754.0, -44.0, 11.44, 0.0)",2024-07-25 10:43:00,2024-07-25 11:18:00,32,32,32,0,0.888889,0.888889,0.0,0.0,221319.2864,221319.2864,,11.313485,221319.2864,221307.972915,-19561.432446
108,2024-07-25 10:43:00,2024-07-25 11:18:00,36,93,353.969,28,8.0,4006.0,4006.0,9.94,"(8.0, 4006.0, -36.0, 9.94, 0.0)",2024-07-25 10:43:00,2024-07-25 11:18:00,32,32,32,0,0.888889,0.888889,0.0,0.0,221319.2864,221319.2864,,11.313485,221319.2864,221307.972915,-19561.432446
108,2024-07-25 10:43:00,2024-07-25 11:18:00,36,93,353.969,29,8.0,4004.0,4004.0,10.38,"(8.0, 4004.0, -105.0, 10.38, 0.0)",2024-07-25 10:43:00,2024-07-25 11:18:00,32,32,32,0,0.888889,0.888889,0.0,0.0,221319.2864,221319.2864,,11.313485,221319.2864,221307.972915,-19561.432446
108,2024-07-25 10:43:00,2024-07-25 11:18:00,36,93,353.969,30,8.0,3186.0,3186.0,9.5,"(8.0, 3186.0, 16.0, 9.5, 0.0)",2024-07-25 10:43:00,2024-07-25 11:18:00,32,32,32,0,0.888889,0.888889,0.0,0.0,221319.2864,221319.2864,,11.313485,221319.2864,221307.972915,-19561.432446
108,2024-07-25 10:43:00,2024-07-25 11:18:00,36,93,353.969,31,8.0,3374.0,3374.0,9.6,"(8.0, 3374.0, -21.0, 9.6, 0.0)",2024-07-25 10:43:00,2024-07-25 11:18:00,32,32,32,0,0.888889,0.888889,0.0,0.0,221319.2864,221319.2864,,11.313485,221319.2864,221307.972915,-19561.432446
108,2024-07-25 10:43:00,2024-07-25 11:18:00,36,93,353.969,32,8.0,3574.0,3574.0,8.43,"(8.0, 3574.0, 60.0, 8.43, 0.0)",2024-07-25 10:43:00,2024-07-25 11:18:00,32,32,32,0,0.888889,0.888889,0.0,0.0,221319.2864,221319.2864,,11.313485,221319.2864,221307.972915,-19561.432446
108,2024-07-25 10:43:00,2024-07-25 11:18:00,36,93,353.969,33,8.0,3766.0,3766.0,10.39,"(8.0, 3766.0, 4.0, 10.39, 0.0)",2024-07-25 10:43:00,2024-07-25 11:18:00,32,32,32,0,0.888889,0.888889,0.0,0.0,221319.2864,221319.2864,,11.313485,221319.2864,221307.972915,-19561.432446
108,2024-07-25 10:43:00,2024-07-25 11:18:00,36,93,353.969,35,8.0,3404.0,3404.0,9.64,"(8.0, 3404.0, 35.0, 9.64, 0.0)",2024-07-25 10:43:00,2024-07-25 11:18:00,32,32,32,0,0.888889,0.888889,0.0,0.0,221319.2864,221319.2864,,11.313485,221319.2864,221307.972915,-19561.432446
108,2024-07-25 10:43:00,2024-07-25 11:18:00,36,93,353.969,36,8.0,4012.0,4012.0,11.43,"(8.0, 4012.0, 59.0, 11.43, 0.0)",2024-07-25 10:43:00,2024-07-25 11:18:00,32,32,32,0,0.888889,0.888889,0.0,0.0,221319.2864,221319.2864,,11.313485,221319.2864,221307.972915,-19561.432446
108,2024-07-25 10:43:00,2024-07-25 11:18:00,36,93,353.969,37,8.0,4024.0,4024.0,11.93,"(8.0, 4024.0, 24.0, 11.93, 0.0)",2024-07-25 10:43:00,2024-07-25 11:18:00,32,32,32,0,0.888889,0.888889,0.0,0.0,221319.2864,221319.2864,,11.313485,221319.2864,221307.972915,-19561.432446
108,2024-07-25 10:43:00,2024-07-25 11:18:00,36,93,353.969,38,8.0,4032.0,4032.0,12.11,"(8.0, 4032.0, -12.0, 12.11, 0.0)",2024-07-25 10:43:00,2024-07-25 11:18:00,32,32,32,0,0.888889,0.888889,0.0,0.0,221319.2864,221319.2864,,11.313485,221319.2864,221307.972915,-19561.432446
108,2024-07-25 10:43:00,2024-07-25 11:18:00,36,93,353.969,39,8.0,4012.0,4012.0,11.46,"(8.0, 4012.0, 51.0, 11.46, 0.0)",2024-07-25 10:43:00,2024-07-25 11:18:00,32,32,32,0,0.888889,0.888889,0.0,0.0,221319.2864,221319.2864,,11.313485,221319.2864,221307.972915,-19561.432446
108,2024-07-25 10:43:00,2024-07-25 11:18:00,36,93,353.969,40,8.0,4028.0,4028.0,11.76,"(8.0, 4028.0, -10.0, 11.76, 0.0)",2024-07-25 10:43:00,2024-07-25 11:18:00,32,32,32,0,0.888889,0.888889,0.0,0.0,221319.2864,221319.2864,,11.313485,221319.2864,221307.972915,-19561.432446
108,2024-07-25 10:43:00,2024-07-25 11:18:00,36,93,353.969,42,8.0,4031.0,4031.0,10.27,"(8.0, 4031.0, 15.0, 10.27, 0.0)",2024-07-25 10:43:00,2024-07-25 11:18:00,32,32,32,0,0.888889,0.888889,0.0,0.0,221319.2864,221319.2864,,11.313485,221319.2864,221307.972915,-19561.432446
108,2024-07-25 10:43:00,2024-07-25 11:18:00,36,93,353.969,43,8.0,3967.0,3967.0,10.06,"(8.0, 3967.0, 16.0, 10.06, 0.0)",2024-07-25 10:43:00,2024-07-25 11:18:00,32,32,32,0,0.888889,0.888889,0.0,0.0,221319.2864,221319.2864,,11.313485,221319.2864,221307.972915,-19561.432446
108,2024-07-25 10:43:00,2024-07-25 11:18:00,36,93,353.969,44,8.0,3653.0,3653.0,10.06,"(8.0, 3653.0, 48.0, 10.06, 0.0)",2024-07-25 10:43:00,2024-07-25 11:18:00,32,32,32,0,0.888889,0.888889,0.0,0.0,221319.2864,221319.2864,,11.313485,221319.2864,221307.972915,-19561.432446
108,2024-07-25 10:43:00,2024-07-25 11:18:00,36,93,353.969,45,8.0,3560.0,3560.0,10.58,"(8.0, 3560.0, 30.0, 10.58, 0.0)",2024-07-25 10:43:00,2024-07-25 11:18:00,32,32,32,0,0.888889,0.888889,0.0,0.0,221319.2864,221319.2864,,11.313485,221319.2864,221307.972915,-19561.432446
108,2024-07-25 10:43:00,2024-07-25 11:18:00,36,93,353.969,46,8.0,3705.0,3705.0,9.41,"(8.0, 3705.0, 76.0, 9.41, 0.0)",2024-07-25 10:43:00,2024-07-25 11:18:00,32,32,32,0,0.888889,0.888889,0.0,0.0,221319.2864,221319.2864,,11.313485,221319.2864,221307.972915,-19561.432446
108,2024-07-25 10:43:00,2024-07-25 11:18:00,36,93,353.969,47,8.0,3237.0,3237.0,7.98,"(8.0, 3237.0, 12.0, 7.98, 0.0)",2024-07-25 10:43:00,2024-07-25 11:18:00,32,32,32,0,0.888889,0.888889,0.0,0.0,221319.2864,221319.2864,,11.313485,221319.2864,221307.972915,-19561.432446
108,2024-07-25 10:43:00,2024-07-25 11:18:00,36,93,353.969,48,8.0,2656.0,2656.0,8.91,"(8.0, 2656.0, 54.0, 8.91, 0.0)",2024-07-25 10:43:00,2024-07-25 11:18:00,32,32,32,0,0.888889,0.888889,0.0,0.0,221319.2864,221319.2864,,11.313485,221319.2864,221307.972915,-19561.432446
108,2024-07-25 10:43:00,2024-07-25 11:18:00,36,93,353.969,49,8.0,4022.0,4022.0,10.69,"(8.0, 4022.0, 45.0, 10.69, 0.0)",2024-07-25 10:43:00,2024-07-25 11:18:00,32,32,32,0,0.888889,0.888889,0.0,0.0,221319.2864,221319.2864,,11.313485,221319.2864,221307.972915,-19561.432446
108,2024-07-25 10:43:00,2024-07-25 11:18:00,36,93,353.969,50,8.0,3479.0,3479.0,9.49,"(8.0, 3479.0, 45.0, 9.49, 0.0)",2024-07-25 10:43:00,2024-07-25 11:18:00,32,32,32,0,0.888889,0.888889,0.0,0.0,221319.2864,221319.2864,,11.313485,221319.2864,221307.972915,-19561.432446
108,2024-07-25 10:43:00,2024-07-25 11:18:00,36,93,353.969,51,8.0,4028.0,4028.0,10.97,"(8.0, 4028.0, -5.0, 10.97, 0.0)",2024-07-25 10:43:00,2024-07-25 11:18:00,32,32,32,0,0.888889,0.888889,0.0,0.0,221319.2864,221319.2864,,11.313485,221319.2864,221307.972915,-19561.432446
108,2024-07-25 10:43:00,2024-07-25 11:18:00,36,93,353.969,52,8.0,4012.0,4012.0,11.39,"(8.0, 4012.0, 19.0, 11.39, 0.0)",2024-07-25 10:43:00,2024-07-25 11:18:00,32,32,32,0,0.888889,0.888889,0.0,0.0,221319.2864,221319.2864,,11.313485,221319.2864,221307.972915,-19561.432446
108,2024-07-25 10:43:00,2024-07-25 11:18:00,36,93,353.969,53,8.0,3971.0,3971.0,11.86,"(8.0, 3971.0, -194.0, 11.86, 0.0)",2024-07-25 10:43:00,2024-07-25 11:18:00,32,32,32,0,0.888889,0.888889,0.0,0.0,221319.2864,221319.2864,,11.313485,221319.2864,221307.972915,-19561.432446
108,2024-07-25 10:43:00,2024-07-25 11:18:00,36,93,353.969,54,8.0,4031.0,4031.0,10.61,"(8.0, 4031.0, 4.0, 10.61, 0.0)",2024-07-25 10:43:00,2024-07-25 11:18:00,32,32,32,0,0.888889,0.888889,0.0,0.0,221319.2864,221319.2864,,11.313485,221319.2864,221307.972915,-19561.432446
108,2024-07-25 10:43:00,2024-07-25 11:18:00,36,93,353.969,55,8.0,4058.0,4058.0,11.55,"(8.0, 4058.0, -63.0, 11.55, 0.0)",2024-07-25 10:43:00,2024-07-25 11:18:00,32,32,32,0,0.888889,0.888889,0.0,0.0,221319.2864,221319.2864,,11.313485,221319.2864,221307.972915,-19561.432446
108,2024-07-25 10:43:00,2024-07-25 11:18:00,36,93,353.969,56,8.0,3996.0,3996.0,11.55,"(8.0, 3996.0, 44.0, 11.55, 0.0)",2024-07-25 10:43:00,2024-07-25 11:18:00,32,32,32,0,0.888889,0.888889,0.0,0.0,221319.2864,221319.2864,,11.313485,221319.2864,221307.972915,-19561.432446
108,2024-07-25 10:43:00,2024-07-25 11:18:00,36,93,353.969,57,8.0,4034.0,4034.0,11.36,"(8.0, 4034.0, -53.0, 11.36, 0.0)",2024-07-25 10:43:00,2024-07-25 11:18:00,32,32,32,0,0.888889,0.888889,0.0,0.0,221319.2864,221319.2864,,11.313485,221319.2864,221307.972915,-19561.432446
108,2024-07-25 10:43:00,2024-07-25 11:18:00,36,93,353.969,58,8.0,3533.0,3533.0,9.32,"(8.0, 3533.0, 12.0, 9.32, 0.0)",2024-07-25 10:43:00,2024-07-25 11:18:00,32,32,32,0,0.888889,0.888889,0.0,0.0,221319.2864,221319.2864,,11.313485,221319.2864,221307.972915,-19561.432446
108,2024-07-25 10:43:00,2024-07-25 11:18:00,36,93,353.969,59,8.0,3375.0,3375.0,9.18,"(8.0, 3375.0, 64.0, 9.18, 0.0)",2024-07-25 10:43:00,2024-07-25 11:18:00,32,32,32,0,0.888889,0.888889,0.0,0.0,221319.2864,221319.2864,,11.313485,221319.2864,221307.972915,-19561.432446
108,2024-07-25 10:43:00,2024-07-25 11:18:00,36,93,353.969,60,8.0,3462.0,3462.0,9.23,"(8.0, 3462.0, 52.0, 9.23, 0.0)",2024-07-25 10:43:00,2024-07-25 11:18:00,32,32,32,0,0.888889,0.888889,0.0,0.0,221319.2864,221319.2864,,11.313485,221319.2864,221307.972915,-19561.432446
108,2024-07-25 10:43:00,2024-07-25 11:18:00,36,93,353.969,62,8.0,3750.0,3750.0,8.82,"(8.0, 3750.0, 49.0, 8.82, 0.0)",2024-07-25 10:43:00,2024-07-25 11:18:00,32,32,32,0,0.888889,0.888889,0.0,0.0,221319.2864,221319.2864,,11.313485,221319.2864,221307.972915,-19561.432446
108,2024-07-25 10:43:00,2024-07-25 11:18:00,36,93,353.969,63,8.0,3448.0,3448.0,9.41,"(8.0, 3448.0, 24.0, 9.41, 0.0)",2024-07-25 10:43:00,2024-07-25 11:18:00,32,32,32,0,0.888889,0.888889,0.0,0.0,221319.2864,221319.2864,,11.313485,221319.2864,221307.972915,-19561.432446
108,2024-07-25 10:43:00,2024-07-25 11:18:00,36,93,353.969,64,8.0,3593.0,3593.0,9.75,"(8.0, 3593.0, 22.0, 9.75, 0.0)",2024-07-25 10:43:00,2024-07-25 11:18:00,32,32,32,0,0.888889,0.888889,0.0,0.0,221319.2864,221319.2864,,11.313485,221319.2864,221307.972915,-19561.432446
108,2024-07-25 10:43:00,2024-07-25 11:18:00,36,93,353.969,65,8.0,3405.0,3405.0,9.58,"(8.0, 3405.0, 1.0, 9.58, 0.0)",2024-07-25 10:43:00,2024-07-25 11:18:00,32,32,32,0,0.888889,0.888889,0.0,0.0,221319.2864,221319.2864,,11.313485,221319.2864,221307.972915,-19561.432446
108,2024-07-25 10:43:00,2024-07-25 11:18:00,36,93,353.969,67,8.0,4006.0,4006.0,11.51,"(8.0, 4006.0, 67.0, 11.51, 0.0)",2024-07-25 10:43:00,2024-07-25 11:18:00,32,32,32,0,0.888889,0.888889,0.0,0.0,221319.2864,221319.2864,,11.313485,221319.2864,221307.972915,-19561.432446
108,2024-07-25 10:43:00,2024-07-25 11:18:00,36,93,353.969,68,8.0,4029.0,4029.0,11.39,"(8.0, 4029.0, -15.0, 11.39, 0.0)",2024-07-25 10:43:00,2024-07-25 11:18:00,32,32,32,0,0.888889,0.888889,0.0,0.0,221319.2864,221319.2864,,11.313485,221319.2864,221307.972915,-19561.432446
108,2024-07-25 10:43:00,2024-07-25 11:18:00,36,93,353.969,69,8.0,3982.0,3982.0,10.18,"(8.0, 3982.0, 1.0, 10.18, 0.0)",2024-07-25 10:43:00,2024-07-25 11:18:00,32,32,32,0,0.888889,0.888889,0.0,0.0,221319.2864,221319.2864,,11.313485,221319.2864,221307.972915,-19561.432446
108,2024-07-25 10:43:00,2024-07-25 11:18:00,36,93,353.969,70,8.0,4022.0,4022.0,10.37,"(8.0, 4022.0, 28.0, 10.37, 0.0)",2024-07-25 10:43:00,2024-07-25 11:18:00,32,32,32,0,0.888889,0.888889,0.0,0.0,221319.2864,221319.2864,,11.313485,221319.2864,221307.972915,-19561.432446
108,2024-07-25 10:43:00,2024-07-25 11:18:00,36,93,353.969,71,8.0,4013.0,4013.0,11.11,"(8.0, 4013.0, 31.0, 11.11, 0.0)",2024-07-25 10:43:00,2024-07-25 11:18:00,32,32,32,0,0.888889,0.888889,0.0,0.0,221319.2864,221319.2864,,11.313485,221319.2864,221307.972915,-19561.432446
108,2024-07-25 10:43:00,2024-07-25 11:18:00,36,93,353.969,72,8.0,4045.0,4045.0,10.08,"(8.0, 4045.0, -25.0, 10.08, 0.0)",2024-07-25 10:43:00,2024-07-25 11:18:00,32,32,32,0,0.888889,0.888889,0.0,0.0,221319.2864,221319.2864,,11.313485,221319.2864,221307.972915,-19561.432446
108,2024-07-25 10:43:00,2024-07-25 11:18:00,36,93,353.969,73,8.0,4024.0,4024.0,10.78,"(8.0, 4024.0, 35.0, 10.78, 0.0)",2024-07-25 10:43:00,2024-07-25 11:18:00,32,32,32,0,0.888889,0.888889,0.0,0.0,221319.2864,221319.2864,,11.313485,221319.2864,221307.972915,-19561.432446
108,2024-07-25 10:43:00,2024-07-25 11:18:00,36,93,353.969,74,8.0,3984.0,3984.0,10.18,"(8.0, 3984.0, 4.0, 10.18, 0.0)",2024-07-25 10:43:00,2024-07-25 11:18:00,32,32,32,0,0.888889,0.888889,0.0,0.0,221319.2864,221319.2864,,11.313485,221319.2864,221307.972915,-19561.432446
108,2024-07-25 10:43:00,2024-07-25 11:18:00,36,93,353.969,75,8.0,4037.0,4037.0,10.36,"(8.0, 4037.0, 172.0, 10.36, 0.0)",2024-07-25 10:43:00,2024-07-25 11:18:00,32,32,32,0,0.888889,0.888889,0.0,0.0,221319.2864,221319.2864,,11.313485,221319.2864,221307.972915,-19561.432446
108,2024-07-25 10:43:00,2024-07-25 11:18:00,36,93,353.969,76,8.0,4052.0,4052.0,10.2,"(8.0, 4052.0, 68.0, 10.2, 0.0)",2024-07-25 10:43:00,2024-07-25 11:18:00,32,32,32,0,0.888889,0.888889,0.0,0.0,221319.2864,221319.2864,,11.313485,221319.2864,221307.972915,-19561.432446
108,2024-07-25 10:43:00,2024-07-25 11:18:00,36,93,353.969,77,8.0,3980.0,3980.0,9.69,"(8.0, 3980.0, -64.0, 9.69, 0.0)",2024-07-25 10:43:00,2024-07-25 11:18:00,32,32,32,0,0.888889,0.888889,0.0,0.0,221319.2864,221319.2864,,11.313485,221319.2864,221307.972915,-19561.432446
108,2024-07-25 10:43:00,2024-07-25 11:18:00,36,93,353.969,78,8.0,3911.0,3911.0,9.43,"(8.0, 3911.0, 18.0, 9.43, 0.0)",2024-07-25 10:43:00,2024-07-25 11:18:00,32,32,32,0,0.888889,0.888889,0.0,0.0,221319.2864,221319.2864,,11.313485,221319.2864,221307.972915,-19561.432446
108,2024-07-25 10:43:00,2024-07-25 11:18:00,36,93,353.969,79,8.0,3998.0,3998.0,10.33,"(8.0, 3998.0, -36.0, 10.33, 0.0)",2024-07-25 10:43:00,2024-07-25 11:18:00,32,32,32,0,0.888889,0.888889,0.0,0.0,221319.2864,221319.2864,,11.313485,221319.2864,221307.972915,-19561.432446
108,2024-07-25 10:43:00,2024-07-25 11:18:00,36,93,353.969,81,11.0,1992.0,1992.0,9.87,"(11.0, 1992.0, 70.0, 9.87, 0.0)",2024-07-25 10:43:00,2024-07-25 11:18:00,32,32,32,0,0.888889,0.888889,0.0,0.0,221319.2864,221319.2864,,11.313485,221319.2864,221307.972915,-19561.432446
108,2024-07-25 10:43:00,2024-07-25 11:18:00,36,93,353.969,82,8.0,4021.0,4021.0,10.49,"(8.0, 4021.0, 21.0, 10.49, 0.0)",2024-07-25 10:43:00,2024-07-25 11:18:00,32,32,32,0,0.888889,0.888889,0.0,0.0,221319.2864,221319.2864,,11.313485,221319.2864,221307.972915,-19561.432446
108,2024-07-25 10:43:00,2024-07-25 11:18:00,36,93,353.969,83,8.0,4038.0,4038.0,10.82,"(8.0, 4038.0, 55.0, 10.82, 0.0)",2024-07-25 10:43:00,2024-07-25 11:18:00,32,32,32,0,0.888889,0.888889,0.0,0.0,221319.2864,221319.2864,,11.313485,221319.2864,221307.972915,-19561.432446
108,2024-07-25 10:43:00,2024-07-25 11:18:00,36,93,353.969,84,8.0,4012.0,4012.0,10.94,"(8.0, 4012.0, 19.0, 10.94, 0.0)",2024-07-25 10:43:00,2024-07-25 11:18:00,32,32,32,0,0.888889,0.888889,0.0,0.0,221319.2864,221319.2864,,11.313485,221319.2864,221307.972915,-19561.432446
108,2024-07-25 10:43:00,2024-07-25 11:18:00,36,93,353.969,85,8.0,4004.0,4004.0,11.31,"(8.0, 4004.0, -156.0, 11.31, 0.0)",2024-07-25 10:43:00,2024-07-25 11:18:00,32,32,32,0,0.888889,0.888889,0.0,0.0,221319.2864,221319.2864,,11.313485,221319.2864,221307.972915,-19561.432446
108,2024-07-25 10:43:00,2024-07-25 11:18:00,36,93,353.969,86,8.0,4010.0,4010.0,11.84,"(8.0, 4010.0, 24.0, 11.84, 0.0)",2024-07-25 10:43:00,2024-07-25 11:18:00,32,32,32,0,0.888889,0.888889,0.0,0.0,221319.2864,221319.2864,,11.313485,221319.2864,221307.972915,-19561.432446
108,2024-07-25 10:43:00,2024-07-25 11:18:00,36,93,353.969,87,8.0,4025.0,4025.0,11.06,"(8.0, 4025.0, 65.0, 11.06, 0.0)",2024-07-25 10:43:00,2024-07-25 11:18:00,32,32,32,0,0.888889,0.888889,0.0,0.0,221319.2864,221319.2864,,11.313485,221319.2864,221307.972915,-19561.432446
108,2024-07-25 10:43:00,2024-07-25 11:18:00,36,93,353.969,88,8.0,4044.0,4044.0,11.47,"(8.0, 4044.0, 67.0, 11.47, 0.0)",2024-07-25 10:43:00,2024-07-25 11:18:00,32,32,32,0,0.888889,0.888889,0.0,0.0,221319.2864,221319.2864,,11.313485,221319.2864,221307.972915,-19561.432446
108,2024-07-25 10:43:00,2024-07-25 11:18:00,36,93,353.969,89,8.0,3969.0,3969.0,11.71,"(8.0, 3969.0, 1.0, 11.71, 0.0)",2024-07-25 10:43:00,2024-07-25 11:18:00,32,32,32,0,0.888889,0.888889,0.0,0.0,221319.2864,221319.2864,,11.313485,221319.2864,221307.972915,-19561.432446
108,2024-07-25 10:43:00,2024-07-25 11:18:00,36,93,353.969,90,8.0,4019.0,4019.0,12.03,"(8.0, 4019.0, -99.0, 12.03, 0.0)",2024-07-25 10:43:00,2024-07-25 11:18:00,32,32,32,0,0.888889,0.888889,0.0,0.0,221319.2864,221319.2864,,11.313485,221319.2864,221307.972915,-19561.432446
108,2024-07-25 10:43:00,2024-07-25 11:18:00,36,93,353.969,91,8.0,4023.0,4023.0,11.11,"(8.0, 4023.0, 4.0, 11.11, 0.0)",2024-07-25 10:43:00,2024-07-25 11:18:00,32,32,32,0,0.888889,0.888889,0.0,0.0,221319.2864,221319.2864,,11.313485,221319.2864,221307.972915,-19561.432446
108,2024-07-25 10:43:00,2024-07-25 11:18:00,36,93,353.969,93,8.0,4035.0,4035.0,11.13,"(8.0, 4035.0, 36.0, 11.13, 0.0)",2024-07-25 10:43:00,2024-07-25 11:18:00,32,32,32,0,0.888889,0.888889,0.0,0.0,221319.2864,221319.2864,,11.313485,221319.2864,221307.972915,-19561.432446
108,2024-07-25 10:43:00,2024-07-25 11:18:00,36,93,353.969,94,8.0,4008.0,4008.0,10.93,"(8.0, 4008.0, -33.0, 10.93, 0.0)",2024-07-25 10:43:00,2024-07-25 11:18:00,32,32,32,0,0.888889,0.888889,0.0,0.0,221319.2864,221319.2864,,11.313485,221319.2864,221307.972915,-19561.432446
108,2024-07-25 10:43:00,2024-07-25 11:18:00,36,93,353.969,95,8.0,3974.0,3974.0,10.71,"(8.0, 3974.0, -9.0, 10.71, 0.0)",2024-07-25 10:43:00,2024-07-25 11:18:00,32,32,32,0,0.888889,0.888889,0.0,0.0,221319.2864,221319.2864,,11.313485,221319.2864,221307.972915,-19561.432446
108,2024-07-25 10:43:00,2024-07-25 11:18:00,36,93,353.969,96,8.0,4044.0,4044.0,11.92,"(8.0, 4044.0, -283.0, 11.92, 0.0)",2024-07-25 10:43:00,2024-07-25 11:18:00,32,32,32,0,0.888889,0.888889,0.0,0.0,221319.2864,221319.2864,,11.313485,221319.2864,221307.972915,-19561.432446
108,2024-07-25 10:43:00,2024-07-25 11:18:00,36,93,353.969,97,8.0,4031.0,4031.0,11.32,"(8.0, 4031.0, 40.0, 11.32, 0.0)",2024-07-25 10:43:00,2024-07-25 11:18:00,32,32,32,0,0.888889,0.888889,0.0,0.0,221319.2864,221319.2864,,11.313485,221319.2864,221307.972915,-19561.432446
108,2024-07-25 10:43:00,2024-07-25 11:18:00,36,93,353.969,98,8.0,4006.0,4006.0,10.84,"(8.0, 4006.0, 79.0, 10.84, 0.0)",2024-07-25 10:43:00,2024-07-25 11:18:00,32,32,32,0,0.888889,0.888889,0.0,0.0,221319.2864,221319.2864,,11.313485,221319.2864,221307.972915,-19561.432446
108,2024-07-25 10:43:00,2024-07-25 11:18:00,36,93,353.969,99,8.0,3956.0,3956.0,11.8,"(8.0, 3956.0, -5.0, 11.8, 0.0)",2024-07-25 10:43:00,2024-07-25 11:18:00,32,32,32,0,0.888889,0.888889,0.0,0.0,221319.2864,221319.2864,,11.313485,221319.2864,221307.972915,-19561.432446
108,2024-07-25 10:43:00,2024-07-25 11:18:00,36,93,353.969,100,8.0,4043.0,4043.0,11.79,"(8.0, 4043.0, 41.0, 11.79, 0.0)",2024-07-25 10:43:00,2024-07-25 11:18:00,32,32,32,0,0.888889,0.888889,0.0,0.0,221319.2864,221319.2864,,11.313485,221319.2864,221307.972915,-19561.432446
110,2024-07-25 13:18:00,2024-07-25 13:21:00,4,21,78.416,1,8.0,4002.0,4002.0,12.14,"(8.0, 4002.0, 38.0, 12.14, 0.0)",2024-07-25 13:18:00,2024-07-25 13:25:00,5,1,1,0,0.25,0.25,0.0,0.0,12.838287,12.838287,,0.062558,13.355853,13.293294,-212.494941
110,2024-07-25 13:18:00,2024-07-25 13:21:00,4,21,78.416,2,8.0,4040.0,4040.0,12.45,"(8.0, 4040.0, 55.0, 12.45, 0.0)",2024-07-25 13:18:00,2024-07-25 13:25:00,5,1,1,0,0.25,0.25,0.0,0.0,12.838287,12.838287,,0.062558,13.355853,13.293294,-212.494941
110,2024-07-25 13:18:00,2024-07-25 13:21:00,4,21,78.416,3,8.0,3991.0,3991.0,12.06,"(8.0, 3991.0, 83.0, 12.06, 0.0)",2024-07-25 13:18:00,2024-07-25 13:25:00,5,1,1,0,0.25,0.25,0.0,0.0,12.838287,12.838287,,0.062558,13.355853,13.293294,-212.494941
110,2024-07-25 13:18:00,2024-07-25 13:21:00,4,21,78.416,4,8.0,4019.0,4019.0,11.23,"(8.0, 4019.0, 75.0, 11.23, 0.0)",2024-07-25 13:18:00,2024-07-25 13:25:00,5,1,1,0,0.25,0.25,0.0,0.0,12.838287,12.838287,,0.062558,13.355853,13.293294,-212.494941
110,2024-07-25 13:18:00,2024-07-25 13:21:00,4,21,78.416,5,8.0,4025.0,4025.0,11.64,"(8.0, 4025.0, -7.0, 11.64, 0.0)",2024-07-25 13:18:00,2024-07-25 13:25:00,5,1,1,0,0.25,0.25,0.0,0.0,12.838287,12.838287,,0.062558,13.355853,13.293294,-212.494941
110,2024-07-25 13:18:00,2024-07-25 13:21:00,4,21,78.416,6,8.0,4032.0,4032.0,11.25,"(8.0, 4032.0, 2.0, 11.25, 0.0)",2024-07-25 13:18:00,2024-07-25 13:25:00,5,1,1,0,0.25,0.25,0.0,0.0,12.838287,12.838287,,0.062558,13.355853,13.293294,-212.494941
110,2024-07-25 13:18:00,2024-07-25 13:21:00,4,21,78.416,7,8.0,4029.0,4029.0,10.51,"(8.0, 4029.0, -54.0, 10.51, 0.0)",2024-07-25 13:18:00,2024-07-25 13:25:00,5,1,1,0,0.25,0.25,0.0,0.0,12.838287,12.838287,,0.062558,13.355853,13.293294,-212.494941
110,2024-07-25 13:18:00,2024-07-25 13:21:00,4,21,78.416,8,11.0,1998.0,1998.0,10.27,"(11.0, 1998.0, 82.0, 10.27, 0.0)",2024-07-25 13:18:00,2024-07-25 13:25:00,5,1,1,0,0.25,0.25,0.0,0.0,12.838287,12.838287,,0.062558,13.355853,13.293294,-212.494941
110,2024-07-25 13:18:00,2024-07-25 13:21:00,4,21,78.416,9,8.0,3982.0,3982.0,11.26,"(8.0, 3982.0, 39.0, 11.26, 0.0)",2024-07-25 13:18:00,2024-07-25 13:25:00,5,1,1,0,0.25,0.25,0.0,0.0,12.838287,12.838287,,0.062558,13.355853,13.293294,-212.494941
110,2024-07-25 13:18:00,2024-07-25 13:21:00,4,21,78.416,10,8.0,4009.0,4009.0,10.27,"(8.0, 4009.0, 19.0, 10.27, 0.0)",2024-07-25 13:18:00,2024-07-25 13:25:00,5,1,1,0,0.25,0.25,0.0,0.0,12.838287,12.838287,,0.062558,13.355853,13.293294,-212.494941
110,2024-07-25 13:18:00,2024-07-25 13:21:00,4,21,78.416,11,8.0,4011.0,4011.0,10.1,"(8.0, 4011.0, 22.0, 10.1, 0.0)",2024-07-25 13:18:00,2024-07-25 13:25:00,5,1,1,0,0.25,0.25,0.0,0.0,12.838287,12.838287,,0.062558,13.355853,13.293294,-212.494941
110,2024-07-25 13:18:00,2024-07-25 13:21:00,4,21,78.416,12,8.0,3952.0,3952.0,10.92,"(8.0, 3952.0, -64.0, 10.92, 0.0)",2024-07-25 13:18:00,2024-07-25 13:25:00,5,1,1,0,0.25,0.25,0.0,0.0,12.838287,12.838287,,0.062558,13.355853,13.293294,-212.494941
110,2024-07-25 13:18:00,2024-07-25 13:21:00,4,21,78.416,13,8.0,3262.0,3262.0,9.85,"(8.0, 3262.0, 26.0, 9.85, 0.0)",2024-07-25 13:18:00,2024-07-25 13:25:00,5,1,1,0,0.25,0.25,0.0,0.0,12.838287,12.838287,,0.062558,13.355853,13.293294,-212.494941
110,2024-07-25 13:18:00,2024-07-25 13:21:00,4,21,78.416,14,8.0,3842.0,3842.0,10.11,"(8.0, 3842.0, 22.0, 10.11, 0.0)",2024-07-25 13:18:00,2024-07-25 13:25:00,5,1,1,0,0.25,0.25,0.0,0.0,12.838287,12.838287,,0.062558,13.355853,13.293294,-212.494941
110,2024-07-25 13:18:00,2024-07-25 13:21:00,4,21,78.416,15,8.0,3301.0,3301.0,9.55,"(8.0, 3301.0, 35.0, 9.55, 0.0)",2024-07-25 13:18:00,2024-07-25 13:25:00,5,1,1,0,0.25,0.25,0.0,0.0,12.838287,12.838287,,0.062558,13.355853,13.293294,-212.494941
110,2024-07-25 13:18:00,2024-07-25 13:21:00,4,21,78.416,16,8.0,3580.0,3580.0,9.93,"(8.0, 3580.0, 25.0, 9.93, 0.0)",2024-07-25 13:18:00,2024-07-25 13:25:00,5,1,1,0,0.25,0.25,0.0,0.0,12.838287,12.838287,,0.062558,13.355853,13.293294,-212.494941
110,2024-07-25 13:18:00,2024-07-25 13:21:00,4,21,78.416,17,8.0,2662.0,2662.0,8.93,"(8.0, 2662.0, 25.0, 8.93, 0.0)",2024-07-25 13:18:00,2024-07-25 13:25:00,5,1,1,0,0.25,0.25,0.0,0.0,12.838287,12.838287,,0.062558,13.355853,13.293294,-212.494941
110,2024-07-25 13:18:00,2024-07-25 13:21:00,4,21,78.416,18,8.0,4028.0,4028.0,10.11,"(8.0, 4028.0, -19.0, 10.11, 0.0)",2024-07-25 13:18:00,2024-07-25 13:25:00,5,1,1,0,0.25,0.25,0.0,0.0,12.838287,12.838287,,0.062558,13.355853,13.293294,-212.494941
110,2024-07-25 13:18:00,2024-07-25 13:21:00,4,21,78.416,23,8.0,4017.0,4017.0,9.69,"(8.0, 4017.0, 30.0, 9.69, 0.0)",2024-07-25 13:18:00,2024-07-25 13:25:00,5,1,1,0,0.25,0.25,0.0,0.0,12.838287,12.838287,,0.062558,13.355853,13.293294,-212.494941
110,2024-07-25 13:18:00,2024-07-25 13:21:00,4,21,78.416,24,8.0,4012.0,4012.0,9.82,"(8.0, 4012.0, 23.0, 9.82, 0.0)",2024-07-25 13:18:00,2024-07-25 13:25:00,5,1,1,0,0.25,0.25,0.0,0.0,12.838287,12.838287,,0.062558,13.355853,13.293294,-212.494941
110,2024-07-25 13:18:00,2024-07-25 13:21:00,4,21,78.416,25,8.0,3622.0,3622.0,9.04,"(8.0, 3622.0, 57.0, 9.04, 0.0)",2024-07-25 13:18:00,2024-07-25 13:25:00,5,1,1,0,0.25,0.25,0.0,0.0,12.838287,12.838287,,0.062558,13.355853,13.293294,-212.494941
111,2024-07-25 13:22:00,2024-07-25 13:25:00,4,93,345.473,1,8.0,4002.0,4002.0,12.14,"(8.0, 4002.0, 38.0, 12.14, 0.0)",2024-07-25 13:18:00,2024-07-25 13:25:00,5,4,4,0,1.0,1.0,0.0,0.0,27058.368,27058.368,,0.231027,27058.368,27058.136973,-117120.869253
111,2024-07-25 13:22:00,2024-07-25 13:25:00,4,93,345.473,2,8.0,4040.0,4040.0,12.45,"(8.0, 4040.0, 55.0, 12.45, 0.0)",2024-07-25 13:18:00,2024-07-25 13:25:00,5,4,4,0,1.0,1.0,0.0,0.0,27058.368,27058.368,,0.231027,27058.368,27058.136973,-117120.869253
111,2024-07-25 13:22:00,2024-07-25 13:25:00,4,93,345.473,3,8.0,3991.0,3991.0,12.06,"(8.0, 3991.0, 83.0, 12.06, 0.0)",2024-07-25 13:18:00,2024-07-25 13:25:00,5,4,4,0,1.0,1.0,0.0,0.0,27058.368,27058.368,,0.231027,27058.368,27058.136973,-117120.869253
111,2024-07-25 13:22:00,2024-07-25 13:25:00,4,93,345.473,4,8.0,4019.0,4019.0,11.23,"(8.0, 4019.0, 75.0, 11.23, 0.0)",2024-07-25 13:18:00,2024-07-25 13:25:00,5,4,4,0,1.0,1.0,0.0,0.0,27058.368,27058.368,,0.231027,27058.368,27058.136973,-117120.869253
111,2024-07-25 13:22:00,2024-07-25 13:25:00,4,93,345.473,5,8.0,4025.0,4025.0,11.64,"(8.0, 4025.0, -7.0, 11.64, 0.0)",2024-07-25 13:18:00,2024-07-25 13:25:00,5,4,4,0,1.0,1.0,0.0,0.0,27058.368,27058.368,,0.231027,27058.368,27058.136973,-117120.869253
111,2024-07-25 13:22:00,2024-07-25 13:25:00,4,93,345.473,6,8.0,4032.0,4032.0,11.25,"(8.0, 4032.0, 2.0, 11.25, 0.0)",2024-07-25 13:18:00,2024-07-25 13:25:00,5,4,4,0,1.0,1.0,0.0,0.0,27058.368,27058.368,,0.231027,27058.368,27058.136973,-117120.869253
111,2024-07-25 13:22:00,2024-07-25 13:25:00,4,93,345.473,7,8.0,4029.0,4029.0,10.51,"(8.0, 4029.0, -54.0, 10.51, 0.0)",2024-07-25 13:18:00,2024-07-25 13:25:00,5,4,4,0,1.0,1.0,0.0,0.0,27058.368,27058.368,,0.231027,27058.368,27058.136973,-117120.869253
111,2024-07-25 13:22:00,2024-07-25 13:25:00,4,93,345.473,8,11.0,1998.0,1998.0,10.27,"(11.0, 1998.0, 82.0, 10.27, 0.0)",2024-07-25 13:18:00,2024-07-25 13:25:00,5,4,4,0,1.0,1.0,0.0,0.0,27058.368,27058.368,,0.231027,27058.368,27058.136973,-117120.869253
111,2024-07-25 13:22:00,2024-07-25 13:25:00,4,93,345.473,9,8.0,3982.0,3982.0,11.26,"(8.0, 3982.0, 39.0, 11.26, 0.0)",2024-07-25 13:18:00,2024-07-25 13:25:00,5,4,4,0,1.0,1.0,0.0,0.0,27058.368,27058.368,,0.231027,27058.368,27058.136973,-117120.869253
111,2024-07-25 13:22:00,2024-07-25 13:25:00,4,93,345.473,10,8.0,4009.0,4009.0,10.27,"(8.0, 4009.0, 19.0, 10.27, 0.0)",2024-07-25 13:18:00,2024-07-25 13:25:00,5,4,4,0,1.0,1.0,0.0,0.0,27058.368,27058.368,,0.231027,27058.368,27058.136973,-117120.869253
111,2024-07-25 13:22:00,2024-07-25 13:25:00,4,93,345.473,11,8.0,4011.0,4011.0,10.1,"(8.0, 4011.0, 22.0, 10.1, 0.0)",2024-07-25 13:18:00,2024-07-25 13:25:00,5,4,4,0,1.0,1.0,0.0,0.0,27058.368,27058.368,,0.231027,27058.368,27058.136973,-117120.869253
111,2024-07-25 13:22:00,2024-07-25 13:25:00,4,93,345.473,12,8.0,3952.0,3952.0,10.92,"(8.0, 3952.0, -64.0, 10.92, 0.0)",2024-07-25 13:18:00,2024-07-25 13:25:00,5,4,4,0,1.0,1.0,0.0,0.0,27058.368,27058.368,,0.231027,27058.368,27058.136973,-117120.869253
111,2024-07-25 13:22:00,2024-07-25 13:25:00,4,93,345.473,13,8.0,3262.0,3262.0,9.85,"(8.0, 3262.0, 26.0, 9.85, 0.0)",2024-07-25 13:18:00,2024-07-25 13:25:00,5,4,4,0,1.0,1.0,0.0,0.0,27058.368,27058.368,,0.231027,27058.368,27058.136973,-117120.869253
111,2024-07-25 13:22:00,2024-07-25 13:25:00,4,93,345.473,14,8.0,3842.0,3842.0,10.11,"(8.0, 3842.0, 22.0, 10.11, 0.0)",2024-07-25 13:18:00,2024-07-25 13:25:00,5,4,4,0,1.0,1.0,0.0,0.0,27058.368,27058.368,,0.231027,27058.368,27058.136973,-117120.869253
111,2024-07-25 13:22:00,2024-07-25 13:25:00,4,93,345.473,15,8.0,3301.0,3301.0,9.55,"(8.0, 3301.0, 35.0, 9.55, 0.0)",2024-07-25 13:18:00,2024-07-25 13:25:00,5,4,4,0,1.0,1.0,0.0,0.0,27058.368,27058.368,,0.231027,27058.368,27058.136973,-117120.869253
111,2024-07-25 13:22:00,2024-07-25 13:25:00,4,93,345.473,16,8.0,3580.0,3580.0,9.93,"(8.0, 3580.0, 25.0, 9.93, 0.0)",2024-07-25 13:18:00,2024-07-25 13:25:00,5,4,4,0,1.0,1.0,0.0,0.0,27058.368,27058.368,,0.231027,27058.368,27058.136973,-117120.869253
111,2024-07-25 13:22:00,2024-07-25 13:25:00,4,93,345.473,17,8.0,2662.0,2662.0,8.93,"(8.0, 2662.0, 25.0, 8.93, 0.0)",2024-07-25 13:18:00,2024-07-25 13:25:00,5,4,4,0,1.0,1.0,0.0,0.0,27058.368,27058.368,,0.231027,27058.368,27058.136973,-117120.869253
111,2024-07-25 13:22:00,2024-07-25 13:25:00,4,93,345.473,18,8.0,4028.0,4028.0,10.11,"(8.0, 4028.0, -19.0, 10.11, 0.0)",2024-07-25 13:18:00,2024-07-25 13:25:00,5,4,4,0,1.0,1.0,0.0,0.0,27058.368,27058.368,,0.231027,27058.368,27058.136973,-117120.869253
111,2024-07-25 13:22:00,2024-07-25 13:25:00,4,93,345.473,19,8.0,4019.0,4019.0,11.79,"(8.0, 4019.0, -14.0, 11.79, 0.0)",2024-07-25 13:22:00,2024-07-25 13:25:00,4,4,4,0,1.0,1.0,0.0,0.0,27058.368,27058.368,,0.231027,27058.368,27058.136973,-117120.869253
111,2024-07-25 13:22:00,2024-07-25 13:25:00,4,93,345.473,20,8.0,4021.0,4021.0,12.83,"(8.0, 4021.0, 32.0, 12.83, 0.0)",2024-07-25 13:22:00,2024-07-25 13:25:00,4,4,4,0,1.0,1.0,0.0,0.0,27058.368,27058.368,,0.231027,27058.368,27058.136973,-117120.869253
111,2024-07-25 13:22:00,2024-07-25 13:25:00,4,93,345.473,21,8.0,3991.0,3991.0,11.23,"(8.0, 3991.0, 9.0, 11.23, 0.0)",2024-07-25 13:22:00,2024-07-25 13:25:00,4,4,4,0,1.0,1.0,0.0,0.0,27058.368,27058.368,,0.231027,27058.368,27058.136973,-117120.869253
111,2024-07-25 13:22:00,2024-07-25 13:25:00,4,93,345.473,22,8.0,4041.0,4041.0,11.64,"(8.0, 4041.0, 8.0, 11.64, 0.0)",2024-07-25 13:22:00,2024-07-25 13:25:00,4,4,4,0,1.0,1.0,0.0,0.0,27058.368,27058.368,,0.231027,27058.368,27058.136973,-117120.869253
111,2024-07-25 13:22:00,2024-07-25 13:25:00,4,93,345.473,23,8.0,4017.0,4017.0,9.69,"(8.0, 4017.0, 30.0, 9.69, 0.0)",2024-07-25 13:18:00,2024-07-25 13:25:00,5,4,4,0,1.0,1.0,0.0,0.0,27058.368,27058.368,,0.231027,27058.368,27058.136973,-117120.869253
111,2024-07-25 13:22:00,2024-07-25 13:25:00,4,93,345.473,24,8.0,4012.0,4012.0,9.82,"(8.0, 4012.0, 23.0, 9.82, 0.0)",2024-07-25 13:18:00,2024-07-25 13:25:00,5,4,4,0,1.0,1.0,0.0,0.0,27058.368,27058.368,,0.231027,27058.368,27058.136973,-117120.869253
111,2024-07-25 13:22:00,2024-07-25 13:25:00,4,93,345.473,25,8.0,3622.0,3622.0,9.04,"(8.0, 3622.0, 57.0, 9.04, 0.0)",2024-07-25 13:18:00,2024-07-25 13:25:00,5,4,4,0,1.0,1.0,0.0,0.0,27058.368,27058.368,,0.231027,27058.368,27058.136973,-117120.869253
111,2024-07-25 13:22:00,2024-07-25 13:25:00,4,93,345.473,27,8.0,3944.0,3944.0,10.78,"(8.0, 3944.0, -46.0, 10.78, 0.0)",2024-07-25 13:22:00,2024-07-25 13:25:00,4,4,4,0,1.0,1.0,0.0,0.0,27058.368,27058.368,,0.231027,27058.368,27058.136973,-117120.869253
111,2024-07-25 13:22:00,2024-07-25 13:25:00,4,93,345.473,28,8.0,3101.0,3101.0,8.34,"(8.0, 3101.0, 9.0, 8.34, 0.0)",2024-07-25 13:22:00,2024-07-25 13:25:00,4,4,4,0,1.0,1.0,0.0,0.0,27058.368,27058.368,,0.231027,27058.368,27058.136973,-117120.869253
111,2024-07-25 13:22:00,2024-07-25 13:25:00,4,93,345.473,29,8.0,3865.0,3865.0,8.57,"(8.0, 3865.0, -108.0, 8.57, 0.0)",2024-07-25 13:22:00,2024-07-25 13:25:00,4,4,4,0,1.0,1.0,0.0,0.0,27058.368,27058.368,,0.231027,27058.368,27058.136973,-117120.869253
111,2024-07-25 13:22:00,2024-07-25 13:25:00,4,93,345.473,30,8.0,2743.0,2743.0,9.47,"(8.0, 2743.0, -13.0, 9.47, 0.0)",2024-07-25 13:22:00,2024-07-25 13:25:00,4,4,4,0,1.0,1.0,0.0,0.0,27058.368,27058.368,,0.231027,27058.368,27058.136973,-117120.869253
111,2024-07-25 13:22:00,2024-07-25 13:25:00,4,93,345.473,31,8.0,2900.0,2900.0,9.17,"(8.0, 2900.0, -34.0, 9.17, 0.0)",2024-07-25 13:22:00,2024-07-25 13:25:00,4,4,4,0,1.0,1.0,0.0,0.0,27058.368,27058.368,,0.231027,27058.368,27058.136973,-117120.869253
111,2024-07-25 13:22:00,2024-07-25 13:25:00,4,93,345.473,32,8.0,3212.0,3212.0,9.6,"(8.0, 3212.0, 51.0, 9.6, 0.0)",2024-07-25 13:22:00,2024-07-25 13:25:00,4,4,4,0,1.0,1.0,0.0,0.0,27058.368,27058.368,,0.231027,27058.368,27058.136973,-117120.869253
111,2024-07-25 13:22:00,2024-07-25 13:25:00,4,93,345.473,33,8.0,3797.0,3797.0,10.93,"(8.0, 3797.0, -8.0, 10.93, 0.0)",2024-07-25 13:22:00,2024-07-25 13:25:00,4,4,4,0,1.0,1.0,0.0,0.0,27058.368,27058.368,,0.231027,27058.368,27058.136973,-117120.869253
111,2024-07-25 13:22:00,2024-07-25 13:25:00,4,93,345.473,35,8.0,4034.0,4034.0,10.72,"(8.0, 4034.0, 38.0, 10.72, 0.0)",2024-07-25 13:22:00,2024-07-25 13:25:00,4,4,4,0,1.0,1.0,0.0,0.0,27058.368,27058.368,,0.231027,27058.368,27058.136973,-117120.869253
111,2024-07-25 13:22:00,2024-07-25 13:25:00,4,93,345.473,36,8.0,4001.0,4001.0,11.42,"(8.0, 4001.0, 66.0, 11.42, 0.0)",2024-07-25 13:22:00,2024-07-25 13:25:00,4,4,4,0,1.0,1.0,0.0,0.0,27058.368,27058.368,,0.231027,27058.368,27058.136973,-117120.869253
111,2024-07-25 13:22:00,2024-07-25 13:25:00,4,93,345.473,37,8.0,4030.0,4030.0,11.08,"(8.0, 4030.0, 8.0, 11.08, 0.0)",2024-07-25 13:22:00,2024-07-25 13:25:00,4,4,4,0,1.0,1.0,0.0,0.0,27058.368,27058.368,,0.231027,27058.368,27058.136973,-117120.869253
111,2024-07-25 13:22:00,2024-07-25 13:25:00,4,93,345.473,38,8.0,4020.0,4020.0,11.49,"(8.0, 4020.0, 18.0, 11.49, 0.0)",2024-07-25 13:22:00,2024-07-25 13:25:00,4,4,4,0,1.0,1.0,0.0,0.0,27058.368,27058.368,,0.231027,27058.368,27058.136973,-117120.869253
111,2024-07-25 13:22:00,2024-07-25 13:25:00,4,93,345.473,39,8.0,3693.0,3693.0,10.28,"(8.0, 3693.0, 46.0, 10.28, 0.0)",2024-07-25 13:22:00,2024-07-25 13:25:00,4,4,4,0,1.0,1.0,0.0,0.0,27058.368,27058.368,,0.231027,27058.368,27058.136973,-117120.869253
111,2024-07-25 13:22:00,2024-07-25 13:25:00,4,93,345.473,40,8.0,3768.0,3768.0,11.88,"(8.0, 3768.0, 25.0, 11.88, 0.0)",2024-07-25 13:22:00,2024-07-25 13:25:00,4,4,4,0,1.0,1.0,0.0,0.0,27058.368,27058.368,,0.231027,27058.368,27058.136973,-117120.869253
111,2024-07-25 13:22:00,2024-07-25 13:25:00,4,93,345.473,42,8.0,3656.0,3656.0,9.65,"(8.0, 3656.0, 23.0, 9.65, 0.0)",2024-07-25 13:22:00,2024-07-25 13:25:00,4,4,4,0,1.0,1.0,0.0,0.0,27058.368,27058.368,,0.231027,27058.368,27058.136973,-117120.869253
111,2024-07-25 13:22:00,2024-07-25 13:25:00,4,93,345.473,43,8.0,3407.0,3407.0,9.1,"(8.0, 3407.0, 6.0, 9.1, 0.0)",2024-07-25 13:22:00,2024-07-25 13:25:00,4,4,4,0,1.0,1.0,0.0,0.0,27058.368,27058.368,,0.231027,27058.368,27058.136973,-117120.869253
111,2024-07-25 13:22:00,2024-07-25 13:25:00,4,93,345.473,44,8.0,3167.0,3167.0,9.55,"(8.0, 3167.0, 46.0, 9.55, 0.0)",2024-07-25 13:22:00,2024-07-25 13:25:00,4,4,4,0,1.0,1.0,0.0,0.0,27058.368,27058.368,,0.231027,27058.368,27058.136973,-117120.869253
111,2024-07-25 13:22:00,2024-07-25 13:25:00,4,93,345.473,45,8.0,3288.0,3288.0,9.02,"(8.0, 3288.0, 12.0, 9.02, 0.0)",2024-07-25 13:22:00,2024-07-25 13:25:00,4,4,4,0,1.0,1.0,0.0,0.0,27058.368,27058.368,,0.231027,27058.368,27058.136973,-117120.869253
111,2024-07-25 13:22:00,2024-07-25 13:25:00,4,93,345.473,46,8.0,3253.0,3253.0,9.14,"(8.0, 3253.0, 64.0, 9.14, 0.0)",2024-07-25 13:22:00,2024-07-25 13:25:00,4,4,4,0,1.0,1.0,0.0,0.0,27058.368,27058.368,,0.231027,27058.368,27058.136973,-117120.869253
111,2024-07-25 13:22:00,2024-07-25 13:25:00,4,93,345.473,47,8.0,3579.0,3579.0,9.87,"(8.0, 3579.0, 30.0, 9.87, 0.0)",2024-07-25 13:22:00,2024-07-25 13:25:00,4,4,4,0,1.0,1.0,0.0,0.0,27058.368,27058.368,,0.231027,27058.368,27058.136973,-117120.869253
111,2024-07-25 13:22:00,2024-07-25 13:25:00,4,93,345.473,48,8.0,3869.0,3869.0,10.44,"(8.0, 3869.0, 41.0, 10.44, 0.0)",2024-07-25 13:22:00,2024-07-25 13:25:00,4,4,4,0,1.0,1.0,0.0,0.0,27058.368,27058.368,,0.231027,27058.368,27058.136973,-117120.869253
111,2024-07-25 13:22:00,2024-07-25 13:25:00,4,93,345.473,49,8.0,4011.0,4011.0,10.08,"(8.0, 4011.0, 16.0, 10.08, 0.0)",2024-07-25 13:22:00,2024-07-25 13:25:00,4,4,4,0,1.0,1.0,0.0,0.0,27058.368,27058.368,,0.231027,27058.368,27058.136973,-117120.869253
111,2024-07-25 13:22:00,2024-07-25 13:25:00,4,93,345.473,50,8.0,4045.0,4045.0,10.88,"(8.0, 4045.0, 13.0, 10.88, 0.0)",2024-07-25 13:22:00,2024-07-25 13:25:00,4,4,4,0,1.0,1.0,0.0,0.0,27058.368,27058.368,,0.231027,27058.368,27058.136973,-117120.869253
111,2024-07-25 13:22:00,2024-07-25 13:25:00,4,93,345.473,51,8.0,3993.0,3993.0,10.9,"(8.0, 3993.0, -18.0, 10.9, 0.0)",2024-07-25 13:22:00,2024-07-25 13:25:00,4,4,4,0,1.0,1.0,0.0,0.0,27058.368,27058.368,,0.231027,27058.368,27058.136973,-117120.869253
111,2024-07-25 13:22:00,2024-07-25 13:25:00,4,93,345.473,52,8.0,4011.0,4011.0,10.95,"(8.0, 4011.0, 21.0, 10.95, 0.0)",2024-07-25 13:22:00,2024-07-25 13:25:00,4,4,4,0,1.0,1.0,0.0,0.0,27058.368,27058.368,,0.231027,27058.368,27058.136973,-117120.869253
111,2024-07-25 13:22:00,2024-07-25 13:25:00,4,93,345.473,53,8.0,3965.0,3965.0,10.2,"(8.0, 3965.0, -136.0, 10.2, 0.0)",2024-07-25 13:22:00,2024-07-25 13:25:00,4,4,4,0,1.0,1.0,0.0,0.0,27058.368,27058.368,,0.231027,27058.368,27058.136973,-117120.869253
111,2024-07-25 13:22:00,2024-07-25 13:25:00,4,93,345.473,54,8.0,3814.0,3814.0,11.28,"(8.0, 3814.0, 17.0, 11.28, 0.0)",2024-07-25 13:22:00,2024-07-25 13:25:00,4,4,4,0,1.0,1.0,0.0,0.0,27058.368,27058.368,,0.231027,27058.368,27058.136973,-117120.869253
111,2024-07-25 13:22:00,2024-07-25 13:25:00,4,93,345.473,55,8.0,3810.0,3810.0,9.64,"(8.0, 3810.0, -33.0, 9.64, 0.0)",2024-07-25 13:22:00,2024-07-25 13:25:00,4,4,4,0,1.0,1.0,0.0,0.0,27058.368,27058.368,,0.231027,27058.368,27058.136973,-117120.869253
111,2024-07-25 13:22:00,2024-07-25 13:25:00,4,93,345.473,56,8.0,3632.0,3632.0,8.59,"(8.0, 3632.0, 8.0, 8.59, 0.0)",2024-07-25 13:22:00,2024-07-25 13:25:00,4,4,4,0,1.0,1.0,0.0,0.0,27058.368,27058.368,,0.231027,27058.368,27058.136973,-117120.869253
111,2024-07-25 13:22:00,2024-07-25 13:25:00,4,93,345.473,57,8.0,3499.0,3499.0,9.85,"(8.0, 3499.0, -46.0, 9.85, 0.0)",2024-07-25 13:22:00,2024-07-25 13:25:00,4,4,4,0,1.0,1.0,0.0,0.0,27058.368,27058.368,,0.231027,27058.368,27058.136973,-117120.869253
111,2024-07-25 13:22:00,2024-07-25 13:25:00,4,93,345.473,58,8.0,3487.0,3487.0,9.38,"(8.0, 3487.0, 33.0, 9.38, 0.0)",2024-07-25 13:22:00,2024-07-25 13:25:00,4,4,4,0,1.0,1.0,0.0,0.0,27058.368,27058.368,,0.231027,27058.368,27058.136973,-117120.869253
111,2024-07-25 13:22:00,2024-07-25 13:25:00,4,93,345.473,59,8.0,4011.0,4011.0,9.94,"(8.0, 4011.0, 51.0, 9.94, 0.0)",2024-07-25 13:22:00,2024-07-25 13:25:00,4,4,4,0,1.0,1.0,0.0,0.0,27058.368,27058.368,,0.231027,27058.368,27058.136973,-117120.869253
111,2024-07-25 13:22:00,2024-07-25 13:25:00,4,93,345.473,60,8.0,3884.0,3884.0,10.09,"(8.0, 3884.0, -4.0, 10.09, 0.0)",2024-07-25 13:22:00,2024-07-25 13:25:00,4,4,4,0,1.0,1.0,0.0,0.0,27058.368,27058.368,,0.231027,27058.368,27058.136973,-117120.869253
111,2024-07-25 13:22:00,2024-07-25 13:25:00,4,93,345.473,62,8.0,3133.0,3133.0,9.14,"(8.0, 3133.0, 26.0, 9.14, 0.0)",2024-07-25 13:22:00,2024-07-25 13:25:00,4,4,4,0,1.0,1.0,0.0,0.0,27058.368,27058.368,,0.231027,27058.368,27058.136973,-117120.869253
111,2024-07-25 13:22:00,2024-07-25 13:25:00,4,93,345.473,63,8.0,3938.0,3938.0,10.01,"(8.0, 3938.0, -6.0, 10.01, 0.0)",2024-07-25 13:22:00,2024-07-25 13:25:00,4,4,4,0,1.0,1.0,0.0,0.0,27058.368,27058.368,,0.231027,27058.368,27058.136973,-117120.869253
111,2024-07-25 13:22:00,2024-07-25 13:25:00,4,93,345.473,64,8.0,3778.0,3778.0,9.91,"(8.0, 3778.0, 4.0, 9.91, 0.0)",2024-07-25 13:22:00,2024-07-25 13:25:00,4,4,4,0,1.0,1.0,0.0,0.0,27058.368,27058.368,,0.231027,27058.368,27058.136973,-117120.869253
111,2024-07-25 13:22:00,2024-07-25 13:25:00,4,93,345.473,65,8.0,3984.0,3984.0,9.03,"(8.0, 3984.0, -37.0, 9.03, 0.0)",2024-07-25 13:22:00,2024-07-25 13:25:00,4,4,4,0,1.0,1.0,0.0,0.0,27058.368,27058.368,,0.231027,27058.368,27058.136973,-117120.869253
111,2024-07-25 13:22:00,2024-07-25 13:25:00,4,93,345.473,67,8.0,3977.0,3977.0,10.84,"(8.0, 3977.0, 38.0, 10.84, 0.0)",2024-07-25 13:22:00,2024-07-25 13:25:00,4,4,4,0,1.0,1.0,0.0,0.0,27058.368,27058.368,,0.231027,27058.368,27058.136973,-117120.869253
111,2024-07-25 13:22:00,2024-07-25 13:25:00,4,93,345.473,68,8.0,4017.0,4017.0,11.03,"(8.0, 4017.0, -46.0, 11.03, 0.0)",2024-07-25 13:22:00,2024-07-25 13:25:00,4,4,4,0,1.0,1.0,0.0,0.0,27058.368,27058.368,,0.231027,27058.368,27058.136973,-117120.869253
111,2024-07-25 13:22:00,2024-07-25 13:25:00,4,93,345.473,69,8.0,3319.0,3319.0,9.6,"(8.0, 3319.0, 8.0, 9.6, 0.0)",2024-07-25 13:22:00,2024-07-25 13:25:00,4,4,4,0,1.0,1.0,0.0,0.0,27058.368,27058.368,,0.231027,27058.368,27058.136973,-117120.869253
111,2024-07-25 13:22:00,2024-07-25 13:25:00,4,93,345.473,70,8.0,3431.0,3431.0,8.85,"(8.0, 3431.0, 27.0, 8.85, 0.0)",2024-07-25 13:22:00,2024-07-25 13:25:00,4,4,4,0,1.0,1.0,0.0,0.0,27058.368,27058.368,,0.231027,27058.368,27058.136973,-117120.869253
111,2024-07-25 13:22:00,2024-07-25 13:25:00,4,93,345.473,71,8.0,2770.0,2770.0,8.28,"(8.0, 2770.0, 1.0, 8.28, 0.0)",2024-07-25 13:22:00,2024-07-25 13:25:00,4,4,4,0,1.0,1.0,0.0,0.0,27058.368,27058.368,,0.231027,27058.368,27058.136973,-117120.869253
111,2024-07-25 13:22:00,2024-07-25 13:25:00,4,93,345.473,72,8.0,3282.0,3282.0,9.11,"(8.0, 3282.0, 37.0, 9.11, 0.0)",2024-07-25 13:22:00,2024-07-25 13:25:00,4,4,4,0,1.0,1.0,0.0,0.0,27058.368,27058.368,,0.231027,27058.368,27058.136973,-117120.869253
111,2024-07-25 13:22:00,2024-07-25 13:25:00,4,93,345.473,73,8.0,3266.0,3266.0,7.9,"(8.0, 3266.0, -1.0, 7.9, 0.0)",2024-07-25 13:22:00,2024-07-25 13:25:00,4,4,4,0,1.0,1.0,0.0,0.0,27058.368,27058.368,,0.231027,27058.368,27058.136973,-117120.869253
111,2024-07-25 13:22:00,2024-07-25 13:25:00,4,93,345.473,74,8.0,3280.0,3280.0,9.67,"(8.0, 3280.0, 60.0, 9.67, 0.0)",2024-07-25 13:22:00,2024-07-25 13:25:00,4,4,4,0,1.0,1.0,0.0,0.0,27058.368,27058.368,,0.231027,27058.368,27058.136973,-117120.869253
111,2024-07-25 13:22:00,2024-07-25 13:25:00,4,93,345.473,75,8.0,3447.0,3447.0,8.22,"(8.0, 3447.0, 98.0, 8.22, 0.0)",2024-07-25 13:22:00,2024-07-25 13:25:00,4,4,4,0,1.0,1.0,0.0,0.0,27058.368,27058.368,,0.231027,27058.368,27058.136973,-117120.869253
111,2024-07-25 13:22:00,2024-07-25 13:25:00,4,93,345.473,76,8.0,3347.0,3347.0,8.01,"(8.0, 3347.0, 56.0, 8.01, 0.0)",2024-07-25 13:22:00,2024-07-25 13:25:00,4,4,4,0,1.0,1.0,0.0,0.0,27058.368,27058.368,,0.231027,27058.368,27058.136973,-117120.869253
111,2024-07-25 13:22:00,2024-07-25 13:25:00,4,93,345.473,77,8.0,3773.0,3773.0,9.92,"(8.0, 3773.0, -67.0, 9.92, 0.0)",2024-07-25 13:22:00,2024-07-25 13:25:00,4,4,4,0,1.0,1.0,0.0,0.0,27058.368,27058.368,,0.231027,27058.368,27058.136973,-117120.869253
111,2024-07-25 13:22:00,2024-07-25 13:25:00,4,93,345.473,78,8.0,3528.0,3528.0,9.23,"(8.0, 3528.0, 33.0, 9.23, 0.0)",2024-07-25 13:22:00,2024-07-25 13:25:00,4,4,4,0,1.0,1.0,0.0,0.0,27058.368,27058.368,,0.231027,27058.368,27058.136973,-117120.869253
111,2024-07-25 13:22:00,2024-07-25 13:25:00,4,93,345.473,79,8.0,3433.0,3433.0,8.87,"(8.0, 3433.0, -3.0, 8.87, 0.0)",2024-07-25 13:22:00,2024-07-25 13:25:00,4,4,4,0,1.0,1.0,0.0,0.0,27058.368,27058.368,,0.231027,27058.368,27058.136973,-117120.869253
111,2024-07-25 13:22:00,2024-07-25 13:25:00,4,93,345.473,81,11.0,2003.0,2003.0,10.61,"(11.0, 2003.0, 24.0, 10.61, 0.0)",2024-07-25 13:22:00,2024-07-25 13:25:00,4,4,4,0,1.0,1.0,0.0,0.0,27058.368,27058.368,,0.231027,27058.368,27058.136973,-117120.869253
111,2024-07-25 13:22:00,2024-07-25 13:25:00,4,93,345.473,82,8.0,3965.0,3965.0,9.84,"(8.0, 3965.0, 13.0, 9.84, 0.0)",2024-07-25 13:22:00,2024-07-25 13:25:00,4,4,4,0,1.0,1.0,0.0,0.0,27058.368,27058.368,,0.231027,27058.368,27058.136973,-117120.869253
111,2024-07-25 13:22:00,2024-07-25 13:25:00,4,93,345.473,83,8.0,4043.0,4043.0,10.3,"(8.0, 4043.0, 65.0, 10.3, 0.0)",2024-07-25 13:22:00,2024-07-25 13:25:00,4,4,4,0,1.0,1.0,0.0,0.0,27058.368,27058.368,,0.231027,27058.368,27058.136973,-117120.869253
111,2024-07-25 13:22:00,2024-07-25 13:25:00,4,93,345.473,84,8.0,4022.0,4022.0,10.79,"(8.0, 4022.0, 20.0, 10.79, 0.0)",2024-07-25 13:22:00,2024-07-25 13:25:00,4,4,4,0,1.0,1.0,0.0,0.0,27058.368,27058.368,,0.231027,27058.368,27058.136973,-117120.869253
111,2024-07-25 13:22:00,2024-07-25 13:25:00,4,93,345.473,85,8.0,3997.0,3997.0,10.26,"(8.0, 3997.0, -135.0, 10.26, 0.0)",2024-07-25 13:22:00,2024-07-25 13:25:00,4,4,4,0,1.0,1.0,0.0,0.0,27058.368,27058.368,,0.231027,27058.368,27058.136973,-117120.869253
111,2024-07-25 13:22:00,2024-07-25 13:25:00,4,93,345.473,86,8.0,4031.0,4031.0,11.27,"(8.0, 4031.0, 35.0, 11.27, 0.0)",2024-07-25 13:22:00,2024-07-25 13:25:00,4,4,4,0,1.0,1.0,0.0,0.0,27058.368,27058.368,,0.231027,27058.368,27058.136973,-117120.869253
111,2024-07-25 13:22:00,2024-07-25 13:25:00,4,93,345.473,87,8.0,4003.0,4003.0,11.26,"(8.0, 4003.0, 61.0, 11.26, 0.0)",2024-07-25 13:22:00,2024-07-25 13:25:00,4,4,4,0,1.0,1.0,0.0,0.0,27058.368,27058.368,,0.231027,27058.368,27058.136973,-117120.869253
111,2024-07-25 13:22:00,2024-07-25 13:25:00,4,93,345.473,88,8.0,4040.0,4040.0,11.49,"(8.0, 4040.0, 9.0, 11.49, 0.0)",2024-07-25 13:22:00,2024-07-25 13:25:00,4,4,4,0,1.0,1.0,0.0,0.0,27058.368,27058.368,,0.231027,27058.368,27058.136973,-117120.869253
111,2024-07-25 13:22:00,2024-07-25 13:25:00,4,93,345.473,89,8.0,3980.0,3980.0,11.37,"(8.0, 3980.0, 14.0, 11.37, 0.0)",2024-07-25 13:22:00,2024-07-25 13:25:00,4,4,4,0,1.0,1.0,0.0,0.0,27058.368,27058.368,,0.231027,27058.368,27058.136973,-117120.869253
111,2024-07-25 13:22:00,2024-07-25 13:25:00,4,93,345.473,90,8.0,3967.0,3967.0,10.5,"(8.0, 3967.0, -30.0, 10.5, 0.0)",2024-07-25 13:22:00,2024-07-25 13:25:00,4,4,4,0,1.0,1.0,0.0,0.0,27058.368,27058.368,,0.231027,27058.368,27058.136973,-117120.869253
111,2024-07-25 13:22:00,2024-07-25 13:25:00,4,93,345.473,91,8.0,3961.0,3961.0,11.58,"(8.0, 3961.0, 23.0, 11.58, 0.0)",2024-07-25 13:22:00,2024-07-25 13:25:00,4,4,4,0,1.0,1.0,0.0,0.0,27058.368,27058.368,,0.231027,27058.368,27058.136973,-117120.869253
111,2024-07-25 13:22:00,2024-07-25 13:25:00,4,93,345.473,93,8.0,3813.0,3813.0,10.78,"(8.0, 3813.0, 38.0, 10.78, 0.0)",2024-07-25 13:22:00,2024-07-25 13:25:00,4,4,4,0,1.0,1.0,0.0,0.0,27058.368,27058.368,,0.231027,27058.368,27058.136973,-117120.869253
111,2024-07-25 13:22:00,2024-07-25 13:25:00,4,93,345.473,94,8.0,3896.0,3896.0,11.33,"(8.0, 3896.0, 16.0, 11.33, 0.0)",2024-07-25 13:22:00,2024-07-25 13:25:00,4,4,4,0,1.0,1.0,0.0,0.0,27058.368,27058.368,,0.231027,27058.368,27058.136973,-117120.869253
111,2024-07-25 13:22:00,2024-07-25 13:25:00,4,93,345.473,95,8.0,3999.0,3999.0,10.08,"(8.0, 3999.0, 2.0, 10.08, 0.0)",2024-07-25 13:22:00,2024-07-25 13:25:00,4,4,4,0,1.0,1.0,0.0,0.0,27058.368,27058.368,,0.231027,27058.368,27058.136973,-117120.869253
111,2024-07-25 13:22:00,2024-07-25 13:25:00,4,93,345.473,96,8.0,4042.0,4042.0,10.89,"(8.0, 4042.0, -240.0, 10.89, 0.0)",2024-07-25 13:22:00,2024-07-25 13:25:00,4,4,4,0,1.0,1.0,0.0,0.0,27058.368,27058.368,,0.231027,27058.368,27058.136973,-117120.869253
111,2024-07-25 13:22:00,2024-07-25 13:25:00,4,93,345.473,97,8.0,4025.0,4025.0,10.44,"(8.0, 4025.0, 25.0, 10.44, 0.0)",2024-07-25 13:22:00,2024-07-25 13:25:00,4,4,4,0,1.0,1.0,0.0,0.0,27058.368,27058.368,,0.231027,27058.368,27058.136973,-117120.869253
111,2024-07-25 13:22:00,2024-07-25 13:25:00,4,93,345.473,98,8.0,4034.0,4034.0,10.75,"(8.0, 4034.0, 75.0, 10.75, 0.0)",2024-07-25 13:22:00,2024-07-25 13:25:00,4,4,4,0,1.0,1.0,0.0,0.0,27058.368,27058.368,,0.231027,27058.368,27058.136973,-117120.869253
111,2024-07-25 13:22:00,2024-07-25 13:25:00,4,93,345.473,99,8.0,3965.0,3965.0,10.03,"(8.0, 3965.0, -16.0, 10.03, 0.0)",2024-07-25 13:22:00,2024-07-25 13:25:00,4,4,4,0,1.0,1.0,0.0,0.0,27058.368,27058.368,,0.231027,27058.368,27058.136973,-117120.869253
111,2024-07-25 13:22:00,2024-07-25 13:25:00,4,93,345.473,100,8.0,4007.0,4007.0,10.66,"(8.0, 4007.0, 46.0, 10.66, 0.0)",2024-07-25 13:22:00,2024-07-25 13:25:00,4,4,4,0,1.0,1.0,0.0,0.0,27058.368,27058.368,,0.231027,27058.368,27058.136973,-117120.869253
112,2024-07-25 13:26:00,2024-07-25 13:50:00,25,93,342.297,1,8.0,4032.0,4032.0,11.96,"(8.0, 4032.0, 38.0, 11.96, 0.0)",2024-07-25 13:26:00,2024-07-25 13:50:00,25,25,25,0,1.0,1.0,0.0,0.0,169114.8,169114.8,,13.112076,169114.8,169101.687924,-12896.637405
112,2024-07-25 13:26:00,2024-07-25 13:50:00,25,93,342.297,2,8.0,4049.0,4049.0,12.37,"(8.0, 4049.0, 21.0, 12.37, 0.0)",2024-07-25 13:26:00,2024-07-25 13:50:00,25,25,25,0,1.0,1.0,0.0,0.0,169114.8,169114.8,,13.112076,169114.8,169101.687924,-12896.637405
112,2024-07-25 13:26:00,2024-07-25 13:50:00,25,93,342.297,3,8.0,4023.0,4023.0,12.55,"(8.0, 4023.0, 86.0, 12.55, 0.0)",2024-07-25 13:26:00,2024-07-25 13:50:00,25,25,25,0,1.0,1.0,0.0,0.0,169114.8,169114.8,,13.112076,169114.8,169101.687924,-12896.637405
112,2024-07-25 13:26:00,2024-07-25 13:50:00,25,93,342.297,4,8.0,4011.0,4011.0,12.72,"(8.0, 4011.0, 101.0, 12.72, 0.0)",2024-07-25 13:26:00,2024-07-25 13:50:00,25,25,25,0,1.0,1.0,0.0,0.0,169114.8,169114.8,,13.112076,169114.8,169101.687924,-12896.637405
112,2024-07-25 13:26:00,2024-07-25 13:50:00,25,93,342.297,5,8.0,4005.0,4005.0,11.9,"(8.0, 4005.0, -11.0, 11.9, 0.0)",2024-07-25 13:26:00,2024-07-25 13:50:00,25,25,25,0,1.0,1.0,0.0,0.0,169114.8,169114.8,,13.112076,169114.8,169101.687924,-12896.637405
112,2024-07-25 13:26:00,2024-07-25 13:50:00,25,93,342.297,6,8.0,4054.0,4054.0,10.66,"(8.0, 4054.0, -66.0, 10.66, 0.0)",2024-07-25 13:26:00,2024-07-25 13:50:00,25,25,25,0,1.0,1.0,0.0,0.0,169114.8,169114.8,,13.112076,169114.8,169101.687924,-12896.637405
112,2024-07-25 13:26:00,2024-07-25 13:50:00,25,93,342.297,7,8.0,4040.0,4040.0,11.01,"(8.0, 4040.0, -76.0, 11.01, 0.0)",2024-07-25 13:26:00,2024-07-25 13:50:00,25,25,25,0,1.0,1.0,0.0,0.0,169114.8,169114.8,,13.112076,169114.8,169101.687924,-12896.637405
112,2024-07-25 13:26:00,2024-07-25 13:50:00,25,93,342.297,8,11.0,2007.0,2007.0,10.27,"(11.0, 2007.0, 64.0, 10.27, 0.0)",2024-07-25 13:26:00,2024-07-25 13:50:00,25,25,25,0,1.0,1.0,0.0,0.0,169114.8,169114.8,,13.112076,169114.8,169101.687924,-12896.637405
112,2024-07-25 13:26:00,2024-07-25 13:50:00,25,93,342.297,9,8.0,3996.0,3996.0,10.34,"(8.0, 3996.0, 45.0, 10.34, 0.0)",2024-07-25 13:26:00,2024-07-25 13:50:00,25,25,25,0,1.0,1.0,0.0,0.0,169114.8,169114.8,,13.112076,169114.8,169101.687924,-12896.637405
112,2024-07-25 13:26:00,2024-07-25 13:50:00,25,93,342.297,10,8.0,3835.0,3835.0,9.63,"(8.0, 3835.0, 39.0, 9.63, 0.0)",2024-07-25 13:26:00,2024-07-25 13:50:00,25,25,25,0,1.0,1.0,0.0,0.0,169114.8,169114.8,,13.112076,169114.8,169101.687924,-12896.637405
112,2024-07-25 13:26:00,2024-07-25 13:50:00,25,93,342.297,11,8.0,4002.0,4002.0,11.05,"(8.0, 4002.0, 37.0, 11.05, 0.0)",2024-07-25 13:26:00,2024-07-25 13:50:00,25,25,25,0,1.0,1.0,0.0,0.0,169114.8,169114.8,,13.112076,169114.8,169101.687924,-12896.637405
112,2024-07-25 13:26:00,2024-07-25 13:50:00,25,93,342.297,12,8.0,3414.0,3414.0,9.79,"(8.0, 3414.0, -47.0, 9.79, 0.0)",2024-07-25 13:26:00,2024-07-25 13:50:00,25,25,25,0,1.0,1.0,0.0,0.0,169114.8,169114.8,,13.112076,169114.8,169101.687924,-12896.637405
112,2024-07-25 13:26:00,2024-07-25 13:50:00,25,93,342.297,13,8.0,3219.0,3219.0,9.02,"(8.0, 3219.0, 8.0, 9.02, 0.0)",2024-07-25 13:26:00,2024-07-25 13:50:00,25,25,25,0,1.0,1.0,0.0,0.0,169114.8,169114.8,,13.112076,169114.8,169101.687924,-12896.637405
112,2024-07-25 13:26:00,2024-07-25 13:50:00,25,93,342.297,14,8.0,3095.0,3095.0,8.67,"(8.0, 3095.0, 46.0, 8.67, 0.0)",2024-07-25 13:26:00,2024-07-25 13:50:00,25,25,25,0,1.0,1.0,0.0,0.0,169114.8,169114.8,,13.112076,169114.8,169101.687924,-12896.637405
112,2024-07-25 13:26:00,2024-07-25 13:50:00,25,93,342.297,15,8.0,3462.0,3462.0,9.72,"(8.0, 3462.0, 27.0, 9.72, 0.0)",2024-07-25 13:26:00,2024-07-25 13:50:00,25,25,25,0,1.0,1.0,0.0,0.0,169114.8,169114.8,,13.112076,169114.8,169101.687924,-12896.637405
112,2024-07-25 13:26:00,2024-07-25 13:50:00,25,93,342.297,16,8.0,3585.0,3585.0,10.26,"(8.0, 3585.0, 40.0, 10.26, 0.0)",2024-07-25 13:26:00,2024-07-25 13:50:00,25,25,25,0,1.0,1.0,0.0,0.0,169114.8,169114.8,,13.112076,169114.8,169101.687924,-12896.637405
112,2024-07-25 13:26:00,2024-07-25 13:50:00,25,93,342.297,17,8.0,3594.0,3594.0,9.77,"(8.0, 3594.0, 13.0, 9.77, 0.0)",2024-07-25 13:26:00,2024-07-25 13:50:00,25,25,25,0,1.0,1.0,0.0,0.0,169114.8,169114.8,,13.112076,169114.8,169101.687924,-12896.637405
112,2024-07-25 13:26:00,2024-07-25 13:50:00,25,93,342.297,18,8.0,4023.0,4023.0,11.88,"(8.0, 4023.0, 1.0, 11.88, 0.0)",2024-07-25 13:26:00,2024-07-25 13:50:00,25,25,25,0,1.0,1.0,0.0,0.0,169114.8,169114.8,,13.112076,169114.8,169101.687924,-12896.637405
112,2024-07-25 13:26:00,2024-07-25 13:50:00,25,93,342.297,19,8.0,4020.0,4020.0,13.03,"(8.0, 4020.0, -44.0, 13.03, 0.0)",2024-07-25 13:26:00,2024-07-25 13:50:00,25,25,25,0,1.0,1.0,0.0,0.0,169114.8,169114.8,,13.112076,169114.8,169101.687924,-12896.637405
112,2024-07-25 13:26:00,2024-07-25 13:50:00,25,93,342.297,20,8.0,4016.0,4016.0,11.49,"(8.0, 4016.0, 2.0, 11.49, 0.0)",2024-07-25 13:26:00,2024-07-25 13:50:00,25,25,25,0,1.0,1.0,0.0,0.0,169114.8,169114.8,,13.112076,169114.8,169101.687924,-12896.637405
112,2024-07-25 13:26:00,2024-07-25 13:50:00,25,93,342.297,21,8.0,3991.0,3991.0,11.56,"(8.0, 3991.0, -1.0, 11.56, 0.0)",2024-07-25 13:26:00,2024-07-25 13:50:00,25,25,25,0,1.0,1.0,0.0,0.0,169114.8,169114.8,,13.112076,169114.8,169101.687924,-12896.637405
112,2024-07-25 13:26:00,2024-07-25 13:50:00,25,93,342.297,22,8.0,4041.0,4041.0,12.02,"(8.0, 4041.0, 38.0, 12.02, 0.0)",2024-07-25 13:26:00,2024-07-25 13:50:00,25,25,25,0,1.0,1.0,0.0,0.0,169114.8,169114.8,,13.112076,169114.8,169101.687924,-12896.637405
112,2024-07-25 13:26:00,2024-07-25 13:50:00,25,93,342.297,23,8.0,3990.0,3990.0,11.45,"(8.0, 3990.0, 28.0, 11.45, 0.0)",2024-07-25 13:26:00,2024-07-25 13:50:00,25,25,25,0,1.0,1.0,0.0,0.0,169114.8,169114.8,,13.112076,169114.8,169101.687924,-12896.637405
112,2024-07-25 13:26:00,2024-07-25 13:50:00,25,93,342.297,24,8.0,3841.0,3841.0,10.85,"(8.0, 3841.0, -9.0, 10.85, 0.0)",2024-07-25 13:26:00,2024-07-25 13:50:00,25,25,25,0,1.0,1.0,0.0,0.0,169114.8,169114.8,,13.112076,169114.8,169101.687924,-12896.637405
112,2024-07-25 13:26:00,2024-07-25 13:50:00,25,93,342.297,25,8.0,3614.0,3614.0,9.91,"(8.0, 3614.0, 28.0, 9.91, 0.0)",2024-07-25 13:26:00,2024-07-25 13:50:00,25,25,25,0,1.0,1.0,0.0,0.0,169114.8,169114.8,,13.112076,169114.8,169101.687924,-12896.637405
112,2024-07-25 13:26:00,2024-07-25 13:50:00,25,93,342.297,27,8.0,3748.0,3748.0,9.82,"(8.0, 3748.0, -64.0, 9.82, 0.0)",2024-07-25 13:26:00,2024-07-25 13:50:00,25,25,25,0,1.0,1.0,0.0,0.0,169114.8,169114.8,,13.112076,169114.8,169101.687924,-12896.637405
112,2024-07-25 13:26:00,2024-07-25 13:50:00,25,93,342.297,28,8.0,2882.0,2882.0,8.03,"(8.0, 2882.0, 10.0, 8.03, 0.0)",2024-07-25 13:26:00,2024-07-25 13:50:00,25,25,25,0,1.0,1.0,0.0,0.0,169114.8,169114.8,,13.112076,169114.8,169101.687924,-12896.637405
112,2024-07-25 13:26:00,2024-07-25 13:50:00,25,93,342.297,29,8.0,3650.0,3650.0,9.36,"(8.0, 3650.0, -99.0, 9.36, 0.0)",2024-07-25 13:26:00,2024-07-25 13:50:00,25,25,25,0,1.0,1.0,0.0,0.0,169114.8,169114.8,,13.112076,169114.8,169101.687924,-12896.637405
112,2024-07-25 13:26:00,2024-07-25 13:50:00,25,93,342.297,30,8.0,2723.0,2723.0,8.13,"(8.0, 2723.0, 7.0, 8.13, 0.0)",2024-07-25 13:26:00,2024-07-25 13:50:00,25,25,25,0,1.0,1.0,0.0,0.0,169114.8,169114.8,,13.112076,169114.8,169101.687924,-12896.637405
112,2024-07-25 13:26:00,2024-07-25 13:50:00,25,93,342.297,31,8.0,3249.0,3249.0,9.61,"(8.0, 3249.0, -35.0, 9.61, 0.0)",2024-07-25 13:26:00,2024-07-25 13:50:00,25,25,25,0,1.0,1.0,0.0,0.0,169114.8,169114.8,,13.112076,169114.8,169101.687924,-12896.637405
112,2024-07-25 13:26:00,2024-07-25 13:50:00,25,93,342.297,32,8.0,3330.0,3330.0,10.58,"(8.0, 3330.0, 72.0, 10.58, 0.0)",2024-07-25 13:26:00,2024-07-25 13:50:00,25,25,25,0,1.0,1.0,0.0,0.0,169114.8,169114.8,,13.112076,169114.8,169101.687924,-12896.637405
112,2024-07-25 13:26:00,2024-07-25 13:50:00,25,93,342.297,33,8.0,3322.0,3322.0,10.23,"(8.0, 3322.0, 15.0, 10.23, 0.0)",2024-07-25 13:26:00,2024-07-25 13:50:00,25,25,25,0,1.0,1.0,0.0,0.0,169114.8,169114.8,,13.112076,169114.8,169101.687924,-12896.637405
112,2024-07-25 13:26:00,2024-07-25 13:50:00,25,93,342.297,35,8.0,3295.0,3295.0,10.21,"(8.0, 3295.0, 52.0, 10.21, 0.0)",2024-07-25 13:26:00,2024-07-25 13:50:00,25,25,25,0,1.0,1.0,0.0,0.0,169114.8,169114.8,,13.112076,169114.8,169101.687924,-12896.637405
112,2024-07-25 13:26:00,2024-07-25 13:50:00,25,93,342.297,36,8.0,3995.0,3995.0,11.13,"(8.0, 3995.0, 53.0, 11.13, 0.0)",2024-07-25 13:26:00,2024-07-25 13:50:00,25,25,25,0,1.0,1.0,0.0,0.0,169114.8,169114.8,,13.112076,169114.8,169101.687924,-12896.637405
112,2024-07-25 13:26:00,2024-07-25 13:50:00,25,93,342.297,37,8.0,4031.0,4031.0,12.17,"(8.0, 4031.0, 33.0, 12.17, 0.0)",2024-07-25 13:26:00,2024-07-25 13:50:00,25,25,25,0,1.0,1.0,0.0,0.0,169114.8,169114.8,,13.112076,169114.8,169101.687924,-12896.637405
112,2024-07-25 13:26:00,2024-07-25 13:50:00,25,93,342.297,38,8.0,3786.0,3786.0,10.28,"(8.0, 3786.0, 32.0, 10.28, 0.0)",2024-07-25 13:26:00,2024-07-25 13:50:00,25,25,25,0,1.0,1.0,0.0,0.0,169114.8,169114.8,,13.112076,169114.8,169101.687924,-12896.637405
112,2024-07-25 13:26:00,2024-07-25 13:50:00,25,93,342.297,39,8.0,3832.0,3832.0,10.7,"(8.0, 3832.0, 64.0, 10.7, 0.0)",2024-07-25 13:26:00,2024-07-25 13:50:00,25,25,25,0,1.0,1.0,0.0,0.0,169114.8,169114.8,,13.112076,169114.8,169101.687924,-12896.637405
112,2024-07-25 13:26:00,2024-07-25 13:50:00,25,93,342.297,40,8.0,3995.0,3995.0,10.4,"(8.0, 3995.0, 25.0, 10.4, 0.0)",2024-07-25 13:26:00,2024-07-25 13:50:00,25,25,25,0,1.0,1.0,0.0,0.0,169114.8,169114.8,,13.112076,169114.8,169101.687924,-12896.637405
112,2024-07-25 13:26:00,2024-07-25 13:50:00,25,93,342.297,42,8.0,3556.0,3556.0,8.33,"(8.0, 3556.0, 20.0, 8.33, 0.0)",2024-07-25 13:26:00,2024-07-25 13:50:00,25,25,25,0,1.0,1.0,0.0,0.0,169114.8,169114.8,,13.112076,169114.8,169101.687924,-12896.637405
112,2024-07-25 13:26:00,2024-07-25 13:50:00,25,93,342.297,43,8.0,3738.0,3738.0,11.17,"(8.0, 3738.0, 1.0, 11.17, 0.0)",2024-07-25 13:26:00,2024-07-25 13:50:00,25,25,25,0,1.0,1.0,0.0,0.0,169114.8,169114.8,,13.112076,169114.8,169101.687924,-12896.637405
112,2024-07-25 13:26:00,2024-07-25 13:50:00,25,93,342.297,44,8.0,2954.0,2954.0,7.96,"(8.0, 2954.0, 54.0, 7.96, 0.0)",2024-07-25 13:26:00,2024-07-25 13:50:00,25,25,25,0,1.0,1.0,0.0,0.0,169114.8,169114.8,,13.112076,169114.8,169101.687924,-12896.637405
112,2024-07-25 13:26:00,2024-07-25 13:50:00,25,93,342.297,45,8.0,3612.0,3612.0,9.66,"(8.0, 3612.0, 22.0, 9.66, 0.0)",2024-07-25 13:26:00,2024-07-25 13:50:00,25,25,25,0,1.0,1.0,0.0,0.0,169114.8,169114.8,,13.112076,169114.8,169101.687924,-12896.637405
112,2024-07-25 13:26:00,2024-07-25 13:50:00,25,93,342.297,46,8.0,2928.0,2928.0,8.73,"(8.0, 2928.0, 78.0, 8.73, 0.0)",2024-07-25 13:26:00,2024-07-25 13:50:00,25,25,25,0,1.0,1.0,0.0,0.0,169114.8,169114.8,,13.112076,169114.8,169101.687924,-12896.637405
112,2024-07-25 13:26:00,2024-07-25 13:50:00,25,93,342.297,47,8.0,3165.0,3165.0,9.53,"(8.0, 3165.0, 22.0, 9.53, 0.0)",2024-07-25 13:26:00,2024-07-25 13:50:00,25,25,25,0,1.0,1.0,0.0,0.0,169114.8,169114.8,,13.112076,169114.8,169101.687924,-12896.637405
112,2024-07-25 13:26:00,2024-07-25 13:50:00,25,93,342.297,48,8.0,3984.0,3984.0,9.92,"(8.0, 3984.0, 30.0, 9.92, 0.0)",2024-07-25 13:26:00,2024-07-25 13:50:00,25,25,25,0,1.0,1.0,0.0,0.0,169114.8,169114.8,,13.112076,169114.8,169101.687924,-12896.637405
112,2024-07-25 13:26:00,2024-07-25 13:50:00,25,93,342.297,49,8.0,3474.0,3474.0,8.08,"(8.0, 3474.0, 9.0, 8.08, 0.0)",2024-07-25 13:26:00,2024-07-25 13:50:00,25,25,25,0,1.0,1.0,0.0,0.0,169114.8,169114.8,,13.112076,169114.8,169101.687924,-12896.637405
112,2024-07-25 13:26:00,2024-07-25 13:50:00,25,93,342.297,50,8.0,4036.0,4036.0,10.49,"(8.0, 4036.0, 21.0, 10.49, 0.0)",2024-07-25 13:26:00,2024-07-25 13:50:00,25,25,25,0,1.0,1.0,0.0,0.0,169114.8,169114.8,,13.112076,169114.8,169101.687924,-12896.637405
112,2024-07-25 13:26:00,2024-07-25 13:50:00,25,93,342.297,51,8.0,4019.0,4019.0,10.83,"(8.0, 4019.0, -38.0, 10.83, 0.0)",2024-07-25 13:26:00,2024-07-25 13:50:00,25,25,25,0,1.0,1.0,0.0,0.0,169114.8,169114.8,,13.112076,169114.8,169101.687924,-12896.637405
112,2024-07-25 13:26:00,2024-07-25 13:50:00,25,93,342.297,52,8.0,4011.0,4011.0,10.31,"(8.0, 4011.0, -5.0, 10.31, 0.0)",2024-07-25 13:26:00,2024-07-25 13:50:00,25,25,25,0,1.0,1.0,0.0,0.0,169114.8,169114.8,,13.112076,169114.8,169101.687924,-12896.637405
112,2024-07-25 13:26:00,2024-07-25 13:50:00,25,93,342.297,53,8.0,3960.0,3960.0,10.11,"(8.0, 3960.0, -177.0, 10.11, 0.0)",2024-07-25 13:26:00,2024-07-25 13:50:00,25,25,25,0,1.0,1.0,0.0,0.0,169114.8,169114.8,,13.112076,169114.8,169101.687924,-12896.637405
112,2024-07-25 13:26:00,2024-07-25 13:50:00,25,93,342.297,54,8.0,3925.0,3925.0,11.23,"(8.0, 3925.0, 21.0, 11.23, 0.0)",2024-07-25 13:26:00,2024-07-25 13:50:00,25,25,25,0,1.0,1.0,0.0,0.0,169114.8,169114.8,,13.112076,169114.8,169101.687924,-12896.637405
112,2024-07-25 13:26:00,2024-07-25 13:50:00,25,93,342.297,55,8.0,3483.0,3483.0,9.1,"(8.0, 3483.0, -31.0, 9.1, 0.0)",2024-07-25 13:26:00,2024-07-25 13:50:00,25,25,25,0,1.0,1.0,0.0,0.0,169114.8,169114.8,,13.112076,169114.8,169101.687924,-12896.637405
112,2024-07-25 13:26:00,2024-07-25 13:50:00,25,93,342.297,56,8.0,3815.0,3815.0,9.41,"(8.0, 3815.0, 23.0, 9.41, 0.0)",2024-07-25 13:26:00,2024-07-25 13:50:00,25,25,25,0,1.0,1.0,0.0,0.0,169114.8,169114.8,,13.112076,169114.8,169101.687924,-12896.637405
112,2024-07-25 13:26:00,2024-07-25 13:50:00,25,93,342.297,57,8.0,3025.0,3025.0,9.28,"(8.0, 3025.0, -47.0, 9.28, 0.0)",2024-07-25 13:26:00,2024-07-25 13:50:00,25,25,25,0,1.0,1.0,0.0,0.0,169114.8,169114.8,,13.112076,169114.8,169101.687924,-12896.637405
112,2024-07-25 13:26:00,2024-07-25 13:50:00,25,93,342.297,58,8.0,3448.0,3448.0,9.97,"(8.0, 3448.0, 2.0, 9.97, 0.0)",2024-07-25 13:26:00,2024-07-25 13:50:00,25,25,25,0,1.0,1.0,0.0,0.0,169114.8,169114.8,,13.112076,169114.8,169101.687924,-12896.637405
112,2024-07-25 13:26:00,2024-07-25 13:50:00,25,93,342.297,59,8.0,3726.0,3726.0,10.44,"(8.0, 3726.0, 77.0, 10.44, 0.0)",2024-07-25 13:26:00,2024-07-25 13:50:00,25,25,25,0,1.0,1.0,0.0,0.0,169114.8,169114.8,,13.112076,169114.8,169101.687924,-12896.637405
112,2024-07-25 13:26:00,2024-07-25 13:50:00,25,93,342.297,60,8.0,3266.0,3266.0,10.12,"(8.0, 3266.0, 67.0, 10.12, 0.0)",2024-07-25 13:26:00,2024-07-25 13:50:00,25,25,25,0,1.0,1.0,0.0,0.0,169114.8,169114.8,,13.112076,169114.8,169101.687924,-12896.637405
112,2024-07-25 13:26:00,2024-07-25 13:50:00,25,93,342.297,62,8.0,3729.0,3729.0,8.89,"(8.0, 3729.0, 43.0, 8.89, 0.0)",2024-07-25 13:26:00,2024-07-25 13:50:00,25,25,25,0,1.0,1.0,0.0,0.0,169114.8,169114.8,,13.112076,169114.8,169101.687924,-12896.637405
112,2024-07-25 13:26:00,2024-07-25 13:50:00,25,93,342.297,63,8.0,3652.0,3652.0,10.35,"(8.0, 3652.0, 10.0, 10.35, 0.0)",2024-07-25 13:26:00,2024-07-25 13:50:00,25,25,25,0,1.0,1.0,0.0,0.0,169114.8,169114.8,,13.112076,169114.8,169101.687924,-12896.637405
112,2024-07-25 13:26:00,2024-07-25 13:50:00,25,93,342.297,64,8.0,3481.0,3481.0,9.19,"(8.0, 3481.0, 17.0, 9.19, 0.0)",2024-07-25 13:26:00,2024-07-25 13:50:00,25,25,25,0,1.0,1.0,0.0,0.0,169114.8,169114.8,,13.112076,169114.8,169101.687924,-12896.637405
112,2024-07-25 13:26:00,2024-07-25 13:50:00,25,93,342.297,65,8.0,4011.0,4011.0,10.51,"(8.0, 4011.0, -17.0, 10.51, 0.0)",2024-07-25 13:26:00,2024-07-25 13:50:00,25,25,25,0,1.0,1.0,0.0,0.0,169114.8,169114.8,,13.112076,169114.8,169101.687924,-12896.637405
112,2024-07-25 13:26:00,2024-07-25 13:50:00,25,93,342.297,67,8.0,4013.0,4013.0,10.67,"(8.0, 4013.0, 53.0, 10.67, 0.0)",2024-07-25 13:26:00,2024-07-25 13:50:00,25,25,25,0,1.0,1.0,0.0,0.0,169114.8,169114.8,,13.112076,169114.8,169101.687924,-12896.637405
112,2024-07-25 13:26:00,2024-07-25 13:50:00,25,93,342.297,68,8.0,4007.0,4007.0,10.31,"(8.0, 4007.0, -18.0, 10.31, 0.0)",2024-07-25 13:26:00,2024-07-25 13:50:00,25,25,25,0,1.0,1.0,0.0,0.0,169114.8,169114.8,,13.112076,169114.8,169101.687924,-12896.637405
112,2024-07-25 13:26:00,2024-07-25 13:50:00,25,93,342.297,69,8.0,3609.0,3609.0,9.77,"(8.0, 3609.0, -9.0, 9.77, 0.0)",2024-07-25 13:26:00,2024-07-25 13:50:00,25,25,25,0,1.0,1.0,0.0,0.0,169114.8,169114.8,,13.112076,169114.8,169101.687924,-12896.637405
112,2024-07-25 13:26:00,2024-07-25 13:50:00,25,93,342.297,70,8.0,3615.0,3615.0,9.01,"(8.0, 3615.0, 52.0, 9.01, 0.0)",2024-07-25 13:26:00,2024-07-25 13:50:00,25,25,25,0,1.0,1.0,0.0,0.0,169114.8,169114.8,,13.112076,169114.8,169101.687924,-12896.637405
112,2024-07-25 13:26:00,2024-07-25 13:50:00,25,93,342.297,71,8.0,3672.0,3672.0,10.22,"(8.0, 3672.0, 0.0, 10.22, 0.0)",2024-07-25 13:26:00,2024-07-25 13:50:00,25,25,25,0,1.0,1.0,0.0,0.0,169114.8,169114.8,,13.112076,169114.8,169101.687924,-12896.637405
112,2024-07-25 13:26:00,2024-07-25 13:50:00,25,93,342.297,72,8.0,3256.0,3256.0,9.74,"(8.0, 3256.0, 18.0, 9.74, 0.0)",2024-07-25 13:26:00,2024-07-25 13:50:00,25,25,25,0,1.0,1.0,0.0,0.0,169114.8,169114.8,,13.112076,169114.8,169101.687924,-12896.637405
112,2024-07-25 13:26:00,2024-07-25 13:50:00,25,93,342.297,73,8.0,3161.0,3161.0,8.43,"(8.0, 3161.0, 23.0, 8.43, 0.0)",2024-07-25 13:26:00,2024-07-25 13:50:00,25,25,25,0,1.0,1.0,0.0,0.0,169114.8,169114.8,,13.112076,169114.8,169101.687924,-12896.637405
112,2024-07-25 13:26:00,2024-07-25 13:50:00,25,93,342.297,74,8.0,3358.0,3358.0,10.12,"(8.0, 3358.0, 18.0, 10.12, 0.0)",2024-07-25 13:26:00,2024-07-25 13:50:00,25,25,25,0,1.0,1.0,0.0,0.0,169114.8,169114.8,,13.112076,169114.8,169101.687924,-12896.637405
112,2024-07-25 13:26:00,2024-07-25 13:50:00,25,93,342.297,75,8.0,3354.0,3354.0,8.88,"(8.0, 3354.0, 141.0, 8.88, 0.0)",2024-07-25 13:26:00,2024-07-25 13:50:00,25,25,25,0,1.0,1.0,0.0,0.0,169114.8,169114.8,,13.112076,169114.8,169101.687924,-12896.637405
112,2024-07-25 13:26:00,2024-07-25 13:50:00,25,93,342.297,76,8.0,3355.0,3355.0,9.99,"(8.0, 3355.0, 58.0, 9.99, 0.0)",2024-07-25 13:26:00,2024-07-25 13:50:00,25,25,25,0,1.0,1.0,0.0,0.0,169114.8,169114.8,,13.112076,169114.8,169101.687924,-12896.637405
112,2024-07-25 13:26:00,2024-07-25 13:50:00,25,93,342.297,77,8.0,3764.0,3764.0,9.06,"(8.0, 3764.0, -61.0, 9.06, 0.0)",2024-07-25 13:26:00,2024-07-25 13:50:00,25,25,25,0,1.0,1.0,0.0,0.0,169114.8,169114.8,,13.112076,169114.8,169101.687924,-12896.637405
112,2024-07-25 13:26:00,2024-07-25 13:50:00,25,93,342.297,78,8.0,3642.0,3642.0,10.17,"(8.0, 3642.0, 34.0, 10.17, 0.0)",2024-07-25 13:26:00,2024-07-25 13:50:00,25,25,25,0,1.0,1.0,0.0,0.0,169114.8,169114.8,,13.112076,169114.8,169101.687924,-12896.637405
112,2024-07-25 13:26:00,2024-07-25 13:50:00,25,93,342.297,79,8.0,3415.0,3415.0,8.73,"(8.0, 3415.0, -27.0, 8.73, 0.0)",2024-07-25 13:26:00,2024-07-25 13:50:00,25,25,25,0,1.0,1.0,0.0,0.0,169114.8,169114.8,,13.112076,169114.8,169101.687924,-12896.637405
112,2024-07-25 13:26:00,2024-07-25 13:50:00,25,93,342.297,81,11.0,2011.0,2011.0,9.93,"(11.0, 2011.0, 42.0, 9.93, 0.0)",2024-07-25 13:26:00,2024-07-25 13:50:00,25,25,25,0,1.0,1.0,0.0,0.0,169114.8,169114.8,,13.112076,169114.8,169101.687924,-12896.637405
112,2024-07-25 13:26:00,2024-07-25 13:50:00,25,93,342.297,82,8.0,3673.0,3673.0,10.04,"(8.0, 3673.0, 16.0, 10.04, 0.0)",2024-07-25 13:26:00,2024-07-25 13:50:00,25,25,25,0,1.0,1.0,0.0,0.0,169114.8,169114.8,,13.112076,169114.8,169101.687924,-12896.637405
112,2024-07-25 13:26:00,2024-07-25 13:50:00,25,93,342.297,83,8.0,4033.0,4033.0,12.2,"(8.0, 4033.0, 72.0, 12.2, 0.0)",2024-07-25 13:26:00,2024-07-25 13:50:00,25,25,25,0,1.0,1.0,0.0,0.0,169114.8,169114.8,,13.112076,169114.8,169101.687924,-12896.637405
112,2024-07-25 13:26:00,2024-07-25 13:50:00,25,93,342.297,84,8.0,3971.0,3971.0,10.5,"(8.0, 3971.0, -1.0, 10.5, 0.0)",2024-07-25 13:26:00,2024-07-25 13:50:00,25,25,25,0,1.0,1.0,0.0,0.0,169114.8,169114.8,,13.112076,169114.8,169101.687924,-12896.637405
112,2024-07-25 13:26:00,2024-07-25 13:50:00,25,93,342.297,85,8.0,3982.0,3982.0,10.71,"(8.0, 3982.0, -128.0, 10.71, 0.0)",2024-07-25 13:26:00,2024-07-25 13:50:00,25,25,25,0,1.0,1.0,0.0,0.0,169114.8,169114.8,,13.112076,169114.8,169101.687924,-12896.637405
112,2024-07-25 13:26:00,2024-07-25 13:50:00,25,93,342.297,86,8.0,3956.0,3956.0,10.45,"(8.0, 3956.0, 54.0, 10.45, 0.0)",2024-07-25 13:26:00,2024-07-25 13:50:00,25,25,25,0,1.0,1.0,0.0,0.0,169114.8,169114.8,,13.112076,169114.8,169101.687924,-12896.637405
112,2024-07-25 13:26:00,2024-07-25 13:50:00,25,93,342.297,87,8.0,4028.0,4028.0,10.91,"(8.0, 4028.0, 61.0, 10.91, 0.0)",2024-07-25 13:26:00,2024-07-25 13:50:00,25,25,25,0,1.0,1.0,0.0,0.0,169114.8,169114.8,,13.112076,169114.8,169101.687924,-12896.637405
112,2024-07-25 13:26:00,2024-07-25 13:50:00,25,93,342.297,88,8.0,4047.0,4047.0,11.13,"(8.0, 4047.0, 68.0, 11.13, 0.0)",2024-07-25 13:26:00,2024-07-25 13:50:00,25,25,25,0,1.0,1.0,0.0,0.0,169114.8,169114.8,,13.112076,169114.8,169101.687924,-12896.637405
112,2024-07-25 13:26:00,2024-07-25 13:50:00,25,93,342.297,89,8.0,4003.0,4003.0,10.21,"(8.0, 4003.0, -8.0, 10.21, 0.0)",2024-07-25 13:26:00,2024-07-25 13:50:00,25,25,25,0,1.0,1.0,0.0,0.0,169114.8,169114.8,,13.112076,169114.8,169101.687924,-12896.637405
112,2024-07-25 13:26:00,2024-07-25 13:50:00,25,93,342.297,90,8.0,3930.0,3930.0,10.92,"(8.0, 3930.0, -39.0, 10.92, 0.0)",2024-07-25 13:26:00,2024-07-25 13:50:00,25,25,25,0,1.0,1.0,0.0,0.0,169114.8,169114.8,,13.112076,169114.8,169101.687924,-12896.637405
112,2024-07-25 13:26:00,2024-07-25 13:50:00,25,93,342.297,91,8.0,3974.0,3974.0,10.58,"(8.0, 3974.0, 19.0, 10.58, 0.0)",2024-07-25 13:26:00,2024-07-25 13:50:00,25,25,25,0,1.0,1.0,0.0,0.0,169114.8,169114.8,,13.112076,169114.8,169101.687924,-12896.637405
112,2024-07-25 13:26:00,2024-07-25 13:50:00,25,93,342.297,93,8.0,3756.0,3756.0,10.48,"(8.0, 3756.0, 54.0, 10.48, 0.0)",2024-07-25 13:26:00,2024-07-25 13:50:00,25,25,25,0,1.0,1.0,0.0,0.0,169114.8,169114.8,,13.112076,169114.8,169101.687924,-12896.637405
112,2024-07-25 13:26:00,2024-07-25 13:50:00,25,93,342.297,94,8.0,3881.0,3881.0,10.4,"(8.0, 3881.0, -15.0, 10.4, 0.0)",2024-07-25 13:26:00,2024-07-25 13:50:00,25,25,25,0,1.0,1.0,0.0,0.0,169114.8,169114.8,,13.112076,169114.8,169101.687924,-12896.637405
112,2024-07-25 13:26:00,2024-07-25 13:50:00,25,93,342.297,95,8.0,4000.0,4000.0,10.6,"(8.0, 4000.0, -37.0, 10.6, 0.0)",2024-07-25 13:26:00,2024-07-25 13:50:00,25,25,25,0,1.0,1.0,0.0,0.0,169114.8,169114.8,,13.112076,169114.8,169101.687924,-12896.637405
112,2024-07-25 13:26:00,2024-07-25 13:50:00,25,93,342.297,96,8.0,4030.0,4030.0,10.28,"(8.0, 4030.0, -276.0, 10.28, 0.0)",2024-07-25 13:26:00,2024-07-25 13:50:00,25,25,25,0,1.0,1.0,0.0,0.0,169114.8,169114.8,,13.112076,169114.8,169101.687924,-12896.637405
112,2024-07-25 13:26:00,2024-07-25 13:50:00,25,93,342.297,97,8.0,4027.0,4027.0,11.01,"(8.0, 4027.0, 38.0, 11.01, 0.0)",2024-07-25 13:26:00,2024-07-25 13:50:00,25,25,25,0,1.0,1.0,0.0,0.0,169114.8,169114.8,,13.112076,169114.8,169101.687924,-12896.637405
112,2024-07-25 13:26:00,2024-07-25 13:50:00,25,93,342.297,98,8.0,4011.0,4011.0,10.32,"(8.0, 4011.0, 83.0, 10.32, 0.0)",2024-07-25 13:26:00,2024-07-25 13:50:00,25,25,25,0,1.0,1.0,0.0,0.0,169114.8,169114.8,,13.112076,169114.8,169101.687924,-12896.637405
112,2024-07-25 13:26:00,2024-07-25 13:50:00,25,93,342.297,99,8.0,3945.0,3945.0,11.59,"(8.0, 3945.0, 21.0, 11.59, 0.0)",2024-07-25 13:26:00,2024-07-25 13:50:00,25,25,25,0,1.0,1.0,0.0,0.0,169114.8,169114.8,,13.112076,169114.8,169101.687924,-12896.637405
112,2024-07-25 13:26:00,2024-07-25 13:50:00,25,93,342.297,100,8.0,4023.0,4023.0,10.91,"(8.0, 4023.0, 42.0, 10.91, 0.0)",2024-07-25 13:26:00,2024-07-25 13:50:00,25,25,25,0,1.0,1.0,0.0,0.0,169114.8,169114.8,,13.112076,169114.8,169101.687924,-12896.637405
114,2024-07-25 15:08:00,2024-07-25 15:38:00,31,93,342.679,1,8.0,4021.0,4021.0,11.59,"(8.0, 4021.0, 38.0, 11.59, 0.0)",2024-07-25 15:08:00,2024-07-25 15:38:00,28,28,28,0,0.903226,0.903226,0.0,0.0,188570.8552,188570.8552,,4.724437,188570.8552,188566.130763,-39912.931665
114,2024-07-25 15:08:00,2024-07-25 15:38:00,31,93,342.679,2,8.0,4044.0,4044.0,12.16,"(8.0, 4044.0, 38.0, 12.16, 0.0)",2024-07-25 15:08:00,2024-07-25 15:38:00,28,28,28,0,0.903226,0.903226,0.0,0.0,188570.8552,188570.8552,,4.724437,188570.8552,188566.130763,-39912.931665
114,2024-07-25 15:08:00,2024-07-25 15:38:00,31,93,342.679,3,8.0,4004.0,4004.0,10.56,"(8.0, 4004.0, 83.0, 10.56, 0.0)",2024-07-25 15:08:00,2024-07-25 15:38:00,28,28,28,0,0.903226,0.903226,0.0,0.0,188570.8552,188570.8552,,4.724437,188570.8552,188566.130763,-39912.931665
114,2024-07-25 15:08:00,2024-07-25 15:38:00,31,93,342.679,4,8.0,4029.0,4029.0,10.95,"(8.0, 4029.0, 104.0, 10.95, 0.0)",2024-07-25 15:08:00,2024-07-25 15:38:00,28,28,28,0,0.903226,0.903226,0.0,0.0,188570.8552,188570.8552,,4.724437,188570.8552,188566.130763,-39912.931665
114,2024-07-25 15:08:00,2024-07-25 15:38:00,31,93,342.679,5,8.0,3082.0,3082.0,7.59,"(8.0, 3082.0, -4.0, 7.59, 0.0)",2024-07-25 15:08:00,2024-07-25 15:38:00,28,28,28,0,0.903226,0.903226,0.0,0.0,188570.8552,188570.8552,,4.724437,188570.8552,188566.130763,-39912.931665
114,2024-07-25 15:08:00,2024-07-25 15:38:00,31,93,342.679,6,8.0,3360.0,3360.0,8.81,"(8.0, 3360.0, 3.0, 8.81, 0.0)",2024-07-25 15:08:00,2024-07-25 15:38:00,28,28,28,0,0.903226,0.903226,0.0,0.0,188570.8552,188570.8552,,4.724437,188570.8552,188566.130763,-39912.931665
114,2024-07-25 15:08:00,2024-07-25 15:38:00,31,93,342.679,7,8.0,4055.0,4055.0,11.5,"(8.0, 4055.0, -43.0, 11.5, 0.0)",2024-07-25 15:08:00,2024-07-25 15:38:00,28,28,28,0,0.903226,0.903226,0.0,0.0,188570.8552,188570.8552,,4.724437,188570.8552,188566.130763,-39912.931665
114,2024-07-25 15:08:00,2024-07-25 15:38:00,31,93,342.679,8,11.0,2003.0,2003.0,8.5,"(11.0, 2003.0, 105.0, 8.5, 0.0)",2024-07-25 15:08:00,2024-07-25 15:38:00,28,28,28,0,0.903226,0.903226,0.0,0.0,188570.8552,188570.8552,,4.724437,188570.8552,188566.130763,-39912.931665
114,2024-07-25 15:08:00,2024-07-25 15:38:00,31,93,342.679,9,8.0,3818.0,3818.0,9.48,"(8.0, 3818.0, 42.0, 9.48, 0.0)",2024-07-25 15:08:00,2024-07-25 15:38:00,28,28,28,0,0.903226,0.903226,0.0,0.0,188570.8552,188570.8552,,4.724437,188570.8552,188566.130763,-39912.931665
114,2024-07-25 15:08:00,2024-07-25 15:38:00,31,93,342.679,10,8.0,3332.0,3332.0,10.89,"(8.0, 3332.0, 38.0, 10.89, 0.0)",2024-07-25 15:08:00,2024-07-25 15:38:00,28,28,28,0,0.903226,0.903226,0.0,0.0,188570.8552,188570.8552,,4.724437,188570.8552,188566.130763,-39912.931665
114,2024-07-25 15:08:00,2024-07-25 15:38:00,31,93,342.679,11,8.0,3635.0,3635.0,10.06,"(8.0, 3635.0, 39.0, 10.06, 0.0)",2024-07-25 15:08:00,2024-07-25 15:38:00,28,28,28,0,0.903226,0.903226,0.0,0.0,188570.8552,188570.8552,,4.724437,188570.8552,188566.130763,-39912.931665
114,2024-07-25 15:08:00,2024-07-25 15:38:00,31,93,342.679,12,8.0,2729.0,2729.0,8.83,"(8.0, 2729.0, -45.0, 8.83, 0.0)",2024-07-25 15:08:00,2024-07-25 15:38:00,28,28,28,0,0.903226,0.903226,0.0,0.0,188570.8552,188570.8552,,4.724437,188570.8552,188566.130763,-39912.931665
114,2024-07-25 15:08:00,2024-07-25 15:38:00,31,93,342.679,13,8.0,3713.0,3713.0,9.03,"(8.0, 3713.0, 18.0, 9.03, 0.0)",2024-07-25 15:08:00,2024-07-25 15:38:00,28,28,28,0,0.903226,0.903226,0.0,0.0,188570.8552,188570.8552,,4.724437,188570.8552,188566.130763,-39912.931665
114,2024-07-25 15:08:00,2024-07-25 15:38:00,31,93,342.679,14,8.0,3088.0,3088.0,8.83,"(8.0, 3088.0, 4.0, 8.83, 0.0)",2024-07-25 15:08:00,2024-07-25 15:38:00,28,28,28,0,0.903226,0.903226,0.0,0.0,188570.8552,188570.8552,,4.724437,188570.8552,188566.130763,-39912.931665
114,2024-07-25 15:08:00,2024-07-25 15:38:00,31,93,342.679,15,8.0,2472.0,2472.0,7.63,"(8.0, 2472.0, 56.0, 7.63, 0.0)",2024-07-25 15:08:00,2024-07-25 15:38:00,28,28,28,0,0.903226,0.903226,0.0,0.0,188570.8552,188570.8552,,4.724437,188570.8552,188566.130763,-39912.931665
114,2024-07-25 15:08:00,2024-07-25 15:38:00,31,93,342.679,16,8.0,2917.0,2917.0,9.52,"(8.0, 2917.0, 39.0, 9.52, 0.0)",2024-07-25 15:08:00,2024-07-25 15:38:00,28,28,28,0,0.903226,0.903226,0.0,0.0,188570.8552,188570.8552,,4.724437,188570.8552,188566.130763,-39912.931665
114,2024-07-25 15:08:00,2024-07-25 15:38:00,31,93,342.679,17,8.0,2484.0,2484.0,8.07,"(8.0, 2484.0, 40.0, 8.07, 0.0)",2024-07-25 15:08:00,2024-07-25 15:38:00,28,28,28,0,0.903226,0.903226,0.0,0.0,188570.8552,188570.8552,,4.724437,188570.8552,188566.130763,-39912.931665
114,2024-07-25 15:08:00,2024-07-25 15:38:00,31,93,342.679,18,8.0,2973.0,2973.0,8.76,"(8.0, 2973.0, 44.0, 8.76, 0.0)",2024-07-25 15:08:00,2024-07-25 15:38:00,28,28,28,0,0.903226,0.903226,0.0,0.0,188570.8552,188570.8552,,4.724437,188570.8552,188566.130763,-39912.931665
114,2024-07-25 15:08:00,2024-07-25 15:38:00,31,93,342.679,19,8.0,4020.0,4020.0,10.5,"(8.0, 4020.0, -91.0, 10.5, 0.0)",2024-07-25 15:08:00,2024-07-25 15:38:00,28,28,28,0,0.903226,0.903226,0.0,0.0,188570.8552,188570.8552,,4.724437,188570.8552,188566.130763,-39912.931665
114,2024-07-25 15:08:00,2024-07-25 15:38:00,31,93,342.679,20,8.0,4024.0,4024.0,11.01,"(8.0, 4024.0, 52.0, 11.01, 0.0)",2024-07-25 15:08:00,2024-07-25 15:38:00,28,28,28,0,0.903226,0.903226,0.0,0.0,188570.8552,188570.8552,,4.724437,188570.8552,188566.130763,-39912.931665
114,2024-07-25 15:08:00,2024-07-25 15:38:00,31,93,342.679,21,8.0,4004.0,4004.0,10.31,"(8.0, 4004.0, 39.0, 10.31, 0.0)",2024-07-25 15:08:00,2024-07-25 15:38:00,28,28,28,0,0.903226,0.903226,0.0,0.0,188570.8552,188570.8552,,4.724437,188570.8552,188566.130763,-39912.931665
114,2024-07-25 15:08:00,2024-07-25 15:38:00,31,93,342.679,22,8.0,4020.0,4020.0,10.87,"(8.0, 4020.0, 19.0, 10.87, 0.0)",2024-07-25 15:08:00,2024-07-25 15:38:00,28,28,28,0,0.903226,0.903226,0.0,0.0,188570.8552,188570.8552,,4.724437,188570.8552,188566.130763,-39912.931665
114,2024-07-25 15:08:00,2024-07-25 15:38:00,31,93,342.679,23,8.0,3712.0,3712.0,10.53,"(8.0, 3712.0, 55.0, 10.53, 0.0)",2024-07-25 15:08:00,2024-07-25 15:38:00,28,28,28,0,0.903226,0.903226,0.0,0.0,188570.8552,188570.8552,,4.724437,188570.8552,188566.130763,-39912.931665
114,2024-07-25 15:08:00,2024-07-25 15:38:00,31,93,342.679,24,8.0,4000.0,4000.0,11.73,"(8.0, 4000.0, -29.0, 11.73, 0.0)",2024-07-25 15:08:00,2024-07-25 15:38:00,28,28,28,0,0.903226,0.903226,0.0,0.0,188570.8552,188570.8552,,4.724437,188570.8552,188566.130763,-39912.931665
114,2024-07-25 15:08:00,2024-07-25 15:38:00,31,93,342.679,25,8.0,4030.0,4030.0,11.2,"(8.0, 4030.0, 0.0, 11.2, 0.0)",2024-07-25 15:08:00,2024-07-25 15:38:00,28,28,28,0,0.903226,0.903226,0.0,0.0,188570.8552,188570.8552,,4.724437,188570.8552,188566.130763,-39912.931665
114,2024-07-25 15:08:00,2024-07-25 15:38:00,31,93,342.679,27,8.0,2401.0,2401.0,8.44,"(8.0, 2401.0, 7.0, 8.44, 0.0)",2024-07-25 15:08:00,2024-07-25 15:38:00,28,28,28,0,0.903226,0.903226,0.0,0.0,188570.8552,188570.8552,,4.724437,188570.8552,188566.130763,-39912.931665
114,2024-07-25 15:08:00,2024-07-25 15:38:00,31,93,342.679,28,8.0,3135.0,3135.0,8.99,"(8.0, 3135.0, -19.0, 8.99, 0.0)",2024-07-25 15:08:00,2024-07-25 15:38:00,28,28,28,0,0.903226,0.903226,0.0,0.0,188570.8552,188570.8552,,4.724437,188570.8552,188566.130763,-39912.931665
114,2024-07-25 15:08:00,2024-07-25 15:38:00,31,93,342.679,29,8.0,2628.0,2628.0,7.53,"(8.0, 2628.0, -38.0, 7.53, 0.0)",2024-07-25 15:08:00,2024-07-25 15:38:00,28,28,28,0,0.903226,0.903226,0.0,0.0,188570.8552,188570.8552,,4.724437,188570.8552,188566.130763,-39912.931665
114,2024-07-25 15:08:00,2024-07-25 15:38:00,31,93,342.679,30,8.0,2815.0,2815.0,9.26,"(8.0, 2815.0, 13.0, 9.26, 0.0)",2024-07-25 15:08:00,2024-07-25 15:38:00,28,28,28,0,0.903226,0.903226,0.0,0.0,188570.8552,188570.8552,,4.724437,188570.8552,188566.130763,-39912.931665
114,2024-07-25 15:08:00,2024-07-25 15:38:00,31,93,342.679,31,8.0,3261.0,3261.0,8.32,"(8.0, 3261.0, -22.0, 8.32, 0.0)",2024-07-25 15:08:00,2024-07-25 15:38:00,28,28,28,0,0.903226,0.903226,0.0,0.0,188570.8552,188570.8552,,4.724437,188570.8552,188566.130763,-39912.931665
114,2024-07-25 15:08:00,2024-07-25 15:38:00,31,93,342.679,32,8.0,2282.0,2282.0,7.59,"(8.0, 2282.0, 51.0, 7.59, 0.0)",2024-07-25 15:08:00,2024-07-25 15:38:00,28,28,28,0,0.903226,0.903226,0.0,0.0,188570.8552,188570.8552,,4.724437,188570.8552,188566.130763,-39912.931665
114,2024-07-25 15:08:00,2024-07-25 15:38:00,31,93,342.679,33,8.0,2218.0,2218.0,7.47,"(8.0, 2218.0, 23.0, 7.47, 0.0)",2024-07-25 15:08:00,2024-07-25 15:38:00,28,28,28,0,0.903226,0.903226,0.0,0.0,188570.8552,188570.8552,,4.724437,188570.8552,188566.130763,-39912.931665
114,2024-07-25 15:08:00,2024-07-25 15:38:00,31,93,342.679,35,8.0,2754.0,2754.0,8.39,"(8.0, 2754.0, 61.0, 8.39, 0.0)",2024-07-25 15:08:00,2024-07-25 15:38:00,28,28,28,0,0.903226,0.903226,0.0,0.0,188570.8552,188570.8552,,4.724437,188570.8552,188566.130763,-39912.931665
114,2024-07-25 15:08:00,2024-07-25 15:38:00,31,93,342.679,36,8.0,4001.0,4001.0,11.41,"(8.0, 4001.0, 33.0, 11.41, 0.0)",2024-07-25 15:08:00,2024-07-25 15:38:00,28,28,28,0,0.903226,0.903226,0.0,0.0,188570.8552,188570.8552,,4.724437,188570.8552,188566.130763,-39912.931665
114,2024-07-25 15:08:00,2024-07-25 15:38:00,31,93,342.679,37,8.0,4014.0,4014.0,12.48,"(8.0, 4014.0, -5.0, 12.48, 0.0)",2024-07-25 15:08:00,2024-07-25 15:38:00,28,28,28,0,0.903226,0.903226,0.0,0.0,188570.8552,188570.8552,,4.724437,188570.8552,188566.130763,-39912.931665
114,2024-07-25 15:08:00,2024-07-25 15:38:00,31,93,342.679,38,8.0,4005.0,4005.0,11.55,"(8.0, 4005.0, 25.0, 11.55, 0.0)",2024-07-25 15:08:00,2024-07-25 15:38:00,28,28,28,0,0.903226,0.903226,0.0,0.0,188570.8552,188570.8552,,4.724437,188570.8552,188566.130763,-39912.931665
114,2024-07-25 15:08:00,2024-07-25 15:38:00,31,93,342.679,39,8.0,4013.0,4013.0,11.28,"(8.0, 4013.0, 65.0, 11.28, 0.0)",2024-07-25 15:08:00,2024-07-25 15:38:00,28,28,28,0,0.903226,0.903226,0.0,0.0,188570.8552,188570.8552,,4.724437,188570.8552,188566.130763,-39912.931665
114,2024-07-25 15:08:00,2024-07-25 15:38:00,31,93,342.679,40,8.0,4031.0,4031.0,9.66,"(8.0, 4031.0, 34.0, 9.66, 0.0)",2024-07-25 15:08:00,2024-07-25 15:38:00,28,28,28,0,0.903226,0.903226,0.0,0.0,188570.8552,188570.8552,,4.724437,188570.8552,188566.130763,-39912.931665
114,2024-07-25 15:08:00,2024-07-25 15:38:00,31,93,342.679,42,8.0,3642.0,3642.0,8.59,"(8.0, 3642.0, 2.0, 8.59, 0.0)",2024-07-25 15:08:00,2024-07-25 15:38:00,28,28,28,0,0.903226,0.903226,0.0,0.0,188570.8552,188570.8552,,4.724437,188570.8552,188566.130763,-39912.931665
114,2024-07-25 15:08:00,2024-07-25 15:38:00,31,93,342.679,43,8.0,3687.0,3687.0,9.93,"(8.0, 3687.0, -9.0, 9.93, 0.0)",2024-07-25 15:08:00,2024-07-25 15:38:00,28,28,28,0,0.903226,0.903226,0.0,0.0,188570.8552,188570.8552,,4.724437,188570.8552,188566.130763,-39912.931665
114,2024-07-25 15:08:00,2024-07-25 15:38:00,31,93,342.679,44,8.0,3236.0,3236.0,8.06,"(8.0, 3236.0, 48.0, 8.06, 0.0)",2024-07-25 15:08:00,2024-07-25 15:38:00,28,28,28,0,0.903226,0.903226,0.0,0.0,188570.8552,188570.8552,,4.724437,188570.8552,188566.130763,-39912.931665
114,2024-07-25 15:08:00,2024-07-25 15:38:00,31,93,342.679,45,8.0,3706.0,3706.0,10.11,"(8.0, 3706.0, 11.0, 10.11, 0.0)",2024-07-25 15:08:00,2024-07-25 15:38:00,28,28,28,0,0.903226,0.903226,0.0,0.0,188570.8552,188570.8552,,4.724437,188570.8552,188566.130763,-39912.931665
114,2024-07-25 15:08:00,2024-07-25 15:38:00,31,93,342.679,46,8.0,2820.0,2820.0,8.49,"(8.0, 2820.0, 82.0, 8.49, 0.0)",2024-07-25 15:08:00,2024-07-25 15:38:00,28,28,28,0,0.903226,0.903226,0.0,0.0,188570.8552,188570.8552,,4.724437,188570.8552,188566.130763,-39912.931665
114,2024-07-25 15:08:00,2024-07-25 15:38:00,31,93,342.679,47,8.0,3314.0,3314.0,9.14,"(8.0, 3314.0, 11.0, 9.14, 0.0)",2024-07-25 15:08:00,2024-07-25 15:38:00,28,28,28,0,0.903226,0.903226,0.0,0.0,188570.8552,188570.8552,,4.724437,188570.8552,188566.130763,-39912.931665
114,2024-07-25 15:08:00,2024-07-25 15:38:00,31,93,342.679,48,8.0,3283.0,3283.0,8.77,"(8.0, 3283.0, 34.0, 8.77, 0.0)",2024-07-25 15:08:00,2024-07-25 15:38:00,28,28,28,0,0.903226,0.903226,0.0,0.0,188570.8552,188570.8552,,4.724437,188570.8552,188566.130763,-39912.931665
114,2024-07-25 15:08:00,2024-07-25 15:38:00,31,93,342.679,49,8.0,4011.0,4011.0,9.74,"(8.0, 4011.0, 33.0, 9.74, 0.0)",2024-07-25 15:08:00,2024-07-25 15:38:00,28,28,28,0,0.903226,0.903226,0.0,0.0,188570.8552,188570.8552,,4.724437,188570.8552,188566.130763,-39912.931665
114,2024-07-25 15:08:00,2024-07-25 15:38:00,31,93,342.679,50,8.0,4041.0,4041.0,8.86,"(8.0, 4041.0, -3.0, 8.86, 0.0)",2024-07-25 15:08:00,2024-07-25 15:38:00,28,28,28,0,0.903226,0.903226,0.0,0.0,188570.8552,188570.8552,,4.724437,188570.8552,188566.130763,-39912.931665
114,2024-07-25 15:08:00,2024-07-25 15:38:00,31,93,342.679,51,8.0,4019.0,4019.0,11.87,"(8.0, 4019.0, 6.0, 11.87, 0.0)",2024-07-25 15:08:00,2024-07-25 15:38:00,28,28,28,0,0.903226,0.903226,0.0,0.0,188570.8552,188570.8552,,4.724437,188570.8552,188566.130763,-39912.931665
114,2024-07-25 15:08:00,2024-07-25 15:38:00,31,93,342.679,52,8.0,4015.0,4015.0,11.65,"(8.0, 4015.0, 63.0, 11.65, 0.0)",2024-07-25 15:08:00,2024-07-25 15:38:00,28,28,28,0,0.903226,0.903226,0.0,0.0,188570.8552,188570.8552,,4.724437,188570.8552,188566.130763,-39912.931665
114,2024-07-25 15:08:00,2024-07-25 15:38:00,31,93,342.679,53,8.0,3971.0,3971.0,11.01,"(8.0, 3971.0, -153.0, 11.01, 0.0)",2024-07-25 15:08:00,2024-07-25 15:38:00,28,28,28,0,0.903226,0.903226,0.0,0.0,188570.8552,188570.8552,,4.724437,188570.8552,188566.130763,-39912.931665
114,2024-07-25 15:08:00,2024-07-25 15:38:00,31,93,342.679,54,8.0,4037.0,4037.0,11.95,"(8.0, 4037.0, -2.0, 11.95, 0.0)",2024-07-25 15:08:00,2024-07-25 15:38:00,28,28,28,0,0.903226,0.903226,0.0,0.0,188570.8552,188570.8552,,4.724437,188570.8552,188566.130763,-39912.931665
114,2024-07-25 15:08:00,2024-07-25 15:38:00,31,93,342.679,55,8.0,4032.0,4032.0,11.72,"(8.0, 4032.0, 4.0, 11.72, 0.0)",2024-07-25 15:08:00,2024-07-25 15:38:00,28,28,28,0,0.903226,0.903226,0.0,0.0,188570.8552,188570.8552,,4.724437,188570.8552,188566.130763,-39912.931665
114,2024-07-25 15:08:00,2024-07-25 15:38:00,31,93,342.679,56,8.0,3716.0,3716.0,10.56,"(8.0, 3716.0, 43.0, 10.56, 0.0)",2024-07-25 15:08:00,2024-07-25 15:38:00,28,28,28,0,0.903226,0.903226,0.0,0.0,188570.8552,188570.8552,,4.724437,188570.8552,188566.130763,-39912.931665
114,2024-07-25 15:08:00,2024-07-25 15:38:00,31,93,342.679,57,8.0,4025.0,4025.0,12.54,"(8.0, 4025.0, -61.0, 12.54, 0.0)",2024-07-25 15:08:00,2024-07-25 15:38:00,28,28,28,0,0.903226,0.903226,0.0,0.0,188570.8552,188570.8552,,4.724437,188570.8552,188566.130763,-39912.931665
114,2024-07-25 15:08:00,2024-07-25 15:38:00,31,93,342.679,58,8.0,4013.0,4013.0,10.26,"(8.0, 4013.0, 13.0, 10.26, 0.0)",2024-07-25 15:08:00,2024-07-25 15:38:00,28,28,28,0,0.903226,0.903226,0.0,0.0,188570.8552,188570.8552,,4.724437,188570.8552,188566.130763,-39912.931665
114,2024-07-25 15:08:00,2024-07-25 15:38:00,31,93,342.679,59,8.0,4018.0,4018.0,11.59,"(8.0, 4018.0, 62.0, 11.59, 0.0)",2024-07-25 15:08:00,2024-07-25 15:38:00,28,28,28,0,0.903226,0.903226,0.0,0.0,188570.8552,188570.8552,,4.724437,188570.8552,188566.130763,-39912.931665
114,2024-07-25 15:08:00,2024-07-25 15:38:00,31,93,342.679,60,8.0,3978.0,3978.0,10.45,"(8.0, 3978.0, 32.0, 10.45, 0.0)",2024-07-25 15:08:00,2024-07-25 15:38:00,28,28,28,0,0.903226,0.903226,0.0,0.0,188570.8552,188570.8552,,4.724437,188570.8552,188566.130763,-39912.931665
114,2024-07-25 15:08:00,2024-07-25 15:38:00,31,93,342.679,62,8.0,3750.0,3750.0,8.88,"(8.0, 3750.0, 49.0, 8.88, 0.0)",2024-07-25 15:08:00,2024-07-25 15:38:00,28,28,28,0,0.903226,0.903226,0.0,0.0,188570.8552,188570.8552,,4.724437,188570.8552,188566.130763,-39912.931665
114,2024-07-25 15:08:00,2024-07-25 15:38:00,31,93,342.679,63,8.0,3618.0,3618.0,10.58,"(8.0, 3618.0, 15.0, 10.58, 0.0)",2024-07-25 15:08:00,2024-07-25 15:38:00,28,28,28,0,0.903226,0.903226,0.0,0.0,188570.8552,188570.8552,,4.724437,188570.8552,188566.130763,-39912.931665
114,2024-07-25 15:08:00,2024-07-25 15:38:00,31,93,342.679,64,8.0,4015.0,4015.0,10.76,"(8.0, 4015.0, -1.0, 10.76, 0.0)",2024-07-25 15:08:00,2024-07-25 15:38:00,28,28,28,0,0.903226,0.903226,0.0,0.0,188570.8552,188570.8552,,4.724437,188570.8552,188566.130763,-39912.931665
114,2024-07-25 15:08:00,2024-07-25 15:38:00,31,93,342.679,65,8.0,4062.0,4062.0,11.72,"(8.0, 4062.0, -56.0, 11.72, 0.0)",2024-07-25 15:08:00,2024-07-25 15:38:00,28,28,28,0,0.903226,0.903226,0.0,0.0,188570.8552,188570.8552,,4.724437,188570.8552,188566.130763,-39912.931665
114,2024-07-25 15:08:00,2024-07-25 15:38:00,31,93,342.679,67,8.0,3988.0,3988.0,11.36,"(8.0, 3988.0, 61.0, 11.36, 0.0)",2024-07-25 15:08:00,2024-07-25 15:38:00,28,28,28,0,0.903226,0.903226,0.0,0.0,188570.8552,188570.8552,,4.724437,188570.8552,188566.130763,-39912.931665
114,2024-07-25 15:08:00,2024-07-25 15:38:00,31,93,342.679,68,8.0,4013.0,4013.0,11.27,"(8.0, 4013.0, -21.0, 11.27, 0.0)",2024-07-25 15:08:00,2024-07-25 15:38:00,28,28,28,0,0.903226,0.903226,0.0,0.0,188570.8552,188570.8552,,4.724437,188570.8552,188566.130763,-39912.931665
114,2024-07-25 15:08:00,2024-07-25 15:38:00,31,93,342.679,69,8.0,3972.0,3972.0,11.64,"(8.0, 3972.0, 3.0, 11.64, 0.0)",2024-07-25 15:08:00,2024-07-25 15:38:00,28,28,28,0,0.903226,0.903226,0.0,0.0,188570.8552,188570.8552,,4.724437,188570.8552,188566.130763,-39912.931665
114,2024-07-25 15:08:00,2024-07-25 15:38:00,31,93,342.679,70,8.0,4045.0,4045.0,11.87,"(8.0, 4045.0, 44.0, 11.87, 0.0)",2024-07-25 15:08:00,2024-07-25 15:38:00,28,28,28,0,0.903226,0.903226,0.0,0.0,188570.8552,188570.8552,,4.724437,188570.8552,188566.130763,-39912.931665
114,2024-07-25 15:08:00,2024-07-25 15:38:00,31,93,342.679,71,8.0,4035.0,4035.0,11.51,"(8.0, 4035.0, 40.0, 11.51, 0.0)",2024-07-25 15:08:00,2024-07-25 15:38:00,28,28,28,0,0.903226,0.903226,0.0,0.0,188570.8552,188570.8552,,4.724437,188570.8552,188566.130763,-39912.931665
114,2024-07-25 15:08:00,2024-07-25 15:38:00,31,93,342.679,72,8.0,4033.0,4033.0,10.69,"(8.0, 4033.0, 55.0, 10.69, 0.0)",2024-07-25 15:08:00,2024-07-25 15:38:00,28,28,28,0,0.903226,0.903226,0.0,0.0,188570.8552,188570.8552,,4.724437,188570.8552,188566.130763,-39912.931665
114,2024-07-25 15:08:00,2024-07-25 15:38:00,31,93,342.679,73,8.0,4022.0,4022.0,10.58,"(8.0, 4022.0, 20.0, 10.58, 0.0)",2024-07-25 15:08:00,2024-07-25 15:38:00,28,28,28,0,0.903226,0.903226,0.0,0.0,188570.8552,188570.8552,,4.724437,188570.8552,188566.130763,-39912.931665
114,2024-07-25 15:08:00,2024-07-25 15:38:00,31,93,342.679,74,8.0,4005.0,4005.0,9.81,"(8.0, 4005.0, 41.0, 9.81, 0.0)",2024-07-25 15:08:00,2024-07-25 15:38:00,28,28,28,0,0.903226,0.903226,0.0,0.0,188570.8552,188570.8552,,4.724437,188570.8552,188566.130763,-39912.931665
114,2024-07-25 15:08:00,2024-07-25 15:38:00,31,93,342.679,75,8.0,4060.0,4060.0,11.33,"(8.0, 4060.0, 187.0, 11.33, 0.0)",2024-07-25 15:08:00,2024-07-25 15:38:00,28,28,28,0,0.903226,0.903226,0.0,0.0,188570.8552,188570.8552,,4.724437,188570.8552,188566.130763,-39912.931665
114,2024-07-25 15:08:00,2024-07-25 15:38:00,31,93,342.679,76,8.0,4013.0,4013.0,11.39,"(8.0, 4013.0, 56.0, 11.39, 0.0)",2024-07-25 15:08:00,2024-07-25 15:38:00,28,28,28,0,0.903226,0.903226,0.0,0.0,188570.8552,188570.8552,,4.724437,188570.8552,188566.130763,-39912.931665
114,2024-07-25 15:08:00,2024-07-25 15:38:00,31,93,342.679,77,8.0,4043.0,4043.0,10.37,"(8.0, 4043.0, -87.0, 10.37, 0.0)",2024-07-25 15:08:00,2024-07-25 15:38:00,28,28,28,0,0.903226,0.903226,0.0,0.0,188570.8552,188570.8552,,4.724437,188570.8552,188566.130763,-39912.931665
114,2024-07-25 15:08:00,2024-07-25 15:38:00,31,93,342.679,78,8.0,4047.0,4047.0,11.32,"(8.0, 4047.0, 14.0, 11.32, 0.0)",2024-07-25 15:08:00,2024-07-25 15:38:00,28,28,28,0,0.903226,0.903226,0.0,0.0,188570.8552,188570.8552,,4.724437,188570.8552,188566.130763,-39912.931665
114,2024-07-25 15:08:00,2024-07-25 15:38:00,31,93,342.679,79,8.0,4013.0,4013.0,12.2,"(8.0, 4013.0, -36.0, 12.2, 0.0)",2024-07-25 15:08:00,2024-07-25 15:38:00,28,28,28,0,0.903226,0.903226,0.0,0.0,188570.8552,188570.8552,,4.724437,188570.8552,188566.130763,-39912.931665
114,2024-07-25 15:08:00,2024-07-25 15:38:00,31,93,342.679,81,11.0,2009.0,2009.0,10.56,"(11.0, 2009.0, 51.0, 10.56, 0.0)",2024-07-25 15:08:00,2024-07-25 15:38:00,28,28,28,0,0.903226,0.903226,0.0,0.0,188570.8552,188570.8552,,4.724437,188570.8552,188566.130763,-39912.931665
114,2024-07-25 15:08:00,2024-07-25 15:38:00,31,93,342.679,82,8.0,4037.0,4037.0,10.13,"(8.0, 4037.0, 48.0, 10.13, 0.0)",2024-07-25 15:08:00,2024-07-25 15:38:00,28,28,28,0,0.903226,0.903226,0.0,0.0,188570.8552,188570.8552,,4.724437,188570.8552,188566.130763,-39912.931665
114,2024-07-25 15:08:00,2024-07-25 15:38:00,31,93,342.679,83,8.0,4029.0,4029.0,11.79,"(8.0, 4029.0, 36.0, 11.79, 0.0)",2024-07-25 15:08:00,2024-07-25 15:38:00,28,28,28,0,0.903226,0.903226,0.0,0.0,188570.8552,188570.8552,,4.724437,188570.8552,188566.130763,-39912.931665
114,2024-07-25 15:08:00,2024-07-25 15:38:00,31,93,342.679,84,8.0,4017.0,4017.0,11.42,"(8.0, 4017.0, 38.0, 11.42, 0.0)",2024-07-25 15:08:00,2024-07-25 15:38:00,28,28,28,0,0.903226,0.903226,0.0,0.0,188570.8552,188570.8552,,4.724437,188570.8552,188566.130763,-39912.931665
114,2024-07-25 15:08:00,2024-07-25 15:38:00,31,93,342.679,85,8.0,3996.0,3996.0,11.27,"(8.0, 3996.0, -122.0, 11.27, 0.0)",2024-07-25 15:08:00,2024-07-25 15:38:00,28,28,28,0,0.903226,0.903226,0.0,0.0,188570.8552,188570.8552,,4.724437,188570.8552,188566.130763,-39912.931665
114,2024-07-25 15:08:00,2024-07-25 15:38:00,31,93,342.679,86,8.0,4039.0,4039.0,10.56,"(8.0, 4039.0, 62.0, 10.56, 0.0)",2024-07-25 15:08:00,2024-07-25 15:38:00,28,28,28,0,0.903226,0.903226,0.0,0.0,188570.8552,188570.8552,,4.724437,188570.8552,188566.130763,-39912.931665
114,2024-07-25 15:08:00,2024-07-25 15:38:00,31,93,342.679,87,8.0,4013.0,4013.0,12.18,"(8.0, 4013.0, 72.0, 12.18, 0.0)",2024-07-25 15:08:00,2024-07-25 15:38:00,28,28,28,0,0.903226,0.903226,0.0,0.0,188570.8552,188570.8552,,4.724437,188570.8552,188566.130763,-39912.931665
114,2024-07-25 15:08:00,2024-07-25 15:38:00,31,93,342.679,88,8.0,4039.0,4039.0,12.37,"(8.0, 4039.0, 75.0, 12.37, 0.0)",2024-07-25 15:08:00,2024-07-25 15:38:00,28,28,28,0,0.903226,0.903226,0.0,0.0,188570.8552,188570.8552,,4.724437,188570.8552,188566.130763,-39912.931665
114,2024-07-25 15:08:00,2024-07-25 15:38:00,31,93,342.679,89,8.0,3981.0,3981.0,11.51,"(8.0, 3981.0, 19.0, 11.51, 0.0)",2024-07-25 15:08:00,2024-07-25 15:38:00,28,28,28,0,0.903226,0.903226,0.0,0.0,188570.8552,188570.8552,,4.724437,188570.8552,188566.130763,-39912.931665
114,2024-07-25 15:08:00,2024-07-25 15:38:00,31,93,342.679,90,8.0,4000.0,4000.0,11.84,"(8.0, 4000.0, 6.0, 11.84, 0.0)",2024-07-25 15:08:00,2024-07-25 15:38:00,28,28,28,0,0.903226,0.903226,0.0,0.0,188570.8552,188570.8552,,4.724437,188570.8552,188566.130763,-39912.931665
114,2024-07-25 15:08:00,2024-07-25 15:38:00,31,93,342.679,91,8.0,3968.0,3968.0,11.56,"(8.0, 3968.0, -21.0, 11.56, 0.0)",2024-07-25 15:08:00,2024-07-25 15:38:00,28,28,28,0,0.903226,0.903226,0.0,0.0,188570.8552,188570.8552,,4.724437,188570.8552,188566.130763,-39912.931665
114,2024-07-25 15:08:00,2024-07-25 15:38:00,31,93,342.679,93,8.0,4042.0,4042.0,11.54,"(8.0, 4042.0, -3.0, 11.54, 0.0)",2024-07-25 15:08:00,2024-07-25 15:38:00,28,28,28,0,0.903226,0.903226,0.0,0.0,188570.8552,188570.8552,,4.724437,188570.8552,188566.130763,-39912.931665
114,2024-07-25 15:08:00,2024-07-25 15:38:00,31,93,342.679,94,8.0,4027.0,4027.0,12.59,"(8.0, 4027.0, 24.0, 12.59, 0.0)",2024-07-25 15:08:00,2024-07-25 15:38:00,28,28,28,0,0.903226,0.903226,0.0,0.0,188570.8552,188570.8552,,4.724437,188570.8552,188566.130763,-39912.931665
114,2024-07-25 15:08:00,2024-07-25 15:38:00,31,93,342.679,95,8.0,3981.0,3981.0,11.58,"(8.0, 3981.0, -27.0, 11.58, 0.0)",2024-07-25 15:08:00,2024-07-25 15:38:00,28,28,28,0,0.903226,0.903226,0.0,0.0,188570.8552,188570.8552,,4.724437,188570.8552,188566.130763,-39912.931665
114,2024-07-25 15:08:00,2024-07-25 15:38:00,31,93,342.679,96,8.0,4022.0,4022.0,12.51,"(8.0, 4022.0, -245.0, 12.51, 0.0)",2024-07-25 15:08:00,2024-07-25 15:38:00,28,28,28,0,0.903226,0.903226,0.0,0.0,188570.8552,188570.8552,,4.724437,188570.8552,188566.130763,-39912.931665
114,2024-07-25 15:08:00,2024-07-25 15:38:00,31,93,342.679,97,8.0,4040.0,4040.0,12.08,"(8.0, 4040.0, 43.0, 12.08, 0.0)",2024-07-25 15:08:00,2024-07-25 15:38:00,28,28,28,0,0.903226,0.903226,0.0,0.0,188570.8552,188570.8552,,4.724437,188570.8552,188566.130763,-39912.931665
114,2024-07-25 15:08:00,2024-07-25 15:38:00,31,93,342.679,98,8.0,4027.0,4027.0,11.53,"(8.0, 4027.0, 70.0, 11.53, 0.0)",2024-07-25 15:08:00,2024-07-25 15:38:00,28,28,28,0,0.903226,0.903226,0.0,0.0,188570.8552,188570.8552,,4.724437,188570.8552,188566.130763,-39912.931665
114,2024-07-25 15:08:00,2024-07-25 15:38:00,31,93,342.679,99,8.0,3972.0,3972.0,11.16,"(8.0, 3972.0, 26.0, 11.16, 0.0)",2024-07-25 15:08:00,2024-07-25 15:38:00,28,28,28,0,0.903226,0.903226,0.0,0.0,188570.8552,188570.8552,,4.724437,188570.8552,188566.130763,-39912.931665
114,2024-07-25 15:08:00,2024-07-25 15:38:00,31,93,342.679,100,8.0,4015.0,4015.0,13.9,"(8.0, 4015.0, 47.0, 13.9, 0.0)",2024-07-25 15:08:00,2024-07-25 15:38:00,28,28,28,0,0.903226,0.903226,0.0,0.0,188570.8552,188570.8552,,4.724437,188570.8552,188566.130763,-39912.931665
116,2024-07-25 17:43:00,2024-07-25 17:47:00,5,93,359.104,1,8.0,4030.0,4030.0,13.07,"(8.0, 4030.0, 38.0, 13.07, 0.0)",2024-07-25 17:43:00,2024-07-25 17:47:00,5,5,5,0,1.0,1.0,0.0,0.0,35226.392,35226.392,,1.162874,35226.392,35225.229126,-30291.517642
116,2024-07-25 17:43:00,2024-07-25 17:47:00,5,93,359.104,2,8.0,4038.0,4038.0,11.87,"(8.0, 4038.0, 57.0, 11.87, 0.0)",2024-07-25 17:43:00,2024-07-25 17:47:00,5,5,5,0,1.0,1.0,0.0,0.0,35226.392,35226.392,,1.162874,35226.392,35225.229126,-30291.517642
116,2024-07-25 17:43:00,2024-07-25 17:47:00,5,93,359.104,3,8.0,4006.0,4006.0,12.03,"(8.0, 4006.0, 73.0, 12.03, 0.0)",2024-07-25 17:43:00,2024-07-25 17:47:00,5,5,5,0,1.0,1.0,0.0,0.0,35226.392,35226.392,,1.162874,35226.392,35225.229126,-30291.517642
116,2024-07-25 17:43:00,2024-07-25 17:47:00,5,93,359.104,4,8.0,4014.0,4014.0,11.83,"(8.0, 4014.0, -37.0, 11.83, 0.0)",2024-07-25 17:43:00,2024-07-25 17:47:00,5,5,5,0,1.0,1.0,0.0,0.0,35226.392,35226.392,,1.162874,35226.392,35225.229126,-30291.517642
116,2024-07-25 17:43:00,2024-07-25 17:47:00,5,93,359.104,5,8.0,4027.0,4027.0,11.17,"(8.0, 4027.0, 5.0, 11.17, 0.0)",2024-07-25 17:43:00,2024-07-25 17:47:00,5,5,5,0,1.0,1.0,0.0,0.0,35226.392,35226.392,,1.162874,35226.392,35225.229126,-30291.517642
116,2024-07-25 17:43:00,2024-07-25 17:47:00,5,93,359.104,6,8.0,4031.0,4031.0,9.77,"(8.0, 4031.0, 38.0, 9.77, 0.0)",2024-07-25 17:43:00,2024-07-25 17:47:00,5,5,5,0,1.0,1.0,0.0,0.0,35226.392,35226.392,,1.162874,35226.392,35225.229126,-30291.517642
116,2024-07-25 17:43:00,2024-07-25 17:47:00,5,93,359.104,7,8.0,4012.0,4012.0,11.15,"(8.0, 4012.0, -15.0, 11.15, 0.0)",2024-07-25 17:43:00,2024-07-25 17:47:00,5,5,5,0,1.0,1.0,0.0,0.0,35226.392,35226.392,,1.162874,35226.392,35225.229126,-30291.517642
116,2024-07-25 17:43:00,2024-07-25 17:47:00,5,93,359.104,8,11.0,1987.0,1987.0,11.0,"(11.0, 1987.0, 99.0, 11.0, 0.0)",2024-07-25 17:43:00,2024-07-25 17:47:00,5,5,5,0,1.0,1.0,0.0,0.0,35226.392,35226.392,,1.162874,35226.392,35225.229126,-30291.517642
116,2024-07-25 17:43:00,2024-07-25 17:47:00,5,93,359.104,9,8.0,4008.0,4008.0,11.75,"(8.0, 4008.0, 28.0, 11.75, 0.0)",2024-07-25 17:43:00,2024-07-25 17:47:00,5,5,5,0,1.0,1.0,0.0,0.0,35226.392,35226.392,,1.162874,35226.392,35225.229126,-30291.517642
116,2024-07-25 17:43:00,2024-07-25 17:47:00,5,93,359.104,10,8.0,4020.0,4020.0,9.3,"(8.0, 4020.0, 35.0, 9.3, 0.0)",2024-07-25 17:43:00,2024-07-25 17:47:00,5,5,5,0,1.0,1.0,0.0,0.0,35226.392,35226.392,,1.162874,35226.392,35225.229126,-30291.517642
116,2024-07-25 17:43:00,2024-07-25 17:47:00,5,93,359.104,11,8.0,3871.0,3871.0,10.07,"(8.0, 3871.0, 26.0, 10.07, 0.0)",2024-07-25 17:43:00,2024-07-25 17:47:00,5,5,5,0,1.0,1.0,0.0,0.0,35226.392,35226.392,,1.162874,35226.392,35225.229126,-30291.517642
116,2024-07-25 17:43:00,2024-07-25 17:47:00,5,93,359.104,12,8.0,4031.0,4031.0,11.11,"(8.0, 4031.0, -36.0, 11.11, 0.0)",2024-07-25 17:43:00,2024-07-25 17:47:00,5,5,5,0,1.0,1.0,0.0,0.0,35226.392,35226.392,,1.162874,35226.392,35225.229126,-30291.517642
116,2024-07-25 17:43:00,2024-07-25 17:47:00,5,93,359.104,13,8.0,4025.0,4025.0,11.22,"(8.0, 4025.0, 22.0, 11.22, 0.0)",2024-07-25 17:43:00,2024-07-25 17:47:00,5,5,5,0,1.0,1.0,0.0,0.0,35226.392,35226.392,,1.162874,35226.392,35225.229126,-30291.517642
116,2024-07-25 17:43:00,2024-07-25 17:47:00,5,93,359.104,14,8.0,4014.0,4014.0,11.24,"(8.0, 4014.0, -4.0, 11.24, 0.0)",2024-07-25 17:43:00,2024-07-25 17:47:00,5,5,5,0,1.0,1.0,0.0,0.0,35226.392,35226.392,,1.162874,35226.392,35225.229126,-30291.517642
116,2024-07-25 17:43:00,2024-07-25 17:47:00,5,93,359.104,15,8.0,3765.0,3765.0,9.51,"(8.0, 3765.0, 36.0, 9.51, 0.0)",2024-07-25 17:43:00,2024-07-25 17:47:00,5,5,5,0,1.0,1.0,0.0,0.0,35226.392,35226.392,,1.162874,35226.392,35225.229126,-30291.517642
116,2024-07-25 17:43:00,2024-07-25 17:47:00,5,93,359.104,16,11.0,1986.0,1986.0,9.01,"(11.0, 1986.0, 76.0, 9.01, 0.0)",2024-07-25 17:43:00,2024-07-25 17:47:00,5,5,5,0,1.0,1.0,0.0,0.0,35226.392,35226.392,,1.162874,35226.392,35225.229126,-30291.517642
116,2024-07-25 17:43:00,2024-07-25 17:47:00,5,93,359.104,17,8.0,3681.0,3681.0,9.11,"(8.0, 3681.0, 14.0, 9.11, 0.0)",2024-07-25 17:43:00,2024-07-25 17:47:00,5,5,5,0,1.0,1.0,0.0,0.0,35226.392,35226.392,,1.162874,35226.392,35225.229126,-30291.517642
116,2024-07-25 17:43:00,2024-07-25 17:47:00,5,93,359.104,18,8.0,3448.0,3448.0,10.09,"(8.0, 3448.0, 20.0, 10.09, 0.0)",2024-07-25 17:43:00,2024-07-25 17:47:00,5,5,5,0,1.0,1.0,0.0,0.0,35226.392,35226.392,,1.162874,35226.392,35225.229126,-30291.517642
116,2024-07-25 17:43:00,2024-07-25 17:47:00,5,93,359.104,19,8.0,3999.0,3999.0,12.23,"(8.0, 3999.0, -4.0, 12.23, 0.0)",2024-07-25 17:43:00,2024-07-25 17:47:00,5,5,5,0,1.0,1.0,0.0,0.0,35226.392,35226.392,,1.162874,35226.392,35225.229126,-30291.517642
116,2024-07-25 17:43:00,2024-07-25 17:47:00,5,93,359.104,20,8.0,3993.0,3993.0,12.22,"(8.0, 3993.0, 28.0, 12.22, 0.0)",2024-07-25 17:43:00,2024-07-25 17:47:00,5,5,5,0,1.0,1.0,0.0,0.0,35226.392,35226.392,,1.162874,35226.392,35225.229126,-30291.517642
116,2024-07-25 17:43:00,2024-07-25 17:47:00,5,93,359.104,21,8.0,4004.0,4004.0,11.75,"(8.0, 4004.0, 4.0, 11.75, 0.0)",2024-07-25 17:43:00,2024-07-25 17:47:00,5,5,5,0,1.0,1.0,0.0,0.0,35226.392,35226.392,,1.162874,35226.392,35225.229126,-30291.517642
116,2024-07-25 17:43:00,2024-07-25 17:47:00,5,93,359.104,22,8.0,4039.0,4039.0,11.51,"(8.0, 4039.0, 37.0, 11.51, 0.0)",2024-07-25 17:43:00,2024-07-25 17:47:00,5,5,5,0,1.0,1.0,0.0,0.0,35226.392,35226.392,,1.162874,35226.392,35225.229126,-30291.517642
116,2024-07-25 17:43:00,2024-07-25 17:47:00,5,93,359.104,23,8.0,3981.0,3981.0,11.45,"(8.0, 3981.0, 44.0, 11.45, 0.0)",2024-07-25 17:43:00,2024-07-25 17:47:00,5,5,5,0,1.0,1.0,0.0,0.0,35226.392,35226.392,,1.162874,35226.392,35225.229126,-30291.517642
116,2024-07-25 17:43:00,2024-07-25 17:47:00,5,93,359.104,24,8.0,4002.0,4002.0,11.31,"(8.0, 4002.0, -8.0, 11.31, 0.0)",2024-07-25 17:43:00,2024-07-25 17:47:00,5,5,5,0,1.0,1.0,0.0,0.0,35226.392,35226.392,,1.162874,35226.392,35225.229126,-30291.517642
116,2024-07-25 17:43:00,2024-07-25 17:47:00,5,93,359.104,25,8.0,4026.0,4026.0,11.68,"(8.0, 4026.0, 54.0, 11.68, 0.0)",2024-07-25 17:43:00,2024-07-25 17:47:00,5,5,5,0,1.0,1.0,0.0,0.0,35226.392,35226.392,,1.162874,35226.392,35225.229126,-30291.517642
116,2024-07-25 17:43:00,2024-07-25 17:47:00,5,93,359.104,27,8.0,3990.0,3990.0,10.97,"(8.0, 3990.0, -93.0, 10.97, 0.0)",2024-07-25 17:43:00,2024-07-25 17:47:00,5,5,5,0,1.0,1.0,0.0,0.0,35226.392,35226.392,,1.162874,35226.392,35225.229126,-30291.517642
116,2024-07-25 17:43:00,2024-07-25 17:47:00,5,93,359.104,28,8.0,4010.0,4010.0,12.47,"(8.0, 4010.0, -6.0, 12.47, 0.0)",2024-07-25 17:43:00,2024-07-25 17:47:00,5,5,5,0,1.0,1.0,0.0,0.0,35226.392,35226.392,,1.162874,35226.392,35225.229126,-30291.517642
116,2024-07-25 17:43:00,2024-07-25 17:47:00,5,93,359.104,29,8.0,4034.0,4034.0,12.7,"(8.0, 4034.0, -123.0, 12.7, 0.0)",2024-07-25 17:43:00,2024-07-25 17:47:00,5,5,5,0,1.0,1.0,0.0,0.0,35226.392,35226.392,,1.162874,35226.392,35225.229126,-30291.517642
116,2024-07-25 17:43:00,2024-07-25 17:47:00,5,93,359.104,30,8.0,4011.0,4011.0,11.91,"(8.0, 4011.0, 30.0, 11.91, 0.0)",2024-07-25 17:43:00,2024-07-25 17:47:00,5,5,5,0,1.0,1.0,0.0,0.0,35226.392,35226.392,,1.162874,35226.392,35225.229126,-30291.517642
116,2024-07-25 17:43:00,2024-07-25 17:47:00,5,93,359.104,31,8.0,3977.0,3977.0,10.67,"(8.0, 3977.0, 0.0, 10.67, 0.0)",2024-07-25 17:43:00,2024-07-25 17:47:00,5,5,5,0,1.0,1.0,0.0,0.0,35226.392,35226.392,,1.162874,35226.392,35225.229126,-30291.517642
116,2024-07-25 17:43:00,2024-07-25 17:47:00,5,93,359.104,32,8.0,4047.0,4047.0,12.2,"(8.0, 4047.0, 20.0, 12.2, 0.0)",2024-07-25 17:43:00,2024-07-25 17:47:00,5,5,5,0,1.0,1.0,0.0,0.0,35226.392,35226.392,,1.162874,35226.392,35225.229126,-30291.517642
116,2024-07-25 17:43:00,2024-07-25 17:47:00,5,93,359.104,33,8.0,4045.0,4045.0,10.55,"(8.0, 4045.0, -28.0, 10.55, 0.0)",2024-07-25 17:43:00,2024-07-25 17:47:00,5,5,5,0,1.0,1.0,0.0,0.0,35226.392,35226.392,,1.162874,35226.392,35225.229126,-30291.517642
116,2024-07-25 17:43:00,2024-07-25 17:47:00,5,93,359.104,35,8.0,4033.0,4033.0,10.32,"(8.0, 4033.0, 43.0, 10.32, 0.0)",2024-07-25 17:43:00,2024-07-25 17:47:00,5,5,5,0,1.0,1.0,0.0,0.0,35226.392,35226.392,,1.162874,35226.392,35225.229126,-30291.517642
116,2024-07-25 17:43:00,2024-07-25 17:47:00,5,93,359.104,36,8.0,4006.0,4006.0,11.59,"(8.0, 4006.0, 58.0, 11.59, 0.0)",2024-07-25 17:43:00,2024-07-25 17:47:00,5,5,5,0,1.0,1.0,0.0,0.0,35226.392,35226.392,,1.162874,35226.392,35225.229126,-30291.517642
116,2024-07-25 17:43:00,2024-07-25 17:47:00,5,93,359.104,37,8.0,4037.0,4037.0,11.99,"(8.0, 4037.0, 6.0, 11.99, 0.0)",2024-07-25 17:43:00,2024-07-25 17:47:00,5,5,5,0,1.0,1.0,0.0,0.0,35226.392,35226.392,,1.162874,35226.392,35225.229126,-30291.517642
116,2024-07-25 17:43:00,2024-07-25 17:47:00,5,93,359.104,38,8.0,4017.0,4017.0,12.11,"(8.0, 4017.0, -38.0, 12.11, 0.0)",2024-07-25 17:43:00,2024-07-25 17:47:00,5,5,5,0,1.0,1.0,0.0,0.0,35226.392,35226.392,,1.162874,35226.392,35225.229126,-30291.517642
116,2024-07-25 17:43:00,2024-07-25 17:47:00,5,93,359.104,39,8.0,4003.0,4003.0,11.44,"(8.0, 4003.0, 46.0, 11.44, 0.0)",2024-07-25 17:43:00,2024-07-25 17:47:00,5,5,5,0,1.0,1.0,0.0,0.0,35226.392,35226.392,,1.162874,35226.392,35225.229126,-30291.517642
116,2024-07-25 17:43:00,2024-07-25 17:47:00,5,93,359.104,40,8.0,4014.0,4014.0,11.76,"(8.0, 4014.0, 35.0, 11.76, 0.0)",2024-07-25 17:43:00,2024-07-25 17:47:00,5,5,5,0,1.0,1.0,0.0,0.0,35226.392,35226.392,,1.162874,35226.392,35225.229126,-30291.517642
116,2024-07-25 17:43:00,2024-07-25 17:47:00,5,93,359.104,42,8.0,4046.0,4046.0,11.49,"(8.0, 4046.0, 23.0, 11.49, 0.0)",2024-07-25 17:43:00,2024-07-25 17:47:00,5,5,5,0,1.0,1.0,0.0,0.0,35226.392,35226.392,,1.162874,35226.392,35225.229126,-30291.517642
116,2024-07-25 17:43:00,2024-07-25 17:47:00,5,93,359.104,43,8.0,4029.0,4029.0,10.94,"(8.0, 4029.0, 12.0, 10.94, 0.0)",2024-07-25 17:43:00,2024-07-25 17:47:00,5,5,5,0,1.0,1.0,0.0,0.0,35226.392,35226.392,,1.162874,35226.392,35225.229126,-30291.517642
116,2024-07-25 17:43:00,2024-07-25 17:47:00,5,93,359.104,44,8.0,4031.0,4031.0,10.99,"(8.0, 4031.0, 86.0, 10.99, 0.0)",2024-07-25 17:43:00,2024-07-25 17:47:00,5,5,5,0,1.0,1.0,0.0,0.0,35226.392,35226.392,,1.162874,35226.392,35225.229126,-30291.517642
116,2024-07-25 17:43:00,2024-07-25 17:47:00,5,93,359.104,45,8.0,4032.0,4032.0,9.91,"(8.0, 4032.0, 0.0, 9.91, 0.0)",2024-07-25 17:43:00,2024-07-25 17:47:00,5,5,5,0,1.0,1.0,0.0,0.0,35226.392,35226.392,,1.162874,35226.392,35225.229126,-30291.517642
116,2024-07-25 17:43:00,2024-07-25 17:47:00,5,93,359.104,46,8.0,3934.0,3934.0,10.29,"(8.0, 3934.0, 83.0, 10.29, 0.0)",2024-07-25 17:43:00,2024-07-25 17:47:00,5,5,5,0,1.0,1.0,0.0,0.0,35226.392,35226.392,,1.162874,35226.392,35225.229126,-30291.517642
116,2024-07-25 17:43:00,2024-07-25 17:47:00,5,93,359.104,47,8.0,3999.0,3999.0,9.46,"(8.0, 3999.0, 7.0, 9.46, 0.0)",2024-07-25 17:43:00,2024-07-25 17:47:00,5,5,5,0,1.0,1.0,0.0,0.0,35226.392,35226.392,,1.162874,35226.392,35225.229126,-30291.517642
116,2024-07-25 17:43:00,2024-07-25 17:47:00,5,93,359.104,48,8.0,4032.0,4032.0,12.03,"(8.0, 4032.0, 31.0, 12.03, 0.0)",2024-07-25 17:43:00,2024-07-25 17:47:00,5,5,5,0,1.0,1.0,0.0,0.0,35226.392,35226.392,,1.162874,35226.392,35225.229126,-30291.517642
116,2024-07-25 17:43:00,2024-07-25 17:47:00,5,93,359.104,49,8.0,4012.0,4012.0,11.48,"(8.0, 4012.0, 30.0, 11.48, 0.0)",2024-07-25 17:43:00,2024-07-25 17:47:00,5,5,5,0,1.0,1.0,0.0,0.0,35226.392,35226.392,,1.162874,35226.392,35225.229126,-30291.517642
116,2024-07-25 17:43:00,2024-07-25 17:47:00,5,93,359.104,50,8.0,4052.0,4052.0,9.62,"(8.0, 4052.0, 17.0, 9.62, 0.0)",2024-07-25 17:43:00,2024-07-25 17:47:00,5,5,5,0,1.0,1.0,0.0,0.0,35226.392,35226.392,,1.162874,35226.392,35225.229126,-30291.517642
116,2024-07-25 17:43:00,2024-07-25 17:47:00,5,93,359.104,51,8.0,4015.0,4015.0,12.69,"(8.0, 4015.0, -20.0, 12.69, 0.0)",2024-07-25 17:43:00,2024-07-25 17:47:00,5,5,5,0,1.0,1.0,0.0,0.0,35226.392,35226.392,,1.162874,35226.392,35225.229126,-30291.517642
116,2024-07-25 17:43:00,2024-07-25 17:47:00,5,93,359.104,52,8.0,4008.0,4008.0,11.62,"(8.0, 4008.0, 26.0, 11.62, 0.0)",2024-07-25 17:43:00,2024-07-25 17:47:00,5,5,5,0,1.0,1.0,0.0,0.0,35226.392,35226.392,,1.162874,35226.392,35225.229126,-30291.517642
116,2024-07-25 17:43:00,2024-07-25 17:47:00,5,93,359.104,53,11.0,1997.0,1997.0,10.87,"(11.0, 1997.0, -83.0, 10.87, 0.0)",2024-07-25 17:43:00,2024-07-25 17:47:00,5,5,5,0,1.0,1.0,0.0,0.0,35226.392,35226.392,,1.162874,35226.392,35225.229126,-30291.517642
116,2024-07-25 17:43:00,2024-07-25 17:47:00,5,93,359.104,54,8.0,4025.0,4025.0,12.58,"(8.0, 4025.0, 27.0, 12.58, 0.0)",2024-07-25 17:43:00,2024-07-25 17:47:00,5,5,5,0,1.0,1.0,0.0,0.0,35226.392,35226.392,,1.162874,35226.392,35225.229126,-30291.517642
116,2024-07-25 17:43:00,2024-07-25 17:47:00,5,93,359.104,55,8.0,4043.0,4043.0,11.91,"(8.0, 4043.0, -74.0, 11.91, 0.0)",2024-07-25 17:43:00,2024-07-25 17:47:00,5,5,5,0,1.0,1.0,0.0,0.0,35226.392,35226.392,,1.162874,35226.392,35225.229126,-30291.517642
116,2024-07-25 17:43:00,2024-07-25 17:47:00,5,93,359.104,56,8.0,3961.0,3961.0,11.16,"(8.0, 3961.0, 55.0, 11.16, 0.0)",2024-07-25 17:43:00,2024-07-25 17:47:00,5,5,5,0,1.0,1.0,0.0,0.0,35226.392,35226.392,,1.162874,35226.392,35225.229126,-30291.517642
116,2024-07-25 17:43:00,2024-07-25 17:47:00,5,93,359.104,57,11.0,2008.0,2008.0,11.27,"(11.0, 2008.0, -32.0, 11.27, 0.0)",2024-07-25 17:43:00,2024-07-25 17:47:00,5,5,5,0,1.0,1.0,0.0,0.0,35226.392,35226.392,,1.162874,35226.392,35225.229126,-30291.517642
116,2024-07-25 17:43:00,2024-07-25 17:47:00,5,93,359.104,58,8.0,4005.0,4005.0,11.07,"(8.0, 4005.0, -38.0, 11.07, 0.0)",2024-07-25 17:43:00,2024-07-25 17:47:00,5,5,5,0,1.0,1.0,0.0,0.0,35226.392,35226.392,,1.162874,35226.392,35225.229126,-30291.517642
116,2024-07-25 17:43:00,2024-07-25 17:47:00,5,93,359.104,59,8.0,4049.0,4049.0,11.04,"(8.0, 4049.0, 59.0, 11.04, 0.0)",2024-07-25 17:43:00,2024-07-25 17:47:00,5,5,5,0,1.0,1.0,0.0,0.0,35226.392,35226.392,,1.162874,35226.392,35225.229126,-30291.517642
116,2024-07-25 17:43:00,2024-07-25 17:47:00,5,93,359.104,60,8.0,3983.0,3983.0,9.7,"(8.0, 3983.0, 20.0, 9.7, 0.0)",2024-07-25 17:43:00,2024-07-25 17:47:00,5,5,5,0,1.0,1.0,0.0,0.0,35226.392,35226.392,,1.162874,35226.392,35225.229126,-30291.517642
116,2024-07-25 17:43:00,2024-07-25 17:47:00,5,93,359.104,62,8.0,3393.0,3393.0,10.55,"(8.0, 3393.0, 63.0, 10.55, 0.0)",2024-07-25 17:43:00,2024-07-25 17:47:00,5,5,5,0,1.0,1.0,0.0,0.0,35226.392,35226.392,,1.162874,35226.392,35225.229126,-30291.517642
116,2024-07-25 17:43:00,2024-07-25 17:47:00,5,93,359.104,63,8.0,3905.0,3905.0,10.17,"(8.0, 3905.0, -19.0, 10.17, 0.0)",2024-07-25 17:43:00,2024-07-25 17:47:00,5,5,5,0,1.0,1.0,0.0,0.0,35226.392,35226.392,,1.162874,35226.392,35225.229126,-30291.517642
116,2024-07-25 17:43:00,2024-07-25 17:47:00,5,93,359.104,64,8.0,4040.0,4040.0,9.57,"(8.0, 4040.0, -20.0, 9.57, 0.0)",2024-07-25 17:43:00,2024-07-25 17:47:00,5,5,5,0,1.0,1.0,0.0,0.0,35226.392,35226.392,,1.162874,35226.392,35225.229126,-30291.517642
116,2024-07-25 17:43:00,2024-07-25 17:47:00,5,93,359.104,65,8.0,3990.0,3990.0,11.45,"(8.0, 3990.0, -109.0, 11.45, 0.0)",2024-07-25 17:43:00,2024-07-25 17:47:00,5,5,5,0,1.0,1.0,0.0,0.0,35226.392,35226.392,,1.162874,35226.392,35225.229126,-30291.517642
116,2024-07-25 17:43:00,2024-07-25 17:47:00,5,93,359.104,67,8.0,4013.0,4013.0,10.96,"(8.0, 4013.0, 63.0, 10.96, 0.0)",2024-07-25 17:43:00,2024-07-25 17:47:00,5,5,5,0,1.0,1.0,0.0,0.0,35226.392,35226.392,,1.162874,35226.392,35225.229126,-30291.517642
116,2024-07-25 17:43:00,2024-07-25 17:47:00,5,93,359.104,68,8.0,4016.0,4016.0,13.05,"(8.0, 4016.0, -43.0, 13.05, 0.0)",2024-07-25 17:43:00,2024-07-25 17:47:00,5,5,5,0,1.0,1.0,0.0,0.0,35226.392,35226.392,,1.162874,35226.392,35225.229126,-30291.517642
116,2024-07-25 17:43:00,2024-07-25 17:47:00,5,93,359.104,69,8.0,3973.0,3973.0,11.83,"(8.0, 3973.0, 12.0, 11.83, 0.0)",2024-07-25 17:43:00,2024-07-25 17:47:00,5,5,5,0,1.0,1.0,0.0,0.0,35226.392,35226.392,,1.162874,35226.392,35225.229126,-30291.517642
116,2024-07-25 17:43:00,2024-07-25 17:47:00,5,93,359.104,70,8.0,4041.0,4041.0,11.87,"(8.0, 4041.0, 24.0, 11.87, 0.0)",2024-07-25 17:43:00,2024-07-25 17:47:00,5,5,5,0,1.0,1.0,0.0,0.0,35226.392,35226.392,,1.162874,35226.392,35225.229126,-30291.517642
116,2024-07-25 17:43:00,2024-07-25 17:47:00,5,93,359.104,71,8.0,4022.0,4022.0,11.92,"(8.0, 4022.0, 26.0, 11.92, 0.0)",2024-07-25 17:43:00,2024-07-25 17:47:00,5,5,5,0,1.0,1.0,0.0,0.0,35226.392,35226.392,,1.162874,35226.392,35225.229126,-30291.517642
116,2024-07-25 17:43:00,2024-07-25 17:47:00,5,93,359.104,72,8.0,4052.0,4052.0,10.52,"(8.0, 4052.0, -6.0, 10.52, 0.0)",2024-07-25 17:43:00,2024-07-25 17:47:00,5,5,5,0,1.0,1.0,0.0,0.0,35226.392,35226.392,,1.162874,35226.392,35225.229126,-30291.517642
116,2024-07-25 17:43:00,2024-07-25 17:47:00,5,93,359.104,73,8.0,4051.0,4051.0,9.71,"(8.0, 4051.0, -1.0, 9.71, 0.0)",2024-07-25 17:43:00,2024-07-25 17:47:00,5,5,5,0,1.0,1.0,0.0,0.0,35226.392,35226.392,,1.162874,35226.392,35225.229126,-30291.517642
116,2024-07-25 17:43:00,2024-07-25 17:47:00,5,93,359.104,74,8.0,3981.0,3981.0,10.87,"(8.0, 3981.0, 2.0, 10.87, 0.0)",2024-07-25 17:43:00,2024-07-25 17:47:00,5,5,5,0,1.0,1.0,0.0,0.0,35226.392,35226.392,,1.162874,35226.392,35225.229126,-30291.517642
116,2024-07-25 17:43:00,2024-07-25 17:47:00,5,93,359.104,75,8.0,4040.0,4040.0,10.88,"(8.0, 4040.0, 121.0, 10.88, 0.0)",2024-07-25 17:43:00,2024-07-25 17:47:00,5,5,5,0,1.0,1.0,0.0,0.0,35226.392,35226.392,,1.162874,35226.392,35225.229126,-30291.517642
116,2024-07-25 17:43:00,2024-07-25 17:47:00,5,93,359.104,76,8.0,4009.0,4009.0,10.9,"(8.0, 4009.0, 51.0, 10.9, 0.0)",2024-07-25 17:43:00,2024-07-25 17:47:00,5,5,5,0,1.0,1.0,0.0,0.0,35226.392,35226.392,,1.162874,35226.392,35225.229126,-30291.517642
116,2024-07-25 17:43:00,2024-07-25 17:47:00,5,93,359.104,77,8.0,4013.0,4013.0,11.17,"(8.0, 4013.0, 23.0, 11.17, 0.0)",2024-07-25 17:43:00,2024-07-25 17:47:00,5,5,5,0,1.0,1.0,0.0,0.0,35226.392,35226.392,,1.162874,35226.392,35225.229126,-30291.517642
116,2024-07-25 17:43:00,2024-07-25 17:47:00,5,93,359.104,78,8.0,3862.0,3862.0,11.73,"(8.0, 3862.0, 5.0, 11.73, 0.0)",2024-07-25 17:43:00,2024-07-25 17:47:00,5,5,5,0,1.0,1.0,0.0,0.0,35226.392,35226.392,,1.162874,35226.392,35225.229126,-30291.517642
116,2024-07-25 17:43:00,2024-07-25 17:47:00,5,93,359.104,79,8.0,3993.0,3993.0,10.73,"(8.0, 3993.0, -31.0, 10.73, 0.0)",2024-07-25 17:43:00,2024-07-25 17:47:00,5,5,5,0,1.0,1.0,0.0,0.0,35226.392,35226.392,,1.162874,35226.392,35225.229126,-30291.517642
116,2024-07-25 17:43:00,2024-07-25 17:47:00,5,93,359.104,81,11.0,2006.0,2006.0,9.79,"(11.0, 2006.0, 46.0, 9.79, 0.0)",2024-07-25 17:43:00,2024-07-25 17:47:00,5,5,5,0,1.0,1.0,0.0,0.0,35226.392,35226.392,,1.162874,35226.392,35225.229126,-30291.517642
116,2024-07-25 17:43:00,2024-07-25 17:47:00,5,93,359.104,82,8.0,4011.0,4011.0,10.99,"(8.0, 4011.0, 31.0, 10.99, 0.0)",2024-07-25 17:43:00,2024-07-25 17:47:00,5,5,5,0,1.0,1.0,0.0,0.0,35226.392,35226.392,,1.162874,35226.392,35225.229126,-30291.517642
116,2024-07-25 17:43:00,2024-07-25 17:47:00,5,93,359.104,83,8.0,4015.0,4015.0,12.35,"(8.0, 4015.0, 69.0, 12.35, 0.0)",2024-07-25 17:43:00,2024-07-25 17:47:00,5,5,5,0,1.0,1.0,0.0,0.0,35226.392,35226.392,,1.162874,35226.392,35225.229126,-30291.517642
116,2024-07-25 17:43:00,2024-07-25 17:47:00,5,93,359.104,84,8.0,4019.0,4019.0,11.72,"(8.0, 4019.0, -26.0, 11.72, 0.0)",2024-07-25 17:43:00,2024-07-25 17:47:00,5,5,5,0,1.0,1.0,0.0,0.0,35226.392,35226.392,,1.162874,35226.392,35225.229126,-30291.517642
116,2024-07-25 17:43:00,2024-07-25 17:47:00,5,93,359.104,85,8.0,3992.0,3992.0,11.27,"(8.0, 3992.0, -131.0, 11.27, 0.0)",2024-07-25 17:43:00,2024-07-25 17:47:00,5,5,5,0,1.0,1.0,0.0,0.0,35226.392,35226.392,,1.162874,35226.392,35225.229126,-30291.517642
116,2024-07-25 17:43:00,2024-07-25 17:47:00,5,93,359.104,86,11.0,1998.0,1998.0,11.49,"(11.0, 1998.0, 82.0, 11.49, 0.0)",2024-07-25 17:43:00,2024-07-25 17:47:00,5,5,5,0,1.0,1.0,0.0,0.0,35226.392,35226.392,,1.162874,35226.392,35225.229126,-30291.517642
116,2024-07-25 17:43:00,2024-07-25 17:47:00,5,93,359.104,87,8.0,4026.0,4026.0,12.78,"(8.0, 4026.0, 22.0, 12.78, 0.0)",2024-07-25 17:43:00,2024-07-25 17:47:00,5,5,5,0,1.0,1.0,0.0,0.0,35226.392,35226.392,,1.162874,35226.392,35225.229126,-30291.517642
116,2024-07-25 17:43:00,2024-07-25 17:47:00,5,93,359.104,88,8.0,4022.0,4022.0,12.6,"(8.0, 4022.0, 60.0, 12.6, 0.0)",2024-07-25 17:43:00,2024-07-25 17:47:00,5,5,5,0,1.0,1.0,0.0,0.0,35226.392,35226.392,,1.162874,35226.392,35225.229126,-30291.517642
116,2024-07-25 17:43:00,2024-07-25 17:47:00,5,93,359.104,89,8.0,3987.0,3987.0,10.76,"(8.0, 3987.0, -36.0, 10.76, 0.0)",2024-07-25 17:43:00,2024-07-25 17:47:00,5,5,5,0,1.0,1.0,0.0,0.0,35226.392,35226.392,,1.162874,35226.392,35225.229126,-30291.517642
116,2024-07-25 17:43:00,2024-07-25 17:47:00,5,93,359.104,90,8.0,4000.0,4000.0,12.53,"(8.0, 4000.0, -11.0, 12.53, 0.0)",2024-07-25 17:43:00,2024-07-25 17:47:00,5,5,5,0,1.0,1.0,0.0,0.0,35226.392,35226.392,,1.162874,35226.392,35225.229126,-30291.517642
116,2024-07-25 17:43:00,2024-07-25 17:47:00,5,93,359.104,91,8.0,3993.0,3993.0,11.36,"(8.0, 3993.0, -45.0, 11.36, 0.0)",2024-07-25 17:43:00,2024-07-25 17:47:00,5,5,5,0,1.0,1.0,0.0,0.0,35226.392,35226.392,,1.162874,35226.392,35225.229126,-30291.517642
116,2024-07-25 17:43:00,2024-07-25 17:47:00,5,93,359.104,93,8.0,4028.0,4028.0,11.93,"(8.0, 4028.0, -3.0, 11.93, 0.0)",2024-07-25 17:43:00,2024-07-25 17:47:00,5,5,5,0,1.0,1.0,0.0,0.0,35226.392,35226.392,,1.162874,35226.392,35225.229126,-30291.517642
116,2024-07-25 17:43:00,2024-07-25 17:47:00,5,93,359.104,94,8.0,4027.0,4027.0,12.13,"(8.0, 4027.0, 40.0, 12.13, 0.0)",2024-07-25 17:43:00,2024-07-25 17:47:00,5,5,5,0,1.0,1.0,0.0,0.0,35226.392,35226.392,,1.162874,35226.392,35225.229126,-30291.517642
116,2024-07-25 17:43:00,2024-07-25 17:47:00,5,93,359.104,95,8.0,4001.0,4001.0,11.49,"(8.0, 4001.0, -56.0, 11.49, 0.0)",2024-07-25 17:43:00,2024-07-25 17:47:00,5,5,5,0,1.0,1.0,0.0,0.0,35226.392,35226.392,,1.162874,35226.392,35225.229126,-30291.517642
116,2024-07-25 17:43:00,2024-07-25 17:47:00,5,93,359.104,96,8.0,4019.0,4019.0,12.89,"(8.0, 4019.0, -210.0, 12.89, 0.0)",2024-07-25 17:43:00,2024-07-25 17:47:00,5,5,5,0,1.0,1.0,0.0,0.0,35226.392,35226.392,,1.162874,35226.392,35225.229126,-30291.517642
116,2024-07-25 17:43:00,2024-07-25 17:47:00,5,93,359.104,97,8.0,4023.0,4023.0,12.74,"(8.0, 4023.0, 30.0, 12.74, 0.0)",2024-07-25 17:43:00,2024-07-25 17:47:00,5,5,5,0,1.0,1.0,0.0,0.0,35226.392,35226.392,,1.162874,35226.392,35225.229126,-30291.517642
116,2024-07-25 17:43:00,2024-07-25 17:47:00,5,93,359.104,98,8.0,4029.0,4029.0,11.75,"(8.0, 4029.0, 60.0, 11.75, 0.0)",2024-07-25 17:43:00,2024-07-25 17:47:00,5,5,5,0,1.0,1.0,0.0,0.0,35226.392,35226.392,,1.162874,35226.392,35225.229126,-30291.517642
116,2024-07-25 17:43:00,2024-07-25 17:47:00,5,93,359.104,99,8.0,3961.0,3961.0,11.67,"(8.0, 3961.0, -75.0, 11.67, 0.0)",2024-07-25 17:43:00,2024-07-25 17:47:00,5,5,5,0,1.0,1.0,0.0,0.0,35226.392,35226.392,,1.162874,35226.392,35225.229126,-30291.517642
116,2024-07-25 17:43:00,2024-07-25 17:47:00,5,93,359.104,100,8.0,4030.0,4030.0,12.35,"(8.0, 4030.0, 48.0, 12.35, 0.0)",2024-07-25 17:43:00,2024-07-25 17:47:00,5,5,5,0,1.0,1.0,0.0,0.0,35226.392,35226.392,,1.162874,35226.392,35225.229126,-30291.517642
