timestamp,CT,CT_eff,FAN_SUM,is_anomaly,is_fan_joint_repeat_anomaly,is_station_power_repeat_anomaly,FAN_eff,L,is_negative_loss,is_model_abnormal,L_hat_init,residual_init,coarse_removed,coarse_reason
2023-09-24 02:17:00,0.0,0.0,5.285840000000001,False,False,False,5.285840000000001,5.285840000000001,False,False,3.2442527413559006,2.0415872586441006,True,low_bin_residual_mad
2023-09-24 02:55:00,0.0,0.0,2.84095,False,False,False,2.84095,2.84095,False,False,2.8408902996919054,5.970030809443472e-05,True,low_bin_residual_mad
2023-09-24 03:03:00,0.0,0.0,5.17911,False,False,False,5.17911,5.17911,False,False,3.2167323960563383,1.9623776039436613,True,low_bin_residual_mad
2023-09-24 03:04:00,0.0,0.0,5.07837,False,False,False,5.07837,5.07837,False,False,3.211880819749988,1.8664891802500114,True,low_bin_residual_mad
2023-09-24 03:08:00,0.0,0.0,4.99516,False,False,False,4.99516,4.99516,False,False,3.202887333089718,1.7922726669102822,True,low_bin_residual_mad
2023-09-24 03:10:00,0.0,0.0,5.258949999999999,False,False,False,5.258949999999999,5.258949999999999,False,False,3.242875141493656,2.0160748585063426,True,low_bin_residual_mad
2023-09-24 03:24:00,0.0,0.0,5.030609999999999,False,False,False,5.030609999999999,5.030609999999999,False,False,3.2108598486895166,1.8197501513104828,True,low_bin_residual_mad
2023-09-24 03:34:00,0.58616966,0.58616966,3.8119899999999993,False,False,False,3.8119899999999993,3.2258203399999994,False,False,3.7925087821797434,-0.566688442179744,True,low_bin_residual_mad
2023-09-24 03:41:00,-0.6560189,0.0,2.83583,False,False,False,2.83583,2.83583,False,False,2.8357497451218374,8.025487816265553e-05,True,low_bin_residual_mad
2023-09-25 09:46:00,0.57940775,0.57940775,3.688210000000001,False,False,False,3.688210000000001,3.108802250000001,False,False,3.6762135963235303,-0.5674113463235293,True,low_bin_residual_mad
2023-09-25 09:57:00,1.2328317,1.2328317,3.460269999999999,False,False,False,3.460269999999999,2.2274382999999993,False,False,3.4562079598813535,-1.2287696598813542,True,low_bin_residual_mad
2023-09-25 11:01:00,-0.5955509,0.0,2.8153599999999996,False,False,False,2.8153599999999996,2.8153599999999996,False,False,2.815197566987209,0.00016243301279050826,True,low_bin_residual_mad
2023-09-25 14:20:00,0.6177629,0.6177629,3.9720199999999997,False,False,False,3.9720199999999997,3.3542571,False,False,3.9392243112809173,-0.5849672112809174,True,low_bin_residual_mad
2023-09-25 16:25:00,1.2372711,1.2372711,3.9417299999999997,False,False,False,3.9417299999999997,2.7044588999999997,False,False,3.9117259912020663,-1.2072670912020667,True,low_bin_residual_mad
2023-09-25 17:17:00,-4.506886,0.0,0.01537,False,False,False,0.01537,0.01537,False,False,0.017929999999999998,-0.002559999999999998,True,low_bin_residual_mad
2023-09-25 17:18:00,-4.362151,0.0,0.016649999999999998,False,False,False,0.016649999999999998,0.016649999999999998,False,False,0.017929999999999998,-0.0012799999999999999,True,low_bin_residual_mad
2023-09-25 17:21:00,-4.434431,0.0,0.0128,False,False,False,0.0128,0.0128,False,False,0.017929999999999998,-0.005129999999999997,True,low_bin_residual_mad
2023-09-25 17:26:00,-4.4056816,0.0,0.01024,False,False,False,0.01024,0.01024,False,False,0.017929999999999998,-0.007689999999999997,True,low_bin_residual_mad
2023-09-25 18:12:00,-4.670171,0.0,0.00128,False,False,False,0.00128,0.00128,False,False,0.017929999999999998,-0.016649999999999998,True,low_bin_residual_mad
2023-09-25 18:21:00,-4.574013,0.0,0.015359999999999999,False,False,False,0.015359999999999999,0.015359999999999999,False,False,0.017929999999999998,-0.0025699999999999994,True,low_bin_residual_mad
2023-09-25 18:23:00,-4.6030765,0.0,0.01024,False,False,False,0.01024,0.01024,False,False,0.017929999999999998,-0.007689999999999997,True,low_bin_residual_mad
2023-09-25 19:20:00,-4.625109,0.0,0.00683,False,False,False,0.00683,0.00683,False,False,0.017929999999999998,-0.011099999999999999,True,low_bin_residual_mad
2023-09-25 19:36:00,-4.3807616,0.0,0.016649999999999998,False,False,False,0.016649999999999998,0.016649999999999998,False,False,0.017929999999999998,-0.0012799999999999999,True,low_bin_residual_mad
2023-09-25 21:51:00,-4.6729646,0.0,0.00566,False,False,False,0.00566,0.00566,False,False,0.017929999999999998,-0.012269999999999998,True,low_bin_residual_mad
2023-09-25 21:52:00,-4.6692743,0.0,0.01344,False,False,False,0.01344,0.01344,False,False,0.017929999999999998,-0.0044899999999999975,True,low_bin_residual_mad
2023-09-25 21:53:00,-4.6440105,0.0,0.00064,False,False,False,0.00064,0.00064,False,False,0.017929999999999998,-0.017289999999999996,True,low_bin_residual_mad
2023-09-25 21:54:00,-4.6497374,0.0,0.00075,False,False,False,0.00075,0.00075,False,False,0.017929999999999998,-0.017179999999999997,True,low_bin_residual_mad
2023-09-25 21:55:00,-4.6476593,0.0,0.00074,False,False,False,0.00074,0.00074,False,False,0.017929999999999998,-0.017189999999999997,True,low_bin_residual_mad
2023-09-25 21:56:00,-4.5336905,0.0,0.00076,False,False,False,0.00076,0.00076,False,False,0.017929999999999998,-0.017169999999999998,True,low_bin_residual_mad
2023-09-25 21:57:00,-4.533077,0.0,0.00085,False,False,False,0.00085,0.00085,False,False,0.017929999999999998,-0.017079999999999998,True,low_bin_residual_mad
2023-09-25 21:58:00,-4.6915975,0.0,0.00087,False,False,False,0.00087,0.00087,False,False,0.017929999999999998,-0.01706,True,low_bin_residual_mad
2023-09-25 21:59:00,-4.523288,0.0,0.00085,False,False,False,0.00085,0.00085,False,False,0.017929999999999998,-0.017079999999999998,True,low_bin_residual_mad
2023-09-25 22:00:00,-4.649437,0.0,0.00086,False,False,False,0.00086,0.00086,False,False,0.017929999999999998,-0.01707,True,low_bin_residual_mad
2023-09-25 22:01:00,-4.5750694,0.0,0.0009599999999999999,False,False,False,0.0009599999999999999,0.0009599999999999999,False,False,0.017929999999999998,-0.01697,True,low_bin_residual_mad
2023-09-25 23:26:00,-4.622171,0.0,0.01024,False,False,False,0.01024,0.01024,False,False,0.017929999999999998,-0.007689999999999997,True,low_bin_residual_mad
2023-09-25 23:27:00,-4.4767513,0.0,0.00896,False,False,False,0.00896,0.00896,False,False,0.017929999999999998,-0.008969999999999999,True,low_bin_residual_mad
2023-09-26 00:06:00,0.0,0.0,2.81831,False,False,False,2.81831,2.81831,False,False,2.8181594099523855,0.0001505900476144184,True,low_bin_residual_mad
2023-09-26 08:16:00,0.6892662,0.6892662,3.6319,False,False,False,3.6319,2.9426338,False,False,3.6216974645572217,-0.6790636645572219,True,low_bin_residual_mad
2023-09-26 08:20:00,0.6992697,0.6992697,3.724499999999999,False,False,False,3.724499999999999,3.025230299999999,False,False,3.7109897340686264,-0.6857594340686273,True,low_bin_residual_mad
2023-09-26 08:23:00,1.4221485,1.4221485,3.6292899999999997,False,False,False,3.6292899999999997,2.2071414999999996,False,False,3.619099262379289,-1.4119577623792892,True,low_bin_residual_mad
2023-09-26 08:27:00,0.6320971,0.6320971,3.8790199999999997,False,False,False,3.8790199999999997,3.2469228999999995,False,False,3.854161365592426,-0.6072384655924266,True,low_bin_residual_mad
2023-09-26 08:28:00,0.64250565,0.64250565,3.6950300000000005,False,False,False,3.6950300000000005,3.0525243500000006,False,False,3.6827490953431377,-0.6302247453431371,True,low_bin_residual_mad
2023-09-26 08:30:00,0.0,0.0,3.06506,False,False,False,3.06506,3.06506,False,False,3.0648847292707293,0.0001752707292705935,True,low_bin_residual_mad
2023-09-26 10:11:00,0.0,0.0,3.0872499999999983,False,False,False,3.0872499999999983,3.0872499999999983,False,False,3.0868353166833153,0.0004146833166829289,True,low_bin_residual_mad
2023-09-26 10:12:00,0.0,0.0,3.0560999999999994,False,False,False,3.0560999999999994,3.0560999999999994,False,False,3.0560214005994,7.859940059917747e-05,True,low_bin_residual_mad
2023-09-26 11:55:00,0.0,0.0,2.840959999999999,False,False,False,2.840959999999999,2.840959999999999,False,False,2.840900339837549,5.9660162449848286e-05,True,low_bin_residual_mad
2023-09-26 11:58:00,0.59659004,0.59659004,3.7603499999999994,False,False,False,3.7603499999999994,3.1637599599999993,False,False,3.7449206952366265,-0.5811607352366273,True,low_bin_residual_mad
2023-09-26 11:59:00,0.0,0.0,2.8050900000000007,False,False,False,2.8050900000000007,2.8050900000000007,False,False,2.80488633741014,0.00020366258986070918,True,low_bin_residual_mad
2023-09-26 13:02:00,1.2405173,1.2405173,3.9929800000000006,False,False,False,3.9929800000000006,2.7524627000000006,False,False,3.9581633340036206,-1.20570063400362,True,low_bin_residual_mad
2023-09-26 13:11:00,1.3987792,1.3987792,3.78852,False,False,False,3.78852,2.3897408,False,False,3.7708803468475414,-1.3811395468475411,True,low_bin_residual_mad
2023-09-26 13:14:00,0.0,0.0,3.0684300000000007,False,False,False,3.0684300000000007,3.0684300000000007,False,False,3.06821836963037,0.00021163036963045556,True,low_bin_residual_mad
2023-09-26 13:44:00,0.0,0.0,3.0978600000000003,False,False,False,3.0978600000000003,3.0978600000000003,False,False,3.097330843156844,0.0005291568431564642,True,low_bin_residual_mad
2023-09-26 13:45:00,1.3027245,1.3027245,3.71338,False,False,False,3.71338,2.4106555,False,False,3.7003336124999997,-1.2896781124999999,True,low_bin_residual_mad
2023-09-26 14:00:00,1.5389992,1.5389992,3.8666400000000003,False,False,False,3.8666400000000003,2.3276408,False,False,3.842797148321699,-1.5151563483216988,True,low_bin_residual_mad
2023-09-26 14:02:00,1.5157557,1.5157557,3.8162699999999994,False,False,False,3.8162699999999994,2.3005142999999997,False,False,3.7964529535995064,-1.4959386535995067,True,low_bin_residual_mad
2023-09-26 19:42:00,0.0,0.0,2.8349900000000003,False,False,False,2.8349900000000003,2.8349900000000003,False,False,2.8349063728876858,8.362711231457709e-05,True,low_bin_residual_mad
2023-09-26 20:03:00,-5.0694942,0.0,0.01409,False,False,False,0.01409,0.01409,False,False,0.017929999999999998,-0.003839999999999998,True,low_bin_residual_mad
2023-09-26 20:06:00,-4.943967,0.0,0.00128,False,False,False,0.00128,0.00128,False,False,0.017929999999999998,-0.016649999999999998,True,low_bin_residual_mad
2023-09-26 20:09:00,-4.8784466,0.0,0.007679999999999999,False,False,False,0.007679999999999999,0.007679999999999999,False,False,0.017929999999999998,-0.010249999999999999,True,low_bin_residual_mad
2023-09-26 20:12:00,-4.784036,0.0,0.0128,False,False,False,0.0128,0.0128,False,False,0.017929999999999998,-0.005129999999999997,True,low_bin_residual_mad
2023-09-26 20:15:00,-4.516917,0.0,0.007679999999999999,False,False,False,0.007679999999999999,0.007679999999999999,False,False,0.017929999999999998,-0.010249999999999999,True,low_bin_residual_mad
2023-09-26 20:17:00,-4.549656,0.0,0.007679999999999999,False,False,False,0.007679999999999999,0.007679999999999999,False,False,0.017929999999999998,-0.010249999999999999,True,low_bin_residual_mad
2023-09-26 20:18:00,-4.689441,0.0,0.00128,False,False,False,0.00128,0.00128,False,False,0.017929999999999998,-0.016649999999999998,True,low_bin_residual_mad
2023-09-26 20:19:00,-4.5979195,0.0,0.00768,False,False,False,0.00768,0.00768,False,False,0.017929999999999998,-0.010249999999999999,True,low_bin_residual_mad
2023-09-26 20:23:00,-4.7438374,0.0,0.01024,False,False,False,0.01024,0.01024,False,False,0.017929999999999998,-0.007689999999999997,True,low_bin_residual_mad
2023-09-26 20:36:00,-4.669512,0.0,0.01024,False,False,False,0.01024,0.01024,False,False,0.017929999999999998,-0.007689999999999997,True,low_bin_residual_mad
2023-09-26 20:37:00,-4.809816,0.0,0.0064,False,False,False,0.0064,0.0064,False,False,0.017929999999999998,-0.011529999999999999,True,low_bin_residual_mad
2023-09-26 20:43:00,-4.6700625,0.0,0.01409,False,False,False,0.01409,0.01409,False,False,0.017929999999999998,-0.003839999999999998,True,low_bin_residual_mad
2023-09-26 20:51:00,-4.3155937,0.0,0.01024,False,False,False,0.01024,0.01024,False,False,0.017929999999999998,-0.007689999999999997,True,low_bin_residual_mad
2023-09-26 20:57:00,-4.509943,0.0,0.01537,False,False,False,0.01537,0.01537,False,False,0.017929999999999998,-0.002559999999999998,True,low_bin_residual_mad
2023-09-26 20:59:00,-4.1649623,0.0,0.014080000000000002,False,False,False,0.014080000000000002,0.014080000000000002,False,False,0.017929999999999998,-0.003849999999999996,True,low_bin_residual_mad
2023-09-26 21:02:00,-4.8122015,0.0,0.01024,False,False,False,0.01024,0.01024,False,False,0.017929999999999998,-0.007689999999999997,True,low_bin_residual_mad
2023-09-26 21:05:00,-5.089529,0.0,0.011519999999999999,False,False,False,0.011519999999999999,0.011519999999999999,False,False,0.017929999999999998,-0.006409999999999999,True,low_bin_residual_mad
2023-09-26 21:06:00,-4.9306254,0.0,0.0038399999999999997,False,False,False,0.0038399999999999997,0.0038399999999999997,False,False,0.017929999999999998,-0.014089999999999998,True,low_bin_residual_mad
2023-09-27 07:23:00,-5.0281386,0.0,0.01409,False,False,False,0.01409,0.01409,False,False,0.017929999999999998,-0.003839999999999998,True,low_bin_residual_mad
2023-09-27 07:31:00,-4.384058,0.0,0.00256,False,False,False,0.00256,0.00256,False,False,0.017929999999999998,-0.015369999999999998,True,low_bin_residual_mad
2023-09-27 07:41:00,-4.461907,0.0,0.017920000000000002,False,False,False,0.017920000000000002,0.017920000000000002,False,False,0.017929999999999998,-9.999999999996123e-06,True,low_bin_residual_mad
2023-09-27 07:43:00,-4.606869,0.0,0.01537,False,False,False,0.01537,0.01537,False,False,0.017929999999999998,-0.002559999999999998,True,low_bin_residual_mad
2023-09-27 07:48:00,-4.5915947,0.0,0.01409,False,False,False,0.01409,0.01409,False,False,0.017929999999999998,-0.003839999999999998,True,low_bin_residual_mad
2023-09-27 07:49:00,-4.4717355,0.0,0.007679999999999999,False,False,False,0.007679999999999999,0.007679999999999999,False,False,0.017929999999999998,-0.010249999999999999,True,low_bin_residual_mad
2023-09-27 07:50:00,-4.3558064,0.0,0.0064,False,False,False,0.0064,0.0064,False,False,0.017929999999999998,-0.011529999999999999,True,low_bin_residual_mad
2023-09-27 07:52:00,-4.4633226,0.0,0.00512,False,False,False,0.00512,0.00512,False,False,0.017929999999999998,-0.012809999999999998,True,low_bin_residual_mad
2023-09-27 09:53:00,-4.5577207,0.0,0.00512,False,False,False,0.00512,0.00512,False,False,0.017929999999999998,-0.012809999999999998,True,low_bin_residual_mad
2023-09-27 09:55:00,-4.6121593,0.0,0.00128,False,False,False,0.00128,0.00128,False,False,0.017929999999999998,-0.016649999999999998,True,low_bin_residual_mad
2023-09-27 09:57:00,-4.4990187,0.0,0.007679999999999999,False,False,False,0.007679999999999999,0.007679999999999999,False,False,0.017929999999999998,-0.010249999999999999,True,low_bin_residual_mad
2023-09-27 10:10:00,-4.2730384,0.0,0.008960000000000001,False,False,False,0.008960000000000001,0.008960000000000001,False,False,0.017929999999999998,-0.008969999999999997,True,low_bin_residual_mad
2023-09-27 10:18:00,-4.1297474,0.0,0.011519999999999999,False,False,False,0.011519999999999999,0.011519999999999999,False,False,0.017929999999999998,-0.006409999999999999,True,low_bin_residual_mad
2023-09-27 10:24:00,-4.2163067,0.0,0.00512,False,False,False,0.00512,0.00512,False,False,0.017929999999999998,-0.012809999999999998,True,low_bin_residual_mad
2023-09-27 10:56:00,-4.3392053,0.0,0.00256,False,False,False,0.00256,0.00256,False,False,0.017929999999999998,-0.015369999999999998,True,low_bin_residual_mad
2023-09-27 12:10:00,0.0,0.0,2.8264200000000006,False,False,False,2.8264200000000006,2.8264200000000006,False,False,2.826301968070209,0.00011803192979176202,True,low_bin_residual_mad
2023-09-27 12:12:00,0.0,0.0,3.08851,False,False,False,3.08851,3.08851,False,False,3.0880817222777224,0.0004282777222774925,True,low_bin_residual_mad
2023-09-27 12:15:00,1.48913,1.48913,3.9814499999999997,False,False,False,3.9814499999999997,2.4923199999999994,False,False,3.947745064347477,-1.4554250643474775,True,low_bin_residual_mad
2023-09-27 12:16:00,1.5223521,1.5223521,3.630159999999999,False,False,False,3.630159999999999,2.107807899999999,False,False,3.6199653297719325,-1.5121574297719333,True,low_bin_residual_mad
2023-09-27 12:26:00,1.7950466,1.7950466,4.013850000000001,False,False,False,4.013850000000001,2.2188034000000005,False,False,3.9770210345867696,-1.758217634586769,True,low_bin_residual_mad
2023-09-27 12:32:00,1.4417732,1.4417732,3.8678900000000005,False,False,False,3.8678900000000005,2.4261168000000004,False,False,3.8439445854451573,-1.4178277854451569,True,low_bin_residual_mad
2023-09-27 12:33:00,1.4946375,1.4946375,3.86834,False,False,False,3.86834,2.3737025,False,False,3.8443576628096015,-1.4706551628096016,True,low_bin_residual_mad
2023-09-27 12:34:00,1.4386195,1.4386195,3.97121,False,False,False,3.97121,2.5325905000000004,False,False,3.9384924120249356,-1.4059019120249352,True,low_bin_residual_mad
2023-09-27 16:51:00,0.0,0.0,2.8273099999999998,False,False,False,2.8273099999999998,2.8273099999999998,False,False,2.8271955410325833,0.00011445896741646422,True,low_bin_residual_mad
2023-09-27 18:02:00,0.5945715,0.5945715,3.960519999999999,False,False,False,3.960519999999999,3.365948499999999,False,False,3.928833149004625,-0.562884649004626,True,low_bin_residual_mad
2023-09-27 18:09:00,0.5972965,0.5972965,3.6993200000000006,False,False,False,3.6993200000000006,3.1020235000000005,False,False,3.68686013504902,-0.5848366350490197,True,low_bin_residual_mad
2023-09-27 18:14:00,1.1851658,1.1851658,3.8892499999999997,False,False,False,3.8892499999999997,2.7040841999999996,False,False,3.8635519910108065,-1.1594677910108069,True,low_bin_residual_mad
2023-09-27 18:46:00,1.2565279,1.2565279,3.9272299999999984,False,False,False,3.9272299999999984,2.6707020999999984,False,False,3.8984157205699526,-1.2277136205699541,True,low_bin_residual_mad
2023-09-27 19:00:00,1.2937751,1.2937751,3.99766,False,False,False,3.99766,2.7038849000000003,False,False,3.962392085260407,-1.2585071852604068,True,low_bin_residual_mad
2023-09-27 21:07:00,1.4845788,1.4845788,3.861919999999999,False,False,False,3.861919999999999,2.377341199999999,False,False,3.8384644257435205,-1.4611232257435214,True,low_bin_residual_mad
2023-09-27 21:19:00,-0.7502614,0.0,3.08085,False,False,False,3.08085,3.08085,False,False,3.0805043676323676,0.0003456323676322981,True,low_bin_residual_mad
2023-09-27 22:05:00,-4.946782,0.0,0.011519999999999999,False,False,False,0.011519999999999999,0.011519999999999999,False,False,0.017929999999999998,-0.006409999999999999,True,low_bin_residual_mad
2023-09-27 22:06:00,-4.9472027,0.0,0.011519999999999999,False,False,False,0.011519999999999999,0.011519999999999999,False,False,0.017929999999999998,-0.006409999999999999,True,low_bin_residual_mad
2023-09-27 22:07:00,-4.843992,0.0,0.0038399999999999997,False,False,False,0.0038399999999999997,0.0038399999999999997,False,False,0.017929999999999998,-0.014089999999999998,True,low_bin_residual_mad
2023-09-27 22:08:00,-4.762563,0.0,0.00512,False,False,False,0.00512,0.00512,False,False,0.017929999999999998,-0.012809999999999998,True,low_bin_residual_mad
2023-09-27 22:09:00,-4.747603,0.0,0.007679999999999999,False,False,False,0.007679999999999999,0.007679999999999999,False,False,0.017929999999999998,-0.010249999999999999,True,low_bin_residual_mad
2023-09-28 00:41:00,-4.432852,0.0,0.01537,False,False,False,0.01537,0.01537,False,False,0.017929999999999998,-0.002559999999999998,True,low_bin_residual_mad
2023-09-28 00:43:00,-4.542338,0.0,0.016649999999999998,False,False,False,0.016649999999999998,0.016649999999999998,False,False,0.017929999999999998,-0.0012799999999999999,True,low_bin_residual_mad
2023-09-28 01:22:00,-4.4631577,0.0,0.011519999999999999,False,False,False,0.011519999999999999,0.011519999999999999,False,False,0.017929999999999998,-0.006409999999999999,True,low_bin_residual_mad
2023-09-28 01:25:00,-4.5649333,0.0,0.00512,False,False,False,0.00512,0.00512,False,False,0.017929999999999998,-0.012809999999999998,True,low_bin_residual_mad
2023-09-28 01:31:00,-4.437337,0.0,0.0064,False,False,False,0.0064,0.0064,False,False,0.017929999999999998,-0.011529999999999999,True,low_bin_residual_mad
2023-09-28 01:33:00,-4.5151777,0.0,0.0038399999999999997,False,False,False,0.0038399999999999997,0.0038399999999999997,False,False,0.017929999999999998,-0.014089999999999998,True,low_bin_residual_mad
2023-09-28 01:44:00,-4.344213,0.0,0.0128,False,False,False,0.0128,0.0128,False,False,0.017929999999999998,-0.005129999999999997,True,low_bin_residual_mad
2023-09-28 01:46:00,-4.5356293,0.0,0.0038399999999999997,False,False,False,0.0038399999999999997,0.0038399999999999997,False,False,0.017929999999999998,-0.014089999999999998,True,low_bin_residual_mad
2023-09-28 03:09:00,-4.413517,0.0,0.0064,False,False,False,0.0064,0.0064,False,False,0.017929999999999998,-0.011529999999999999,True,low_bin_residual_mad
2023-09-28 03:16:00,-4.4264507,0.0,0.016649999999999998,False,False,False,0.016649999999999998,0.016649999999999998,False,False,0.017929999999999998,-0.0012799999999999999,True,low_bin_residual_mad
2023-09-28 04:35:00,1.2003495,1.2003495,3.93317,False,False,False,3.93317,2.7328205,False,False,3.9038683417806266,-1.1710478417806267,True,low_bin_residual_mad
2023-09-28 10:53:00,0.5845008,0.5845008,3.943870000000001,False,False,False,3.943870000000001,3.3593692000000006,False,False,3.9136904035574274,-0.5543212035574268,True,low_bin_residual_mad
2023-09-28 10:59:00,0.0,0.0,2.84012,False,False,False,2.84012,2.84012,False,False,2.8400569676033984,6.303239660176985e-05,True,low_bin_residual_mad
2023-09-28 12:45:00,0.0,0.0,2.8260300000000003,False,False,False,2.8260300000000003,2.8260300000000003,False,False,2.8259104023900665,0.00011959760993374147,True,low_bin_residual_mad
2023-09-28 15:22:00,0.0,0.0,2.83244,False,False,False,2.83244,2.83244,False,False,2.8323461357482964,9.386425170365698e-05,True,low_bin_residual_mad
2023-09-28 17:48:00,0.0,0.0,2.8260300000000003,False,False,False,2.8260300000000003,2.8260300000000003,False,False,2.8259104023900665,0.00011959760993374147,True,low_bin_residual_mad
2023-09-28 17:59:00,0.0,0.0,2.83626,False,False,False,2.83626,2.83626,False,False,2.836181471384558,7.852861544188627e-05,True,low_bin_residual_mad
2023-09-28 18:11:00,0.60010976,0.60010976,3.9613799999999997,False,False,False,3.9613799999999997,3.3612702399999996,False,False,3.929610227227027,-0.5683399872270272,True,low_bin_residual_mad
2023-09-28 21:20:00,1.5077406,1.5077406,3.73431,False,False,False,3.73431,2.2265694,False,False,3.7203905031862745,-1.4938211031862747,True,low_bin_residual_mad
2023-09-28 23:32:00,0.0,0.0,3.0821000000000005,False,False,False,3.0821000000000005,3.0821000000000005,False,False,3.081740881118882,0.00035911888111872514,True,low_bin_residual_mad
2023-09-28 23:35:00,0.0,0.0,3.0936500000000007,False,False,False,3.0936500000000007,3.0936500000000007,False,False,3.0931662657342667,0.0004837342657340038,True,low_bin_residual_mad
2023-09-29 01:05:00,-4.7156687,0.0,0.00256,False,False,False,0.00256,0.00256,False,False,0.017929999999999998,-0.015369999999999998,True,low_bin_residual_mad
2023-09-29 01:25:00,-4.5582395,0.0,0.00256,False,False,False,0.00256,0.00256,False,False,0.017929999999999998,-0.015369999999999998,True,low_bin_residual_mad
2023-09-29 01:27:00,-4.5789585,0.0,0.01024,False,False,False,0.01024,0.01024,False,False,0.017929999999999998,-0.007689999999999997,True,low_bin_residual_mad
2023-09-29 03:25:00,0.0,0.0,4.90554,False,False,False,4.90554,4.90554,False,False,3.1811601876431737,1.7243798123568266,True,low_bin_residual_mad
2023-09-29 04:18:00,-4.754182,0.0,0.00128,False,False,False,0.00128,0.00128,False,False,0.017929999999999998,-0.016649999999999998,True,low_bin_residual_mad
2023-09-29 04:21:00,-4.735016,0.0,0.011519999999999999,False,False,False,0.011519999999999999,0.011519999999999999,False,False,0.017929999999999998,-0.006409999999999999,True,low_bin_residual_mad
2023-09-29 05:43:00,-4.7359867,0.0,0.01537,False,False,False,0.01537,0.01537,False,False,0.017929999999999998,-0.002559999999999998,True,low_bin_residual_mad
2023-09-29 08:20:00,0.0,0.0,3.077420000000001,False,False,False,3.077420000000001,3.077420000000001,False,False,3.0771113746253755,0.0003086253746253931,True,low_bin_residual_mad
2023-09-29 08:29:00,0.0,0.0,3.0867999999999998,False,False,False,3.0867999999999998,3.0867999999999998,False,False,3.086390171828172,0.0004098281718278862,True,low_bin_residual_mad
2023-09-29 08:39:00,0.0,0.0,4.7979400000000005,False,False,False,4.7979400000000005,4.7979400000000005,False,False,3.1462429300245756,1.651697069975425,True,low_bin_residual_mad
2023-09-29 09:45:00,0.0,0.0,3.0744199999999995,False,False,False,3.0744199999999995,3.0744199999999995,False,False,3.074143742257742,0.0002762577422577017,True,low_bin_residual_mad
2023-09-29 09:54:00,-0.60477185,0.0,2.83627,False,False,False,2.83627,2.83627,False,False,2.8361915115302025,7.848846979729984e-05,True,low_bin_residual_mad
2023-09-30 03:43:00,-0.58256686,0.0,2.8132300000000003,False,False,False,2.8132300000000003,2.8132300000000003,False,False,2.8130590159648965,0.0001709840351038494,True,low_bin_residual_mad
2023-09-30 04:32:00,0.0,0.0,2.8004000000000007,False,False,False,2.8004000000000007,2.8004000000000007,False,False,2.800177509102792,0.00022249089720860482,True,low_bin_residual_mad
2023-09-30 21:40:00,1.584969,1.584969,3.808139999999999,False,False,False,3.808139999999999,2.223170999999999,False,False,3.788960870972714,-1.565789870972715,True,low_bin_residual_mad
2023-10-02 20:31:00,-0.60616124,0.0,3.0774199999999996,False,False,False,3.0774199999999996,3.0774199999999996,False,False,3.077111374625374,0.0003086253746253931,True,low_bin_residual_mad
2023-10-02 20:57:00,-0.7629483,0.0,2.8033999999999994,False,False,False,2.8033999999999994,2.8033999999999994,False,False,2.8031895527961903,0.00021044720380913873,True,low_bin_residual_mad
2023-10-02 21:38:00,0.0,0.0,4.947800000000001,False,False,False,4.947800000000001,4.947800000000001,False,False,3.1922285486791866,1.7555714513208143,True,low_bin_residual_mad
2023-10-03 00:18:00,0.59936863,0.59936863,3.95667,False,False,False,3.95667,3.35730137,False,False,3.925354368590389,-0.5680529985903888,True,low_bin_residual_mad
2023-10-03 01:42:00,-4.8501,0.0,0.008960000000000001,False,False,False,0.008960000000000001,0.008960000000000001,False,False,0.017929999999999998,-0.008969999999999997,True,low_bin_residual_mad
2023-10-03 03:31:00,0.0,0.0,2.83114,False,False,False,2.83114,2.83114,False,False,2.83104091681449,9.908318551010709e-05,True,low_bin_residual_mad
2023-10-03 03:43:00,0.0,0.0,4.78261,False,False,False,4.78261,4.78261,False,False,3.1402854486434,1.6423245513565998,True,low_bin_residual_mad
2023-10-03 03:46:00,0.0,0.0,5.14325,False,False,False,5.14325,5.14325,False,False,3.2062334274964317,1.9370165725035684,True,low_bin_residual_mad
2023-10-03 04:36:00,-5.091967,0.0,0.008960000000000001,False,False,False,0.008960000000000001,0.008960000000000001,False,False,0.017929999999999998,-0.008969999999999997,True,low_bin_residual_mad
2023-10-03 04:39:00,-4.812408,0.0,0.00128,False,False,False,0.00128,0.00128,False,False,0.017929999999999998,-0.016649999999999998,True,low_bin_residual_mad
2023-10-03 11:57:00,0.0,0.0,3.06548,False,False,False,3.06548,3.06548,False,False,3.065300197802198,0.0001798021978021147,True,low_bin_residual_mad
2023-10-03 12:58:00,-4.901155,0.0,0.01024,False,False,False,0.01024,0.01024,False,False,0.017929999999999998,-0.007689999999999997,True,low_bin_residual_mad
2023-10-03 13:15:00,-4.3261805,0.0,0.00512,False,False,False,0.00512,0.00512,False,False,0.017929999999999998,-0.012809999999999998,True,low_bin_residual_mad
2023-10-03 13:37:00,-4.64982,0.0,0.01409,False,False,False,0.01409,0.01409,False,False,0.017929999999999998,-0.003839999999999998,True,low_bin_residual_mad
2023-10-03 16:25:00,0.0,0.0,3.06636,False,False,False,3.06636,3.06636,False,False,3.066170703296703,0.00018929670329681514,True,low_bin_residual_mad
2023-10-03 16:38:00,1.4542875,1.4542875,3.9750400000000004,False,False,False,3.9750400000000004,2.5207525000000004,False,False,3.941953120852605,-1.4212006208526047,True,low_bin_residual_mad
2023-10-03 17:29:00,0.0,0.0,3.08765,False,False,False,3.08765,3.08765,False,False,3.0872310009990014,0.0004189990009986211,True,low_bin_residual_mad
2023-10-03 17:38:00,0.0,0.0,3.059910000000001,False,False,False,3.059910000000001,3.059910000000001,False,False,3.0597902937062944,0.00011970629370638974,True,low_bin_residual_mad
2023-10-03 17:42:00,-0.59680015,0.0,2.8029400000000004,False,False,False,2.8029400000000004,2.8029400000000004,False,False,2.8027277060965368,0.00021229390346366728,True,low_bin_residual_mad
2023-10-03 17:46:00,0.0,0.0,3.0552100000000006,False,False,False,3.0552100000000006,3.0552100000000006,False,False,3.055141002997004,6.899700299678457e-05,True,low_bin_residual_mad
2023-10-03 20:11:00,0.0,0.0,2.84394,False,False,False,2.84394,2.84394,False,False,2.84389230323966,4.7696760339999145e-05,True,low_bin_residual_mad
2023-10-03 20:18:00,0.5906784,0.5906784,3.925929999999999,False,False,False,3.925929999999999,3.3352515999999985,False,False,3.8972223859615567,-0.5619707859615581,True,low_bin_residual_mad
2023-10-07 07:10:00,-4.3439393,0.0,0.01024,False,False,False,0.01024,0.01024,False,False,0.017929999999999998,-0.007689999999999997,True,low_bin_residual_mad
2023-10-07 13:19:00,-4.2078786,0.0,0.007679999999999999,False,False,False,0.007679999999999999,0.007679999999999999,False,False,0.017929999999999998,-0.010249999999999999,True,low_bin_residual_mad
2023-10-07 13:20:00,-4.60062,0.0,0.01409,False,False,False,0.01409,0.01409,False,False,0.017929999999999998,-0.003839999999999998,True,low_bin_residual_mad
2023-10-07 13:34:00,0.0,0.0,5.213690000000001,False,False,False,5.213690000000001,5.213690000000001,False,False,3.229264147042255,1.9844258529577457,True,low_bin_residual_mad
2023-10-07 19:25:00,-4.9452467,0.0,0.008960000000000001,False,False,False,0.008960000000000001,0.008960000000000001,False,False,0.017929999999999998,-0.008969999999999997,True,low_bin_residual_mad
2023-10-07 19:27:00,-4.8609,0.0,0.0038399999999999997,False,False,False,0.0038399999999999997,0.0038399999999999997,False,False,0.017929999999999998,-0.014089999999999998,True,low_bin_residual_mad
2023-10-07 19:28:00,-4.8307586,0.0,0.01537,False,False,False,0.01537,0.01537,False,False,0.017929999999999998,-0.002559999999999998,True,low_bin_residual_mad
2023-10-07 19:36:00,-4.781906,0.0,0.0128,False,False,False,0.0128,0.0128,False,False,0.017929999999999998,-0.005129999999999997,True,low_bin_residual_mad
2023-10-07 19:40:00,-4.70282,0.0,0.016640000000000002,False,False,False,0.016640000000000002,0.016640000000000002,False,False,0.017929999999999998,-0.001289999999999996,True,low_bin_residual_mad
2023-10-07 19:43:00,-4.724782,0.0,0.01537,False,False,False,0.01537,0.01537,False,False,0.017929999999999998,-0.002559999999999998,True,low_bin_residual_mad
2023-10-07 19:57:00,-4.7905345,0.0,0.01537,False,False,False,0.01537,0.01537,False,False,0.017929999999999998,-0.002559999999999998,True,low_bin_residual_mad
2023-10-07 20:49:00,0.7493451,0.7493451,3.9904100000000002,False,False,False,3.9904100000000002,3.2410649000000005,False,False,3.955841135129701,-0.7147762351297007,True,low_bin_residual_mad
2023-10-07 22:37:00,-4.446122,0.0,0.00512,False,False,False,0.00512,0.00512,False,False,0.017929999999999998,-0.012809999999999998,True,low_bin_residual_mad
2023-10-07 22:41:00,-4.595876,0.0,0.0038399999999999997,False,False,False,0.0038399999999999997,0.0038399999999999997,False,False,0.017929999999999998,-0.014089999999999998,True,low_bin_residual_mad
2023-10-07 22:46:00,-4.517294,0.0,0.011519999999999999,False,False,False,0.011519999999999999,0.011519999999999999,False,False,0.017929999999999998,-0.006409999999999999,True,low_bin_residual_mad
2023-10-08 09:11:00,0.6355139,0.6355139,3.7210799999999997,False,False,False,3.7210799999999997,3.0855661,False,False,3.707712401715686,-0.6221463017156861,True,low_bin_residual_mad
2023-10-08 09:22:00,0.0,0.0,4.8061099999999985,False,False,False,4.8061099999999985,4.8061099999999985,False,False,3.1494179217326113,1.6566920782673873,True,low_bin_residual_mad
2023-10-08 09:33:00,0.7119468,0.7119468,3.8961199999999985,False,False,False,3.8961199999999985,3.1841731999999983,False,False,3.8698583054413302,-0.685685105441332,True,low_bin_residual_mad
2023-10-08 09:59:00,0.0,0.0,3.0736299999999996,False,False,False,3.0736299999999996,3.0736299999999996,False,False,3.0733622657342656,0.0002677342657340098,True,low_bin_residual_mad
2023-10-08 10:16:00,0.0,0.0,2.80686,False,False,False,2.80686,2.80686,False,False,2.8066634431892448,0.00019655681075514408,True,low_bin_residual_mad
2023-10-08 10:18:00,0.0,0.0,2.8303399999999996,False,False,False,2.8303399999999996,2.8303399999999996,False,False,2.8302377051629164,0.00010229483708323883,True,low_bin_residual_mad
2023-10-08 10:20:00,0.0,0.0,2.8025899999999995,False,False,False,2.8025899999999995,2.8025899999999995,False,False,2.8023763009989726,0.0002136990010268569,True,low_bin_residual_mad
2023-10-08 10:38:00,0.0,0.0,2.81063,False,False,False,2.81063,2.81063,False,False,2.8104485780972834,0.00018142190271674963,True,low_bin_residual_mad
2023-10-08 11:12:00,0.0,0.0,2.8427100000000003,False,False,False,2.8427100000000003,2.8427100000000003,False,False,2.842657365325367,5.263467463345606e-05,True,low_bin_residual_mad
2023-10-08 11:24:00,0.6413268,0.6413268,3.986599999999999,False,False,False,3.986599999999999,3.345273199999999,False,False,3.952398497888598,-0.607125297888599,True,low_bin_residual_mad
2023-10-08 11:36:00,0.59890264,0.59890264,3.8043200000000006,False,False,False,3.8043200000000006,3.2054173600000007,False,False,3.785440605827039,-0.5800232458270385,True,low_bin_residual_mad
2023-10-08 12:11:00,0.6421523,0.6421523,3.8516600000000007,False,False,False,3.8516600000000007,3.2095077000000005,False,False,3.8290462618341787,-0.6195385618341782,True,low_bin_residual_mad
2023-10-08 12:50:00,0.0,0.0,2.83927,False,False,False,2.83927,2.83927,False,False,2.8392035552236017,6.644477639827784e-05,True,low_bin_residual_mad
2023-10-08 13:03:00,0.5947786,0.5947786,3.7697200000000004,False,False,False,3.7697200000000004,3.1749414000000002,False,False,3.753555481732697,-0.5786140817326966,True,low_bin_residual_mad
2023-10-08 13:11:00,0.60385484,0.60385484,3.69294,False,False,False,3.69294,3.08908516,False,False,3.680746281127451,-0.591661121127451,True,low_bin_residual_mad
2023-10-08 13:20:00,0.0,0.0,3.08982,False,False,False,3.08982,3.08982,False,False,3.0893775884115886,0.0004424115884114066,True,low_bin_residual_mad
2023-10-08 13:35:00,1.2990103,1.2990103,3.4317,False,False,False,3.4317,2.1326897000000002,False,False,3.428838257553097,-1.2961485575530967,True,low_bin_residual_mad
2023-10-08 15:13:00,0.0,0.0,3.0923700000000007,False,False,False,3.0923700000000007,3.0923700000000007,False,False,3.0919000759240767,0.0004699240759240553,True,low_bin_residual_mad
2023-10-08 15:19:00,1.4051616,1.4051616,3.7240599999999997,False,False,False,3.7240599999999997,2.3188983999999997,False,False,3.710568088970588,-1.3916696889705884,True,low_bin_residual_mad
2023-10-08 15:21:00,1.343548,1.343548,3.9024800000000006,False,False,False,3.9024800000000006,2.5589320000000004,False,False,3.8756964655254866,-1.3167644655254862,True,low_bin_residual_mad
2023-10-08 15:22:00,1.4469991,1.4469991,3.86747,False,False,False,3.86747,2.4204708999999998,False,False,3.843559046571675,-1.4230881465716751,True,low_bin_residual_mad
2023-10-08 15:28:00,1.4236039,1.4236039,3.9968199999999996,False,False,False,3.9968199999999996,2.5732161,False,False,3.961633078624573,-1.3884169786245733,True,low_bin_residual_mad
2023-10-10 00:07:00,0.67100334,0.67100334,3.6275999999999997,False,False,False,3.6275999999999997,2.9565966599999998,False,False,3.617416901582083,-0.6608202415820834,True,low_bin_residual_mad
2023-10-10 23:29:00,0.59028506,0.59028506,3.640399999999999,False,False,False,3.640399999999999,3.0501149399999994,False,False,3.6301590425313326,-0.5800441025313332,True,low_bin_residual_mad
2023-10-10 23:33:00,0.0,0.0,3.0646199999999992,False,False,False,3.0646199999999992,3.0646199999999992,False,False,3.064449476523476,0.0001705234765232433,True,low_bin_residual_mad
2023-10-11 01:55:00,-0.6527052,0.0,2.81322,False,False,False,2.81322,2.81322,False,False,2.813048975819251,0.00017102418074887993,True,low_bin_residual_mad
2023-10-11 02:53:00,-4.7023163,0.0,0.01024,False,False,False,0.01024,0.01024,False,False,0.017929999999999998,-0.007689999999999997,True,low_bin_residual_mad
2023-10-11 02:54:00,-4.403095,0.0,0.00171,False,False,False,0.00171,0.00171,False,False,0.017929999999999998,-0.01622,True,low_bin_residual_mad
2023-10-11 03:01:00,-4.713182,0.0,0.01024,False,False,False,0.01024,0.01024,False,False,0.017929999999999998,-0.007689999999999997,True,low_bin_residual_mad
2023-10-11 03:51:00,0.0,0.0,2.8247299999999997,False,False,False,2.8247299999999997,2.8247299999999997,False,False,2.8246051834562595,0.00012481654374019158,True,low_bin_residual_mad
2023-10-11 04:03:00,1.1932195,1.1932195,3.9596800000000005,False,False,False,3.9596800000000005,2.7664605000000004,False,False,3.928074142368793,-1.1616136423687924,True,low_bin_residual_mad
2023-10-11 09:40:00,0.0,0.0,3.08211,False,False,False,3.08211,3.08211,False,False,3.0817507732267737,0.0003592267732264176,True,low_bin_residual_mad
2023-10-11 09:43:00,0.0,0.0,2.8439199999999993,False,False,False,2.8439199999999993,2.8439199999999993,False,False,2.84387222294837,4.777705162917201e-05,True,low_bin_residual_mad
2023-10-11 10:21:00,0.0,0.0,3.09236,False,False,False,3.09236,3.09236,False,False,3.0918901838161843,0.0004698161838159187,True,low_bin_residual_mad
2023-10-11 10:24:00,0.0,0.0,3.0795399999999997,False,False,False,3.0795399999999997,3.0795399999999997,False,False,3.0792085014985013,0.000331498501498384,True,low_bin_residual_mad
2023-10-11 11:11:00,0.0,0.0,2.8067999999999995,False,False,False,2.8067999999999995,2.8067999999999995,False,False,2.8066032023153764,0.00019679768462310676,True,low_bin_residual_mad
2023-10-11 11:59:00,-4.51957,0.0,0.011519999999999999,False,False,False,0.011519999999999999,0.011519999999999999,False,False,0.017929999999999998,-0.006409999999999999,True,low_bin_residual_mad
2023-10-11 12:04:00,-4.7690864,0.0,0.00512,False,False,False,0.00512,0.00512,False,False,0.017929999999999998,-0.012809999999999998,True,low_bin_residual_mad
2023-10-11 12:07:00,-4.524894,0.0,0.01024,False,False,False,0.01024,0.01024,False,False,0.017929999999999998,-0.007689999999999997,True,low_bin_residual_mad
2023-10-11 12:09:00,-4.311899,0.0,0.0128,False,False,False,0.0128,0.0128,False,False,0.017929999999999998,-0.005129999999999997,True,low_bin_residual_mad
2023-10-11 12:10:00,-4.3415174,0.0,0.0064,False,False,False,0.0064,0.0064,False,False,0.017929999999999998,-0.011529999999999999,True,low_bin_residual_mad
2023-10-11 12:11:00,-4.272195,0.0,0.0064,False,False,False,0.0064,0.0064,False,False,0.017929999999999998,-0.011529999999999999,True,low_bin_residual_mad
2023-10-11 12:44:00,-4.209758,0.0,0.016649999999999998,False,False,False,0.016649999999999998,0.016649999999999998,False,False,0.017929999999999998,-0.0012799999999999999,True,low_bin_residual_mad
2023-10-11 12:52:00,-4.245441,0.0,0.0038399999999999997,False,False,False,0.0038399999999999997,0.0038399999999999997,False,False,0.017929999999999998,-0.014089999999999998,True,low_bin_residual_mad
2023-10-11 12:53:00,-4.269705,0.0,0.01409,False,False,False,0.01409,0.01409,False,False,0.017929999999999998,-0.003839999999999998,True,low_bin_residual_mad
2023-10-11 13:15:00,0.0,0.0,2.8063999999999996,False,False,False,2.8063999999999996,2.8063999999999996,False,False,2.80620159648959,0.00019840351040967263,True,low_bin_residual_mad
2023-10-11 13:20:00,1.2885056,1.2885056,3.65449,False,False,False,3.65449,2.3659844000000003,False,False,3.6439002492647057,-1.2779158492647054,True,low_bin_residual_mad
2023-10-11 13:21:00,1.3181645,1.3181645,3.8670500000000008,False,False,False,3.8670500000000008,2.548885500000001,False,False,3.8431735076981934,-1.2942880076981926,True,low_bin_residual_mad
2023-10-11 13:24:00,0.0,0.0,3.0795500000000002,False,False,False,3.0795500000000002,3.0795500000000002,False,False,3.079218393606394,0.00033160639360607647,True,low_bin_residual_mad
2023-10-11 13:25:00,0.0,0.0,2.8008599999999997,False,False,False,2.8008599999999997,2.8008599999999997,False,False,2.800639355802446,0.00022064419755363218,True,low_bin_residual_mad
2023-10-11 13:54:00,0.0,0.0,2.8089500000000007,False,False,False,2.8089500000000007,2.8089500000000007,False,False,2.80876183362898,0.00018816637102059275,True,low_bin_residual_mad
2023-10-11 16:06:00,1.6934586,1.6934586,4.05528,False,False,False,4.05528,2.3618213999999997,False,False,3.985917057428915,-1.6240956574289154,True,low_bin_residual_mad
2023-10-11 16:11:00,1.2247727,1.2247727,3.4760399999999994,False,False,False,3.4760399999999994,2.2512672999999994,False,False,3.4709583922376956,-1.2196910922376962,True,low_bin_residual_mad
2023-10-11 16:13:00,1.2070316,1.2070316,3.3365,False,False,False,3.3365,2.1294684,False,False,3.3358788157117547,-1.2064104157117548,True,low_bin_residual_mad
2023-10-12 15:19:00,0.0,0.0,2.83198,False,False,False,2.83198,2.83198,False,False,2.8318842890486415,9.571095135862961e-05,True,low_bin_residual_mad
2023-10-12 17:24:00,0.5933239,0.5933239,3.54053,False,False,False,3.54053,2.9472061,False,False,3.53127896184204,-0.5840728618420403,True,low_bin_residual_mad
2023-10-12 17:52:00,1.3620076,1.3620076,3.9067600000000002,False,False,False,3.9067600000000002,2.5447524,False,False,3.879625290236206,-1.334872890236206,True,low_bin_residual_mad
2023-10-12 17:54:00,1.216525,1.216525,3.8192399999999993,False,False,False,3.8192399999999993,2.602714999999999,False,False,3.7991899136735,-1.1964749136735011,True,low_bin_residual_mad
2023-10-12 18:00:00,0.0,0.0,3.07058,False,False,False,3.07058,3.07058,False,False,3.070345172827173,0.00023482717282696797,True,low_bin_residual_mad
2023-10-12 18:03:00,0.0,0.0,2.82005,False,False,False,2.82005,2.82005,False,False,2.819906395294557,0.0001436047054430567,True,low_bin_residual_mad
2023-10-12 18:06:00,0.0,0.0,2.8367199999999997,False,False,False,2.8367199999999997,2.8367199999999997,False,False,2.8366433180842123,7.668191578735772e-05,True,low_bin_residual_mad
2023-10-12 18:08:00,0.5804602,0.5804602,3.5448100000000005,False,False,False,3.5448100000000005,2.9643498000000004,False,False,3.5352822497611998,-0.5709324497611994,True,low_bin_residual_mad
2023-10-12 18:20:00,0.0,0.0,3.0739999999999994,False,False,False,3.0739999999999994,3.0739999999999994,False,False,3.073728273726273,0.0002717262737261805,True,low_bin_residual_mad
2023-10-13 02:32:00,1.2387848,1.2387848,3.8542300000000003,False,False,False,3.8542300000000003,2.6154452000000004,False,False,3.8314053925600082,-1.2159601925600079,True,low_bin_residual_mad
2023-10-13 03:29:00,1.3631914,1.3631914,3.94132,False,False,False,3.94132,2.5781286000000003,False,False,3.9113496318255727,-1.3332210318255724,True,low_bin_residual_mad
2023-10-13 03:30:00,1.1825168,1.1825168,3.5110900000000003,False,False,False,3.5110900000000003,2.3285732,False,False,3.5037423271831494,-1.1751691271831493,True,low_bin_residual_mad
2023-10-13 03:34:00,1.2533784,1.2533784,3.9938099999999994,False,False,False,3.9938099999999994,2.7404315999999995,False,False,3.9589133048461695,-1.21848170484617,True,low_bin_residual_mad
2023-10-13 05:06:00,-4.232569,0.0,0.00512,False,False,False,0.00512,0.00512,False,False,0.017929999999999998,-0.012809999999999998,True,low_bin_residual_mad
2023-10-13 05:24:00,-4.60144,0.0,0.017920000000000002,False,False,False,0.017920000000000002,0.017920000000000002,False,False,0.017929999999999998,-9.999999999996123e-06,True,low_bin_residual_mad
2023-10-13 05:27:00,-4.5756674,0.0,0.01537,False,False,False,0.01537,0.01537,False,False,0.017929999999999998,-0.002559999999999998,True,low_bin_residual_mad
2023-10-13 05:45:00,-4.168578,0.0,0.01024,False,False,False,0.01024,0.01024,False,False,0.017929999999999998,-0.007689999999999997,True,low_bin_residual_mad
2023-10-13 05:46:00,-4.2421646,0.0,0.01537,False,False,False,0.01537,0.01537,False,False,0.017929999999999998,-0.002559999999999998,True,low_bin_residual_mad
2023-10-13 05:48:00,-4.1942325,0.0,0.00512,False,False,False,0.00512,0.00512,False,False,0.017929999999999998,-0.012809999999999998,True,low_bin_residual_mad
2023-10-13 06:41:00,0.0,0.0,2.8345699999999994,False,False,False,2.8345699999999994,2.8345699999999994,False,False,2.834484686770609,8.531322939031583e-05,True,low_bin_residual_mad
2023-10-13 08:31:00,1.3453319,1.3453319,3.9925299999999995,False,False,False,3.9925299999999995,2.6471980999999998,False,False,3.957756723305852,-1.3105586233058522,True,low_bin_residual_mad
2023-10-13 08:32:00,1.4799533,1.4799533,3.63614,False,False,False,3.63614,2.1561867,False,False,3.625918298746661,-1.469731598746661,True,low_bin_residual_mad
2023-10-13 09:43:00,1.5334785,1.5334785,3.914399999999999,False,False,False,3.914399999999999,2.3809214999999995,False,False,3.8866384259347804,-1.505716925934781,True,low_bin_residual_mad
2023-10-13 09:46:00,1.7893659,1.7893659,4.028369999999999,False,False,False,4.028369999999999,2.239004099999999,False,False,3.990141006434747,-1.751136906434748,True,low_bin_residual_mad
2023-10-13 09:48:00,1.4006641,1.4006641,3.92598,False,False,False,3.92598,2.5253159,False,False,3.897268283446496,-1.3719523834464962,True,low_bin_residual_mad
2023-10-13 09:49:00,1.4749744,1.4749744,3.8640700000000003,False,False,False,3.8640700000000003,2.3890956,False,False,3.8404380175958694,-1.4513424175958693,True,low_bin_residual_mad
2023-10-13 09:50:00,0.6028802,0.6028802,3.58875,False,False,False,3.58875,2.9858698,False,False,3.5787425128415866,-0.5928727128415865,True,low_bin_residual_mad
2023-10-13 09:52:00,1.5106934,1.5106934,3.937019999999999,False,False,False,3.937019999999999,2.426326599999999,False,False,3.9074024481208762,-1.4810758481208772,True,low_bin_residual_mad
2023-10-13 09:53:00,1.339922,1.339922,3.9900000000000007,False,False,False,3.9900000000000007,2.6500780000000006,False,False,3.9554706676050686,-1.305392667605068,True,low_bin_residual_mad
2023-10-13 09:56:00,1.3628137,1.3628137,3.8828600000000004,False,False,False,3.8828600000000004,2.5200463000000006,False,False,3.8576862924356896,-1.337639992435689,True,low_bin_residual_mad
2023-10-13 09:57:00,0.5801527,0.5801527,3.52732,False,False,False,3.52732,2.9471673000000003,False,False,3.5189230194560364,-0.5717557194560361,True,low_bin_residual_mad
2023-10-13 09:58:00,1.3130238,1.3130238,3.8619599999999994,False,False,False,3.8619599999999994,2.548936199999999,False,False,3.8385011437314716,-1.2895649437314725,True,low_bin_residual_mad
2023-10-13 10:13:00,1.3542451,1.3542451,3.57423,False,False,False,3.57423,2.2199849,False,False,3.5642881467022813,-1.3443032467022813,True,low_bin_residual_mad
2023-10-13 10:14:00,1.4063201,1.4063201,3.883689999999999,False,False,False,3.883689999999999,2.4773698999999993,False,False,3.8584481906856647,-1.3810782906856653,True,low_bin_residual_mad
2023-10-13 10:15:00,1.6339594,1.6339594,3.85724,False,False,False,3.85724,2.2232806,False,False,3.8341684211532945,-1.6108878211532947,True,low_bin_residual_mad
2023-10-13 10:16:00,1.6521393,1.6521393,4.049319999999999,False,False,False,4.049319999999999,2.397180699999999,False,False,4.0090709933641655,-1.6118902933641666,True,low_bin_residual_mad
2023-10-13 10:17:00,1.889339,1.889339,4.05656,False,False,False,4.05656,2.167221,False,False,3.979938821786142,-1.812717821786142,True,low_bin_residual_mad
2023-10-13 10:18:00,1.468613,1.468613,3.6019900000000002,False,False,False,3.6019900000000002,2.1333770000000003,False,False,3.5919226648859675,-1.4585456648859672,True,low_bin_residual_mad
2023-10-13 10:19:00,1.578859,1.578859,3.95457,False,False,False,3.95457,2.375711,False,False,3.9234568520008053,-1.5477458520008054,True,low_bin_residual_mad
2023-10-13 10:22:00,1.7842066,1.7842066,3.83208,False,False,False,3.83208,2.0478734,False,False,3.8110224279327887,-1.7631490279327888,True,low_bin_residual_mad
2023-10-13 13:55:00,1.4555564,1.4555564,3.8674800000000005,False,False,False,3.8674800000000005,2.4119236000000006,False,False,3.8435682260686628,-1.4316446260686622,True,low_bin_residual_mad
2023-10-13 22:20:00,1.2136071,1.2136071,3.93365,False,False,False,3.93365,2.7200429,False,False,3.9043089576360344,-1.1842660576360342,True,low_bin_residual_mad
2023-10-13 22:29:00,1.2694848,1.2694848,3.796629999999999,False,False,False,3.796629999999999,2.5271451999999988,False,False,3.7783539987667636,-1.2512087987667648,True,low_bin_residual_mad
2023-10-13 22:52:00,1.2981849,1.2981849,3.6980500000000007,False,False,False,3.6980500000000007,2.3998651000000004,False,False,3.6856431139705887,-1.2857780139705883,True,low_bin_residual_mad
2023-10-13 22:56:00,1.2825806,1.2825806,3.9566899999999996,False,False,False,3.9566899999999996,2.6741094,False,False,3.925372440176956,-1.2512630401769562,True,low_bin_residual_mad
2023-10-13 23:00:00,1.2800512,1.2800512,3.9669399999999997,False,False,False,3.9669399999999997,2.6868887999999997,False,False,3.9346341282927817,-1.247745328292782,True,low_bin_residual_mad
2023-10-13 23:08:00,1.2994206,1.2994206,3.97548,False,False,False,3.97548,2.6760594,False,False,3.942350695757089,-1.2662912957570889,True,low_bin_residual_mad
2023-10-13 23:24:00,-0.5898447,0.0,2.8477900000000003,False,False,False,2.8477900000000003,2.8477900000000003,False,False,2.8477577593128562,3.224068714402506e-05,True,low_bin_residual_mad
2023-10-13 23:50:00,1.1967392,1.1967392,3.98953,False,False,False,3.98953,2.7927907999999997,False,False,3.9550459853207323,-1.1622551853207326,True,low_bin_residual_mad
2023-10-13 23:54:00,0.0,0.0,2.8400999999999996,False,False,False,2.8400999999999996,2.8400999999999996,False,False,2.8400368873121087,6.311268789094271e-05,True,low_bin_residual_mad
2023-10-13 23:58:00,-0.6578686,0.0,2.8439400000000004,False,False,False,2.8439400000000004,2.8439400000000004,False,False,2.8438923032396604,4.7696760339999145e-05,True,low_bin_residual_mad
2023-10-14 19:57:00,0.0,0.0,2.81324,False,False,False,2.81324,2.81324,False,False,2.8130690561105407,0.00017094388945926298,True,low_bin_residual_mad
2023-10-14 20:36:00,-4.2138004,0.0,0.00256,False,False,False,0.00256,0.00256,False,False,0.017929999999999998,-0.015369999999999998,True,low_bin_residual_mad
2023-10-14 20:38:00,-4.0462685,0.0,0.011519999999999999,False,False,False,0.011519999999999999,0.011519999999999999,False,False,0.017929999999999998,-0.006409999999999999,True,low_bin_residual_mad
2023-10-14 20:49:00,-4.198746,0.0,0.0064,False,False,False,0.0064,0.0064,False,False,0.017929999999999998,-0.011529999999999999,True,low_bin_residual_mad
2023-10-14 20:50:00,-4.370555,0.0,0.016649999999999998,False,False,False,0.016649999999999998,0.016649999999999998,False,False,0.017929999999999998,-0.0012799999999999999,True,low_bin_residual_mad
2023-10-14 20:51:00,-4.2873926,0.0,0.01024,False,False,False,0.01024,0.01024,False,False,0.017929999999999998,-0.007689999999999997,True,low_bin_residual_mad
2023-10-14 21:21:00,-4.08352,0.0,0.00191,False,False,False,0.00191,0.00191,False,False,0.017929999999999998,-0.01602,True,low_bin_residual_mad
2023-10-14 21:22:00,-4.1480107,0.0,0.0018700000000000001,False,False,False,0.0018700000000000001,0.0018700000000000001,False,False,0.017929999999999998,-0.016059999999999998,True,low_bin_residual_mad
2023-10-14 21:23:00,-4.2618465,0.0,0.00188,False,False,False,0.00188,0.00188,False,False,0.017929999999999998,-0.01605,True,low_bin_residual_mad
2023-10-14 21:24:00,-4.150474,0.0,0.00185,False,False,False,0.00185,0.00185,False,False,0.017929999999999998,-0.016079999999999997,True,low_bin_residual_mad
2023-10-14 21:25:00,-4.2433195,0.0,0.00212,False,False,False,0.00212,0.00212,False,False,0.017929999999999998,-0.015809999999999998,True,low_bin_residual_mad
2023-10-14 21:26:00,-4.208868,0.0,0.00207,False,False,False,0.00207,0.00207,False,False,0.017929999999999998,-0.01586,True,low_bin_residual_mad
2023-10-14 21:27:00,-4.197483,0.0,0.00215,False,False,False,0.00215,0.00215,False,False,0.017929999999999998,-0.01578,True,low_bin_residual_mad
2023-10-14 21:28:00,-4.2498474,0.0,0.00214,False,False,False,0.00214,0.00214,False,False,0.017929999999999998,-0.01579,True,low_bin_residual_mad
2023-10-14 21:29:00,-4.1972947,0.0,0.00213,False,False,False,0.00213,0.00213,False,False,0.017929999999999998,-0.015799999999999998,True,low_bin_residual_mad
2023-10-14 21:30:00,-4.1827745,0.0,0.0020800000000000003,False,False,False,0.0020800000000000003,0.0020800000000000003,False,False,0.017929999999999998,-0.015849999999999996,True,low_bin_residual_mad
2023-10-14 21:31:00,-4.168892,0.0,0.0020099999999999996,False,False,False,0.0020099999999999996,0.0020099999999999996,False,False,0.017929999999999998,-0.015919999999999997,True,low_bin_residual_mad
2023-10-14 21:32:00,-4.296336,0.0,0.00217,False,False,False,0.00217,0.00217,False,False,0.017929999999999998,-0.015759999999999996,True,low_bin_residual_mad
2023-10-14 21:33:00,-4.3059015,0.0,0.00217,False,False,False,0.00217,0.00217,False,False,0.017929999999999998,-0.015759999999999996,True,low_bin_residual_mad
2023-10-14 21:34:00,-4.318857,0.0,0.00212,False,False,False,0.00212,0.00212,False,False,0.017929999999999998,-0.015809999999999998,True,low_bin_residual_mad
2023-10-14 21:35:00,-4.293064,0.0,0.00206,False,False,False,0.00206,0.00206,False,False,0.017929999999999998,-0.01587,True,low_bin_residual_mad
2023-10-14 21:36:00,-4.237259,0.0,0.00214,False,False,False,0.00214,0.00214,False,False,0.017929999999999998,-0.01579,True,low_bin_residual_mad
2023-10-14 21:37:00,-4.2370434,0.0,0.00206,False,False,False,0.00206,0.00206,False,False,0.017929999999999998,-0.01587,True,low_bin_residual_mad
2023-10-14 21:38:00,-4.171845,0.0,0.0022299999999999998,False,False,False,0.0022299999999999998,0.0022299999999999998,False,False,0.017929999999999998,-0.0157,True,low_bin_residual_mad
2023-10-14 21:39:00,-4.205684,0.0,0.00213,False,False,False,0.00213,0.00213,False,False,0.017929999999999998,-0.015799999999999998,True,low_bin_residual_mad
2023-10-14 21:40:00,-4.295509,0.0,0.0020499999999999997,False,False,False,0.0020499999999999997,0.0020499999999999997,False,False,0.017929999999999998,-0.01588,True,low_bin_residual_mad
2023-10-14 21:41:00,-4.2820454,0.0,0.0020299999999999997,False,False,False,0.0020299999999999997,0.0020299999999999997,False,False,0.017929999999999998,-0.015899999999999997,True,low_bin_residual_mad
2023-10-14 21:42:00,-4.1179237,0.0,0.0020099999999999996,False,False,False,0.0020099999999999996,0.0020099999999999996,False,False,0.017929999999999998,-0.015919999999999997,True,low_bin_residual_mad
2023-10-14 21:43:00,-4.3142996,0.0,0.0019,False,False,False,0.0019,0.0019,False,False,0.017929999999999998,-0.01603,True,low_bin_residual_mad
2023-10-14 21:44:00,-4.1715355,0.0,0.0020299999999999997,False,False,False,0.0020299999999999997,0.0020299999999999997,False,False,0.017929999999999998,-0.015899999999999997,True,low_bin_residual_mad
2023-10-14 21:45:00,-4.2695446,0.0,0.00216,False,False,False,0.00216,0.00216,False,False,0.017929999999999998,-0.01577,True,low_bin_residual_mad
2023-10-14 21:46:00,-4.2557735,0.0,0.00228,False,False,False,0.00228,0.00228,False,False,0.017929999999999998,-0.015649999999999997,True,low_bin_residual_mad
2023-10-14 21:47:00,-4.2476215,0.0,0.00215,False,False,False,0.00215,0.00215,False,False,0.017929999999999998,-0.01578,True,low_bin_residual_mad
2023-10-14 21:48:00,-4.1295996,0.0,0.00206,False,False,False,0.00206,0.00206,False,False,0.017929999999999998,-0.01587,True,low_bin_residual_mad
2023-10-14 21:49:00,-4.304017,0.0,0.00218,False,False,False,0.00218,0.00218,False,False,0.017929999999999998,-0.015749999999999997,True,low_bin_residual_mad
2023-10-14 21:50:00,-4.1377873,0.0,0.00219,False,False,False,0.00219,0.00219,False,False,0.017929999999999998,-0.015739999999999997,True,low_bin_residual_mad
2023-10-14 21:51:00,-4.2950416,0.0,0.00215,False,False,False,0.00215,0.00215,False,False,0.017929999999999998,-0.01578,True,low_bin_residual_mad
2023-10-14 21:52:00,-4.261465,0.0,0.00212,False,False,False,0.00212,0.00212,False,False,0.017929999999999998,-0.015809999999999998,True,low_bin_residual_mad
2023-10-14 21:53:00,-4.2954845,0.0,0.00219,False,False,False,0.00219,0.00219,False,False,0.017929999999999998,-0.015739999999999997,True,low_bin_residual_mad
2023-10-14 21:54:00,-4.1985297,0.0,0.00232,False,False,False,0.00232,0.00232,False,False,0.017929999999999998,-0.015609999999999999,True,low_bin_residual_mad
2023-10-14 21:55:00,-4.2190857,0.0,0.00228,False,False,False,0.00228,0.00228,False,False,0.017929999999999998,-0.015649999999999997,True,low_bin_residual_mad
2023-10-14 21:56:00,-4.261571,0.0,0.00211,False,False,False,0.00211,0.00211,False,False,0.017929999999999998,-0.015819999999999997,True,low_bin_residual_mad
2023-10-14 21:57:00,-4.2752643,0.0,0.00209,False,False,False,0.00209,0.00209,False,False,0.017929999999999998,-0.01584,True,low_bin_residual_mad
2023-10-14 21:58:00,-4.3136125,0.0,0.00219,False,False,False,0.00219,0.00219,False,False,0.017929999999999998,-0.015739999999999997,True,low_bin_residual_mad
2023-10-14 21:59:00,-4.228181,0.0,0.00206,False,False,False,0.00206,0.00206,False,False,0.017929999999999998,-0.01587,True,low_bin_residual_mad
2023-10-14 22:00:00,-4.2676,0.0,0.00219,False,False,False,0.00219,0.00219,False,False,0.017929999999999998,-0.015739999999999997,True,low_bin_residual_mad
2023-10-14 22:01:00,-4.1794453,0.0,0.0022299999999999998,False,False,False,0.0022299999999999998,0.0022299999999999998,False,False,0.017929999999999998,-0.0157,True,low_bin_residual_mad
2023-10-14 22:02:00,-4.2089033,0.0,0.00218,False,False,False,0.00218,0.00218,False,False,0.017929999999999998,-0.015749999999999997,True,low_bin_residual_mad
2023-10-14 22:03:00,-4.266697,0.0,0.00215,False,False,False,0.00215,0.00215,False,False,0.017929999999999998,-0.01578,True,low_bin_residual_mad
2023-10-14 22:04:00,-4.250966,0.0,0.0022,False,False,False,0.0022,0.0022,False,False,0.017929999999999998,-0.015729999999999997,True,low_bin_residual_mad
2023-10-14 22:05:00,-4.2046094,0.0,0.00229,False,False,False,0.00229,0.00229,False,False,0.017929999999999998,-0.015639999999999998,True,low_bin_residual_mad
2023-10-14 22:06:00,-4.2208776,0.0,0.0022,False,False,False,0.0022,0.0022,False,False,0.017929999999999998,-0.015729999999999997,True,low_bin_residual_mad
2023-10-14 22:07:00,-4.2561774,0.0,0.00212,False,False,False,0.00212,0.00212,False,False,0.017929999999999998,-0.015809999999999998,True,low_bin_residual_mad
2023-10-14 22:08:00,-4.265037,0.0,0.00231,False,False,False,0.00231,0.00231,False,False,0.017929999999999998,-0.015619999999999998,True,low_bin_residual_mad
2023-10-14 22:09:00,-4.272967,0.0,0.00229,False,False,False,0.00229,0.00229,False,False,0.017929999999999998,-0.015639999999999998,True,low_bin_residual_mad
2023-10-14 22:10:00,-4.2461357,0.0,0.00226,False,False,False,0.00226,0.00226,False,False,0.017929999999999998,-0.015669999999999996,True,low_bin_residual_mad
2023-10-14 22:11:00,-3.9233632,0.0,0.00215,False,False,False,0.00215,0.00215,False,False,0.017929999999999998,-0.01578,True,low_bin_residual_mad
2023-10-14 22:12:00,-4.2919784,0.0,0.0022400000000000002,False,False,False,0.0022400000000000002,0.0022400000000000002,False,False,0.017929999999999998,-0.01569,True,low_bin_residual_mad
2023-10-14 22:13:00,-4.1915903,0.0,0.0024100000000000002,False,False,False,0.0024100000000000002,0.0024100000000000002,False,False,0.017929999999999998,-0.015519999999999997,True,low_bin_residual_mad
2023-10-14 22:14:00,-4.203512,0.0,0.00232,False,False,False,0.00232,0.00232,False,False,0.017929999999999998,-0.015609999999999999,True,low_bin_residual_mad
2023-10-14 22:15:00,-4.237311,0.0,0.00219,False,False,False,0.00219,0.00219,False,False,0.017929999999999998,-0.015739999999999997,True,low_bin_residual_mad
2023-10-14 22:16:00,-4.1849666,0.0,0.0022400000000000002,False,False,False,0.0022400000000000002,0.0022400000000000002,False,False,0.017929999999999998,-0.01569,True,low_bin_residual_mad
2023-10-14 22:17:00,-4.3332143,0.0,0.00221,False,False,False,0.00221,0.00221,False,False,0.017929999999999998,-0.015719999999999998,True,low_bin_residual_mad
2023-10-14 22:18:00,-3.9753187,0.0,0.0023799999999999997,False,False,False,0.0023799999999999997,0.0023799999999999997,False,False,0.017929999999999998,-0.015549999999999998,True,low_bin_residual_mad
2023-10-14 22:19:00,-4.126955,0.0,0.00222,False,False,False,0.00222,0.00222,False,False,0.017929999999999998,-0.01571,True,low_bin_residual_mad
2023-10-14 22:20:00,-4.2293825,0.0,0.00219,False,False,False,0.00219,0.00219,False,False,0.017929999999999998,-0.015739999999999997,True,low_bin_residual_mad
2023-10-14 22:21:00,-4.118554,0.0,0.00235,False,False,False,0.00235,0.00235,False,False,0.017929999999999998,-0.015579999999999998,True,low_bin_residual_mad
2023-10-14 22:22:00,-4.1710978,0.0,0.00221,False,False,False,0.00221,0.00221,False,False,0.017929999999999998,-0.015719999999999998,True,low_bin_residual_mad
2023-10-14 22:23:00,-4.304208,0.0,0.00219,False,False,False,0.00219,0.00219,False,False,0.017929999999999998,-0.015739999999999997,True,low_bin_residual_mad
2023-10-14 22:24:00,-4.218022,0.0,0.00219,False,False,False,0.00219,0.00219,False,False,0.017929999999999998,-0.015739999999999997,True,low_bin_residual_mad
2023-10-14 22:25:00,-4.225498,0.0,0.00229,False,False,False,0.00229,0.00229,False,False,0.017929999999999998,-0.015639999999999998,True,low_bin_residual_mad
2023-10-14 22:26:00,-4.226475,0.0,0.00221,False,False,False,0.00221,0.00221,False,False,0.017929999999999998,-0.015719999999999998,True,low_bin_residual_mad
2023-10-14 22:27:00,-4.138815,0.0,0.00215,False,False,False,0.00215,0.00215,False,False,0.017929999999999998,-0.01578,True,low_bin_residual_mad
2023-10-14 22:28:00,-4.261197,0.0,0.00214,False,False,False,0.00214,0.00214,False,False,0.017929999999999998,-0.01579,True,low_bin_residual_mad
2023-10-14 22:29:00,-4.213439,0.0,0.0020800000000000003,False,False,False,0.0020800000000000003,0.0020800000000000003,False,False,0.017929999999999998,-0.015849999999999996,True,low_bin_residual_mad
2023-10-14 22:30:00,-4.079437,0.0,0.0022400000000000002,False,False,False,0.0022400000000000002,0.0022400000000000002,False,False,0.017929999999999998,-0.01569,True,low_bin_residual_mad
2023-10-14 22:31:00,-4.1902637,0.0,0.00221,False,False,False,0.00221,0.00221,False,False,0.017929999999999998,-0.015719999999999998,True,low_bin_residual_mad
2023-10-14 22:32:00,-3.9262593,0.0,0.0022299999999999998,False,False,False,0.0022299999999999998,0.0022299999999999998,False,False,0.017929999999999998,-0.0157,True,low_bin_residual_mad
2023-10-14 22:33:00,-4.2832985,0.0,0.00227,False,False,False,0.00227,0.00227,False,False,0.017929999999999998,-0.015659999999999997,True,low_bin_residual_mad
2023-10-14 22:34:00,-4.0918994,0.0,0.00227,False,False,False,0.00227,0.00227,False,False,0.017929999999999998,-0.015659999999999997,True,low_bin_residual_mad
2023-10-14 22:35:00,-3.9875536,0.0,0.00233,False,False,False,0.00233,0.00233,False,False,0.017929999999999998,-0.015599999999999998,True,low_bin_residual_mad
2023-10-14 22:36:00,-3.927391,0.0,0.00219,False,False,False,0.00219,0.00219,False,False,0.017929999999999998,-0.015739999999999997,True,low_bin_residual_mad
2023-10-14 22:37:00,-4.1688204,0.0,0.0022,False,False,False,0.0022,0.0022,False,False,0.017929999999999998,-0.015729999999999997,True,low_bin_residual_mad
2023-10-14 22:38:00,-4.3115625,0.0,0.00217,False,False,False,0.00217,0.00217,False,False,0.017929999999999998,-0.015759999999999996,True,low_bin_residual_mad
2023-10-14 22:39:00,-4.186459,0.0,0.00219,False,False,False,0.00219,0.00219,False,False,0.017929999999999998,-0.015739999999999997,True,low_bin_residual_mad
2023-10-14 22:40:00,-4.1332545,0.0,0.00227,False,False,False,0.00227,0.00227,False,False,0.017929999999999998,-0.015659999999999997,True,low_bin_residual_mad
2023-10-14 22:41:00,-4.0414786,0.0,0.0022299999999999998,False,False,False,0.0022299999999999998,0.0022299999999999998,False,False,0.017929999999999998,-0.0157,True,low_bin_residual_mad
2023-10-14 22:42:00,-4.0438743,0.0,0.00225,False,False,False,0.00225,0.00225,False,False,0.017929999999999998,-0.01568,True,low_bin_residual_mad
2023-10-14 22:43:00,-4.0610332,0.0,0.00204,False,False,False,0.00204,0.00204,False,False,0.017929999999999998,-0.015889999999999998,True,low_bin_residual_mad
2023-10-14 22:44:00,-4.077973,0.0,0.00225,False,False,False,0.00225,0.00225,False,False,0.017929999999999998,-0.01568,True,low_bin_residual_mad
2023-10-14 22:45:00,-4.1201406,0.0,0.00219,False,False,False,0.00219,0.00219,False,False,0.017929999999999998,-0.015739999999999997,True,low_bin_residual_mad
2023-10-14 22:46:00,-4.1407104,0.0,0.00219,False,False,False,0.00219,0.00219,False,False,0.017929999999999998,-0.015739999999999997,True,low_bin_residual_mad
2023-10-14 22:47:00,-4.0552263,0.0,0.0021000000000000003,False,False,False,0.0021000000000000003,0.0021000000000000003,False,False,0.017929999999999998,-0.015829999999999997,True,low_bin_residual_mad
2023-10-14 22:48:00,-3.996944,0.0,0.00233,False,False,False,0.00233,0.00233,False,False,0.017929999999999998,-0.015599999999999998,True,low_bin_residual_mad
2023-10-14 22:49:00,-3.880103,0.0,0.00229,False,False,False,0.00229,0.00229,False,False,0.017929999999999998,-0.015639999999999998,True,low_bin_residual_mad
2023-10-14 22:50:00,-4.1594715,0.0,0.00227,False,False,False,0.00227,0.00227,False,False,0.017929999999999998,-0.015659999999999997,True,low_bin_residual_mad
2023-10-14 22:51:00,-4.049109,0.0,0.00222,False,False,False,0.00222,0.00222,False,False,0.017929999999999998,-0.01571,True,low_bin_residual_mad
2023-10-14 22:52:00,-4.067667,0.0,0.00225,False,False,False,0.00225,0.00225,False,False,0.017929999999999998,-0.01568,True,low_bin_residual_mad
2023-10-14 22:53:00,-4.039963,0.0,0.00237,False,False,False,0.00237,0.00237,False,False,0.017929999999999998,-0.015559999999999997,True,low_bin_residual_mad
2023-10-14 22:54:00,-4.196411,0.0,0.00232,False,False,False,0.00232,0.00232,False,False,0.017929999999999998,-0.015609999999999999,True,low_bin_residual_mad
2023-10-14 22:55:00,-4.1908236,0.0,0.0022400000000000002,False,False,False,0.0022400000000000002,0.0022400000000000002,False,False,0.017929999999999998,-0.01569,True,low_bin_residual_mad
2023-10-14 22:56:00,-4.1111574,0.0,0.00237,False,False,False,0.00237,0.00237,False,False,0.017929999999999998,-0.015559999999999997,True,low_bin_residual_mad
2023-10-14 22:57:00,-4.216674,0.0,0.00233,False,False,False,0.00233,0.00233,False,False,0.017929999999999998,-0.015599999999999998,True,low_bin_residual_mad
2023-10-14 22:58:00,-4.179211,0.0,0.00214,False,False,False,0.00214,0.00214,False,False,0.017929999999999998,-0.01579,True,low_bin_residual_mad
2023-10-14 22:59:00,-4.17994,0.0,0.00221,False,False,False,0.00221,0.00221,False,False,0.017929999999999998,-0.015719999999999998,True,low_bin_residual_mad
2023-10-14 23:00:00,-4.187313,0.0,0.00219,False,False,False,0.00219,0.00219,False,False,0.017929999999999998,-0.015739999999999997,True,low_bin_residual_mad
2023-10-14 23:01:00,-4.052537,0.0,0.0022,False,False,False,0.0022,0.0022,False,False,0.017929999999999998,-0.015729999999999997,True,low_bin_residual_mad
2023-10-14 23:02:00,-4.0820713,0.0,0.0021000000000000003,False,False,False,0.0021000000000000003,0.0021000000000000003,False,False,0.017929999999999998,-0.015829999999999997,True,low_bin_residual_mad
2023-10-14 23:03:00,-4.1614084,0.0,0.00211,False,False,False,0.00211,0.00211,False,False,0.017929999999999998,-0.015819999999999997,True,low_bin_residual_mad
2023-10-14 23:04:00,-4.2616673,0.0,0.00212,False,False,False,0.00212,0.00212,False,False,0.017929999999999998,-0.015809999999999998,True,low_bin_residual_mad
2023-10-14 23:05:00,-4.058804,0.0,0.0021000000000000003,False,False,False,0.0021000000000000003,0.0021000000000000003,False,False,0.017929999999999998,-0.015829999999999997,True,low_bin_residual_mad
2023-10-14 23:06:00,-4.2763305,0.0,0.00216,False,False,False,0.00216,0.00216,False,False,0.017929999999999998,-0.01577,True,low_bin_residual_mad
2023-10-14 23:07:00,-4.039096,0.0,0.00229,False,False,False,0.00229,0.00229,False,False,0.017929999999999998,-0.015639999999999998,True,low_bin_residual_mad
2023-10-14 23:08:00,-4.01964,0.0,0.0022,False,False,False,0.0022,0.0022,False,False,0.017929999999999998,-0.015729999999999997,True,low_bin_residual_mad
2023-10-14 23:09:00,-4.167841,0.0,0.0022,False,False,False,0.0022,0.0022,False,False,0.017929999999999998,-0.015729999999999997,True,low_bin_residual_mad
2023-10-14 23:10:00,-4.488065,0.0,0.0022400000000000002,False,False,False,0.0022400000000000002,0.0022400000000000002,False,False,0.017929999999999998,-0.01569,True,low_bin_residual_mad
2023-10-14 23:11:00,-4.296636,0.0,0.00233,False,False,False,0.00233,0.00233,False,False,0.017929999999999998,-0.015599999999999998,True,low_bin_residual_mad
2023-10-14 23:12:00,-4.120631,0.0,0.00211,False,False,False,0.00211,0.00211,False,False,0.017929999999999998,-0.015819999999999997,True,low_bin_residual_mad
2023-10-14 23:13:00,-4.2890463,0.0,0.00218,False,False,False,0.00218,0.00218,False,False,0.017929999999999998,-0.015749999999999997,True,low_bin_residual_mad
2023-10-14 23:14:00,-4.2811804,0.0,0.00211,False,False,False,0.00211,0.00211,False,False,0.017929999999999998,-0.015819999999999997,True,low_bin_residual_mad
2023-10-14 23:15:00,-4.322322,0.0,0.0023,False,False,False,0.0023,0.0023,False,False,0.017929999999999998,-0.015629999999999998,True,low_bin_residual_mad
2023-10-14 23:16:00,-4.079941,0.0,0.00212,False,False,False,0.00212,0.00212,False,False,0.017929999999999998,-0.015809999999999998,True,low_bin_residual_mad
2023-10-14 23:17:00,-4.02444,0.0,0.00228,False,False,False,0.00228,0.00228,False,False,0.017929999999999998,-0.015649999999999997,True,low_bin_residual_mad
2023-10-14 23:18:00,-4.256675,0.0,0.00218,False,False,False,0.00218,0.00218,False,False,0.017929999999999998,-0.015749999999999997,True,low_bin_residual_mad
2023-10-14 23:19:00,-4.307466,0.0,0.00222,False,False,False,0.00222,0.00222,False,False,0.017929999999999998,-0.01571,True,low_bin_residual_mad
2023-10-14 23:20:00,-4.456391,0.0,0.0023,False,False,False,0.0023,0.0023,False,False,0.017929999999999998,-0.015629999999999998,True,low_bin_residual_mad
2023-10-14 23:21:00,-4.3834553,0.0,0.00231,False,False,False,0.00231,0.00231,False,False,0.017929999999999998,-0.015619999999999998,True,low_bin_residual_mad
2023-10-14 23:22:00,-4.1848426,0.0,0.00226,False,False,False,0.00226,0.00226,False,False,0.017929999999999998,-0.015669999999999996,True,low_bin_residual_mad
2023-10-14 23:23:00,-4.479919,0.0,0.00217,False,False,False,0.00217,0.00217,False,False,0.017929999999999998,-0.015759999999999996,True,low_bin_residual_mad
2023-10-14 23:24:00,-4.085168,0.0,0.00211,False,False,False,0.00211,0.00211,False,False,0.017929999999999998,-0.015819999999999997,True,low_bin_residual_mad
2023-10-14 23:25:00,-4.1626163,0.0,0.00231,False,False,False,0.00231,0.00231,False,False,0.017929999999999998,-0.015619999999999998,True,low_bin_residual_mad
2023-10-14 23:26:00,-4.0769434,0.0,0.00225,False,False,False,0.00225,0.00225,False,False,0.017929999999999998,-0.01568,True,low_bin_residual_mad
2023-10-14 23:27:00,-4.276256,0.0,0.00222,False,False,False,0.00222,0.00222,False,False,0.017929999999999998,-0.01571,True,low_bin_residual_mad
2023-10-14 23:28:00,-4.2452483,0.0,0.0023,False,False,False,0.0023,0.0023,False,False,0.017929999999999998,-0.015629999999999998,True,low_bin_residual_mad
2023-10-14 23:29:00,-4.261554,0.0,0.00237,False,False,False,0.00237,0.00237,False,False,0.017929999999999998,-0.015559999999999997,True,low_bin_residual_mad
2023-10-14 23:30:00,-4.1533513,0.0,0.00217,False,False,False,0.00217,0.00217,False,False,0.017929999999999998,-0.015759999999999996,True,low_bin_residual_mad
2023-10-14 23:31:00,-4.1324434,0.0,0.00217,False,False,False,0.00217,0.00217,False,False,0.017929999999999998,-0.015759999999999996,True,low_bin_residual_mad
2023-10-14 23:32:00,-4.2493753,0.0,0.00226,False,False,False,0.00226,0.00226,False,False,0.017929999999999998,-0.015669999999999996,True,low_bin_residual_mad
2023-10-14 23:33:00,-4.2842283,0.0,0.00219,False,False,False,0.00219,0.00219,False,False,0.017929999999999998,-0.015739999999999997,True,low_bin_residual_mad
2023-10-14 23:34:00,-4.266403,0.0,0.00221,False,False,False,0.00221,0.00221,False,False,0.017929999999999998,-0.015719999999999998,True,low_bin_residual_mad
2023-10-14 23:35:00,-4.2077065,0.0,0.00219,False,False,False,0.00219,0.00219,False,False,0.017929999999999998,-0.015739999999999997,True,low_bin_residual_mad
2023-10-14 23:36:00,-3.8010156,0.0,0.00227,False,False,False,0.00227,0.00227,False,False,0.017929999999999998,-0.015659999999999997,True,low_bin_residual_mad
2023-10-14 23:37:00,-4.039378,0.0,0.00234,False,False,False,0.00234,0.00234,False,False,0.017929999999999998,-0.015589999999999998,True,low_bin_residual_mad
2023-10-14 23:38:00,-4.122751,0.0,0.0024,False,False,False,0.0024,0.0024,False,False,0.017929999999999998,-0.015529999999999999,True,low_bin_residual_mad
2023-10-14 23:39:00,-4.0787864,0.0,0.00219,False,False,False,0.00219,0.00219,False,False,0.017929999999999998,-0.015739999999999997,True,low_bin_residual_mad
2023-10-14 23:40:00,-4.1607814,0.0,0.0022299999999999998,False,False,False,0.0022299999999999998,0.0022299999999999998,False,False,0.017929999999999998,-0.0157,True,low_bin_residual_mad
2023-10-14 23:41:00,-4.263801,0.0,0.00218,False,False,False,0.00218,0.00218,False,False,0.017929999999999998,-0.015749999999999997,True,low_bin_residual_mad
2023-10-14 23:42:00,-4.187158,0.0,0.00216,False,False,False,0.00216,0.00216,False,False,0.017929999999999998,-0.01577,True,low_bin_residual_mad
2023-10-14 23:43:00,-4.173477,0.0,0.00231,False,False,False,0.00231,0.00231,False,False,0.017929999999999998,-0.015619999999999998,True,low_bin_residual_mad
2023-10-14 23:44:00,-4.169242,0.0,0.00225,False,False,False,0.00225,0.00225,False,False,0.017929999999999998,-0.01568,True,low_bin_residual_mad
2023-10-14 23:45:00,-4.180438,0.0,0.0019,False,False,False,0.0019,0.0019,False,False,0.017929999999999998,-0.01603,True,low_bin_residual_mad
2023-10-14 23:46:00,-4.1774907,0.0,0.00226,False,False,False,0.00226,0.00226,False,False,0.017929999999999998,-0.015669999999999996,True,low_bin_residual_mad
2023-10-14 23:47:00,-4.1859183,0.0,0.00217,False,False,False,0.00217,0.00217,False,False,0.017929999999999998,-0.015759999999999996,True,low_bin_residual_mad
2023-10-14 23:48:00,-4.179926,0.0,0.00206,False,False,False,0.00206,0.00206,False,False,0.017929999999999998,-0.01587,True,low_bin_residual_mad
2023-10-14 23:49:00,-4.218872,0.0,0.00226,False,False,False,0.00226,0.00226,False,False,0.017929999999999998,-0.015669999999999996,True,low_bin_residual_mad
2023-10-14 23:50:00,-4.3175235,0.0,0.00221,False,False,False,0.00221,0.00221,False,False,0.017929999999999998,-0.015719999999999998,True,low_bin_residual_mad
2023-10-14 23:51:00,-4.1978045,0.0,0.0022,False,False,False,0.0022,0.0022,False,False,0.017929999999999998,-0.015729999999999997,True,low_bin_residual_mad
2023-10-14 23:52:00,-4.3040957,0.0,0.0022,False,False,False,0.0022,0.0022,False,False,0.017929999999999998,-0.015729999999999997,True,low_bin_residual_mad
2023-10-14 23:54:00,-4.377254,0.0,0.00061,False,False,False,0.00061,0.00061,False,False,0.017929999999999998,-0.01732,True,low_bin_residual_mad
2023-10-15 00:35:00,-4.1299925,0.0,0.0038399999999999997,False,False,False,0.0038399999999999997,0.0038399999999999997,False,False,0.017929999999999998,-0.014089999999999998,True,low_bin_residual_mad
2023-10-15 00:41:00,-4.172714,0.0,0.007679999999999999,False,False,False,0.007679999999999999,0.007679999999999999,False,False,0.017929999999999998,-0.010249999999999999,True,low_bin_residual_mad
2023-10-15 00:47:00,-3.8175929,0.0,0.008960000000000001,False,False,False,0.008960000000000001,0.008960000000000001,False,False,0.017929999999999998,-0.008969999999999997,True,low_bin_residual_mad
2023-10-15 05:16:00,-0.7027063,0.0,2.82004,False,False,False,2.82004,2.82004,False,False,2.8198963551489125,0.00014364485108764313,True,low_bin_residual_mad
2023-10-15 05:21:00,-0.61443853,0.0,2.8260200000000006,False,False,False,2.8260200000000006,2.8260200000000006,False,False,2.8259003622444223,0.0001196377555783279,True,low_bin_residual_mad
2023-10-15 05:30:00,0.0,0.0,3.068479999999999,False,False,False,3.068479999999999,3.068479999999999,False,False,3.0682678301698294,0.00021216983016980606,True,low_bin_residual_mad
2023-10-15 06:34:00,1.3438183,1.3438183,3.5422400000000005,False,False,False,3.5422400000000005,2.198421700000001,False,False,3.5328784063144147,-1.334456706314414,True,low_bin_residual_mad
2023-10-15 06:41:00,-0.5870867,0.0,2.834139999999999,False,False,False,2.834139999999999,2.834139999999999,False,False,2.834052960507888,8.703949211108508e-05,True,low_bin_residual_mad
2023-10-15 07:48:00,-0.68304235,0.0,2.8251699999999995,False,False,False,2.8251699999999995,2.8251699999999995,False,False,2.8250469498646247,0.0001230501353748359,True,low_bin_residual_mad
2023-10-15 08:15:00,0.0,0.0,2.8098200000000007,False,False,False,2.8098200000000007,2.8098200000000007,False,False,2.809635326300066,0.0001846736999344678,True,low_bin_residual_mad
2023-10-15 17:36:00,-4.376459,0.0,0.00256,False,False,False,0.00256,0.00256,False,False,0.017929999999999998,-0.015369999999999998,True,low_bin_residual_mad
2023-10-15 17:38:00,-4.313354,0.0,0.0064,False,False,False,0.0064,0.0064,False,False,0.017929999999999998,-0.011529999999999999,True,low_bin_residual_mad
2023-10-15 17:42:00,-4.237893,0.0,0.00512,False,False,False,0.00512,0.00512,False,False,0.017929999999999998,-0.012809999999999998,True,low_bin_residual_mad
2023-10-15 18:04:00,-4.293463,0.0,0.007679999999999999,False,False,False,0.007679999999999999,0.007679999999999999,False,False,0.017929999999999998,-0.010249999999999999,True,low_bin_residual_mad
2023-10-15 18:12:00,-4.425797,0.0,0.00256,False,False,False,0.00256,0.00256,False,False,0.017929999999999998,-0.015369999999999998,True,low_bin_residual_mad
2023-10-15 18:15:00,-4.275742,0.0,0.00256,False,False,False,0.00256,0.00256,False,False,0.017929999999999998,-0.015369999999999998,True,low_bin_residual_mad
2023-10-15 18:17:00,-4.2526603,0.0,0.00128,False,False,False,0.00128,0.00128,False,False,0.017929999999999998,-0.016649999999999998,True,low_bin_residual_mad
2023-10-15 18:18:00,-4.3004827,0.0,0.00256,False,False,False,0.00256,0.00256,False,False,0.017929999999999998,-0.015369999999999998,True,low_bin_residual_mad
2023-10-15 18:19:00,-4.129789,0.0,0.0038399999999999997,False,False,False,0.0038399999999999997,0.0038399999999999997,False,False,0.017929999999999998,-0.014089999999999998,True,low_bin_residual_mad
2023-10-15 18:41:00,-4.129782,0.0,0.01537,False,False,False,0.01537,0.01537,False,False,0.017929999999999998,-0.002559999999999998,True,low_bin_residual_mad
2023-10-15 18:55:00,-4.436904,0.0,0.00579,False,False,False,0.00579,0.00579,False,False,0.017929999999999998,-0.012139999999999998,True,low_bin_residual_mad
2023-10-15 18:56:00,-4.468575,0.0,0.00204,False,False,False,0.00204,0.00204,False,False,0.017929999999999998,-0.015889999999999998,True,low_bin_residual_mad
2023-10-15 18:57:00,-4.303173,0.0,0.00209,False,False,False,0.00209,0.00209,False,False,0.017929999999999998,-0.01584,True,low_bin_residual_mad
2023-10-15 18:58:00,-4.451225,0.0,0.0022299999999999998,False,False,False,0.0022299999999999998,0.0022299999999999998,False,False,0.017929999999999998,-0.0157,True,low_bin_residual_mad
2023-10-15 18:59:00,-4.3255615,0.0,0.00164,False,False,False,0.00164,0.00164,False,False,0.017929999999999998,-0.01629,True,low_bin_residual_mad
2023-10-15 19:00:00,-4.3986683,0.0,0.0020299999999999997,False,False,False,0.0020299999999999997,0.0020299999999999997,False,False,0.017929999999999998,-0.015899999999999997,True,low_bin_residual_mad
2023-10-15 19:01:00,-4.379123,0.0,0.0020099999999999996,False,False,False,0.0020099999999999996,0.0020099999999999996,False,False,0.017929999999999998,-0.015919999999999997,True,low_bin_residual_mad
2023-10-15 19:02:00,-4.273436,0.0,0.00196,False,False,False,0.00196,0.00196,False,False,0.017929999999999998,-0.015969999999999998,True,low_bin_residual_mad
2023-10-15 19:03:00,-4.235201,0.0,0.00206,False,False,False,0.00206,0.00206,False,False,0.017929999999999998,-0.01587,True,low_bin_residual_mad
2023-10-15 19:04:00,-4.2815886,0.0,0.0024500000000000004,False,False,False,0.0024500000000000004,0.0024500000000000004,False,False,0.017929999999999998,-0.015479999999999997,True,low_bin_residual_mad
2023-10-15 19:05:00,-4.3522544,0.0,0.00242,False,False,False,0.00242,0.00242,False,False,0.017929999999999998,-0.015509999999999998,True,low_bin_residual_mad
2023-10-15 19:06:00,-4.385281,0.0,0.0024700000000000004,False,False,False,0.0024700000000000004,0.0024700000000000004,False,False,0.017929999999999998,-0.015459999999999998,True,low_bin_residual_mad
2023-10-15 19:07:00,-4.4100876,0.0,0.0023599999999999997,False,False,False,0.0023599999999999997,0.0023599999999999997,False,False,0.017929999999999998,-0.015569999999999999,True,low_bin_residual_mad
2023-10-15 19:08:00,-4.425633,0.0,0.0024500000000000004,False,False,False,0.0024500000000000004,0.0024500000000000004,False,False,0.017929999999999998,-0.015479999999999997,True,low_bin_residual_mad
2023-10-15 19:09:00,-4.4647446,0.0,0.00244,False,False,False,0.00244,0.00244,False,False,0.017929999999999998,-0.015489999999999999,True,low_bin_residual_mad
2023-10-15 19:10:00,-4.380213,0.0,0.00229,False,False,False,0.00229,0.00229,False,False,0.017929999999999998,-0.015639999999999998,True,low_bin_residual_mad
2023-10-15 19:11:00,-4.2983885,0.0,0.0023599999999999997,False,False,False,0.0023599999999999997,0.0023599999999999997,False,False,0.017929999999999998,-0.015569999999999999,True,low_bin_residual_mad
2023-10-15 19:12:00,-4.321267,0.0,0.0023599999999999997,False,False,False,0.0023599999999999997,0.0023599999999999997,False,False,0.017929999999999998,-0.015569999999999999,True,low_bin_residual_mad
2023-10-15 19:13:00,-4.473923,0.0,0.00217,False,False,False,0.00217,0.00217,False,False,0.017929999999999998,-0.015759999999999996,True,low_bin_residual_mad
2023-10-15 19:14:00,-4.287498,0.0,0.00235,False,False,False,0.00235,0.00235,False,False,0.017929999999999998,-0.015579999999999998,True,low_bin_residual_mad
2023-10-15 19:15:00,-4.412448,0.0,0.00235,False,False,False,0.00235,0.00235,False,False,0.017929999999999998,-0.015579999999999998,True,low_bin_residual_mad
2023-10-15 19:16:00,-4.3057027,0.0,0.0024,False,False,False,0.0024,0.0024,False,False,0.017929999999999998,-0.015529999999999999,True,low_bin_residual_mad
2023-10-15 19:17:00,-4.28201,0.0,0.0007700000000000001,False,False,False,0.0007700000000000001,0.0007700000000000001,False,False,0.017929999999999998,-0.017159999999999998,True,low_bin_residual_mad
2023-10-15 19:18:00,-4.3629355,0.0,0.0016,False,False,False,0.0016,0.0016,False,False,0.017929999999999998,-0.016329999999999997,True,low_bin_residual_mad
2023-10-15 19:19:00,-4.49415,0.0,0.00279,False,False,False,0.00279,0.00279,False,False,0.017929999999999998,-0.015139999999999997,True,low_bin_residual_mad
2023-10-15 19:20:00,-4.4500084,0.0,0.0034699999999999996,False,False,False,0.0034699999999999996,0.0034699999999999996,False,False,0.017929999999999998,-0.014459999999999999,True,low_bin_residual_mad
2023-10-15 19:21:00,-4.3585277,0.0,0.0049700000000000005,False,False,False,0.0049700000000000005,0.0049700000000000005,False,False,0.017929999999999998,-0.012959999999999998,True,low_bin_residual_mad
2023-10-15 19:22:00,-4.2863617,0.0,0.0047,False,False,False,0.0047,0.0047,False,False,0.017929999999999998,-0.013229999999999999,True,low_bin_residual_mad
2023-10-15 19:23:00,-4.4542623,0.0,0.00481,False,False,False,0.00481,0.00481,False,False,0.017929999999999998,-0.013119999999999998,True,low_bin_residual_mad
2023-10-15 19:24:00,-4.3531275,0.0,0.00396,False,False,False,0.00396,0.00396,False,False,0.017929999999999998,-0.013969999999999998,True,low_bin_residual_mad
2023-10-15 19:25:00,-4.389432,0.0,0.0029899999999999996,False,False,False,0.0029899999999999996,0.0029899999999999996,False,False,0.017929999999999998,-0.014939999999999998,True,low_bin_residual_mad
2023-10-15 19:26:00,-4.4022894,0.0,0.00488,False,False,False,0.00488,0.00488,False,False,0.017929999999999998,-0.013049999999999999,True,low_bin_residual_mad
2023-10-15 19:27:00,-4.3620405,0.0,0.0046,False,False,False,0.0046,0.0046,False,False,0.017929999999999998,-0.013329999999999998,True,low_bin_residual_mad
2023-10-15 19:28:00,-4.363287,0.0,0.00207,False,False,False,0.00207,0.00207,False,False,0.017929999999999998,-0.01586,True,low_bin_residual_mad
2023-10-15 19:29:00,-4.4023314,0.0,0.00361,False,False,False,0.00361,0.00361,False,False,0.017929999999999998,-0.014319999999999998,True,low_bin_residual_mad
2023-10-15 19:30:00,-4.4145184,0.0,0.0023,False,False,False,0.0023,0.0023,False,False,0.017929999999999998,-0.015629999999999998,True,low_bin_residual_mad
2023-10-15 19:31:00,-4.3722105,0.0,0.00471,False,False,False,0.00471,0.00471,False,False,0.017929999999999998,-0.013219999999999999,True,low_bin_residual_mad
2023-10-15 19:32:00,-4.47689,0.0,0.0026,False,False,False,0.0026,0.0026,False,False,0.017929999999999998,-0.015329999999999998,True,low_bin_residual_mad
2023-10-15 19:33:00,-4.282286,0.0,0.00269,False,False,False,0.00269,0.00269,False,False,0.017929999999999998,-0.015239999999999998,True,low_bin_residual_mad
2023-10-15 19:34:00,-4.2757807,0.0,0.004529999999999999,False,False,False,0.004529999999999999,0.004529999999999999,False,False,0.017929999999999998,-0.013399999999999999,True,low_bin_residual_mad
2023-10-15 19:35:00,-4.378402,0.0,0.004,False,False,False,0.004,0.004,False,False,0.017929999999999998,-0.013929999999999998,True,low_bin_residual_mad
2023-10-15 19:36:00,-4.3452463,0.0,0.0025800000000000003,False,False,False,0.0025800000000000003,0.0025800000000000003,False,False,0.017929999999999998,-0.015349999999999997,True,low_bin_residual_mad
2023-10-15 19:37:00,-4.3476205,0.0,0.00472,False,False,False,0.00472,0.00472,False,False,0.017929999999999998,-0.013209999999999998,True,low_bin_residual_mad
2023-10-15 19:38:00,-4.3317213,0.0,0.004849999999999999,False,False,False,0.004849999999999999,0.004849999999999999,False,False,0.017929999999999998,-0.013079999999999998,True,low_bin_residual_mad
2023-10-15 19:39:00,-4.3078675,0.0,0.00466,False,False,False,0.00466,0.00466,False,False,0.017929999999999998,-0.013269999999999997,True,low_bin_residual_mad
2023-10-15 19:40:00,-4.2767544,0.0,0.00471,False,False,False,0.00471,0.00471,False,False,0.017929999999999998,-0.013219999999999999,True,low_bin_residual_mad
2023-10-15 19:41:00,-4.2739143,0.0,0.00435,False,False,False,0.00435,0.00435,False,False,0.017929999999999998,-0.013579999999999998,True,low_bin_residual_mad
2023-10-15 19:42:00,-4.3305416,0.0,0.00424,False,False,False,0.00424,0.00424,False,False,0.017929999999999998,-0.013689999999999997,True,low_bin_residual_mad
2023-10-15 19:43:00,-4.3407183,0.0,0.00433,False,False,False,0.00433,0.00433,False,False,0.017929999999999998,-0.013599999999999998,True,low_bin_residual_mad
2023-10-15 19:44:00,-4.190771,0.0,0.00441,False,False,False,0.00441,0.00441,False,False,0.017929999999999998,-0.013519999999999997,True,low_bin_residual_mad
2023-10-15 19:45:00,-4.3321667,0.0,0.004470000000000001,False,False,False,0.004470000000000001,0.004470000000000001,False,False,0.017929999999999998,-0.013459999999999996,True,low_bin_residual_mad
2023-10-15 19:46:00,-4.2865705,0.0,0.0045899999999999995,False,False,False,0.0045899999999999995,0.0045899999999999995,False,False,0.017929999999999998,-0.013339999999999998,True,low_bin_residual_mad
2023-10-15 19:47:00,-4.275035,0.0,0.00454,False,False,False,0.00454,0.00454,False,False,0.017929999999999998,-0.013389999999999999,True,low_bin_residual_mad
2023-10-15 19:48:00,-4.2922745,0.0,0.00443,False,False,False,0.00443,0.00443,False,False,0.017929999999999998,-0.013499999999999998,True,low_bin_residual_mad
2023-10-15 19:49:00,-4.4025064,0.0,0.00443,False,False,False,0.00443,0.00443,False,False,0.017929999999999998,-0.013499999999999998,True,low_bin_residual_mad
2023-10-15 19:50:00,-4.451803,0.0,0.0044800000000000005,False,False,False,0.0044800000000000005,0.0044800000000000005,False,False,0.017929999999999998,-0.013449999999999997,True,low_bin_residual_mad
2023-10-15 19:52:00,-4.433345,0.0,0.00464,False,False,False,0.00464,0.00464,False,False,0.017929999999999998,-0.013289999999999998,True,low_bin_residual_mad
2023-10-15 19:53:00,-4.309337,0.0,0.00483,False,False,False,0.00483,0.00483,False,False,0.017929999999999998,-0.013099999999999997,True,low_bin_residual_mad
2023-10-15 19:54:00,-4.2687683,0.0,0.0047799999999999995,False,False,False,0.0047799999999999995,0.0047799999999999995,False,False,0.017929999999999998,-0.013149999999999998,True,low_bin_residual_mad
2023-10-15 19:55:00,-4.293514,0.0,0.00462,False,False,False,0.00462,0.00462,False,False,0.017929999999999998,-0.013309999999999999,True,low_bin_residual_mad
2023-10-15 19:56:00,-4.290889,0.0,0.0048000000000000004,False,False,False,0.0048000000000000004,0.0048000000000000004,False,False,0.017929999999999998,-0.013129999999999998,True,low_bin_residual_mad
2023-10-15 19:57:00,-4.289451,0.0,0.00305,False,False,False,0.00305,0.00305,False,False,0.017929999999999998,-0.014879999999999997,True,low_bin_residual_mad
2023-10-15 19:58:00,-4.36144,0.0,0.004810000000000001,False,False,False,0.004810000000000001,0.004810000000000001,False,False,0.017929999999999998,-0.013119999999999996,True,low_bin_residual_mad
2023-10-15 19:59:00,-4.501653,0.0,0.0049900000000000005,False,False,False,0.0049900000000000005,0.0049900000000000005,False,False,0.017929999999999998,-0.012939999999999997,True,low_bin_residual_mad
2023-10-15 20:00:00,-4.3104296,0.0,0.00323,False,False,False,0.00323,0.00323,False,False,0.017929999999999998,-0.014699999999999998,True,low_bin_residual_mad
2023-10-15 20:01:00,-4.3581953,0.0,0.0046099999999999995,False,False,False,0.0046099999999999995,0.0046099999999999995,False,False,0.017929999999999998,-0.013319999999999999,True,low_bin_residual_mad
2023-10-15 20:02:00,-4.4579325,0.0,0.0046500000000000005,False,False,False,0.0046500000000000005,0.0046500000000000005,False,False,0.017929999999999998,-0.013279999999999997,True,low_bin_residual_mad
2023-10-15 20:03:00,-4.465171,0.0,0.00411,False,False,False,0.00411,0.00411,False,False,0.017929999999999998,-0.013819999999999999,True,low_bin_residual_mad
2023-10-15 20:04:00,-4.4349093,0.0,0.0048200000000000005,False,False,False,0.0048200000000000005,0.0048200000000000005,False,False,0.017929999999999998,-0.013109999999999997,True,low_bin_residual_mad
2023-10-15 20:05:00,-4.400882,0.0,0.00275,False,False,False,0.00275,0.00275,False,False,0.017929999999999998,-0.015179999999999999,True,low_bin_residual_mad
2023-10-15 20:06:00,-4.378454,0.0,0.004719999999999999,False,False,False,0.004719999999999999,0.004719999999999999,False,False,0.017929999999999998,-0.01321,True,low_bin_residual_mad
2023-10-15 20:07:00,-4.343363,0.0,0.0048200000000000005,False,False,False,0.0048200000000000005,0.0048200000000000005,False,False,0.017929999999999998,-0.013109999999999997,True,low_bin_residual_mad
2023-10-15 20:08:00,-4.337652,0.0,0.0046500000000000005,False,False,False,0.0046500000000000005,0.0046500000000000005,False,False,0.017929999999999998,-0.013279999999999997,True,low_bin_residual_mad
2023-10-15 20:09:00,-4.382098,0.0,0.0047799999999999995,False,False,False,0.0047799999999999995,0.0047799999999999995,False,False,0.017929999999999998,-0.013149999999999998,True,low_bin_residual_mad
2023-10-15 20:10:00,-4.3696747,0.0,0.00455,False,False,False,0.00455,0.00455,False,False,0.017929999999999998,-0.013379999999999998,True,low_bin_residual_mad
2023-10-15 20:11:00,-4.3965845,0.0,0.00348,False,False,False,0.00348,0.00348,False,False,0.017929999999999998,-0.014449999999999998,True,low_bin_residual_mad
2023-10-15 20:12:00,-4.478601,0.0,0.00206,False,False,False,0.00206,0.00206,False,False,0.017929999999999998,-0.01587,True,low_bin_residual_mad
2023-10-15 20:13:00,-4.438715,0.0,0.00489,False,False,False,0.00489,0.00489,False,False,0.017929999999999998,-0.013039999999999998,True,low_bin_residual_mad
2023-10-15 20:14:00,-4.3838043,0.0,0.00492,False,False,False,0.00492,0.00492,False,False,0.017929999999999998,-0.013009999999999997,True,low_bin_residual_mad
2023-10-15 20:15:00,-4.3996477,0.0,0.00202,False,False,False,0.00202,0.00202,False,False,0.017929999999999998,-0.015909999999999997,True,low_bin_residual_mad
2023-10-15 20:16:00,-4.4966445,0.0,0.00433,False,False,False,0.00433,0.00433,False,False,0.017929999999999998,-0.013599999999999998,True,low_bin_residual_mad
2023-10-15 20:17:00,-4.489974,0.0,0.00475,False,False,False,0.00475,0.00475,False,False,0.017929999999999998,-0.013179999999999997,True,low_bin_residual_mad
2023-10-15 20:18:00,-4.490615,0.0,0.00466,False,False,False,0.00466,0.00466,False,False,0.017929999999999998,-0.013269999999999997,True,low_bin_residual_mad
2023-10-15 20:19:00,-4.4108286,0.0,0.00458,False,False,False,0.00458,0.00458,False,False,0.017929999999999998,-0.013349999999999997,True,low_bin_residual_mad
2023-10-15 20:20:00,-4.4043303,0.0,0.00454,False,False,False,0.00454,0.00454,False,False,0.017929999999999998,-0.013389999999999999,True,low_bin_residual_mad
2023-10-15 20:21:00,-4.353133,0.0,0.0046500000000000005,False,False,False,0.0046500000000000005,0.0046500000000000005,False,False,0.017929999999999998,-0.013279999999999997,True,low_bin_residual_mad
2023-10-15 20:22:00,-4.3560367,0.0,0.00477,False,False,False,0.00477,0.00477,False,False,0.017929999999999998,-0.013159999999999998,True,low_bin_residual_mad
2023-10-15 20:23:00,-4.398401,0.0,0.0047799999999999995,False,False,False,0.0047799999999999995,0.0047799999999999995,False,False,0.017929999999999998,-0.013149999999999998,True,low_bin_residual_mad
2023-10-15 20:24:00,-4.365835,0.0,0.0046500000000000005,False,False,False,0.0046500000000000005,0.0046500000000000005,False,False,0.017929999999999998,-0.013279999999999997,True,low_bin_residual_mad
2023-10-15 20:25:00,-4.400622,0.0,0.00449,False,False,False,0.00449,0.00449,False,False,0.017929999999999998,-0.013439999999999997,True,low_bin_residual_mad
2023-10-15 20:26:00,-4.4214587,0.0,0.00209,False,False,False,0.00209,0.00209,False,False,0.017929999999999998,-0.01584,True,low_bin_residual_mad
2023-10-15 20:27:00,-4.3689156,0.0,0.004550000000000001,False,False,False,0.004550000000000001,0.004550000000000001,False,False,0.017929999999999998,-0.013379999999999996,True,low_bin_residual_mad
2023-10-15 20:28:00,-4.4558616,0.0,0.00433,False,False,False,0.00433,0.00433,False,False,0.017929999999999998,-0.013599999999999998,True,low_bin_residual_mad
2023-10-15 20:29:00,-4.410382,0.0,0.0045899999999999995,False,False,False,0.0045899999999999995,0.0045899999999999995,False,False,0.017929999999999998,-0.013339999999999998,True,low_bin_residual_mad
2023-10-15 20:30:00,-4.4127603,0.0,0.00451,False,False,False,0.00451,0.00451,False,False,0.017929999999999998,-0.013419999999999998,True,low_bin_residual_mad
2023-10-15 20:31:00,-4.40986,0.0,0.0044399999999999995,False,False,False,0.0044399999999999995,0.0044399999999999995,False,False,0.017929999999999998,-0.013489999999999999,True,low_bin_residual_mad
2023-10-15 20:32:00,-4.423607,0.0,0.00271,False,False,False,0.00271,0.00271,False,False,0.017929999999999998,-0.015219999999999997,True,low_bin_residual_mad
2023-10-15 20:33:00,-4.4556713,0.0,0.004470000000000001,False,False,False,0.004470000000000001,0.004470000000000001,False,False,0.017929999999999998,-0.013459999999999996,True,low_bin_residual_mad
2023-10-15 20:34:00,-4.4027367,0.0,0.004560000000000001,False,False,False,0.004560000000000001,0.004560000000000001,False,False,0.017929999999999998,-0.013369999999999996,True,low_bin_residual_mad
2023-10-15 20:35:00,-4.3277316,0.0,0.00467,False,False,False,0.00467,0.00467,False,False,0.017929999999999998,-0.013259999999999997,True,low_bin_residual_mad
2023-10-15 20:36:00,-4.3582687,0.0,0.00447,False,False,False,0.00447,0.00447,False,False,0.017929999999999998,-0.013459999999999998,True,low_bin_residual_mad
2023-10-15 20:37:00,-4.33934,0.0,0.004200000000000001,False,False,False,0.004200000000000001,0.004200000000000001,False,False,0.017929999999999998,-0.013729999999999997,True,low_bin_residual_mad
2023-10-15 20:38:00,-4.3689857,0.0,0.0019,False,False,False,0.0019,0.0019,False,False,0.017929999999999998,-0.01603,True,low_bin_residual_mad
2023-10-15 20:39:00,-4.3294983,0.0,0.00458,False,False,False,0.00458,0.00458,False,False,0.017929999999999998,-0.013349999999999997,True,low_bin_residual_mad
2023-10-15 20:40:00,-4.333252,0.0,0.00486,False,False,False,0.00486,0.00486,False,False,0.017929999999999998,-0.013069999999999998,True,low_bin_residual_mad
2023-10-15 20:41:00,-4.4438076,0.0,0.00457,False,False,False,0.00457,0.00457,False,False,0.017929999999999998,-0.013359999999999997,True,low_bin_residual_mad
2023-10-15 20:42:00,-4.424124,0.0,0.00455,False,False,False,0.00455,0.00455,False,False,0.017929999999999998,-0.013379999999999998,True,low_bin_residual_mad
2023-10-15 20:43:00,-4.422103,0.0,0.00461,False,False,False,0.00461,0.00461,False,False,0.017929999999999998,-0.013319999999999999,True,low_bin_residual_mad
2023-10-15 20:44:00,-4.3975906,0.0,0.00454,False,False,False,0.00454,0.00454,False,False,0.017929999999999998,-0.013389999999999999,True,low_bin_residual_mad
2023-10-15 20:45:00,-4.4301424,0.0,0.003,False,False,False,0.003,0.003,False,False,0.017929999999999998,-0.014929999999999999,True,low_bin_residual_mad
2023-10-15 20:46:00,-4.362357,0.0,0.0028000000000000004,False,False,False,0.0028000000000000004,0.0028000000000000004,False,False,0.017929999999999998,-0.015129999999999998,True,low_bin_residual_mad
2023-10-15 20:47:00,-4.306609,0.0,0.0044399999999999995,False,False,False,0.0044399999999999995,0.0044399999999999995,False,False,0.017929999999999998,-0.013489999999999999,True,low_bin_residual_mad
2023-10-15 20:48:00,-4.3410535,0.0,0.004730000000000001,False,False,False,0.004730000000000001,0.004730000000000001,False,False,0.017929999999999998,-0.013199999999999996,True,low_bin_residual_mad
2023-10-15 20:49:00,-4.420315,0.0,0.00455,False,False,False,0.00455,0.00455,False,False,0.017929999999999998,-0.013379999999999998,True,low_bin_residual_mad
2023-10-15 20:50:00,-4.3624363,0.0,0.00454,False,False,False,0.00454,0.00454,False,False,0.017929999999999998,-0.013389999999999999,True,low_bin_residual_mad
2023-10-15 20:51:00,-4.3813562,0.0,0.0045,False,False,False,0.0045,0.0045,False,False,0.017929999999999998,-0.013429999999999997,True,low_bin_residual_mad
2023-10-15 20:52:00,-4.3701115,0.0,0.00443,False,False,False,0.00443,0.00443,False,False,0.017929999999999998,-0.013499999999999998,True,low_bin_residual_mad
2023-10-15 20:53:00,-4.4065986,0.0,0.004699999999999999,False,False,False,0.004699999999999999,0.004699999999999999,False,False,0.017929999999999998,-0.013229999999999999,True,low_bin_residual_mad
2023-10-15 20:54:00,-4.4017944,0.0,0.00275,False,False,False,0.00275,0.00275,False,False,0.017929999999999998,-0.015179999999999999,True,low_bin_residual_mad
2023-10-15 20:55:00,-4.339919,0.0,0.0035099999999999997,False,False,False,0.0035099999999999997,0.0035099999999999997,False,False,0.017929999999999998,-0.014419999999999999,True,low_bin_residual_mad
2023-10-15 20:56:00,-4.320212,0.0,0.00471,False,False,False,0.00471,0.00471,False,False,0.017929999999999998,-0.013219999999999999,True,low_bin_residual_mad
2023-10-15 20:57:00,-4.316587,0.0,0.004560000000000001,False,False,False,0.004560000000000001,0.004560000000000001,False,False,0.017929999999999998,-0.013369999999999996,True,low_bin_residual_mad
2023-10-15 20:58:00,-4.3047004,0.0,0.004730000000000001,False,False,False,0.004730000000000001,0.004730000000000001,False,False,0.017929999999999998,-0.013199999999999996,True,low_bin_residual_mad
2023-10-15 20:59:00,-4.326441,0.0,0.00487,False,False,False,0.00487,0.00487,False,False,0.017929999999999998,-0.013059999999999999,True,low_bin_residual_mad
2023-10-15 21:00:00,-4.240943,0.0,0.00484,False,False,False,0.00484,0.00484,False,False,0.017929999999999998,-0.013089999999999997,True,low_bin_residual_mad
2023-10-15 21:01:00,-4.3398767,0.0,0.00475,False,False,False,0.00475,0.00475,False,False,0.017929999999999998,-0.013179999999999997,True,low_bin_residual_mad
2023-10-15 21:02:00,-4.318629,0.0,0.00483,False,False,False,0.00483,0.00483,False,False,0.017929999999999998,-0.013099999999999997,True,low_bin_residual_mad
2023-10-15 21:03:00,-4.326854,0.0,0.004730000000000001,False,False,False,0.004730000000000001,0.004730000000000001,False,False,0.017929999999999998,-0.013199999999999996,True,low_bin_residual_mad
2023-10-15 21:04:00,-4.2055087,0.0,0.00469,False,False,False,0.00469,0.00469,False,False,0.017929999999999998,-0.013239999999999998,True,low_bin_residual_mad
2023-10-15 21:05:00,-4.364095,0.0,0.00313,False,False,False,0.00313,0.00313,False,False,0.017929999999999998,-0.014799999999999997,True,low_bin_residual_mad
2023-10-15 21:06:00,-4.3232603,0.0,0.0048200000000000005,False,False,False,0.0048200000000000005,0.0048200000000000005,False,False,0.017929999999999998,-0.013109999999999997,True,low_bin_residual_mad
2023-10-15 21:07:00,-4.3602657,0.0,0.00475,False,False,False,0.00475,0.00475,False,False,0.017929999999999998,-0.013179999999999997,True,low_bin_residual_mad
2023-10-15 21:08:00,-4.4334846,0.0,0.00443,False,False,False,0.00443,0.00443,False,False,0.017929999999999998,-0.013499999999999998,True,low_bin_residual_mad
2023-10-15 21:09:00,-4.3326917,0.0,0.0047599999999999995,False,False,False,0.0047599999999999995,0.0047599999999999995,False,False,0.017929999999999998,-0.013169999999999998,True,low_bin_residual_mad
2023-10-15 21:10:00,-4.461238,0.0,0.00474,False,False,False,0.00474,0.00474,False,False,0.017929999999999998,-0.013189999999999997,True,low_bin_residual_mad
2023-10-15 21:11:00,-4.300119,0.0,0.00509,False,False,False,0.00509,0.00509,False,False,0.017929999999999998,-0.012839999999999997,True,low_bin_residual_mad
2023-10-15 21:12:00,-4.267168,0.0,0.00484,False,False,False,0.00484,0.00484,False,False,0.017929999999999998,-0.013089999999999997,True,low_bin_residual_mad
2023-10-15 21:13:00,-4.218347,0.0,0.00466,False,False,False,0.00466,0.00466,False,False,0.017929999999999998,-0.013269999999999997,True,low_bin_residual_mad
2023-10-15 21:14:00,-4.333561,0.0,0.00483,False,False,False,0.00483,0.00483,False,False,0.017929999999999998,-0.013099999999999997,True,low_bin_residual_mad
2023-10-15 21:15:00,-4.3502297,0.0,0.00337,False,False,False,0.00337,0.00337,False,False,0.017929999999999998,-0.014559999999999998,True,low_bin_residual_mad
2023-10-15 21:16:00,-4.2206326,0.0,0.00366,False,False,False,0.00366,0.00366,False,False,0.017929999999999998,-0.014269999999999998,True,low_bin_residual_mad
2023-10-15 21:17:00,-4.2571754,0.0,0.0048200000000000005,False,False,False,0.0048200000000000005,0.0048200000000000005,False,False,0.017929999999999998,-0.013109999999999997,True,low_bin_residual_mad
2023-10-15 21:18:00,-4.2865877,0.0,0.00373,False,False,False,0.00373,0.00373,False,False,0.017929999999999998,-0.014199999999999997,True,low_bin_residual_mad
2023-10-15 21:19:00,-4.220126,0.0,0.0024700000000000004,False,False,False,0.0024700000000000004,0.0024700000000000004,False,False,0.017929999999999998,-0.015459999999999998,True,low_bin_residual_mad
2023-10-15 21:20:00,-4.2169,0.0,0.00307,False,False,False,0.00307,0.00307,False,False,0.017929999999999998,-0.014859999999999998,True,low_bin_residual_mad
2023-10-15 21:21:00,-4.238754,0.0,0.00392,False,False,False,0.00392,0.00392,False,False,0.017929999999999998,-0.014009999999999998,True,low_bin_residual_mad
2023-10-15 21:22:00,-4.271355,0.0,0.0047599999999999995,False,False,False,0.0047599999999999995,0.0047599999999999995,False,False,0.017929999999999998,-0.013169999999999998,True,low_bin_residual_mad
2023-10-15 21:23:00,-4.326041,0.0,0.0021000000000000003,False,False,False,0.0021000000000000003,0.0021000000000000003,False,False,0.017929999999999998,-0.015829999999999997,True,low_bin_residual_mad
2023-10-15 21:24:00,-4.283323,0.0,0.00309,False,False,False,0.00309,0.00309,False,False,0.017929999999999998,-0.014839999999999999,True,low_bin_residual_mad
2023-10-15 21:25:00,-4.359848,0.0,0.00101,False,False,False,0.00101,0.00101,False,False,0.017929999999999998,-0.016919999999999998,True,low_bin_residual_mad
2023-10-15 21:26:00,-4.206298,0.0,0.0020499999999999997,False,False,False,0.0020499999999999997,0.0020499999999999997,False,False,0.017929999999999998,-0.01588,True,low_bin_residual_mad
2023-10-15 21:27:00,-4.301816,0.0,0.00366,False,False,False,0.00366,0.00366,False,False,0.017929999999999998,-0.014269999999999998,True,low_bin_residual_mad
2023-10-15 21:28:00,-4.247473,0.0,0.001,False,False,False,0.001,0.001,False,False,0.017929999999999998,-0.016929999999999997,True,low_bin_residual_mad
2023-10-15 21:29:00,-4.4077463,0.0,0.004939999999999999,False,False,False,0.004939999999999999,0.004939999999999999,False,False,0.017929999999999998,-0.012989999999999998,True,low_bin_residual_mad
2023-10-15 21:30:00,-4.3347974,0.0,0.00367,False,False,False,0.00367,0.00367,False,False,0.017929999999999998,-0.014259999999999998,True,low_bin_residual_mad
2023-10-15 21:31:00,-4.298396,0.0,0.0035999999999999995,False,False,False,0.0035999999999999995,0.0035999999999999995,False,False,0.017929999999999998,-0.014329999999999999,True,low_bin_residual_mad
2023-10-15 21:32:00,-4.3138676,0.0,0.00503,False,False,False,0.00503,0.00503,False,False,0.017929999999999998,-0.012899999999999998,True,low_bin_residual_mad
2023-10-15 21:33:00,-4.3260455,0.0,0.00484,False,False,False,0.00484,0.00484,False,False,0.017929999999999998,-0.013089999999999997,True,low_bin_residual_mad
2023-10-15 21:34:00,-4.23605,0.0,0.00466,False,False,False,0.00466,0.00466,False,False,0.017929999999999998,-0.013269999999999997,True,low_bin_residual_mad
2023-10-15 21:35:00,-4.241262,0.0,0.005019999999999999,False,False,False,0.005019999999999999,0.005019999999999999,False,False,0.017929999999999998,-0.012909999999999998,True,low_bin_residual_mad
2023-10-15 21:36:00,-4.4745865,0.0,0.00483,False,False,False,0.00483,0.00483,False,False,0.017929999999999998,-0.013099999999999997,True,low_bin_residual_mad
2023-10-15 21:37:00,-4.32854,0.0,0.00483,False,False,False,0.00483,0.00483,False,False,0.017929999999999998,-0.013099999999999997,True,low_bin_residual_mad
2023-10-15 21:38:00,-4.35973,0.0,0.00479,False,False,False,0.00479,0.00479,False,False,0.017929999999999998,-0.013139999999999999,True,low_bin_residual_mad
2023-10-15 21:39:00,-4.255981,0.0,0.0049299999999999995,False,False,False,0.0049299999999999995,0.0049299999999999995,False,False,0.017929999999999998,-0.012999999999999998,True,low_bin_residual_mad
2023-10-15 21:40:00,-4.287293,0.0,0.00505,False,False,False,0.00505,0.00505,False,False,0.017929999999999998,-0.012879999999999999,True,low_bin_residual_mad
2023-10-15 21:41:00,-4.2593536,0.0,0.004939999999999999,False,False,False,0.004939999999999999,0.004939999999999999,False,False,0.017929999999999998,-0.012989999999999998,True,low_bin_residual_mad
2023-10-15 21:42:00,-4.116134,0.0,0.0049900000000000005,False,False,False,0.0049900000000000005,0.0049900000000000005,False,False,0.017929999999999998,-0.012939999999999997,True,low_bin_residual_mad
2023-10-15 21:43:00,-4.245834,0.0,0.0048200000000000005,False,False,False,0.0048200000000000005,0.0048200000000000005,False,False,0.017929999999999998,-0.013109999999999997,True,low_bin_residual_mad
2023-10-15 21:44:00,-3.9799309,0.0,0.0047599999999999995,False,False,False,0.0047599999999999995,0.0047599999999999995,False,False,0.017929999999999998,-0.013169999999999998,True,low_bin_residual_mad
2023-10-15 21:45:00,-4.2554164,0.0,0.004810000000000001,False,False,False,0.004810000000000001,0.004810000000000001,False,False,0.017929999999999998,-0.013119999999999996,True,low_bin_residual_mad
2023-10-15 21:46:00,-4.22289,0.0,0.00472,False,False,False,0.00472,0.00472,False,False,0.017929999999999998,-0.013209999999999998,True,low_bin_residual_mad
2023-10-15 21:47:00,-4.247887,0.0,0.0048200000000000005,False,False,False,0.0048200000000000005,0.0048200000000000005,False,False,0.017929999999999998,-0.013109999999999997,True,low_bin_residual_mad
2023-10-15 21:48:00,-4.1567235,0.0,0.0047599999999999995,False,False,False,0.0047599999999999995,0.0047599999999999995,False,False,0.017929999999999998,-0.013169999999999998,True,low_bin_residual_mad
2023-10-15 21:49:00,-4.1923294,0.0,0.00417,False,False,False,0.00417,0.00417,False,False,0.017929999999999998,-0.013759999999999998,True,low_bin_residual_mad
2023-10-15 21:50:00,-4.332443,0.0,0.00479,False,False,False,0.00479,0.00479,False,False,0.017929999999999998,-0.013139999999999999,True,low_bin_residual_mad
2023-10-15 21:51:00,-4.268012,0.0,0.00492,False,False,False,0.00492,0.00492,False,False,0.017929999999999998,-0.013009999999999997,True,low_bin_residual_mad
2023-10-15 21:52:00,-4.10212,0.0,0.00478,False,False,False,0.00478,0.00478,False,False,0.017929999999999998,-0.013149999999999998,True,low_bin_residual_mad
2023-10-15 21:53:00,-4.3989716,0.0,0.005019999999999999,False,False,False,0.005019999999999999,0.005019999999999999,False,False,0.017929999999999998,-0.012909999999999998,True,low_bin_residual_mad
2023-10-15 21:54:00,-4.3974,0.0,0.005109999999999999,False,False,False,0.005109999999999999,0.005109999999999999,False,False,0.017929999999999998,-0.012819999999999998,True,low_bin_residual_mad
2023-10-15 21:55:00,-4.3582277,0.0,0.00491,False,False,False,0.00491,0.00491,False,False,0.017929999999999998,-0.013019999999999997,True,low_bin_residual_mad
2023-10-15 21:56:00,-4.281048,0.0,0.00491,False,False,False,0.00491,0.00491,False,False,0.017929999999999998,-0.013019999999999997,True,low_bin_residual_mad
2023-10-15 21:57:00,-4.394371,0.0,0.00496,False,False,False,0.00496,0.00496,False,False,0.017929999999999998,-0.012969999999999999,True,low_bin_residual_mad
2023-10-15 21:58:00,-4.3292246,0.0,0.00478,False,False,False,0.00478,0.00478,False,False,0.017929999999999998,-0.013149999999999998,True,low_bin_residual_mad
2023-10-15 21:59:00,-4.3815002,0.0,0.0049700000000000005,False,False,False,0.0049700000000000005,0.0049700000000000005,False,False,0.017929999999999998,-0.012959999999999998,True,low_bin_residual_mad
2023-10-15 22:00:00,-4.1725864,0.0,0.004849999999999999,False,False,False,0.004849999999999999,0.004849999999999999,False,False,0.017929999999999998,-0.013079999999999998,True,low_bin_residual_mad
2023-10-15 22:01:00,-4.19204,0.0,0.0045899999999999995,False,False,False,0.0045899999999999995,0.0045899999999999995,False,False,0.017929999999999998,-0.013339999999999998,True,low_bin_residual_mad
2023-10-15 22:02:00,-4.371703,0.0,0.00267,False,False,False,0.00267,0.00267,False,False,0.017929999999999998,-0.015259999999999998,True,low_bin_residual_mad
2023-10-15 22:03:00,-4.3429794,0.0,0.00439,False,False,False,0.00439,0.00439,False,False,0.017929999999999998,-0.013539999999999998,True,low_bin_residual_mad
2023-10-15 22:04:00,-4.217642,0.0,0.00267,False,False,False,0.00267,0.00267,False,False,0.017929999999999998,-0.015259999999999998,True,low_bin_residual_mad
2023-10-15 22:05:00,-4.2411966,0.0,0.004939999999999999,False,False,False,0.004939999999999999,0.004939999999999999,False,False,0.017929999999999998,-0.012989999999999998,True,low_bin_residual_mad
2023-10-15 22:06:00,-4.3208356,0.0,0.00498,False,False,False,0.00498,0.00498,False,False,0.017929999999999998,-0.012949999999999998,True,low_bin_residual_mad
2023-10-15 22:07:00,-4.2104645,0.0,0.00487,False,False,False,0.00487,0.00487,False,False,0.017929999999999998,-0.013059999999999999,True,low_bin_residual_mad
2023-10-15 22:08:00,-4.3602195,0.0,0.0049900000000000005,False,False,False,0.0049900000000000005,0.0049900000000000005,False,False,0.017929999999999998,-0.012939999999999997,True,low_bin_residual_mad
2023-10-15 22:09:00,-4.2365446,0.0,0.00489,False,False,False,0.00489,0.00489,False,False,0.017929999999999998,-0.013039999999999998,True,low_bin_residual_mad
2023-10-15 22:10:00,-4.2527046,0.0,0.004869999999999999,False,False,False,0.004869999999999999,0.004869999999999999,False,False,0.017929999999999998,-0.013059999999999999,True,low_bin_residual_mad
2023-10-15 22:11:00,-4.2626076,0.0,0.00501,False,False,False,0.00501,0.00501,False,False,0.017929999999999998,-0.012919999999999997,True,low_bin_residual_mad
2023-10-15 22:12:00,-4.3462996,0.0,0.0049900000000000005,False,False,False,0.0049900000000000005,0.0049900000000000005,False,False,0.017929999999999998,-0.012939999999999997,True,low_bin_residual_mad
2023-10-15 22:13:00,-4.2814145,0.0,0.00497,False,False,False,0.00497,0.00497,False,False,0.017929999999999998,-0.01296,True,low_bin_residual_mad
2023-10-15 22:14:00,-4.3469944,0.0,0.004640000000000001,False,False,False,0.004640000000000001,0.004640000000000001,False,False,0.017929999999999998,-0.013289999999999996,True,low_bin_residual_mad
2023-10-15 22:15:00,-4.160114,0.0,0.00478,False,False,False,0.00478,0.00478,False,False,0.017929999999999998,-0.013149999999999998,True,low_bin_residual_mad
2023-10-15 22:16:00,-4.37716,0.0,0.00479,False,False,False,0.00479,0.00479,False,False,0.017929999999999998,-0.013139999999999999,True,low_bin_residual_mad
2023-10-15 22:17:00,-4.2615013,0.0,0.0048,False,False,False,0.0048,0.0048,False,False,0.017929999999999998,-0.01313,True,low_bin_residual_mad
2023-10-15 22:18:00,-4.2887497,0.0,0.00471,False,False,False,0.00471,0.00471,False,False,0.017929999999999998,-0.013219999999999999,True,low_bin_residual_mad
2023-10-15 22:19:00,-4.277629,0.0,0.0033599999999999997,False,False,False,0.0033599999999999997,0.0033599999999999997,False,False,0.017929999999999998,-0.014569999999999998,True,low_bin_residual_mad
2023-10-15 22:20:00,-4.3922086,0.0,0.00204,False,False,False,0.00204,0.00204,False,False,0.017929999999999998,-0.015889999999999998,True,low_bin_residual_mad
2023-10-15 22:21:00,-4.2526774,0.0,0.00271,False,False,False,0.00271,0.00271,False,False,0.017929999999999998,-0.015219999999999997,True,low_bin_residual_mad
2023-10-15 22:22:00,-4.072048,0.0,0.0052,False,False,False,0.0052,0.0052,False,False,0.017929999999999998,-0.012729999999999998,True,low_bin_residual_mad
2023-10-15 22:23:00,-4.1598473,0.0,0.0022299999999999998,False,False,False,0.0022299999999999998,0.0022299999999999998,False,False,0.017929999999999998,-0.0157,True,low_bin_residual_mad
2023-10-15 22:24:00,-4.1731606,0.0,0.00529,False,False,False,0.00529,0.00529,False,False,0.017929999999999998,-0.012639999999999998,True,low_bin_residual_mad
2023-10-15 22:25:00,-4.0381293,0.0,0.0051600000000000005,False,False,False,0.0051600000000000005,0.0051600000000000005,False,False,0.017929999999999998,-0.012769999999999997,True,low_bin_residual_mad
2023-10-15 22:26:00,-4.1275926,0.0,0.00225,False,False,False,0.00225,0.00225,False,False,0.017929999999999998,-0.01568,True,low_bin_residual_mad
2023-10-15 22:27:00,-4.431731,0.0,0.003,False,False,False,0.003,0.003,False,False,0.017929999999999998,-0.014929999999999999,True,low_bin_residual_mad
2023-10-15 22:28:00,-4.259217,0.0,0.00507,False,False,False,0.00507,0.00507,False,False,0.017929999999999998,-0.012859999999999998,True,low_bin_residual_mad
2023-10-15 22:29:00,-4.373663,0.0,0.00517,False,False,False,0.00517,0.00517,False,False,0.017929999999999998,-0.012759999999999997,True,low_bin_residual_mad
2023-10-15 22:30:00,-4.3474455,0.0,0.005220000000000001,False,False,False,0.005220000000000001,0.005220000000000001,False,False,0.017929999999999998,-0.012709999999999997,True,low_bin_residual_mad
2023-10-15 22:31:00,-4.316196,0.0,0.00487,False,False,False,0.00487,0.00487,False,False,0.017929999999999998,-0.013059999999999999,True,low_bin_residual_mad
2023-10-15 22:32:00,-4.295924,0.0,0.004880000000000001,False,False,False,0.004880000000000001,0.004880000000000001,False,False,0.017929999999999998,-0.013049999999999997,True,low_bin_residual_mad
2023-10-15 22:33:00,-4.2863755,0.0,0.00486,False,False,False,0.00486,0.00486,False,False,0.017929999999999998,-0.013069999999999998,True,low_bin_residual_mad
2023-10-15 22:34:00,-4.4148197,0.0,0.0049700000000000005,False,False,False,0.0049700000000000005,0.0049700000000000005,False,False,0.017929999999999998,-0.012959999999999998,True,low_bin_residual_mad
2023-10-15 22:35:00,-4.2997594,0.0,0.00225,False,False,False,0.00225,0.00225,False,False,0.017929999999999998,-0.01568,True,low_bin_residual_mad
2023-10-15 22:36:00,-4.261851,0.0,0.00434,False,False,False,0.00434,0.00434,False,False,0.017929999999999998,-0.013589999999999998,True,low_bin_residual_mad
2023-10-15 22:37:00,-4.254046,0.0,0.0036599999999999996,False,False,False,0.0036599999999999996,0.0036599999999999996,False,False,0.017929999999999998,-0.014269999999999998,True,low_bin_residual_mad
2023-10-15 22:38:00,-4.3956046,0.0,0.0019199999999999998,False,False,False,0.0019199999999999998,0.0019199999999999998,False,False,0.017929999999999998,-0.016009999999999996,True,low_bin_residual_mad
2023-10-15 22:39:00,-4.236556,0.0,0.00477,False,False,False,0.00477,0.00477,False,False,0.017929999999999998,-0.013159999999999998,True,low_bin_residual_mad
2023-10-15 22:40:00,-4.3825107,0.0,0.004939999999999999,False,False,False,0.004939999999999999,0.004939999999999999,False,False,0.017929999999999998,-0.012989999999999998,True,low_bin_residual_mad
2023-10-15 22:41:00,-4.393392,0.0,0.00492,False,False,False,0.00492,0.00492,False,False,0.017929999999999998,-0.013009999999999997,True,low_bin_residual_mad
2023-10-15 22:42:00,-4.3883953,0.0,0.00479,False,False,False,0.00479,0.00479,False,False,0.017929999999999998,-0.013139999999999999,True,low_bin_residual_mad
2023-10-15 22:43:00,-4.3225293,0.0,0.004900000000000001,False,False,False,0.004900000000000001,0.004900000000000001,False,False,0.017929999999999998,-0.013029999999999996,True,low_bin_residual_mad
2023-10-15 22:44:00,-4.2944984,0.0,0.00471,False,False,False,0.00471,0.00471,False,False,0.017929999999999998,-0.013219999999999999,True,low_bin_residual_mad
2023-10-15 22:45:00,-4.224409,0.0,0.00475,False,False,False,0.00475,0.00475,False,False,0.017929999999999998,-0.013179999999999997,True,low_bin_residual_mad
2023-10-15 22:46:00,-4.274617,0.0,0.004730000000000001,False,False,False,0.004730000000000001,0.004730000000000001,False,False,0.017929999999999998,-0.013199999999999996,True,low_bin_residual_mad
2023-10-15 22:47:00,-4.292106,0.0,0.005030000000000001,False,False,False,0.005030000000000001,0.005030000000000001,False,False,0.017929999999999998,-0.012899999999999998,True,low_bin_residual_mad
2023-10-15 22:48:00,-4.2834134,0.0,0.00468,False,False,False,0.00468,0.00468,False,False,0.017929999999999998,-0.013249999999999998,True,low_bin_residual_mad
2023-10-15 22:49:00,-4.2574506,0.0,0.0046500000000000005,False,False,False,0.0046500000000000005,0.0046500000000000005,False,False,0.017929999999999998,-0.013279999999999997,True,low_bin_residual_mad
2023-10-15 22:50:00,-4.340948,0.0,0.00471,False,False,False,0.00471,0.00471,False,False,0.017929999999999998,-0.013219999999999999,True,low_bin_residual_mad
2023-10-15 22:51:00,-4.367395,0.0,0.004730000000000001,False,False,False,0.004730000000000001,0.004730000000000001,False,False,0.017929999999999998,-0.013199999999999996,True,low_bin_residual_mad
2023-10-15 22:52:00,-4.385452,0.0,0.0044399999999999995,False,False,False,0.0044399999999999995,0.0044399999999999995,False,False,0.017929999999999998,-0.013489999999999999,True,low_bin_residual_mad
2023-10-15 22:53:00,-4.3668904,0.0,0.0047,False,False,False,0.0047,0.0047,False,False,0.017929999999999998,-0.013229999999999999,True,low_bin_residual_mad
2023-10-15 22:54:00,-4.3663588,0.0,0.00463,False,False,False,0.00463,0.00463,False,False,0.017929999999999998,-0.0133,True,low_bin_residual_mad
2023-10-15 22:55:00,-4.233078,0.0,0.00277,False,False,False,0.00277,0.00277,False,False,0.017929999999999998,-0.015159999999999998,True,low_bin_residual_mad
2023-10-15 22:56:00,-4.3444114,0.0,0.00277,False,False,False,0.00277,0.00277,False,False,0.017929999999999998,-0.015159999999999998,True,low_bin_residual_mad
2023-10-15 22:57:00,-4.2860374,0.0,0.00278,False,False,False,0.00278,0.00278,False,False,0.017929999999999998,-0.015149999999999999,True,low_bin_residual_mad
2023-10-15 22:59:00,-4.359884,0.0,0.00248,False,False,False,0.00248,0.00248,False,False,0.017929999999999998,-0.015449999999999998,True,low_bin_residual_mad
2023-10-15 23:00:00,-4.3629236,0.0,0.0026,False,False,False,0.0026,0.0026,False,False,0.017929999999999998,-0.015329999999999998,True,low_bin_residual_mad
2023-10-15 23:01:00,-4.3321104,0.0,0.00265,False,False,False,0.00265,0.00265,False,False,0.017929999999999998,-0.015279999999999998,True,low_bin_residual_mad
2023-10-15 23:02:00,-4.3508887,0.0,0.00276,False,False,False,0.00276,0.00276,False,False,0.017929999999999998,-0.015169999999999998,True,low_bin_residual_mad
2023-10-15 23:03:00,-4.359153,0.0,0.0026,False,False,False,0.0026,0.0026,False,False,0.017929999999999998,-0.015329999999999998,True,low_bin_residual_mad
2023-10-15 23:04:00,-4.4798355,0.0,0.0026,False,False,False,0.0026,0.0026,False,False,0.017929999999999998,-0.015329999999999998,True,low_bin_residual_mad
2023-10-15 23:05:00,-4.3545227,0.0,0.0027,False,False,False,0.0027,0.0027,False,False,0.017929999999999998,-0.015229999999999997,True,low_bin_residual_mad
2023-10-15 23:06:00,-4.378027,0.0,0.00261,False,False,False,0.00261,0.00261,False,False,0.017929999999999998,-0.015319999999999999,True,low_bin_residual_mad
2023-10-15 23:07:00,-4.247652,0.0,0.00268,False,False,False,0.00268,0.00268,False,False,0.017929999999999998,-0.015249999999999998,True,low_bin_residual_mad
2023-10-15 23:08:00,-4.3236113,0.0,0.00276,False,False,False,0.00276,0.00276,False,False,0.017929999999999998,-0.015169999999999998,True,low_bin_residual_mad
2023-10-15 23:10:00,-4.3095903,0.0,0.0008,False,False,False,0.0008,0.0008,False,False,0.017929999999999998,-0.01713,True,low_bin_residual_mad
2023-10-15 23:11:00,-4.386734,0.0,0.00256,False,False,False,0.00256,0.00256,False,False,0.017929999999999998,-0.015369999999999998,True,low_bin_residual_mad
2023-10-15 23:12:00,-4.3136954,0.0,0.0027400000000000002,False,False,False,0.0027400000000000002,0.0027400000000000002,False,False,0.017929999999999998,-0.015189999999999999,True,low_bin_residual_mad
2023-10-15 23:13:00,-4.1996994,0.0,0.00267,False,False,False,0.00267,0.00267,False,False,0.017929999999999998,-0.015259999999999998,True,low_bin_residual_mad
2023-10-15 23:14:00,-4.2850657,0.0,0.01305,False,False,False,0.01305,0.01305,False,False,0.017929999999999998,-0.004879999999999997,True,low_bin_residual_mad
2023-10-15 23:15:00,-4.2785206,0.0,0.00262,False,False,False,0.00262,0.00262,False,False,0.017929999999999998,-0.015309999999999997,True,low_bin_residual_mad
2023-10-15 23:26:00,-4.2786603,0.0,0.0027400000000000002,False,False,False,0.0027400000000000002,0.0027400000000000002,False,False,0.017929999999999998,-0.015189999999999999,True,low_bin_residual_mad
2023-10-15 23:27:00,-4.3282237,0.0,0.0025499999999999997,False,False,False,0.0025499999999999997,0.0025499999999999997,False,False,0.017929999999999998,-0.015379999999999998,True,low_bin_residual_mad
2023-10-15 23:47:00,-4.0683675,0.0,0.00896,False,False,False,0.00896,0.00896,False,False,0.017929999999999998,-0.008969999999999999,True,low_bin_residual_mad
2023-10-16 01:50:00,0.6327622,0.6327622,3.2366400000000017,False,False,False,3.2366400000000017,2.6038778000000016,False,False,3.2349854496448205,-0.6311076496448189,True,low_bin_residual_mad
2023-10-16 23:50:00,-0.6090386,0.0,2.8055299999999996,False,False,False,2.8055299999999996,2.8055299999999996,False,False,2.805328103818504,0.00020189618149579758,True,low_bin_residual_mad
2023-10-17 00:09:00,0.6190423,0.6190423,3.4901800000000005,False,False,False,3.4901800000000005,2.8711377000000002,False,False,3.4841842079332372,-0.613046507933237,True,low_bin_residual_mad
2023-10-17 00:50:00,-4.5489216,0.0,0.016649999999999998,False,False,False,0.016649999999999998,0.016649999999999998,False,False,0.017929999999999998,-0.0012799999999999999,True,low_bin_residual_mad
2023-10-17 08:27:00,-4.187312,0.0,0.00085,False,False,False,0.00085,0.00085,False,False,0.017929999999999998,-0.017079999999999998,True,low_bin_residual_mad
2023-10-17 08:47:00,-4.369991,0.0,0.00085,False,False,False,0.00085,0.00085,False,False,0.017929999999999998,-0.017079999999999998,True,low_bin_residual_mad
2023-10-17 11:44:00,-4.520803,0.0,0.007679999999999999,False,False,False,0.007679999999999999,0.007679999999999999,False,False,0.017929999999999998,-0.010249999999999999,True,low_bin_residual_mad
2023-10-17 11:46:00,-4.8435287,0.0,0.01537,False,False,False,0.01537,0.01537,False,False,0.017929999999999998,-0.002559999999999998,True,low_bin_residual_mad
2023-10-17 11:52:00,-4.7998185,0.0,0.01408,False,False,False,0.01408,0.01408,False,False,0.017929999999999998,-0.0038499999999999975,True,low_bin_residual_mad
2023-10-17 12:15:00,-4.6158795,0.0,0.01024,False,False,False,0.01024,0.01024,False,False,0.017929999999999998,-0.007689999999999997,True,low_bin_residual_mad
2023-10-17 12:16:00,-4.6877832,0.0,0.008960000000000001,False,False,False,0.008960000000000001,0.008960000000000001,False,False,0.017929999999999998,-0.008969999999999997,True,low_bin_residual_mad
2023-10-17 12:25:00,-4.3519316,0.0,0.01409,False,False,False,0.01409,0.01409,False,False,0.017929999999999998,-0.003839999999999998,True,low_bin_residual_mad
2023-10-17 13:45:00,0.0,0.0,2.80086,False,False,False,2.80086,2.80086,False,False,2.8006393558024465,0.00022064419755363218,True,low_bin_residual_mad
2023-10-17 14:00:00,1.7745173,1.7745173,3.80602,False,False,False,3.80602,2.0315027,False,False,3.7870072159704025,-1.7555045159704026,True,low_bin_residual_mad
2023-10-17 14:01:00,1.5272473,1.5272473,3.573399999999999,False,False,False,3.573399999999999,2.046152699999999,False,False,3.5634618985001025,-1.5173091985001035,True,low_bin_residual_mad
2023-10-17 14:02:00,1.8861449,1.8861449,3.962660000000001,False,False,False,3.962660000000001,2.076515100000001,False,False,3.9307668087673453,-1.8542517087673445,True,low_bin_residual_mad
2023-10-17 15:36:00,1.5511587,1.5511587,3.93623,False,False,False,3.93623,2.3850713,False,False,3.9066772678588517,-1.5216059678588518,True,low_bin_residual_mad
2023-10-19 05:05:00,0.5939786,0.5939786,3.4163099999999997,False,False,False,3.4163099999999997,2.8223313999999995,False,False,3.413900182470835,-0.5915687824708353,True,low_bin_residual_mad
2023-10-19 05:08:00,0.0,0.0,3.087240000000001,False,False,False,3.087240000000001,3.087240000000001,False,False,3.0868254245754256,0.00041457542457523644,True,low_bin_residual_mad
2023-10-19 06:34:00,-4.626873,0.0,0.01024,False,False,False,0.01024,0.01024,False,False,0.017929999999999998,-0.007689999999999997,True,low_bin_residual_mad
2023-10-19 06:48:00,-4.362295,0.0,0.00512,False,False,False,0.00512,0.00512,False,False,0.017929999999999998,-0.012809999999999998,True,low_bin_residual_mad
2023-10-19 06:49:00,-3.8542378,0.0,0.00256,False,False,False,0.00256,0.00256,False,False,0.017929999999999998,-0.015369999999999998,True,low_bin_residual_mad
2023-10-19 12:30:00,-4.4250307,0.0,0.00512,False,False,False,0.00512,0.00512,False,False,0.017929999999999998,-0.012809999999999998,True,low_bin_residual_mad
2023-10-19 12:31:00,-4.3617015,0.0,0.0038399999999999997,False,False,False,0.0038399999999999997,0.0038399999999999997,False,False,0.017929999999999998,-0.014089999999999998,True,low_bin_residual_mad
2023-10-19 12:45:00,-4.403853,0.0,0.01537,False,False,False,0.01537,0.01537,False,False,0.017929999999999998,-0.002559999999999998,True,low_bin_residual_mad
2023-10-19 12:48:00,-4.332756,0.0,0.011519999999999999,False,False,False,0.011519999999999999,0.011519999999999999,False,False,0.017929999999999998,-0.006409999999999999,True,low_bin_residual_mad
2023-10-19 12:49:00,-4.171253,0.0,0.01408,False,False,False,0.01408,0.01408,False,False,0.017929999999999998,-0.0038499999999999975,True,low_bin_residual_mad
2023-10-19 13:06:00,1.3402885,1.3402885,3.7180900000000006,False,False,False,3.7180900000000006,2.3778015000000003,False,False,3.7048471316176474,-1.327045631617647,True,low_bin_residual_mad
2023-10-19 13:07:00,1.3451998,1.3451998,3.76888,False,False,False,3.76888,2.4236801999999997,False,False,3.7527813920147985,-1.3291011920147988,True,low_bin_residual_mad
2023-10-19 13:19:00,1.3303484,1.3303484,3.9656400000000005,False,False,False,3.9656400000000005,2.6352916000000004,False,False,3.9334594751658973,-1.298167875165897,True,low_bin_residual_mad
2023-10-19 13:20:00,0.6098779,0.6098779,3.83078,False,False,False,3.83078,3.2209021,False,False,3.809824431940805,-0.5889223319408048,True,low_bin_residual_mad
2023-10-19 13:31:00,0.0,0.0,2.8452200000000003,False,False,False,2.8452200000000003,2.8452200000000003,False,False,2.8451774418821776,4.25581178227219e-05,True,low_bin_residual_mad
2023-10-19 14:55:00,1.325304,1.325304,3.6135099999999998,False,False,False,3.6135099999999998,2.2882059999999997,False,False,3.6033905917402915,-1.3151845917402918,True,low_bin_residual_mad
2023-10-19 14:56:00,1.7027042,1.7027042,3.86279,False,False,False,3.86279,2.1600858,False,False,3.839263041981448,-1.679177241981448,True,low_bin_residual_mad
2023-10-19 14:57:00,1.6713321,1.6713321,3.7445700000000004,False,False,False,3.7445700000000004,2.0732379000000005,False,False,3.7302225002450986,-1.656984600245098,True,low_bin_residual_mad
2023-10-21 15:31:00,-0.6883758,0.0,2.80811,False,False,False,2.80811,2.80811,False,False,2.807918461394828,0.00019153860517207022,True,low_bin_residual_mad
2023-10-21 16:21:00,-4.3276076,0.0,0.008960000000000001,False,False,False,0.008960000000000001,0.008960000000000001,False,False,0.017929999999999998,-0.008969999999999997,True,low_bin_residual_mad
2023-10-21 16:37:00,-4.3341722,0.0,0.01024,False,False,False,0.01024,0.01024,False,False,0.017929999999999998,-0.007689999999999997,True,low_bin_residual_mad
2023-10-21 23:00:00,-4.1763268,0.0,0.00128,False,False,False,0.00128,0.00128,False,False,0.017929999999999998,-0.016649999999999998,True,low_bin_residual_mad
2023-10-21 23:11:00,-4.4288416,0.0,0.00512,False,False,False,0.00512,0.00512,False,False,0.017929999999999998,-0.012809999999999998,True,low_bin_residual_mad
2023-10-22 01:06:00,-4.7744713,0.0,0.00256,False,False,False,0.00256,0.00256,False,False,0.017929999999999998,-0.015369999999999998,True,low_bin_residual_mad
2023-10-22 01:13:00,-4.5875096,0.0,0.01024,False,False,False,0.01024,0.01024,False,False,0.017929999999999998,-0.007689999999999997,True,low_bin_residual_mad
2023-10-22 01:14:00,-4.6538,0.0,0.0128,False,False,False,0.0128,0.0128,False,False,0.017929999999999998,-0.005129999999999997,True,low_bin_residual_mad
2023-10-22 01:22:00,-4.63359,0.0,0.01024,False,False,False,0.01024,0.01024,False,False,0.017929999999999998,-0.007689999999999997,True,low_bin_residual_mad
2023-10-22 01:23:00,-4.5248995,0.0,0.007679999999999999,False,False,False,0.007679999999999999,0.007679999999999999,False,False,0.017929999999999998,-0.010249999999999999,True,low_bin_residual_mad
2023-10-22 01:27:00,-4.5980062,0.0,0.0064,False,False,False,0.0064,0.0064,False,False,0.017929999999999998,-0.011529999999999999,True,low_bin_residual_mad
2023-10-22 01:30:00,-4.6092625,0.0,0.011519999999999999,False,False,False,0.011519999999999999,0.011519999999999999,False,False,0.017929999999999998,-0.006409999999999999,True,low_bin_residual_mad
2023-10-22 01:35:00,-4.5108194,0.0,0.00256,False,False,False,0.00256,0.00256,False,False,0.017929999999999998,-0.015369999999999998,True,low_bin_residual_mad
2023-10-22 02:39:00,-4.348585,0.0,0.011519999999999999,False,False,False,0.011519999999999999,0.011519999999999999,False,False,0.017929999999999998,-0.006409999999999999,True,low_bin_residual_mad
2023-10-22 02:41:00,-4.501361,0.0,0.00256,False,False,False,0.00256,0.00256,False,False,0.017929999999999998,-0.015369999999999998,True,low_bin_residual_mad
2023-10-22 02:46:00,-4.416568,0.0,0.0064,False,False,False,0.0064,0.0064,False,False,0.017929999999999998,-0.011529999999999999,True,low_bin_residual_mad
2023-10-22 02:55:00,-4.368374,0.0,0.011519999999999999,False,False,False,0.011519999999999999,0.011519999999999999,False,False,0.017929999999999998,-0.006409999999999999,True,low_bin_residual_mad
2023-10-22 04:10:00,-4.43248,0.0,0.00128,False,False,False,0.00128,0.00128,False,False,0.017929999999999998,-0.016649999999999998,True,low_bin_residual_mad
2023-10-22 04:29:00,-4.6072106,0.0,0.007679999999999999,False,False,False,0.007679999999999999,0.007679999999999999,False,False,0.017929999999999998,-0.010249999999999999,True,low_bin_residual_mad
2023-10-22 04:38:00,-4.571245,0.0,0.01537,False,False,False,0.01537,0.01537,False,False,0.017929999999999998,-0.002559999999999998,True,low_bin_residual_mad
2023-10-22 04:42:00,-4.7279806,0.0,0.008960000000000001,False,False,False,0.008960000000000001,0.008960000000000001,False,False,0.017929999999999998,-0.008969999999999997,True,low_bin_residual_mad
2023-10-22 04:59:00,-4.704449,0.0,0.01537,False,False,False,0.01537,0.01537,False,False,0.017929999999999998,-0.002559999999999998,True,low_bin_residual_mad
2023-10-22 05:07:00,-4.6869016,0.0,0.01024,False,False,False,0.01024,0.01024,False,False,0.017929999999999998,-0.007689999999999997,True,low_bin_residual_mad
2023-10-22 05:08:00,-4.7010713,0.0,0.0064,False,False,False,0.0064,0.0064,False,False,0.017929999999999998,-0.011529999999999999,True,low_bin_residual_mad
2023-10-22 05:50:00,0.0,0.0,2.841379999999999,False,False,False,2.841379999999999,2.841379999999999,False,False,2.841322025954625,5.797404537410955e-05,True,low_bin_residual_mad
2023-10-22 06:03:00,0.61135906,0.61135906,3.6071299999999997,False,False,False,3.6071299999999997,2.99577094,False,False,3.5970394308609,-0.6012684908609001,True,low_bin_residual_mad
2023-10-22 06:05:00,0.6061145,0.6061145,3.7266399999999997,False,False,False,3.7266399999999997,3.1205255,False,False,3.7130404625,-0.5925149625000001,True,low_bin_residual_mad
2023-10-22 06:19:00,0.0,0.0,3.06722,False,False,False,3.06722,3.06722,False,False,3.0670214245754246,0.00019857542457524247,True,low_bin_residual_mad
2023-10-22 06:22:00,-0.60667944,0.0,2.8128,False,False,False,2.8128,2.8128,False,False,2.8126272897021756,0.00017271029782461866,True,low_bin_residual_mad
2023-10-22 06:23:00,0.0,0.0,2.8089700000000004,False,False,False,2.8089700000000004,2.8089700000000004,False,False,2.8087819139202694,0.0001880860797309758,True,low_bin_residual_mad
2023-10-22 06:29:00,0.0,0.0,2.8281499999999995,False,False,False,2.8281499999999995,2.8281499999999995,False,False,2.8280389132667345,0.00011108673326498675,True,low_bin_residual_mad
2023-10-22 06:46:00,0.0,0.0,3.0932400000000007,False,False,False,3.0932400000000007,3.0932400000000007,False,False,3.09276068931069,0.00047931068931061915,True,low_bin_residual_mad
2023-10-22 06:47:00,-0.5791931,0.0,2.8439699999999997,False,False,False,2.8439699999999997,2.8439699999999997,False,False,2.843922423676594,4.757632340579576e-05,True,low_bin_residual_mad
2023-10-22 06:55:00,1.2102736,1.2102736,3.8704600000000005,False,False,False,3.8704600000000005,2.6601864000000006,False,False,3.8463037161709868,-1.1861173161709861,True,low_bin_residual_mad
2023-10-22 07:11:00,1.5577353,1.5577353,3.997259999999999,False,False,False,3.997259999999999,2.439524699999999,False,False,3.9620306535290566,-1.5225059535290577,True,low_bin_residual_mad
2023-10-22 07:14:00,1.2489278,1.2489278,3.94987,False,False,False,3.94987,2.7009422,False,False,3.919198101750025,-1.218255901750025,True,low_bin_residual_mad
2023-10-22 07:18:00,1.4697593,1.4697593,3.934910000000001,False,False,False,3.934910000000001,2.4651507000000006,False,False,3.9054655742564806,-1.44031487425648,True,low_bin_residual_mad
2023-10-22 07:19:00,1.442492,1.442492,3.64081,False,False,False,3.64081,2.198318,False,False,3.630567189233614,-1.4322491892336142,True,low_bin_residual_mad
2023-10-22 07:20:00,1.2651696,1.2651696,3.7445400000000015,False,False,False,3.7445400000000015,2.4793704000000014,False,False,3.730193751715688,-1.2508233517156864,True,low_bin_residual_mad
2023-10-22 14:48:00,0.0,0.0,3.08722,False,False,False,3.08722,3.08722,False,False,3.0868056403596404,0.0004143596403594074,True,low_bin_residual_mad
2023-10-22 16:34:00,0.0,0.0,3.0607699999999998,False,False,False,3.0607699999999998,3.0607699999999998,False,False,3.060641014985015,0.00012898501498481707,True,low_bin_residual_mad
2023-10-23 06:46:00,1.4477947,1.4477947,3.9242499999999985,False,False,False,3.9242499999999985,2.4764552999999987,False,False,3.8956802304676286,-1.4192249304676299,True,low_bin_residual_mad
2023-10-23 06:50:00,1.3546323,1.3546323,3.978449999999999,False,False,False,3.978449999999999,2.623817699999999,False,False,3.945034326362357,-1.3212166263623577,True,low_bin_residual_mad
2023-10-23 06:56:00,0.0,0.0,2.8324800000000003,False,False,False,2.8324800000000003,2.8324800000000003,False,False,2.832386296330875,9.370366912531125e-05,True,low_bin_residual_mad
2023-10-23 07:20:00,0.58789533,0.58789533,3.5882999999999994,False,False,False,3.5882999999999994,3.000404669999999,False,False,3.5782945469488388,-0.5778898769488396,True,low_bin_residual_mad
2023-10-23 07:55:00,-4.367024,0.0,0.016649999999999998,False,False,False,0.016649999999999998,0.016649999999999998,False,False,0.017929999999999998,-0.0012799999999999999,True,low_bin_residual_mad
2023-10-23 07:56:00,-4.4800897,0.0,0.011519999999999999,False,False,False,0.011519999999999999,0.011519999999999999,False,False,0.017929999999999998,-0.006409999999999999,True,low_bin_residual_mad
2023-10-23 07:57:00,-4.603268,0.0,0.0128,False,False,False,0.0128,0.0128,False,False,0.017929999999999998,-0.005129999999999997,True,low_bin_residual_mad
2023-10-23 07:58:00,-4.567175,0.0,0.00256,False,False,False,0.00256,0.00256,False,False,0.017929999999999998,-0.015369999999999998,True,low_bin_residual_mad
2023-10-23 08:51:00,-4.1703153,0.0,0.01537,False,False,False,0.01537,0.01537,False,False,0.017929999999999998,-0.002559999999999998,True,low_bin_residual_mad
2023-10-23 08:53:00,-4.1085014,0.0,0.0064,False,False,False,0.0064,0.0064,False,False,0.017929999999999998,-0.011529999999999999,True,low_bin_residual_mad
2023-10-23 08:58:00,-4.125214,0.0,0.016640000000000002,False,False,False,0.016640000000000002,0.016640000000000002,False,False,0.017929999999999998,-0.001289999999999996,True,low_bin_residual_mad
2023-10-23 09:04:00,-4.3384886,0.0,0.0064,False,False,False,0.0064,0.0064,False,False,0.017929999999999998,-0.011529999999999999,True,low_bin_residual_mad
2023-10-23 09:05:00,-4.3992944,0.0,0.01024,False,False,False,0.01024,0.01024,False,False,0.017929999999999998,-0.007689999999999997,True,low_bin_residual_mad
2023-10-23 09:06:00,-4.342365,0.0,0.0064,False,False,False,0.0064,0.0064,False,False,0.017929999999999998,-0.011529999999999999,True,low_bin_residual_mad
2023-10-23 09:11:00,-4.332238,0.0,0.0128,False,False,False,0.0128,0.0128,False,False,0.017929999999999998,-0.005129999999999997,True,low_bin_residual_mad
2023-10-23 09:13:00,-4.219899,0.0,0.01536,False,False,False,0.01536,0.01536,False,False,0.017929999999999998,-0.0025699999999999976,True,low_bin_residual_mad
2023-10-23 09:14:00,-4.3593044,0.0,0.01408,False,False,False,0.01408,0.01408,False,False,0.017929999999999998,-0.0038499999999999975,True,low_bin_residual_mad
2023-10-23 09:17:00,-4.355859,0.0,0.0064,False,False,False,0.0064,0.0064,False,False,0.017929999999999998,-0.011529999999999999,True,low_bin_residual_mad
2023-10-23 09:18:00,-4.268896,0.0,0.008960000000000001,False,False,False,0.008960000000000001,0.008960000000000001,False,False,0.017929999999999998,-0.008969999999999997,True,low_bin_residual_mad
2023-10-23 09:23:00,-4.317627,0.0,0.01408,False,False,False,0.01408,0.01408,False,False,0.017929999999999998,-0.0038499999999999975,True,low_bin_residual_mad
2023-10-23 09:34:00,-4.3394227,0.0,0.0064,False,False,False,0.0064,0.0064,False,False,0.017929999999999998,-0.011529999999999999,True,low_bin_residual_mad
2023-10-23 09:39:00,-4.6106663,0.0,0.01409,False,False,False,0.01409,0.01409,False,False,0.017929999999999998,-0.003839999999999998,True,low_bin_residual_mad
2023-10-23 09:41:00,-4.517871,0.0,0.00256,False,False,False,0.00256,0.00256,False,False,0.017929999999999998,-0.015369999999999998,True,low_bin_residual_mad
2023-10-23 09:45:00,-4.4150867,0.0,0.011519999999999999,False,False,False,0.011519999999999999,0.011519999999999999,False,False,0.017929999999999998,-0.006409999999999999,True,low_bin_residual_mad
2023-10-23 09:46:00,-4.484051,0.0,0.008960000000000001,False,False,False,0.008960000000000001,0.008960000000000001,False,False,0.017929999999999998,-0.008969999999999997,True,low_bin_residual_mad
2023-10-23 09:48:00,-4.3452196,0.0,0.017920000000000002,False,False,False,0.017920000000000002,0.017920000000000002,False,False,0.017929999999999998,-9.999999999996123e-06,True,low_bin_residual_mad
2023-10-23 09:53:00,-4.4835863,0.0,0.00256,False,False,False,0.00256,0.00256,False,False,0.017929999999999998,-0.015369999999999998,True,low_bin_residual_mad
2023-10-23 10:06:00,-4.45641,0.0,0.01409,False,False,False,0.01409,0.01409,False,False,0.017929999999999998,-0.003839999999999998,True,low_bin_residual_mad
2023-10-23 10:13:00,-4.451342,0.0,0.00256,False,False,False,0.00256,0.00256,False,False,0.017929999999999998,-0.015369999999999998,True,low_bin_residual_mad
2023-10-23 10:15:00,-4.4030013,0.0,0.008960000000000001,False,False,False,0.008960000000000001,0.008960000000000001,False,False,0.017929999999999998,-0.008969999999999997,True,low_bin_residual_mad
2023-10-23 10:25:00,-4.317359,0.0,0.00512,False,False,False,0.00512,0.00512,False,False,0.017929999999999998,-0.012809999999999998,True,low_bin_residual_mad
2023-10-23 10:28:00,-4.22052,0.0,0.01024,False,False,False,0.01024,0.01024,False,False,0.017929999999999998,-0.007689999999999997,True,low_bin_residual_mad
2023-10-23 10:34:00,-4.2968965,0.0,0.008960000000000001,False,False,False,0.008960000000000001,0.008960000000000001,False,False,0.017929999999999998,-0.008969999999999997,True,low_bin_residual_mad
2023-10-23 10:35:00,-4.2953005,0.0,0.00256,False,False,False,0.00256,0.00256,False,False,0.017929999999999998,-0.015369999999999998,True,low_bin_residual_mad
2023-10-23 10:41:00,-4.225064,0.0,0.00512,False,False,False,0.00512,0.00512,False,False,0.017929999999999998,-0.012809999999999998,True,low_bin_residual_mad
2023-10-23 10:45:00,-4.005332,0.0,0.008960000000000001,False,False,False,0.008960000000000001,0.008960000000000001,False,False,0.017929999999999998,-0.008969999999999997,True,low_bin_residual_mad
2023-10-23 10:51:00,-4.18252,0.0,0.008960000000000001,False,False,False,0.008960000000000001,0.008960000000000001,False,False,0.017929999999999998,-0.008969999999999997,True,low_bin_residual_mad
2023-10-23 10:56:00,-4.3775644,0.0,0.01024,False,False,False,0.01024,0.01024,False,False,0.017929999999999998,-0.007689999999999997,True,low_bin_residual_mad
2023-10-23 10:57:00,-4.342235,0.0,0.0064,False,False,False,0.0064,0.0064,False,False,0.017929999999999998,-0.011529999999999999,True,low_bin_residual_mad
2023-10-23 11:06:00,-4.4560885,0.0,0.00256,False,False,False,0.00256,0.00256,False,False,0.017929999999999998,-0.015369999999999998,True,low_bin_residual_mad
2023-10-23 11:28:00,-4.1475863,0.0,0.0038399999999999997,False,False,False,0.0038399999999999997,0.0038399999999999997,False,False,0.017929999999999998,-0.014089999999999998,True,low_bin_residual_mad
2023-10-23 11:35:00,-4.255121,0.0,0.0128,False,False,False,0.0128,0.0128,False,False,0.017929999999999998,-0.005129999999999997,True,low_bin_residual_mad
2023-10-23 11:36:00,-4.347922,0.0,0.00512,False,False,False,0.00512,0.00512,False,False,0.017929999999999998,-0.012809999999999998,True,low_bin_residual_mad
2023-10-23 11:58:00,-4.2227273,0.0,0.00256,False,False,False,0.00256,0.00256,False,False,0.017929999999999998,-0.015369999999999998,True,low_bin_residual_mad
2023-10-23 12:03:00,-4.1201725,0.0,0.007679999999999999,False,False,False,0.007679999999999999,0.007679999999999999,False,False,0.017929999999999998,-0.010249999999999999,True,low_bin_residual_mad
2023-10-23 12:07:00,-4.3311276,0.0,0.016649999999999998,False,False,False,0.016649999999999998,0.016649999999999998,False,False,0.017929999999999998,-0.0012799999999999999,True,low_bin_residual_mad
2023-10-23 12:11:00,-4.520588,0.0,0.0128,False,False,False,0.0128,0.0128,False,False,0.017929999999999998,-0.005129999999999997,True,low_bin_residual_mad
2023-10-23 12:15:00,-4.4174824,0.0,0.01537,False,False,False,0.01537,0.01537,False,False,0.017929999999999998,-0.002559999999999998,True,low_bin_residual_mad
2023-10-23 12:16:00,-4.6213207,0.0,0.01024,False,False,False,0.01024,0.01024,False,False,0.017929999999999998,-0.007689999999999997,True,low_bin_residual_mad
2023-10-23 12:17:00,-4.396256,0.0,0.011519999999999999,False,False,False,0.011519999999999999,0.011519999999999999,False,False,0.017929999999999998,-0.006409999999999999,True,low_bin_residual_mad
2023-10-23 12:18:00,-4.4532433,0.0,0.011519999999999999,False,False,False,0.011519999999999999,0.011519999999999999,False,False,0.017929999999999998,-0.006409999999999999,True,low_bin_residual_mad
2023-10-23 12:22:00,-4.352779,0.0,0.008960000000000001,False,False,False,0.008960000000000001,0.008960000000000001,False,False,0.017929999999999998,-0.008969999999999997,True,low_bin_residual_mad
2023-10-23 12:27:00,-4.3599834,0.0,0.011519999999999999,False,False,False,0.011519999999999999,0.011519999999999999,False,False,0.017929999999999998,-0.006409999999999999,True,low_bin_residual_mad
2023-10-23 12:35:00,-4.4410424,0.0,0.0064,False,False,False,0.0064,0.0064,False,False,0.017929999999999998,-0.011529999999999999,True,low_bin_residual_mad
2023-10-23 13:00:00,-4.1096506,0.0,0.00128,False,False,False,0.00128,0.00128,False,False,0.017929999999999998,-0.016649999999999998,True,low_bin_residual_mad
2023-10-23 13:01:00,-4.2226853,0.0,0.01409,False,False,False,0.01409,0.01409,False,False,0.017929999999999998,-0.003839999999999998,True,low_bin_residual_mad
2023-10-23 13:06:00,-4.0501018,0.0,0.00128,False,False,False,0.00128,0.00128,False,False,0.017929999999999998,-0.016649999999999998,True,low_bin_residual_mad
2023-10-23 13:07:00,-4.2816167,0.0,0.007679999999999999,False,False,False,0.007679999999999999,0.007679999999999999,False,False,0.017929999999999998,-0.010249999999999999,True,low_bin_residual_mad
2023-10-23 13:09:00,-4.0958614,0.0,0.011519999999999999,False,False,False,0.011519999999999999,0.011519999999999999,False,False,0.017929999999999998,-0.006409999999999999,True,low_bin_residual_mad
2023-10-23 13:12:00,-4.3859158,0.0,0.00256,False,False,False,0.00256,0.00256,False,False,0.017929999999999998,-0.015369999999999998,True,low_bin_residual_mad
2023-10-23 13:15:00,-4.2580023,0.0,0.008960000000000001,False,False,False,0.008960000000000001,0.008960000000000001,False,False,0.017929999999999998,-0.008969999999999997,True,low_bin_residual_mad
2023-10-23 13:20:00,-4.163163,0.0,0.0064,False,False,False,0.0064,0.0064,False,False,0.017929999999999998,-0.011529999999999999,True,low_bin_residual_mad
2023-10-23 13:23:00,-4.1558995,0.0,0.011519999999999999,False,False,False,0.011519999999999999,0.011519999999999999,False,False,0.017929999999999998,-0.006409999999999999,True,low_bin_residual_mad
2023-10-23 15:17:00,1.1821337,1.1821337,3.4047800000000006,False,False,False,3.4047800000000006,2.2226463000000005,False,False,3.402708759098615,-1.1800624590986146,True,low_bin_residual_mad
2023-10-23 15:23:00,1.2800945,1.2800945,3.58535,False,False,False,3.58535,2.3052555000000003,False,False,3.575357881651942,-1.2701023816519417,True,low_bin_residual_mad
2023-10-23 15:24:00,1.1778866,1.1778866,3.7671699999999992,False,False,False,3.7671699999999992,2.5892833999999993,False,False,3.7512055665176502,-1.161922166517651,True,low_bin_residual_mad
2023-10-24 09:37:00,0.0,0.0,3.07826,False,False,False,3.07826,3.07826,False,False,3.0779423116883122,0.0003176883116879914,True,low_bin_residual_mad
2023-10-24 09:46:00,0.0,0.0,3.074419999999999,False,False,False,3.074419999999999,3.074419999999999,False,False,3.0741437422577413,0.0002762577422577017,True,low_bin_residual_mad
2023-10-24 09:47:00,0.0,0.0,3.0577900000000002,False,False,False,3.0577900000000002,3.0577900000000002,False,False,3.0576931668331673,9.683316683295473e-05,True,low_bin_residual_mad
2023-10-24 09:48:00,0.0,0.0,3.07315,False,False,False,3.07315,3.07315,False,False,3.0728874445554446,0.00026255544455544566,True,low_bin_residual_mad
2023-10-24 10:00:00,0.0,0.0,3.0744600000000006,False,False,False,3.0744600000000006,3.0744600000000006,False,False,3.0741833106893113,0.00027668931068935976,True,low_bin_residual_mad
2023-10-24 10:21:00,-4.41143,0.0,0.017920000000000002,False,False,False,0.017920000000000002,0.017920000000000002,False,False,0.017929999999999998,-9.999999999996123e-06,True,low_bin_residual_mad
2023-10-24 10:37:00,-4.2457027,0.0,0.00256,False,False,False,0.00256,0.00256,False,False,0.017929999999999998,-0.015369999999999998,True,low_bin_residual_mad
2023-10-24 10:44:00,-4.211013,0.0,0.01024,False,False,False,0.01024,0.01024,False,False,0.017929999999999998,-0.007689999999999997,True,low_bin_residual_mad
2023-10-24 12:17:00,-4.187172,0.0,0.00128,False,False,False,0.00128,0.00128,False,False,0.017929999999999998,-0.016649999999999998,True,low_bin_residual_mad
2023-10-24 12:18:00,-4.1882606,0.0,0.01537,False,False,False,0.01537,0.01537,False,False,0.017929999999999998,-0.002559999999999998,True,low_bin_residual_mad
2023-10-24 12:22:00,-4.23517,0.0,0.0064,False,False,False,0.0064,0.0064,False,False,0.017929999999999998,-0.011529999999999999,True,low_bin_residual_mad
2023-10-24 12:29:00,-4.0760818,0.0,0.014080000000000002,False,False,False,0.014080000000000002,0.014080000000000002,False,False,0.017929999999999998,-0.003849999999999996,True,low_bin_residual_mad
2023-10-24 12:35:00,-3.943857,0.0,0.01024,False,False,False,0.01024,0.01024,False,False,0.017929999999999998,-0.007689999999999997,True,low_bin_residual_mad
2023-10-24 12:49:00,-4.1820803,0.0,0.011519999999999999,False,False,False,0.011519999999999999,0.011519999999999999,False,False,0.017929999999999998,-0.006409999999999999,True,low_bin_residual_mad
2023-10-24 13:08:00,-4.109232,0.0,8.999999999999999e-05,False,False,False,8.999999999999999e-05,8.999999999999999e-05,False,False,0.017929999999999998,-0.017839999999999998,True,low_bin_residual_mad
2023-10-24 13:09:00,-4.25083,0.0,8.999999999999999e-05,False,False,False,8.999999999999999e-05,8.999999999999999e-05,False,False,0.017929999999999998,-0.017839999999999998,True,low_bin_residual_mad
2023-10-24 13:10:00,-4.192025,0.0,8.999999999999999e-05,False,False,False,8.999999999999999e-05,8.999999999999999e-05,False,False,0.017929999999999998,-0.017839999999999998,True,low_bin_residual_mad
2023-10-24 13:11:00,-4.1815305,0.0,8.999999999999999e-05,False,False,False,8.999999999999999e-05,8.999999999999999e-05,False,False,0.017929999999999998,-0.017839999999999998,True,low_bin_residual_mad
2023-10-24 13:12:00,-4.161008,0.0,7.000000000000001e-05,False,False,False,7.000000000000001e-05,7.000000000000001e-05,False,False,0.017929999999999998,-0.017859999999999997,True,low_bin_residual_mad
2023-10-24 13:13:00,-4.2065616,0.0,2.9999999999999997e-05,False,False,False,2.9999999999999997e-05,2.9999999999999997e-05,False,False,0.017929999999999998,-0.0179,True,low_bin_residual_mad
2023-10-24 13:14:00,-4.2839594,0.0,5.9999999999999995e-05,False,False,False,5.9999999999999995e-05,5.9999999999999995e-05,False,False,0.017929999999999998,-0.017869999999999997,True,low_bin_residual_mad
2023-10-24 13:21:00,-4.0602093,0.0,7.000000000000001e-05,False,False,False,7.000000000000001e-05,7.000000000000001e-05,False,False,0.017929999999999998,-0.017859999999999997,True,low_bin_residual_mad
2023-10-24 13:22:00,-4.035303,0.0,5.9999999999999995e-05,False,False,False,5.9999999999999995e-05,5.9999999999999995e-05,False,False,0.017929999999999998,-0.017869999999999997,True,low_bin_residual_mad
2023-10-24 13:23:00,-4.1351824,0.0,8e-05,False,False,False,8e-05,8e-05,False,False,0.017929999999999998,-0.017849999999999998,True,low_bin_residual_mad
2023-10-24 13:24:00,-4.134691,0.0,5.9999999999999995e-05,False,False,False,5.9999999999999995e-05,5.9999999999999995e-05,False,False,0.017929999999999998,-0.017869999999999997,True,low_bin_residual_mad
2023-10-24 13:25:00,-4.1713905,0.0,5.9999999999999995e-05,False,False,False,5.9999999999999995e-05,5.9999999999999995e-05,False,False,0.017929999999999998,-0.017869999999999997,True,low_bin_residual_mad
2023-10-24 13:26:00,-4.13528,0.0,5e-05,False,False,False,5e-05,5e-05,False,False,0.017929999999999998,-0.017879999999999997,True,low_bin_residual_mad
2023-10-24 13:27:00,-4.241041,0.0,5.9999999999999995e-05,False,False,False,5.9999999999999995e-05,5.9999999999999995e-05,False,False,0.017929999999999998,-0.017869999999999997,True,low_bin_residual_mad
2023-10-24 13:28:00,-4.0929084,0.0,7.000000000000001e-05,False,False,False,7.000000000000001e-05,7.000000000000001e-05,False,False,0.017929999999999998,-0.017859999999999997,True,low_bin_residual_mad
2023-10-24 13:29:00,-4.1468954,0.0,8.999999999999999e-05,False,False,False,8.999999999999999e-05,8.999999999999999e-05,False,False,0.017929999999999998,-0.017839999999999998,True,low_bin_residual_mad
2023-10-24 13:30:00,-4.138145,0.0,8.999999999999999e-05,False,False,False,8.999999999999999e-05,8.999999999999999e-05,False,False,0.017929999999999998,-0.017839999999999998,True,low_bin_residual_mad
2023-10-24 13:41:00,-4.1341834,0.0,1e-05,False,False,False,1e-05,1e-05,False,False,0.017929999999999998,-0.01792,True,low_bin_residual_mad
2023-10-24 13:46:00,-4.146728,0.0,4e-05,False,False,False,4e-05,4e-05,False,False,0.017929999999999998,-0.01789,True,low_bin_residual_mad
2023-10-24 13:47:00,-4.060082,0.0,2.9999999999999997e-05,False,False,False,2.9999999999999997e-05,2.9999999999999997e-05,False,False,0.017929999999999998,-0.0179,True,low_bin_residual_mad
2023-10-24 13:49:00,-4.0633693,0.0,1e-05,False,False,False,1e-05,1e-05,False,False,0.017929999999999998,-0.01792,True,low_bin_residual_mad
2023-10-24 13:51:00,-3.96855,0.0,5.9999999999999995e-05,False,False,False,5.9999999999999995e-05,5.9999999999999995e-05,False,False,0.017929999999999998,-0.017869999999999997,True,low_bin_residual_mad
2023-10-24 13:52:00,-4.073798,0.0,5.9999999999999995e-05,False,False,False,5.9999999999999995e-05,5.9999999999999995e-05,False,False,0.017929999999999998,-0.017869999999999997,True,low_bin_residual_mad
2023-10-24 13:54:00,-4.129862,0.0,8.999999999999999e-05,False,False,False,8.999999999999999e-05,8.999999999999999e-05,False,False,0.017929999999999998,-0.017839999999999998,True,low_bin_residual_mad
2023-10-24 13:55:00,-4.2343574,0.0,7.000000000000001e-05,False,False,False,7.000000000000001e-05,7.000000000000001e-05,False,False,0.017929999999999998,-0.017859999999999997,True,low_bin_residual_mad
2023-10-24 13:56:00,-4.1068687,0.0,7.000000000000001e-05,False,False,False,7.000000000000001e-05,7.000000000000001e-05,False,False,0.017929999999999998,-0.017859999999999997,True,low_bin_residual_mad
2023-10-24 13:57:00,-4.135174,0.0,7.000000000000001e-05,False,False,False,7.000000000000001e-05,7.000000000000001e-05,False,False,0.017929999999999998,-0.017859999999999997,True,low_bin_residual_mad
2023-10-24 13:58:00,-4.0979223,0.0,4e-05,False,False,False,4e-05,4e-05,False,False,0.017929999999999998,-0.01789,True,low_bin_residual_mad
2023-10-24 14:02:00,-4.1875086,0.0,5e-05,False,False,False,5e-05,5e-05,False,False,0.017929999999999998,-0.017879999999999997,True,low_bin_residual_mad
2023-10-24 14:27:00,-4.096258,0.0,5.9999999999999995e-05,False,False,False,5.9999999999999995e-05,5.9999999999999995e-05,False,False,0.017929999999999998,-0.017869999999999997,True,low_bin_residual_mad
2023-10-24 14:28:00,-4.065628,0.0,8.999999999999999e-05,False,False,False,8.999999999999999e-05,8.999999999999999e-05,False,False,0.017929999999999998,-0.017839999999999998,True,low_bin_residual_mad
2023-10-24 14:29:00,-4.1026745,0.0,5e-05,False,False,False,5e-05,5e-05,False,False,0.017929999999999998,-0.017879999999999997,True,low_bin_residual_mad
2023-10-24 14:30:00,-4.0938797,0.0,5e-05,False,False,False,5e-05,5e-05,False,False,0.017929999999999998,-0.017879999999999997,True,low_bin_residual_mad
2023-10-24 14:31:00,-4.0942087,0.0,5.9999999999999995e-05,False,False,False,5.9999999999999995e-05,5.9999999999999995e-05,False,False,0.017929999999999998,-0.017869999999999997,True,low_bin_residual_mad
2023-10-24 14:32:00,-4.1011786,0.0,1e-05,False,False,False,1e-05,1e-05,False,False,0.017929999999999998,-0.01792,True,low_bin_residual_mad
2023-10-24 14:34:00,-4.092114,0.0,1e-05,False,False,False,1e-05,1e-05,False,False,0.017929999999999998,-0.01792,True,low_bin_residual_mad
2023-10-24 14:38:00,-4.1154194,0.0,2.9999999999999997e-05,False,False,False,2.9999999999999997e-05,2.9999999999999997e-05,False,False,0.017929999999999998,-0.0179,True,low_bin_residual_mad
2023-10-24 14:53:00,-4.107254,0.0,7.000000000000001e-05,False,False,False,7.000000000000001e-05,7.000000000000001e-05,False,False,0.017929999999999998,-0.017859999999999997,True,low_bin_residual_mad
2023-10-24 14:55:00,-4.2050457,0.0,5.9999999999999995e-05,False,False,False,5.9999999999999995e-05,5.9999999999999995e-05,False,False,0.017929999999999998,-0.017869999999999997,True,low_bin_residual_mad
2023-10-24 14:56:00,-4.098602,0.0,7.000000000000001e-05,False,False,False,7.000000000000001e-05,7.000000000000001e-05,False,False,0.017929999999999998,-0.017859999999999997,True,low_bin_residual_mad
2023-10-24 14:58:00,-4.2241564,0.0,1e-05,False,False,False,1e-05,1e-05,False,False,0.017929999999999998,-0.01792,True,low_bin_residual_mad
2023-10-24 14:59:00,-4.0967493,0.0,2e-05,False,False,False,2e-05,2e-05,False,False,0.017929999999999998,-0.01791,True,low_bin_residual_mad
2023-10-24 15:01:00,-4.0755405,0.0,7.000000000000001e-05,False,False,False,7.000000000000001e-05,7.000000000000001e-05,False,False,0.017929999999999998,-0.017859999999999997,True,low_bin_residual_mad
2023-10-24 15:03:00,-4.0581126,0.0,5e-05,False,False,False,5e-05,5e-05,False,False,0.017929999999999998,-0.017879999999999997,True,low_bin_residual_mad
2023-10-24 15:04:00,-4.149998,0.0,8.999999999999999e-05,False,False,False,8.999999999999999e-05,8.999999999999999e-05,False,False,0.017929999999999998,-0.017839999999999998,True,low_bin_residual_mad
2023-10-24 15:05:00,-4.1046705,0.0,1e-05,False,False,False,1e-05,1e-05,False,False,0.017929999999999998,-0.01792,True,low_bin_residual_mad
2023-10-24 15:07:00,-4.04607,0.0,5.9999999999999995e-05,False,False,False,5.9999999999999995e-05,5.9999999999999995e-05,False,False,0.017929999999999998,-0.017869999999999997,True,low_bin_residual_mad
2023-10-24 15:08:00,-4.030755,0.0,7.000000000000001e-05,False,False,False,7.000000000000001e-05,7.000000000000001e-05,False,False,0.017929999999999998,-0.017859999999999997,True,low_bin_residual_mad
2023-10-24 15:10:00,-4.0384808,0.0,5e-05,False,False,False,5e-05,5e-05,False,False,0.017929999999999998,-0.017879999999999997,True,low_bin_residual_mad
2023-10-24 15:11:00,-4.0134926,0.0,1e-05,False,False,False,1e-05,1e-05,False,False,0.017929999999999998,-0.01792,True,low_bin_residual_mad
2023-10-24 15:13:00,-4.028169,0.0,2.9999999999999997e-05,False,False,False,2.9999999999999997e-05,2.9999999999999997e-05,False,False,0.017929999999999998,-0.0179,True,low_bin_residual_mad
2023-10-24 15:14:00,-4.1761136,0.0,5.9999999999999995e-05,False,False,False,5.9999999999999995e-05,5.9999999999999995e-05,False,False,0.017929999999999998,-0.017869999999999997,True,low_bin_residual_mad
2023-10-24 15:15:00,-4.237044,0.0,4e-05,False,False,False,4e-05,4e-05,False,False,0.017929999999999998,-0.01789,True,low_bin_residual_mad
2023-10-24 15:17:00,-4.066181,0.0,7.000000000000001e-05,False,False,False,7.000000000000001e-05,7.000000000000001e-05,False,False,0.017929999999999998,-0.017859999999999997,True,low_bin_residual_mad
2023-10-24 15:19:00,-4.2472095,0.0,7.000000000000001e-05,False,False,False,7.000000000000001e-05,7.000000000000001e-05,False,False,0.017929999999999998,-0.017859999999999997,True,low_bin_residual_mad
2023-10-24 15:21:00,-4.078882,0.0,7.000000000000001e-05,False,False,False,7.000000000000001e-05,7.000000000000001e-05,False,False,0.017929999999999998,-0.017859999999999997,True,low_bin_residual_mad
2023-10-24 15:24:00,-3.9734912,0.0,4e-05,False,False,False,4e-05,4e-05,False,False,0.017929999999999998,-0.01789,True,low_bin_residual_mad
2023-10-24 15:26:00,-4.0846562,0.0,8.999999999999999e-05,False,False,False,8.999999999999999e-05,8.999999999999999e-05,False,False,0.017929999999999998,-0.017839999999999998,True,low_bin_residual_mad
2023-10-24 15:28:00,-4.112603,0.0,7.000000000000001e-05,False,False,False,7.000000000000001e-05,7.000000000000001e-05,False,False,0.017929999999999998,-0.017859999999999997,True,low_bin_residual_mad
2023-10-24 15:30:00,-4.177064,0.0,8.999999999999999e-05,False,False,False,8.999999999999999e-05,8.999999999999999e-05,False,False,0.017929999999999998,-0.017839999999999998,True,low_bin_residual_mad
2023-10-24 15:32:00,-4.115927,0.0,7.000000000000001e-05,False,False,False,7.000000000000001e-05,7.000000000000001e-05,False,False,0.017929999999999998,-0.017859999999999997,True,low_bin_residual_mad
2023-10-24 15:34:00,-4.053797,0.0,5e-05,False,False,False,5e-05,5e-05,False,False,0.017929999999999998,-0.017879999999999997,True,low_bin_residual_mad
2023-10-24 15:35:00,-4.1450214,0.0,5e-05,False,False,False,5e-05,5e-05,False,False,0.017929999999999998,-0.017879999999999997,True,low_bin_residual_mad
2023-10-24 15:59:00,-4.2145963,0.0,7.000000000000001e-05,False,False,False,7.000000000000001e-05,7.000000000000001e-05,False,False,0.017929999999999998,-0.017859999999999997,True,low_bin_residual_mad
2023-10-24 16:01:00,-4.240926,0.0,5e-05,False,False,False,5e-05,5e-05,False,False,0.017929999999999998,-0.017879999999999997,True,low_bin_residual_mad
2023-10-24 16:02:00,-4.0927987,0.0,5e-05,False,False,False,5e-05,5e-05,False,False,0.017929999999999998,-0.017879999999999997,True,low_bin_residual_mad
2023-10-24 16:03:00,-4.246578,0.0,8.999999999999999e-05,False,False,False,8.999999999999999e-05,8.999999999999999e-05,False,False,0.017929999999999998,-0.017839999999999998,True,low_bin_residual_mad
2023-10-24 16:06:00,-4.4288683,0.0,1e-05,False,False,False,1e-05,1e-05,False,False,0.017929999999999998,-0.01792,True,low_bin_residual_mad
2023-10-24 16:18:00,-4.2285285,0.0,0.008960000000000001,False,False,False,0.008960000000000001,0.008960000000000001,False,False,0.017929999999999998,-0.008969999999999997,True,low_bin_residual_mad
2023-10-24 16:26:00,-4.249282,0.0,0.00134,False,False,False,0.00134,0.00134,False,False,0.017929999999999998,-0.016589999999999997,True,low_bin_residual_mad
2023-10-24 17:11:00,1.2277665,1.2277665,3.3353299999999995,False,False,False,3.3353299999999995,2.1075634999999995,False,False,3.3346941302421733,-1.2271306302421738,True,low_bin_residual_mad
2023-10-24 17:12:00,1.7428746,1.7428746,3.638340000000001,False,False,False,3.638340000000001,1.8954654000000009,False,False,3.6281083542223143,-1.7326429542223134,True,low_bin_residual_mad
2023-10-24 17:13:00,2.0100787,2.0100787,4.046329999999998,False,False,False,4.046329999999998,2.036251299999998,False,False,4.006369291172329,-1.970117991172331,True,low_bin_residual_mad
2023-10-24 17:14:00,2.1046772,2.1046772,4.0562499999999995,False,False,False,4.0562499999999995,1.9515727999999997,False,False,3.981386675730879,-2.0298138757308792,True,low_bin_residual_mad
2023-10-24 17:15:00,1.5826148,1.5826148,3.8099499999999997,False,False,False,3.8099499999999997,2.2273351999999997,False,False,3.7906288500077077,-1.563293650007708,True,low_bin_residual_mad
2023-10-24 17:16:00,1.8245804,1.8245804,3.902579999999999,False,False,False,3.902579999999999,2.077999599999999,False,False,3.8757882604953617,-1.7977886604953626,True,low_bin_residual_mad
2023-10-24 17:18:00,3.4350016,3.4350016,4.91326,False,False,False,4.91326,1.4782584,False,False,3.183182140960685,-1.7049237409606848,True,low_bin_residual_mad
2023-10-24 17:19:00,3.8789825,3.8789825,5.08649,False,False,False,5.08649,1.2075075000000002,False,False,3.211174025281756,-2.003666525281756,True,low_bin_residual_mad
2023-10-24 21:57:00,1.2379293,1.2379293,3.9793,False,False,False,3.9793,2.7413707,False,False,3.9458023687914747,-1.2044316687914747,True,low_bin_residual_mad
2023-10-24 22:14:00,0.5775014,0.5775014,3.9148599999999996,False,False,False,3.9148599999999996,3.3373585999999995,False,False,3.8870606827962133,-0.5497020827962138,True,low_bin_residual_mad
2023-10-24 22:21:00,0.0,0.0,3.062910000000001,False,False,False,3.062910000000001,3.062910000000001,False,False,3.062757926073927,0.0001520739260740811,True,low_bin_residual_mad
2023-10-24 22:40:00,-0.6707419,0.0,2.803819999999999,False,False,False,2.803819999999999,2.803819999999999,False,False,2.8036112389132657,0.0002087610867334,True,low_bin_residual_mad
2023-10-24 22:43:00,0.0,0.0,3.0995899999999996,False,False,False,3.0995899999999996,3.0995899999999996,False,False,3.0990421778221777,0.0005478221778218995,True,low_bin_residual_mad
2023-10-24 22:46:00,0.58042383,0.58042383,3.5627299999999993,False,False,False,3.5627299999999993,2.9823061699999993,False,False,3.552840129443189,-0.5705339594431895,True,low_bin_residual_mad
2023-10-24 22:54:00,0.0,0.0,3.0731400000000013,False,False,False,3.0731400000000013,3.0731400000000013,False,False,3.072877552447554,0.0002624475524473091,True,low_bin_residual_mad
2023-10-25 00:59:00,-4.7298822,0.0,0.011519999999999999,False,False,False,0.011519999999999999,0.011519999999999999,False,False,0.017929999999999998,-0.006409999999999999,True,low_bin_residual_mad
2023-10-25 01:05:00,-4.381588,0.0,0.011519999999999999,False,False,False,0.011519999999999999,0.011519999999999999,False,False,0.017929999999999998,-0.006409999999999999,True,low_bin_residual_mad
2023-10-25 01:17:00,-4.637174,0.0,0.0064,False,False,False,0.0064,0.0064,False,False,0.017929999999999998,-0.011529999999999999,True,low_bin_residual_mad
2023-10-25 01:18:00,-4.693839,0.0,0.01537,False,False,False,0.01537,0.01537,False,False,0.017929999999999998,-0.002559999999999998,True,low_bin_residual_mad
2023-10-25 01:39:00,-4.7266517,0.0,0.01024,False,False,False,0.01024,0.01024,False,False,0.017929999999999998,-0.007689999999999997,True,low_bin_residual_mad
2023-10-25 02:13:00,-4.2781024,0.0,0.0064,False,False,False,0.0064,0.0064,False,False,0.017929999999999998,-0.011529999999999999,True,low_bin_residual_mad
2023-10-25 02:15:00,-4.39776,0.0,0.008960000000000001,False,False,False,0.008960000000000001,0.008960000000000001,False,False,0.017929999999999998,-0.008969999999999997,True,low_bin_residual_mad
2023-10-25 02:19:00,-4.5778785,0.0,0.01537,False,False,False,0.01537,0.01537,False,False,0.017929999999999998,-0.002559999999999998,True,low_bin_residual_mad
2023-10-25 11:24:00,-4.1104593,0.0,8e-05,False,False,False,8e-05,8e-05,False,False,0.017929999999999998,-0.017849999999999998,True,low_bin_residual_mad
2023-10-25 11:28:00,-4.2485213,0.0,4e-05,False,False,False,4e-05,4e-05,False,False,0.017929999999999998,-0.01789,True,low_bin_residual_mad
2023-10-25 11:30:00,-3.7507062,0.0,8.999999999999999e-05,False,False,False,8.999999999999999e-05,8.999999999999999e-05,False,False,0.017929999999999998,-0.017839999999999998,True,low_bin_residual_mad
2023-10-25 11:32:00,-4.119125,0.0,7.000000000000001e-05,False,False,False,7.000000000000001e-05,7.000000000000001e-05,False,False,0.017929999999999998,-0.017859999999999997,True,low_bin_residual_mad
2023-10-25 11:34:00,-4.251725,0.0,8e-05,False,False,False,8e-05,8e-05,False,False,0.017929999999999998,-0.017849999999999998,True,low_bin_residual_mad
2023-10-25 11:36:00,-4.304976,0.0,5e-05,False,False,False,5e-05,5e-05,False,False,0.017929999999999998,-0.017879999999999997,True,low_bin_residual_mad
2023-10-25 11:37:00,-4.1725535,0.0,5.9999999999999995e-05,False,False,False,5.9999999999999995e-05,5.9999999999999995e-05,False,False,0.017929999999999998,-0.017869999999999997,True,low_bin_residual_mad
2023-10-25 11:38:00,-4.093872,0.0,5.9999999999999995e-05,False,False,False,5.9999999999999995e-05,5.9999999999999995e-05,False,False,0.017929999999999998,-0.017869999999999997,True,low_bin_residual_mad
2023-10-25 11:42:00,-4.137221,0.0,4e-05,False,False,False,4e-05,4e-05,False,False,0.017929999999999998,-0.01789,True,low_bin_residual_mad
2023-10-25 11:45:00,-4.278575,0.0,5e-05,False,False,False,5e-05,5e-05,False,False,0.017929999999999998,-0.017879999999999997,True,low_bin_residual_mad
2023-10-25 11:56:00,-4.2077513,0.0,4e-05,False,False,False,4e-05,4e-05,False,False,0.017929999999999998,-0.01789,True,low_bin_residual_mad
2023-10-25 11:58:00,-4.252182,0.0,8e-05,False,False,False,8e-05,8e-05,False,False,0.017929999999999998,-0.017849999999999998,True,low_bin_residual_mad
2023-10-25 11:59:00,-4.2173033,0.0,2.9999999999999997e-05,False,False,False,2.9999999999999997e-05,2.9999999999999997e-05,False,False,0.017929999999999998,-0.0179,True,low_bin_residual_mad
2023-10-25 12:00:00,-4.287155,0.0,5.9999999999999995e-05,False,False,False,5.9999999999999995e-05,5.9999999999999995e-05,False,False,0.017929999999999998,-0.017869999999999997,True,low_bin_residual_mad
2023-10-25 12:01:00,-4.4340487,0.0,8e-05,False,False,False,8e-05,8e-05,False,False,0.017929999999999998,-0.017849999999999998,True,low_bin_residual_mad
2023-10-25 12:02:00,-4.0862393,0.0,5.9999999999999995e-05,False,False,False,5.9999999999999995e-05,5.9999999999999995e-05,False,False,0.017929999999999998,-0.017869999999999997,True,low_bin_residual_mad
2023-10-25 12:03:00,-4.163583,0.0,2.9999999999999997e-05,False,False,False,2.9999999999999997e-05,2.9999999999999997e-05,False,False,0.017929999999999998,-0.0179,True,low_bin_residual_mad
2023-10-25 12:04:00,-4.0941935,0.0,8e-05,False,False,False,8e-05,8e-05,False,False,0.017929999999999998,-0.017849999999999998,True,low_bin_residual_mad
2023-10-25 12:05:00,-4.2767572,0.0,7.000000000000001e-05,False,False,False,7.000000000000001e-05,7.000000000000001e-05,False,False,0.017929999999999998,-0.017859999999999997,True,low_bin_residual_mad
2023-10-25 12:06:00,-4.0078063,0.0,2.9999999999999997e-05,False,False,False,2.9999999999999997e-05,2.9999999999999997e-05,False,False,0.017929999999999998,-0.0179,True,low_bin_residual_mad
2023-10-25 12:07:00,-4.25379,0.0,8.999999999999999e-05,False,False,False,8.999999999999999e-05,8.999999999999999e-05,False,False,0.017929999999999998,-0.017839999999999998,True,low_bin_residual_mad
2023-10-25 12:10:00,-4.339505,0.0,7.000000000000001e-05,False,False,False,7.000000000000001e-05,7.000000000000001e-05,False,False,0.017929999999999998,-0.017859999999999997,True,low_bin_residual_mad
2023-10-25 12:11:00,-4.160854,0.0,8e-05,False,False,False,8e-05,8e-05,False,False,0.017929999999999998,-0.017849999999999998,True,low_bin_residual_mad
2023-10-25 12:12:00,-4.2297225,0.0,5.9999999999999995e-05,False,False,False,5.9999999999999995e-05,5.9999999999999995e-05,False,False,0.017929999999999998,-0.017869999999999997,True,low_bin_residual_mad
2023-10-25 12:13:00,-4.163826,0.0,8e-05,False,False,False,8e-05,8e-05,False,False,0.017929999999999998,-0.017849999999999998,True,low_bin_residual_mad
2023-10-25 12:14:00,-4.17852,0.0,5e-05,False,False,False,5e-05,5e-05,False,False,0.017929999999999998,-0.017879999999999997,True,low_bin_residual_mad
2023-10-25 12:15:00,-4.1993513,0.0,7.000000000000001e-05,False,False,False,7.000000000000001e-05,7.000000000000001e-05,False,False,0.017929999999999998,-0.017859999999999997,True,low_bin_residual_mad
2023-10-25 12:16:00,-4.1525826,0.0,5.9999999999999995e-05,False,False,False,5.9999999999999995e-05,5.9999999999999995e-05,False,False,0.017929999999999998,-0.017869999999999997,True,low_bin_residual_mad
2023-10-25 12:18:00,-4.2438087,0.0,4e-05,False,False,False,4e-05,4e-05,False,False,0.017929999999999998,-0.01789,True,low_bin_residual_mad
2023-10-25 12:20:00,-4.2725496,0.0,0.0001,False,False,False,0.0001,0.0001,False,False,0.017929999999999998,-0.01783,True,low_bin_residual_mad
2023-10-25 12:21:00,-4.2813177,0.0,7.000000000000001e-05,False,False,False,7.000000000000001e-05,7.000000000000001e-05,False,False,0.017929999999999998,-0.017859999999999997,True,low_bin_residual_mad
2023-10-25 12:22:00,-4.1784973,0.0,8e-05,False,False,False,8e-05,8e-05,False,False,0.017929999999999998,-0.017849999999999998,True,low_bin_residual_mad
2023-10-25 12:23:00,-4.1727858,0.0,8.999999999999999e-05,False,False,False,8.999999999999999e-05,8.999999999999999e-05,False,False,0.017929999999999998,-0.017839999999999998,True,low_bin_residual_mad
2023-10-25 12:24:00,-4.455553,0.0,8e-05,False,False,False,8e-05,8e-05,False,False,0.017929999999999998,-0.017849999999999998,True,low_bin_residual_mad
2023-10-25 12:25:00,-4.5227394,0.0,0.0001,False,False,False,0.0001,0.0001,False,False,0.017929999999999998,-0.01783,True,low_bin_residual_mad
2023-10-25 12:26:00,-3.9487865,0.0,8.999999999999999e-05,False,False,False,8.999999999999999e-05,8.999999999999999e-05,False,False,0.017929999999999998,-0.017839999999999998,True,low_bin_residual_mad
2023-10-25 12:27:00,-4.1543436,0.0,2.9999999999999997e-05,False,False,False,2.9999999999999997e-05,2.9999999999999997e-05,False,False,0.017929999999999998,-0.0179,True,low_bin_residual_mad
2023-10-25 12:28:00,-4.078388,0.0,8.999999999999999e-05,False,False,False,8.999999999999999e-05,8.999999999999999e-05,False,False,0.017929999999999998,-0.017839999999999998,True,low_bin_residual_mad
2023-10-25 12:31:00,-4.1600275,0.0,1e-05,False,False,False,1e-05,1e-05,False,False,0.017929999999999998,-0.01792,True,low_bin_residual_mad
2023-10-25 12:32:00,-4.050332,0.0,7.000000000000001e-05,False,False,False,7.000000000000001e-05,7.000000000000001e-05,False,False,0.017929999999999998,-0.017859999999999997,True,low_bin_residual_mad
2023-10-25 12:33:00,-4.135851,0.0,8e-05,False,False,False,8e-05,8e-05,False,False,0.017929999999999998,-0.017849999999999998,True,low_bin_residual_mad
2023-10-25 12:34:00,-4.2196937,0.0,8.999999999999999e-05,False,False,False,8.999999999999999e-05,8.999999999999999e-05,False,False,0.017929999999999998,-0.017839999999999998,True,low_bin_residual_mad
2023-10-25 12:35:00,-4.1438723,0.0,7.000000000000001e-05,False,False,False,7.000000000000001e-05,7.000000000000001e-05,False,False,0.017929999999999998,-0.017859999999999997,True,low_bin_residual_mad
2023-10-25 12:36:00,-4.146493,0.0,5e-05,False,False,False,5e-05,5e-05,False,False,0.017929999999999998,-0.017879999999999997,True,low_bin_residual_mad
2023-10-25 12:37:00,-4.167037,0.0,4e-05,False,False,False,4e-05,4e-05,False,False,0.017929999999999998,-0.01789,True,low_bin_residual_mad
2023-10-25 12:38:00,-4.1184616,0.0,4e-05,False,False,False,4e-05,4e-05,False,False,0.017929999999999998,-0.01789,True,low_bin_residual_mad
2023-10-25 12:46:00,-4.165222,0.0,1e-05,False,False,False,1e-05,1e-05,False,False,0.017929999999999998,-0.01792,True,low_bin_residual_mad
2023-10-25 12:51:00,-4.234924,0.0,4e-05,False,False,False,4e-05,4e-05,False,False,0.017929999999999998,-0.01789,True,low_bin_residual_mad
2023-10-25 12:52:00,-4.266282,0.0,5.9999999999999995e-05,False,False,False,5.9999999999999995e-05,5.9999999999999995e-05,False,False,0.017929999999999998,-0.017869999999999997,True,low_bin_residual_mad
2023-10-25 12:53:00,-4.1574693,0.0,0.0001,False,False,False,0.0001,0.0001,False,False,0.017929999999999998,-0.01783,True,low_bin_residual_mad
2023-10-25 12:55:00,-4.1485457,0.0,8e-05,False,False,False,8e-05,8e-05,False,False,0.017929999999999998,-0.017849999999999998,True,low_bin_residual_mad
2023-10-25 12:56:00,-4.2552423,0.0,8e-05,False,False,False,8e-05,8e-05,False,False,0.017929999999999998,-0.017849999999999998,True,low_bin_residual_mad
2023-10-25 12:57:00,-4.226077,0.0,5.9999999999999995e-05,False,False,False,5.9999999999999995e-05,5.9999999999999995e-05,False,False,0.017929999999999998,-0.017869999999999997,True,low_bin_residual_mad
2023-10-25 12:58:00,-4.294735,0.0,0.0001,False,False,False,0.0001,0.0001,False,False,0.017929999999999998,-0.01783,True,low_bin_residual_mad
2023-10-25 12:59:00,-4.2545156,0.0,8.999999999999999e-05,False,False,False,8.999999999999999e-05,8.999999999999999e-05,False,False,0.017929999999999998,-0.017839999999999998,True,low_bin_residual_mad
2023-10-25 13:01:00,-4.152912,0.0,2.9999999999999997e-05,False,False,False,2.9999999999999997e-05,2.9999999999999997e-05,False,False,0.017929999999999998,-0.0179,True,low_bin_residual_mad
2023-10-25 13:10:00,-4.0651217,0.0,7.000000000000001e-05,False,False,False,7.000000000000001e-05,7.000000000000001e-05,False,False,0.017929999999999998,-0.017859999999999997,True,low_bin_residual_mad
2023-10-25 13:13:00,-4.207446,0.0,8e-05,False,False,False,8e-05,8e-05,False,False,0.017929999999999998,-0.017849999999999998,True,low_bin_residual_mad
2023-10-25 13:14:00,-4.029824,0.0,0.0001,False,False,False,0.0001,0.0001,False,False,0.017929999999999998,-0.01783,True,low_bin_residual_mad
2023-10-25 13:15:00,-4.131791,0.0,8e-05,False,False,False,8e-05,8e-05,False,False,0.017929999999999998,-0.017849999999999998,True,low_bin_residual_mad
2023-10-25 13:16:00,-4.059581,0.0,4e-05,False,False,False,4e-05,4e-05,False,False,0.017929999999999998,-0.01789,True,low_bin_residual_mad
2023-10-25 13:17:00,-4.021123,0.0,0.0001,False,False,False,0.0001,0.0001,False,False,0.017929999999999998,-0.01783,True,low_bin_residual_mad
2023-10-25 13:18:00,-4.047971,0.0,5e-05,False,False,False,5e-05,5e-05,False,False,0.017929999999999998,-0.017879999999999997,True,low_bin_residual_mad
2023-10-25 13:19:00,-4.06129,0.0,5.9999999999999995e-05,False,False,False,5.9999999999999995e-05,5.9999999999999995e-05,False,False,0.017929999999999998,-0.017869999999999997,True,low_bin_residual_mad
2023-10-25 13:20:00,-4.049642,0.0,8e-05,False,False,False,8e-05,8e-05,False,False,0.017929999999999998,-0.017849999999999998,True,low_bin_residual_mad
2023-10-25 13:21:00,-4.1147094,0.0,4e-05,False,False,False,4e-05,4e-05,False,False,0.017929999999999998,-0.01789,True,low_bin_residual_mad
2023-10-25 13:22:00,-4.1615286,0.0,5.9999999999999995e-05,False,False,False,5.9999999999999995e-05,5.9999999999999995e-05,False,False,0.017929999999999998,-0.017869999999999997,True,low_bin_residual_mad
2023-10-25 13:23:00,-4.121997,0.0,7.000000000000001e-05,False,False,False,7.000000000000001e-05,7.000000000000001e-05,False,False,0.017929999999999998,-0.017859999999999997,True,low_bin_residual_mad
2023-10-25 13:24:00,-4.0630064,0.0,4e-05,False,False,False,4e-05,4e-05,False,False,0.017929999999999998,-0.01789,True,low_bin_residual_mad
2023-10-25 13:25:00,-4.056378,0.0,4e-05,False,False,False,4e-05,4e-05,False,False,0.017929999999999998,-0.01789,True,low_bin_residual_mad
2023-10-25 13:26:00,-4.0667386,0.0,5e-05,False,False,False,5e-05,5e-05,False,False,0.017929999999999998,-0.017879999999999997,True,low_bin_residual_mad
2023-10-25 13:27:00,-4.0020456,0.0,4e-05,False,False,False,4e-05,4e-05,False,False,0.017929999999999998,-0.01789,True,low_bin_residual_mad
2023-10-25 13:28:00,-4.0303335,0.0,0.0001,False,False,False,0.0001,0.0001,False,False,0.017929999999999998,-0.01783,True,low_bin_residual_mad
2023-10-25 13:29:00,-4.0385838,0.0,0.0001,False,False,False,0.0001,0.0001,False,False,0.017929999999999998,-0.01783,True,low_bin_residual_mad
2023-10-25 13:30:00,-4.1419487,0.0,2.9999999999999997e-05,False,False,False,2.9999999999999997e-05,2.9999999999999997e-05,False,False,0.017929999999999998,-0.0179,True,low_bin_residual_mad
2023-10-25 13:31:00,-4.0409307,0.0,0.0001,False,False,False,0.0001,0.0001,False,False,0.017929999999999998,-0.01783,True,low_bin_residual_mad
2023-10-25 13:34:00,-4.100878,0.0,8e-05,False,False,False,8e-05,8e-05,False,False,0.017929999999999998,-0.017849999999999998,True,low_bin_residual_mad
2023-10-25 13:35:00,-4.123704,0.0,8e-05,False,False,False,8e-05,8e-05,False,False,0.017929999999999998,-0.017849999999999998,True,low_bin_residual_mad
2023-10-25 13:43:00,-4.043343,0.0,2.9999999999999997e-05,False,False,False,2.9999999999999997e-05,2.9999999999999997e-05,False,False,0.017929999999999998,-0.0179,True,low_bin_residual_mad
2023-10-25 13:48:00,-4.1652613,0.0,4e-05,False,False,False,4e-05,4e-05,False,False,0.017929999999999998,-0.01789,True,low_bin_residual_mad
2023-10-25 13:51:00,-4.043392,0.0,8e-05,False,False,False,8e-05,8e-05,False,False,0.017929999999999998,-0.017849999999999998,True,low_bin_residual_mad
2023-10-25 13:52:00,-4.042082,0.0,0.0001,False,False,False,0.0001,0.0001,False,False,0.017929999999999998,-0.01783,True,low_bin_residual_mad
2023-10-25 13:55:00,-4.2102776,0.0,0.0001,False,False,False,0.0001,0.0001,False,False,0.017929999999999998,-0.01783,True,low_bin_residual_mad
2023-10-25 13:56:00,-4.098103,0.0,8e-05,False,False,False,8e-05,8e-05,False,False,0.017929999999999998,-0.017849999999999998,True,low_bin_residual_mad
2023-10-25 13:57:00,-4.1254005,0.0,8e-05,False,False,False,8e-05,8e-05,False,False,0.017929999999999998,-0.017849999999999998,True,low_bin_residual_mad
2023-10-25 13:58:00,-4.040474,0.0,8e-05,False,False,False,8e-05,8e-05,False,False,0.017929999999999998,-0.017849999999999998,True,low_bin_residual_mad
2023-10-25 13:59:00,-4.052088,0.0,5e-05,False,False,False,5e-05,5e-05,False,False,0.017929999999999998,-0.017879999999999997,True,low_bin_residual_mad
2023-10-25 14:00:00,-4.0428467,0.0,5.9999999999999995e-05,False,False,False,5.9999999999999995e-05,5.9999999999999995e-05,False,False,0.017929999999999998,-0.017869999999999997,True,low_bin_residual_mad
2023-10-25 14:01:00,-4.058405,0.0,8e-05,False,False,False,8e-05,8e-05,False,False,0.017929999999999998,-0.017849999999999998,True,low_bin_residual_mad
2023-10-25 14:02:00,-4.1182976,0.0,8e-05,False,False,False,8e-05,8e-05,False,False,0.017929999999999998,-0.017849999999999998,True,low_bin_residual_mad
2023-10-25 14:03:00,-4.0975337,0.0,2.9999999999999997e-05,False,False,False,2.9999999999999997e-05,2.9999999999999997e-05,False,False,0.017929999999999998,-0.0179,True,low_bin_residual_mad
2023-10-25 14:04:00,-4.121891,0.0,7.000000000000001e-05,False,False,False,7.000000000000001e-05,7.000000000000001e-05,False,False,0.017929999999999998,-0.017859999999999997,True,low_bin_residual_mad
2023-10-25 14:05:00,-4.109503,0.0,5e-05,False,False,False,5e-05,5e-05,False,False,0.017929999999999998,-0.017879999999999997,True,low_bin_residual_mad
2023-10-25 14:06:00,-4.15769,0.0,5.9999999999999995e-05,False,False,False,5.9999999999999995e-05,5.9999999999999995e-05,False,False,0.017929999999999998,-0.017869999999999997,True,low_bin_residual_mad
2023-10-25 14:07:00,-4.063146,0.0,1e-05,False,False,False,1e-05,1e-05,False,False,0.017929999999999998,-0.01792,True,low_bin_residual_mad
2023-10-25 14:08:00,-4.1286097,0.0,8.999999999999999e-05,False,False,False,8.999999999999999e-05,8.999999999999999e-05,False,False,0.017929999999999998,-0.017839999999999998,True,low_bin_residual_mad
2023-10-25 14:09:00,-4.0970793,0.0,0.0001,False,False,False,0.0001,0.0001,False,False,0.017929999999999998,-0.01783,True,low_bin_residual_mad
2023-10-25 14:10:00,-4.1891446,0.0,7.000000000000001e-05,False,False,False,7.000000000000001e-05,7.000000000000001e-05,False,False,0.017929999999999998,-0.017859999999999997,True,low_bin_residual_mad
2023-10-25 14:11:00,-4.16636,0.0,5.9999999999999995e-05,False,False,False,5.9999999999999995e-05,5.9999999999999995e-05,False,False,0.017929999999999998,-0.017869999999999997,True,low_bin_residual_mad
2023-10-25 14:12:00,-4.140771,0.0,5.9999999999999995e-05,False,False,False,5.9999999999999995e-05,5.9999999999999995e-05,False,False,0.017929999999999998,-0.017869999999999997,True,low_bin_residual_mad
2023-10-25 14:13:00,-4.157872,0.0,0.0001,False,False,False,0.0001,0.0001,False,False,0.017929999999999998,-0.01783,True,low_bin_residual_mad
2023-10-25 14:14:00,-4.159007,0.0,7.000000000000001e-05,False,False,False,7.000000000000001e-05,7.000000000000001e-05,False,False,0.017929999999999998,-0.017859999999999997,True,low_bin_residual_mad
2023-10-25 14:16:00,-4.151104,0.0,8e-05,False,False,False,8e-05,8e-05,False,False,0.017929999999999998,-0.017849999999999998,True,low_bin_residual_mad
2023-10-25 14:17:00,-4.0857882,0.0,0.0001,False,False,False,0.0001,0.0001,False,False,0.017929999999999998,-0.01783,True,low_bin_residual_mad
2023-10-25 14:18:00,-4.1341,0.0,5.9999999999999995e-05,False,False,False,5.9999999999999995e-05,5.9999999999999995e-05,False,False,0.017929999999999998,-0.017869999999999997,True,low_bin_residual_mad
2023-10-25 14:19:00,-4.1935635,0.0,8.999999999999999e-05,False,False,False,8.999999999999999e-05,8.999999999999999e-05,False,False,0.017929999999999998,-0.017839999999999998,True,low_bin_residual_mad
2023-10-25 14:20:00,-4.110051,0.0,1e-05,False,False,False,1e-05,1e-05,False,False,0.017929999999999998,-0.01792,True,low_bin_residual_mad
2023-10-25 14:21:00,-4.181203,0.0,4e-05,False,False,False,4e-05,4e-05,False,False,0.017929999999999998,-0.01789,True,low_bin_residual_mad
2023-10-25 14:22:00,-4.1441946,0.0,0.0001,False,False,False,0.0001,0.0001,False,False,0.017929999999999998,-0.01783,True,low_bin_residual_mad
2023-10-25 14:23:00,-4.137203,0.0,5.9999999999999995e-05,False,False,False,5.9999999999999995e-05,5.9999999999999995e-05,False,False,0.017929999999999998,-0.017869999999999997,True,low_bin_residual_mad
2023-10-25 14:24:00,-4.1319838,0.0,4e-05,False,False,False,4e-05,4e-05,False,False,0.017929999999999998,-0.01789,True,low_bin_residual_mad
2023-10-25 14:25:00,-4.066374,0.0,5.9999999999999995e-05,False,False,False,5.9999999999999995e-05,5.9999999999999995e-05,False,False,0.017929999999999998,-0.017869999999999997,True,low_bin_residual_mad
2023-10-25 14:26:00,-4.040608,0.0,5.9999999999999995e-05,False,False,False,5.9999999999999995e-05,5.9999999999999995e-05,False,False,0.017929999999999998,-0.017869999999999997,True,low_bin_residual_mad
2023-10-25 14:27:00,-4.0329494,0.0,1e-05,False,False,False,1e-05,1e-05,False,False,0.017929999999999998,-0.01792,True,low_bin_residual_mad
2023-10-25 14:28:00,-4.0643134,0.0,0.0001,False,False,False,0.0001,0.0001,False,False,0.017929999999999998,-0.01783,True,low_bin_residual_mad
2023-10-25 14:29:00,-4.138624,0.0,8e-05,False,False,False,8e-05,8e-05,False,False,0.017929999999999998,-0.017849999999999998,True,low_bin_residual_mad
2023-10-25 14:30:00,-4.0954785,0.0,8e-05,False,False,False,8e-05,8e-05,False,False,0.017929999999999998,-0.017849999999999998,True,low_bin_residual_mad
2023-10-25 14:31:00,-4.178108,0.0,7.000000000000001e-05,False,False,False,7.000000000000001e-05,7.000000000000001e-05,False,False,0.017929999999999998,-0.017859999999999997,True,low_bin_residual_mad
2023-10-25 14:33:00,-4.138913,0.0,5.9999999999999995e-05,False,False,False,5.9999999999999995e-05,5.9999999999999995e-05,False,False,0.017929999999999998,-0.017869999999999997,True,low_bin_residual_mad
2023-10-25 14:34:00,-4.1679497,0.0,5.9999999999999995e-05,False,False,False,5.9999999999999995e-05,5.9999999999999995e-05,False,False,0.017929999999999998,-0.017869999999999997,True,low_bin_residual_mad
2023-10-25 14:37:00,-4.085752,0.0,5.9999999999999995e-05,False,False,False,5.9999999999999995e-05,5.9999999999999995e-05,False,False,0.017929999999999998,-0.017869999999999997,True,low_bin_residual_mad
2023-10-25 14:38:00,-4.0765057,0.0,7.000000000000001e-05,False,False,False,7.000000000000001e-05,7.000000000000001e-05,False,False,0.017929999999999998,-0.017859999999999997,True,low_bin_residual_mad
2023-10-25 14:39:00,-4.0879116,0.0,4e-05,False,False,False,4e-05,4e-05,False,False,0.017929999999999998,-0.01789,True,low_bin_residual_mad
2023-10-25 14:42:00,-4.0959377,0.0,1e-05,False,False,False,1e-05,1e-05,False,False,0.017929999999999998,-0.01792,True,low_bin_residual_mad
2023-10-25 14:44:00,-4.096321,0.0,2.9999999999999997e-05,False,False,False,2.9999999999999997e-05,2.9999999999999997e-05,False,False,0.017929999999999998,-0.0179,True,low_bin_residual_mad
2023-10-25 14:51:00,-4.249471,0.0,8e-05,False,False,False,8e-05,8e-05,False,False,0.017929999999999998,-0.017849999999999998,True,low_bin_residual_mad
2023-10-25 14:52:00,-4.189198,0.0,7.000000000000001e-05,False,False,False,7.000000000000001e-05,7.000000000000001e-05,False,False,0.017929999999999998,-0.017859999999999997,True,low_bin_residual_mad
2023-10-25 14:53:00,-4.1536846,0.0,8.999999999999999e-05,False,False,False,8.999999999999999e-05,8.999999999999999e-05,False,False,0.017929999999999998,-0.017839999999999998,True,low_bin_residual_mad
2023-10-25 14:54:00,-4.1282635,0.0,8e-05,False,False,False,8e-05,8e-05,False,False,0.017929999999999998,-0.017849999999999998,True,low_bin_residual_mad
2023-10-25 14:57:00,-4.1784897,0.0,7.000000000000001e-05,False,False,False,7.000000000000001e-05,7.000000000000001e-05,False,False,0.017929999999999998,-0.017859999999999997,True,low_bin_residual_mad
2023-10-25 14:58:00,-4.067654,0.0,5.9999999999999995e-05,False,False,False,5.9999999999999995e-05,5.9999999999999995e-05,False,False,0.017929999999999998,-0.017869999999999997,True,low_bin_residual_mad
2023-10-25 14:59:00,-4.075056,0.0,7.000000000000001e-05,False,False,False,7.000000000000001e-05,7.000000000000001e-05,False,False,0.017929999999999998,-0.017859999999999997,True,low_bin_residual_mad
2023-10-25 15:00:00,-4.228198,0.0,0.0001,False,False,False,0.0001,0.0001,False,False,0.017929999999999998,-0.01783,True,low_bin_residual_mad
2023-10-25 15:03:00,-4.096461,0.0,0.0001,False,False,False,0.0001,0.0001,False,False,0.017929999999999998,-0.01783,True,low_bin_residual_mad
2023-10-25 15:12:00,-3.9816113,0.0,0.0077800000000000005,False,False,False,0.0077800000000000005,0.0077800000000000005,False,False,0.017929999999999998,-0.010149999999999998,True,low_bin_residual_mad
2023-10-25 15:15:00,-4.117839,0.0,0.011600000000000001,False,False,False,0.011600000000000001,0.011600000000000001,False,False,0.017929999999999998,-0.006329999999999997,True,low_bin_residual_mad
2023-10-25 15:16:00,-4.0102687,0.0,5e-05,False,False,False,5e-05,5e-05,False,False,0.017929999999999998,-0.017879999999999997,True,low_bin_residual_mad
2023-10-25 15:18:00,-4.007658,0.0,8e-05,False,False,False,8e-05,8e-05,False,False,0.017929999999999998,-0.017849999999999998,True,low_bin_residual_mad
2023-10-25 15:19:00,-3.9725204,0.0,2.9999999999999997e-05,False,False,False,2.9999999999999997e-05,2.9999999999999997e-05,False,False,0.017929999999999998,-0.0179,True,low_bin_residual_mad
2023-10-25 15:22:00,-4.1617317,0.0,0.0077399999999999995,False,False,False,0.0077399999999999995,0.0077399999999999995,False,False,0.017929999999999998,-0.010189999999999998,True,low_bin_residual_mad
2023-10-25 15:24:00,-3.9671957,0.0,0.0039,False,False,False,0.0039,0.0039,False,False,0.017929999999999998,-0.014029999999999997,True,low_bin_residual_mad
2023-10-25 15:25:00,-3.8897495,0.0,0.016720000000000002,False,False,False,0.016720000000000002,0.016720000000000002,False,False,0.017929999999999998,-0.0012099999999999958,True,low_bin_residual_mad
2023-10-25 15:33:00,-4.1313868,0.0,8e-05,False,False,False,8e-05,8e-05,False,False,0.017929999999999998,-0.017849999999999998,True,low_bin_residual_mad
2023-10-25 15:34:00,-4.16644,0.0,4e-05,False,False,False,4e-05,4e-05,False,False,0.017929999999999998,-0.01789,True,low_bin_residual_mad
2023-10-25 15:35:00,-4.2919188,0.0,8e-05,False,False,False,8e-05,8e-05,False,False,0.017929999999999998,-0.017849999999999998,True,low_bin_residual_mad
2023-10-25 15:37:00,-4.3422003,0.0,1e-05,False,False,False,1e-05,1e-05,False,False,0.017929999999999998,-0.01792,True,low_bin_residual_mad
2023-10-25 15:38:00,-4.172969,0.0,1e-05,False,False,False,1e-05,1e-05,False,False,0.017929999999999998,-0.01792,True,low_bin_residual_mad
2023-10-25 16:08:00,-4.3928657,0.0,0.00515,False,False,False,0.00515,0.00515,False,False,0.017929999999999998,-0.012779999999999998,True,low_bin_residual_mad
2023-10-25 16:09:00,-4.288409,0.0,0.0064,False,False,False,0.0064,0.0064,False,False,0.017929999999999998,-0.011529999999999999,True,low_bin_residual_mad
2023-10-25 16:10:00,-4.2732472,0.0,0.00128,False,False,False,0.00128,0.00128,False,False,0.017929999999999998,-0.016649999999999998,True,low_bin_residual_mad
2023-10-25 16:11:00,-4.4044113,0.0,0.008960000000000001,False,False,False,0.008960000000000001,0.008960000000000001,False,False,0.017929999999999998,-0.008969999999999997,True,low_bin_residual_mad
2023-10-25 16:12:00,-4.420814,0.0,0.01024,False,False,False,0.01024,0.01024,False,False,0.017929999999999998,-0.007689999999999997,True,low_bin_residual_mad
2023-10-25 16:13:00,-4.3564196,0.0,2.9999999999999997e-05,False,False,False,2.9999999999999997e-05,2.9999999999999997e-05,False,False,0.017929999999999998,-0.0179,True,low_bin_residual_mad
2023-10-25 16:17:00,-4.266465,0.0,8e-05,False,False,False,8e-05,8e-05,False,False,0.017929999999999998,-0.017849999999999998,True,low_bin_residual_mad
2023-10-25 16:20:00,-4.091443,0.0,0.0001,False,False,False,0.0001,0.0001,False,False,0.017929999999999998,-0.01783,True,low_bin_residual_mad
2023-10-25 16:21:00,-4.065036,0.0,0.0001,False,False,False,0.0001,0.0001,False,False,0.017929999999999998,-0.01783,True,low_bin_residual_mad
2023-10-25 16:23:00,-4.105787,0.0,8e-05,False,False,False,8e-05,8e-05,False,False,0.017929999999999998,-0.017849999999999998,True,low_bin_residual_mad
2023-10-25 16:24:00,-4.071174,0.0,4e-05,False,False,False,4e-05,4e-05,False,False,0.017929999999999998,-0.01789,True,low_bin_residual_mad
2023-10-25 16:25:00,-4.177165,0.0,5e-05,False,False,False,5e-05,5e-05,False,False,0.017929999999999998,-0.017879999999999997,True,low_bin_residual_mad
2023-10-25 16:26:00,-4.130396,0.0,7.000000000000001e-05,False,False,False,7.000000000000001e-05,7.000000000000001e-05,False,False,0.017929999999999998,-0.017859999999999997,True,low_bin_residual_mad
2023-10-25 16:27:00,-4.2091293,0.0,0.0001,False,False,False,0.0001,0.0001,False,False,0.017929999999999998,-0.01783,True,low_bin_residual_mad
2023-10-25 16:28:00,-4.1426044,0.0,8e-05,False,False,False,8e-05,8e-05,False,False,0.017929999999999998,-0.017849999999999998,True,low_bin_residual_mad
2023-10-25 16:29:00,-4.1663055,0.0,8e-05,False,False,False,8e-05,8e-05,False,False,0.017929999999999998,-0.017849999999999998,True,low_bin_residual_mad
2023-10-25 16:31:00,-4.355638,0.0,5.9999999999999995e-05,False,False,False,5.9999999999999995e-05,5.9999999999999995e-05,False,False,0.017929999999999998,-0.017869999999999997,True,low_bin_residual_mad
2023-10-25 16:32:00,-4.114284,0.0,4e-05,False,False,False,4e-05,4e-05,False,False,0.017929999999999998,-0.01789,True,low_bin_residual_mad
2023-10-25 16:33:00,-4.214679,0.0,8.999999999999999e-05,False,False,False,8.999999999999999e-05,8.999999999999999e-05,False,False,0.017929999999999998,-0.017839999999999998,True,low_bin_residual_mad
2023-10-25 16:34:00,-4.0705767,0.0,5.9999999999999995e-05,False,False,False,5.9999999999999995e-05,5.9999999999999995e-05,False,False,0.017929999999999998,-0.017869999999999997,True,low_bin_residual_mad
2023-10-25 16:35:00,-4.25025,0.0,5.9999999999999995e-05,False,False,False,5.9999999999999995e-05,5.9999999999999995e-05,False,False,0.017929999999999998,-0.017869999999999997,True,low_bin_residual_mad
2023-10-25 16:36:00,-4.257311,0.0,8e-05,False,False,False,8e-05,8e-05,False,False,0.017929999999999998,-0.017849999999999998,True,low_bin_residual_mad
2023-10-25 16:37:00,-4.236562,0.0,7.000000000000001e-05,False,False,False,7.000000000000001e-05,7.000000000000001e-05,False,False,0.017929999999999998,-0.017859999999999997,True,low_bin_residual_mad
2023-10-25 16:41:00,-4.188369,0.0,5.9999999999999995e-05,False,False,False,5.9999999999999995e-05,5.9999999999999995e-05,False,False,0.017929999999999998,-0.017869999999999997,True,low_bin_residual_mad
2023-10-25 16:42:00,-4.1174154,0.0,5.9999999999999995e-05,False,False,False,5.9999999999999995e-05,5.9999999999999995e-05,False,False,0.017929999999999998,-0.017869999999999997,True,low_bin_residual_mad
2023-10-25 16:47:00,-4.2355146,0.0,4e-05,False,False,False,4e-05,4e-05,False,False,0.017929999999999998,-0.01789,True,low_bin_residual_mad
2023-10-25 16:53:00,-4.2823324,0.0,1e-05,False,False,False,1e-05,1e-05,False,False,0.017929999999999998,-0.01792,True,low_bin_residual_mad
2023-10-25 16:54:00,-4.226084,0.0,0.0001,False,False,False,0.0001,0.0001,False,False,0.017929999999999998,-0.01783,True,low_bin_residual_mad
2023-10-25 16:55:00,-4.129135,0.0,0.0001,False,False,False,0.0001,0.0001,False,False,0.017929999999999998,-0.01783,True,low_bin_residual_mad
2023-10-25 16:56:00,-4.245304,0.0,0.00394,False,False,False,0.00394,0.00394,False,False,0.017929999999999998,-0.013989999999999999,True,low_bin_residual_mad
2023-10-25 17:24:00,-4.1460376,0.0,0.00128,False,False,False,0.00128,0.00128,False,False,0.017929999999999998,-0.016649999999999998,True,low_bin_residual_mad
2023-10-25 17:25:00,-4.2598686,0.0,0.00128,False,False,False,0.00128,0.00128,False,False,0.017929999999999998,-0.016649999999999998,True,low_bin_residual_mad
2023-10-25 17:26:00,-4.209526,0.0,0.00778,False,False,False,0.00778,0.00778,False,False,0.017929999999999998,-0.01015,True,low_bin_residual_mad
2023-10-25 17:33:00,-4.664859,0.0,0.01672,False,False,False,0.01672,0.01672,False,False,0.017929999999999998,-0.0012099999999999993,True,low_bin_residual_mad
2023-10-25 17:38:00,-4.577404,0.0,0.0051600000000000005,False,False,False,0.0051600000000000005,0.0051600000000000005,False,False,0.017929999999999998,-0.012769999999999997,True,low_bin_residual_mad
2023-10-25 17:39:00,-4.6637654,0.0,0.0038399999999999997,False,False,False,0.0038399999999999997,0.0038399999999999997,False,False,0.017929999999999998,-0.014089999999999998,True,low_bin_residual_mad
2023-10-25 17:42:00,-4.602208,0.0,0.01537,False,False,False,0.01537,0.01537,False,False,0.017929999999999998,-0.002559999999999998,True,low_bin_residual_mad
2023-10-25 17:43:00,-4.8262367,0.0,0.0064,False,False,False,0.0064,0.0064,False,False,0.017929999999999998,-0.011529999999999999,True,low_bin_residual_mad
2023-10-25 17:48:00,-4.5193434,0.0,4e-05,False,False,False,4e-05,4e-05,False,False,0.017929999999999998,-0.01789,True,low_bin_residual_mad
2023-10-25 17:49:00,-4.5517607,0.0,0.0001,False,False,False,0.0001,0.0001,False,False,0.017929999999999998,-0.01783,True,low_bin_residual_mad
2023-10-25 17:50:00,-4.584569,0.0,7.000000000000001e-05,False,False,False,7.000000000000001e-05,7.000000000000001e-05,False,False,0.017929999999999998,-0.017859999999999997,True,low_bin_residual_mad
2023-10-25 17:51:00,-4.640909,0.0,0.0001,False,False,False,0.0001,0.0001,False,False,0.017929999999999998,-0.01783,True,low_bin_residual_mad
2023-10-25 17:56:00,-4.420243,0.0,7.000000000000001e-05,False,False,False,7.000000000000001e-05,7.000000000000001e-05,False,False,0.017929999999999998,-0.017859999999999997,True,low_bin_residual_mad
2023-10-25 17:57:00,-4.41208,0.0,0.0001,False,False,False,0.0001,0.0001,False,False,0.017929999999999998,-0.01783,True,low_bin_residual_mad
2023-10-25 17:58:00,-4.510256,0.0,0.0001,False,False,False,0.0001,0.0001,False,False,0.017929999999999998,-0.01783,True,low_bin_residual_mad
2023-10-25 17:59:00,-4.621593,0.0,8e-05,False,False,False,8e-05,8e-05,False,False,0.017929999999999998,-0.017849999999999998,True,low_bin_residual_mad
2023-10-25 18:00:00,-4.7254553,0.0,8e-05,False,False,False,8e-05,8e-05,False,False,0.017929999999999998,-0.017849999999999998,True,low_bin_residual_mad
2023-10-25 18:03:00,-4.6668253,0.0,0.01537,False,False,False,0.01537,0.01537,False,False,0.017929999999999998,-0.002559999999999998,True,low_bin_residual_mad
2023-10-25 18:05:00,-4.732544,0.0,0.00512,False,False,False,0.00512,0.00512,False,False,0.017929999999999998,-0.012809999999999998,True,low_bin_residual_mad
2023-10-26 03:14:00,3.350414,3.350414,4.82952,False,False,False,4.82952,1.4791059999999998,False,False,3.1585154193929705,-1.6794094193929707,True,low_bin_residual_mad
2023-10-26 03:22:00,1.9974649,1.9974649,4.031350000000001,False,False,False,4.031350000000001,2.033885100000001,False,False,3.9928336728333007,-1.9589485728332998,True,low_bin_residual_mad
2023-10-26 03:23:00,1.7817771,1.7817771,3.87561,False,False,False,3.87561,2.0938328999999998,False,False,3.851031157119633,-1.7571982571196334,True,low_bin_residual_mad
2023-10-26 03:24:00,1.4807639,1.4807639,3.5703699999999996,False,False,False,3.5703699999999996,2.0896060999999997,False,False,3.560445594822273,-1.4708394948222732,True,low_bin_residual_mad
2023-10-26 03:25:00,1.4164667,1.4164667,3.5508000000000006,False,False,False,3.5508000000000006,2.1343333000000007,False,False,3.5409640558865845,-1.4066307558865838,True,low_bin_residual_mad
2023-10-26 03:26:00,1.3560975,1.3560975,3.38814,False,False,False,3.38814,2.0320425,False,False,3.386557390068801,-1.3545148900688009,True,low_bin_residual_mad
2023-10-26 03:28:00,0.5891326,0.5891326,2.7624499999999994,False,False,False,2.7624499999999994,2.1733173999999993,False,False,2.76207515638129,-0.5887577563812907,True,low_bin_residual_mad
2023-10-26 03:36:00,0.0,0.0,2.8157600000000005,False,False,False,2.8157600000000005,2.8157600000000005,False,False,2.8155991728129965,0.00016082718700394238,True,low_bin_residual_mad
2023-10-26 03:37:00,0.0,0.0,2.8084899999999995,False,False,False,2.8084899999999995,2.8084899999999995,False,False,2.8082999869293244,0.0001900130706751213,True,low_bin_residual_mad
2023-10-26 03:41:00,0.67532396,0.67532396,2.97325,False,False,False,2.97325,2.29792604,False,False,2.973238648790747,-0.6753126087907471,True,low_bin_residual_mad
2023-10-26 03:42:00,0.5850104,0.5850104,3.03047,False,False,False,3.03047,2.4454596000000004,False,False,3.0304672442541687,-0.5850076442541683,True,low_bin_residual_mad
2023-10-26 03:43:00,1.3263248,1.3263248,3.10215,False,False,False,3.10215,1.7758251999999999,False,False,3.1015745574425577,-1.3257493574425578,True,low_bin_residual_mad
2023-10-26 03:45:00,1.4691366,1.4691366,3.3049199999999996,False,False,False,3.3049199999999996,1.8357833999999997,False,False,3.3039024335499114,-1.4681190335499117,True,low_bin_residual_mad
2023-10-26 03:46:00,1.4556836,1.4556836,3.40694,False,False,False,3.40694,1.9512564000000001,False,False,3.404805331039985,-1.4535489310399847,True,low_bin_residual_mad
2023-10-26 03:47:00,1.444416,1.444416,3.5285999999999995,False,False,False,3.5285999999999995,2.0841839999999996,False,False,3.520120264441205,-1.4359362644412053,True,low_bin_residual_mad
2023-10-26 03:48:00,1.6456397,1.6456397,3.503,False,False,False,3.503,1.8573603,False,False,3.496175364737822,-1.6388150647378221,True,low_bin_residual_mad
2023-10-26 03:49:00,1.5620428,1.5620428,3.5123300000000004,False,False,False,3.5123300000000004,1.9502872000000004,False,False,3.504902158262532,-1.5546149582625315,True,low_bin_residual_mad
2023-10-26 03:50:00,1.6680422,1.6680422,3.52177,False,False,False,3.52177,1.8537278000000001,False,False,3.5137318400281545,-1.6600040400281544,True,low_bin_residual_mad
2023-10-26 03:51:00,1.6223907,1.6223907,3.78469,False,False,False,3.78469,2.1622993,False,False,3.767350866348081,-1.6050515663480809,True,low_bin_residual_mad
2023-10-26 03:54:00,3.309885,3.309885,4.680579999999999,False,False,False,4.680579999999999,1.370694999999999,False,False,3.1121310025913265,-1.7414360025913274,True,low_bin_residual_mad
2023-10-26 03:55:00,3.918002,3.918002,5.277710000000001,False,False,False,5.277710000000001,1.3597080000000008,False,False,3.243836233848275,-1.884128233848274,True,low_bin_residual_mad
2023-10-26 08:38:00,0.59453464,0.59453464,3.8286200000000004,False,False,False,3.8286200000000004,3.2340853600000004,False,False,3.807833915523355,-0.5737485555233546,True,low_bin_residual_mad
2023-10-26 08:50:00,0.0,0.0,2.8170399999999995,False,False,False,2.8170399999999995,2.8170399999999995,False,False,2.8168843114555124,0.00015568854448710923,True,low_bin_residual_mad
2023-10-26 08:51:00,0.0,0.0,3.09366,False,False,False,3.09366,3.09366,False,False,3.0931761578421577,0.00048384215784214035,True,low_bin_residual_mad
2023-10-26 08:57:00,0.6586191,0.6586191,3.9707899999999996,False,False,False,3.9707899999999996,3.3121708999999995,False,False,3.9381129087070184,-0.6259420087070189,True,low_bin_residual_mad
2023-10-26 08:59:00,1.3386732,1.3386732,3.8717400000000004,False,False,False,3.8717400000000004,2.5330668000000003,False,False,3.8474786917854074,-1.314411891785407,True,low_bin_residual_mad
2023-10-26 15:12:00,0.0,0.0,3.0903000000000005,False,False,False,3.0903000000000005,3.0903000000000005,False,False,3.08985240959041,0.00044759040959041485,True,low_bin_residual_mad
2023-10-26 15:15:00,0.0,0.0,3.0770999999999993,False,False,False,3.0770999999999993,3.0770999999999993,False,False,3.0767948271728267,0.0003051728271725729,True,low_bin_residual_mad
2023-10-26 15:30:00,-4.619326,0.0,0.016640000000000002,False,False,False,0.016640000000000002,0.016640000000000002,False,False,0.017929999999999998,-0.001289999999999996,True,low_bin_residual_mad
2023-10-26 15:32:00,-4.506716,0.0,8.999999999999999e-05,False,False,False,8.999999999999999e-05,8.999999999999999e-05,False,False,0.017929999999999998,-0.017839999999999998,True,low_bin_residual_mad
2023-10-26 15:33:00,-4.4477186,0.0,8.999999999999999e-05,False,False,False,8.999999999999999e-05,8.999999999999999e-05,False,False,0.017929999999999998,-0.017839999999999998,True,low_bin_residual_mad
2023-10-26 15:34:00,-4.5330567,0.0,8.999999999999999e-05,False,False,False,8.999999999999999e-05,8.999999999999999e-05,False,False,0.017929999999999998,-0.017839999999999998,True,low_bin_residual_mad
2023-10-26 15:36:00,-4.493514,0.0,8.999999999999999e-05,False,False,False,8.999999999999999e-05,8.999999999999999e-05,False,False,0.017929999999999998,-0.017839999999999998,True,low_bin_residual_mad
2023-10-26 15:37:00,-4.582164,0.0,5.9999999999999995e-05,False,False,False,5.9999999999999995e-05,5.9999999999999995e-05,False,False,0.017929999999999998,-0.017869999999999997,True,low_bin_residual_mad
2023-10-26 15:38:00,-4.4369593,0.0,5.9999999999999995e-05,False,False,False,5.9999999999999995e-05,5.9999999999999995e-05,False,False,0.017929999999999998,-0.017869999999999997,True,low_bin_residual_mad
2023-10-26 15:39:00,-4.4112673,0.0,8.999999999999999e-05,False,False,False,8.999999999999999e-05,8.999999999999999e-05,False,False,0.017929999999999998,-0.017839999999999998,True,low_bin_residual_mad
2023-10-26 15:40:00,-4.303382,0.0,7.000000000000001e-05,False,False,False,7.000000000000001e-05,7.000000000000001e-05,False,False,0.017929999999999998,-0.017859999999999997,True,low_bin_residual_mad
2023-10-26 15:41:00,-4.519033,0.0,1e-05,False,False,False,1e-05,1e-05,False,False,0.017929999999999998,-0.01792,True,low_bin_residual_mad
2023-10-26 15:42:00,-4.4092064,0.0,8.999999999999999e-05,False,False,False,8.999999999999999e-05,8.999999999999999e-05,False,False,0.017929999999999998,-0.017839999999999998,True,low_bin_residual_mad
2023-10-26 15:43:00,-4.264758,0.0,2e-05,False,False,False,2e-05,2e-05,False,False,0.017929999999999998,-0.01791,True,low_bin_residual_mad
2023-10-26 15:44:00,-4.4495244,0.0,5.9999999999999995e-05,False,False,False,5.9999999999999995e-05,5.9999999999999995e-05,False,False,0.017929999999999998,-0.017869999999999997,True,low_bin_residual_mad
2023-10-26 15:46:00,-4.311316,0.0,8e-05,False,False,False,8e-05,8e-05,False,False,0.017929999999999998,-0.017849999999999998,True,low_bin_residual_mad
2023-10-26 15:48:00,-4.3704624,0.0,1e-05,False,False,False,1e-05,1e-05,False,False,0.017929999999999998,-0.01792,True,low_bin_residual_mad
2023-10-26 15:52:00,-4.404568,0.0,2e-05,False,False,False,2e-05,2e-05,False,False,0.017929999999999998,-0.01791,True,low_bin_residual_mad
2023-10-26 15:53:00,-4.3980556,0.0,0.01158,False,False,False,0.01158,0.01158,False,False,0.017929999999999998,-0.006349999999999998,True,low_bin_residual_mad
2023-10-26 15:54:00,-4.399218,0.0,5e-05,False,False,False,5e-05,5e-05,False,False,0.017929999999999998,-0.017879999999999997,True,low_bin_residual_mad
2023-10-26 15:55:00,-4.456895,0.0,4e-05,False,False,False,4e-05,4e-05,False,False,0.017929999999999998,-0.01789,True,low_bin_residual_mad
2023-10-26 15:56:00,-4.492576,0.0,5e-05,False,False,False,5e-05,5e-05,False,False,0.017929999999999998,-0.017879999999999997,True,low_bin_residual_mad
2023-10-26 15:57:00,-4.494675,0.0,5.9999999999999995e-05,False,False,False,5.9999999999999995e-05,5.9999999999999995e-05,False,False,0.017929999999999998,-0.017869999999999997,True,low_bin_residual_mad
2023-10-26 15:59:00,-4.6087976,0.0,8.999999999999999e-05,False,False,False,8.999999999999999e-05,8.999999999999999e-05,False,False,0.017929999999999998,-0.017839999999999998,True,low_bin_residual_mad
2023-10-26 16:00:00,-4.579297,0.0,5e-05,False,False,False,5e-05,5e-05,False,False,0.017929999999999998,-0.017879999999999997,True,low_bin_residual_mad
2023-10-26 16:01:00,-4.6481085,0.0,8.999999999999999e-05,False,False,False,8.999999999999999e-05,8.999999999999999e-05,False,False,0.017929999999999998,-0.017839999999999998,True,low_bin_residual_mad
2023-10-26 16:02:00,-4.648721,0.0,7.000000000000001e-05,False,False,False,7.000000000000001e-05,7.000000000000001e-05,False,False,0.017929999999999998,-0.017859999999999997,True,low_bin_residual_mad
2023-10-26 16:03:00,-4.6597643,0.0,2e-05,False,False,False,2e-05,2e-05,False,False,0.017929999999999998,-0.01791,True,low_bin_residual_mad
2023-10-26 16:04:00,-4.6449575,0.0,7.000000000000001e-05,False,False,False,7.000000000000001e-05,7.000000000000001e-05,False,False,0.017929999999999998,-0.017859999999999997,True,low_bin_residual_mad
2023-10-26 16:05:00,-4.640262,0.0,7.000000000000001e-05,False,False,False,7.000000000000001e-05,7.000000000000001e-05,False,False,0.017929999999999998,-0.017859999999999997,True,low_bin_residual_mad
2023-10-26 16:06:00,-4.665722,0.0,2e-05,False,False,False,2e-05,2e-05,False,False,0.017929999999999998,-0.01791,True,low_bin_residual_mad
2023-10-26 16:07:00,-4.3390517,0.0,0.010320000000000001,False,False,False,0.010320000000000001,0.010320000000000001,False,False,0.017929999999999998,-0.007609999999999997,True,low_bin_residual_mad
2023-10-26 16:08:00,-4.5452576,0.0,7.000000000000001e-05,False,False,False,7.000000000000001e-05,7.000000000000001e-05,False,False,0.017929999999999998,-0.017859999999999997,True,low_bin_residual_mad
2023-10-26 16:09:00,-4.453643,0.0,2.9999999999999997e-05,False,False,False,2.9999999999999997e-05,2.9999999999999997e-05,False,False,0.017929999999999998,-0.0179,True,low_bin_residual_mad
2023-10-26 16:10:00,-4.477669,0.0,8.999999999999999e-05,False,False,False,8.999999999999999e-05,8.999999999999999e-05,False,False,0.017929999999999998,-0.017839999999999998,True,low_bin_residual_mad
2023-10-26 16:11:00,-4.3914394,0.0,2.9999999999999997e-05,False,False,False,2.9999999999999997e-05,2.9999999999999997e-05,False,False,0.017929999999999998,-0.0179,True,low_bin_residual_mad
2023-10-26 16:12:00,-4.4893665,0.0,1e-05,False,False,False,1e-05,1e-05,False,False,0.017929999999999998,-0.01792,True,low_bin_residual_mad
2023-10-26 16:13:00,-4.310002,0.0,2e-05,False,False,False,2e-05,2e-05,False,False,0.017929999999999998,-0.01791,True,low_bin_residual_mad
2023-10-26 16:14:00,-4.472945,0.0,5e-05,False,False,False,5e-05,5e-05,False,False,0.017929999999999998,-0.017879999999999997,True,low_bin_residual_mad
2023-10-26 16:15:00,-4.370856,0.0,5.9999999999999995e-05,False,False,False,5.9999999999999995e-05,5.9999999999999995e-05,False,False,0.017929999999999998,-0.017869999999999997,True,low_bin_residual_mad
2023-10-26 16:16:00,-4.353882,0.0,2.9999999999999997e-05,False,False,False,2.9999999999999997e-05,2.9999999999999997e-05,False,False,0.017929999999999998,-0.0179,True,low_bin_residual_mad
2023-10-26 16:17:00,-4.37391,0.0,8.999999999999999e-05,False,False,False,8.999999999999999e-05,8.999999999999999e-05,False,False,0.017929999999999998,-0.017839999999999998,True,low_bin_residual_mad
2023-10-26 16:18:00,-4.379399,0.0,8.999999999999999e-05,False,False,False,8.999999999999999e-05,8.999999999999999e-05,False,False,0.017929999999999998,-0.017839999999999998,True,low_bin_residual_mad
2023-10-26 16:19:00,-4.399379,0.0,2.9999999999999997e-05,False,False,False,2.9999999999999997e-05,2.9999999999999997e-05,False,False,0.017929999999999998,-0.0179,True,low_bin_residual_mad
2023-10-26 16:20:00,-4.5822196,0.0,8.999999999999999e-05,False,False,False,8.999999999999999e-05,8.999999999999999e-05,False,False,0.017929999999999998,-0.017839999999999998,True,low_bin_residual_mad
2023-10-26 16:21:00,-4.564629,0.0,5.9999999999999995e-05,False,False,False,5.9999999999999995e-05,5.9999999999999995e-05,False,False,0.017929999999999998,-0.017869999999999997,True,low_bin_residual_mad
2023-10-26 16:22:00,-4.5439687,0.0,5.9999999999999995e-05,False,False,False,5.9999999999999995e-05,5.9999999999999995e-05,False,False,0.017929999999999998,-0.017869999999999997,True,low_bin_residual_mad
2023-10-26 16:23:00,-4.411641,0.0,8.999999999999999e-05,False,False,False,8.999999999999999e-05,8.999999999999999e-05,False,False,0.017929999999999998,-0.017839999999999998,True,low_bin_residual_mad
2023-10-26 16:24:00,-4.4174013,0.0,7.000000000000001e-05,False,False,False,7.000000000000001e-05,7.000000000000001e-05,False,False,0.017929999999999998,-0.017859999999999997,True,low_bin_residual_mad
2023-10-26 16:25:00,-4.427,0.0,5.9999999999999995e-05,False,False,False,5.9999999999999995e-05,5.9999999999999995e-05,False,False,0.017929999999999998,-0.017869999999999997,True,low_bin_residual_mad
2023-10-26 16:26:00,-4.3400774,0.0,8.999999999999999e-05,False,False,False,8.999999999999999e-05,8.999999999999999e-05,False,False,0.017929999999999998,-0.017839999999999998,True,low_bin_residual_mad
2023-10-26 16:27:00,-4.550586,0.0,7.000000000000001e-05,False,False,False,7.000000000000001e-05,7.000000000000001e-05,False,False,0.017929999999999998,-0.017859999999999997,True,low_bin_residual_mad
2023-10-26 16:28:00,-4.614526,0.0,7.000000000000001e-05,False,False,False,7.000000000000001e-05,7.000000000000001e-05,False,False,0.017929999999999998,-0.017859999999999997,True,low_bin_residual_mad
2023-10-26 16:29:00,-4.466301,0.0,4e-05,False,False,False,4e-05,4e-05,False,False,0.017929999999999998,-0.01789,True,low_bin_residual_mad
2023-10-26 16:30:00,-4.4392366,0.0,5.9999999999999995e-05,False,False,False,5.9999999999999995e-05,5.9999999999999995e-05,False,False,0.017929999999999998,-0.017869999999999997,True,low_bin_residual_mad
2023-10-26 16:31:00,-4.401483,0.0,5.9999999999999995e-05,False,False,False,5.9999999999999995e-05,5.9999999999999995e-05,False,False,0.017929999999999998,-0.017869999999999997,True,low_bin_residual_mad
2023-10-26 16:32:00,-4.327243,0.0,8.999999999999999e-05,False,False,False,8.999999999999999e-05,8.999999999999999e-05,False,False,0.017929999999999998,-0.017839999999999998,True,low_bin_residual_mad
2023-10-26 16:33:00,-4.1865196,0.0,8e-05,False,False,False,8e-05,8e-05,False,False,0.017929999999999998,-0.017849999999999998,True,low_bin_residual_mad
2023-10-26 16:39:00,-4.1921277,0.0,5e-05,False,False,False,5e-05,5e-05,False,False,0.017929999999999998,-0.017879999999999997,True,low_bin_residual_mad
2023-10-26 16:42:00,-4.2262163,0.0,2.9999999999999997e-05,False,False,False,2.9999999999999997e-05,2.9999999999999997e-05,False,False,0.017929999999999998,-0.0179,True,low_bin_residual_mad
2023-10-26 16:45:00,-4.064136,0.0,2.9999999999999997e-05,False,False,False,2.9999999999999997e-05,2.9999999999999997e-05,False,False,0.017929999999999998,-0.0179,True,low_bin_residual_mad
2023-10-26 16:51:00,-4.151036,0.0,2.9999999999999997e-05,False,False,False,2.9999999999999997e-05,2.9999999999999997e-05,False,False,0.017929999999999998,-0.0179,True,low_bin_residual_mad
2023-10-26 16:52:00,-4.2403965,0.0,5.9999999999999995e-05,False,False,False,5.9999999999999995e-05,5.9999999999999995e-05,False,False,0.017929999999999998,-0.017869999999999997,True,low_bin_residual_mad
2023-10-26 16:56:00,-4.0565434,0.0,7.000000000000001e-05,False,False,False,7.000000000000001e-05,7.000000000000001e-05,False,False,0.017929999999999998,-0.017859999999999997,True,low_bin_residual_mad
2023-10-26 16:57:00,-4.183145,0.0,5e-05,False,False,False,5e-05,5e-05,False,False,0.017929999999999998,-0.017879999999999997,True,low_bin_residual_mad
2023-10-26 16:58:00,-4.369567,0.0,2.9999999999999997e-05,False,False,False,2.9999999999999997e-05,2.9999999999999997e-05,False,False,0.017929999999999998,-0.0179,True,low_bin_residual_mad
2023-10-26 16:59:00,-4.463917,0.0,2.9999999999999997e-05,False,False,False,2.9999999999999997e-05,2.9999999999999997e-05,False,False,0.017929999999999998,-0.0179,True,low_bin_residual_mad
2023-10-26 17:00:00,-4.156225,0.0,7.000000000000001e-05,False,False,False,7.000000000000001e-05,7.000000000000001e-05,False,False,0.017929999999999998,-0.017859999999999997,True,low_bin_residual_mad
2023-10-26 17:01:00,-4.3051434,0.0,8.999999999999999e-05,False,False,False,8.999999999999999e-05,8.999999999999999e-05,False,False,0.017929999999999998,-0.017839999999999998,True,low_bin_residual_mad
2023-10-26 17:03:00,-4.0778074,0.0,0.00512,False,False,False,0.00512,0.00512,False,False,0.017929999999999998,-0.012809999999999998,True,low_bin_residual_mad
2023-10-26 17:07:00,-4.4183087,0.0,8.999999999999999e-05,False,False,False,8.999999999999999e-05,8.999999999999999e-05,False,False,0.017929999999999998,-0.017839999999999998,True,low_bin_residual_mad
2023-10-26 17:10:00,-4.5676484,0.0,4e-05,False,False,False,4e-05,4e-05,False,False,0.017929999999999998,-0.01789,True,low_bin_residual_mad
2023-10-26 17:11:00,-4.704478,0.0,5.9999999999999995e-05,False,False,False,5.9999999999999995e-05,5.9999999999999995e-05,False,False,0.017929999999999998,-0.017869999999999997,True,low_bin_residual_mad
2023-10-26 17:13:00,-4.9527674,0.0,8.999999999999999e-05,False,False,False,8.999999999999999e-05,8.999999999999999e-05,False,False,0.017929999999999998,-0.017839999999999998,True,low_bin_residual_mad
2023-10-26 17:14:00,-4.9045897,0.0,0.00265,False,False,False,0.00265,0.00265,False,False,0.017929999999999998,-0.015279999999999998,True,low_bin_residual_mad
2023-10-26 17:15:00,-5.012227,0.0,0.00265,False,False,False,0.00265,0.00265,False,False,0.017929999999999998,-0.015279999999999998,True,low_bin_residual_mad
2023-10-26 17:16:00,-4.84302,0.0,8.999999999999999e-05,False,False,False,8.999999999999999e-05,8.999999999999999e-05,False,False,0.017929999999999998,-0.017839999999999998,True,low_bin_residual_mad
2023-10-26 17:19:00,-4.563671,0.0,8.999999999999999e-05,False,False,False,8.999999999999999e-05,8.999999999999999e-05,False,False,0.017929999999999998,-0.017839999999999998,True,low_bin_residual_mad
2023-10-26 17:20:00,-4.8275046,0.0,8.999999999999999e-05,False,False,False,8.999999999999999e-05,8.999999999999999e-05,False,False,0.017929999999999998,-0.017839999999999998,True,low_bin_residual_mad
2023-10-27 13:27:00,-4.770211,0.0,0.007679999999999999,False,False,False,0.007679999999999999,0.007679999999999999,False,False,0.017929999999999998,-0.010249999999999999,True,low_bin_residual_mad
2023-10-27 13:31:00,-4.647078,0.0,0.016649999999999998,False,False,False,0.016649999999999998,0.016649999999999998,False,False,0.017929999999999998,-0.0012799999999999999,True,low_bin_residual_mad
2023-10-27 14:02:00,-4.080001,0.0,0.00512,False,False,False,0.00512,0.00512,False,False,0.017929999999999998,-0.012809999999999998,True,low_bin_residual_mad
2023-10-28 08:04:00,-4.371796,0.0,0.00256,False,False,False,0.00256,0.00256,False,False,0.017929999999999998,-0.015369999999999998,True,low_bin_residual_mad
2023-10-28 08:18:00,-4.346681,0.0,0.00512,False,False,False,0.00512,0.00512,False,False,0.017929999999999998,-0.012809999999999998,True,low_bin_residual_mad
2023-10-28 08:21:00,-4.352626,0.0,0.01024,False,False,False,0.01024,0.01024,False,False,0.017929999999999998,-0.007689999999999997,True,low_bin_residual_mad
2023-10-28 08:48:00,-4.577947,0.0,0.011519999999999999,False,False,False,0.011519999999999999,0.011519999999999999,False,False,0.017929999999999998,-0.006409999999999999,True,low_bin_residual_mad
2023-10-28 08:57:00,-4.5214186,0.0,0.00256,False,False,False,0.00256,0.00256,False,False,0.017929999999999998,-0.015369999999999998,True,low_bin_residual_mad
2023-10-28 08:58:00,-4.618913,0.0,0.01409,False,False,False,0.01409,0.01409,False,False,0.017929999999999998,-0.003839999999999998,True,low_bin_residual_mad
2023-10-28 09:42:00,-4.5319376,0.0,0.0141,False,False,False,0.0141,0.0141,False,False,0.017929999999999998,-0.0038299999999999983,True,low_bin_residual_mad
2023-10-28 09:45:00,-4.4550376,0.0,0.00769,False,False,False,0.00769,0.00769,False,False,0.017929999999999998,-0.010239999999999999,True,low_bin_residual_mad
2023-10-28 12:09:00,-4.7114406,0.0,0.00769,False,False,False,0.00769,0.00769,False,False,0.017929999999999998,-0.010239999999999999,True,low_bin_residual_mad
2023-10-28 13:06:00,-4.1566086,0.0,0.01409,False,False,False,0.01409,0.01409,False,False,0.017929999999999998,-0.003839999999999998,True,low_bin_residual_mad
2023-10-28 13:16:00,-4.328334,0.0,0.01665,False,False,False,0.01665,0.01665,False,False,0.017929999999999998,-0.0012799999999999964,True,low_bin_residual_mad
2023-10-28 13:17:00,-4.557033,0.0,1e-05,False,False,False,1e-05,1e-05,False,False,0.017929999999999998,-0.01792,True,low_bin_residual_mad
2023-10-28 13:21:00,-4.362807,0.0,1e-05,False,False,False,1e-05,1e-05,False,False,0.017929999999999998,-0.01792,True,low_bin_residual_mad
2023-10-28 13:24:00,-4.513229,0.0,0.0038499999999999997,False,False,False,0.0038499999999999997,0.0038499999999999997,False,False,0.017929999999999998,-0.014079999999999999,True,low_bin_residual_mad
2023-10-28 13:25:00,-4.2686977,0.0,0.00513,False,False,False,0.00513,0.00513,False,False,0.017929999999999998,-0.012799999999999999,True,low_bin_residual_mad
2023-10-28 13:26:00,-4.1605597,0.0,0.0141,False,False,False,0.0141,0.0141,False,False,0.017929999999999998,-0.0038299999999999983,True,low_bin_residual_mad
2023-10-28 13:27:00,-4.1888113,0.0,0.0038499999999999997,False,False,False,0.0038499999999999997,0.0038499999999999997,False,False,0.017929999999999998,-0.014079999999999999,True,low_bin_residual_mad
2023-10-28 13:28:00,-4.2471023,0.0,0.0038499999999999997,False,False,False,0.0038499999999999997,0.0038499999999999997,False,False,0.017929999999999998,-0.014079999999999999,True,low_bin_residual_mad
2023-10-28 13:29:00,-4.3164067,0.0,1e-05,False,False,False,1e-05,1e-05,False,False,0.017929999999999998,-0.01792,True,low_bin_residual_mad
2023-10-28 13:30:00,-4.3900633,0.0,1e-05,False,False,False,1e-05,1e-05,False,False,0.017929999999999998,-0.01792,True,low_bin_residual_mad
2023-10-28 13:31:00,-4.3300476,0.0,0.00016,False,False,False,0.00016,0.00016,False,False,0.017929999999999998,-0.017769999999999998,True,low_bin_residual_mad
2023-10-28 13:32:00,-4.2794967,0.0,0.00017,False,False,False,0.00017,0.00017,False,False,0.017929999999999998,-0.017759999999999998,True,low_bin_residual_mad
2023-10-28 13:33:00,-4.2417483,0.0,0.00016,False,False,False,0.00016,0.00016,False,False,0.017929999999999998,-0.017769999999999998,True,low_bin_residual_mad
2023-10-28 13:34:00,-4.235011,0.0,0.00017,False,False,False,0.00017,0.00017,False,False,0.017929999999999998,-0.017759999999999998,True,low_bin_residual_mad
2023-10-28 13:35:00,-4.34525,0.0,0.00016,False,False,False,0.00016,0.00016,False,False,0.017929999999999998,-0.017769999999999998,True,low_bin_residual_mad
2023-10-28 13:36:00,-4.4134035,0.0,1e-05,False,False,False,1e-05,1e-05,False,False,0.017929999999999998,-0.01792,True,low_bin_residual_mad
2023-10-28 13:37:00,-4.458599,0.0,0.00017,False,False,False,0.00017,0.00017,False,False,0.017929999999999998,-0.017759999999999998,True,low_bin_residual_mad
2023-10-28 13:38:00,-4.2564607,0.0,0.00017,False,False,False,0.00017,0.00017,False,False,0.017929999999999998,-0.017759999999999998,True,low_bin_residual_mad
2023-10-28 13:39:00,-4.281696,0.0,0.00017,False,False,False,0.00017,0.00017,False,False,0.017929999999999998,-0.017759999999999998,True,low_bin_residual_mad
2023-10-28 13:40:00,-4.24339,0.0,0.00017,False,False,False,0.00017,0.00017,False,False,0.017929999999999998,-0.017759999999999998,True,low_bin_residual_mad
2023-10-28 13:41:00,-4.3471355,0.0,0.00016,False,False,False,0.00016,0.00016,False,False,0.017929999999999998,-0.017769999999999998,True,low_bin_residual_mad
2023-10-28 13:42:00,-4.350748,0.0,0.00017,False,False,False,0.00017,0.00017,False,False,0.017929999999999998,-0.017759999999999998,True,low_bin_residual_mad
2023-10-28 13:43:00,-4.3493934,0.0,0.00017,False,False,False,0.00017,0.00017,False,False,0.017929999999999998,-0.017759999999999998,True,low_bin_residual_mad
2023-10-28 13:44:00,-4.310977,0.0,0.00017,False,False,False,0.00017,0.00017,False,False,0.017929999999999998,-0.017759999999999998,True,low_bin_residual_mad
2023-10-28 13:45:00,-4.2261305,0.0,0.00017,False,False,False,0.00017,0.00017,False,False,0.017929999999999998,-0.017759999999999998,True,low_bin_residual_mad
2023-10-28 13:46:00,-4.241725,0.0,0.00017,False,False,False,0.00017,0.00017,False,False,0.017929999999999998,-0.017759999999999998,True,low_bin_residual_mad
2023-10-28 13:47:00,-4.2773457,0.0,0.00017,False,False,False,0.00017,0.00017,False,False,0.017929999999999998,-0.017759999999999998,True,low_bin_residual_mad
2023-10-28 13:48:00,-4.296853,0.0,0.00017,False,False,False,0.00017,0.00017,False,False,0.017929999999999998,-0.017759999999999998,True,low_bin_residual_mad
2023-10-28 13:49:00,-4.3240604,0.0,0.00017,False,False,False,0.00017,0.00017,False,False,0.017929999999999998,-0.017759999999999998,True,low_bin_residual_mad
2023-10-28 13:50:00,-4.332491,0.0,0.00017,False,False,False,0.00017,0.00017,False,False,0.017929999999999998,-0.017759999999999998,True,low_bin_residual_mad
2023-10-28 13:51:00,-4.277795,0.0,0.00017,False,False,False,0.00017,0.00017,False,False,0.017929999999999998,-0.017759999999999998,True,low_bin_residual_mad
2023-10-28 13:52:00,-4.30302,0.0,0.00017,False,False,False,0.00017,0.00017,False,False,0.017929999999999998,-0.017759999999999998,True,low_bin_residual_mad
2023-10-28 13:53:00,-4.4241123,0.0,0.00017,False,False,False,0.00017,0.00017,False,False,0.017929999999999998,-0.017759999999999998,True,low_bin_residual_mad
2023-10-28 13:54:00,-4.2601476,0.0,0.00017,False,False,False,0.00017,0.00017,False,False,0.017929999999999998,-0.017759999999999998,True,low_bin_residual_mad
2023-10-28 13:55:00,-4.279088,0.0,0.00017,False,False,False,0.00017,0.00017,False,False,0.017929999999999998,-0.017759999999999998,True,low_bin_residual_mad
2023-10-28 13:56:00,-4.245779,0.0,0.00017,False,False,False,0.00017,0.00017,False,False,0.017929999999999998,-0.017759999999999998,True,low_bin_residual_mad
2023-10-28 13:57:00,-4.306737,0.0,0.00017,False,False,False,0.00017,0.00017,False,False,0.017929999999999998,-0.017759999999999998,True,low_bin_residual_mad
2023-10-28 13:58:00,-4.4364643,0.0,0.00017,False,False,False,0.00017,0.00017,False,False,0.017929999999999998,-0.017759999999999998,True,low_bin_residual_mad
2023-10-28 13:59:00,-4.2879,0.0,0.00017,False,False,False,0.00017,0.00017,False,False,0.017929999999999998,-0.017759999999999998,True,low_bin_residual_mad
2023-10-28 14:00:00,-4.200839,0.0,1e-05,False,False,False,1e-05,1e-05,False,False,0.017929999999999998,-0.01792,True,low_bin_residual_mad
2023-10-28 14:01:00,-4.2163415,0.0,0.00017,False,False,False,0.00017,0.00017,False,False,0.017929999999999998,-0.017759999999999998,True,low_bin_residual_mad
2023-10-28 14:02:00,-4.251985,0.0,0.00017,False,False,False,0.00017,0.00017,False,False,0.017929999999999998,-0.017759999999999998,True,low_bin_residual_mad
2023-10-28 14:03:00,-4.2606087,0.0,0.00017,False,False,False,0.00017,0.00017,False,False,0.017929999999999998,-0.017759999999999998,True,low_bin_residual_mad
2023-10-28 14:04:00,-4.3212867,0.0,0.00017,False,False,False,0.00017,0.00017,False,False,0.017929999999999998,-0.017759999999999998,True,low_bin_residual_mad
2023-10-28 14:05:00,-4.293279,0.0,2e-05,False,False,False,2e-05,2e-05,False,False,0.017929999999999998,-0.01791,True,low_bin_residual_mad
2023-10-28 14:06:00,-4.2251296,0.0,0.00017,False,False,False,0.00017,0.00017,False,False,0.017929999999999998,-0.017759999999999998,True,low_bin_residual_mad
2023-10-28 14:07:00,-4.2004814,0.0,0.00017,False,False,False,0.00017,0.00017,False,False,0.017929999999999998,-0.017759999999999998,True,low_bin_residual_mad
2023-10-28 14:08:00,-4.2351623,0.0,0.00017,False,False,False,0.00017,0.00017,False,False,0.017929999999999998,-0.017759999999999998,True,low_bin_residual_mad
2023-10-28 14:09:00,-4.207463,0.0,0.00017,False,False,False,0.00017,0.00017,False,False,0.017929999999999998,-0.017759999999999998,True,low_bin_residual_mad
2023-10-28 14:10:00,-4.2072277,0.0,0.00016,False,False,False,0.00016,0.00016,False,False,0.017929999999999998,-0.017769999999999998,True,low_bin_residual_mad
2023-10-28 14:11:00,-4.239334,0.0,0.00017,False,False,False,0.00017,0.00017,False,False,0.017929999999999998,-0.017759999999999998,True,low_bin_residual_mad
2023-10-28 14:12:00,-4.297653,0.0,0.00016,False,False,False,0.00016,0.00016,False,False,0.017929999999999998,-0.017769999999999998,True,low_bin_residual_mad
2023-10-28 14:13:00,-4.28845,0.0,0.00017,False,False,False,0.00017,0.00017,False,False,0.017929999999999998,-0.017759999999999998,True,low_bin_residual_mad
2023-10-28 14:14:00,-4.2492714,0.0,0.00017,False,False,False,0.00017,0.00017,False,False,0.017929999999999998,-0.017759999999999998,True,low_bin_residual_mad
2023-10-28 14:15:00,-4.1400757,0.0,0.00017,False,False,False,0.00017,0.00017,False,False,0.017929999999999998,-0.017759999999999998,True,low_bin_residual_mad
2023-10-28 14:16:00,-4.0266905,0.0,0.00017,False,False,False,0.00017,0.00017,False,False,0.017929999999999998,-0.017759999999999998,True,low_bin_residual_mad
2023-10-28 14:17:00,-4.107031,0.0,0.00017,False,False,False,0.00017,0.00017,False,False,0.017929999999999998,-0.017759999999999998,True,low_bin_residual_mad
2023-10-28 14:18:00,-4.2270765,0.0,0.00017,False,False,False,0.00017,0.00017,False,False,0.017929999999999998,-0.017759999999999998,True,low_bin_residual_mad
2023-10-28 14:19:00,-4.1702623,0.0,0.00017,False,False,False,0.00017,0.00017,False,False,0.017929999999999998,-0.017759999999999998,True,low_bin_residual_mad
2023-10-28 14:20:00,-4.1543126,0.0,0.00017,False,False,False,0.00017,0.00017,False,False,0.017929999999999998,-0.017759999999999998,True,low_bin_residual_mad
2023-10-28 14:21:00,-4.074851,0.0,0.00017,False,False,False,0.00017,0.00017,False,False,0.017929999999999998,-0.017759999999999998,True,low_bin_residual_mad
2023-10-28 14:22:00,-4.2471385,0.0,0.00017,False,False,False,0.00017,0.00017,False,False,0.017929999999999998,-0.017759999999999998,True,low_bin_residual_mad
2023-10-28 14:23:00,-4.207272,0.0,0.00017,False,False,False,0.00017,0.00017,False,False,0.017929999999999998,-0.017759999999999998,True,low_bin_residual_mad
2023-10-28 14:24:00,-4.2044897,0.0,0.00017,False,False,False,0.00017,0.00017,False,False,0.017929999999999998,-0.017759999999999998,True,low_bin_residual_mad
2023-10-28 14:25:00,-4.3470163,0.0,0.00017,False,False,False,0.00017,0.00017,False,False,0.017929999999999998,-0.017759999999999998,True,low_bin_residual_mad
2023-10-28 22:50:00,1.3152331,1.3152331,3.41461,False,False,False,3.41461,2.0993769,False,False,3.4122501027021643,-1.3128732027021641,True,low_bin_residual_mad
2023-10-28 22:51:00,1.2601919,1.2601919,3.3168699999999998,False,False,False,3.3168699999999998,2.0566781,False,False,3.3160024261665684,-1.2593243261665683,True,low_bin_residual_mad
2023-10-28 22:52:00,1.3279593,1.3279593,3.6668599999999993,False,False,False,3.6668599999999993,2.338900699999999,False,False,3.6557542262254894,-1.3168535262254903,True,low_bin_residual_mad
2023-10-28 22:53:00,1.3225769,1.3225769,3.564440000000001,False,False,False,3.564440000000001,2.241863100000001,False,False,3.5545423998356296,-1.3126792998356285,True,low_bin_residual_mad
2023-10-28 22:55:00,1.2019558,1.2019558,3.69806,False,False,False,3.69806,2.4961042,False,False,3.6856526968137255,-1.1895484968137255,True,low_bin_residual_mad
2023-10-29 02:19:00,1.5909109,1.5909109,3.9311,False,False,False,3.9311,2.3401891,False,False,3.9019681859041797,-1.5617790859041798,True,low_bin_residual_mad
2023-10-29 02:26:00,0.58642817,0.58642817,3.14954,False,False,False,3.14954,2.56311183,False,False,3.148455906594791,-0.585344076594791,True,low_bin_residual_mad
2023-10-29 02:29:00,1.5680856,1.5680856,3.5845200000000004,False,False,False,3.5845200000000004,2.0164344000000005,False,False,3.5745316334497645,-1.558097233449764,True,low_bin_residual_mad
2023-10-29 02:30:00,1.5499938,1.5499938,3.7014500000000004,False,False,False,3.7014500000000004,2.1514562,False,False,3.688901280637255,-1.537445080637255,True,low_bin_residual_mad
2023-10-29 02:33:00,1.4430199,1.4430199,3.5618700000000003,False,False,False,3.5618700000000003,2.1188501000000004,False,False,3.551984016848162,-1.4331339168481616,True,low_bin_residual_mad
2023-10-29 03:49:00,1.352494,1.352494,3.866609999999999,False,False,False,3.866609999999999,2.514115999999999,False,False,3.842769609830735,-1.3286536098307358,True,low_bin_residual_mad
2023-10-29 03:50:00,1.8517003,1.8517003,4.062119999999999,False,False,False,4.062119999999999,2.210419699999999,False,False,3.953970860712858,-1.7435511607128586,True,low_bin_residual_mad
2023-10-29 03:51:00,1.2914577,1.2914577,3.413759999999999,False,False,False,3.413759999999999,2.122302299999999,False,False,3.411425062817828,-1.2891227628178292,True,low_bin_residual_mad
2023-10-29 03:52:00,1.5135245,1.5135245,3.84613,False,False,False,3.84613,2.3326055,False,False,3.82397,-1.4913645,True,low_bin_residual_mad
2023-10-29 03:53:00,1.6511443,1.6511443,3.9093299999999997,False,False,False,3.9093299999999997,2.2581857,False,False,3.8819844209620356,-1.6237987209620357,True,low_bin_residual_mad
2023-10-29 04:10:00,1.5855012,1.5855012,3.6805399999999997,False,False,False,3.6805399999999997,2.0950387999999998,False,False,3.6688635556372544,-1.5738247556372547,True,low_bin_residual_mad
2023-10-29 04:11:00,1.3525782,1.3525782,3.54008,False,False,False,3.54008,2.1875018,False,False,3.5308580554019415,-1.3433562554019414,True,low_bin_residual_mad
2023-10-29 04:12:00,0.0,0.0,2.817090000000001,False,False,False,2.817090000000001,2.817090000000001,False,False,2.8169345121837375,0.00015548781626373298,True,low_bin_residual_mad
2023-10-29 04:55:00,0.0,0.0,2.8285800000000014,False,False,False,2.8285800000000014,2.8285800000000014,False,False,2.828470639529457,0.00010936047054421749,True,low_bin_residual_mad
2023-10-29 05:00:00,0.0,0.0,2.82943,False,False,False,2.82943,2.82943,False,False,2.829324051909252,0.0001059480907477095,True,low_bin_residual_mad
2023-10-29 05:01:00,0.0,0.0,2.8119200000000006,False,False,False,2.8119200000000006,2.8119200000000006,False,False,2.8117437568854458,0.00017624311455488595,True,low_bin_residual_mad
2023-10-29 05:36:00,1.4320623,1.4320623,3.979329999999999,False,False,False,3.979329999999999,2.547267699999999,False,False,3.9458294761713253,-1.3985617761713263,True,low_bin_residual_mad
2023-10-29 05:48:00,0.5960103,0.5960103,3.177260000000001,False,False,False,3.177260000000001,2.5812497000000008,False,False,3.1759943558869477,-0.5947446558869469,True,low_bin_residual_mad
2023-10-29 08:13:00,-4.558311,0.0,0.008960000000000001,False,False,False,0.008960000000000001,0.008960000000000001,False,False,0.017929999999999998,-0.008969999999999997,True,low_bin_residual_mad
2023-10-29 08:14:00,-4.520346,0.0,0.00128,False,False,False,0.00128,0.00128,False,False,0.017929999999999998,-0.016649999999999998,True,low_bin_residual_mad
2023-10-29 08:17:00,-4.243614,0.0,0.00256,False,False,False,0.00256,0.00256,False,False,0.017929999999999998,-0.015369999999999998,True,low_bin_residual_mad
2023-10-29 08:20:00,-4.3102303,0.0,0.016640000000000002,False,False,False,0.016640000000000002,0.016640000000000002,False,False,0.017929999999999998,-0.001289999999999996,True,low_bin_residual_mad
2023-10-29 08:48:00,1.2295697,1.2295697,3.9438700000000004,False,False,False,3.9438700000000004,2.7143003000000006,False,False,3.913690403557427,-1.1993901035574264,True,low_bin_residual_mad
2023-10-29 09:12:00,1.3533753,1.3533753,3.7927799999999996,False,False,False,3.7927799999999996,2.4394047,False,False,3.7748060875597345,-1.3354013875597346,True,low_bin_residual_mad
2023-10-29 10:21:00,-4.6527915,0.0,0.0064,False,False,False,0.0064,0.0064,False,False,0.017929999999999998,-0.011529999999999999,True,low_bin_residual_mad
2023-10-29 10:25:00,-4.5124254,0.0,0.01024,False,False,False,0.01024,0.01024,False,False,0.017929999999999998,-0.007689999999999997,True,low_bin_residual_mad
2023-10-29 10:26:00,-4.6423297,0.0,0.00256,False,False,False,0.00256,0.00256,False,False,0.017929999999999998,-0.015369999999999998,True,low_bin_residual_mad
2023-10-29 10:35:00,-4.5661783,0.0,0.00768,False,False,False,0.00768,0.00768,False,False,0.017929999999999998,-0.010249999999999999,True,low_bin_residual_mad
2023-10-29 11:00:00,-4.785739,0.0,0.007679999999999999,False,False,False,0.007679999999999999,0.007679999999999999,False,False,0.017929999999999998,-0.010249999999999999,True,low_bin_residual_mad
2023-10-29 11:36:00,-4.4860816,0.0,0.01152,False,False,False,0.01152,0.01152,False,False,0.017929999999999998,-0.006409999999999997,True,low_bin_residual_mad
2023-10-29 11:41:00,-4.73144,0.0,0.007679999999999999,False,False,False,0.007679999999999999,0.007679999999999999,False,False,0.017929999999999998,-0.010249999999999999,True,low_bin_residual_mad
2023-10-29 11:43:00,-4.452116,0.0,0.011519999999999999,False,False,False,0.011519999999999999,0.011519999999999999,False,False,0.017929999999999998,-0.006409999999999999,True,low_bin_residual_mad
2023-10-29 11:47:00,-4.6390886,0.0,0.01024,False,False,False,0.01024,0.01024,False,False,0.017929999999999998,-0.007689999999999997,True,low_bin_residual_mad
2023-10-29 11:57:00,-4.4459157,0.0,0.01537,False,False,False,0.01537,0.01537,False,False,0.017929999999999998,-0.002559999999999998,True,low_bin_residual_mad
2023-10-29 12:00:00,-4.2393913,0.0,0.016640000000000002,False,False,False,0.016640000000000002,0.016640000000000002,False,False,0.017929999999999998,-0.001289999999999996,True,low_bin_residual_mad
2023-10-29 12:07:00,-4.6123986,0.0,0.011519999999999999,False,False,False,0.011519999999999999,0.011519999999999999,False,False,0.017929999999999998,-0.006409999999999999,True,low_bin_residual_mad
2023-10-29 12:08:00,-4.715248,0.0,0.016649999999999998,False,False,False,0.016649999999999998,0.016649999999999998,False,False,0.017929999999999998,-0.0012799999999999999,True,low_bin_residual_mad
2023-10-29 12:11:00,-4.470841,0.0,0.016649999999999998,False,False,False,0.016649999999999998,0.016649999999999998,False,False,0.017929999999999998,-0.0012799999999999999,True,low_bin_residual_mad
2023-10-29 12:13:00,-4.414999,0.0,0.011519999999999999,False,False,False,0.011519999999999999,0.011519999999999999,False,False,0.017929999999999998,-0.006409999999999999,True,low_bin_residual_mad
2023-10-29 12:18:00,-4.585863,0.0,0.01024,False,False,False,0.01024,0.01024,False,False,0.017929999999999998,-0.007689999999999997,True,low_bin_residual_mad
2023-10-29 14:34:00,0.0,0.0,3.0902099999999986,False,False,False,3.0902099999999986,3.0902099999999986,False,False,3.0897633806193796,0.0004466193806189622,True,low_bin_residual_mad
2023-10-29 14:42:00,1.2194605,1.2194605,3.395,False,False,False,3.395,2.1755395,False,False,3.393215947252967,-1.2176764472529666,True,low_bin_residual_mad
2023-10-29 14:43:00,1.6455379,1.6455379,3.9298,False,False,False,3.9298,2.2842621000000003,False,False,3.900774851295784,-1.6165127512957835,True,low_bin_residual_mad
2023-10-29 14:45:00,1.2544181,1.2544181,3.75951,False,False,False,3.75951,2.5050919,False,False,3.74414660551873,-1.23905470551873,True,low_bin_residual_mad
2023-10-29 14:46:00,1.3023294,1.3023294,3.9293899999999997,False,False,False,3.9293899999999997,2.6270605999999996,False,False,3.9003984919192893,-1.2733378919192897,True,low_bin_residual_mad
2023-10-29 14:53:00,0.0,0.0,2.83328,False,False,False,2.83328,2.83328,False,False,2.8331895079824476,9.04920175521795e-05,True,low_bin_residual_mad
2023-10-29 15:08:00,0.0,0.0,3.0776499999999998,False,False,False,3.0776499999999998,3.0776499999999998,False,False,3.077338893106893,0.00031110689310676065,True,low_bin_residual_mad
2023-10-29 15:15:00,1.6886513,1.6886513,3.965850000000001,False,False,False,3.965850000000001,2.277198700000001,False,False,3.933649226824856,-1.6564505268248553,True,low_bin_residual_mad
2023-10-29 15:17:00,1.4575733,1.4575733,3.8061800000000012,False,False,False,3.8061800000000012,2.3486067000000013,False,False,3.7871546616309555,-1.4385479616309542,True,low_bin_residual_mad
2023-10-29 15:20:00,1.6325095,1.6325095,3.9372600000000006,False,False,False,3.9372600000000006,2.304750500000001,False,False,3.9076227560485814,-1.6028722560485806,True,low_bin_residual_mad
2023-10-29 16:02:00,1.5358639,1.5358639,3.9149999999999987,False,False,False,3.9149999999999987,2.3791360999999984,False,False,3.88718919575404,-1.5080530957540415,True,low_bin_residual_mad
2023-10-29 16:05:00,1.2798332,1.2798332,3.87347,False,False,False,3.87347,2.5936368000000005,False,False,3.849066744764273,-1.2554299447642725,True,low_bin_residual_mad
2023-10-30 07:30:00,0.5948988,0.5948988,3.7893700000000003,False,False,False,3.7893700000000003,3.1944712000000006,False,False,3.7716636519192233,-0.5771924519192226,True,low_bin_residual_mad
2023-10-30 07:33:00,0.58500266,0.58500266,3.8214,False,False,False,3.8214,3.23639734,False,False,3.8011804300909513,-0.5647830900909514,True,low_bin_residual_mad
2023-10-30 07:39:00,1.5969088,1.5969088,3.9887699999999997,False,False,False,3.9887699999999997,2.3918611999999997,False,False,3.9543592650311687,-1.562498065031169,True,low_bin_residual_mad
2023-10-30 08:12:00,0.0,0.0,2.80044,False,False,False,2.80044,2.80044,False,False,2.8002176696853702,0.000222330314629815,True,low_bin_residual_mad
2023-10-30 10:09:00,0.0,0.0,3.09703,False,False,False,3.09703,3.09703,False,False,3.0965097982017986,0.0005202017982015583,True,low_bin_residual_mad
2023-10-30 10:12:00,0.0,0.0,2.83626,False,False,False,2.83626,2.83626,False,False,2.836181471384558,7.852861544188627e-05,True,low_bin_residual_mad
2023-10-30 10:19:00,0.0,0.0,2.8375599999999994,False,False,False,2.8375599999999994,2.8375599999999994,False,False,2.8374866903183635,7.330968163588025e-05,True,low_bin_residual_mad
2023-10-30 10:25:00,1.2546864,1.2546864,3.88886,False,False,False,3.88886,2.6341736000000004,False,False,3.8631939906282877,-1.2290203906282873,True,low_bin_residual_mad
2023-10-30 12:57:00,1.2758844,1.2758844,3.6587799999999984,False,False,False,3.6587799999999984,2.3828955999999986,False,False,3.6480112889705865,-1.265115688970588,True,low_bin_residual_mad
2023-10-30 12:59:00,1.2881289,1.2881289,3.9445799999999998,False,False,False,3.9445799999999998,2.6564511,False,False,3.9143421478435507,-1.2578910478435508,True,low_bin_residual_mad
2023-10-30 13:02:00,1.3604059,1.3604059,3.9687,False,False,False,3.9687,2.6082941,False,False,3.936224427910719,-1.3279303279107189,True,low_bin_residual_mad
2023-10-30 13:03:00,0.631142,0.631142,3.5926799999999997,False,False,False,3.5926799999999997,2.9615379999999996,False,False,3.5826547483049107,-0.6211167483049111,True,low_bin_residual_mad
2023-10-30 13:07:00,0.6207882,0.6207882,3.9451699999999996,False,False,False,3.9451699999999996,3.3243817999999994,False,False,3.914883738165823,-0.5905019381658234,True,low_bin_residual_mad
2023-11-03 08:33:00,1.5770472,1.5770472,3.69929,False,False,False,3.69929,2.1222428,False,False,3.6868313865196076,-1.5645885865196076,True,low_bin_residual_mad
2023-11-03 08:34:00,1.4362711,1.4362711,3.9093200000000015,False,False,False,3.9093200000000015,2.4730489000000015,False,False,3.8819752414650495,-1.408926341465048,True,low_bin_residual_mad
2023-11-03 08:35:00,1.3461447,1.3461447,3.974589999999999,False,False,False,3.974589999999999,2.628445299999999,False,False,3.9415465101548364,-1.3131012101548372,True,low_bin_residual_mad
2023-11-03 08:36:00,1.5131103,1.5131103,3.9801800000000007,False,False,False,3.9801800000000007,2.4670697000000006,False,False,3.9465975186004436,-1.479527818600443,True,low_bin_residual_mad
2023-11-03 08:46:00,1.5115502,1.5115502,3.8081300000000002,False,False,False,3.8081300000000002,2.2965798,False,False,3.7889516556189307,-1.4923718556189307,True,low_bin_residual_mad
2023-11-03 08:49:00,1.3260788,1.3260788,3.8004699999999993,False,False,False,3.8004699999999993,2.4743911999999995,False,False,3.7818926946200087,-1.3075014946200092,True,low_bin_residual_mad
2023-11-03 08:50:00,1.5097231,1.5097231,3.7915099999999997,False,False,False,3.7915099999999997,2.2817868999999997,False,False,3.773635737629104,-1.4918488376291044,True,low_bin_residual_mad
2023-11-03 08:51:00,1.7762219,1.7762219,3.9464200000000003,False,False,False,3.9464200000000003,2.1701981000000004,False,False,3.916031175289281,-1.7458330752892808,True,low_bin_residual_mad
2023-11-03 08:52:00,1.6106782,1.6106782,3.9549600000000007,False,False,False,3.9549600000000007,2.344281800000001,False,False,3.9238092479388715,-1.5795274479388706,True,low_bin_residual_mad
2023-11-03 08:53:00,1.5351926,1.5351926,3.9775999999999994,False,False,False,3.9775999999999994,2.4424073999999996,False,False,3.94426628393324,-1.5018588839332403,True,low_bin_residual_mad
2023-11-03 09:00:00,0.0,0.0,2.8140700000000005,False,False,False,2.8140700000000005,2.8140700000000005,False,False,2.813902388199048,0.00016761180095237194,True,low_bin_residual_mad
2023-11-03 10:24:00,-4.8355,0.0,0.008960000000000001,False,False,False,0.008960000000000001,0.008960000000000001,False,False,0.017929999999999998,-0.008969999999999997,True,low_bin_residual_mad
2023-11-03 15:12:00,-4.30684,0.0,0.00512,False,False,False,0.00512,0.00512,False,False,0.017929999999999998,-0.012809999999999998,True,low_bin_residual_mad
2023-11-03 15:13:00,-4.3622637,0.0,0.00256,False,False,False,0.00256,0.00256,False,False,0.017929999999999998,-0.015369999999999998,True,low_bin_residual_mad
2023-11-03 15:26:00,3.9014413,3.9014413,5.290090000000001,False,False,False,5.290090000000001,1.388648700000001,False,False,3.2444704728328264,-1.8558217728328255,True,low_bin_residual_mad
2023-11-03 22:40:00,0.0,0.0,3.088529999999999,False,False,False,3.088529999999999,3.088529999999999,False,False,3.088101506493506,0.0004284935064933215,True,low_bin_residual_mad
2023-11-03 22:44:00,0.0,0.0,2.80042,False,False,False,2.80042,2.80042,False,False,2.800197589394081,0.00022241060591898787,True,low_bin_residual_mad
2023-11-03 22:46:00,0.0,0.0,3.061200000000001,False,False,False,3.061200000000001,3.061200000000001,False,False,3.0610663756243763,0.00013362437562447482,True,low_bin_residual_mad
2023-11-03 22:59:00,-4.4219074,0.0,0.007679999999999999,False,False,False,0.007679999999999999,0.007679999999999999,False,False,0.017929999999999998,-0.010249999999999999,True,low_bin_residual_mad
2023-11-03 23:03:00,-4.613915,0.0,0.007679999999999999,False,False,False,0.007679999999999999,0.007679999999999999,False,False,0.017929999999999998,-0.010249999999999999,True,low_bin_residual_mad
2023-11-04 00:14:00,0.0,0.0,2.8256000000000006,False,False,False,2.8256000000000006,2.8256000000000006,False,False,2.8254786761273465,0.00012132387265406663,True,low_bin_residual_mad
2023-11-07 07:05:00,1.4891853,1.4891853,3.9089099999999997,False,False,False,3.9089099999999997,2.4197246999999997,False,False,3.8815988820885536,-1.461874182088554,True,low_bin_residual_mad
2023-11-07 07:16:00,1.3715196,1.3715196,3.8965300000000007,False,False,False,3.8965300000000007,2.5250104000000007,False,False,3.8702346648178265,-1.3452242648178259,True,low_bin_residual_mad
2023-11-07 07:17:00,0.64958423,0.64958423,3.74327,False,False,False,3.74327,3.09368577,False,False,3.728976730637255,-0.635290960637255,True,low_bin_residual_mad
2023-11-07 07:49:00,-4.3533,0.0,0.0064,False,False,False,0.0064,0.0064,False,False,0.017929999999999998,-0.011529999999999999,True,low_bin_residual_mad
2023-11-07 07:59:00,-4.462855,0.0,0.00256,False,False,False,0.00256,0.00256,False,False,0.017929999999999998,-0.015369999999999998,True,low_bin_residual_mad
2023-11-07 08:57:00,-4.3608813,0.0,0.00256,False,False,False,0.00256,0.00256,False,False,0.017929999999999998,-0.015369999999999998,True,low_bin_residual_mad
2023-11-07 09:02:00,-4.427361,0.0,0.0038399999999999997,False,False,False,0.0038399999999999997,0.0038399999999999997,False,False,0.017929999999999998,-0.014089999999999998,True,low_bin_residual_mad
2023-11-07 09:42:00,-4.264765,0.0,0.01409,False,False,False,0.01409,0.01409,False,False,0.017929999999999998,-0.003839999999999998,True,low_bin_residual_mad
2023-11-07 09:44:00,-4.3264766,0.0,0.01024,False,False,False,0.01024,0.01024,False,False,0.017929999999999998,-0.007689999999999997,True,low_bin_residual_mad
2023-11-07 10:02:00,-4.235323,0.0,0.011519999999999999,False,False,False,0.011519999999999999,0.011519999999999999,False,False,0.017929999999999998,-0.006409999999999999,True,low_bin_residual_mad
2023-11-07 10:03:00,-4.211533,0.0,0.0128,False,False,False,0.0128,0.0128,False,False,0.017929999999999998,-0.005129999999999997,True,low_bin_residual_mad
2023-11-07 10:06:00,-4.2506557,0.0,0.0128,False,False,False,0.0128,0.0128,False,False,0.017929999999999998,-0.005129999999999997,True,low_bin_residual_mad
2023-11-07 10:24:00,-4.1905875,0.0,0.016649999999999998,False,False,False,0.016649999999999998,0.016649999999999998,False,False,0.017929999999999998,-0.0012799999999999999,True,low_bin_residual_mad
2023-11-07 11:29:00,-4.432128,0.0,0.01537,False,False,False,0.01537,0.01537,False,False,0.017929999999999998,-0.002559999999999998,True,low_bin_residual_mad
2023-11-07 11:31:00,-4.5299525,0.0,0.0064,False,False,False,0.0064,0.0064,False,False,0.017929999999999998,-0.011529999999999999,True,low_bin_residual_mad
2023-11-07 11:51:00,-4.3657846,0.0,0.0038399999999999997,False,False,False,0.0038399999999999997,0.0038399999999999997,False,False,0.017929999999999998,-0.014089999999999998,True,low_bin_residual_mad
2023-11-07 13:38:00,-4.082698,0.0,0.011949999999999999,False,False,False,0.011949999999999999,0.011949999999999999,False,False,0.017929999999999998,-0.005979999999999999,True,low_bin_residual_mad
2023-11-07 15:00:00,-4.309045,0.0,8e-05,False,False,False,8e-05,8e-05,False,False,0.017929999999999998,-0.017849999999999998,True,low_bin_residual_mad
2023-11-07 15:01:00,-4.3379297,0.0,8e-05,False,False,False,8e-05,8e-05,False,False,0.017929999999999998,-0.017849999999999998,True,low_bin_residual_mad
2023-11-07 15:02:00,-4.1440496,0.0,8e-05,False,False,False,8e-05,8e-05,False,False,0.017929999999999998,-0.017849999999999998,True,low_bin_residual_mad
2023-11-07 15:03:00,-4.0674725,0.0,8e-05,False,False,False,8e-05,8e-05,False,False,0.017929999999999998,-0.017849999999999998,True,low_bin_residual_mad
2023-11-07 15:04:00,-4.134893,0.0,4e-05,False,False,False,4e-05,4e-05,False,False,0.017929999999999998,-0.01789,True,low_bin_residual_mad
2023-11-07 15:06:00,-4.0217023,0.0,5.9999999999999995e-05,False,False,False,5.9999999999999995e-05,5.9999999999999995e-05,False,False,0.017929999999999998,-0.017869999999999997,True,low_bin_residual_mad
2023-11-07 15:07:00,-4.03948,0.0,8e-05,False,False,False,8e-05,8e-05,False,False,0.017929999999999998,-0.017849999999999998,True,low_bin_residual_mad
2023-11-07 15:09:00,-4.067939,0.0,5e-05,False,False,False,5e-05,5e-05,False,False,0.017929999999999998,-0.017879999999999997,True,low_bin_residual_mad
2023-11-07 15:10:00,-4.0419884,0.0,5e-05,False,False,False,5e-05,5e-05,False,False,0.017929999999999998,-0.017879999999999997,True,low_bin_residual_mad
2023-11-07 15:11:00,-4.0042276,0.0,8e-05,False,False,False,8e-05,8e-05,False,False,0.017929999999999998,-0.017849999999999998,True,low_bin_residual_mad
2023-11-07 15:12:00,-4.091149,0.0,8e-05,False,False,False,8e-05,8e-05,False,False,0.017929999999999998,-0.017849999999999998,True,low_bin_residual_mad
2023-11-07 15:13:00,-4.1271563,0.0,8e-05,False,False,False,8e-05,8e-05,False,False,0.017929999999999998,-0.017849999999999998,True,low_bin_residual_mad
2023-11-07 15:14:00,-3.9988687,0.0,8e-05,False,False,False,8e-05,8e-05,False,False,0.017929999999999998,-0.017849999999999998,True,low_bin_residual_mad
2023-11-07 15:15:00,-4.1235056,0.0,8e-05,False,False,False,8e-05,8e-05,False,False,0.017929999999999998,-0.017849999999999998,True,low_bin_residual_mad
2023-11-07 15:18:00,-4.246914,0.0,5.9999999999999995e-05,False,False,False,5.9999999999999995e-05,5.9999999999999995e-05,False,False,0.017929999999999998,-0.017869999999999997,True,low_bin_residual_mad
2023-11-07 15:19:00,-3.99104,0.0,1e-05,False,False,False,1e-05,1e-05,False,False,0.017929999999999998,-0.01792,True,low_bin_residual_mad
2023-11-07 15:20:00,-4.1300507,0.0,4e-05,False,False,False,4e-05,4e-05,False,False,0.017929999999999998,-0.01789,True,low_bin_residual_mad
2023-11-07 15:21:00,-4.089606,0.0,4e-05,False,False,False,4e-05,4e-05,False,False,0.017929999999999998,-0.01789,True,low_bin_residual_mad
2023-11-07 15:23:00,-4.1168714,0.0,1e-05,False,False,False,1e-05,1e-05,False,False,0.017929999999999998,-0.01792,True,low_bin_residual_mad
2023-11-07 15:24:00,-4.231776,0.0,2e-05,False,False,False,2e-05,2e-05,False,False,0.017929999999999998,-0.01791,True,low_bin_residual_mad
2023-11-07 15:25:00,-4.137129,0.0,7.000000000000001e-05,False,False,False,7.000000000000001e-05,7.000000000000001e-05,False,False,0.017929999999999998,-0.017859999999999997,True,low_bin_residual_mad
2023-11-07 15:26:00,-4.0868664,0.0,5e-05,False,False,False,5e-05,5e-05,False,False,0.017929999999999998,-0.017879999999999997,True,low_bin_residual_mad
2023-11-07 15:27:00,-4.300751,0.0,4e-05,False,False,False,4e-05,4e-05,False,False,0.017929999999999998,-0.01789,True,low_bin_residual_mad
2023-11-07 15:28:00,-4.0765953,0.0,8e-05,False,False,False,8e-05,8e-05,False,False,0.017929999999999998,-0.017849999999999998,True,low_bin_residual_mad
2023-11-07 15:29:00,-4.017969,0.0,5e-05,False,False,False,5e-05,5e-05,False,False,0.017929999999999998,-0.017879999999999997,True,low_bin_residual_mad
2023-11-07 15:31:00,-4.1290026,0.0,5e-05,False,False,False,5e-05,5e-05,False,False,0.017929999999999998,-0.017879999999999997,True,low_bin_residual_mad
2023-11-07 15:32:00,-4.031665,0.0,7.000000000000001e-05,False,False,False,7.000000000000001e-05,7.000000000000001e-05,False,False,0.017929999999999998,-0.017859999999999997,True,low_bin_residual_mad
2023-11-07 15:33:00,-4.1570616,0.0,5e-05,False,False,False,5e-05,5e-05,False,False,0.017929999999999998,-0.017879999999999997,True,low_bin_residual_mad
2023-11-07 15:34:00,-4.0738287,0.0,5.9999999999999995e-05,False,False,False,5.9999999999999995e-05,5.9999999999999995e-05,False,False,0.017929999999999998,-0.017869999999999997,True,low_bin_residual_mad
2023-11-07 15:50:00,-4.163181,0.0,4e-05,False,False,False,4e-05,4e-05,False,False,0.017929999999999998,-0.01789,True,low_bin_residual_mad
2023-11-07 15:54:00,-4.102293,0.0,4e-05,False,False,False,4e-05,4e-05,False,False,0.017929999999999998,-0.01789,True,low_bin_residual_mad
2023-11-07 15:55:00,-4.051556,0.0,5.9999999999999995e-05,False,False,False,5.9999999999999995e-05,5.9999999999999995e-05,False,False,0.017929999999999998,-0.017869999999999997,True,low_bin_residual_mad
2023-11-07 15:56:00,-4.1876054,0.0,8e-05,False,False,False,8e-05,8e-05,False,False,0.017929999999999998,-0.017849999999999998,True,low_bin_residual_mad
2023-11-07 15:57:00,-3.9805245,0.0,4e-05,False,False,False,4e-05,4e-05,False,False,0.017929999999999998,-0.01789,True,low_bin_residual_mad
2023-11-07 15:58:00,-3.9641216,0.0,5.9999999999999995e-05,False,False,False,5.9999999999999995e-05,5.9999999999999995e-05,False,False,0.017929999999999998,-0.017869999999999997,True,low_bin_residual_mad
2023-11-07 15:59:00,-4.074999,0.0,2e-05,False,False,False,2e-05,2e-05,False,False,0.017929999999999998,-0.01791,True,low_bin_residual_mad
2023-11-07 16:00:00,-4.095431,0.0,7.000000000000001e-05,False,False,False,7.000000000000001e-05,7.000000000000001e-05,False,False,0.017929999999999998,-0.017859999999999997,True,low_bin_residual_mad
2023-11-07 16:02:00,-3.9613152,0.0,5.9999999999999995e-05,False,False,False,5.9999999999999995e-05,5.9999999999999995e-05,False,False,0.017929999999999998,-0.017869999999999997,True,low_bin_residual_mad
2023-11-07 16:03:00,-4.048025,0.0,5.9999999999999995e-05,False,False,False,5.9999999999999995e-05,5.9999999999999995e-05,False,False,0.017929999999999998,-0.017869999999999997,True,low_bin_residual_mad
2023-11-07 16:05:00,-4.019278,0.0,4e-05,False,False,False,4e-05,4e-05,False,False,0.017929999999999998,-0.01789,True,low_bin_residual_mad
2023-11-07 16:06:00,-4.1141124,0.0,8e-05,False,False,False,8e-05,8e-05,False,False,0.017929999999999998,-0.017849999999999998,True,low_bin_residual_mad
2023-11-07 16:07:00,-4.037197,0.0,8e-05,False,False,False,8e-05,8e-05,False,False,0.017929999999999998,-0.017849999999999998,True,low_bin_residual_mad
2023-11-07 16:08:00,-4.208121,0.0,5.9999999999999995e-05,False,False,False,5.9999999999999995e-05,5.9999999999999995e-05,False,False,0.017929999999999998,-0.017869999999999997,True,low_bin_residual_mad
2023-11-07 16:09:00,-4.1026325,0.0,5.9999999999999995e-05,False,False,False,5.9999999999999995e-05,5.9999999999999995e-05,False,False,0.017929999999999998,-0.017869999999999997,True,low_bin_residual_mad
2023-11-07 16:11:00,-4.1047516,0.0,8e-05,False,False,False,8e-05,8e-05,False,False,0.017929999999999998,-0.017849999999999998,True,low_bin_residual_mad
2023-11-07 16:12:00,-4.060728,0.0,5.9999999999999995e-05,False,False,False,5.9999999999999995e-05,5.9999999999999995e-05,False,False,0.017929999999999998,-0.017869999999999997,True,low_bin_residual_mad
2023-11-07 16:13:00,-4.1579795,0.0,5.9999999999999995e-05,False,False,False,5.9999999999999995e-05,5.9999999999999995e-05,False,False,0.017929999999999998,-0.017869999999999997,True,low_bin_residual_mad
2023-11-07 16:14:00,-3.9860117,0.0,4e-05,False,False,False,4e-05,4e-05,False,False,0.017929999999999998,-0.01789,True,low_bin_residual_mad
2023-11-07 16:15:00,-4.2097783,0.0,2e-05,False,False,False,2e-05,2e-05,False,False,0.017929999999999998,-0.01791,True,low_bin_residual_mad
2023-11-07 16:16:00,-3.983057,0.0,4e-05,False,False,False,4e-05,4e-05,False,False,0.017929999999999998,-0.01789,True,low_bin_residual_mad
2023-11-07 16:17:00,-4.1329284,0.0,4e-05,False,False,False,4e-05,4e-05,False,False,0.017929999999999998,-0.01789,True,low_bin_residual_mad
2023-11-07 16:18:00,-4.069568,0.0,7.000000000000001e-05,False,False,False,7.000000000000001e-05,7.000000000000001e-05,False,False,0.017929999999999998,-0.017859999999999997,True,low_bin_residual_mad
2023-11-07 16:19:00,-4.011834,0.0,5.9999999999999995e-05,False,False,False,5.9999999999999995e-05,5.9999999999999995e-05,False,False,0.017929999999999998,-0.017869999999999997,True,low_bin_residual_mad
2023-11-07 16:20:00,-4.0821815,0.0,2.9999999999999997e-05,False,False,False,2.9999999999999997e-05,2.9999999999999997e-05,False,False,0.017929999999999998,-0.0179,True,low_bin_residual_mad
2023-11-07 16:21:00,-3.7936525,0.0,8e-05,False,False,False,8e-05,8e-05,False,False,0.017929999999999998,-0.017849999999999998,True,low_bin_residual_mad
2023-11-07 16:22:00,-3.8144522,0.0,8e-05,False,False,False,8e-05,8e-05,False,False,0.017929999999999998,-0.017849999999999998,True,low_bin_residual_mad
2023-11-07 16:23:00,-4.070399,0.0,8e-05,False,False,False,8e-05,8e-05,False,False,0.017929999999999998,-0.017849999999999998,True,low_bin_residual_mad
2023-11-07 16:24:00,-4.3131,0.0,2e-05,False,False,False,2e-05,2e-05,False,False,0.017929999999999998,-0.01791,True,low_bin_residual_mad
2023-11-07 16:30:00,-4.1167045,0.0,4e-05,False,False,False,4e-05,4e-05,False,False,0.017929999999999998,-0.01789,True,low_bin_residual_mad
2023-11-07 16:31:00,-4.0390863,0.0,5.9999999999999995e-05,False,False,False,5.9999999999999995e-05,5.9999999999999995e-05,False,False,0.017929999999999998,-0.017869999999999997,True,low_bin_residual_mad
2023-11-07 16:32:00,-3.9777207,0.0,5e-05,False,False,False,5e-05,5e-05,False,False,0.017929999999999998,-0.017879999999999997,True,low_bin_residual_mad
2023-11-07 16:33:00,-4.065651,0.0,2e-05,False,False,False,2e-05,2e-05,False,False,0.017929999999999998,-0.01791,True,low_bin_residual_mad
2023-11-07 16:34:00,-4.0381665,0.0,8e-05,False,False,False,8e-05,8e-05,False,False,0.017929999999999998,-0.017849999999999998,True,low_bin_residual_mad
2023-11-07 16:35:00,-4.047863,0.0,4e-05,False,False,False,4e-05,4e-05,False,False,0.017929999999999998,-0.01789,True,low_bin_residual_mad
2023-11-07 16:36:00,-3.9280348,0.0,2e-05,False,False,False,2e-05,2e-05,False,False,0.017929999999999998,-0.01791,True,low_bin_residual_mad
2023-11-07 16:37:00,-3.7660947,0.0,8e-05,False,False,False,8e-05,8e-05,False,False,0.017929999999999998,-0.017849999999999998,True,low_bin_residual_mad
2023-11-07 16:38:00,-3.8909504,0.0,8e-05,False,False,False,8e-05,8e-05,False,False,0.017929999999999998,-0.017849999999999998,True,low_bin_residual_mad
2023-11-07 16:40:00,-4.106308,0.0,2.9999999999999997e-05,False,False,False,2.9999999999999997e-05,2.9999999999999997e-05,False,False,0.017929999999999998,-0.0179,True,low_bin_residual_mad
2023-11-07 16:41:00,-3.9646597,0.0,4e-05,False,False,False,4e-05,4e-05,False,False,0.017929999999999998,-0.01789,True,low_bin_residual_mad
2023-11-07 16:50:00,-3.912006,0.0,4e-05,False,False,False,4e-05,4e-05,False,False,0.017929999999999998,-0.01789,True,low_bin_residual_mad
2023-11-07 16:54:00,-4.376237,0.0,5.9999999999999995e-05,False,False,False,5.9999999999999995e-05,5.9999999999999995e-05,False,False,0.017929999999999998,-0.017869999999999997,True,low_bin_residual_mad
2023-11-07 16:55:00,-3.7094152,0.0,5.9999999999999995e-05,False,False,False,5.9999999999999995e-05,5.9999999999999995e-05,False,False,0.017929999999999998,-0.017869999999999997,True,low_bin_residual_mad
2023-11-07 16:56:00,-4.2289057,0.0,4e-05,False,False,False,4e-05,4e-05,False,False,0.017929999999999998,-0.01789,True,low_bin_residual_mad
2023-11-07 16:58:00,-4.233704,0.0,2.9999999999999997e-05,False,False,False,2.9999999999999997e-05,2.9999999999999997e-05,False,False,0.017929999999999998,-0.0179,True,low_bin_residual_mad
2023-11-07 16:59:00,-4.2505507,0.0,8e-05,False,False,False,8e-05,8e-05,False,False,0.017929999999999998,-0.017849999999999998,True,low_bin_residual_mad
2023-11-07 17:01:00,-4.105665,0.0,2.9999999999999997e-05,False,False,False,2.9999999999999997e-05,2.9999999999999997e-05,False,False,0.017929999999999998,-0.0179,True,low_bin_residual_mad
2023-11-07 17:02:00,-4.0885954,0.0,4e-05,False,False,False,4e-05,4e-05,False,False,0.017929999999999998,-0.01789,True,low_bin_residual_mad
2023-11-07 17:03:00,-4.118669,0.0,5.9999999999999995e-05,False,False,False,5.9999999999999995e-05,5.9999999999999995e-05,False,False,0.017929999999999998,-0.017869999999999997,True,low_bin_residual_mad
2023-11-07 17:05:00,-4.161051,0.0,8e-05,False,False,False,8e-05,8e-05,False,False,0.017929999999999998,-0.017849999999999998,True,low_bin_residual_mad
2023-11-07 17:07:00,-4.0319376,0.0,4e-05,False,False,False,4e-05,4e-05,False,False,0.017929999999999998,-0.01789,True,low_bin_residual_mad
2023-11-07 17:08:00,-4.0773582,0.0,2e-05,False,False,False,2e-05,2e-05,False,False,0.017929999999999998,-0.01791,True,low_bin_residual_mad
2023-11-07 17:09:00,-4.1489387,0.0,2.9999999999999997e-05,False,False,False,2.9999999999999997e-05,2.9999999999999997e-05,False,False,0.017929999999999998,-0.0179,True,low_bin_residual_mad
2023-11-07 17:12:00,-4.035615,0.0,0.00392,False,False,False,0.00392,0.00392,False,False,0.017929999999999998,-0.014009999999999998,True,low_bin_residual_mad
2023-11-07 17:16:00,-4.3410735,0.0,4e-05,False,False,False,4e-05,4e-05,False,False,0.017929999999999998,-0.01789,True,low_bin_residual_mad
2023-11-07 17:17:00,-4.2363014,0.0,5e-05,False,False,False,5e-05,5e-05,False,False,0.017929999999999998,-0.017879999999999997,True,low_bin_residual_mad
2023-11-07 17:20:00,-4.3583164,0.0,4e-05,False,False,False,4e-05,4e-05,False,False,0.017929999999999998,-0.01789,True,low_bin_residual_mad
2023-11-07 17:21:00,-4.2010155,0.0,5e-05,False,False,False,5e-05,5e-05,False,False,0.017929999999999998,-0.017879999999999997,True,low_bin_residual_mad
2023-11-07 17:22:00,-4.3167644,0.0,5.9999999999999995e-05,False,False,False,5.9999999999999995e-05,5.9999999999999995e-05,False,False,0.017929999999999998,-0.017869999999999997,True,low_bin_residual_mad
2023-11-07 17:25:00,-4.2508802,0.0,8e-05,False,False,False,8e-05,8e-05,False,False,0.017929999999999998,-0.017849999999999998,True,low_bin_residual_mad
2023-11-07 18:54:00,1.2168046,1.2168046,3.7146999999999997,False,False,False,3.7146999999999997,2.4978954,False,False,3.7015985477941173,-1.2037031477941174,True,low_bin_residual_mad
2023-11-07 19:01:00,1.2350754,1.2350754,3.63493,False,False,False,3.63493,2.3998546000000003,False,False,3.6247137682350523,-1.224859168235052,True,low_bin_residual_mad
2023-11-09 04:02:00,-0.72558033,0.0,2.80811,False,False,False,2.80811,2.80811,False,False,2.807918461394828,0.00019153860517207022,True,low_bin_residual_mad
2023-11-09 04:13:00,0.0,0.0,2.805109999999999,False,False,False,2.805109999999999,2.805109999999999,False,False,2.8049064177014276,0.0002035822985715363,True,low_bin_residual_mad
2023-11-09 04:31:00,1.7698934,1.7698934,3.6250799999999996,False,False,False,3.6250799999999996,1.8551865999999997,False,False,3.6149082925826996,-1.7597216925827,True,low_bin_residual_mad
2023-11-09 04:32:00,1.833894,1.833894,4.05314,False,False,False,4.05314,2.219246,False,False,3.995911920144173,-1.7766659201441728,True,low_bin_residual_mad
2023-11-09 04:36:00,3.7229717,3.7229717,4.6272199999999994,False,False,False,4.6272199999999994,0.9042482999999994,False,False,3.1018117685030604,-2.197563468503061,True,low_bin_residual_mad
2023-11-09 05:01:00,1.6763514,1.6763514,4.05186,False,False,False,4.05186,2.3755086,False,False,4.001890155786946,-1.6263815557869465,True,low_bin_residual_mad
2023-11-09 05:48:00,-4.392358,0.0,0.01409,False,False,False,0.01409,0.01409,False,False,0.017929999999999998,-0.003839999999999998,True,low_bin_residual_mad
2023-11-09 08:54:00,1.4521183,1.4521183,3.4444900000000005,False,False,False,3.4444900000000005,1.9923717000000005,False,False,3.44125268122445,-1.4488809812244496,True,low_bin_residual_mad
2023-11-09 10:01:00,-4.5110044,0.0,0.007679999999999999,False,False,False,0.007679999999999999,0.007679999999999999,False,False,0.017929999999999998,-0.010249999999999999,True,low_bin_residual_mad
2023-11-09 10:03:00,-4.9705563,0.0,0.0038399999999999997,False,False,False,0.0038399999999999997,0.0038399999999999997,False,False,0.017929999999999998,-0.014089999999999998,True,low_bin_residual_mad
2023-11-09 10:50:00,-3.9968653,0.0,0.01409,False,False,False,0.01409,0.01409,False,False,0.017929999999999998,-0.003839999999999998,True,low_bin_residual_mad
2023-11-09 10:52:00,-3.9155462,0.0,0.011519999999999999,False,False,False,0.011519999999999999,0.011519999999999999,False,False,0.017929999999999998,-0.006409999999999999,True,low_bin_residual_mad
2023-11-09 10:54:00,-4.095931,0.0,0.01409,False,False,False,0.01409,0.01409,False,False,0.017929999999999998,-0.003839999999999998,True,low_bin_residual_mad
2023-11-09 10:57:00,-4.0942073,0.0,0.0064,False,False,False,0.0064,0.0064,False,False,0.017929999999999998,-0.011529999999999999,True,low_bin_residual_mad
2023-11-13 18:17:00,0.0,0.0,3.0799900000000004,False,False,False,3.0799900000000004,3.0799900000000004,False,False,3.079653646353647,0.0003363536463534267,True,low_bin_residual_mad
2023-11-13 18:18:00,0.57762194,0.57762194,3.9378900000000003,False,False,False,3.9378900000000003,3.36026806,False,False,3.908201064358804,-0.547933004358804,True,low_bin_residual_mad
2023-11-13 18:19:00,0.5783949,0.5783949,3.7326099999999998,False,False,False,3.7326099999999998,3.1542150999999996,False,False,3.718761419852941,-0.5645463198529415,True,low_bin_residual_mad
2023-11-13 18:20:00,0.62577665,0.62577665,3.8469700000000007,False,False,False,3.8469700000000007,3.2211933500000005,False,False,3.8247410777469644,-0.6035477277469639,True,low_bin_residual_mad
2023-11-13 18:30:00,0.6289703,0.6289703,3.6604499999999995,False,False,False,3.6604499999999995,3.0314796999999993,False,False,3.649611623774509,-0.6181319237745098,True,low_bin_residual_mad
2023-11-13 21:05:00,0.0,0.0,5.175279999999999,False,False,False,5.175279999999999,5.175279999999999,False,False,3.215344408598962,1.9599355914010368,True,low_bin_residual_mad
2023-11-13 21:34:00,0.6147443,0.6147443,3.91228,False,False,False,3.91228,3.2975357,False,False,3.8846923725733964,-0.5871566725733963,True,low_bin_residual_mad
2023-11-13 21:46:00,0.0,0.0,4.81593,False,False,False,4.81593,4.81593,False,False,3.1532341296362736,1.6626958703637262,True,low_bin_residual_mad
2023-11-13 23:53:00,0.79558724,0.79558724,3.97161,False,False,False,3.97161,3.17602276,False,False,3.938853843756285,-0.7628310837562848,True,low_bin_residual_mad
2023-11-14 01:07:00,0.0,0.0,2.83371,False,False,False,2.83371,2.83371,False,False,2.8336212342451685,8.876575483141025e-05,True,low_bin_residual_mad
2023-11-14 02:20:00,-4.118039,0.0,0.008960000000000001,False,False,False,0.008960000000000001,0.008960000000000001,False,False,0.017929999999999998,-0.008969999999999997,True,low_bin_residual_mad
2023-11-14 02:32:00,-4.1607857,0.0,0.00512,False,False,False,0.00512,0.00512,False,False,0.017929999999999998,-0.012809999999999998,True,low_bin_residual_mad
2023-11-14 06:53:00,1.7555898,1.7555898,4.06894,False,False,False,4.06894,2.3133501999999995,False,False,3.922118073928715,-1.6087678739287155,True,low_bin_residual_mad
2023-11-14 06:59:00,0.0,0.0,2.8332900000000003,False,False,False,2.8332900000000003,2.8332900000000003,False,False,2.8331995481280927,9.045187190759307e-05,True,low_bin_residual_mad
2023-11-14 08:01:00,-4.252724,0.0,0.0064,False,False,False,0.0064,0.0064,False,False,0.017929999999999998,-0.011529999999999999,True,low_bin_residual_mad
2023-11-14 08:03:00,-4.2741632,0.0,0.007679999999999999,False,False,False,0.007679999999999999,0.007679999999999999,False,False,0.017929999999999998,-0.010249999999999999,True,low_bin_residual_mad
2023-11-14 08:07:00,-4.247896,0.0,0.01537,False,False,False,0.01537,0.01537,False,False,0.017929999999999998,-0.002559999999999998,True,low_bin_residual_mad
2023-11-14 08:15:00,-4.067059,0.0,0.01409,False,False,False,0.01409,0.01409,False,False,0.017929999999999998,-0.003839999999999998,True,low_bin_residual_mad
2023-11-14 08:17:00,-4.405421,0.0,0.01537,False,False,False,0.01537,0.01537,False,False,0.017929999999999998,-0.002559999999999998,True,low_bin_residual_mad
2023-11-14 08:23:00,-4.131741,0.0,0.00512,False,False,False,0.00512,0.00512,False,False,0.017929999999999998,-0.012809999999999998,True,low_bin_residual_mad
2023-11-14 16:11:00,0.60755974,0.60755974,3.87987,False,False,False,3.87987,3.27231026,False,False,3.8549416228363778,-0.582631362836378,True,low_bin_residual_mad
2023-11-14 16:44:00,-4.3239617,0.0,0.01024,False,False,False,0.01024,0.01024,False,False,0.017929999999999998,-0.007689999999999997,True,low_bin_residual_mad
2023-11-14 16:57:00,-3.9990115,0.0,0.0128,False,False,False,0.0128,0.0128,False,False,0.017929999999999998,-0.005129999999999997,True,low_bin_residual_mad
2023-11-14 17:01:00,-4.1832476,0.0,0.0064,False,False,False,0.0064,0.0064,False,False,0.017929999999999998,-0.011529999999999999,True,low_bin_residual_mad
2023-11-14 18:47:00,-4.624781,0.0,0.00683,False,False,False,0.00683,0.00683,False,False,0.017929999999999998,-0.011099999999999999,True,low_bin_residual_mad
2023-11-14 19:51:00,-4.5780153,0.0,0.007679999999999999,False,False,False,0.007679999999999999,0.007679999999999999,False,False,0.017929999999999998,-0.010249999999999999,True,low_bin_residual_mad
2023-11-14 20:45:00,-4.2601485,0.0,0.007679999999999999,False,False,False,0.007679999999999999,0.007679999999999999,False,False,0.017929999999999998,-0.010249999999999999,True,low_bin_residual_mad
2023-11-14 21:15:00,-4.2884774,0.0,0.011519999999999999,False,False,False,0.011519999999999999,0.011519999999999999,False,False,0.017929999999999998,-0.006409999999999999,True,low_bin_residual_mad
2023-11-14 21:16:00,-4.414882,0.0,0.00256,False,False,False,0.00256,0.00256,False,False,0.017929999999999998,-0.015369999999999998,True,low_bin_residual_mad
2023-11-14 21:17:00,-4.162548,0.0,0.00256,False,False,False,0.00256,0.00256,False,False,0.017929999999999998,-0.015369999999999998,True,low_bin_residual_mad
2023-11-14 22:41:00,0.6168728,0.6168728,3.6096699999999995,False,False,False,3.6096699999999995,2.9927971999999996,False,False,3.5995679494555164,-0.6067707494555168,True,low_bin_residual_mad
2023-11-14 22:42:00,0.0,0.0,2.82386,False,False,False,2.82386,2.82386,False,False,2.823731690785174,0.00012830921482587243,True,low_bin_residual_mad
2023-11-14 22:43:00,0.6037573,0.6037573,3.56274,False,False,False,3.56274,2.9589827,False,False,3.552850084240806,-0.5938673842408062,True,low_bin_residual_mad
2023-11-14 22:45:00,0.62955236,0.62955236,3.29894,False,False,False,3.29894,2.66938764,False,False,3.2978473744831662,-0.6284597344831662,True,low_bin_residual_mad
2023-11-15 01:45:00,-4.289517,0.0,0.01537,False,False,False,0.01537,0.01537,False,False,0.017929999999999998,-0.002559999999999998,True,low_bin_residual_mad
2023-11-15 01:47:00,-4.1970544,0.0,0.016649999999999998,False,False,False,0.016649999999999998,0.016649999999999998,False,False,0.017929999999999998,-0.0012799999999999999,True,low_bin_residual_mad
2023-11-15 02:30:00,0.0,0.0,3.0642,False,False,False,3.0642,3.0642,False,False,3.0640340079920083,0.0001659920079917221,True,low_bin_residual_mad
2023-11-15 02:33:00,1.4930103,1.4930103,3.96566,False,False,False,3.96566,2.4726497000000003,False,False,3.9334775467524645,-1.4608278467524642,True,low_bin_residual_mad
2023-11-15 03:09:00,1.2072711,1.2072711,3.989119999999999,False,False,False,3.989119999999999,2.781848899999999,False,False,3.9546755177960984,-1.1728266177960993,True,low_bin_residual_mad
2023-11-15 03:12:00,0.0,0.0,3.0782499999999997,False,False,False,3.0782499999999997,3.0782499999999997,False,False,3.0779324195804194,0.0003175804195802989,True,low_bin_residual_mad
2023-11-15 03:16:00,0.0,0.0,3.08722,False,False,False,3.08722,3.08722,False,False,3.0868056403596404,0.0004143596403594074,True,low_bin_residual_mad
2023-11-15 03:17:00,1.2297243,1.2297243,3.9468699999999997,False,False,False,3.9468699999999997,2.7171456999999997,False,False,3.9164442526537253,-1.1992985526537256,True,low_bin_residual_mad
2023-11-15 03:43:00,1.1991491,1.1991491,3.899069999999999,False,False,False,3.899069999999999,2.699920899999999,False,False,3.872566257052692,-1.172645357052693,True,low_bin_residual_mad
2023-11-15 03:45:00,0.0,0.0,3.08211,False,False,False,3.08211,3.08211,False,False,3.0817507732267737,0.0003592267732264176,True,low_bin_residual_mad
2023-11-15 04:04:00,0.0,0.0,3.06034,False,False,False,3.06034,3.06034,False,False,3.0602156543456545,0.0001243456543456034,True,low_bin_residual_mad
2023-11-15 04:48:00,0.0,0.0,3.0808300000000006,False,False,False,3.0808300000000006,3.0808300000000006,False,False,3.080484583416584,0.0003454165834164691,True,low_bin_residual_mad
2023-11-15 04:57:00,0.0,0.0,2.82988,False,False,False,2.82988,2.82988,False,False,2.8297758584632624,0.00010414153673776738,True,low_bin_residual_mad
2023-11-15 05:12:00,1.3007476,1.3007476,3.91998,False,False,False,3.91998,2.6192323999999996,False,False,3.8917605852538975,-1.2725281852538979,True,low_bin_residual_mad
2023-11-15 05:14:00,1.3152394,1.3152394,3.5717299999999996,False,False,False,3.5717299999999996,2.2564905999999993,False,False,3.5617994472981307,-1.3053088472981313,True,low_bin_residual_mad
2023-11-15 05:28:00,0.0,0.0,2.8268400000000002,False,False,False,2.8268400000000002,2.8268400000000002,False,False,2.826723654187284,0.00011634581271602329,True,low_bin_residual_mad
2023-11-15 05:29:00,0.0,0.0,2.8285600000000004,False,False,False,2.8285600000000004,2.8285600000000004,False,False,2.8284505592381666,0.00010944076183383444,True,low_bin_residual_mad
2023-11-15 06:35:00,-4.091543,0.0,0.0128,False,False,False,0.0128,0.0128,False,False,0.017929999999999998,-0.005129999999999997,True,low_bin_residual_mad
2023-11-15 06:44:00,-4.0371103,0.0,0.00256,False,False,False,0.00256,0.00256,False,False,0.017929999999999998,-0.015369999999999998,True,low_bin_residual_mad
2023-11-15 07:45:00,-4.063904,0.0,0.0064,False,False,False,0.0064,0.0064,False,False,0.017929999999999998,-0.011529999999999999,True,low_bin_residual_mad
2023-11-15 08:02:00,-4.2611933,0.0,0.0064,False,False,False,0.0064,0.0064,False,False,0.017929999999999998,-0.011529999999999999,True,low_bin_residual_mad
2023-11-15 16:52:00,-4.0671754,0.0,0.01024,False,False,False,0.01024,0.01024,False,False,0.017929999999999998,-0.007689999999999997,True,low_bin_residual_mad
2023-11-15 18:43:00,-4.324891,0.0,0.007679999999999999,False,False,False,0.007679999999999999,0.007679999999999999,False,False,0.017929999999999998,-0.010249999999999999,True,low_bin_residual_mad
2023-11-15 18:50:00,-4.334799,0.0,0.00256,False,False,False,0.00256,0.00256,False,False,0.017929999999999998,-0.015369999999999998,True,low_bin_residual_mad
2023-11-15 18:52:00,-4.363341,0.0,0.016649999999999998,False,False,False,0.016649999999999998,0.016649999999999998,False,False,0.017929999999999998,-0.0012799999999999999,True,low_bin_residual_mad
2023-11-15 20:03:00,0.0,0.0,2.8217599999999994,False,False,False,2.8217599999999994,2.8217599999999994,False,False,2.821623260199794,0.0001367398002054543,True,low_bin_residual_mad
2023-11-15 20:06:00,0.0,0.0,3.09959,False,False,False,3.09959,3.09959,False,False,3.099042177822178,0.0005478221778218995,True,low_bin_residual_mad
2023-11-15 20:08:00,1.2261868,1.2261868,3.679649999999999,False,False,False,3.679649999999999,2.453463199999999,False,False,3.6680106825980383,-1.2145474825980394,True,low_bin_residual_mad
2023-11-15 20:10:00,0.60299784,0.60299784,3.75266,False,False,False,3.75266,3.14966216,False,False,3.7378340881763528,-0.5881719281763527,True,low_bin_residual_mad
2023-11-15 20:14:00,1.5549824,1.5549824,3.978030000000001,False,False,False,3.978030000000001,2.4230476000000007,False,False,3.9446548230444414,-1.5216072230444406,True,low_bin_residual_mad
2023-11-15 21:03:00,1.2800032,1.2800032,3.9293599999999995,False,False,False,3.9293599999999995,2.6493567999999996,False,False,3.9003709534283257,-1.2510141534283261,True,low_bin_residual_mad
2023-11-15 21:05:00,0.60730565,0.60730565,3.6263199999999998,False,False,False,3.6263199999999998,3.01901435,False,False,3.6161426874871583,-0.5971283374871583,True,low_bin_residual_mad
2023-11-15 21:34:00,-4.7222652,0.0,0.0064,False,False,False,0.0064,0.0064,False,False,0.017929999999999998,-0.011529999999999999,True,low_bin_residual_mad
2023-11-15 21:41:00,-4.420891,0.0,0.01536,False,False,False,0.01536,0.01536,False,False,0.017929999999999998,-0.0025699999999999976,True,low_bin_residual_mad
2023-11-15 21:54:00,-4.719109,0.0,0.01537,False,False,False,0.01537,0.01537,False,False,0.017929999999999998,-0.002559999999999998,True,low_bin_residual_mad
2023-11-15 22:14:00,-4.173456,0.0,0.00512,False,False,False,0.00512,0.00512,False,False,0.017929999999999998,-0.012809999999999998,True,low_bin_residual_mad
2023-11-15 22:19:00,-4.486514,0.0,0.01024,False,False,False,0.01024,0.01024,False,False,0.017929999999999998,-0.007689999999999997,True,low_bin_residual_mad
2023-11-15 22:24:00,-4.50507,0.0,0.011519999999999999,False,False,False,0.011519999999999999,0.011519999999999999,False,False,0.017929999999999998,-0.006409999999999999,True,low_bin_residual_mad
2023-11-15 22:27:00,-4.565464,0.0,0.007679999999999999,False,False,False,0.007679999999999999,0.007679999999999999,False,False,0.017929999999999998,-0.010249999999999999,True,low_bin_residual_mad
2023-11-15 22:29:00,-4.478896,0.0,0.00256,False,False,False,0.00256,0.00256,False,False,0.017929999999999998,-0.015369999999999998,True,low_bin_residual_mad
2023-11-15 22:31:00,-4.4061556,0.0,0.008960000000000001,False,False,False,0.008960000000000001,0.008960000000000001,False,False,0.017929999999999998,-0.008969999999999997,True,low_bin_residual_mad
2023-11-15 22:57:00,1.4226223,1.4226223,3.507239999999999,False,False,False,3.507239999999999,2.084617699999999,False,False,3.500141238751194,-1.415523538751195,True,low_bin_residual_mad
2023-11-16 01:11:00,0.58272856,0.58272856,3.758189999999999,False,False,False,3.758189999999999,3.175461439999999,False,False,3.7429301788191762,-0.5674687388191773,True,low_bin_residual_mad
2023-11-16 01:33:00,0.6081792,0.6081792,3.49997,False,False,False,3.49997,2.8917908,False,False,3.493341261374492,-0.601550461374492,True,low_bin_residual_mad
2023-11-19 16:53:00,0.0,0.0,2.83498,False,False,False,2.83498,2.83498,False,False,2.8348963327420407,8.366725795916352e-05,True,low_bin_residual_mad
2023-11-19 17:44:00,0.0,0.0,3.0898199999999996,False,False,False,3.0898199999999996,3.0898199999999996,False,False,3.089377588411588,0.0004424115884114066,True,low_bin_residual_mad
2023-11-19 18:07:00,-0.5786252,0.0,3.056510000000001,False,False,False,3.056510000000001,3.056510000000001,False,False,3.056426977022978,8.30229770230062e-05,True,low_bin_residual_mad
2023-11-19 18:22:00,0.0,0.0,2.8256,False,False,False,2.8256,2.8256,False,False,2.825478676127346,0.00012132387265406663,True,low_bin_residual_mad
2023-11-19 18:35:00,0.0,0.0,3.0757299999999996,False,False,False,3.0757299999999996,3.0757299999999996,False,False,3.075439608391608,0.0002903916083916158,True,low_bin_residual_mad
2023-11-19 20:06:00,1.5297396,1.5297396,3.86239,False,False,False,3.86239,2.3326504,False,False,3.8388958621019413,-1.5062454621019414,True,low_bin_residual_mad
2023-11-19 20:10:00,1.292978,1.292978,3.7689,False,False,False,3.7689,2.4759219999999997,False,False,3.752799822722368,-1.2768778227223683,True,low_bin_residual_mad
2023-11-19 20:24:00,0.0,0.0,3.07954,False,False,False,3.07954,3.07954,False,False,3.079208501498502,0.000331498501498384,True,low_bin_residual_mad
2023-11-19 20:25:00,1.6042209,1.6042209,3.9285099999999997,False,False,False,3.9285099999999997,2.3242890999999997,False,False,3.899590696184375,-1.5753015961843753,True,low_bin_residual_mad
2023-11-23 08:31:00,-4.196762,0.0,0.01537,False,False,False,0.01537,0.01537,False,False,0.017929999999999998,-0.002559999999999998,True,low_bin_residual_mad
2023-11-23 08:32:00,-4.1993976,0.0,0.01024,False,False,False,0.01024,0.01024,False,False,0.017929999999999998,-0.007689999999999997,True,low_bin_residual_mad
2023-11-27 19:59:00,0.0,0.0,2.827719999999999,False,False,False,2.827719999999999,2.827719999999999,False,False,2.8276071870040136,0.00011281299598531191,True,low_bin_residual_mad
2023-11-27 20:00:00,0.0,0.0,3.09148,False,False,False,3.09148,3.09148,False,False,3.091019678321678,0.0004603216783216624,True,low_bin_residual_mad
2023-11-27 20:13:00,0.0,0.0,2.80938,False,False,False,2.80938,2.80938,False,False,2.8091935598917,0.0001864401082998235,True,low_bin_residual_mad
2023-11-27 20:14:00,0.0,0.0,3.0897999999999994,False,False,False,3.0897999999999994,3.0897999999999994,False,False,3.089357804195804,0.0004421958041955776,True,low_bin_residual_mad
2023-11-27 20:28:00,0.0,0.0,2.80808,False,False,False,2.80808,2.80808,False,False,2.8078883409578936,0.0001916590421062736,True,low_bin_residual_mad
2023-11-27 20:34:00,0.0,0.0,3.06804,False,False,False,3.06804,3.06804,False,False,3.0678325774225774,0.00020742257742245584,True,low_bin_residual_mad
2023-11-27 20:35:00,0.0,0.0,2.82861,False,False,False,2.82861,2.82861,False,False,2.8285007599663894,0.0001092400336104582,True,low_bin_residual_mad
2023-11-27 20:36:00,0.0,0.0,2.81449,False,False,False,2.81449,2.81449,False,False,2.814324074316124,0.0001659256838761891,True,low_bin_residual_mad
2023-11-27 22:51:00,-4.371908,0.0,0.0064,False,False,False,0.0064,0.0064,False,False,0.017929999999999998,-0.011529999999999999,True,low_bin_residual_mad
2023-11-27 22:52:00,-4.1174917,0.0,0.0038399999999999997,False,False,False,0.0038399999999999997,0.0038399999999999997,False,False,0.017929999999999998,-0.014089999999999998,True,low_bin_residual_mad
2023-11-27 23:09:00,-4.3474236,0.0,0.00128,False,False,False,0.00128,0.00128,False,False,0.017929999999999998,-0.016649999999999998,True,low_bin_residual_mad
2023-11-27 23:14:00,-4.136644,0.0,0.00256,False,False,False,0.00256,0.00256,False,False,0.017929999999999998,-0.015369999999999998,True,low_bin_residual_mad
2023-11-27 23:43:00,-4.1580706,0.0,0.01537,False,False,False,0.01537,0.01537,False,False,0.017929999999999998,-0.002559999999999998,True,low_bin_residual_mad
2023-11-27 23:48:00,-4.182905,0.0,0.007679999999999999,False,False,False,0.007679999999999999,0.007679999999999999,False,False,0.017929999999999998,-0.010249999999999999,True,low_bin_residual_mad
2023-11-27 23:50:00,-4.170227,0.0,0.00128,False,False,False,0.00128,0.00128,False,False,0.017929999999999998,-0.016649999999999998,True,low_bin_residual_mad
2023-11-27 23:53:00,-4.2068834,0.0,0.008960000000000001,False,False,False,0.008960000000000001,0.008960000000000001,False,False,0.017929999999999998,-0.008969999999999997,True,low_bin_residual_mad
2023-11-28 18:07:00,-4.361405,0.0,0.0038399999999999997,False,False,False,0.0038399999999999997,0.0038399999999999997,False,False,0.017929999999999998,-0.014089999999999998,True,low_bin_residual_mad
2023-11-28 18:26:00,-4.59925,0.0,0.011519999999999999,False,False,False,0.011519999999999999,0.011519999999999999,False,False,0.017929999999999998,-0.006409999999999999,True,low_bin_residual_mad
2023-11-28 18:28:00,-4.598805,0.0,0.008960000000000001,False,False,False,0.008960000000000001,0.008960000000000001,False,False,0.017929999999999998,-0.008969999999999997,True,low_bin_residual_mad
2023-11-28 18:37:00,-4.4056187,0.0,0.016649999999999998,False,False,False,0.016649999999999998,0.016649999999999998,False,False,0.017929999999999998,-0.0012799999999999999,True,low_bin_residual_mad
2023-11-28 18:48:00,-4.5256424,0.0,0.0038399999999999997,False,False,False,0.0038399999999999997,0.0038399999999999997,False,False,0.017929999999999998,-0.014089999999999998,True,low_bin_residual_mad
2023-11-28 19:04:00,-4.3659043,0.0,0.0128,False,False,False,0.0128,0.0128,False,False,0.017929999999999998,-0.005129999999999997,True,low_bin_residual_mad
2023-11-28 19:14:00,-4.7683916,0.0,0.01024,False,False,False,0.01024,0.01024,False,False,0.017929999999999998,-0.007689999999999997,True,low_bin_residual_mad
2023-11-28 19:33:00,-4.658012,0.0,0.00512,False,False,False,0.00512,0.00512,False,False,0.017929999999999998,-0.012809999999999998,True,low_bin_residual_mad
2023-11-28 20:14:00,1.2954924,1.2954924,3.699309999999999,False,False,False,3.699309999999999,2.403817599999999,False,False,3.6868505522058816,-1.2830329522058825,True,low_bin_residual_mad
2023-11-28 20:34:00,1.19958,1.19958,3.80301,False,False,False,3.80301,2.60343,False,False,3.7842333944812703,-1.1808033944812704,True,low_bin_residual_mad
2023-11-28 20:38:00,1.3574908,1.3574908,3.95455,False,False,False,3.95455,2.5970591999999995,False,False,3.9234387804142377,-1.3263795804142382,True,low_bin_residual_mad
2023-12-02 03:10:00,1.1733522,1.1733522,3.82181,False,False,False,3.82181,2.6484578,False,False,3.8015582595961157,-1.1531004595961156,True,low_bin_residual_mad
2023-12-02 03:37:00,0.0,0.0,3.05438,False,False,False,3.05438,3.05438,False,False,3.054319958041958,6.004195804187873e-05,True,low_bin_residual_mad
2023-12-02 03:46:00,-0.77557456,0.0,3.08001,False,False,False,3.08001,3.08001,False,False,3.079673430569431,0.0003365694305692557,True,low_bin_residual_mad
2023-12-02 03:58:00,1.4758775,1.4758775,3.8021599999999998,False,False,False,3.8021599999999998,2.3262824999999996,False,False,3.7834500894095884,-1.4571675894095888,True,low_bin_residual_mad
2023-12-02 17:55:00,-4.1628666,0.0,0.00512,False,False,False,0.00512,0.00512,False,False,0.017929999999999998,-0.012809999999999998,True,low_bin_residual_mad
2023-12-02 18:03:00,-4.0110235,0.0,0.0064,False,False,False,0.0064,0.0064,False,False,0.017929999999999998,-0.011529999999999999,True,low_bin_residual_mad
2023-12-02 18:13:00,-3.9192557,0.0,0.00512,False,False,False,0.00512,0.00512,False,False,0.017929999999999998,-0.012809999999999998,True,low_bin_residual_mad
2023-12-02 18:31:00,-4.0352936,0.0,0.00512,False,False,False,0.00512,0.00512,False,False,0.017929999999999998,-0.012809999999999998,True,low_bin_residual_mad
2023-12-02 18:32:00,-3.9712925,0.0,0.016649999999999998,False,False,False,0.016649999999999998,0.016649999999999998,False,False,0.017929999999999998,-0.0012799999999999999,True,low_bin_residual_mad
2023-12-02 19:08:00,-4.1018333,0.0,0.007679999999999999,False,False,False,0.007679999999999999,0.007679999999999999,False,False,0.017929999999999998,-0.010249999999999999,True,low_bin_residual_mad
2023-12-02 20:06:00,-0.8675308,0.0,2.80299,False,False,False,2.80299,2.80299,False,False,2.8027779068247596,0.00021209317524029103,True,low_bin_residual_mad
2023-12-02 20:27:00,-0.75004816,0.0,2.8221799999999995,False,False,False,2.8221799999999995,2.8221799999999995,False,False,2.82204494631687,0.00013505368312927146,True,low_bin_residual_mad
2023-12-02 20:30:00,0.0,0.0,2.8379700000000003,False,False,False,2.8379700000000003,2.8379700000000003,False,False,2.837898336289796,7.166371020428386e-05,True,low_bin_residual_mad
2023-12-02 22:32:00,0.0,0.0,2.8251600000000003,False,False,False,2.8251600000000003,2.8251600000000003,False,False,2.825036909718981,0.00012309028101942232,True,low_bin_residual_mad
2023-12-02 22:34:00,0.0,0.0,2.8226199999999997,False,False,False,2.8226199999999997,2.8226199999999997,False,False,2.8224867127252353,0.00013328727476435986,True,low_bin_residual_mad
2023-12-03 00:54:00,-0.6399847,0.0,3.0667500000000003,False,False,False,3.0667500000000003,3.0667500000000003,False,False,3.066556495504496,0.00019350449550437077,True,low_bin_residual_mad
2023-12-03 05:08:00,-0.8706902,0.0,3.071439999999999,False,False,False,3.071439999999999,3.071439999999999,False,False,3.071195894105893,0.00024410589410583938,True,low_bin_residual_mad
2023-12-03 06:43:00,-4.413528,0.0,0.01409,False,False,False,0.01409,0.01409,False,False,0.017929999999999998,-0.003839999999999998,True,low_bin_residual_mad
2023-12-03 06:44:00,-4.0640106,0.0,0.0064,False,False,False,0.0064,0.0064,False,False,0.017929999999999998,-0.011529999999999999,True,low_bin_residual_mad
2023-12-03 10:16:00,-4.314818,0.0,0.01409,False,False,False,0.01409,0.01409,False,False,0.017929999999999998,-0.003839999999999998,True,low_bin_residual_mad
2023-12-03 21:27:00,-3.9140944,0.0,0.01409,False,False,False,0.01409,0.01409,False,False,0.017929999999999998,-0.003839999999999998,True,low_bin_residual_mad
2023-12-03 22:55:00,-0.5885478,0.0,3.0671800000000005,False,False,False,3.0671800000000005,3.0671800000000005,False,False,3.066981856143857,0.00019814385614358443,True,low_bin_residual_mad
2023-12-03 23:33:00,-0.8460759,0.0,2.8106400000000002,False,False,False,2.8106400000000002,2.8106400000000002,False,False,2.810458618242928,0.0001813817570721632,True,low_bin_residual_mad
2023-12-03 23:38:00,0.0,0.0,3.0769999999999995,False,False,False,3.0769999999999995,3.0769999999999995,False,False,3.0766959060939056,0.0003040939060938719,True,low_bin_residual_mad
2023-12-04 01:36:00,1.2735063,1.2735063,3.8098399999999994,False,False,False,3.8098399999999994,2.5363336999999992,False,False,3.790527481116078,-1.2541937811160788,True,low_bin_residual_mad
2023-12-04 06:58:00,1.322454,1.322454,3.949010000000001,False,False,False,3.949010000000001,2.626556000000001,False,False,3.918408665009087,-1.291852665009086,True,low_bin_residual_mad
2023-12-04 07:10:00,-0.7278936,0.0,2.82986,False,False,False,2.82986,2.82986,False,False,2.8297557781719727,0.00010422182802738433,True,low_bin_residual_mad
2023-12-04 07:40:00,-4.137456,0.0,0.011519999999999999,False,False,False,0.011519999999999999,0.011519999999999999,False,False,0.017929999999999998,-0.006409999999999999,True,low_bin_residual_mad
2023-12-04 07:51:00,-3.8629146,0.0,0.011519999999999999,False,False,False,0.011519999999999999,0.011519999999999999,False,False,0.017929999999999998,-0.006409999999999999,True,low_bin_residual_mad
2023-12-04 08:17:00,-3.7839248,0.0,0.00256,False,False,False,0.00256,0.00256,False,False,0.017929999999999998,-0.015369999999999998,True,low_bin_residual_mad
2023-12-04 08:23:00,-4.132757,0.0,0.00128,False,False,False,0.00128,0.00128,False,False,0.017929999999999998,-0.016649999999999998,True,low_bin_residual_mad
2023-12-04 08:24:00,-4.3124847,0.0,0.007679999999999999,False,False,False,0.007679999999999999,0.007679999999999999,False,False,0.017929999999999998,-0.010249999999999999,True,low_bin_residual_mad
2023-12-04 08:48:00,-3.9169908,0.0,0.0038399999999999997,False,False,False,0.0038399999999999997,0.0038399999999999997,False,False,0.017929999999999998,-0.014089999999999998,True,low_bin_residual_mad
2023-12-04 09:10:00,-0.65190643,0.0,3.0821400000000003,False,False,False,3.0821400000000003,3.0821400000000003,False,False,3.08178044955045,0.0003595504495503832,True,low_bin_residual_mad
2023-12-04 09:33:00,0.0,0.0,3.069309999999998,False,False,False,3.069309999999998,3.069309999999998,False,False,3.0690888751248733,0.0002211248751247119,True,low_bin_residual_mad
2023-12-04 09:50:00,0.60721266,0.60721266,3.521760000000001,False,False,False,3.521760000000001,2.914547340000001,False,False,3.5137224865517087,-0.5991751465517079,True,low_bin_residual_mad
2023-12-04 09:51:00,1.3454762,1.3454762,3.978039999999999,False,False,False,3.978039999999999,2.632563799999999,False,False,3.944663858837724,-1.312100058837725,True,low_bin_residual_mad
2023-12-04 09:52:00,1.22359,1.22359,3.7351599999999996,False,False,False,3.7351599999999996,2.51157,False,False,3.721205044852941,-1.209635044852941,True,low_bin_residual_mad
2023-12-04 13:38:00,-4.0545673,0.0,0.011519999999999999,False,False,False,0.011519999999999999,0.011519999999999999,False,False,0.017929999999999998,-0.006409999999999999,True,low_bin_residual_mad
2023-12-04 13:40:00,-4.3609366,0.0,0.0128,False,False,False,0.0128,0.0128,False,False,0.017929999999999998,-0.005129999999999997,True,low_bin_residual_mad
2023-12-04 13:44:00,-4.594164,0.0,0.01024,False,False,False,0.01024,0.01024,False,False,0.017929999999999998,-0.007689999999999997,True,low_bin_residual_mad
2023-12-04 15:22:00,-4.3358297,0.0,0.00512,False,False,False,0.00512,0.00512,False,False,0.017929999999999998,-0.012809999999999998,True,low_bin_residual_mad
2023-12-04 15:24:00,-4.2971945,0.0,0.0128,False,False,False,0.0128,0.0128,False,False,0.017929999999999998,-0.005129999999999997,True,low_bin_residual_mad
2023-12-04 16:12:00,0.0,0.0,2.82218,False,False,False,2.82218,2.82218,False,False,2.8220449463168706,0.00013505368312927146,True,low_bin_residual_mad
2023-12-05 15:44:00,-4.6043596,0.0,0.007679999999999999,False,False,False,0.007679999999999999,0.007679999999999999,False,False,0.017929999999999998,-0.010249999999999999,True,low_bin_residual_mad
2023-12-05 16:00:00,-4.308547,0.0,0.011519999999999999,False,False,False,0.011519999999999999,0.011519999999999999,False,False,0.017929999999999998,-0.006409999999999999,True,low_bin_residual_mad
2023-12-05 16:23:00,-4.4732566,0.0,0.00256,False,False,False,0.00256,0.00256,False,False,0.017929999999999998,-0.015369999999999998,True,low_bin_residual_mad
2023-12-05 16:29:00,-4.54141,0.0,0.008960000000000001,False,False,False,0.008960000000000001,0.008960000000000001,False,False,0.017929999999999998,-0.008969999999999997,True,low_bin_residual_mad
2023-12-05 18:18:00,1.2877171,1.2877171,3.916549999999999,False,False,False,3.916549999999999,2.628832899999999,False,False,3.888612017787128,-1.259779117787129,True,low_bin_residual_mad
2023-12-06 20:58:00,1.1809008,1.1809008,3.8145599999999997,False,False,False,3.8145599999999997,2.6336591999999994,False,False,3.7948771281023586,-1.1612179281023591,True,low_bin_residual_mad
2023-12-06 21:01:00,0.0,0.0,3.08466,False,False,False,3.08466,3.08466,False,False,3.084273260739261,0.0003867392607390663,True,low_bin_residual_mad
2023-12-06 21:29:00,-3.9770553,0.0,0.008960000000000001,False,False,False,0.008960000000000001,0.008960000000000001,False,False,0.017929999999999998,-0.008969999999999997,True,low_bin_residual_mad
2023-12-06 21:32:00,-4.229316,0.0,0.012799999999999999,False,False,False,0.012799999999999999,0.012799999999999999,False,False,0.017929999999999998,-0.005129999999999999,True,low_bin_residual_mad
2023-12-06 21:34:00,-4.404773,0.0,0.008960000000000001,False,False,False,0.008960000000000001,0.008960000000000001,False,False,0.017929999999999998,-0.008969999999999997,True,low_bin_residual_mad
2023-12-06 21:35:00,-4.0361767,0.0,0.0038399999999999997,False,False,False,0.0038399999999999997,0.0038399999999999997,False,False,0.017929999999999998,-0.014089999999999998,True,low_bin_residual_mad
2023-12-06 21:37:00,-4.085117,0.0,0.008960000000000001,False,False,False,0.008960000000000001,0.008960000000000001,False,False,0.017929999999999998,-0.008969999999999997,True,low_bin_residual_mad
2023-12-06 21:56:00,-4.1707807,0.0,0.00512,False,False,False,0.00512,0.00512,False,False,0.017929999999999998,-0.012809999999999998,True,low_bin_residual_mad
2023-12-09 10:14:00,0.0,0.0,3.0910799999999994,False,False,False,3.0910799999999994,3.0910799999999994,False,False,3.0906239940059934,0.0004560059940059702,True,low_bin_residual_mad
2023-12-09 11:22:00,-4.6090245,0.0,0.01024,False,False,False,0.01024,0.01024,False,False,0.017929999999999998,-0.007689999999999997,True,low_bin_residual_mad
2023-12-09 11:52:00,-5.132575,0.0,0.00128,False,False,False,0.00128,0.00128,False,False,0.017929999999999998,-0.016649999999999998,True,low_bin_residual_mad
2023-12-09 11:53:00,-5.194107,0.0,0.0038399999999999997,False,False,False,0.0038399999999999997,0.0038399999999999997,False,False,0.017929999999999998,-0.014089999999999998,True,low_bin_residual_mad
2023-12-09 11:59:00,-5.333459,0.0,0.00128,False,False,False,0.00128,0.00128,False,False,0.017929999999999998,-0.016649999999999998,True,low_bin_residual_mad
2023-12-09 12:09:00,-4.259886,0.0,0.0038399999999999997,False,False,False,0.0038399999999999997,0.0038399999999999997,False,False,0.017929999999999998,-0.014089999999999998,True,low_bin_residual_mad
2023-12-09 12:38:00,-4.306208,0.0,0.008960000000000001,False,False,False,0.008960000000000001,0.008960000000000001,False,False,0.017929999999999998,-0.008969999999999997,True,low_bin_residual_mad
2023-12-09 12:40:00,-4.524797,0.0,0.00128,False,False,False,0.00128,0.00128,False,False,0.017929999999999998,-0.016649999999999998,True,low_bin_residual_mad
2023-12-09 12:49:00,-4.5124207,0.0,0.0038399999999999997,False,False,False,0.0038399999999999997,0.0038399999999999997,False,False,0.017929999999999998,-0.014089999999999998,True,low_bin_residual_mad
2023-12-09 12:50:00,-4.8882966,0.0,0.00256,False,False,False,0.00256,0.00256,False,False,0.017929999999999998,-0.015369999999999998,True,low_bin_residual_mad
2023-12-13 01:57:00,0.7150693,0.7150693,3.89009,False,False,False,3.89009,3.1750206999999997,False,False,3.8643230687577703,-0.6893023687577706,True,low_bin_residual_mad
2023-12-13 01:59:00,0.65413284,0.65413284,3.9989500000000002,False,False,False,3.9989500000000002,3.3448171600000003,False,False,3.9635577025940085,-0.6187405425940082,True,low_bin_residual_mad
2023-12-13 04:09:00,-4.5610666,0.0,0.0064,False,False,False,0.0064,0.0064,False,False,0.017929999999999998,-0.011529999999999999,True,low_bin_residual_mad
2023-12-13 04:13:00,-4.624415,0.0,0.016640000000000002,False,False,False,0.016640000000000002,0.016640000000000002,False,False,0.017929999999999998,-0.001289999999999996,True,low_bin_residual_mad
2023-12-13 04:29:00,-4.1330013,0.0,0.01409,False,False,False,0.01409,0.01409,False,False,0.017929999999999998,-0.003839999999999998,True,low_bin_residual_mad
2023-12-13 05:33:00,-4.168423,0.0,0.011519999999999999,False,False,False,0.011519999999999999,0.011519999999999999,False,False,0.017929999999999998,-0.006409999999999999,True,low_bin_residual_mad
2023-12-13 07:08:00,-0.88530684,0.0,2.8055499999999993,False,False,False,2.8055499999999993,2.8055499999999993,False,False,2.805348184109793,0.00020181589020618063,True,low_bin_residual_mad
2023-12-13 08:54:00,0.61995965,0.61995965,3.520900000000001,False,False,False,3.520900000000001,2.900940350000001,False,False,3.5129180875772983,-0.6119777375772975,True,low_bin_residual_mad
2023-12-13 09:01:00,-4.798314,0.0,0.00512,False,False,False,0.00512,0.00512,False,False,0.017929999999999998,-0.012809999999999998,True,low_bin_residual_mad
2023-12-13 10:33:00,0.0,0.0,5.022069999999999,False,False,False,5.022069999999999,5.022069999999999,False,False,3.2089392483165327,1.8131307516834667,True,low_bin_residual_mad
2023-12-13 10:49:00,0.6642932,0.6642932,3.844870000000001,False,False,False,3.844870000000001,3.180576800000001,False,False,3.822808865423155,-0.6422320654231539,True,low_bin_residual_mad
2023-12-14 03:36:00,0.7321172,0.7321172,3.84783,False,False,False,3.84783,3.1157128,False,False,3.825530514487903,-0.7098177144879032,True,low_bin_residual_mad
2023-12-14 03:45:00,-4.268411,0.0,0.0038399999999999997,False,False,False,0.0038399999999999997,0.0038399999999999997,False,False,0.017929999999999998,-0.014089999999999998,True,low_bin_residual_mad
2023-12-14 03:47:00,-4.539774,0.0,0.008960000000000001,False,False,False,0.008960000000000001,0.008960000000000001,False,False,0.017929999999999998,-0.008969999999999997,True,low_bin_residual_mad
2023-12-14 03:49:00,-4.559028,0.0,0.007679999999999999,False,False,False,0.007679999999999999,0.007679999999999999,False,False,0.017929999999999998,-0.010249999999999999,True,low_bin_residual_mad
2023-12-14 03:50:00,-4.4205914,0.0,0.00256,False,False,False,0.00256,0.00256,False,False,0.017929999999999998,-0.015369999999999998,True,low_bin_residual_mad
2023-12-14 03:51:00,-4.492903,0.0,0.01537,False,False,False,0.01537,0.01537,False,False,0.017929999999999998,-0.002559999999999998,True,low_bin_residual_mad
2023-12-14 04:08:00,0.6214041,0.6214041,3.8691999999999998,False,False,False,3.8691999999999998,3.2477959,False,False,3.8451470995505406,-0.5973511995505407,True,low_bin_residual_mad
2023-12-14 04:09:00,1.4495125,1.4495125,3.776990000000001,False,False,False,3.776990000000001,2.327477500000001,False,False,3.760255043934023,-1.432777543934022,True,low_bin_residual_mad
2023-12-14 06:12:00,0.0,0.0,4.847499999999999,False,False,False,4.847499999999999,4.847499999999999,False,False,3.1655027328459076,1.6819972671540917,True,low_bin_residual_mad
2023-12-14 08:50:00,0.0,0.0,5.297350000000001,False,False,False,5.297350000000001,5.297350000000001,False,False,3.2448424094263517,2.052507590573649,True,low_bin_residual_mad
2023-12-14 08:53:00,0.59193987,0.59193987,3.73771,False,False,False,3.73771,3.14577013,False,False,3.723648669852941,-0.5778785398529411,True,low_bin_residual_mad
2023-12-14 09:11:00,0.0,0.0,5.223069999999999,False,False,False,5.223069999999999,5.223069999999999,False,False,3.232663447916977,1.990406552083022,True,low_bin_residual_mad
2023-12-14 14:11:00,0.0,0.0,2.8187499999999996,False,False,False,2.8187499999999996,2.8187499999999996,False,False,2.81860117636075,0.0001488236392495068,True,low_bin_residual_mad
2023-12-14 14:12:00,-0.6180829,0.0,2.8396700000000004,False,False,False,2.8396700000000004,2.8396700000000004,False,False,2.8396051610493886,6.483895061171197e-05,True,low_bin_residual_mad
2023-12-14 14:14:00,1.5690207,1.5690207,3.8486899999999995,False,False,False,3.8486899999999995,2.2796692999999992,False,False,3.8263199512288417,-1.5466506512288425,True,low_bin_residual_mad
2023-12-14 14:28:00,0.0,0.0,4.90893,False,False,False,4.90893,4.90893,False,False,3.1820480661077286,1.7268819338922712,True,low_bin_residual_mad
2023-12-14 14:35:00,0.6209202,0.6209202,3.859340000000001,False,False,False,3.859340000000001,3.238419800000001,False,False,3.836096115520705,-0.5976763155207041,True,low_bin_residual_mad
2023-12-14 15:04:00,-4.339942,0.0,0.016649999999999998,False,False,False,0.016649999999999998,0.016649999999999998,False,False,0.017929999999999998,-0.0012799999999999999,True,low_bin_residual_mad
2023-12-14 15:09:00,-4.2930126,0.0,0.00128,False,False,False,0.00128,0.00128,False,False,0.017929999999999998,-0.016649999999999998,True,low_bin_residual_mad
2023-12-14 15:12:00,-4.3398185,0.0,0.007679999999999999,False,False,False,0.007679999999999999,0.007679999999999999,False,False,0.017929999999999998,-0.010249999999999999,True,low_bin_residual_mad
2023-12-14 16:04:00,0.5793475,0.5793475,3.2890999999999995,False,False,False,3.2890999999999995,2.7097524999999996,False,False,3.2878838659184875,-0.5781313659184879,True,low_bin_residual_mad
2023-12-14 16:06:00,0.6015822,0.6015822,3.2054800000000006,False,False,False,3.2054800000000006,2.6038978000000004,False,False,3.2040295304549358,-0.6001317304549354,True,low_bin_residual_mad
2023-12-14 17:08:00,-4.248211,0.0,0.01537,False,False,False,0.01537,0.01537,False,False,0.017929999999999998,-0.002559999999999998,True,low_bin_residual_mad
2023-12-14 18:03:00,0.0,0.0,4.909770000000001,False,False,False,4.909770000000001,4.909770000000001,False,False,3.1822680713909812,1.7275019286090196,True,low_bin_residual_mad
2023-12-14 18:20:00,0.59896916,0.59896916,3.7351799999999997,False,False,False,3.7351799999999997,3.1362108399999995,False,False,3.7212242105392157,-0.5850133705392162,True,low_bin_residual_mad
2023-12-14 20:05:00,0.63608694,0.63608694,3.8482600000000007,False,False,False,3.8482600000000007,3.2121730600000005,False,False,3.8259252328583733,-0.6137521728583728,True,low_bin_residual_mad
2023-12-14 20:07:00,0.61775994,0.61775994,3.8230999999999993,False,False,False,3.8230999999999993,3.2053400599999993,False,False,3.802747040234314,-0.5974069802343149,True,low_bin_residual_mad
2023-12-18 01:13:00,-4.181286,0.0,0.01537,False,False,False,0.01537,0.01537,False,False,0.017929999999999998,-0.002559999999999998,True,low_bin_residual_mad
2023-12-18 01:57:00,0.0,0.0,3.09492,False,False,False,3.09492,3.09492,False,False,3.094422563436564,0.0004974365634362599,True,low_bin_residual_mad
2023-12-18 07:20:00,0.61632746,0.61632746,3.9993600000000007,False,False,False,3.9993600000000007,3.3830325400000008,False,False,3.963928170118642,-0.5808956301186412,True,low_bin_residual_mad
2023-12-18 07:34:00,0.5790237,0.5790237,3.621619999999999,False,False,False,3.621619999999999,3.042596299999999,False,False,3.611463932607355,-0.5688676326073558,True,low_bin_residual_mad
2023-12-18 07:35:00,0.6382413,0.6382413,3.8947999999999996,False,False,False,3.8947999999999996,3.2565586999999994,False,False,3.8686466118389595,-0.6120879118389602,True,low_bin_residual_mad
2023-12-18 07:36:00,-0.8144314,0.0,2.8285799999999997,False,False,False,2.8285799999999997,2.8285799999999997,False,False,2.8284706395294554,0.00010936047054421749,True,low_bin_residual_mad
2023-12-18 08:08:00,-4.2602615,0.0,0.011519999999999999,False,False,False,0.011519999999999999,0.011519999999999999,False,False,0.017929999999999998,-0.006409999999999999,True,low_bin_residual_mad
2023-12-18 09:04:00,0.592315,0.592315,3.48418,False,False,False,3.48418,2.8918649999999997,False,False,3.4785721220652563,-0.5867071220652567,True,low_bin_residual_mad
2023-12-23 08:47:00,0.77738297,0.77738297,3.3356399999999997,False,False,False,3.3356399999999997,2.5582570299999996,False,False,3.3350080212640285,-0.7767509912640289,True,low_bin_residual_mad
2023-12-23 08:48:00,0.63686544,0.63686544,3.892649999999999,False,False,False,3.892649999999999,3.2557845599999986,False,False,3.866673019986611,-0.6108884599866125,True,low_bin_residual_mad
2023-12-23 08:53:00,0.0,0.0,3.0966299999999998,False,False,False,3.0966299999999998,3.0966299999999998,False,False,3.096114113886114,0.0005158861138858661,True,low_bin_residual_mad
2023-12-23 09:43:00,-4.5172505,0.0,0.007679999999999999,False,False,False,0.007679999999999999,0.007679999999999999,False,False,0.017929999999999998,-0.010249999999999999,True,low_bin_residual_mad
2023-12-23 10:10:00,-4.081654,0.0,0.00512,False,False,False,0.00512,0.00512,False,False,0.017929999999999998,-0.012809999999999998,True,low_bin_residual_mad
2023-12-23 10:11:00,-4.1309857,0.0,0.016649999999999998,False,False,False,0.016649999999999998,0.016649999999999998,False,False,0.017929999999999998,-0.0012799999999999999,True,low_bin_residual_mad
2023-12-23 10:55:00,-0.696355,0.0,3.0637399999999997,False,False,False,3.0637399999999997,3.0637399999999997,False,False,3.0635789710289707,0.00016102897102898694,True,low_bin_residual_mad
2023-12-23 10:57:00,0.5917928,0.5917928,3.5482000000000005,False,False,False,3.5482000000000005,2.9564072000000006,False,False,3.538453078276609,-0.5820458782766083,True,low_bin_residual_mad
2023-12-23 10:58:00,0.68824875,0.68824875,3.9340599999999997,False,False,False,3.9340599999999997,3.2458112499999996,False,False,3.904685317012528,-0.6588740670125284,True,low_bin_residual_mad
2023-12-25 10:57:00,0.5919034,0.5919034,3.88711,False,False,False,3.88711,3.2952065999999998,False,False,3.8615875786554463,-0.5663809786554466,True,low_bin_residual_mad
2023-12-25 11:03:00,0.6003947,0.6003947,3.8051500000000007,False,False,False,3.8051500000000007,3.204755300000001,False,False,3.7862054801911524,-0.5814501801911516,True,low_bin_residual_mad
2023-12-25 11:12:00,0.60335636,0.60335636,3.8614900000000003,False,False,False,3.8614900000000003,3.2581336400000005,False,False,3.838069707373052,-0.5799360673730516,True,low_bin_residual_mad
2023-12-25 11:17:00,1.3951279,1.3951279,3.8888100000000003,False,False,False,3.8888100000000003,2.4936821,False,False,3.8631480931433497,-1.3694659931433497,True,low_bin_residual_mad
2023-12-25 14:01:00,1.4675206,1.4675206,3.90716,False,False,False,3.90716,2.4396394,False,False,3.8799924701157127,-1.4403530701157128,True,low_bin_residual_mad
2023-12-25 15:24:00,-4.3747854,0.0,0.00128,False,False,False,0.00128,0.00128,False,False,0.017929999999999998,-0.016649999999999998,True,low_bin_residual_mad
2023-12-25 15:43:00,-3.9999995,0.0,0.00132,False,False,False,0.00132,0.00132,False,False,0.017929999999999998,-0.01661,True,low_bin_residual_mad
2023-12-25 15:44:00,-3.847197,0.0,0.00214,False,False,False,0.00214,0.00214,False,False,0.017929999999999998,-0.01579,True,low_bin_residual_mad
2023-12-25 15:45:00,-3.8199072,0.0,0.00212,False,False,False,0.00212,0.00212,False,False,0.017929999999999998,-0.015809999999999998,True,low_bin_residual_mad
2023-12-25 15:46:00,-3.817535,0.0,0.00217,False,False,False,0.00217,0.00217,False,False,0.017929999999999998,-0.015759999999999996,True,low_bin_residual_mad
2023-12-25 15:47:00,-3.8881707,0.0,0.00235,False,False,False,0.00235,0.00235,False,False,0.017929999999999998,-0.015579999999999998,True,low_bin_residual_mad
2023-12-25 15:48:00,-3.8899107,0.0,0.0019199999999999998,False,False,False,0.0019199999999999998,0.0019199999999999998,False,False,0.017929999999999998,-0.016009999999999996,True,low_bin_residual_mad
2023-12-25 15:49:00,-3.838241,0.0,0.00206,False,False,False,0.00206,0.00206,False,False,0.017929999999999998,-0.01587,True,low_bin_residual_mad
2023-12-25 15:51:00,-3.8482044,0.0,0.00151,False,False,False,0.00151,0.00151,False,False,0.017929999999999998,-0.016419999999999997,True,low_bin_residual_mad
2023-12-25 15:52:00,-3.9407473,0.0,0.00043,False,False,False,0.00043,0.00043,False,False,0.017929999999999998,-0.017499999999999998,True,low_bin_residual_mad
2023-12-25 15:53:00,-3.8365757,0.0,0.00139,False,False,False,0.00139,0.00139,False,False,0.017929999999999998,-0.01654,True,low_bin_residual_mad
2023-12-25 15:54:00,-3.7418394,0.0,0.00202,False,False,False,0.00202,0.00202,False,False,0.017929999999999998,-0.015909999999999997,True,low_bin_residual_mad
2023-12-25 15:55:00,-3.6986856,0.0,0.0014399999999999999,False,False,False,0.0014399999999999999,0.0014399999999999999,False,False,0.017929999999999998,-0.016489999999999998,True,low_bin_residual_mad
2023-12-25 15:57:00,-3.757937,0.0,0.00204,False,False,False,0.00204,0.00204,False,False,0.017929999999999998,-0.015889999999999998,True,low_bin_residual_mad
2023-12-25 15:58:00,-3.6670704,0.0,0.00207,False,False,False,0.00207,0.00207,False,False,0.017929999999999998,-0.01586,True,low_bin_residual_mad
2023-12-25 15:59:00,-3.6561985,0.0,0.00211,False,False,False,0.00211,0.00211,False,False,0.017929999999999998,-0.015819999999999997,True,low_bin_residual_mad
2023-12-25 16:00:00,-3.7773914,0.0,0.002,False,False,False,0.002,0.002,False,False,0.017929999999999998,-0.01593,True,low_bin_residual_mad
2023-12-25 16:01:00,-3.743703,0.0,0.00127,False,False,False,0.00127,0.00127,False,False,0.017929999999999998,-0.016659999999999998,True,low_bin_residual_mad
2023-12-25 16:02:00,-3.8593059,0.0,0.00025,False,False,False,0.00025,0.00025,False,False,0.017929999999999998,-0.017679999999999998,True,low_bin_residual_mad
2023-12-25 16:03:00,-3.7306933,0.0,0.00199,False,False,False,0.00199,0.00199,False,False,0.017929999999999998,-0.01594,True,low_bin_residual_mad
2023-12-25 16:04:00,-3.7663434,0.0,0.00216,False,False,False,0.00216,0.00216,False,False,0.017929999999999998,-0.01577,True,low_bin_residual_mad
2023-12-25 16:05:00,-3.8126378,0.0,0.00217,False,False,False,0.00217,0.00217,False,False,0.017929999999999998,-0.015759999999999996,True,low_bin_residual_mad
2023-12-25 16:06:00,-3.7492025,0.0,0.00221,False,False,False,0.00221,0.00221,False,False,0.017929999999999998,-0.015719999999999998,True,low_bin_residual_mad
2023-12-25 16:07:00,-3.6850884,0.0,0.002,False,False,False,0.002,0.002,False,False,0.017929999999999998,-0.01593,True,low_bin_residual_mad
2023-12-25 16:10:00,-3.7088342,0.0,0.0005600000000000001,False,False,False,0.0005600000000000001,0.0005600000000000001,False,False,0.017929999999999998,-0.017369999999999997,True,low_bin_residual_mad
2023-12-25 16:13:00,-3.6321187,0.0,0.00204,False,False,False,0.00204,0.00204,False,False,0.017929999999999998,-0.015889999999999998,True,low_bin_residual_mad
2023-12-25 16:14:00,-3.6699998,0.0,0.00219,False,False,False,0.00219,0.00219,False,False,0.017929999999999998,-0.015739999999999997,True,low_bin_residual_mad
2023-12-25 16:15:00,-3.703424,0.0,0.00412,False,False,False,0.00412,0.00412,False,False,0.017929999999999998,-0.013809999999999998,True,low_bin_residual_mad
2023-12-25 16:16:00,-3.6488972,0.0,0.00399,False,False,False,0.00399,0.00399,False,False,0.017929999999999998,-0.013939999999999998,True,low_bin_residual_mad
2023-12-25 16:17:00,-3.686677,0.0,0.0038499999999999997,False,False,False,0.0038499999999999997,0.0038499999999999997,False,False,0.017929999999999998,-0.014079999999999999,True,low_bin_residual_mad
2023-12-25 16:18:00,-3.7259653,0.0,0.00396,False,False,False,0.00396,0.00396,False,False,0.017929999999999998,-0.013969999999999998,True,low_bin_residual_mad
2023-12-25 16:19:00,-3.9792693,0.0,0.004,False,False,False,0.004,0.004,False,False,0.017929999999999998,-0.013929999999999998,True,low_bin_residual_mad
2023-12-25 16:20:00,-3.9023054,0.0,0.0040999999999999995,False,False,False,0.0040999999999999995,0.0040999999999999995,False,False,0.017929999999999998,-0.013829999999999999,True,low_bin_residual_mad
2023-12-25 16:21:00,-3.783593,0.0,0.0039299999999999995,False,False,False,0.0039299999999999995,0.0039299999999999995,False,False,0.017929999999999998,-0.013999999999999999,True,low_bin_residual_mad
2023-12-25 16:22:00,-3.914697,0.0,0.0038799999999999998,False,False,False,0.0038799999999999998,0.0038799999999999998,False,False,0.017929999999999998,-0.014049999999999998,True,low_bin_residual_mad
2023-12-25 16:23:00,-3.6383429,0.0,0.00413,False,False,False,0.00413,0.00413,False,False,0.017929999999999998,-0.013799999999999998,True,low_bin_residual_mad
2023-12-25 16:24:00,-3.6082478,0.0,0.0039299999999999995,False,False,False,0.0039299999999999995,0.0039299999999999995,False,False,0.017929999999999998,-0.013999999999999999,True,low_bin_residual_mad
2023-12-25 16:25:00,-3.6742015,0.0,0.004059999999999999,False,False,False,0.004059999999999999,0.004059999999999999,False,False,0.017929999999999998,-0.013869999999999999,True,low_bin_residual_mad
2023-12-25 16:26:00,-3.6909342,0.0,0.0041600000000000005,False,False,False,0.0041600000000000005,0.0041600000000000005,False,False,0.017929999999999998,-0.013769999999999998,True,low_bin_residual_mad
2023-12-25 16:27:00,-3.7112007,0.0,0.004019999999999999,False,False,False,0.004019999999999999,0.004019999999999999,False,False,0.017929999999999998,-0.013909999999999999,True,low_bin_residual_mad
2023-12-25 16:28:00,-3.753745,0.0,0.00404,False,False,False,0.00404,0.00404,False,False,0.017929999999999998,-0.013889999999999998,True,low_bin_residual_mad
2023-12-25 16:29:00,-3.5145597,0.0,0.00403,False,False,False,0.00403,0.00403,False,False,0.017929999999999998,-0.0139,True,low_bin_residual_mad
2023-12-25 16:30:00,-3.7834241,0.0,0.00415,False,False,False,0.00415,0.00415,False,False,0.017929999999999998,-0.013779999999999997,True,low_bin_residual_mad
2023-12-25 16:31:00,-3.614922,0.0,0.004,False,False,False,0.004,0.004,False,False,0.017929999999999998,-0.013929999999999998,True,low_bin_residual_mad
2023-12-25 16:32:00,-3.8618164,0.0,0.00432,False,False,False,0.00432,0.00432,False,False,0.017929999999999998,-0.013609999999999997,True,low_bin_residual_mad
2023-12-25 16:33:00,-3.626523,0.0,0.00429,False,False,False,0.00429,0.00429,False,False,0.017929999999999998,-0.013639999999999998,True,low_bin_residual_mad
2023-12-25 16:34:00,-3.6341605,0.0,0.00418,False,False,False,0.00418,0.00418,False,False,0.017929999999999998,-0.013749999999999998,True,low_bin_residual_mad
2023-12-25 16:35:00,-3.6848414,0.0,0.00433,False,False,False,0.00433,0.00433,False,False,0.017929999999999998,-0.013599999999999998,True,low_bin_residual_mad
2023-12-25 16:36:00,-3.8411841,0.0,0.00418,False,False,False,0.00418,0.00418,False,False,0.017929999999999998,-0.013749999999999998,True,low_bin_residual_mad
2023-12-25 16:37:00,-3.8267689,0.0,0.00396,False,False,False,0.00396,0.00396,False,False,0.017929999999999998,-0.013969999999999998,True,low_bin_residual_mad
2023-12-25 16:38:00,-3.728351,0.0,0.00439,False,False,False,0.00439,0.00439,False,False,0.017929999999999998,-0.013539999999999998,True,low_bin_residual_mad
2023-12-25 16:39:00,-3.9030788,0.0,0.00417,False,False,False,0.00417,0.00417,False,False,0.017929999999999998,-0.013759999999999998,True,low_bin_residual_mad
2023-12-25 16:40:00,-3.9111626,0.0,0.00397,False,False,False,0.00397,0.00397,False,False,0.017929999999999998,-0.013959999999999998,True,low_bin_residual_mad
2023-12-25 16:41:00,-3.8238332,0.0,0.00394,False,False,False,0.00394,0.00394,False,False,0.017929999999999998,-0.013989999999999999,True,low_bin_residual_mad
2023-12-25 16:42:00,-3.8627172,0.0,0.00408,False,False,False,0.00408,0.00408,False,False,0.017929999999999998,-0.013849999999999998,True,low_bin_residual_mad
2023-12-25 16:43:00,-3.866579,0.0,0.00409,False,False,False,0.00409,0.00409,False,False,0.017929999999999998,-0.013839999999999998,True,low_bin_residual_mad
2023-12-25 16:44:00,-3.821754,0.0,0.004019999999999999,False,False,False,0.004019999999999999,0.004019999999999999,False,False,0.017929999999999998,-0.013909999999999999,True,low_bin_residual_mad
2023-12-25 16:45:00,-3.711593,0.0,0.004220000000000001,False,False,False,0.004220000000000001,0.004220000000000001,False,False,0.017929999999999998,-0.013709999999999996,True,low_bin_residual_mad
2023-12-25 16:46:00,-3.6511674,0.0,0.00404,False,False,False,0.00404,0.00404,False,False,0.017929999999999998,-0.013889999999999998,True,low_bin_residual_mad
2023-12-25 16:47:00,-3.724419,0.0,0.004,False,False,False,0.004,0.004,False,False,0.017929999999999998,-0.013929999999999998,True,low_bin_residual_mad
2023-12-25 16:48:00,-3.8828568,0.0,0.00406,False,False,False,0.00406,0.00406,False,False,0.017929999999999998,-0.013869999999999997,True,low_bin_residual_mad
2023-12-25 16:49:00,-3.688192,0.0,0.004070000000000001,False,False,False,0.004070000000000001,0.004070000000000001,False,False,0.017929999999999998,-0.013859999999999997,True,low_bin_residual_mad
2023-12-25 16:50:00,-3.8906794,0.0,0.0020800000000000003,False,False,False,0.0020800000000000003,0.0020800000000000003,False,False,0.017929999999999998,-0.015849999999999996,True,low_bin_residual_mad
2023-12-25 16:51:00,-3.8213685,0.0,0.00206,False,False,False,0.00206,0.00206,False,False,0.017929999999999998,-0.01587,True,low_bin_residual_mad
2023-12-25 16:52:00,-3.7055802,0.0,0.00206,False,False,False,0.00206,0.00206,False,False,0.017929999999999998,-0.01587,True,low_bin_residual_mad
2023-12-25 16:53:00,-3.7942946,0.0,0.00204,False,False,False,0.00204,0.00204,False,False,0.017929999999999998,-0.015889999999999998,True,low_bin_residual_mad
2023-12-25 16:54:00,-3.869216,0.0,0.0024899999999999996,False,False,False,0.0024899999999999996,0.0024899999999999996,False,False,0.017929999999999998,-0.015439999999999999,True,low_bin_residual_mad
2023-12-25 16:55:00,-3.929772,0.0,0.00399,False,False,False,0.00399,0.00399,False,False,0.017929999999999998,-0.013939999999999998,True,low_bin_residual_mad
2023-12-25 16:56:00,-3.9715078,0.0,0.00412,False,False,False,0.00412,0.00412,False,False,0.017929999999999998,-0.013809999999999998,True,low_bin_residual_mad
2023-12-25 16:57:00,-3.786011,0.0,0.00199,False,False,False,0.00199,0.00199,False,False,0.017929999999999998,-0.01594,True,low_bin_residual_mad
2023-12-25 16:58:00,-3.8584104,0.0,0.00417,False,False,False,0.00417,0.00417,False,False,0.017929999999999998,-0.013759999999999998,True,low_bin_residual_mad
2023-12-25 16:59:00,-3.7458377,0.0,0.00215,False,False,False,0.00215,0.00215,False,False,0.017929999999999998,-0.01578,True,low_bin_residual_mad
2023-12-25 17:00:00,-3.8002105,0.0,0.00267,False,False,False,0.00267,0.00267,False,False,0.017929999999999998,-0.015259999999999998,True,low_bin_residual_mad
2023-12-25 17:01:00,-3.8965247,0.0,0.0020999999999999994,False,False,False,0.0020999999999999994,0.0020999999999999994,False,False,0.017929999999999998,-0.015829999999999997,True,low_bin_residual_mad
2023-12-25 17:02:00,-3.8281105,0.0,0.00439,False,False,False,0.00439,0.00439,False,False,0.017929999999999998,-0.013539999999999998,True,low_bin_residual_mad
2023-12-25 17:03:00,-3.879528,0.0,0.004399999999999999,False,False,False,0.004399999999999999,0.004399999999999999,False,False,0.017929999999999998,-0.013529999999999999,True,low_bin_residual_mad
2023-12-25 17:04:00,-3.8207545,0.0,0.004209999999999999,False,False,False,0.004209999999999999,0.004209999999999999,False,False,0.017929999999999998,-0.01372,True,low_bin_residual_mad
2023-12-25 17:05:00,-3.9002633,0.0,0.006359999999999999,False,False,False,0.006359999999999999,0.006359999999999999,False,False,0.017929999999999998,-0.011569999999999999,True,low_bin_residual_mad
2023-12-25 17:06:00,-4.017967,0.0,0.006420000000000001,False,False,False,0.006420000000000001,0.006420000000000001,False,False,0.017929999999999998,-0.011509999999999996,True,low_bin_residual_mad
2023-12-25 17:07:00,-4.0923734,0.0,0.006390000000000001,False,False,False,0.006390000000000001,0.006390000000000001,False,False,0.017929999999999998,-0.011539999999999998,True,low_bin_residual_mad
2023-12-25 17:08:00,-3.9808698,0.0,0.00413,False,False,False,0.00413,0.00413,False,False,0.017929999999999998,-0.013799999999999998,True,low_bin_residual_mad
2023-12-25 17:09:00,-4.2519875,0.0,0.0039299999999999995,False,False,False,0.0039299999999999995,0.0039299999999999995,False,False,0.017929999999999998,-0.013999999999999999,True,low_bin_residual_mad
2023-12-25 17:11:00,-4.1647506,0.0,0.00173,False,False,False,0.00173,0.00173,False,False,0.017929999999999998,-0.0162,True,low_bin_residual_mad
2023-12-25 17:12:00,-4.0039787,0.0,0.006300000000000001,False,False,False,0.006300000000000001,0.006300000000000001,False,False,0.017929999999999998,-0.011629999999999998,True,low_bin_residual_mad
2023-12-25 17:13:00,-3.9605799,0.0,0.006369999999999999,False,False,False,0.006369999999999999,0.006369999999999999,False,False,0.017929999999999998,-0.011559999999999999,True,low_bin_residual_mad
2023-12-25 17:15:00,-4.01653,0.0,0.0045,False,False,False,0.0045,0.0045,False,False,0.017929999999999998,-0.013429999999999997,True,low_bin_residual_mad
2023-12-25 17:16:00,-3.8356187,0.0,0.006809999999999999,False,False,False,0.006809999999999999,0.006809999999999999,False,False,0.017929999999999998,-0.011119999999999998,True,low_bin_residual_mad
2023-12-25 17:18:00,-3.612835,0.0,0.00679,False,False,False,0.00679,0.00679,False,False,0.017929999999999998,-0.011139999999999997,True,low_bin_residual_mad
2023-12-25 17:19:00,-3.7942505,0.0,0.006679999999999999,False,False,False,0.006679999999999999,0.006679999999999999,False,False,0.017929999999999998,-0.01125,True,low_bin_residual_mad
2023-12-25 17:20:00,-3.659555,0.0,0.006619999999999999,False,False,False,0.006619999999999999,0.006619999999999999,False,False,0.017929999999999998,-0.011309999999999999,True,low_bin_residual_mad
2023-12-25 17:21:00,-3.8097568,0.0,0.00691,False,False,False,0.00691,0.00691,False,False,0.017929999999999998,-0.011019999999999999,True,low_bin_residual_mad
2023-12-25 17:22:00,-3.8833485,0.0,0.006679999999999999,False,False,False,0.006679999999999999,0.006679999999999999,False,False,0.017929999999999998,-0.01125,True,low_bin_residual_mad
2023-12-25 17:23:00,-3.747651,0.0,0.0067,False,False,False,0.0067,0.0067,False,False,0.017929999999999998,-0.011229999999999997,True,low_bin_residual_mad
2023-12-25 17:24:00,-3.6652431,0.0,0.00869,False,False,False,0.00869,0.00869,False,False,0.017929999999999998,-0.009239999999999998,True,low_bin_residual_mad
2023-12-25 17:25:00,-3.7727184,0.0,0.00867,False,False,False,0.00867,0.00867,False,False,0.017929999999999998,-0.009259999999999997,True,low_bin_residual_mad
2023-12-25 17:26:00,-3.8100111,0.0,0.006550000000000001,False,False,False,0.006550000000000001,0.006550000000000001,False,False,0.017929999999999998,-0.011379999999999998,True,low_bin_residual_mad
2023-12-25 17:27:00,-3.7752297,0.0,0.00735,False,False,False,0.00735,0.00735,False,False,0.017929999999999998,-0.010579999999999999,True,low_bin_residual_mad
2023-12-25 17:28:00,-3.7860334,0.0,0.009,False,False,False,0.009,0.009,False,False,0.017929999999999998,-0.008929999999999999,True,low_bin_residual_mad
2023-12-25 17:29:00,-3.755146,0.0,0.00877,False,False,False,0.00877,0.00877,False,False,0.017929999999999998,-0.009159999999999998,True,low_bin_residual_mad
2023-12-25 17:30:00,-3.734934,0.0,0.0075899999999999995,False,False,False,0.0075899999999999995,0.0075899999999999995,False,False,0.017929999999999998,-0.010339999999999998,True,low_bin_residual_mad
2023-12-25 17:31:00,-3.673348,0.0,0.007300000000000001,False,False,False,0.007300000000000001,0.007300000000000001,False,False,0.017929999999999998,-0.010629999999999997,True,low_bin_residual_mad
2023-12-25 17:32:00,-3.7485898,0.0,0.0065899999999999995,False,False,False,0.0065899999999999995,0.0065899999999999995,False,False,0.017929999999999998,-0.01134,True,low_bin_residual_mad
2023-12-25 17:33:00,-3.7059984,0.0,0.00808,False,False,False,0.00808,0.00808,False,False,0.017929999999999998,-0.009849999999999998,True,low_bin_residual_mad
2023-12-25 17:34:00,-3.7296839,0.0,0.007629999999999999,False,False,False,0.007629999999999999,0.007629999999999999,False,False,0.017929999999999998,-0.0103,True,low_bin_residual_mad
2023-12-25 17:35:00,-3.7274928,0.0,0.00907,False,False,False,0.00907,0.00907,False,False,0.017929999999999998,-0.008859999999999998,True,low_bin_residual_mad
2023-12-25 17:36:00,-3.7804112,0.0,0.007340000000000001,False,False,False,0.007340000000000001,0.007340000000000001,False,False,0.017929999999999998,-0.010589999999999997,True,low_bin_residual_mad
2023-12-25 17:37:00,-3.7563186,0.0,0.008320000000000001,False,False,False,0.008320000000000001,0.008320000000000001,False,False,0.017929999999999998,-0.009609999999999997,True,low_bin_residual_mad
2023-12-25 17:38:00,-3.7519288,0.0,0.00929,False,False,False,0.00929,0.00929,False,False,0.017929999999999998,-0.008639999999999998,True,low_bin_residual_mad
2023-12-25 17:39:00,-3.7277293,0.0,0.00709,False,False,False,0.00709,0.00709,False,False,0.017929999999999998,-0.010839999999999999,True,low_bin_residual_mad
2023-12-25 17:40:00,-3.8232481,0.0,0.00692,False,False,False,0.00692,0.00692,False,False,0.017929999999999998,-0.011009999999999999,True,low_bin_residual_mad
2023-12-25 17:41:00,-3.6738572,0.0,0.005560000000000001,False,False,False,0.005560000000000001,0.005560000000000001,False,False,0.017929999999999998,-0.012369999999999997,True,low_bin_residual_mad
2023-12-25 17:42:00,-3.9587595,0.0,0.0059700000000000005,False,False,False,0.0059700000000000005,0.0059700000000000005,False,False,0.017929999999999998,-0.011959999999999998,True,low_bin_residual_mad
2023-12-25 17:43:00,-3.8040357,0.0,0.00688,False,False,False,0.00688,0.00688,False,False,0.017929999999999998,-0.011049999999999997,True,low_bin_residual_mad
2023-12-25 17:44:00,-3.610345,0.0,0.00606,False,False,False,0.00606,0.00606,False,False,0.017929999999999998,-0.011869999999999999,True,low_bin_residual_mad
2023-12-25 17:45:00,-3.8933146,0.0,0.00747,False,False,False,0.00747,0.00747,False,False,0.017929999999999998,-0.010459999999999997,True,low_bin_residual_mad
2023-12-25 17:46:00,-3.7533684,0.0,0.007390000000000001,False,False,False,0.007390000000000001,0.007390000000000001,False,False,0.017929999999999998,-0.010539999999999997,True,low_bin_residual_mad
2023-12-25 17:47:00,-3.8358002,0.0,0.00566,False,False,False,0.00566,0.00566,False,False,0.017929999999999998,-0.012269999999999998,True,low_bin_residual_mad
2023-12-25 17:48:00,-3.877672,0.0,0.00739,False,False,False,0.00739,0.00739,False,False,0.017929999999999998,-0.010539999999999997,True,low_bin_residual_mad
2023-12-25 17:49:00,-3.8820667,0.0,0.00899,False,False,False,0.00899,0.00899,False,False,0.017929999999999998,-0.008939999999999998,True,low_bin_residual_mad
2023-12-25 17:50:00,-3.7567198,0.0,0.008719999999999999,False,False,False,0.008719999999999999,0.008719999999999999,False,False,0.017929999999999998,-0.00921,True,low_bin_residual_mad
2023-12-25 17:51:00,-3.7187684,0.0,0.00893,False,False,False,0.00893,0.00893,False,False,0.017929999999999998,-0.008999999999999998,True,low_bin_residual_mad
2023-12-25 17:52:00,-3.795252,0.0,0.00903,False,False,False,0.00903,0.00903,False,False,0.017929999999999998,-0.008899999999999998,True,low_bin_residual_mad
2023-12-25 17:53:00,-3.7521503,0.0,0.00891,False,False,False,0.00891,0.00891,False,False,0.017929999999999998,-0.009019999999999999,True,low_bin_residual_mad
2023-12-25 17:54:00,-3.7168746,0.0,0.00701,False,False,False,0.00701,0.00701,False,False,0.017929999999999998,-0.01092,True,low_bin_residual_mad
2023-12-25 17:55:00,-3.6822324,0.0,0.006730000000000001,False,False,False,0.006730000000000001,0.006730000000000001,False,False,0.017929999999999998,-0.011199999999999998,True,low_bin_residual_mad
2023-12-25 17:56:00,-4.0254226,0.0,0.006809999999999999,False,False,False,0.006809999999999999,0.006809999999999999,False,False,0.017929999999999998,-0.011119999999999998,True,low_bin_residual_mad
2023-12-25 17:57:00,-3.8856804,0.0,0.008199999999999999,False,False,False,0.008199999999999999,0.008199999999999999,False,False,0.017929999999999998,-0.009729999999999999,True,low_bin_residual_mad
2023-12-25 17:58:00,-3.8165953,0.0,0.0091,False,False,False,0.0091,0.0091,False,False,0.017929999999999998,-0.008829999999999998,True,low_bin_residual_mad
2023-12-25 17:59:00,-3.7654538,0.0,0.00574,False,False,False,0.00574,0.00574,False,False,0.017929999999999998,-0.012189999999999998,True,low_bin_residual_mad
2023-12-25 18:00:00,-3.8393722,0.0,0.00441,False,False,False,0.00441,0.00441,False,False,0.017929999999999998,-0.013519999999999997,True,low_bin_residual_mad
2023-12-25 18:01:00,-3.9447572,0.0,0.00649,False,False,False,0.00649,0.00649,False,False,0.017929999999999998,-0.011439999999999999,True,low_bin_residual_mad
2023-12-25 18:02:00,-3.6497307,0.0,0.00893,False,False,False,0.00893,0.00893,False,False,0.017929999999999998,-0.008999999999999998,True,low_bin_residual_mad
2023-12-25 18:03:00,-3.7010849,0.0,0.007,False,False,False,0.007,0.007,False,False,0.017929999999999998,-0.010929999999999999,True,low_bin_residual_mad
2023-12-25 18:04:00,-3.608615,0.0,0.00666,False,False,False,0.00666,0.00666,False,False,0.017929999999999998,-0.011269999999999999,True,low_bin_residual_mad
2023-12-25 18:05:00,-3.7272716,0.0,0.00836,False,False,False,0.00836,0.00836,False,False,0.017929999999999998,-0.009569999999999999,True,low_bin_residual_mad
2023-12-25 18:06:00,-4.0562563,0.0,0.007980000000000001,False,False,False,0.007980000000000001,0.007980000000000001,False,False,0.017929999999999998,-0.009949999999999997,True,low_bin_residual_mad
2023-12-25 18:07:00,-3.989375,0.0,0.008780000000000001,False,False,False,0.008780000000000001,0.008780000000000001,False,False,0.017929999999999998,-0.009149999999999997,True,low_bin_residual_mad
2023-12-25 18:08:00,-3.7026775,0.0,0.00729,False,False,False,0.00729,0.00729,False,False,0.017929999999999998,-0.010639999999999998,True,low_bin_residual_mad
2023-12-25 18:09:00,-3.5821345,0.0,0.00876,False,False,False,0.00876,0.00876,False,False,0.017929999999999998,-0.009169999999999998,True,low_bin_residual_mad
2023-12-25 18:10:00,-3.6671474,0.0,0.00718,False,False,False,0.00718,0.00718,False,False,0.017929999999999998,-0.01075,True,low_bin_residual_mad
2023-12-25 18:11:00,-3.8874197,0.0,0.00509,False,False,False,0.00509,0.00509,False,False,0.017929999999999998,-0.012839999999999997,True,low_bin_residual_mad
2023-12-25 18:12:00,-3.8523145,0.0,0.006880000000000001,False,False,False,0.006880000000000001,0.006880000000000001,False,False,0.017929999999999998,-0.011049999999999997,True,low_bin_residual_mad
2023-12-25 18:13:00,-3.764335,0.0,0.00879,False,False,False,0.00879,0.00879,False,False,0.017929999999999998,-0.009139999999999999,True,low_bin_residual_mad
2023-12-25 18:14:00,-3.735745,0.0,0.008719999999999999,False,False,False,0.008719999999999999,0.008719999999999999,False,False,0.017929999999999998,-0.00921,True,low_bin_residual_mad
2023-12-25 18:15:00,-4.0419006,0.0,0.00652,False,False,False,0.00652,0.00652,False,False,0.017929999999999998,-0.011409999999999998,True,low_bin_residual_mad
2023-12-25 18:16:00,-3.9481049,0.0,0.007980000000000001,False,False,False,0.007980000000000001,0.007980000000000001,False,False,0.017929999999999998,-0.009949999999999997,True,low_bin_residual_mad
2023-12-25 18:17:00,-3.7697692,0.0,0.009349999999999997,False,False,False,0.009349999999999997,0.009349999999999997,False,False,0.017929999999999998,-0.00858,True,low_bin_residual_mad
2023-12-25 18:18:00,-3.7743492,0.0,0.007039999999999999,False,False,False,0.007039999999999999,0.007039999999999999,False,False,0.017929999999999998,-0.010889999999999999,True,low_bin_residual_mad
2023-12-25 18:19:00,-3.7953842,0.0,0.00507,False,False,False,0.00507,0.00507,False,False,0.017929999999999998,-0.012859999999999998,True,low_bin_residual_mad
2023-12-25 18:20:00,-3.9146585,0.0,0.00677,False,False,False,0.00677,0.00677,False,False,0.017929999999999998,-0.011159999999999998,True,low_bin_residual_mad
2023-12-25 18:21:00,-3.8307037,0.0,0.00899,False,False,False,0.00899,0.00899,False,False,0.017929999999999998,-0.008939999999999998,True,low_bin_residual_mad
2023-12-25 18:22:00,-3.6784859,0.0,0.00858,False,False,False,0.00858,0.00858,False,False,0.017929999999999998,-0.009349999999999997,True,low_bin_residual_mad
2023-12-25 18:23:00,-3.7104506,0.0,0.00897,False,False,False,0.00897,0.00897,False,False,0.017929999999999998,-0.008959999999999997,True,low_bin_residual_mad
2023-12-25 18:24:00,-3.737547,0.0,0.00894,False,False,False,0.00894,0.00894,False,False,0.017929999999999998,-0.008989999999999998,True,low_bin_residual_mad
2023-12-25 18:25:00,-3.7132275,0.0,0.009059999999999999,False,False,False,0.009059999999999999,0.009059999999999999,False,False,0.017929999999999998,-0.00887,True,low_bin_residual_mad
2023-12-25 18:26:00,-3.711295,0.0,0.008889999999999999,False,False,False,0.008889999999999999,0.008889999999999999,False,False,0.017929999999999998,-0.00904,True,low_bin_residual_mad
2023-12-25 18:27:00,-3.716504,0.0,0.0092,False,False,False,0.0092,0.0092,False,False,0.017929999999999998,-0.008729999999999998,True,low_bin_residual_mad
2023-12-25 18:28:00,-3.6974273,0.0,0.00882,False,False,False,0.00882,0.00882,False,False,0.017929999999999998,-0.009109999999999998,True,low_bin_residual_mad
2023-12-25 18:29:00,-3.732188,0.0,0.00907,False,False,False,0.00907,0.00907,False,False,0.017929999999999998,-0.008859999999999998,True,low_bin_residual_mad
2023-12-25 18:30:00,-3.7347791,0.0,0.008600000000000002,False,False,False,0.008600000000000002,0.008600000000000002,False,False,0.017929999999999998,-0.009329999999999996,True,low_bin_residual_mad
2023-12-25 18:31:00,-3.8491635,0.0,0.00893,False,False,False,0.00893,0.00893,False,False,0.017929999999999998,-0.008999999999999998,True,low_bin_residual_mad
2023-12-25 18:32:00,-3.682623,0.0,0.008829999999999998,False,False,False,0.008829999999999998,0.008829999999999998,False,False,0.017929999999999998,-0.0091,True,low_bin_residual_mad
2023-12-25 18:33:00,-3.7896347,0.0,0.00891,False,False,False,0.00891,0.00891,False,False,0.017929999999999998,-0.009019999999999999,True,low_bin_residual_mad
2023-12-25 18:34:00,-3.8377647,0.0,0.00846,False,False,False,0.00846,0.00846,False,False,0.017929999999999998,-0.009469999999999998,True,low_bin_residual_mad
2023-12-25 18:35:00,-3.8830986,0.0,0.00905,False,False,False,0.00905,0.00905,False,False,0.017929999999999998,-0.008879999999999997,True,low_bin_residual_mad
2023-12-25 18:36:00,-3.6337328,0.0,0.009059999999999999,False,False,False,0.009059999999999999,0.009059999999999999,False,False,0.017929999999999998,-0.00887,True,low_bin_residual_mad
2023-12-25 18:37:00,-3.631449,0.0,0.00902,False,False,False,0.00902,0.00902,False,False,0.017929999999999998,-0.008909999999999998,True,low_bin_residual_mad
2023-12-25 18:38:00,-3.722207,0.0,0.00857,False,False,False,0.00857,0.00857,False,False,0.017929999999999998,-0.009359999999999999,True,low_bin_residual_mad
2023-12-25 18:39:00,-3.7395263,0.0,0.008960000000000001,False,False,False,0.008960000000000001,0.008960000000000001,False,False,0.017929999999999998,-0.008969999999999997,True,low_bin_residual_mad
2023-12-25 18:40:00,-3.6866834,0.0,0.008969999999999999,False,False,False,0.008969999999999999,0.008969999999999999,False,False,0.017929999999999998,-0.00896,True,low_bin_residual_mad
2023-12-25 18:41:00,-3.833965,0.0,0.00879,False,False,False,0.00879,0.00879,False,False,0.017929999999999998,-0.009139999999999999,True,low_bin_residual_mad
2023-12-25 18:42:00,-3.7911196,0.0,0.00878,False,False,False,0.00878,0.00878,False,False,0.017929999999999998,-0.009149999999999998,True,low_bin_residual_mad
2023-12-25 18:43:00,-3.6582673,0.0,0.00882,False,False,False,0.00882,0.00882,False,False,0.017929999999999998,-0.009109999999999998,True,low_bin_residual_mad
2023-12-25 18:44:00,-3.7019005,0.0,0.00905,False,False,False,0.00905,0.00905,False,False,0.017929999999999998,-0.008879999999999997,True,low_bin_residual_mad
2023-12-25 18:45:00,-3.7019005,0.0,0.00905,False,False,False,0.00905,0.00905,False,False,0.017929999999999998,-0.008879999999999997,True,low_bin_residual_mad
2023-12-25 18:46:00,-3.721878,0.0,0.00884,False,False,False,0.00884,0.00884,False,False,0.017929999999999998,-0.009089999999999997,True,low_bin_residual_mad
2023-12-25 18:47:00,-3.781393,0.0,0.00882,False,False,False,0.00882,0.00882,False,False,0.017929999999999998,-0.009109999999999998,True,low_bin_residual_mad
2023-12-25 18:48:00,-3.7663774,0.0,0.00889,False,False,False,0.00889,0.00889,False,False,0.017929999999999998,-0.009039999999999998,True,low_bin_residual_mad
2023-12-25 18:49:00,-3.7281024,0.0,0.0087,False,False,False,0.0087,0.0087,False,False,0.017929999999999998,-0.009229999999999999,True,low_bin_residual_mad
2023-12-25 18:50:00,-3.8223064,0.0,0.00879,False,False,False,0.00879,0.00879,False,False,0.017929999999999998,-0.009139999999999999,True,low_bin_residual_mad
2023-12-25 18:51:00,-3.8403177,0.0,0.00897,False,False,False,0.00897,0.00897,False,False,0.017929999999999998,-0.008959999999999997,True,low_bin_residual_mad
2023-12-25 18:52:00,-3.8559043,0.0,0.00911,False,False,False,0.00911,0.00911,False,False,0.017929999999999998,-0.008819999999999998,True,low_bin_residual_mad
2023-12-25 18:53:00,-3.8067741,0.0,0.009059999999999999,False,False,False,0.009059999999999999,0.009059999999999999,False,False,0.017929999999999998,-0.00887,True,low_bin_residual_mad
2023-12-25 18:54:00,-3.8319838,0.0,0.00915,False,False,False,0.00915,0.00915,False,False,0.017929999999999998,-0.008779999999999998,True,low_bin_residual_mad
2023-12-25 18:55:00,-3.8533413,0.0,0.00875,False,False,False,0.00875,0.00875,False,False,0.017929999999999998,-0.009179999999999997,True,low_bin_residual_mad
2023-12-25 18:56:00,-3.6597214,0.0,0.00883,False,False,False,0.00883,0.00883,False,False,0.017929999999999998,-0.009099999999999999,True,low_bin_residual_mad
2023-12-25 18:57:00,-3.9783242,0.0,0.00901,False,False,False,0.00901,0.00901,False,False,0.017929999999999998,-0.008919999999999997,True,low_bin_residual_mad
2023-12-25 18:58:00,-3.6305728,0.0,0.00887,False,False,False,0.00887,0.00887,False,False,0.017929999999999998,-0.009059999999999999,True,low_bin_residual_mad
2023-12-25 18:59:00,-3.935251,0.0,0.009259999999999997,False,False,False,0.009259999999999997,0.009259999999999997,False,False,0.017929999999999998,-0.00867,True,low_bin_residual_mad
2023-12-25 19:00:00,-3.7260704,0.0,0.00908,False,False,False,0.00908,0.00908,False,False,0.017929999999999998,-0.008849999999999998,True,low_bin_residual_mad
2023-12-25 19:01:00,-3.8233533,0.0,0.009,False,False,False,0.009,0.009,False,False,0.017929999999999998,-0.008929999999999999,True,low_bin_residual_mad
2023-12-25 19:02:00,-3.7878337,0.0,0.00903,False,False,False,0.00903,0.00903,False,False,0.017929999999999998,-0.008899999999999998,True,low_bin_residual_mad
2023-12-25 19:03:00,-3.8692808,0.0,0.00901,False,False,False,0.00901,0.00901,False,False,0.017929999999999998,-0.008919999999999997,True,low_bin_residual_mad
2023-12-25 19:04:00,-3.6997004,0.0,0.009079999999999998,False,False,False,0.009079999999999998,0.009079999999999998,False,False,0.017929999999999998,-0.00885,True,low_bin_residual_mad
2023-12-25 19:05:00,-3.8548837,0.0,0.00917,False,False,False,0.00917,0.00917,False,False,0.017929999999999998,-0.008759999999999999,True,low_bin_residual_mad
2023-12-25 19:06:00,-3.8268604,0.0,0.00914,False,False,False,0.00914,0.00914,False,False,0.017929999999999998,-0.008789999999999997,True,low_bin_residual_mad
2023-12-25 19:07:00,-3.927332,0.0,0.00899,False,False,False,0.00899,0.00899,False,False,0.017929999999999998,-0.008939999999999998,True,low_bin_residual_mad
2023-12-25 19:08:00,-4.0654907,0.0,0.00916,False,False,False,0.00916,0.00916,False,False,0.017929999999999998,-0.008769999999999998,True,low_bin_residual_mad
2023-12-25 19:09:00,-4.133615,0.0,0.00886,False,False,False,0.00886,0.00886,False,False,0.017929999999999998,-0.009069999999999998,True,low_bin_residual_mad
2023-12-25 19:10:00,-3.9455338,0.0,0.00905,False,False,False,0.00905,0.00905,False,False,0.017929999999999998,-0.008879999999999997,True,low_bin_residual_mad
2023-12-25 19:11:00,-3.9289608,0.0,0.009130000000000001,False,False,False,0.009130000000000001,0.009130000000000001,False,False,0.017929999999999998,-0.008799999999999997,True,low_bin_residual_mad
2023-12-25 19:12:00,-3.8382483,0.0,0.0091,False,False,False,0.0091,0.0091,False,False,0.017929999999999998,-0.008829999999999998,True,low_bin_residual_mad
2023-12-25 19:13:00,-3.8022351,0.0,0.00932,False,False,False,0.00932,0.00932,False,False,0.017929999999999998,-0.008609999999999998,True,low_bin_residual_mad
2023-12-25 19:14:00,-3.8296294,0.0,0.00915,False,False,False,0.00915,0.00915,False,False,0.017929999999999998,-0.008779999999999998,True,low_bin_residual_mad
2023-12-25 19:15:00,-3.8208632,0.0,0.00935,False,False,False,0.00935,0.00935,False,False,0.017929999999999998,-0.008579999999999997,True,low_bin_residual_mad
2023-12-25 19:16:00,-3.653456,0.0,0.00933,False,False,False,0.00933,0.00933,False,False,0.017929999999999998,-0.008599999999999998,True,low_bin_residual_mad
2023-12-25 19:17:00,-3.683225,0.0,0.0092,False,False,False,0.0092,0.0092,False,False,0.017929999999999998,-0.008729999999999998,True,low_bin_residual_mad
2023-12-25 19:18:00,-3.7286906,0.0,0.00913,False,False,False,0.00913,0.00913,False,False,0.017929999999999998,-0.008799999999999999,True,low_bin_residual_mad
2023-12-25 19:19:00,-3.8706446,0.0,0.00929,False,False,False,0.00929,0.00929,False,False,0.017929999999999998,-0.008639999999999998,True,low_bin_residual_mad
2023-12-25 19:20:00,-3.7706418,0.0,0.009489999999999998,False,False,False,0.009489999999999998,0.009489999999999998,False,False,0.017929999999999998,-0.00844,True,low_bin_residual_mad
2023-12-25 19:21:00,-3.7559829,0.0,0.009269999999999999,False,False,False,0.009269999999999999,0.009269999999999999,False,False,0.017929999999999998,-0.00866,True,low_bin_residual_mad
2023-12-25 19:22:00,-3.7676513,0.0,0.00962,False,False,False,0.00962,0.00962,False,False,0.017929999999999998,-0.008309999999999998,True,low_bin_residual_mad
2023-12-25 19:23:00,-3.6525373,0.0,0.00951,False,False,False,0.00951,0.00951,False,False,0.017929999999999998,-0.008419999999999999,True,low_bin_residual_mad
2023-12-25 19:24:00,-3.6993086,0.0,0.00904,False,False,False,0.00904,0.00904,False,False,0.017929999999999998,-0.008889999999999999,True,low_bin_residual_mad
2023-12-25 19:25:00,-3.7612417,0.0,0.00915,False,False,False,0.00915,0.00915,False,False,0.017929999999999998,-0.008779999999999998,True,low_bin_residual_mad
2023-12-25 19:26:00,-3.8565412,0.0,0.009079999999999998,False,False,False,0.009079999999999998,0.009079999999999998,False,False,0.017929999999999998,-0.00885,True,low_bin_residual_mad
2023-12-25 19:27:00,-3.8084002,0.0,0.009620000000000002,False,False,False,0.009620000000000002,0.009620000000000002,False,False,0.017929999999999998,-0.008309999999999996,True,low_bin_residual_mad
2023-12-25 19:28:00,-3.792356,0.0,0.009640000000000001,False,False,False,0.009640000000000001,0.009640000000000001,False,False,0.017929999999999998,-0.008289999999999997,True,low_bin_residual_mad
2023-12-25 19:29:00,-3.8954048,0.0,0.00967,False,False,False,0.00967,0.00967,False,False,0.017929999999999998,-0.008259999999999998,True,low_bin_residual_mad
2023-12-25 19:30:00,-3.8179066,0.0,0.00703,False,False,False,0.00703,0.00703,False,False,0.017929999999999998,-0.010899999999999998,True,low_bin_residual_mad
2023-12-25 19:31:00,-3.6993551,0.0,0.0073100000000000005,False,False,False,0.0073100000000000005,0.0073100000000000005,False,False,0.017929999999999998,-0.010619999999999997,True,low_bin_residual_mad
2023-12-25 19:32:00,-3.7271686,0.0,0.00916,False,False,False,0.00916,0.00916,False,False,0.017929999999999998,-0.008769999999999998,True,low_bin_residual_mad
2023-12-25 19:33:00,-3.6609113,0.0,0.009149999999999998,False,False,False,0.009149999999999998,0.009149999999999998,False,False,0.017929999999999998,-0.00878,True,low_bin_residual_mad
2023-12-25 19:34:00,-3.7526166,0.0,0.0094,False,False,False,0.0094,0.0094,False,False,0.017929999999999998,-0.008529999999999998,True,low_bin_residual_mad
2023-12-25 19:35:00,-3.789511,0.0,0.006350000000000001,False,False,False,0.006350000000000001,0.006350000000000001,False,False,0.017929999999999998,-0.011579999999999997,True,low_bin_residual_mad
2023-12-25 19:36:00,-3.8206336,0.0,0.00915,False,False,False,0.00915,0.00915,False,False,0.017929999999999998,-0.008779999999999998,True,low_bin_residual_mad
2023-12-25 19:37:00,-3.7301445,0.0,0.009609999999999999,False,False,False,0.009609999999999999,0.009609999999999999,False,False,0.017929999999999998,-0.00832,True,low_bin_residual_mad
2023-12-25 19:38:00,-3.835536,0.0,0.00959,False,False,False,0.00959,0.00959,False,False,0.017929999999999998,-0.008339999999999998,True,low_bin_residual_mad
2023-12-25 19:39:00,-3.8553147,0.0,0.00962,False,False,False,0.00962,0.00962,False,False,0.017929999999999998,-0.008309999999999998,True,low_bin_residual_mad
2023-12-25 19:40:00,-3.8111086,0.0,0.009800000000000001,False,False,False,0.009800000000000001,0.009800000000000001,False,False,0.017929999999999998,-0.008129999999999997,True,low_bin_residual_mad
2023-12-25 19:41:00,-3.8889751,0.0,0.00848,False,False,False,0.00848,0.00848,False,False,0.017929999999999998,-0.009449999999999998,True,low_bin_residual_mad
2023-12-25 19:42:00,-3.769349,0.0,0.00579,False,False,False,0.00579,0.00579,False,False,0.017929999999999998,-0.012139999999999998,True,low_bin_residual_mad
2023-12-25 19:43:00,-3.7722123,0.0,0.009,False,False,False,0.009,0.009,False,False,0.017929999999999998,-0.008929999999999999,True,low_bin_residual_mad
2023-12-25 19:44:00,-4.022252,0.0,0.00698,False,False,False,0.00698,0.00698,False,False,0.017929999999999998,-0.010949999999999998,True,low_bin_residual_mad
2023-12-25 19:45:00,-3.8932297,0.0,0.007109999999999999,False,False,False,0.007109999999999999,0.007109999999999999,False,False,0.017929999999999998,-0.01082,True,low_bin_residual_mad
2023-12-25 19:46:00,-3.8792396,0.0,0.006939999999999999,False,False,False,0.006939999999999999,0.006939999999999999,False,False,0.017929999999999998,-0.01099,True,low_bin_residual_mad
2023-12-25 19:47:00,-3.758218,0.0,0.00369,False,False,False,0.00369,0.00369,False,False,0.017929999999999998,-0.014239999999999997,True,low_bin_residual_mad
2023-12-25 19:48:00,-3.971939,0.0,0.006220000000000001,False,False,False,0.006220000000000001,0.006220000000000001,False,False,0.017929999999999998,-0.011709999999999998,True,low_bin_residual_mad
2023-12-25 19:49:00,-3.669651,0.0,0.00387,False,False,False,0.00387,0.00387,False,False,0.017929999999999998,-0.014059999999999998,True,low_bin_residual_mad
2023-12-25 19:50:00,-4.1500306,0.0,0.00186,False,False,False,0.00186,0.00186,False,False,0.017929999999999998,-0.016069999999999997,True,low_bin_residual_mad
2023-12-25 19:52:00,-3.8434598,0.0,0.0015,False,False,False,0.0015,0.0015,False,False,0.017929999999999998,-0.016429999999999997,True,low_bin_residual_mad
2023-12-25 19:54:00,-4.0782847,0.0,0.00196,False,False,False,0.00196,0.00196,False,False,0.017929999999999998,-0.015969999999999998,True,low_bin_residual_mad
2023-12-25 19:55:00,-4.17943,0.0,0.00221,False,False,False,0.00221,0.00221,False,False,0.017929999999999998,-0.015719999999999998,True,low_bin_residual_mad
2023-12-25 19:56:00,-3.8970761,0.0,0.00202,False,False,False,0.00202,0.00202,False,False,0.017929999999999998,-0.015909999999999997,True,low_bin_residual_mad
2023-12-25 19:57:00,-3.9704802,0.0,0.00239,False,False,False,0.00239,0.00239,False,False,0.017929999999999998,-0.015539999999999998,True,low_bin_residual_mad
2023-12-25 19:59:00,-4.072382,0.0,0.00017999999999999998,False,False,False,0.00017999999999999998,0.00017999999999999998,False,False,0.017929999999999998,-0.01775,True,low_bin_residual_mad
2023-12-25 20:00:00,-4.0044837,0.0,0.0023599999999999997,False,False,False,0.0023599999999999997,0.0023599999999999997,False,False,0.017929999999999998,-0.015569999999999999,True,low_bin_residual_mad
2023-12-25 20:01:00,-4.067995,0.0,0.00246,False,False,False,0.00246,0.00246,False,False,0.017929999999999998,-0.015469999999999998,True,low_bin_residual_mad
2023-12-25 20:02:00,-3.8716578,0.0,0.0023599999999999997,False,False,False,0.0023599999999999997,0.0023599999999999997,False,False,0.017929999999999998,-0.015569999999999999,True,low_bin_residual_mad
2023-12-25 20:03:00,-3.9657829,0.0,0.00244,False,False,False,0.00244,0.00244,False,False,0.017929999999999998,-0.015489999999999999,True,low_bin_residual_mad
2023-12-25 20:04:00,-4.0352464,0.0,0.00015,False,False,False,0.00015,0.00015,False,False,0.017929999999999998,-0.017779999999999997,True,low_bin_residual_mad
2023-12-25 20:05:00,-3.9642782,0.0,0.0023799999999999997,False,False,False,0.0023799999999999997,0.0023799999999999997,False,False,0.017929999999999998,-0.015549999999999998,True,low_bin_residual_mad
2023-12-25 20:06:00,-3.8085344,0.0,0.00248,False,False,False,0.00248,0.00248,False,False,0.017929999999999998,-0.015449999999999998,True,low_bin_residual_mad
2023-12-25 20:07:00,-3.9061058,0.0,0.0022400000000000002,False,False,False,0.0022400000000000002,0.0022400000000000002,False,False,0.017929999999999998,-0.01569,True,low_bin_residual_mad
2023-12-25 20:08:00,-3.7733886,0.0,0.00259,False,False,False,0.00259,0.00259,False,False,0.017929999999999998,-0.015339999999999998,True,low_bin_residual_mad
2023-12-25 20:09:00,-3.8175824,0.0,0.0016,False,False,False,0.0016,0.0016,False,False,0.017929999999999998,-0.016329999999999997,True,low_bin_residual_mad
2023-12-25 20:10:00,-3.8393772,0.0,0.00261,False,False,False,0.00261,0.00261,False,False,0.017929999999999998,-0.015319999999999999,True,low_bin_residual_mad
2023-12-25 20:11:00,-3.9026332,0.0,0.00254,False,False,False,0.00254,0.00254,False,False,0.017929999999999998,-0.015389999999999997,True,low_bin_residual_mad
2023-12-25 20:12:00,-3.791807,0.0,0.00495,False,False,False,0.00495,0.00495,False,False,0.017929999999999998,-0.012979999999999998,True,low_bin_residual_mad
2023-12-25 20:13:00,-3.7505965,0.0,0.0044599999999999996,False,False,False,0.0044599999999999996,0.0044599999999999996,False,False,0.017929999999999998,-0.01347,True,low_bin_residual_mad
2023-12-25 20:14:00,-3.7815297,0.0,0.0030600000000000002,False,False,False,0.0030600000000000002,0.0030600000000000002,False,False,0.017929999999999998,-0.014869999999999998,True,low_bin_residual_mad
2023-12-25 20:15:00,-3.7604876,0.0,0.005019999999999999,False,False,False,0.005019999999999999,0.005019999999999999,False,False,0.017929999999999998,-0.012909999999999998,True,low_bin_residual_mad
2023-12-25 20:16:00,-3.654523,0.0,0.0047799999999999995,False,False,False,0.0047799999999999995,0.0047799999999999995,False,False,0.017929999999999998,-0.013149999999999998,True,low_bin_residual_mad
2023-12-25 20:18:00,-4.0967436,0.0,0.00483,False,False,False,0.00483,0.00483,False,False,0.017929999999999998,-0.013099999999999997,True,low_bin_residual_mad
2023-12-25 20:19:00,-4.0079703,0.0,0.0050999999999999995,False,False,False,0.0050999999999999995,0.0050999999999999995,False,False,0.017929999999999998,-0.012829999999999998,True,low_bin_residual_mad
2023-12-25 20:20:00,-3.9043922,0.0,0.00501,False,False,False,0.00501,0.00501,False,False,0.017929999999999998,-0.012919999999999997,True,low_bin_residual_mad
2023-12-25 20:21:00,-3.7690182,0.0,0.005369999999999999,False,False,False,0.005369999999999999,0.005369999999999999,False,False,0.017929999999999998,-0.012559999999999998,True,low_bin_residual_mad
2023-12-25 20:22:00,-3.9419498,0.0,0.0023,False,False,False,0.0023,0.0023,False,False,0.017929999999999998,-0.015629999999999998,True,low_bin_residual_mad
2023-12-25 20:23:00,-3.9127665,0.0,0.00443,False,False,False,0.00443,0.00443,False,False,0.017929999999999998,-0.013499999999999998,True,low_bin_residual_mad
2023-12-25 20:24:00,-3.926178,0.0,0.00285,False,False,False,0.00285,0.00285,False,False,0.017929999999999998,-0.015079999999999998,True,low_bin_residual_mad
2023-12-25 20:25:00,-3.848731,0.0,0.00522,False,False,False,0.00522,0.00522,False,False,0.017929999999999998,-0.012709999999999999,True,low_bin_residual_mad
2023-12-25 20:27:00,-4.180477,0.0,0.0022299999999999998,False,False,False,0.0022299999999999998,0.0022299999999999998,False,False,0.017929999999999998,-0.0157,True,low_bin_residual_mad
2023-12-25 20:28:00,-3.9937093,0.0,0.00232,False,False,False,0.00232,0.00232,False,False,0.017929999999999998,-0.015609999999999999,True,low_bin_residual_mad
2023-12-25 20:29:00,-4.012527,0.0,0.00102,False,False,False,0.00102,0.00102,False,False,0.017929999999999998,-0.016909999999999998,True,low_bin_residual_mad
2023-12-25 20:30:00,-3.9153528,0.0,0.00282,False,False,False,0.00282,0.00282,False,False,0.017929999999999998,-0.015109999999999998,True,low_bin_residual_mad
2023-12-25 20:31:00,-3.9936533,0.0,0.00488,False,False,False,0.00488,0.00488,False,False,0.017929999999999998,-0.013049999999999999,True,low_bin_residual_mad
2023-12-25 20:32:00,-3.9976768,0.0,0.00534,False,False,False,0.00534,0.00534,False,False,0.017929999999999998,-0.012589999999999997,True,low_bin_residual_mad
2023-12-25 20:34:00,-3.950132,0.0,0.00526,False,False,False,0.00526,0.00526,False,False,0.017929999999999998,-0.012669999999999997,True,low_bin_residual_mad
2023-12-25 20:35:00,-3.9148936,0.0,0.0029300000000000003,False,False,False,0.0029300000000000003,0.0029300000000000003,False,False,0.017929999999999998,-0.014999999999999998,True,low_bin_residual_mad
2023-12-25 20:36:00,-4.009788,0.0,0.00357,False,False,False,0.00357,0.00357,False,False,0.017929999999999998,-0.014359999999999998,True,low_bin_residual_mad
2023-12-25 20:37:00,-3.9830427,0.0,0.0013,False,False,False,0.0013,0.0013,False,False,0.017929999999999998,-0.01663,True,low_bin_residual_mad
2023-12-25 20:38:00,-3.8670807,0.0,0.010459999999999999,False,False,False,0.010459999999999999,0.010459999999999999,False,False,0.017929999999999998,-0.007469999999999999,True,low_bin_residual_mad
2023-12-25 20:39:00,-4.093684,0.0,0.00479,False,False,False,0.00479,0.00479,False,False,0.017929999999999998,-0.013139999999999999,True,low_bin_residual_mad
2023-12-25 20:40:00,-4.0475984,0.0,0.004789999999999999,False,False,False,0.004789999999999999,0.004789999999999999,False,False,0.017929999999999998,-0.013139999999999999,True,low_bin_residual_mad
2023-12-25 20:41:00,-3.7756662,0.0,0.0047,False,False,False,0.0047,0.0047,False,False,0.017929999999999998,-0.013229999999999999,True,low_bin_residual_mad
2023-12-25 20:42:00,-4.253273,0.0,0.004869999999999999,False,False,False,0.004869999999999999,0.004869999999999999,False,False,0.017929999999999998,-0.013059999999999999,True,low_bin_residual_mad
2023-12-25 20:43:00,-3.880876,0.0,0.00474,False,False,False,0.00474,0.00474,False,False,0.017929999999999998,-0.013189999999999997,True,low_bin_residual_mad
2023-12-25 20:44:00,-3.7354846,0.0,0.00466,False,False,False,0.00466,0.00466,False,False,0.017929999999999998,-0.013269999999999997,True,low_bin_residual_mad
2023-12-25 20:45:00,-3.9876497,0.0,0.0048,False,False,False,0.0048,0.0048,False,False,0.017929999999999998,-0.01313,True,low_bin_residual_mad
2023-12-25 20:46:00,-3.9619935,0.0,0.0049900000000000005,False,False,False,0.0049900000000000005,0.0049900000000000005,False,False,0.017929999999999998,-0.012939999999999997,True,low_bin_residual_mad
2023-12-25 20:47:00,-3.918602,0.0,0.00501,False,False,False,0.00501,0.00501,False,False,0.017929999999999998,-0.012919999999999997,True,low_bin_residual_mad
2023-12-25 20:48:00,-3.8615975,0.0,0.00492,False,False,False,0.00492,0.00492,False,False,0.017929999999999998,-0.013009999999999997,True,low_bin_residual_mad
2023-12-25 20:49:00,-3.8944726,0.0,0.0046099999999999995,False,False,False,0.0046099999999999995,0.0046099999999999995,False,False,0.017929999999999998,-0.013319999999999999,True,low_bin_residual_mad
2023-12-25 20:50:00,-4.006608,0.0,0.00489,False,False,False,0.00489,0.00489,False,False,0.017929999999999998,-0.013039999999999998,True,low_bin_residual_mad
2023-12-25 20:51:00,-4.0207334,0.0,0.00303,False,False,False,0.00303,0.00303,False,False,0.017929999999999998,-0.014899999999999998,True,low_bin_residual_mad
2023-12-25 20:52:00,-3.821994,0.0,0.00492,False,False,False,0.00492,0.00492,False,False,0.017929999999999998,-0.013009999999999997,True,low_bin_residual_mad
2023-12-25 20:53:00,-3.901005,0.0,0.0024300000000000003,False,False,False,0.0024300000000000003,0.0024300000000000003,False,False,0.017929999999999998,-0.015499999999999998,True,low_bin_residual_mad
2023-12-25 20:54:00,-3.8235288,0.0,0.00252,False,False,False,0.00252,0.00252,False,False,0.017929999999999998,-0.015409999999999998,True,low_bin_residual_mad
2023-12-25 20:55:00,-4.039417,0.0,0.00239,False,False,False,0.00239,0.00239,False,False,0.017929999999999998,-0.015539999999999998,True,low_bin_residual_mad
2023-12-25 20:56:00,-4.0161777,0.0,0.0031999999999999997,False,False,False,0.0031999999999999997,0.0031999999999999997,False,False,0.017929999999999998,-0.014729999999999998,True,low_bin_residual_mad
2023-12-25 20:57:00,-3.9443235,0.0,0.0048200000000000005,False,False,False,0.0048200000000000005,0.0048200000000000005,False,False,0.017929999999999998,-0.013109999999999997,True,low_bin_residual_mad
2023-12-25 20:58:00,-3.9772305,0.0,0.00442,False,False,False,0.00442,0.00442,False,False,0.017929999999999998,-0.013509999999999998,True,low_bin_residual_mad
2023-12-25 20:59:00,-3.9591656,0.0,0.005,False,False,False,0.005,0.005,False,False,0.017929999999999998,-0.012929999999999997,True,low_bin_residual_mad
2023-12-25 21:01:00,-3.7594576,0.0,0.00503,False,False,False,0.00503,0.00503,False,False,0.017929999999999998,-0.012899999999999998,True,low_bin_residual_mad
2023-12-25 21:02:00,-3.7390113,0.0,0.0047599999999999995,False,False,False,0.0047599999999999995,0.0047599999999999995,False,False,0.017929999999999998,-0.013169999999999998,True,low_bin_residual_mad
2023-12-25 21:03:00,-3.8934662,0.0,0.00506,False,False,False,0.00506,0.00506,False,False,0.017929999999999998,-0.012869999999999998,True,low_bin_residual_mad
2023-12-25 21:04:00,-3.9465518,0.0,0.00275,False,False,False,0.00275,0.00275,False,False,0.017929999999999998,-0.015179999999999999,True,low_bin_residual_mad
2023-12-25 21:05:00,-3.9610255,0.0,0.0029800000000000004,False,False,False,0.0029800000000000004,0.0029800000000000004,False,False,0.017929999999999998,-0.014949999999999998,True,low_bin_residual_mad
2023-12-25 21:06:00,-3.9075203,0.0,0.0006,False,False,False,0.0006,0.0006,False,False,0.017929999999999998,-0.017329999999999998,True,low_bin_residual_mad
2023-12-25 21:07:00,-3.9585896,0.0,0.00103,False,False,False,0.00103,0.00103,False,False,0.017929999999999998,-0.0169,True,low_bin_residual_mad
2023-12-25 21:08:00,-3.8444586,0.0,0.00487,False,False,False,0.00487,0.00487,False,False,0.017929999999999998,-0.013059999999999999,True,low_bin_residual_mad
2023-12-25 21:09:00,-3.848778,0.0,0.00232,False,False,False,0.00232,0.00232,False,False,0.017929999999999998,-0.015609999999999999,True,low_bin_residual_mad
2023-12-25 21:10:00,-3.7978597,0.0,0.00457,False,False,False,0.00457,0.00457,False,False,0.017929999999999998,-0.013359999999999997,True,low_bin_residual_mad
2023-12-25 21:11:00,-3.9244003,0.0,0.005279999999999999,False,False,False,0.005279999999999999,0.005279999999999999,False,False,0.017929999999999998,-0.012649999999999998,True,low_bin_residual_mad
2023-12-25 21:12:00,-3.8428485,0.0,0.00512,False,False,False,0.00512,0.00512,False,False,0.017929999999999998,-0.012809999999999998,True,low_bin_residual_mad
2023-12-25 21:13:00,-3.903704,0.0,0.0037400000000000003,False,False,False,0.0037400000000000003,0.0037400000000000003,False,False,0.017929999999999998,-0.014189999999999998,True,low_bin_residual_mad
2023-12-25 21:14:00,-3.952303,0.0,0.005019999999999999,False,False,False,0.005019999999999999,0.005019999999999999,False,False,0.017929999999999998,-0.012909999999999998,True,low_bin_residual_mad
2023-12-25 21:15:00,-3.8740466,0.0,0.00508,False,False,False,0.00508,0.00508,False,False,0.017929999999999998,-0.012849999999999997,True,low_bin_residual_mad
2023-12-25 21:16:00,-4.0182486,0.0,0.0053,False,False,False,0.0053,0.0053,False,False,0.017929999999999998,-0.012629999999999999,True,low_bin_residual_mad
2023-12-25 21:17:00,-3.933473,0.0,0.0052,False,False,False,0.0052,0.0052,False,False,0.017929999999999998,-0.012729999999999998,True,low_bin_residual_mad
2023-12-25 21:18:00,-4.0287347,0.0,0.005380000000000001,False,False,False,0.005380000000000001,0.005380000000000001,False,False,0.017929999999999998,-0.012549999999999997,True,low_bin_residual_mad
2023-12-25 21:19:00,-4.092434,0.0,0.00537,False,False,False,0.00537,0.00537,False,False,0.017929999999999998,-0.012559999999999998,True,low_bin_residual_mad
2023-12-25 21:23:00,-4.3641353,0.0,0.0043100000000000005,False,False,False,0.0043100000000000005,0.0043100000000000005,False,False,0.017929999999999998,-0.013619999999999997,True,low_bin_residual_mad
2023-12-25 21:42:00,-0.74188185,0.0,2.835690000000001,False,False,False,2.835690000000001,2.835690000000001,False,False,2.835609183082813,8.081691718775375e-05,True,low_bin_residual_mad
2023-12-25 22:01:00,-4.235423,0.0,0.007679999999999999,False,False,False,0.007679999999999999,0.007679999999999999,False,False,0.017929999999999998,-0.010249999999999999,True,low_bin_residual_mad
2023-12-25 22:03:00,-3.9912577,0.0,0.00468,False,False,False,0.00468,0.00468,False,False,0.017929999999999998,-0.013249999999999998,True,low_bin_residual_mad
2023-12-25 22:04:00,-4.0809608,0.0,0.01497,False,False,False,0.01497,0.01497,False,False,0.017929999999999998,-0.0029599999999999974,True,low_bin_residual_mad
2023-12-25 22:07:00,-4.165991,0.0,0.00234,False,False,False,0.00234,0.00234,False,False,0.017929999999999998,-0.015589999999999998,True,low_bin_residual_mad
2023-12-25 22:11:00,-4.034896,0.0,0.00041,False,False,False,0.00041,0.00041,False,False,0.017929999999999998,-0.017519999999999997,True,low_bin_residual_mad
2023-12-25 22:12:00,-4.0221825,0.0,0.0013,False,False,False,0.0013,0.0013,False,False,0.017929999999999998,-0.01663,True,low_bin_residual_mad
2023-12-25 22:14:00,-4.186915,0.0,0.00221,False,False,False,0.00221,0.00221,False,False,0.017929999999999998,-0.015719999999999998,True,low_bin_residual_mad
2023-12-25 22:15:00,-4.030343,0.0,0.007679999999999999,False,False,False,0.007679999999999999,0.007679999999999999,False,False,0.017929999999999998,-0.010249999999999999,True,low_bin_residual_mad
2023-12-25 22:16:00,-4.2082987,0.0,0.0004,False,False,False,0.0004,0.0004,False,False,0.017929999999999998,-0.017529999999999997,True,low_bin_residual_mad
2023-12-25 23:07:00,1.3395536,1.3395536,3.3919,False,False,False,3.3919,2.0523464000000002,False,False,3.3902069782630377,-1.3378605782630375,True,low_bin_residual_mad
2023-12-25 23:08:00,1.3214414,1.3214414,3.80254,False,False,False,3.80254,2.4810986,False,False,3.7838002728533993,-1.302701672853399,True,low_bin_residual_mad
2023-12-25 23:09:00,1.6451699,1.6451699,3.7673699999999983,False,False,False,3.7673699999999983,2.1222000999999984,False,False,3.751389873593339,-1.6291897735933407,True,low_bin_residual_mad
2023-12-26 06:14:00,0.6517873,0.6517873,3.78475,False,False,False,3.78475,3.1329626999999998,False,False,3.767406158470788,-0.6344434584707881,True,low_bin_residual_mad
2023-12-26 06:18:00,0.0,0.0,3.066439999999999,False,False,False,3.066439999999999,3.066439999999999,False,False,3.0662498401598395,0.00019015984015968712,True,low_bin_residual_mad
2023-12-26 06:24:00,0.58374673,0.58374673,3.89512,False,False,False,3.89512,3.31137327,False,False,3.8689403557425655,-0.5575670857425656,True,low_bin_residual_mad
2023-12-26 07:43:00,-3.8384793,0.0,0.01643,False,False,False,0.01643,0.01643,False,False,0.017929999999999998,-0.0014999999999999979,True,low_bin_residual_mad
2023-12-26 08:05:00,0.58653575,0.58653575,3.4325199999999993,False,False,False,3.4325199999999993,2.8459842499999994,False,False,3.4296341783826905,-0.583649928382691,True,low_bin_residual_mad
2023-12-26 12:54:00,0.63208437,0.63208437,3.630629999999999,False,False,False,3.630629999999999,2.9985456299999993,False,False,3.620433205259913,-0.6218875752599136,True,low_bin_residual_mad
2023-12-26 13:55:00,1.405413,1.405413,3.79493,False,False,False,3.79493,2.3895169999999997,False,False,3.7767873886234007,-1.387270388623401,True,low_bin_residual_mad
2023-12-26 18:31:00,0.65856427,0.65856427,3.59429,False,False,False,3.59429,2.93572573,False,False,3.584257470721184,-0.6485317407211837,True,low_bin_residual_mad
2023-12-26 18:34:00,0.0,0.0,3.0582300000000004,False,False,False,3.0582300000000004,3.0582300000000004,False,False,3.05812841958042,0.00010158041958030495,True,low_bin_residual_mad
2023-12-26 19:06:00,-4.0544505,0.0,2e-05,False,False,False,2e-05,2e-05,False,False,0.017929999999999998,-0.01791,True,low_bin_residual_mad
2023-12-26 19:08:00,-4.2566957,0.0,5e-05,False,False,False,5e-05,5e-05,False,False,0.017929999999999998,-0.017879999999999997,True,low_bin_residual_mad
2023-12-26 19:09:00,-4.209109,0.0,0.01536,False,False,False,0.01536,0.01536,False,False,0.017929999999999998,-0.0025699999999999976,True,low_bin_residual_mad
2023-12-26 19:35:00,0.0,0.0,5.074569999999998,False,False,False,5.074569999999998,5.074569999999998,False,False,3.2122115856341362,1.8623584143658616,True,low_bin_residual_mad
2023-12-27 01:56:00,-0.903878,0.0,2.81407,False,False,False,2.81407,2.81407,False,False,2.8139023881990477,0.00016761180095237194,True,low_bin_residual_mad
2023-12-27 01:59:00,0.0,0.0,3.06718,False,False,False,3.06718,3.06718,False,False,3.0669818561438564,0.00019814385614358443,True,low_bin_residual_mad
2023-12-27 03:13:00,0.59459585,0.59459585,3.9942500000000005,False,False,False,3.9942500000000005,3.3996541500000004,False,False,3.9593108797506544,-0.5596567297506541,True,low_bin_residual_mad
2023-12-27 03:14:00,-0.5987733,0.0,3.073560000000001,False,False,False,3.073560000000001,3.073560000000001,False,False,3.073293020979022,0.0002669790209788303,True,low_bin_residual_mad
2023-12-27 03:20:00,0.61743987,0.61743987,3.8969199999999993,False,False,False,3.8969199999999993,3.279480129999999,False,False,3.870592665200344,-0.5911125352003448,True,low_bin_residual_mad
2023-12-27 22:32:00,0.5889364,0.5889364,3.695899999999999,False,False,False,3.695899999999999,3.106963599999999,False,False,3.6835828026960775,-0.5766192026960786,True,low_bin_residual_mad
2023-12-27 22:46:00,1.4256747,1.4256747,3.980579999999999,False,False,False,3.980579999999999,2.554905299999999,False,False,3.9469589503317914,-1.3920536503317926,True,low_bin_residual_mad
2023-12-27 23:15:00,0.5876011,0.5876011,3.9677800000000003,False,False,False,3.9677800000000003,3.3801789,False,False,3.9353931349286158,-0.5552142349286155,True,low_bin_residual_mad
2023-12-28 00:36:00,-0.5901772,0.0,3.064160000000001,False,False,False,3.064160000000001,3.064160000000001,False,False,3.0639944395604406,0.00016556043956050814,True,low_bin_residual_mad
2023-12-28 01:34:00,1.3218151,1.3218151,3.8448800000000003,False,False,False,3.8448800000000003,2.5230649000000005,False,False,3.8228180807769387,-1.2997531807769382,True,low_bin_residual_mad
2023-12-28 02:28:00,-4.1916695,0.0,0.017920000000000002,False,False,False,0.017920000000000002,0.017920000000000002,False,False,0.017929999999999998,-9.999999999996123e-06,True,low_bin_residual_mad
2023-12-28 02:29:00,-4.148284,0.0,0.00128,False,False,False,0.00128,0.00128,False,False,0.017929999999999998,-0.016649999999999998,True,low_bin_residual_mad
2023-12-28 11:55:00,-4.4414287,0.0,0.0038399999999999997,False,False,False,0.0038399999999999997,0.0038399999999999997,False,False,0.017929999999999998,-0.014089999999999998,True,low_bin_residual_mad
2023-12-28 11:56:00,-4.63924,0.0,0.00512,False,False,False,0.00512,0.00512,False,False,0.017929999999999998,-0.012809999999999998,True,low_bin_residual_mad
2023-12-28 14:25:00,-0.64847404,0.0,3.0782900000000004,False,False,False,3.0782900000000004,3.0782900000000004,False,False,3.0779719880119885,0.00031801198801195696,True,low_bin_residual_mad
2023-12-28 21:20:00,-0.60662186,0.0,3.06631,False,False,False,3.06631,3.06631,False,False,3.066121242757243,0.00018875724275702055,True,low_bin_residual_mad
2023-12-28 21:22:00,0.5872461,0.5872461,3.89566,False,False,False,3.89566,3.3084138999999997,False,False,3.869436048579899,-0.5610221485798994,True,low_bin_residual_mad
2023-12-28 21:47:00,1.247764,1.247764,3.75994,False,False,False,3.75994,2.5121759999999997,False,False,3.744542865731463,-1.2323668657314633,True,low_bin_residual_mad
2023-12-28 22:49:00,-4.2981796,0.0,0.01408,False,False,False,0.01408,0.01408,False,False,0.017929999999999998,-0.0038499999999999975,True,low_bin_residual_mad
2023-12-28 22:52:00,-4.5875583,0.0,0.01024,False,False,False,0.01024,0.01024,False,False,0.017929999999999998,-0.007689999999999997,True,low_bin_residual_mad
2023-12-28 22:53:00,-4.73079,0.0,0.00512,False,False,False,0.00512,0.00512,False,False,0.017929999999999998,-0.012809999999999998,True,low_bin_residual_mad
2023-12-29 04:27:00,-4.2515736,0.0,0.0038399999999999997,False,False,False,0.0038399999999999997,0.0038399999999999997,False,False,0.017929999999999998,-0.014089999999999998,True,low_bin_residual_mad
2023-12-29 10:03:00,-4.012014,0.0,0.008539999999999999,False,False,False,0.008539999999999999,0.008539999999999999,False,False,0.017929999999999998,-0.009389999999999999,True,low_bin_residual_mad
2023-12-29 10:09:00,-4.235587,0.0,0.00768,False,False,False,0.00768,0.00768,False,False,0.017929999999999998,-0.010249999999999999,True,low_bin_residual_mad
2023-12-29 10:36:00,-4.1377263,0.0,0.0038399999999999997,False,False,False,0.0038399999999999997,0.0038399999999999997,False,False,0.017929999999999998,-0.014089999999999998,True,low_bin_residual_mad
2023-12-29 10:37:00,-4.173579,0.0,0.016649999999999998,False,False,False,0.016649999999999998,0.016649999999999998,False,False,0.017929999999999998,-0.0012799999999999999,True,low_bin_residual_mad
2023-12-29 10:38:00,-4.1811943,0.0,0.00512,False,False,False,0.00512,0.00512,False,False,0.017929999999999998,-0.012809999999999998,True,low_bin_residual_mad
2023-12-29 10:55:00,-4.061995,0.0,0.0128,False,False,False,0.0128,0.0128,False,False,0.017929999999999998,-0.005129999999999997,True,low_bin_residual_mad
2023-12-29 10:57:00,-4.1939955,0.0,0.00256,False,False,False,0.00256,0.00256,False,False,0.017929999999999998,-0.015369999999999998,True,low_bin_residual_mad
2023-12-29 11:18:00,-4.1387486,0.0,0.012799999999999999,False,False,False,0.012799999999999999,0.012799999999999999,False,False,0.017929999999999998,-0.005129999999999999,True,low_bin_residual_mad
2023-12-29 11:23:00,-4.164142,0.0,0.0128,False,False,False,0.0128,0.0128,False,False,0.017929999999999998,-0.005129999999999997,True,low_bin_residual_mad
2023-12-29 11:24:00,-4.1482296,0.0,0.016649999999999998,False,False,False,0.016649999999999998,0.016649999999999998,False,False,0.017929999999999998,-0.0012799999999999999,True,low_bin_residual_mad
2023-12-29 15:07:00,0.5972835,0.5972835,3.8892700000000002,False,False,False,3.8892700000000002,3.2919865,False,False,3.863570350004782,-0.5715838500047821,True,low_bin_residual_mad
2023-12-29 15:10:00,0.5970767,0.5970767,3.6545299999999994,False,False,False,3.6545299999999994,3.0574532999999993,False,False,3.643938580637254,-0.5864852806372549,True,low_bin_residual_mad
2023-12-29 15:11:00,0.68221474,0.68221474,3.8952300000000006,False,False,False,3.8952300000000006,3.2130152600000006,False,False,3.86904133020943,-0.6560260702094296,True,low_bin_residual_mad
2023-12-29 15:24:00,-0.7788133,0.0,2.84267,False,False,False,2.84267,2.84267,False,False,2.842617204742788,5.279525721224587e-05,True,low_bin_residual_mad
2023-12-29 15:34:00,0.636253,0.636253,3.5200500000000012,False,False,False,3.5200500000000012,2.8837970000000013,False,False,3.5121230420793346,-0.6283260420793333,True,low_bin_residual_mad
2023-12-29 15:35:00,1.653543,1.653543,3.9818800000000008,False,False,False,3.9818800000000008,2.3283370000000008,False,False,3.9481336034586785,-1.6197966034586777,True,low_bin_residual_mad
2023-12-29 15:44:00,-0.583198,0.0,2.81067,False,False,False,2.81067,2.81067,False,False,2.810488738679862,0.00018126132013795981,True,low_bin_residual_mad
2023-12-29 16:33:00,1.3805602,1.3805602,3.9413100000000005,False,False,False,3.9413100000000005,2.560749800000001,False,False,3.9113404523285853,-1.3505906523285844,True,low_bin_residual_mad
2024-01-05 06:13:00,1.3369328,1.3369328,3.8051600000000003,False,False,False,3.8051600000000003,2.4682272000000003,False,False,3.7862146955449365,-1.3179874955449362,True,low_bin_residual_mad
2024-01-05 06:21:00,1.3896558,1.3896558,3.4739500000000003,False,False,False,3.4739500000000003,2.0842942000000004,False,False,3.46900351566035,-1.3847093156603494,True,low_bin_residual_mad
2024-01-05 06:23:00,1.4905864,1.4905864,3.4367799999999993,False,False,False,3.4367799999999993,1.9461935999999993,False,False,3.433769084155948,-1.4875754841559485,True,low_bin_residual_mad
2024-01-05 06:25:00,1.2375565,1.2375565,3.339079999999999,False,False,False,3.339079999999999,2.101523499999999,False,False,3.3384911990549315,-1.2369676990549325,True,low_bin_residual_mad
2024-01-05 06:26:00,1.2622184,1.2622184,2.9882099999999996,False,False,False,2.9882099999999996,1.7259915999999995,False,False,2.988200896049271,-1.2622092960492717,True,low_bin_residual_mad
2024-01-05 06:27:00,0.62353146,0.62353146,2.8835999999999995,False,False,False,2.8835999999999995,2.2600685399999993,False,False,2.883588417337655,-0.6235198773376558,True,low_bin_residual_mad
2024-01-05 07:41:00,-0.67518,0.0,3.0646200000000006,False,False,False,3.0646200000000006,3.0646200000000006,False,False,3.0644494765234773,0.0001705234765232433,True,low_bin_residual_mad
2024-01-05 08:10:00,-4.683464,0.0,0.01152,False,False,False,0.01152,0.01152,False,False,0.017929999999999998,-0.006409999999999997,True,low_bin_residual_mad
2024-01-05 08:12:00,-4.561806,0.0,0.00128,False,False,False,0.00128,0.00128,False,False,0.017929999999999998,-0.016649999999999998,True,low_bin_residual_mad
2024-01-05 08:18:00,-4.827485,0.0,0.00256,False,False,False,0.00256,0.00256,False,False,0.017929999999999998,-0.015369999999999998,True,low_bin_residual_mad
2024-01-05 09:17:00,-0.65705353,0.0,2.8306999999999998,False,False,False,2.8306999999999998,2.8306999999999998,False,False,2.8305991504061243,0.00010084959387546277,True,low_bin_residual_mad
2024-01-05 09:56:00,-4.055174,0.0,0.01152,False,False,False,0.01152,0.01152,False,False,0.017929999999999998,-0.006409999999999997,True,low_bin_residual_mad
2024-01-05 10:05:00,-4.3432255,0.0,0.01409,False,False,False,0.01409,0.01409,False,False,0.017929999999999998,-0.003839999999999998,True,low_bin_residual_mad
2024-01-05 10:06:00,-4.156707,0.0,0.017070000000000002,False,False,False,0.017070000000000002,0.017070000000000002,False,False,0.017929999999999998,-0.0008599999999999962,True,low_bin_residual_mad
2024-01-05 10:08:00,-4.4354625,0.0,0.00128,False,False,False,0.00128,0.00128,False,False,0.017929999999999998,-0.016649999999999998,True,low_bin_residual_mad
2024-01-05 10:09:00,-4.33301,0.0,0.011519999999999999,False,False,False,0.011519999999999999,0.011519999999999999,False,False,0.017929999999999998,-0.006409999999999999,True,low_bin_residual_mad
2024-01-05 10:10:00,-4.366845,0.0,0.01537,False,False,False,0.01537,0.01537,False,False,0.017929999999999998,-0.002559999999999998,True,low_bin_residual_mad
2024-01-05 10:13:00,-4.2564225,0.0,0.00256,False,False,False,0.00256,0.00256,False,False,0.017929999999999998,-0.015369999999999998,True,low_bin_residual_mad
2024-01-05 12:44:00,-4.461024,0.0,0.015359999999999999,False,False,False,0.015359999999999999,0.015359999999999999,False,False,0.017929999999999998,-0.0025699999999999994,True,low_bin_residual_mad
2024-01-05 13:31:00,-3.7959433,0.0,0.011519999999999999,False,False,False,0.011519999999999999,0.011519999999999999,False,False,0.017929999999999998,-0.006409999999999999,True,low_bin_residual_mad
2024-01-05 14:22:00,0.0,0.0,2.8477899999999994,False,False,False,2.8477899999999994,2.8477899999999994,False,False,2.8477577593128554,3.224068714402506e-05,True,low_bin_residual_mad
2024-01-05 14:52:00,0.0,0.0,3.0924,False,False,False,3.0924,3.0924,False,False,3.0919297522477525,0.00047024775224757676,True,low_bin_residual_mad
2024-01-05 14:53:00,-0.63403064,0.0,3.07485,False,False,False,3.07485,3.07485,False,False,3.074569102897103,0.0002808971028969154,True,low_bin_residual_mad
2024-01-05 15:24:00,0.0,0.0,3.05819,False,False,False,3.05819,3.05819,False,False,3.0580888511488515,0.00010114885114864691,True,low_bin_residual_mad
2024-01-05 20:13:00,0.0,0.0,3.06291,False,False,False,3.06291,3.06291,False,False,3.062757926073926,0.0001520739260740811,True,low_bin_residual_mad
2024-01-05 20:14:00,0.0,0.0,2.8145100000000003,False,False,False,2.8145100000000003,2.8145100000000003,False,False,2.8143441546074133,0.00016584539258701625,True,low_bin_residual_mad
2024-01-05 20:16:00,0.0,0.0,3.06163,False,False,False,3.06163,3.06163,False,False,3.0614917362637364,0.00013826373626368849,True,low_bin_residual_mad
2024-01-05 20:58:00,-4.932139,0.0,0.01537,False,False,False,0.01537,0.01537,False,False,0.017929999999999998,-0.002559999999999998,True,low_bin_residual_mad
2024-01-05 21:13:00,-4.5251293,0.0,0.011519999999999999,False,False,False,0.011519999999999999,0.011519999999999999,False,False,0.017929999999999998,-0.006409999999999999,True,low_bin_residual_mad
2024-01-05 21:15:00,-4.607694,0.0,0.0038399999999999997,False,False,False,0.0038399999999999997,0.0038399999999999997,False,False,0.017929999999999998,-0.014089999999999998,True,low_bin_residual_mad
2024-01-05 21:16:00,-4.58622,0.0,0.0038399999999999997,False,False,False,0.0038399999999999997,0.0038399999999999997,False,False,0.017929999999999998,-0.014089999999999998,True,low_bin_residual_mad
2024-01-05 21:17:00,-4.613758,0.0,0.00256,False,False,False,0.00256,0.00256,False,False,0.017929999999999998,-0.015369999999999998,True,low_bin_residual_mad
2024-01-05 21:19:00,-4.605656,0.0,0.007679999999999999,False,False,False,0.007679999999999999,0.007679999999999999,False,False,0.017929999999999998,-0.010249999999999999,True,low_bin_residual_mad
2024-01-05 21:48:00,-4.9957557,0.0,0.0064,False,False,False,0.0064,0.0064,False,False,0.017929999999999998,-0.011529999999999999,True,low_bin_residual_mad
2024-01-05 21:52:00,-4.8818307,0.0,0.00512,False,False,False,0.00512,0.00512,False,False,0.017929999999999998,-0.012809999999999998,True,low_bin_residual_mad
2024-01-05 22:04:00,-4.617023,0.0,0.00256,False,False,False,0.00256,0.00256,False,False,0.017929999999999998,-0.015369999999999998,True,low_bin_residual_mad
2024-01-05 22:08:00,-4.74244,0.0,0.01024,False,False,False,0.01024,0.01024,False,False,0.017929999999999998,-0.007689999999999997,True,low_bin_residual_mad
2024-01-05 22:23:00,-4.600738,0.0,0.00213,False,False,False,0.00213,0.00213,False,False,0.017929999999999998,-0.015799999999999998,True,low_bin_residual_mad
2024-01-05 22:25:00,-4.356733,0.0,0.0038399999999999997,False,False,False,0.0038399999999999997,0.0038399999999999997,False,False,0.017929999999999998,-0.014089999999999998,True,low_bin_residual_mad
2024-01-06 08:52:00,-4.566014,0.0,0.0064,False,False,False,0.0064,0.0064,False,False,0.017929999999999998,-0.011529999999999999,True,low_bin_residual_mad
2024-01-06 08:53:00,-4.626095,0.0,0.0064,False,False,False,0.0064,0.0064,False,False,0.017929999999999998,-0.011529999999999999,True,low_bin_residual_mad
2024-01-06 09:06:00,-4.349592,0.0,0.0128,False,False,False,0.0128,0.0128,False,False,0.017929999999999998,-0.005129999999999997,True,low_bin_residual_mad
2024-01-06 09:45:00,-4.1517367,0.0,0.01152,False,False,False,0.01152,0.01152,False,False,0.017929999999999998,-0.006409999999999997,True,low_bin_residual_mad
2024-01-06 11:36:00,-4.8683157,0.0,0.00256,False,False,False,0.00256,0.00256,False,False,0.017929999999999998,-0.015369999999999998,True,low_bin_residual_mad
2024-01-06 11:39:00,-5.0752134,0.0,0.01409,False,False,False,0.01409,0.01409,False,False,0.017929999999999998,-0.003839999999999998,True,low_bin_residual_mad
2024-01-06 11:47:00,-4.7120457,0.0,0.0038399999999999997,False,False,False,0.0038399999999999997,0.0038399999999999997,False,False,0.017929999999999998,-0.014089999999999998,True,low_bin_residual_mad
2024-01-06 11:48:00,-4.771236,0.0,0.016649999999999998,False,False,False,0.016649999999999998,0.016649999999999998,False,False,0.017929999999999998,-0.0012799999999999999,True,low_bin_residual_mad
2024-01-06 11:56:00,-4.8872643,0.0,0.017920000000000002,False,False,False,0.017920000000000002,0.017920000000000002,False,False,0.017929999999999998,-9.999999999996123e-06,True,low_bin_residual_mad
2024-01-07 19:56:00,1.3444235,1.3444235,3.9707799999999995,False,False,False,3.9707799999999995,2.6263564999999995,False,False,3.9381038729137345,-1.311747372913735,True,low_bin_residual_mad
2024-01-07 20:18:00,-0.89811116,0.0,2.84051,False,False,False,2.84051,2.84051,False,False,2.8404485332835403,6.14667164597904e-05,True,low_bin_residual_mad
2024-01-07 20:37:00,-0.81386995,0.0,2.84778,False,False,False,2.84778,2.84778,False,False,2.8477477191672116,3.228083278861149e-05,True,low_bin_residual_mad
2024-01-07 20:45:00,-0.7851299,0.0,2.8132099999999998,False,False,False,2.8132099999999998,2.8132099999999998,False,False,2.8130389356736063,0.00017106432639346636,True,low_bin_residual_mad
2024-01-07 20:46:00,-0.65782833,0.0,3.0923799999999995,False,False,False,3.0923799999999995,3.0923799999999995,False,False,3.0919099680319677,0.00047003196803174774,True,low_bin_residual_mad
2024-01-07 21:06:00,-0.6751157,0.0,3.08,False,False,False,3.08,3.08,False,False,3.0796635384615385,0.00033646153846156324,True,low_bin_residual_mad
2024-01-07 21:25:00,-0.8687561,0.0,2.81192,False,False,False,2.81192,2.81192,False,False,2.8117437568854453,0.00017624311455488595,True,low_bin_residual_mad
2024-01-07 22:12:00,-4.323811,0.0,0.01537,False,False,False,0.01537,0.01537,False,False,0.017929999999999998,-0.002559999999999998,True,low_bin_residual_mad
2024-01-07 22:13:00,-4.3179626,0.0,0.011519999999999999,False,False,False,0.011519999999999999,0.011519999999999999,False,False,0.017929999999999998,-0.006409999999999999,True,low_bin_residual_mad
2024-01-07 22:19:00,-4.323475,0.0,0.007679999999999999,False,False,False,0.007679999999999999,0.007679999999999999,False,False,0.017929999999999998,-0.010249999999999999,True,low_bin_residual_mad
2024-01-08 00:09:00,-4.4145484,0.0,0.008960000000000001,False,False,False,0.008960000000000001,0.008960000000000001,False,False,0.017929999999999998,-0.008969999999999997,True,low_bin_residual_mad
2024-01-08 00:23:00,-4.105527,0.0,0.0064,False,False,False,0.0064,0.0064,False,False,0.017929999999999998,-0.011529999999999999,True,low_bin_residual_mad
2024-01-08 00:26:00,-4.125195,0.0,0.011519999999999999,False,False,False,0.011519999999999999,0.011519999999999999,False,False,0.017929999999999998,-0.006409999999999999,True,low_bin_residual_mad
2024-01-08 00:27:00,-4.0488167,0.0,0.00512,False,False,False,0.00512,0.00512,False,False,0.017929999999999998,-0.012809999999999998,True,low_bin_residual_mad
2024-01-08 00:29:00,-4.3506126,0.0,0.00256,False,False,False,0.00256,0.00256,False,False,0.017929999999999998,-0.015369999999999998,True,low_bin_residual_mad
2024-01-08 00:30:00,-3.8285744,0.0,0.0038399999999999997,False,False,False,0.0038399999999999997,0.0038399999999999997,False,False,0.017929999999999998,-0.014089999999999998,True,low_bin_residual_mad
2024-01-08 00:31:00,-4.170686,0.0,0.008960000000000001,False,False,False,0.008960000000000001,0.008960000000000001,False,False,0.017929999999999998,-0.008969999999999997,True,low_bin_residual_mad
2024-01-08 03:33:00,-4.36099,0.0,0.01409,False,False,False,0.01409,0.01409,False,False,0.017929999999999998,-0.003839999999999998,True,low_bin_residual_mad
2024-01-08 03:34:00,-4.1378775,0.0,0.00256,False,False,False,0.00256,0.00256,False,False,0.017929999999999998,-0.015369999999999998,True,low_bin_residual_mad
2024-01-08 04:31:00,-0.6265256,0.0,2.83199,False,False,False,2.83199,2.83199,False,False,2.831894329194286,9.56708057135991e-05,True,low_bin_residual_mad
2024-01-08 06:04:00,0.59866625,0.59866625,3.7783,False,False,False,3.7783,3.1796337500000003,False,False,3.7614622552797905,-0.5818285052797902,True,low_bin_residual_mad
2024-01-08 07:52:00,-0.76988995,0.0,3.08124,False,False,False,3.08124,3.08124,False,False,3.0808901598401603,0.0003498401598398537,True,low_bin_residual_mad
2024-01-08 10:10:00,0.6156993,0.6156993,3.5981400000000003,False,False,False,3.5981400000000003,2.9824407000000006,False,False,3.588090067803576,-0.6056493678035753,True,low_bin_residual_mad
2024-01-08 10:16:00,0.0,0.0,2.8294300000000008,False,False,False,2.8294300000000008,2.8294300000000008,False,False,2.829324051909253,0.0001059480907477095,True,low_bin_residual_mad
2024-01-08 22:18:00,-0.59045047,0.0,3.07316,False,False,False,3.07316,3.07316,False,False,3.072897336663337,0.0002626633366631381,True,low_bin_residual_mad
2024-01-08 22:20:00,0.0,0.0,2.8247400000000003,False,False,False,2.8247400000000003,2.8247400000000003,False,False,2.8246152236019046,0.00012477639809560515,True,low_bin_residual_mad
2024-01-08 22:21:00,0.0,0.0,2.8273200000000007,False,False,False,2.8273200000000007,2.8273200000000007,False,False,2.827205581178229,0.00011441882177187779,True,low_bin_residual_mad
2024-01-08 22:57:00,0.0,0.0,3.0727599999999997,False,False,False,3.0727599999999997,3.0727599999999997,False,False,3.0725016523476523,0.00025834765234744594,True,low_bin_residual_mad
2024-01-09 00:14:00,-4.586843,0.0,0.00256,False,False,False,0.00256,0.00256,False,False,0.017929999999999998,-0.015369999999999998,True,low_bin_residual_mad
2024-01-09 00:17:00,-4.7627215,0.0,0.00512,False,False,False,0.00512,0.00512,False,False,0.017929999999999998,-0.012809999999999998,True,low_bin_residual_mad
2024-01-09 00:24:00,-4.546954,0.0,0.016649999999999998,False,False,False,0.016649999999999998,0.016649999999999998,False,False,0.017929999999999998,-0.0012799999999999999,True,low_bin_residual_mad
2024-01-09 00:25:00,-4.6381226,0.0,0.00128,False,False,False,0.00128,0.00128,False,False,0.017929999999999998,-0.016649999999999998,True,low_bin_residual_mad
2024-01-09 00:29:00,-4.766738,0.0,0.01409,False,False,False,0.01409,0.01409,False,False,0.017929999999999998,-0.003839999999999998,True,low_bin_residual_mad
2024-01-09 05:54:00,-5.074022,0.0,0.008960000000000001,False,False,False,0.008960000000000001,0.008960000000000001,False,False,0.017929999999999998,-0.008969999999999997,True,low_bin_residual_mad
2024-01-09 06:08:00,-4.376875,0.0,0.00128,False,False,False,0.00128,0.00128,False,False,0.017929999999999998,-0.016649999999999998,True,low_bin_residual_mad
2024-01-09 06:09:00,-4.444198,0.0,0.00256,False,False,False,0.00256,0.00256,False,False,0.017929999999999998,-0.015369999999999998,True,low_bin_residual_mad
2024-01-09 06:15:00,-4.9934216,0.0,0.007679999999999999,False,False,False,0.007679999999999999,0.007679999999999999,False,False,0.017929999999999998,-0.010249999999999999,True,low_bin_residual_mad
2024-01-09 06:22:00,-4.9325585,0.0,0.007679999999999999,False,False,False,0.007679999999999999,0.007679999999999999,False,False,0.017929999999999998,-0.010249999999999999,True,low_bin_residual_mad
2024-01-09 06:34:00,-4.595333,0.0,0.011519999999999999,False,False,False,0.011519999999999999,0.011519999999999999,False,False,0.017929999999999998,-0.006409999999999999,True,low_bin_residual_mad
2024-01-09 06:36:00,-4.883976,0.0,0.0064,False,False,False,0.0064,0.0064,False,False,0.017929999999999998,-0.011529999999999999,True,low_bin_residual_mad
2024-01-09 06:40:00,-5.2670026,0.0,0.01408,False,False,False,0.01408,0.01408,False,False,0.017929999999999998,-0.0038499999999999975,True,low_bin_residual_mad
2024-01-09 07:52:00,-5.145357,0.0,0.01409,False,False,False,0.01409,0.01409,False,False,0.017929999999999998,-0.003839999999999998,True,low_bin_residual_mad
2024-01-09 07:53:00,-5.092235,0.0,0.0128,False,False,False,0.0128,0.0128,False,False,0.017929999999999998,-0.005129999999999997,True,low_bin_residual_mad
2024-01-09 07:54:00,-5.1750326,0.0,0.00512,False,False,False,0.00512,0.00512,False,False,0.017929999999999998,-0.012809999999999998,True,low_bin_residual_mad
2024-01-09 09:01:00,-4.7010336,0.0,0.008960000000000001,False,False,False,0.008960000000000001,0.008960000000000001,False,False,0.017929999999999998,-0.008969999999999997,True,low_bin_residual_mad
2024-01-09 09:03:00,-4.5379777,0.0,0.016640000000000002,False,False,False,0.016640000000000002,0.016640000000000002,False,False,0.017929999999999998,-0.001289999999999996,True,low_bin_residual_mad
2024-01-09 09:04:00,-4.672057,0.0,0.0064,False,False,False,0.0064,0.0064,False,False,0.017929999999999998,-0.011529999999999999,True,low_bin_residual_mad
2024-01-09 09:08:00,-4.738169,0.0,0.01409,False,False,False,0.01409,0.01409,False,False,0.017929999999999998,-0.003839999999999998,True,low_bin_residual_mad
2024-01-09 09:09:00,-4.577385,0.0,0.01024,False,False,False,0.01024,0.01024,False,False,0.017929999999999998,-0.007689999999999997,True,low_bin_residual_mad
2024-01-09 09:17:00,-4.9111266,0.0,0.008960000000000001,False,False,False,0.008960000000000001,0.008960000000000001,False,False,0.017929999999999998,-0.008969999999999997,True,low_bin_residual_mad
2024-01-09 09:40:00,-4.7226753,0.0,0.0128,False,False,False,0.0128,0.0128,False,False,0.017929999999999998,-0.005129999999999997,True,low_bin_residual_mad
2024-01-09 12:46:00,0.0,0.0,3.0628900000000003,False,False,False,3.0628900000000003,3.0628900000000003,False,False,3.062738141858142,0.00015185814185825208,True,low_bin_residual_mad
2024-01-09 12:52:00,0.0,0.0,3.0667700000000013,False,False,False,3.0667700000000013,3.0667700000000013,False,False,3.066576279720281,0.00019372027972019978,True,low_bin_residual_mad
2024-01-11 00:46:00,-0.58575547,0.0,3.0927800000000008,False,False,False,3.0927800000000008,3.0927800000000008,False,False,3.0923056523476533,0.0004743476523474399,True,low_bin_residual_mad
2024-01-12 09:54:00,-4.6082625,0.0,0.016640000000000002,False,False,False,0.016640000000000002,0.016640000000000002,False,False,0.017929999999999998,-0.001289999999999996,True,low_bin_residual_mad
2024-01-12 09:56:00,-4.632277,0.0,0.00256,False,False,False,0.00256,0.00256,False,False,0.017929999999999998,-0.015369999999999998,True,low_bin_residual_mad
2024-01-12 09:59:00,-4.56793,0.0,0.0128,False,False,False,0.0128,0.0128,False,False,0.017929999999999998,-0.005129999999999997,True,low_bin_residual_mad
2024-01-12 10:05:00,-3.8858938,0.0,0.00512,False,False,False,0.00512,0.00512,False,False,0.017929999999999998,-0.012809999999999998,True,low_bin_residual_mad
2024-01-12 10:59:00,-4.510369,0.0,0.0038399999999999997,False,False,False,0.0038399999999999997,0.0038399999999999997,False,False,0.017929999999999998,-0.014089999999999998,True,low_bin_residual_mad
2024-01-12 11:00:00,-4.3919444,0.0,0.00512,False,False,False,0.00512,0.00512,False,False,0.017929999999999998,-0.012809999999999998,True,low_bin_residual_mad
2024-01-12 11:05:00,-4.4720592,0.0,0.00256,False,False,False,0.00256,0.00256,False,False,0.017929999999999998,-0.015369999999999998,True,low_bin_residual_mad
2024-01-12 11:33:00,-4.756279,0.0,0.0128,False,False,False,0.0128,0.0128,False,False,0.017929999999999998,-0.005129999999999997,True,low_bin_residual_mad
2024-01-12 11:34:00,-4.761917,0.0,0.01024,False,False,False,0.01024,0.01024,False,False,0.017929999999999998,-0.007689999999999997,True,low_bin_residual_mad
2024-01-12 11:35:00,-4.7427506,0.0,0.016649999999999998,False,False,False,0.016649999999999998,0.016649999999999998,False,False,0.017929999999999998,-0.0012799999999999999,True,low_bin_residual_mad
2024-01-12 11:38:00,-4.580888,0.0,0.016649999999999998,False,False,False,0.016649999999999998,0.016649999999999998,False,False,0.017929999999999998,-0.0012799999999999999,True,low_bin_residual_mad
2024-01-12 12:07:00,-4.7317114,0.0,0.016649999999999998,False,False,False,0.016649999999999998,0.016649999999999998,False,False,0.017929999999999998,-0.0012799999999999999,True,low_bin_residual_mad
2024-01-12 12:10:00,-4.831107,0.0,0.01409,False,False,False,0.01409,0.01409,False,False,0.017929999999999998,-0.003839999999999998,True,low_bin_residual_mad
2024-01-12 13:24:00,-4.7958207,0.0,0.007679999999999999,False,False,False,0.007679999999999999,0.007679999999999999,False,False,0.017929999999999998,-0.010249999999999999,True,low_bin_residual_mad
2024-01-12 13:26:00,-4.729208,0.0,0.008960000000000001,False,False,False,0.008960000000000001,0.008960000000000001,False,False,0.017929999999999998,-0.008969999999999997,True,low_bin_residual_mad
2024-01-12 13:33:00,-4.3216724,0.0,0.007679999999999999,False,False,False,0.007679999999999999,0.007679999999999999,False,False,0.017929999999999998,-0.010249999999999999,True,low_bin_residual_mad
2024-01-12 13:47:00,-4.212314,0.0,0.008960000000000001,False,False,False,0.008960000000000001,0.008960000000000001,False,False,0.017929999999999998,-0.008969999999999997,True,low_bin_residual_mad
2024-01-12 13:50:00,-4.5095363,0.0,0.01537,False,False,False,0.01537,0.01537,False,False,0.017929999999999998,-0.002559999999999998,True,low_bin_residual_mad
2024-01-12 14:36:00,-4.52913,0.0,0.00512,False,False,False,0.00512,0.00512,False,False,0.017929999999999998,-0.012809999999999998,True,low_bin_residual_mad
2024-01-12 16:13:00,-0.7521445,0.0,2.81706,False,False,False,2.81706,2.81706,False,False,2.8169043917468026,0.00015560825319749227,True,low_bin_residual_mad
2024-01-12 16:17:00,0.0,0.0,3.0821099999999997,False,False,False,3.0821099999999997,3.0821099999999997,False,False,3.0817507732267733,0.0003592267732264176,True,low_bin_residual_mad
2024-01-12 18:17:00,-4.2133327,0.0,0.0064,False,False,False,0.0064,0.0064,False,False,0.017929999999999998,-0.011529999999999999,True,low_bin_residual_mad
2024-01-12 18:21:00,-4.47325,0.0,0.00512,False,False,False,0.00512,0.00512,False,False,0.017929999999999998,-0.012809999999999998,True,low_bin_residual_mad
2024-01-12 18:35:00,-4.3229604,0.0,0.012799999999999999,False,False,False,0.012799999999999999,0.012799999999999999,False,False,0.017929999999999998,-0.005129999999999999,True,low_bin_residual_mad
2024-01-12 18:36:00,-4.3805223,0.0,0.0038399999999999997,False,False,False,0.0038399999999999997,0.0038399999999999997,False,False,0.017929999999999998,-0.014089999999999998,True,low_bin_residual_mad
2024-01-12 19:18:00,-4.8124294,0.0,0.011519999999999999,False,False,False,0.011519999999999999,0.011519999999999999,False,False,0.017929999999999998,-0.006409999999999999,True,low_bin_residual_mad
2024-01-12 19:19:00,-4.885194,0.0,0.01537,False,False,False,0.01537,0.01537,False,False,0.017929999999999998,-0.002559999999999998,True,low_bin_residual_mad
2024-01-12 19:20:00,-4.7848673,0.0,0.00512,False,False,False,0.00512,0.00512,False,False,0.017929999999999998,-0.012809999999999998,True,low_bin_residual_mad
2024-01-12 19:22:00,-4.294548,0.0,0.00512,False,False,False,0.00512,0.00512,False,False,0.017929999999999998,-0.012809999999999998,True,low_bin_residual_mad
2024-01-12 19:31:00,-4.726473,0.0,0.008960000000000001,False,False,False,0.008960000000000001,0.008960000000000001,False,False,0.017929999999999998,-0.008969999999999997,True,low_bin_residual_mad
2024-01-12 19:32:00,-4.7616596,0.0,0.01024,False,False,False,0.01024,0.01024,False,False,0.017929999999999998,-0.007689999999999997,True,low_bin_residual_mad
2024-01-12 19:33:00,-4.9973245,0.0,0.007679999999999999,False,False,False,0.007679999999999999,0.007679999999999999,False,False,0.017929999999999998,-0.010249999999999999,True,low_bin_residual_mad
2024-01-12 19:36:00,-5.134858,0.0,0.00256,False,False,False,0.00256,0.00256,False,False,0.017929999999999998,-0.015369999999999998,True,low_bin_residual_mad
2024-01-12 19:52:00,-4.4909916,0.0,0.01409,False,False,False,0.01409,0.01409,False,False,0.017929999999999998,-0.003839999999999998,True,low_bin_residual_mad
2024-01-12 20:25:00,-4.6758127,0.0,0.0128,False,False,False,0.0128,0.0128,False,False,0.017929999999999998,-0.005129999999999997,True,low_bin_residual_mad
2024-01-12 20:37:00,-4.9344087,0.0,0.00128,False,False,False,0.00128,0.00128,False,False,0.017929999999999998,-0.016649999999999998,True,low_bin_residual_mad
2024-01-12 20:48:00,-4.897103,0.0,0.01024,False,False,False,0.01024,0.01024,False,False,0.017929999999999998,-0.007689999999999997,True,low_bin_residual_mad
2024-01-12 20:50:00,-4.8997884,0.0,0.0042699999999999995,False,False,False,0.0042699999999999995,0.0042699999999999995,False,False,0.017929999999999998,-0.013659999999999999,True,low_bin_residual_mad
2024-01-12 22:55:00,-4.606355,0.0,0.016649999999999998,False,False,False,0.016649999999999998,0.016649999999999998,False,False,0.017929999999999998,-0.0012799999999999999,True,low_bin_residual_mad
2024-01-13 00:10:00,0.0,0.0,2.8298699999999988,False,False,False,2.8298699999999988,2.8298699999999988,False,False,2.829765818317616,0.0001041816823827979,True,low_bin_residual_mad
2024-01-13 00:51:00,-4.6729302,0.0,0.00512,False,False,False,0.00512,0.00512,False,False,0.017929999999999998,-0.012809999999999998,True,low_bin_residual_mad
2024-01-13 01:16:00,-4.3520017,0.0,0.01024,False,False,False,0.01024,0.01024,False,False,0.017929999999999998,-0.007689999999999997,True,low_bin_residual_mad
2024-01-13 01:18:00,-4.5783224,0.0,0.00256,False,False,False,0.00256,0.00256,False,False,0.017929999999999998,-0.015369999999999998,True,low_bin_residual_mad
2024-01-13 01:58:00,-4.2376614,0.0,0.01537,False,False,False,0.01537,0.01537,False,False,0.017929999999999998,-0.002559999999999998,True,low_bin_residual_mad
2024-01-13 03:10:00,0.0,0.0,5.044669999999999,False,False,False,5.044669999999999,5.044669999999999,False,False,3.214021867570565,1.8306481324294341,True,low_bin_residual_mad
2024-01-13 04:17:00,0.63561714,0.63561714,3.493160000000001,False,False,False,3.493160000000001,2.857542860000001,False,False,3.486971543914335,-0.6294286839143339,True,low_bin_residual_mad
2024-01-13 04:23:00,-0.60335124,0.0,3.0552299999999994,False,False,False,3.0552299999999994,3.0552299999999994,False,False,3.055160787212787,6.921278721261359e-05,True,low_bin_residual_mad
2024-01-13 06:55:00,0.5894258,0.5894258,3.530269999999999,False,False,False,3.530269999999999,2.940844199999999,False,False,3.521682295007792,-0.5808380950077932,True,low_bin_residual_mad
2024-01-13 08:57:00,-4.6047745,0.0,0.014080000000000002,False,False,False,0.014080000000000002,0.014080000000000002,False,False,0.017929999999999998,-0.003849999999999996,True,low_bin_residual_mad
2024-01-13 09:53:00,-0.75470364,0.0,2.81959,False,False,False,2.81959,2.81959,False,False,2.8194445485949022,0.00014545140509758525,True,low_bin_residual_mad
2024-01-13 10:19:00,-0.59123814,0.0,2.847830000000001,False,False,False,2.847830000000001,2.847830000000001,False,False,2.8477979198954353,3.2080104565679335e-05,True,low_bin_residual_mad
2024-01-13 10:47:00,0.60368776,0.60368776,3.511909999999999,False,False,False,3.511909999999999,2.908222239999999,False,False,3.504509312251772,-0.5962870722517732,True,low_bin_residual_mad
2024-01-13 10:48:00,1.3284478,1.3284478,3.79025,False,False,False,3.79025,2.4618022,False,False,3.7724746030522582,-1.310672403052258,True,low_bin_residual_mad
2024-01-13 10:49:00,1.4374161,1.4374161,3.9016400000000004,False,False,False,3.9016400000000004,2.4642239000000004,False,False,3.8749253877785224,-1.410701487778522,True,low_bin_residual_mad
2024-01-15 17:04:00,0.66293156,0.66293156,3.92681,False,False,False,3.92681,3.26387844,False,False,3.8980301816964724,-0.6341517416964724,True,low_bin_residual_mad
2024-01-15 17:11:00,0.0,0.0,2.82985,False,False,False,2.82985,2.82985,False,False,2.829745738026328,0.00010426197367197076,True,low_bin_residual_mad
2024-01-15 17:13:00,0.0,0.0,3.0850999999999993,False,False,False,3.0850999999999993,3.0850999999999993,False,False,3.084708513486513,0.0003914865134864165,True,low_bin_residual_mad
2024-01-15 17:38:00,0.6434823,0.6434823,3.89182,False,False,False,3.89182,3.2483377,False,False,3.8659111217366364,-0.6175734217366364,True,low_bin_residual_mad
2024-01-15 17:41:00,-0.63202274,0.0,3.09107,False,False,False,3.09107,3.09107,False,False,3.0906141018981024,0.00045589810189783364,True,low_bin_residual_mad
2024-01-15 19:24:00,0.7178346,0.7178346,3.854250000000001,False,False,False,3.854250000000001,3.1364154000000006,False,False,3.831423751553984,-0.6950083515539833,True,low_bin_residual_mad
2024-01-15 19:25:00,-0.76558995,0.0,2.80554,False,False,False,2.80554,2.80554,False,False,2.8053381439641494,0.00020185603585076706,True,low_bin_residual_mad
2024-01-15 19:33:00,-0.86942065,0.0,2.8306999999999998,False,False,False,2.8306999999999998,2.8306999999999998,False,False,2.8305991504061243,0.00010084959387546277,True,low_bin_residual_mad
2024-01-15 19:43:00,0.6111973,0.6111973,3.76548,False,False,False,3.76548,3.1542827,False,False,3.749648171728072,-0.5953654717280719,True,low_bin_residual_mad
2024-01-15 20:22:00,0.63157177,0.63157177,3.5508100000000002,False,False,False,3.5508100000000002,2.9192382300000004,False,False,3.540974010684201,-0.6217357806842005,True,low_bin_residual_mad
2024-01-15 20:23:00,0.618663,0.618663,3.86194,False,False,False,3.86194,3.243277,False,False,3.8384827847374967,-0.5952057847374967,True,low_bin_residual_mad
2024-01-16 11:31:00,0.0,0.0,5.17825,False,False,False,5.17825,5.17825,False,False,3.2164207330763532,1.961829266923647,True,low_bin_residual_mad
2024-01-16 11:43:00,-0.79533947,0.0,2.8439499999999995,False,False,False,2.8439499999999995,2.8439499999999995,False,False,2.843902343385304,4.7656614695412713e-05,True,low_bin_residual_mad
2024-01-16 11:45:00,0.0,0.0,4.886299999999999,False,False,False,4.886299999999999,4.886299999999999,False,False,3.1761210190124856,1.7101789809875139,True,low_bin_residual_mad
2024-01-16 14:29:00,0.0,0.0,5.248270000000001,False,False,False,5.248270000000001,5.248270000000001,False,False,3.2417958980281716,2.006474101971829,True,low_bin_residual_mad
2024-01-17 14:41:00,0.0,0.0,5.197460000000001,False,False,False,5.197460000000001,5.197460000000001,False,False,3.2233824142920695,1.9740775857079318,True,low_bin_residual_mad
2024-01-17 14:46:00,-0.6149347,0.0,2.82131,False,False,False,2.82131,2.82131,False,False,2.8211714536457846,0.0001385463542153964,True,low_bin_residual_mad
2024-01-17 14:54:00,-0.6194324,0.0,2.8302700000000005,False,False,False,2.8302700000000005,2.8302700000000005,False,False,2.8301674241434043,0.00010257585659623203,True,low_bin_residual_mad
2024-01-17 14:55:00,0.6927804,0.6927804,3.8307600000000006,False,False,False,3.8307600000000006,3.1379796000000004,False,False,3.809806001233236,-0.6718264012332358,True,low_bin_residual_mad
2024-01-17 15:22:00,0.6486964,0.6486964,3.8708799999999997,False,False,False,3.8708799999999997,3.2221835999999997,False,False,3.846689255044468,-0.6245056550444681,True,low_bin_residual_mad
2024-01-25 08:19:00,-3.2266486,0.0,2.9999999999999997e-05,False,False,False,2.9999999999999997e-05,2.9999999999999997e-05,False,False,0.017929999999999998,-0.0179,True,low_bin_residual_mad
2024-01-25 08:20:00,-2.4314353,0.0,2.9999999999999997e-05,False,False,False,2.9999999999999997e-05,2.9999999999999997e-05,False,False,0.017929999999999998,-0.0179,True,low_bin_residual_mad
2024-01-25 08:21:00,-2.582599,0.0,2.9999999999999997e-05,False,False,False,2.9999999999999997e-05,2.9999999999999997e-05,False,False,0.017929999999999998,-0.0179,True,low_bin_residual_mad
2024-01-25 08:22:00,-2.5700333,0.0,2.9999999999999997e-05,False,False,False,2.9999999999999997e-05,2.9999999999999997e-05,False,False,0.017929999999999998,-0.0179,True,low_bin_residual_mad
2024-01-25 08:23:00,-2.4918377,0.0,2.9999999999999997e-05,False,False,False,2.9999999999999997e-05,2.9999999999999997e-05,False,False,0.017929999999999998,-0.0179,True,low_bin_residual_mad
2024-01-25 08:24:00,-2.5705137,0.0,2.9999999999999997e-05,False,False,False,2.9999999999999997e-05,2.9999999999999997e-05,False,False,0.017929999999999998,-0.0179,True,low_bin_residual_mad
2024-01-25 08:25:00,-2.499292,0.0,2.9999999999999997e-05,False,False,False,2.9999999999999997e-05,2.9999999999999997e-05,False,False,0.017929999999999998,-0.0179,True,low_bin_residual_mad
2024-01-25 08:26:00,-2.5101466,0.0,2.9999999999999997e-05,False,False,False,2.9999999999999997e-05,2.9999999999999997e-05,False,False,0.017929999999999998,-0.0179,True,low_bin_residual_mad
2024-01-25 08:27:00,-2.5297318,0.0,2.9999999999999997e-05,False,False,False,2.9999999999999997e-05,2.9999999999999997e-05,False,False,0.017929999999999998,-0.0179,True,low_bin_residual_mad
2024-01-25 08:28:00,-2.437054,0.0,2.9999999999999997e-05,False,False,False,2.9999999999999997e-05,2.9999999999999997e-05,False,False,0.017929999999999998,-0.0179,True,low_bin_residual_mad
2024-01-25 08:29:00,-2.366369,0.0,2.9999999999999997e-05,False,False,False,2.9999999999999997e-05,2.9999999999999997e-05,False,False,0.017929999999999998,-0.0179,True,low_bin_residual_mad
2024-01-25 08:30:00,-2.338457,0.0,2e-05,False,False,False,2e-05,2e-05,False,False,0.017929999999999998,-0.01791,True,low_bin_residual_mad
2024-01-25 08:31:00,-2.3653908,0.0,1e-05,False,False,False,1e-05,1e-05,False,False,0.017929999999999998,-0.01792,True,low_bin_residual_mad
2024-01-25 08:32:00,-2.291353,0.0,2e-05,False,False,False,2e-05,2e-05,False,False,0.017929999999999998,-0.01791,True,low_bin_residual_mad
2024-01-25 08:33:00,-2.415872,0.0,1e-05,False,False,False,1e-05,1e-05,False,False,0.017929999999999998,-0.01792,True,low_bin_residual_mad
2024-01-25 08:35:00,-2.213951,0.0,2e-05,False,False,False,2e-05,2e-05,False,False,0.017929999999999998,-0.01791,True,low_bin_residual_mad
2024-01-25 08:36:00,-2.2643316,0.0,2.9999999999999997e-05,False,False,False,2.9999999999999997e-05,2.9999999999999997e-05,False,False,0.017929999999999998,-0.0179,True,low_bin_residual_mad
2024-01-25 08:37:00,-2.192575,0.0,2e-05,False,False,False,2e-05,2e-05,False,False,0.017929999999999998,-0.01791,True,low_bin_residual_mad
2024-01-25 08:38:00,-2.1842656,0.0,2.9999999999999997e-05,False,False,False,2.9999999999999997e-05,2.9999999999999997e-05,False,False,0.017929999999999998,-0.0179,True,low_bin_residual_mad
2024-01-25 08:39:00,-2.113349,0.0,0.00013000000000000002,False,False,False,0.00013000000000000002,0.00013000000000000002,False,False,0.017929999999999998,-0.017799999999999996,True,low_bin_residual_mad
2024-01-25 08:40:00,-2.0707502,0.0,0.00013000000000000002,False,False,False,0.00013000000000000002,0.00013000000000000002,False,False,0.017929999999999998,-0.017799999999999996,True,low_bin_residual_mad
2024-01-25 08:41:00,-2.0624194,0.0,0.00013000000000000002,False,False,False,0.00013000000000000002,0.00013000000000000002,False,False,0.017929999999999998,-0.017799999999999996,True,low_bin_residual_mad
2024-01-25 08:42:00,-2.040562,0.0,0.00013000000000000002,False,False,False,0.00013000000000000002,0.00013000000000000002,False,False,0.017929999999999998,-0.017799999999999996,True,low_bin_residual_mad
2024-01-25 08:43:00,-2.0990343,0.0,0.00013000000000000002,False,False,False,0.00013000000000000002,0.00013000000000000002,False,False,0.017929999999999998,-0.017799999999999996,True,low_bin_residual_mad
2024-01-25 08:44:00,-1.9853741,0.0,0.00013000000000000002,False,False,False,0.00013000000000000002,0.00013000000000000002,False,False,0.017929999999999998,-0.017799999999999996,True,low_bin_residual_mad
2024-02-02 22:01:00,0.62997735,0.62997735,3.1858400000000002,False,False,False,3.1858400000000002,2.5558626500000003,False,False,3.1845181616202334,-0.628655511620233,True,low_bin_residual_mad
2024-02-02 22:02:00,0.64163417,0.64163417,3.51492,False,False,False,3.51492,2.87328583,False,False,3.50732470866221,-0.63403887866221,True,low_bin_residual_mad
2024-02-02 22:03:00,0.6679226,0.6679226,3.3125999999999998,False,False,False,3.3125999999999998,2.6446774,False,False,3.311678830478441,-0.6670014304784408,True,low_bin_residual_mad
2024-02-28 14:00:00,0.5924506,0.5924506,2.70437,False,False,False,2.70437,2.1119193999999997,False,False,2.7041278936055884,-0.5922084936055887,True,low_bin_residual_mad
2024-02-28 14:13:00,-3.9594743,0.0,0.01024,False,False,False,0.01024,0.01024,False,False,0.017929999999999998,-0.007689999999999997,True,low_bin_residual_mad
2024-02-28 14:21:00,-4.049283,0.0,0.00256,False,False,False,0.00256,0.00256,False,False,0.017929999999999998,-0.015369999999999998,True,low_bin_residual_mad
2024-02-28 14:22:00,-4.1394176,0.0,0.011519999999999999,False,False,False,0.011519999999999999,0.011519999999999999,False,False,0.017929999999999998,-0.006409999999999999,True,low_bin_residual_mad
2024-02-28 14:55:00,0.9291847,0.9291847,3.9579500000000003,False,False,False,3.9579500000000003,3.0287653000000003,False,False,3.926510950130707,-0.8977456501307066,True,low_bin_residual_mad
2024-02-28 14:57:00,0.62311125,0.62311125,3.6626000000000007,False,False,False,3.6626000000000007,3.0394887500000007,False,False,3.6516719350490203,-0.6121831850490196,True,low_bin_residual_mad
2024-02-28 14:59:00,-0.66831934,0.0,3.0825400000000007,False,False,False,3.0825400000000007,3.0825400000000007,False,False,3.0821761338661346,0.00036386613386607536,True,low_bin_residual_mad
2024-02-28 15:31:00,-4.2592134,0.0,0.00512,False,False,False,0.00512,0.00512,False,False,0.017929999999999998,-0.012809999999999998,True,low_bin_residual_mad
2024-02-28 17:58:00,-4.659273,0.0,0.010670000000000002,False,False,False,0.010670000000000002,0.010670000000000002,False,False,0.017929999999999998,-0.007259999999999996,True,low_bin_residual_mad
2024-02-28 18:46:00,0.6125668,0.6125668,3.2549800000000007,False,False,False,3.2549800000000007,2.642413200000001,False,False,3.2533356024808042,-0.6109224024808033,True,low_bin_residual_mad
2024-02-28 18:47:00,0.7238424,0.7238424,3.49059,False,False,False,3.49059,2.7667476,False,False,3.484567700467549,-0.7178201004675491,True,low_bin_residual_mad
2024-02-28 20:02:00,-0.6191478,0.0,3.098760000000001,False,False,False,3.098760000000001,3.098760000000001,False,False,3.098221132867134,0.0005388671328669936,True,low_bin_residual_mad
2024-02-28 20:03:00,-0.70926976,0.0,3.0932200000000005,False,False,False,3.0932200000000005,3.0932200000000005,False,False,3.0927409050949057,0.00047909490509479014,True,low_bin_residual_mad
2024-02-28 20:04:00,0.58788335,0.58788335,3.6331500000000014,False,False,False,3.6331500000000014,3.045266650000001,False,False,3.6229418142592986,-0.5776751642592974,True,low_bin_residual_mad
2024-02-28 20:05:00,0.7234639,0.7234639,3.907189999999999,False,False,False,3.907189999999999,3.183726099999999,False,False,3.8800200086066745,-0.6962939086066755,True,low_bin_residual_mad
2024-03-02 00:23:00,0.6171958,0.6171958,3.86366,False,False,False,3.86366,3.2464642,False,False,3.8400616582193745,-0.5935974582193744,True,low_bin_residual_mad
2024-03-02 00:31:00,0.0,0.0,3.0906599999999997,False,False,False,3.0906599999999997,3.0906599999999997,False,False,3.0902085254745253,0.000451474525474449,True,low_bin_residual_mad
2024-03-02 00:49:00,0.0,0.0,3.068050000000001,False,False,False,3.068050000000001,3.068050000000001,False,False,3.0678424695304702,0.0002075304695305924,True,low_bin_residual_mad
2024-03-02 03:04:00,1.4563478,1.4563478,3.8870899999999997,False,False,False,3.8870899999999997,2.4307421999999996,False,False,3.861569219661471,-1.4308270196614714,True,low_bin_residual_mad
2024-03-02 03:12:00,0.6944237,0.6944237,3.5682500000000004,False,False,False,3.5682500000000004,2.8738263,False,False,3.558335177727554,-0.6845088777275539,True,low_bin_residual_mad
2024-03-02 03:13:00,0.6928113,0.6928113,3.7838499999999993,False,False,False,3.7838499999999993,3.0910386999999995,False,False,3.766576776630183,-0.6755380766301835,True,low_bin_residual_mad
2024-03-02 03:15:00,-0.58108777,0.0,2.84437,False,False,False,2.84437,2.84437,False,False,2.844324029502381,4.597049761922989e-05,True,low_bin_residual_mad
2024-03-02 03:16:00,-0.72262335,0.0,2.8447899999999993,False,False,False,2.8447899999999993,2.8447899999999993,False,False,2.8447457156194558,4.428438054349115e-05,True,low_bin_residual_mad
2024-03-02 03:19:00,0.0,0.0,2.8059499999999993,False,False,False,2.8059499999999993,2.8059499999999993,False,False,2.8057497899355797,0.00020021006441961475,True,low_bin_residual_mad
2024-03-02 03:24:00,0.6725731,0.6725731,3.97251,False,False,False,3.97251,3.2999369,False,False,3.939667065151821,-0.6397301651518208,True,low_bin_residual_mad
2024-03-02 03:38:00,0.6678152,0.6678152,3.9993600000000007,False,False,False,3.9993600000000007,3.3315448000000005,False,False,3.963928170118642,-0.6323833701186414,True,low_bin_residual_mad
2024-03-07 05:15:00,0.7997339,0.7997339,3.99765,False,False,False,3.99765,3.1979161,False,False,3.9623830494671233,-0.7644669494671232,True,low_bin_residual_mad
2024-03-07 05:16:00,0.6479993,0.6479993,3.762009999999999,False,False,False,3.762009999999999,3.1140106999999992,False,False,3.7464504439648523,-0.632439743964853,True,low_bin_residual_mad
2024-03-07 05:20:00,0.7153919,0.7153919,3.7718899999999995,False,False,False,3.7718899999999995,3.0564980999999998,False,False,3.7555552135039307,-0.699057113503931,True,low_bin_residual_mad
2024-03-07 05:23:00,0.8217044,0.8217044,3.9801299999999995,False,False,False,3.9801299999999995,3.1584255999999993,False,False,3.946552339634024,-0.7881267396340248,True,low_bin_residual_mad
2024-03-07 05:27:00,0.0,0.0,3.0782499999999997,False,False,False,3.0782499999999997,3.0782499999999997,False,False,3.0779324195804194,0.0003175804195802989,True,low_bin_residual_mad
2024-03-07 05:29:00,0.70518804,0.70518804,3.6147699999999996,False,False,False,3.6147699999999996,2.9095819599999997,False,False,3.604644896239983,-0.6950629362399834,True,low_bin_residual_mad
2024-03-07 05:32:00,-0.59661484,0.0,3.0680099999999997,False,False,False,3.0680099999999997,3.0680099999999997,False,False,3.0678029010989007,0.00020709890109893436,True,low_bin_residual_mad
2024-03-07 05:45:00,0.0,0.0,2.8379900000000005,False,False,False,2.8379900000000005,2.8379900000000005,False,False,2.8379184165810853,7.1583418915111e-05,True,low_bin_residual_mad
2024-03-07 05:51:00,0.82354873,0.82354873,3.7889399999999993,False,False,False,3.7889399999999993,2.9653912699999996,False,False,3.7712673917064894,-0.8058761217064898,True,low_bin_residual_mad
2024-03-07 05:52:00,0.82627356,0.82627356,3.7757,False,False,False,3.7757,2.94942644,False,False,3.7590662632958227,-0.8096398232958228,True,low_bin_residual_mad
2024-03-07 06:12:00,0.7244992,0.7244992,3.7509699999999997,False,False,False,3.7509699999999997,3.0264708,False,False,3.7362766933867735,-0.7098058933867737,True,low_bin_residual_mad
2024-03-07 06:35:00,-4.4333625,0.0,0.0064,False,False,False,0.0064,0.0064,False,False,0.017929999999999998,-0.011529999999999999,True,low_bin_residual_mad
2024-03-07 08:55:00,-4.0897,0.0,0.011519999999999999,False,False,False,0.011519999999999999,0.011519999999999999,False,False,0.017929999999999998,-0.006409999999999999,True,low_bin_residual_mad
2024-03-07 09:19:00,-4.1257696,0.0,0.007679999999999999,False,False,False,0.007679999999999999,0.007679999999999999,False,False,0.017929999999999998,-0.010249999999999999,True,low_bin_residual_mad
2024-03-07 09:21:00,-4.2293577,0.0,0.00128,False,False,False,0.00128,0.00128,False,False,0.017929999999999998,-0.016649999999999998,True,low_bin_residual_mad
2024-03-07 09:29:00,-4.4482145,0.0,0.016649999999999998,False,False,False,0.016649999999999998,0.016649999999999998,False,False,0.017929999999999998,-0.0012799999999999999,True,low_bin_residual_mad
2024-03-07 09:31:00,-4.100773,0.0,0.0064,False,False,False,0.0064,0.0064,False,False,0.017929999999999998,-0.011529999999999999,True,low_bin_residual_mad
2024-03-07 09:38:00,-4.2456174,0.0,0.0128,False,False,False,0.0128,0.0128,False,False,0.017929999999999998,-0.005129999999999997,True,low_bin_residual_mad
2024-03-07 09:39:00,-4.4329076,0.0,0.00512,False,False,False,0.00512,0.00512,False,False,0.017929999999999998,-0.012809999999999998,True,low_bin_residual_mad
2024-03-07 09:40:00,-4.489207,0.0,0.008960000000000001,False,False,False,0.008960000000000001,0.008960000000000001,False,False,0.017929999999999998,-0.008969999999999997,True,low_bin_residual_mad
2024-03-07 10:35:00,-4.114006,0.0,0.01024,False,False,False,0.01024,0.01024,False,False,0.017929999999999998,-0.007689999999999997,True,low_bin_residual_mad
2024-03-07 10:46:00,-4.4521465,0.0,0.0128,False,False,False,0.0128,0.0128,False,False,0.017929999999999998,-0.005129999999999997,True,low_bin_residual_mad
2024-03-07 10:48:00,-4.4119735,0.0,0.016649999999999998,False,False,False,0.016649999999999998,0.016649999999999998,False,False,0.017929999999999998,-0.0012799999999999999,True,low_bin_residual_mad
2024-03-07 10:52:00,-4.28245,0.0,0.007679999999999999,False,False,False,0.007679999999999999,0.007679999999999999,False,False,0.017929999999999998,-0.010249999999999999,True,low_bin_residual_mad
2024-03-07 11:25:00,-4.248509,0.0,0.01537,False,False,False,0.01537,0.01537,False,False,0.017929999999999998,-0.002559999999999998,True,low_bin_residual_mad
2024-03-07 14:21:00,-4.050631,0.0,0.01024,False,False,False,0.01024,0.01024,False,False,0.017929999999999998,-0.007689999999999997,True,low_bin_residual_mad
2024-03-07 14:22:00,-4.1505594,0.0,0.00128,False,False,False,0.00128,0.00128,False,False,0.017929999999999998,-0.016649999999999998,True,low_bin_residual_mad
2024-03-07 14:24:00,-4.098773,0.0,0.0064,False,False,False,0.0064,0.0064,False,False,0.017929999999999998,-0.011529999999999999,True,low_bin_residual_mad
2024-03-07 14:27:00,-4.065519,0.0,0.01537,False,False,False,0.01537,0.01537,False,False,0.017929999999999998,-0.002559999999999998,True,low_bin_residual_mad
2024-03-07 16:04:00,-4.031384,0.0,0.00512,False,False,False,0.00512,0.00512,False,False,0.017929999999999998,-0.012809999999999998,True,low_bin_residual_mad
2024-03-07 16:05:00,-4.163224,0.0,0.011519999999999999,False,False,False,0.011519999999999999,0.011519999999999999,False,False,0.017929999999999998,-0.006409999999999999,True,low_bin_residual_mad
2024-03-07 16:06:00,-4.261396,0.0,0.007679999999999999,False,False,False,0.007679999999999999,0.007679999999999999,False,False,0.017929999999999998,-0.010249999999999999,True,low_bin_residual_mad
2024-03-07 16:38:00,-4.0951295,0.0,0.0128,False,False,False,0.0128,0.0128,False,False,0.017929999999999998,-0.005129999999999997,True,low_bin_residual_mad
2024-03-07 16:44:00,-4.596615,0.0,0.01409,False,False,False,0.01409,0.01409,False,False,0.017929999999999998,-0.003839999999999998,True,low_bin_residual_mad
2024-03-07 17:28:00,0.6901146,0.6901146,3.24816,False,False,False,3.24816,2.5580454,False,False,3.24643,-0.6883846,True,low_bin_residual_mad
2024-03-07 17:29:00,0.87465614,0.87465614,3.4308400000000003,False,False,False,3.4308400000000003,2.5561838600000004,False,False,3.4280035113171814,-0.871819651317181,True,low_bin_residual_mad
2024-03-08 23:49:00,-4.372985,0.0,0.0128,False,False,False,0.0128,0.0128,False,False,0.017929999999999998,-0.005129999999999997,True,low_bin_residual_mad
2024-03-08 23:56:00,-4.4348,0.0,0.0038399999999999997,False,False,False,0.0038399999999999997,0.0038399999999999997,False,False,0.017929999999999998,-0.014089999999999998,True,low_bin_residual_mad
2024-03-09 00:23:00,-4.0616155,0.0,0.008960000000000001,False,False,False,0.008960000000000001,0.008960000000000001,False,False,0.017929999999999998,-0.008969999999999997,True,low_bin_residual_mad
2024-03-09 00:38:00,-4.0413656,0.0,0.01409,False,False,False,0.01409,0.01409,False,False,0.017929999999999998,-0.003839999999999998,True,low_bin_residual_mad
2024-03-09 00:40:00,-4.156767,0.0,0.0038399999999999997,False,False,False,0.0038399999999999997,0.0038399999999999997,False,False,0.017929999999999998,-0.014089999999999998,True,low_bin_residual_mad
2024-03-09 00:56:00,-0.83830726,0.0,2.8272900000000005,False,False,False,2.8272900000000005,2.8272900000000005,False,False,2.8271754607412944,0.00011453925870608117,True,low_bin_residual_mad
2024-03-09 00:57:00,-0.7010387,0.0,3.0872299999999995,False,False,False,3.0872299999999995,3.0872299999999995,False,False,3.086815532467532,0.000414467532467544,True,low_bin_residual_mad
2024-03-09 01:00:00,-0.63620305,0.0,3.07955,False,False,False,3.07955,3.07955,False,False,3.0792183936063937,0.00033160639360607647,True,low_bin_residual_mad
2024-03-09 01:16:00,0.687152,0.687152,3.878150000000001,False,False,False,3.878150000000001,3.1909980000000013,False,False,3.853362749354501,-0.6623647493544995,True,low_bin_residual_mad
2024-03-09 01:19:00,0.5884044,0.5884044,3.59855,False,False,False,3.59855,3.0101456,False,False,3.588498214505856,-0.5783526145058562,True,low_bin_residual_mad
2024-03-09 01:20:00,0.6012715,0.6012715,3.9511700000000003,False,False,False,3.9511700000000003,3.3498985,False,False,3.920384682284337,-0.5704861822843368,True,low_bin_residual_mad
2024-03-09 01:24:00,-0.66949016,0.0,3.0834,False,False,False,3.0834,3.0834,False,False,3.0830268551448556,0.0003731448551445027,True,low_bin_residual_mad
2024-03-09 02:20:00,-4.228811,0.0,0.00256,False,False,False,0.00256,0.00256,False,False,0.017929999999999998,-0.015369999999999998,True,low_bin_residual_mad
2024-03-09 04:20:00,-3.831894,0.0,0.01409,False,False,False,0.01409,0.01409,False,False,0.017929999999999998,-0.003839999999999998,True,low_bin_residual_mad
2024-03-09 04:51:00,0.0,0.0,4.92985,False,False,False,4.92985,4.92985,False,False,3.1875272453049215,1.7423227546950786,True,low_bin_residual_mad
2024-03-09 17:24:00,-4.0204983,0.0,0.01409,False,False,False,0.01409,0.01409,False,False,0.017929999999999998,-0.003839999999999998,True,low_bin_residual_mad
2024-03-09 17:39:00,-4.073657,0.0,0.01537,False,False,False,0.01537,0.01537,False,False,0.017929999999999998,-0.002559999999999998,True,low_bin_residual_mad
2024-03-09 17:40:00,-4.0685663,0.0,0.01024,False,False,False,0.01024,0.01024,False,False,0.017929999999999998,-0.007689999999999997,True,low_bin_residual_mad
2024-03-09 17:41:00,-4.118011,0.0,0.01024,False,False,False,0.01024,0.01024,False,False,0.017929999999999998,-0.007689999999999997,True,low_bin_residual_mad
2024-03-09 17:47:00,-4.0855513,0.0,0.0128,False,False,False,0.0128,0.0128,False,False,0.017929999999999998,-0.005129999999999997,True,low_bin_residual_mad
2024-03-09 17:55:00,-4.159547,0.0,0.01152,False,False,False,0.01152,0.01152,False,False,0.017929999999999998,-0.006409999999999997,True,low_bin_residual_mad
2024-03-09 18:52:00,0.6493703,0.6493703,3.34249,False,False,False,3.34249,2.6931197000000004,False,False,3.3419440002953342,-0.6488243002953338,True,low_bin_residual_mad
2024-03-09 18:53:00,0.6235697,0.6235697,3.5554600000000014,False,False,False,3.5554600000000014,2.9318903000000014,False,False,3.5456029915759215,-0.6137126915759201,True,low_bin_residual_mad
2024-03-09 18:54:00,0.78182256,0.78182256,3.9540999999999995,False,False,False,3.9540999999999995,3.1722774399999993,False,False,3.9230321697164694,-0.7507547297164701,True,low_bin_residual_mad
2024-03-09 18:58:00,1.8131429,1.8131429,3.9839799999999994,False,False,False,3.9839799999999994,2.1708370999999995,False,False,3.9500311200482607,-1.7791940200482612,True,low_bin_residual_mad
2024-03-09 19:02:00,0.73052454,0.73052454,3.553760000000001,False,False,False,3.553760000000001,2.823235460000001,False,False,3.543910675981099,-0.7206752159810978,True,low_bin_residual_mad
2024-03-09 19:05:00,0.7206136,0.7206136,3.4624200000000003,False,False,False,3.4624200000000003,2.7418064,False,False,3.458218957317381,-0.7164125573173807,True,low_bin_residual_mad
2024-03-09 19:07:00,0.6915827,0.6915827,3.78979,False,False,False,3.78979,3.0982073,False,False,3.7720506967781717,-0.6738433967781718,True,low_bin_residual_mad
2024-03-09 19:10:00,-0.6740432,0.0,2.81108,False,False,False,2.81108,2.81108,False,False,2.810900384651293,0.0001796153487068075,True,low_bin_residual_mad
2024-03-11 15:49:00,-4.282515,0.0,0.01409,False,False,False,0.01409,0.01409,False,False,0.017929999999999998,-0.003839999999999998,True,low_bin_residual_mad
2024-03-11 15:50:00,-4.3724217,0.0,0.016649999999999998,False,False,False,0.016649999999999998,0.016649999999999998,False,False,0.017929999999999998,-0.0012799999999999999,True,low_bin_residual_mad
2024-03-11 15:55:00,-4.7001877,0.0,0.01537,False,False,False,0.01537,0.01537,False,False,0.017929999999999998,-0.002559999999999998,True,low_bin_residual_mad
2024-03-11 15:56:00,-4.7148643,0.0,0.0064,False,False,False,0.0064,0.0064,False,False,0.017929999999999998,-0.011529999999999999,True,low_bin_residual_mad
2024-03-11 16:09:00,-0.69362056,0.0,2.83971,False,False,False,2.83971,2.83971,False,False,2.8396453216319673,6.467836803292215e-05,True,low_bin_residual_mad
2024-03-11 16:16:00,0.5970148,0.5970148,3.7534899999999993,False,False,False,3.7534899999999993,3.156475199999999,False,False,3.738598962540465,-0.582123762540466,True,low_bin_residual_mad
2024-03-11 16:22:00,-0.5919058,0.0,2.8221999999999996,False,False,False,2.8221999999999996,2.8221999999999996,False,False,2.8220650266081595,0.0001349733918400986,True,low_bin_residual_mad
2024-03-11 16:52:00,-0.60210204,0.0,2.81367,False,False,False,2.81367,2.81367,False,False,2.813500782373261,0.0001692176267389378,True,low_bin_residual_mad
2024-03-11 16:55:00,0.87202036,0.87202036,3.3604000000000003,False,False,False,3.3604000000000003,2.4883796400000002,False,False,3.359631970784725,-0.8712523307847246,True,low_bin_residual_mad
2024-03-11 16:56:00,0.72188795,0.72188795,3.6237699999999995,False,False,False,3.6237699999999995,2.9018820499999993,False,False,3.6136042140949245,-0.7117221640949252,True,low_bin_residual_mad
2024-03-11 16:57:00,0.67339766,0.67339766,3.753529999999999,False,False,False,3.753529999999999,3.080132339999999,False,False,3.738635823955603,-0.6585034839556037,True,low_bin_residual_mad
2024-03-11 16:59:00,0.5867305,0.5867305,3.4022699999999997,False,False,False,3.4022699999999997,2.8155395,False,False,3.4002724648519296,-0.5847329648519297,True,low_bin_residual_mad
2024-03-11 17:00:00,-0.6282374,0.0,3.089809999999999,False,False,False,3.089809999999999,3.089809999999999,False,False,3.089367696303696,0.00044230369630327004,True,low_bin_residual_mad
2024-03-11 17:03:00,0.0,0.0,3.0581999999999994,False,False,False,3.0581999999999994,3.0581999999999994,False,False,3.0580987432567426,0.00010125674325678347,True,low_bin_residual_mad
2024-03-11 17:31:00,1.5918201,1.5918201,3.7773899999999996,False,False,False,3.7773899999999996,2.1855698999999995,False,False,3.760623658085401,-1.5750537580854016,True,low_bin_residual_mad
2024-03-11 17:32:00,1.5535045,1.5535045,3.94386,False,False,False,3.94386,2.3903555,False,False,3.913681224060439,-1.523325724060439,True,low_bin_residual_mad
2024-03-12 03:49:00,-4.1816635,0.0,0.0042699999999999995,False,False,False,0.0042699999999999995,0.0042699999999999995,False,False,0.017929999999999998,-0.013659999999999999,True,low_bin_residual_mad
2024-03-12 21:30:00,-0.943671,0.0,2.8208900000000003,False,False,False,2.8208900000000003,2.8208900000000003,False,False,2.820749767528709,0.00014023247129113514,True,low_bin_residual_mad
2024-03-12 21:52:00,-4.1157956,0.0,0.0128,False,False,False,0.0128,0.0128,False,False,0.017929999999999998,-0.005129999999999997,True,low_bin_residual_mad
2024-03-12 21:53:00,-4.252283,0.0,0.01536,False,False,False,0.01536,0.01536,False,False,0.017929999999999998,-0.0025699999999999976,True,low_bin_residual_mad
2024-03-12 23:18:00,0.70051306,0.70051306,3.89179,False,False,False,3.89179,3.19127694,False,False,3.8658835832456733,-0.6746066432456734,True,low_bin_residual_mad
2024-03-12 23:46:00,-4.108926,0.0,0.01792,False,False,False,0.01792,0.01792,False,False,0.017929999999999998,-9.999999999999593e-06,True,low_bin_residual_mad
2024-03-12 23:55:00,-0.65644526,0.0,3.0590499999999996,False,False,False,3.0590499999999996,3.0590499999999996,False,False,3.058939572427572,0.00011042757242751833,True,low_bin_residual_mad
2024-03-13 02:40:00,-4.549589,0.0,0.0064,False,False,False,0.0064,0.0064,False,False,0.017929999999999998,-0.011529999999999999,True,low_bin_residual_mad
2024-03-13 04:36:00,-4.8224864,0.0,0.01537,False,False,False,0.01537,0.01537,False,False,0.017929999999999998,-0.002559999999999998,True,low_bin_residual_mad
2024-03-13 06:03:00,0.60287726,0.60287726,3.9908400000000004,False,False,False,3.9908400000000004,3.3879627400000003,False,False,3.9562296742409018,-0.5682669342409015,True,low_bin_residual_mad
2024-03-13 06:08:00,0.0,0.0,2.8132100000000007,False,False,False,2.8132100000000007,2.8132100000000007,False,False,2.813038935673607,0.00017106432639346636,True,low_bin_residual_mad
2024-03-13 08:44:00,0.0,0.0,4.966990000000001,False,False,False,4.966990000000001,4.966990000000001,False,False,3.196552050594758,1.7704379494052427,True,low_bin_residual_mad
2024-03-13 11:02:00,-4.4489207,0.0,0.008960000000000001,False,False,False,0.008960000000000001,0.008960000000000001,False,False,0.017929999999999998,-0.008969999999999997,True,low_bin_residual_mad
2024-03-13 11:06:00,-4.3868856,0.0,0.00128,False,False,False,0.00128,0.00128,False,False,0.017929999999999998,-0.016649999999999998,True,low_bin_residual_mad
2024-03-13 11:07:00,-4.3347697,0.0,0.00256,False,False,False,0.00256,0.00256,False,False,0.017929999999999998,-0.015369999999999998,True,low_bin_residual_mad
2024-03-13 11:08:00,-4.448224,0.0,0.007679999999999999,False,False,False,0.007679999999999999,0.007679999999999999,False,False,0.017929999999999998,-0.010249999999999999,True,low_bin_residual_mad
2024-03-13 12:04:00,-4.416022,0.0,0.00512,False,False,False,0.00512,0.00512,False,False,0.017929999999999998,-0.012809999999999998,True,low_bin_residual_mad
2024-03-13 12:10:00,-4.2627835,0.0,0.01024,False,False,False,0.01024,0.01024,False,False,0.017929999999999998,-0.007689999999999997,True,low_bin_residual_mad
2024-03-13 12:25:00,-4.5502157,0.0,0.00512,False,False,False,0.00512,0.00512,False,False,0.017929999999999998,-0.012809999999999998,True,low_bin_residual_mad
2024-03-13 13:42:00,0.0,0.0,3.0953500000000003,False,False,False,3.0953500000000003,3.0953500000000003,False,False,3.0948479240759244,0.0005020759240759176,True,low_bin_residual_mad
2024-03-13 13:45:00,0.0,0.0,2.83416,False,False,False,2.83416,2.83416,False,False,2.8340730407991783,8.695920082146813e-05,True,low_bin_residual_mad
2024-03-13 13:51:00,0.6979486,0.6979486,3.79919,False,False,False,3.79919,3.1012413999999997,False,False,3.7807131293355942,-0.6794717293355945,True,low_bin_residual_mad
2024-03-14 05:14:00,-0.5784724,0.0,3.07698,False,False,False,3.07698,3.07698,False,False,3.076676121878122,0.00030387812187804286,True,low_bin_residual_mad
2024-03-14 05:29:00,0.6241482,0.6241482,3.42272,False,False,False,3.42272,2.7985718,False,False,3.4201219538338825,-0.6215501538338826,True,low_bin_residual_mad
2024-03-14 05:30:00,0.6126053,0.6126053,3.4624200000000003,False,False,False,3.4624200000000003,2.8498147000000005,False,False,3.458218957317381,-0.6084042573173805,True,low_bin_residual_mad
2024-03-14 05:31:00,0.7701014,0.7701014,3.9050599999999998,False,False,False,3.9050599999999998,3.1349585999999996,False,False,3.878064775748303,-0.7431061757483035,True,low_bin_residual_mad
2024-03-14 15:55:00,0.674531,0.674531,3.9643699999999997,False,False,False,3.9643699999999997,3.2898389999999997,False,False,3.9323119294188627,-0.6424729294188629,True,low_bin_residual_mad
2024-03-14 15:56:00,0.60113853,0.60113853,3.60967,False,False,False,3.60967,3.00853147,False,False,3.599567949455517,-0.591036479455517,True,low_bin_residual_mad
2024-03-14 15:58:00,0.6390691,0.6390691,3.573819999999999,False,False,False,3.573819999999999,2.934750899999999,False,False,3.5638799999999997,-0.6291291000000006,True,low_bin_residual_mad
2024-03-14 16:03:00,0.6144109,0.6144109,3.6211999999999995,False,False,False,3.6211999999999995,3.0067890999999998,False,False,3.611045831107458,-0.604256731107458,True,low_bin_residual_mad
2024-03-14 16:04:00,0.6441848,0.6441848,3.7163900000000005,False,False,False,3.7163900000000005,3.0722052000000004,False,False,3.703218048284314,-0.6310128482843136,True,low_bin_residual_mad
2024-03-14 16:05:00,0.6991077,0.6991077,3.9793,False,False,False,3.9793,3.2801923,False,False,3.9458023687914747,-0.6656100687914748,True,low_bin_residual_mad
2024-03-14 16:06:00,0.6780375,0.6780375,3.8418900000000002,False,False,False,3.8418900000000002,3.1638525000000004,False,False,3.8200626899953756,-0.6562101899953752,True,low_bin_residual_mad
2024-03-14 16:10:00,0.6569097,0.6569097,3.8427,False,False,False,3.8427,3.1857903,False,False,3.820809133651919,-0.6350188336519191,True,low_bin_residual_mad
2024-03-14 16:12:00,0.86401594,0.86401594,3.8521099999999997,False,False,False,3.8521099999999997,2.98809406,False,False,3.829459339198623,-0.841365279198623,True,low_bin_residual_mad
2024-03-14 16:13:00,0.6719648,0.6719648,3.5016999999999987,False,False,False,3.5016999999999987,2.8297351999999987,False,False,3.4949594127997585,-0.6652242127997599,True,low_bin_residual_mad
2024-03-14 16:20:00,-0.62413055,0.0,2.837559999999999,False,False,False,2.837559999999999,2.837559999999999,False,False,2.837486690318363,7.330968163588025e-05,True,low_bin_residual_mad
2024-03-14 16:37:00,0.6177896,0.6177896,3.7394199999999995,False,False,False,3.7394199999999995,3.1216303999999995,False,False,3.725287336029411,-0.6036569360294117,True,low_bin_residual_mad
2024-03-14 16:38:00,0.613418,0.613418,3.60709,False,False,False,3.60709,2.993672,False,False,3.5969996116704337,-0.6033276116704336,True,low_bin_residual_mad
2024-03-14 16:39:00,1.3608634,1.3608634,3.8819800000000004,False,False,False,3.8819800000000004,2.5211166000000005,False,False,3.856878496700775,-1.3357618967007747,True,low_bin_residual_mad
2024-03-14 23:16:00,0.69434035,0.69434035,3.80476,False,False,False,3.80476,3.11041965,False,False,3.785846081393556,-0.6754264313935563,True,low_bin_residual_mad
2024-03-14 23:18:00,-0.61712325,0.0,2.83114,False,False,False,2.83114,2.83114,False,False,2.83104091681449,9.908318551010709e-05,True,low_bin_residual_mad
2024-03-14 23:24:00,-4.4789734,0.0,0.00128,False,False,False,0.00128,0.00128,False,False,0.017929999999999998,-0.016649999999999998,True,low_bin_residual_mad
2024-03-14 23:25:00,-4.681617,0.0,0.0128,False,False,False,0.0128,0.0128,False,False,0.017929999999999998,-0.005129999999999997,True,low_bin_residual_mad
2024-03-14 23:30:00,-4.595618,0.0,0.0064,False,False,False,0.0064,0.0064,False,False,0.017929999999999998,-0.011529999999999999,True,low_bin_residual_mad
2024-03-14 23:47:00,-0.66374236,0.0,3.0782700000000003,False,False,False,3.0782700000000003,3.0782700000000003,False,False,3.077952203796204,0.00031779620379612794,True,low_bin_residual_mad
2024-03-15 00:18:00,0.6025661,0.6025661,3.8713,False,False,False,3.8713,3.2687339,False,False,3.84707479391795,-0.5783408939179502,True,low_bin_residual_mad
2024-03-15 00:19:00,0.58947426,0.58947426,3.677979999999999,False,False,False,3.677979999999999,3.0885057399999987,False,False,3.6664103477941166,-0.5779046077941179,True,low_bin_residual_mad
2024-03-16 15:19:00,-4.065754,0.0,0.0128,False,False,False,0.0128,0.0128,False,False,0.017929999999999998,-0.005129999999999997,True,low_bin_residual_mad
2024-03-16 15:20:00,-4.4155593,0.0,0.0064,False,False,False,0.0064,0.0064,False,False,0.017929999999999998,-0.011529999999999999,True,low_bin_residual_mad
2024-03-16 15:21:00,-4.673709,0.0,0.00512,False,False,False,0.00512,0.00512,False,False,0.017929999999999998,-0.012809999999999998,True,low_bin_residual_mad
2024-03-16 15:22:00,-4.5463963,0.0,0.016649999999999998,False,False,False,0.016649999999999998,0.016649999999999998,False,False,0.017929999999999998,-0.0012799999999999999,True,low_bin_residual_mad
2024-03-16 15:24:00,-4.68145,0.0,0.01024,False,False,False,0.01024,0.01024,False,False,0.017929999999999998,-0.007689999999999997,True,low_bin_residual_mad
2024-03-16 15:37:00,-4.601673,0.0,0.01409,False,False,False,0.01409,0.01409,False,False,0.017929999999999998,-0.003839999999999998,True,low_bin_residual_mad
2024-03-16 18:45:00,0.5922043,0.5922043,3.63186,False,False,False,3.63186,3.0396557,False,False,3.621657645366756,-0.582001945366756,True,low_bin_residual_mad
2024-03-16 18:46:00,0.649761,0.649761,3.74712,False,False,False,3.74712,3.097359,False,False,3.732666125245098,-0.6353071252450979,True,low_bin_residual_mad
2024-03-16 18:47:00,0.6639636,0.6639636,3.971190000000001,False,False,False,3.971190000000001,3.307226400000001,False,False,3.938474340438369,-0.6312479404383677,True,low_bin_residual_mad
2024-03-18 10:48:00,0.7297256,0.7297256,3.99041,False,False,False,3.99041,3.2606843999999997,False,False,3.9558411351297007,-0.695156735129701,True,low_bin_residual_mad
2024-03-18 10:49:00,0.6790806,0.6790806,3.86194,False,False,False,3.86194,3.1828594,False,False,3.8384827847374967,-0.6556233847374968,True,low_bin_residual_mad
2024-03-18 10:50:00,0.71366775,0.71366775,3.7757300000000016,False,False,False,3.7757300000000016,3.0620622500000017,False,False,3.7590939093571776,-0.6970316593571759,True,low_bin_residual_mad
2024-03-18 10:51:00,0.71511817,0.71511817,3.944279999999999,False,False,False,3.944279999999999,3.229161829999999,False,False,3.91406676293392,-0.6849049329339212,True,low_bin_residual_mad
2024-03-18 13:34:00,0.7775049,0.7775049,3.755230000000001,False,False,False,3.755230000000001,2.9777251000000007,False,False,3.7402024340989684,-0.7624773340989677,True,low_bin_residual_mad
2024-03-18 13:37:00,0.66380394,0.66380394,3.6920300000000004,False,False,False,3.6920300000000004,3.0282260600000006,False,False,3.679874242401961,-0.6516481824019604,True,low_bin_residual_mad
2024-03-18 13:45:00,0.66273856,0.66273856,3.53883,False,False,False,3.53883,2.8760914399999997,False,False,3.5296888708461123,-0.6535974308461125,True,low_bin_residual_mad
2024-03-18 14:32:00,0.0,0.0,3.06799,False,False,False,3.06799,3.06799,False,False,3.067783116883117,0.00020688311688310534,True,low_bin_residual_mad
2024-03-18 15:34:00,-4.121521,0.0,0.0128,False,False,False,0.0128,0.0128,False,False,0.017929999999999998,-0.005129999999999997,True,low_bin_residual_mad
2024-03-18 15:35:00,-4.026826,0.0,0.01537,False,False,False,0.01537,0.01537,False,False,0.017929999999999998,-0.002559999999999998,True,low_bin_residual_mad
2024-03-18 15:36:00,-3.9988647,0.0,0.00512,False,False,False,0.00512,0.00512,False,False,0.017929999999999998,-0.012809999999999998,True,low_bin_residual_mad
2024-03-18 15:37:00,-3.9528954,0.0,0.01409,False,False,False,0.01409,0.01409,False,False,0.017929999999999998,-0.003839999999999998,True,low_bin_residual_mad
2024-03-18 17:13:00,-4.1890335,0.0,0.008960000000000001,False,False,False,0.008960000000000001,0.008960000000000001,False,False,0.017929999999999998,-0.008969999999999997,True,low_bin_residual_mad
2024-03-18 18:10:00,-3.971837,0.0,0.0064,False,False,False,0.0064,0.0064,False,False,0.017929999999999998,-0.011529999999999999,True,low_bin_residual_mad
2024-03-18 18:36:00,-4.2199497,0.0,0.01409,False,False,False,0.01409,0.01409,False,False,0.017929999999999998,-0.003839999999999998,True,low_bin_residual_mad
2024-03-18 19:26:00,0.78403616,0.78403616,3.80772,False,False,False,3.80772,3.0236838400000003,False,False,3.7885738261137663,-0.7648899861137659,True,low_bin_residual_mad
2024-03-18 19:30:00,0.0,0.0,3.09491,False,False,False,3.09491,3.09491,False,False,3.0944126713286715,0.0004973286713285674,True,low_bin_residual_mad
2024-03-19 21:34:00,0.57738215,0.57738215,3.8273700000000006,False,False,False,3.8273700000000006,3.2499878500000006,False,False,3.8066819963002936,-0.556694146300293,True,low_bin_residual_mad
2024-03-19 21:57:00,-4.055588,0.0,0.00256,False,False,False,0.00256,0.00256,False,False,0.017929999999999998,-0.015369999999999998,True,low_bin_residual_mad
2024-03-19 21:58:00,-4.133882,0.0,0.01024,False,False,False,0.01024,0.01024,False,False,0.017929999999999998,-0.007689999999999997,True,low_bin_residual_mad
2024-03-20 16:22:00,0.0,0.0,2.8319899999999993,False,False,False,2.8319899999999993,2.8319899999999993,False,False,2.8318943291942857,9.56708057135991e-05,True,low_bin_residual_mad
2024-03-20 16:23:00,-0.6155853,0.0,2.8004,False,False,False,2.8004,2.8004,False,False,2.800177509102791,0.00022249089720860482,True,low_bin_residual_mad
2024-03-20 16:32:00,0.0,0.0,2.83242,False,False,False,2.83242,2.83242,False,False,2.8323260554570067,9.394454299327393e-05,True,low_bin_residual_mad
2024-03-20 18:16:00,-4.1822095,0.0,0.01409,False,False,False,0.01409,0.01409,False,False,0.017929999999999998,-0.003839999999999998,True,low_bin_residual_mad
2024-03-20 18:20:00,-4.0589066,0.0,0.0038399999999999997,False,False,False,0.0038399999999999997,0.0038399999999999997,False,False,0.017929999999999998,-0.014089999999999998,True,low_bin_residual_mad
2024-03-20 18:21:00,-3.8043742,0.0,0.01024,False,False,False,0.01024,0.01024,False,False,0.017929999999999998,-0.007689999999999997,True,low_bin_residual_mad
2024-03-20 18:25:00,-4.034766,0.0,0.0064,False,False,False,0.0064,0.0064,False,False,0.017929999999999998,-0.011529999999999999,True,low_bin_residual_mad
2024-03-20 21:33:00,-4.0719943,0.0,0.01024,False,False,False,0.01024,0.01024,False,False,0.017929999999999998,-0.007689999999999997,True,low_bin_residual_mad
2024-03-20 21:46:00,-4.441857,0.0,0.0042699999999999995,False,False,False,0.0042699999999999995,0.0042699999999999995,False,False,0.017929999999999998,-0.013659999999999999,True,low_bin_residual_mad
2024-03-20 21:55:00,-4.2927637,0.0,0.008960000000000001,False,False,False,0.008960000000000001,0.008960000000000001,False,False,0.017929999999999998,-0.008969999999999997,True,low_bin_residual_mad
2024-03-21 00:15:00,1.4160733,1.4160733,3.97719,False,False,False,3.97719,2.5611166999999995,False,False,3.943895816408607,-1.3827791164086074,True,low_bin_residual_mad
2024-03-22 23:54:00,-3.945735,0.0,0.0128,False,False,False,0.0128,0.0128,False,False,0.017929999999999998,-0.005129999999999997,True,low_bin_residual_mad
2024-03-25 10:15:00,0.0,0.0,4.90168,False,False,False,4.90168,4.90168,False,False,3.180149210984418,1.7215307890155818,True,low_bin_residual_mad
2024-03-25 10:16:00,0.60669637,0.60669637,3.983580000000001,False,False,False,3.983580000000001,3.376883630000001,False,False,3.949669688316913,-0.572786058316912,True,low_bin_residual_mad
2024-03-25 10:21:00,0.0,0.0,2.83113,False,False,False,2.83113,2.83113,False,False,2.8310308766688452,9.912333115469352e-05,True,low_bin_residual_mad
2024-03-25 11:27:00,0.0,0.0,2.82944,False,False,False,2.82944,2.82944,False,False,2.829334092054897,0.00010590794510312307,True,low_bin_residual_mad
2024-03-25 11:29:00,0.61315155,0.61315155,3.89479,False,False,False,3.89479,3.28163845,False,False,3.8686374323419725,-0.5869989823419726,True,low_bin_residual_mad
2024-03-26 16:21:00,0.6162557,0.6162557,3.911860000000001,False,False,False,3.911860000000001,3.295604300000001,False,False,3.8843068336999154,-0.5887025336999145,True,low_bin_residual_mad
2024-03-26 16:23:00,0.5946433,0.5946433,3.9690600000000007,False,False,False,3.9690600000000007,3.3744167000000007,False,False,3.936549716468934,-0.5621330164689331,True,low_bin_residual_mad
2024-03-26 16:28:00,0.0,0.0,2.808090000000001,False,False,False,2.808090000000001,2.808090000000001,False,False,2.807898381103539,0.00019161889646168717,True,low_bin_residual_mad
2024-03-26 16:52:00,-3.8647673,0.0,0.00896,False,False,False,0.00896,0.00896,False,False,0.017929999999999998,-0.008969999999999999,True,low_bin_residual_mad
2024-03-26 16:53:00,-3.861003,0.0,0.00512,False,False,False,0.00512,0.00512,False,False,0.017929999999999998,-0.012809999999999998,True,low_bin_residual_mad
2024-03-26 17:14:00,-3.995005,0.0,0.008960000000000001,False,False,False,0.008960000000000001,0.008960000000000001,False,False,0.017929999999999998,-0.008969999999999997,True,low_bin_residual_mad
2024-03-26 18:14:00,-4.0680723,0.0,0.007679999999999999,False,False,False,0.007679999999999999,0.007679999999999999,False,False,0.017929999999999998,-0.010249999999999999,True,low_bin_residual_mad
2024-03-26 18:32:00,-0.6532694,0.0,2.8439599999999996,False,False,False,2.8439599999999996,2.8439599999999996,False,False,2.843912383530949,4.761646905038219e-05,True,low_bin_residual_mad
2024-03-26 19:40:00,-4.0445786,0.0,0.0128,False,False,False,0.0128,0.0128,False,False,0.017929999999999998,-0.005129999999999997,True,low_bin_residual_mad
2024-03-26 19:44:00,-3.949428,0.0,0.00128,False,False,False,0.00128,0.00128,False,False,0.017929999999999998,-0.016649999999999998,True,low_bin_residual_mad
2024-03-26 19:58:00,-3.8951705,0.0,0.0064,False,False,False,0.0064,0.0064,False,False,0.017929999999999998,-0.011529999999999999,True,low_bin_residual_mad
2024-03-26 21:24:00,-3.9438987,0.0,0.016649999999999998,False,False,False,0.016649999999999998,0.016649999999999998,False,False,0.017929999999999998,-0.0012799999999999999,True,low_bin_residual_mad
2024-03-29 13:54:00,0.5934525,0.5934525,3.91487,False,False,False,3.91487,3.3214175,False,False,3.8870698622932016,-0.5656523622932017,True,low_bin_residual_mad
2024-03-29 14:03:00,0.7496159,0.7496159,3.8700299999999994,False,False,False,3.8700299999999994,3.1204140999999996,False,False,3.845908997800516,-0.7254948978005165,True,low_bin_residual_mad
2024-03-31 12:18:00,-4.627807,0.0,0.011949999999999999,False,False,False,0.011949999999999999,0.011949999999999999,False,False,0.017929999999999998,-0.005979999999999999,True,low_bin_residual_mad
2024-03-31 20:23:00,0.0,0.0,4.81718,False,False,False,4.81718,4.81718,False,False,3.153719899481444,1.6634601005185554,True,low_bin_residual_mad
2024-03-31 20:24:00,0.6130439,0.6130439,3.85469,False,False,False,3.85469,3.2416461,False,False,3.8318276494214403,-0.5901815494214402,True,low_bin_residual_mad
2024-03-31 21:12:00,0.6101672,0.6101672,3.6515,False,False,False,3.6515,3.0413328,False,False,3.6410349791666663,-0.5997021791666661,True,low_bin_residual_mad
2024-03-31 21:15:00,0.58167744,0.58167744,3.61096,False,False,False,3.61096,3.02928256,False,False,3.6008521183480586,-0.5715695583480587,True,low_bin_residual_mad
2024-03-31 21:16:00,0.7278781,0.7278781,3.4043699999999997,False,False,False,3.4043699999999997,2.6764919,False,False,3.4023107986838173,-0.7258188986838174,True,low_bin_residual_mad
2024-03-31 22:53:00,0.6216401,0.6216401,3.7257700000000007,False,False,False,3.7257700000000007,3.1041299000000007,False,False,3.7122067551470597,-0.608076855147059,True,low_bin_residual_mad
2024-04-02 16:49:00,-4.846884,0.0,0.016649999999999998,False,False,False,0.016649999999999998,0.016649999999999998,False,False,0.017929999999999998,-0.0012799999999999999,True,low_bin_residual_mad
2024-04-02 16:52:00,-4.7060413,0.0,0.01537,False,False,False,0.01537,0.01537,False,False,0.017929999999999998,-0.002559999999999998,True,low_bin_residual_mad
2024-04-02 16:53:00,-4.646938,0.0,0.01537,False,False,False,0.01537,0.01537,False,False,0.017929999999999998,-0.002559999999999998,True,low_bin_residual_mad
2024-04-02 17:47:00,-3.928225,0.0,0.0038399999999999997,False,False,False,0.0038399999999999997,0.0038399999999999997,False,False,0.017929999999999998,-0.014089999999999998,True,low_bin_residual_mad
2024-04-02 19:46:00,-4.3602967,0.0,0.008960000000000001,False,False,False,0.008960000000000001,0.008960000000000001,False,False,0.017929999999999998,-0.008969999999999997,True,low_bin_residual_mad
2024-04-02 20:13:00,-4.0908465,0.0,0.0064,False,False,False,0.0064,0.0064,False,False,0.017929999999999998,-0.011529999999999999,True,low_bin_residual_mad
2024-04-02 20:14:00,-4.212601,0.0,0.00256,False,False,False,0.00256,0.00256,False,False,0.017929999999999998,-0.015369999999999998,True,low_bin_residual_mad
2024-04-02 23:42:00,-0.58529985,0.0,3.0629,False,False,False,3.0629,3.0629,False,False,3.062748033966034,0.00015196603396594455,True,low_bin_residual_mad
2024-04-02 23:43:00,-0.7066004,0.0,2.8093999999999997,False,False,False,2.8093999999999997,2.8093999999999997,False,False,2.809213640182989,0.00018635981701065063,True,low_bin_residual_mad
2024-04-03 00:11:00,0.62861013,0.62861013,3.906739999999999,False,False,False,3.906739999999999,3.278129869999999,False,False,3.87960693124223,-0.6014770612422309,True,low_bin_residual_mad
2024-04-03 00:12:00,0.5901104,0.5901104,3.68522,False,False,False,3.68522,3.0951096000000002,False,False,3.6733483262254905,-0.5782387262254902,True,low_bin_residual_mad
2024-04-03 00:13:00,0.68677604,0.68677604,3.7018500000000003,False,False,False,3.7018500000000003,3.0150739600000005,False,False,3.6892845943627455,-0.674210634362745,True,low_bin_residual_mad
2024-04-03 00:18:00,0.7199675,0.7199675,3.9579699999999995,False,False,False,3.9579699999999995,3.2380024999999995,False,False,3.9265290217172737,-0.6885265217172742,True,low_bin_residual_mad
2024-04-03 00:27:00,0.62466496,0.62466496,3.22637,False,False,False,3.22637,2.60170504,False,False,3.2247827124792185,-0.6230776724792184,True,low_bin_residual_mad
2024-04-03 00:38:00,0.6289684,0.6289684,3.9362199999999987,False,False,False,3.9362199999999987,3.307251599999999,False,False,3.9066680883618625,-0.5994164883618636,True,low_bin_residual_mad
2024-04-03 22:25:00,0.0,0.0,2.834540000000001,False,False,False,2.834540000000001,2.834540000000001,False,False,2.8344545663336764,8.543366632451921e-05,True,low_bin_residual_mad
2024-04-03 22:27:00,1.3207016,1.3207016,3.51365,False,False,False,3.51365,2.1929484,False,False,3.5061368171534877,-1.3131884171534876,True,low_bin_residual_mad
2024-04-05 15:08:00,0.0,0.0,3.0770100000000005,False,False,False,3.0770100000000005,3.0770100000000005,False,False,3.076705798201799,0.00030420179820156434,True,low_bin_residual_mad
2024-04-05 16:21:00,-4.2538853,0.0,0.01537,False,False,False,0.01537,0.01537,False,False,0.017929999999999998,-0.002559999999999998,True,low_bin_residual_mad
2024-04-05 17:01:00,-4.3447714,0.0,0.011519999999999999,False,False,False,0.011519999999999999,0.011519999999999999,False,False,0.017929999999999998,-0.006409999999999999,True,low_bin_residual_mad
2024-04-05 17:04:00,-4.343977,0.0,0.0128,False,False,False,0.0128,0.0128,False,False,0.017929999999999998,-0.005129999999999997,True,low_bin_residual_mad
2024-04-06 00:24:00,1.2412149,1.2412149,3.9963699999999998,False,False,False,3.9963699999999998,2.7551550999999996,False,False,3.961226467926805,-1.2060713679268056,True,low_bin_residual_mad
2024-04-06 00:27:00,1.4668822,1.4668822,3.8760299999999996,False,False,False,3.8760299999999996,2.4091477999999995,False,False,3.8514166959931146,-1.4422688959931151,True,low_bin_residual_mad
2024-04-06 03:18:00,1.5520853,1.5520853,3.93279,False,False,False,3.93279,2.3807047,False,False,3.903519520895095,-1.522814820895095,True,low_bin_residual_mad
2024-04-06 11:21:00,-4.17049,0.0,0.00512,False,False,False,0.00512,0.00512,False,False,0.017929999999999998,-0.012809999999999998,True,low_bin_residual_mad
2024-04-06 11:22:00,-4.1007614,0.0,0.00256,False,False,False,0.00256,0.00256,False,False,0.017929999999999998,-0.015369999999999998,True,low_bin_residual_mad
2024-04-06 11:23:00,-4.03914,0.0,0.00128,False,False,False,0.00128,0.00128,False,False,0.017929999999999998,-0.016649999999999998,True,low_bin_residual_mad
2024-04-06 11:28:00,-4.1200547,0.0,0.01537,False,False,False,0.01537,0.01537,False,False,0.017929999999999998,-0.002559999999999998,True,low_bin_residual_mad
2024-04-06 11:29:00,-4.343114,0.0,0.00512,False,False,False,0.00512,0.00512,False,False,0.017929999999999998,-0.012809999999999998,True,low_bin_residual_mad
2024-04-06 11:46:00,-4.290948,0.0,0.00896,False,False,False,0.00896,0.00896,False,False,0.017929999999999998,-0.008969999999999999,True,low_bin_residual_mad
2024-04-06 11:47:00,-4.402143,0.0,0.0064,False,False,False,0.0064,0.0064,False,False,0.017929999999999998,-0.011529999999999999,True,low_bin_residual_mad
2024-04-06 12:41:00,0.0,0.0,4.80051,False,False,False,4.80051,4.80051,False,False,3.1472416728262465,1.6532683271737536,True,low_bin_residual_mad
2024-04-06 13:35:00,0.0,0.0,2.807680000000001,False,False,False,2.807680000000001,2.807680000000001,False,False,2.807486735132108,0.00019326486789283948,True,low_bin_residual_mad
2024-04-06 13:36:00,0.0,0.0,2.8439599999999996,False,False,False,2.8439599999999996,2.8439599999999996,False,False,2.843912383530949,4.761646905038219e-05,True,low_bin_residual_mad
2024-04-06 14:57:00,-0.59873325,0.0,3.0808400000000002,False,False,False,3.0808400000000002,3.0808400000000002,False,False,3.080494475524476,0.00034552447552416155,True,low_bin_residual_mad
2024-04-06 17:45:00,-4.202743,0.0,0.017070000000000002,False,False,False,0.017070000000000002,0.017070000000000002,False,False,0.017929999999999998,-0.0008599999999999962,True,low_bin_residual_mad
2024-04-06 19:16:00,-4.425941,0.0,0.01537,False,False,False,0.01537,0.01537,False,False,0.017929999999999998,-0.002559999999999998,True,low_bin_residual_mad
2024-04-06 19:30:00,0.6236668,0.6236668,3.8777099999999995,False,False,False,3.8777099999999995,3.2540431999999995,False,False,3.8529588514870423,-0.5989156514870428,True,low_bin_residual_mad
2024-04-06 19:34:00,0.6284038,0.6284038,3.505949999999999,False,False,False,3.505949999999999,2.877546199999999,False,False,3.498934640289578,-0.6213884402895791,True,low_bin_residual_mad
2024-04-06 19:35:00,0.5919292,0.5919292,3.45556,False,False,False,3.45556,2.8636308,False,False,3.4518024724749896,-0.5881716724749895,True,low_bin_residual_mad
2024-04-06 19:50:00,-4.784784,0.0,0.01109,False,False,False,0.01109,0.01109,False,False,0.017929999999999998,-0.006839999999999999,True,low_bin_residual_mad
2024-04-06 21:33:00,-4.3753333,0.0,0.00256,False,False,False,0.00256,0.00256,False,False,0.017929999999999998,-0.015369999999999998,True,low_bin_residual_mad
2024-04-06 22:02:00,-4.356628,0.0,0.016649999999999998,False,False,False,0.016649999999999998,0.016649999999999998,False,False,0.017929999999999998,-0.0012799999999999999,True,low_bin_residual_mad
2024-04-07 00:54:00,-4.708149,0.0,0.00256,False,False,False,0.00256,0.00256,False,False,0.017929999999999998,-0.015369999999999998,True,low_bin_residual_mad
2024-04-07 02:23:00,-4.2409463,0.0,0.0128,False,False,False,0.0128,0.0128,False,False,0.017929999999999998,-0.005129999999999997,True,low_bin_residual_mad
2024-04-07 02:25:00,-4.200554,0.0,0.011519999999999999,False,False,False,0.011519999999999999,0.011519999999999999,False,False,0.017929999999999998,-0.006409999999999999,True,low_bin_residual_mad
2024-04-07 02:28:00,-4.149452,0.0,0.0038399999999999997,False,False,False,0.0038399999999999997,0.0038399999999999997,False,False,0.017929999999999998,-0.014089999999999998,True,low_bin_residual_mad
2024-04-07 02:34:00,-4.190913,0.0,0.01408,False,False,False,0.01408,0.01408,False,False,0.017929999999999998,-0.0038499999999999975,True,low_bin_residual_mad
2024-04-07 02:37:00,-4.5865993,0.0,0.00128,False,False,False,0.00128,0.00128,False,False,0.017929999999999998,-0.016649999999999998,True,low_bin_residual_mad
2024-04-07 02:38:00,-4.363793,0.0,0.011519999999999999,False,False,False,0.011519999999999999,0.011519999999999999,False,False,0.017929999999999998,-0.006409999999999999,True,low_bin_residual_mad
2024-04-07 02:39:00,-4.312437,0.0,0.00128,False,False,False,0.00128,0.00128,False,False,0.017929999999999998,-0.016649999999999998,True,low_bin_residual_mad
2024-04-07 05:51:00,0.7452515,0.7452515,3.5281599999999997,False,False,False,3.5281599999999997,2.7829084999999996,False,False,3.5197087114775534,-0.7368002114775538,True,low_bin_residual_mad
2024-04-07 05:52:00,0.8151878,0.8151878,3.63871,False,False,False,3.63871,2.8235222,False,False,3.628476681734128,-0.8049544817341276,True,low_bin_residual_mad
2024-04-07 05:53:00,0.72420335,0.72420335,3.5695799999999998,False,False,False,3.5695799999999998,2.8453766499999995,False,False,3.559659165810561,-0.7142825158105617,True,low_bin_residual_mad
2024-04-07 05:54:00,1.444338,1.444338,3.8435800000000007,False,False,False,3.8435800000000007,2.399242000000001,False,False,3.8216200847849553,-1.4223780847849543,True,low_bin_residual_mad
2024-04-07 06:04:00,0.7210598,0.7210598,3.851700000000001,False,False,False,3.851700000000001,3.130640200000001,False,False,3.8290829798221298,-0.6984427798221287,True,low_bin_residual_mad
2024-04-07 06:05:00,0.5960124,0.5960124,3.5943,False,False,False,3.5943,2.9982876000000003,False,False,3.5842674255188003,-0.5859798255188,True,low_bin_residual_mad
2024-04-07 06:08:00,0.6938428,0.6938428,3.2921100000000005,False,False,False,3.2921100000000005,2.5982672000000004,False,False,3.2909316464855296,-0.6926644464855292,True,low_bin_residual_mad
2024-04-07 06:09:00,0.73186284,0.73186284,3.52217,False,False,False,3.52217,2.7903071600000002,False,False,3.5141059790860196,-0.7237988190860194,True,low_bin_residual_mad
2024-04-07 06:10:00,1.6473632,1.6473632,3.99639,False,False,False,3.99639,2.3490268,False,False,3.961244539513373,-1.612217739513373,True,low_bin_residual_mad
2024-04-07 06:37:00,-0.5912719,0.0,3.0868099999999994,False,False,False,3.0868099999999994,3.0868099999999994,False,False,3.0864000639360634,0.0004099360639360228,True,low_bin_residual_mad
2024-04-07 07:16:00,0.6921971,0.6921971,3.8807000000000005,False,False,False,3.8807000000000005,3.1885029000000005,False,False,3.8557035210863546,-0.6672006210863541,True,low_bin_residual_mad
2024-04-07 07:51:00,-0.68017375,0.0,2.8204700000000003,False,False,False,2.8204700000000003,2.8204700000000003,False,False,2.8203280814116334,0.00014191858836687388,True,low_bin_residual_mad
2024-04-07 07:53:00,0.6761123,0.6761123,3.9741799999999996,False,False,False,3.9741799999999996,3.2980677,False,False,3.9411760426302034,-0.6431083426302036,True,low_bin_residual_mad
2024-04-07 07:54:00,0.6792617,0.6792617,3.936589999999999,False,False,False,3.936589999999999,3.257328299999999,False,False,3.9070077297504064,-0.6496794297504076,True,low_bin_residual_mad
2024-04-07 08:46:00,0.65487874,0.65487874,3.88538,False,False,False,3.88538,3.23050126,False,False,3.8599995256765807,-0.6294982656765806,True,low_bin_residual_mad
2024-04-07 08:47:00,0.0,0.0,3.0705799999999996,False,False,False,3.0705799999999996,3.0705799999999996,False,False,3.0703451728271727,0.00023482717282696797,True,low_bin_residual_mad
2024-04-07 09:36:00,-0.73288715,0.0,3.0757199999999996,False,False,False,3.0757199999999996,3.0757199999999996,False,False,3.075429716283716,0.00029028371628347927,True,low_bin_residual_mad
2024-04-07 10:27:00,-0.67078114,0.0,3.0834,False,False,False,3.0834,3.0834,False,False,3.0830268551448556,0.0003731448551445027,True,low_bin_residual_mad
2024-04-07 10:33:00,-0.7072426,0.0,3.08127,False,False,False,3.08127,3.08127,False,False,3.080919836163836,0.0003501638361638193,True,low_bin_residual_mad
2024-04-07 10:38:00,0.64292604,0.64292604,3.893499999999999,False,False,False,3.893499999999999,3.250573959999999,False,False,3.8674532772305628,-0.6168793172305636,True,low_bin_residual_mad
2024-04-07 10:39:00,0.5789426,0.5789426,3.56273,False,False,False,3.56273,2.9837874,False,False,3.5528401294431897,-0.5690527294431895,True,low_bin_residual_mad
2024-04-07 11:58:00,0.60179,0.60179,3.8051500000000003,False,False,False,3.8051500000000003,3.20336,False,False,3.786205480191152,-0.582845480191152,True,low_bin_residual_mad
2024-04-07 12:50:00,0.62276554,0.62276554,3.8004599999999993,False,False,False,3.8004599999999993,3.177694459999999,False,False,3.781883479266224,-0.6041890192662249,True,low_bin_residual_mad
2024-04-07 13:44:00,1.0262185,1.0262185,3.9861400000000002,False,False,False,3.9861400000000002,2.9599215,False,False,3.9519828513975477,-0.9920613513975476,True,low_bin_residual_mad
2024-04-07 13:45:00,1.0083619,1.0083619,3.9682200000000005,False,False,False,3.9682200000000005,2.959858100000001,False,False,3.9357907098331,-0.9759326098330994,True,low_bin_residual_mad
2024-04-07 13:46:00,0.9841951,0.9841951,3.97501,False,False,False,3.97501,2.9908149,False,False,3.9419260134727536,-0.9511111134727535,True,low_bin_residual_mad
2024-04-07 13:47:00,0.919821,0.919821,3.4679499999999996,False,False,False,3.4679499999999996,2.5481289999999994,False,False,3.463391429792369,-0.9152624297923695,True,low_bin_residual_mad
2024-04-07 13:48:00,0.741114,0.741114,3.2097199999999995,False,False,False,3.2097199999999995,2.4686059999999994,False,False,3.2082417607939946,-0.7396357607939952,True,low_bin_residual_mad
2024-04-07 13:52:00,0.9589856,0.9589856,3.7454099999999997,False,False,False,3.7454099999999997,2.7864243999999996,False,False,3.731027459068627,-0.9446030590686276,True,low_bin_residual_mad
2024-04-07 13:53:00,1.6176145,1.6176145,3.94813,False,False,False,3.94813,2.3305154999999997,False,False,3.9176008692741715,-1.5870853692741718,True,low_bin_residual_mad
2024-04-07 13:54:00,0.963735,0.963735,3.876419999999999,False,False,False,3.876419999999999,2.912684999999999,False,False,3.851774696375633,-0.9390896963756341,True,low_bin_residual_mad
2024-04-07 13:55:00,0.94997525,0.94997525,3.88925,False,False,False,3.88925,2.93927475,False,False,3.863551991010807,-0.9242772410108069,True,low_bin_residual_mad
2024-04-07 13:56:00,1.6893528,1.6893528,4.025379999999999,False,False,False,4.025379999999999,2.3360271999999993,False,False,3.9874393042429115,-1.6514121042429122,True,low_bin_residual_mad
2024-04-07 13:57:00,0.80094266,0.80094266,3.483339999999999,False,False,False,3.483339999999999,2.682397339999999,False,False,3.4777864300437384,-0.7953890900437393,True,low_bin_residual_mad
2024-04-07 13:59:00,0.7718028,0.7718028,3.2976300000000007,False,False,False,3.2976300000000007,2.5258272000000006,False,False,3.29652093177791,-0.7706937317779095,True,low_bin_residual_mad
2024-04-07 14:00:00,0.7477739,0.7477739,3.1965399999999997,False,False,False,3.1965399999999997,2.4487661,False,False,3.195148082523049,-0.7463819825230491,True,low_bin_residual_mad
2024-04-07 14:01:00,0.80518854,0.80518854,3.2571099999999995,False,False,False,3.2571099999999995,2.4519214599999994,False,False,3.2554923375664497,-0.8035708775664503,True,low_bin_residual_mad
2024-04-07 14:03:00,0.9556979,0.9556979,3.5635799999999995,False,False,False,3.5635799999999995,2.6078820999999994,False,False,3.5536862872406,-0.9458041872406007,True,low_bin_residual_mad
2024-04-07 14:05:00,0.6334318,0.6334318,3.1089699999999993,False,False,False,3.1089699999999993,2.4755381999999995,False,False,3.1083209750249745,-0.632782775024975,True,low_bin_residual_mad
2024-04-07 14:16:00,-4.3279953,0.0,0.011519999999999999,False,False,False,0.011519999999999999,0.011519999999999999,False,False,0.017929999999999998,-0.006409999999999999,True,low_bin_residual_mad
2024-04-07 14:17:00,-4.4221497,0.0,0.01024,False,False,False,0.01024,0.01024,False,False,0.017929999999999998,-0.007689999999999997,True,low_bin_residual_mad
2024-04-07 16:16:00,1.4727995,1.4727995,3.6916199999999995,False,False,False,3.6916199999999995,2.2188204999999996,False,False,3.6794813458333326,-1.460660845833333,True,low_bin_residual_mad
2024-04-07 16:41:00,1.6240847,1.6240847,3.686060000000001,False,False,False,3.686060000000001,2.0619753000000007,False,False,3.6741532850490204,-1.6121779850490197,True,low_bin_residual_mad
2024-04-08 00:11:00,-4.29909,0.0,0.00256,False,False,False,0.00256,0.00256,False,False,0.017929999999999998,-0.015369999999999998,True,low_bin_residual_mad
2024-04-08 00:12:00,-4.52666,0.0,0.00512,False,False,False,0.00512,0.00512,False,False,0.017929999999999998,-0.012809999999999998,True,low_bin_residual_mad
2024-04-08 02:23:00,-4.168579,0.0,0.008960000000000001,False,False,False,0.008960000000000001,0.008960000000000001,False,False,0.017929999999999998,-0.008969999999999997,True,low_bin_residual_mad
2024-04-08 02:24:00,-4.183251,0.0,0.0128,False,False,False,0.0128,0.0128,False,False,0.017929999999999998,-0.005129999999999997,True,low_bin_residual_mad
2024-04-08 02:54:00,-4.250435,0.0,0.0064,False,False,False,0.0064,0.0064,False,False,0.017929999999999998,-0.011529999999999999,True,low_bin_residual_mad
2024-04-08 03:54:00,-4.2051606,0.0,0.007679999999999999,False,False,False,0.007679999999999999,0.007679999999999999,False,False,0.017929999999999998,-0.010249999999999999,True,low_bin_residual_mad
2024-04-08 04:25:00,0.78801763,0.78801763,3.9041900000000003,False,False,False,3.9041900000000003,3.11617237,False,False,3.8772661595103766,-0.7610937895103764,True,low_bin_residual_mad
2024-04-08 04:56:00,-0.6555414,0.0,3.0705800000000005,False,False,False,3.0705800000000005,3.0705800000000005,False,False,3.0703451728271736,0.00023482717282696797,True,low_bin_residual_mad
2024-04-08 04:57:00,-0.77294916,0.0,3.08083,False,False,False,3.08083,3.08083,False,False,3.0804845834165837,0.0003454165834164691,True,low_bin_residual_mad
2024-04-08 05:01:00,0.6028353,0.6028353,3.787660000000001,False,False,False,3.787660000000001,3.184824700000001,False,False,3.770087826422076,-0.5852631264220749,True,low_bin_residual_mad
2024-04-08 08:24:00,0.64078444,0.64078444,3.91527,False,False,False,3.91527,3.27448556,False,False,3.8874370421727082,-0.6129514821727082,True,low_bin_residual_mad
2024-04-08 08:25:00,0.668682,0.668682,3.7923500000000003,False,False,False,3.7923500000000003,3.1236680000000003,False,False,3.774409827347002,-0.6507418273470016,True,low_bin_residual_mad
2024-04-08 08:26:00,0.6116895,0.6116895,3.7112700000000007,False,False,False,3.7112700000000007,3.099580500000001,False,False,3.69831163259804,-0.5987311325980391,True,low_bin_residual_mad
2024-04-08 08:27:00,0.60434145,0.60434145,3.9413300000000002,False,False,False,3.9413300000000002,3.33698855,False,False,3.91135881132256,-0.5743702613225601,True,low_bin_residual_mad
2024-04-08 11:19:00,-4.4268494,0.0,0.00256,False,False,False,0.00256,0.00256,False,False,0.017929999999999998,-0.015369999999999998,True,low_bin_residual_mad
2024-04-08 11:27:00,-4.2954216,0.0,0.00512,False,False,False,0.00512,0.00512,False,False,0.017929999999999998,-0.012809999999999998,True,low_bin_residual_mad
2024-04-08 11:28:00,-4.3474216,0.0,0.01024,False,False,False,0.01024,0.01024,False,False,0.017929999999999998,-0.007689999999999997,True,low_bin_residual_mad
2024-04-08 11:31:00,-4.136529,0.0,0.01024,False,False,False,0.01024,0.01024,False,False,0.017929999999999998,-0.007689999999999997,True,low_bin_residual_mad
2024-04-08 11:32:00,-4.1492867,0.0,0.00512,False,False,False,0.00512,0.00512,False,False,0.017929999999999998,-0.012809999999999998,True,low_bin_residual_mad
2024-04-08 12:08:00,0.63635284,0.63635284,3.83934,False,False,False,3.83934,3.20298716,False,False,3.81771277478033,-0.6147256147803297,True,low_bin_residual_mad
2024-04-08 13:01:00,0.59239244,0.59239244,3.8004700000000002,False,False,False,3.8004700000000002,3.2080775600000004,False,False,3.7818926946200095,-0.5738151346200091,True,low_bin_residual_mad
2024-04-08 14:18:00,0.0,0.0,4.870920000000001,False,False,False,4.870920000000001,4.870920000000001,False,False,3.172092827040553,1.6988271729594477,True,low_bin_residual_mad
2024-04-08 14:21:00,0.0,0.0,4.841069999999998,False,False,False,4.841069999999998,4.841069999999998,False,False,3.1630039327623485,1.67806606723765,True,low_bin_residual_mad
2024-04-08 14:25:00,0.0,0.0,5.208570000000001,False,False,False,5.208570000000001,5.208570000000001,False,False,3.2274086651149014,1.9811613348850994,True,low_bin_residual_mad
2024-04-08 16:30:00,-4.2563295,0.0,0.00128,False,False,False,0.00128,0.00128,False,False,0.017929999999999998,-0.016649999999999998,True,low_bin_residual_mad
2024-04-08 16:48:00,0.0,0.0,5.04978,False,False,False,5.04978,5.04978,False,False,3.214369397809932,1.835410602190068,True,low_bin_residual_mad
2024-04-09 19:03:00,-4.308728,0.0,0.00066,False,False,False,0.00066,0.00066,False,False,0.017929999999999998,-0.017269999999999997,True,low_bin_residual_mad
2024-04-09 19:04:00,-4.284573,0.0,0.0005600000000000001,False,False,False,0.0005600000000000001,0.0005600000000000001,False,False,0.017929999999999998,-0.017369999999999997,True,low_bin_residual_mad
2024-04-09 19:05:00,-4.5304956,0.0,0.0004,False,False,False,0.0004,0.0004,False,False,0.017929999999999998,-0.017529999999999997,True,low_bin_residual_mad
2024-04-09 19:07:00,-4.4816585,0.0,0.00043,False,False,False,0.00043,0.00043,False,False,0.017929999999999998,-0.017499999999999998,True,low_bin_residual_mad
2024-04-09 19:18:00,-4.424772,0.0,0.008960000000000001,False,False,False,0.008960000000000001,0.008960000000000001,False,False,0.017929999999999998,-0.008969999999999997,True,low_bin_residual_mad
2024-04-09 19:35:00,-4.699443,0.0,0.0128,False,False,False,0.0128,0.0128,False,False,0.017929999999999998,-0.005129999999999997,True,low_bin_residual_mad
2024-04-09 19:37:00,-4.809175,0.0,0.0038399999999999997,False,False,False,0.0038399999999999997,0.0038399999999999997,False,False,0.017929999999999998,-0.014089999999999998,True,low_bin_residual_mad
2024-04-09 19:38:00,-4.5910163,0.0,0.008960000000000001,False,False,False,0.008960000000000001,0.008960000000000001,False,False,0.017929999999999998,-0.008969999999999997,True,low_bin_residual_mad
2024-04-09 20:03:00,-4.648221,0.0,0.011519999999999999,False,False,False,0.011519999999999999,0.011519999999999999,False,False,0.017929999999999998,-0.006409999999999999,True,low_bin_residual_mad
2024-04-09 21:47:00,0.661375,0.661375,3.7326100000000006,False,False,False,3.7326100000000006,3.0712350000000006,False,False,3.718761419852942,-0.6475264198529413,True,low_bin_residual_mad
2024-04-09 21:49:00,0.0,0.0,3.087240000000001,False,False,False,3.087240000000001,3.087240000000001,False,False,3.0868254245754256,0.00041457542457523644,True,low_bin_residual_mad
2024-04-09 21:53:00,-0.71910846,0.0,2.843110000000001,False,False,False,2.843110000000001,2.843110000000001,False,False,2.8430589711511542,5.1028848846890185e-05,True,low_bin_residual_mad
2024-04-09 22:01:00,-0.7745669,0.0,3.06547,False,False,False,3.06547,3.06547,False,False,3.0652903056943055,0.00017969430569442224,True,low_bin_residual_mad
2024-04-09 22:47:00,-0.72275877,0.0,3.0578000000000003,False,False,False,3.0578000000000003,3.0578000000000003,False,False,3.057703058941059,9.694105894109128e-05,True,low_bin_residual_mad
2024-04-10 00:35:00,0.69319475,0.69319475,3.736459999999999,False,False,False,3.736459999999999,3.043265249999999,False,False,3.722450814460783,-0.6791855644607843,True,low_bin_residual_mad
2024-04-10 00:57:00,-4.1221457,0.0,0.01152,False,False,False,0.01152,0.01152,False,False,0.017929999999999998,-0.006409999999999997,True,low_bin_residual_mad
2024-04-10 01:28:00,0.62022525,0.62022525,3.5431000000000012,False,False,False,3.5431000000000012,2.9228747500000014,False,False,3.533682805288826,-0.6108080552888246,True,low_bin_residual_mad
2024-04-10 01:29:00,1.6466961,1.6466961,3.82566,False,False,False,3.82566,2.1789639000000003,False,False,3.805106170803145,-1.6261422708031446,True,low_bin_residual_mad
2024-04-10 01:30:00,1.5189302,1.5189302,3.8294900000000003,False,False,False,3.8294900000000003,2.3105598,False,False,3.8086356513026054,-1.4980758513026053,True,low_bin_residual_mad
2024-04-10 01:31:00,1.6272094,1.6272094,3.9191,False,False,False,3.9191,2.2918906,False,False,3.890952789518983,-1.5990621895189832,True,low_bin_residual_mad
2024-04-10 01:46:00,-0.64211637,0.0,2.8401,False,False,False,2.8401,2.8401,False,False,2.840036887312109,6.311268789094271e-05,True,low_bin_residual_mad
2024-04-10 01:48:00,0.0,0.0,3.06378,False,False,False,3.06378,3.06378,False,False,3.0636185394605393,0.00016146053946064498,True,low_bin_residual_mad
2024-04-10 01:49:00,0.61845154,0.61845154,3.11967,False,False,False,3.11967,2.50121846,False,False,3.118905530469531,-0.6176870704695308,True,low_bin_residual_mad
2024-04-10 01:50:00,0.6698041,0.6698041,3.2728999999999995,False,False,False,3.2728999999999995,2.6030958999999996,False,False,3.271480528647371,-0.6683846286473716,True,low_bin_residual_mad
2024-04-10 01:51:00,0.0,0.0,3.06208,False,False,False,3.06208,3.06208,False,False,3.061936881118881,0.00014311888111873117,True,low_bin_residual_mad
2024-04-10 01:52:00,-0.62782943,0.0,2.811080000000001,False,False,False,2.811080000000001,2.811080000000001,False,False,2.810900384651294,0.0001796153487068075,True,low_bin_residual_mad
2024-04-10 02:35:00,-4.25436,0.0,0.01152,False,False,False,0.01152,0.01152,False,False,0.017929999999999998,-0.006409999999999997,True,low_bin_residual_mad
2024-04-10 03:07:00,0.63517606,0.63517606,3.6062599999999994,False,False,False,3.6062599999999994,2.9710839399999993,False,False,3.5961733634682553,-0.625089423468256,True,low_bin_residual_mad
2024-04-10 03:08:00,0.6788479,0.6788479,3.7479599999999995,False,False,False,3.7479599999999995,3.0691120999999995,False,False,3.733471084068627,-0.6643589840686275,True,low_bin_residual_mad
2024-04-10 03:09:00,0.70141727,0.70141727,3.6583200000000007,False,False,False,3.6583200000000007,2.956902730000001,False,False,3.647570478186275,-0.6906677481862742,True,low_bin_residual_mad
2024-04-10 03:10:00,0.71486044,0.71486044,3.60283,False,False,False,3.60283,2.88796956,False,False,3.5927588678857614,-0.7047893078857612,True,low_bin_residual_mad
2024-04-10 03:11:00,1.444738,1.444738,3.961379999999999,False,False,False,3.961379999999999,2.5166419999999987,False,False,3.929610227227026,-1.4129682272270272,True,low_bin_residual_mad
2024-04-10 03:12:00,1.7329803,1.7329803,4.053979999999999,False,False,False,4.053979999999999,2.3209996999999993,False,False,3.9919887030036074,-1.670989003003608,True,low_bin_residual_mad
2024-04-11 06:16:00,-0.64751685,0.0,2.809379999999999,False,False,False,2.809379999999999,2.809379999999999,False,False,2.8091935598916993,0.0001864401082998235,True,low_bin_residual_mad
2024-04-13 03:25:00,0.89754725,0.89754725,3.8474400000000006,False,False,False,3.8474400000000006,2.9498927500000005,False,False,3.8251725141053847,-0.8752797641053842,True,low_bin_residual_mad
2024-04-13 03:26:00,0.69058466,0.69058466,3.7496799999999997,False,False,False,3.7496799999999997,3.05909534,False,False,3.735087912748574,-0.6759925727485743,True,low_bin_residual_mad
2024-04-13 03:27:00,0.6068286,0.6068286,3.5494599999999994,False,False,False,3.5494599999999994,2.9426313999999993,False,False,3.539631616308884,-0.5970002163088846,True,low_bin_residual_mad
2024-04-13 03:29:00,0.8667345,0.8667345,3.80086,False,False,False,3.80086,2.9341255000000004,False,False,3.7822520934176045,-0.8481265934176041,True,low_bin_residual_mad
2024-04-13 03:30:00,0.9221984,0.9221984,3.98017,False,False,False,3.98017,3.0579716,False,False,3.94658848280716,-0.8886168828071597,True,low_bin_residual_mad
2024-04-15 18:11:00,0.7609809,0.7609809,3.8439900000000002,False,False,False,3.8439900000000002,3.0830091000000004,False,False,3.821997914290119,-0.7389888142901184,True,low_bin_residual_mad
2024-04-16 05:14:00,0.7050959,0.7050959,3.9016100000000002,False,False,False,3.9016100000000002,3.1965141000000004,False,False,3.874897849287559,-0.6783837492875588,True,low_bin_residual_mad
2024-04-16 05:16:00,-0.7988603,0.0,3.0706,False,False,False,3.0706,3.0706,False,False,3.0703649570429574,0.00023504295704279698,True,low_bin_residual_mad
2024-04-16 05:18:00,-0.783829,0.0,3.0936299999999988,False,False,False,3.0936299999999988,3.0936299999999988,False,False,3.0931464815184806,0.0004835184815181748,True,low_bin_residual_mad
2024-04-16 05:22:00,0.6001192,0.6001192,3.4163199999999994,False,False,False,3.4163199999999994,2.8162007999999994,False,False,3.413909888822415,-0.5977090888224157,True,low_bin_residual_mad
2024-04-16 06:20:00,0.0,0.0,3.0731500000000005,False,False,False,3.0731500000000005,3.0731500000000005,False,False,3.072887444555445,0.00026255544455544566,True,low_bin_residual_mad
2024-04-16 06:29:00,0.71215737,0.71215737,3.81414,False,False,False,3.81414,3.10198263,False,False,3.79449008324341,-0.6925074532434099,True,low_bin_residual_mad
2024-04-16 06:30:00,0.67931604,0.67931604,3.9285200000000002,False,False,False,3.9285200000000002,3.24920396,False,False,3.899599875681363,-0.6503959156813628,True,low_bin_residual_mad
2024-04-16 06:31:00,0.7879341,0.7879341,3.9173799999999996,False,False,False,3.9173799999999996,3.1294458999999994,False,False,3.889373916037105,-0.7599280160371054,True,low_bin_residual_mad
2024-04-16 06:32:00,0.71126175,0.71126175,3.8457000000000003,False,False,False,3.8457000000000003,3.1344382500000005,False,False,3.823573739787267,-0.6891354897872666,True,low_bin_residual_mad
2024-04-16 06:33:00,0.5987752,0.5987752,3.7633599999999996,False,False,False,3.7633599999999996,3.1645847999999996,False,False,3.747694516725759,-0.5831097167257595,True,low_bin_residual_mad
2024-04-16 06:35:00,0.69605535,0.69605535,3.9114099999999996,False,False,False,3.9114099999999996,3.2153546499999996,False,False,3.8838937563354694,-0.6685391063354698,True,low_bin_residual_mad
2024-04-16 06:36:00,0.6355166,0.6355166,3.8926500000000006,False,False,False,3.8926500000000006,3.2571334000000007,False,False,3.866673019986613,-0.6095396199866121,True,low_bin_residual_mad
2024-04-16 08:45:00,0.0,0.0,5.13258,False,False,False,5.13258,5.13258,False,False,3.2071621832816577,1.9254178167183422,True,low_bin_residual_mad
2024-04-16 08:52:00,0.0,0.0,4.934119999999999,False,False,False,4.934119999999999,4.934119999999999,False,False,3.1886456054947883,1.745474394505211,True,low_bin_residual_mad
2024-04-16 09:14:00,0.0,0.0,2.8017200000000004,False,False,False,2.8017200000000004,2.8017200000000004,False,False,2.801502808327888,0.00021719167211253776,True,low_bin_residual_mad
2024-04-16 09:31:00,-4.3002887,0.0,0.0038399999999999997,False,False,False,0.0038399999999999997,0.0038399999999999997,False,False,0.017929999999999998,-0.014089999999999998,True,low_bin_residual_mad
2024-04-16 09:32:00,-3.954173,0.0,0.0064,False,False,False,0.0064,0.0064,False,False,0.017929999999999998,-0.011529999999999999,True,low_bin_residual_mad
2024-04-16 09:54:00,-4.1446333,0.0,0.011519999999999999,False,False,False,0.011519999999999999,0.011519999999999999,False,False,0.017929999999999998,-0.006409999999999999,True,low_bin_residual_mad
2024-04-16 13:35:00,-3.914506,0.0,0.00512,False,False,False,0.00512,0.00512,False,False,0.017929999999999998,-0.012809999999999998,True,low_bin_residual_mad
2024-04-16 22:13:00,0.0,0.0,5.04894,False,False,False,5.04894,5.04894,False,False,3.2144425144790594,1.8344974855209406,True,low_bin_residual_mad
2024-04-17 19:17:00,0.6151241,0.6151241,3.7112600000000007,False,False,False,3.7112600000000007,3.0961359000000006,False,False,3.6983020497549024,-0.6021661497549018,True,low_bin_residual_mad
2024-04-17 19:18:00,0.6236252,0.6236252,3.67882,False,False,False,3.67882,3.0551947999999998,False,False,3.667215306617647,-0.6120205066176472,True,low_bin_residual_mad
2024-04-17 19:19:00,0.60368043,0.60368043,3.9195499999999996,False,False,False,3.9195499999999996,3.3158695699999994,False,False,3.8913658668834277,-0.5754962968834283,True,low_bin_residual_mad
2024-04-17 19:21:00,0.6481643,0.6481643,3.9489500000000013,False,False,False,3.9489500000000013,3.3007857000000014,False,False,3.918353588027161,-0.6175678880271596,True,low_bin_residual_mad
2024-04-17 19:36:00,0.66361535,0.66361535,3.5673999999999992,False,False,False,3.5673999999999992,2.903784649999999,False,False,3.557489019930142,-0.6537043699301428,True,low_bin_residual_mad
2024-04-17 19:37:00,0.64608645,0.64608645,3.743260000000001,False,False,False,3.743260000000001,3.0971735500000013,False,False,3.7289671477941186,-0.6317935977941174,True,low_bin_residual_mad
2024-04-17 19:38:00,0.6213443,0.6213443,3.5631699999999995,False,False,False,3.5631699999999995,2.9418256999999994,False,False,3.5532781405383194,-0.6114524405383199,True,low_bin_residual_mad
2024-04-17 19:40:00,0.7109112,0.7109112,3.9724999999999997,False,False,False,3.9724999999999997,3.2615887999999997,False,False,3.9396580293585366,-0.6780692293585369,True,low_bin_residual_mad
2024-04-17 19:41:00,0.7400106,0.7400106,3.808970000000001,False,False,False,3.808970000000001,3.0689594000000007,False,False,3.7897257453368285,-0.7207663453368278,True,low_bin_residual_mad
2024-04-17 19:44:00,0.69750535,0.69750535,3.75738,False,False,False,3.75738,3.05987465,False,False,3.742183735162633,-0.682309085162633,True,low_bin_residual_mad
2024-04-17 21:37:00,-4.7228317,0.0,0.008960000000000001,False,False,False,0.008960000000000001,0.008960000000000001,False,False,0.017929999999999998,-0.008969999999999997,True,low_bin_residual_mad
2024-04-17 21:44:00,-4.835486,0.0,0.00128,False,False,False,0.00128,0.00128,False,False,0.017929999999999998,-0.016649999999999998,True,low_bin_residual_mad
2024-04-17 21:58:00,-4.4943852,0.0,0.0038399999999999997,False,False,False,0.0038399999999999997,0.0038399999999999997,False,False,0.017929999999999998,-0.014089999999999998,True,low_bin_residual_mad
2024-04-17 22:27:00,-4.256809,0.0,0.017920000000000002,False,False,False,0.017920000000000002,0.017920000000000002,False,False,0.017929999999999998,-9.999999999996123e-06,True,low_bin_residual_mad
2024-04-18 00:28:00,-3.9388247,0.0,0.011519999999999999,False,False,False,0.011519999999999999,0.011519999999999999,False,False,0.017929999999999998,-0.006409999999999999,True,low_bin_residual_mad
2024-04-18 00:31:00,-3.9114542,0.0,0.007679999999999999,False,False,False,0.007679999999999999,0.007679999999999999,False,False,0.017929999999999998,-0.010249999999999999,True,low_bin_residual_mad
2024-04-18 00:53:00,-4.1994696,0.0,0.00256,False,False,False,0.00256,0.00256,False,False,0.017929999999999998,-0.015369999999999998,True,low_bin_residual_mad
2024-04-18 00:59:00,-4.2129416,0.0,0.011519999999999999,False,False,False,0.011519999999999999,0.011519999999999999,False,False,0.017929999999999998,-0.006409999999999999,True,low_bin_residual_mad
2024-04-18 02:10:00,-3.8685296,0.0,0.00512,False,False,False,0.00512,0.00512,False,False,0.017929999999999998,-0.012809999999999998,True,low_bin_residual_mad
2024-04-18 02:11:00,-3.8827693,0.0,0.00128,False,False,False,0.00128,0.00128,False,False,0.017929999999999998,-0.016649999999999998,True,low_bin_residual_mad
2024-04-18 02:13:00,-3.9165993,0.0,0.007679999999999999,False,False,False,0.007679999999999999,0.007679999999999999,False,False,0.017929999999999998,-0.010249999999999999,True,low_bin_residual_mad
2024-04-18 02:14:00,-4.0899286,0.0,0.016649999999999998,False,False,False,0.016649999999999998,0.016649999999999998,False,False,0.017929999999999998,-0.0012799999999999999,True,low_bin_residual_mad
2024-04-18 02:46:00,0.0,0.0,3.0961900000000004,False,False,False,3.0961900000000004,3.0961900000000004,False,False,3.095678861138862,0.0005111388611385159,True,low_bin_residual_mad
2024-04-18 03:59:00,0.0,0.0,3.0543699999999996,False,False,False,3.0543699999999996,3.0543699999999996,False,False,3.0543100659340654,5.9934065934186265e-05,True,low_bin_residual_mad
2024-04-18 05:15:00,-0.81622696,0.0,2.81321,False,False,False,2.81321,2.81321,False,False,2.8130389356736067,0.00017106432639346636,True,low_bin_residual_mad
2024-04-18 05:16:00,-0.61539483,0.0,3.08427,False,False,False,3.08427,3.08427,False,False,3.0838874685314686,0.00038253146853151065,True,low_bin_residual_mad
2024-04-18 05:25:00,-0.6286849,0.0,3.091090000000001,False,False,False,3.091090000000001,3.091090000000001,False,False,3.090633886113887,0.00045611388611366266,True,low_bin_residual_mad
2024-04-18 05:28:00,-0.73289275,0.0,2.84138,False,False,False,2.84138,2.84138,False,False,2.841322025954626,5.797404537410955e-05,True,low_bin_residual_mad
2024-04-18 06:10:00,-4.0433464,0.0,0.01537,False,False,False,0.01537,0.01537,False,False,0.017929999999999998,-0.002559999999999998,True,low_bin_residual_mad
2024-04-18 07:50:00,-4.9939156,0.0,0.01408,False,False,False,0.01408,0.01408,False,False,0.017929999999999998,-0.0038499999999999975,True,low_bin_residual_mad
2024-04-18 08:01:00,-4.3132677,0.0,0.00896,False,False,False,0.00896,0.00896,False,False,0.017929999999999998,-0.008969999999999999,True,low_bin_residual_mad
2024-04-18 08:36:00,-4.6329155,0.0,0.00128,False,False,False,0.00128,0.00128,False,False,0.017929999999999998,-0.016649999999999998,True,low_bin_residual_mad
2024-04-18 08:39:00,-4.781348,0.0,0.011519999999999999,False,False,False,0.011519999999999999,0.011519999999999999,False,False,0.017929999999999998,-0.006409999999999999,True,low_bin_residual_mad
2024-04-18 08:40:00,-4.7514625,0.0,0.007679999999999999,False,False,False,0.007679999999999999,0.007679999999999999,False,False,0.017929999999999998,-0.010249999999999999,True,low_bin_residual_mad
2024-04-18 08:45:00,-4.514747,0.0,0.0038399999999999997,False,False,False,0.0038399999999999997,0.0038399999999999997,False,False,0.017929999999999998,-0.014089999999999998,True,low_bin_residual_mad
2024-04-18 09:00:00,-4.711211,0.0,0.00013000000000000002,False,False,False,0.00013000000000000002,0.00013000000000000002,False,False,0.017929999999999998,-0.017799999999999996,True,low_bin_residual_mad
2024-04-18 09:01:00,-4.750799,0.0,0.00016,False,False,False,0.00016,0.00016,False,False,0.017929999999999998,-0.017769999999999998,True,low_bin_residual_mad
2024-04-18 09:02:00,-4.672877,0.0,0.00015,False,False,False,0.00015,0.00015,False,False,0.017929999999999998,-0.017779999999999997,True,low_bin_residual_mad
2024-04-18 09:03:00,-4.668624,0.0,0.00013000000000000002,False,False,False,0.00013000000000000002,0.00013000000000000002,False,False,0.017929999999999998,-0.017799999999999996,True,low_bin_residual_mad
2024-04-18 09:04:00,-4.5900583,0.0,0.00016,False,False,False,0.00016,0.00016,False,False,0.017929999999999998,-0.017769999999999998,True,low_bin_residual_mad
2024-04-18 09:05:00,-4.5728507,0.0,0.00014000000000000001,False,False,False,0.00014000000000000001,0.00014000000000000001,False,False,0.017929999999999998,-0.017789999999999997,True,low_bin_residual_mad
2024-04-18 09:06:00,-4.3706145,0.0,0.00014000000000000001,False,False,False,0.00014000000000000001,0.00014000000000000001,False,False,0.017929999999999998,-0.017789999999999997,True,low_bin_residual_mad
2024-04-18 09:08:00,-4.3727264,0.0,0.0001,False,False,False,0.0001,0.0001,False,False,0.017929999999999998,-0.01783,True,low_bin_residual_mad
2024-04-18 09:09:00,-4.356904,0.0,0.00015,False,False,False,0.00015,0.00015,False,False,0.017929999999999998,-0.017779999999999997,True,low_bin_residual_mad
2024-04-18 09:10:00,-4.310635,0.0,0.00011999999999999999,False,False,False,0.00011999999999999999,0.00011999999999999999,False,False,0.017929999999999998,-0.01781,True,low_bin_residual_mad
2024-04-18 09:11:00,-4.1601043,0.0,0.00015,False,False,False,0.00015,0.00015,False,False,0.017929999999999998,-0.017779999999999997,True,low_bin_residual_mad
2024-04-18 09:12:00,-4.0848866,0.0,8.999999999999999e-05,False,False,False,8.999999999999999e-05,8.999999999999999e-05,False,False,0.017929999999999998,-0.017839999999999998,True,low_bin_residual_mad
2024-04-18 09:13:00,-4.061976,0.0,0.00013000000000000002,False,False,False,0.00013000000000000002,0.00013000000000000002,False,False,0.017929999999999998,-0.017799999999999996,True,low_bin_residual_mad
2024-04-18 09:16:00,-4.179758,0.0,0.00014000000000000001,False,False,False,0.00014000000000000001,0.00014000000000000001,False,False,0.017929999999999998,-0.017789999999999997,True,low_bin_residual_mad
2024-04-18 09:17:00,-4.1333046,0.0,0.00011999999999999999,False,False,False,0.00011999999999999999,0.00011999999999999999,False,False,0.017929999999999998,-0.01781,True,low_bin_residual_mad
2024-04-18 09:18:00,-4.2467027,0.0,0.00014000000000000001,False,False,False,0.00014000000000000001,0.00014000000000000001,False,False,0.017929999999999998,-0.017789999999999997,True,low_bin_residual_mad
2024-04-18 09:19:00,-4.282385,0.0,0.00015,False,False,False,0.00015,0.00015,False,False,0.017929999999999998,-0.017779999999999997,True,low_bin_residual_mad
2024-04-18 09:20:00,-4.1938667,0.0,0.00016,False,False,False,0.00016,0.00016,False,False,0.017929999999999998,-0.017769999999999998,True,low_bin_residual_mad
2024-04-18 09:21:00,-4.0373797,0.0,0.00015,False,False,False,0.00015,0.00015,False,False,0.017929999999999998,-0.017779999999999997,True,low_bin_residual_mad
2024-04-18 09:22:00,-4.183678,0.0,0.00016,False,False,False,0.00016,0.00016,False,False,0.017929999999999998,-0.017769999999999998,True,low_bin_residual_mad
2024-04-18 09:24:00,-4.3494344,0.0,0.00015,False,False,False,0.00015,0.00015,False,False,0.017929999999999998,-0.017779999999999997,True,low_bin_residual_mad
2024-04-18 09:25:00,-4.2634897,0.0,0.00015,False,False,False,0.00015,0.00015,False,False,0.017929999999999998,-0.017779999999999997,True,low_bin_residual_mad
2024-04-18 09:26:00,-4.4290547,0.0,0.00013000000000000002,False,False,False,0.00013000000000000002,0.00013000000000000002,False,False,0.017929999999999998,-0.017799999999999996,True,low_bin_residual_mad
2024-04-18 09:27:00,-4.377069,0.0,0.0001,False,False,False,0.0001,0.0001,False,False,0.017929999999999998,-0.01783,True,low_bin_residual_mad
2024-04-18 09:28:00,-4.3922954,0.0,0.0001,False,False,False,0.0001,0.0001,False,False,0.017929999999999998,-0.01783,True,low_bin_residual_mad
2024-04-18 09:29:00,-4.3038034,0.0,7.000000000000001e-05,False,False,False,7.000000000000001e-05,7.000000000000001e-05,False,False,0.017929999999999998,-0.017859999999999997,True,low_bin_residual_mad
2024-04-18 09:30:00,-4.429636,0.0,0.00011,False,False,False,0.00011,0.00011,False,False,0.017929999999999998,-0.01782,True,low_bin_residual_mad
2024-04-18 09:36:00,-4.2378135,0.0,0.00013000000000000002,False,False,False,0.00013000000000000002,0.00013000000000000002,False,False,0.017929999999999998,-0.017799999999999996,True,low_bin_residual_mad
2024-04-18 09:37:00,-3.9679203,0.0,0.00014000000000000001,False,False,False,0.00014000000000000001,0.00014000000000000001,False,False,0.017929999999999998,-0.017789999999999997,True,low_bin_residual_mad
2024-04-18 09:38:00,-4.0974336,0.0,0.00016,False,False,False,0.00016,0.00016,False,False,0.017929999999999998,-0.017769999999999998,True,low_bin_residual_mad
2024-04-18 09:39:00,-3.9808295,0.0,0.00015,False,False,False,0.00015,0.00015,False,False,0.017929999999999998,-0.017779999999999997,True,low_bin_residual_mad
2024-04-18 09:40:00,-4.4053607,0.0,0.00014000000000000001,False,False,False,0.00014000000000000001,0.00014000000000000001,False,False,0.017929999999999998,-0.017789999999999997,True,low_bin_residual_mad
2024-04-18 09:41:00,-4.277869,0.0,0.00016,False,False,False,0.00016,0.00016,False,False,0.017929999999999998,-0.017769999999999998,True,low_bin_residual_mad
2024-04-18 09:45:00,-4.3022203,0.0,0.00016,False,False,False,0.00016,0.00016,False,False,0.017929999999999998,-0.017769999999999998,True,low_bin_residual_mad
2024-04-18 09:46:00,-4.602153,0.0,0.00016,False,False,False,0.00016,0.00016,False,False,0.017929999999999998,-0.017769999999999998,True,low_bin_residual_mad
2024-04-18 09:47:00,-4.475355,0.0,0.00014000000000000001,False,False,False,0.00014000000000000001,0.00014000000000000001,False,False,0.017929999999999998,-0.017789999999999997,True,low_bin_residual_mad
2024-04-18 09:48:00,-4.41567,0.0,0.00011999999999999999,False,False,False,0.00011999999999999999,0.00011999999999999999,False,False,0.017929999999999998,-0.01781,True,low_bin_residual_mad
2024-04-18 09:49:00,-4.337471,0.0,0.00015,False,False,False,0.00015,0.00015,False,False,0.017929999999999998,-0.017779999999999997,True,low_bin_residual_mad
2024-04-18 09:50:00,-4.354409,0.0,0.0001,False,False,False,0.0001,0.0001,False,False,0.017929999999999998,-0.01783,True,low_bin_residual_mad
2024-04-18 10:00:00,-4.1044493,0.0,7.000000000000001e-05,False,False,False,7.000000000000001e-05,7.000000000000001e-05,False,False,0.017929999999999998,-0.017859999999999997,True,low_bin_residual_mad
2024-04-18 10:01:00,-3.891753,0.0,2.9999999999999997e-05,False,False,False,2.9999999999999997e-05,2.9999999999999997e-05,False,False,0.017929999999999998,-0.0179,True,low_bin_residual_mad
2024-04-18 10:02:00,-4.039837,0.0,7.000000000000001e-05,False,False,False,7.000000000000001e-05,7.000000000000001e-05,False,False,0.017929999999999998,-0.017859999999999997,True,low_bin_residual_mad
2024-04-18 10:09:00,-4.225997,0.0,0.00011,False,False,False,0.00011,0.00011,False,False,0.017929999999999998,-0.01782,True,low_bin_residual_mad
2024-04-18 10:16:00,-4.078619,0.0,8.999999999999999e-05,False,False,False,8.999999999999999e-05,8.999999999999999e-05,False,False,0.017929999999999998,-0.017839999999999998,True,low_bin_residual_mad
2024-04-18 10:18:00,-3.9871051,0.0,8e-05,False,False,False,8e-05,8e-05,False,False,0.017929999999999998,-0.017849999999999998,True,low_bin_residual_mad
2024-04-18 12:48:00,-4.0031414,0.0,0.00256,False,False,False,0.00256,0.00256,False,False,0.017929999999999998,-0.015369999999999998,True,low_bin_residual_mad
2024-04-18 13:02:00,-3.7714741,0.0,0.011519999999999999,False,False,False,0.011519999999999999,0.011519999999999999,False,False,0.017929999999999998,-0.006409999999999999,True,low_bin_residual_mad
2024-04-18 13:03:00,-3.9914334,0.0,0.0064,False,False,False,0.0064,0.0064,False,False,0.017929999999999998,-0.011529999999999999,True,low_bin_residual_mad
2024-04-18 13:22:00,-4.0329547,0.0,0.00512,False,False,False,0.00512,0.00512,False,False,0.017929999999999998,-0.012809999999999998,True,low_bin_residual_mad
2024-04-18 15:29:00,-4.43004,0.0,0.0128,False,False,False,0.0128,0.0128,False,False,0.017929999999999998,-0.005129999999999997,True,low_bin_residual_mad
2024-04-18 18:26:00,-4.315078,0.0,0.011519999999999999,False,False,False,0.011519999999999999,0.011519999999999999,False,False,0.017929999999999998,-0.006409999999999999,True,low_bin_residual_mad
2024-04-18 18:29:00,-4.231352,0.0,0.007679999999999999,False,False,False,0.007679999999999999,0.007679999999999999,False,False,0.017929999999999998,-0.010249999999999999,True,low_bin_residual_mad
2024-04-18 18:30:00,-4.258314,0.0,0.00256,False,False,False,0.00256,0.00256,False,False,0.017929999999999998,-0.015369999999999998,True,low_bin_residual_mad
2024-04-18 19:37:00,1.4184,1.4184,3.9246500000000006,False,False,False,3.9246500000000006,2.5062500000000005,False,False,3.8960474103471374,-1.3897974103471369,True,low_bin_residual_mad
2024-04-21 20:09:00,-4.5302005,0.0,0.01024,False,False,False,0.01024,0.01024,False,False,0.017929999999999998,-0.007689999999999997,True,low_bin_residual_mad
2024-04-21 20:11:00,-4.415881,0.0,0.011519999999999999,False,False,False,0.011519999999999999,0.011519999999999999,False,False,0.017929999999999998,-0.006409999999999999,True,low_bin_residual_mad
2024-04-21 20:44:00,-3.8508873,0.0,0.0128,False,False,False,0.0128,0.0128,False,False,0.017929999999999998,-0.005129999999999997,True,low_bin_residual_mad
2024-04-21 21:09:00,-4.0675554,0.0,0.0128,False,False,False,0.0128,0.0128,False,False,0.017929999999999998,-0.005129999999999997,True,low_bin_residual_mad
2024-04-21 21:16:00,-4.0975847,0.0,0.00512,False,False,False,0.00512,0.00512,False,False,0.017929999999999998,-0.012809999999999998,True,low_bin_residual_mad
2024-04-21 21:17:00,-4.0083055,0.0,0.01024,False,False,False,0.01024,0.01024,False,False,0.017929999999999998,-0.007689999999999997,True,low_bin_residual_mad
2024-04-21 21:18:00,-4.0429645,0.0,0.01409,False,False,False,0.01409,0.01409,False,False,0.017929999999999998,-0.003839999999999998,True,low_bin_residual_mad
2024-04-21 23:04:00,-4.284982,0.0,0.007679999999999999,False,False,False,0.007679999999999999,0.007679999999999999,False,False,0.017929999999999998,-0.010249999999999999,True,low_bin_residual_mad
2024-04-22 02:45:00,-4.2311945,0.0,0.01024,False,False,False,0.01024,0.01024,False,False,0.017929999999999998,-0.007689999999999997,True,low_bin_residual_mad
2024-04-22 04:32:00,1.324655,1.324655,3.9558400000000002,False,False,False,3.9558400000000002,2.6311850000000003,False,False,3.9246043977478395,-1.2934193977478392,True,low_bin_residual_mad
2024-04-22 06:30:00,0.5831696,0.5831696,3.718519999999999,False,False,False,3.718519999999999,3.135350399999999,False,False,3.705259193872548,-0.5699087938725489,True,low_bin_residual_mad
2024-04-22 06:31:00,1.3600245,1.3600245,3.8081299999999993,False,False,False,3.8081299999999993,2.4481054999999996,False,False,3.7889516556189298,-1.3408461556189302,True,low_bin_residual_mad
2024-04-22 06:33:00,1.5006607,1.5006607,3.8363400000000003,False,False,False,3.8363400000000003,2.3356793000000002,False,False,3.8149481686449827,-1.4792688686449824,True,low_bin_residual_mad
2024-04-22 06:34:00,1.4463704,1.4463704,3.9469,False,False,False,3.9469,2.5005296,False,False,3.9164717911446885,-1.4159421911446883,True,low_bin_residual_mad
2024-04-22 06:35:00,1.6137245,1.6137245,3.7948999999999997,False,False,False,3.7948999999999997,2.1811754999999997,False,False,3.776759742562047,-1.5955842425620475,True,low_bin_residual_mad
2024-04-22 06:39:00,3.4822931,3.4822931,4.858980000000001,False,False,False,4.858980000000001,1.3766869000000006,False,False,3.16896560908575,-1.7922787090857493,True,low_bin_residual_mad
2024-04-22 07:18:00,1.9135213,1.9135213,4.07792,False,False,False,4.07792,2.1643986999999996,False,False,3.880177014497396,-1.7157783144973964,True,low_bin_residual_mad
2024-04-22 09:16:00,1.2511389,1.2511389,3.9152900000000006,False,False,False,3.9152900000000006,2.6641511000000007,False,False,3.887455401166684,-1.2233043011666833,True,low_bin_residual_mad
2024-04-22 09:18:00,1.2825006,1.2825006,3.895609999999999,False,False,False,3.895609999999999,2.613109399999999,False,False,3.86939015109496,-1.2562807510949612,True,low_bin_residual_mad
2024-04-22 10:08:00,0.0,0.0,2.83282,False,False,False,2.83282,2.83282,False,False,2.832727661282793,9.233871720670805e-05,True,low_bin_residual_mad
2024-04-22 10:21:00,-4.051097,0.0,0.015359999999999999,False,False,False,0.015359999999999999,0.015359999999999999,False,False,0.017929999999999998,-0.0025699999999999994,True,low_bin_residual_mad
2024-04-22 10:26:00,-4.597174,0.0,0.016649999999999998,False,False,False,0.016649999999999998,0.016649999999999998,False,False,0.017929999999999998,-0.0012799999999999999,True,low_bin_residual_mad
2024-04-22 10:27:00,-4.347077,0.0,0.011519999999999999,False,False,False,0.011519999999999999,0.011519999999999999,False,False,0.017929999999999998,-0.006409999999999999,True,low_bin_residual_mad
2024-04-22 10:29:00,-4.6125994,0.0,0.016649999999999998,False,False,False,0.016649999999999998,0.016649999999999998,False,False,0.017929999999999998,-0.0012799999999999999,True,low_bin_residual_mad
2024-04-22 10:30:00,-4.6747866,0.0,0.008960000000000001,False,False,False,0.008960000000000001,0.008960000000000001,False,False,0.017929999999999998,-0.008969999999999997,True,low_bin_residual_mad
2024-04-22 10:31:00,-4.7666736,0.0,0.01537,False,False,False,0.01537,0.01537,False,False,0.017929999999999998,-0.002559999999999998,True,low_bin_residual_mad
2024-04-22 10:32:00,-4.3849444,0.0,0.01024,False,False,False,0.01024,0.01024,False,False,0.017929999999999998,-0.007689999999999997,True,low_bin_residual_mad
2024-04-22 10:33:00,-4.2375164,0.0,0.011519999999999999,False,False,False,0.011519999999999999,0.011519999999999999,False,False,0.017929999999999998,-0.006409999999999999,True,low_bin_residual_mad
2024-04-22 10:36:00,-4.3760366,0.0,0.0128,False,False,False,0.0128,0.0128,False,False,0.017929999999999998,-0.005129999999999997,True,low_bin_residual_mad
2024-04-22 10:40:00,-4.3448105,0.0,0.008960000000000001,False,False,False,0.008960000000000001,0.008960000000000001,False,False,0.017929999999999998,-0.008969999999999997,True,low_bin_residual_mad
2024-04-22 10:41:00,-4.328597,0.0,0.00128,False,False,False,0.00128,0.00128,False,False,0.017929999999999998,-0.016649999999999998,True,low_bin_residual_mad
2024-04-22 10:44:00,-4.174114,0.0,2.9999999999999997e-05,False,False,False,2.9999999999999997e-05,2.9999999999999997e-05,False,False,0.017929999999999998,-0.0179,True,low_bin_residual_mad
2024-04-22 10:48:00,-4.2905445,0.0,2.9999999999999997e-05,False,False,False,2.9999999999999997e-05,2.9999999999999997e-05,False,False,0.017929999999999998,-0.0179,True,low_bin_residual_mad
2024-04-22 12:33:00,-4.0009613,0.0,2.9999999999999997e-05,False,False,False,2.9999999999999997e-05,2.9999999999999997e-05,False,False,0.017929999999999998,-0.0179,True,low_bin_residual_mad
2024-04-22 12:34:00,-4.090392,0.0,1e-05,False,False,False,1e-05,1e-05,False,False,0.017929999999999998,-0.01792,True,low_bin_residual_mad
2024-04-22 12:35:00,-3.911967,0.0,2.9999999999999997e-05,False,False,False,2.9999999999999997e-05,2.9999999999999997e-05,False,False,0.017929999999999998,-0.0179,True,low_bin_residual_mad
2024-04-22 12:36:00,-3.9518914,0.0,2.9999999999999997e-05,False,False,False,2.9999999999999997e-05,2.9999999999999997e-05,False,False,0.017929999999999998,-0.0179,True,low_bin_residual_mad
2024-04-22 12:38:00,-3.9227934,0.0,2e-05,False,False,False,2e-05,2e-05,False,False,0.017929999999999998,-0.01791,True,low_bin_residual_mad
2024-04-22 12:39:00,-4.0264797,0.0,2.9999999999999997e-05,False,False,False,2.9999999999999997e-05,2.9999999999999997e-05,False,False,0.017929999999999998,-0.0179,True,low_bin_residual_mad
2024-04-22 12:47:00,-3.9655595,0.0,2.9999999999999997e-05,False,False,False,2.9999999999999997e-05,2.9999999999999997e-05,False,False,0.017929999999999998,-0.0179,True,low_bin_residual_mad
2024-04-22 15:19:00,-4.146681,0.0,0.0038399999999999997,False,False,False,0.0038399999999999997,0.0038399999999999997,False,False,0.017929999999999998,-0.014089999999999998,True,low_bin_residual_mad
2024-04-22 17:11:00,-3.9466476,0.0,0.00128,False,False,False,0.00128,0.00128,False,False,0.017929999999999998,-0.016649999999999998,True,low_bin_residual_mad
2024-04-22 18:17:00,-3.9049892,0.0,0.016649999999999998,False,False,False,0.016649999999999998,0.016649999999999998,False,False,0.017929999999999998,-0.0012799999999999999,True,low_bin_residual_mad
2024-04-22 20:38:00,0.0,0.0,4.9465200000000005,False,False,False,4.9465200000000005,4.9465200000000005,False,False,3.191893302533278,1.7546266974667226,True,low_bin_residual_mad
2024-04-22 20:43:00,-0.6160359,0.0,3.0808400000000007,False,False,False,3.0808400000000007,3.0808400000000007,False,False,3.0804944755244765,0.00034552447552416155,True,low_bin_residual_mad
2024-04-22 21:02:00,-0.655255,0.0,3.09492,False,False,False,3.09492,3.09492,False,False,3.094422563436564,0.0004974365634362599,True,low_bin_residual_mad
2024-04-23 00:08:00,-0.7871206,0.0,2.84777,False,False,False,2.84777,2.84777,False,False,2.8477376790215665,3.232097843364201e-05,True,low_bin_residual_mad
2024-04-23 00:09:00,-0.7602432,0.0,2.8465000000000007,False,False,False,2.8465000000000007,2.8465000000000007,False,False,2.846462580524695,3.741947530588874e-05,True,low_bin_residual_mad
2024-04-23 00:20:00,0.0,0.0,3.0659,False,False,False,3.0659,3.0659,False,False,3.0657156663336664,0.0001843336663336359,True,low_bin_residual_mad
2024-04-23 00:53:00,1.3473326,1.3473326,3.8696199999999994,False,False,False,3.8696199999999994,2.5222873999999993,False,False,3.845532638424022,-1.3232452384240228,True,low_bin_residual_mad
2024-04-23 01:02:00,0.0,0.0,2.8029699999999993,False,False,False,2.8029699999999993,2.8029699999999993,False,False,2.80275782653347,0.0002121734665294639,True,low_bin_residual_mad
2024-04-23 02:16:00,0.0,0.0,3.0881200000000004,False,False,False,3.0881200000000004,3.0881200000000004,False,False,3.0876959300699305,0.0004240699300699369,True,low_bin_residual_mad
2024-04-23 02:17:00,0.0,0.0,3.090649999999999,False,False,False,3.090649999999999,3.090649999999999,False,False,3.0901986333666325,0.00045136663336631244,True,low_bin_residual_mad
2024-04-23 02:56:00,-4.0829,0.0,0.0038399999999999997,False,False,False,0.0038399999999999997,0.0038399999999999997,False,False,0.017929999999999998,-0.014089999999999998,True,low_bin_residual_mad
2024-04-23 02:57:00,-4.138185,0.0,0.008960000000000001,False,False,False,0.008960000000000001,0.008960000000000001,False,False,0.017929999999999998,-0.008969999999999997,True,low_bin_residual_mad
2024-04-23 02:58:00,-4.0986447,0.0,0.0038399999999999997,False,False,False,0.0038399999999999997,0.0038399999999999997,False,False,0.017929999999999998,-0.014089999999999998,True,low_bin_residual_mad
2024-04-23 07:19:00,-4.1430087,0.0,0.00512,False,False,False,0.00512,0.00512,False,False,0.017929999999999998,-0.012809999999999998,True,low_bin_residual_mad
2024-04-23 07:22:00,-4.00372,0.0,0.01024,False,False,False,0.01024,0.01024,False,False,0.017929999999999998,-0.007689999999999997,True,low_bin_residual_mad
2024-04-23 07:36:00,-3.9768054,0.0,0.0038399999999999997,False,False,False,0.0038399999999999997,0.0038399999999999997,False,False,0.017929999999999998,-0.014089999999999998,True,low_bin_residual_mad
2024-04-23 07:46:00,-4.192483,0.0,0.01024,False,False,False,0.01024,0.01024,False,False,0.017929999999999998,-0.007689999999999997,True,low_bin_residual_mad
2024-04-23 08:31:00,0.0,0.0,3.0705800000000005,False,False,False,3.0705800000000005,3.0705800000000005,False,False,3.0703451728271736,0.00023482717282696797,True,low_bin_residual_mad
2024-04-23 08:32:00,0.0,0.0,3.09879,False,False,False,3.09879,3.09879,False,False,3.0982508091908096,0.0005391908091905151,True,low_bin_residual_mad
2024-04-23 08:43:00,0.0,0.0,3.0603399999999996,False,False,False,3.0603399999999996,3.0603399999999996,False,False,3.060215654345654,0.0001243456543456034,True,low_bin_residual_mad
2024-04-23 08:49:00,0.62587786,0.62587786,3.765909999999999,False,False,False,3.765909999999999,3.140032139999999,False,False,3.750044431940804,-0.6100122919408051,True,low_bin_residual_mad
2024-04-23 09:50:00,0.5838111,0.5838111,3.23789,False,False,False,3.23789,2.6540789,False,False,3.2362272628344,-0.5821483628344,True,low_bin_residual_mad
2024-04-23 09:57:00,0.0,0.0,3.08512,False,False,False,3.08512,3.08512,False,False,3.0847282977022976,0.0003917022977022455,True,low_bin_residual_mad
2024-04-23 11:02:00,0.0,0.0,3.0573699999999993,False,False,False,3.0573699999999993,3.0573699999999993,False,False,3.057277698301698,9.230169830143353e-05,True,low_bin_residual_mad
2024-04-23 15:11:00,-4.56934,0.0,0.00256,False,False,False,0.00256,0.00256,False,False,0.017929999999999998,-0.015369999999999998,True,low_bin_residual_mad
2024-04-23 15:15:00,-4.427836,0.0,0.01024,False,False,False,0.01024,0.01024,False,False,0.017929999999999998,-0.007689999999999997,True,low_bin_residual_mad
2024-04-23 15:21:00,-4.2073355,0.0,0.01024,False,False,False,0.01024,0.01024,False,False,0.017929999999999998,-0.007689999999999997,True,low_bin_residual_mad
2024-04-23 15:57:00,0.0,0.0,3.0940599999999994,False,False,False,3.0940599999999994,3.0940599999999994,False,False,3.0935718421578415,0.00048815784215783253,True,low_bin_residual_mad
2024-04-23 16:04:00,0.0,0.0,2.81448,False,False,False,2.81448,2.81448,False,False,2.814314034170479,0.00016596582952121963,True,low_bin_residual_mad
2024-04-24 02:11:00,-0.5942632,0.0,3.07956,False,False,False,3.07956,3.07956,False,False,3.0792282857142856,0.000331714285714213,True,low_bin_residual_mad
2024-04-24 02:31:00,1.316585,1.316585,3.9635000000000007,False,False,False,3.9635000000000007,2.646915000000001,False,False,3.931525815403179,-1.2846108154031781,True,low_bin_residual_mad
2024-04-24 02:44:00,0.5888783,0.5888783,3.8376000000000015,False,False,False,3.8376000000000015,3.2487217000000017,False,False,3.81610930322183,-0.5673876032218281,True,low_bin_residual_mad
2024-04-24 02:45:00,0.6140273,0.6140273,3.7992099999999986,False,False,False,3.7992099999999986,3.1851826999999986,False,False,3.780731560043162,-0.5955488600431633,True,low_bin_residual_mad
2024-04-24 03:22:00,1.3721349,1.3721349,3.5272700000000006,False,False,False,3.5272700000000006,2.1551351000000007,False,False,3.5188762520738037,-1.363741152073803,True,low_bin_residual_mad
2024-04-24 13:08:00,-3.949623,0.0,0.0128,False,False,False,0.0128,0.0128,False,False,0.017929999999999998,-0.005129999999999997,True,low_bin_residual_mad
2024-04-24 13:12:00,-4.2297564,0.0,0.00256,False,False,False,0.00256,0.00256,False,False,0.017929999999999998,-0.015369999999999998,True,low_bin_residual_mad
2024-04-24 14:57:00,-3.635141,0.0,0.011519999999999999,False,False,False,0.011519999999999999,0.011519999999999999,False,False,0.017929999999999998,-0.006409999999999999,True,low_bin_residual_mad
2024-04-24 15:00:00,-4.02277,0.0,0.011519999999999999,False,False,False,0.011519999999999999,0.011519999999999999,False,False,0.017929999999999998,-0.006409999999999999,True,low_bin_residual_mad
2024-04-24 15:24:00,-4.034353,0.0,0.00512,False,False,False,0.00512,0.00512,False,False,0.017929999999999998,-0.012809999999999998,True,low_bin_residual_mad
2024-04-24 15:47:00,-4.1087685,0.0,0.007679999999999999,False,False,False,0.007679999999999999,0.007679999999999999,False,False,0.017929999999999998,-0.010249999999999999,True,low_bin_residual_mad
2024-04-24 16:56:00,-3.8972669,0.0,0.01024,False,False,False,0.01024,0.01024,False,False,0.017929999999999998,-0.007689999999999997,True,low_bin_residual_mad
2024-04-24 17:25:00,-4.1005297,0.0,0.008960000000000001,False,False,False,0.008960000000000001,0.008960000000000001,False,False,0.017929999999999998,-0.008969999999999997,True,low_bin_residual_mad
2024-04-24 17:26:00,-3.8816385,0.0,0.008960000000000001,False,False,False,0.008960000000000001,0.008960000000000001,False,False,0.017929999999999998,-0.008969999999999997,True,low_bin_residual_mad
2024-04-24 17:27:00,-4.07724,0.0,0.0064,False,False,False,0.0064,0.0064,False,False,0.017929999999999998,-0.011529999999999999,True,low_bin_residual_mad
2024-04-24 17:28:00,-4.4043117,0.0,0.01537,False,False,False,0.01537,0.01537,False,False,0.017929999999999998,-0.002559999999999998,True,low_bin_residual_mad
2024-04-24 17:29:00,-3.854416,0.0,0.0128,False,False,False,0.0128,0.0128,False,False,0.017929999999999998,-0.005129999999999997,True,low_bin_residual_mad
2024-04-24 18:34:00,0.0,0.0,2.8021100000000008,False,False,False,2.8021100000000008,2.8021100000000008,False,False,2.8018943740080298,0.0002156259919710024,True,low_bin_residual_mad
2024-04-24 18:39:00,1.2166537,1.2166537,3.7697299999999996,False,False,False,3.7697299999999996,2.5530763,False,False,3.7535646970864804,-1.2004883970864806,True,low_bin_residual_mad
2024-04-24 18:54:00,1.3901554,1.3901554,3.996819999999999,False,False,False,3.996819999999999,2.6066645999999993,False,False,3.9616330786245726,-1.3549684786245733,True,low_bin_residual_mad
2024-04-24 18:59:00,1.3129872,1.3129872,3.9323699999999993,False,False,False,3.9323699999999993,2.6193827999999995,False,False,3.9031339820216124,-1.283751182021613,True,low_bin_residual_mad
2024-04-24 19:00:00,0.5806199,0.5806199,3.5298700000000007,False,False,False,3.5298700000000007,2.949250100000001,False,False,3.521308155949929,-0.572058055949928,True,low_bin_residual_mad
2024-04-27 06:17:00,-0.7279005,0.0,2.81664,False,False,False,2.81664,2.81664,False,False,2.8164827056297264,0.0001572943702736751,True,low_bin_residual_mad
2024-04-27 06:58:00,-4.533536,0.0,0.011519999999999999,False,False,False,0.011519999999999999,0.011519999999999999,False,False,0.017929999999999998,-0.006409999999999999,True,low_bin_residual_mad
2024-04-27 07:01:00,-4.68389,0.0,0.00256,False,False,False,0.00256,0.00256,False,False,0.017929999999999998,-0.015369999999999998,True,low_bin_residual_mad
2024-04-27 07:06:00,-4.4491644,0.0,0.01408,False,False,False,0.01408,0.01408,False,False,0.017929999999999998,-0.0038499999999999975,True,low_bin_residual_mad
2024-04-27 07:09:00,-4.6597486,0.0,0.016640000000000002,False,False,False,0.016640000000000002,0.016640000000000002,False,False,0.017929999999999998,-0.001289999999999996,True,low_bin_residual_mad
2024-04-27 07:10:00,-4.6445932,0.0,0.01152,False,False,False,0.01152,0.01152,False,False,0.017929999999999998,-0.006409999999999997,True,low_bin_residual_mad
2024-04-27 07:12:00,-4.607741,0.0,0.00256,False,False,False,0.00256,0.00256,False,False,0.017929999999999998,-0.015369999999999998,True,low_bin_residual_mad
2024-04-27 07:15:00,-4.598304,0.0,0.00128,False,False,False,0.00128,0.00128,False,False,0.017929999999999998,-0.016649999999999998,True,low_bin_residual_mad
2024-05-01 15:56:00,0.0,0.0,4.88675,False,False,False,4.88675,4.88675,False,False,3.1762388789856564,1.7105111210143438,True,low_bin_residual_mad
2024-05-01 16:07:00,0.6057559,0.6057559,3.8602100000000004,False,False,False,3.8602100000000004,3.2544541000000002,False,False,3.836894731758631,-0.5824406317586308,True,low_bin_residual_mad
2024-05-01 22:37:00,0.0,0.0,4.870949999999999,False,False,False,4.870949999999999,4.870949999999999,False,False,3.172100684372097,1.6988493156279016,True,low_bin_residual_mad
2024-05-01 23:05:00,-4.046567,0.0,0.016640000000000002,False,False,False,0.016640000000000002,0.016640000000000002,False,False,0.017929999999999998,-0.001289999999999996,True,low_bin_residual_mad
2024-05-01 23:10:00,-4.498277,0.0,0.01409,False,False,False,0.01409,0.01409,False,False,0.017929999999999998,-0.003839999999999998,True,low_bin_residual_mad
2024-05-02 01:57:00,-4.460759,0.0,0.007679999999999999,False,False,False,0.007679999999999999,0.007679999999999999,False,False,0.017929999999999998,-0.010249999999999999,True,low_bin_residual_mad
2024-05-02 01:59:00,-4.3567743,0.0,0.007679999999999999,False,False,False,0.007679999999999999,0.007679999999999999,False,False,0.017929999999999998,-0.010249999999999999,True,low_bin_residual_mad
2024-05-02 02:00:00,-4.3021817,0.0,0.007679999999999999,False,False,False,0.007679999999999999,0.007679999999999999,False,False,0.017929999999999998,-0.010249999999999999,True,low_bin_residual_mad
2024-05-02 02:01:00,-4.3799024,0.0,0.0128,False,False,False,0.0128,0.0128,False,False,0.017929999999999998,-0.005129999999999997,True,low_bin_residual_mad
2024-05-02 02:02:00,-4.177685,0.0,0.0064,False,False,False,0.0064,0.0064,False,False,0.017929999999999998,-0.011529999999999999,True,low_bin_residual_mad
2024-05-02 02:03:00,-4.1820474,0.0,0.0128,False,False,False,0.0128,0.0128,False,False,0.017929999999999998,-0.005129999999999997,True,low_bin_residual_mad
2024-05-02 03:08:00,1.347765,1.347765,3.8559699999999997,False,False,False,3.8559699999999997,2.5082049999999994,False,False,3.833002625035861,-1.3247976250358615,True,low_bin_residual_mad
2024-05-02 03:20:00,0.6472709,0.6472709,3.83075,False,False,False,3.83075,3.1834791,False,False,3.8097967858794513,-0.6263176858794512,True,low_bin_residual_mad
2024-05-02 03:24:00,0.0,0.0,3.0940700000000003,False,False,False,3.0940700000000003,3.0940700000000003,False,False,3.093581734265735,0.000488265734265525,True,low_bin_residual_mad
2024-05-02 03:28:00,0.0,0.0,2.82431,False,False,False,2.82431,2.82431,False,False,2.824183497339184,0.0001265026608159303,True,low_bin_residual_mad
2024-05-02 05:31:00,0.0,0.0,3.0821400000000003,False,False,False,3.0821400000000003,3.0821400000000003,False,False,3.08178044955045,0.0003595504495503832,True,low_bin_residual_mad
2024-05-02 06:55:00,0.0,0.0,2.80169,False,False,False,2.80169,2.80169,False,False,2.801472687890953,0.00021731210904674114,True,low_bin_residual_mad
2024-05-02 07:20:00,-4.343051,0.0,0.01024,False,False,False,0.01024,0.01024,False,False,0.017929999999999998,-0.007689999999999997,True,low_bin_residual_mad
2024-05-02 07:29:00,-4.404905,0.0,0.00256,False,False,False,0.00256,0.00256,False,False,0.017929999999999998,-0.015369999999999998,True,low_bin_residual_mad
2024-05-02 07:42:00,-4.2857604,0.0,0.008960000000000001,False,False,False,0.008960000000000001,0.008960000000000001,False,False,0.017929999999999998,-0.008969999999999997,True,low_bin_residual_mad
2024-05-02 07:43:00,-4.2804823,0.0,0.016649999999999998,False,False,False,0.016649999999999998,0.016649999999999998,False,False,0.017929999999999998,-0.0012799999999999999,True,low_bin_residual_mad
2024-05-02 07:59:00,0.0,0.0,3.09876,False,False,False,3.09876,3.09876,False,False,3.098221132867133,0.0005388671328669936,True,low_bin_residual_mad
2024-05-02 08:02:00,0.0,0.0,2.8234399999999997,False,False,False,2.8234399999999997,2.8234399999999997,False,False,2.823310004668098,0.00012999533190161117,True,low_bin_residual_mad
2024-05-02 08:35:00,0.0,0.0,2.8038300000000005,False,False,False,2.8038300000000005,2.8038300000000005,False,False,2.803621279058912,0.00020872094108836947,True,low_bin_residual_mad
2024-05-02 11:02:00,0.0,0.0,3.0736,False,False,False,3.0736,3.0736,False,False,3.0733325894105894,0.00026741058941048834,True,low_bin_residual_mad
2024-05-02 11:03:00,0.0,0.0,2.83967,False,False,False,2.83967,2.83967,False,False,2.839605161049388,6.483895061171197e-05,True,low_bin_residual_mad
2024-05-02 11:46:00,-4.159083,0.0,0.011519999999999999,False,False,False,0.011519999999999999,0.011519999999999999,False,False,0.017929999999999998,-0.006409999999999999,True,low_bin_residual_mad
2024-05-02 11:49:00,-4.460103,0.0,0.0128,False,False,False,0.0128,0.0128,False,False,0.017929999999999998,-0.005129999999999997,True,low_bin_residual_mad
2024-05-02 11:50:00,-4.173499,0.0,0.015359999999999999,False,False,False,0.015359999999999999,0.015359999999999999,False,False,0.017929999999999998,-0.0025699999999999994,True,low_bin_residual_mad
2024-05-02 12:31:00,-4.368081,0.0,0.0038399999999999997,False,False,False,0.0038399999999999997,0.0038399999999999997,False,False,0.017929999999999998,-0.014089999999999998,True,low_bin_residual_mad
2024-05-02 12:33:00,-4.6115084,0.0,0.016649999999999998,False,False,False,0.016649999999999998,0.016649999999999998,False,False,0.017929999999999998,-0.0012799999999999999,True,low_bin_residual_mad
2024-05-02 12:34:00,-4.3412404,0.0,0.008960000000000001,False,False,False,0.008960000000000001,0.008960000000000001,False,False,0.017929999999999998,-0.008969999999999997,True,low_bin_residual_mad
2024-05-02 15:46:00,-4.0892634,0.0,0.016649999999999998,False,False,False,0.016649999999999998,0.016649999999999998,False,False,0.017929999999999998,-0.0012799999999999999,True,low_bin_residual_mad
2024-05-02 15:48:00,-4.046414,0.0,0.01409,False,False,False,0.01409,0.01409,False,False,0.017929999999999998,-0.003839999999999998,True,low_bin_residual_mad
2024-05-02 16:15:00,0.0,0.0,2.8315699999999997,False,False,False,2.8315699999999997,2.8315699999999997,False,False,2.83147264307721,9.735692278978192e-05,True,low_bin_residual_mad
2024-05-02 16:58:00,0.7006899,0.7006899,3.6655600000000006,False,False,False,3.6655600000000006,2.9648701000000006,False,False,3.6545084566176476,-0.6896383566176469,True,low_bin_residual_mad
2024-05-02 17:53:00,0.0,0.0,2.80043,False,False,False,2.80043,2.80043,False,False,2.8002076295397256,0.00022237046027440144,True,low_bin_residual_mad
2024-05-02 17:56:00,0.0,0.0,2.8285900000000006,False,False,False,2.8285900000000006,2.8285900000000006,False,False,2.828480679675101,0.00010932032489963106,True,low_bin_residual_mad
2024-05-02 17:57:00,0.0,0.0,3.0808300000000006,False,False,False,3.0808300000000006,3.0808300000000006,False,False,3.080484583416584,0.0003454165834164691,True,low_bin_residual_mad
2024-05-02 17:59:00,0.0,0.0,3.0970499999999994,False,False,False,3.0970499999999994,3.0970499999999994,False,False,3.096529582417582,0.0005204175824173873,True,low_bin_residual_mad
2024-05-02 18:07:00,0.5998863,0.5998863,3.33992,False,False,False,3.33992,2.7400337,False,False,3.3393417424689904,-0.5993080424689903,True,low_bin_residual_mad
2024-05-02 18:09:00,0.6215236,0.6215236,3.4346799999999993,False,False,False,3.4346799999999993,2.8131563999999996,False,False,3.43173075032406,-0.6185743503240606,True,low_bin_residual_mad
2024-05-02 18:14:00,0.67465967,0.67465967,3.6737200000000008,False,False,False,3.6737200000000008,2.9990603300000007,False,False,3.6623280566176475,-0.6632677266176468,True,low_bin_residual_mad
2024-05-02 18:15:00,0.5999697,0.5999697,3.5571700000000006,False,False,False,3.5571700000000006,2.9572003000000007,False,False,3.5473052619683596,-0.5901049619683589,True,low_bin_residual_mad
2024-05-02 18:34:00,0.0,0.0,2.828580000000001,False,False,False,2.828580000000001,2.828580000000001,False,False,2.8284706395294568,0.00010936047054421749,True,low_bin_residual_mad
2024-05-02 18:39:00,0.6186735,0.6186735,3.7543599999999997,False,False,False,3.7543599999999997,3.1356865,False,False,3.739400698319716,-0.6037141983197163,True,low_bin_residual_mad
2024-05-02 19:43:00,0.0,0.0,2.8016900000000002,False,False,False,2.8016900000000002,2.8016900000000002,False,False,2.8014726878909535,0.00021731210904674114,True,low_bin_residual_mad
2024-05-02 20:06:00,0.0,0.0,2.8422399999999994,False,False,False,2.8422399999999994,2.8422399999999994,False,False,2.8421854784800664,5.452151993301513e-05,True,low_bin_residual_mad
2024-05-02 22:25:00,0.0,0.0,3.0863700000000005,False,False,False,3.0863700000000005,3.0863700000000005,False,False,3.085964811188812,0.00040518881118867256,True,low_bin_residual_mad
2024-05-03 00:21:00,0.0,0.0,2.8465200000000004,False,False,False,2.8465200000000004,2.8465200000000004,False,False,2.846482660815984,3.733918401627179e-05,True,low_bin_residual_mad
2024-05-03 02:12:00,-4.4729514,0.0,0.01537,False,False,False,0.01537,0.01537,False,False,0.017929999999999998,-0.002559999999999998,True,low_bin_residual_mad
2024-05-03 02:34:00,-4.2606115,0.0,0.00512,False,False,False,0.00512,0.00512,False,False,0.017929999999999998,-0.012809999999999998,True,low_bin_residual_mad
2024-05-03 02:36:00,-4.398616,0.0,0.0064,False,False,False,0.0064,0.0064,False,False,0.017929999999999998,-0.011529999999999999,True,low_bin_residual_mad
2024-05-03 02:38:00,-4.226351,0.0,0.007679999999999999,False,False,False,0.007679999999999999,0.007679999999999999,False,False,0.017929999999999998,-0.010249999999999999,True,low_bin_residual_mad
2024-05-03 03:14:00,-4.3564267,0.0,0.0038399999999999997,False,False,False,0.0038399999999999997,0.0038399999999999997,False,False,0.017929999999999998,-0.014089999999999998,True,low_bin_residual_mad
2024-05-03 03:19:00,-4.28873,0.0,0.016649999999999998,False,False,False,0.016649999999999998,0.016649999999999998,False,False,0.017929999999999998,-0.0012799999999999999,True,low_bin_residual_mad
2024-05-03 03:21:00,-4.658652,0.0,0.0128,False,False,False,0.0128,0.0128,False,False,0.017929999999999998,-0.005129999999999997,True,low_bin_residual_mad
2024-05-03 03:51:00,-4.4600577,0.0,0.0064,False,False,False,0.0064,0.0064,False,False,0.017929999999999998,-0.011529999999999999,True,low_bin_residual_mad
2024-05-03 03:59:00,-4.4150367,0.0,0.0038399999999999997,False,False,False,0.0038399999999999997,0.0038399999999999997,False,False,0.017929999999999998,-0.014089999999999998,True,low_bin_residual_mad
2024-05-03 05:04:00,-0.60292375,0.0,3.07189,False,False,False,3.07189,3.07189,False,False,3.071641038961039,0.00024896103896088206,True,low_bin_residual_mad
2024-05-03 05:05:00,0.0,0.0,3.0910699999999993,False,False,False,3.0910699999999993,3.0910699999999993,False,False,3.0906141018981015,0.00045589810189783364,True,low_bin_residual_mad
2024-05-03 05:16:00,0.0,0.0,2.8350099999999987,False,False,False,2.8350099999999987,2.8350099999999987,False,False,2.8349264531789737,8.354682102496014e-05,True,low_bin_residual_mad
2024-05-03 06:52:00,-0.60625964,0.0,3.0603400000000005,False,False,False,3.0603400000000005,3.0603400000000005,False,False,3.060215654345655,0.0001243456543456034,True,low_bin_residual_mad
2024-05-03 11:04:00,0.0,0.0,3.0829899999999997,False,False,False,3.0829899999999997,3.0829899999999997,False,False,3.0826212787212786,0.00036872127872111804,True,low_bin_residual_mad
2024-05-03 12:18:00,0.0,0.0,4.957999999999999,False,False,False,4.957999999999999,4.957999999999999,False,False,3.1945302476260076,1.7634697523739917,True,low_bin_residual_mad
2024-05-03 12:25:00,0.0,0.0,3.09194,False,False,False,3.09194,3.09194,False,False,3.0914747152847157,0.0004652847152843975,True,low_bin_residual_mad
2024-05-03 12:29:00,0.0,0.0,3.074,False,False,False,3.074,3.074,False,False,3.0737282737262737,0.0002717262737261805,True,low_bin_residual_mad
2024-05-03 13:25:00,0.0,0.0,2.80296,False,False,False,2.80296,2.80296,False,False,2.8027477863878256,0.00021221361217449441,True,low_bin_residual_mad
2024-05-03 14:15:00,0.0,0.0,2.81067,False,False,False,2.81067,2.81067,False,False,2.810488738679862,0.00018126132013795981,True,low_bin_residual_mad
2024-05-03 14:54:00,-4.199887,0.0,0.0128,False,False,False,0.0128,0.0128,False,False,0.017929999999999998,-0.005129999999999997,True,low_bin_residual_mad
2024-05-03 15:01:00,-3.8976746,0.0,0.00768,False,False,False,0.00768,0.00768,False,False,0.017929999999999998,-0.010249999999999999,True,low_bin_residual_mad
2024-05-03 15:03:00,-4.195008,0.0,0.016649999999999998,False,False,False,0.016649999999999998,0.016649999999999998,False,False,0.017929999999999998,-0.0012799999999999999,True,low_bin_residual_mad
2024-05-03 16:01:00,0.0,0.0,3.07486,False,False,False,3.07486,3.07486,False,False,3.074578995004995,0.00028100499500505194,True,low_bin_residual_mad
2024-05-05 18:26:00,-4.175954,0.0,0.00128,False,False,False,0.00128,0.00128,False,False,0.017929999999999998,-0.016649999999999998,True,low_bin_residual_mad
2024-05-05 18:27:00,-4.2002983,0.0,0.0128,False,False,False,0.0128,0.0128,False,False,0.017929999999999998,-0.005129999999999997,True,low_bin_residual_mad
2024-05-05 21:16:00,-4.0372458,0.0,0.01537,False,False,False,0.01537,0.01537,False,False,0.017929999999999998,-0.002559999999999998,True,low_bin_residual_mad
2024-05-05 21:28:00,-4.3407106,0.0,0.01024,False,False,False,0.01024,0.01024,False,False,0.017929999999999998,-0.007689999999999997,True,low_bin_residual_mad
2024-05-05 22:10:00,-0.65647006,0.0,2.8029699999999997,False,False,False,2.8029699999999997,2.8029699999999997,False,False,2.8027578265334703,0.0002121734665294639,True,low_bin_residual_mad
2024-05-05 22:47:00,1.2128208,1.2128208,3.9089000000000005,False,False,False,3.9089000000000005,2.6960792000000007,False,False,3.8815897025915667,-1.185510502591566,True,low_bin_residual_mad
2024-05-05 23:38:00,0.5845027,0.5845027,3.9618099999999994,False,False,False,3.9618099999999994,3.377307299999999,False,False,3.929998766338227,-0.5526914663382279,True,low_bin_residual_mad
2024-05-06 21:19:00,1.202733,1.202733,3.77957,False,False,False,3.77957,2.5768370000000003,False,False,3.762632605210421,-1.1857956052104206,True,low_bin_residual_mad
2024-05-06 23:52:00,-4.268339,0.0,0.00128,False,False,False,0.00128,0.00128,False,False,0.017929999999999998,-0.016649999999999998,True,low_bin_residual_mad
2024-05-07 01:05:00,-4.51868,0.0,0.01024,False,False,False,0.01024,0.01024,False,False,0.017929999999999998,-0.007689999999999997,True,low_bin_residual_mad
2024-05-07 01:06:00,-4.7542715,0.0,0.0038399999999999997,False,False,False,0.0038399999999999997,0.0038399999999999997,False,False,0.017929999999999998,-0.014089999999999998,True,low_bin_residual_mad
2024-05-07 01:21:00,-4.2398157,0.0,0.00256,False,False,False,0.00256,0.00256,False,False,0.017929999999999998,-0.015369999999999998,True,low_bin_residual_mad
2024-05-07 01:22:00,-4.21067,0.0,0.008960000000000001,False,False,False,0.008960000000000001,0.008960000000000001,False,False,0.017929999999999998,-0.008969999999999997,True,low_bin_residual_mad
2024-05-07 01:23:00,-4.2727156,0.0,0.011519999999999999,False,False,False,0.011519999999999999,0.011519999999999999,False,False,0.017929999999999998,-0.006409999999999999,True,low_bin_residual_mad
2024-05-07 01:26:00,-4.561927,0.0,0.00128,False,False,False,0.00128,0.00128,False,False,0.017929999999999998,-0.016649999999999998,True,low_bin_residual_mad
2024-05-07 01:29:00,-4.9634724,0.0,0.01024,False,False,False,0.01024,0.01024,False,False,0.017929999999999998,-0.007689999999999997,True,low_bin_residual_mad
2024-05-07 01:30:00,-4.815597,0.0,0.011519999999999999,False,False,False,0.011519999999999999,0.011519999999999999,False,False,0.017929999999999998,-0.006409999999999999,True,low_bin_residual_mad
2024-05-07 13:37:00,0.0,0.0,2.82406,False,False,False,2.82406,2.82406,False,False,2.8239324936980674,0.00012750630193236745,True,low_bin_residual_mad
2024-05-07 13:40:00,-0.7088523,0.0,2.83512,False,False,False,2.83512,2.83512,False,False,2.8350368947810662,8.310521893362122e-05,True,low_bin_residual_mad
2024-05-07 13:41:00,0.0,0.0,3.06602,False,False,False,3.06602,3.06602,False,False,3.065834371628372,0.00018562837162816592,True,low_bin_residual_mad
2024-05-07 13:42:00,0.0,0.0,3.0650600000000003,False,False,False,3.0650600000000003,3.0650600000000003,False,False,3.0648847292707297,0.0001752707292705935,True,low_bin_residual_mad
2024-05-07 14:32:00,0.0,0.0,2.813230000000001,False,False,False,2.813230000000001,2.813230000000001,False,False,2.813059015964897,0.0001709840351038494,True,low_bin_residual_mad
2024-05-07 14:36:00,0.0,0.0,2.8477799999999998,False,False,False,2.8477799999999998,2.8477799999999998,False,False,2.847747719167211,3.228083278861149e-05,True,low_bin_residual_mad
2024-05-07 14:38:00,0.0,0.0,3.0694000000000004,False,False,False,3.0694000000000004,3.0694000000000004,False,False,3.0691779040959046,0.00022209590409572044,True,low_bin_residual_mad
2024-05-07 14:43:00,0.0,0.0,3.07272,False,False,False,3.07272,3.07272,False,False,3.072462083916084,0.0002579160839157879,True,low_bin_residual_mad
2024-05-07 14:46:00,-0.65923226,0.0,2.82112,False,False,False,2.82112,2.82112,False,False,2.820980690878536,0.00013930912146387087,True,low_bin_residual_mad
2024-05-07 14:51:00,0.0,0.0,2.8248599999999997,False,False,False,2.8248599999999997,2.8248599999999997,False,False,2.8247357053496405,0.0001242946503592357,True,low_bin_residual_mad
2024-05-07 15:31:00,1.2751076,1.2751076,3.8248000000000006,False,False,False,3.8248000000000006,2.5496924000000005,False,False,3.804313650377679,-1.2546212503776784,True,low_bin_residual_mad
2024-05-08 00:31:00,0.6280338,0.6280338,3.8017200000000004,False,False,False,3.8017200000000004,3.1736862000000006,False,False,3.7830446138430713,-0.6093584138430708,True,low_bin_residual_mad
2024-05-08 00:36:00,0.0,0.0,2.8059499999999997,False,False,False,2.8059499999999997,2.8059499999999997,False,False,2.80574978993558,0.00020021006441961475,True,low_bin_residual_mad
2024-05-08 00:50:00,-0.66143954,0.0,2.82433,False,False,False,2.82433,2.82433,False,False,2.824203577630473,0.00012642236952675745,True,low_bin_residual_mad
2024-05-08 01:22:00,-0.58543575,0.0,2.8119300000000007,False,False,False,2.8119300000000007,2.8119300000000007,False,False,2.8117537970310904,0.00017620296891029952,True,low_bin_residual_mad
2024-05-08 01:24:00,-0.64808583,0.0,2.81961,False,False,False,2.81961,2.81961,False,False,2.8194646288861915,0.0001453711138084124,True,low_bin_residual_mad
2024-05-08 14:13:00,0.0,0.0,3.08467,False,False,False,3.08467,3.08467,False,False,3.084283152847153,0.00038684715284720284,True,low_bin_residual_mad
2024-05-08 15:12:00,-4.1112046,0.0,0.0001,False,False,False,0.0001,0.0001,False,False,0.017929999999999998,-0.01783,True,low_bin_residual_mad
2024-05-08 15:13:00,-4.2022877,0.0,0.00013000000000000002,False,False,False,0.00013000000000000002,0.00013000000000000002,False,False,0.017929999999999998,-0.017799999999999996,True,low_bin_residual_mad
2024-05-08 15:14:00,-4.139529,0.0,2e-05,False,False,False,2e-05,2e-05,False,False,0.017929999999999998,-0.01791,True,low_bin_residual_mad
2024-05-08 15:15:00,-4.164958,0.0,4e-05,False,False,False,4e-05,4e-05,False,False,0.017929999999999998,-0.01789,True,low_bin_residual_mad
2024-05-08 15:16:00,-4.2347884,0.0,1e-05,False,False,False,1e-05,1e-05,False,False,0.017929999999999998,-0.01792,True,low_bin_residual_mad
2024-05-08 15:17:00,-4.1279726,0.0,0.00014000000000000001,False,False,False,0.00014000000000000001,0.00014000000000000001,False,False,0.017929999999999998,-0.017789999999999997,True,low_bin_residual_mad
2024-05-08 15:18:00,-4.271471,0.0,0.00014000000000000001,False,False,False,0.00014000000000000001,0.00014000000000000001,False,False,0.017929999999999998,-0.017789999999999997,True,low_bin_residual_mad
2024-05-08 15:19:00,-4.102538,0.0,0.0001,False,False,False,0.0001,0.0001,False,False,0.017929999999999998,-0.01783,True,low_bin_residual_mad
2024-05-08 15:20:00,-4.102538,0.0,0.0001,False,False,False,0.0001,0.0001,False,False,0.017929999999999998,-0.01783,True,low_bin_residual_mad
2024-05-08 15:21:00,-4.214116,0.0,8.999999999999999e-05,False,False,False,8.999999999999999e-05,8.999999999999999e-05,False,False,0.017929999999999998,-0.017839999999999998,True,low_bin_residual_mad
2024-05-08 15:22:00,-4.1564755,0.0,0.00013000000000000002,False,False,False,0.00013000000000000002,0.00013000000000000002,False,False,0.017929999999999998,-0.017799999999999996,True,low_bin_residual_mad
2024-05-08 15:23:00,-3.9074154,0.0,0.0002,False,False,False,0.0002,0.0002,False,False,0.017929999999999998,-0.01773,True,low_bin_residual_mad
2024-05-08 15:24:00,-4.050497,0.0,8.999999999999999e-05,False,False,False,8.999999999999999e-05,8.999999999999999e-05,False,False,0.017929999999999998,-0.017839999999999998,True,low_bin_residual_mad
2024-05-08 15:25:00,-4.1237044,0.0,0.00017999999999999998,False,False,False,0.00017999999999999998,0.00017999999999999998,False,False,0.017929999999999998,-0.01775,True,low_bin_residual_mad
2024-05-08 15:27:00,-4.1254272,0.0,0.00020999999999999998,False,False,False,0.00020999999999999998,0.00020999999999999998,False,False,0.017929999999999998,-0.01772,True,low_bin_residual_mad
2024-05-08 15:28:00,-3.9740753,0.0,0.00015,False,False,False,0.00015,0.00015,False,False,0.017929999999999998,-0.017779999999999997,True,low_bin_residual_mad
2024-05-08 15:29:00,-4.0522532,0.0,0.00025,False,False,False,0.00025,0.00025,False,False,0.017929999999999998,-0.017679999999999998,True,low_bin_residual_mad
2024-05-08 15:30:00,-4.0409565,0.0,4e-05,False,False,False,4e-05,4e-05,False,False,0.017929999999999998,-0.01789,True,low_bin_residual_mad
2024-05-08 15:31:00,-4.0064616,0.0,0.0001,False,False,False,0.0001,0.0001,False,False,0.017929999999999998,-0.01783,True,low_bin_residual_mad
2024-05-08 15:33:00,-4.0856457,0.0,0.00011999999999999999,False,False,False,0.00011999999999999999,0.00011999999999999999,False,False,0.017929999999999998,-0.01781,True,low_bin_residual_mad
2024-05-08 15:34:00,-4.105549,0.0,0.00017,False,False,False,0.00017,0.00017,False,False,0.017929999999999998,-0.017759999999999998,True,low_bin_residual_mad
2024-05-08 15:36:00,-4.141032,0.0,0.01433,False,False,False,0.01433,0.01433,False,False,0.017929999999999998,-0.0035999999999999973,True,low_bin_residual_mad
2024-05-08 15:43:00,-4.3341236,0.0,0.00023999999999999998,False,False,False,0.00023999999999999998,0.00023999999999999998,False,False,0.017929999999999998,-0.017689999999999997,True,low_bin_residual_mad
2024-05-08 15:44:00,-4.241188,0.0,0.00026000000000000003,False,False,False,0.00026000000000000003,0.00026000000000000003,False,False,0.017929999999999998,-0.017669999999999998,True,low_bin_residual_mad
2024-05-08 15:45:00,-4.273735,0.0,0.00022,False,False,False,0.00022,0.00022,False,False,0.017929999999999998,-0.017709999999999997,True,low_bin_residual_mad
2024-05-08 15:46:00,-4.3185945,0.0,0.00028000000000000003,False,False,False,0.00028000000000000003,0.00028000000000000003,False,False,0.017929999999999998,-0.01765,True,low_bin_residual_mad
2024-05-08 15:47:00,-4.3347926,0.0,0.00019,False,False,False,0.00019,0.00019,False,False,0.017929999999999998,-0.01774,True,low_bin_residual_mad
2024-05-08 15:49:00,-4.2440596,0.0,0.00019,False,False,False,0.00019,0.00019,False,False,0.017929999999999998,-0.01774,True,low_bin_residual_mad
2024-05-08 15:50:00,-4.1812778,0.0,4e-05,False,False,False,4e-05,4e-05,False,False,0.017929999999999998,-0.01789,True,low_bin_residual_mad
2024-05-08 15:51:00,-3.984059,0.0,0.00016,False,False,False,0.00016,0.00016,False,False,0.017929999999999998,-0.017769999999999998,True,low_bin_residual_mad
2024-05-08 15:53:00,-4.002489,0.0,0.00022,False,False,False,0.00022,0.00022,False,False,0.017929999999999998,-0.017709999999999997,True,low_bin_residual_mad
2024-05-08 15:54:00,-3.9412518,0.0,1e-05,False,False,False,1e-05,1e-05,False,False,0.017929999999999998,-0.01792,True,low_bin_residual_mad
2024-05-08 15:55:00,-4.0979166,0.0,0.00019,False,False,False,0.00019,0.00019,False,False,0.017929999999999998,-0.01774,True,low_bin_residual_mad
2024-05-08 15:56:00,-4.045339,0.0,0.00023,False,False,False,0.00023,0.00023,False,False,0.017929999999999998,-0.017699999999999997,True,low_bin_residual_mad
2024-05-08 15:57:00,-3.9710956,0.0,0.00017,False,False,False,0.00017,0.00017,False,False,0.017929999999999998,-0.017759999999999998,True,low_bin_residual_mad
2024-05-08 15:58:00,-3.9437652,0.0,0.00019,False,False,False,0.00019,0.00019,False,False,0.017929999999999998,-0.01774,True,low_bin_residual_mad
2024-05-08 15:59:00,-3.7628298,0.0,0.00015,False,False,False,0.00015,0.00015,False,False,0.017929999999999998,-0.017779999999999997,True,low_bin_residual_mad
2024-05-08 16:00:00,-3.8272362,0.0,0.00023999999999999998,False,False,False,0.00023999999999999998,0.00023999999999999998,False,False,0.017929999999999998,-0.017689999999999997,True,low_bin_residual_mad
2024-05-08 16:01:00,-3.9340596,0.0,0.00023,False,False,False,0.00023,0.00023,False,False,0.017929999999999998,-0.017699999999999997,True,low_bin_residual_mad
2024-05-08 16:02:00,-3.851037,0.0,0.00017,False,False,False,0.00017,0.00017,False,False,0.017929999999999998,-0.017759999999999998,True,low_bin_residual_mad
2024-05-08 16:03:00,-3.8109982,0.0,0.00020999999999999998,False,False,False,0.00020999999999999998,0.00020999999999999998,False,False,0.017929999999999998,-0.01772,True,low_bin_residual_mad
2024-05-08 16:04:00,-3.8886883,0.0,0.00014000000000000001,False,False,False,0.00014000000000000001,0.00014000000000000001,False,False,0.017929999999999998,-0.017789999999999997,True,low_bin_residual_mad
2024-05-08 16:05:00,-3.8429422,0.0,0.00020999999999999998,False,False,False,0.00020999999999999998,0.00020999999999999998,False,False,0.017929999999999998,-0.01772,True,low_bin_residual_mad
2024-05-08 16:06:00,-3.8850408,0.0,0.00025,False,False,False,0.00025,0.00025,False,False,0.017929999999999998,-0.017679999999999998,True,low_bin_residual_mad
2024-05-08 16:11:00,-4.1996202,0.0,0.00014000000000000001,False,False,False,0.00014000000000000001,0.00014000000000000001,False,False,0.017929999999999998,-0.017789999999999997,True,low_bin_residual_mad
2024-05-08 16:12:00,-4.0336,0.0,0.00023,False,False,False,0.00023,0.00023,False,False,0.017929999999999998,-0.017699999999999997,True,low_bin_residual_mad
2024-05-08 16:13:00,-4.212857,0.0,2.9999999999999997e-05,False,False,False,2.9999999999999997e-05,2.9999999999999997e-05,False,False,0.017929999999999998,-0.0179,True,low_bin_residual_mad
2024-05-08 16:14:00,-3.7291021,0.0,0.00013000000000000002,False,False,False,0.00013000000000000002,0.00013000000000000002,False,False,0.017929999999999998,-0.017799999999999996,True,low_bin_residual_mad
2024-05-08 16:15:00,-4.0220394,0.0,2e-05,False,False,False,2e-05,2e-05,False,False,0.017929999999999998,-0.01791,True,low_bin_residual_mad
2024-05-08 16:16:00,-4.134965,0.0,0.00013000000000000002,False,False,False,0.00013000000000000002,0.00013000000000000002,False,False,0.017929999999999998,-0.017799999999999996,True,low_bin_residual_mad
2024-05-08 16:17:00,-4.0202193,0.0,0.00013000000000000002,False,False,False,0.00013000000000000002,0.00013000000000000002,False,False,0.017929999999999998,-0.017799999999999996,True,low_bin_residual_mad
2024-05-08 16:21:00,-3.8372252,0.0,7.000000000000001e-05,False,False,False,7.000000000000001e-05,7.000000000000001e-05,False,False,0.017929999999999998,-0.017859999999999997,True,low_bin_residual_mad
2024-05-08 16:22:00,-3.9402318,0.0,0.00016,False,False,False,0.00016,0.00016,False,False,0.017929999999999998,-0.017769999999999998,True,low_bin_residual_mad
2024-05-08 16:23:00,-3.9053013,0.0,0.00019,False,False,False,0.00019,0.00019,False,False,0.017929999999999998,-0.01774,True,low_bin_residual_mad
2024-05-08 16:25:00,-3.8344307,0.0,0.00017,False,False,False,0.00017,0.00017,False,False,0.017929999999999998,-0.017759999999999998,True,low_bin_residual_mad
2024-05-08 16:26:00,-3.9773502,0.0,0.00019,False,False,False,0.00019,0.00019,False,False,0.017929999999999998,-0.01774,True,low_bin_residual_mad
2024-05-08 16:27:00,-3.9078057,0.0,0.00014000000000000001,False,False,False,0.00014000000000000001,0.00014000000000000001,False,False,0.017929999999999998,-0.017789999999999997,True,low_bin_residual_mad
2024-05-08 16:28:00,-3.9038415,0.0,0.00019,False,False,False,0.00019,0.00019,False,False,0.017929999999999998,-0.01774,True,low_bin_residual_mad
2024-05-08 16:29:00,-3.852228,0.0,1e-05,False,False,False,1e-05,1e-05,False,False,0.017929999999999998,-0.01792,True,low_bin_residual_mad
2024-05-08 16:32:00,-3.7638485,0.0,0.00016,False,False,False,0.00016,0.00016,False,False,0.017929999999999998,-0.017769999999999998,True,low_bin_residual_mad
2024-05-08 16:33:00,-3.4755733,0.0,0.00020999999999999998,False,False,False,0.00020999999999999998,0.00020999999999999998,False,False,0.017929999999999998,-0.01772,True,low_bin_residual_mad
2024-05-08 16:34:00,-3.858112,0.0,0.00032,False,False,False,0.00032,0.00032,False,False,0.017929999999999998,-0.017609999999999997,True,low_bin_residual_mad
2024-05-08 16:36:00,-3.8348408,0.0,0.0002,False,False,False,0.0002,0.0002,False,False,0.017929999999999998,-0.01773,True,low_bin_residual_mad
2024-05-08 16:38:00,-3.792031,0.0,0.00015,False,False,False,0.00015,0.00015,False,False,0.017929999999999998,-0.017779999999999997,True,low_bin_residual_mad
2024-05-08 16:39:00,-4.2394843,0.0,0.00023999999999999998,False,False,False,0.00023999999999999998,0.00023999999999999998,False,False,0.017929999999999998,-0.017689999999999997,True,low_bin_residual_mad
2024-05-08 16:40:00,-4.1309996,0.0,0.0002,False,False,False,0.0002,0.0002,False,False,0.017929999999999998,-0.01773,True,low_bin_residual_mad
2024-05-08 16:41:00,-3.8956923,0.0,0.0002,False,False,False,0.0002,0.0002,False,False,0.017929999999999998,-0.01773,True,low_bin_residual_mad
2024-05-08 16:42:00,-3.89617,0.0,0.00019,False,False,False,0.00019,0.00019,False,False,0.017929999999999998,-0.01774,True,low_bin_residual_mad
2024-05-08 16:43:00,-3.927759,0.0,0.00027,False,False,False,0.00027,0.00027,False,False,0.017929999999999998,-0.01766,True,low_bin_residual_mad
2024-05-08 16:44:00,-3.9555514,0.0,0.00023,False,False,False,0.00023,0.00023,False,False,0.017929999999999998,-0.017699999999999997,True,low_bin_residual_mad
2024-05-08 16:45:00,-3.8122444,0.0,0.00015,False,False,False,0.00015,0.00015,False,False,0.017929999999999998,-0.017779999999999997,True,low_bin_residual_mad
2024-05-08 16:46:00,-3.9030032,0.0,0.00032999999999999994,False,False,False,0.00032999999999999994,0.00032999999999999994,False,False,0.017929999999999998,-0.017599999999999998,True,low_bin_residual_mad
2024-05-08 16:47:00,-3.9982986,0.0,0.00039,False,False,False,0.00039,0.00039,False,False,0.017929999999999998,-0.017539999999999997,True,low_bin_residual_mad
2024-05-08 16:48:00,-3.874083,0.0,0.00023,False,False,False,0.00023,0.00023,False,False,0.017929999999999998,-0.017699999999999997,True,low_bin_residual_mad
2024-05-08 16:49:00,-3.8647528,0.0,0.00024,False,False,False,0.00024,0.00024,False,False,0.017929999999999998,-0.017689999999999997,True,low_bin_residual_mad
2024-05-08 16:50:00,-3.9691124,0.0,0.00016,False,False,False,0.00016,0.00016,False,False,0.017929999999999998,-0.017769999999999998,True,low_bin_residual_mad
2024-05-08 16:51:00,-3.896283,0.0,0.00020999999999999998,False,False,False,0.00020999999999999998,0.00020999999999999998,False,False,0.017929999999999998,-0.01772,True,low_bin_residual_mad
2024-05-08 16:52:00,-3.9093251,0.0,0.0001,False,False,False,0.0001,0.0001,False,False,0.017929999999999998,-0.01783,True,low_bin_residual_mad
2024-05-08 16:53:00,-3.9119573,0.0,0.00011,False,False,False,0.00011,0.00011,False,False,0.017929999999999998,-0.01782,True,low_bin_residual_mad
2024-05-08 16:54:00,-4.0485516,0.0,0.00011999999999999999,False,False,False,0.00011999999999999999,0.00011999999999999999,False,False,0.017929999999999998,-0.01781,True,low_bin_residual_mad
2024-05-08 16:55:00,-4.222126,0.0,0.00026000000000000003,False,False,False,0.00026000000000000003,0.00026000000000000003,False,False,0.017929999999999998,-0.017669999999999998,True,low_bin_residual_mad
2024-05-08 16:56:00,-3.971815,0.0,5e-05,False,False,False,5e-05,5e-05,False,False,0.017929999999999998,-0.017879999999999997,True,low_bin_residual_mad
2024-05-08 16:57:00,-3.9390082,0.0,2e-05,False,False,False,2e-05,2e-05,False,False,0.017929999999999998,-0.01791,True,low_bin_residual_mad
2024-05-08 16:58:00,-4.0921116,0.0,8e-05,False,False,False,8e-05,8e-05,False,False,0.017929999999999998,-0.017849999999999998,True,low_bin_residual_mad
2024-05-08 17:00:00,-4.085867,0.0,0.00025,False,False,False,0.00025,0.00025,False,False,0.017929999999999998,-0.017679999999999998,True,low_bin_residual_mad
2024-05-08 17:01:00,-3.766657,0.0,8.999999999999999e-05,False,False,False,8.999999999999999e-05,8.999999999999999e-05,False,False,0.017929999999999998,-0.017839999999999998,True,low_bin_residual_mad
2024-05-08 17:02:00,-4.04043,0.0,0.00017,False,False,False,0.00017,0.00017,False,False,0.017929999999999998,-0.017759999999999998,True,low_bin_residual_mad
2024-05-08 17:05:00,-3.979839,0.0,8e-05,False,False,False,8e-05,8e-05,False,False,0.017929999999999998,-0.017849999999999998,True,low_bin_residual_mad
2024-05-08 17:06:00,-4.026306,0.0,0.00026000000000000003,False,False,False,0.00026000000000000003,0.00026000000000000003,False,False,0.017929999999999998,-0.017669999999999998,True,low_bin_residual_mad
2024-05-08 17:07:00,-3.9807928,0.0,0.00017,False,False,False,0.00017,0.00017,False,False,0.017929999999999998,-0.017759999999999998,True,low_bin_residual_mad
2024-05-08 19:35:00,-4.2213435,0.0,0.0018,False,False,False,0.0018,0.0018,False,False,0.017929999999999998,-0.01613,True,low_bin_residual_mad
2024-05-08 19:36:00,-4.1837683,0.0,0.00174,False,False,False,0.00174,0.00174,False,False,0.017929999999999998,-0.01619,True,low_bin_residual_mad
2024-05-08 19:37:00,-4.2011223,0.0,0.00175,False,False,False,0.00175,0.00175,False,False,0.017929999999999998,-0.016179999999999996,True,low_bin_residual_mad
2024-05-08 19:38:00,-4.241037,0.0,0.00163,False,False,False,0.00163,0.00163,False,False,0.017929999999999998,-0.0163,True,low_bin_residual_mad
2024-05-08 19:39:00,-4.0862856,0.0,0.0016699999999999998,False,False,False,0.0016699999999999998,0.0016699999999999998,False,False,0.017929999999999998,-0.016259999999999997,True,low_bin_residual_mad
2024-05-08 19:40:00,-4.296816,0.0,0.0017900000000000001,False,False,False,0.0017900000000000001,0.0017900000000000001,False,False,0.017929999999999998,-0.016139999999999998,True,low_bin_residual_mad
2024-05-08 19:41:00,-4.147608,0.0,0.0017900000000000001,False,False,False,0.0017900000000000001,0.0017900000000000001,False,False,0.017929999999999998,-0.016139999999999998,True,low_bin_residual_mad
2024-05-08 19:42:00,-4.1878185,0.0,0.0017900000000000001,False,False,False,0.0017900000000000001,0.0017900000000000001,False,False,0.017929999999999998,-0.016139999999999998,True,low_bin_residual_mad
2024-05-08 19:43:00,-4.2337513,0.0,0.00171,False,False,False,0.00171,0.00171,False,False,0.017929999999999998,-0.01622,True,low_bin_residual_mad
2024-05-08 19:44:00,-4.10639,0.0,0.00174,False,False,False,0.00174,0.00174,False,False,0.017929999999999998,-0.01619,True,low_bin_residual_mad
2024-05-08 19:45:00,-3.9763782,0.0,0.0018700000000000001,False,False,False,0.0018700000000000001,0.0018700000000000001,False,False,0.017929999999999998,-0.016059999999999998,True,low_bin_residual_mad
2024-05-08 19:46:00,-4.2020946,0.0,0.0012900000000000001,False,False,False,0.0012900000000000001,0.0012900000000000001,False,False,0.017929999999999998,-0.01664,True,low_bin_residual_mad
2024-05-08 19:47:00,-4.1141925,0.0,0.00176,False,False,False,0.00176,0.00176,False,False,0.017929999999999998,-0.016169999999999997,True,low_bin_residual_mad
2024-05-08 19:48:00,-4.0805893,0.0,0.00185,False,False,False,0.00185,0.00185,False,False,0.017929999999999998,-0.016079999999999997,True,low_bin_residual_mad
2024-05-08 19:49:00,-4.103364,0.0,0.00183,False,False,False,0.00183,0.00183,False,False,0.017929999999999998,-0.016099999999999996,True,low_bin_residual_mad
2024-05-08 19:50:00,-4.056028,0.0,0.0018700000000000001,False,False,False,0.0018700000000000001,0.0018700000000000001,False,False,0.017929999999999998,-0.016059999999999998,True,low_bin_residual_mad
2024-05-08 19:51:00,-4.182828,0.0,0.0016799999999999999,False,False,False,0.0016799999999999999,0.0016799999999999999,False,False,0.017929999999999998,-0.016249999999999997,True,low_bin_residual_mad
2024-05-08 19:52:00,-4.1236157,0.0,0.0017900000000000001,False,False,False,0.0017900000000000001,0.0017900000000000001,False,False,0.017929999999999998,-0.016139999999999998,True,low_bin_residual_mad
2024-05-08 19:53:00,-4.09896,0.0,0.00195,False,False,False,0.00195,0.00195,False,False,0.017929999999999998,-0.015979999999999998,True,low_bin_residual_mad
2024-05-08 19:54:00,-4.242861,0.0,0.00175,False,False,False,0.00175,0.00175,False,False,0.017929999999999998,-0.016179999999999996,True,low_bin_residual_mad
2024-05-08 19:55:00,-4.2190166,0.0,0.00181,False,False,False,0.00181,0.00181,False,False,0.017929999999999998,-0.01612,True,low_bin_residual_mad
2024-05-08 19:56:00,-4.158218,0.0,0.0017900000000000001,False,False,False,0.0017900000000000001,0.0017900000000000001,False,False,0.017929999999999998,-0.016139999999999998,True,low_bin_residual_mad
2024-05-08 19:57:00,-4.154393,0.0,0.00183,False,False,False,0.00183,0.00183,False,False,0.017929999999999998,-0.016099999999999996,True,low_bin_residual_mad
2024-05-08 19:58:00,-4.150656,0.0,0.00174,False,False,False,0.00174,0.00174,False,False,0.017929999999999998,-0.01619,True,low_bin_residual_mad
2024-05-08 19:59:00,-4.2048206,0.0,0.00175,False,False,False,0.00175,0.00175,False,False,0.017929999999999998,-0.016179999999999996,True,low_bin_residual_mad
2024-05-08 20:00:00,-4.175206,0.0,0.00175,False,False,False,0.00175,0.00175,False,False,0.017929999999999998,-0.016179999999999996,True,low_bin_residual_mad
2024-05-08 20:01:00,-4.1157627,0.0,0.00197,False,False,False,0.00197,0.00197,False,False,0.017929999999999998,-0.01596,True,low_bin_residual_mad
2024-05-08 20:02:00,-4.1919427,0.0,0.00183,False,False,False,0.00183,0.00183,False,False,0.017929999999999998,-0.016099999999999996,True,low_bin_residual_mad
2024-05-08 20:03:00,-4.1213984,0.0,0.0016799999999999999,False,False,False,0.0016799999999999999,0.0016799999999999999,False,False,0.017929999999999998,-0.016249999999999997,True,low_bin_residual_mad
2024-05-08 20:04:00,-4.158227,0.0,0.00183,False,False,False,0.00183,0.00183,False,False,0.017929999999999998,-0.016099999999999996,True,low_bin_residual_mad
2024-05-08 20:05:00,-4.170217,0.0,0.00191,False,False,False,0.00191,0.00191,False,False,0.017929999999999998,-0.01602,True,low_bin_residual_mad
2024-05-08 20:06:00,-4.232179,0.0,0.0017,False,False,False,0.0017,0.0017,False,False,0.017929999999999998,-0.016229999999999998,True,low_bin_residual_mad
2024-05-08 20:07:00,-4.263265,0.0,0.0014199999999999998,False,False,False,0.0014199999999999998,0.0014199999999999998,False,False,0.017929999999999998,-0.016509999999999997,True,low_bin_residual_mad
2024-05-08 20:08:00,-4.147111,0.0,0.00156,False,False,False,0.00156,0.00156,False,False,0.017929999999999998,-0.01637,True,low_bin_residual_mad
2024-05-08 20:09:00,-4.2172213,0.0,0.00164,False,False,False,0.00164,0.00164,False,False,0.017929999999999998,-0.01629,True,low_bin_residual_mad
2024-05-08 20:10:00,-4.264894,0.0,0.00173,False,False,False,0.00173,0.00173,False,False,0.017929999999999998,-0.0162,True,low_bin_residual_mad
2024-05-08 20:11:00,-3.975062,0.0,0.0017800000000000001,False,False,False,0.0017800000000000001,0.0017800000000000001,False,False,0.017929999999999998,-0.016149999999999998,True,low_bin_residual_mad
2024-05-08 20:12:00,-4.014237,0.0,0.00191,False,False,False,0.00191,0.00191,False,False,0.017929999999999998,-0.01602,True,low_bin_residual_mad
2024-05-08 20:13:00,-4.0944247,0.0,0.0019399999999999999,False,False,False,0.0019399999999999999,0.0019399999999999999,False,False,0.017929999999999998,-0.015989999999999997,True,low_bin_residual_mad
2024-05-08 20:14:00,-4.093198,0.0,0.0019299999999999999,False,False,False,0.0019299999999999999,0.0019299999999999999,False,False,0.017929999999999998,-0.015999999999999997,True,low_bin_residual_mad
2024-05-08 20:15:00,-4.0994377,0.0,0.00189,False,False,False,0.00189,0.00189,False,False,0.017929999999999998,-0.01604,True,low_bin_residual_mad
2024-05-08 20:16:00,-4.2438574,0.0,0.00181,False,False,False,0.00181,0.00181,False,False,0.017929999999999998,-0.01612,True,low_bin_residual_mad
2024-05-08 20:17:00,-4.0859575,0.0,0.00186,False,False,False,0.00186,0.00186,False,False,0.017929999999999998,-0.016069999999999997,True,low_bin_residual_mad
2024-05-08 20:18:00,-4.120474,0.0,0.00183,False,False,False,0.00183,0.00183,False,False,0.017929999999999998,-0.016099999999999996,True,low_bin_residual_mad
2024-05-08 20:19:00,-4.15966,0.0,0.00186,False,False,False,0.00186,0.00186,False,False,0.017929999999999998,-0.016069999999999997,True,low_bin_residual_mad
2024-05-08 20:20:00,-4.2087946,0.0,0.00183,False,False,False,0.00183,0.00183,False,False,0.017929999999999998,-0.016099999999999996,True,low_bin_residual_mad
2024-05-08 20:21:00,-4.066891,0.0,0.00184,False,False,False,0.00184,0.00184,False,False,0.017929999999999998,-0.016089999999999997,True,low_bin_residual_mad
2024-05-08 20:22:00,-3.9994154,0.0,0.0019199999999999998,False,False,False,0.0019199999999999998,0.0019199999999999998,False,False,0.017929999999999998,-0.016009999999999996,True,low_bin_residual_mad
2024-05-08 20:23:00,-4.2573667,0.0,0.0019,False,False,False,0.0019,0.0019,False,False,0.017929999999999998,-0.01603,True,low_bin_residual_mad
2024-05-08 20:24:00,-4.1896443,0.0,0.00181,False,False,False,0.00181,0.00181,False,False,0.017929999999999998,-0.01612,True,low_bin_residual_mad
2024-05-08 20:25:00,-4.255027,0.0,0.0019,False,False,False,0.0019,0.0019,False,False,0.017929999999999998,-0.01603,True,low_bin_residual_mad
2024-05-08 20:26:00,-4.222462,0.0,0.00186,False,False,False,0.00186,0.00186,False,False,0.017929999999999998,-0.016069999999999997,True,low_bin_residual_mad
2024-05-08 20:27:00,-4.175495,0.0,0.00191,False,False,False,0.00191,0.00191,False,False,0.017929999999999998,-0.01602,True,low_bin_residual_mad
2024-05-08 20:28:00,-4.1606684,0.0,0.00155,False,False,False,0.00155,0.00155,False,False,0.017929999999999998,-0.01638,True,low_bin_residual_mad
2024-05-08 20:29:00,-4.110046,0.0,0.0016899999999999999,False,False,False,0.0016899999999999999,0.0016899999999999999,False,False,0.017929999999999998,-0.016239999999999997,True,low_bin_residual_mad
2024-05-08 20:30:00,-4.1062403,0.0,0.00197,False,False,False,0.00197,0.00197,False,False,0.017929999999999998,-0.01596,True,low_bin_residual_mad
2024-05-08 20:31:00,-4.1447334,0.0,0.0019299999999999999,False,False,False,0.0019299999999999999,0.0019299999999999999,False,False,0.017929999999999998,-0.015999999999999997,True,low_bin_residual_mad
2024-05-08 20:32:00,-4.0222225,0.0,0.0019,False,False,False,0.0019,0.0019,False,False,0.017929999999999998,-0.01603,True,low_bin_residual_mad
2024-05-08 20:33:00,-4.175935,0.0,0.00176,False,False,False,0.00176,0.00176,False,False,0.017929999999999998,-0.016169999999999997,True,low_bin_residual_mad
2024-05-08 20:34:00,-3.892107,0.0,0.0018700000000000001,False,False,False,0.0018700000000000001,0.0018700000000000001,False,False,0.017929999999999998,-0.016059999999999998,True,low_bin_residual_mad
2024-05-08 20:35:00,-4.0387874,0.0,0.00177,False,False,False,0.00177,0.00177,False,False,0.017929999999999998,-0.016159999999999997,True,low_bin_residual_mad
2024-05-08 20:36:00,-4.3652153,0.0,0.00183,False,False,False,0.00183,0.00183,False,False,0.017929999999999998,-0.016099999999999996,True,low_bin_residual_mad
2024-05-08 20:37:00,-4.1810966,0.0,0.0019199999999999998,False,False,False,0.0019199999999999998,0.0019199999999999998,False,False,0.017929999999999998,-0.016009999999999996,True,low_bin_residual_mad
2024-05-08 20:38:00,-4.098401,0.0,0.00181,False,False,False,0.00181,0.00181,False,False,0.017929999999999998,-0.01612,True,low_bin_residual_mad
2024-05-08 20:39:00,-4.1380863,0.0,0.0019299999999999999,False,False,False,0.0019299999999999999,0.0019299999999999999,False,False,0.017929999999999998,-0.015999999999999997,True,low_bin_residual_mad
2024-05-08 20:40:00,-4.1526265,0.0,0.002,False,False,False,0.002,0.002,False,False,0.017929999999999998,-0.01593,True,low_bin_residual_mad
2024-05-08 20:41:00,-4.183814,0.0,0.00184,False,False,False,0.00184,0.00184,False,False,0.017929999999999998,-0.016089999999999997,True,low_bin_residual_mad
2024-05-08 20:42:00,-4.2556276,0.0,0.00184,False,False,False,0.00184,0.00184,False,False,0.017929999999999998,-0.016089999999999997,True,low_bin_residual_mad
2024-05-08 20:43:00,-4.118146,0.0,0.00186,False,False,False,0.00186,0.00186,False,False,0.017929999999999998,-0.016069999999999997,True,low_bin_residual_mad
2024-05-08 20:44:00,-4.2042427,0.0,0.00191,False,False,False,0.00191,0.00191,False,False,0.017929999999999998,-0.01602,True,low_bin_residual_mad
2024-05-08 20:45:00,-4.1944194,0.0,0.0019399999999999999,False,False,False,0.0019399999999999999,0.0019399999999999999,False,False,0.017929999999999998,-0.015989999999999997,True,low_bin_residual_mad
2024-05-08 20:46:00,-4.1844625,0.0,0.00184,False,False,False,0.00184,0.00184,False,False,0.017929999999999998,-0.016089999999999997,True,low_bin_residual_mad
2024-05-08 20:47:00,-4.1797714,0.0,0.00191,False,False,False,0.00191,0.00191,False,False,0.017929999999999998,-0.01602,True,low_bin_residual_mad
2024-05-08 20:48:00,-4.1541777,0.0,0.0019,False,False,False,0.0019,0.0019,False,False,0.017929999999999998,-0.01603,True,low_bin_residual_mad
2024-05-08 20:49:00,-4.15745,0.0,0.00161,False,False,False,0.00161,0.00161,False,False,0.017929999999999998,-0.016319999999999998,True,low_bin_residual_mad
2024-05-08 20:50:00,-4.185469,0.0,0.00158,False,False,False,0.00158,0.00158,False,False,0.017929999999999998,-0.016349999999999996,True,low_bin_residual_mad
2024-05-08 20:51:00,-4.1608534,0.0,0.0019399999999999999,False,False,False,0.0019399999999999999,0.0019399999999999999,False,False,0.017929999999999998,-0.015989999999999997,True,low_bin_residual_mad
2024-05-08 20:52:00,-4.196435,0.0,0.00191,False,False,False,0.00191,0.00191,False,False,0.017929999999999998,-0.01602,True,low_bin_residual_mad
2024-05-08 20:53:00,-4.179282,0.0,0.00182,False,False,False,0.00182,0.00182,False,False,0.017929999999999998,-0.01611,True,low_bin_residual_mad
2024-05-08 20:54:00,-4.1715126,0.0,0.00175,False,False,False,0.00175,0.00175,False,False,0.017929999999999998,-0.016179999999999996,True,low_bin_residual_mad
2024-05-08 20:55:00,-4.2009945,0.0,0.00176,False,False,False,0.00176,0.00176,False,False,0.017929999999999998,-0.016169999999999997,True,low_bin_residual_mad
2024-05-08 20:56:00,-4.1645584,0.0,0.00186,False,False,False,0.00186,0.00186,False,False,0.017929999999999998,-0.016069999999999997,True,low_bin_residual_mad
2024-05-08 20:57:00,-4.242369,0.0,0.00182,False,False,False,0.00182,0.00182,False,False,0.017929999999999998,-0.01611,True,low_bin_residual_mad
2024-05-08 20:58:00,-4.208583,0.0,0.0016899999999999999,False,False,False,0.0016899999999999999,0.0016899999999999999,False,False,0.017929999999999998,-0.016239999999999997,True,low_bin_residual_mad
2024-05-08 20:59:00,-4.1082907,0.0,0.0019,False,False,False,0.0019,0.0019,False,False,0.017929999999999998,-0.01603,True,low_bin_residual_mad
2024-05-08 21:00:00,-4.272688,0.0,0.00191,False,False,False,0.00191,0.00191,False,False,0.017929999999999998,-0.01602,True,low_bin_residual_mad
2024-05-08 21:01:00,-4.187909,0.0,0.0020099999999999996,False,False,False,0.0020099999999999996,0.0020099999999999996,False,False,0.017929999999999998,-0.015919999999999997,True,low_bin_residual_mad
2024-05-08 21:02:00,-4.0723395,0.0,0.0020499999999999997,False,False,False,0.0020499999999999997,0.0020499999999999997,False,False,0.017929999999999998,-0.01588,True,low_bin_residual_mad
2024-05-08 21:03:00,-4.0148296,0.0,0.00185,False,False,False,0.00185,0.00185,False,False,0.017929999999999998,-0.016079999999999997,True,low_bin_residual_mad
2024-05-08 21:04:00,-4.062314,0.0,0.00196,False,False,False,0.00196,0.00196,False,False,0.017929999999999998,-0.015969999999999998,True,low_bin_residual_mad
2024-05-08 21:05:00,-4.0737176,0.0,0.0019199999999999998,False,False,False,0.0019199999999999998,0.0019199999999999998,False,False,0.017929999999999998,-0.016009999999999996,True,low_bin_residual_mad
2024-05-08 21:06:00,-4.1158957,0.0,0.00196,False,False,False,0.00196,0.00196,False,False,0.017929999999999998,-0.015969999999999998,True,low_bin_residual_mad
2024-05-08 21:07:00,-4.192348,0.0,0.00171,False,False,False,0.00171,0.00171,False,False,0.017929999999999998,-0.01622,True,low_bin_residual_mad
2024-05-08 21:08:00,-4.1870747,0.0,0.0017800000000000001,False,False,False,0.0017800000000000001,0.0017800000000000001,False,False,0.017929999999999998,-0.016149999999999998,True,low_bin_residual_mad
2024-05-08 21:29:00,-4.7037272,0.0,0.011519999999999999,False,False,False,0.011519999999999999,0.011519999999999999,False,False,0.017929999999999998,-0.006409999999999999,True,low_bin_residual_mad
2024-05-08 23:10:00,-0.5988187,0.0,2.8349900000000003,False,False,False,2.8349900000000003,2.8349900000000003,False,False,2.8349063728876858,8.362711231457709e-05,True,low_bin_residual_mad
2024-05-08 23:22:00,0.0,0.0,2.81404,False,False,False,2.81404,2.81404,False,False,2.8138722677621137,0.00016773223788613123,True,low_bin_residual_mad
2024-05-08 23:26:00,-0.66981506,0.0,2.8068199999999996,False,False,False,2.8068199999999996,2.8068199999999996,False,False,2.8066232826066657,0.0001967173933339339,True,low_bin_residual_mad
2024-05-09 00:18:00,1.3313609,1.3313609,3.8145500000000006,False,False,False,3.8145500000000006,2.4831891000000006,False,False,3.7948679127485745,-1.311678812748574,True,low_bin_residual_mad
2024-05-09 00:19:00,1.4617509,1.4617509,3.8717200000000003,False,False,False,3.8717200000000003,2.4099691000000005,False,False,3.847460332791432,-1.4374912327914315,True,low_bin_residual_mad
2024-05-09 00:20:00,1.5205088,1.5205088,3.89736,False,False,False,3.89736,2.3768512,False,False,3.870996563067802,-1.494145363067802,True,low_bin_residual_mad
2024-05-09 04:31:00,0.0,0.0,3.077830000000001,False,False,False,3.077830000000001,3.077830000000001,False,False,3.077516951048952,0.0003130489510487777,True,low_bin_residual_mad
2024-05-09 04:42:00,1.3321735,1.3321735,3.8303699999999994,False,False,False,3.8303699999999994,2.4981964999999997,False,False,3.80944660243564,-1.3112501024356402,True,low_bin_residual_mad
2024-05-09 05:01:00,-4.277945,0.0,0.00256,False,False,False,0.00256,0.00256,False,False,0.017929999999999998,-0.015369999999999998,True,low_bin_residual_mad
2024-05-09 05:02:00,-4.39322,0.0,0.00512,False,False,False,0.00512,0.00512,False,False,0.017929999999999998,-0.012809999999999998,True,low_bin_residual_mad
2024-05-09 05:03:00,-4.4503136,0.0,0.00256,False,False,False,0.00256,0.00256,False,False,0.017929999999999998,-0.015369999999999998,True,low_bin_residual_mad
2024-05-09 06:08:00,-4.5377955,0.0,0.011519999999999999,False,False,False,0.011519999999999999,0.011519999999999999,False,False,0.017929999999999998,-0.006409999999999999,True,low_bin_residual_mad
2024-05-09 06:39:00,0.0,0.0,3.0957299999999996,False,False,False,3.0957299999999996,3.0957299999999996,False,False,3.095223824175824,0.0005061758241757808,True,low_bin_residual_mad
2024-05-09 09:09:00,0.0,0.0,2.8464899999999993,False,False,False,2.8464899999999993,2.8464899999999993,False,False,2.846452540379049,3.745962095047517e-05,True,low_bin_residual_mad
2024-05-09 09:10:00,0.0,0.0,2.8298400000000004,False,False,False,2.8298400000000004,2.8298400000000004,False,False,2.829735697880684,0.0001043021193165572,True,low_bin_residual_mad
2024-05-09 09:17:00,0.0,0.0,2.80126,False,False,False,2.80126,2.80126,False,False,2.801040961628233,0.0002190383717670663,True,low_bin_residual_mad
2024-05-11 13:04:00,-4.772568,0.0,0.00512,False,False,False,0.00512,0.00512,False,False,0.017929999999999998,-0.012809999999999998,True,low_bin_residual_mad
2024-05-11 14:14:00,0.0,0.0,4.92089,False,False,False,4.92089,4.92089,False,False,3.1851805222835616,1.7357094777164384,True,low_bin_residual_mad
2024-05-12 03:59:00,0.0,0.0,4.817609999999998,False,False,False,4.817609999999998,4.817609999999998,False,False,3.153887004308183,1.6637229956918156,True,low_bin_residual_mad
2024-05-12 19:59:00,1.3905499,1.3905499,3.7368699999999992,False,False,False,3.7368699999999992,2.3463200999999994,False,False,3.722843711029411,-1.3765236110294117,True,low_bin_residual_mad
2024-05-13 05:26:00,-3.9742727,0.0,0.01024,False,False,False,0.01024,0.01024,False,False,0.017929999999999998,-0.007689999999999997,True,low_bin_residual_mad
2024-05-13 05:54:00,-4.14932,0.0,0.0038399999999999997,False,False,False,0.0038399999999999997,0.0038399999999999997,False,False,0.017929999999999998,-0.014089999999999998,True,low_bin_residual_mad
2024-05-13 06:00:00,-4.2197146,0.0,0.011519999999999999,False,False,False,0.011519999999999999,0.011519999999999999,False,False,0.017929999999999998,-0.006409999999999999,True,low_bin_residual_mad
2024-05-13 06:07:00,-4.2372637,0.0,0.0038399999999999997,False,False,False,0.0038399999999999997,0.0038399999999999997,False,False,0.017929999999999998,-0.014089999999999998,True,low_bin_residual_mad
2024-05-13 06:08:00,-4.354333,0.0,0.0038399999999999997,False,False,False,0.0038399999999999997,0.0038399999999999997,False,False,0.017929999999999998,-0.014089999999999998,True,low_bin_residual_mad
2024-05-13 06:46:00,-0.6122926,0.0,3.0667500000000003,False,False,False,3.0667500000000003,3.0667500000000003,False,False,3.066556495504496,0.00019350449550437077,True,low_bin_residual_mad
2024-05-13 07:37:00,0.0,0.0,3.0821000000000005,False,False,False,3.0821000000000005,3.0821000000000005,False,False,3.081740881118882,0.00035911888111872514,True,low_bin_residual_mad
2024-05-13 07:44:00,0.0,0.0,3.0697499999999995,False,False,False,3.0697499999999995,3.0697499999999995,False,False,3.0695241278721275,0.00022587212787206212,True,low_bin_residual_mad
2024-05-13 08:28:00,0.0,0.0,2.8354399999999997,False,False,False,2.8354399999999997,2.8354399999999997,False,False,2.835358179441695,8.182055830463497e-05,True,low_bin_residual_mad
2024-05-13 09:31:00,-4.309808,0.0,0.00512,False,False,False,0.00512,0.00512,False,False,0.017929999999999998,-0.012809999999999998,True,low_bin_residual_mad
2024-05-13 09:32:00,-4.5002265,0.0,0.009290000000000001,False,False,False,0.009290000000000001,0.009290000000000001,False,False,0.017929999999999998,-0.008639999999999997,True,low_bin_residual_mad
2024-05-13 09:33:00,-4.380249,0.0,0.00033,False,False,False,0.00033,0.00033,False,False,0.017929999999999998,-0.017599999999999998,True,low_bin_residual_mad
2024-05-13 09:34:00,-4.498969,0.0,0.00033,False,False,False,0.00033,0.00033,False,False,0.017929999999999998,-0.017599999999999998,True,low_bin_residual_mad
2024-05-13 09:35:00,-4.1570945,0.0,0.00033,False,False,False,0.00033,0.00033,False,False,0.017929999999999998,-0.017599999999999998,True,low_bin_residual_mad
2024-05-13 09:36:00,-4.3717027,0.0,0.00033,False,False,False,0.00033,0.00033,False,False,0.017929999999999998,-0.017599999999999998,True,low_bin_residual_mad
2024-05-13 09:37:00,-4.3467655,0.0,0.00033,False,False,False,0.00033,0.00033,False,False,0.017929999999999998,-0.017599999999999998,True,low_bin_residual_mad
2024-05-13 09:38:00,-4.310796,0.0,0.00033,False,False,False,0.00033,0.00033,False,False,0.017929999999999998,-0.017599999999999998,True,low_bin_residual_mad
2024-05-13 09:39:00,-4.2484827,0.0,0.00033,False,False,False,0.00033,0.00033,False,False,0.017929999999999998,-0.017599999999999998,True,low_bin_residual_mad
2024-05-13 09:40:00,-4.3976502,0.0,0.0002,False,False,False,0.0002,0.0002,False,False,0.017929999999999998,-0.01773,True,low_bin_residual_mad
2024-05-13 09:41:00,-4.391659,0.0,0.00033,False,False,False,0.00033,0.00033,False,False,0.017929999999999998,-0.017599999999999998,True,low_bin_residual_mad
2024-05-13 09:42:00,-4.384855,0.0,0.00033,False,False,False,0.00033,0.00033,False,False,0.017929999999999998,-0.017599999999999998,True,low_bin_residual_mad
2024-05-13 09:43:00,-4.6088247,0.0,0.00033,False,False,False,0.00033,0.00033,False,False,0.017929999999999998,-0.017599999999999998,True,low_bin_residual_mad
2024-05-13 09:44:00,-4.327734,0.0,0.00033,False,False,False,0.00033,0.00033,False,False,0.017929999999999998,-0.017599999999999998,True,low_bin_residual_mad
2024-05-13 09:45:00,-4.6934843,0.0,0.00033,False,False,False,0.00033,0.00033,False,False,0.017929999999999998,-0.017599999999999998,True,low_bin_residual_mad
2024-05-13 09:46:00,-4.5833135,0.0,0.00033,False,False,False,0.00033,0.00033,False,False,0.017929999999999998,-0.017599999999999998,True,low_bin_residual_mad
2024-05-13 09:47:00,-4.6282597,0.0,0.00033,False,False,False,0.00033,0.00033,False,False,0.017929999999999998,-0.017599999999999998,True,low_bin_residual_mad
2024-05-13 09:48:00,-4.6086845,0.0,0.00033,False,False,False,0.00033,0.00033,False,False,0.017929999999999998,-0.017599999999999998,True,low_bin_residual_mad
2024-05-13 09:49:00,-4.693628,0.0,0.00033,False,False,False,0.00033,0.00033,False,False,0.017929999999999998,-0.017599999999999998,True,low_bin_residual_mad
2024-05-13 09:50:00,-4.453402,0.0,0.00033,False,False,False,0.00033,0.00033,False,False,0.017929999999999998,-0.017599999999999998,True,low_bin_residual_mad
2024-05-13 09:51:00,-4.5949297,0.0,0.00033,False,False,False,0.00033,0.00033,False,False,0.017929999999999998,-0.017599999999999998,True,low_bin_residual_mad
2024-05-13 09:52:00,-4.4031835,0.0,0.00033,False,False,False,0.00033,0.00033,False,False,0.017929999999999998,-0.017599999999999998,True,low_bin_residual_mad
2024-05-13 09:53:00,-4.3242784,0.0,0.00033,False,False,False,0.00033,0.00033,False,False,0.017929999999999998,-0.017599999999999998,True,low_bin_residual_mad
2024-05-13 09:54:00,-4.361268,0.0,0.00033,False,False,False,0.00033,0.00033,False,False,0.017929999999999998,-0.017599999999999998,True,low_bin_residual_mad
2024-05-13 09:55:00,-4.30923,0.0,0.00033,False,False,False,0.00033,0.00033,False,False,0.017929999999999998,-0.017599999999999998,True,low_bin_residual_mad
2024-05-13 09:56:00,-4.232542,0.0,0.00033,False,False,False,0.00033,0.00033,False,False,0.017929999999999998,-0.017599999999999998,True,low_bin_residual_mad
2024-05-13 09:58:00,-4.206256,0.0,0.00011999999999999999,False,False,False,0.00011999999999999999,0.00011999999999999999,False,False,0.017929999999999998,-0.01781,True,low_bin_residual_mad
2024-05-13 09:59:00,-4.0900345,0.0,0.00017,False,False,False,0.00017,0.00017,False,False,0.017929999999999998,-0.017759999999999998,True,low_bin_residual_mad
2024-05-13 10:00:00,-3.980168,0.0,0.00016,False,False,False,0.00016,0.00016,False,False,0.017929999999999998,-0.017769999999999998,True,low_bin_residual_mad
2024-05-13 10:01:00,-3.981171,0.0,0.00022,False,False,False,0.00022,0.00022,False,False,0.017929999999999998,-0.017709999999999997,True,low_bin_residual_mad
2024-05-13 10:02:00,-3.9890444,0.0,0.00033,False,False,False,0.00033,0.00033,False,False,0.017929999999999998,-0.017599999999999998,True,low_bin_residual_mad
2024-05-13 10:03:00,-4.0202274,0.0,0.00033,False,False,False,0.00033,0.00033,False,False,0.017929999999999998,-0.017599999999999998,True,low_bin_residual_mad
2024-05-13 10:04:00,-3.99013,0.0,0.00033,False,False,False,0.00033,0.00033,False,False,0.017929999999999998,-0.017599999999999998,True,low_bin_residual_mad
2024-05-13 10:05:00,-4.134465,0.0,0.00023999999999999998,False,False,False,0.00023999999999999998,0.00023999999999999998,False,False,0.017929999999999998,-0.017689999999999997,True,low_bin_residual_mad
2024-05-13 10:06:00,-3.909341,0.0,0.0002,False,False,False,0.0002,0.0002,False,False,0.017929999999999998,-0.01773,True,low_bin_residual_mad
2024-05-13 10:07:00,-3.940184,0.0,0.00016,False,False,False,0.00016,0.00016,False,False,0.017929999999999998,-0.017769999999999998,True,low_bin_residual_mad
2024-05-13 10:08:00,-3.9607568,0.0,0.00031,False,False,False,0.00031,0.00031,False,False,0.017929999999999998,-0.017619999999999997,True,low_bin_residual_mad
2024-05-13 10:09:00,-3.930049,0.0,0.00031,False,False,False,0.00031,0.00031,False,False,0.017929999999999998,-0.017619999999999997,True,low_bin_residual_mad
2024-05-13 10:10:00,-3.8929417,0.0,0.0002,False,False,False,0.0002,0.0002,False,False,0.017929999999999998,-0.01773,True,low_bin_residual_mad
2024-05-13 10:11:00,-4.132092,0.0,0.00022,False,False,False,0.00022,0.00022,False,False,0.017929999999999998,-0.017709999999999997,True,low_bin_residual_mad
2024-05-13 10:12:00,-3.9534378,0.0,0.00029,False,False,False,0.00029,0.00029,False,False,0.017929999999999998,-0.01764,True,low_bin_residual_mad
2024-05-13 10:13:00,-4.0593333,0.0,0.00023,False,False,False,0.00023,0.00023,False,False,0.017929999999999998,-0.017699999999999997,True,low_bin_residual_mad
2024-05-13 10:14:00,-3.8786845,0.0,0.00019,False,False,False,0.00019,0.00019,False,False,0.017929999999999998,-0.01774,True,low_bin_residual_mad
2024-05-13 10:15:00,-3.8746464,0.0,0.00023,False,False,False,0.00023,0.00023,False,False,0.017929999999999998,-0.017699999999999997,True,low_bin_residual_mad
2024-05-13 10:16:00,-3.8649826,0.0,0.0002,False,False,False,0.0002,0.0002,False,False,0.017929999999999998,-0.01773,True,low_bin_residual_mad
2024-05-13 10:17:00,-4.005891,0.0,5.9999999999999995e-05,False,False,False,5.9999999999999995e-05,5.9999999999999995e-05,False,False,0.017929999999999998,-0.017869999999999997,True,low_bin_residual_mad
2024-05-13 10:18:00,-3.883831,0.0,0.00019,False,False,False,0.00019,0.00019,False,False,0.017929999999999998,-0.01774,True,low_bin_residual_mad
2024-05-13 10:19:00,-4.0063896,0.0,0.0002,False,False,False,0.0002,0.0002,False,False,0.017929999999999998,-0.01773,True,low_bin_residual_mad
2024-05-13 10:20:00,-4.00991,0.0,0.00022,False,False,False,0.00022,0.00022,False,False,0.017929999999999998,-0.017709999999999997,True,low_bin_residual_mad
2024-05-13 10:21:00,-4.047824,0.0,0.00023999999999999998,False,False,False,0.00023999999999999998,0.00023999999999999998,False,False,0.017929999999999998,-0.017689999999999997,True,low_bin_residual_mad
2024-05-13 10:22:00,-4.0463457,0.0,0.00031,False,False,False,0.00031,0.00031,False,False,0.017929999999999998,-0.017619999999999997,True,low_bin_residual_mad
2024-05-13 10:23:00,-3.8850718,0.0,0.00023999999999999998,False,False,False,0.00023999999999999998,0.00023999999999999998,False,False,0.017929999999999998,-0.017689999999999997,True,low_bin_residual_mad
2024-05-13 10:24:00,-3.9806008,0.0,0.00027,False,False,False,0.00027,0.00027,False,False,0.017929999999999998,-0.01766,True,low_bin_residual_mad
2024-05-13 10:25:00,-3.985073,0.0,0.00019,False,False,False,0.00019,0.00019,False,False,0.017929999999999998,-0.01774,True,low_bin_residual_mad
2024-05-13 10:26:00,-3.9456203,0.0,1e-05,False,False,False,1e-05,1e-05,False,False,0.017929999999999998,-0.01792,True,low_bin_residual_mad
2024-05-13 10:27:00,-3.9762092,0.0,0.00023,False,False,False,0.00023,0.00023,False,False,0.017929999999999998,-0.017699999999999997,True,low_bin_residual_mad
2024-05-13 10:28:00,-3.9428532,0.0,2.9999999999999997e-05,False,False,False,2.9999999999999997e-05,2.9999999999999997e-05,False,False,0.017929999999999998,-0.0179,True,low_bin_residual_mad
2024-05-13 10:29:00,-3.9089441,0.0,0.00022,False,False,False,0.00022,0.00022,False,False,0.017929999999999998,-0.017709999999999997,True,low_bin_residual_mad
2024-05-13 10:30:00,-4.0085764,0.0,0.00017999999999999998,False,False,False,0.00017999999999999998,0.00017999999999999998,False,False,0.017929999999999998,-0.01775,True,low_bin_residual_mad
2024-05-13 10:31:00,-3.9403348,0.0,0.00033,False,False,False,0.00033,0.00033,False,False,0.017929999999999998,-0.017599999999999998,True,low_bin_residual_mad
2024-05-13 10:32:00,-4.03779,0.0,0.00025,False,False,False,0.00025,0.00025,False,False,0.017929999999999998,-0.017679999999999998,True,low_bin_residual_mad
2024-05-13 10:33:00,-3.924537,0.0,0.00033,False,False,False,0.00033,0.00033,False,False,0.017929999999999998,-0.017599999999999998,True,low_bin_residual_mad
2024-05-13 10:34:00,-3.9010997,0.0,0.00022,False,False,False,0.00022,0.00022,False,False,0.017929999999999998,-0.017709999999999997,True,low_bin_residual_mad
2024-05-13 10:35:00,-3.964169,0.0,0.00026000000000000003,False,False,False,0.00026000000000000003,0.00026000000000000003,False,False,0.017929999999999998,-0.017669999999999998,True,low_bin_residual_mad
2024-05-13 10:36:00,-4.0345025,0.0,0.00031,False,False,False,0.00031,0.00031,False,False,0.017929999999999998,-0.017619999999999997,True,low_bin_residual_mad
2024-05-13 10:37:00,-3.7694097,0.0,0.00033,False,False,False,0.00033,0.00033,False,False,0.017929999999999998,-0.017599999999999998,True,low_bin_residual_mad
2024-05-13 10:38:00,-3.9146185,0.0,0.00029,False,False,False,0.00029,0.00029,False,False,0.017929999999999998,-0.01764,True,low_bin_residual_mad
2024-05-13 10:39:00,-3.875116,0.0,0.0002,False,False,False,0.0002,0.0002,False,False,0.017929999999999998,-0.01773,True,low_bin_residual_mad
2024-05-13 10:41:00,-3.8892832,0.0,0.0003,False,False,False,0.0003,0.0003,False,False,0.017929999999999998,-0.017629999999999996,True,low_bin_residual_mad
2024-05-13 10:42:00,-4.0408144,0.0,4e-05,False,False,False,4e-05,4e-05,False,False,0.017929999999999998,-0.01789,True,low_bin_residual_mad
2024-05-13 10:43:00,-4.1564245,0.0,0.00017,False,False,False,0.00017,0.00017,False,False,0.017929999999999998,-0.017759999999999998,True,low_bin_residual_mad
2024-05-13 10:44:00,-4.1429048,0.0,0.00023,False,False,False,0.00023,0.00023,False,False,0.017929999999999998,-0.017699999999999997,True,low_bin_residual_mad
2024-05-13 10:45:00,-3.9089923,0.0,0.00022,False,False,False,0.00022,0.00022,False,False,0.017929999999999998,-0.017709999999999997,True,low_bin_residual_mad
2024-05-13 10:46:00,-3.9122927,0.0,0.00020999999999999998,False,False,False,0.00020999999999999998,0.00020999999999999998,False,False,0.017929999999999998,-0.01772,True,low_bin_residual_mad
2024-05-13 10:47:00,-3.8519764,0.0,0.00013000000000000002,False,False,False,0.00013000000000000002,0.00013000000000000002,False,False,0.017929999999999998,-0.017799999999999996,True,low_bin_residual_mad
2024-05-13 10:48:00,-3.9159389,0.0,0.00027,False,False,False,0.00027,0.00027,False,False,0.017929999999999998,-0.01766,True,low_bin_residual_mad
2024-05-13 10:49:00,-3.940734,0.0,7.000000000000001e-05,False,False,False,7.000000000000001e-05,7.000000000000001e-05,False,False,0.017929999999999998,-0.017859999999999997,True,low_bin_residual_mad
2024-05-13 10:50:00,-3.8494234,0.0,0.00031,False,False,False,0.00031,0.00031,False,False,0.017929999999999998,-0.017619999999999997,True,low_bin_residual_mad
2024-05-13 10:51:00,-3.8199792,0.0,0.0003,False,False,False,0.0003,0.0003,False,False,0.017929999999999998,-0.017629999999999996,True,low_bin_residual_mad
2024-05-13 10:52:00,-3.965212,0.0,0.00020999999999999998,False,False,False,0.00020999999999999998,0.00020999999999999998,False,False,0.017929999999999998,-0.01772,True,low_bin_residual_mad
2024-05-13 10:53:00,-3.7448313,0.0,0.00027,False,False,False,0.00027,0.00027,False,False,0.017929999999999998,-0.01766,True,low_bin_residual_mad
2024-05-13 10:54:00,-3.926365,0.0,0.00027,False,False,False,0.00027,0.00027,False,False,0.017929999999999998,-0.01766,True,low_bin_residual_mad
2024-05-13 10:55:00,-4.0111637,0.0,0.00022,False,False,False,0.00022,0.00022,False,False,0.017929999999999998,-0.017709999999999997,True,low_bin_residual_mad
2024-05-13 10:56:00,-4.028597,0.0,0.00022,False,False,False,0.00022,0.00022,False,False,0.017929999999999998,-0.017709999999999997,True,low_bin_residual_mad
2024-05-13 10:57:00,-3.977497,0.0,0.00025,False,False,False,0.00025,0.00025,False,False,0.017929999999999998,-0.017679999999999998,True,low_bin_residual_mad
2024-05-13 10:58:00,-3.913494,0.0,0.00025,False,False,False,0.00025,0.00025,False,False,0.017929999999999998,-0.017679999999999998,True,low_bin_residual_mad
2024-05-13 10:59:00,-3.8881917,0.0,0.00029,False,False,False,0.00029,0.00029,False,False,0.017929999999999998,-0.01764,True,low_bin_residual_mad
2024-05-13 11:00:00,-3.9772038,0.0,0.00026000000000000003,False,False,False,0.00026000000000000003,0.00026000000000000003,False,False,0.017929999999999998,-0.017669999999999998,True,low_bin_residual_mad
2024-05-13 11:01:00,-4.1214533,0.0,0.00033,False,False,False,0.00033,0.00033,False,False,0.017929999999999998,-0.017599999999999998,True,low_bin_residual_mad
2024-05-13 11:02:00,-4.0558567,0.0,0.00033,False,False,False,0.00033,0.00033,False,False,0.017929999999999998,-0.017599999999999998,True,low_bin_residual_mad
2024-05-13 11:03:00,-4.1459103,0.0,0.00033,False,False,False,0.00033,0.00033,False,False,0.017929999999999998,-0.017599999999999998,True,low_bin_residual_mad
2024-05-13 11:04:00,-4.0406747,0.0,0.00033,False,False,False,0.00033,0.00033,False,False,0.017929999999999998,-0.017599999999999998,True,low_bin_residual_mad
2024-05-13 11:05:00,-3.9933152,0.0,0.00033,False,False,False,0.00033,0.00033,False,False,0.017929999999999998,-0.017599999999999998,True,low_bin_residual_mad
2024-05-13 11:06:00,-3.9250934,0.0,0.00033,False,False,False,0.00033,0.00033,False,False,0.017929999999999998,-0.017599999999999998,True,low_bin_residual_mad
2024-05-13 11:07:00,-4.051235,0.0,0.00033,False,False,False,0.00033,0.00033,False,False,0.017929999999999998,-0.017599999999999998,True,low_bin_residual_mad
2024-05-13 11:08:00,-3.9372187,0.0,0.00033,False,False,False,0.00033,0.00033,False,False,0.017929999999999998,-0.017599999999999998,True,low_bin_residual_mad
2024-05-13 11:09:00,-4.0187206,0.0,0.00033,False,False,False,0.00033,0.00033,False,False,0.017929999999999998,-0.017599999999999998,True,low_bin_residual_mad
2024-05-13 11:10:00,-4.0274105,0.0,0.00033,False,False,False,0.00033,0.00033,False,False,0.017929999999999998,-0.017599999999999998,True,low_bin_residual_mad
2024-05-13 11:11:00,-3.997526,0.0,0.00033,False,False,False,0.00033,0.00033,False,False,0.017929999999999998,-0.017599999999999998,True,low_bin_residual_mad
2024-05-13 11:12:00,-4.1626873,0.0,0.00033,False,False,False,0.00033,0.00033,False,False,0.017929999999999998,-0.017599999999999998,True,low_bin_residual_mad
2024-05-13 11:13:00,-4.0111012,0.0,0.00033,False,False,False,0.00033,0.00033,False,False,0.017929999999999998,-0.017599999999999998,True,low_bin_residual_mad
2024-05-20 08:18:00,0.63970363,0.63970363,3.8713200000000003,False,False,False,3.8713200000000003,3.2316163700000002,False,False,3.8470931529119254,-0.6154767829119252,True,low_bin_residual_mad
2024-05-22 10:05:00,0.0,0.0,2.81066,False,False,False,2.81066,2.81066,False,False,2.810478698534217,0.00018130146578299033,True,low_bin_residual_mad
2024-05-22 11:41:00,-4.1758294,0.0,0.00171,False,False,False,0.00171,0.00171,False,False,0.017929999999999998,-0.01622,True,low_bin_residual_mad
2024-05-23 10:02:00,0.6330451,0.6330451,3.9421899999999988,False,False,False,3.9421899999999988,3.309144899999999,False,False,3.912148248063498,-0.6030033480634991,True,low_bin_residual_mad
2024-05-24 07:40:00,0.0,0.0,4.8906,False,False,False,4.8906,4.8906,False,False,3.1772472365338973,1.7133527634661028,True,low_bin_residual_mad
2024-05-24 08:06:00,0.6329504,0.6329504,3.975480000000001,False,False,False,3.975480000000001,3.342529600000001,False,False,3.94235069575709,-0.5998210957570889,True,low_bin_residual_mad
2024-05-24 08:56:00,-4.815967,0.0,0.0141,False,False,False,0.0141,0.0141,False,False,0.017929999999999998,-0.0038299999999999983,True,low_bin_residual_mad
2024-05-24 08:59:00,-4.7299967,0.0,0.01408,False,False,False,0.01408,0.01408,False,False,0.017929999999999998,-0.0038499999999999975,True,low_bin_residual_mad
2024-05-24 09:02:00,-4.675554,0.0,1e-05,False,False,False,1e-05,1e-05,False,False,0.017929999999999998,-0.01792,True,low_bin_residual_mad
2024-05-24 09:08:00,-4.746953,0.0,1e-05,False,False,False,1e-05,1e-05,False,False,0.017929999999999998,-0.01792,True,low_bin_residual_mad
2024-05-24 09:14:00,-4.776638,0.0,1e-05,False,False,False,1e-05,1e-05,False,False,0.017929999999999998,-0.01792,True,low_bin_residual_mad
2024-05-24 09:19:00,-4.7528787,0.0,1e-05,False,False,False,1e-05,1e-05,False,False,0.017929999999999998,-0.01792,True,low_bin_residual_mad
2024-05-24 09:27:00,-4.698181,0.0,1e-05,False,False,False,1e-05,1e-05,False,False,0.017929999999999998,-0.01792,True,low_bin_residual_mad
2024-05-24 09:38:00,-4.627094,0.0,1e-05,False,False,False,1e-05,1e-05,False,False,0.017929999999999998,-0.01792,True,low_bin_residual_mad
2024-05-24 09:42:00,-4.4969,0.0,1e-05,False,False,False,1e-05,1e-05,False,False,0.017929999999999998,-0.01792,True,low_bin_residual_mad
2024-05-24 09:48:00,-4.185424,0.0,0.011519999999999999,False,False,False,0.011519999999999999,0.011519999999999999,False,False,0.017929999999999998,-0.006409999999999999,True,low_bin_residual_mad
2024-05-24 09:50:00,-4.24308,0.0,0.0038399999999999997,False,False,False,0.0038399999999999997,0.0038399999999999997,False,False,0.017929999999999998,-0.014089999999999998,True,low_bin_residual_mad
2024-05-24 09:51:00,-4.2590075,0.0,1e-05,False,False,False,1e-05,1e-05,False,False,0.017929999999999998,-0.01792,True,low_bin_residual_mad
2024-05-24 09:53:00,-4.295309,0.0,1e-05,False,False,False,1e-05,1e-05,False,False,0.017929999999999998,-0.01792,True,low_bin_residual_mad
2024-05-24 09:55:00,-4.8897038,0.0,1e-05,False,False,False,1e-05,1e-05,False,False,0.017929999999999998,-0.01792,True,low_bin_residual_mad
2024-05-24 09:56:00,-4.4243765,0.0,1e-05,False,False,False,1e-05,1e-05,False,False,0.017929999999999998,-0.01792,True,low_bin_residual_mad
2024-05-24 09:57:00,-4.5295076,0.0,1e-05,False,False,False,1e-05,1e-05,False,False,0.017929999999999998,-0.01792,True,low_bin_residual_mad
2024-05-24 09:58:00,-4.4768653,0.0,1e-05,False,False,False,1e-05,1e-05,False,False,0.017929999999999998,-0.01792,True,low_bin_residual_mad
2024-05-24 09:59:00,-4.562813,0.0,1e-05,False,False,False,1e-05,1e-05,False,False,0.017929999999999998,-0.01792,True,low_bin_residual_mad
2024-05-24 10:04:00,-4.362012,0.0,1e-05,False,False,False,1e-05,1e-05,False,False,0.017929999999999998,-0.01792,True,low_bin_residual_mad
2024-05-24 10:06:00,-4.639935,0.0,1e-05,False,False,False,1e-05,1e-05,False,False,0.017929999999999998,-0.01792,True,low_bin_residual_mad
2024-05-24 10:07:00,-4.187389,0.0,1e-05,False,False,False,1e-05,1e-05,False,False,0.017929999999999998,-0.01792,True,low_bin_residual_mad
2024-05-24 10:08:00,-4.3429494,0.0,1e-05,False,False,False,1e-05,1e-05,False,False,0.017929999999999998,-0.01792,True,low_bin_residual_mad
2024-05-24 10:09:00,-4.568475,0.0,1e-05,False,False,False,1e-05,1e-05,False,False,0.017929999999999998,-0.01792,True,low_bin_residual_mad
2024-05-24 10:10:00,-4.383862,0.0,1e-05,False,False,False,1e-05,1e-05,False,False,0.017929999999999998,-0.01792,True,low_bin_residual_mad
2024-05-24 10:11:00,-4.2466507,0.0,1e-05,False,False,False,1e-05,1e-05,False,False,0.017929999999999998,-0.01792,True,low_bin_residual_mad
2024-05-24 10:16:00,-4.127769,0.0,0.016649999999999998,False,False,False,0.016649999999999998,0.016649999999999998,False,False,0.017929999999999998,-0.0012799999999999999,True,low_bin_residual_mad
2024-05-24 10:17:00,-4.213657,0.0,1e-05,False,False,False,1e-05,1e-05,False,False,0.017929999999999998,-0.01792,True,low_bin_residual_mad
2024-05-24 10:18:00,-4.554242,0.0,1e-05,False,False,False,1e-05,1e-05,False,False,0.017929999999999998,-0.01792,True,low_bin_residual_mad
2024-05-24 10:21:00,-4.6557803,0.0,0.016640000000000002,False,False,False,0.016640000000000002,0.016640000000000002,False,False,0.017929999999999998,-0.001289999999999996,True,low_bin_residual_mad
2024-05-24 10:22:00,-4.5925493,0.0,0.008960000000000001,False,False,False,0.008960000000000001,0.008960000000000001,False,False,0.017929999999999998,-0.008969999999999997,True,low_bin_residual_mad
2024-05-24 10:32:00,-4.57881,0.0,0.00257,False,False,False,0.00257,0.00257,False,False,0.017929999999999998,-0.015359999999999999,True,low_bin_residual_mad
2024-05-24 10:34:00,-4.3172784,0.0,0.01537,False,False,False,0.01537,0.01537,False,False,0.017929999999999998,-0.002559999999999998,True,low_bin_residual_mad
2024-05-24 10:36:00,-4.2328396,0.0,1e-05,False,False,False,1e-05,1e-05,False,False,0.017929999999999998,-0.01792,True,low_bin_residual_mad
2024-05-24 11:15:00,-4.4105225,0.0,0.011519999999999999,False,False,False,0.011519999999999999,0.011519999999999999,False,False,0.017929999999999998,-0.006409999999999999,True,low_bin_residual_mad
2024-05-24 11:16:00,-4.6940036,0.0,1e-05,False,False,False,1e-05,1e-05,False,False,0.017929999999999998,-0.01792,True,low_bin_residual_mad
2024-05-24 11:20:00,-4.601942,0.0,1e-05,False,False,False,1e-05,1e-05,False,False,0.017929999999999998,-0.01792,True,low_bin_residual_mad
2024-05-24 11:25:00,-4.130234,0.0,1e-05,False,False,False,1e-05,1e-05,False,False,0.017929999999999998,-0.01792,True,low_bin_residual_mad
2024-05-24 11:26:00,-4.3838325,0.0,1e-05,False,False,False,1e-05,1e-05,False,False,0.017929999999999998,-0.01792,True,low_bin_residual_mad
2024-05-24 11:28:00,-4.425247,0.0,1e-05,False,False,False,1e-05,1e-05,False,False,0.017929999999999998,-0.01792,True,low_bin_residual_mad
2024-05-24 11:31:00,-4.3963737,0.0,1e-05,False,False,False,1e-05,1e-05,False,False,0.017929999999999998,-0.01792,True,low_bin_residual_mad
2024-05-24 11:33:00,-4.554942,0.0,1e-05,False,False,False,1e-05,1e-05,False,False,0.017929999999999998,-0.01792,True,low_bin_residual_mad
2024-05-26 12:14:00,-4.3115993,0.0,0.0128,False,False,False,0.0128,0.0128,False,False,0.017929999999999998,-0.005129999999999997,True,low_bin_residual_mad
2024-05-26 12:25:00,-4.7925987,0.0,0.007679999999999999,False,False,False,0.007679999999999999,0.007679999999999999,False,False,0.017929999999999998,-0.010249999999999999,True,low_bin_residual_mad
2024-05-26 12:27:00,-4.6263275,0.0,0.011519999999999999,False,False,False,0.011519999999999999,0.011519999999999999,False,False,0.017929999999999998,-0.006409999999999999,True,low_bin_residual_mad
2024-05-26 12:28:00,-4.635429,0.0,0.008960000000000001,False,False,False,0.008960000000000001,0.008960000000000001,False,False,0.017929999999999998,-0.008969999999999997,True,low_bin_residual_mad
2024-05-26 12:29:00,-4.552225,0.0,0.011519999999999999,False,False,False,0.011519999999999999,0.011519999999999999,False,False,0.017929999999999998,-0.006409999999999999,True,low_bin_residual_mad
2024-05-26 12:41:00,-4.3769794,0.0,0.00256,False,False,False,0.00256,0.00256,False,False,0.017929999999999998,-0.015369999999999998,True,low_bin_residual_mad
2024-05-26 14:40:00,0.0,0.0,3.08979,False,False,False,3.08979,3.08979,False,False,3.089347912087912,0.0004420879120878851,True,low_bin_residual_mad
2024-05-26 15:40:00,-4.302535,0.0,0.00512,False,False,False,0.00512,0.00512,False,False,0.017929999999999998,-0.012809999999999998,True,low_bin_residual_mad
2024-05-26 16:24:00,0.0,0.0,5.284989999999999,False,False,False,5.284989999999999,5.284989999999999,False,False,3.2442091950605154,2.0407808049394833,True,low_bin_residual_mad
2024-05-27 10:22:00,-4.1665936,0.0,0.0128,False,False,False,0.0128,0.0128,False,False,0.017929999999999998,-0.005129999999999997,True,low_bin_residual_mad
2024-05-27 10:44:00,-0.76995397,0.0,2.8200500000000006,False,False,False,2.8200500000000006,2.8200500000000006,False,False,2.8199063952945576,0.0001436047054430567,True,low_bin_residual_mad
2024-05-27 11:12:00,0.79175794,0.79175794,3.894379999999999,False,False,False,3.894379999999999,3.102622059999999,False,False,3.868261072965477,-0.7656390129654782,True,low_bin_residual_mad
2024-05-27 12:33:00,-0.6496223,0.0,2.84523,False,False,False,2.84523,2.84523,False,False,2.845187482027822,4.2517972178135466e-05,True,low_bin_residual_mad
2024-05-27 15:36:00,-4.6694174,0.0,0.00256,False,False,False,0.00256,0.00256,False,False,0.017929999999999998,-0.015369999999999998,True,low_bin_residual_mad
2024-05-27 15:38:00,-4.4057145,0.0,0.008960000000000001,False,False,False,0.008960000000000001,0.008960000000000001,False,False,0.017929999999999998,-0.008969999999999997,True,low_bin_residual_mad
2024-05-27 15:59:00,-4.2395024,0.0,0.00598,False,False,False,0.00598,0.00598,False,False,0.017929999999999998,-0.011949999999999999,True,low_bin_residual_mad
2024-05-27 17:04:00,0.0,0.0,5.2905500000000005,False,False,False,5.2905500000000005,5.2905500000000005,False,False,3.2444940390632704,2.04605596093673,True,low_bin_residual_mad
2024-05-28 16:21:00,0.65868115,0.65868115,3.7270600000000003,False,False,False,3.7270600000000003,3.06837885,False,False,3.713442941911765,-0.645064091911765,True,low_bin_residual_mad
2024-05-28 16:22:00,0.6246733,0.6246733,3.8841200000000002,False,False,False,3.8841200000000002,3.2594467000000003,False,False,3.8588429090561354,-0.5993962090561351,True,low_bin_residual_mad
2024-05-28 16:23:00,0.624154,0.624154,3.9233800000000003,False,False,False,3.9233800000000003,3.2992260000000004,False,False,3.894881614229704,-0.5956556142297034,True,low_bin_residual_mad
2024-05-28 16:24:00,0.5884552,0.5884552,3.8132799999999993,False,False,False,3.8132799999999993,3.2248247999999995,False,False,3.7936975628179432,-0.5688727628179437,True,low_bin_residual_mad
2024-05-28 16:28:00,0.6232139,0.6232139,3.9208499999999997,False,False,False,3.9208499999999997,3.2976360999999996,False,False,3.892559201491824,-0.5949231014918244,True,low_bin_residual_mad
2024-05-28 16:29:00,0.6143428,0.6143428,3.95671,False,False,False,3.95671,3.3423672,False,False,3.925390511763524,-0.5830233117635242,True,low_bin_residual_mad
2024-05-28 16:32:00,0.0,0.0,3.0949199999999992,False,False,False,3.0949199999999992,3.0949199999999992,False,False,3.094422563436563,0.0004974365634362599,True,low_bin_residual_mad
2024-05-28 16:33:00,0.0,0.0,3.0864000000000003,False,False,False,3.0864000000000003,3.0864000000000003,False,False,3.085994487512488,0.00040551248751219404,True,low_bin_residual_mad
2024-05-28 16:46:00,0.0,0.0,2.82005,False,False,False,2.82005,2.82005,False,False,2.819906395294557,0.0001436047054430567,True,low_bin_residual_mad
2024-05-28 17:19:00,-4.22713,0.0,0.00512,False,False,False,0.00512,0.00512,False,False,0.017929999999999998,-0.012809999999999998,True,low_bin_residual_mad
2024-05-28 17:20:00,-4.2707705,0.0,0.00128,False,False,False,0.00128,0.00128,False,False,0.017929999999999998,-0.016649999999999998,True,low_bin_residual_mad
2024-05-28 17:26:00,-4.3768587,0.0,0.00256,False,False,False,0.00256,0.00256,False,False,0.017929999999999998,-0.015369999999999998,True,low_bin_residual_mad
2024-05-28 17:27:00,-4.2170625,0.0,0.007679999999999999,False,False,False,0.007679999999999999,0.007679999999999999,False,False,0.017929999999999998,-0.010249999999999999,True,low_bin_residual_mad
2024-05-28 17:34:00,-4.6941924,0.0,0.00213,False,False,False,0.00213,0.00213,False,False,0.017929999999999998,-0.015799999999999998,True,low_bin_residual_mad
2024-05-28 17:44:00,0.0,0.0,3.0667499999999994,False,False,False,3.0667499999999994,3.0667499999999994,False,False,3.066556495504495,0.00019350449550437077,True,low_bin_residual_mad
2024-05-28 18:08:00,0.0,0.0,3.09876,False,False,False,3.09876,3.09876,False,False,3.098221132867133,0.0005388671328669936,True,low_bin_residual_mad
2024-05-28 19:02:00,-3.9902687,0.0,0.0128,False,False,False,0.0128,0.0128,False,False,0.017929999999999998,-0.005129999999999997,True,low_bin_residual_mad
2024-05-28 19:03:00,-4.487919,0.0,0.007679999999999999,False,False,False,0.007679999999999999,0.007679999999999999,False,False,0.017929999999999998,-0.010249999999999999,True,low_bin_residual_mad
2024-05-28 19:10:00,-4.2102804,0.0,0.007679999999999999,False,False,False,0.007679999999999999,0.007679999999999999,False,False,0.017929999999999998,-0.010249999999999999,True,low_bin_residual_mad
2024-05-28 19:11:00,-4.0942807,0.0,0.00512,False,False,False,0.00512,0.00512,False,False,0.017929999999999998,-0.012809999999999998,True,low_bin_residual_mad
2024-05-28 19:12:00,-4.2321105,0.0,0.0064,False,False,False,0.0064,0.0064,False,False,0.017929999999999998,-0.011529999999999999,True,low_bin_residual_mad
2024-05-28 19:13:00,-4.148634,0.0,0.0064,False,False,False,0.0064,0.0064,False,False,0.017929999999999998,-0.011529999999999999,True,low_bin_residual_mad
2024-05-28 19:39:00,-3.9162767,0.0,0.01408,False,False,False,0.01408,0.01408,False,False,0.017929999999999998,-0.0038499999999999975,True,low_bin_residual_mad
2024-05-28 19:45:00,-4.133502,0.0,0.01409,False,False,False,0.01409,0.01409,False,False,0.017929999999999998,-0.003839999999999998,True,low_bin_residual_mad
2024-05-28 19:55:00,-3.9238927,0.0,0.008960000000000001,False,False,False,0.008960000000000001,0.008960000000000001,False,False,0.017929999999999998,-0.008969999999999997,True,low_bin_residual_mad
2024-05-28 20:21:00,-3.9836388,0.0,0.014080000000000002,False,False,False,0.014080000000000002,0.014080000000000002,False,False,0.017929999999999998,-0.003849999999999996,True,low_bin_residual_mad
2024-05-29 02:57:00,-4.038249,0.0,0.00598,False,False,False,0.00598,0.00598,False,False,0.017929999999999998,-0.011949999999999999,True,low_bin_residual_mad
2024-05-29 03:49:00,0.0,0.0,3.0547900000000006,False,False,False,3.0547900000000006,3.0547900000000006,False,False,3.054725534465535,6.446553446570746e-05,True,low_bin_residual_mad
2024-05-29 06:29:00,0.0,0.0,3.0884999999999994,False,False,False,3.0884999999999994,3.0884999999999994,False,False,3.0880718301698296,0.00042816983016980004,True,low_bin_residual_mad
2024-05-30 13:17:00,0.0,0.0,3.062919999999999,False,False,False,3.062919999999999,3.062919999999999,False,False,3.0627678181818174,0.00015218181818177356,True,low_bin_residual_mad
2024-05-30 13:19:00,0.0,0.0,4.815460000000001,False,False,False,4.815460000000001,4.815460000000001,False,False,3.1530514801744896,1.6624085198255112,True,low_bin_residual_mad
2024-05-30 14:21:00,0.0,0.0,4.8146,False,False,False,4.8146,4.8146,False,False,3.1527172705210122,1.6618827294789882,True,low_bin_residual_mad
2024-05-30 14:25:00,0.0,0.0,5.14242,False,False,False,5.14242,5.14242,False,False,3.206305673729022,1.9361143262709786,True,low_bin_residual_mad
2024-05-30 14:31:00,0.0,0.0,4.873500000000001,False,False,False,4.873500000000001,4.873500000000001,False,False,3.1727685575534,1.700731442446601,True,low_bin_residual_mad
2024-05-30 15:18:00,0.0,0.0,3.0906299999999995,False,False,False,3.0906299999999995,3.0906299999999995,False,False,3.090178849150849,0.0004511508491504834,True,low_bin_residual_mad
2024-05-30 15:28:00,0.0,0.0,3.0808500000000003,False,False,False,3.0808500000000003,3.0808500000000003,False,False,3.080504367632368,0.0003456323676322981,True,low_bin_residual_mad
2024-05-30 15:29:00,0.0,0.0,3.0693500000000005,False,False,False,3.0693500000000005,3.0693500000000005,False,False,3.069128443556444,0.00022155644355636994,True,low_bin_residual_mad
2024-05-30 23:05:00,0.58688223,0.58688223,3.898639999999999,False,False,False,3.898639999999999,3.311757769999999,False,False,3.872171538682222,-0.5604137686822233,True,low_bin_residual_mad
2024-05-30 23:44:00,-4.089673,0.0,0.016649999999999998,False,False,False,0.016649999999999998,0.016649999999999998,False,False,0.017929999999999998,-0.0012799999999999999,True,low_bin_residual_mad
2024-05-30 23:45:00,-4.3098664,0.0,0.01409,False,False,False,0.01409,0.01409,False,False,0.017929999999999998,-0.003839999999999998,True,low_bin_residual_mad
2024-05-31 00:41:00,0.6616685,0.6616685,3.4679399999999996,False,False,False,3.4679399999999996,2.8062714999999994,False,False,3.463382076315922,-0.6571105763159228,True,low_bin_residual_mad
2024-05-31 00:45:00,0.0,0.0,3.060329999999999,False,False,False,3.060329999999999,3.060329999999999,False,False,3.060205762237761,0.00012423776223791094,True,low_bin_residual_mad
2024-05-31 01:00:00,-4.3265886,0.0,0.008960000000000001,False,False,False,0.008960000000000001,0.008960000000000001,False,False,0.017929999999999998,-0.008969999999999997,True,low_bin_residual_mad
2024-05-31 01:08:00,-4.238368,0.0,0.0038399999999999997,False,False,False,0.0038399999999999997,0.0038399999999999997,False,False,0.017929999999999998,-0.014089999999999998,True,low_bin_residual_mad
2024-05-31 01:09:00,-4.113441,0.0,0.0128,False,False,False,0.0128,0.0128,False,False,0.017929999999999998,-0.005129999999999997,True,low_bin_residual_mad
2024-05-31 01:10:00,-4.1205664,0.0,0.007679999999999999,False,False,False,0.007679999999999999,0.007679999999999999,False,False,0.017929999999999998,-0.010249999999999999,True,low_bin_residual_mad
2024-05-31 01:24:00,-4.7650905,0.0,0.01409,False,False,False,0.01409,0.01409,False,False,0.017929999999999998,-0.003839999999999998,True,low_bin_residual_mad
2024-05-31 05:11:00,-3.7668583,0.0,0.016649999999999998,False,False,False,0.016649999999999998,0.016649999999999998,False,False,0.017929999999999998,-0.0012799999999999999,True,low_bin_residual_mad
2024-05-31 05:35:00,-4.4371037,0.0,0.00128,False,False,False,0.00128,0.00128,False,False,0.017929999999999998,-0.016649999999999998,True,low_bin_residual_mad
2024-05-31 05:50:00,-3.9053023,0.0,0.007679999999999999,False,False,False,0.007679999999999999,0.007679999999999999,False,False,0.017929999999999998,-0.010249999999999999,True,low_bin_residual_mad
2024-05-31 06:13:00,-4.404401,0.0,0.00256,False,False,False,0.00256,0.00256,False,False,0.017929999999999998,-0.015369999999999998,True,low_bin_residual_mad
2024-05-31 06:40:00,-4.530735,0.0,0.01409,False,False,False,0.01409,0.01409,False,False,0.017929999999999998,-0.003839999999999998,True,low_bin_residual_mad
2024-05-31 06:41:00,-4.5328336,0.0,0.0128,False,False,False,0.0128,0.0128,False,False,0.017929999999999998,-0.005129999999999997,True,low_bin_residual_mad
2024-05-31 06:42:00,-4.6017604,0.0,0.007679999999999999,False,False,False,0.007679999999999999,0.007679999999999999,False,False,0.017929999999999998,-0.010249999999999999,True,low_bin_residual_mad
2024-05-31 06:45:00,-4.2172513,0.0,0.01024,False,False,False,0.01024,0.01024,False,False,0.017929999999999998,-0.007689999999999997,True,low_bin_residual_mad
2024-05-31 07:22:00,-4.1744576,0.0,0.011519999999999999,False,False,False,0.011519999999999999,0.011519999999999999,False,False,0.017929999999999998,-0.006409999999999999,True,low_bin_residual_mad
2024-05-31 07:29:00,-4.1173,0.0,0.008960000000000001,False,False,False,0.008960000000000001,0.008960000000000001,False,False,0.017929999999999998,-0.008969999999999997,True,low_bin_residual_mad
2024-05-31 08:17:00,-4.082965,0.0,0.00512,False,False,False,0.00512,0.00512,False,False,0.017929999999999998,-0.012809999999999998,True,low_bin_residual_mad
2024-05-31 08:29:00,-3.7599375,0.0,0.01408,False,False,False,0.01408,0.01408,False,False,0.017929999999999998,-0.0038499999999999975,True,low_bin_residual_mad
2024-05-31 09:00:00,-4.1278486,0.0,0.007679999999999999,False,False,False,0.007679999999999999,0.007679999999999999,False,False,0.017929999999999998,-0.010249999999999999,True,low_bin_residual_mad
2024-05-31 09:06:00,-4.1709003,0.0,0.01024,False,False,False,0.01024,0.01024,False,False,0.017929999999999998,-0.007689999999999997,True,low_bin_residual_mad
2024-05-31 09:07:00,-4.2159853,0.0,0.01537,False,False,False,0.01537,0.01537,False,False,0.017929999999999998,-0.002559999999999998,True,low_bin_residual_mad
2024-05-31 10:17:00,-4.001167,0.0,0.00014000000000000001,False,False,False,0.00014000000000000001,0.00014000000000000001,False,False,0.017929999999999998,-0.017789999999999997,True,low_bin_residual_mad
2024-05-31 10:18:00,-3.9243526,0.0,0.00014000000000000001,False,False,False,0.00014000000000000001,0.00014000000000000001,False,False,0.017929999999999998,-0.017789999999999997,True,low_bin_residual_mad
2024-05-31 10:19:00,-3.9380214,0.0,0.00014000000000000001,False,False,False,0.00014000000000000001,0.00014000000000000001,False,False,0.017929999999999998,-0.017789999999999997,True,low_bin_residual_mad
2024-05-31 10:20:00,-4.0574493,0.0,0.00014000000000000001,False,False,False,0.00014000000000000001,0.00014000000000000001,False,False,0.017929999999999998,-0.017789999999999997,True,low_bin_residual_mad
2024-05-31 10:21:00,-4.300091,0.0,0.00014000000000000001,False,False,False,0.00014000000000000001,0.00014000000000000001,False,False,0.017929999999999998,-0.017789999999999997,True,low_bin_residual_mad
2024-05-31 10:22:00,-4.2979517,0.0,0.00014000000000000001,False,False,False,0.00014000000000000001,0.00014000000000000001,False,False,0.017929999999999998,-0.017789999999999997,True,low_bin_residual_mad
2024-05-31 10:23:00,-3.9249134,0.0,0.00014000000000000001,False,False,False,0.00014000000000000001,0.00014000000000000001,False,False,0.017929999999999998,-0.017789999999999997,True,low_bin_residual_mad
2024-05-31 10:24:00,-4.3983083,0.0,0.00014000000000000001,False,False,False,0.00014000000000000001,0.00014000000000000001,False,False,0.017929999999999998,-0.017789999999999997,True,low_bin_residual_mad
2024-05-31 10:25:00,-4.3265,0.0,0.00014000000000000001,False,False,False,0.00014000000000000001,0.00014000000000000001,False,False,0.017929999999999998,-0.017789999999999997,True,low_bin_residual_mad
2024-05-31 10:26:00,-4.4128695,0.0,0.00014000000000000001,False,False,False,0.00014000000000000001,0.00014000000000000001,False,False,0.017929999999999998,-0.017789999999999997,True,low_bin_residual_mad
2024-05-31 10:27:00,-3.9905272,0.0,0.00014000000000000001,False,False,False,0.00014000000000000001,0.00014000000000000001,False,False,0.017929999999999998,-0.017789999999999997,True,low_bin_residual_mad
2024-05-31 10:28:00,-4.504791,0.0,0.00014000000000000001,False,False,False,0.00014000000000000001,0.00014000000000000001,False,False,0.017929999999999998,-0.017789999999999997,True,low_bin_residual_mad
2024-05-31 10:29:00,-4.0030675,0.0,0.00014000000000000001,False,False,False,0.00014000000000000001,0.00014000000000000001,False,False,0.017929999999999998,-0.017789999999999997,True,low_bin_residual_mad
2024-05-31 10:30:00,-3.6135716,0.0,0.00014000000000000001,False,False,False,0.00014000000000000001,0.00014000000000000001,False,False,0.017929999999999998,-0.017789999999999997,True,low_bin_residual_mad
2024-05-31 10:31:00,-4.4335775,0.0,0.00014000000000000001,False,False,False,0.00014000000000000001,0.00014000000000000001,False,False,0.017929999999999998,-0.017789999999999997,True,low_bin_residual_mad
2024-05-31 10:32:00,-4.012318,0.0,0.00014000000000000001,False,False,False,0.00014000000000000001,0.00014000000000000001,False,False,0.017929999999999998,-0.017789999999999997,True,low_bin_residual_mad
2024-05-31 10:33:00,-4.1594877,0.0,0.00014000000000000001,False,False,False,0.00014000000000000001,0.00014000000000000001,False,False,0.017929999999999998,-0.017789999999999997,True,low_bin_residual_mad
2024-05-31 10:34:00,-4.10386,0.0,0.00011999999999999999,False,False,False,0.00011999999999999999,0.00011999999999999999,False,False,0.017929999999999998,-0.01781,True,low_bin_residual_mad
2024-05-31 10:35:00,-4.0078187,0.0,0.00014000000000000001,False,False,False,0.00014000000000000001,0.00014000000000000001,False,False,0.017929999999999998,-0.017789999999999997,True,low_bin_residual_mad
2024-05-31 10:36:00,-4.2878013,0.0,0.00013000000000000002,False,False,False,0.00013000000000000002,0.00013000000000000002,False,False,0.017929999999999998,-0.017799999999999996,True,low_bin_residual_mad
2024-05-31 10:37:00,-4.294537,0.0,0.00011,False,False,False,0.00011,0.00011,False,False,0.017929999999999998,-0.01782,True,low_bin_residual_mad
2024-05-31 10:38:00,-4.3715973,0.0,0.00014000000000000001,False,False,False,0.00014000000000000001,0.00014000000000000001,False,False,0.017929999999999998,-0.017789999999999997,True,low_bin_residual_mad
2024-05-31 10:39:00,-4.023008,0.0,0.00014000000000000001,False,False,False,0.00014000000000000001,0.00014000000000000001,False,False,0.017929999999999998,-0.017789999999999997,True,low_bin_residual_mad
2024-05-31 10:40:00,-4.207588,0.0,0.00014000000000000001,False,False,False,0.00014000000000000001,0.00014000000000000001,False,False,0.017929999999999998,-0.017789999999999997,True,low_bin_residual_mad
2024-05-31 10:41:00,-3.9218779,0.0,0.00014000000000000001,False,False,False,0.00014000000000000001,0.00014000000000000001,False,False,0.017929999999999998,-0.017789999999999997,True,low_bin_residual_mad
2024-05-31 10:42:00,-4.1638594,0.0,0.00014000000000000001,False,False,False,0.00014000000000000001,0.00014000000000000001,False,False,0.017929999999999998,-0.017789999999999997,True,low_bin_residual_mad
2024-05-31 11:58:00,-4.053168,0.0,4e-05,False,False,False,4e-05,4e-05,False,False,0.017929999999999998,-0.01789,True,low_bin_residual_mad
2024-05-31 11:59:00,-3.9731526,0.0,0.00014000000000000001,False,False,False,0.00014000000000000001,0.00014000000000000001,False,False,0.017929999999999998,-0.017789999999999997,True,low_bin_residual_mad
2024-05-31 12:00:00,-4.1050963,0.0,0.00014000000000000001,False,False,False,0.00014000000000000001,0.00014000000000000001,False,False,0.017929999999999998,-0.017789999999999997,True,low_bin_residual_mad
2024-05-31 12:01:00,-4.1039705,0.0,0.00014000000000000001,False,False,False,0.00014000000000000001,0.00014000000000000001,False,False,0.017929999999999998,-0.017789999999999997,True,low_bin_residual_mad
2024-05-31 12:02:00,-3.998002,0.0,0.00014000000000000001,False,False,False,0.00014000000000000001,0.00014000000000000001,False,False,0.017929999999999998,-0.017789999999999997,True,low_bin_residual_mad
2024-05-31 12:03:00,-3.9703207,0.0,0.00014000000000000001,False,False,False,0.00014000000000000001,0.00014000000000000001,False,False,0.017929999999999998,-0.017789999999999997,True,low_bin_residual_mad
2024-05-31 12:04:00,-3.9900315,0.0,0.00014000000000000001,False,False,False,0.00014000000000000001,0.00014000000000000001,False,False,0.017929999999999998,-0.017789999999999997,True,low_bin_residual_mad
2024-05-31 12:05:00,-3.946126,0.0,0.00014000000000000001,False,False,False,0.00014000000000000001,0.00014000000000000001,False,False,0.017929999999999998,-0.017789999999999997,True,low_bin_residual_mad
2024-05-31 12:06:00,-4.0588226,0.0,0.00014000000000000001,False,False,False,0.00014000000000000001,0.00014000000000000001,False,False,0.017929999999999998,-0.017789999999999997,True,low_bin_residual_mad
2024-05-31 12:07:00,-3.9600503,0.0,0.00014000000000000001,False,False,False,0.00014000000000000001,0.00014000000000000001,False,False,0.017929999999999998,-0.017789999999999997,True,low_bin_residual_mad
2024-05-31 12:08:00,-3.9550524,0.0,0.00014000000000000001,False,False,False,0.00014000000000000001,0.00014000000000000001,False,False,0.017929999999999998,-0.017789999999999997,True,low_bin_residual_mad
2024-05-31 12:09:00,-3.950399,0.0,0.00014000000000000001,False,False,False,0.00014000000000000001,0.00014000000000000001,False,False,0.017929999999999998,-0.017789999999999997,True,low_bin_residual_mad
2024-05-31 12:10:00,-4.0870123,0.0,0.00014000000000000001,False,False,False,0.00014000000000000001,0.00014000000000000001,False,False,0.017929999999999998,-0.017789999999999997,True,low_bin_residual_mad
2024-05-31 12:11:00,-4.064249,0.0,0.00014000000000000001,False,False,False,0.00014000000000000001,0.00014000000000000001,False,False,0.017929999999999998,-0.017789999999999997,True,low_bin_residual_mad
2024-05-31 12:12:00,-4.081722,0.0,0.00014000000000000001,False,False,False,0.00014000000000000001,0.00014000000000000001,False,False,0.017929999999999998,-0.017789999999999997,True,low_bin_residual_mad
2024-05-31 12:13:00,-4.114519,0.0,0.00014000000000000001,False,False,False,0.00014000000000000001,0.00014000000000000001,False,False,0.017929999999999998,-0.017789999999999997,True,low_bin_residual_mad
2024-05-31 12:14:00,-4.115674,0.0,0.00014000000000000001,False,False,False,0.00014000000000000001,0.00014000000000000001,False,False,0.017929999999999998,-0.017789999999999997,True,low_bin_residual_mad
2024-05-31 12:15:00,-4.0768642,0.0,0.00014000000000000001,False,False,False,0.00014000000000000001,0.00014000000000000001,False,False,0.017929999999999998,-0.017789999999999997,True,low_bin_residual_mad
2024-05-31 12:16:00,-4.071793,0.0,0.00014000000000000001,False,False,False,0.00014000000000000001,0.00014000000000000001,False,False,0.017929999999999998,-0.017789999999999997,True,low_bin_residual_mad
2024-05-31 12:17:00,-4.1288624,0.0,0.00014000000000000001,False,False,False,0.00014000000000000001,0.00014000000000000001,False,False,0.017929999999999998,-0.017789999999999997,True,low_bin_residual_mad
2024-05-31 12:18:00,-4.014964,0.0,0.00014000000000000001,False,False,False,0.00014000000000000001,0.00014000000000000001,False,False,0.017929999999999998,-0.017789999999999997,True,low_bin_residual_mad
2024-05-31 12:19:00,-4.1671796,0.0,0.00014000000000000001,False,False,False,0.00014000000000000001,0.00014000000000000001,False,False,0.017929999999999998,-0.017789999999999997,True,low_bin_residual_mad
2024-05-31 12:20:00,-3.98538,0.0,0.00014000000000000001,False,False,False,0.00014000000000000001,0.00014000000000000001,False,False,0.017929999999999998,-0.017789999999999997,True,low_bin_residual_mad
2024-05-31 12:21:00,-4.0051107,0.0,0.00011999999999999999,False,False,False,0.00011999999999999999,0.00011999999999999999,False,False,0.017929999999999998,-0.01781,True,low_bin_residual_mad
2024-05-31 12:22:00,-3.9960814,0.0,0.00014000000000000001,False,False,False,0.00014000000000000001,0.00014000000000000001,False,False,0.017929999999999998,-0.017789999999999997,True,low_bin_residual_mad
2024-05-31 12:23:00,-4.0325537,0.0,0.00014000000000000001,False,False,False,0.00014000000000000001,0.00014000000000000001,False,False,0.017929999999999998,-0.017789999999999997,True,low_bin_residual_mad
2024-05-31 12:24:00,-4.1021776,0.0,0.00014000000000000001,False,False,False,0.00014000000000000001,0.00014000000000000001,False,False,0.017929999999999998,-0.017789999999999997,True,low_bin_residual_mad
2024-05-31 12:25:00,-4.175675,0.0,0.00014000000000000001,False,False,False,0.00014000000000000001,0.00014000000000000001,False,False,0.017929999999999998,-0.017789999999999997,True,low_bin_residual_mad
2024-05-31 12:26:00,-4.1843185,0.0,0.00014000000000000001,False,False,False,0.00014000000000000001,0.00014000000000000001,False,False,0.017929999999999998,-0.017789999999999997,True,low_bin_residual_mad
2024-05-31 12:27:00,-3.9956303,0.0,0.00011999999999999999,False,False,False,0.00011999999999999999,0.00011999999999999999,False,False,0.017929999999999998,-0.01781,True,low_bin_residual_mad
2024-05-31 12:29:00,-4.199837,0.0,0.01551,False,False,False,0.01551,0.01551,False,False,0.017929999999999998,-0.0024199999999999985,True,low_bin_residual_mad
2024-05-31 12:30:00,-4.320814,0.0,0.009100000000000002,False,False,False,0.009100000000000002,0.009100000000000002,False,False,0.017929999999999998,-0.008829999999999996,True,low_bin_residual_mad
2024-05-31 12:40:00,-4.4760556,0.0,0.008960000000000001,False,False,False,0.008960000000000001,0.008960000000000001,False,False,0.017929999999999998,-0.008969999999999997,True,low_bin_residual_mad
2024-05-31 12:42:00,-4.296763,0.0,0.008960000000000001,False,False,False,0.008960000000000001,0.008960000000000001,False,False,0.017929999999999998,-0.008969999999999997,True,low_bin_residual_mad
2024-05-31 12:53:00,-4.493041,0.0,0.011519999999999999,False,False,False,0.011519999999999999,0.011519999999999999,False,False,0.017929999999999998,-0.006409999999999999,True,low_bin_residual_mad
2024-05-31 13:00:00,-4.421609,0.0,0.008960000000000001,False,False,False,0.008960000000000001,0.008960000000000001,False,False,0.017929999999999998,-0.008969999999999997,True,low_bin_residual_mad
2024-05-31 13:02:00,-4.6936946,0.0,0.007679999999999999,False,False,False,0.007679999999999999,0.007679999999999999,False,False,0.017929999999999998,-0.010249999999999999,True,low_bin_residual_mad
2024-05-31 13:37:00,-4.283079,0.0,0.0038399999999999997,False,False,False,0.0038399999999999997,0.0038399999999999997,False,False,0.017929999999999998,-0.014089999999999998,True,low_bin_residual_mad
2024-05-31 13:53:00,-4.1565757,0.0,0.00011999999999999999,False,False,False,0.00011999999999999999,0.00011999999999999999,False,False,0.017929999999999998,-0.01781,True,low_bin_residual_mad
2024-05-31 13:54:00,-4.121071,0.0,0.00014000000000000001,False,False,False,0.00014000000000000001,0.00014000000000000001,False,False,0.017929999999999998,-0.017789999999999997,True,low_bin_residual_mad
2024-05-31 13:55:00,-4.2874503,0.0,0.00014000000000000001,False,False,False,0.00014000000000000001,0.00014000000000000001,False,False,0.017929999999999998,-0.017789999999999997,True,low_bin_residual_mad
2024-05-31 13:56:00,-4.1332393,0.0,0.00014000000000000001,False,False,False,0.00014000000000000001,0.00014000000000000001,False,False,0.017929999999999998,-0.017789999999999997,True,low_bin_residual_mad
2024-05-31 13:57:00,-4.2190375,0.0,0.00014000000000000001,False,False,False,0.00014000000000000001,0.00014000000000000001,False,False,0.017929999999999998,-0.017789999999999997,True,low_bin_residual_mad
2024-05-31 13:58:00,-4.3167067,0.0,0.00014000000000000001,False,False,False,0.00014000000000000001,0.00014000000000000001,False,False,0.017929999999999998,-0.017789999999999997,True,low_bin_residual_mad
2024-05-31 13:59:00,-4.0843325,0.0,0.00014000000000000001,False,False,False,0.00014000000000000001,0.00014000000000000001,False,False,0.017929999999999998,-0.017789999999999997,True,low_bin_residual_mad
2024-05-31 14:00:00,-4.2261147,0.0,0.00014000000000000001,False,False,False,0.00014000000000000001,0.00014000000000000001,False,False,0.017929999999999998,-0.017789999999999997,True,low_bin_residual_mad
2024-05-31 14:01:00,-4.468954,0.0,0.00014000000000000001,False,False,False,0.00014000000000000001,0.00014000000000000001,False,False,0.017929999999999998,-0.017789999999999997,True,low_bin_residual_mad
2024-05-31 14:02:00,-4.3859844,0.0,0.00014000000000000001,False,False,False,0.00014000000000000001,0.00014000000000000001,False,False,0.017929999999999998,-0.017789999999999997,True,low_bin_residual_mad
2024-05-31 14:03:00,-4.3293614,0.0,0.00014000000000000001,False,False,False,0.00014000000000000001,0.00014000000000000001,False,False,0.017929999999999998,-0.017789999999999997,True,low_bin_residual_mad
2024-05-31 14:04:00,-4.3240013,0.0,0.00014000000000000001,False,False,False,0.00014000000000000001,0.00014000000000000001,False,False,0.017929999999999998,-0.017789999999999997,True,low_bin_residual_mad
2024-05-31 14:05:00,-4.3800836,0.0,0.00014000000000000001,False,False,False,0.00014000000000000001,0.00014000000000000001,False,False,0.017929999999999998,-0.017789999999999997,True,low_bin_residual_mad
2024-05-31 14:06:00,-4.453826,0.0,0.01038,False,False,False,0.01038,0.01038,False,False,0.017929999999999998,-0.007549999999999998,True,low_bin_residual_mad
2024-05-31 14:07:00,-4.4762125,0.0,0.00014000000000000001,False,False,False,0.00014000000000000001,0.00014000000000000001,False,False,0.017929999999999998,-0.017789999999999997,True,low_bin_residual_mad
2024-05-31 14:08:00,-4.4369445,0.0,0.00014000000000000001,False,False,False,0.00014000000000000001,0.00014000000000000001,False,False,0.017929999999999998,-0.017789999999999997,True,low_bin_residual_mad
2024-05-31 14:10:00,-4.534037,0.0,0.00014000000000000001,False,False,False,0.00014000000000000001,0.00014000000000000001,False,False,0.017929999999999998,-0.017789999999999997,True,low_bin_residual_mad
2024-05-31 14:12:00,-4.7054996,0.0,0.007819999999999999,False,False,False,0.007819999999999999,0.007819999999999999,False,False,0.017929999999999998,-0.01011,True,low_bin_residual_mad
2024-05-31 14:15:00,-4.5413213,0.0,0.00654,False,False,False,0.00654,0.00654,False,False,0.017929999999999998,-0.011389999999999997,True,low_bin_residual_mad
2024-05-31 14:25:00,-4.6812177,0.0,0.00014000000000000001,False,False,False,0.00014000000000000001,0.00014000000000000001,False,False,0.017929999999999998,-0.017789999999999997,True,low_bin_residual_mad
2024-05-31 14:26:00,-4.5185137,0.0,0.0014199999999999998,False,False,False,0.0014199999999999998,0.0014199999999999998,False,False,0.017929999999999998,-0.016509999999999997,True,low_bin_residual_mad
2024-05-31 14:27:00,-4.4666247,0.0,0.01166,False,False,False,0.01166,0.01166,False,False,0.017929999999999998,-0.006269999999999998,True,low_bin_residual_mad
2024-05-31 15:31:00,-4.100886,0.0,0.00014000000000000001,False,False,False,0.00014000000000000001,0.00014000000000000001,False,False,0.017929999999999998,-0.017789999999999997,True,low_bin_residual_mad
2024-05-31 15:32:00,-4.1303988,0.0,0.00014000000000000001,False,False,False,0.00014000000000000001,0.00014000000000000001,False,False,0.017929999999999998,-0.017789999999999997,True,low_bin_residual_mad
2024-05-31 15:33:00,-4.245802,0.0,0.00014000000000000001,False,False,False,0.00014000000000000001,0.00014000000000000001,False,False,0.017929999999999998,-0.017789999999999997,True,low_bin_residual_mad
2024-05-31 15:34:00,-4.0533857,0.0,0.00014000000000000001,False,False,False,0.00014000000000000001,0.00014000000000000001,False,False,0.017929999999999998,-0.017789999999999997,True,low_bin_residual_mad
2024-05-31 15:35:00,-4.208886,0.0,0.00014000000000000001,False,False,False,0.00014000000000000001,0.00014000000000000001,False,False,0.017929999999999998,-0.017789999999999997,True,low_bin_residual_mad
2024-05-31 15:36:00,-4.104733,0.0,0.00014000000000000001,False,False,False,0.00014000000000000001,0.00014000000000000001,False,False,0.017929999999999998,-0.017789999999999997,True,low_bin_residual_mad
2024-05-31 15:37:00,-4.1364126,0.0,8e-05,False,False,False,8e-05,8e-05,False,False,0.017929999999999998,-0.017849999999999998,True,low_bin_residual_mad
2024-05-31 15:38:00,-4.072348,0.0,0.00014000000000000001,False,False,False,0.00014000000000000001,0.00014000000000000001,False,False,0.017929999999999998,-0.017789999999999997,True,low_bin_residual_mad
2024-05-31 15:39:00,-4.0691147,0.0,0.00014000000000000001,False,False,False,0.00014000000000000001,0.00014000000000000001,False,False,0.017929999999999998,-0.017789999999999997,True,low_bin_residual_mad
2024-05-31 15:40:00,-4.0757017,0.0,0.00014000000000000001,False,False,False,0.00014000000000000001,0.00014000000000000001,False,False,0.017929999999999998,-0.017789999999999997,True,low_bin_residual_mad
2024-05-31 15:41:00,-4.0757017,0.0,0.00014000000000000001,False,False,False,0.00014000000000000001,0.00014000000000000001,False,False,0.017929999999999998,-0.017789999999999997,True,low_bin_residual_mad
2024-05-31 15:42:00,-4.1761565,0.0,0.00014000000000000001,False,False,False,0.00014000000000000001,0.00014000000000000001,False,False,0.017929999999999998,-0.017789999999999997,True,low_bin_residual_mad
2024-05-31 15:43:00,-4.1143103,0.0,0.00014000000000000001,False,False,False,0.00014000000000000001,0.00014000000000000001,False,False,0.017929999999999998,-0.017789999999999997,True,low_bin_residual_mad
2024-05-31 15:44:00,-4.11821,0.0,0.00014000000000000001,False,False,False,0.00014000000000000001,0.00014000000000000001,False,False,0.017929999999999998,-0.017789999999999997,True,low_bin_residual_mad
2024-05-31 15:45:00,-4.058298,0.0,0.00014000000000000001,False,False,False,0.00014000000000000001,0.00014000000000000001,False,False,0.017929999999999998,-0.017789999999999997,True,low_bin_residual_mad
2024-05-31 15:46:00,-3.8780127,0.0,0.00014000000000000001,False,False,False,0.00014000000000000001,0.00014000000000000001,False,False,0.017929999999999998,-0.017789999999999997,True,low_bin_residual_mad
2024-05-31 15:47:00,-4.0290766,0.0,0.00014000000000000001,False,False,False,0.00014000000000000001,0.00014000000000000001,False,False,0.017929999999999998,-0.017789999999999997,True,low_bin_residual_mad
2024-05-31 15:48:00,-3.961164,0.0,0.00014000000000000001,False,False,False,0.00014000000000000001,0.00014000000000000001,False,False,0.017929999999999998,-0.017789999999999997,True,low_bin_residual_mad
2024-05-31 15:49:00,-3.9137416,0.0,0.00014000000000000001,False,False,False,0.00014000000000000001,0.00014000000000000001,False,False,0.017929999999999998,-0.017789999999999997,True,low_bin_residual_mad
2024-05-31 15:50:00,-3.828375,0.0,0.00014000000000000001,False,False,False,0.00014000000000000001,0.00014000000000000001,False,False,0.017929999999999998,-0.017789999999999997,True,low_bin_residual_mad
2024-05-31 15:51:00,-4.1187887,0.0,0.00014000000000000001,False,False,False,0.00014000000000000001,0.00014000000000000001,False,False,0.017929999999999998,-0.017789999999999997,True,low_bin_residual_mad
2024-05-31 15:52:00,-4.087482,0.0,0.00014000000000000001,False,False,False,0.00014000000000000001,0.00014000000000000001,False,False,0.017929999999999998,-0.017789999999999997,True,low_bin_residual_mad
2024-05-31 15:53:00,-4.1517844,0.0,0.00014000000000000001,False,False,False,0.00014000000000000001,0.00014000000000000001,False,False,0.017929999999999998,-0.017789999999999997,True,low_bin_residual_mad
2024-05-31 15:54:00,-4.1779118,0.0,0.00014000000000000001,False,False,False,0.00014000000000000001,0.00014000000000000001,False,False,0.017929999999999998,-0.017789999999999997,True,low_bin_residual_mad
2024-05-31 15:55:00,-4.1754966,0.0,0.00014000000000000001,False,False,False,0.00014000000000000001,0.00014000000000000001,False,False,0.017929999999999998,-0.017789999999999997,True,low_bin_residual_mad
2024-05-31 15:56:00,-4.1259,0.0,0.00014000000000000001,False,False,False,0.00014000000000000001,0.00014000000000000001,False,False,0.017929999999999998,-0.017789999999999997,True,low_bin_residual_mad
2024-05-31 15:57:00,-4.121606,0.0,0.00014000000000000001,False,False,False,0.00014000000000000001,0.00014000000000000001,False,False,0.017929999999999998,-0.017789999999999997,True,low_bin_residual_mad
2024-05-31 15:58:00,-4.2101393,0.0,0.00014000000000000001,False,False,False,0.00014000000000000001,0.00014000000000000001,False,False,0.017929999999999998,-0.017789999999999997,True,low_bin_residual_mad
2024-05-31 15:59:00,-4.2101393,0.0,0.00014000000000000001,False,False,False,0.00014000000000000001,0.00014000000000000001,False,False,0.017929999999999998,-0.017789999999999997,True,low_bin_residual_mad
2024-05-31 16:00:00,-4.15106,0.0,0.00014000000000000001,False,False,False,0.00014000000000000001,0.00014000000000000001,False,False,0.017929999999999998,-0.017789999999999997,True,low_bin_residual_mad
2024-05-31 16:01:00,-4.1494308,0.0,0.00014000000000000001,False,False,False,0.00014000000000000001,0.00014000000000000001,False,False,0.017929999999999998,-0.017789999999999997,True,low_bin_residual_mad
2024-05-31 16:02:00,-4.199739,0.0,0.00011999999999999999,False,False,False,0.00011999999999999999,0.00011999999999999999,False,False,0.017929999999999998,-0.01781,True,low_bin_residual_mad
2024-05-31 16:03:00,-4.1057277,0.0,0.00014000000000000001,False,False,False,0.00014000000000000001,0.00014000000000000001,False,False,0.017929999999999998,-0.017789999999999997,True,low_bin_residual_mad
2024-05-31 16:04:00,-4.2434688,0.0,0.00014000000000000001,False,False,False,0.00014000000000000001,0.00014000000000000001,False,False,0.017929999999999998,-0.017789999999999997,True,low_bin_residual_mad
2024-05-31 16:05:00,-4.2751093,0.0,0.00014000000000000001,False,False,False,0.00014000000000000001,0.00014000000000000001,False,False,0.017929999999999998,-0.017789999999999997,True,low_bin_residual_mad
2024-05-31 16:06:00,-4.210746,0.0,0.00014000000000000001,False,False,False,0.00014000000000000001,0.00014000000000000001,False,False,0.017929999999999998,-0.017789999999999997,True,low_bin_residual_mad
2024-05-31 16:07:00,-4.2016335,0.0,0.00014000000000000001,False,False,False,0.00014000000000000001,0.00014000000000000001,False,False,0.017929999999999998,-0.017789999999999997,True,low_bin_residual_mad
2024-05-31 16:08:00,-4.183555,0.0,0.00014000000000000001,False,False,False,0.00014000000000000001,0.00014000000000000001,False,False,0.017929999999999998,-0.017789999999999997,True,low_bin_residual_mad
2024-05-31 16:09:00,-4.1604776,0.0,0.00014000000000000001,False,False,False,0.00014000000000000001,0.00014000000000000001,False,False,0.017929999999999998,-0.017789999999999997,True,low_bin_residual_mad
2024-05-31 16:10:00,-4.149614,0.0,0.00014000000000000001,False,False,False,0.00014000000000000001,0.00014000000000000001,False,False,0.017929999999999998,-0.017789999999999997,True,low_bin_residual_mad
2024-05-31 16:11:00,-4.059681,0.0,0.00014000000000000001,False,False,False,0.00014000000000000001,0.00014000000000000001,False,False,0.017929999999999998,-0.017789999999999997,True,low_bin_residual_mad
2024-05-31 16:12:00,-4.2425494,0.0,0.00014000000000000001,False,False,False,0.00014000000000000001,0.00014000000000000001,False,False,0.017929999999999998,-0.017789999999999997,True,low_bin_residual_mad
2024-05-31 16:13:00,-4.3203635,0.0,0.00013000000000000002,False,False,False,0.00013000000000000002,0.00013000000000000002,False,False,0.017929999999999998,-0.017799999999999996,True,low_bin_residual_mad
2024-05-31 16:14:00,-4.1884885,0.0,0.00014000000000000001,False,False,False,0.00014000000000000001,0.00014000000000000001,False,False,0.017929999999999998,-0.017789999999999997,True,low_bin_residual_mad
2024-05-31 16:15:00,-4.162625,0.0,0.00014000000000000001,False,False,False,0.00014000000000000001,0.00014000000000000001,False,False,0.017929999999999998,-0.017789999999999997,True,low_bin_residual_mad
2024-05-31 16:16:00,-4.3411894,0.0,0.00014000000000000001,False,False,False,0.00014000000000000001,0.00014000000000000001,False,False,0.017929999999999998,-0.017789999999999997,True,low_bin_residual_mad
2024-05-31 16:17:00,-3.9471948,0.0,0.00014000000000000001,False,False,False,0.00014000000000000001,0.00014000000000000001,False,False,0.017929999999999998,-0.017789999999999997,True,low_bin_residual_mad
2024-05-31 16:18:00,-4.0550084,0.0,0.00014000000000000001,False,False,False,0.00014000000000000001,0.00014000000000000001,False,False,0.017929999999999998,-0.017789999999999997,True,low_bin_residual_mad
2024-05-31 16:19:00,-3.9951146,0.0,0.00014000000000000001,False,False,False,0.00014000000000000001,0.00014000000000000001,False,False,0.017929999999999998,-0.017789999999999997,True,low_bin_residual_mad
2024-05-31 16:20:00,-3.9932883,0.0,0.00014000000000000001,False,False,False,0.00014000000000000001,0.00014000000000000001,False,False,0.017929999999999998,-0.017789999999999997,True,low_bin_residual_mad
2024-05-31 16:21:00,-3.960116,0.0,0.00014000000000000001,False,False,False,0.00014000000000000001,0.00014000000000000001,False,False,0.017929999999999998,-0.017789999999999997,True,low_bin_residual_mad
2024-05-31 16:22:00,-4.0438256,0.0,0.00014000000000000001,False,False,False,0.00014000000000000001,0.00014000000000000001,False,False,0.017929999999999998,-0.017789999999999997,True,low_bin_residual_mad
2024-05-31 16:23:00,-4.060312,0.0,0.00014000000000000001,False,False,False,0.00014000000000000001,0.00014000000000000001,False,False,0.017929999999999998,-0.017789999999999997,True,low_bin_residual_mad
2024-05-31 16:24:00,-4.0380173,0.0,0.00014000000000000001,False,False,False,0.00014000000000000001,0.00014000000000000001,False,False,0.017929999999999998,-0.017789999999999997,True,low_bin_residual_mad
2024-05-31 16:25:00,-4.0670185,0.0,0.00014000000000000001,False,False,False,0.00014000000000000001,0.00014000000000000001,False,False,0.017929999999999998,-0.017789999999999997,True,low_bin_residual_mad
2024-05-31 16:26:00,-4.2496357,0.0,0.00011999999999999999,False,False,False,0.00011999999999999999,0.00011999999999999999,False,False,0.017929999999999998,-0.01781,True,low_bin_residual_mad
2024-05-31 16:27:00,-4.3037086,0.0,0.00011999999999999999,False,False,False,0.00011999999999999999,0.00011999999999999999,False,False,0.017929999999999998,-0.01781,True,low_bin_residual_mad
2024-05-31 16:28:00,-3.9705172,0.0,0.00014000000000000001,False,False,False,0.00014000000000000001,0.00014000000000000001,False,False,0.017929999999999998,-0.017789999999999997,True,low_bin_residual_mad
2024-05-31 16:29:00,-3.7715058,0.0,0.00014000000000000001,False,False,False,0.00014000000000000001,0.00014000000000000001,False,False,0.017929999999999998,-0.017789999999999997,True,low_bin_residual_mad
2024-05-31 16:30:00,-4.0732493,0.0,0.00014000000000000001,False,False,False,0.00014000000000000001,0.00014000000000000001,False,False,0.017929999999999998,-0.017789999999999997,True,low_bin_residual_mad
2024-05-31 17:13:00,-4.1662273,0.0,4e-05,False,False,False,4e-05,4e-05,False,False,0.017929999999999998,-0.01789,True,low_bin_residual_mad
2024-05-31 17:21:00,-4.1609426,0.0,0.00014000000000000001,False,False,False,0.00014000000000000001,0.00014000000000000001,False,False,0.017929999999999998,-0.017789999999999997,True,low_bin_residual_mad
2024-05-31 17:22:00,-4.0440826,0.0,0.00013000000000000002,False,False,False,0.00013000000000000002,0.00013000000000000002,False,False,0.017929999999999998,-0.017799999999999996,True,low_bin_residual_mad
2024-05-31 17:24:00,-4.3590755,0.0,0.01551,False,False,False,0.01551,0.01551,False,False,0.017929999999999998,-0.0024199999999999985,True,low_bin_residual_mad
2024-05-31 17:25:00,-4.2078958,0.0,0.00014000000000000001,False,False,False,0.00014000000000000001,0.00014000000000000001,False,False,0.017929999999999998,-0.017789999999999997,True,low_bin_residual_mad
2024-05-31 17:26:00,-4.4959965,0.0,0.00011999999999999999,False,False,False,0.00011999999999999999,0.00011999999999999999,False,False,0.017929999999999998,-0.01781,True,low_bin_residual_mad
2024-05-31 17:27:00,-4.3022065,0.0,0.00014000000000000001,False,False,False,0.00014000000000000001,0.00014000000000000001,False,False,0.017929999999999998,-0.017789999999999997,True,low_bin_residual_mad
2024-05-31 17:28:00,-4.0848217,0.0,0.00014000000000000001,False,False,False,0.00014000000000000001,0.00014000000000000001,False,False,0.017929999999999998,-0.017789999999999997,True,low_bin_residual_mad
2024-05-31 17:29:00,-4.2627993,0.0,0.00014000000000000001,False,False,False,0.00014000000000000001,0.00014000000000000001,False,False,0.017929999999999998,-0.017789999999999997,True,low_bin_residual_mad
2024-05-31 17:30:00,-4.117102,0.0,0.00654,False,False,False,0.00654,0.00654,False,False,0.017929999999999998,-0.011389999999999997,True,low_bin_residual_mad
2024-05-31 17:31:00,-4.1185913,0.0,0.00011999999999999999,False,False,False,0.00011999999999999999,0.00011999999999999999,False,False,0.017929999999999998,-0.01781,True,low_bin_residual_mad
2024-05-31 17:32:00,-4.138386,0.0,0.00011999999999999999,False,False,False,0.00011999999999999999,0.00011999999999999999,False,False,0.017929999999999998,-0.01781,True,low_bin_residual_mad
2024-05-31 17:33:00,-4.182168,0.0,0.00014000000000000001,False,False,False,0.00014000000000000001,0.00014000000000000001,False,False,0.017929999999999998,-0.017789999999999997,True,low_bin_residual_mad
2024-05-31 17:34:00,-4.125547,0.0,0.00014000000000000001,False,False,False,0.00014000000000000001,0.00014000000000000001,False,False,0.017929999999999998,-0.017789999999999997,True,low_bin_residual_mad
2024-05-31 17:35:00,-4.1694264,0.0,0.00013000000000000002,False,False,False,0.00013000000000000002,0.00013000000000000002,False,False,0.017929999999999998,-0.017799999999999996,True,low_bin_residual_mad
2024-05-31 17:36:00,-4.1016507,0.0,0.00014000000000000001,False,False,False,0.00014000000000000001,0.00014000000000000001,False,False,0.017929999999999998,-0.017789999999999997,True,low_bin_residual_mad
2024-05-31 17:37:00,-4.0361266,0.0,0.014199999999999999,False,False,False,0.014199999999999999,0.014199999999999999,False,False,0.017929999999999998,-0.003729999999999999,True,low_bin_residual_mad
2024-05-31 22:10:00,-4.370822,0.0,0.0064,False,False,False,0.0064,0.0064,False,False,0.017929999999999998,-0.011529999999999999,True,low_bin_residual_mad
2024-05-31 22:11:00,-4.2427506,0.0,0.0128,False,False,False,0.0128,0.0128,False,False,0.017929999999999998,-0.005129999999999997,True,low_bin_residual_mad
2024-05-31 22:12:00,-4.3746386,0.0,0.007679999999999999,False,False,False,0.007679999999999999,0.007679999999999999,False,False,0.017929999999999998,-0.010249999999999999,True,low_bin_residual_mad
2024-05-31 22:14:00,-4.4448805,0.0,0.01024,False,False,False,0.01024,0.01024,False,False,0.017929999999999998,-0.007689999999999997,True,low_bin_residual_mad
2024-05-31 22:58:00,0.0,0.0,2.802969999999999,False,False,False,2.802969999999999,2.802969999999999,False,False,2.8027578265334694,0.0002121734665294639,True,low_bin_residual_mad
2024-06-01 15:06:00,0.0,0.0,4.96956,False,False,False,4.96956,4.96956,False,False,3.1971300298639114,1.772429970136089,True,low_bin_residual_mad
2024-06-01 15:10:00,0.0,0.0,3.0833800000000005,False,False,False,3.0833800000000005,3.0833800000000005,False,False,3.0830070709290713,0.00037292907092911776,True,low_bin_residual_mad
2024-06-01 15:59:00,0.0,0.0,4.94522,False,False,False,4.94522,4.94522,False,False,3.1915528181663393,1.7536671818336607,True,low_bin_residual_mad
2024-06-01 16:08:00,0.0,0.0,2.82602,False,False,False,2.82602,2.82602,False,False,2.825900362244422,0.0001196377555783279,True,low_bin_residual_mad
2024-06-01 16:09:00,0.0,0.0,3.06547,False,False,False,3.06547,3.06547,False,False,3.0652903056943055,0.00017969430569442224,True,low_bin_residual_mad
2024-06-01 16:10:00,0.0,0.0,2.822180000000001,False,False,False,2.822180000000001,2.822180000000001,False,False,2.8220449463168715,0.00013505368312927146,True,low_bin_residual_mad
2024-06-01 16:39:00,-4.5920925,0.0,0.011519999999999999,False,False,False,0.011519999999999999,0.011519999999999999,False,False,0.017929999999999998,-0.006409999999999999,True,low_bin_residual_mad
2024-06-01 17:10:00,-4.5401425,0.0,0.01409,False,False,False,0.01409,0.01409,False,False,0.017929999999999998,-0.003839999999999998,True,low_bin_residual_mad
2024-06-01 17:13:00,-4.6592007,0.0,0.00128,False,False,False,0.00128,0.00128,False,False,0.017929999999999998,-0.016649999999999998,True,low_bin_residual_mad
2024-06-01 17:24:00,-4.2470336,0.0,0.011519999999999999,False,False,False,0.011519999999999999,0.011519999999999999,False,False,0.017929999999999998,-0.006409999999999999,True,low_bin_residual_mad
2024-06-01 17:27:00,-4.0818934,0.0,0.016649999999999998,False,False,False,0.016649999999999998,0.016649999999999998,False,False,0.017929999999999998,-0.0012799999999999999,True,low_bin_residual_mad
2024-06-01 17:29:00,-4.258774,0.0,0.014080000000000002,False,False,False,0.014080000000000002,0.014080000000000002,False,False,0.017929999999999998,-0.003849999999999996,True,low_bin_residual_mad
2024-06-01 17:35:00,-4.0833526,0.0,0.007679999999999999,False,False,False,0.007679999999999999,0.007679999999999999,False,False,0.017929999999999998,-0.010249999999999999,True,low_bin_residual_mad
2024-06-01 17:36:00,-4.140051,0.0,0.01409,False,False,False,0.01409,0.01409,False,False,0.017929999999999998,-0.003839999999999998,True,low_bin_residual_mad
2024-06-02 00:41:00,0.0,0.0,4.82359,False,False,False,4.82359,4.82359,False,False,3.1562109272474808,1.6673790727525195,True,low_bin_residual_mad
2024-06-02 00:53:00,0.0,0.0,2.8106700000000004,False,False,False,2.8106700000000004,2.8106700000000004,False,False,2.8104887386798625,0.00018126132013795981,True,low_bin_residual_mad
2024-06-02 01:39:00,0.0,0.0,2.8264699999999987,False,False,False,2.8264699999999987,2.8264699999999987,False,False,2.8263521687984303,0.00011783120156838578,True,low_bin_residual_mad
2024-06-02 02:00:00,0.6405911,0.6405911,3.76421,False,False,False,3.76421,3.1236189,False,False,3.748477821797441,-0.6248589217974412,True,low_bin_residual_mad
2024-06-02 02:02:00,1.4024413,1.4024413,3.8401399999999994,False,False,False,3.8401399999999994,2.4376986999999994,False,False,3.818450003083089,-1.3807513030830894,True,low_bin_residual_mad
2024-06-02 04:46:00,-4.4652305,0.0,0.011519999999999999,False,False,False,0.011519999999999999,0.011519999999999999,False,False,0.017929999999999998,-0.006409999999999999,True,low_bin_residual_mad
2024-06-02 05:06:00,0.0,0.0,2.8017099999999995,False,False,False,2.8017099999999995,2.8017099999999995,False,False,2.801492768182242,0.00021723181775756828,True,low_bin_residual_mad
2024-06-02 05:27:00,0.0,0.0,2.81195,False,False,False,2.81195,2.81195,False,False,2.811773877322379,0.00017612267762112666,True,low_bin_residual_mad
2024-06-02 06:46:00,-3.979816,0.0,0.0128,False,False,False,0.0128,0.0128,False,False,0.017929999999999998,-0.005129999999999997,True,low_bin_residual_mad
2024-06-02 06:48:00,-4.1311703,0.0,0.0064,False,False,False,0.0064,0.0064,False,False,0.017929999999999998,-0.011529999999999999,True,low_bin_residual_mad
2024-06-02 10:06:00,-3.968945,0.0,0.008539999999999999,False,False,False,0.008539999999999999,0.008539999999999999,False,False,0.017929999999999998,-0.009389999999999999,True,low_bin_residual_mad
2024-06-02 11:10:00,0.0,0.0,5.189370000000001,False,False,False,5.189370000000001,5.189370000000001,False,False,3.220450607887325,1.9689193921126762,True,low_bin_residual_mad
2024-06-02 11:11:00,0.0,0.0,4.9435,False,False,False,4.9435,4.9435,False,False,3.191102331157775,1.7523976688422254,True,low_bin_residual_mad
2024-06-02 12:09:00,0.0,0.0,4.9085,False,False,False,4.9085,4.9085,False,False,3.181935444355587,1.726564555644413,True,low_bin_residual_mad
2024-06-02 13:49:00,-4.695161,0.0,0.00512,False,False,False,0.00512,0.00512,False,False,0.017929999999999998,-0.012809999999999998,True,low_bin_residual_mad
2024-06-02 13:52:00,-4.339243,0.0,0.00896,False,False,False,0.00896,0.00896,False,False,0.017929999999999998,-0.008969999999999999,True,low_bin_residual_mad
2024-06-02 14:20:00,0.0,0.0,3.0582300000000004,False,False,False,3.0582300000000004,3.0582300000000004,False,False,3.05812841958042,0.00010158041958030495,True,low_bin_residual_mad
2024-06-04 13:08:00,0.0,0.0,4.909370000000001,False,False,False,4.909370000000001,4.909370000000001,False,False,3.1821633069703847,1.7272066930296162,True,low_bin_residual_mad
2024-06-04 13:42:00,0.0,0.0,5.02074,False,False,False,5.02074,5.02074,False,False,3.2086401384223793,1.8120998615776207,True,low_bin_residual_mad
2024-06-04 13:46:00,0.0,0.0,2.8170599999999997,False,False,False,2.8170599999999997,2.8170599999999997,False,False,2.816904391746802,0.00015560825319749227,True,low_bin_residual_mad
2024-06-04 13:47:00,0.0,0.0,3.0628800000000003,False,False,False,3.0628800000000003,3.0628800000000003,False,False,3.06272824975025,0.00015175024975011553,True,low_bin_residual_mad
2024-06-04 13:57:00,0.0,0.0,4.84447,False,False,False,4.84447,4.84447,False,False,3.164325226741214,1.6801447732587862,True,low_bin_residual_mad
2024-06-04 14:01:00,0.71576095,0.71576095,3.94346,False,False,False,3.94346,3.22769905,False,False,3.9133140441809324,-0.6856149941809324,True,low_bin_residual_mad
2024-06-04 14:14:00,0.0,0.0,4.904669999999999,False,False,False,4.904669999999999,4.904669999999999,False,False,3.1809323250283765,1.723737674971623,True,low_bin_residual_mad
2024-06-04 14:23:00,0.0,0.0,4.794569999999999,False,False,False,4.794569999999999,4.794569999999999,False,False,3.1449332945219943,1.649636705478005,True,low_bin_residual_mad
2024-06-04 14:25:00,0.0,0.0,5.2636199999999995,False,False,False,5.2636199999999995,5.2636199999999995,False,False,3.243114389963596,2.0205056100364036,True,low_bin_residual_mad
2024-06-04 14:29:00,0.0,0.0,5.288380000000001,False,False,False,5.288380000000001,5.288380000000001,False,False,3.2443828679326985,2.0439971320673025,True,low_bin_residual_mad
2024-06-04 14:41:00,0.0,0.0,4.8440699999999985,False,False,False,4.8440699999999985,4.8440699999999985,False,False,3.1641697803907585,1.67990021960924,True,low_bin_residual_mad
2024-06-04 14:55:00,0.0,0.0,4.832519999999999,False,False,False,4.832519999999999,4.832519999999999,False,False,3.1596812670213805,1.6728387329786183,True,low_bin_residual_mad
2024-06-04 16:35:00,0.0,0.0,4.852150000000002,False,False,False,4.852150000000002,4.852150000000002,False,False,3.167176756604066,1.6849732433959357,True,low_bin_residual_mad
2024-06-06 09:19:00,-4.749218,0.0,0.00512,False,False,False,0.00512,0.00512,False,False,0.017929999999999998,-0.012809999999999998,True,low_bin_residual_mad
2024-06-06 10:49:00,-4.6309037,0.0,0.016649999999999998,False,False,False,0.016649999999999998,0.016649999999999998,False,False,0.017929999999999998,-0.0012799999999999999,True,low_bin_residual_mad
2024-06-06 10:58:00,-4.6293135,0.0,0.016649999999999998,False,False,False,0.016649999999999998,0.016649999999999998,False,False,0.017929999999999998,-0.0012799999999999999,True,low_bin_residual_mad
2024-06-06 11:52:00,-5.129135,0.0,0.00256,False,False,False,0.00256,0.00256,False,False,0.017929999999999998,-0.015369999999999998,True,low_bin_residual_mad
2024-06-06 11:56:00,-5.095484,0.0,0.01024,False,False,False,0.01024,0.01024,False,False,0.017929999999999998,-0.007689999999999997,True,low_bin_residual_mad
2024-06-06 11:58:00,-4.9860187,0.0,0.00512,False,False,False,0.00512,0.00512,False,False,0.017929999999999998,-0.012809999999999998,True,low_bin_residual_mad
2024-06-06 12:10:00,-4.758754,0.0,0.00128,False,False,False,0.00128,0.00128,False,False,0.017929999999999998,-0.016649999999999998,True,low_bin_residual_mad
2024-06-06 12:18:00,-4.970792,0.0,0.00128,False,False,False,0.00128,0.00128,False,False,0.017929999999999998,-0.016649999999999998,True,low_bin_residual_mad
2024-06-06 12:36:00,-4.9939876,0.0,0.008960000000000001,False,False,False,0.008960000000000001,0.008960000000000001,False,False,0.017929999999999998,-0.008969999999999997,True,low_bin_residual_mad
2024-06-06 12:38:00,-4.7178354,0.0,0.0038399999999999997,False,False,False,0.0038399999999999997,0.0038399999999999997,False,False,0.017929999999999998,-0.014089999999999998,True,low_bin_residual_mad
2024-06-06 14:42:00,0.0,0.0,5.149250000000001,False,False,False,5.149250000000001,5.149250000000001,False,False,3.2059111674722014,1.9433388325277998,True,low_bin_residual_mad
2024-06-07 00:31:00,-0.60363406,0.0,2.83499,False,False,False,2.83499,2.83499,False,False,2.8349063728876853,8.362711231457709e-05,True,low_bin_residual_mad
2024-06-07 01:06:00,-4.468844,0.0,0.011519999999999999,False,False,False,0.011519999999999999,0.011519999999999999,False,False,0.017929999999999998,-0.006409999999999999,True,low_bin_residual_mad
2024-06-07 01:08:00,-4.5717916,0.0,0.01409,False,False,False,0.01409,0.01409,False,False,0.017929999999999998,-0.003839999999999998,True,low_bin_residual_mad
2024-06-07 04:39:00,-4.1310015,0.0,0.0128,False,False,False,0.0128,0.0128,False,False,0.017929999999999998,-0.005129999999999997,True,low_bin_residual_mad
2024-06-07 05:08:00,-4.1744566,0.0,0.008960000000000001,False,False,False,0.008960000000000001,0.008960000000000001,False,False,0.017929999999999998,-0.008969999999999997,True,low_bin_residual_mad
2024-06-07 05:44:00,-4.310985,0.0,0.011519999999999999,False,False,False,0.011519999999999999,0.011519999999999999,False,False,0.017929999999999998,-0.006409999999999999,True,low_bin_residual_mad
2024-06-07 05:46:00,-4.2791085,0.0,0.016649999999999998,False,False,False,0.016649999999999998,0.016649999999999998,False,False,0.017929999999999998,-0.0012799999999999999,True,low_bin_residual_mad
2024-06-07 05:51:00,-4.678587,0.0,0.00512,False,False,False,0.00512,0.00512,False,False,0.017929999999999998,-0.012809999999999998,True,low_bin_residual_mad
2024-06-07 05:53:00,-4.5279937,0.0,0.00256,False,False,False,0.00256,0.00256,False,False,0.017929999999999998,-0.015369999999999998,True,low_bin_residual_mad
2024-06-07 05:54:00,-4.6385946,0.0,0.01024,False,False,False,0.01024,0.01024,False,False,0.017929999999999998,-0.007689999999999997,True,low_bin_residual_mad
2024-06-07 05:55:00,-4.712091,0.0,0.00512,False,False,False,0.00512,0.00512,False,False,0.017929999999999998,-0.012809999999999998,True,low_bin_residual_mad
2024-06-07 05:58:00,-4.610091,0.0,0.01537,False,False,False,0.01537,0.01537,False,False,0.017929999999999998,-0.002559999999999998,True,low_bin_residual_mad
2024-06-07 06:06:00,-4.4783688,0.0,0.00256,False,False,False,0.00256,0.00256,False,False,0.017929999999999998,-0.015369999999999998,True,low_bin_residual_mad
2024-06-07 06:19:00,-4.2939777,0.0,0.00256,False,False,False,0.00256,0.00256,False,False,0.017929999999999998,-0.015369999999999998,True,low_bin_residual_mad
2024-06-07 06:20:00,-4.5696845,0.0,0.0038399999999999997,False,False,False,0.0038399999999999997,0.0038399999999999997,False,False,0.017929999999999998,-0.014089999999999998,True,low_bin_residual_mad
2024-06-07 06:26:00,-4.5522966,0.0,0.016649999999999998,False,False,False,0.016649999999999998,0.016649999999999998,False,False,0.017929999999999998,-0.0012799999999999999,True,low_bin_residual_mad
2024-06-07 06:51:00,-5.0298905,0.0,0.00896,False,False,False,0.00896,0.00896,False,False,0.017929999999999998,-0.008969999999999999,True,low_bin_residual_mad
2024-06-07 06:53:00,-5.1612597,0.0,0.0038399999999999997,False,False,False,0.0038399999999999997,0.0038399999999999997,False,False,0.017929999999999998,-0.014089999999999998,True,low_bin_residual_mad
2024-06-07 06:55:00,-5.1790695,0.0,0.008960000000000001,False,False,False,0.008960000000000001,0.008960000000000001,False,False,0.017929999999999998,-0.008969999999999997,True,low_bin_residual_mad
2024-06-07 07:11:00,-4.687715,0.0,0.008960000000000001,False,False,False,0.008960000000000001,0.008960000000000001,False,False,0.017929999999999998,-0.008969999999999997,True,low_bin_residual_mad
2024-06-07 07:20:00,-4.5969276,0.0,0.0064,False,False,False,0.0064,0.0064,False,False,0.017929999999999998,-0.011529999999999999,True,low_bin_residual_mad
2024-06-07 08:58:00,-4.1719527,0.0,0.007679999999999999,False,False,False,0.007679999999999999,0.007679999999999999,False,False,0.017929999999999998,-0.010249999999999999,True,low_bin_residual_mad
2024-06-07 08:59:00,-4.246067,0.0,0.014080000000000002,False,False,False,0.014080000000000002,0.014080000000000002,False,False,0.017929999999999998,-0.003849999999999996,True,low_bin_residual_mad
2024-06-07 10:28:00,-4.791245,0.0,0.0038399999999999997,False,False,False,0.0038399999999999997,0.0038399999999999997,False,False,0.017929999999999998,-0.014089999999999998,True,low_bin_residual_mad
2024-06-07 10:54:00,-4.6411605,0.0,0.0038399999999999997,False,False,False,0.0038399999999999997,0.0038399999999999997,False,False,0.017929999999999998,-0.014089999999999998,True,low_bin_residual_mad
2024-06-07 11:06:00,0.0,0.0,4.876069999999999,False,False,False,4.876069999999999,4.876069999999999,False,False,3.1734416689557317,1.702628331044267,True,low_bin_residual_mad
2024-06-07 11:28:00,-4.5231395,0.0,0.007679999999999999,False,False,False,0.007679999999999999,0.007679999999999999,False,False,0.017929999999999998,-0.010249999999999999,True,low_bin_residual_mad
2024-06-07 11:31:00,-4.37882,0.0,0.016649999999999998,False,False,False,0.016649999999999998,0.016649999999999998,False,False,0.017929999999999998,-0.0012799999999999999,True,low_bin_residual_mad
2024-06-08 06:14:00,-4.97477,0.0,0.00256,False,False,False,0.00256,0.00256,False,False,0.017929999999999998,-0.015369999999999998,True,low_bin_residual_mad
2024-06-08 06:19:00,-4.43807,0.0,0.01409,False,False,False,0.01409,0.01409,False,False,0.017929999999999998,-0.003839999999999998,True,low_bin_residual_mad
2024-06-08 06:20:00,-4.4170356,0.0,0.01024,False,False,False,0.01024,0.01024,False,False,0.017929999999999998,-0.007689999999999997,True,low_bin_residual_mad
2024-06-08 12:36:00,-4.268277,0.0,0.007679999999999999,False,False,False,0.007679999999999999,0.007679999999999999,False,False,0.017929999999999998,-0.010249999999999999,True,low_bin_residual_mad
2024-06-08 12:40:00,-4.316381,0.0,0.0064,False,False,False,0.0064,0.0064,False,False,0.017929999999999998,-0.011529999999999999,True,low_bin_residual_mad
2024-06-08 12:58:00,-4.452579,0.0,0.008960000000000001,False,False,False,0.008960000000000001,0.008960000000000001,False,False,0.017929999999999998,-0.008969999999999997,True,low_bin_residual_mad
2024-06-08 12:59:00,-4.4729967,0.0,0.0128,False,False,False,0.0128,0.0128,False,False,0.017929999999999998,-0.005129999999999997,True,low_bin_residual_mad
2024-06-08 13:45:00,-4.7706985,0.0,0.011519999999999999,False,False,False,0.011519999999999999,0.011519999999999999,False,False,0.017929999999999998,-0.006409999999999999,True,low_bin_residual_mad
2024-06-08 13:46:00,-4.675214,0.0,0.016649999999999998,False,False,False,0.016649999999999998,0.016649999999999998,False,False,0.017929999999999998,-0.0012799999999999999,True,low_bin_residual_mad
2024-06-13 06:43:00,-5.1060476,0.0,0.008960000000000001,False,False,False,0.008960000000000001,0.008960000000000001,False,False,0.017929999999999998,-0.008969999999999997,True,low_bin_residual_mad
2024-06-13 06:45:00,-4.8043785,0.0,0.01537,False,False,False,0.01537,0.01537,False,False,0.017929999999999998,-0.002559999999999998,True,low_bin_residual_mad
2024-06-13 06:47:00,-4.385661,0.0,0.008960000000000001,False,False,False,0.008960000000000001,0.008960000000000001,False,False,0.017929999999999998,-0.008969999999999997,True,low_bin_residual_mad
2024-06-13 06:50:00,-4.243044,0.0,0.008960000000000001,False,False,False,0.008960000000000001,0.008960000000000001,False,False,0.017929999999999998,-0.008969999999999997,True,low_bin_residual_mad
2024-06-13 06:57:00,-4.7306666,0.0,0.01409,False,False,False,0.01409,0.01409,False,False,0.017929999999999998,-0.003839999999999998,True,low_bin_residual_mad
2024-06-13 07:00:00,-4.8361764,0.0,0.0038399999999999997,False,False,False,0.0038399999999999997,0.0038399999999999997,False,False,0.017929999999999998,-0.014089999999999998,True,low_bin_residual_mad
2024-06-13 08:54:00,-4.630583,0.0,0.008960000000000001,False,False,False,0.008960000000000001,0.008960000000000001,False,False,0.017929999999999998,-0.008969999999999997,True,low_bin_residual_mad
2024-06-13 08:55:00,-4.6735616,0.0,0.0064,False,False,False,0.0064,0.0064,False,False,0.017929999999999998,-0.011529999999999999,True,low_bin_residual_mad
2024-06-13 08:57:00,-4.623298,0.0,0.0038399999999999997,False,False,False,0.0038399999999999997,0.0038399999999999997,False,False,0.017929999999999998,-0.014089999999999998,True,low_bin_residual_mad
2024-06-13 09:06:00,-4.322781,0.0,0.00256,False,False,False,0.00256,0.00256,False,False,0.017929999999999998,-0.015369999999999998,True,low_bin_residual_mad
2024-06-13 09:07:00,-4.505291,0.0,0.0038399999999999997,False,False,False,0.0038399999999999997,0.0038399999999999997,False,False,0.017929999999999998,-0.014089999999999998,True,low_bin_residual_mad
2024-06-13 09:08:00,-4.6514606,0.0,0.00128,False,False,False,0.00128,0.00128,False,False,0.017929999999999998,-0.016649999999999998,True,low_bin_residual_mad
2024-06-13 09:09:00,-4.3045845,0.0,0.01024,False,False,False,0.01024,0.01024,False,False,0.017929999999999998,-0.007689999999999997,True,low_bin_residual_mad
2024-06-13 09:30:00,-4.4558363,0.0,0.011519999999999999,False,False,False,0.011519999999999999,0.011519999999999999,False,False,0.017929999999999998,-0.006409999999999999,True,low_bin_residual_mad
2024-06-13 09:31:00,-4.336769,0.0,0.011519999999999999,False,False,False,0.011519999999999999,0.011519999999999999,False,False,0.017929999999999998,-0.006409999999999999,True,low_bin_residual_mad
2024-06-13 09:33:00,-4.4738836,0.0,0.00512,False,False,False,0.00512,0.00512,False,False,0.017929999999999998,-0.012809999999999998,True,low_bin_residual_mad
2024-06-13 09:49:00,-4.6907263,0.0,0.01366,False,False,False,0.01366,0.01366,False,False,0.017929999999999998,-0.004269999999999998,True,low_bin_residual_mad
2024-06-13 09:50:00,-4.6175146,0.0,0.0038399999999999997,False,False,False,0.0038399999999999997,0.0038399999999999997,False,False,0.017929999999999998,-0.014089999999999998,True,low_bin_residual_mad
2024-06-13 09:52:00,-4.4401345,0.0,0.00512,False,False,False,0.00512,0.00512,False,False,0.017929999999999998,-0.012809999999999998,True,low_bin_residual_mad
2024-06-13 09:56:00,-4.6239243,0.0,0.016649999999999998,False,False,False,0.016649999999999998,0.016649999999999998,False,False,0.017929999999999998,-0.0012799999999999999,True,low_bin_residual_mad
2024-06-13 10:54:00,-4.2109537,0.0,0.00526,False,False,False,0.00526,0.00526,False,False,0.017929999999999998,-0.012669999999999997,True,low_bin_residual_mad
2024-06-13 11:19:00,-0.73428905,0.0,2.8095300000000005,False,False,False,2.8095300000000005,2.8095300000000005,False,False,2.809344162076371,0.00018583792362969476,True,low_bin_residual_mad
2024-06-15 05:53:00,-0.9800475,0.0,3.0706199999999995,False,False,False,3.0706199999999995,3.0706199999999995,False,False,3.070384741258741,0.000235258741258626,True,low_bin_residual_mad
2024-06-15 06:13:00,-4.560354,0.0,0.007679999999999999,False,False,False,0.007679999999999999,0.007679999999999999,False,False,0.017929999999999998,-0.010249999999999999,True,low_bin_residual_mad
2024-06-15 06:16:00,-4.3163548,0.0,0.007679999999999999,False,False,False,0.007679999999999999,0.007679999999999999,False,False,0.017929999999999998,-0.010249999999999999,True,low_bin_residual_mad
2024-06-15 11:22:00,-4.267106,0.0,1e-05,False,False,False,1e-05,1e-05,False,False,0.017929999999999998,-0.01792,True,low_bin_residual_mad
2024-06-15 11:34:00,-4.095663,0.0,1e-05,False,False,False,1e-05,1e-05,False,False,0.017929999999999998,-0.01792,True,low_bin_residual_mad
2024-06-15 11:43:00,-4.375975,0.0,1e-05,False,False,False,1e-05,1e-05,False,False,0.017929999999999998,-0.01792,True,low_bin_residual_mad
2024-06-15 11:45:00,-4.194531,0.0,1e-05,False,False,False,1e-05,1e-05,False,False,0.017929999999999998,-0.01792,True,low_bin_residual_mad
2024-06-15 11:46:00,-4.175331,0.0,1e-05,False,False,False,1e-05,1e-05,False,False,0.017929999999999998,-0.01792,True,low_bin_residual_mad
2024-06-15 11:47:00,-4.2182946,0.0,1e-05,False,False,False,1e-05,1e-05,False,False,0.017929999999999998,-0.01792,True,low_bin_residual_mad
2024-06-15 11:48:00,-4.2661133,0.0,1e-05,False,False,False,1e-05,1e-05,False,False,0.017929999999999998,-0.01792,True,low_bin_residual_mad
2024-06-15 11:51:00,-4.4105535,0.0,1e-05,False,False,False,1e-05,1e-05,False,False,0.017929999999999998,-0.01792,True,low_bin_residual_mad
2024-06-15 11:52:00,-4.368499,0.0,1e-05,False,False,False,1e-05,1e-05,False,False,0.017929999999999998,-0.01792,True,low_bin_residual_mad
2024-06-15 11:53:00,-4.438122,0.0,1e-05,False,False,False,1e-05,1e-05,False,False,0.017929999999999998,-0.01792,True,low_bin_residual_mad
2024-06-15 11:54:00,-4.4040947,0.0,1e-05,False,False,False,1e-05,1e-05,False,False,0.017929999999999998,-0.01792,True,low_bin_residual_mad
2024-06-15 11:55:00,-4.4546247,0.0,1e-05,False,False,False,1e-05,1e-05,False,False,0.017929999999999998,-0.01792,True,low_bin_residual_mad
2024-06-15 11:56:00,-4.5131617,0.0,1e-05,False,False,False,1e-05,1e-05,False,False,0.017929999999999998,-0.01792,True,low_bin_residual_mad
2024-06-15 12:00:00,-4.770323,0.0,1e-05,False,False,False,1e-05,1e-05,False,False,0.017929999999999998,-0.01792,True,low_bin_residual_mad
2024-06-15 12:02:00,-4.311838,0.0,1e-05,False,False,False,1e-05,1e-05,False,False,0.017929999999999998,-0.01792,True,low_bin_residual_mad
2024-06-15 12:03:00,-4.527615,0.0,1e-05,False,False,False,1e-05,1e-05,False,False,0.017929999999999998,-0.01792,True,low_bin_residual_mad
2024-06-15 12:05:00,-4.3565564,0.0,1e-05,False,False,False,1e-05,1e-05,False,False,0.017929999999999998,-0.01792,True,low_bin_residual_mad
2024-06-15 12:06:00,-4.486492,0.0,1e-05,False,False,False,1e-05,1e-05,False,False,0.017929999999999998,-0.01792,True,low_bin_residual_mad
2024-06-15 12:07:00,-4.5088716,0.0,1e-05,False,False,False,1e-05,1e-05,False,False,0.017929999999999998,-0.01792,True,low_bin_residual_mad
2024-06-15 12:08:00,-4.5130877,0.0,1e-05,False,False,False,1e-05,1e-05,False,False,0.017929999999999998,-0.01792,True,low_bin_residual_mad
2024-06-15 12:09:00,-4.593464,0.0,1e-05,False,False,False,1e-05,1e-05,False,False,0.017929999999999998,-0.01792,True,low_bin_residual_mad
2024-06-15 12:11:00,-4.5425043,0.0,1e-05,False,False,False,1e-05,1e-05,False,False,0.017929999999999998,-0.01792,True,low_bin_residual_mad
2024-06-15 12:12:00,-4.4021487,0.0,1e-05,False,False,False,1e-05,1e-05,False,False,0.017929999999999998,-0.01792,True,low_bin_residual_mad
2024-06-15 12:13:00,-4.394362,0.0,1e-05,False,False,False,1e-05,1e-05,False,False,0.017929999999999998,-0.01792,True,low_bin_residual_mad
2024-06-15 12:14:00,-4.484401,0.0,1e-05,False,False,False,1e-05,1e-05,False,False,0.017929999999999998,-0.01792,True,low_bin_residual_mad
2024-06-15 12:15:00,-4.504977,0.0,1e-05,False,False,False,1e-05,1e-05,False,False,0.017929999999999998,-0.01792,True,low_bin_residual_mad
2024-06-15 12:16:00,-4.4244347,0.0,1e-05,False,False,False,1e-05,1e-05,False,False,0.017929999999999998,-0.01792,True,low_bin_residual_mad
2024-06-15 12:18:00,-4.2853956,0.0,1e-05,False,False,False,1e-05,1e-05,False,False,0.017929999999999998,-0.01792,True,low_bin_residual_mad
2024-06-15 12:19:00,-4.371793,0.0,1e-05,False,False,False,1e-05,1e-05,False,False,0.017929999999999998,-0.01792,True,low_bin_residual_mad
2024-06-15 12:22:00,-4.4038863,0.0,1e-05,False,False,False,1e-05,1e-05,False,False,0.017929999999999998,-0.01792,True,low_bin_residual_mad
2024-06-15 12:23:00,-4.437282,0.0,1e-05,False,False,False,1e-05,1e-05,False,False,0.017929999999999998,-0.01792,True,low_bin_residual_mad
2024-06-15 12:25:00,-4.3717694,0.0,1e-05,False,False,False,1e-05,1e-05,False,False,0.017929999999999998,-0.01792,True,low_bin_residual_mad
2024-06-15 12:26:00,-4.3509912,0.0,1e-05,False,False,False,1e-05,1e-05,False,False,0.017929999999999998,-0.01792,True,low_bin_residual_mad
2024-06-15 12:27:00,-4.4139347,0.0,1e-05,False,False,False,1e-05,1e-05,False,False,0.017929999999999998,-0.01792,True,low_bin_residual_mad
2024-06-15 12:28:00,-4.460363,0.0,1e-05,False,False,False,1e-05,1e-05,False,False,0.017929999999999998,-0.01792,True,low_bin_residual_mad
2024-06-15 12:29:00,-4.439057,0.0,1e-05,False,False,False,1e-05,1e-05,False,False,0.017929999999999998,-0.01792,True,low_bin_residual_mad
2024-06-15 12:30:00,-4.4906006,0.0,1e-05,False,False,False,1e-05,1e-05,False,False,0.017929999999999998,-0.01792,True,low_bin_residual_mad
2024-06-15 12:33:00,-4.544318,0.0,1e-05,False,False,False,1e-05,1e-05,False,False,0.017929999999999998,-0.01792,True,low_bin_residual_mad
2024-06-15 12:34:00,-4.4876876,0.0,1e-05,False,False,False,1e-05,1e-05,False,False,0.017929999999999998,-0.01792,True,low_bin_residual_mad
2024-06-15 12:36:00,-4.2622557,0.0,1e-05,False,False,False,1e-05,1e-05,False,False,0.017929999999999998,-0.01792,True,low_bin_residual_mad
2024-06-15 12:38:00,-4.3251534,0.0,1e-05,False,False,False,1e-05,1e-05,False,False,0.017929999999999998,-0.01792,True,low_bin_residual_mad
2024-06-15 12:39:00,-4.278527,0.0,1e-05,False,False,False,1e-05,1e-05,False,False,0.017929999999999998,-0.01792,True,low_bin_residual_mad
2024-06-15 12:42:00,-4.3406396,0.0,1e-05,False,False,False,1e-05,1e-05,False,False,0.017929999999999998,-0.01792,True,low_bin_residual_mad
2024-06-15 12:44:00,-4.134306,0.0,1e-05,False,False,False,1e-05,1e-05,False,False,0.017929999999999998,-0.01792,True,low_bin_residual_mad
2024-06-15 12:45:00,-4.2922916,0.0,1e-05,False,False,False,1e-05,1e-05,False,False,0.017929999999999998,-0.01792,True,low_bin_residual_mad
2024-06-15 12:47:00,-4.203802,0.0,1e-05,False,False,False,1e-05,1e-05,False,False,0.017929999999999998,-0.01792,True,low_bin_residual_mad
2024-06-15 12:48:00,-4.296852,0.0,1e-05,False,False,False,1e-05,1e-05,False,False,0.017929999999999998,-0.01792,True,low_bin_residual_mad
2024-06-15 12:49:00,-4.346119,0.0,1e-05,False,False,False,1e-05,1e-05,False,False,0.017929999999999998,-0.01792,True,low_bin_residual_mad
2024-06-15 12:51:00,-4.3717756,0.0,1e-05,False,False,False,1e-05,1e-05,False,False,0.017929999999999998,-0.01792,True,low_bin_residual_mad
2024-06-15 12:52:00,-4.2828712,0.0,1e-05,False,False,False,1e-05,1e-05,False,False,0.017929999999999998,-0.01792,True,low_bin_residual_mad
2024-06-15 12:55:00,-4.342091,0.0,1e-05,False,False,False,1e-05,1e-05,False,False,0.017929999999999998,-0.01792,True,low_bin_residual_mad
2024-06-15 12:57:00,-4.3932123,0.0,1e-05,False,False,False,1e-05,1e-05,False,False,0.017929999999999998,-0.01792,True,low_bin_residual_mad
2024-06-15 12:58:00,-4.380478,0.0,1e-05,False,False,False,1e-05,1e-05,False,False,0.017929999999999998,-0.01792,True,low_bin_residual_mad
2024-06-15 12:59:00,-4.4399853,0.0,1e-05,False,False,False,1e-05,1e-05,False,False,0.017929999999999998,-0.01792,True,low_bin_residual_mad
2024-06-15 13:00:00,-4.529453,0.0,1e-05,False,False,False,1e-05,1e-05,False,False,0.017929999999999998,-0.01792,True,low_bin_residual_mad
2024-06-15 13:01:00,-4.5029,0.0,1e-05,False,False,False,1e-05,1e-05,False,False,0.017929999999999998,-0.01792,True,low_bin_residual_mad
2024-06-15 13:02:00,-4.414223,0.0,1e-05,False,False,False,1e-05,1e-05,False,False,0.017929999999999998,-0.01792,True,low_bin_residual_mad
2024-06-15 13:03:00,-4.4906206,0.0,1e-05,False,False,False,1e-05,1e-05,False,False,0.017929999999999998,-0.01792,True,low_bin_residual_mad
2024-06-15 13:04:00,-4.4960675,0.0,1e-05,False,False,False,1e-05,1e-05,False,False,0.017929999999999998,-0.01792,True,low_bin_residual_mad
2024-06-15 13:11:00,-4.544001,0.0,1e-05,False,False,False,1e-05,1e-05,False,False,0.017929999999999998,-0.01792,True,low_bin_residual_mad
2024-06-15 13:12:00,-4.5019526,0.0,1e-05,False,False,False,1e-05,1e-05,False,False,0.017929999999999998,-0.01792,True,low_bin_residual_mad
2024-06-15 13:13:00,-4.517701,0.0,1e-05,False,False,False,1e-05,1e-05,False,False,0.017929999999999998,-0.01792,True,low_bin_residual_mad
2024-06-15 13:14:00,-4.51404,0.0,1e-05,False,False,False,1e-05,1e-05,False,False,0.017929999999999998,-0.01792,True,low_bin_residual_mad
2024-06-15 13:15:00,-4.4779773,0.0,1e-05,False,False,False,1e-05,1e-05,False,False,0.017929999999999998,-0.01792,True,low_bin_residual_mad
2024-06-15 13:18:00,-4.320808,0.0,1e-05,False,False,False,1e-05,1e-05,False,False,0.017929999999999998,-0.01792,True,low_bin_residual_mad
2024-06-15 13:19:00,-4.2634683,0.0,1e-05,False,False,False,1e-05,1e-05,False,False,0.017929999999999998,-0.01792,True,low_bin_residual_mad
2024-06-15 13:21:00,-4.411104,0.0,1e-05,False,False,False,1e-05,1e-05,False,False,0.017929999999999998,-0.01792,True,low_bin_residual_mad
2024-06-15 13:23:00,-4.3828897,0.0,1e-05,False,False,False,1e-05,1e-05,False,False,0.017929999999999998,-0.01792,True,low_bin_residual_mad
2024-06-15 13:24:00,-4.4604836,0.0,1e-05,False,False,False,1e-05,1e-05,False,False,0.017929999999999998,-0.01792,True,low_bin_residual_mad
2024-06-15 13:25:00,-4.4252453,0.0,1e-05,False,False,False,1e-05,1e-05,False,False,0.017929999999999998,-0.01792,True,low_bin_residual_mad
2024-06-15 13:26:00,-4.486988,0.0,1e-05,False,False,False,1e-05,1e-05,False,False,0.017929999999999998,-0.01792,True,low_bin_residual_mad
2024-06-15 13:27:00,-4.468649,0.0,1e-05,False,False,False,1e-05,1e-05,False,False,0.017929999999999998,-0.01792,True,low_bin_residual_mad
2024-06-15 13:29:00,-4.3275013,0.0,1e-05,False,False,False,1e-05,1e-05,False,False,0.017929999999999998,-0.01792,True,low_bin_residual_mad
2024-06-15 13:30:00,-4.3895535,0.0,1e-05,False,False,False,1e-05,1e-05,False,False,0.017929999999999998,-0.01792,True,low_bin_residual_mad
2024-06-15 13:31:00,-4.4765797,0.0,1e-05,False,False,False,1e-05,1e-05,False,False,0.017929999999999998,-0.01792,True,low_bin_residual_mad
2024-06-15 13:33:00,-4.299341,0.0,1e-05,False,False,False,1e-05,1e-05,False,False,0.017929999999999998,-0.01792,True,low_bin_residual_mad
2024-06-15 13:34:00,-4.396394,0.0,1e-05,False,False,False,1e-05,1e-05,False,False,0.017929999999999998,-0.01792,True,low_bin_residual_mad
2024-06-15 13:35:00,-4.344775,0.0,1e-05,False,False,False,1e-05,1e-05,False,False,0.017929999999999998,-0.01792,True,low_bin_residual_mad
2024-06-15 13:39:00,-4.230327,0.0,1e-05,False,False,False,1e-05,1e-05,False,False,0.017929999999999998,-0.01792,True,low_bin_residual_mad
2024-06-15 13:41:00,-4.2532883,0.0,1e-05,False,False,False,1e-05,1e-05,False,False,0.017929999999999998,-0.01792,True,low_bin_residual_mad
2024-06-15 13:42:00,-4.242491,0.0,1e-05,False,False,False,1e-05,1e-05,False,False,0.017929999999999998,-0.01792,True,low_bin_residual_mad
2024-06-15 13:43:00,-4.3378744,0.0,1e-05,False,False,False,1e-05,1e-05,False,False,0.017929999999999998,-0.01792,True,low_bin_residual_mad
2024-06-15 13:44:00,-4.22104,0.0,1e-05,False,False,False,1e-05,1e-05,False,False,0.017929999999999998,-0.01792,True,low_bin_residual_mad
2024-06-15 13:45:00,-4.272999,0.0,1e-05,False,False,False,1e-05,1e-05,False,False,0.017929999999999998,-0.01792,True,low_bin_residual_mad
2024-06-15 13:46:00,-4.388527,0.0,1e-05,False,False,False,1e-05,1e-05,False,False,0.017929999999999998,-0.01792,True,low_bin_residual_mad
2024-06-15 13:47:00,-4.4107046,0.0,1e-05,False,False,False,1e-05,1e-05,False,False,0.017929999999999998,-0.01792,True,low_bin_residual_mad
2024-06-15 13:48:00,-4.3594365,0.0,1e-05,False,False,False,1e-05,1e-05,False,False,0.017929999999999998,-0.01792,True,low_bin_residual_mad
2024-06-15 13:49:00,-4.2426944,0.0,1e-05,False,False,False,1e-05,1e-05,False,False,0.017929999999999998,-0.01792,True,low_bin_residual_mad
2024-06-15 13:50:00,-4.2879815,0.0,1e-05,False,False,False,1e-05,1e-05,False,False,0.017929999999999998,-0.01792,True,low_bin_residual_mad
2024-06-15 13:51:00,-4.3380938,0.0,1e-05,False,False,False,1e-05,1e-05,False,False,0.017929999999999998,-0.01792,True,low_bin_residual_mad
2024-06-15 13:52:00,-4.3092856,0.0,1e-05,False,False,False,1e-05,1e-05,False,False,0.017929999999999998,-0.01792,True,low_bin_residual_mad
2024-06-15 13:53:00,-4.335891,0.0,1e-05,False,False,False,1e-05,1e-05,False,False,0.017929999999999998,-0.01792,True,low_bin_residual_mad
2024-06-15 13:54:00,-4.3496437,0.0,1e-05,False,False,False,1e-05,1e-05,False,False,0.017929999999999998,-0.01792,True,low_bin_residual_mad
2024-06-15 13:55:00,-4.306499,0.0,1e-05,False,False,False,1e-05,1e-05,False,False,0.017929999999999998,-0.01792,True,low_bin_residual_mad
2024-06-15 13:56:00,-4.4674587,0.0,1e-05,False,False,False,1e-05,1e-05,False,False,0.017929999999999998,-0.01792,True,low_bin_residual_mad
2024-06-15 13:57:00,-4.089225,0.0,1e-05,False,False,False,1e-05,1e-05,False,False,0.017929999999999998,-0.01792,True,low_bin_residual_mad
2024-06-15 13:58:00,-4.362296,0.0,1e-05,False,False,False,1e-05,1e-05,False,False,0.017929999999999998,-0.01792,True,low_bin_residual_mad
2024-06-15 13:59:00,-4.0365257,0.0,1e-05,False,False,False,1e-05,1e-05,False,False,0.017929999999999998,-0.01792,True,low_bin_residual_mad
2024-06-15 14:01:00,-3.981712,0.0,1e-05,False,False,False,1e-05,1e-05,False,False,0.017929999999999998,-0.01792,True,low_bin_residual_mad
2024-06-15 14:02:00,-4.252616,0.0,1e-05,False,False,False,1e-05,1e-05,False,False,0.017929999999999998,-0.01792,True,low_bin_residual_mad
2024-06-15 14:04:00,-4.04387,0.0,1e-05,False,False,False,1e-05,1e-05,False,False,0.017929999999999998,-0.01792,True,low_bin_residual_mad
2024-06-15 14:05:00,-4.075203,0.0,1e-05,False,False,False,1e-05,1e-05,False,False,0.017929999999999998,-0.01792,True,low_bin_residual_mad
2024-06-15 14:06:00,-4.376237,0.0,1e-05,False,False,False,1e-05,1e-05,False,False,0.017929999999999998,-0.01792,True,low_bin_residual_mad
2024-06-15 14:07:00,-4.3342156,0.0,1e-05,False,False,False,1e-05,1e-05,False,False,0.017929999999999998,-0.01792,True,low_bin_residual_mad
2024-06-15 14:08:00,-4.1865196,0.0,1e-05,False,False,False,1e-05,1e-05,False,False,0.017929999999999998,-0.01792,True,low_bin_residual_mad
2024-06-15 14:09:00,-4.2774086,0.0,1e-05,False,False,False,1e-05,1e-05,False,False,0.017929999999999998,-0.01792,True,low_bin_residual_mad
2024-06-15 14:10:00,-4.3937635,0.0,1e-05,False,False,False,1e-05,1e-05,False,False,0.017929999999999998,-0.01792,True,low_bin_residual_mad
2024-06-15 14:11:00,-4.3274174,0.0,1e-05,False,False,False,1e-05,1e-05,False,False,0.017929999999999998,-0.01792,True,low_bin_residual_mad
2024-06-15 14:12:00,-4.445112,0.0,1e-05,False,False,False,1e-05,1e-05,False,False,0.017929999999999998,-0.01792,True,low_bin_residual_mad
2024-06-15 14:13:00,-4.2808585,0.0,1e-05,False,False,False,1e-05,1e-05,False,False,0.017929999999999998,-0.01792,True,low_bin_residual_mad
2024-06-15 14:14:00,-4.15343,0.0,1e-05,False,False,False,1e-05,1e-05,False,False,0.017929999999999998,-0.01792,True,low_bin_residual_mad
2024-06-15 14:15:00,-4.048785,0.0,1e-05,False,False,False,1e-05,1e-05,False,False,0.017929999999999998,-0.01792,True,low_bin_residual_mad
2024-06-15 14:16:00,-4.2069416,0.0,1e-05,False,False,False,1e-05,1e-05,False,False,0.017929999999999998,-0.01792,True,low_bin_residual_mad
2024-06-15 14:18:00,-4.1789937,0.0,1e-05,False,False,False,1e-05,1e-05,False,False,0.017929999999999998,-0.01792,True,low_bin_residual_mad
2024-06-15 14:19:00,-4.2454395,0.0,1e-05,False,False,False,1e-05,1e-05,False,False,0.017929999999999998,-0.01792,True,low_bin_residual_mad
2024-06-15 14:20:00,-4.202738,0.0,1e-05,False,False,False,1e-05,1e-05,False,False,0.017929999999999998,-0.01792,True,low_bin_residual_mad
2024-06-15 14:23:00,-4.163957,0.0,1e-05,False,False,False,1e-05,1e-05,False,False,0.017929999999999998,-0.01792,True,low_bin_residual_mad
2024-06-15 14:24:00,-4.2215257,0.0,1e-05,False,False,False,1e-05,1e-05,False,False,0.017929999999999998,-0.01792,True,low_bin_residual_mad
2024-06-15 14:26:00,-4.225934,0.0,1e-05,False,False,False,1e-05,1e-05,False,False,0.017929999999999998,-0.01792,True,low_bin_residual_mad
2024-06-15 14:27:00,-4.1429157,0.0,1e-05,False,False,False,1e-05,1e-05,False,False,0.017929999999999998,-0.01792,True,low_bin_residual_mad
2024-06-15 14:29:00,-4.2004814,0.0,1e-05,False,False,False,1e-05,1e-05,False,False,0.017929999999999998,-0.01792,True,low_bin_residual_mad
2024-06-15 14:30:00,-4.146037,0.0,1e-05,False,False,False,1e-05,1e-05,False,False,0.017929999999999998,-0.01792,True,low_bin_residual_mad
2024-06-15 14:31:00,-4.259637,0.0,1e-05,False,False,False,1e-05,1e-05,False,False,0.017929999999999998,-0.01792,True,low_bin_residual_mad
2024-06-15 14:32:00,-4.174773,0.0,1e-05,False,False,False,1e-05,1e-05,False,False,0.017929999999999998,-0.01792,True,low_bin_residual_mad
2024-06-15 14:33:00,-4.2044487,0.0,1e-05,False,False,False,1e-05,1e-05,False,False,0.017929999999999998,-0.01792,True,low_bin_residual_mad
2024-06-15 14:34:00,-4.2127457,0.0,1e-05,False,False,False,1e-05,1e-05,False,False,0.017929999999999998,-0.01792,True,low_bin_residual_mad
2024-06-15 14:36:00,-4.278198,0.0,1e-05,False,False,False,1e-05,1e-05,False,False,0.017929999999999998,-0.01792,True,low_bin_residual_mad
2024-06-15 14:37:00,-4.335577,0.0,1e-05,False,False,False,1e-05,1e-05,False,False,0.017929999999999998,-0.01792,True,low_bin_residual_mad
2024-06-15 14:38:00,-4.3739123,0.0,1e-05,False,False,False,1e-05,1e-05,False,False,0.017929999999999998,-0.01792,True,low_bin_residual_mad
2024-06-15 14:39:00,-4.2555313,0.0,1e-05,False,False,False,1e-05,1e-05,False,False,0.017929999999999998,-0.01792,True,low_bin_residual_mad
2024-06-15 14:40:00,-4.2573576,0.0,1e-05,False,False,False,1e-05,1e-05,False,False,0.017929999999999998,-0.01792,True,low_bin_residual_mad
2024-06-15 14:41:00,-4.3515763,0.0,1e-05,False,False,False,1e-05,1e-05,False,False,0.017929999999999998,-0.01792,True,low_bin_residual_mad
2024-06-15 14:42:00,-4.428713,0.0,1e-05,False,False,False,1e-05,1e-05,False,False,0.017929999999999998,-0.01792,True,low_bin_residual_mad
2024-06-15 14:43:00,-4.2379475,0.0,1e-05,False,False,False,1e-05,1e-05,False,False,0.017929999999999998,-0.01792,True,low_bin_residual_mad
2024-06-15 14:45:00,-4.147975,0.0,0.01666,False,False,False,0.01666,0.01666,False,False,0.017929999999999998,-0.0012699999999999968,True,low_bin_residual_mad
2024-06-15 14:46:00,-4.193821,0.0,1e-05,False,False,False,1e-05,1e-05,False,False,0.017929999999999998,-0.01792,True,low_bin_residual_mad
2024-06-15 14:47:00,-4.162626,0.0,1e-05,False,False,False,1e-05,1e-05,False,False,0.017929999999999998,-0.01792,True,low_bin_residual_mad
2024-06-15 15:07:00,0.0,0.0,3.059060000000001,False,False,False,3.059060000000001,3.059060000000001,False,False,3.058949464535466,0.00011053546453521079,True,low_bin_residual_mad
2024-06-15 15:28:00,-0.5897152,0.0,2.8093700000000004,False,False,False,2.8093700000000004,2.8093700000000004,False,False,2.809183519746056,0.00018648025394440992,True,low_bin_residual_mad
2024-06-15 16:07:00,-4.3833885,0.0,0.0038499999999999997,False,False,False,0.0038499999999999997,0.0038499999999999997,False,False,0.017929999999999998,-0.014079999999999999,True,low_bin_residual_mad
2024-06-15 16:10:00,-4.608282,0.0,1e-05,False,False,False,1e-05,1e-05,False,False,0.017929999999999998,-0.01792,True,low_bin_residual_mad
2024-06-15 16:11:00,-4.6127634,0.0,1e-05,False,False,False,1e-05,1e-05,False,False,0.017929999999999998,-0.01792,True,low_bin_residual_mad
2024-06-15 16:12:00,-4.6599574,0.0,1e-05,False,False,False,1e-05,1e-05,False,False,0.017929999999999998,-0.01792,True,low_bin_residual_mad
2024-06-15 16:13:00,-4.5556536,0.0,1e-05,False,False,False,1e-05,1e-05,False,False,0.017929999999999998,-0.01792,True,low_bin_residual_mad
2024-06-15 16:14:00,-4.6618357,0.0,1e-05,False,False,False,1e-05,1e-05,False,False,0.017929999999999998,-0.01792,True,low_bin_residual_mad
2024-06-15 16:15:00,-4.4707966,0.0,1e-05,False,False,False,1e-05,1e-05,False,False,0.017929999999999998,-0.01792,True,low_bin_residual_mad
2024-06-15 16:16:00,-4.299205,0.0,1e-05,False,False,False,1e-05,1e-05,False,False,0.017929999999999998,-0.01792,True,low_bin_residual_mad
2024-06-15 16:17:00,-4.151022,0.0,1e-05,False,False,False,1e-05,1e-05,False,False,0.017929999999999998,-0.01792,True,low_bin_residual_mad
2024-06-15 16:18:00,-4.2201204,0.0,1e-05,False,False,False,1e-05,1e-05,False,False,0.017929999999999998,-0.01792,True,low_bin_residual_mad
2024-06-15 16:19:00,-4.2082925,0.0,1e-05,False,False,False,1e-05,1e-05,False,False,0.017929999999999998,-0.01792,True,low_bin_residual_mad
2024-06-15 16:21:00,-4.283485,0.0,1e-05,False,False,False,1e-05,1e-05,False,False,0.017929999999999998,-0.01792,True,low_bin_residual_mad
2024-06-15 16:22:00,-4.29597,0.0,1e-05,False,False,False,1e-05,1e-05,False,False,0.017929999999999998,-0.01792,True,low_bin_residual_mad
2024-06-15 16:23:00,-4.4125504,0.0,1e-05,False,False,False,1e-05,1e-05,False,False,0.017929999999999998,-0.01792,True,low_bin_residual_mad
2024-06-15 16:24:00,-4.4018335,0.0,1e-05,False,False,False,1e-05,1e-05,False,False,0.017929999999999998,-0.01792,True,low_bin_residual_mad
2024-06-15 16:25:00,-4.3357544,0.0,1e-05,False,False,False,1e-05,1e-05,False,False,0.017929999999999998,-0.01792,True,low_bin_residual_mad
2024-06-15 16:26:00,-4.269092,0.0,1e-05,False,False,False,1e-05,1e-05,False,False,0.017929999999999998,-0.01792,True,low_bin_residual_mad
2024-06-15 16:27:00,-4.2621903,0.0,1e-05,False,False,False,1e-05,1e-05,False,False,0.017929999999999998,-0.01792,True,low_bin_residual_mad
2024-06-15 16:28:00,-4.3293004,0.0,1e-05,False,False,False,1e-05,1e-05,False,False,0.017929999999999998,-0.01792,True,low_bin_residual_mad
2024-06-15 16:29:00,-4.119939,0.0,1e-05,False,False,False,1e-05,1e-05,False,False,0.017929999999999998,-0.01792,True,low_bin_residual_mad
2024-06-15 16:30:00,-4.1123095,0.0,1e-05,False,False,False,1e-05,1e-05,False,False,0.017929999999999998,-0.01792,True,low_bin_residual_mad
2024-06-15 16:31:00,-4.215683,0.0,1e-05,False,False,False,1e-05,1e-05,False,False,0.017929999999999998,-0.01792,True,low_bin_residual_mad
2024-06-15 16:32:00,-4.209475,0.0,1e-05,False,False,False,1e-05,1e-05,False,False,0.017929999999999998,-0.01792,True,low_bin_residual_mad
2024-06-15 16:33:00,-4.2369003,0.0,1e-05,False,False,False,1e-05,1e-05,False,False,0.017929999999999998,-0.01792,True,low_bin_residual_mad
2024-06-15 16:35:00,-4.186131,0.0,1e-05,False,False,False,1e-05,1e-05,False,False,0.017929999999999998,-0.01792,True,low_bin_residual_mad
2024-06-15 16:36:00,-4.1024117,0.0,1e-05,False,False,False,1e-05,1e-05,False,False,0.017929999999999998,-0.01792,True,low_bin_residual_mad
2024-06-15 16:37:00,-4.2310486,0.0,1e-05,False,False,False,1e-05,1e-05,False,False,0.017929999999999998,-0.01792,True,low_bin_residual_mad
2024-06-15 16:38:00,-4.033183,0.0,1e-05,False,False,False,1e-05,1e-05,False,False,0.017929999999999998,-0.01792,True,low_bin_residual_mad
2024-06-15 16:39:00,-3.8894143,0.0,1e-05,False,False,False,1e-05,1e-05,False,False,0.017929999999999998,-0.01792,True,low_bin_residual_mad
2024-06-15 16:40:00,-4.104466,0.0,1e-05,False,False,False,1e-05,1e-05,False,False,0.017929999999999998,-0.01792,True,low_bin_residual_mad
2024-06-15 16:41:00,-4.2251635,0.0,1e-05,False,False,False,1e-05,1e-05,False,False,0.017929999999999998,-0.01792,True,low_bin_residual_mad
2024-06-15 16:44:00,-4.3264,0.0,1e-05,False,False,False,1e-05,1e-05,False,False,0.017929999999999998,-0.01792,True,low_bin_residual_mad
2024-06-15 16:46:00,-4.345073,0.0,1e-05,False,False,False,1e-05,1e-05,False,False,0.017929999999999998,-0.01792,True,low_bin_residual_mad
2024-06-15 16:47:00,-4.402181,0.0,1e-05,False,False,False,1e-05,1e-05,False,False,0.017929999999999998,-0.01792,True,low_bin_residual_mad
2024-06-15 16:48:00,-4.2451363,0.0,1e-05,False,False,False,1e-05,1e-05,False,False,0.017929999999999998,-0.01792,True,low_bin_residual_mad
2024-06-15 16:49:00,-4.364911,0.0,1e-05,False,False,False,1e-05,1e-05,False,False,0.017929999999999998,-0.01792,True,low_bin_residual_mad
2024-06-15 16:51:00,-4.448873,0.0,1e-05,False,False,False,1e-05,1e-05,False,False,0.017929999999999998,-0.01792,True,low_bin_residual_mad
2024-06-15 16:52:00,-4.2905397,0.0,1e-05,False,False,False,1e-05,1e-05,False,False,0.017929999999999998,-0.01792,True,low_bin_residual_mad
2024-06-15 16:54:00,-4.482217,0.0,1e-05,False,False,False,1e-05,1e-05,False,False,0.017929999999999998,-0.01792,True,low_bin_residual_mad
2024-06-15 16:59:00,-4.268161,0.0,1e-05,False,False,False,1e-05,1e-05,False,False,0.017929999999999998,-0.01792,True,low_bin_residual_mad
2024-06-15 17:00:00,-4.2389164,0.0,1e-05,False,False,False,1e-05,1e-05,False,False,0.017929999999999998,-0.01792,True,low_bin_residual_mad
2024-06-15 17:01:00,-4.0779977,0.0,1e-05,False,False,False,1e-05,1e-05,False,False,0.017929999999999998,-0.01792,True,low_bin_residual_mad
2024-06-15 17:02:00,-4.262095,0.0,1e-05,False,False,False,1e-05,1e-05,False,False,0.017929999999999998,-0.01792,True,low_bin_residual_mad
2024-06-15 17:03:00,-4.080181,0.0,1e-05,False,False,False,1e-05,1e-05,False,False,0.017929999999999998,-0.01792,True,low_bin_residual_mad
2024-06-15 17:05:00,-4.280189,0.0,1e-05,False,False,False,1e-05,1e-05,False,False,0.017929999999999998,-0.01792,True,low_bin_residual_mad
2024-06-15 17:06:00,-4.300606,0.0,1e-05,False,False,False,1e-05,1e-05,False,False,0.017929999999999998,-0.01792,True,low_bin_residual_mad
2024-06-15 17:07:00,-4.2952385,0.0,1e-05,False,False,False,1e-05,1e-05,False,False,0.017929999999999998,-0.01792,True,low_bin_residual_mad
2024-06-15 17:08:00,-4.2490716,0.0,1e-05,False,False,False,1e-05,1e-05,False,False,0.017929999999999998,-0.01792,True,low_bin_residual_mad
2024-06-15 17:09:00,-4.322976,0.0,1e-05,False,False,False,1e-05,1e-05,False,False,0.017929999999999998,-0.01792,True,low_bin_residual_mad
2024-06-15 17:10:00,-4.3295245,0.0,1e-05,False,False,False,1e-05,1e-05,False,False,0.017929999999999998,-0.01792,True,low_bin_residual_mad
2024-06-15 17:11:00,-4.3013864,0.0,1e-05,False,False,False,1e-05,1e-05,False,False,0.017929999999999998,-0.01792,True,low_bin_residual_mad
2024-06-15 17:12:00,-4.3202887,0.0,1e-05,False,False,False,1e-05,1e-05,False,False,0.017929999999999998,-0.01792,True,low_bin_residual_mad
2024-06-15 17:14:00,-4.4146605,0.0,1e-05,False,False,False,1e-05,1e-05,False,False,0.017929999999999998,-0.01792,True,low_bin_residual_mad
2024-06-15 17:19:00,-4.4507294,0.0,1e-05,False,False,False,1e-05,1e-05,False,False,0.017929999999999998,-0.01792,True,low_bin_residual_mad
2024-06-15 17:20:00,-4.394766,0.0,1e-05,False,False,False,1e-05,1e-05,False,False,0.017929999999999998,-0.01792,True,low_bin_residual_mad
2024-06-15 17:24:00,-4.480383,0.0,1e-05,False,False,False,1e-05,1e-05,False,False,0.017929999999999998,-0.01792,True,low_bin_residual_mad
2024-06-15 17:25:00,-4.5286837,0.0,1e-05,False,False,False,1e-05,1e-05,False,False,0.017929999999999998,-0.01792,True,low_bin_residual_mad
2024-06-15 17:26:00,-4.414733,0.0,1e-05,False,False,False,1e-05,1e-05,False,False,0.017929999999999998,-0.01792,True,low_bin_residual_mad
2024-06-15 17:27:00,-4.3854947,0.0,1e-05,False,False,False,1e-05,1e-05,False,False,0.017929999999999998,-0.01792,True,low_bin_residual_mad
2024-06-15 17:28:00,-4.5317373,0.0,1e-05,False,False,False,1e-05,1e-05,False,False,0.017929999999999998,-0.01792,True,low_bin_residual_mad
2024-06-15 17:29:00,-4.546832,0.0,1e-05,False,False,False,1e-05,1e-05,False,False,0.017929999999999998,-0.01792,True,low_bin_residual_mad
2024-06-15 17:31:00,-4.424863,0.0,1e-05,False,False,False,1e-05,1e-05,False,False,0.017929999999999998,-0.01792,True,low_bin_residual_mad
2024-06-15 17:32:00,-4.3528233,0.0,1e-05,False,False,False,1e-05,1e-05,False,False,0.017929999999999998,-0.01792,True,low_bin_residual_mad
2024-06-15 17:33:00,-4.457018,0.0,1e-05,False,False,False,1e-05,1e-05,False,False,0.017929999999999998,-0.01792,True,low_bin_residual_mad
2024-06-15 17:34:00,-4.4517474,0.0,1e-05,False,False,False,1e-05,1e-05,False,False,0.017929999999999998,-0.01792,True,low_bin_residual_mad
2024-06-15 17:35:00,-4.5220776,0.0,1e-05,False,False,False,1e-05,1e-05,False,False,0.017929999999999998,-0.01792,True,low_bin_residual_mad
2024-06-15 17:36:00,-4.4644938,0.0,1e-05,False,False,False,1e-05,1e-05,False,False,0.017929999999999998,-0.01792,True,low_bin_residual_mad
2024-06-15 17:37:00,-4.45975,0.0,1e-05,False,False,False,1e-05,1e-05,False,False,0.017929999999999998,-0.01792,True,low_bin_residual_mad
2024-06-15 17:43:00,-4.351205,0.0,1e-05,False,False,False,1e-05,1e-05,False,False,0.017929999999999998,-0.01792,True,low_bin_residual_mad
2024-06-15 17:44:00,-4.3668885,0.0,1e-05,False,False,False,1e-05,1e-05,False,False,0.017929999999999998,-0.01792,True,low_bin_residual_mad
2024-06-15 17:45:00,-4.3108406,0.0,1e-05,False,False,False,1e-05,1e-05,False,False,0.017929999999999998,-0.01792,True,low_bin_residual_mad
2024-06-15 17:46:00,-4.341382,0.0,0.00011,False,False,False,0.00011,0.00011,False,False,0.017929999999999998,-0.01782,True,low_bin_residual_mad
2024-06-15 17:47:00,-4.430756,0.0,0.0005899999999999999,False,False,False,0.0005899999999999999,0.0005899999999999999,False,False,0.017929999999999998,-0.017339999999999998,True,low_bin_residual_mad
2024-06-15 17:48:00,-4.4177527,0.0,0.0005600000000000001,False,False,False,0.0005600000000000001,0.0005600000000000001,False,False,0.017929999999999998,-0.017369999999999997,True,low_bin_residual_mad
2024-06-15 17:49:00,-4.4111104,0.0,0.00062,False,False,False,0.00062,0.00062,False,False,0.017929999999999998,-0.01731,True,low_bin_residual_mad
2024-06-15 17:50:00,-4.4568367,0.0,0.00043,False,False,False,0.00043,0.00043,False,False,0.017929999999999998,-0.017499999999999998,True,low_bin_residual_mad
2024-06-15 17:51:00,-4.3176584,0.0,0.0005899999999999999,False,False,False,0.0005899999999999999,0.0005899999999999999,False,False,0.017929999999999998,-0.017339999999999998,True,low_bin_residual_mad
2024-06-15 17:52:00,-4.197336,0.0,0.0005200000000000001,False,False,False,0.0005200000000000001,0.0005200000000000001,False,False,0.017929999999999998,-0.01741,True,low_bin_residual_mad
2024-06-15 17:53:00,-4.2271795,0.0,0.00053,False,False,False,0.00053,0.00053,False,False,0.017929999999999998,-0.0174,True,low_bin_residual_mad
2024-06-15 17:54:00,-4.1903543,0.0,0.00066,False,False,False,0.00066,0.00066,False,False,0.017929999999999998,-0.017269999999999997,True,low_bin_residual_mad
2024-06-15 17:55:00,-4.202261,0.0,0.0005899999999999999,False,False,False,0.0005899999999999999,0.0005899999999999999,False,False,0.017929999999999998,-0.017339999999999998,True,low_bin_residual_mad
2024-06-15 17:56:00,-4.22854,0.0,0.00057,False,False,False,0.00057,0.00057,False,False,0.017929999999999998,-0.017359999999999997,True,low_bin_residual_mad
2024-06-15 17:57:00,-4.3125825,0.0,0.00061,False,False,False,0.00061,0.00061,False,False,0.017929999999999998,-0.01732,True,low_bin_residual_mad
2024-06-15 17:58:00,-4.3165493,0.0,0.0005,False,False,False,0.0005,0.0005,False,False,0.017929999999999998,-0.017429999999999998,True,low_bin_residual_mad
2024-06-15 17:59:00,-4.295746,0.0,0.00045,False,False,False,0.00045,0.00045,False,False,0.017929999999999998,-0.01748,True,low_bin_residual_mad
2024-06-15 18:00:00,-4.3193383,0.0,0.0005899999999999999,False,False,False,0.0005899999999999999,0.0005899999999999999,False,False,0.017929999999999998,-0.017339999999999998,True,low_bin_residual_mad
2024-06-15 18:01:00,-4.319125,0.0,0.00051,False,False,False,0.00051,0.00051,False,False,0.017929999999999998,-0.017419999999999998,True,low_bin_residual_mad
2024-06-15 18:02:00,-4.2136536,0.0,0.00055,False,False,False,0.00055,0.00055,False,False,0.017929999999999998,-0.01738,True,low_bin_residual_mad
2024-06-15 18:03:00,-4.4330015,0.0,0.00047,False,False,False,0.00047,0.00047,False,False,0.017929999999999998,-0.017459999999999996,True,low_bin_residual_mad
2024-06-15 18:04:00,-4.2079515,0.0,0.00055,False,False,False,0.00055,0.00055,False,False,0.017929999999999998,-0.01738,True,low_bin_residual_mad
2024-06-15 18:05:00,-4.389345,0.0,0.00069,False,False,False,0.00069,0.00069,False,False,0.017929999999999998,-0.01724,True,low_bin_residual_mad
2024-06-15 18:06:00,-4.191601,0.0,0.00076,False,False,False,0.00076,0.00076,False,False,0.017929999999999998,-0.017169999999999998,True,low_bin_residual_mad
2024-06-15 18:07:00,-4.1282682,0.0,0.0005,False,False,False,0.0005,0.0005,False,False,0.017929999999999998,-0.017429999999999998,True,low_bin_residual_mad
2024-06-15 18:08:00,-4.0257626,0.0,0.00057,False,False,False,0.00057,0.00057,False,False,0.017929999999999998,-0.017359999999999997,True,low_bin_residual_mad
2024-06-15 18:09:00,-4.1604986,0.0,0.00082,False,False,False,0.00082,0.00082,False,False,0.017929999999999998,-0.017109999999999997,True,low_bin_residual_mad
2024-06-15 18:10:00,-4.13907,0.0,0.00066,False,False,False,0.00066,0.00066,False,False,0.017929999999999998,-0.017269999999999997,True,low_bin_residual_mad
2024-06-15 18:11:00,-4.191237,0.0,0.00076,False,False,False,0.00076,0.00076,False,False,0.017929999999999998,-0.017169999999999998,True,low_bin_residual_mad
2024-06-15 18:12:00,-4.2314196,0.0,0.00066,False,False,False,0.00066,0.00066,False,False,0.017929999999999998,-0.017269999999999997,True,low_bin_residual_mad
2024-06-15 18:13:00,-4.167923,0.0,0.00051,False,False,False,0.00051,0.00051,False,False,0.017929999999999998,-0.017419999999999998,True,low_bin_residual_mad
2024-06-15 18:14:00,-4.274873,0.0,0.00049,False,False,False,0.00049,0.00049,False,False,0.017929999999999998,-0.017439999999999997,True,low_bin_residual_mad
2024-06-15 18:15:00,-4.348684,0.0,0.00061,False,False,False,0.00061,0.00061,False,False,0.017929999999999998,-0.01732,True,low_bin_residual_mad
2024-06-15 18:16:00,-4.1278367,0.0,0.0007,False,False,False,0.0007,0.0007,False,False,0.017929999999999998,-0.01723,True,low_bin_residual_mad
2024-06-15 18:17:00,-4.1291904,0.0,0.00053,False,False,False,0.00053,0.00053,False,False,0.017929999999999998,-0.0174,True,low_bin_residual_mad
2024-06-15 18:18:00,-4.2404375,0.0,0.00064,False,False,False,0.00064,0.00064,False,False,0.017929999999999998,-0.017289999999999996,True,low_bin_residual_mad
2024-06-15 18:19:00,-4.277341,0.0,0.00066,False,False,False,0.00066,0.00066,False,False,0.017929999999999998,-0.017269999999999997,True,low_bin_residual_mad
2024-06-15 18:20:00,-4.215384,0.0,0.0005899999999999999,False,False,False,0.0005899999999999999,0.0005899999999999999,False,False,0.017929999999999998,-0.017339999999999998,True,low_bin_residual_mad
2024-06-15 18:21:00,-4.20685,0.0,0.0005899999999999999,False,False,False,0.0005899999999999999,0.0005899999999999999,False,False,0.017929999999999998,-0.017339999999999998,True,low_bin_residual_mad
2024-06-15 18:22:00,-4.250782,0.0,0.00061,False,False,False,0.00061,0.00061,False,False,0.017929999999999998,-0.01732,True,low_bin_residual_mad
2024-06-15 18:23:00,-4.427294,0.0,0.00074,False,False,False,0.00074,0.00074,False,False,0.017929999999999998,-0.017189999999999997,True,low_bin_residual_mad
2024-06-15 18:24:00,-4.1209755,0.0,0.0005899999999999999,False,False,False,0.0005899999999999999,0.0005899999999999999,False,False,0.017929999999999998,-0.017339999999999998,True,low_bin_residual_mad
2024-06-15 18:25:00,-4.2639275,0.0,0.00069,False,False,False,0.00069,0.00069,False,False,0.017929999999999998,-0.01724,True,low_bin_residual_mad
2024-06-15 18:26:00,-4.234578,0.0,0.00073,False,False,False,0.00073,0.00073,False,False,0.017929999999999998,-0.017199999999999997,True,low_bin_residual_mad
2024-06-15 18:27:00,-4.2787127,0.0,0.00067,False,False,False,0.00067,0.00067,False,False,0.017929999999999998,-0.017259999999999998,True,low_bin_residual_mad
2024-06-15 18:28:00,-4.0493593,0.0,0.00068,False,False,False,0.00068,0.00068,False,False,0.017929999999999998,-0.017249999999999998,True,low_bin_residual_mad
2024-06-15 18:29:00,-4.4297423,0.0,0.00068,False,False,False,0.00068,0.00068,False,False,0.017929999999999998,-0.017249999999999998,True,low_bin_residual_mad
2024-06-15 18:30:00,-4.067442,0.0,0.00058,False,False,False,0.00058,0.00058,False,False,0.017929999999999998,-0.017349999999999997,True,low_bin_residual_mad
2024-06-15 18:31:00,-4.205193,0.0,0.00064,False,False,False,0.00064,0.00064,False,False,0.017929999999999998,-0.017289999999999996,True,low_bin_residual_mad
2024-06-15 18:32:00,-4.210231,0.0,0.00063,False,False,False,0.00063,0.00063,False,False,0.017929999999999998,-0.0173,True,low_bin_residual_mad
2024-06-15 18:33:00,-4.284671,0.0,0.0006,False,False,False,0.0006,0.0006,False,False,0.017929999999999998,-0.017329999999999998,True,low_bin_residual_mad
2024-06-15 18:34:00,-4.0952435,0.0,0.00054,False,False,False,0.00054,0.00054,False,False,0.017929999999999998,-0.01739,True,low_bin_residual_mad
2024-06-15 18:35:00,-4.243662,0.0,0.00046,False,False,False,0.00046,0.00046,False,False,0.017929999999999998,-0.01747,True,low_bin_residual_mad
2024-06-15 18:36:00,-4.181165,0.0,0.00069,False,False,False,0.00069,0.00069,False,False,0.017929999999999998,-0.01724,True,low_bin_residual_mad
2024-06-15 18:37:00,-4.348878,0.0,0.00068,False,False,False,0.00068,0.00068,False,False,0.017929999999999998,-0.017249999999999998,True,low_bin_residual_mad
2024-06-15 18:45:00,-4.365841,0.0,2e-05,False,False,False,2e-05,2e-05,False,False,0.017929999999999998,-0.01791,True,low_bin_residual_mad
2024-06-15 18:46:00,-4.1465144,0.0,0.00051,False,False,False,0.00051,0.00051,False,False,0.017929999999999998,-0.017419999999999998,True,low_bin_residual_mad
2024-06-15 18:47:00,-4.257483,0.0,0.00065,False,False,False,0.00065,0.00065,False,False,0.017929999999999998,-0.017279999999999997,True,low_bin_residual_mad
2024-06-15 18:48:00,-4.2471576,0.0,0.00064,False,False,False,0.00064,0.00064,False,False,0.017929999999999998,-0.017289999999999996,True,low_bin_residual_mad
2024-06-15 18:49:00,-4.280776,0.0,0.00047999999999999996,False,False,False,0.00047999999999999996,0.00047999999999999996,False,False,0.017929999999999998,-0.017449999999999997,True,low_bin_residual_mad
2024-06-15 18:50:00,-4.0329957,0.0,0.00061,False,False,False,0.00061,0.00061,False,False,0.017929999999999998,-0.01732,True,low_bin_residual_mad
2024-06-15 18:51:00,-4.2309403,0.0,0.00045,False,False,False,0.00045,0.00045,False,False,0.017929999999999998,-0.01748,True,low_bin_residual_mad
2024-06-15 18:52:00,-4.0501614,0.0,0.00061,False,False,False,0.00061,0.00061,False,False,0.017929999999999998,-0.01732,True,low_bin_residual_mad
2024-06-15 18:53:00,-4.209356,0.0,0.0005600000000000001,False,False,False,0.0005600000000000001,0.0005600000000000001,False,False,0.017929999999999998,-0.017369999999999997,True,low_bin_residual_mad
2024-06-15 18:54:00,-4.1023884,0.0,0.0005200000000000001,False,False,False,0.0005200000000000001,0.0005200000000000001,False,False,0.017929999999999998,-0.01741,True,low_bin_residual_mad
2024-06-15 18:55:00,-4.1864743,0.0,0.00061,False,False,False,0.00061,0.00061,False,False,0.017929999999999998,-0.01732,True,low_bin_residual_mad
2024-06-15 18:56:00,-4.2009997,0.0,0.00055,False,False,False,0.00055,0.00055,False,False,0.017929999999999998,-0.01738,True,low_bin_residual_mad
2024-06-15 18:57:00,-4.3819203,0.0,0.00057,False,False,False,0.00057,0.00057,False,False,0.017929999999999998,-0.017359999999999997,True,low_bin_residual_mad
2024-06-15 18:58:00,-4.403426,0.0,0.00064,False,False,False,0.00064,0.00064,False,False,0.017929999999999998,-0.017289999999999996,True,low_bin_residual_mad
2024-06-15 18:59:00,-4.2743487,0.0,0.0005600000000000001,False,False,False,0.0005600000000000001,0.0005600000000000001,False,False,0.017929999999999998,-0.017369999999999997,True,low_bin_residual_mad
2024-06-15 19:00:00,-4.3677073,0.0,0.0005600000000000001,False,False,False,0.0005600000000000001,0.0005600000000000001,False,False,0.017929999999999998,-0.017369999999999997,True,low_bin_residual_mad
2024-06-15 19:01:00,-4.254303,0.0,0.00058,False,False,False,0.00058,0.00058,False,False,0.017929999999999998,-0.017349999999999997,True,low_bin_residual_mad
2024-06-15 19:02:00,-4.312004,0.0,0.00058,False,False,False,0.00058,0.00058,False,False,0.017929999999999998,-0.017349999999999997,True,low_bin_residual_mad
2024-06-15 19:03:00,-4.4085464,0.0,0.0007,False,False,False,0.0007,0.0007,False,False,0.017929999999999998,-0.01723,True,low_bin_residual_mad
2024-06-15 19:04:00,-4.388933,0.0,0.00051,False,False,False,0.00051,0.00051,False,False,0.017929999999999998,-0.017419999999999998,True,low_bin_residual_mad
2024-06-15 19:05:00,-4.389439,0.0,0.00047999999999999996,False,False,False,0.00047999999999999996,0.00047999999999999996,False,False,0.017929999999999998,-0.017449999999999997,True,low_bin_residual_mad
2024-06-15 19:06:00,-4.2074556,0.0,0.00047,False,False,False,0.00047,0.00047,False,False,0.017929999999999998,-0.017459999999999996,True,low_bin_residual_mad
2024-06-15 19:07:00,-4.276932,0.0,0.00041,False,False,False,0.00041,0.00041,False,False,0.017929999999999998,-0.017519999999999997,True,low_bin_residual_mad
2024-06-15 19:08:00,-4.342012,0.0,0.00055,False,False,False,0.00055,0.00055,False,False,0.017929999999999998,-0.01738,True,low_bin_residual_mad
2024-06-15 19:09:00,-4.256368,0.0,0.00057,False,False,False,0.00057,0.00057,False,False,0.017929999999999998,-0.017359999999999997,True,low_bin_residual_mad
2024-06-15 19:10:00,-4.2146626,0.0,0.00049,False,False,False,0.00049,0.00049,False,False,0.017929999999999998,-0.017439999999999997,True,low_bin_residual_mad
2024-06-15 19:11:00,-4.1750717,0.0,0.00045,False,False,False,0.00045,0.00045,False,False,0.017929999999999998,-0.01748,True,low_bin_residual_mad
2024-06-15 19:12:00,-4.22987,0.0,0.00054,False,False,False,0.00054,0.00054,False,False,0.017929999999999998,-0.01739,True,low_bin_residual_mad
2024-06-15 19:13:00,-4.2184644,0.0,0.00057,False,False,False,0.00057,0.00057,False,False,0.017929999999999998,-0.017359999999999997,True,low_bin_residual_mad
2024-06-15 19:14:00,-4.433733,0.0,0.00065,False,False,False,0.00065,0.00065,False,False,0.017929999999999998,-0.017279999999999997,True,low_bin_residual_mad
2024-06-15 19:15:00,-4.2063236,0.0,0.00074,False,False,False,0.00074,0.00074,False,False,0.017929999999999998,-0.017189999999999997,True,low_bin_residual_mad
2024-06-15 19:16:00,-4.078523,0.0,0.00067,False,False,False,0.00067,0.00067,False,False,0.017929999999999998,-0.017259999999999998,True,low_bin_residual_mad
2024-06-15 19:17:00,-4.1676073,0.0,0.0005,False,False,False,0.0005,0.0005,False,False,0.017929999999999998,-0.017429999999999998,True,low_bin_residual_mad
2024-06-15 19:18:00,-4.282807,0.0,0.00053,False,False,False,0.00053,0.00053,False,False,0.017929999999999998,-0.0174,True,low_bin_residual_mad
2024-06-15 19:19:00,-4.26259,0.0,0.00034,False,False,False,0.00034,0.00034,False,False,0.017929999999999998,-0.017589999999999998,True,low_bin_residual_mad
2024-06-15 19:20:00,-4.2081556,0.0,0.0005200000000000001,False,False,False,0.0005200000000000001,0.0005200000000000001,False,False,0.017929999999999998,-0.01741,True,low_bin_residual_mad
2024-06-15 19:21:00,-4.20517,0.0,0.00046,False,False,False,0.00046,0.00046,False,False,0.017929999999999998,-0.01747,True,low_bin_residual_mad
2024-06-15 19:22:00,-4.232247,0.0,0.00047,False,False,False,0.00047,0.00047,False,False,0.017929999999999998,-0.017459999999999996,True,low_bin_residual_mad
2024-06-15 19:23:00,-4.2498994,0.0,0.0005,False,False,False,0.0005,0.0005,False,False,0.017929999999999998,-0.017429999999999998,True,low_bin_residual_mad
2024-06-15 19:24:00,-4.189724,0.0,0.00047999999999999996,False,False,False,0.00047999999999999996,0.00047999999999999996,False,False,0.017929999999999998,-0.017449999999999997,True,low_bin_residual_mad
2024-06-15 19:25:00,-4.2181516,0.0,0.00054,False,False,False,0.00054,0.00054,False,False,0.017929999999999998,-0.01739,True,low_bin_residual_mad
2024-06-15 19:26:00,-4.080446,0.0,0.00051,False,False,False,0.00051,0.00051,False,False,0.017929999999999998,-0.017419999999999998,True,low_bin_residual_mad
2024-06-15 19:27:00,-4.259204,0.0,0.0006,False,False,False,0.0006,0.0006,False,False,0.017929999999999998,-0.017329999999999998,True,low_bin_residual_mad
2024-06-15 19:28:00,-4.305953,0.0,0.00047999999999999996,False,False,False,0.00047999999999999996,0.00047999999999999996,False,False,0.017929999999999998,-0.017449999999999997,True,low_bin_residual_mad
2024-06-15 19:29:00,-4.17067,0.0,0.00044,False,False,False,0.00044,0.00044,False,False,0.017929999999999998,-0.01749,True,low_bin_residual_mad
2024-06-15 19:30:00,-4.184515,0.0,0.00046,False,False,False,0.00046,0.00046,False,False,0.017929999999999998,-0.01747,True,low_bin_residual_mad
2024-06-15 19:31:00,-4.161482,0.0,0.00032,False,False,False,0.00032,0.00032,False,False,0.017929999999999998,-0.017609999999999997,True,low_bin_residual_mad
2024-06-15 19:32:00,-4.249333,0.0,0.00038,False,False,False,0.00038,0.00038,False,False,0.017929999999999998,-0.01755,True,low_bin_residual_mad
2024-06-15 19:33:00,-4.268854,0.0,0.00047,False,False,False,0.00047,0.00047,False,False,0.017929999999999998,-0.017459999999999996,True,low_bin_residual_mad
2024-06-15 19:34:00,-4.3200083,0.0,0.00039,False,False,False,0.00039,0.00039,False,False,0.017929999999999998,-0.017539999999999997,True,low_bin_residual_mad
2024-06-15 19:35:00,-4.2375774,0.0,0.00045,False,False,False,0.00045,0.00045,False,False,0.017929999999999998,-0.01748,True,low_bin_residual_mad
2024-06-15 19:36:00,-4.411899,0.0,0.00047,False,False,False,0.00047,0.00047,False,False,0.017929999999999998,-0.017459999999999996,True,low_bin_residual_mad
2024-06-15 19:37:00,-4.29785,0.0,0.00045,False,False,False,0.00045,0.00045,False,False,0.017929999999999998,-0.01748,True,low_bin_residual_mad
2024-06-15 19:38:00,-4.333375,0.0,0.00055,False,False,False,0.00055,0.00055,False,False,0.017929999999999998,-0.01738,True,low_bin_residual_mad
2024-06-15 19:39:00,-4.3047657,0.0,0.00035999999999999997,False,False,False,0.00035999999999999997,0.00035999999999999997,False,False,0.017929999999999998,-0.01757,True,low_bin_residual_mad
2024-06-15 19:40:00,-4.3295846,0.0,0.00062,False,False,False,0.00062,0.00062,False,False,0.017929999999999998,-0.01731,True,low_bin_residual_mad
2024-06-15 19:41:00,-4.3156533,0.0,0.00058,False,False,False,0.00058,0.00058,False,False,0.017929999999999998,-0.017349999999999997,True,low_bin_residual_mad
2024-06-15 19:42:00,-4.3909793,0.0,0.00055,False,False,False,0.00055,0.00055,False,False,0.017929999999999998,-0.01738,True,low_bin_residual_mad
2024-06-15 19:43:00,-4.3293343,0.0,0.00062,False,False,False,0.00062,0.00062,False,False,0.017929999999999998,-0.01731,True,low_bin_residual_mad
2024-06-15 19:44:00,-4.4027953,0.0,0.00046,False,False,False,0.00046,0.00046,False,False,0.017929999999999998,-0.01747,True,low_bin_residual_mad
2024-06-15 19:45:00,-4.2509274,0.0,0.0005200000000000001,False,False,False,0.0005200000000000001,0.0005200000000000001,False,False,0.017929999999999998,-0.01741,True,low_bin_residual_mad
2024-06-15 19:46:00,-4.5757117,0.0,0.00035,False,False,False,0.00035,0.00035,False,False,0.017929999999999998,-0.01758,True,low_bin_residual_mad
2024-06-15 19:47:00,-4.3309236,0.0,0.00054,False,False,False,0.00054,0.00054,False,False,0.017929999999999998,-0.01739,True,low_bin_residual_mad
2024-06-15 19:48:00,-4.3603253,0.0,0.00032,False,False,False,0.00032,0.00032,False,False,0.017929999999999998,-0.017609999999999997,True,low_bin_residual_mad
2024-06-15 19:49:00,-3.8924665,0.0,0.0005200000000000001,False,False,False,0.0005200000000000001,0.0005200000000000001,False,False,0.017929999999999998,-0.01741,True,low_bin_residual_mad
2024-06-15 19:50:00,-4.0354877,0.0,0.00039,False,False,False,0.00039,0.00039,False,False,0.017929999999999998,-0.017539999999999997,True,low_bin_residual_mad
2024-06-15 19:51:00,-4.6139374,0.0,0.00044,False,False,False,0.00044,0.00044,False,False,0.017929999999999998,-0.01749,True,low_bin_residual_mad
2024-06-15 19:52:00,-4.388308,0.0,0.00044,False,False,False,0.00044,0.00044,False,False,0.017929999999999998,-0.01749,True,low_bin_residual_mad
2024-06-15 19:53:00,-4.4730673,0.0,0.00047,False,False,False,0.00047,0.00047,False,False,0.017929999999999998,-0.017459999999999996,True,low_bin_residual_mad
2024-06-15 19:54:00,-4.0658484,0.0,0.00035,False,False,False,0.00035,0.00035,False,False,0.017929999999999998,-0.01758,True,low_bin_residual_mad
2024-06-15 19:55:00,-4.264324,0.0,0.00041999999999999996,False,False,False,0.00041999999999999996,0.00041999999999999996,False,False,0.017929999999999998,-0.017509999999999998,True,low_bin_residual_mad
2024-06-15 19:56:00,-4.4095526,0.0,0.00041,False,False,False,0.00041,0.00041,False,False,0.017929999999999998,-0.017519999999999997,True,low_bin_residual_mad
2024-06-15 19:57:00,-4.1966906,0.0,0.00044,False,False,False,0.00044,0.00044,False,False,0.017929999999999998,-0.01749,True,low_bin_residual_mad
2024-06-15 19:58:00,-4.1874647,0.0,0.00047999999999999996,False,False,False,0.00047999999999999996,0.00047999999999999996,False,False,0.017929999999999998,-0.017449999999999997,True,low_bin_residual_mad
2024-06-15 19:59:00,-4.5473156,0.0,0.00047,False,False,False,0.00047,0.00047,False,False,0.017929999999999998,-0.017459999999999996,True,low_bin_residual_mad
2024-06-15 20:00:00,-4.261566,0.0,0.00043,False,False,False,0.00043,0.00043,False,False,0.017929999999999998,-0.017499999999999998,True,low_bin_residual_mad
2024-06-15 20:01:00,-4.2207766,0.0,0.00047999999999999996,False,False,False,0.00047999999999999996,0.00047999999999999996,False,False,0.017929999999999998,-0.017449999999999997,True,low_bin_residual_mad
2024-06-15 20:02:00,-4.3619814,0.0,0.00046,False,False,False,0.00046,0.00046,False,False,0.017929999999999998,-0.01747,True,low_bin_residual_mad
2024-06-15 20:03:00,-4.0881944,0.0,0.00013000000000000002,False,False,False,0.00013000000000000002,0.00013000000000000002,False,False,0.017929999999999998,-0.017799999999999996,True,low_bin_residual_mad
2024-06-15 20:09:00,-4.4381323,0.0,0.00512,False,False,False,0.00512,0.00512,False,False,0.017929999999999998,-0.012809999999999998,True,low_bin_residual_mad
2024-06-15 20:16:00,-4.53672,0.0,0.0064,False,False,False,0.0064,0.0064,False,False,0.017929999999999998,-0.011529999999999999,True,low_bin_residual_mad
2024-06-15 20:18:00,-4.4753346,0.0,0.01537,False,False,False,0.01537,0.01537,False,False,0.017929999999999998,-0.002559999999999998,True,low_bin_residual_mad
2024-06-15 20:21:00,-4.403115,0.0,0.00128,False,False,False,0.00128,0.00128,False,False,0.017929999999999998,-0.016649999999999998,True,low_bin_residual_mad
2024-06-15 20:23:00,-4.631736,0.0,0.0064,False,False,False,0.0064,0.0064,False,False,0.017929999999999998,-0.011529999999999999,True,low_bin_residual_mad
2024-06-15 20:32:00,-4.4854636,0.0,0.016649999999999998,False,False,False,0.016649999999999998,0.016649999999999998,False,False,0.017929999999999998,-0.0012799999999999999,True,low_bin_residual_mad
2024-06-15 20:50:00,-4.7762547,0.0,0.0038399999999999997,False,False,False,0.0038399999999999997,0.0038399999999999997,False,False,0.017929999999999998,-0.014089999999999998,True,low_bin_residual_mad
2024-06-15 20:58:00,-4.478206,0.0,0.011519999999999999,False,False,False,0.011519999999999999,0.011519999999999999,False,False,0.017929999999999998,-0.006409999999999999,True,low_bin_residual_mad
2024-06-15 21:05:00,-4.3659644,0.0,0.00512,False,False,False,0.00512,0.00512,False,False,0.017929999999999998,-0.012809999999999998,True,low_bin_residual_mad
2024-06-15 21:06:00,-4.2696843,0.0,0.0128,False,False,False,0.0128,0.0128,False,False,0.017929999999999998,-0.005129999999999997,True,low_bin_residual_mad
2024-06-15 21:10:00,-4.3835473,0.0,0.00128,False,False,False,0.00128,0.00128,False,False,0.017929999999999998,-0.016649999999999998,True,low_bin_residual_mad
2024-06-15 21:24:00,-4.6368866,0.0,0.0038399999999999997,False,False,False,0.0038399999999999997,0.0038399999999999997,False,False,0.017929999999999998,-0.014089999999999998,True,low_bin_residual_mad
2024-06-15 21:27:00,-4.4691877,0.0,0.00128,False,False,False,0.00128,0.00128,False,False,0.017929999999999998,-0.016649999999999998,True,low_bin_residual_mad
2024-06-15 21:28:00,-4.3589025,0.0,0.00512,False,False,False,0.00512,0.00512,False,False,0.017929999999999998,-0.012809999999999998,True,low_bin_residual_mad
2024-06-15 22:14:00,1.2686377,1.2686377,3.8504100000000006,False,False,False,3.8504100000000006,2.581772300000001,False,False,3.827898824710721,-1.24612652471072,True,low_bin_residual_mad
2024-06-15 22:53:00,-4.5490904,0.0,0.00512,False,False,False,0.00512,0.00512,False,False,0.017929999999999998,-0.012809999999999998,True,low_bin_residual_mad
2024-06-16 02:18:00,-4.521409,0.0,0.00512,False,False,False,0.00512,0.00512,False,False,0.017929999999999998,-0.012809999999999998,True,low_bin_residual_mad
2024-06-16 04:24:00,-4.4920163,0.0,0.007679999999999999,False,False,False,0.007679999999999999,0.007679999999999999,False,False,0.017929999999999998,-0.010249999999999999,True,low_bin_residual_mad
2024-06-16 04:45:00,-4.282383,0.0,0.016649999999999998,False,False,False,0.016649999999999998,0.016649999999999998,False,False,0.017929999999999998,-0.0012799999999999999,True,low_bin_residual_mad
2024-06-16 04:48:00,-4.4425077,0.0,0.01409,False,False,False,0.01409,0.01409,False,False,0.017929999999999998,-0.003839999999999998,True,low_bin_residual_mad
2024-06-16 04:52:00,-4.4385395,0.0,0.016649999999999998,False,False,False,0.016649999999999998,0.016649999999999998,False,False,0.017929999999999998,-0.0012799999999999999,True,low_bin_residual_mad
2024-06-16 05:11:00,-4.4962983,0.0,0.00256,False,False,False,0.00256,0.00256,False,False,0.017929999999999998,-0.015369999999999998,True,low_bin_residual_mad
2024-06-16 06:21:00,-4.6569066,0.0,0.00512,False,False,False,0.00512,0.00512,False,False,0.017929999999999998,-0.012809999999999998,True,low_bin_residual_mad
2024-06-16 06:54:00,0.0,0.0,2.83585,False,False,False,2.83585,2.83585,False,False,2.8357698254131267,8.017458687348267e-05,True,low_bin_residual_mad
2024-06-16 15:52:00,0.6342952,0.6342952,3.75521,False,False,False,3.75521,3.1209148,False,False,3.740184003391398,-0.619269203391398,True,low_bin_residual_mad
2024-06-16 15:55:00,0.0,0.0,3.07741,False,False,False,3.07741,3.07741,False,False,3.0771014825174827,0.0003085174825172565,True,low_bin_residual_mad
2024-06-16 17:13:00,1.2730315,1.2730315,3.77445,False,False,False,3.77445,2.5014184999999998,False,False,3.757914344072761,-1.2564958440727612,True,low_bin_residual_mad
2024-06-16 17:15:00,1.3092241,1.3092241,3.9247000000000005,False,False,False,3.9247000000000005,2.6154759000000007,False,False,3.8960933078320754,-1.2806174078320747,True,low_bin_residual_mad
2024-06-16 17:17:00,0.5957711,0.5957711,3.3924099999999995,False,False,False,3.3924099999999995,2.7966388999999996,False,False,3.3907020021936387,-0.5940631021936391,True,low_bin_residual_mad
2024-06-16 17:41:00,0.0,0.0,2.8149199999999994,False,False,False,2.8149199999999994,2.8149199999999994,False,False,2.8147558005788436,0.00016419942115586394,True,low_bin_residual_mad
2024-06-16 17:49:00,-0.5915943,0.0,2.8174799999999998,False,False,False,2.8174799999999998,2.8174799999999998,False,False,2.817326077863878,0.00015392213612175354,True,low_bin_residual_mad
2024-06-17 00:10:00,0.0,0.0,3.0650499999999994,False,False,False,3.0650499999999994,3.0650499999999994,False,False,3.0648748371628365,0.00017516283716290104,True,low_bin_residual_mad
2024-06-17 00:33:00,-4.7629933,0.0,0.00256,False,False,False,0.00256,0.00256,False,False,0.017929999999999998,-0.015369999999999998,True,low_bin_residual_mad
2024-06-17 00:36:00,-4.605855,0.0,0.01537,False,False,False,0.01537,0.01537,False,False,0.017929999999999998,-0.002559999999999998,True,low_bin_residual_mad
2024-06-17 04:23:00,0.0,0.0,3.08167,False,False,False,3.08167,3.08167,False,False,3.0813155204795204,0.0003544795204795115,True,low_bin_residual_mad
2024-06-17 12:31:00,-0.6688,0.0,2.83626,False,False,False,2.83626,2.83626,False,False,2.836181471384558,7.852861544188627e-05,True,low_bin_residual_mad
2024-06-17 12:58:00,-4.556107,0.0,0.00512,False,False,False,0.00512,0.00512,False,False,0.017929999999999998,-0.012809999999999998,True,low_bin_residual_mad
2024-06-17 13:24:00,-4.562046,0.0,0.01024,False,False,False,0.01024,0.01024,False,False,0.017929999999999998,-0.007689999999999997,True,low_bin_residual_mad
2024-06-17 17:07:00,-4.647192,0.0,0.0038399999999999997,False,False,False,0.0038399999999999997,0.0038399999999999997,False,False,0.017929999999999998,-0.014089999999999998,True,low_bin_residual_mad
2024-06-17 17:09:00,-5.0304117,0.0,0.0064,False,False,False,0.0064,0.0064,False,False,0.017929999999999998,-0.011529999999999999,True,low_bin_residual_mad
2024-06-17 17:24:00,-4.6980805,0.0,0.00014000000000000001,False,False,False,0.00014000000000000001,0.00014000000000000001,False,False,0.017929999999999998,-0.017789999999999997,True,low_bin_residual_mad
2024-06-17 17:25:00,-4.5527544,0.0,0.00011999999999999999,False,False,False,0.00011999999999999999,0.00011999999999999999,False,False,0.017929999999999998,-0.01781,True,low_bin_residual_mad
2024-06-17 17:34:00,-4.6052365,0.0,0.00014000000000000001,False,False,False,0.00014000000000000001,0.00014000000000000001,False,False,0.017929999999999998,-0.017789999999999997,True,low_bin_residual_mad
2024-06-17 17:35:00,-4.64175,0.0,0.00014000000000000001,False,False,False,0.00014000000000000001,0.00014000000000000001,False,False,0.017929999999999998,-0.017789999999999997,True,low_bin_residual_mad
2024-06-17 17:36:00,-4.5323243,0.0,0.0001,False,False,False,0.0001,0.0001,False,False,0.017929999999999998,-0.01783,True,low_bin_residual_mad
2024-06-17 17:46:00,-4.769,0.0,0.0128,False,False,False,0.0128,0.0128,False,False,0.017929999999999998,-0.005129999999999997,True,low_bin_residual_mad
2024-06-17 17:49:00,-4.812234,0.0,0.0026799999999999997,False,False,False,0.0026799999999999997,0.0026799999999999997,False,False,0.017929999999999998,-0.015249999999999998,True,low_bin_residual_mad
2024-06-17 18:35:00,-4.590725,0.0,0.00512,False,False,False,0.00512,0.00512,False,False,0.017929999999999998,-0.012809999999999998,True,low_bin_residual_mad
2024-06-17 19:02:00,-4.6746716,0.0,0.01024,False,False,False,0.01024,0.01024,False,False,0.017929999999999998,-0.007689999999999997,True,low_bin_residual_mad
2024-06-17 20:31:00,-5.103822,0.0,0.01024,False,False,False,0.01024,0.01024,False,False,0.017929999999999998,-0.007689999999999997,True,low_bin_residual_mad
2024-06-17 20:54:00,-5.096147,0.0,0.0128,False,False,False,0.0128,0.0128,False,False,0.017929999999999998,-0.005129999999999997,True,low_bin_residual_mad
2024-06-17 21:06:00,-5.1943135,0.0,0.00128,False,False,False,0.00128,0.00128,False,False,0.017929999999999998,-0.016649999999999998,True,low_bin_residual_mad
2024-06-17 21:20:00,-4.6883907,0.0,0.0128,False,False,False,0.0128,0.0128,False,False,0.017929999999999998,-0.005129999999999997,True,low_bin_residual_mad
2024-06-17 21:22:00,-5.0382667,0.0,0.0038399999999999997,False,False,False,0.0038399999999999997,0.0038399999999999997,False,False,0.017929999999999998,-0.014089999999999998,True,low_bin_residual_mad
2024-06-17 21:23:00,-4.910048,0.0,0.016649999999999998,False,False,False,0.016649999999999998,0.016649999999999998,False,False,0.017929999999999998,-0.0012799999999999999,True,low_bin_residual_mad
2024-06-17 21:28:00,-5.176733,0.0,0.00256,False,False,False,0.00256,0.00256,False,False,0.017929999999999998,-0.015369999999999998,True,low_bin_residual_mad
2024-06-17 21:36:00,-4.411749,0.0,0.011949999999999999,False,False,False,0.011949999999999999,0.011949999999999999,False,False,0.017929999999999998,-0.005979999999999999,True,low_bin_residual_mad
2024-06-17 21:38:00,-4.6879706,0.0,0.00768,False,False,False,0.00768,0.00768,False,False,0.017929999999999998,-0.010249999999999999,True,low_bin_residual_mad
2024-06-17 21:42:00,-5.009633,0.0,0.00128,False,False,False,0.00128,0.00128,False,False,0.017929999999999998,-0.016649999999999998,True,low_bin_residual_mad
2024-06-17 21:51:00,-5.2550716,0.0,0.00128,False,False,False,0.00128,0.00128,False,False,0.017929999999999998,-0.016649999999999998,True,low_bin_residual_mad
2024-06-17 22:00:00,-4.6178412,0.0,0.0064,False,False,False,0.0064,0.0064,False,False,0.017929999999999998,-0.011529999999999999,True,low_bin_residual_mad
2024-06-17 22:05:00,-4.683295,0.0,0.016640000000000002,False,False,False,0.016640000000000002,0.016640000000000002,False,False,0.017929999999999998,-0.001289999999999996,True,low_bin_residual_mad
2024-06-17 22:07:00,-4.7225733,0.0,0.01024,False,False,False,0.01024,0.01024,False,False,0.017929999999999998,-0.007689999999999997,True,low_bin_residual_mad
2024-06-17 22:36:00,-4.619664,0.0,0.0038399999999999997,False,False,False,0.0038399999999999997,0.0038399999999999997,False,False,0.017929999999999998,-0.014089999999999998,True,low_bin_residual_mad
2024-06-17 22:41:00,-4.757951,0.0,0.00128,False,False,False,0.00128,0.00128,False,False,0.017929999999999998,-0.016649999999999998,True,low_bin_residual_mad
2024-06-17 22:45:00,-5.096014,0.0,0.01024,False,False,False,0.01024,0.01024,False,False,0.017929999999999998,-0.007689999999999997,True,low_bin_residual_mad
2024-06-17 22:47:00,-4.901948,0.0,0.00128,False,False,False,0.00128,0.00128,False,False,0.017929999999999998,-0.016649999999999998,True,low_bin_residual_mad
2024-06-17 22:54:00,-4.8931227,0.0,0.00512,False,False,False,0.00512,0.00512,False,False,0.017929999999999998,-0.012809999999999998,True,low_bin_residual_mad
2024-06-17 22:55:00,-4.758625,0.0,0.007679999999999999,False,False,False,0.007679999999999999,0.007679999999999999,False,False,0.017929999999999998,-0.010249999999999999,True,low_bin_residual_mad
2024-06-17 23:00:00,-4.707825,0.0,0.00256,False,False,False,0.00256,0.00256,False,False,0.017929999999999998,-0.015369999999999998,True,low_bin_residual_mad
2024-06-17 23:01:00,-4.7327375,0.0,0.00256,False,False,False,0.00256,0.00256,False,False,0.017929999999999998,-0.015369999999999998,True,low_bin_residual_mad
2024-06-18 00:45:00,-4.9684105,0.0,0.0128,False,False,False,0.0128,0.0128,False,False,0.017929999999999998,-0.005129999999999997,True,low_bin_residual_mad
2024-06-18 00:47:00,-4.6674895,0.0,0.00768,False,False,False,0.00768,0.00768,False,False,0.017929999999999998,-0.010249999999999999,True,low_bin_residual_mad
2024-06-18 01:05:00,-4.517887,0.0,0.015359999999999999,False,False,False,0.015359999999999999,0.015359999999999999,False,False,0.017929999999999998,-0.0025699999999999994,True,low_bin_residual_mad
2024-06-18 01:11:00,-4.723169,0.0,0.008960000000000001,False,False,False,0.008960000000000001,0.008960000000000001,False,False,0.017929999999999998,-0.008969999999999997,True,low_bin_residual_mad
2024-06-18 01:37:00,-0.7616794,0.0,2.8080899999999995,False,False,False,2.8080899999999995,2.8080899999999995,False,False,2.807898381103538,0.00019161889646168717,True,low_bin_residual_mad
2024-06-18 02:20:00,-4.5770903,0.0,0.01024,False,False,False,0.01024,0.01024,False,False,0.017929999999999998,-0.007689999999999997,True,low_bin_residual_mad
2024-06-18 02:38:00,-4.69162,0.0,0.011519999999999999,False,False,False,0.011519999999999999,0.011519999999999999,False,False,0.017929999999999998,-0.006409999999999999,True,low_bin_residual_mad
2024-06-18 02:39:00,-4.5171247,0.0,0.01408,False,False,False,0.01408,0.01408,False,False,0.017929999999999998,-0.0038499999999999975,True,low_bin_residual_mad
2024-06-18 05:13:00,-4.610229,0.0,0.008960000000000001,False,False,False,0.008960000000000001,0.008960000000000001,False,False,0.017929999999999998,-0.008969999999999997,True,low_bin_residual_mad
2024-06-18 06:52:00,0.0,0.0,3.06036,False,False,False,3.06036,3.06036,False,False,3.0602354385614388,0.00012456143856143242,True,low_bin_residual_mad
2024-06-18 12:20:00,-4.528541,0.0,0.0128,False,False,False,0.0128,0.0128,False,False,0.017929999999999998,-0.005129999999999997,True,low_bin_residual_mad
2024-06-18 12:22:00,-4.1984468,0.0,0.008960000000000001,False,False,False,0.008960000000000001,0.008960000000000001,False,False,0.017929999999999998,-0.008969999999999997,True,low_bin_residual_mad
2024-06-18 12:24:00,-4.5571666,0.0,0.00256,False,False,False,0.00256,0.00256,False,False,0.017929999999999998,-0.015369999999999998,True,low_bin_residual_mad
2024-06-20 09:00:00,0.0,0.0,2.8051099999999995,False,False,False,2.8051099999999995,2.8051099999999995,False,False,2.804906417701428,0.0002035822985715363,True,low_bin_residual_mad
2024-06-20 09:02:00,-0.6470365,0.0,3.0872500000000005,False,False,False,3.0872500000000005,3.0872500000000005,False,False,3.0868353166833176,0.0004146833166829289,True,low_bin_residual_mad
2024-06-20 10:13:00,-4.4503136,0.0,0.007679999999999999,False,False,False,0.007679999999999999,0.007679999999999999,False,False,0.017929999999999998,-0.010249999999999999,True,low_bin_residual_mad
2024-06-20 14:38:00,-0.76511836,0.0,2.8336800000000006,False,False,False,2.8336800000000006,2.8336800000000006,False,False,2.833591113808235,8.888619176561363e-05,True,low_bin_residual_mad
2024-06-20 19:00:00,0.0,0.0,2.81065,False,False,False,2.81065,2.81065,False,False,2.8104686583885723,0.00018134161142757677,True,low_bin_residual_mad
2024-06-20 19:03:00,0.58348805,0.58348805,3.5008299999999997,False,False,False,3.5008299999999997,2.9173419499999995,False,False,3.494145660348902,-0.5768037103489023,True,low_bin_residual_mad
2024-06-20 20:24:00,1.6063225,1.6063225,3.9092800000000003,False,False,False,3.9092800000000003,2.3029575,False,False,3.8819385234770976,-1.5789810234770973,True,low_bin_residual_mad
2024-06-20 21:55:00,-4.6056476,0.0,0.01409,False,False,False,0.01409,0.01409,False,False,0.017929999999999998,-0.003839999999999998,True,low_bin_residual_mad
2024-06-20 21:56:00,-4.550659,0.0,0.01408,False,False,False,0.01408,0.01408,False,False,0.017929999999999998,-0.0038499999999999975,True,low_bin_residual_mad
2024-06-20 23:15:00,-4.7144723,0.0,0.011519999999999999,False,False,False,0.011519999999999999,0.011519999999999999,False,False,0.017929999999999998,-0.006409999999999999,True,low_bin_residual_mad
2024-06-20 23:42:00,0.0,0.0,3.0727400000000005,False,False,False,3.0727400000000005,3.0727400000000005,False,False,3.072481868131869,0.0002581318681316169,True,low_bin_residual_mad
2024-06-21 00:23:00,0.5925655,0.5925655,3.9912499999999995,False,False,False,3.9912499999999995,3.3986844999999994,False,False,3.956600141765534,-0.5579156417655344,True,low_bin_residual_mad
2024-06-21 00:34:00,-4.9003835,0.0,0.01537,False,False,False,0.01537,0.01537,False,False,0.017929999999999998,-0.002559999999999998,True,low_bin_residual_mad
2024-06-21 01:13:00,-4.301617,0.0,0.00512,False,False,False,0.00512,0.00512,False,False,0.017929999999999998,-0.012809999999999998,True,low_bin_residual_mad
2024-06-21 01:46:00,-4.2983727,0.0,0.00128,False,False,False,0.00128,0.00128,False,False,0.017929999999999998,-0.016649999999999998,True,low_bin_residual_mad
2024-06-21 01:48:00,-4.5905294,0.0,0.0038399999999999997,False,False,False,0.0038399999999999997,0.0038399999999999997,False,False,0.017929999999999998,-0.014089999999999998,True,low_bin_residual_mad
2024-06-21 02:31:00,-4.59665,0.0,0.01024,False,False,False,0.01024,0.01024,False,False,0.017929999999999998,-0.007689999999999997,True,low_bin_residual_mad
2024-06-21 02:39:00,-4.3086057,0.0,0.0064,False,False,False,0.0064,0.0064,False,False,0.017929999999999998,-0.011529999999999999,True,low_bin_residual_mad
2024-06-21 02:40:00,-4.3743677,0.0,0.01536,False,False,False,0.01536,0.01536,False,False,0.017929999999999998,-0.0025699999999999976,True,low_bin_residual_mad
2024-06-21 02:49:00,-4.88842,0.0,0.01408,False,False,False,0.01408,0.01408,False,False,0.017929999999999998,-0.0038499999999999975,True,low_bin_residual_mad
2024-06-21 03:27:00,-4.6043215,0.0,0.01024,False,False,False,0.01024,0.01024,False,False,0.017929999999999998,-0.007689999999999997,True,low_bin_residual_mad
2024-06-21 03:28:00,-4.585457,0.0,0.016649999999999998,False,False,False,0.016649999999999998,0.016649999999999998,False,False,0.017929999999999998,-0.0012799999999999999,True,low_bin_residual_mad
2024-06-21 03:29:00,-4.6135297,0.0,0.01537,False,False,False,0.01537,0.01537,False,False,0.017929999999999998,-0.002559999999999998,True,low_bin_residual_mad
2024-06-21 03:32:00,-4.5227437,0.0,0.00598,False,False,False,0.00598,0.00598,False,False,0.017929999999999998,-0.011949999999999999,True,low_bin_residual_mad
2024-06-21 03:56:00,-4.518382,0.0,0.011519999999999999,False,False,False,0.011519999999999999,0.011519999999999999,False,False,0.017929999999999998,-0.006409999999999999,True,low_bin_residual_mad
2024-06-21 04:01:00,-4.6048303,0.0,0.008960000000000001,False,False,False,0.008960000000000001,0.008960000000000001,False,False,0.017929999999999998,-0.008969999999999997,True,low_bin_residual_mad
2024-06-21 04:45:00,-4.641481,0.0,0.011519999999999999,False,False,False,0.011519999999999999,0.011519999999999999,False,False,0.017929999999999998,-0.006409999999999999,True,low_bin_residual_mad
2024-06-21 04:53:00,-4.321017,0.0,0.0064,False,False,False,0.0064,0.0064,False,False,0.017929999999999998,-0.011529999999999999,True,low_bin_residual_mad
2024-06-21 05:06:00,-4.5098763,0.0,0.007679999999999999,False,False,False,0.007679999999999999,0.007679999999999999,False,False,0.017929999999999998,-0.010249999999999999,True,low_bin_residual_mad
2024-06-21 05:25:00,-4.4690933,0.0,0.01409,False,False,False,0.01409,0.01409,False,False,0.017929999999999998,-0.003839999999999998,True,low_bin_residual_mad
2024-06-21 05:30:00,-4.2647247,0.0,0.008960000000000001,False,False,False,0.008960000000000001,0.008960000000000001,False,False,0.017929999999999998,-0.008969999999999997,True,low_bin_residual_mad
2024-06-21 05:32:00,-4.154019,0.0,0.0038399999999999997,False,False,False,0.0038399999999999997,0.0038399999999999997,False,False,0.017929999999999998,-0.014089999999999998,True,low_bin_residual_mad
2024-06-21 05:35:00,-4.2108016,0.0,0.01409,False,False,False,0.01409,0.01409,False,False,0.017929999999999998,-0.003839999999999998,True,low_bin_residual_mad
2024-06-21 10:58:00,-4.216743,0.0,0.00256,False,False,False,0.00256,0.00256,False,False,0.017929999999999998,-0.015369999999999998,True,low_bin_residual_mad
2024-06-21 11:02:00,-4.273568,0.0,0.00256,False,False,False,0.00256,0.00256,False,False,0.017929999999999998,-0.015369999999999998,True,low_bin_residual_mad
2024-06-21 11:18:00,0.0,0.0,2.826429999999999,False,False,False,2.826429999999999,2.826429999999999,False,False,2.8263120082158517,0.0001179917841471756,True,low_bin_residual_mad
2024-06-21 13:05:00,-4.745184,0.0,0.0038399999999999997,False,False,False,0.0038399999999999997,0.0038399999999999997,False,False,0.017929999999999998,-0.014089999999999998,True,low_bin_residual_mad
2024-06-21 13:19:00,-3.9717155,0.0,0.00512,False,False,False,0.00512,0.00512,False,False,0.017929999999999998,-0.012809999999999998,True,low_bin_residual_mad
2024-06-21 13:20:00,-4.311929,0.0,0.00512,False,False,False,0.00512,0.00512,False,False,0.017929999999999998,-0.012809999999999998,True,low_bin_residual_mad
2024-06-21 13:23:00,-4.8031626,0.0,0.00683,False,False,False,0.00683,0.00683,False,False,0.017929999999999998,-0.011099999999999999,True,low_bin_residual_mad
2024-06-22 15:08:00,0.0,0.0,3.08083,False,False,False,3.08083,3.08083,False,False,3.0804845834165837,0.0003454165834164691,True,low_bin_residual_mad
2024-06-22 15:32:00,-0.92734927,0.0,2.8465100000000003,False,False,False,2.8465100000000003,2.8465100000000003,False,False,2.846472620670339,3.737932966130231e-05,True,low_bin_residual_mad
2024-06-22 16:47:00,-4.181899,0.0,0.015359999999999999,False,False,False,0.015359999999999999,0.015359999999999999,False,False,0.017929999999999998,-0.0025699999999999994,True,low_bin_residual_mad
2024-06-22 17:16:00,-4.608345,0.0,0.016640000000000002,False,False,False,0.016640000000000002,0.016640000000000002,False,False,0.017929999999999998,-0.001289999999999996,True,low_bin_residual_mad
2024-06-22 17:19:00,-4.648535,0.0,0.01537,False,False,False,0.01537,0.01537,False,False,0.017929999999999998,-0.002559999999999998,True,low_bin_residual_mad
2024-06-22 17:20:00,-4.4488297,0.0,0.0128,False,False,False,0.0128,0.0128,False,False,0.017929999999999998,-0.005129999999999997,True,low_bin_residual_mad
2024-06-22 20:28:00,-4.290411,0.0,0.007679999999999999,False,False,False,0.007679999999999999,0.007679999999999999,False,False,0.017929999999999998,-0.010249999999999999,True,low_bin_residual_mad
2024-06-22 21:14:00,1.528456,1.528456,3.9152999999999993,False,False,False,3.9152999999999993,2.386843999999999,False,False,3.8874645806636705,-1.5006205806636714,True,low_bin_residual_mad
2024-06-22 22:46:00,-0.6429113,0.0,2.814499999999999,False,False,False,2.814499999999999,2.814499999999999,False,False,2.8143341144617673,0.00016588553823160268,True,low_bin_residual_mad
2024-06-23 01:40:00,-4.08616,0.0,0.007679999999999999,False,False,False,0.007679999999999999,0.007679999999999999,False,False,0.017929999999999998,-0.010249999999999999,True,low_bin_residual_mad
2024-06-23 01:53:00,-4.2325916,0.0,0.007679999999999999,False,False,False,0.007679999999999999,0.007679999999999999,False,False,0.017929999999999998,-0.010249999999999999,True,low_bin_residual_mad
2024-06-25 06:07:00,0.0,0.0,4.829119999999999,False,False,False,4.829119999999999,4.829119999999999,False,False,3.158359973042516,1.670760026957483,True,low_bin_residual_mad
2024-06-27 17:36:00,-5.049896,0.0,0.008960000000000001,False,False,False,0.008960000000000001,0.008960000000000001,False,False,0.017929999999999998,-0.008969999999999997,True,low_bin_residual_mad
2024-07-03 13:36:00,0.0,0.0,5.21797,False,False,False,5.21797,5.21797,False,False,3.230815213965902,1.9871547860340981,True,low_bin_residual_mad
2024-07-04 19:36:00,0.0,0.0,4.874790000000001,False,False,False,4.874790000000001,4.874790000000001,False,False,3.173106422809824,1.701683577190177,True,low_bin_residual_mad
2024-07-04 19:38:00,0.6135831,0.6135831,3.98358,False,False,False,3.98358,3.3699969,False,False,3.949669688316912,-0.5796727883169122,True,low_bin_residual_mad
2024-07-04 19:51:00,0.0,0.0,5.2909299999999995,False,False,False,5.2909299999999995,5.2909299999999995,False,False,3.244513506818854,2.0464164931811455,True,low_bin_residual_mad
2024-07-04 19:52:00,0.0,0.0,4.818850000000001,False,False,False,4.818850000000001,4.818850000000001,False,False,3.1543688879945933,1.664481112005408,True,low_bin_residual_mad
2024-07-04 20:16:00,-4.7379427,0.0,0.01409,False,False,False,0.01409,0.01409,False,False,0.017929999999999998,-0.003839999999999998,True,low_bin_residual_mad
2024-07-04 20:17:00,-4.824328,0.0,0.00512,False,False,False,0.00512,0.00512,False,False,0.017929999999999998,-0.012809999999999998,True,low_bin_residual_mad
2024-07-04 21:54:00,-4.5637035,0.0,0.0064,False,False,False,0.0064,0.0064,False,False,0.017929999999999998,-0.011529999999999999,True,low_bin_residual_mad
2024-07-04 21:57:00,-4.5487185,0.0,0.01409,False,False,False,0.01409,0.01409,False,False,0.017929999999999998,-0.003839999999999998,True,low_bin_residual_mad
2024-07-04 22:04:00,-4.2557416,0.0,0.00256,False,False,False,0.00256,0.00256,False,False,0.017929999999999998,-0.015369999999999998,True,low_bin_residual_mad
2024-07-04 22:06:00,-4.492514,0.0,0.00128,False,False,False,0.00128,0.00128,False,False,0.017929999999999998,-0.016649999999999998,True,low_bin_residual_mad
2024-07-04 23:03:00,-4.6161313,0.0,0.016649999999999998,False,False,False,0.016649999999999998,0.016649999999999998,False,False,0.017929999999999998,-0.0012799999999999999,True,low_bin_residual_mad
2024-07-04 23:04:00,-4.6637797,0.0,0.016649999999999998,False,False,False,0.016649999999999998,0.016649999999999998,False,False,0.017929999999999998,-0.0012799999999999999,True,low_bin_residual_mad
2024-07-04 23:21:00,-4.849264,0.0,0.01537,False,False,False,0.01537,0.01537,False,False,0.017929999999999998,-0.002559999999999998,True,low_bin_residual_mad
2024-07-04 23:29:00,-4.647773,0.0,0.01024,False,False,False,0.01024,0.01024,False,False,0.017929999999999998,-0.007689999999999997,True,low_bin_residual_mad
2024-07-05 00:10:00,-4.725575,0.0,0.00128,False,False,False,0.00128,0.00128,False,False,0.017929999999999998,-0.016649999999999998,True,low_bin_residual_mad
2024-07-05 00:12:00,-4.4866486,0.0,0.0038399999999999997,False,False,False,0.0038399999999999997,0.0038399999999999997,False,False,0.017929999999999998,-0.014089999999999998,True,low_bin_residual_mad
2024-07-05 00:16:00,-4.3665695,0.0,0.011519999999999999,False,False,False,0.011519999999999999,0.011519999999999999,False,False,0.017929999999999998,-0.006409999999999999,True,low_bin_residual_mad
2024-07-05 00:17:00,-4.2088695,0.0,0.01024,False,False,False,0.01024,0.01024,False,False,0.017929999999999998,-0.007689999999999997,True,low_bin_residual_mad
2024-07-05 00:19:00,-4.2300415,0.0,0.00128,False,False,False,0.00128,0.00128,False,False,0.017929999999999998,-0.016649999999999998,True,low_bin_residual_mad
2024-07-05 00:21:00,-4.440281,0.0,0.01537,False,False,False,0.01537,0.01537,False,False,0.017929999999999998,-0.002559999999999998,True,low_bin_residual_mad
2024-07-05 00:59:00,-0.91698647,0.0,3.0808599999999995,False,False,False,3.0808599999999995,3.0808599999999995,False,False,3.0805142597402595,0.00034574025973999056,True,low_bin_residual_mad
2024-07-05 01:57:00,0.6016795,0.6016795,3.8504,False,False,False,3.8504,3.2487205,False,False,3.8278896452137325,-0.5791691452137324,True,low_bin_residual_mad
2024-07-05 02:06:00,-0.66135234,0.0,3.0872300000000004,False,False,False,3.0872300000000004,3.0872300000000004,False,False,3.086815532467533,0.000414467532467544,True,low_bin_residual_mad
2024-07-05 04:10:00,0.0,0.0,5.273029999999999,False,False,False,5.273029999999999,5.273029999999999,False,False,3.243596473068978,2.0294335269310215,True,low_bin_residual_mad
2024-07-05 04:14:00,-0.86912745,0.0,2.818340000000001,False,False,False,2.818340000000001,2.818340000000001,False,False,2.8181895303893203,0.00015046961068065912,True,low_bin_residual_mad
2024-07-05 04:19:00,-0.97000456,0.0,2.80936,False,False,False,2.80936,2.80936,False,False,2.809173479600411,0.00018652039958899636,True,low_bin_residual_mad
2024-07-05 04:25:00,-0.69827443,0.0,3.06293,False,False,False,3.06293,3.06293,False,False,3.0627777102897107,0.00015228971028946603,True,low_bin_residual_mad
2024-07-05 05:07:00,0.0,0.0,4.905489999999998,False,False,False,4.905489999999998,4.905489999999998,False,False,3.1811470920905984,1.7243429079093993,True,low_bin_residual_mad
2024-07-05 05:10:00,0.0,0.0,5.019469999999999,False,False,False,5.019469999999999,5.019469999999999,False,False,3.2083545222076615,1.8111154777923377,True,low_bin_residual_mad
2024-07-05 05:38:00,-0.99331963,0.0,2.83371,False,False,False,2.83371,2.83371,False,False,2.8336212342451685,8.876575483141025e-05,True,low_bin_residual_mad
2024-07-05 05:46:00,0.0,0.0,4.847899999999997,False,False,False,4.847899999999997,4.847899999999997,False,False,3.1656581791963614,1.682241820803636,True,low_bin_residual_mad
2024-07-05 05:48:00,0.0,0.0,5.274280000000001,False,False,False,5.274280000000001,5.274280000000001,False,False,3.243660511738662,2.030619488261339,True,low_bin_residual_mad
2024-07-05 06:35:00,0.0,0.0,4.91321,False,False,False,4.91321,4.91321,False,False,3.1831690454081105,1.7300409545918898,True,low_bin_residual_mad
2024-07-05 06:40:00,0.0,0.0,5.064280000000002,False,False,False,5.064280000000002,5.064280000000002,False,False,3.2131072648309464,1.8511727351690554,True,low_bin_residual_mad
2024-07-07 13:41:00,-0.7275467,0.0,2.8068,False,False,False,2.8068,2.8068,False,False,2.806603202315377,0.00019679768462310676,True,low_bin_residual_mad
2024-07-07 14:19:00,0.0,0.0,4.79367,False,False,False,4.79367,4.79367,False,False,3.1445835402334716,1.649086459766528,True,low_bin_residual_mad
2024-07-07 14:33:00,-0.71850353,0.0,3.0654600000000003,False,False,False,3.0654600000000003,3.0654600000000003,False,False,3.065280413586414,0.0001795864135862857,True,low_bin_residual_mad
2024-07-07 14:34:00,-0.7656869,0.0,2.82643,False,False,False,2.82643,2.82643,False,False,2.826312008215853,0.0001179917841471756,True,low_bin_residual_mad
2024-07-07 14:43:00,-0.8267185,0.0,3.09621,False,False,False,3.09621,3.09621,False,False,3.095698645354646,0.0005113546453543449,True,low_bin_residual_mad
2024-07-07 14:44:00,-0.7545894,0.0,3.0573499999999996,False,False,False,3.0573499999999996,3.0573499999999996,False,False,3.0572579140859135,9.20859140860486e-05,True,low_bin_residual_mad
2024-07-07 14:50:00,-0.73734355,0.0,2.8157900000000002,False,False,False,2.8157900000000002,2.8157900000000002,False,False,2.81562929324993,0.0001607067500701831,True,low_bin_residual_mad
2024-07-07 14:51:00,-0.7786162,0.0,2.81921,False,False,False,2.81921,2.81921,False,False,2.819063023060405,0.00014697693959497826,True,low_bin_residual_mad
2024-07-07 15:16:00,-4.820901,0.0,0.01024,False,False,False,0.01024,0.01024,False,False,0.017929999999999998,-0.007689999999999997,True,low_bin_residual_mad
2024-07-07 15:19:00,-4.246659,0.0,0.011949999999999999,False,False,False,0.011949999999999999,0.011949999999999999,False,False,0.017929999999999998,-0.005979999999999999,True,low_bin_residual_mad
2024-07-07 15:21:00,-4.84674,0.0,0.00512,False,False,False,0.00512,0.00512,False,False,0.017929999999999998,-0.012809999999999998,True,low_bin_residual_mad
2024-07-07 15:23:00,-4.6408153,0.0,0.016649999999999998,False,False,False,0.016649999999999998,0.016649999999999998,False,False,0.017929999999999998,-0.0012799999999999999,True,low_bin_residual_mad
2024-07-07 15:24:00,-4.3512797,0.0,0.01537,False,False,False,0.01537,0.01537,False,False,0.017929999999999998,-0.002559999999999998,True,low_bin_residual_mad
2024-07-07 15:26:00,-4.79687,0.0,0.00256,False,False,False,0.00256,0.00256,False,False,0.017929999999999998,-0.015369999999999998,True,low_bin_residual_mad
2024-07-08 14:01:00,0.70720005,0.70720005,3.5465300000000006,False,False,False,3.5465300000000006,2.8393299500000007,False,False,3.536891047710021,-0.6975610977100204,True,low_bin_residual_mad
2024-07-08 14:02:00,-0.8108375,0.0,2.811080000000001,False,False,False,2.811080000000001,2.811080000000001,False,False,2.810900384651294,0.0001796153487068075,True,low_bin_residual_mad
2024-07-08 15:29:00,0.6982951,0.6982951,3.687790000000001,False,False,False,3.687790000000001,2.9894949000000013,False,False,3.6758111169117655,-0.6863162169117643,True,low_bin_residual_mad
2024-07-08 16:54:00,0.7084559,0.7084559,3.794520000000001,False,False,False,3.794520000000001,3.0860641000000006,False,False,3.776409559118237,-0.6903454591182365,True,low_bin_residual_mad
2024-07-08 16:55:00,0.615358,0.615358,3.65664,False,False,False,3.65664,3.041282,False,False,3.6459605605392156,-0.6046785605392158,True,low_bin_residual_mad
2024-07-08 16:58:00,0.6187409,0.6187409,3.6954700000000003,False,False,False,3.6954700000000003,3.0767291,False,False,3.6831707404411764,-0.6064416404411763,True,low_bin_residual_mad
2024-07-08 18:02:00,0.0,0.0,2.81618,False,False,False,2.81618,2.81618,False,False,2.816020858930072,0.00015914106992820365,True,low_bin_residual_mad
2024-07-09 05:48:00,-4.4842434,0.0,0.0038399999999999997,False,False,False,0.0038399999999999997,0.0038399999999999997,False,False,0.017929999999999998,-0.014089999999999998,True,low_bin_residual_mad
2024-07-10 05:01:00,-0.698686,0.0,2.80126,False,False,False,2.80126,2.80126,False,False,2.801040961628233,0.0002190383717670663,True,low_bin_residual_mad
2024-07-10 05:03:00,0.0,0.0,3.09324,False,False,False,3.09324,3.09324,False,False,3.0927606893106896,0.00047931068931061915,True,low_bin_residual_mad
2024-07-10 16:33:00,-0.6724906,0.0,3.0864099999999994,False,False,False,3.0864099999999994,3.0864099999999994,False,False,3.086004379620379,0.0004056203796203306,True,low_bin_residual_mad
2024-07-10 16:35:00,0.602183,0.602183,3.92725,False,False,False,3.92725,3.3250669999999998,False,False,3.898434079563929,-0.5733670795639294,True,low_bin_residual_mad
2024-07-10 16:40:00,0.0,0.0,2.84222,False,False,False,2.84222,2.84222,False,False,2.842165398188778,5.460181122218799e-05,True,low_bin_residual_mad
2024-07-10 16:52:00,-4.7623615,0.0,0.016649999999999998,False,False,False,0.016649999999999998,0.016649999999999998,False,False,0.017929999999999998,-0.0012799999999999999,True,low_bin_residual_mad
2024-07-10 16:53:00,-4.7783623,0.0,0.0064,False,False,False,0.0064,0.0064,False,False,0.017929999999999998,-0.011529999999999999,True,low_bin_residual_mad
2024-07-10 17:14:00,-0.9545934,0.0,2.8337000000000003,False,False,False,2.8337000000000003,2.8337000000000003,False,False,2.8336111940995243,8.880590047599668e-05,True,low_bin_residual_mad
2024-07-10 18:07:00,-0.6409116,0.0,3.0710000000000006,False,False,False,3.0710000000000006,3.0710000000000006,False,False,3.070760641358642,0.00023935864135848917,True,low_bin_residual_mad
2024-07-10 18:11:00,1.4086833,1.4086833,3.84144,False,False,False,3.84144,2.4327566999999997,False,False,3.819647999075073,-1.3868912990750735,True,low_bin_residual_mad
2024-07-10 21:25:00,-4.6230845,0.0,0.007679999999999999,False,False,False,0.007679999999999999,0.007679999999999999,False,False,0.017929999999999998,-0.010249999999999999,True,low_bin_residual_mad
2024-07-10 21:26:00,-4.553544,0.0,0.016649999999999998,False,False,False,0.016649999999999998,0.016649999999999998,False,False,0.017929999999999998,-0.0012799999999999999,True,low_bin_residual_mad
2024-07-10 21:27:00,-4.687657,0.0,0.0128,False,False,False,0.0128,0.0128,False,False,0.017929999999999998,-0.005129999999999997,True,low_bin_residual_mad
2024-07-10 21:32:00,-4.675839,0.0,0.00512,False,False,False,0.00512,0.00512,False,False,0.017929999999999998,-0.012809999999999998,True,low_bin_residual_mad
2024-07-10 21:33:00,-4.797824,0.0,0.01024,False,False,False,0.01024,0.01024,False,False,0.017929999999999998,-0.007689999999999997,True,low_bin_residual_mad
2024-07-10 21:58:00,-4.5015287,0.0,0.0038399999999999997,False,False,False,0.0038399999999999997,0.0038399999999999997,False,False,0.017929999999999998,-0.014089999999999998,True,low_bin_residual_mad
2024-07-10 21:59:00,-4.639243,0.0,0.00768,False,False,False,0.00768,0.00768,False,False,0.017929999999999998,-0.010249999999999999,True,low_bin_residual_mad
2024-07-10 22:04:00,-4.4365044,0.0,0.00256,False,False,False,0.00256,0.00256,False,False,0.017929999999999998,-0.015369999999999998,True,low_bin_residual_mad
2024-07-11 07:27:00,-4.3463154,0.0,0.007679999999999999,False,False,False,0.007679999999999999,0.007679999999999999,False,False,0.017929999999999998,-0.010249999999999999,True,low_bin_residual_mad
2024-07-11 09:43:00,0.6149311,0.6149311,3.68951,False,False,False,3.68951,3.0745788999999997,False,False,3.677459365931372,-0.6028804659313725,True,low_bin_residual_mad
2024-07-11 10:45:00,1.5338254,1.5338254,3.8158300000000005,False,False,False,3.8158300000000005,2.2820046000000005,False,False,3.79604747803299,-1.5140428780329893,True,low_bin_residual_mad
2024-07-11 16:36:00,-4.9971514,0.0,0.0013700000000000001,False,False,False,0.0013700000000000001,0.0013700000000000001,False,False,0.017929999999999998,-0.01656,True,low_bin_residual_mad
2024-07-11 23:09:00,1.4606035,1.4606035,3.8653499999999994,False,False,False,3.8653499999999994,2.4047464999999995,False,False,3.8416129932102896,-1.4368664932102901,True,low_bin_residual_mad
2024-07-11 23:10:00,1.5016752,1.5016752,3.7705900000000003,False,False,False,3.7705900000000003,2.2689148,False,False,3.7543572175119473,-1.4854424175119472,True,low_bin_residual_mad
2024-07-11 23:12:00,1.2891322,1.2891322,3.83673,False,False,False,3.83673,2.5475978,False,False,3.8153075674425776,-1.2677097674425775,True,low_bin_residual_mad
2024-07-11 23:22:00,-0.71408045,0.0,3.0667499999999994,False,False,False,3.0667499999999994,3.0667499999999994,False,False,3.066556495504495,0.00019350449550437077,True,low_bin_residual_mad
2024-07-12 00:10:00,-4.7298517,0.0,0.01024,False,False,False,0.01024,0.01024,False,False,0.017929999999999998,-0.007689999999999997,True,low_bin_residual_mad
2024-07-12 05:40:00,-4.5106316,0.0,0.01409,False,False,False,0.01409,0.01409,False,False,0.017929999999999998,-0.003839999999999998,True,low_bin_residual_mad
2024-07-12 05:43:00,-4.373501,0.0,0.0128,False,False,False,0.0128,0.0128,False,False,0.017929999999999998,-0.005129999999999997,True,low_bin_residual_mad
2024-07-12 06:12:00,-4.506514,0.0,0.01537,False,False,False,0.01537,0.01537,False,False,0.017929999999999998,-0.002559999999999998,True,low_bin_residual_mad
2024-07-12 06:17:00,-4.6875467,0.0,0.011519999999999999,False,False,False,0.011519999999999999,0.011519999999999999,False,False,0.017929999999999998,-0.006409999999999999,True,low_bin_residual_mad
2024-07-12 06:18:00,-4.6669044,0.0,0.0038399999999999997,False,False,False,0.0038399999999999997,0.0038399999999999997,False,False,0.017929999999999998,-0.014089999999999998,True,low_bin_residual_mad
2024-07-12 06:24:00,-4.3570495,0.0,0.01024,False,False,False,0.01024,0.01024,False,False,0.017929999999999998,-0.007689999999999997,True,low_bin_residual_mad
2024-07-12 06:30:00,-4.3406844,0.0,0.007679999999999999,False,False,False,0.007679999999999999,0.007679999999999999,False,False,0.017929999999999998,-0.010249999999999999,True,low_bin_residual_mad
2024-07-12 06:34:00,-4.299635,0.0,0.01537,False,False,False,0.01537,0.01537,False,False,0.017929999999999998,-0.002559999999999998,True,low_bin_residual_mad
2024-07-12 07:14:00,-4.3651876,0.0,0.0128,False,False,False,0.0128,0.0128,False,False,0.017929999999999998,-0.005129999999999997,True,low_bin_residual_mad
2024-07-12 07:17:00,-4.198469,0.0,0.00256,False,False,False,0.00256,0.00256,False,False,0.017929999999999998,-0.015369999999999998,True,low_bin_residual_mad
2024-07-12 07:21:00,-4.182887,0.0,0.0038399999999999997,False,False,False,0.0038399999999999997,0.0038399999999999997,False,False,0.017929999999999998,-0.014089999999999998,True,low_bin_residual_mad
2024-07-12 07:22:00,-4.1298733,0.0,0.00256,False,False,False,0.00256,0.00256,False,False,0.017929999999999998,-0.015369999999999998,True,low_bin_residual_mad
2024-07-12 07:23:00,-4.210848,0.0,0.008960000000000001,False,False,False,0.008960000000000001,0.008960000000000001,False,False,0.017929999999999998,-0.008969999999999997,True,low_bin_residual_mad
2024-07-12 07:26:00,-4.582276,0.0,0.01409,False,False,False,0.01409,0.01409,False,False,0.017929999999999998,-0.003839999999999998,True,low_bin_residual_mad
2024-07-13 23:58:00,-0.9018755,0.0,2.8286,False,False,False,2.8286,2.8286,False,False,2.8284907198207447,0.00010928017925504463,True,low_bin_residual_mad
2024-07-14 15:41:00,-0.6938286,0.0,3.0675899999999987,False,False,False,3.0675899999999987,3.0675899999999987,False,False,3.0673874325674313,0.00020256743256741316,True,low_bin_residual_mad
2024-07-14 16:37:00,-0.6341928,0.0,3.05905,False,False,False,3.05905,3.05905,False,False,3.0589395724275725,0.00011042757242751833,True,low_bin_residual_mad
2024-07-14 16:49:00,-0.7660464,0.0,2.8379699999999994,False,False,False,2.8379699999999994,2.8379699999999994,False,False,2.837898336289795,7.166371020428386e-05,True,low_bin_residual_mad
2024-07-14 17:44:00,1.1742188,1.1742188,3.7927899999999997,False,False,False,3.7927899999999997,2.6185712,False,False,3.774815302913519,-1.156244102913519,True,low_bin_residual_mad
2024-07-14 18:25:00,-0.7310071,0.0,2.82348,False,False,False,2.82348,2.82348,False,False,2.8233501652506767,0.00012983474932326544,True,low_bin_residual_mad
2024-07-14 18:54:00,-0.8192133,0.0,2.810199999999999,False,False,False,2.810199999999999,2.810199999999999,False,False,2.8100168518345616,0.00018314816543751888,True,low_bin_residual_mad
2024-07-14 18:55:00,-0.7302754,0.0,2.8021,False,False,False,2.8021,2.8021,False,False,2.8018843338623842,0.00021566613761558884,True,low_bin_residual_mad
2024-07-14 19:20:00,-4.526678,0.0,0.0128,False,False,False,0.0128,0.0128,False,False,0.017929999999999998,-0.005129999999999997,True,low_bin_residual_mad
2024-07-14 19:21:00,-4.7053723,0.0,0.0128,False,False,False,0.0128,0.0128,False,False,0.017929999999999998,-0.005129999999999997,True,low_bin_residual_mad
2024-07-14 19:36:00,-4.5670104,0.0,0.00128,False,False,False,0.00128,0.00128,False,False,0.017929999999999998,-0.016649999999999998,True,low_bin_residual_mad
2024-07-14 19:41:00,-4.3081903,0.0,0.00128,False,False,False,0.00128,0.00128,False,False,0.017929999999999998,-0.016649999999999998,True,low_bin_residual_mad
2024-07-14 20:13:00,-4.5483093,0.0,0.016640000000000002,False,False,False,0.016640000000000002,0.016640000000000002,False,False,0.017929999999999998,-0.001289999999999996,True,low_bin_residual_mad
2024-07-14 20:39:00,-4.478571,0.0,0.007679999999999999,False,False,False,0.007679999999999999,0.007679999999999999,False,False,0.017929999999999998,-0.010249999999999999,True,low_bin_residual_mad
2024-07-15 03:23:00,-4.5850606,0.0,0.00128,False,False,False,0.00128,0.00128,False,False,0.017929999999999998,-0.016649999999999998,True,low_bin_residual_mad
2024-07-15 14:49:00,0.6807146,0.6807146,3.6673,False,False,False,3.6673,2.9865854,False,False,3.656175871323529,-0.669590471323529,True,low_bin_residual_mad
2024-07-15 14:51:00,-0.6749042,0.0,2.82431,False,False,False,2.82431,2.82431,False,False,2.824183497339184,0.0001265026608159303,True,low_bin_residual_mad
2024-07-15 15:17:00,-4.4583206,0.0,0.00256,False,False,False,0.00256,0.00256,False,False,0.017929999999999998,-0.015369999999999998,True,low_bin_residual_mad
2024-07-15 15:22:00,-4.4794064,0.0,0.008960000000000001,False,False,False,0.008960000000000001,0.008960000000000001,False,False,0.017929999999999998,-0.008969999999999997,True,low_bin_residual_mad
2024-07-15 16:14:00,-4.438214,0.0,0.01537,False,False,False,0.01537,0.01537,False,False,0.017929999999999998,-0.002559999999999998,True,low_bin_residual_mad
2024-07-15 16:15:00,-4.437382,0.0,0.011519999999999999,False,False,False,0.011519999999999999,0.011519999999999999,False,False,0.017929999999999998,-0.006409999999999999,True,low_bin_residual_mad
2024-07-15 17:02:00,-0.91061044,0.0,3.06035,False,False,False,3.06035,3.06035,False,False,3.060225546453547,0.00012445354645329587,True,low_bin_residual_mad
2024-07-15 17:15:00,0.0,0.0,5.051480000000001,False,False,False,5.051480000000001,5.051480000000001,False,False,3.2142214235986026,1.837258576401398,True,low_bin_residual_mad
2024-07-15 17:47:00,-5.1270175,0.0,0.01536,False,False,False,0.01536,0.01536,False,False,0.017929999999999998,-0.0025699999999999976,True,low_bin_residual_mad
2024-07-15 17:54:00,-4.99725,0.0,0.0128,False,False,False,0.0128,0.0128,False,False,0.017929999999999998,-0.005129999999999997,True,low_bin_residual_mad
2024-07-15 17:59:00,-5.1798687,0.0,0.00128,False,False,False,0.00128,0.00128,False,False,0.017929999999999998,-0.016649999999999998,True,low_bin_residual_mad
2024-07-16 02:11:00,0.62027305,0.62027305,3.7633499999999995,False,False,False,3.7633499999999995,3.1430769499999993,False,False,3.747685301371974,-0.6046083513719749,True,low_bin_residual_mad
2024-07-16 05:10:00,0.7061292,0.7061292,3.954139999999999,False,False,False,3.954139999999999,3.248010799999999,False,False,3.923068312889604,-0.6750575128896048,True,low_bin_residual_mad
2024-07-16 05:11:00,0.5778997,0.5778997,3.5678400000000003,False,False,False,3.5678400000000003,2.9899403,False,False,3.5579270310252733,-0.5679867310252731,True,low_bin_residual_mad
2024-07-16 05:48:00,0.6170789,0.6170789,3.45217,False,False,False,3.45217,2.8350911,False,False,3.4486316439595806,-0.6135405439595805,True,low_bin_residual_mad
2024-07-16 05:51:00,0.66149545,0.66149545,3.796199999999999,False,False,False,3.796199999999999,3.134704549999999,False,False,3.77795773855403,-0.6432531885540311,True,low_bin_residual_mad
2024-07-16 18:59:00,0.0,0.0,4.95032,False,False,False,4.95032,4.95032,False,False,3.1928030566582657,1.757516943341734,True,low_bin_residual_mad
2024-07-16 19:57:00,0.6904081,0.6904081,3.611359999999998,False,False,False,3.611359999999998,2.920951899999998,False,False,3.6012503102527207,-0.6802984102527225,True,low_bin_residual_mad
2024-07-16 19:58:00,0.6538033,0.6538033,3.51831,False,False,False,3.51831,2.8645067,False,False,3.510495537177619,-0.6459888371776188,True,low_bin_residual_mad
2024-07-16 20:31:00,-4.6254053,0.0,0.00128,False,False,False,0.00128,0.00128,False,False,0.017929999999999998,-0.016649999999999998,True,low_bin_residual_mad
2024-07-16 20:32:00,-4.2798467,0.0,0.016640000000000002,False,False,False,0.016640000000000002,0.016640000000000002,False,False,0.017929999999999998,-0.001289999999999996,True,low_bin_residual_mad
2024-07-18 08:13:00,0.6619179,0.6619179,3.8439799999999993,False,False,False,3.8439799999999993,3.1820620999999996,False,False,3.8219886989363334,-0.6399265989363339,True,low_bin_residual_mad
2024-07-18 08:14:00,0.653975,0.653975,3.80645,False,False,False,3.80645,3.152475,False,False,3.7874034761831354,-0.6349284761831355,True,low_bin_residual_mad
2024-07-18 08:16:00,-0.6692245,0.0,3.0693099999999993,False,False,False,3.0693099999999993,3.0693099999999993,False,False,3.0690888751248746,0.0002211248751247119,True,low_bin_residual_mad
2024-07-18 09:06:00,-4.518734,0.0,0.01024,False,False,False,0.01024,0.01024,False,False,0.017929999999999998,-0.007689999999999997,True,low_bin_residual_mad
2024-07-18 09:37:00,-0.6071589,0.0,2.8341399999999997,False,False,False,2.8341399999999997,2.8341399999999997,False,False,2.8340529605078886,8.703949211108508e-05,True,low_bin_residual_mad
2024-07-18 10:31:00,-0.6904969,0.0,3.0577899999999993,False,False,False,3.0577899999999993,3.0577899999999993,False,False,3.0576931668331664,9.683316683295473e-05,True,low_bin_residual_mad
2024-07-18 10:47:00,0.632084,0.632084,3.96354,False,False,False,3.96354,3.331456,False,False,3.931561958576313,-0.6001059585763127,True,low_bin_residual_mad
2024-07-18 10:48:00,0.0,0.0,5.147960000000001,False,False,False,5.147960000000001,5.147960000000001,False,False,3.205823451887396,1.9421365481126052,True,low_bin_residual_mad
2024-07-18 14:27:00,0.0,0.0,5.0194899999999985,False,False,False,5.0194899999999985,5.0194899999999985,False,False,3.2083590201008065,1.811130979899192,True,low_bin_residual_mad
2024-07-18 14:32:00,-0.73691034,0.0,3.06507,False,False,False,3.06507,3.06507,False,False,3.0648946213786212,0.00017537862137873006,True,low_bin_residual_mad
2024-07-18 14:59:00,0.0,0.0,4.95419,False,False,False,4.95419,4.95419,False,False,3.193673398981854,1.7605166010181454,True,low_bin_residual_mad
2024-07-19 11:00:00,-4.8379793,0.0,0.00128,False,False,False,0.00128,0.00128,False,False,0.017929999999999998,-0.016649999999999998,True,low_bin_residual_mad
2024-07-19 11:07:00,-0.61416817,0.0,4.79498,False,False,False,4.79498,4.79498,False,False,3.1450926270312105,1.6498873729687893,True,low_bin_residual_mad
2024-07-20 15:16:00,-4.4108524,0.0,4e-05,False,False,False,4e-05,4e-05,False,False,0.017929999999999998,-0.01789,True,low_bin_residual_mad
2024-07-20 15:17:00,-4.4641376,0.0,4e-05,False,False,False,4e-05,4e-05,False,False,0.017929999999999998,-0.01789,True,low_bin_residual_mad
2024-07-20 15:18:00,-4.3718324,0.0,1e-05,False,False,False,1e-05,1e-05,False,False,0.017929999999999998,-0.01792,True,low_bin_residual_mad
2024-07-20 15:19:00,-4.3954744,0.0,4e-05,False,False,False,4e-05,4e-05,False,False,0.017929999999999998,-0.01789,True,low_bin_residual_mad
2024-07-20 15:35:00,0.67144203,0.67144203,3.91314,False,False,False,3.91314,3.2416979699999997,False,False,3.8854818093143355,-0.6437838393143358,True,low_bin_residual_mad
2024-07-20 16:06:00,0.57982486,0.57982486,3.7223799999999994,False,False,False,3.7223799999999994,3.1425551399999994,False,False,3.7089581713235287,-0.5664030313235293,True,low_bin_residual_mad
2024-07-20 16:12:00,-0.6806289,0.0,3.0727099999999994,False,False,False,3.0727099999999994,3.0727099999999994,False,False,3.0724521918081913,0.00025780819180809544,True,low_bin_residual_mad
2024-07-20 16:14:00,0.6476418,0.6476418,3.96185,False,False,False,3.96185,3.3142082,False,False,3.9300349095113623,-0.6158267095113623,True,low_bin_residual_mad
2024-07-20 16:54:00,-4.2491636,0.0,1e-05,False,False,False,1e-05,1e-05,False,False,0.017929999999999998,-0.01792,True,low_bin_residual_mad
2024-07-20 16:56:00,-4.2102604,0.0,4e-05,False,False,False,4e-05,4e-05,False,False,0.017929999999999998,-0.01789,True,low_bin_residual_mad
2024-07-20 17:33:00,-4.3798356,0.0,1e-05,False,False,False,1e-05,1e-05,False,False,0.017929999999999998,-0.01792,True,low_bin_residual_mad
2024-07-20 17:39:00,-4.456629,0.0,1e-05,False,False,False,1e-05,1e-05,False,False,0.017929999999999998,-0.01792,True,low_bin_residual_mad
2024-07-20 18:03:00,1.7439042,1.7439042,4.007979999999999,False,False,False,4.007979999999999,2.2640757999999988,False,False,3.971717023929217,-1.7076412239292185,True,low_bin_residual_mad
2024-07-20 21:44:00,0.9114202,0.9114202,3.81198,False,False,False,3.81198,2.9005598,False,False,3.79249956682596,-0.8919397668259599,True,low_bin_residual_mad
2024-07-20 21:45:00,0.7143291,0.7143291,3.302799999999999,False,False,False,3.302799999999999,2.588470899999999,False,False,3.301755823981098,-0.713284923981099,True,low_bin_residual_mad
2024-07-20 22:08:00,-4.402131,0.0,0.01027,False,False,False,0.01027,0.01027,False,False,0.017929999999999998,-0.007659999999999998,True,low_bin_residual_mad
2024-07-20 22:16:00,0.9818197,0.9818197,3.80561,False,False,False,3.80561,2.8237903,False,False,3.7866293864652385,-0.9628390864652383,True,low_bin_residual_mad
2023-09-21 02:32:00,218.39494,218.39494,236.93807999999996,False,False,False,236.93807999999996,18.543139999999966,False,False,8.363148910948409,10.179991089051557,True,high_bin_residual_mad
2023-09-22 15:55:00,144.2264,144.2264,142.77704999999997,False,False,False,142.77704999999997,-1.449350000000038,True,False,3.837874214999436,-5.287224214999474,True,high_bin_residual_mad
2023-09-24 04:08:00,25.559471,25.559471,29.728930000000002,False,False,False,29.728930000000002,4.169459000000003,False,False,1.6457874547042624,2.5236715452957412,True,high_bin_residual_mad
2023-09-24 04:09:00,28.295708,28.295708,32.31935000000001,False,False,False,32.31935000000001,4.023642000000006,False,False,1.629984465567275,2.393657534432731,True,high_bin_residual_mad
2023-09-24 04:11:00,34.92773,34.92773,40.14563,False,False,False,40.14563,5.2179,False,False,1.656459358334066,3.561440641665934,True,high_bin_residual_mad
2023-09-24 04:18:00,58.548805,58.548805,62.66546,False,False,False,62.66546,4.1166550000000015,False,False,1.7821228228283255,2.334532177171676,True,high_bin_residual_mad
2023-09-24 04:20:00,70.24238,70.24238,75.10448000000001,False,False,False,75.10448000000001,4.862100000000012,False,False,2.052452406971669,2.8096475930283433,True,high_bin_residual_mad
2023-09-24 04:21:00,73.4897,73.4897,79.54942000000001,False,False,False,79.54942000000001,6.059720000000013,False,False,2.1172691064127935,3.9424508935872193,True,high_bin_residual_mad
2023-09-24 04:22:00,78.59306,78.59306,83.51809,False,False,False,83.51809,4.925030000000007,False,False,2.208745528570818,2.7162844714291885,True,high_bin_residual_mad
2023-09-24 04:26:00,109.774086,109.774086,116.45291,False,False,False,116.45291,6.678824000000006,False,False,3.0138739287751726,3.6649500712248333,True,high_bin_residual_mad
2023-09-24 08:22:00,62.21623,62.21623,66.62898000000001,False,False,False,66.62898000000001,4.41275000000001,False,False,1.9324228383944668,2.480327161605543,True,high_bin_residual_mad
2023-09-24 09:28:00,126.03624,126.03624,134.10478,False,False,False,134.10478,8.068539999999999,False,False,3.5686608948387226,4.499879105161276,True,high_bin_residual_mad
2023-09-24 11:20:00,146.32158,146.32158,156.53921999999997,False,False,False,156.53921999999997,10.21763999999996,False,False,4.349650724033102,5.867989275966858,True,high_bin_residual_mad
2023-09-24 11:56:00,140.40926,140.40926,139.3765,False,False,False,139.3765,-1.0327599999999961,True,False,3.731100957669323,-4.763860957669319,True,high_bin_residual_mad
2023-09-24 12:11:00,131.00412,131.00412,141.109,False,False,False,141.109,10.104880000000009,False,False,3.801413684685904,6.303466315314104,True,high_bin_residual_mad
2023-09-24 12:53:00,134.05699,134.05699,144.53517000000005,False,False,False,144.53517000000005,10.478180000000037,False,False,3.9639731787233887,6.514206821276648,True,high_bin_residual_mad
2023-09-24 12:54:00,131.94695,131.94695,140.53665999999998,False,False,False,140.53665999999998,8.589709999999997,False,False,3.7794184608412964,4.8102915391587,True,high_bin_residual_mad
2023-09-24 13:08:00,113.17552,113.17552,120.22221999999996,False,False,False,120.22221999999996,7.046699999999959,False,False,3.1279911170326073,3.9187088829673513,True,high_bin_residual_mad
2023-09-24 13:23:00,158.76694,158.76694,157.43384000000003,False,False,False,157.43384000000003,-1.3330999999999733,True,False,4.399747262070862,-5.732847262070836,True,high_bin_residual_mad
2023-09-24 13:26:00,168.64394,168.64394,165.87906000000004,False,False,False,165.87906000000004,-2.7648799999999483,True,False,4.70716362716358,-7.472043627163528,True,high_bin_residual_mad
2023-09-24 14:12:00,123.045746,123.045746,121.24703000000001,False,False,False,121.24703000000001,-1.7987159999999847,True,False,3.1569673371586826,-4.955683337158668,True,high_bin_residual_mad
2023-09-24 14:32:00,133.79822,133.79822,142.32291999999995,False,False,False,142.32291999999995,8.524699999999967,False,False,3.8279477615770054,4.696752238422961,True,high_bin_residual_mad
2023-09-24 14:38:00,125.59897,125.59897,135.21922999999998,False,False,False,135.21922999999998,9.620259999999988,False,False,3.613822082848429,6.006437917151558,True,high_bin_residual_mad
2023-09-24 14:56:00,162.67514,162.67514,176.13489,False,False,False,176.13489,13.459750000000014,False,False,5.200334873495446,8.259415126504567,True,high_bin_residual_mad
2023-09-24 15:44:00,161.49216,161.49216,155.46323,False,False,False,155.46323,-6.028930000000003,True,False,4.301496949526245,-10.330426949526249,True,high_bin_residual_mad
2023-09-26 10:58:00,30.922363,30.922363,30.44472,False,False,False,30.44472,-0.4776430000000005,True,False,1.627015958929099,-2.1046589589290994,True,high_bin_residual_mad
2023-09-30 01:53:00,29.648895,29.648895,34.40485999999999,False,False,False,34.40485999999999,4.755964999999993,False,False,1.6566802624982357,3.099284737501757,True,high_bin_residual_mad
2023-09-30 01:59:00,21.072872,21.072872,25.067969999999992,False,False,False,25.067969999999992,3.9950979999999916,False,False,1.683366252775728,2.3117317472242638,True,high_bin_residual_mad
2023-09-30 02:30:00,12.43113,12.43113,16.58693,False,False,False,16.58693,4.155799999999999,False,False,1.8701274204816742,2.285672579518325,True,high_bin_residual_mad
2023-09-30 06:53:00,138.56053,138.56053,147.73335000000006,False,False,False,147.73335000000006,9.172820000000058,False,False,4.081372439426204,5.0914475605738545,True,high_bin_residual_mad
2023-09-30 07:41:00,82.84401,82.84401,82.58249,False,False,False,82.58249,-0.2615199999999902,True,False,2.191453320793236,-2.4529733207932263,True,high_bin_residual_mad
2023-09-30 09:17:00,91.16592,91.16592,90.22696,False,False,False,90.22696,-0.9389599999999945,True,False,2.359218320325797,-3.2981783203257913,True,high_bin_residual_mad
2023-10-01 16:32:00,86.370964,86.370964,91.60561999999999,False,False,False,91.60561999999999,5.234655999999987,False,False,2.3806920787043335,2.8539639212956533,True,high_bin_residual_mad
2023-10-02 05:50:00,36.89241,36.89241,40.89893999999999,False,False,False,40.89893999999999,4.006529999999991,False,False,1.666592006933778,2.3399379930662128,True,high_bin_residual_mad
2023-10-02 07:09:00,75.27425,75.27425,80.41763,False,False,False,80.41763,5.143380000000008,False,False,2.1457656705714605,2.997614329428547,True,high_bin_residual_mad
2023-10-03 10:22:00,49.798332,49.798332,49.1009,False,False,False,49.1009,-0.6974319999999992,True,False,1.7293402724927172,-2.426772272492716,True,high_bin_residual_mad
2023-10-05 11:02:00,269.58432,269.58432,285.6821299999999,False,False,False,285.6821299999999,16.097809999999924,False,False,11.414136191010767,4.683673808989157,True,high_bin_residual_mad
2023-10-05 13:38:00,265.40714,265.40714,254.73295999999996,False,False,False,254.73295999999996,-10.674180000000064,True,False,9.619040540517204,-20.293220540517268,True,high_bin_residual_mad
2023-10-05 13:54:00,59.882626,59.882626,63.56606000000001,False,False,False,63.56606000000001,3.6834340000000054,False,False,1.8315063943045935,1.851927605695412,True,high_bin_residual_mad
2023-10-05 14:31:00,246.44867,246.44867,244.44171999999998,False,False,False,244.44171999999998,-2.0069500000000176,True,False,8.803823648765105,-10.810773648765123,True,high_bin_residual_mad
2023-10-05 16:38:00,218.82764,218.82764,236.61838999999995,False,False,False,236.61838999999995,17.790749999999946,False,False,8.351671047738202,9.439078952261744,True,high_bin_residual_mad
2023-10-05 18:46:00,211.3367,211.3367,208.92239999999993,False,False,False,208.92239999999993,-2.4143000000000825,True,False,6.765004647688229,-9.179304647688312,True,high_bin_residual_mad
2023-10-05 18:50:00,208.233,208.233,226.66098000000002,False,False,False,226.66098000000002,18.42798000000002,False,False,7.865753081580149,10.56222691841987,True,high_bin_residual_mad
2023-10-05 21:02:00,183.13795,183.13795,197.78991,False,False,False,197.78991,14.651960000000003,False,False,6.183483203305302,8.4684767966947,True,high_bin_residual_mad
2023-10-06 01:08:00,117.10802,117.10802,116.71882999999997,False,False,False,116.71882999999997,-0.3891900000000277,True,False,3.0233439833754527,-3.4125339833754804,True,high_bin_residual_mad
2023-10-08 01:10:00,65.53381,65.53381,63.880620000000036,False,False,False,63.880620000000036,-1.6531899999999666,True,False,1.8487550021699901,-3.5019450021699567,True,high_bin_residual_mad
2023-10-08 01:21:00,71.9101,71.9101,76.59749000000002,False,False,False,76.59749000000002,4.687390000000022,False,False,2.0798927058677292,2.6074972941322927,True,high_bin_residual_mad
2023-10-09 05:04:00,60.770374,60.770374,59.952570000000016,False,False,False,59.952570000000016,-0.8178039999999811,True,False,1.8153229987495136,-2.6331269987494945,True,high_bin_residual_mad
2023-10-11 18:00:00,62.78447,62.78447,62.765740000000015,False,False,False,62.765740000000015,-0.018729999999983704,True,False,1.7876215842625258,-1.8063515842625095,True,high_bin_residual_mad
2023-10-11 19:03:00,66.025635,66.025635,65.62079000000001,False,False,False,65.62079000000001,-0.40484499999998036,True,False,1.9183427345159343,-2.3231877345159146,True,high_bin_residual_mad
2023-10-12 04:36:00,57.499752,57.499752,57.06674999999999,False,False,False,57.06674999999999,-0.433002000000009,True,False,1.7964866598437663,-2.229488659843775,True,high_bin_residual_mad
2023-10-12 06:00:00,89.723816,89.723816,88.47099999999999,False,False,False,88.47099999999999,-1.25281600000001,True,False,2.3186995125536094,-3.5715155125536193,True,high_bin_residual_mad
2023-10-12 07:31:00,98.897156,98.897156,98.60302000000001,False,False,False,98.60302000000001,-0.2941359999999804,True,False,2.5631886133329216,-2.857324613332902,True,high_bin_residual_mad
2023-10-18 06:52:00,53.402756,53.402756,52.93545000000001,False,False,False,52.93545000000001,-0.46730599999998645,True,False,1.748758222992646,-2.2160642229926326,True,high_bin_residual_mad
2023-10-18 09:58:00,127.463974,127.463974,126.47398,False,False,False,126.47398,-0.9899939999999958,True,False,3.292690549952422,-4.2826845499524175,True,high_bin_residual_mad
2023-10-19 18:41:00,64.29045,64.29045,63.63393999999998,False,False,False,63.63393999999998,-0.6565100000000257,True,False,1.8352285315817507,-2.4917385315817766,True,high_bin_residual_mad
2023-10-19 18:50:00,132.25716,132.25716,130.88055,False,False,False,130.88055,-1.3766099999999994,True,False,3.4860193065503866,-4.862629306550386,True,high_bin_residual_mad
2023-10-19 19:00:00,273.58185,273.58185,278.81709,False,False,False,278.81709,5.235240000000033,False,False,11.042036367587583,-5.80679636758755,True,high_bin_residual_mad
2023-10-19 19:04:00,284.39294,284.39294,300.65188,False,False,False,300.65188,16.258939999999996,False,False,12.639749999999935,3.61919000000006,True,high_bin_residual_mad
2023-10-19 21:38:00,281.3877,281.3877,288.66652999999997,False,False,False,288.66652999999997,7.278829999999971,False,False,11.578747204620882,-4.299917204620911,True,high_bin_residual_mad
2023-10-19 22:17:00,273.62228,273.62228,289.71692999999993,False,False,False,289.71692999999993,16.094649999999945,False,False,11.693711441131313,4.400938558868631,True,high_bin_residual_mad
2023-10-20 03:48:00,277.96594,277.96594,294.69075999999995,False,False,False,294.69075999999995,16.724819999999966,False,False,12.262911225460305,4.46190877453966,True,high_bin_residual_mad
2023-10-20 21:32:00,132.58151,132.58151,131.03162999999998,False,False,False,131.03162999999998,-1.5498800000000301,True,False,3.489014034908186,-5.038894034908216,True,high_bin_residual_mad
2023-10-20 22:18:00,112.78145,112.78145,119.61915,False,False,False,119.61915,6.837699999999998,False,False,3.117017325687474,3.720682674312524,True,high_bin_residual_mad
2023-10-20 22:19:00,115.79675,115.79675,115.18859999999998,False,False,False,115.18859999999998,-0.6081500000000233,True,False,2.9688487906446,-3.5769987906446232,True,high_bin_residual_mad
2023-10-21 02:17:00,68.02388,68.02388,67.40751000000002,False,False,False,67.40751000000002,-0.6163699999999892,True,False,1.9432107774976015,-2.5595807774975907,True,high_bin_residual_mad
2023-10-21 05:30:00,59.43669,59.43669,64.55502000000003,False,False,False,64.55502000000003,5.118330000000029,False,False,1.8857351049943236,3.232594895005705,True,high_bin_residual_mad
2023-10-21 06:03:00,69.95716,69.95716,69.27443999999998,False,False,False,69.27443999999998,-0.6827200000000175,True,False,1.9657272514582267,-2.6484472514582444,True,high_bin_residual_mad
2023-10-30 17:27:00,30.39943,30.39943,29.884700000000002,False,False,False,29.884700000000002,-0.5147299999999966,True,False,1.6417024075578965,-2.156432407557893,True,high_bin_residual_mad
2023-10-31 06:02:00,91.01138,91.01138,96.22862,False,False,False,96.22862,5.217240000000004,False,False,2.488657816989964,2.72858218301004,True,high_bin_residual_mad
2023-11-04 15:12:00,84.51456,84.51456,83.55433000000001,False,False,False,83.55433000000001,-0.9602299999999957,True,False,2.209464736067285,-3.1696947360672807,True,high_bin_residual_mad
2023-11-04 15:19:00,100.635666,100.635666,106.89841999999999,False,False,False,106.89841999999999,6.262753999999987,False,False,2.7282312162037563,3.5345227837962305,True,high_bin_residual_mad
2023-11-04 15:21:00,101.590195,101.590195,109.55707000000004,False,False,False,109.55707000000004,7.966875000000044,False,False,2.843203202122863,5.123671797877181,True,high_bin_residual_mad
2023-11-04 15:35:00,86.22099,86.22099,85.80846000000001,False,False,False,85.80846000000001,-0.4125299999999896,True,False,2.254523355616226,-2.6670533556162157,True,high_bin_residual_mad
2023-11-04 15:56:00,87.203125,87.203125,92.28424999999999,False,False,False,92.28424999999999,5.081124999999986,False,False,2.3863507770787873,2.6947742229211986,True,high_bin_residual_mad
2023-11-04 17:25:00,130.11932,130.11932,139.72825,False,False,False,139.72825,9.608930000000015,False,False,3.7457503868349056,5.8631796131651095,True,high_bin_residual_mad
2023-11-04 17:54:00,130.4664,130.4664,128.48904000000002,False,False,False,128.48904000000002,-1.977359999999976,True,False,3.40725538895364,-5.384615388953616,True,high_bin_residual_mad
2023-11-04 18:35:00,115.58511,115.58511,122.67861000000002,False,False,False,122.67861000000002,7.09350000000002,False,False,3.2396216790660723,3.8538783209339478,True,high_bin_residual_mad
2023-11-04 18:43:00,91.28943,91.28943,90.39855000000001,False,False,False,90.39855000000001,-0.8908799999999815,True,False,2.3628646310679207,-3.253744631067902,True,high_bin_residual_mad
2023-11-04 18:46:00,98.71245,98.71245,104.22476000000003,False,False,False,104.22476000000003,5.512310000000028,False,False,2.694698479203779,2.8176115207962487,True,high_bin_residual_mad
2023-11-04 18:54:00,110.00867,110.00867,108.95872000000001,False,False,False,108.95872000000001,-1.0499499999999813,True,False,2.8256768745884857,-3.875626874588467,True,high_bin_residual_mad
2023-11-04 18:56:00,116.981476,116.981476,115.10114000000003,False,False,False,115.10114000000003,-1.8803359999999714,True,False,2.9657341284328815,-4.846070128432853,True,high_bin_residual_mad
2023-11-04 19:40:00,92.429344,92.429344,92.00295000000001,False,False,False,92.00295000000001,-0.4263939999999877,True,False,2.3840051810209446,-2.8103991810209323,True,high_bin_residual_mad
2023-11-04 20:04:00,66.522675,66.522675,70.78031,False,False,False,70.78031,4.257634999999993,False,False,1.9685478468522628,2.2890871531477304,True,high_bin_residual_mad
2023-11-04 20:46:00,24.448616,24.448616,29.909909999999996,False,False,False,29.909909999999996,5.461293999999995,False,False,1.6410412787233337,3.8202527212766615,True,high_bin_residual_mad
2023-11-04 22:39:00,32.119255,32.119255,36.56965999999999,False,False,False,36.56965999999999,4.450404999999989,False,False,1.6674030646340874,2.7830019353659017,True,high_bin_residual_mad
2023-11-05 17:50:00,133.54947,133.54947,142.75099999999998,False,False,False,142.75099999999998,9.201529999999963,False,False,3.8373048095171858,5.364225190482777,True,high_bin_residual_mad
2023-11-05 17:52:00,121.69112,121.69112,129.14544999999998,False,False,False,129.14544999999998,7.454329999999985,False,False,3.446730513127361,4.007599486872623,True,high_bin_residual_mad
2023-11-05 17:53:00,116.918884,116.918884,124.18490999999993,False,False,False,124.18490999999993,7.2660259999999255,False,False,3.269378909552213,3.9966470904477123,True,high_bin_residual_mad
2023-11-05 18:11:00,103.933,103.933,109.88788000000001,False,False,False,109.88788000000001,5.954880000000003,False,False,2.8525623330611585,3.1023176669388444,True,high_bin_residual_mad
2023-11-05 18:20:00,59.027794,59.027794,62.55876999999999,False,False,False,62.55876999999999,3.5309759999999883,False,False,1.7762725749482413,1.754703425051747,True,high_bin_residual_mad
2023-11-07 00:37:00,100.29593,100.29593,99.99195,False,False,False,99.99195,-0.3039799999999957,True,False,2.5735924718791328,-2.8775724718791285,True,high_bin_residual_mad
2023-11-07 00:59:00,97.349785,97.349785,96.96272999999998,False,False,False,96.96272999999998,-0.3870550000000179,True,False,2.5113690232692685,-2.8984240232692864,True,high_bin_residual_mad
2023-11-07 01:05:00,94.57447,94.57447,100.64407999999999,False,False,False,100.64407999999999,6.069609999999983,False,False,2.5723339501543867,3.4972760498455964,True,high_bin_residual_mad
2023-11-07 02:53:00,81.79447,81.79447,86.77436999999999,False,False,False,86.77436999999999,4.9798999999999864,False,False,2.274087496102814,2.7058125038971723,True,high_bin_residual_mad
2023-11-07 03:53:00,81.908035,81.908035,80.41977,False,False,False,80.41977,-1.4882649999999984,True,False,2.145835910084135,-3.6341009100841335,True,high_bin_residual_mad
2023-11-10 09:54:00,255.85797,255.85797,293.45255,False,False,False,293.45255,37.59457999999998,False,False,12.007362721940037,25.587217278059942,True,high_bin_residual_mad
2023-11-10 09:55:00,230.81207,230.81207,259.59917,False,False,False,259.59917,28.78710000000001,False,False,9.88625170726238,18.900848292737628,True,high_bin_residual_mad
2023-11-10 09:56:00,195.74988,195.74988,227.8868099999999,False,False,False,227.8868099999999,32.13692999999992,False,False,7.837656328887057,24.299273671112864,True,high_bin_residual_mad
2023-11-10 09:57:00,169.96173,169.96173,196.3275999999999,False,False,False,196.3275999999999,26.365869999999916,False,False,6.077394667484692,20.288475332515223,True,high_bin_residual_mad
2023-11-10 09:58:00,143.59552,143.59552,165.66480999999996,False,False,False,165.66480999999996,22.069289999999967,False,False,4.693906398000723,17.375383601999243,True,high_bin_residual_mad
2023-11-10 10:00:00,92.76437,92.76437,104.75913999999999,False,False,False,104.75913999999999,11.994769999999988,False,False,2.721049783501978,9.27372021649801,True,high_bin_residual_mad
2023-11-10 10:01:00,60.1228,60.1228,73.27429000000001,False,False,False,73.27429000000001,13.15149000000001,False,False,2.020684146430782,11.130805853569228,True,high_bin_residual_mad
2023-11-10 11:09:00,67.0086,67.0086,61.39303,False,False,False,61.39303,-5.615569999999998,True,False,1.783215828105475,-7.398785828105473,True,high_bin_residual_mad
2023-11-10 11:10:00,122.727135,122.727135,96.34934999999999,False,False,False,96.34934999999999,-26.377785000000017,True,False,2.4923928484349793,-28.870177848434995,True,high_bin_residual_mad
2023-11-10 11:12:00,178.6686,178.6686,156.56523000000004,False,False,False,156.56523000000004,-22.103369999999956,True,False,4.350814749418959,-26.454184749418914,True,high_bin_residual_mad
2023-11-10 11:13:00,210.83514,210.83514,188.44629,False,False,False,188.44629,-22.38884999999999,True,False,5.729098543274271,-28.117948543274263,True,high_bin_residual_mad
2023-11-10 15:51:00,272.47098,272.47098,289.46725000000004,False,False,False,289.46725000000004,16.996270000000038,False,False,11.659517621231728,5.33675237876831,True,high_bin_residual_mad
2023-11-10 16:00:00,273.7705,273.7705,292.13449,False,False,False,292.13449,18.36399,False,False,11.909493534507533,6.454496465492468,True,high_bin_residual_mad
2023-11-10 16:57:00,277.70697,277.70697,295.19826000000006,False,False,False,295.19826000000006,17.49129000000005,False,False,12.243905008931522,5.247384991068527,True,high_bin_residual_mad
2023-11-10 18:22:00,275.39362,275.39362,293.3684700000002,False,False,False,293.3684700000002,17.974850000000174,False,False,11.990009834969383,5.984840165030791,True,high_bin_residual_mad
2023-11-10 18:27:00,273.1964,273.1964,290.44298,False,False,False,290.44298,17.246579999999994,False,False,11.793144407080145,5.453435592919849,True,high_bin_residual_mad
2023-11-10 20:26:00,272.56424,272.56424,289.034,False,False,False,289.034,16.469760000000008,False,False,11.607005098684017,4.862754901315991,True,high_bin_residual_mad
2023-11-10 22:08:00,255.76175,255.76175,274.4058399999999,False,False,False,274.4058399999999,18.644089999999892,False,False,10.803304427256966,7.840785572742925,True,high_bin_residual_mad
2023-11-10 23:52:00,266.45682,266.45682,283.40588,False,False,False,283.40588,16.94906000000003,False,False,11.239659937874377,5.709400062125654,True,high_bin_residual_mad
2023-11-11 04:09:00,270.08206,270.08206,287.99554,False,False,False,287.99554,17.913479999999993,False,False,11.527149075964338,6.386330924035654,True,high_bin_residual_mad
2023-11-11 04:40:00,253.26622,253.26622,255.77310000000003,False,False,False,255.77310000000003,2.5068800000000238,False,False,9.68261230265809,-7.175732302658066,True,high_bin_residual_mad
2023-11-11 08:24:00,268.0615,268.0615,284.95824999999996,False,False,False,284.95824999999996,16.89674999999994,False,False,11.39241873990554,5.5043312600944,True,high_bin_residual_mad
2023-11-11 08:36:00,257.1078,257.1078,274.33365999999995,False,False,False,274.33365999999995,17.225859999999955,False,False,10.789703769131286,6.436156230868669,True,high_bin_residual_mad
2023-11-11 09:55:00,263.10217,263.10217,282.67471000000006,False,False,False,282.67471000000006,19.57254000000006,False,False,11.170308250621705,8.402231749378355,True,high_bin_residual_mad
2023-11-11 10:00:00,266.86685,266.86685,285.07865000000004,False,False,False,285.07865000000004,18.21180000000004,False,False,11.396030914731577,6.815769085268462,True,high_bin_residual_mad
2023-11-11 10:08:00,260.71518,260.71518,278.39577,False,False,False,278.39577,17.680590000000052,False,False,11.057396886847824,6.623193113152228,True,high_bin_residual_mad
2023-11-11 10:34:00,269.77063,269.77063,287.41207,False,False,False,287.41207,17.641440000000046,False,False,11.482281104567992,6.1591588954320535,True,high_bin_residual_mad
2023-11-11 10:39:00,265.31158,265.31158,282.1002,False,False,False,282.1002,16.78861999999998,False,False,11.122032342094627,5.666587657905353,True,high_bin_residual_mad
2023-11-12 02:25:00,57.33841,57.33841,56.37746,False,False,False,56.37746,-0.960950000000004,True,False,1.7875396560578378,-2.748489656057842,True,high_bin_residual_mad
2023-11-12 03:01:00,145.78879,145.78879,143.82831000000002,False,False,False,143.82831000000002,-1.9604799999999898,True,False,3.909069651142483,-5.8695496511424725,True,high_bin_residual_mad
2023-11-12 04:13:00,126.31442,126.31442,125.05173999999998,False,False,False,125.05173999999998,-1.2626800000000173,True,False,3.2786108991105203,-4.541290899110537,True,high_bin_residual_mad
2023-11-12 04:14:00,148.29758,148.29758,145.57063,False,False,False,145.57063,-2.7269500000000164,True,False,4.017335976456398,-6.744285976456414,True,high_bin_residual_mad
2023-11-12 06:41:00,263.51486,263.51486,280.8777800000001,False,False,False,280.8777800000001,17.362920000000088,False,False,11.039937084895616,6.322982915104472,True,high_bin_residual_mad
2023-11-12 06:42:00,263.51486,263.51486,280.8777800000001,False,False,False,280.8777800000001,17.362920000000088,False,False,11.039937084895616,6.322982915104472,True,high_bin_residual_mad
2023-11-12 06:57:00,268.5163,268.5163,285.23828,False,False,False,285.23828,16.721979999999974,False,False,11.400820046521275,5.321159953478698,True,high_bin_residual_mad
2023-11-12 07:25:00,272.91415,272.91415,289.37632999999994,False,False,False,289.37632999999994,16.462179999999933,False,False,11.647066074831237,4.815113925168696,True,high_bin_residual_mad
2023-11-12 07:50:00,272.19885,272.19885,276.96936,False,False,False,276.96936,4.770510000000002,False,False,11.10940106010806,-6.338891060108059,True,high_bin_residual_mad
2023-11-12 07:58:00,268.25586,268.25586,286.22166000000004,False,False,False,286.22166000000004,17.96580000000006,False,False,11.430322874431784,6.535477125568274,True,high_bin_residual_mad
2023-11-12 07:59:00,272.88593,272.88593,276.56045000000006,False,False,False,276.56045000000006,3.6745200000000864,False,False,11.079668879373207,-7.405148879373121,True,high_bin_residual_mad
2023-11-12 10:25:00,268.37708,268.37708,284.64711000000005,False,False,False,284.64711000000005,16.270030000000077,False,False,11.369612451556112,4.900417548443965,True,high_bin_residual_mad
2023-11-12 11:23:00,274.97067,274.97067,278.66341,False,False,False,278.66341,3.692740000000015,False,False,11.047639245684787,-7.354899245684772,True,high_bin_residual_mad
2023-11-13 08:32:00,194.56372,194.56372,209.72187,False,False,False,209.72187,15.158150000000006,False,False,6.793472821356215,8.364677178643792,True,high_bin_residual_mad
2023-11-13 11:22:00,97.24061,97.24061,96.05315000000002,False,False,False,96.05315000000002,-1.1874599999999873,True,False,2.48322929079385,-3.6706892907938373,True,high_bin_residual_mad
2023-11-13 11:53:00,111.306114,111.306114,118.10046000000001,False,False,False,118.10046000000001,6.794346000000019,False,False,3.0732559138407107,3.721090086159308,True,high_bin_residual_mad
2023-11-13 12:40:00,143.11108,143.11108,141.55374999999998,False,False,False,141.55374999999998,-1.5573300000000074,True,False,3.8111351084183718,-5.368465108418379,True,high_bin_residual_mad
2023-11-14 11:14:00,42.495163,42.495163,41.97931,False,False,False,41.97931,-0.5158529999999999,True,False,1.6654868809016794,-2.181339880901679,True,high_bin_residual_mad
2023-11-16 03:14:00,30.376549,30.376549,29.812149999999995,False,False,False,29.812149999999995,-0.5643990000000052,True,False,1.6436050214788624,-2.2080040214788674,True,high_bin_residual_mad
2023-11-16 03:27:00,32.059517,32.059517,31.698749999999997,False,False,False,31.698749999999997,-0.3607670000000027,True,False,1.6209098430219269,-1.9816768430219296,True,high_bin_residual_mad
2023-11-16 03:45:00,70.74965,70.74965,70.15242,False,False,False,70.15242,-0.5972299999999962,True,False,1.9673717668174913,-2.5646017668174874,True,high_bin_residual_mad
2023-11-16 03:57:00,100.153564,100.153564,106.30210000000001,False,False,False,106.30210000000001,6.148536000000007,False,False,2.729766710476428,3.418769289523579,True,high_bin_residual_mad
2023-11-16 06:03:00,160.14917,160.14917,171.97543999999994,False,False,False,171.97543999999994,11.826269999999937,False,False,5.0194124901428525,6.8068575098570845,True,high_bin_residual_mad
2023-11-16 06:33:00,124.72233,124.72233,123.43836999999996,False,False,False,123.43836999999996,-1.283960000000036,True,False,3.261417538403639,-4.545377538403675,True,high_bin_residual_mad
2023-11-16 06:38:00,146.87486,146.87486,145.35424000000006,False,False,False,145.35424000000006,-1.5206199999999512,True,False,4.010266796341997,-5.530886796341949,True,high_bin_residual_mad
2023-11-16 06:51:00,158.45221,158.45221,173.22132999999997,False,False,False,173.22132999999997,14.769119999999958,False,False,5.093836358195066,9.675283641804892,True,high_bin_residual_mad
2023-11-16 07:37:00,115.04318,115.04318,122.06015999999998,False,False,False,122.06015999999998,7.016979999999975,False,False,3.203914573802917,3.8130654261970585,True,high_bin_residual_mad
2023-11-16 07:39:00,89.46428,89.46428,95.92723000000002,False,False,False,95.92723000000002,6.462950000000021,False,False,2.4793336959992143,3.9836163040008064,True,high_bin_residual_mad
2023-11-16 08:07:00,63.794907,63.794907,62.82295000000002,False,False,False,62.82295000000002,-0.971956999999982,True,False,1.7907586419175974,-2.7627156419175796,True,high_bin_residual_mad
2023-11-16 08:09:00,75.798584,75.798584,74.08646999999999,False,False,False,74.08646999999999,-1.712114000000014,True,False,2.034737465565709,-3.746851465565723,True,high_bin_residual_mad
2023-11-16 08:18:00,91.76451,91.76451,90.42888,False,False,False,90.42888,-1.3356299999999948,True,False,2.3635091476761647,-3.6991391476761595,True,high_bin_residual_mad
2023-11-16 08:21:00,88.66968,88.66968,93.83660999999996,False,False,False,93.83660999999996,5.166929999999965,False,False,2.4164669839481947,2.7504630160517705,True,high_bin_residual_mad
2023-11-16 08:22:00,92.62028,92.62028,92.24201000000002,False,False,False,92.24201000000002,-0.37826999999997213,True,False,2.3859985624414493,-2.7642685624414214,True,high_bin_residual_mad
2023-11-16 08:43:00,159.56158,159.56158,158.29175,False,False,False,158.29175,-1.2698299999999847,True,False,4.459447390454917,-5.729277390454902,True,high_bin_residual_mad
2023-11-16 08:45:00,156.28452,156.28452,169.33552,False,False,False,169.33552,13.051000000000016,False,False,4.902191888606313,8.148808111393702,True,high_bin_residual_mad
2023-11-16 08:56:00,209.17107,209.17107,205.57739999999998,False,False,False,205.57739999999998,-3.593670000000003,True,False,6.564825386248938,-10.15849538624894,True,high_bin_residual_mad
2023-11-16 09:47:00,273.5928,273.5928,291.56980000000004,False,False,False,291.56980000000004,17.977000000000032,False,False,11.891539216442963,6.085460783557069,True,high_bin_residual_mad
2023-11-16 12:16:00,276.73224,276.73224,292.83409,False,False,False,292.83409,16.101850000000013,False,False,11.931737315906126,4.170112684093887,True,high_bin_residual_mad
2023-11-16 20:30:00,264.83646,264.83646,283.15448000000004,False,False,False,283.15448000000004,18.318020000000047,False,False,11.213339222181405,7.104680777818642,True,high_bin_residual_mad
2023-11-17 05:51:00,144.4615,144.4615,140.98477,False,False,False,140.98477,-3.4767300000000034,True,False,3.7980810214763756,-7.2748110214763795,True,high_bin_residual_mad
2023-11-17 05:59:00,143.56184,143.56184,142.12147,False,False,False,142.12147,-1.4403700000000015,True,False,3.823544432041524,-5.263914432041526,True,high_bin_residual_mad
2023-11-17 08:18:00,252.43976,252.43976,254.70050000000003,False,False,False,254.70050000000003,2.260740000000027,False,False,9.615706385713388,-7.354966385713361,True,high_bin_residual_mad
2023-11-17 08:32:00,235.36295,235.36295,234.63409999999996,False,False,False,234.63409999999996,-0.7288500000000511,True,False,8.268382428448046,-8.997232428448097,True,high_bin_residual_mad
2023-11-17 09:07:00,251.71793,251.71793,255.25537000000008,False,False,False,255.25537000000008,3.537440000000089,False,False,9.655651547200758,-6.118211547200669,True,high_bin_residual_mad
2023-11-17 09:17:00,242.73544,242.73544,261.64793,False,False,False,261.64793,18.912489999999963,False,False,9.958756874348579,8.953733125651384,True,high_bin_residual_mad
2023-11-18 08:22:00,90.67722,90.67722,96.18507,False,False,False,96.18507,5.507849999999991,False,False,2.487310507957988,3.0205394920420026,True,high_bin_residual_mad
2023-11-18 10:52:00,96.15882,96.15882,95.50807999999999,False,False,False,95.50807999999999,-0.6507400000000132,True,False,2.466366426636351,-3.117106426636364,True,high_bin_residual_mad
2023-11-18 10:55:00,99.904465,99.904465,99.55014,False,False,False,99.55014,-0.3543250000000029,True,False,2.5744451047640027,-2.9287701047640056,True,high_bin_residual_mad
2023-11-18 10:58:00,103.02043,103.02043,109.09616,False,False,False,109.09616,6.075729999999993,False,False,2.830163339238516,3.245566660761477,True,high_bin_residual_mad
2023-11-18 14:28:00,77.94747,77.94747,82.53040999999997,False,False,False,82.53040999999997,4.582939999999979,False,False,2.190576230410112,2.3923637695898674,True,high_bin_residual_mad
2023-11-18 19:52:00,80.95027,80.95027,80.27253999999999,False,False,False,80.27253999999999,-0.677730000000011,True,False,2.1410034972565004,-2.8187334972565115,True,high_bin_residual_mad
2023-11-18 20:17:00,132.31279,132.31279,130.72603000000004,False,False,False,130.72603000000004,-1.5867599999999698,True,False,3.482520427892255,-5.069280427892225,True,high_bin_residual_mad
2023-11-20 20:02:00,63.477013,63.477013,63.68769,False,False,False,63.68769,0.210677000000004,False,False,1.8381758633237566,-1.6274988633237526,True,high_bin_residual_mad
2023-11-20 20:03:00,62.724022,62.724022,62.743600000000015,False,False,False,62.743600000000015,0.01957800000001697,False,False,1.7864075577552143,-1.7668295577551973,True,high_bin_residual_mad
2023-11-20 20:13:00,60.416718,60.416718,60.09386000000002,False,False,False,60.09386000000002,-0.3228579999999823,True,False,1.8122237482430334,-2.1350817482430156,True,high_bin_residual_mad
2023-11-21 16:38:00,97.87445,97.87445,97.51078,False,False,False,97.51078,-0.36366999999999905,True,False,2.528665535019371,-2.8923355350193702,True,high_bin_residual_mad
2023-11-22 10:41:00,158.1391,158.1391,156.40093,False,False,False,156.40093,-1.738170000000025,True,False,4.343461832429507,-6.081631832429532,True,high_bin_residual_mad
2023-11-24 08:54:00,122.27177,122.27177,129.82797000000002,False,False,False,129.82797000000002,7.556200000000018,False,False,3.4621851770009617,4.094014822999057,True,high_bin_residual_mad
2023-11-24 09:39:00,128.61174,128.61174,126.28275000000002,False,False,False,126.28275000000002,-2.328989999999976,True,False,3.290797443563559,-5.619787443563535,True,high_bin_residual_mad
2023-11-24 10:23:00,106.75309,106.75309,106.00717000000002,False,False,False,106.00717000000002,-0.7459199999999839,True,False,2.7305261405237835,-3.4764461405237674,True,high_bin_residual_mad
2023-11-24 10:46:00,118.70083,118.70083,118.02235999999999,False,False,False,118.02235999999999,-0.6784700000000043,True,False,3.0704222921816724,-3.7488922921816767,True,high_bin_residual_mad
2023-11-24 13:42:00,134.78888,134.78888,133.75349,False,False,False,133.75349,-1.0353900000000067,True,False,3.552612525454522,-4.588002525454529,True,high_bin_residual_mad
2023-11-24 14:17:00,97.59532,97.59532,103.30368,False,False,False,103.30368,5.708359999999999,False,False,2.6492782550880047,3.0590817449119942,True,high_bin_residual_mad
2023-11-24 14:31:00,90.773605,90.773605,89.87224000000002,False,False,False,89.87224000000002,-0.9013649999999842,True,False,2.3516804722784386,-3.253045472278423,True,high_bin_residual_mad
2023-11-24 16:20:00,77.37602,77.37602,75.4511,False,False,False,75.4511,-1.9249200000000002,True,False,2.0588229981956743,-3.9837429981956745,True,high_bin_residual_mad
2023-11-24 16:59:00,81.98999,81.98999,81.12487,False,False,False,81.12487,-0.8651200000000046,True,False,2.1669052316179553,-3.03202523161796,True,high_bin_residual_mad
2023-11-24 20:56:00,87.36336,87.36336,86.82091000000001,False,False,False,86.82091000000001,-0.5424499999999881,True,False,2.2750301461408573,-2.8174801461408454,True,high_bin_residual_mad
2023-11-25 00:13:00,75.318726,75.318726,74.84196999999999,False,False,False,74.84196999999999,-0.47675600000000884,True,False,2.04781003889482,-2.524566038894829,True,high_bin_residual_mad
2023-11-25 01:51:00,59.79447,59.79447,58.53757,False,False,False,58.53757,-1.2568999999999946,True,False,1.8270655497826633,-3.0839655497826577,True,high_bin_residual_mad
2023-11-25 02:25:00,75.541046,75.541046,74.66917000000002,False,False,False,74.66917000000002,-0.8718759999999719,True,False,2.044820044624443,-2.916696044624415,True,high_bin_residual_mad
2023-11-25 04:43:00,66.27935,66.27935,65.42531,False,False,False,65.42531,-0.8540399999999977,True,False,1.915612714672278,-2.769652714672276,True,high_bin_residual_mad
2023-11-25 08:02:00,80.57089,80.57089,79.68775,False,False,False,79.68775,-0.8831400000000116,True,False,2.1218094016409847,-3.0049494016409963,True,high_bin_residual_mad
2023-11-25 12:15:00,44.405632,44.405632,43.505590000000005,False,False,False,43.505590000000005,-0.900041999999992,True,False,1.6707470121069765,-2.5707890121069683,True,high_bin_residual_mad
2023-11-26 20:37:00,61.97336,61.97336,61.61974,False,False,False,61.61974,-0.3536199999999994,True,False,1.7777922667698505,-2.13141226676985,True,high_bin_residual_mad
2023-11-26 22:35:00,80.192726,80.192726,79.87685999999998,False,False,False,79.87685999999998,-0.31586600000001397,True,False,2.1280164082961086,-2.4438824082961226,True,high_bin_residual_mad
2023-11-27 02:29:00,200.47243,200.47243,216.82254999999995,False,False,False,216.82254999999995,16.350119999999947,False,False,7.230135547096363,9.119984452903584,True,high_bin_residual_mad
2023-11-27 02:45:00,170.45886,170.45886,169.25572000000005,False,False,False,169.25572000000005,-1.2031399999999337,True,False,4.899618265621234,-6.102758265621167,True,high_bin_residual_mad
2023-11-27 02:56:00,183.30795,183.30795,181.5748,False,False,False,181.5748,-1.7331499999999949,True,False,5.435016847912315,-7.1681668479123095,True,high_bin_residual_mad
2023-11-27 03:20:00,146.05914,146.05914,155.93955,False,False,False,155.93955,9.880409999999983,False,False,4.322813695846477,5.557596304153506,True,high_bin_residual_mad
2023-11-27 03:27:00,175.48865,175.48865,171.67967000000002,False,False,False,171.67967000000002,-3.808979999999991,True,False,4.99993384195561,-8.8089138419556,True,high_bin_residual_mad
2023-11-27 03:44:00,199.80762,199.80762,217.13844,False,False,False,217.13844,17.330820000000017,False,False,7.259284155031359,10.071535844968658,True,high_bin_residual_mad
2023-11-27 05:27:00,131.32541,131.32541,139.53441000000004,False,False,False,139.53441000000004,8.209000000000032,False,False,3.7376774789473264,4.471322521052706,True,high_bin_residual_mad
2023-11-27 05:56:00,119.36707,119.36707,126.93660999999994,False,False,False,126.93660999999994,7.569539999999947,False,False,3.2972704161276023,4.272269583872344,True,high_bin_residual_mad
2023-11-27 06:49:00,104.899765,104.899765,104.38309000000004,False,False,False,104.38309000000004,-0.5166749999999638,True,False,2.7025060356421458,-3.2191810356421096,True,high_bin_residual_mad
2023-11-27 07:06:00,98.58284,98.58284,97.64179,False,False,False,97.64179,-0.9410500000000042,True,False,2.532806445890478,-3.4738564458904824,True,high_bin_residual_mad
2023-11-27 07:50:00,53.122044,53.122044,52.43913,False,False,False,52.43913,-0.6829140000000038,True,False,1.7428686582720834,-2.4257826582720874,True,high_bin_residual_mad
2023-11-27 07:52:00,52.94903,52.94903,51.87443000000001,False,False,False,51.87443000000001,-1.0745999999999896,True,False,1.7361676645629813,-2.810767664562971,True,high_bin_residual_mad
2023-11-27 09:38:00,101.993546,101.993546,108.09010000000004,False,False,False,108.09010000000004,6.09655400000004,False,False,2.7817649112559795,3.3147890887440608,True,high_bin_residual_mad
2023-11-27 10:23:00,64.30451,64.30451,63.31851999999999,False,False,False,63.31851999999999,-0.985990000000001,True,False,1.8179327664084841,-2.803922766408485,True,high_bin_residual_mad
2023-11-27 10:26:00,59.060852,59.060852,63.31256,False,False,False,63.31256,4.251708000000001,False,False,1.8176059552981152,2.4341020447018855,True,high_bin_residual_mad
2023-11-27 12:50:00,64.88965,64.88965,63.93484,False,False,False,63.93484,-0.9548100000000019,True,False,1.8517281059290858,-2.8065381059290875,True,high_bin_residual_mad
2023-11-27 12:56:00,54.07436,54.07436,60.12072999999997,False,False,False,60.12072999999997,6.046369999999975,False,False,1.811634344455724,4.234735655544251,True,high_bin_residual_mad
2023-11-28 03:15:00,63.532265,63.532265,63.61131,False,False,False,63.61131,0.0790450000000007,False,False,1.8339876363757694,-1.7549426363757687,True,high_bin_residual_mad
2023-11-28 03:36:00,87.334145,87.334145,80.47864000000001,False,False,False,80.47864000000001,-6.855504999999994,True,False,2.1477681531267416,-9.003273153126734,True,high_bin_residual_mad
2023-11-28 03:37:00,106.41422,106.41422,104.86926999999999,False,False,False,104.86926999999999,-1.5449500000000143,True,False,2.726480505352273,-4.271430505352287,True,high_bin_residual_mad
2023-11-28 09:39:00,99.236916,99.236916,98.00333,False,False,False,98.00333,-1.2335859999999883,True,False,2.544233855373267,-3.7778198553732554,True,high_bin_residual_mad
2023-11-29 06:31:00,47.96546,47.96546,47.24204999999997,False,False,False,47.24204999999997,-0.7234100000000296,True,False,1.7023974609085168,-2.4258074609085467,True,high_bin_residual_mad
2023-11-29 06:33:00,53.360855,53.360855,51.70924,False,False,False,51.70924,-1.6516149999999996,True,False,1.7342074429394527,-3.3858224429394523,True,high_bin_residual_mad
2023-11-29 06:39:00,63.702717,63.702717,63.018429999999995,False,False,False,63.018429999999995,-0.6842870000000048,True,False,1.8014776076650765,-2.4857646076650814,True,high_bin_residual_mad
2023-11-29 06:43:00,74.7741,74.7741,74.24740000000001,False,False,False,74.24740000000001,-0.5266999999999911,True,False,2.0375220707620745,-2.5642220707620655,True,high_bin_residual_mad
2023-11-29 07:54:00,90.99974,90.99974,96.27209999999995,False,False,False,96.27209999999995,5.272359999999949,False,False,2.4900029604276273,2.782357039572322,True,high_bin_residual_mad
2023-11-29 07:57:00,93.40157,93.40157,91.40713999999996,False,False,False,91.40713999999996,-1.994430000000051,True,False,2.379037070152749,-4.3734670701528,True,high_bin_residual_mad
2023-11-29 08:03:00,77.569534,77.569534,82.78779000000003,False,False,False,82.78779000000003,5.218256000000025,False,False,2.194910821861886,3.0233451781381393,True,high_bin_residual_mad
2023-11-29 08:05:00,74.5836,74.5836,79.04454000000005,False,False,False,79.04454000000005,4.4609400000000505,False,False,2.100697832973848,2.3602421670262026,True,high_bin_residual_mad
2023-11-29 08:45:00,87.66211,87.66211,86.89257000000003,False,False,False,86.89257000000003,-0.7695399999999637,True,False,2.276481592245846,-3.04602159224581,True,high_bin_residual_mad
2023-11-29 09:14:00,81.96669,81.96669,86.88237999999998,False,False,False,86.88237999999998,4.915689999999984,False,False,2.276275197662956,2.639414802337028,True,high_bin_residual_mad
2023-11-29 09:29:00,71.207085,71.207085,70.38635000000001,False,False,False,70.38635000000001,-0.8207349999999991,True,False,1.9678099333793637,-2.788544933379363,True,high_bin_residual_mad
2023-11-29 09:45:00,144.16917,144.16917,141.92289000000005,False,False,False,141.92289000000005,-2.246279999999956,True,False,3.819203835470882,-6.065483835470838,True,high_bin_residual_mad
2023-11-30 02:50:00,251.27322,251.27322,255.00695000000002,False,False,False,255.00695000000002,3.7337300000000084,False,False,9.642715092155246,-5.908985092155238,True,high_bin_residual_mad
2023-11-30 02:54:00,236.93762,236.93762,254.225,False,False,False,254.225,17.287379999999985,False,False,9.566865023753492,7.720514976246493,True,high_bin_residual_mad
2023-11-30 19:26:00,261.58292,261.58292,263.49310999999994,False,False,False,263.49310999999994,1.9101899999999432,False,False,10.13419461114681,-8.224004611146867,True,high_bin_residual_mad
2023-11-30 22:36:00,198.54903,198.54903,196.4496900000001,False,False,False,196.4496900000001,-2.0993399999998985,True,False,6.082880235710764,-8.182220235710663,True,high_bin_residual_mad
2023-12-01 01:58:00,244.88762,244.88762,243.72718000000003,False,False,False,243.72718000000003,-1.1604399999999657,True,False,8.73729051269112,-9.897730512691085,True,high_bin_residual_mad
2023-12-01 05:18:00,250.16684,250.16684,254.02396,False,False,False,254.02396,3.8571199999999806,False,False,9.546215039718966,-5.6890950397189854,True,high_bin_residual_mad
2023-12-01 08:05:00,239.1172,239.1172,254.29671000000002,False,False,False,254.29671000000002,15.179510000000022,False,False,9.574230773629717,5.605279226370305,True,high_bin_residual_mad
2023-12-01 09:50:00,240.69212,240.69212,255.96431,False,False,False,255.96431,15.272190000000023,False,False,9.692569550742991,5.579620449257032,True,high_bin_residual_mad
2023-12-01 15:41:00,168.01175,168.01175,166.04892,False,False,False,166.04892,-1.9628299999999967,True,False,4.717674119325082,-6.680504119325079,True,high_bin_residual_mad
2023-12-01 16:19:00,154.33534,154.33534,150.02542000000005,False,False,False,150.02542000000005,-4.3099199999999485,True,False,4.152696183423842,-8.46261618342379,True,high_bin_residual_mad
2023-12-01 18:22:00,114.16683,114.16683,122.12886000000002,False,False,False,122.12886000000002,7.962030000000013,False,False,3.207881067669163,4.75414893233085,True,high_bin_residual_mad
2023-12-01 18:34:00,110.42465,110.42465,117.91011000000002,False,False,False,117.91011000000002,7.4854600000000175,False,False,3.066349641333696,4.419110358666321,True,high_bin_residual_mad
2023-12-06 09:29:00,157.69016,157.69016,155.28053999999997,False,False,False,155.28053999999997,-2.409620000000018,True,False,4.293321024968712,-6.70294102496873,True,high_bin_residual_mad
2023-12-06 10:01:00,282.25555,282.25555,289.56672000000003,False,False,False,289.56672000000003,7.311170000000004,False,False,11.67314009505988,-4.361970095059876,True,high_bin_residual_mad
2023-12-10 22:19:00,280.07846,280.07846,297.17744999999996,False,False,False,297.17744999999996,17.098989999999958,False,False,12.164864491749903,4.934125508250055,True,high_bin_residual_mad
2023-12-11 05:26:00,272.7466,272.7466,277.63689000000005,False,False,False,277.63689000000005,4.89029000000005,False,False,11.08506419638977,-6.194774196389719,True,high_bin_residual_mad
2023-12-11 21:06:00,276.8559,276.8559,282.5756799999999,False,False,False,282.5756799999999,5.719779999999901,False,False,11.16198678846884,-5.442206788468939,True,high_bin_residual_mad
2023-12-12 06:30:00,277.06265,277.06265,282.70586,False,False,False,282.70586,5.643209999999954,False,False,11.17292577607925,-5.529715776079296,True,high_bin_residual_mad
2023-12-12 10:16:00,277.68954,277.68954,284.48192,False,False,False,284.48192,6.79237999999998,False,False,11.352317626475271,-4.559937626475291,True,high_bin_residual_mad
2023-12-12 16:40:00,129.03358,129.03358,128.41606,False,False,False,128.41606,-0.6175200000000132,True,False,3.401876814798896,-4.01939681479891,True,high_bin_residual_mad
2023-12-12 17:31:00,103.79289,103.79289,111.09496,False,False,False,111.09496,7.3020700000000005,False,False,2.885505027113666,4.416564972886334,True,high_bin_residual_mad
2023-12-13 07:58:00,32.35765,32.35765,31.44521,False,False,False,31.44521,-0.9124400000000001,True,False,1.617202495615953,-2.529642495615953,True,high_bin_residual_mad
2023-12-13 08:10:00,95.91864,95.91864,93.94118,False,False,False,93.94118,-1.9774599999999936,True,False,2.4195295803999004,-4.396989580399894,True,high_bin_residual_mad
2023-12-13 08:19:00,129.61346,129.61346,138.15964000000002,False,False,False,138.15964000000002,8.546180000000021,False,False,3.6875324694091374,4.858647530590884,True,high_bin_residual_mad
2023-12-13 08:40:00,82.44485,82.44485,88.28784,False,False,False,88.28784,5.84299,False,False,2.313729695739265,3.5292603042607356,True,high_bin_residual_mad
2023-12-13 08:43:00,55.462143,55.462143,59.526579999999996,False,False,False,59.526579999999996,4.064436999999998,False,False,1.8246672532845516,2.2397697467154467,True,high_bin_residual_mad
2023-12-13 08:46:00,30.96835,30.96835,36.111239999999995,False,False,False,36.111239999999995,5.142889999999994,False,False,1.666305287377463,3.476584712622531,True,high_bin_residual_mad
2023-12-13 08:47:00,23.504204,23.504204,27.29047,False,False,False,27.29047,3.7862659999999977,False,False,1.6586533189507928,2.1276126810492046,True,high_bin_residual_mad
2023-12-13 15:32:00,56.209965,56.209965,60.90521999999999,False,False,False,60.90521999999999,4.695254999999996,False,False,1.7944262545001104,2.9008287454998856,True,high_bin_residual_mad
2023-12-13 16:35:00,91.27191,91.27191,97.28670000000001,False,False,False,97.28670000000001,6.014790000000005,False,False,2.521582905388063,3.493207094611942,True,high_bin_residual_mad
2023-12-13 16:40:00,98.70902,98.70902,98.31916999999997,False,False,False,98.31916999999997,-0.389850000000024,True,False,2.5542167978168235,-2.9440667978168475,True,high_bin_residual_mad
2023-12-13 16:48:00,82.913246,82.913246,88.19272,False,False,False,88.19272,5.279473999999993,False,False,2.311148733873243,2.9683252661267505,True,high_bin_residual_mad
2023-12-13 16:50:00,70.75884,70.75884,76.36146999999997,False,False,False,76.36146999999997,5.602629999999962,False,False,2.075554851904628,3.527075148095334,True,high_bin_residual_mad
2023-12-13 17:08:00,104.53708,104.53708,103.78724,False,False,False,103.78724,-0.7498400000000061,True,False,2.673123527565339,-3.422963527565345,True,high_bin_residual_mad
2023-12-13 18:47:00,255.42146,255.42146,257.97383,False,False,False,257.97383,2.5523700000000247,False,False,9.818942397840289,-7.266572397840264,True,high_bin_residual_mad
2023-12-13 18:48:00,252.84303,252.84303,254.36031,False,False,False,254.36031,1.5172799999999995,False,False,9.580763498383972,-8.063483498383972,True,high_bin_residual_mad
2023-12-13 20:31:00,252.44357,252.44357,255.9212,False,False,False,255.9212,3.477630000000005,False,False,9.69032460034845,-6.212694600348446,True,high_bin_residual_mad
2023-12-13 20:32:00,254.53381,254.53381,257.71773,False,False,False,257.71773,3.183920000000029,False,False,9.799879489694712,-6.615959489694683,True,high_bin_residual_mad
2023-12-13 20:37:00,250.8309,250.8309,254.5561699999999,False,False,False,254.5561699999999,3.725269999999881,False,False,9.600881414584729,-5.8756114145848475,True,high_bin_residual_mad
2023-12-13 20:38:00,252.7583,252.7583,254.9873,False,False,False,254.9873,2.2290000000000134,False,False,9.641691819706795,-7.412691819706781,True,high_bin_residual_mad
2023-12-13 20:39:00,254.22452,254.22452,256.36424,False,False,False,256.36424,2.1397199999999827,False,False,9.713395879002995,-7.573675879003012,True,high_bin_residual_mad
2023-12-16 12:35:00,282.34552,282.34552,298.83230000000003,False,False,False,298.83230000000003,16.48678000000001,False,False,12.434001801530357,4.052778198469653,True,high_bin_residual_mad
2023-12-16 15:35:00,287.62268,287.62268,295.5717,False,False,False,295.5717,7.949020000000019,False,False,12.227680294676817,-4.278660294676799,True,high_bin_residual_mad
2023-12-16 19:04:00,280.9737,280.9737,297.35886000000005,False,False,False,297.35886000000005,16.38516000000004,False,False,12.194387982798965,4.190772017201077,True,high_bin_residual_mad
2023-12-16 19:40:00,279.7968,279.7968,285.98434000000003,False,False,False,285.98434000000003,6.187540000000013,False,False,11.423202929832827,-5.235662929832815,True,high_bin_residual_mad
2023-12-16 20:26:00,284.62686,284.62686,292.3406300000001,False,False,False,292.3406300000001,7.713770000000068,False,False,11.916047755630327,-4.202277755630259,True,high_bin_residual_mad
2023-12-16 22:20:00,273.42798,273.42798,290.11259,False,False,False,290.11259,16.68461000000002,False,False,11.747897306164466,4.936712693835554,True,high_bin_residual_mad
2023-12-16 23:17:00,277.56427,277.56427,284.3406300000001,False,False,False,284.3406300000001,6.776360000000068,False,False,11.337525049226832,-4.561165049226764,True,high_bin_residual_mad
2023-12-16 23:30:00,266.71915,266.71915,283.61244000000005,False,False,False,283.61244000000005,16.893290000000036,False,False,11.261286059726169,5.632003940273867,True,high_bin_residual_mad
2023-12-17 08:52:00,167.9346,167.9346,165.90937999999997,False,False,False,165.90937999999997,-2.0252200000000187,True,False,4.709039749395631,-6.734259749395649,True,high_bin_residual_mad
2023-12-17 09:27:00,120.95657,120.95657,119.13590999999998,False,False,False,119.13590999999998,-1.820660000000018,True,False,3.1082240265188488,-4.928884026518867,True,high_bin_residual_mad
2023-12-17 12:23:00,114.55471,114.55471,113.12492999999999,False,False,False,113.12492999999999,-1.429780000000008,True,False,2.9206510446682623,-4.35043104466827,True,high_bin_residual_mad
2023-12-17 13:06:00,104.73492,104.73492,102.07224999999998,False,False,False,102.07224999999998,-2.66267000000002,True,False,2.6053092658805466,-5.267979265880566,True,high_bin_residual_mad
2023-12-17 13:11:00,114.49197,114.49197,113.53810000000001,False,False,False,113.53810000000001,-0.9538699999999807,True,False,2.929656999638665,-3.883526999638646,True,high_bin_residual_mad
2023-12-17 16:51:00,115.80924,115.80924,115.17456000000004,False,False,False,115.17456000000004,-0.6346799999999604,True,False,2.968348792274461,-3.6030287922744213,True,high_bin_residual_mad
2023-12-17 17:38:00,119.06699,119.06699,118.50298999999998,False,False,False,118.50298999999998,-0.5640000000000214,True,False,3.087860494204506,-3.651860494204527,True,high_bin_residual_mad
2023-12-17 17:53:00,117.68078,117.68078,124.95696999999998,False,False,False,124.95696999999998,7.2761899999999855,False,False,3.2776124351623204,3.998577564837665,True,high_bin_residual_mad
2023-12-17 18:08:00,100.320496,100.320496,99.46733000000002,False,False,False,99.46733000000002,-0.8531659999999874,True,False,2.5746049167401828,-3.42777091674017,True,high_bin_residual_mad
2023-12-17 18:34:00,115.78169,115.78169,113.78442,False,False,False,113.78442,-1.9972700000000003,True,False,2.9350260894281206,-4.932296089428121,True,high_bin_residual_mad
2023-12-17 19:30:00,78.55064,78.55064,83.17365999999997,False,False,False,83.17365999999997,4.623019999999968,False,False,2.201910080502162,2.4211099194978063,True,high_bin_residual_mad
2023-12-18 13:13:00,33.078033,33.078033,32.5174,False,False,False,32.5174,-0.5606329999999957,True,False,1.632880419474955,-2.193513419474951,True,high_bin_residual_mad
2023-12-18 20:02:00,115.46361,115.46361,114.89584999999998,False,False,False,114.89584999999998,-0.5677600000000211,True,False,2.9592521671509804,-3.5270121671510015,True,high_bin_residual_mad
2023-12-18 20:05:00,123.11044,123.11044,121.20562000000001,False,False,False,121.20562000000001,-1.9048199999999866,True,False,3.154576470914124,-5.059396470914111,True,high_bin_residual_mad
2023-12-18 22:01:00,97.67746,97.67746,97.53296999999998,False,False,False,97.53296999999998,-0.14449000000001888,True,False,2.5293669075270406,-2.6738569075270595,True,high_bin_residual_mad
2023-12-18 22:02:00,95.9869,95.9869,95.67970000000004,False,False,False,95.67970000000004,-0.30719999999996617,True,False,2.4716758451453695,-2.7788758451453357,True,high_bin_residual_mad
2023-12-18 22:03:00,96.81711,96.81711,95.58665,False,False,False,95.58665,-1.2304599999999937,True,False,2.468797151564993,-3.6992571515649866,True,high_bin_residual_mad
2023-12-18 22:04:00,99.47831,99.47831,97.79116,False,False,False,97.79116,-1.6871499999999884,True,False,2.5375276721847864,-4.224677672184775,True,high_bin_residual_mad
2023-12-18 22:05:00,105.74063,105.74063,101.38806000000001,False,False,False,101.38806000000001,-4.352569999999986,True,False,2.584079663044344,-6.93664966304433,True,high_bin_residual_mad
2023-12-18 22:06:00,105.83247,105.83247,103.95799000000004,False,False,False,103.95799000000004,-1.8744799999999628,True,False,2.6815435380614634,-4.556023538061426,True,high_bin_residual_mad
2023-12-18 22:07:00,106.78428,106.78428,105.80315000000002,False,False,False,105.80315000000002,-0.981129999999979,True,False,2.731051481853121,-3.7121814818531,True,high_bin_residual_mad
2023-12-18 22:08:00,98.148895,98.148895,96.71985000000001,False,False,False,96.71985000000001,-1.429044999999988,True,False,2.5038550297517888,-3.9329000297517767,True,high_bin_residual_mad
2023-12-18 22:09:00,96.88745,96.88745,96.47529999999998,False,False,False,96.47529999999998,-0.41215000000002533,True,False,2.4962893713414624,-2.908439371341488,True,high_bin_residual_mad
2023-12-18 22:26:00,89.98332,89.98332,88.60070000000006,False,False,False,88.60070000000006,-1.382619999999946,True,False,2.3222187593368644,-3.7048387593368104,True,high_bin_residual_mad
2023-12-18 22:27:00,89.06587,89.06587,88.59647,False,False,False,88.59647,-0.46940000000000737,True,False,2.3221039835936614,-2.791503983593669,True,high_bin_residual_mad
2023-12-18 22:28:00,85.387,85.387,83.46725999999997,False,False,False,83.46725999999997,-1.9197400000000329,True,False,2.2077367725817054,-4.127476772581739,True,high_bin_residual_mad
2023-12-18 22:29:00,82.77763,82.77763,80.83463,False,False,False,80.83463,-1.9429999999999978,True,False,2.159452528882427,-4.102452528882425,True,high_bin_residual_mad
2023-12-18 22:31:00,82.8815,82.8815,80.46329000000001,False,False,False,80.46329000000001,-2.4182099999999878,True,False,2.1472643323232083,-4.5654743323231965,True,high_bin_residual_mad
2023-12-18 22:32:00,84.91074,84.91074,84.18521000000003,False,False,False,84.18521000000003,-0.7255299999999778,True,False,2.221984979592975,-2.947514979592953,True,high_bin_residual_mad
2023-12-19 18:02:00,269.1165,269.1165,285.19514999999996,False,False,False,285.19514999999996,16.078649999999982,False,False,11.399526083894639,4.679123916105343,True,high_bin_residual_mad
2023-12-19 18:15:00,273.8532,273.8532,279.07359999999994,False,False,False,279.07359999999994,5.220399999999927,False,False,11.0366090029152,-5.816209002915274,True,high_bin_residual_mad
2023-12-19 19:21:00,280.60406,280.60406,288.0182099999999,False,False,False,288.0182099999999,7.414149999999893,False,False,11.528892365099255,-4.114742365099362,True,high_bin_residual_mad
2023-12-20 21:47:00,279.60538,279.60538,285.92670000000004,False,False,False,285.92670000000004,6.321320000000014,False,False,11.421473646137041,-5.100153646137027,True,high_bin_residual_mad
2023-12-21 20:28:00,270.89188,270.89188,288.80738,False,False,False,288.80738,17.91550000000001,False,False,11.589578359215254,6.325921640784754,True,high_bin_residual_mad
2023-12-21 22:40:00,276.2873,276.2873,293.57328999999993,False,False,False,293.57328999999993,17.285989999999913,False,False,12.032281698781627,5.2537083012182855,True,high_bin_residual_mad
2023-12-21 23:17:00,276.97614,276.97614,293.25750000000005,False,False,False,293.25750000000005,16.281360000000063,False,False,11.96710724378075,4.314252756219313,True,high_bin_residual_mad
2023-12-22 00:45:00,272.7638,272.7638,288.62680000000006,False,False,False,288.62680000000006,15.863000000000056,False,False,11.575692026970664,4.287307973029392,True,high_bin_residual_mad
2023-12-22 07:46:00,256.71033,256.71033,258.39079,False,False,False,258.39079,1.6804599999999823,False,False,9.849978985815213,-8.16951898581523,True,high_bin_residual_mad
2023-12-22 18:44:00,53.42189,53.42189,52.967079999999996,False,False,False,52.967079999999996,-0.45481000000000193,True,False,1.7491335541470527,-2.2039435541470547,True,high_bin_residual_mad
2023-12-22 18:45:00,53.42189,53.42189,52.967079999999996,False,False,False,52.967079999999996,-0.45481000000000193,True,False,1.7491335541470527,-2.2039435541470547,True,high_bin_residual_mad
2023-12-22 19:05:00,71.78909,71.78909,76.36064999999995,False,False,False,76.36064999999995,4.571559999999948,False,False,2.075539780977377,2.4960202190225713,True,high_bin_residual_mad
2023-12-22 19:27:00,65.28027,65.28027,70.07008,False,False,False,70.07008,4.789810000000003,False,False,1.9672175384812174,2.822592461518785,True,high_bin_residual_mad
2023-12-22 19:47:00,58.8666,58.8666,62.57755999999999,False,False,False,62.57755999999999,3.710959999999993,False,False,1.7773029072911675,1.9336570927088255,True,high_bin_residual_mad
2023-12-24 05:24:00,139.09335,139.09335,138.03924,False,False,False,138.03924,-1.0541099999999801,True,False,3.6835685466558723,-4.737678546655852,True,high_bin_residual_mad
2023-12-24 12:25:00,148.11697,148.11697,145.89629999999994,False,False,False,145.89629999999994,-2.2206700000000694,True,False,4.0279751921681095,-6.248645192168179,True,high_bin_residual_mad
2023-12-25 01:51:00,59.688843,59.688843,63.11318000000002,False,False,False,63.11318000000002,3.4243370000000226,False,False,1.8066731366428441,1.6176638633571785,True,high_bin_residual_mad
2023-12-27 06:00:00,19.45144,19.45144,23.6159,False,False,False,23.6159,4.164459999999998,False,False,1.7082789403164151,2.4561810596835834,True,high_bin_residual_mad
2023-12-27 09:54:00,46.823368,46.823368,51.008839999999985,False,False,False,51.008839999999985,4.185471999999983,False,False,1.7258961697079045,2.4595758302920787,True,high_bin_residual_mad
2023-12-29 18:46:00,22.384235,22.384235,21.29141,False,False,False,21.29141,-1.0928250000000013,True,False,1.7433619163292486,-2.83618691632925,True,high_bin_residual_mad
2023-12-30 20:24:00,158.87787,158.87787,172.14317999999997,False,False,False,172.14317999999997,13.265309999999971,False,False,5.0304594132484075,8.234850586751563,True,high_bin_residual_mad
2023-12-30 21:55:00,273.71402,273.71402,291.48955000000007,False,False,False,291.48955000000007,17.77553000000006,False,False,11.88898766776195,5.886542332238109,True,high_bin_residual_mad
2023-12-31 00:54:00,257.47046,257.47046,274.61282,False,False,False,274.61282,17.142359999999996,False,False,10.842305039876203,6.300054960123793,True,high_bin_residual_mad
2023-12-31 19:15:00,239.26277,239.26277,254.30656999999994,False,False,False,254.30656999999994,15.043799999999948,False,False,9.575243551398215,5.468556448601733,True,high_bin_residual_mad
2023-12-31 19:40:00,249.18768,249.18768,250.2636200000001,False,False,False,250.2636200000001,1.075940000000088,False,False,9.186830324543253,-8.110890324543165,True,high_bin_residual_mad
2024-01-03 15:41:00,92.61826,92.61826,92.21128000000003,False,False,False,92.21128000000003,-0.4069799999999759,True,False,2.3857423229574195,-2.7927223229573954,True,high_bin_residual_mad
2024-01-04 12:35:00,74.24591,74.24591,73.62507,False,False,False,73.62507,-0.6208400000000012,True,False,2.026753765586818,-2.6475937655868194,True,high_bin_residual_mad
2024-01-04 13:35:00,61.83785,61.83785,66.20302000000001,False,False,False,66.20302000000001,4.365170000000006,False,False,1.926473998346361,2.4386960016536454,True,high_bin_residual_mad
2024-01-07 10:54:00,109.96441,109.96441,117.11792999999999,False,False,False,117.11792999999999,7.153519999999986,False,False,3.037607792347056,4.11591220765293,True,high_bin_residual_mad
2024-01-07 11:00:00,104.65832,104.65832,104.40825000000002,False,False,False,104.40825000000002,-0.2500699999999796,True,False,2.70374672357235,-2.9538167235723294,True,high_bin_residual_mad
2024-01-07 15:55:00,79.130714,79.130714,84.16900999999996,False,False,False,84.16900999999996,5.03829599999996,False,False,2.2216634795531625,2.8166325204467975,True,high_bin_residual_mad
2024-01-08 16:42:00,62.7243,62.7243,62.71926999999998,False,False,False,62.71926999999998,-0.005030000000019186,True,False,1.7850734446150642,-1.7901034446150834,True,high_bin_residual_mad
2024-01-10 04:17:00,267.4898,267.4898,269.61593999999997,False,False,False,269.61593999999997,2.126139999999964,False,False,10.393065540385226,-8.266925540385262,True,high_bin_residual_mad
2024-01-10 05:54:00,282.06665,282.06665,289.76859,False,False,False,289.76859,7.701940000000036,False,False,11.700786307904847,-3.9988463079048113,True,high_bin_residual_mad
2024-01-10 07:40:00,281.79675,281.79675,288.96783999999997,False,False,False,288.96783999999997,7.171089999999992,False,False,11.601917493515655,-4.430827493515663,True,high_bin_residual_mad
2024-01-10 09:40:00,268.82672,268.82672,286.6830600000001,False,False,False,286.6830600000001,17.856340000000102,False,False,11.444165544404642,6.41217445559546,True,high_bin_residual_mad
2024-01-13 17:57:00,274.28717,274.28717,279.21744,False,False,False,279.21744,4.930270000000007,False,False,11.036874337478306,-6.106604337478299,True,high_bin_residual_mad
2024-01-14 10:12:00,57.635338,57.635338,62.3808,False,False,False,62.3808,4.745462000000003,False,False,1.7665137539226687,2.9789482460773344,True,high_bin_residual_mad
2024-01-14 10:18:00,35.329887,35.329887,41.443239999999996,False,False,False,41.443239999999996,6.1133529999999965,False,False,1.6668298492488134,4.446523150751183,True,high_bin_residual_mad
2024-01-14 12:55:00,274.76984,274.76984,279.84525999999994,False,False,False,279.84525999999994,5.075419999999951,False,False,11.038032446108788,-5.962612446108837,True,high_bin_residual_mad
2024-01-15 00:37:00,281.8004,281.8004,289.1244899999999,False,False,False,289.1244899999999,7.324089999999899,False,False,11.613963644507542,-4.289873644507644,True,high_bin_residual_mad
2024-01-15 01:19:00,276.8802,276.8802,295.8325400000001,False,False,False,295.8325400000001,18.952340000000106,False,False,12.216347672391581,6.735992327608525,True,high_bin_residual_mad
2024-01-15 07:47:00,167.25969,167.25969,164.18924999999996,False,False,False,164.18924999999996,-3.0704400000000476,True,False,4.648290105030733,-7.71873010503078,True,high_bin_residual_mad
2024-01-15 10:11:00,113.46226,113.46226,120.37249,False,False,False,120.37249,6.9102299999999985,False,False,3.130725512086969,3.7795044879130297,True,high_bin_residual_mad
2024-01-15 12:23:00,80.37983,80.37983,85.75811,False,False,False,85.75811,5.378280000000004,False,False,2.2535035354740804,3.1247764645259233,True,high_bin_residual_mad
2024-01-15 14:11:00,72.26714,72.26714,70.77899999999998,False,False,False,70.77899999999998,-1.4881400000000156,True,False,1.9685453931345007,-3.4566853931345163,True,high_bin_residual_mad
2024-01-15 14:41:00,58.406086,58.406086,62.14772000000001,False,False,False,62.14772000000001,3.741634000000005,False,False,1.7651614524520738,1.976472547547931,True,high_bin_residual_mad
2024-01-16 08:08:00,59.99688,59.99688,63.41968000000001,False,False,False,63.41968000000001,3.4228000000000094,False,False,1.823479781832135,1.5993202181678743,True,high_bin_residual_mad
2024-01-17 00:13:00,250.1518,250.1518,252.28805999999997,False,False,False,252.28805999999997,2.1362599999999645,False,False,9.36757605036904,-7.231316050369076,True,high_bin_residual_mad
2024-01-18 11:17:00,271.37286,271.37286,290.04389000000003,False,False,False,290.04389000000003,18.67103000000003,False,False,11.738488801570178,6.932541198429853,True,high_bin_residual_mad
2024-01-18 11:22:00,273.11984,273.11984,276.08454,False,False,False,276.08454,2.9646999999999935,False,False,11.03368379629335,-8.068983796293356,True,high_bin_residual_mad
2024-01-18 12:48:00,282.65485,282.65485,289.43692000000004,False,False,False,289.43692000000004,6.782070000000033,False,False,11.655363910251456,-4.873293910251423,True,high_bin_residual_mad
2024-01-18 12:50:00,281.023,281.023,288.20719999999994,False,False,False,288.20719999999994,7.184199999999919,False,False,11.54342541378076,-4.359225413780841,True,high_bin_residual_mad
2024-01-18 13:25:00,280.6513,280.6513,288.2461,False,False,False,288.2461,7.594800000000021,False,False,11.546416765670868,-3.951616765670847,True,high_bin_residual_mad
2024-01-18 13:27:00,281.26346,281.26346,288.54576000000003,False,False,False,288.54576000000003,7.282300000000021,False,False,11.569460172030459,-4.287160172030438,True,high_bin_residual_mad
2024-01-18 22:16:00,276.4395,276.4395,292.3214599999999,False,False,False,292.3214599999999,15.881959999999879,False,False,11.915438245496802,3.966521754503077,True,high_bin_residual_mad
2024-01-18 22:58:00,273.8486,273.8486,289.88724000000013,False,False,False,289.88724000000013,16.038640000000157,False,False,11.717035493787142,4.321604506213015,True,high_bin_residual_mad
2024-01-20 09:29:00,275.5628,275.5628,292.2130000000001,False,False,False,292.2130000000001,16.650200000000098,False,False,11.911989759890044,4.738210240110053,True,high_bin_residual_mad
2024-01-20 12:10:00,276.5659,276.5659,293.45167,False,False,False,293.45167,16.88576999999998,False,False,12.007181102761468,4.878588897238512,True,high_bin_residual_mad
2024-01-22 03:07:00,266.19778,266.19778,283.52964000000003,False,False,False,283.52964000000003,17.331860000000006,False,False,11.252617184390536,6.07924281560947,True,high_bin_residual_mad
2024-01-22 03:08:00,229.04207,229.04207,251.10792,False,False,False,251.10792,22.06585000000001,False,False,9.24588295006229,12.819967049937722,True,high_bin_residual_mad
2024-01-22 03:11:00,134.09932,134.09932,157.06253999999998,False,False,False,157.06253999999998,22.96321999999998,False,False,4.373909286445211,18.589310713554767,True,high_bin_residual_mad
2024-01-22 03:12:00,104.73893,104.73893,127.01261999999998,False,False,False,127.01261999999998,22.273689999999988,False,False,3.298444283807787,18.9752457161922,True,high_bin_residual_mad
2024-01-22 03:13:00,73.05476,73.05476,95.88407999999997,False,False,False,95.88407999999997,22.829319999999967,False,False,2.4779987617918704,20.351321238208097,True,high_bin_residual_mad
2024-01-22 03:14:00,60.535355,60.535355,64.99467,False,False,False,64.99467,4.459314999999997,False,False,1.9095985150330719,2.5497164849669245,True,high_bin_residual_mad
2024-01-22 03:29:00,62.658634,62.658634,62.33083000000001,False,False,False,62.33083000000001,-0.3278039999999862,True,False,1.7637736949989862,-2.091577694998972,True,high_bin_residual_mad
2024-01-22 03:31:00,136.13,136.13,125.61817999999997,False,False,False,125.61817999999997,-10.511820000000029,True,False,3.284218445954152,-13.796038445954181,True,high_bin_residual_mad
2024-01-22 03:32:00,163.34944,163.34944,155.96902999999998,False,False,False,155.96902999999998,-7.380410000000012,True,False,4.324133014123098,-11.70454301412311,True,high_bin_residual_mad
2024-01-22 03:33:00,193.26566,193.26566,187.37960999999999,False,False,False,187.37960999999999,-5.8860500000000116,True,False,5.691699271936411,-11.577749271936423,True,high_bin_residual_mad
2024-01-23 13:10:00,60.38333,60.38333,59.690039999999996,False,False,False,59.690039999999996,-0.6932900000000046,True,False,1.8210816952989246,-2.5143716952989292,True,high_bin_residual_mad
2024-01-25 05:47:00,64.94984,64.94984,69.50324,False,False,False,69.50324,4.5534000000000106,False,False,1.9661558091864206,2.58724419081359,True,high_bin_residual_mad
2024-01-25 07:54:00,56.139835,56.139835,63.01205000000001,False,False,False,63.01205000000001,6.872215000000011,False,False,1.801127766241561,5.07108723375845,True,high_bin_residual_mad
2024-01-25 07:57:00,44.18825,44.18825,49.23792,False,False,False,49.23792,5.049670000000006,False,False,1.7290682718040038,3.320601728196002,True,high_bin_residual_mad
2024-01-25 07:58:00,32.978653,32.978653,44.113159999999986,False,False,False,44.113159999999986,11.134506999999985,False,False,1.6797892848105955,9.454717715189389,True,high_bin_residual_mad
2024-02-02 22:40:00,20.254189,20.254189,24.808030000000002,False,False,False,24.808030000000002,4.553841000000002,False,False,1.687579355765507,2.866261644234495,True,high_bin_residual_mad
2024-02-02 23:14:00,71.62932,71.62932,76.44388000000001,False,False,False,76.44388000000001,4.81456,False,False,2.077069480093338,2.7374905199066624,True,high_bin_residual_mad
2024-02-02 23:34:00,110.680626,110.680626,117.06070000000001,False,False,False,117.06070000000001,6.380074000000008,False,False,3.035531375349019,3.3445426246509884,True,high_bin_residual_mad
2024-02-27 21:44:00,81.6668,81.6668,80.54828000000003,False,False,False,80.54828000000003,-1.118519999999961,True,False,2.1500538912868756,-3.2685738912868367,True,high_bin_residual_mad
2024-02-27 21:45:00,83.57162,83.57162,82.61446999999998,False,False,False,82.61446999999998,-0.9571500000000128,True,False,2.1919919027911674,-3.1491419027911802,True,high_bin_residual_mad
2024-02-27 21:46:00,86.42109,86.42109,85.20237000000002,False,False,False,85.20237000000002,-1.2187199999999905,True,False,2.2422472326777365,-3.460967232677727,True,high_bin_residual_mad
2024-02-27 21:47:00,88.421036,88.421036,87.34632999999998,False,False,False,87.34632999999998,-1.0747060000000204,True,False,2.2881830030723376,-3.362889003072358,True,high_bin_residual_mad
2024-02-27 21:48:00,87.38613,87.38613,86.17297000000002,False,False,False,86.17297000000002,-1.2131599999999736,True,False,2.2619063673344675,-3.475066367334441,True,high_bin_residual_mad
2024-02-27 21:49:00,89.43047,89.43047,88.50127999999998,False,False,False,88.50127999999998,-0.9291900000000197,True,False,2.319521122365459,-3.2487111223654788,True,high_bin_residual_mad
2024-02-27 21:50:00,87.81299,87.81299,86.7543,False,False,False,86.7543,-1.0586899999999986,True,False,2.273680985869391,-3.3323709858693897,True,high_bin_residual_mad
2024-02-27 21:52:00,86.962975,86.962975,86.43243999999997,False,False,False,86.43243999999997,-0.5305350000000288,True,False,2.2671618337154493,-2.797696833715478,True,high_bin_residual_mad
2024-02-27 21:54:00,82.98433,82.98433,82.56671999999998,False,False,False,82.56671999999998,-0.4176100000000247,True,False,2.191187734861172,-2.608797734861197,True,high_bin_residual_mad
2024-02-27 22:04:00,83.20798,83.20798,82.30887,False,False,False,82.30887,-0.8991100000000074,True,False,2.186845228039198,-3.0859552280392055,True,high_bin_residual_mad
2024-02-27 22:05:00,82.09724,82.09724,80.92041,False,False,False,80.92041,-1.1768299999999954,True,False,2.1622680173858195,-3.339098017385815,True,high_bin_residual_mad
2024-02-27 22:06:00,82.80394,82.80394,81.72712000000003,False,False,False,81.72712000000003,-1.0768199999999695,True,False,2.177047852263812,-3.2538678522637814,True,high_bin_residual_mad
2024-02-27 22:07:00,84.93786,84.93786,83.24111,False,False,False,83.24111,-1.6967499999999944,True,False,2.203248671717303,-3.8999986717172974,True,high_bin_residual_mad
2024-02-27 22:08:00,86.13837,86.13837,83.77841000000001,False,False,False,83.77841000000001,-2.3599599999999867,True,False,2.2139117563710458,-4.573871756371032,True,high_bin_residual_mad
2024-02-27 22:09:00,86.40416,86.40416,86.04660000000001,False,False,False,86.04660000000001,-0.35755999999999233,True,False,2.2593467909419567,-2.616906790941949,True,high_bin_residual_mad
2024-02-27 22:10:00,86.76247,86.76247,84.81863,False,False,False,84.81863,-1.9438399999999945,True,False,2.234555631149598,-4.178395631149593,True,high_bin_residual_mad
2024-02-27 22:11:00,86.249374,86.249374,84.70894,False,False,False,84.70894,-1.5404340000000047,True,False,2.2323787583491717,-3.7728127583491764,True,high_bin_residual_mad
2024-02-27 22:12:00,89.2222,89.2222,87.41500000000002,False,False,False,87.41500000000002,-1.8071999999999804,True,False,2.2900462773715367,-4.097246277371517,True,high_bin_residual_mad
2024-02-27 22:13:00,86.893845,86.893845,85.41916000000002,False,False,False,85.41916000000002,-1.4746849999999796,True,False,2.2466382318558042,-3.721323231855784,True,high_bin_residual_mad
2024-02-27 22:14:00,87.14743,87.14743,86.41195999999998,False,False,False,86.41195999999998,-0.7354700000000207,True,False,2.2667470190876218,-3.0022170190876425,True,high_bin_residual_mad
2024-02-27 22:15:00,86.76309,86.76309,85.84342000000001,False,False,False,85.84342000000001,-0.9196699999999964,True,False,2.2552314571488856,-3.174901457148882,True,high_bin_residual_mad
2024-02-27 22:16:00,85.696526,85.696526,84.16176000000002,False,False,False,84.16176000000002,-1.5347659999999905,True,False,2.2215195983625073,-3.756285598362498,True,high_bin_residual_mad
2024-02-27 22:17:00,86.83113,86.83113,85.35217999999999,False,False,False,85.35217999999999,-1.4789500000000118,True,False,2.245281577374753,-3.724231577374765,True,high_bin_residual_mad
2024-02-28 09:16:00,82.55377,82.55377,82.21117,False,False,False,82.21117,-0.34260000000000446,True,False,2.185199841510182,-2.5277998415101863,True,high_bin_residual_mad
2024-02-28 09:17:00,83.82141,83.82141,83.36404999999998,False,False,False,83.36404999999998,-0.45736000000002264,True,False,2.205688499797204,-2.6630484997972266,True,high_bin_residual_mad
2024-02-28 09:51:00,91.608185,91.608185,90.57227999999998,False,False,False,90.57227999999998,-1.035905000000028,True,False,2.3665564170999103,-3.4024614170999383,True,high_bin_residual_mad
2024-02-28 12:33:00,44.520065,44.520065,49.30663,False,False,False,49.30663,4.786564999999996,False,False,1.7289318744363091,3.0576331255636866,True,high_bin_residual_mad
2024-03-01 15:13:00,154.75288,154.75288,152.20567,False,False,False,152.20567,-2.547210000000007,True,False,4.253107853682052,-6.800317853682059,True,high_bin_residual_mad
2024-03-02 09:20:00,117.71585,117.71585,117.23183,False,False,False,117.23183,-0.484020000000001,True,False,3.041740308441351,-3.525760308441352,True,high_bin_residual_mad
2024-03-04 01:46:00,250.076,250.076,254.21815999999995,False,False,False,254.21815999999995,4.142159999999961,False,False,9.566162447695012,-5.424002447695051,True,high_bin_residual_mad
2024-03-04 16:59:00,269.48615,269.48615,290.25090000000006,False,False,False,290.25090000000006,20.76475000000005,False,False,11.766838940377518,8.997911059622531,True,high_bin_residual_mad
2024-03-04 17:35:00,271.71234,271.71234,288.7681000000001,False,False,False,288.7681000000001,17.055760000000134,False,False,11.586557785892813,5.469202214107321,True,high_bin_residual_mad
2024-03-05 00:43:00,128.83261,128.83261,136.87145999999998,False,False,False,136.87145999999998,8.038849999999996,False,False,3.6465678589132904,4.392282141086707,True,high_bin_residual_mad
2024-03-05 01:06:00,119.268196,119.268196,118.49529999999997,False,False,False,118.49529999999997,-0.7728960000000313,True,False,3.0875814858746975,-3.860477485874729,True,high_bin_residual_mad
2024-03-05 01:07:00,122.51415,122.51415,120.97685,False,False,False,120.97685,-1.5373000000000019,True,False,3.1417227769771894,-4.679022776977192,True,high_bin_residual_mad
2024-03-05 01:32:00,66.367805,66.367805,65.12949,False,False,False,65.12949,-1.238315,True,False,1.9114813740228493,-3.1497963740228494,True,high_bin_residual_mad
2024-03-05 01:42:00,56.83056,56.83056,61.44472,False,False,False,61.44472,4.614159999999998,False,False,1.7819792532502043,2.8321807467497937,True,high_bin_residual_mad
2024-03-05 01:48:00,45.177414,45.177414,50.588389999999976,False,False,False,50.588389999999976,5.410975999999977,False,False,1.7263874312691407,3.684588568730836,True,high_bin_residual_mad
2024-03-05 02:03:00,40.991333,40.991333,44.910719999999976,False,False,False,44.910719999999976,3.919386999999979,False,False,1.6916591187679972,2.227727881231982,True,high_bin_residual_mad
2024-03-05 08:33:00,261.03854,261.03854,278.6633999999999,False,False,False,278.6633999999999,17.6248599999999,False,False,11.047639610265614,6.5772203897342845,True,high_bin_residual_mad
2024-03-05 23:14:00,273.2841,273.2841,289.78353999999996,False,False,False,289.78353999999996,16.499439999999936,False,False,11.702833719021065,4.796606280978871,True,high_bin_residual_mad
2024-03-07 21:55:00,41.447525,41.447525,46.96763999999999,False,False,False,46.96763999999999,5.52011499999999,False,False,1.6984188115534866,3.821696188446503,True,high_bin_residual_mad
2024-03-08 00:49:00,62.003384,62.003384,61.029009999999985,False,False,False,61.029009999999985,-0.9743740000000116,True,False,1.791710873226155,-2.7660848732261667,True,high_bin_residual_mad
2024-03-10 19:50:00,255.97241,255.97241,274.20138000000003,False,False,False,274.20138000000003,18.228970000000032,False,False,10.76477865058231,7.464191349417723,True,high_bin_residual_mad
2024-03-11 23:49:00,13.5880165,13.5880165,17.7445,False,False,False,17.7445,4.156483499999998,False,False,1.8268606275596668,2.3296228724403316,True,high_bin_residual_mad
2024-03-11 23:50:00,14.277351,14.277351,18.541100000000004,False,False,False,18.541100000000004,4.263749000000004,False,False,1.797371475144697,2.4663775248553073,True,high_bin_residual_mad
2024-03-11 23:51:00,9.811847,9.811847,14.226149999999997,False,False,False,14.226149999999997,4.414302999999997,False,False,1.9750288290498346,2.439274170950162,True,high_bin_residual_mad
2024-03-11 23:54:00,27.084217,27.084217,26.37789,False,False,False,26.37789,-0.7063269999999982,True,False,1.6658321777654053,-2.372159177765403,True,high_bin_residual_mad
2024-03-12 00:03:00,137.8465,137.8465,131.38248000000002,False,False,False,131.38248000000002,-6.464019999999977,True,False,3.4940145791509014,-9.958034579150878,True,high_bin_residual_mad
2024-03-12 00:09:00,142.57742,142.57742,139.0461799999999,False,False,False,139.0461799999999,-3.531240000000082,True,False,3.717344029618218,-7.2485840296183,True,high_bin_residual_mad
2024-03-12 05:02:00,103.34281,103.34281,102.76927000000002,False,False,False,102.76927000000002,-0.57353999999998,True,False,2.626936968373847,-3.200476968373827,True,high_bin_residual_mad
2024-03-12 05:07:00,129.02281,129.02281,128.17492999999996,False,False,False,128.17492999999996,-0.8478800000000319,True,False,3.384105705098525,-4.231985705098557,True,high_bin_residual_mad
2024-03-12 07:09:00,278.66788,278.66788,295.3348500000001,False,False,False,295.3348500000001,16.66697000000005,False,False,12.237970632003366,4.428999367996683,True,high_bin_residual_mad
2024-03-12 07:12:00,277.1018,277.1018,294.14653000000004,False,False,False,294.14653000000004,17.044730000000015,False,False,12.150590082785948,4.894139917214067,True,high_bin_residual_mad
2024-03-12 16:23:00,271.97424,271.97424,275.68967000000004,False,False,False,275.68967000000004,3.715430000000026,False,False,10.995529250778986,-7.28009925077896,True,high_bin_residual_mad
2024-03-13 19:43:00,89.27739,89.27739,85.35217999999999,False,False,False,85.35217999999999,-3.925210000000007,True,False,2.245281577374753,-6.17049157737476,True,high_bin_residual_mad
2024-03-13 19:48:00,84.08626,84.08626,83.14675,False,False,False,83.14675,-0.9395099999999985,True,False,2.2013760332138093,-3.1408860332138078,True,high_bin_residual_mad
2024-03-13 19:49:00,86.13788,86.13788,79.82521000000001,False,False,False,79.82521000000001,-6.312669999999983,True,False,2.1263211415532766,-8.43899114155326,True,high_bin_residual_mad
2024-03-13 19:50:00,82.581116,82.581116,77.92966,False,False,False,77.92966,-4.651455999999996,True,False,2.0933605730856812,-6.744816573085677,True,high_bin_residual_mad
2024-03-13 19:51:00,86.049995,86.049995,85.07215,False,False,False,85.07215,-0.9778450000000021,True,False,2.2396096759963022,-3.2174546759963043,True,high_bin_residual_mad
2024-03-13 19:52:00,75.55586,75.55586,85.69279999999999,False,False,False,85.69279999999999,10.136939999999996,False,False,2.2521807062092636,7.884759293790732,True,high_bin_residual_mad
2024-03-13 19:53:00,73.58689,73.58689,79.98056000000001,False,False,False,79.98056000000001,6.393670000000014,False,False,2.13142007066265,4.262249929337365,True,high_bin_residual_mad
2024-03-13 20:07:00,78.429344,78.429344,76.95605000000002,False,False,False,76.95605000000002,-1.4732939999999815,True,False,2.0864827444958505,-3.559776744495832,True,high_bin_residual_mad
2024-03-13 20:15:00,82.03255,82.03255,93.35858999999998,False,False,False,93.35858999999998,11.326039999999978,False,False,2.4024669614193273,8.92357303858065,True,high_bin_residual_mad
2024-03-13 20:19:00,74.6339,74.6339,69.43025000000002,False,False,False,69.43025000000002,-5.203649999999982,True,False,1.9660190940265392,-7.169669094026521,True,high_bin_residual_mad
2024-03-13 20:35:00,74.12736,74.12736,78.995,False,False,False,78.995,4.867640000000009,False,False,2.1003390386303424,2.767300961369666,True,high_bin_residual_mad
2024-03-17 08:20:00,258.3427,258.3427,261.11397999999997,False,False,False,261.11397999999997,2.77127999999999,False,False,9.895059878354994,-7.123779878355004,True,high_bin_residual_mad
2024-03-17 08:40:00,275.70303,275.70303,292.60442,False,False,False,292.60442,16.901389999999992,False,False,11.92443495845356,4.976955041546432,True,high_bin_residual_mad
2024-03-17 08:43:00,284.78656,284.78656,291.6927,False,False,False,291.6927,6.9061399999999935,False,False,11.895446821837313,-4.989306821837319,True,high_bin_residual_mad
2024-03-19 09:53:00,103.64773,103.64773,110.14612,False,False,False,110.14612,6.4983900000000006,False,False,2.8598683454958054,3.638521654504195,True,high_bin_residual_mad
2024-03-19 10:03:00,83.164444,83.164444,88.25461999999997,False,False,False,88.25461999999997,5.090175999999971,False,False,2.3128283127158276,2.7773476872841436,True,high_bin_residual_mad
2024-03-19 10:12:00,88.0358,88.0358,87.6169,False,False,False,87.6169,-0.4188999999999936,True,False,2.2955245805753814,-2.714424580575375,True,high_bin_residual_mad
2024-03-19 10:17:00,94.10423,94.10423,93.32443,False,False,False,93.32443,-0.7797999999999945,True,False,2.401466499577593,-3.1812664995775877,True,high_bin_residual_mad
2024-03-19 10:29:00,120.1503,120.1503,118.95114999999998,False,False,False,118.95114999999998,-1.1991500000000173,True,False,3.104120620743742,-4.30327062074376,True,high_bin_residual_mad
2024-03-19 10:30:00,123.05301,123.05301,134.43684999999996,False,False,False,134.43684999999996,11.383839999999964,False,False,3.58383121571723,7.800008784282734,True,high_bin_residual_mad
2024-03-19 12:45:00,251.47638,251.47638,254.59040000000002,False,False,False,254.59040000000002,3.1140200000000107,False,False,9.604397376351065,-6.490377376351054,True,high_bin_residual_mad
2024-03-19 23:25:00,26.52407,26.52407,30.61458,False,False,False,30.61458,4.090510000000002,False,False,1.6225614034416385,2.4679485965583634,True,high_bin_residual_mad
2024-03-19 23:26:00,26.84519,26.84519,30.46179,False,False,False,30.46179,3.616600000000002,False,False,1.626568300491733,1.9900316995082687,True,high_bin_residual_mad
2024-03-19 23:29:00,22.846287,22.846287,26.783810000000006,False,False,False,26.783810000000006,3.937523000000006,False,False,1.660398691958493,2.277124308041513,True,high_bin_residual_mad
2024-03-22 12:44:00,152.4936,152.4936,137.67136000000002,False,False,False,137.67136000000002,-14.822239999999965,True,False,3.6714568531137544,-18.49369685311372,True,high_bin_residual_mad
2024-03-23 09:16:00,172.28748,172.28748,170.0248,False,False,False,170.0248,-2.262679999999989,True,False,4.9244217990218155,-7.1871017990218045,True,high_bin_residual_mad
2024-03-23 09:20:00,153.92247,153.92247,165.19829,False,False,False,165.19829,11.275819999999982,False,False,4.6650393615990735,6.610780638400908,True,high_bin_residual_mad
2024-03-23 09:29:00,138.12163,138.12163,136.22185000000005,False,False,False,136.22185000000005,-1.8997799999999643,True,False,3.633693148013783,-5.533473148013748,True,high_bin_residual_mad
2024-03-23 09:36:00,138.57014,138.57014,148.26988999999992,False,False,False,148.26988999999992,9.69974999999991,False,False,4.094227534164059,5.6055224658358505,True,high_bin_residual_mad
2024-03-23 09:44:00,145.12555,145.12555,155.3364300000001,False,False,False,155.3364300000001,10.210880000000088,False,False,4.2958222698289745,5.915057730171114,True,high_bin_residual_mad
2024-03-23 09:53:00,119.62917,119.62917,127.30505000000004,False,False,False,127.30505000000004,7.675880000000035,False,False,3.319996167064453,4.355883832935582,True,high_bin_residual_mad
2024-03-23 10:07:00,133.6857,133.6857,131.68338999999997,False,False,False,131.68338999999997,-2.0023100000000227,True,False,3.498303345769328,-5.5006133457693505,True,high_bin_residual_mad
2024-03-23 14:55:00,181.44315,181.44315,177.28131,False,False,False,177.28131,-4.161840000000012,True,False,5.267901439095262,-9.429741439095274,True,high_bin_residual_mad
2024-03-23 15:03:00,188.11919,188.11919,204.51929,False,False,False,204.51929,16.40010000000001,False,False,6.455780133946104,9.944319866053906,True,high_bin_residual_mad
2024-03-23 15:12:00,186.49483,186.49483,182.92396,False,False,False,182.92396,-3.5708700000000135,True,False,5.489654049271047,-9.06052404927106,True,high_bin_residual_mad
2024-03-23 15:28:00,195.72098,195.72098,193.30231,False,False,False,193.30231,-2.4186699999999917,True,False,5.972959681272774,-8.391629681272764,True,high_bin_residual_mad
2024-03-23 16:30:00,169.50746,169.50746,181.98844,False,False,False,181.98844,12.480979999999988,False,False,5.451768109415788,7.0292118905842,True,high_bin_residual_mad
2024-03-23 16:33:00,173.11485,173.11485,170.77947999999995,False,False,False,170.77947999999995,-2.33537000000004,True,False,4.948760919252156,-7.284130919252196,True,high_bin_residual_mad
2024-03-23 16:38:00,147.37906,147.37906,159.07203000000004,False,False,False,159.07203000000004,11.692970000000031,False,False,4.512227128801308,7.180742871198723,True,high_bin_residual_mad
2024-03-23 16:41:00,143.40036,143.40036,153.50234999999992,False,False,False,153.50234999999992,10.101989999999915,False,False,4.291278959925593,5.810711040074322,True,high_bin_residual_mad
2024-03-23 16:42:00,130.8977,130.8977,145.1920599999999,False,False,False,145.1920599999999,14.294359999999926,False,False,4.0049685864850035,10.289391413514924,True,high_bin_residual_mad
2024-03-23 16:44:00,136.76474,136.76474,136.08055000000002,False,False,False,136.08055000000002,-0.6841899999999725,True,False,3.630892703670099,-4.315082703670072,True,high_bin_residual_mad
2024-03-23 16:45:00,139.18057,139.18057,138.20229,False,False,False,138.20229,-0.9782799999999838,True,False,3.688936633075472,-4.667216633075456,True,high_bin_residual_mad
2024-03-23 16:48:00,149.32509,149.32509,145.15915999999999,False,False,False,145.15915999999999,-4.165930000000003,True,False,4.003893786236548,-8.16982378623655,True,high_bin_residual_mad
2024-03-25 03:06:00,79.67575,79.67575,78.94336999999999,False,False,False,78.94336999999999,-0.7323800000000062,True,False,2.1000008384538065,-2.8323808384538127,True,high_bin_residual_mad
2024-03-25 03:09:00,85.617065,85.617065,85.16437000000003,False,False,False,85.16437000000003,-0.452694999999963,True,False,2.2414775570987593,-2.6941725570987223,True,high_bin_residual_mad
2024-03-25 03:45:00,49.498947,49.498947,53.62613,False,False,False,53.62613,4.127183000000002,False,False,1.7562706777660204,2.370912322233982,True,high_bin_residual_mad
2024-03-25 05:06:00,63.79348,63.79348,68.14851,False,False,False,68.14851,4.355029999999999,False,False,1.9534109124763912,2.401619087523608,True,high_bin_residual_mad
2024-03-25 05:07:00,59.725533,59.725533,63.82002000000001,False,False,False,63.82002000000001,4.094487000000008,False,False,1.845432056987375,2.249054943012633,True,high_bin_residual_mad
2024-03-25 05:08:00,53.232925,53.232925,59.11724,False,False,False,59.11724,5.884315000000001,False,False,1.8336462836640728,4.050668716335928,True,high_bin_residual_mad
2024-03-25 05:09:00,47.559757,47.559757,51.65372,False,False,False,51.65372,4.093963000000002,False,False,1.7335486167118463,2.360414383288156,True,high_bin_residual_mad
2024-03-25 05:17:00,26.107101,26.107101,30.271399999999993,False,False,False,30.271399999999993,4.164298999999993,False,False,1.6315612524478005,2.532737747552192,True,high_bin_residual_mad
2024-03-25 05:18:00,23.606598,23.606598,27.665629999999997,False,False,False,27.665629999999997,4.059031999999995,False,False,1.660219409800732,2.398812590199263,True,high_bin_residual_mad
2024-03-25 06:45:00,59.351044,59.351044,58.844899999999996,False,False,False,58.844899999999996,-0.5061440000000061,True,False,1.833455053763382,-2.339599053763388,True,high_bin_residual_mad
2024-03-25 06:51:00,94.01495,94.01495,91.96671000000002,False,False,False,91.96671000000002,-2.0482399999999785,True,False,2.3837029968718646,-4.431942996871843,True,high_bin_residual_mad
2024-03-25 06:52:00,94.39996,94.39996,92.80882000000001,False,False,False,92.80882000000001,-1.5911399999999816,True,False,2.3907248592830626,-3.981864859283044,True,high_bin_residual_mad
2024-03-25 07:33:00,88.188644,88.188644,93.37480999999998,False,False,False,93.37480999999998,5.186165999999986,False,False,2.4029420050690034,2.7832239949309825,True,high_bin_residual_mad
2024-03-25 10:03:00,29.876347,29.876347,33.75219999999999,False,False,False,33.75219999999999,3.8758529999999887,False,False,1.6488601620561507,2.226992837943838,True,high_bin_residual_mad
2024-03-25 18:58:00,267.81104,267.81104,284.0371100000001,False,False,False,284.0371100000001,16.226070000000107,False,False,11.305747548721142,4.920322451278965,True,high_bin_residual_mad
2024-03-27 10:40:00,130.24352,130.24352,129.07758,False,False,False,129.07758,-1.1659399999999778,True,False,3.445193696569457,-4.611133696569435,True,high_bin_residual_mad
2024-03-27 10:46:00,135.86008,135.86008,135.02676,False,False,False,135.02676,-0.8333200000000147,True,False,3.6100074931610346,-4.44332749316105,True,high_bin_residual_mad
2024-03-27 11:42:00,187.87888,187.87888,185.95658000000006,False,False,False,185.95658000000006,-1.9222999999999502,True,False,5.659384229520361,-7.581684229520311,True,high_bin_residual_mad
2024-03-27 19:32:00,146.11899,146.11899,144.73704999999998,False,False,False,144.73704999999998,-1.3819400000000144,True,False,3.979653687095668,-5.361593687095683,True,high_bin_residual_mad
2024-03-28 07:21:00,62.15565,62.15565,62.116569999999996,False,False,False,62.116569999999996,-0.039080000000005555,True,False,1.7659066508800423,-1.8049866508800478,True,high_bin_residual_mad
2024-03-28 08:32:00,107.20918,107.20918,105.65975999999999,False,False,False,105.65975999999999,-1.549420000000012,True,False,2.7314207039549427,-4.280840703954954,True,high_bin_residual_mad
2024-03-28 09:32:00,196.63103,196.63103,192.94503,False,False,False,192.94503,-3.686000000000007,True,False,5.961812693233043,-9.64781269323305,True,high_bin_residual_mad
2024-03-28 10:02:00,168.96545,168.96545,166.93287000000007,False,False,False,166.93287000000007,-2.032579999999939,True,False,4.7723706314301175,-6.8049506314300565,True,high_bin_residual_mad
2024-03-28 10:36:00,198.7197,198.7197,196.69039999999995,False,False,False,196.69039999999995,-2.0293000000000347,True,False,6.093695463228948,-8.122995463228982,True,high_bin_residual_mad
2024-03-28 10:53:00,209.1464,209.1464,206.23857000000004,False,False,False,206.23857000000004,-2.9078299999999615,True,False,6.668606827670146,-9.576436827670108,True,high_bin_residual_mad
2024-03-28 11:57:00,225.68687,225.68687,222.7956,False,False,False,222.7956,-2.8912699999999916,True,False,7.682210643663374,-10.573480643663366,True,high_bin_residual_mad
2024-03-28 13:01:00,167.2829,167.2829,165.22686,False,False,False,165.22686,-2.0560400000000243,True,False,4.666807198412061,-6.722847198412086,True,high_bin_residual_mad
2024-03-28 13:39:00,89.05255,89.05255,87.67921,False,False,False,87.67921,-1.373339999999999,True,False,2.2972152842535962,-3.670555284253595,True,high_bin_residual_mad
2024-03-28 13:40:00,82.2551,82.2551,82.00713999999996,False,False,False,82.00713999999996,-0.2479600000000346,True,False,2.1817637287822875,-2.429723728782322,True,high_bin_residual_mad
2024-03-29 12:29:00,58.48858,58.48858,62.71626999999998,False,False,False,62.71626999999998,4.227689999999981,False,False,1.784908942378301,2.44278105762168,True,high_bin_residual_mad
2024-03-29 20:38:00,94.31312,94.31312,93.53573999999999,False,False,False,93.53573999999999,-0.777380000000008,True,False,2.407655246409472,-3.18503524640948,True,high_bin_residual_mad
2024-03-29 21:00:00,111.22041,111.22041,118.35872000000002,False,False,False,118.35872000000002,7.138310000000018,False,False,3.082626094758292,4.055683905241726,True,high_bin_residual_mad
2024-03-29 21:02:00,114.69763,114.69763,123.75847999999996,False,False,False,123.75847999999996,9.06084999999996,False,False,3.2648313066121344,5.7960186933878255,True,high_bin_residual_mad
2024-03-29 21:07:00,127.488785,127.488785,125.42994999999999,False,False,False,125.42994999999999,-2.058835000000002,True,False,3.2823550384575473,-5.341190038457549,True,high_bin_residual_mad
2024-03-29 21:09:00,159.49927,159.49927,158.50519000000003,False,False,False,158.50519000000003,-0.9940799999999683,True,False,4.4743002251372195,-5.468380225137188,True,high_bin_residual_mad
2024-03-29 21:11:00,210.26704,210.26704,208.54425,False,False,False,208.54425,-1.7227900000000034,True,False,6.7697959875990845,-8.492585987599089,True,high_bin_residual_mad
2024-03-30 19:59:00,259.09808,259.09808,275.96928,False,False,False,275.96928,16.871200000000044,False,False,11.022546731142832,5.848653268857213,True,high_bin_residual_mad
2024-03-30 20:09:00,275.33862,275.33862,295.86024999999995,False,False,False,295.86024999999995,20.52162999999996,False,False,12.215143765922013,8.306486234077946,True,high_bin_residual_mad
2024-03-31 05:56:00,122.15416,122.15416,131.25484999999998,False,False,False,131.25484999999998,9.100689999999972,False,False,3.492195512707413,5.608494487292559,True,high_bin_residual_mad
2024-03-31 06:08:00,109.33287,109.33287,109.04449000000001,False,False,False,109.04449000000001,-0.2883799999999894,True,False,2.828701514337269,-3.1170815143372583,True,high_bin_residual_mad
2024-03-31 06:12:00,156.57199,156.57199,149.42530000000002,False,False,False,149.42530000000002,-7.146689999999978,True,False,4.129441724970245,-11.276131724970224,True,high_bin_residual_mad
2024-03-31 06:35:00,129.85086,129.85086,138.81353,False,False,False,138.81353,8.962669999999974,False,False,3.709060454867046,5.253609545132928,True,high_bin_residual_mad
2024-03-31 06:46:00,104.48767,104.48767,104.16453000000003,False,False,False,104.16453000000003,-0.3231399999999667,True,False,2.6917284222071087,-3.0148684222070754,True,high_bin_residual_mad
2024-03-31 06:49:00,121.4628,121.4628,120.16076000000001,False,False,False,120.16076000000001,-1.302039999999991,True,False,3.12687275727989,-4.428912757279881,True,high_bin_residual_mad
2024-03-31 07:38:00,174.47253,174.47253,171.18837999999994,False,False,False,171.18837999999994,-3.284150000000068,True,False,4.9675787516221925,-8.25172875162226,True,high_bin_residual_mad
2024-03-31 07:52:00,279.21686,279.21686,285.80123000000003,False,False,False,285.80123000000003,6.584370000000035,False,False,11.417709363949147,-4.833339363949111,True,high_bin_residual_mad
2024-04-01 12:05:00,68.188156,68.188156,98.99868000000002,False,False,False,98.99868000000002,30.810524000000015,False,False,2.5755093471548274,28.235014652845187,True,high_bin_residual_mad
2024-04-01 12:08:00,108.95198,108.95198,70.23778999999999,False,False,False,70.23778999999999,-38.714190000000016,True,False,1.9675316705467567,-40.68172167054677,True,high_bin_residual_mad
2024-04-01 12:09:00,118.36613,118.36613,98.61930000000001,False,False,False,98.61930000000001,-19.74682999999999,True,False,2.563703184960901,-22.31053318496089,True,high_bin_residual_mad
2024-04-01 15:01:00,126.988495,126.988495,124.35859999999998,False,False,False,124.35859999999998,-2.629895000000019,True,False,3.271231202202033,-5.901126202202052,True,high_bin_residual_mad
2024-04-01 18:14:00,285.64716,285.64716,293.65656000000007,False,False,False,293.65656000000007,8.009400000000085,False,False,12.049467413553895,-4.04006741355381,True,high_bin_residual_mad
2024-04-02 06:36:00,281.6453,281.6453,288.42239000000006,False,False,False,288.42239000000006,6.777090000000044,False,False,11.559973203323986,-4.782883203323943,True,high_bin_residual_mad
2024-04-02 07:20:00,279.0709,279.0709,285.10976999999997,False,False,False,285.10976999999997,6.038869999999974,False,False,11.396964559919168,-5.358094559919193,True,high_bin_residual_mad
2024-04-04 23:37:00,31.182594,31.182594,29.637550000000005,False,False,False,29.637550000000005,-1.5450439999999972,True,False,1.6481838828241502,-3.1932278828241474,True,high_bin_residual_mad
2024-04-06 01:26:00,28.3214,28.3214,26.633560000000006,False,False,False,26.633560000000006,-1.6878399999999942,True,False,1.662409879489259,-3.3502498794892532,True,high_bin_residual_mad
2024-04-08 15:08:00,31.740623,31.740623,35.627689999999994,False,False,False,35.627689999999994,3.8870669999999947,False,False,1.665147331371092,2.2219196686289027,True,high_bin_residual_mad
2024-04-08 16:59:00,130.93163,130.93163,129.79381999999998,False,False,False,129.79381999999998,-1.1378100000000302,True,False,3.4614119003624984,-4.5992219003625285,True,high_bin_residual_mad
2024-04-10 11:18:00,85.721985,85.721985,93.03806,False,False,False,93.03806,7.316074999999998,False,False,2.3930794311461634,4.9229955688538345,True,high_bin_residual_mad
2024-04-10 11:19:00,60.88995,60.88995,82.45872,False,False,False,82.45872,21.56877,False,False,2.189368883836262,19.379401116163738,True,high_bin_residual_mad
2024-04-10 11:31:00,63.036415,63.036415,62.26679000000001,False,False,False,62.26679000000001,-0.7696249999999907,True,False,1.7623129523937047,-2.5319379523936956,True,high_bin_residual_mad
2024-04-10 11:40:00,62.946743,62.946743,62.18697,False,False,False,62.18697,-0.7597729999999956,True,False,1.7642224785099307,-2.523995478509926,True,high_bin_residual_mad
2024-04-10 11:41:00,62.70811,62.70811,62.29113,False,False,False,62.29113,-0.41697999999999524,True,False,1.7617306689350611,-2.1787106689350564,True,high_bin_residual_mad
2024-04-10 11:42:00,63.237984,63.237984,62.130220000000016,False,False,False,62.130220000000016,-1.1077639999999818,True,False,1.765580103254303,-2.8733441032542846,True,high_bin_residual_mad
2024-04-10 13:33:00,91.817444,91.817444,74.58888000000003,False,False,False,74.58888000000003,-17.228563999999963,True,False,2.0434307700875878,-19.271994770087552,True,high_bin_residual_mad
2024-04-10 13:34:00,122.66884,122.66884,103.398,False,False,False,103.398,-19.270840000000007,True,False,2.6539293554686445,-21.92476935546865,True,high_bin_residual_mad
2024-04-10 13:35:00,152.2454,152.2454,134.39117999999993,False,False,False,134.39117999999993,-17.854220000000055,True,False,3.58174482262384,-21.435964822623895,True,high_bin_residual_mad
2024-04-10 13:36:00,179.77684,179.77684,164.24045000000007,False,False,False,164.24045000000007,-15.536389999999926,True,False,4.6485890288635625,-20.184979028863488,True,high_bin_residual_mad
2024-04-10 13:37:00,210.0144,210.0144,198.78445000000005,False,False,False,198.78445000000005,-11.229949999999945,True,False,6.2798453806307295,-17.509795380630674,True,high_bin_residual_mad
2024-04-10 13:38:00,255.38574,255.38574,234.52309,False,False,False,234.52309,-20.862650000000002,True,False,8.260736263255938,-29.123386263255938,True,high_bin_residual_mad
2024-04-10 13:39:00,260.52213,260.52213,257.5926800000001,False,False,False,257.5926800000001,-2.9294499999999175,True,False,9.790571341847766,-12.720021341847684,True,high_bin_residual_mad
2024-04-10 14:18:00,232.27039,232.27039,253.48232000000004,False,False,False,253.48232000000004,21.211930000000052,False,False,9.490580054877844,11.721349945122208,True,high_bin_residual_mad
2024-04-10 14:19:00,201.263,201.263,224.52680000000007,False,False,False,224.52680000000007,23.26380000000006,False,False,7.740619169738703,15.523180830261357,True,high_bin_residual_mad
2024-04-10 14:21:00,169.81255,169.81255,187.97290000000004,False,False,False,187.97290000000004,18.16035000000005,False,False,5.712500837253133,12.447849162746918,True,high_bin_residual_mad
2024-04-10 14:24:00,140.45168,140.45168,163.55369000000002,False,False,False,163.55369000000002,23.102010000000007,False,False,4.644579479421507,18.457430520578498,True,high_bin_residual_mad
2024-04-10 14:26:00,109.632675,109.632675,119.83513000000004,False,False,False,119.83513000000004,10.202455000000029,False,False,3.1209474158175126,7.081507584182516,True,high_bin_residual_mad
2024-04-10 14:34:00,79.17283,79.17283,94.96387,False,False,False,94.96387,15.791039999999995,False,False,2.4495301683518154,13.34150983164818,True,high_bin_residual_mad
2024-04-10 14:35:00,48.365753,48.365753,63.61856000000001,False,False,False,63.61856000000001,15.252807000000011,False,False,1.834385183447947,13.418421816552064,True,high_bin_residual_mad
2024-04-10 14:36:00,27.561165,27.561165,40.718900000000005,False,False,False,40.718900000000005,13.157735000000006,False,False,1.6641703185798575,11.493564681420148,True,high_bin_residual_mad
2024-04-10 15:48:00,60.249413,60.249413,50.704029999999996,False,False,False,50.704029999999996,-9.545383000000001,True,False,1.7261578723752358,-11.271540872375237,True,high_bin_residual_mad
2024-04-10 15:49:00,92.534775,92.534775,87.40223999999998,False,False,False,87.40223999999998,-5.1325350000000185,True,False,2.289700050779752,-7.42223505077977,True,high_bin_residual_mad
2024-04-10 15:50:00,123.286285,123.286285,108.40128,False,False,False,108.40128,-14.885005000000007,True,False,2.797496214645043,-17.68250121464505,True,high_bin_residual_mad
2024-04-10 15:51:00,152.95712,152.95712,140.89519000000004,False,False,False,140.89519000000004,-12.061929999999961,True,False,3.7943502585349336,-15.856280258534895,True,high_bin_residual_mad
2024-04-10 15:52:00,181.4703,181.4703,169.73758000000007,False,False,False,169.73758000000007,-11.732719999999944,True,False,4.9151586913304,-16.647878691330344,True,high_bin_residual_mad
2024-04-10 15:53:00,212.60376,212.60376,201.34239999999997,False,False,False,201.34239999999997,-11.261360000000025,True,False,6.396289174389269,-17.65764917438929,True,high_bin_residual_mad
2024-04-10 15:55:00,269.89413,269.89413,266.97429999999997,False,False,False,266.97429999999997,-2.919830000000047,True,False,10.148570273696308,-13.068400273696355,True,high_bin_residual_mad
2024-04-10 15:56:00,287.61505,287.61505,288.37967000000003,False,False,False,288.37967000000003,0.7646200000000363,False,False,11.556688099140302,-10.792068099140266,True,high_bin_residual_mad
2024-04-10 21:30:00,270.65576,270.65576,276.01920000000007,False,False,False,276.01920000000007,5.363440000000082,False,False,11.0273702804428,-5.6639302804427185,True,high_bin_residual_mad
2024-04-11 00:00:00,267.8557,267.8557,284.43450999999993,False,False,False,284.43450999999993,16.57880999999992,False,False,11.34735396246968,5.231456037530238,True,high_bin_residual_mad
2024-04-11 03:57:00,49.461613,49.461613,53.835239999999985,False,False,False,53.835239999999985,4.373626999999985,False,False,1.7585352159952325,2.6150917840047523,True,high_bin_residual_mad
2024-04-11 03:58:00,39.75347,39.75347,43.65374,False,False,False,43.65374,3.900269999999999,False,False,1.6729518818356353,2.227318118164364,True,high_bin_residual_mad
2024-04-11 03:59:00,31.563705,31.563705,35.78640000000001,False,False,False,35.78640000000001,4.222695000000009,False,False,1.6655273938212445,2.5571676061787643,True,high_bin_residual_mad
2024-04-11 04:01:00,17.946262,17.946262,22.481399999999994,False,False,False,22.481399999999994,4.535137999999993,False,False,1.7263579090967396,2.8087800909032534,True,high_bin_residual_mad
2024-04-13 08:05:00,69.07564,69.07564,68.64231000000001,False,False,False,68.64231000000001,-0.433329999999998,True,False,1.9602082493893824,-2.3935382493893806,True,high_bin_residual_mad
2024-04-13 08:28:00,98.95955,98.95955,98.48393999999996,False,False,False,98.48393999999996,-0.4756100000000316,True,False,2.5594247810565176,-3.0350347810565492,True,high_bin_residual_mad
2024-04-13 23:24:00,283.48694,283.48694,300.75384,False,False,False,300.75384,17.26690000000002,False,False,12.639749999999935,4.627150000000086,True,high_bin_residual_mad
2024-04-14 00:20:00,284.41104,284.41104,300.69535,False,False,False,300.69535,16.284310000000005,False,False,12.639749999999935,3.6445600000000695,True,high_bin_residual_mad
2024-04-14 01:05:00,283.83264,283.83264,301.67025,False,False,False,301.67025,17.837609999999984,False,False,12.639749999999935,5.197860000000048,True,high_bin_residual_mad
2024-04-14 04:48:00,287.2209,287.2209,294.77309000000014,False,False,False,294.77309000000014,7.5521900000001665,False,False,12.262377218013762,-4.710187218013596,True,high_bin_residual_mad
2024-04-14 07:24:00,284.44513,284.44513,300.84773,False,False,False,300.84773,16.402600000000007,False,False,12.639749999999935,3.7628500000000713,True,high_bin_residual_mad
2024-04-14 07:40:00,279.2397,279.2397,298.03794999999997,False,False,False,298.03794999999997,18.79824999999994,False,False,12.30490618761952,6.493343812380418,True,high_bin_residual_mad
2024-04-14 07:54:00,281.86978,281.86978,299.05974999999995,False,False,False,299.05974999999995,17.18996999999996,False,False,12.462689176394354,4.727280823605605,True,high_bin_residual_mad
2024-04-14 08:26:00,288.72443,288.72443,296.5654,False,False,False,296.5654,7.840970000000027,False,False,12.184507365813008,-4.343537365812981,True,high_bin_residual_mad
2024-04-14 09:06:00,288.7072,288.7072,295.44285,False,False,False,295.44285,6.735650000000021,False,False,12.233278394590375,-5.497628394590354,True,high_bin_residual_mad
2024-04-14 09:18:00,279.95184,279.95184,301.56995,False,False,False,301.56995,21.61811,False,False,12.639749999999935,8.978360000000066,True,high_bin_residual_mad
2024-04-14 10:58:00,290.3365,290.3365,297.90775999999994,False,False,False,297.90775999999994,7.571259999999938,False,False,12.283718473052096,-4.712458473052157,True,high_bin_residual_mad
2024-04-14 11:29:00,283.65964,283.65964,300.66976999999997,False,False,False,300.66976999999997,17.010129999999947,False,False,12.639749999999935,4.3703800000000115,True,high_bin_residual_mad
2024-04-14 12:52:00,288.58658,288.58658,295.57259000000005,False,False,False,295.57259000000005,6.986010000000022,False,False,12.227641627164802,-5.2416316271647805,True,high_bin_residual_mad
2024-04-14 17:41:00,285.54562,285.54562,302.63742999999994,False,False,False,302.63742999999994,17.091809999999953,False,False,12.639749999999935,4.452060000000017,True,high_bin_residual_mad
2024-04-15 01:22:00,44.577923,44.577923,43.97473000000001,False,False,False,43.97473000000001,-0.6031929999999903,True,False,1.6777290747765883,-2.2809220747765786,True,high_bin_residual_mad
2024-04-17 01:17:00,20.90427,20.90427,24.810589999999994,False,False,False,24.810589999999994,3.906319999999994,False,False,1.6875349051297122,2.218785094870282,True,high_bin_residual_mad
2024-04-17 03:41:00,82.85808,82.85808,88.01087000000001,False,False,False,88.01087000000001,5.15279000000001,False,False,2.3062144622654213,2.846575537734589,True,high_bin_residual_mad
2024-04-17 04:46:00,109.81476,109.81476,109.14818,False,False,False,109.14818,-0.6665800000000104,True,False,2.8316350661857372,-3.4982150661857476,True,high_bin_residual_mad
2024-04-17 06:14:00,67.60443,67.60443,67.18343999999999,False,False,False,67.18343999999999,-0.4209900000000033,True,False,1.9401263723090756,-2.3611163723090787,True,high_bin_residual_mad
2024-04-17 06:17:00,70.88023,70.88023,70.33511999999997,False,False,False,70.33511999999997,-0.5451100000000224,True,False,1.9677139761572686,-2.512823976157291,True,high_bin_residual_mad
2024-04-17 06:19:00,69.71127,69.71127,74.28751,False,False,False,74.28751,4.5762399999999985,False,False,2.0382161024182364,2.538023897581762,True,high_bin_residual_mad
2024-04-17 06:36:00,80.71992,80.71992,80.20464999999996,False,False,False,80.20464999999996,-0.5152700000000436,True,False,2.1387751979501886,-2.654045197950232,True,high_bin_residual_mad
2024-04-17 06:38:00,100.05693,100.05693,99.29830999999996,False,False,False,99.29830999999996,-0.758620000000036,True,False,2.574931102227611,-3.333551102227647,True,high_bin_residual_mad
2024-04-17 07:26:00,105.00845,105.00845,104.47357000000001,False,False,False,104.47357000000001,-0.5348799999999869,True,False,2.706967778246473,-3.24184777824646,True,high_bin_residual_mad
2024-04-17 08:02:00,62.7732,62.7732,62.28983999999999,False,False,False,62.28983999999999,-0.4833600000000118,True,False,1.7617615294799116,-2.245121529479923,True,high_bin_residual_mad
2024-04-17 08:16:00,97.336815,97.336815,96.97173000000001,False,False,False,96.97173000000001,-0.36508499999999344,True,False,2.511647456823524,-2.8767324568235173,True,high_bin_residual_mad
2024-04-17 14:08:00,25.531225,25.531225,30.998769999999997,False,False,False,30.998769999999997,5.467544999999998,False,False,1.612486072741489,3.8550589272585087,True,high_bin_residual_mad
2024-04-19 14:52:00,267.93112,267.93112,284.12594999999993,False,False,False,284.12594999999993,16.19482999999991,False,False,11.315048791291385,4.8797812087085255,True,high_bin_residual_mad
2024-04-20 03:55:00,51.144756,51.144756,50.539350000000006,False,False,False,50.539350000000006,-0.605405999999995,True,False,1.7264847813915645,-2.3318907813915595,True,high_bin_residual_mad
2024-04-20 05:55:00,108.38955,108.38955,107.77549999999995,False,False,False,107.77549999999995,-0.6140500000000486,True,False,2.765860714179685,-3.3799107141797338,True,high_bin_residual_mad
2024-04-20 06:03:00,127.83609,127.83609,126.63915999999999,False,False,False,126.63915999999999,-1.196930000000009,True,False,3.294325770960174,-4.4912557709601835,True,high_bin_residual_mad
2024-04-20 06:38:00,101.99269,101.99269,109.60063000000001,False,False,False,109.60063000000001,7.6079400000000135,False,False,2.84443558247313,4.7635044175268835,True,high_bin_residual_mad
2024-04-20 06:48:00,109.2807,109.2807,108.13445999999998,False,False,False,108.13445999999998,-1.1462400000000201,True,False,2.7840074738189267,-3.930247473818947,True,high_bin_residual_mad
2024-04-20 06:59:00,148.66893,148.66893,145.52626000000004,False,False,False,145.52626000000004,-3.142669999999953,True,False,4.015886466212506,-7.158556466212459,True,high_bin_residual_mad
2024-04-20 07:35:00,199.4915,199.4915,216.18149000000005,False,False,False,216.18149000000005,16.68999000000005,False,False,7.146209976511483,9.54378002348857,True,high_bin_residual_mad
2024-04-20 18:57:00,265.6637,265.6637,282.78358,False,False,False,282.78358,17.119879999999966,False,False,11.179456565118125,5.940423434881842,True,high_bin_residual_mad
2024-04-21 12:36:00,75.25958,75.25958,79.93999999999998,False,False,False,79.93999999999998,4.680419999999984,False,False,2.1300888021420428,2.550331197857941,True,high_bin_residual_mad
2024-04-21 12:42:00,60.28368,60.28368,63.86228,False,False,False,63.86228,3.5786000000000016,False,False,1.8477493451625766,1.730850654837425,True,high_bin_residual_mad
2024-04-23 21:42:00,114.560776,114.560776,113.43743000000003,False,False,False,113.43743000000003,-1.1233459999999695,True,False,2.9274626740901737,-4.050808674090144,True,high_bin_residual_mad
2024-04-24 05:57:00,81.33022,81.33022,80.98959999999997,False,False,False,80.98959999999997,-0.3406200000000297,True,False,2.164538985554969,-2.5051589855549987,True,high_bin_residual_mad
2024-04-24 06:13:00,84.044685,84.044685,89.81683999999998,False,False,False,89.81683999999998,5.772154999999984,False,False,2.3505032147744243,3.4216517852255595,True,high_bin_residual_mad
2024-04-24 06:19:00,83.49837,83.49837,83.19065999999997,False,False,False,83.19065999999997,-0.30771000000002857,True,False,2.202247457087149,-2.5099574570871774,True,high_bin_residual_mad
2024-04-24 06:22:00,77.85221,77.85221,77.11438999999999,False,False,False,77.11438999999999,-0.7378200000000135,True,False,2.088020180718366,-2.8258401807183793,True,high_bin_residual_mad
2024-04-24 06:32:00,82.11333,82.11333,81.46164000000003,False,False,False,81.46164000000003,-0.6516899999999737,True,False,2.1725768469851703,-2.824266846985144,True,high_bin_residual_mad
2024-04-24 06:33:00,84.86864,84.86864,78.79611000000003,False,False,False,78.79611000000003,-6.072529999999972,True,False,2.0990362179231714,-8.171566217923143,True,high_bin_residual_mad
2024-04-24 06:39:00,96.78053,96.78053,95.06672,False,False,False,95.06672,-1.7138099999999952,True,False,2.4527120451357125,-4.166522045135707,True,high_bin_residual_mad
2024-04-24 07:03:00,95.53133,95.53133,101.00605999999999,False,False,False,101.00605999999999,5.474729999999994,False,False,2.5722266568860688,2.902503343113925,True,high_bin_residual_mad
2024-04-24 07:27:00,78.98157,78.98157,83.75925999999997,False,False,False,83.75925999999997,4.777689999999964,False,False,2.2135317115708975,2.564158288429067,True,high_bin_residual_mad
2024-04-24 07:30:00,78.00792,78.00792,82.63084,False,False,False,82.63084,4.622920000000008,False,False,2.1922675934511475,2.43065240654886,True,high_bin_residual_mad
2024-04-25 13:22:00,159.92294,159.92294,179.42270000000008,False,False,False,179.42270000000008,19.499760000000066,False,False,5.394010011171093,14.105749988828972,True,high_bin_residual_mad
2024-04-25 13:24:00,127.26544,127.26544,143.38483000000005,False,False,False,143.38483000000005,16.119390000000053,False,False,3.8746234858317044,12.244766514168347,True,high_bin_residual_mad
2024-04-25 13:25:00,109.952515,109.952515,130.76700999999997,False,False,False,130.76700999999997,20.814494999999965,False,False,3.4834483598584085,17.331046640141558,True,high_bin_residual_mad
2024-04-25 13:26:00,66.95584,66.95584,87.47353000000001,False,False,False,87.47353000000001,20.517690000000016,False,False,2.2916344154919974,18.226055584508018,True,high_bin_residual_mad
2024-04-25 13:27:00,37.569305,37.569305,65.41084000000001,False,False,False,65.41084000000001,27.841535000000007,False,False,1.9154106306374015,25.926124369362604,True,high_bin_residual_mad
2024-04-25 13:28:00,27.796555,27.796555,33.745799999999996,False,False,False,33.745799999999996,5.949244999999994,False,False,1.6487834779590262,4.300461522040968,True,high_bin_residual_mad
2024-04-25 14:04:00,60.678146,60.678146,50.04931000000001,False,False,False,50.04931000000001,-10.628835999999986,True,False,1.7274575679737945,-12.356293567973779,True,high_bin_residual_mad
2024-04-25 14:05:00,86.62807,86.62807,63.61981,False,False,False,63.61981,-23.008259999999993,True,False,1.8344537260465978,-24.84271372604659,True,high_bin_residual_mad
2024-04-25 14:06:00,120.97638,120.97638,100.92794999999998,False,False,False,100.92794999999998,-20.048430000000025,True,False,2.5717861198720753,-22.6202161198721,True,high_bin_residual_mad
2024-04-25 14:07:00,150.62453,150.62453,128.52189,False,False,False,128.52189,-22.10263999999998,True,False,3.40967641061688,-25.51231641061686,True,high_bin_residual_mad
2024-04-25 14:08:00,178.54836,178.54836,163.49355000000003,False,False,False,163.49355000000003,-15.054809999999975,True,False,4.644228360685056,-19.69903836068503,True,high_bin_residual_mad
2024-04-25 14:09:00,206.09814,206.09814,200.2617,False,False,False,200.2617,-5.83644000000001,True,False,6.356992818134262,-12.193432818134273,True,high_bin_residual_mad
2024-04-25 17:59:00,286.31934,286.31934,291.1228800000001,False,False,False,291.1228800000001,4.803540000000112,False,False,11.877329395427157,-7.073789395427045,True,high_bin_residual_mad
2024-04-25 18:00:00,287.08072,287.08072,290.2466500000001,False,False,False,290.2466500000001,3.1659300000001167,False,False,11.766256900428097,-8.60032690042798,True,high_bin_residual_mad
2024-04-25 18:01:00,286.55292,286.55292,290.53689999999995,False,False,False,290.53689999999995,3.983979999999974,False,False,11.806006805209629,-7.822026805209655,True,high_bin_residual_mad
2024-04-26 18:09:00,107.6886,107.6886,107.15064,False,False,False,107.15064,-0.5379599999999982,True,False,2.73427172312727,-3.2722317231272684,True,high_bin_residual_mad
2024-04-26 18:31:00,99.48612,99.48612,98.97776999999999,False,False,False,98.97776999999999,-0.5083500000000072,True,False,2.57503355913055,-3.0833835591305574,True,high_bin_residual_mad
2024-04-26 18:32:00,99.74143,99.74143,99.33158999999999,False,False,False,99.33158999999999,-0.40984000000000265,True,False,2.5748668763784712,-2.984706876378474,True,high_bin_residual_mad
2024-04-26 21:10:00,85.54306,85.54306,90.91328999999999,False,False,False,90.91328999999999,5.370229999999992,False,False,2.3738029257902284,2.996427074209764,True,high_bin_residual_mad
2024-04-27 10:51:00,41.91117,41.91117,41.20969000000001,False,False,False,41.20969000000001,-0.7014799999999894,True,False,1.6674149412283554,-2.368894941228345,True,high_bin_residual_mad
2024-04-27 10:57:00,39.261276,39.261276,38.58344999999999,False,False,False,38.58344999999999,-0.6778260000000103,True,False,1.6471616291594964,-2.324987629159507,True,high_bin_residual_mad
2024-04-27 11:04:00,44.69429,44.69429,43.34473000000002,False,False,False,43.34473000000002,-1.3495599999999826,True,False,1.6683529834566084,-3.0179129834565908,True,high_bin_residual_mad
2024-04-27 12:43:00,49.0568,49.0568,48.149939999999994,False,False,False,48.149939999999994,-0.9068600000000089,True,False,1.7163317268081604,-2.6231917268081695,True,high_bin_residual_mad
2024-04-27 12:58:00,96.657166,96.657166,95.62331999999998,False,False,False,95.62331999999998,-1.0338460000000254,True,False,2.469931613613271,-3.5037776136132965,True,high_bin_residual_mad
2024-04-27 12:59:00,107.67708,107.67708,107.07298999999998,False,False,False,107.07298999999998,-0.6040900000000278,True,False,2.7303462275679116,-3.3344362275679393,True,high_bin_residual_mad
2024-04-27 13:00:00,115.57884,115.57884,114.81648000000003,False,False,False,114.81648000000003,-0.7623599999999726,True,False,2.9575221222638866,-3.719882122263859,True,high_bin_residual_mad
2024-04-27 16:23:00,40.497215,40.497215,39.8601,False,False,False,39.8601,-0.6371149999999943,True,False,1.6526187413839717,-2.289733741383966,True,high_bin_residual_mad
2024-04-27 17:51:00,22.245651,22.245651,26.133759999999995,False,False,False,26.133759999999995,3.8881089999999965,False,False,1.6691000061307024,2.219008993869294,True,high_bin_residual_mad
2024-04-27 19:22:00,38.090206,38.090206,42.10859,False,False,False,42.10859,4.0183839999999975,False,False,1.6651630072510042,2.3532209927489935,True,high_bin_residual_mad
2024-04-27 19:49:00,32.870934,32.870934,37.34948999999999,False,False,False,37.34948999999999,4.47855599999999,False,False,1.6635241029559615,2.8150318970440287,True,high_bin_residual_mad
2024-04-27 21:49:00,61.72055,61.72055,66.00876999999997,False,False,False,66.00876999999997,4.288219999999967,False,False,1.9237611563439552,2.3644588436560117,True,high_bin_residual_mad
2024-04-27 21:56:00,80.27284,80.27284,78.43330000000002,False,False,False,78.43330000000002,-1.8395399999999853,True,False,2.0966596460454063,-3.9361996460453916,True,high_bin_residual_mad
2024-04-27 21:58:00,83.08649,83.08649,82.20175000000002,False,False,False,82.20175000000002,-0.8847399999999794,True,False,2.1850411972818984,-3.069781197281878,True,high_bin_residual_mad
2024-04-27 22:08:00,105.3611,105.3611,103.69846999999997,False,False,False,103.69846999999997,-1.6626300000000214,True,False,2.6687461083457724,-4.331376108345793,True,high_bin_residual_mad
2024-04-27 22:26:00,90.0565,90.0565,89.51800999999999,False,False,False,89.51800999999999,-0.5384900000000101,True,False,2.344153036797451,-2.882643036797461,True,high_bin_residual_mad
2024-04-27 22:36:00,81.50527,81.50527,78.70862999999999,False,False,False,78.70862999999999,-2.7966400000000107,True,False,2.098463183806507,-4.895103183806517,True,high_bin_residual_mad
2024-04-27 22:39:00,80.51556,80.51556,79.76841999999999,False,False,False,79.76841999999999,-0.7471400000000017,True,False,2.124457168691214,-2.8715971686912156,True,high_bin_residual_mad
2024-04-27 22:43:00,89.550156,89.550156,95.55717999999996,False,False,False,95.55717999999996,6.007023999999959,False,False,2.467885436360116,3.5391385636398427,True,high_bin_residual_mad
2024-04-27 22:47:00,94.415855,94.415855,101.86225,False,False,False,101.86225,7.44639500000001,False,False,2.5987932153746893,4.84760178462532,True,high_bin_residual_mad
2024-04-27 22:49:00,88.090744,88.090744,87.72106999999997,False,False,False,87.72106999999997,-0.3696740000000318,True,False,2.298351102837612,-2.668025102837644,True,high_bin_residual_mad
2024-04-27 22:51:00,87.683334,87.683334,92.86045999999999,False,False,False,92.86045999999999,5.177125999999987,False,False,2.391155455018672,2.785970544981315,True,high_bin_residual_mad
2024-04-27 23:41:00,81.7297,81.7297,87.81497,False,False,False,87.81497,6.085270000000008,False,False,2.300898961534201,3.7843710384658076,True,high_bin_residual_mad
2024-04-27 23:42:00,86.574265,86.574265,85.98175000000003,False,False,False,85.98175000000003,-0.5925149999999633,True,False,2.25803327880257,-2.8505482788025334,True,high_bin_residual_mad
2024-04-28 04:45:00,59.389767,59.389767,62.88828000000001,False,False,False,62.88828000000001,3.4985130000000098,False,False,1.7943409522935068,1.704172047706503,True,high_bin_residual_mad
2024-04-28 04:48:00,65.37834,65.37834,69.75506,False,False,False,69.75506,4.376720000000006,False,False,1.9666274849168133,2.4100925150831927,True,high_bin_residual_mad
2024-04-28 05:03:00,86.007965,86.007965,84.92538999999995,False,False,False,84.92538999999995,-1.0825750000000482,True,False,2.236674356103317,-3.319249356103365,True,high_bin_residual_mad
2024-04-28 05:05:00,95.59127,95.59127,94.81660999999997,False,False,False,94.81660999999997,-0.7746600000000257,True,False,2.4451687580963286,-3.2198287580963543,True,high_bin_residual_mad
2024-04-28 10:14:00,107.79159,107.79159,107.26161000000003,False,False,False,107.26161000000003,-0.5299799999999664,True,False,2.7398816682943283,-3.2698616682942947,True,high_bin_residual_mad
2024-04-28 10:17:00,115.53166,115.53166,110.69545,False,False,False,110.69545,-4.836210000000008,True,False,2.8754097481085874,-7.711619748108596,True,high_bin_residual_mad
2024-04-28 10:35:00,166.0394,166.0394,178.43328999999997,False,False,False,178.43328999999997,12.39388999999997,False,False,5.348661706299559,7.045228293700411,True,high_bin_residual_mad
2024-04-28 14:13:00,56.511147,56.511147,60.67301999999999,False,False,False,60.67301999999999,4.161872999999986,False,False,1.7995196508310942,2.3623533491688917,True,high_bin_residual_mad
2024-04-28 14:23:00,39.2387,39.2387,38.18992,False,False,False,38.18992,-1.0487800000000007,True,False,1.652379889324431,-2.7011598893244315,True,high_bin_residual_mad
2024-05-03 23:19:00,31.8633,31.8633,31.62531,False,False,False,31.62531,-0.23798999999999992,True,False,1.619835978568607,-1.8578259785686069,True,high_bin_residual_mad
2024-05-03 23:55:00,23.602348,23.602348,23.09647,False,False,False,23.09647,-0.5058779999999992,True,False,1.7172980785004035,-2.2231760785004027,True,high_bin_residual_mad
2024-05-04 01:18:00,70.24338,70.24338,68.92917999999997,False,False,False,68.92917999999997,-1.314200000000028,True,False,1.9641571194587009,-3.278357119458729,True,high_bin_residual_mad
2024-05-04 02:09:00,66.435,66.435,64.70912,False,False,False,64.70912,-1.7258800000000036,True,False,1.8941850365560506,-3.6200650365560545,True,high_bin_residual_mad
2024-05-04 02:11:00,63.862045,63.862045,68.24067,False,False,False,68.24067,4.378624999999992,False,False,1.95467952845432,2.4239454715456725,True,high_bin_residual_mad
2024-05-04 02:21:00,59.465073,59.465073,63.90799000000003,False,False,False,63.90799000000003,4.44291700000003,False,False,1.850255810910058,2.592661189089972,True,high_bin_residual_mad
2024-05-05 10:21:00,144.4147,144.4147,154.35386,False,False,False,154.35386,9.939159999999987,False,False,4.2857405733437375,5.653419426656249,True,high_bin_residual_mad
2024-05-05 10:26:00,95.16842,95.16842,94.80467000000002,False,False,False,94.80467000000002,-0.3637499999999818,True,False,2.444819065052117,-2.8085690650520987,True,high_bin_residual_mad
2024-05-05 10:57:00,63.503456,63.503456,67.95429000000001,False,False,False,67.95429000000001,4.450834000000015,False,False,1.9507374034135296,2.500096596586485,True,high_bin_residual_mad
2024-05-05 11:02:00,67.769356,67.769356,72.49018000000001,False,False,False,72.49018000000001,4.7208240000000075,False,False,2.004069368614314,2.7167546313856934,True,high_bin_residual_mad
2024-05-05 11:08:00,81.30623,81.30623,78.39280000000002,False,False,False,78.39280000000002,-2.913429999999977,True,False,2.0963943524728763,-5.009824352472853,True,high_bin_residual_mad
2024-05-05 11:10:00,104.750275,104.750275,104.65968,False,False,False,104.65968,-0.09059500000000753,True,False,2.7161452198478386,-2.806740219847846,True,high_bin_residual_mad
2024-05-05 11:50:00,74.23421,74.23421,80.47566,False,False,False,80.47566,6.24145,False,False,2.147670342964231,4.093779657035769,True,high_bin_residual_mad
2024-05-06 02:16:00,60.78026,60.78026,60.40326,False,False,False,60.40326,-0.37699999999999534,True,False,1.8054369402119987,-2.182436940211994,True,high_bin_residual_mad
2024-05-06 03:01:00,63.05563,63.05563,63.26899999999999,False,False,False,63.26899999999999,0.2133699999999905,False,False,1.8152173828203153,-1.6018473828203248,True,high_bin_residual_mad
2024-05-10 06:54:00,267.5083,267.5083,284.2108299999999,False,False,False,284.2108299999999,16.702529999999854,False,False,11.323935435476022,5.378594564523832,True,high_bin_residual_mad
2024-05-10 08:11:00,252.03464,252.03464,255.9724300000001,False,False,False,255.9724300000001,3.937790000000092,False,False,9.692992399205155,-5.7552023992050625,True,high_bin_residual_mad
2024-05-10 11:12:00,277.6982,277.6982,295.28234,False,False,False,295.28234,17.58413999999999,False,False,12.240252015212224,5.3438879847877665,True,high_bin_residual_mad
2024-05-11 20:13:00,234.9652,234.9652,252.71187999999998,False,False,False,252.71187999999998,17.74667999999997,False,False,9.411279314195372,8.335400685804597,True,high_bin_residual_mad
2024-05-15 04:13:00,69.371216,69.371216,68.98248999999998,False,False,False,68.98248999999998,-0.38872600000001967,True,False,1.9648909510318715,-2.353616951031891,True,high_bin_residual_mad
2024-05-15 07:25:00,80.86297,80.86297,86.26343,False,False,False,86.26343,5.400459999999995,False,False,2.263738600304844,3.1367213996951513,True,high_bin_residual_mad
2024-05-15 07:38:00,121.174545,121.174545,119.41256000000001,False,False,False,119.41256000000001,-1.7619849999999815,True,False,3.113258101129809,-4.87524310112979,True,high_bin_residual_mad
2024-05-15 15:18:00,107.39932,107.39932,93.22926000000001,False,False,False,93.22926000000001,-14.170059999999992,True,False,2.3986792058575137,-16.568739205857504,True,high_bin_residual_mad
2024-05-15 15:19:00,107.39932,107.39932,93.22926000000001,False,False,False,93.22926000000001,-14.170059999999992,True,False,2.3986792058575137,-16.568739205857504,True,high_bin_residual_mad
2024-05-15 16:01:00,129.81346,129.81346,138.56130000000007,False,False,False,138.56130000000007,8.747840000000082,False,False,3.7007563000825305,5.047083699917551,True,high_bin_residual_mad
2024-05-17 05:02:00,251.14407,251.14407,254.60146999999998,False,False,False,254.60146999999998,3.4573999999999785,False,False,9.605534440235175,-6.1481344402351965,True,high_bin_residual_mad
2024-05-17 16:00:00,271.9215,271.9215,277.1183,False,False,False,277.1183,5.196799999999996,False,False,11.103970993321246,-5.90717099332125,True,high_bin_residual_mad
2024-05-18 16:08:00,273.61417,273.61417,289.4083899999998,False,False,False,289.4083899999998,15.794219999999825,False,False,11.651456710308556,4.142763289691269,True,high_bin_residual_mad
2024-05-19 19:06:00,101.718216,101.718216,107.73029000000002,False,False,False,107.73029000000002,6.012074000000027,False,False,2.763575180963481,3.248498819036546,True,high_bin_residual_mad
2024-05-20 16:15:00,21.976011,21.976011,21.370390000000004,False,False,False,21.370390000000004,-0.6056209999999957,True,False,1.7422333551722442,-2.34785435517224,True,high_bin_residual_mad
2024-05-21 05:06:00,23.205353,23.205353,27.018129999999996,False,False,False,27.018129999999996,3.812776999999997,False,False,1.657516446197641,2.155260553802356,True,high_bin_residual_mad
2024-05-21 05:49:00,17.671633,17.671633,22.249200000000002,False,False,False,22.249200000000002,4.577567000000002,False,False,1.72967586175129,2.8478911382487118,True,high_bin_residual_mad
2024-05-21 19:37:00,86.07492,86.07492,91.54713999999996,False,False,False,91.54713999999996,5.47221999999995,False,False,2.3802044482121087,3.0920155517878416,True,high_bin_residual_mad
2024-05-21 23:40:00,26.551842,26.551842,30.065679999999993,False,False,False,30.065679999999993,3.5138379999999927,False,False,1.636956231576968,1.8768817684230248,True,high_bin_residual_mad
2024-05-22 14:52:00,34.694733,34.694733,38.54036,False,False,False,38.54036,3.8456270000000004,False,False,1.6477330082932524,2.197893991706748,True,high_bin_residual_mad
2024-05-24 18:07:00,84.92857,84.92857,90.41306000000003,False,False,False,90.41306000000003,5.4844900000000365,False,False,2.3631729705333226,3.121317029466714,True,high_bin_residual_mad
2024-05-25 09:56:00,138.86453,138.86453,136.83904,False,False,False,136.83904,-2.0254899999999907,True,False,3.6459253224262262,-5.671415322426217,True,high_bin_residual_mad
2024-05-25 09:57:00,136.06245,136.06245,133.79792,False,False,False,133.79792,-2.2645300000000077,True,False,3.554642270257221,-5.819172270257228,True,high_bin_residual_mad
2024-05-26 16:17:00,18.97579,18.97579,22.955609999999997,False,False,False,22.955609999999997,3.9798199999999966,False,False,1.7195818267181244,2.260238173281872,True,high_bin_residual_mad
2024-05-26 16:18:00,16.885406,16.885406,21.60984,False,False,False,21.60984,4.724433999999999,False,False,1.7388118058047501,2.9856221941952485,True,high_bin_residual_mad
2024-05-26 16:19:00,13.68786,13.68786,18.08126,False,False,False,18.08126,4.3934,False,False,1.8143941864759796,2.57900581352402,True,high_bin_residual_mad
2024-05-26 16:20:00,10.270758,10.270758,14.626909999999999,False,False,False,14.626909999999999,4.356151999999998,False,False,1.9521300658168779,2.4040219341831204,True,high_bin_residual_mad
2024-05-26 22:54:00,260.2847,260.2847,277.73465,False,False,False,277.73465,17.44995,False,False,11.081500054258182,6.368449945741819,True,high_bin_residual_mad
2024-05-27 01:42:00,135.17789,135.17789,134.17305,False,False,False,134.17305,-1.0048400000000015,True,False,3.571779748714037,-4.576619748714038,True,high_bin_residual_mad
2024-05-27 06:00:00,113.293915,113.293915,112.21412000000001,False,False,False,112.21412000000001,-1.07979499999999,True,False,2.9045270004967945,-3.9843220004967845,True,high_bin_residual_mad
2024-05-30 06:48:00,272.1579,272.1579,289.1594999999999,False,False,False,289.1594999999999,17.00159999999994,False,False,11.617371081364277,5.384228918635662,True,high_bin_residual_mad
2024-06-03 09:52:00,79.56819,79.56819,79.26560999999994,False,False,False,79.26560999999994,-0.3025800000000629,True,False,2.1079538372107876,-2.4105338372108505,True,high_bin_residual_mad
2024-06-03 10:06:00,74.75714,74.75714,73.65924000000001,False,False,False,73.65924000000001,-1.0978999999999957,True,False,2.0273450161899365,-3.125245016189932,True,high_bin_residual_mad
2024-06-03 10:07:00,70.85931,70.85931,76.61588,False,False,False,76.61588,5.756570000000011,False,False,2.0802306989800985,3.676339301019912,True,high_bin_residual_mad
2024-06-03 10:08:00,73.553246,73.553246,78.56775000000003,False,False,False,78.56775000000003,5.014504000000031,False,False,2.0975403552016187,2.916963644798412,True,high_bin_residual_mad
2024-06-03 10:10:00,75.04325,75.04325,83.64312999999999,False,False,False,83.64312999999999,8.599879999999985,False,False,2.2112270325818058,6.388652967418179,True,high_bin_residual_mad
2024-06-03 10:13:00,80.39318,80.39318,85.25273000000001,False,False,False,85.25273000000001,4.859550000000013,False,False,2.243267255366087,2.616282744633926,True,high_bin_residual_mad
2024-06-03 10:18:00,81.686676,81.686676,81.33704,False,False,False,81.33704,-0.34963600000000383,True,False,2.170478431821245,-2.520114431821249,True,high_bin_residual_mad
2024-06-03 10:20:00,81.53917,81.53917,81.01262000000001,False,False,False,81.01262000000001,-0.5265499999999861,True,False,2.165014805436972,-2.691564805436958,True,high_bin_residual_mad
2024-06-03 10:22:00,72.49811,72.49811,78.84647999999999,False,False,False,78.84647999999999,6.3483699999999885,False,False,2.099366164521895,4.249003835478094,True,high_bin_residual_mad
2024-06-03 10:28:00,83.098816,83.098816,81.64432999999998,False,False,False,81.64432999999998,-1.454486000000017,True,False,2.1756535682235114,-3.6301395682235285,True,high_bin_residual_mad
2024-06-03 10:34:00,93.116295,93.116295,91.58339999999998,False,False,False,91.58339999999998,-1.5328950000000106,True,False,2.3805067991294835,-3.913401799129494,True,high_bin_residual_mad
2024-06-03 10:40:00,106.542656,106.542656,112.73998000000002,False,False,False,112.73998000000002,6.197324000000023,False,False,2.913464860072952,3.2838591399270713,True,high_bin_residual_mad
2024-06-06 19:21:00,36.179146,36.179146,40.23100999999998,False,False,False,40.23100999999998,4.051863999999981,False,False,1.6576077906360975,2.394256209363883,True,high_bin_residual_mad
2024-06-07 13:02:00,-4.134731,0.0,19.862530000000003,False,False,False,19.862530000000003,19.862530000000003,False,False,1.7659851719700101,18.096544828029995,True,high_bin_residual_mad
2024-06-07 13:03:00,-4.070174,0.0,19.8617,False,False,False,19.8617,19.8617,False,False,1.7659986692939247,18.095701330706074,True,high_bin_residual_mad
2024-06-07 13:04:00,-3.7872782,0.0,19.86083,False,False,False,19.86083,19.86083,False,False,1.766012817091281,18.09481718290872,True,high_bin_residual_mad
2024-06-07 13:05:00,-3.7679245,0.0,19.894710000000003,False,False,False,19.894710000000003,19.894710000000003,False,False,1.7654618660861887,18.129248133913816,True,high_bin_residual_mad
2024-06-07 13:06:00,-3.556347,0.0,19.97549,False,False,False,19.97549,19.97549,False,False,1.7641482349707414,18.21134176502926,True,high_bin_residual_mad
2024-06-07 13:07:00,-3.7245297,0.0,19.86677,False,False,False,19.86677,19.86677,False,False,1.7659162217851934,18.100853778214805,True,high_bin_residual_mad
2024-06-07 13:08:00,-1.5749557,0.0,20.138360000000006,False,False,False,20.138360000000006,20.138360000000006,False,False,1.7614996697346321,18.376860330265373,True,high_bin_residual_mad
2024-06-07 13:09:00,-0.74033296,0.0,20.310970000000005,False,False,False,20.310970000000005,20.310970000000005,False,False,1.758692714215477,18.552277285784527,True,high_bin_residual_mad
2024-06-07 13:10:00,0.0,0.0,20.22259,False,False,False,20.22259,20.22259,False,False,1.7601299352848412,18.46246006471516,True,high_bin_residual_mad
2024-06-07 13:11:00,0.0,0.0,20.11642,False,False,False,20.11642,20.11642,False,False,1.7618564544173867,18.354563545582614,True,high_bin_residual_mad
2024-06-07 13:12:00,0.0,0.0,20.075080000000003,False,False,False,20.075080000000003,20.075080000000003,False,False,1.76252871871935,18.312551281280655,True,high_bin_residual_mad
2024-06-07 13:13:00,1.4295044,1.4295044,20.023779999999995,False,False,False,20.023779999999995,18.594275599999996,False,False,1.7633629509082887,16.830912649091708,True,high_bin_residual_mad
2024-06-07 13:14:00,1.4919779,1.4919779,20.12661,False,False,False,20.12661,18.6346321,False,False,1.761690746308122,16.87294135369188,True,high_bin_residual_mad
2024-06-07 13:15:00,1.8724214,1.8724214,20.476300000000002,False,False,False,20.476300000000002,18.6038786,False,False,1.756004144862705,16.847874455137298,True,high_bin_residual_mad
2024-06-07 13:16:00,2.8702235,2.8702235,20.65079,False,False,False,20.65079,17.7805665,False,False,1.7531666170917917,16.027399882908206,True,high_bin_residual_mad
2024-06-07 13:17:00,3.2718027,3.2718027,21.064280000000007,False,False,False,21.064280000000007,17.79247730000001,False,False,1.7466074227307475,16.04586987726926,True,high_bin_residual_mad
2024-06-07 13:18:00,4.945387,4.945387,21.93499,False,False,False,21.93499,16.989603,False,False,1.7341656718442544,15.255437328155745,True,high_bin_residual_mad
2024-06-07 13:19:00,6.967385,6.967385,23.382359999999995,False,False,False,23.382359999999995,16.414974999999995,False,False,1.7123340190209348,14.70264098097906,True,high_bin_residual_mad
2024-06-07 13:20:00,7.701717,7.701717,23.466670000000004,False,False,False,23.466670000000004,15.764953000000004,False,False,1.7108700998397322,14.054082900160271,True,high_bin_residual_mad
2024-06-07 13:21:00,8.220954,8.220954,23.660390000000007,False,False,False,23.660390000000007,15.439436000000006,False,False,1.7075064368841804,13.731929563115825,True,high_bin_residual_mad
2024-06-07 13:22:00,9.644527,9.644527,23.85801,False,False,False,23.85801,14.213483,False,False,1.7040750561631597,12.509407943836841,True,high_bin_residual_mad
2024-06-07 13:23:00,9.712829,9.712829,24.126960000000008,False,False,False,24.126960000000008,14.414131000000008,False,False,1.6994051348752408,12.714725865124768,True,high_bin_residual_mad
2024-06-07 13:24:00,9.398022,9.398022,23.90511,False,False,False,23.90511,14.507088000000001,False,False,1.7032572339186496,12.80383076608135,True,high_bin_residual_mad
2024-06-07 13:25:00,11.360408,11.360408,23.920539999999995,False,False,False,23.920539999999995,12.560131999999996,False,False,1.7029893146568071,10.857142685343188,True,high_bin_residual_mad
2024-06-07 13:26:00,11.925585,11.925585,24.453879999999998,False,False,False,24.453879999999998,12.528294999999998,False,False,1.6937286497759791,10.83456635022402,True,high_bin_residual_mad
2024-06-07 13:27:00,11.145151,11.145151,23.992060000000006,False,False,False,23.992060000000006,12.846909000000005,False,False,1.7017474750192834,11.145161524980722,True,high_bin_residual_mad
2024-06-07 13:28:00,10.576876,10.576876,23.375340000000005,False,False,False,23.375340000000005,12.798464000000005,False,False,1.712455910998779,11.086008089001226,True,high_bin_residual_mad
2024-06-07 13:29:00,9.946388,9.946388,23.26998,False,False,False,23.26998,13.323592,False,False,1.714285332478218,11.609306667521782,True,high_bin_residual_mad
2024-06-07 13:30:00,8.588968,8.588968,21.90714,False,False,False,21.90714,13.318171999999999,False,False,1.7345636261139756,11.583608373886022,True,high_bin_residual_mad
2024-06-07 13:31:00,7.143718,7.143718,21.71560000000001,False,False,False,21.71560000000001,14.57188200000001,False,False,1.737300579823935,12.834581420176075,True,high_bin_residual_mad
2024-06-07 13:32:00,6.906142,6.906142,21.323470000000007,False,False,False,21.323470000000007,14.417328000000008,False,False,1.7429038045200114,12.674424195479997,True,high_bin_residual_mad
2024-06-07 13:33:00,6.3448305,6.3448305,21.096100000000003,False,False,False,21.096100000000003,14.751269500000003,False,False,1.7461527403299388,13.005116759670065,True,high_bin_residual_mad
2024-06-07 13:34:00,5.2317524,5.2317524,20.890440000000005,False,False,False,20.890440000000005,15.658687600000004,False,False,1.7492694680844016,13.909418131915603,True,high_bin_residual_mad
2024-06-07 13:35:00,3.121624,3.121624,20.811989999999994,False,False,False,20.811989999999994,17.690365999999994,False,False,1.750545209121872,15.939820790878121,True,high_bin_residual_mad
2024-06-07 13:36:00,1.9814873,1.9814873,20.686549999999993,False,False,False,20.686549999999993,18.705062699999992,False,False,1.752585093834941,16.95247760616505,True,high_bin_residual_mad
2024-06-07 13:37:00,3.112722,3.112722,21.037350000000004,False,False,False,21.037350000000004,17.924628000000002,False,False,1.7469922309348263,16.177635769065176,True,high_bin_residual_mad
2024-06-07 13:38:00,3.2284002,3.2284002,20.866960000000002,False,False,False,20.866960000000002,17.638559800000003,False,False,1.7496512959946604,15.888908504005343,True,high_bin_residual_mad
2024-06-07 13:39:00,1.8485703,1.8485703,20.636920000000003,False,False,False,20.636920000000003,18.788349700000005,False,False,1.7533921687576897,17.034957531242316,True,high_bin_residual_mad
2024-06-07 13:40:00,3.1371949,3.1371949,21.728949999999994,False,False,False,21.728949999999994,18.591755099999993,False,False,1.7371098189801013,16.85464528101989,True,high_bin_residual_mad
2024-06-07 13:41:00,2.9285204,2.9285204,21.396129999999996,False,False,False,21.396129999999996,18.467609599999996,False,False,1.7418655511182903,16.725744048881705,True,high_bin_residual_mad
2024-06-07 13:42:00,3.740554,3.740554,21.85282,False,False,False,21.85282,18.112266,False,False,1.735339815554954,16.376926184445047,True,high_bin_residual_mad
2024-06-07 13:43:00,3.175467,3.175467,21.44203,False,False,False,21.44203,18.266562999999998,False,False,1.7412096767563443,16.525353323243653,True,high_bin_residual_mad
2024-06-07 13:44:00,2.1895914,2.1895914,21.60101,False,False,False,21.60101,19.411418599999998,False,False,1.7389379794565145,17.67248062054348,True,high_bin_residual_mad
2024-06-07 13:45:00,2.6389523,2.6389523,21.87961,False,False,False,21.87961,19.2406577,False,False,1.7349570078391252,17.505700692160875,True,high_bin_residual_mad
2024-06-07 13:46:00,3.4077544,3.4077544,21.867360000000005,False,False,False,21.867360000000005,18.459605600000003,False,False,1.7351320505609953,16.724473549439008,True,high_bin_residual_mad
2024-06-07 13:47:00,3.4330823,3.4330823,22.45561,False,False,False,22.45561,19.0225277,False,False,1.7267264276107828,17.29580127238922,True,high_bin_residual_mad
2024-06-07 16:29:00,59.835163,59.835163,63.26987999999999,False,False,False,63.26987999999999,3.434716999999992,False,False,1.815265636809766,1.619451363190226,True,high_bin_residual_mad
2024-06-07 18:00:00,63.48757,63.48757,63.560939999999995,False,False,False,63.560939999999995,0.07336999999999705,False,False,1.8312256438205172,-1.7578556438205202,True,high_bin_residual_mad
2024-06-10 21:48:00,240.20114,240.20114,255.43033,False,False,False,255.43033,15.229189999999988,False,False,9.664762577612,5.564427422387988,True,high_bin_residual_mad
2024-06-14 17:52:00,124.97766,124.97766,133.74413,False,False,False,133.74413,8.766470000000012,False,False,3.552184922228026,5.2142850777719865,True,high_bin_residual_mad
2024-06-15 05:50:00,18.240086,18.240086,22.83225,False,False,False,22.83225,4.592163999999997,False,False,1.721344542650361,2.8708194573496355,True,high_bin_residual_mad
2024-06-15 10:16:00,26.756552,26.756552,30.137380000000004,False,False,False,30.137380000000004,3.3808280000000046,False,False,1.6350759087908442,1.7457520912091604,True,high_bin_residual_mad
2024-06-16 14:29:00,20.733164,20.733164,24.887389999999996,False,False,False,24.887389999999996,4.154225999999998,False,False,1.6862013860558613,2.468024613944136,True,high_bin_residual_mad
2024-06-19 05:52:00,269.46854,269.46854,285.66972999999996,False,False,False,285.66972999999996,16.20118999999994,False,False,11.41376417300543,4.787425826994511,True,high_bin_residual_mad
2024-06-19 12:13:00,269.2822,269.2822,285.60573999999997,False,False,False,285.60573999999997,16.32353999999998,False,False,11.411844380089168,4.911695619910812,True,high_bin_residual_mad
2024-06-19 19:55:00,239.85521,239.85521,238.04268000000002,False,False,False,238.04268000000002,-1.812529999999981,True,False,8.472200037398187,-10.284730037398168,True,high_bin_residual_mad
2024-06-19 22:16:00,232.87567,232.87567,251.95342000000002,False,False,False,251.95342000000002,19.07775000000001,False,False,9.33306880623983,9.74468119376018,True,high_bin_residual_mad
2024-06-19 23:05:00,269.10696,269.10696,286.65616000000006,False,False,False,286.65616000000006,17.54920000000004,False,False,11.443358505344671,6.105841494655371,True,high_bin_residual_mad
2024-06-19 23:08:00,270.15997,270.15997,287.98276999999996,False,False,False,287.98276999999996,17.822799999999972,False,False,11.526167082040514,6.2966329179594585,True,high_bin_residual_mad
2024-06-20 15:43:00,18.45863,18.45863,22.46262,False,False,False,22.46262,4.003990000000002,False,False,1.7266262603062676,2.277363739693734,True,high_bin_residual_mad
2024-06-22 01:46:00,97.3399,97.3399,104.19273,False,False,False,104.19273,6.852829999999997,False,False,2.6931190183768914,4.159710981623106,True,high_bin_residual_mad
2024-06-22 01:47:00,73.64023,73.64023,79.16743999999998,False,False,False,79.16743999999998,5.527209999999982,False,False,2.10473168162233,3.4224783183776526,True,high_bin_residual_mad
2024-06-22 01:48:00,56.663265,56.663265,62.65521999999999,False,False,False,62.65521999999999,5.99195499999999,False,False,1.7815613218601738,4.210393678139816,True,high_bin_residual_mad
2024-06-22 01:49:00,42.07716,42.07716,47.49856000000001,False,False,False,47.49856000000001,5.421400000000013,False,False,1.7063343679632461,3.7150656320367665,True,high_bin_residual_mad
2024-06-22 01:50:00,27.507923,27.507923,32.079010000000004,False,False,False,32.079010000000004,4.571087000000002,False,False,1.6264701330140219,2.9446168669859802,True,high_bin_residual_mad
2024-06-22 01:51:00,14.317928,14.317928,19.271259999999998,False,False,False,19.271259999999998,4.953331999999998,False,False,1.7756003077663773,3.1777316922336203,True,high_bin_residual_mad
2024-06-22 02:14:00,61.74968,61.74968,61.42936999999999,False,False,False,61.42936999999999,-0.3203100000000063,True,False,1.7823464698110172,-2.1026564698110235,True,high_bin_residual_mad
2024-06-22 04:01:00,67.95326,67.95326,72.71894,False,False,False,72.71894,4.765680000000003,False,False,2.009338902640115,2.756341097359888,True,high_bin_residual_mad
2024-06-22 04:17:00,53.980278,53.980278,58.14925,False,False,False,58.14925,4.168972000000004,False,False,1.8189922338493252,2.3499797661506783,True,high_bin_residual_mad
2024-06-22 04:54:00,105.09288,105.09288,104.41425000000002,False,False,False,104.41425000000002,-0.6786299999999699,True,False,2.7040425950978357,-3.3826725950978056,True,high_bin_residual_mad
2024-06-22 04:58:00,95.947105,95.947105,94.79314000000001,False,False,False,94.79314000000001,-1.1539649999999853,True,False,2.4444813798930065,-3.5984463798929918,True,high_bin_residual_mad
2024-06-22 05:13:00,90.58486,90.58486,96.94523,False,False,False,96.94523,6.360369999999989,False,False,2.5108276246915517,3.8495423753084372,True,high_bin_residual_mad
2024-06-23 20:42:00,273.3586,273.3586,290.79128000000003,False,False,False,290.79128000000003,17.432680000000005,False,False,11.840844292818018,5.591835707181987,True,high_bin_residual_mad
2024-06-24 06:02:00,71.63533,71.63533,76.22316999999997,False,False,False,76.22316999999997,4.5878399999999715,False,False,2.0730130113695178,2.5148269886304537,True,high_bin_residual_mad
2024-06-24 06:45:00,57.84855,57.84855,61.86218999999999,False,False,False,61.86218999999999,4.013639999999988,False,False,1.7719921589412493,2.2416478410587386,True,high_bin_residual_mad
2024-06-25 16:19:00,26.897144,26.897144,30.344830000000005,False,False,False,30.344830000000005,3.4476860000000045,False,False,1.6296355606460564,1.818050439353948,True,high_bin_residual_mad
2024-06-26 07:15:00,54.282608,54.282608,58.41558,False,False,False,58.41558,4.132971999999995,False,False,1.8245293327175933,2.308442667282402,True,high_bin_residual_mad
2024-06-26 08:10:00,70.00794,70.00794,74.73269000000003,False,False,False,74.73269000000003,4.724750000000029,False,False,2.0459191443701283,2.6788308556299003,True,high_bin_residual_mad
2024-06-26 08:30:00,83.73866,83.73866,88.88330999999998,False,False,False,88.88330999999998,5.144649999999984,False,False,2.3298870271349736,2.8147629728650108,True,high_bin_residual_mad
2024-06-26 09:03:00,89.84783,89.84783,85.76962,False,False,False,85.76962,-4.078209999999999,True,False,2.2537366661560285,-6.331946666156027,True,high_bin_residual_mad
2024-06-26 09:19:00,124.50062,124.50062,122.77379,False,False,False,122.77379,-1.7268299999999925,True,False,3.245117034032434,-4.971947034032427,True,high_bin_residual_mad
2024-06-26 09:30:00,108.92991,108.92991,108.40254999999999,False,False,False,108.40254999999999,-0.5273600000000158,True,False,2.79756041785638,-3.324920417856396,True,high_bin_residual_mad
2024-06-26 09:33:00,107.62831,107.62831,114.30640999999999,False,False,False,114.30640999999999,6.678099999999986,False,False,2.9464040172423376,3.731695982757649,True,high_bin_residual_mad
2024-06-26 09:34:00,101.52533,101.52533,107.95608,False,False,False,107.95608,6.430750000000003,False,False,2.7749897030799944,3.655760296920009,True,high_bin_residual_mad
2024-06-26 09:38:00,104.06532,104.06532,101.84944999999998,False,False,False,101.84944999999998,-2.2158700000000238,True,False,2.5983960465819504,-4.814266046581974,True,high_bin_residual_mad
2024-06-26 09:40:00,97.23041,97.23041,96.68999000000001,False,False,False,96.68999000000001,-0.5404199999999975,True,False,2.5029312490928954,-3.043351249092893,True,high_bin_residual_mad
2024-06-26 09:41:00,87.32804,87.32804,93.28476999999998,False,False,False,93.28476999999998,5.956729999999979,False,False,2.400304956350332,3.556425043649647,True,high_bin_residual_mad
2024-06-26 09:46:00,88.72545,88.72545,86.01118000000005,False,False,False,86.01118000000005,-2.7142699999999422,True,False,2.258629372283868,-4.972899372283811,True,high_bin_residual_mad
2024-06-26 09:52:00,94.59961,94.59961,93.04955999999999,False,False,False,93.04955999999999,-1.550050000000013,True,False,2.3934162376795336,-3.9434662376795466,True,high_bin_residual_mad
2024-06-26 09:57:00,92.49398,92.49398,89.87185000000002,False,False,False,89.87185000000002,-2.62212999999997,True,False,2.351672184725613,-4.973802184725583,True,high_bin_residual_mad
2024-06-26 10:06:00,93.76385,93.76385,93.46618999999998,False,False,False,93.46618999999998,-0.2976600000000218,True,False,2.4056182990706936,-2.7032782990707154,True,high_bin_residual_mad
2024-06-26 10:07:00,93.76385,93.76385,93.46618999999998,False,False,False,93.46618999999998,-0.2976600000000218,True,False,2.4056182990706936,-2.7032782990707154,True,high_bin_residual_mad
2024-06-26 10:09:00,97.71259,97.71259,96.49278000000002,False,False,False,96.49278000000002,-1.2198099999999812,True,False,2.496830151177949,-3.71664015117793,True,high_bin_residual_mad
2024-06-26 10:10:00,90.01621,90.01621,95.32925,False,False,False,95.32925,5.313040000000001,False,False,2.4608339519133153,2.8522060480866855,True,high_bin_residual_mad
2024-06-26 10:15:00,85.981026,85.981026,91.61969999999998,False,False,False,91.61969999999998,5.63867399999998,False,False,2.380809483583446,3.2578645164165345,True,high_bin_residual_mad
2024-06-26 10:25:00,71.15189,71.15189,70.51783,False,False,False,70.51783,-0.634059999999991,True,False,1.9680562042277159,-2.602116204227707,True,high_bin_residual_mad
2024-06-26 10:27:00,79.073524,79.073524,78.55750999999997,False,False,False,78.55750999999997,-0.516014000000041,True,False,2.0974732785057495,-2.6134872785057905,True,high_bin_residual_mad
2024-06-26 10:31:00,89.20195,89.20195,94.87766,False,False,False,94.87766,5.675710000000009,False,False,2.4469567614756595,3.22875323852435,True,high_bin_residual_mad
2024-06-26 10:45:00,78.85261,78.85261,76.89760999999999,False,False,False,76.89760999999999,-1.9550000000000125,True,False,2.0854086652415345,-4.0404086652415465,True,high_bin_residual_mad
2024-06-26 11:09:00,92.79703,92.79703,98.88047,False,False,False,98.88047,6.083439999999996,False,False,2.5719581402483374,3.5114818597516586,True,high_bin_residual_mad
2024-06-26 11:12:00,79.48323,79.48323,79.20206999999999,False,False,False,79.20206999999999,-0.28116000000001407,True,False,2.1058683144839816,-2.3870283144839957,True,high_bin_residual_mad
2024-06-26 11:33:00,76.457054,76.457054,75.27819000000004,False,False,False,75.27819000000004,-1.1788639999999617,True,False,2.0556450542555016,-3.2345090542554633,True,high_bin_residual_mad
2024-06-26 11:39:00,78.117004,78.117004,85.72736999999995,False,False,False,85.72736999999995,7.610365999999956,False,False,2.2528809084399275,5.357485091560029,True,high_bin_residual_mad
2024-06-26 11:42:00,70.95077,70.95077,76.61204000000001,False,False,False,76.61204000000001,5.661270000000002,False,False,2.0801601229305335,3.5811098770694683,True,high_bin_residual_mad
2024-06-26 11:57:00,87.2681,87.2681,85.07690000000002,False,False,False,85.07690000000002,-2.1911999999999807,True,False,2.239705885443675,-4.430905885443655,True,high_bin_residual_mad
2024-06-26 12:02:00,89.04827,89.04827,88.52903999999997,False,False,False,88.52903999999997,-0.5192300000000358,True,False,2.3202743551388054,-2.8395043551388413,True,high_bin_residual_mad
2024-06-26 12:04:00,86.755844,86.755844,92.94585000000002,False,False,False,92.94585000000002,6.190006000000025,False,False,2.391867472250735,3.7981385277492903,True,high_bin_residual_mad
2024-06-26 12:27:00,146.61998,146.61998,144.53514999999996,False,False,False,144.53514999999996,-2.0848300000000393,True,False,3.9639716252749597,-6.048801625274999,True,high_bin_residual_mad
2024-06-26 12:33:00,122.33311,122.33311,130.43408999999997,False,False,False,130.43408999999997,8.100979999999964,False,False,3.4759098749835347,4.62507012501643,True,high_bin_residual_mad
2024-06-26 12:45:00,70.452614,70.452614,76.93553999999996,False,False,False,76.93553999999996,6.4829259999999636,False,False,2.086105787522783,4.396820212477181,True,high_bin_residual_mad
2024-06-26 12:47:00,62.41706,62.41706,66.58453,False,False,False,66.58453,4.167470000000002,False,False,1.9318020619362586,2.235667938063743,True,high_bin_residual_mad
2024-06-26 12:53:00,70.3956,70.3956,69.20617,False,False,False,69.20617,-1.1894300000000015,True,False,1.9655993771745561,-3.1550293771745577,True,high_bin_residual_mad
2024-06-26 13:03:00,79.56753,79.56753,77.74825999999997,False,False,False,77.74825999999997,-1.8192700000000315,True,False,2.0921723198990914,-3.911442319899123,True,high_bin_residual_mad
2024-06-26 13:10:00,70.36277,70.36277,75.21418,False,False,False,75.21418,4.851410000000001,False,False,2.054468602970957,2.796941397029044,True,high_bin_residual_mad
2024-06-26 13:15:00,77.03921,77.03921,75.31363999999999,False,False,False,75.31363999999999,-1.7255700000000047,True,False,2.056296596171406,-3.781866596171411,True,high_bin_residual_mad
2024-06-26 13:24:00,78.49221,78.49221,76.59669,False,False,False,76.59669,-1.8955200000000048,True,False,2.0798780025240693,-3.975398002524074,True,high_bin_residual_mad
2024-06-26 13:27:00,88.71347,88.71347,88.15003000000002,False,False,False,88.15003000000002,-0.5634399999999857,True,False,2.3099903942805136,-2.8734303942804993,True,high_bin_residual_mad
2024-06-26 13:33:00,86.12969,86.12969,84.40805999999999,False,False,False,84.40805999999999,-1.7216300000000047,True,False,2.2264075897085274,-3.948037589708532,True,high_bin_residual_mad
2024-06-26 13:54:00,83.463135,83.463135,83.15401000000001,False,False,False,83.15401000000001,-0.30912499999998033,True,False,2.2015201128612807,-2.510645112861261,True,high_bin_residual_mad
2024-06-26 14:09:00,102.79213,102.79213,98.56631999999999,False,False,False,98.56631999999999,-4.22581000000001,True,False,2.5620286146383964,-6.787838614638407,True,high_bin_residual_mad
2024-06-26 15:47:00,84.22896,84.22896,89.71691000000003,False,False,False,89.71691000000003,5.487950000000026,False,False,2.3483796887387562,3.13957031126127,True,high_bin_residual_mad
2024-06-26 15:51:00,81.264435,81.264435,86.31636999999995,False,False,False,86.31636999999995,5.051934999999943,False,False,2.264810879914082,2.7871241200858616,True,high_bin_residual_mad
2024-06-26 15:52:00,86.5618,86.5618,84.87115999999999,False,False,False,84.87115999999999,-1.6906400000000161,True,False,2.235598124797208,-3.9262381247972242,True,high_bin_residual_mad
2024-06-26 15:59:00,102.997215,102.997215,101.92629999999998,False,False,False,101.92629999999998,-1.0709150000000136,True,False,2.6007806107789753,-3.671695610778989,True,high_bin_residual_mad
2024-06-26 16:01:00,101.77841,101.77841,109.10208000000002,False,False,False,109.10208000000002,7.323670000000021,False,False,2.830330825273264,4.493339174726757,True,high_bin_residual_mad
2024-06-26 18:45:00,59.9282,59.9282,63.55928000000001,False,False,False,63.55928000000001,3.6310800000000114,False,False,1.831134619249509,1.7999453807505024,True,high_bin_residual_mad
2024-07-01 21:39:00,268.68018,268.68018,284.7252,False,False,False,284.7252,16.045019999999965,False,False,11.3777882060846,4.667231793915365,True,high_bin_residual_mad
2024-07-01 21:41:00,273.75983,273.75983,289.60643,False,False,False,289.60643,15.846599999999967,False,False,11.678578402446181,4.1680215975537855,True,high_bin_residual_mad
2024-07-01 21:42:00,272.56027,272.56027,288.2264799999999,False,False,False,288.2264799999999,15.666209999999921,False,False,11.544908016979761,4.12130198302016,True,high_bin_residual_mad
2024-07-02 10:36:00,58.58715,58.58715,71.11406000000001,False,False,False,71.11406000000001,12.526910000000008,False,False,1.972370159121459,10.55453984087855,True,high_bin_residual_mad
2024-07-04 15:46:00,27.502998,27.502998,31.577939999999987,False,False,False,31.577939999999987,4.074941999999986,False,False,1.6191433184494106,2.4557986815505752,True,high_bin_residual_mad
2024-07-04 18:07:00,117.78972,117.78972,117.24256000000003,False,False,False,117.24256000000003,-0.5471599999999768,True,False,3.042129613952254,-3.589289613952231,True,high_bin_residual_mad
2024-07-04 18:42:00,121.20058,121.20058,130.30469000000005,False,False,False,130.30469000000005,9.104110000000048,False,False,3.472979801864443,5.6311301981356054,True,high_bin_residual_mad
2024-07-04 18:44:00,116.78041,116.78041,123.84984000000004,False,False,False,123.84984000000004,7.06943000000004,False,False,3.265805602521442,3.8036243974785977,True,high_bin_residual_mad
2024-07-04 18:45:00,103.32843,103.32843,109.48962999999999,False,False,False,109.48962999999999,6.161199999999994,False,False,2.8412952193216197,3.319904780678374,True,high_bin_residual_mad
2024-07-04 18:48:00,58.34963,58.34963,63.184470000000005,False,False,False,63.184470000000005,4.834840000000007,False,False,1.8105822581291227,3.0242577418708843,True,high_bin_residual_mad
2024-07-05 18:30:00,267.28238,267.28238,284.2262600000001,False,False,False,284.2262600000001,16.943880000000092,False,False,11.325550903428082,5.61832909657201,True,high_bin_residual_mad
2024-07-06 03:33:00,273.85577,273.85577,289.47368000000006,False,False,False,289.47368000000006,15.617910000000052,False,False,11.660398213437572,3.9575117865624794,True,high_bin_residual_mad
2024-07-06 07:10:00,268.7831,268.7831,285.41194,False,False,False,285.41194,16.628840000000025,False,False,11.406030098683145,5.2228099013168805,True,high_bin_residual_mad
2024-07-07 19:46:00,96.40953,96.40953,101.93054,False,False,False,101.93054,5.52100999999999,False,False,2.60091217294157,2.9200978270584197,True,high_bin_residual_mad
2024-07-09 17:54:00,70.07732,70.07732,75.37384,False,False,False,75.37384,5.296520000000001,False,False,2.0574030227817723,3.2391169772182287,True,high_bin_residual_mad
2024-07-09 18:03:00,55.28997,55.28997,59.994360000000015,False,False,False,59.994360000000015,4.704390000000018,False,False,1.814406319022245,2.889983680977773,True,high_bin_residual_mad
2024-07-09 21:51:00,82.31773,82.31773,87.92381999999999,False,False,False,87.92381999999999,5.606089999999995,False,False,2.30385246972508,3.3022375302749145,True,high_bin_residual_mad
2024-07-09 21:59:00,72.180664,72.180664,78.96556999999996,False,False,False,78.96556999999996,6.784905999999964,False,False,2.100146258634304,4.68475974136566,True,high_bin_residual_mad
2024-07-09 22:07:00,102.92678,102.92678,101.71758000000001,False,False,False,101.71758000000001,-1.2091999999999814,True,False,2.5943042771523923,-3.8035042771523737,True,high_bin_residual_mad
2024-07-09 22:09:00,136.22853,136.22853,134.31178999999995,False,False,False,134.31178999999995,-1.9167400000000612,True,False,3.5781179614965337,-5.494857961496595,True,high_bin_residual_mad
2024-07-09 22:10:00,165.68,165.68,163.68903999999998,False,False,False,163.68903999999998,-1.9909600000000296,True,False,4.645369700920986,-6.636329700921015,True,high_bin_residual_mad
2024-07-13 04:06:00,252.3917,252.3917,255.86102,False,False,False,255.86102,3.4693200000000104,False,False,9.687190730834567,-6.217870730834557,True,high_bin_residual_mad
2024-07-13 05:25:00,268.05164,268.05164,284.48148999999995,False,False,False,284.48148999999995,16.42984999999993,False,False,11.352272606953596,5.077577393046335,True,high_bin_residual_mad
2024-07-13 10:07:00,85.40878,85.40878,85.06747999999997,False,False,False,85.06747999999997,-0.34130000000001814,True,False,2.2395150869185696,-2.5808150869185877,True,high_bin_residual_mad
2024-07-13 11:45:00,172.58215,172.58215,185.8874800000001,False,False,False,185.8874800000001,13.305330000000083,False,False,5.65813424956406,7.6471957504360235,True,high_bin_residual_mad
2024-07-13 21:03:00,20.059292,20.059292,24.48922,False,False,False,24.48922,4.429928,False,False,1.6931150226396525,2.736812977360348,True,high_bin_residual_mad
2024-07-14 09:04:00,59.75701,59.75701,63.140930000000004,False,False,False,63.140930000000004,3.3839200000000034,False,False,1.8081947823329014,1.575725217667102,True,high_bin_residual_mad
2024-07-15 10:07:00,119.840256,119.840256,119.19702000000001,False,False,False,119.19702000000001,-0.6432359999999875,True,False,3.109336017480265,-3.7525720174802526,True,high_bin_residual_mad
2024-07-15 10:23:00,167.6932,167.6932,165.25719999999998,False,False,False,165.25719999999998,-2.436000000000007,True,False,4.668684558191763,-7.10468455819177,True,high_bin_residual_mad
2024-07-16 18:15:00,59.632828,59.632828,63.1179,False,False,False,63.1179,3.4850719999999953,False,False,1.80693195349535,1.6781400465046452,True,high_bin_residual_mad
2024-07-16 18:18:00,49.828472,49.828472,53.77506,False,False,False,53.77506,3.9465880000000055,False,False,1.7578835020139119,2.1887044979860937,True,high_bin_residual_mad
2024-07-16 18:19:00,45.69683,45.69683,50.31436,False,False,False,50.31436,4.617530000000002,False,False,1.7269314127954007,2.890598587204601,True,high_bin_residual_mad
2024-07-16 18:20:00,42.60756,42.60756,46.90826000000001,False,False,False,46.90826000000001,4.300700000000013,False,False,1.6982626199621333,2.60243738003788,True,high_bin_residual_mad
2024-07-16 18:22:00,38.22644,38.22644,42.657959999999996,False,False,False,42.657959999999996,4.431519999999999,False,False,1.6637867196003897,2.767733280399609,True,high_bin_residual_mad
2024-07-16 18:23:00,34.53727,34.53727,39.4465,False,False,False,39.4465,4.909230000000001,False,False,1.6470554759808296,3.262174524019171,True,high_bin_residual_mad
2024-07-16 18:24:00,31.340351,31.340351,36.109559999999995,False,False,False,36.109559999999995,4.7692089999999965,False,False,1.6663012642855581,3.1029077357144383,True,high_bin_residual_mad
2024-07-16 18:25:00,31.334415,31.334415,35.34639000000001,False,False,False,35.34639000000001,4.011975000000007,False,False,1.6644737029467467,2.34750129705326,True,high_bin_residual_mad
2024-07-16 18:26:00,29.849958,29.849958,35.19271,False,False,False,35.19271,5.342751999999997,False,False,1.664105685825334,3.6786463141746633,True,high_bin_residual_mad
2024-07-16 18:27:00,26.386398,26.386398,30.097720000000002,False,False,False,30.097720000000002,3.7113220000000027,False,False,1.6361159869177293,2.0752060130822736,True,high_bin_residual_mad
2024-07-16 18:28:00,22.797428,22.797428,27.96745,False,False,False,27.96745,5.1700219999999995,False,False,1.6614793456689712,3.5085426543310283,True,high_bin_residual_mad
2024-07-16 18:29:00,21.430683,21.430683,25.78802,False,False,False,25.78802,4.357337000000001,False,False,1.6737279460767058,2.6836090539232953,True,high_bin_residual_mad
2024-07-16 18:30:00,19.921507,19.921507,23.830170000000003,False,False,False,23.830170000000003,3.908663000000004,False,False,1.7045584568274306,2.2041045431725736,True,high_bin_residual_mad
2024-07-16 19:24:00,93.55615,93.55615,92.95780000000002,False,False,False,92.95780000000002,-0.5983499999999822,True,False,2.3919671163065157,-2.990317116306498,True,high_bin_residual_mad
2024-07-16 19:28:00,112.17265,112.17265,118.99213000000003,False,False,False,118.99213000000003,6.819480000000027,False,False,3.1056074557704707,3.7138725442295564,True,high_bin_residual_mad
2024-07-16 19:34:00,104.22341,104.22341,111.05396,False,False,False,111.05396,6.830550000000002,False,False,2.884808164369547,3.9457418356304554,True,high_bin_residual_mad
2024-07-16 19:41:00,59.74852,59.74852,63.794419999999995,False,False,False,63.794419999999995,4.045899999999996,False,False,1.8440283045669963,2.2018716954329998,True,high_bin_residual_mad
2024-07-16 19:42:00,51.175327,51.175327,55.20621999999999,False,False,False,55.20621999999999,4.030892999999985,False,False,1.7736406994789462,2.2572523005210385,True,high_bin_residual_mad
2024-07-18 07:09:00,78.50984,78.50984,83.38153000000003,False,False,False,83.38153000000003,4.871690000000029,False,False,2.206035402309298,2.6656545976907315,True,high_bin_residual_mad
2024-07-18 07:11:00,62.302402,62.302402,69.23391000000001,False,False,False,69.23391000000001,6.931508000000008,False,False,1.9656513360529657,4.965856663947042,True,high_bin_residual_mad
2024-07-18 11:47:00,94.08354,94.08354,100.12036,False,False,False,100.12036,6.036820000000006,False,False,2.5733446581385064,3.4634753418614994,True,high_bin_residual_mad
2024-07-18 11:53:00,58.62084,58.62084,65.02629000000002,False,False,False,65.02629000000002,6.405450000000016,False,False,1.9100401112447378,4.495409888755278,True,high_bin_residual_mad
2024-07-18 12:09:00,60.408115,60.408115,65.09670000000001,False,False,False,65.09670000000001,4.68858500000001,False,False,1.9110234379134088,2.7775615620866017,True,high_bin_residual_mad
2024-07-18 12:29:00,104.84567,104.84567,102.13331,False,False,False,102.13331,-2.712360000000004,True,False,2.607203885137155,-5.319563885137159,True,high_bin_residual_mad
2024-07-18 12:31:00,123.52544,123.52544,121.62562,False,False,False,121.62562,-1.8998200000000054,True,False,3.1788257783933447,-5.07864577839335,True,high_bin_residual_mad
2024-07-18 21:46:00,13.784299,13.784299,17.92714,False,False,False,17.92714,4.142841000000001,False,False,1.8200995193534526,2.322741480646548,True,high_bin_residual_mad
2024-07-18 21:47:00,10.53174,10.53174,14.89585,False,False,False,14.89585,4.36411,False,False,1.9367632792516734,2.427346720748327,True,high_bin_residual_mad
2024-07-19 03:37:00,63.45902,63.45902,68.17665,False,False,False,68.17665,4.717629999999993,False,False,1.9537982698290268,2.763831730170966,True,high_bin_residual_mad
2024-07-19 03:39:00,40.202255,40.202255,44.652530000000006,False,False,False,44.652530000000006,4.450275000000005,False,False,1.6878165584221159,2.762458441577889,True,high_bin_residual_mad
2024-07-19 03:40:00,30.203007,30.203007,35.215360000000004,False,False,False,35.215360000000004,5.0123530000000045,False,False,1.6641599257251258,3.348193074274879,True,high_bin_residual_mad
2024-07-19 03:41:00,21.768103,21.768103,25.699240000000003,False,False,False,25.699240000000003,3.931137000000003,False,False,1.674916320312855,2.2562206796871482,True,high_bin_residual_mad
2024-07-19 03:42:00,13.370621,13.370621,18.490560000000006,False,False,False,18.490560000000006,5.119939000000006,False,False,1.7992424037952777,3.320696596204728,True,high_bin_residual_mad
2024-07-19 03:43:00,6.653693,6.653693,12.424080000000002,False,False,False,12.424080000000002,5.770387000000002,False,False,2.0846922898702127,3.6856947101297894,True,high_bin_residual_mad
2024-07-19 03:46:00,13.117088,13.117088,17.692389999999996,False,False,False,17.692389999999996,4.575301999999995,False,False,1.8287896756796067,2.7465123243203884,True,high_bin_residual_mad
2024-07-19 03:47:00,15.087585,15.087585,19.339090000000002,False,False,False,19.339090000000002,4.251505000000002,False,False,1.7744972674276698,2.477007732572332,True,high_bin_residual_mad
2024-07-19 03:49:00,22.967703,22.967703,27.354920000000007,False,False,False,27.354920000000007,4.387217000000007,False,False,1.658922362972753,2.728294637027254,True,high_bin_residual_mad
2024-07-19 03:54:00,55.652893,55.652893,60.755400000000016,False,False,False,60.755400000000016,5.102507000000017,False,False,1.797712613838215,3.3047943861618023,True,high_bin_residual_mad
2024-07-19 03:55:00,54.20519,54.20519,58.50092000000001,False,False,False,58.50092000000001,4.295730000000006,False,False,1.826303582773607,2.469426417226399,True,high_bin_residual_mad
2024-07-19 03:56:00,51.382637,51.382637,56.07611,False,False,False,56.07611,4.693472999999997,False,False,1.7839635738158985,2.9095094261840986,True,high_bin_residual_mad
2024-07-19 03:58:00,58.9952,58.9952,62.574549999999995,False,False,False,62.574549999999995,3.579349999999998,False,False,1.7771378567136153,1.8022121432863827,True,high_bin_residual_mad
2024-07-19 03:59:00,59.889153,59.889153,64.65103,False,False,False,64.65103,4.7618770000000055,False,False,1.8909997249115291,2.8708772750884766,True,high_bin_residual_mad
2024-07-19 06:36:00,119.75136,119.75136,127.40702,False,False,False,127.40702,7.6556599999999975,False,False,3.327511283624591,4.328148716375407,True,high_bin_residual_mad
2024-07-19 06:38:00,113.20128,113.20128,112.56924,False,False,False,112.56924,-0.6320400000000035,True,False,2.910562851660003,-3.5426028516600065,True,high_bin_residual_mad
2024-07-19 06:39:00,111.79284,111.79284,111.17650000000002,False,False,False,111.17650000000002,-0.6163399999999797,True,False,2.8868909341418485,-3.503230934141828,True,high_bin_residual_mad
2024-07-19 06:43:00,100.03387,100.03387,106.20434000000006,False,False,False,106.20434000000006,6.170470000000066,False,False,2.730018437602965,3.440451562397101,True,high_bin_residual_mad
2024-07-19 06:46:00,104.45326,104.45326,110.75476,False,False,False,110.75476,6.301500000000004,False,False,2.8770877205276513,3.424412279472353,True,high_bin_residual_mad
2024-07-19 06:47:00,97.42882,97.42882,103.56277,False,False,False,103.56277,6.133949999999999,False,False,2.6620544806776993,3.4718955193222993,True,high_bin_residual_mad
2024-07-19 06:59:00,84.38548,84.38548,91.37553,False,False,False,91.37553,6.9900499999999965,False,False,2.378773492863775,4.611276507136221,True,high_bin_residual_mad
2024-07-19 07:03:00,87.752365,87.752365,93.04915000000003,False,False,False,93.04915000000003,5.296785000000028,False,False,2.3934042297944322,2.903380770205596,True,high_bin_residual_mad
2024-07-19 07:13:00,97.25694,97.25694,95.81883000000003,False,False,False,95.81883000000003,-1.4381099999999662,True,False,2.4759801185235273,-3.9140901185234935,True,high_bin_residual_mad
2024-07-19 07:47:00,107.93791,107.93791,114.17749,False,False,False,114.17749,6.239580000000004,False,False,2.9435939203941057,3.295986079605898,True,high_bin_residual_mad
2024-07-19 10:13:00,17.378716,17.378716,22.7124,False,False,False,22.7124,5.333683999999998,False,False,1.7230571034843314,3.610626896515667,True,high_bin_residual_mad
2024-07-19 10:15:00,13.016207,13.016207,17.962259999999997,False,False,False,17.962259999999997,4.946052999999997,False,False,1.8187994201407818,3.1272535798592154,True,high_bin_residual_mad
2024-07-19 10:16:00,11.472136,11.472136,15.764970000000002,False,False,False,15.764970000000002,4.292834000000001,False,False,1.9014798399827513,2.39135416001725,True,high_bin_residual_mad
2024-07-19 10:20:00,40.83104,40.83104,45.07688999999999,False,False,False,45.07688999999999,4.24584999999999,False,False,1.693445432446865,2.552404567553125,True,high_bin_residual_mad
2024-07-19 10:22:00,50.351875,50.351875,54.67668,False,False,False,54.67668,4.324804999999998,False,False,1.7676475159693532,2.5571574840306446,True,high_bin_residual_mad
2024-07-19 10:28:00,169.6096,169.6096,166.52868,False,False,False,166.52868,-3.080919999999992,True,False,4.747360412268699,-7.828280412268691,True,high_bin_residual_mad
2024-07-19 10:42:00,137.92545,137.92545,147.63819,False,False,False,147.63819,9.712739999999997,False,False,4.079092477419168,5.633647522580828,True,high_bin_residual_mad
2024-07-19 10:44:00,107.013214,107.013214,114.95303,False,False,False,114.95303,7.939815999999993,False,False,2.960498531856084,4.979317468143909,True,high_bin_residual_mad
2024-07-19 10:46:00,69.70685,69.70685,75.78697,False,False,False,75.78697,6.080119999999994,False,False,2.064996013239257,4.015123986760736,True,high_bin_residual_mad
2024-07-19 10:47:00,52.034336,52.034336,59.895790000000005,False,False,False,59.895790000000005,7.861454000000002,False,False,1.816568489893671,6.044885510106331,True,high_bin_residual_mad
2024-07-19 10:48:00,46.509354,46.509354,53.75801,False,False,False,53.75801,7.248655999999997,False,False,1.7576988605486157,5.490957139451381,True,high_bin_residual_mad
2024-07-19 10:49:00,41.19397,41.19397,47.102489999999996,False,False,False,47.102489999999996,5.908519999999996,False,False,1.7002554986124747,4.2082645013875215,True,high_bin_residual_mad
2024-07-19 10:50:00,34.09151,34.09151,41.04070999999999,False,False,False,41.04070999999999,6.9491999999999905,False,False,1.667838271747315,5.2813617282526755,True,high_bin_residual_mad
2024-07-19 10:51:00,26.74913,26.74913,33.817519999999995,False,False,False,33.817519999999995,7.068389999999994,False,False,1.6496428191224288,5.418747180877565,True,high_bin_residual_mad
2024-07-19 10:52:00,20.18285,20.18285,25.203730000000004,False,False,False,25.203730000000004,5.020880000000005,False,False,1.681549022698012,3.3393309773019935,True,high_bin_residual_mad
2024-07-19 10:53:00,14.538897,14.538897,19.85643,False,False,False,19.85643,5.317532999999999,False,False,1.7660843691698644,3.5514486308301345,True,high_bin_residual_mad
2024-07-19 10:54:00,6.36745,6.36745,13.93291,False,False,False,13.93291,7.56546,False,False,1.991784077404042,5.573675922595958,True,high_bin_residual_mad
2024-07-19 12:06:00,56.747437,56.747437,60.683289999999985,False,False,False,60.683289999999985,3.9358529999999874,False,False,1.799294374430064,2.1365586255699234,True,high_bin_residual_mad
2024-07-19 20:00:00,68.78657,68.78657,68.28758,False,False,False,68.28758,-0.49898999999999205,True,False,1.9553252616956898,-2.454315261695682,True,high_bin_residual_mad
2024-07-20 13:00:00,117.85698,117.85698,126.06043999999997,False,False,False,126.06043999999997,8.203459999999978,False,False,3.2885966566508973,4.914863343349081,True,high_bin_residual_mad
2024-07-20 13:01:00,106.86306,106.86306,115.31685000000002,False,False,False,115.31685000000002,8.453790000000012,False,False,2.9734160834487757,5.480373916551237,True,high_bin_residual_mad
2024-07-20 13:04:00,87.99526,87.99526,95.59951999999997,False,False,False,95.59951999999997,7.604259999999968,False,False,2.4691953115475758,5.135064688452392,True,high_bin_residual_mad
2024-07-20 13:05:00,80.26857,80.26857,88.76821000000002,False,False,False,88.76821000000002,8.499640000000028,False,False,2.3267639330351106,6.172876066964918,True,high_bin_residual_mad
2024-07-20 13:06:00,70.67038,70.67038,75.75074000000002,False,False,False,75.75074000000002,5.080360000000027,False,False,2.0643301355632846,3.0160298644367427,True,high_bin_residual_mad
2024-07-20 13:07:00,65.41839,65.41839,70.41369000000002,False,False,False,70.41369000000002,4.9953000000000145,False,False,1.9678611430309758,3.027438856969039,True,high_bin_residual_mad
2024-07-20 13:10:00,63.378975,63.378975,68.27280999999999,False,False,False,68.27280999999999,4.893834999999996,False,False,1.955121947264331,2.9387130527356646,True,high_bin_residual_mad
2024-07-20 13:11:00,66.59361,66.59361,72.44410999999998,False,False,False,72.44410999999998,5.8504999999999825,False,False,2.0030081366132264,3.847491863386756,True,high_bin_residual_mad
2024-07-20 13:15:00,139.93413,139.93413,134.82782999999998,False,False,False,134.82782999999998,-5.106300000000033,True,False,3.6016927872445574,-8.70799278724459,True,high_bin_residual_mad
2024-07-20 13:53:00,78.72043,78.72043,84.04822999999998,False,False,False,84.04822999999998,5.327799999999982,False,False,2.2192665181452362,3.108533481854746,True,high_bin_residual_mad
2024-07-20 13:54:00,70.74607,70.74607,76.28381,False,False,False,76.28381,5.537739999999999,False,False,2.0741275248188975,3.463612475181102,True,high_bin_residual_mad
2024-07-20 13:57:00,58.312626,58.312626,62.967690000000005,False,False,False,62.967690000000005,4.655064000000003,False,False,1.7986953265006245,2.8563686734993787,True,high_bin_residual_mad
2024-07-20 14:00:00,46.37762,46.37762,50.70619000000002,False,False,False,50.70619000000002,4.3285700000000205,False,False,1.726153584523188,2.6024164154768323,True,high_bin_residual_mad
2024-07-20 14:01:00,42.487755,42.487755,46.90018,False,False,False,46.90018,4.412424999999999,False,False,1.698241366542495,2.714183633457504,True,high_bin_residual_mad
2024-07-20 22:19:00,16.740255,16.740255,16.064950000000003,False,False,False,16.064950000000003,-0.675304999999998,True,False,1.8900375571442516,-2.5653425571442496,True,high_bin_residual_mad
2024-07-22 06:48:00,128.31027,128.31027,136.26962999999998,False,False,False,136.26962999999998,7.959359999999975,False,False,3.634640106476211,4.324719893523764,True,high_bin_residual_mad
2024-07-23 05:07:00,163.2128,163.2128,175.78657000000004,False,False,False,175.78657000000004,12.573770000000053,False,False,5.181016690169093,7.39275330983096,True,high_bin_residual_mad
2024-07-23 09:34:00,162.13936,162.13936,175.7016099999999,False,False,False,175.7016099999999,13.562249999999892,False,False,5.176304721705009,8.385945278294884,True,high_bin_residual_mad
2024-07-23 10:43:00,126.59819,126.59819,135.45997000000003,False,False,False,135.45997000000003,8.861780000000024,False,False,3.6185933423763736,5.243186657623651,True,high_bin_residual_mad
2024-07-23 10:45:00,128.62701,128.62701,136.94955,False,False,False,136.94955,8.322539999999975,False,False,3.6481155354794494,4.674424464520525,True,high_bin_residual_mad
2024-07-23 11:04:00,97.20933,97.20933,103.0497,False,False,False,103.0497,5.840370000000007,False,False,2.636754013414183,3.2036159865858242,True,high_bin_residual_mad
2024-07-23 11:54:00,91.91431,91.91431,97.5739,False,False,False,97.5739,5.659589999999994,False,False,2.5306606063435773,3.128929393656417,True,high_bin_residual_mad
2024-07-24 05:44:00,128.7255,128.7255,137.48825,False,False,False,137.48825,8.762749999999983,False,False,3.6654283323882524,5.09732166761173,True,high_bin_residual_mad
2024-07-24 05:50:00,121.606384,121.606384,129.14253000000002,False,False,False,129.14253000000002,7.536146000000016,False,False,3.4466643940121555,4.089481605987861,True,high_bin_residual_mad
2024-07-24 09:13:00,213.66249,213.66249,209.52810999999994,False,False,False,209.52810999999994,-4.13438000000005,True,False,6.785683666076766,-10.920063666076816,True,high_bin_residual_mad
2024-07-24 11:06:00,201.21658,201.21658,194.11283,False,False,False,194.11283,-7.103749999999991,True,False,5.994081621948113,-13.097831621948103,True,high_bin_residual_mad
2024-07-24 12:18:00,190.72588,190.72588,187.82607000000002,False,False,False,187.82607000000002,-2.899809999999974,True,False,5.707352775031531,-8.607162775031505,True,high_bin_residual_mad
2024-07-24 21:03:00,129.48851,129.48851,137.79726000000005,False,False,False,137.79726000000005,8.30875000000006,False,False,3.675601852072526,4.633148147927534,True,high_bin_residual_mad
2024-07-24 21:26:00,128.29192,128.29192,136.58167999999998,False,False,False,136.58167999999998,8.289759999999973,False,False,3.640824668807751,4.648935331192222,True,high_bin_residual_mad
2024-07-24 21:44:00,159.56004,159.56004,171.21824,False,False,False,171.21824,11.658200000000022,False,False,4.969545254089896,6.688654745910126,True,high_bin_residual_mad
2024-07-24 22:11:00,145.76021,145.76021,155.64548000000002,False,False,False,155.64548000000002,9.88527000000002,False,False,4.3096531827662155,5.575616817233804,True,high_bin_residual_mad
2024-07-24 23:14:00,162.02359,162.02359,174.33920000000003,False,False,False,174.33920000000003,12.31561000000002,False,False,5.121481621118837,7.194128378881183,True,high_bin_residual_mad
2024-07-24 23:32:00,154.08563,154.08563,167.90182000000004,False,False,False,167.90182000000004,13.816190000000034,False,False,4.82873924602866,8.987450753971373,True,high_bin_residual_mad
2024-07-24 23:50:00,159.67476,159.67476,171.95277999999996,False,False,False,171.95277999999996,12.27801999999997,False,False,5.017920161076611,7.260099838923359,True,high_bin_residual_mad
2024-07-24 23:57:00,148.24347,148.24347,161.63253999999998,False,False,False,161.63253999999998,13.389069999999975,False,False,4.626050836444576,8.763019163555398,True,high_bin_residual_mad
2024-07-25 00:04:00,188.67798,188.67798,187.10986000000005,False,False,False,187.10986000000005,-1.5681199999999365,True,False,5.6822414650558235,-7.25036146505576,True,high_bin_residual_mad
2024-07-25 08:52:00,181.07327,181.07327,179.4495799999999,False,False,False,179.4495799999999,-1.6236900000000958,True,False,5.394309067339962,-7.017999067340058,True,high_bin_residual_mad
2024-07-29 04:43:00,180.53168,180.53168,179.62516000000002,False,False,False,179.62516000000002,-0.906519999999972,True,False,5.396262500454932,-6.302782500454904,True,high_bin_residual_mad
